target,n_stocks,stocks,validation_correlation,validation_r_squared,validation_tracking_error,test_correlation,test_r_squared,test_tracking_error,test_rmse,test_target_volatility,test_basket_volatility,test_volatility_reduction,test_target_final_wealth,test_basket_final_wealth,test_target_max_drawdown,test_basket_max_drawdown
CVX,2,EOG|COP,0.8354822608484793,0.5813321430646652,0.010168033813179841,0.8205212290267533,0.5255658994883307,0.009937963907172841,0.009920242361623534,0.2290430498248491,0.27595192716921907,-0.20480375798454276,142.36332202095844,140.0926714490732,-0.20821596021767708,-0.17366048705214587
CVX,2,EOG|HAL,0.8361720217934173,0.5523290409609277,0.010509017874247345,0.79748575830571,0.501993141678215,0.01018199706663421,0.010163703706049408,0.2290430498248491,0.2664979811519323,-0.16352791038944536,142.36332202095844,141.29551046407104,-0.20821596021767708,-0.14748568216253144
CVX,2,EOG|CNQ,0.8159135357999115,0.5796708278763,0.010190927427591808,0.7767745317747351,0.44182948771845654,0.010779538217920931,0.010760136451539552,0.2290430498248491,0.2699743976810471,-0.17870591527443636,142.36332202095844,142.7001924827816,-0.20821596021767708,-0.15851705456365084
CVX,2,EOG|DVN,0.8048689174473949,0.526784781647907,0.010813000531822315,0.7737983294089202,0.4043511673786272,0.011132155985449267,0.01111551224852309,0.2290430498248491,0.2781288054849971,-0.21430799012536816,142.36332202095844,131.89436458072788,-0.20821596021767708,-0.18511210181133675
CVX,2,EOG|FANG,0.8048689174473949,0.526784781647907,0.010813000531822315,0.7737983294089202,0.4043511673786272,0.011132155985449267,0.01111551224852309,0.2290430498248491,0.2781288054849971,-0.21430799012536816,142.36332202095844,131.89436458072785,-0.20821596021767708,-0.18511210181133675
CVX,2,EOG|SU,0.8281838069262484,0.6084862094170034,0.009834767014031553,0.7887810145957048,0.5116449186723817,0.010082871121545081,0.010064731406620751,0.2290430498248491,0.2568124008728163,-0.1212407495848602,142.36332202095844,142.96101690986393,-0.20821596021767708,-0.1494750573628838
CVX,2,EOG|CVE,0.8262889501786391,0.5636301377305506,0.010382590961445226,0.7740280120756438,0.39821159734753053,0.011191775468654791,0.011172651209854601,0.2290430498248491,0.27992093964554027,-0.22213243256932635,142.36332202095844,148.47437134449848,-0.20821596021767708,-0.15448170890490276
CVX,2,EOG|KMI,0.7972074542448564,0.5964384072381661,0.00997662951631712,0.7906444277382767,0.5811733855101526,0.009329312122611332,0.009320763095816595,0.2290430498248491,0.22869981645714352,0.0014985539529274172,142.36332202095844,127.66569982778566,-0.20821596021767708,-0.14027563095306428
CVX,2,EOG|PSX,0.8493728192325246,0.6364737597654329,0.009477406756872326,0.8062786555599699,0.539057272457715,0.009793411564623338,0.0097781752745597,0.2290430498248491,0.26091405394016587,-0.13914853185760823,142.36332202095844,151.1883089534014,-0.20821596021767708,-0.1458470922384354
CVX,2,EOG|WMB,0.7863795941275701,0.5730257900522169,0.010263243296978718,0.775415758038862,0.5478325931200652,0.009696739751558284,0.009684650695111995,0.2290430498248491,0.2303014128341466,-0.00549400215487772,142.36332202095844,130.15984441552544,-0.20821596021767708,-0.13399474858917015
CVX,2,EOG|TRGP,0.8012297502036959,0.5388548115973787,0.010668482682846677,0.7848748534857388,0.5032390461440834,0.010169285997865712,0.010150982060186558,0.2290430498248491,0.25669219600241006,-0.12071593614695786,142.36332202095844,142.07482663978794,-0.20821596021767708,-0.14333418915301166
CVX,2,EOG|OKE,0.8135276399418799,0.5801377016467439,0.01018504673877858,0.7911819007947141,0.5144184529943372,0.010049315026960489,0.010036110197858937,0.2290430498248491,0.25755091298167093,-0.12446508714681359,142.36332202095844,130.49501152692574,-0.20821596021767708,-0.15654902665642767
CVX,2,EOG|MPC,0.8389016039747367,0.6251609133236505,0.009623687890643582,0.7874524943086258,0.4855970509789058,0.010346215543279132,0.010329660759880517,0.2290430498248491,0.2642910349540428,-0.15389240213203648,142.36332202095844,150.78769625900384,-0.20821596021767708,-0.1519175035076995
CVX,2,EOG|SLB,0.8340454897471348,0.5941793255251302,0.010013388208311115,0.7854520468427247,0.501784993513835,0.010183021341795022,0.01016582750738345,0.2290430498248491,0.25758758993028535,-0.1246252183913219,142.36332202095844,136.47032712788908,-0.20821596021767708,-0.14619757490846674
CVX,2,COP|HAL,0.8347341695324257,0.44428693622089066,0.011680337800219374,0.8023331282624796,0.4416838919064119,0.010775750990019676,0.010761539722243932,0.2290430498248491,0.28658759418207375,-0.2512389893569327,142.36332202095844,156.2189574527989,-0.20821596021767708,-0.20957930543083758
CVX,2,COP|CNQ,0.8169962975578419,0.49933138323611137,0.01110847041737672,0.8114311424659932,0.4795069566575856,0.010403659450652483,0.010390628048691033,0.2290430498248491,0.2825790748926891,-0.23373782836361712,142.36332202095844,156.6515706204515,-0.20821596021767708,-0.22067686179286305
CVX,2,COP|DVN,0.8082099982460487,0.40151789150375516,0.012143367216628868,0.8098641372741833,0.4160206129255437,0.01102363094696953,0.011006090841716717,0.2290430498248491,0.2976113867303013,-0.2993687735030026,142.36332202095844,151.56145818834392,-0.20821596021767708,-0.22292916734646762
CVX,2,COP|FANG,0.8069546123877723,0.398879957994245,0.012170433449420358,0.809488912084579,0.4145439191316681,0.011037582213112936,0.011019997466650566,0.2290430498248491,0.2977289949716503,-0.29988225008061065,142.36332202095844,151.5271464711084,-0.20821596021767708,-0.22294195758336854
CVX,2,COP|SU,0.8249909313185265,0.5127183116955654,0.010963986679922733,0.82340858934262,0.5405302380217898,0.009773813266829646,0.009762539448969793,0.2290430498248491,0.27333472665419734,-0.19337708288122424,142.36332202095844,156.96598093572987,-0.20821596021767708,-0.2160783262310717
CVX,2,COP|CVE,0.8178819044608483,0.43555361341642884,0.011790174799678014,0.8136414009509506,0.4409994479829499,0.01078047146520127,0.010768134028173976,0.2290430498248491,0.29385775573438755,-0.28298045262278304,142.36332202095844,158.6716951712304,-0.20821596021767708,-0.2094350729171952
CVX,2,COP|KMI,0.7962905590881202,0.5587139776929735,0.010442014509921374,0.8206046338838895,0.633267927537074,0.00873726932384971,0.008721853356469644,0.2290430498248491,0.23381833129272156,-0.02084883811809246,142.36332202095844,139.470153998245,-0.20821596021767708,-0.17425580449705758
CVX,2,COP|PSX,0.8372739114680846,0.5200059024369341,0.010877625105227056,0.8328562483404541,0.5571209388510998,0.009587080329540114,0.009584664333874813,0.2290430498248491,0.27496495717769137,-0.20049465542813505,142.36332202095844,165.10992693269856,-0.20821596021767708,-0.1837237617955113
CVX,2,COP|WMB,0.7813691880864609,0.5177150233087376,0.010916294043045312,0.7998124292171938,0.5829024627879595,0.009318258478436378,0.009301503350689045,0.2290430498248491,0.23777667860097124,-0.038130948670133336,142.36332202095844,143.1177240310025,-0.20821596021767708,-0.16298215209195988
CVX,2,COP|TRGP,0.8007907328757381,0.4511705518883353,0.011644285357272435,0.811672074076229,0.5230590601906475,0.009956567334414627,0.00994641637564061,0.2290430498248491,0.2700659351716257,-0.17910556717676918,142.36332202095844,158.80477965995192,-0.20821596021767708,-0.1639032592816504
CVX,2,COP|OKE,0.8095700041785214,0.49242393319365296,0.011190591886244895,0.825808396432912,0.5664936322205647,0.009499683237271442,0.009482701386521056,0.2290430498248491,0.2669714442798019,-0.16559504636336664,142.36332202095844,144.25838218562538,-0.20821596021767708,-0.18710835644298673
CVX,2,COP|MPC,0.8240648422333333,0.4913666797658218,0.011199794235143869,0.8230398257947448,0.5222488754212855,0.00995949129315109,0.009954860833906511,0.2290430498248491,0.27835661923512195,-0.21530262301337366,142.36332202095844,164.24861748182687,-0.20821596021767708,-0.16835405686382798
CVX,2,COP|SLB,0.829513705163361,0.4799896669229953,0.011316590942173702,0.8069616695596333,0.4788107960119853,0.010413184371860763,0.010397574471239816,0.2290430498248491,0.2798368430740902,-0.22176526765637927,142.36332202095844,152.8361770170677,-0.20821596021767708,-0.21263106650112684
CVX,2,HAL|CNQ,0.7977186947643504,0.3679070570961551,0.012460361431306093,0.7109095265558134,0.2267242279805649,0.012672358395511908,0.012664893312768396,0.2290430498248491,0.2833314655035796,-0.2370227593469667,142.36332202095844,169.29824377604393,-0.20821596021767708,-0.21645574266050316
CVX,2,HAL|DVN,0.8391645654660007,0.22211948677198834,0.013790533635911244,0.7331916640436515,0.17413032575775966,0.013104307952365505,0.013088506520391938,0.2290430498248491,0.3058264656459886,-0.33523573790977856,142.36332202095844,161.4008101494776,-0.20821596021767708,-0.21360557198824315
CVX,2,HAL|FANG,0.8188403064982438,0.18011432694032958,0.014170142193045793,0.7101797125525205,0.16545001047092067,0.013173242027578469,0.013157110196184143,0.2290430498248491,0.2958111314956057,-0.2915088745186314,142.36332202095844,161.18327960128178,-0.20821596021767708,-0.20237726755369156
CVX,2,HAL|SU,0.8178898459154217,0.41086429453901263,0.012041249643403343,0.6972386712191548,0.2455386109872657,0.012514239746121834,0.012509871350628468,0.2290430498248491,0.2715341111035969,-0.1855156107606888,142.36332202095844,171.6917737396127,-0.20821596021767708,-0.2274680239550092
CVX,2,HAL|CVE,0.8016013994695564,0.16620734871962484,0.014290656554249551,0.6873608661842484,0.024589032467872474,0.01420718130270908,0.014224209866613475,0.2290430498248491,0.30971727283764144,-0.3522229688894054,142.36332202095844,193.29317669968356,-0.20821596021767708,-0.22923162903144167
CVX,2,HAL|KMI,0.7601600172374109,0.40765480287516276,0.012093984463685621,0.6426142560772065,0.24230468921384007,0.012559234470435419,0.012536653824872016,0.2290430498248491,0.24180217422937228,-0.055706228214652986,142.36332202095844,143.42064903840486,-0.20821596021767708,-0.1945560538650697
CVX,2,HAL|PSX,0.8212946550267927,0.3193549664816363,0.012929077407756897,0.7016759748834064,0.17083371183957985,0.01310879663575068,0.013114603119977407,0.2290430498248491,0.2898344576710299,-0.2654147676284804,142.36332202095844,181.7058772429647,-0.20821596021767708,-0.15378059343226513
CVX,2,HAL|WMB,0.7467845726716796,0.3685434380770274,0.012485790785863326,0.6072138476499827,0.13978710322173782,0.013381126503872022,0.013357872960521466,0.2290430498248491,0.24863972967520281,-0.08555893691312377,142.36332202095844,148.39845924624916,-0.20821596021767708,-0.20946028711392062
CVX,2,HAL|TRGP,0.7671888040268133,0.20978815827486452,0.013967610149119894,0.6553658718001183,0.09043380358462472,0.013742658024748234,0.01373572191888459,0.2290430498248491,0.28301401770528756,-0.23563678496994545,142.36332202095844,172.90397617920328,-0.20821596021767708,-0.18843754971369386
CVX,2,HAL|OKE,0.7858200390086311,0.30351747305696697,0.013087708223365196,0.6764599147135282,0.1629022657319571,0.013199863624373588,0.013177178145484594,0.2290430498248491,0.27924763246253137,-0.2191927791569055,142.36332202095844,149.18843714523751,-0.20821596021767708,-0.19643303194610506
CVX,2,HAL|MPC,0.8088841598602935,0.29781233208045155,0.013136230841775003,0.668746991659621,0.04074310842201745,0.014101142387905845,0.014105932394672793,0.2290430498248491,0.29846168402342704,-0.3030811642250786,142.36332202095844,183.96431310287667,-0.20821596021767708,-0.15371757209690418
CVX,2,HAL|SLB,0.7716055874425922,-0.10981627889796552,0.016484020578730475,0.5864392059958919,-0.5554402063103578,0.01798556307080029,0.017962260663800817,0.2290430498248491,0.3513409689217873,-0.5339516706158964,142.36332202095844,166.84961400096728,-0.20821596021767708,-0.2713068908367927
CVX,2,CNQ|DVN,0.8112108271364761,0.3758088212973877,0.012393761855650554,0.7371292746409059,0.22372196238385667,0.012702327609770362,0.012689455402784237,0.2290430498248491,0.2980794325113135,-0.3014122573867972,142.36332202095844,163.75382468583868,-0.20821596021767708,-0.21781180032837455
CVX,2,CNQ|FANG,0.78311628489839,0.3112667049521066,0.01302658339365377,0.7182875626361113,0.23378155699519598,0.012619802188214476,0.012606967543334385,0.2290430498248491,0.285923382462288,-0.2483390466592883,142.36332202095844,163.5521129939956,-0.20821596021767708,-0.18847910832394688
CVX,2,CNQ|SU,0.6878340467261373,0.1703437205797319,0.014313970350959007,0.6530936225731082,-0.01391578872404442,0.014512575355656141,0.014502246311213952,0.2290430498248491,0.3012122764179595,-0.315090227135461,142.36332202095844,171.82950793005557,-0.20821596021767708,-0.21434390653154167
CVX,2,CNQ|CVE,0.6878340467261373,0.1703437205797318,0.014313970350959007,0.6530936225731082,-0.01391578872404442,0.014512575355656141,0.014502246311213952,0.2290430498248491,0.3012122764179595,-0.315090227135461,142.36332202095844,171.82950793005557,-0.20821596021767708,-0.21434390653154167
CVX,2,CNQ|KMI,0.6956696541833961,0.4164011216023288,0.012000659615499887,0.6977821946506372,0.4319822563022736,0.0108739571214822,0.01085463652237166,0.2290430498248491,0.21348431383970015,0.06792930847300027,142.36332202095844,145.33566682448043,-0.20821596021767708,-0.15058467974486667
CVX,2,CNQ|PSX,0.8039276646617208,0.5108945760628916,0.010989298790417568,0.7515589369545275,0.40125788753800884,0.011124517586325725,0.011144337005901103,0.2290430498248491,0.2635585512676228,-0.15069438461096252,142.36332202095844,184.95885987116785,-0.20821596021767708,-0.15999812241639155
CVX,2,CNQ|WMB,0.664828105406176,0.346223048393164,0.01270345638774118,0.6522539097030318,0.3281802934621023,0.01182447172554127,0.01180485626548061,0.2290430498248491,0.22075307052782706,0.03619397883219533,142.36332202095844,150.4444284133027,-0.20821596021767708,-0.15270272037516208
CVX,2,CNQ|TRGP,0.720214263842184,0.32987920310985785,0.012863399178396616,0.694389318727645,0.2864866441077988,0.012163782074756848,0.012165651951310237,0.2290430498248491,0.25964287128726604,-0.13359855924821495,142.36332202095844,175.85914366892106,-0.20821596021767708,-0.15152597411844038
CVX,2,CNQ|OKE,0.746210888622368,0.4325691691124005,0.01184007618580798,0.7183195066386068,0.36122796804256785,0.011529505996488656,0.01151084697457253,0.2290430498248491,0.2545613722233413,-0.11141277772019809,142.36332202095844,151.32799072671133,-0.20821596021767708,-0.16315360529312772
CVX,2,CNQ|MPC,0.7757986114944111,0.4582856707083127,0.011567622557344137,0.7081258872845944,0.2592049058630914,0.012379363978541476,0.012396051814472996,0.2290430498248491,0.2738334363637698,-0.19555444521530863,142.36332202095844,187.06046870693368,-0.20821596021767708,-0.14556231341981585
CVX,2,CNQ|SLB,0.7767382090127611,0.40936822898736,0.012071708916947454,0.681149532023547,0.2540114666272836,0.012447846760056511,0.012439427981075023,0.2290430498248491,0.26054161555174,-0.13752246903356413,142.36332202095844,167.727963431065,-0.20821596021767708,-0.20297161786248918
CVX,2,DVN|FANG,0.831982530622156,0.17465175849651005,0.014231845368954502,0.7299018764758292,0.11512915496681952,0.013568579761437266,0.013547971585876957,0.2290430498248491,0.31510760078107924,-0.37575709466864127,142.36332202095844,155.6778594758461,-0.20821596021767708,-0.20078827576974645
CVX,2,DVN|SU,0.8359973900893484,0.43534270144675224,0.01179839993510144,0.7462995623531602,0.32727512750551424,0.011821605360290924,0.011812806134430356,0.2290430498248491,0.2803653064791147,-0.2240725343707748,142.36332202095844,165.555602478499,-0.20821596021767708,-0.2143659957579046
CVX,2,DVN|CVE,0.8240955348081043,0.20497954285714137,0.013968039394992648,0.7256908373683454,0.05282673358179435,0.014009517088069693,0.01401680559501907,0.2290430498248491,0.3231402138025352,-0.4108274145390698,142.36332202095844,185.60413328417073,-0.20821596021767708,-0.2019716353954759
CVX,2,DVN|KMI,0.7983018819083592,0.49810607155282105,0.011135535904472514,0.7371003090814784,0.45151272318789604,0.010684939126266047,0.010666393782850935,0.2290430498248491,0.23819910504839656,-0.039975258932978486,142.36332202095844,137.64354066461075,-0.20821596021767708,-0.15520549864645417
CVX,2,DVN|PSX,0.8481606241285579,0.3835886455626263,0.012314199262409122,0.7775626279639694,0.37083422302745195,0.011420033557170127,0.01142396541934681,0.2290430498248491,0.28819685414580415,-0.25826500461895874,142.36332202095844,175.2516022818104,-0.20821596021767708,-0.15892866537237604
CVX,2,DVN|WMB,0.7789161159937819,0.4456901123993223,0.01170239280137093,0.7020614353100602,0.36567751452844255,0.01149137037102784,0.011470685890818046,0.2290430498248491,0.24249476427082994,-0.05873007042242695,142.36332202095844,142.0907260688698,-0.20821596021767708,-0.14224371661044188
CVX,2,DVN|TRGP,0.7997161693375678,0.2781007881122488,0.013353361583167168,0.7229431929686649,0.23230459319710428,0.012629995594273672,0.012619112298182926,0.2290430498248491,0.2886945853108558,-0.26043809463601986,142.36332202095844,165.73618548725932,-0.20821596021767708,-0.14441096606796644
CVX,2,DVN|OKE,0.819967015269263,0.3869001629525014,0.012288050895366104,0.7438353867858789,0.30649427668729523,0.012015482460606299,0.011993870596238434,0.2290430498248491,0.28415533109456736,-0.2406197494831781,142.36332202095844,143.19231481314893,-0.20821596021767708,-0.16734698651361546
CVX,2,DVN|MPC,0.835105067251774,0.34465905547900266,0.012700921319673078,0.7491379266193743,0.25651039380767593,0.012417449460359374,0.012418575582232616,0.2290430498248491,0.29743111454512616,-0.29858170668166495,142.36332202095844,176.01662978936147,-0.20821596021767708,-0.1510018069118123
CVX,2,DVN|SLB,0.8583368313794622,0.3679791726168423,0.012450856316387588,0.7131716109120771,0.19535442695310135,0.012937443332813967,0.012919230511633174,0.2290430498248491,0.29141197993789114,-0.2723022163769475,142.36332202095844,157.44255792661278,-0.20821596021767708,-0.20809948106323728
CVX,2,FANG|SU,0.8085643404639835,0.3778001835945973,0.012390666154484208,0.7269206329764573,0.3389735492193502,0.011718355069115595,0.011709645654438432,0.2290430498248491,0.26581801946817774,-0.1605592034835841,142.36332202095844,165.35047111511065,-0.20821596021767708,-0.20128652059592045
CVX,2,FANG|CVE,0.7957587952832985,0.13624961633396726,0.014571273704940503,0.7023487838323246,0.06420742570016624,0.013923942503400307,0.013932342153473463,0.2290430498248491,0.31011496807123096,-0.3539593028837946,142.36332202095844,186.17267968604858,-0.20821596021767708,-0.19533870248564655
CVX,2,FANG|KMI,0.7554839112455523,0.40691007540419266,0.012105532270304312,0.7114055995450882,0.4401047835945965,0.010795261750729961,0.010776747628293969,0.2290430498248491,0.221739078821153,0.03188907504192551,142.36332202095844,136.9000425000618,-0.20821596021767708,-0.13077062548525642
CVX,2,FANG|PSX,0.8338546747613751,0.3815763952116765,0.012340600834290635,0.7612598925625405,0.39055160132751,0.01123941985554832,0.01124353313796827,0.2290430498248491,0.27322952656750044,-0.19291778020088812,142.36332202095844,174.85687618262642,-0.20821596021767708,-0.1348871565453692
CVX,2,FANG|WMB,0.7325787390299286,0.3448214462136787,0.012723433965237566,0.6704466472267695,0.3486868926195338,0.011644228948678465,0.01162329454075807,0.2290430498248491,0.2262832158566043,0.01204941154230732,142.36332202095844,141.36947108519234,-0.20821596021767708,-0.13184865755528408
CVX,2,FANG|TRGP,0.761360110637004,0.19074227321880632,0.014140477685131455,0.7009030211962036,0.26004174968826554,0.012398867506203682,0.012389048197147074,0.2290430498248491,0.27031784437370193,-0.18020540060227086,142.36332202095844,166.1788183855651,-0.20821596021767708,-0.12908295641524736
CVX,2,FANG|OKE,0.7827733820698827,0.2999722291780025,0.013139193522388367,0.7245686636385871,0.3320285113135466,0.011792226394941098,0.011770998298717694,0.2290430498248491,0.2665725718043826,-0.1638535725411996,142.36332202095844,142.4068281039754,-0.20821596021767708,-0.14342576243163518
CVX,2,FANG|MPC,0.813673765005524,0.3191436763669241,0.01295318488790724,0.7229276826556101,0.2554288226384742,0.01242680796834557,0.01242760509115028,0.2290430498248491,0.28336006068584646,-0.23714760566860238,142.36332202095844,175.7814128633413,-0.20821596021767708,-0.12417523613957526
CVX,2,FANG|SLB,0.8312480805107264,0.3114390109558848,0.013008438083839198,0.6900015007976438,0.21135496607968007,0.012808355306383835,0.012790134766212049,0.2290430498248491,0.27575809042955274,-0.20395746843410856,142.36332202095844,156.98642426818563,-0.20821596021767708,-0.19125333104866282
CVX,2,SU|CVE,0.773082711770809,0.37292596135186307,0.01244675297143623,0.6711478657952417,0.15390318363963873,0.013222172042152478,0.013247818349263656,0.2290430498248491,0.2771144971455654,-0.20987952857542225,142.36332202095844,195.6430498402221,-0.20821596021767708,-0.22556480131839785
CVX,2,SU|KMI,0.7107910420547652,0.45428530340124584,0.011582562152695998,0.6788048081283786,0.4379444054719662,0.0108167171167365,0.01079751886714767,0.2290430498248491,0.19006258415539218,0.17018838030346506,142.36332202095844,145.43932922400165,-0.20821596021767708,-0.1570744193380198
CVX,2,SU|PSX,0.8229376097528454,0.5528356357001472,0.010511305503685536,0.744435605385021,0.44002135516375773,0.0107473150604858,0.010777550504999917,0.2290430498248491,0.2461344931623347,-0.07462109568727615,142.36332202095844,189.70116798424988,-0.20821596021767708,-0.15557893492892716
CVX,2,SU|WMB,0.6759724033459704,0.38179906807871744,0.0123322182261509,0.611049146485461,0.30422082435680875,0.012033415183040014,0.012013513680357768,0.2290430498248491,0.2001021871006983,0.1263555595608865,142.36332202095844,150.74075548753436,-0.20821596021767708,-0.15863556368321285
CVX,2,SU|TRGP,0.7353404200138746,0.3656964834969799,0.01249587944595952,0.6825384751306023,0.3356460345594633,0.011729991453910599,0.011739081016448915,0.2290430498248491,0.23789004339563063,-0.03862589839572461,142.36332202095844,179.88942824292334,-0.20821596021767708,-0.15631545599863073
CVX,2,SU|OKE,0.7646604745838601,0.47820420465847546,0.01135243713317395,0.7139003379982385,0.4202083687577348,0.01098387271288103,0.010966557127134088,0.2290430498248491,0.23191519852145837,-0.012539776687420234,142.36332202095844,151.85393102235318,-0.20821596021767708,-0.17076118223444492
CVX,2,SU|MPC,0.7969227312622112,0.508034112647185,0.011024044111047545,0.6959004776004505,0.3077132456620141,0.011955809093582816,0.011983325199326395,0.2290430498248491,0.2540804026373827,-0.10931286861434919,142.36332202095844,192.37689447438763,-0.20821596021767708,-0.15312932279563507
CVX,2,SU|SLB,0.8204436029594631,0.5342932053275194,0.01072645864082265,0.6590829829995647,0.2850710123828202,0.012182125309483496,0.012177714478870207,0.2290430498248491,0.2388535719726723,-0.04283265593662566,142.36332202095844,170.70047339853963,-0.20821596021767708,-0.21881631268472945
CVX,2,CVE|KMI,0.7270647511201055,0.40962690453350625,0.012076437080987044,0.6734964141503735,0.33871478926326937,0.011718351331413615,0.011711937310790645,0.2290430498248491,0.23133046461138343,-0.009986833428403674,142.36332202095844,167.56246911956964,-0.20821596021767708,-0.15791703932301782
CVX,2,CVE|PSX,0.8087299035315206,0.35769751104364833,0.012581658989057528,0.7236144587613271,0.20743426005980126,0.01274888227084966,0.012821888080876039,0.2290430498248491,0.2921003268621957,-0.2753075331714583,142.36332202095844,220.0053137954941,-0.20821596021767708,-0.1518182395146146
CVX,2,CVE|WMB,0.6984981721002229,0.3386504853499184,0.012782173513277793,0.6220778233427101,0.2038397801266576,0.012853677806970965,0.01285093039253246,0.2290430498248491,0.23982357745751215,-0.04706769160167479,142.36332202095844,174.087847470671,-0.20821596021767708,-0.15878828736465878
CVX,2,CVE|TRGP,0.737467642889179,0.20480642586368314,0.014016897607064163,0.6786369754348797,0.14878509413987595,0.013238904875323466,0.013287826354710156,0.2290430498248491,0.2814039661072869,-0.22860731343945417,142.36332202095844,209.43452296911107,-0.20821596021767708,-0.15418432851614328
CVX,2,CVE|OKE,0.7606920096134959,0.32420395924835044,0.01291375924877547,0.6991742083558681,0.22055546352228428,0.012714910529791377,0.012715309704974122,0.2290430498248491,0.27814520620152633,-0.214379595513708,142.36332202095844,176.3066125460893,-0.20821596021767708,-0.16902907813907309
CVX,2,CVE|MPC,0.783110998422894,0.2879669218880546,0.013251522701404133,0.679758306282563,0.01516308447263115,0.014218608289093878,0.014292772917452724,0.2290430498248491,0.3064467588695399,-0.3379439328278331,142.36332202095844,227.470743488375,-0.20821596021767708,-0.15462189671507665
CVX,2,CVE|SLB,0.8016239819924379,0.2797752456097329,0.01331069731063204,0.6501791595563667,0.026222613776012982,0.014181299010791466,0.014212293791670657,0.2290430498248491,0.2917324765011394,-0.2737015016357378,142.36332202095844,202.43291155495436,-0.20821596021767708,-0.21569180517180808
CVX,2,KMI|PSX,0.7263068908792706,0.44205429472604996,0.011726904201813054,0.699035394119758,0.45032287998765863,0.010693431295097465,0.01067795691404836,0.2290430498248491,0.20472202149500066,0.10618540203881721,142.36332202095844,154.0560952360648,-0.20821596021767708,-0.11878326097190828
CVX,2,KMI|WMB,0.3961908586456429,-0.21941263582180293,0.017300284452885964,0.389751526899091,-0.11172530777494338,0.015200560148929785,0.01518563930723978,0.2290430498248491,0.20646528693783628,0.09857431999913646,142.36332202095844,120.00329155791172,-0.20821596021767708,-0.10757778156475428
CVX,2,KMI|TRGP,0.5346034974533844,-0.06187367965637991,0.016139567554846714,0.5439032847985805,0.12773824457690608,0.013475311975367839,0.013451098397301929,0.2290430498248491,0.21848122391388008,0.046112841752001366,142.36332202095844,143.73818108156752,-0.20821596021767708,-0.10517291217423574
CVX,2,KMI|OKE,0.5134883130495024,0.007532912874543163,0.015624259656069953,0.5292700682563664,0.14433573788916398,0.013331244285479394,0.013322509262107,0.2290430498248491,0.20501642690485644,0.10490003053297625,142.36332202095844,119.24070452623208,-0.20821596021767708,-0.10794890601245766
CVX,2,KMI|MPC,0.6679280875375687,0.34138745840847484,0.012731725279575863,0.6309725481413038,0.31971123587876615,0.011897820735730123,0.011879030109227829,0.2290430498248491,0.20853492933563503,0.08953827896064426,142.36332202095844,152.60271471964273,-0.20821596021767708,-0.10134326707982044
CVX,2,KMI|SLB,0.718971674249708,0.4315862637310115,0.011841079463332226,0.5281281617838464,0.1295292316343104,0.013459819668296586,0.013437281947201484,0.2290430498248491,0.2094265685766488,0.08564538964706059,142.36332202095844,134.16847496672958,-0.20821596021767708,-0.1330757611284641
CVX,2,PSX|WMB,0.7038613584880684,0.39705658495774787,0.012192296775710222,0.6462130470529259,0.34226440933398117,0.01169401442003193,0.011680461583166681,0.2290430498248491,0.21051992173137526,0.08087181910841046,142.36332202095844,159.9268702319884,-0.20821596021767708,-0.1077314972297374
CVX,2,PSX|TRGP,0.7492773580636043,0.3156044469693906,0.012993492711263967,0.7118833968625399,0.3563997389087611,0.011523675759100236,0.01155426808393903,0.2290430498248491,0.25017016192243385,-0.09224079103793281,142.36332202095844,192.64310196568445,-0.20821596021767708,-0.12599704888244312
CVX,2,PSX|OKE,0.7738025559492244,0.4232178143262628,0.011937834543452116,0.7380089119415317,0.4286269709687962,0.010896609713239809,0.010886648530352015,0.2290430498248491,0.24671389820943312,-0.07715077317603414,142.36332202095844,161.71164457184594,-0.20821596021767708,-0.14273105863927482
CVX,2,PSX|MPC,0.7472008359003474,0.10984727259705185,0.014828397892122602,0.6605616090097219,-0.0075481188260142495,0.014425496703659085,0.014456635539487573,0.2290430498248491,0.3025253696197827,-0.3208231808436277,142.36332202095844,203.41585584863947,-0.20821596021767708,-0.1727745910344165
CVX,2,PSX|SLB,0.8253853513625998,0.441885591967651,0.01173474024789434,0.6475162842931744,0.13200443979794907,0.0134108143490065,0.013418163701738775,0.2290430498248491,0.27019863275796113,-0.17968492370575762,142.36332202095844,183.79065424526792,-0.20821596021767708,-0.13384525549119086
CVX,2,WMB|TRGP,0.5001769115172706,-0.17928401122849902,0.01701497016427586,0.48355786814479196,-0.043092732259057964,0.01473476177466465,0.014709428305235023,0.2290430498248491,0.23124874261236525,-0.009630035878420484,142.36332202095844,149.97002560625444,-0.20821596021767708,-0.12006763535442522
CVX,2,WMB|OKE,0.49174030425162885,-0.07533974577798408,0.016273058046431532,0.4792680884953002,-0.0007395828226586243,0.014426392658521647,0.014407707171034458,0.2290430498248491,0.21948100600249063,0.041747801689117625,142.36332202095844,125.34002462724443,-0.20821596021767708,-0.11670976580230819
CVX,2,WMB|MPC,0.6339146848570797,0.2647520282605368,0.013455736017569166,0.5619304203038448,0.1543083538583636,0.013262261647833729,0.013244645979325448,0.2290430498248491,0.22051177536684938,0.03724747144488194,142.36332202095844,159.42341554738223,-0.20821596021767708,-0.11536437983776615
CVX,2,WMB|SLB,0.6828625564522773,0.35434258488281767,0.01262124802122551,0.46563644858824005,-0.022128761642276285,0.014586933706005365,0.01456086376802299,0.2290430498248491,0.21860564404112098,0.04556962453874802,142.36332202095844,139.4557804053832,-0.20821596021767708,-0.13348688077469706
CVX,2,TRGP|OKE,0.6124638682679008,-0.08453423563009999,0.016349539005205936,0.6091431502225092,0.09220738163937547,0.013743731303345559,0.013722323629507097,0.2290430498248491,0.2603729359059445,-0.13678601514018252,142.36332202095844,154.85106473571463,-0.20821596021767708,-0.15872597309544278
CVX,2,TRGP|MPC,0.7032529727020215,0.20051125691534444,0.014035091382802093,0.6559433076032279,0.1954761122362637,0.012890398070411285,0.012918253597252478,0.2290430498248491,0.2597108529342011,-0.13389536653831624,142.36332202095844,195.85427392686782,-0.20821596021767708,-0.12937119009010323
CVX,2,TRGP|SLB,0.7468107878308156,0.2908055663158171,0.013230888427200509,0.5855306105087583,0.06224404324768962,0.01395543308802967,0.013946950189372824,0.2290430498248491,0.25495570838533244,-0.11313444603666833,142.36332202095844,172.0389425567398,-0.20821596021767708,-0.13384213252647914
CVX,2,OKE|MPC,0.7410011928553858,0.36934777520352446,0.012482709265477926,0.6850230911144464,0.2840708708988443,0.012200282954178264,0.012186229437032431,0.2290430498248491,0.25521682386055083,-0.1142744739721071,142.36332202095844,160.84144910893926,-0.20821596021767708,-0.13009092017394497
CVX,2,OKE|SLB,0.7801854880279783,0.4381993993317548,0.011779565579398046,0.6204181254570902,0.17715599368873758,0.013087965349380202,0.013064508901030525,0.2290430498248491,0.24649924730165,-0.07621360914531028,142.36332202095844,140.31251554495978,-0.20821596021767708,-0.14761324524237107
CVX,2,MPC|SLB,0.8135512613563279,0.4433686076468022,0.011722645004191474,0.5992935559081914,-0.017862510334004877,0.014524175441067471,0.014530444283282946,0.2290430498248491,0.2770514157705465,-0.20960411583066918,142.36332202095844,186.4290386880221,-0.20821596021767708,-0.1371301297630012
CVX,3,EOG|COP|HAL,0.8492401178272979,0.5585919032055832,0.010422855119721785,0.8198686707759865,0.5402233078873719,0.009782316611914548,0.009765799638814176,0.2290430498248491,0.27095605399280986,-0.18299181835035783,142.36332202095844,148.26470608297672,-0.20821596021767708,-0.18040024038821023
CVX,3,EOG|COP|CNQ,0.8259346273702115,0.598663804142766,0.009957374892792059,0.7920523002695419,0.48159740312133936,0.010388332192758051,0.010369741213306142,0.2290430498248491,0.26885287634558575,-0.17380936269919345,142.36332202095844,144.26541705896216,-0.20821596021767708,-0.16731162714431436
CVX,3,EOG|COP|DVN,0.8354822611685173,0.5813321410334202,0.010168033837369176,0.820521230498877,0.5255659016113593,0.009937963885022067,0.00992024233942766,0.2290430498248491,0.27595192759608705,-0.20480375984824484,142.36332202095844,140.09267201923288,-0.20821596021767708,-0.17366048968785153
CVX,3,EOG|COP|FANG,0.835482260880351,0.5813321428623796,0.010168033815588784,0.8205212291733576,0.5255658996997563,0.009937963904966915,0.009920242359413117,0.2290430498248491,0.27595192721172956,-0.20480375817014318,142.36332202095844,140.09267150585362,-0.20821596021767708,-0.1736604873146277
CVX,3,EOG|COP|SU,0.8337795165025003,0.6194169160580815,0.009696964261601543,0.7981734203045071,0.5338451376616509,0.00985097119213352,0.009833303493914928,0.2290430498248491,0.25640608764013273,-0.11946678948000544,142.36332202095844,143.79458061267263,-0.20821596021767708,-0.15472124711739754
CVX,3,EOG|COP|CVE,0.8383314122802822,0.5907021413222752,0.010053639373344159,0.7980640400524351,0.46820906511262916,0.010520436023892512,0.010502792830721775,0.2290430498248491,0.2768287354989007,-0.20863189566587437,142.36332202095844,149.04386594629844,-0.20821596021767708,-0.14160565256373026
CVX,3,EOG|COP|KMI,0.7962905590589792,0.5587139776914003,0.010442014509939451,0.8206046338706949,0.6332679275652244,0.008737269323512856,0.008721853356134898,0.2290430498248491,0.23381833126114365,-0.020848837980223633,142.36332202095844,139.47015399142032,-0.20821596021767708,-0.17425580446744338
CVX,3,EOG|COP|PSX,0.8493728192864947,0.6364737597579211,0.009477406756967986,0.8062786555534444,0.5390572725371783,0.009793411563712252,0.009778175273716855,0.2290430498248491,0.260914053905559,-0.13914853170651487,142.36332202095844,151.18830907949737,-0.20821596021767708,-0.14584709230580317
CVX,3,EOG|COP|WMB,0.7954271249946441,0.5630279251937654,0.010390800117049577,0.810876425611696,0.6137323395312473,0.008967209793472278,0.00895114327561553,0.2290430498248491,0.2336507380749308,-0.020117127560103754,142.36332202095844,140.91012079637585,-0.20821596021767708,-0.15407650401271378
CVX,3,EOG|COP|TRGP,0.8215917352914539,0.5622503214655654,0.010399907782766749,0.8221803445233209,0.5828723897875524,0.009316696146089492,0.009301838666828802,0.2290430498248491,0.2581395715768263,-0.12703516554738314,142.36332202095844,150.03096960485274,-0.20821596021767708,-0.13707661657867887
CVX,3,EOG|COP|OKE,0.8280085450334632,0.5779332905786176,0.010208432326349581,0.834014870292011,0.607211140381072,0.009042459277160627,0.009026386278590058,0.2290430498248491,0.25910614216347555,-0.1312552044762585,142.36332202095844,139.97553964658601,-0.20821596021767708,-0.16826932168135644
CVX,3,EOG|COP|MPC,0.8389016039789751,0.6251609133258605,0.009623687890615325,0.7874524942804151,0.48559705092273053,0.010346215543830698,0.010329660760444543,0.2290430498248491,0.2642910349508304,-0.15389240211801103,142.36332202095844,150.78769628739786,-0.20821596021767708,-0.1519175034618263
CVX,3,EOG|COP|SLB,0.8509088314275096,0.6237015225162701,0.009639190249432068,0.8163304389372206,0.5675849132485873,0.00948780337941728,0.009470758294529445,0.2290430498248491,0.2589713566500205,-0.13066673207529256,142.36332202095844,141.35252955516933,-0.20821596021767708,-0.1630325143597643
CVX,3,EOG|HAL|CNQ,0.838032814337361,0.5912209965133052,0.010041806252429153,0.7978468163051082,0.5181344108990966,0.010014562660742589,0.009997635315459589,0.2290430498248491,0.26152642942850546,-0.14182215801132858,142.36332202095844,148.357259797887,-0.20821596021767708,-0.16440722898692028
CVX,3,EOG|HAL|DVN,0.8361720220234535,0.5523290387130291,0.010509017899982882,0.7974857575606504,0.5019931395398419,0.010181997088518285,0.01016370372787018,0.2290430498248491,0.26649798127924096,-0.16352791094527386,142.36332202095844,141.29551081534208,-0.20821596021767708,-0.14748568265737894
CVX,3,EOG|HAL|FANG,0.8361720220218775,0.5523290387284309,0.010509017899806553,0.7974857575657551,0.5019931395544933,0.010181997088368342,0.010163703727720673,0.2290430498248491,0.26649798127836866,-0.16352791094146535,142.36332202095844,141.29551081293525,-0.20821596021767708,-0.14748568265398865
CVX,3,EOG|HAL|SU,0.8475488744366719,0.6154115414489487,0.009744529267852776,0.8066528489301935,0.5660645033304254,0.009503196777828007,0.009487393698871622,0.2290430498248491,0.2513404570434066,-0.09735028954429503,142.36332202095844,148.72766007129897,-0.20821596021767708,-0.16429580142608002
CVX,3,EOG|HAL|CVE,0.8428856151578143,0.5603069420660648,0.01041064659318311,0.7949965898298746,0.4875326070734278,0.010325867815632082,0.010310208615431662,0.2290430498248491,0.2690632457750348,-0.17472783383206547,142.36332202095844,152.4293383980988,-0.20821596021767708,-0.1583418425092612
CVX,3,EOG|HAL|KMI,0.8275263652373048,0.626931680152317,0.00960104173999729,0.8083204878607054,0.6203536391845481,0.008888367813217078,0.008874092568940369,0.2290430498248491,0.2266726825682036,0.010349003204673246,142.36332202095844,135.60362904414973,-0.20821596021767708,-0.13164795365338233
CVX,3,EOG|HAL|PSX,0.8601630186093562,0.6284118397848089,0.009575539088333133,0.8173054915849061,0.5777738785571693,0.009369471246324472,0.009358513755305768,0.2290430498248491,0.25578930584473647,-0.11677392542729592,142.36332202095844,156.15086906065045,-0.20821596021767708,-0.1349708922990045
CVX,3,EOG|HAL|WMB,0.8219767885245133,0.6128898084384746,0.009780031017362517,0.7977546204399595,0.5937701200567288,0.009195247848185997,0.00917952621240451,0.2290430498248491,0.22997674788733743,-0.0040765177690496035,142.36332202095844,137.556623187037,-0.20821596021767708,-0.13100892704679523
CVX,3,EOG|HAL|TRGP,0.8273758319333983,0.5561301660092155,0.010472034631682565,0.7993715766609188,0.5480422065876528,0.009698584288567097,0.009682405654330248,0.2290430498248491,0.25212073858740164,-0.10075699210345057,142.36332202095844,148.73389842822192,-0.20821596021767708,-0.13271133105430322
CVX,3,EOG|HAL|OKE,0.8366123324628295,0.5884363078647792,0.01007867583611979,0.8065528652399186,0.5637510182898913,0.009529354597461355,0.009512650639849579,0.2290430498248491,0.25219042230372013,-0.10106123061394778,142.36332202095844,138.74567143003046,-0.20821596021767708,-0.13931036943755715
CVX,3,EOG|HAL|MPC,0.8535436785400763,0.6211068921265248,0.009670425540179908,0.8001780207195032,0.5322059530608023,0.009862097115154922,0.009850577211280099,0.2290430498248491,0.2583674727792953,-0.1280301802515762,142.36332202095844,156.92847711538968,-0.20821596021767708,-0.127208442283543
CVX,3,EOG|HAL|SLB,0.8361720220075813,0.5523290388681309,0.010509017898207166,0.7974857576120583,0.5019931396873867,0.010181997087008314,0.010163703726364577,0.2290430498248491,0.2664979812704569,-0.16352791090692276,142.36332202095844,141.2955107911049,-0.20821596021767708,-0.14748568262323514
CVX,3,EOG|CNQ|DVN,0.815913535315722,0.5796708271888686,0.010190927435897184,0.7767745310327396,0.441829486241211,0.010779538232174802,0.01076013646577836,0.2290430498248491,0.26997439760324965,-0.1787059149347734,142.36332202095844,142.70019301489637,-0.20821596021767708,-0.15851705572322927
CVX,3,EOG|CNQ|FANG,0.8159135353393513,0.5796708272224168,0.010190927435491864,0.7767745310689504,0.44182948631330377,0.010779538231479183,0.010760136465083475,0.2290430498248491,0.2699743976070462,-0.17870591495134924,142.36332202095844,142.70019298892817,-0.20821596021767708,-0.15851705566663954
CVX,3,EOG|CNQ|SU,0.8279448226364303,0.6096894726226435,0.009820069527729222,0.7886044345731186,0.5053023145358688,0.010148133537046024,0.010129879361609348,0.2290430498248491,0.25883283803884116,-0.13006196100153455,142.36332202095844,143.03871433098206,-0.20821596021767708,-0.15182821067362684
CVX,3,EOG|CNQ|CVE,0.8159135353232433,0.579670827199547,0.010190927435768172,0.7767745310442655,0.44182948626415797,0.010779538231953389,0.01076013646555718,0.2290430498248491,0.2699743976044581,-0.17870591494004961,142.36332202095844,142.70019300663074,-0.20821596021767708,-0.15851705570521712
CVX,3,EOG|CNQ|KMI,0.8071740823495444,0.6234643676233613,0.009641298976623424,0.7917294659979195,0.5873122041552814,0.009267933007604518,0.00925220287484493,0.2290430498248491,0.2268259463774314,0.009679854722128178,142.36332202095844,137.2014243849367,-0.20821596021767708,-0.13855360645798642
CVX,3,EOG|CNQ|PSX,0.8540504078050448,0.663730447597163,0.009114597309539556,0.8084756480222217,0.5575563803789352,0.009590126277673207,0.00957995132346168,0.2290430498248491,0.2559281356224032,-0.11738005505128091,142.36332202095844,157.71959174389323,-0.20821596021767708,-0.14612044709106864
CVX,3,EOG|CNQ|WMB,0.7998737488663015,0.6043714651960511,0.009883821269052557,0.7791123218906267,0.5538699827714766,0.009636774586644789,0.009619778152899477,0.2290430498248491,0.23123632511811884,-0.009575821204559354,142.36332202095844,139.14558872679697,-0.20821596021767708,-0.12867523702258832
CVX,3,EOG|CNQ|TRGP,0.813764776720152,0.5849386596985149,0.010125317413668575,0.7862624182556938,0.5102377981113614,0.010096316505869877,0.010079220969744156,0.2290430498248491,0.2553124145066091,-0.11469182191665861,142.36332202095844,148.32324193750082,-0.20821596021767708,-0.12770534343406015
CVX,3,EOG|CNQ|OKE,0.821132629610424,0.6125446535905472,0.009784400502284548,0.7901101182137588,0.5238378666343008,0.009956077160643914,0.009938292206180562,0.2290430498248491,0.253552004682879,-0.10700588765636865,142.36332202095844,140.30711096680102,-0.20821596021767708,-0.14598151908350532
CVX,3,EOG|CNQ|MPC,0.8441212684916687,0.6511620803427447,0.009283978877694804,0.7900195131120521,0.5051405049405634,0.010144079230567671,0.010131535906320084,0.2290430498248491,0.25977121538748543,-0.13415890849399004,142.36332202095844,156.4905848202803,-0.20821596021767708,-0.1402204105423115
CVX,3,EOG|CNQ|SLB,0.83461889203824,0.6154214728097787,0.009746901029124606,0.7876876526437894,0.5178492720602041,0.010018317884428198,0.010000592875196966,0.2290430498248491,0.2537699366070066,-0.10795737657643967,142.36332202095844,145.51292083082302,-0.20821596021767708,-0.158700097740609
CVX,3,EOG|DVN|FANG,0.8048689174473949,0.5267847816479068,0.010813000531822317,0.7737983294089202,0.4043511673786271,0.011132155985449267,0.01111551224852309,0.2290430498248491,0.2781288054849971,-0.21430799012536816,142.36332202095844,131.89436458072785,-0.20821596021767708,-0.18511210181133675
CVX,3,EOG|DVN|SU,0.8281838067663911,0.6084862088115872,0.009834767021649359,0.7887810145917452,0.51164491785975,0.010082871129941622,0.010064731414994702,0.2290430498248491,0.25681240114993253,-0.12124075079474728,142.36332202095844,142.96101671170888,-0.20821596021767708,-0.14947505709348163
CVX,3,EOG|DVN|CVE,0.8262889502966048,0.5636301376500727,0.010382590962358624,0.7740280119251784,0.39821159665532546,0.011191775475011686,0.011172651216280253,0.2290430498248491,0.27992093972623,-0.222132432921617,142.36332202095844,148.4743715909126,-0.20821596021767708,-0.15448170855693732
CVX,3,EOG|DVN|KMI,0.797207454915371,0.5964384077091064,0.009976629510764752,0.7906444278139597,0.5811733842799345,0.009329312136426548,0.00932076310950552,0.2290430498248491,0.22869981722263802,0.0014985506107849655,142.36332202095844,127.66569990308254,-0.20821596021767708,-0.14027563178651392
CVX,3,EOG|DVN|PSX,0.8493728192156718,0.6364737597677784,0.009477406756842456,0.8062786555620077,0.5390572724329019,0.00979341156490783,0.009778175274822885,0.2290430498248491,0.2609140539509721,-0.13914853190478826,142.36332202095844,151.18830891402683,-0.20821596021767708,-0.14584709221739922
CVX,3,EOG|DVN|WMB,0.7863795947973505,0.5730257907344102,0.010263243288948103,0.7754157584046428,0.5478325928071787,0.009696739754938169,0.00968465069846274,0.2290430498248491,0.23030141335700616,-0.005494004437678113,142.36332202095844,130.15984443855558,-0.20821596021767708,-0.13399474929338961
CVX,3,EOG|DVN|TRGP,0.8012297504526339,0.5388548121522864,0.010668482676518326,0.7848748535668227,0.503239045885929,0.010169286000506136,0.010150982062824167,0.2290430498248491,0.25669219615235034,-0.12071593680159576,142.36332202095844,142.0748265333413,-0.20821596021767708,-0.14333418921521046
CVX,3,EOG|DVN|OKE,0.8135276399108832,0.5801377016970011,0.010185046738167952,0.7911819008262725,0.5144184533493046,0.01004931502327655,0.010036110194190664,0.2290430498248491,0.2575509128838448,-0.12446508671970569,142.36332202095844,130.495011518502,-0.20821596021767708,-0.15654902660140557
CVX,3,EOG|DVN|MPC,0.838901603987286,0.6251609133301941,0.009623687890559916,0.7874524942251003,0.485597050812583,0.010346215544912201,0.010329660761550473,0.2290430498248491,0.2642910349445314,-0.15389240209050947,142.36332202095844,150.78769634307253,-0.20821596021767708,-0.15191750337187848
CVX,3,EOG|DVN|SLB,0.834045490067039,0.594179326154564,0.010013388200530934,0.7854520467194143,0.5017849938583072,0.010183021338301844,0.010165827503869058,0.2290430498248491,0.25758758972124873,-0.12462521747866973,142.36332202095844,136.4703271986291,-0.20821596021767708,-0.14619757430312597
CVX,3,EOG|FANG|SU,0.8281838067801942,0.6084862088638634,0.00983476702099158,0.7887810145920876,0.5116449179299188,0.0100828711292166,0.01006473141427163,0.2290430498248491,0.2568124011260042,-0.1212407506902764,142.36332202095844,142.96101672881915,-0.20821596021767708,-0.14947505711674403
CVX,3,EOG|FANG|CVE,0.8262889505533373,0.5636301374749276,0.01038259096434647,0.7740280115977178,0.3982115951488664,0.011191775488846312,0.011172651230264521,0.2290430498248491,0.27992093990183653,-0.2221324336883137,142.36332202095844,148.47437212718856,-0.20821596021767708,-0.15448170779965287
CVX,3,EOG|FANG|KMI,0.797207454776193,0.5964384076113536,0.009976629511917254,0.7906444277982503,0.5811733845352898,0.009329312133558934,0.009320763106664123,0.2290430498248491,0.22869981706374498,0.001498551304510598,142.36332202095844,127.66569988745324,-0.20821596021767708,-0.14027563161351542
CVX,3,EOG|FANG|PSX,0.8493728192584611,0.6364737597618229,0.0094774067569183,0.806278655556834,0.5390572724959027,0.009793411564185497,0.009778175274154652,0.2290430498248491,0.2609140539235348,-0.13914853178499698,142.36332202095844,151.18830901399957,-0.20821596021767708,-0.1458470922708106
CVX,3,EOG|FANG|WMB,0.7863795948407571,0.573025790778621,0.010263243288427662,0.7754157584283481,0.5478325927869017,0.009696739755157207,0.009684650698679891,0.2290430498248491,0.23030141339089097,-0.0054940045856188835,142.36332202095844,130.15984444004812,-0.20821596021767708,-0.13399474933902789
CVX,3,EOG|FANG|TRGP,0.8012297501153494,0.5388548114004449,0.010668482685092573,0.7848748534569626,0.5032390462357013,0.010169285996928639,0.010150982059250486,0.2290430498248491,0.256692195949197,-0.12071593591463015,142.36332202095844,142.07482667756523,-0.20821596021767708,-0.14333418913093754
CVX,3,EOG|FANG|OKE,0.8135276398352682,0.580137701819603,0.010185046736678329,0.7911819009032589,0.5144184542152463,0.010049315014289592,0.010036110185241923,0.2290430498248491,0.2575509126451982,-0.12446508567777648,142.36332202095844,130.49501149795236,-0.20821596021767708,-0.1565490264671795
CVX,3,EOG|FANG|MPC,0.8389016039730766,0.6251609133227847,0.009623687890654653,0.7874524943196778,0.485597051000914,0.010346215543063041,0.010329660759659546,0.2290430498248491,0.2642910349553015,-0.15389240213753164,142.36332202095844,150.7876962478797,-0.20821596021767708,-0.15191750352567168
CVX,3,EOG|FANG|SLB,0.8340454900906417,0.5941793262010038,0.01001338819995691,0.7854520467103164,0.5017849938837224,0.010183021338044116,0.010165827503609766,0.2290430498248491,0.257587589705826,-0.12462521741133448,142.36332202095844,136.47032720384834,-0.20821596021767708,-0.14619757425846402
CVX,3,EOG|SU|CVE,0.8281838068614785,0.608486209171706,0.009834767017118069,0.7887810145941007,0.5116449183431266,0.010082871124947119,0.010064731410013636,0.2290430498248491,0.25681240098509583,-0.12124075007507162,142.36332202095844,142.96101682957723,-0.20821596021767708,-0.14947505725372967
CVX,3,EOG|SU|KMI,0.8168018967075287,0.6432849869977078,0.009377336531739285,0.8009184232322984,0.6229881010183715,0.008858399541190021,0.008843249185220907,0.2290430498248491,0.21452579652558615,0.0633822039584454,142.36332202095844,137.7430534643788,-0.20821596021767708,-0.1312125087873458
CVX,3,EOG|SU|PSX,0.8591643248539573,0.6737465706059895,0.008978453334785775,0.8135023700175893,0.5853599054019359,0.009284612321058807,0.00927406171341979,0.2290430498248491,0.24941803467112308,-0.0889570098802599,142.36332202095844,156.39137296055367,-0.20821596021767708,-0.13574278594733868
CVX,3,EOG|SU|WMB,0.8082997273393459,0.6232253155355567,0.0096396451036152,0.7848326357912567,0.5863612296219144,0.009279345457682291,0.009262856868586326,0.2290430498248491,0.21915436894693763,0.04317389628488366,142.36332202095844,139.88213978243215,-0.20821596021767708,-0.13098873420638424
CVX,3,EOG|SU|TRGP,0.8225591311072493,0.6041920609230691,0.009884063069757462,0.7948917913951498,0.5552455051892888,0.009621049103765131,0.00960493669945727,0.2290430498248491,0.24541282091614613,-0.07147028082194651,142.36332202095844,148.51950700686623,-0.20821596021767708,-0.12879095514773686
CVX,3,EOG|SU|OKE,0.8304854980088173,0.633153505757313,0.009519669908918268,0.7997135222244981,0.5743303935914742,0.00941345592886856,0.009396598162443566,0.2290430498248491,0.2416548386103622,-0.0550629621599843,142.36332202095844,140.76144386917602,-0.20821596021767708,-0.13782261170353527
CVX,3,EOG|SU|MPC,0.8487603380981633,0.6592197044728191,0.00917577664513115,0.795710546634048,0.5358326199589887,0.009825363208731163,0.009812318630303357,0.2290430498248491,0.2535441726463422,-0.10697169305171794,142.36332202095844,154.82372700855143,-0.20821596021767708,-0.13060014105434303
CVX,3,EOG|SU|SLB,0.8471097050648332,0.6457741183687646,0.009355448637429993,0.7978540311447944,0.569316879855721,0.009468398402579596,0.009451772491885311,0.2290430498248491,0.24212473241604573,-0.05711451450371574,142.36332202095844,145.9291531756526,-0.20821596021767708,-0.1523681453247342
CVX,3,EOG|CVE|KMI,0.8161524222638138,0.6253612003430008,0.009619038412235673,0.7840272270982835,0.5636027720909536,0.009531239615498456,0.009514266797793595,0.2290430498248491,0.23134120461155036,-0.010033724177435976,142.36332202095844,144.73188782006926,-0.20821596021767708,-0.1265149494342488
CVX,3,EOG|CVE|PSX,0.8569641681673814,0.6418086632856621,0.009405919450640081,0.8029969954081612,0.5227504338413018,0.009955497386704856,0.009949633995976792,0.2290430498248491,0.2635599267937506,-0.15070039014629266,142.36332202095844,163.1253652085412,-0.20821596021767708,-0.13863625006393743
CVX,3,EOG|CVE|WMB,0.8078005852282415,0.6058846840760435,0.00986620510945382,0.7715523722918483,0.5304280329132247,0.00988684821261062,0.009869278743134728,0.2290430498248491,0.23504301447080125,-0.0261957944174267,142.36332202095844,145.04710230210293,-0.20821596021767708,-0.12393099720532819
CVX,3,EOG|CVE|TRGP,0.8179204996256606,0.5676376084457033,0.010334541049722921,0.7854975776569589,0.49276424301384203,0.010273511704094743,0.010257446597225033,0.2290430498248491,0.26056778918175677,-0.13763674287875083,142.36332202095844,151.47749554705968,-0.20821596021767708,-0.12672838473618175
CVX,3,EOG|CVE|OKE,0.8284683993625189,0.5971041513956235,0.009976696289889736,0.7865579077501216,0.4936244681353562,0.010266730599265276,0.010248745064110724,0.2290430498248491,0.261134510036947,-0.14011104129393348,142.36332202095844,146.41212299252368,-0.20821596021767708,-0.13106582342275996
CVX,3,EOG|CVE|MPC,0.8458642511610204,0.6337727379028627,0.009512464810831223,0.7870936371920343,0.4789753240648619,0.01040786506023527,0.010395933198072894,0.2290430498248491,0.26593530386875974,-0.16107126617516854,142.36332202095844,158.05272025187614,-0.20821596021767708,-0.13764715388724114
CVX,3,EOG|CVE|SLB,0.8445596719034038,0.6049158447024043,0.009877451505127642,0.7841074216395282,0.4862087434296627,0.010340309261833231,0.010323517273496194,0.2290430498248491,0.26167819446077195,-0.14248476284645695,142.36332202095844,150.25086678647403,-0.20821596021767708,-0.14443123410684855
CVX,3,EOG|KMI|PSX,0.8455678839072487,0.6765461393283363,0.008937656794291851,0.8184895980386238,0.6308869438042897,0.008765653039984495,0.008750120578053168,0.2290430498248491,0.23271182924922418,-0.0160178596433318,142.36332202095844,144.99089668264475,-0.20821596021767708,-0.1324319590412224
CVX,3,EOG|KMI|WMB,0.7972074550183007,0.5964384077813993,0.009976629509912422,0.7906444278255776,0.5811733840910864,0.009329312138547291,0.009320763111606878,0.2290430498248491,0.22869981734014744,0.0014985500977399147,142.36332202095844,127.66569991464122,-0.20821596021767708,-0.1402756319144549
CVX,3,EOG|KMI|TRGP,0.7981351964072095,0.5932316250992198,0.010015730243546414,0.7924484502214391,0.5824655884312,0.009317427886915043,0.00930637334442133,0.2290430498248491,0.23009001197554238,-0.00457102781112062,142.36332202095844,130.02146654413195,-0.20821596021767708,-0.13560845695297274
CVX,3,EOG|KMI|OKE,0.7972074548670256,0.5964384076751506,0.00997662951116509,0.7906444278085031,0.5811733843686356,0.009329312135430442,0.009320763108518523,0.2290430498248491,0.22869981716744436,0.0014985508517599833,142.36332202095844,127.66569989765351,-0.20821596021767708,-0.14027563172642055
CVX,3,EOG|KMI|MPC,0.8337987609771602,0.6610947345829089,0.009146419678636152,0.8010413484364156,0.5939694620780671,0.009193715557149745,0.009177273682568644,0.2290430498248491,0.23349051274001625,-0.019417585115846903,142.36332202095844,144.14032656747466,-0.20821596021767708,-0.12719858688908425
CVX,3,EOG|KMI|SLB,0.8237338319638778,0.6465956700671964,0.009340046709762535,0.7927001422530392,0.6108030108272022,0.008997192743376395,0.008985020452808844,0.2290430498248491,0.2116203326297181,0.0760674345213892,142.36332202095844,132.10957505585475,-0.20821596021767708,-0.11781829505758534
CVX,3,EOG|PSX|WMB,0.8401736538208714,0.6672413477130011,0.00906533168345062,0.8099905586162132,0.6162695303814434,0.008936973423992843,0.008921697145488966,0.2290430498248491,0.23118526307462026,-0.00935288475860463,142.36332202095844,147.2073629772907,-0.20821596021767708,-0.12856177908680044
CVX,3,EOG|PSX|TRGP,0.8438447108326504,0.6349570577553583,0.009495865282117521,0.8131387509395334,0.5867365724395863,0.009269160915172636,0.00925865327825758,0.2290430498248491,0.24851092499825225,-0.08499657679327255,142.36332202095844,156.39719235230265,-0.20821596021767708,-0.13445578352447018
CVX,3,EOG|PSX|OKE,0.8504118311557471,0.6534467292322647,0.009253564563770997,0.8149841672412639,0.5838428557682178,0.009306588994468849,0.009291011794694931,0.2290430498248491,0.2515511508047168,-0.09827017670730376,142.36332202095844,148.33641429975467,-0.20821596021767708,-0.14220112612855051
CVX,3,EOG|PSX|MPC,0.8493728157059075,0.6364737602562516,0.009477406750621826,0.80627865598637,0.5390572672652698,0.009793411624157238,0.00977817532963448,0.2290430498248491,0.2609140562015052,-0.13914854173059643,142.36332202095844,151.18830071382476,-0.20821596021767708,-0.1458470878363689
CVX,3,EOG|PSX|SLB,0.8593872791016085,0.6570227146426856,0.009205169230895755,0.8103218221666119,0.5734133969291064,0.009420455807402013,0.009406714005131345,0.2290430498248491,0.2515519866894636,-0.09827382617297165,142.36332202095844,152.43914942353294,-0.20821596021767708,-0.13469179739296455
CVX,3,EOG|WMB|TRGP,0.7898589563234631,0.5719534725566271,0.010275623978713297,0.7803380589289729,0.553092926018968,0.00964235868167011,0.009628152237951638,0.2290430498248491,0.2327104056461675,-0.01601164420454082,142.36332202095844,132.94071946774332,-0.20821596021767708,-0.12980691133158073
CVX,3,EOG|WMB|OKE,0.7863795946847787,0.5730257906197522,0.01026324329029783,0.775415758343165,0.5478325928597664,0.009696739754370102,0.009684650697899573,0.2290430498248491,0.2303014132691277,-0.005494004054001467,142.36332202095844,130.15984443468483,-0.20821596021767708,-0.13399474917502985
CVX,3,EOG|WMB|MPC,0.8269314448859171,0.6472259757994496,0.009332050302734884,0.7893458458847549,0.5693085523333484,0.009468341857422553,0.009451863869353724,0.2290430498248491,0.23387421563575858,-0.021092828682659936,142.36332202095844,146.51924464862282,-0.20821596021767708,-0.12226490015195124
CVX,3,EOG|WMB|SLB,0.8146561551905931,0.6254565041896646,0.00961628641929396,0.7804652181338242,0.5816478415916118,0.009329907739086065,0.00931548221620039,0.2290430498248491,0.2165801780068765,0.054412791951133355,142.36332202095844,134.28567193917732,-0.20821596021767708,-0.11656868030793865
CVX,3,EOG|TRGP|OKE,0.8068688457690428,0.560287308562375,0.010420108376742145,0.7908090233436303,0.5231332664426006,0.009962861729950567,0.009945642574390231,0.2290430498248491,0.2543432378464616,-0.11046040489314013,142.36332202095844,137.71838038835236,-0.20821596021767708,-0.14150743428728174
CVX,3,EOG|TRGP|MPC,0.8365344170136475,0.6272213595976831,0.0095957066867554,0.7950255879719711,0.5292830914253683,0.009895618527248417,0.009881303382504758,0.2290430498248491,0.2554065065670728,-0.11510262704929941,142.36332202095844,153.15907444079627,-0.20821596021767708,-0.13203046622020997
CVX,3,EOG|TRGP|SLB,0.8248622703528297,0.5864554412867684,0.010105961064493449,0.7849483590668684,0.5508496196714898,0.009668723781663984,0.009652286850611709,0.2290430498248491,0.23827335635030003,-0.04029943948314263,142.36332202095844,147.87899089029696,-0.20821596021767708,-0.13002507230040594
CVX,3,EOG|OKE|MPC,0.8409778755562851,0.6429652890607434,0.009392274057037615,0.7970942379572802,0.5359997806398613,0.009827356666862932,0.009810551615176119,0.2290430498248491,0.2547358647523398,-0.1121746106120145,142.36332202095844,147.67814261515363,-0.20821596021767708,-0.13866086755570384
CVX,3,EOG|OKE|SLB,0.8377485829596133,0.6291492802167251,0.009572351997278914,0.7973959400131461,0.5734694480688622,0.009421100680128277,0.00940609598951815,0.2290430498248491,0.23975820836034242,-0.04678229068154338,142.36332202095844,134.97257067327013,-0.20821596021767708,-0.13123720086941137
CVX,3,EOG|MPC|SLB,0.8543056058333349,0.6562750816864436,0.009215630889724194,0.793762520199637,0.5372468217660545,0.009811599178146413,0.00979735938812211,0.2290430498248491,0.25146230725839325,-0.0978822865425879,142.36332202095844,152.98995838772947,-0.20821596021767708,-0.12544170215094308
CVX,3,COP|HAL|CNQ,0.8381289155815795,0.5116076987769922,0.01095307745593049,0.8070203196731959,0.49313921469920996,0.010263908196323994,0.010253654511317234,0.2290430498248491,0.2756919462589319,-0.20366868354990708,142.36332202095844,159.57612210419626,-0.20821596021767708,-0.2094750955183301
CVX,3,COP|HAL|DVN,0.8347341694529152,0.44428693701266764,0.011680337792221617,0.8023331289953423,0.4416838939193174,0.010775750970629765,0.01076153970284456,0.2290430498248491,0.286587594137847,-0.25123898916383913,142.36332202095844,156.2189573776851,-0.20821596021767708,-0.20957930564334037
CVX,3,COP|HAL|FANG,0.8347341695471356,0.44428693607440883,0.01168033780169899,0.8023331281268978,0.4416838915340172,0.010775750993606881,0.010761539725832886,0.2290430498248491,0.28658759419025587,-0.25123898939265565,142.36332202095844,156.21895746669526,-0.20821596021767708,-0.2095793053915238
CVX,3,COP|HAL|SU,0.8443918167263375,0.5227297747285038,0.010833204199116039,0.8119880394706445,0.5261879430744081,0.009922619134106938,0.00991373687736581,0.2290430498248491,0.2692834689984476,-0.1756893265452526,142.36332202095844,160.07821685113652,-0.20821596021767708,-0.20544912173861163
CVX,3,COP|HAL|CVE,0.8376293230206242,0.453707753877861,0.011579273445018317,0.8040736749530989,0.45154400317068666,0.010677331154334276,0.010666089628693576,0.2290430498248491,0.28509471535786857,-0.24472109315642876,142.36332202095844,159.6618658431583,-0.20821596021767708,-0.20320150762545686
CVX,3,COP|HAL|KMI,0.8229562133682821,0.5904715699826817,0.010055655092325337,0.819699067011785,0.6301774379877962,0.008774232910728394,0.008758526242440662,0.2290430498248491,0.23453042590009499,-0.023957837094127576,142.36332202095844,143.93054113992082,-0.20821596021767708,-0.1728939180841459
CVX,3,COP|HAL|PSX,0.8520029888969747,0.5266872861786125,0.010785746322809599,0.8196905198161042,0.5410420486773628,0.009757080586071162,0.009757100610177058,0.2290430498248491,0.27007183554257247,-0.17913132814594634,142.36332202095844,167.5292945460735,-0.20821596021767708,-0.1741530093752165
CVX,3,COP|HAL|WMB,0.8145395787930041,0.560812439604442,0.010411976605623749,0.8044054730182846,0.5885463335458344,0.009254150403420888,0.009238358311232752,0.2290430498248491,0.23961536934972796,-0.04615865678073883,142.36332202095844,147.46170141092708,-0.20821596021767708,-0.1656701089631165
CVX,3,COP|HAL|TRGP,0.8255976722100233,0.48074458367947237,0.011316710760414413,0.8049596617765374,0.5174406993219731,0.010012869567414161,0.01000482921057501,0.2290430498248491,0.2668121283629134,-0.16489947443044706,142.36332202095844,161.19441020792397,-0.20821596021767708,-0.1685849989793532
CVX,3,COP|HAL|OKE,0.8319252605272848,0.5143321078152705,0.010932054062647517,0.8181715205744764,0.5569583129340628,0.009602248823229492,0.009586423924583786,0.2290430498248491,0.26415541939044423,-0.15330030573923037,142.36332202095844,149.14317872058848,-0.20821596021767708,-0.1838695288803318
CVX,3,COP|HAL|MPC,0.8441997896921045,0.5095850623535716,0.010980321411735805,0.8051125968394414,0.49758910641678156,0.010209514912118401,0.01020854524211506,0.2290430498248491,0.2727890766676261,-0.19099477969853207,142.36332202095844,168.0150717732341,-0.20821596021767708,-0.15705255199758794
CVX,3,COP|HAL|SLB,0.8347341693771747,0.44428693776689077,0.011680337784603194,0.802333129693445,0.44168389583675105,0.010775750952159513,0.0107615396843653,0.2290430498248491,0.2865875940957179,-0.2512389889799036,142.36332202095844,156.21895730613386,-0.20821596021767708,-0.20957930584576434
CVX,3,COP|CNQ|DVN,0.8280563903032722,0.5157698393045658,0.0109210153150145,0.8100998005021309,0.4768591091231035,0.010429503470375119,0.010417024075704611,0.2290430498248491,0.2823900017515608,-0.23291233664372935,142.36332202095844,157.44069318433046,-0.20821596021767708,-0.22036780373966114
CVX,3,COP|CNQ|FANG,0.8169962975056898,0.49933138393328746,0.011108470409690875,0.8114311422390671,0.47950695667134247,0.01040365945044984,0.010390628048553719,0.2290430498248491,0.2825790747353529,-0.2337378276766886,142.36332202095844,156.65157070574986,-0.20821596021767708,-0.22067686175572576
CVX,3,COP|CNQ|SU,0.8169962974985244,0.4993313840290796,0.01110847040863484,0.8114311422078873,0.4795069566732326,0.010403659450421997,0.01039062804853485,0.2290430498248491,0.2825790747137348,-0.2337378275823041,142.36332202095844,156.65157071746992,-0.20821596021767708,-0.22067686175062307
CVX,3,COP|CNQ|CVE,0.8169962976168268,0.4993313824475899,0.01110847042606958,0.8114311427226519,0.47950695664202614,0.010403659450881675,0.01039062804884634,0.2290430498248491,0.28257907507063973,-0.23373782914054808,142.36332202095844,156.65157052397714,-0.20821596021767708,-0.22067686183486634
CVX,3,COP|CNQ|KMI,0.8054154881974268,0.5967140553904897,0.009982292437210933,0.8236219223998347,0.648743475329637,0.008551196532500756,0.008535845272869295,0.2290430498248491,0.22805499509229726,0.004313838526457836,142.36332202095844,143.4326844754814,-0.20821596021767708,-0.1764061672878967
CVX,3,COP|CNQ|PSX,0.8448792380478017,0.5921431071108575,0.010028336853435998,0.8303649559707842,0.5847952168505002,0.009275718461485677,0.00928037462760048,0.2290430498248491,0.26362688507943943,-0.15099272944993025,142.36332202095844,169.5758044288272,-0.20821596021767708,-0.1814076723325765
CVX,3,COP|CNQ|WMB,0.7921991153483112,0.5590635687554305,0.010437832579492611,0.8047568138045122,0.6017797314137556,0.009104267177725504,0.009088579586022145,0.2290430498248491,0.23333719083311752,-0.018748182979366534,142.36332202095844,146.90401042127667,-0.20821596021767708,-0.1674222442899156
CVX,3,COP|CNQ|TRGP,0.8104392867731065,0.5137156535562164,0.010960358178297111,0.8138356095202353,0.5478526680038796,0.009691449716584456,0.00968443570792752,0.2290430498248491,0.26356816797445515,-0.15073637107088667,142.36332202095844,161.30769493716804,-0.20821596021767708,-0.1715283075819367
CVX,3,COP|CNQ|OKE,0.8179380137610708,0.5548873270523726,0.010480200173659245,0.8233095014139434,0.5843954276984253,0.009300218278782711,0.009284841460080606,0.2290430498248491,0.2585424634378296,-0.12879418797269304,142.36332202095844,148.806263519018,-0.20821596021767708,-0.18842628733832856
CVX,3,COP|CNQ|MPC,0.8323857615946649,0.5666800567804119,0.01033861882153557,0.8184852334443821,0.5450870758551665,0.009712572489443554,0.009714008334916827,0.2290430498248491,0.26781665425510043,-0.16928522589924366,142.36332202095844,168.48518309924853,-0.20821596021767708,-0.16748726054057794
CVX,3,COP|CNQ|SLB,0.8340131206317767,0.5499153817478333,0.01053020673952497,0.8092067155764247,0.5292596416875268,0.009892481938859714,0.009881549508237523,0.2290430498248491,0.26629004324411315,-0.1626200552592496,142.36332202095844,157.7235133315501,-0.20821596021767708,-0.21106661785188474
CVX,3,COP|DVN|FANG,0.8082099944161266,0.4015178835169768,0.01214336729868319,0.8098641361509715,0.41602060851512246,0.011023630988665534,0.011006090883277685,0.2290430498248491,0.2976113870805136,-0.29936877503202663,142.36332202095844,151.56145808279226,-0.20821596021767708,-0.22292916738580948
CVX,3,COP|DVN|SU,0.8395278972451133,0.5384611293755737,0.010667652501394361,0.8232073522731045,0.5448893481941862,0.009726354905588822,0.009716119199853115,0.2290430498248491,0.271796865713997,-0.18666279514633644,142.36332202095844,158.04466049083794,-0.20821596021767708,-0.2152074695336349
CVX,3,COP|DVN|CVE,0.8216595943218333,0.4424905466759165,0.011716257006976592,0.8143587253109775,0.44381898175284995,0.010752974326397234,0.010740943090021344,0.2290430498248491,0.2936122105242938,-0.281908404331942,142.36332202095844,158.9593647097321,-0.20821596021767708,-0.20907879259193485
CVX,3,COP|DVN|KMI,0.7962905591697766,0.5587139776973811,0.010442014509870723,0.8206046339208621,0.6332679274581932,0.008737269324793616,0.008721853357407642,0.2290430498248491,0.23381833138120667,-0.020848838504417655,142.36332202095844,139.47015401736843,-0.20821596021767708,-0.17425580458004142
CVX,3,COP|DVN|PSX,0.8492865049141562,0.5350542825914812,0.010701935055590474,0.834101177588083,0.5619128254984656,0.009533678149977777,0.009532670978334656,0.2290430498248491,0.2743639817852218,-0.19787080199565077,142.36332202095844,166.101950409575,-0.20821596021767708,-0.18067452970642073
CVX,3,COP|DVN|WMB,0.7813691882169156,0.5177150233801315,0.010916294042234364,0.7998124293225646,0.5829024628073373,0.009318258478219078,0.009301503350472976,0.2290430498248491,0.23777667869675462,-0.03813094908832282,142.36332202095844,143.1177240473458,-0.20821596021767708,-0.16298215221639223
CVX,3,COP|DVN|TRGP,0.8007907329881312,0.4511705520296806,0.011644285355748726,0.8116720741594263,0.523059060129372,0.00995656733508229,0.00994641637627955,0.2290430498248491,0.2700659352526816,-0.17910556753065832,142.36332202095844,158.80477962979577,-0.20821596021767708,-0.16390325952949525
CVX,3,COP|DVN|OKE,0.8095700041407303,0.49242393326649025,0.011190591885463572,0.825808396425256,0.5664936324049471,0.00949968323525367,0.009482701384504426,0.2290430498248491,0.26697144421172,-0.16559504606612152,142.36332202095844,144.2583821655095,-0.20821596021767708,-0.18710835633903322
CVX,3,COP|DVN|MPC,0.8302156006697415,0.5015997023192394,0.0110850590366367,0.824023500113436,0.5257119328019701,0.009922859023743907,0.009918715492709541,0.2290430498248491,0.27803182213608885,-0.21388456165206415,142.36332202095844,164.5741771559989,-0.20821596021767708,-0.16712950594974552
CVX,3,COP|DVN|SLB,0.8374396222243708,0.4947295532174636,0.011152455326928667,0.8084878835145245,0.4858407843862681,0.010342510052645075,0.010327213280020288,0.2290430498248491,0.27891317249016995,-0.21773252977314472,142.36332202095844,153.11549205049047,-0.20821596021767708,-0.2122436094575646
CVX,3,COP|FANG|SU,0.8249909310896776,0.5127183100907966,0.01096398669784281,0.8234085892543155,0.5405302364631874,0.009773813283520678,0.009762539465527919,0.2290430498248491,0.2733347270740962,-0.1933770847144991,142.36332202095844,156.96598082406274,-0.20821596021767708,-0.21607832637014568
CVX,3,COP|FANG|CVE,0.8178819050459256,0.4355536152256091,0.011790174780571452,0.8136414010178912,0.440999448874161,0.010780471456182142,0.010768134019590191,0.2290430498248491,0.29385775554837046,-0.282980451810634,142.36332202095844,158.6716956743108,-0.20821596021767708,-0.20943507197965816
CVX,3,COP|FANG|KMI,0.7962905590309617,0.558713977689888,0.01044201450995683,0.8206046338580091,0.63326792759229,0.008737269323188983,0.008721853355813053,0.2290430498248491,0.23381833123078263,-0.020848837847667667,142.36332202095844,139.47015398485865,-0.20821596021767708,-0.17425580443897015
CVX,3,COP|FANG|PSX,0.8372739115282499,0.5200059026624386,0.010877625102699583,0.8328562483201901,0.5571209390560687,0.009587080327208586,0.009584664331656872,0.2290430498248491,0.274964957095641,-0.20049465506990383,142.36332202095844,165.10992701998262,-0.20821596021767708,-0.18372376158392056
CVX,3,COP|FANG|WMB,0.7813691886586684,0.5177150236218893,0.01091629403948829,0.7998124296793762,0.5829024628729554,0.009318258477483249,0.009301503349741315,0.2290430498248491,0.23777667902110033,-0.0381309505044134,142.36332202095844,143.11772410268824,-0.20821596021767708,-0.16298215263774896
CVX,3,COP|FANG|TRGP,0.8007907326873956,0.4511705516514769,0.011644285359825781,0.8116720739368114,0.5230590602933296,0.009956567333295802,0.009946416374569915,0.2290430498248491,0.2700659350357969,-0.17910556658374177,142.36332202095844,158.8047797104858,-0.20821596021767708,-0.16390325886632628
CVX,3,COP|FANG|OKE,0.8095700042043801,0.49242393314381494,0.011190591886779507,0.8258083964381506,0.5664936320944027,0.009499683238652083,0.009482701387900916,0.2290430498248491,0.2669714443263863,-0.16559504656675372,142.36332202095844,144.25838219938944,-0.20821596021767708,-0.18710835651411595
CVX,3,COP|FANG|MPC,0.8240648422582435,0.4913666800289268,0.011199794232292348,0.8230398257215493,0.5222488755331955,0.009959491291864494,0.009954860832740582,0.2290430498248491,0.27835661914724036,-0.21530262262968347,142.36332202095844,164.24861758489487,-0.20821596021767708,-0.16835405647057633
CVX,3,COP|FANG|SLB,0.8295137051054604,0.4799896667272563,0.011316590944312446,0.8069616696078263,0.4788107959729173,0.010413184372253711,0.010397574471629513,0.2290430498248491,0.2798368431174558,-0.22176526784571338,142.36332202095844,152.8361770128721,-0.20821596021767708,-0.21263106653425068
CVX,3,COP|SU|CVE,0.8249909309461657,0.5127183090844332,0.010963986709080638,0.8234085891989391,0.5405302354857753,0.00977381329398776,0.009762539475911654,0.2290430498248491,0.2733347273374182,-0.1933770858641608,142.36332202095844,156.96598075403534,-0.20821596021767708,-0.21607832645736025
CVX,3,COP|SU|KMI,0.8097732880741588,0.6070725086554473,0.009852340825969827,0.8296281994556438,0.6716593008713376,0.008267509656234028,0.008252712073138527,0.2290430498248491,0.219545679461096,0.041465437921018866,142.36332202095844,143.8572890598284,-0.20821596021767708,-0.1711880490906985
CVX,3,COP|SU|PSX,0.8489572451535125,0.5895444706718073,0.010063487983486472,0.8393145529727526,0.6169941754571298,0.008908448847597674,0.008913269199973874,0.2290430498248491,0.25927657256701503,-0.1319993021630026,142.36332202095844,168.6452496416595,-0.20821596021767708,-0.18124612180352384
CVX,3,COP|SU|WMB,0.7959676075726991,0.5700460251156672,0.010306735814694065,0.8074863269659756,0.6215341371525052,0.008875363918548077,0.008860284976414813,0.2290430498248491,0.22489944682717397,0.01809093531038719,142.36332202095844,147.4452171453283,-0.20821596021767708,-0.16149608759061196
CVX,3,COP|SU|TRGP,0.8142392209887708,0.517654984410985,0.010916809324914652,0.8201501034356424,0.5791165189807579,0.009349249844399507,0.009343622298892223,0.2290430498248491,0.2575183187784092,-0.12432278113365736,142.36332202095844,161.66760346522258,-0.20821596021767708,-0.16671841644426444
CVX,3,COP|SU|OKE,0.8229538211768601,0.564920879114004,0.010364916832387076,0.8316658718230072,0.6248213082473377,0.008836047493676773,0.008821722990146226,0.2290430498248491,0.24964617045874182,-0.08995304878121413,142.36332202095844,149.1310103147528,-0.20821596021767708,-0.1827306041662533
CVX,3,COP|SU|MPC,0.8362024925928755,0.5608243105787376,0.010410879236570055,0.8293711568695303,0.5829844369364002,0.009299434339632902,0.009300589271588078,0.2290430498248491,0.263565756224668,-0.15072584139190703,142.36332202095844,167.11784853091459,-0.20821596021767708,-0.16913425766826085
CVX,3,COP|SU|SLB,0.8442034078722774,0.5723382534744976,0.010269670654387778,0.8188978131589635,0.5780565128481588,0.009364534273255752,0.009355380979342055,0.2290430498248491,0.2569755283598435,-0.12195296280046297,142.36332202095844,158.20825300642676,-0.20821596021767708,-0.2060019858635418
CVX,3,COP|CVE|KMI,0.8075745581891632,0.5860463915395253,0.010113448521730196,0.8221586666578615,0.6415798144981308,0.008637404163012345,0.00862244760894604,0.2290430498248491,0.23073887322781256,-0.0074039504986518345,142.36332202095844,146.41996679642938,-0.20821596021767708,-0.15888068503417607
CVX,3,COP|CVE|PSX,0.8459345859338266,0.54371168333527,0.010602698817516461,0.8308880450708739,0.5586039193426988,0.009557308292738601,0.009568603754110843,0.2290430498248491,0.27261992553591236,-0.190256267301657,142.36332202095844,174.78191957860818,-0.20821596021767708,-0.16546996600311792
CVX,3,COP|CVE|WMB,0.7908143751403061,0.5402627296248272,0.010657922273523916,0.8017843746714324,0.5902109251193386,0.00923519749806541,0.0092196518568553,0.2290430498248491,0.23614913422201925,-0.031025103807359455,142.36332202095844,148.05756216827547,-0.20821596021767708,-0.15316428381856273
CVX,3,COP|CVE|TRGP,0.8012570476942886,0.4524618167136969,0.011630543705653626,0.8118846001787408,0.5237785846392861,0.009948829877006331,0.009938910843627009,0.2290430498248491,0.2699914754186761,-0.1787804765311174,142.36332202095844,159.03992252346256,-0.20821596021767708,-0.16357740208575933
CVX,3,COP|CVE|OKE,0.8184407466100037,0.5170987589346787,0.010913227441833748,0.8256815888989449,0.5726818719425635,0.00942932386673451,0.00941477602438526,0.2290430498248491,0.2646827741720364,-0.15560273221318544,142.36332202095844,151.07909011008476,-0.20821596021767708,-0.17292857229658098
CVX,3,COP|CVE|MPC,0.8305110410956128,0.5100886928158972,0.010989987325272803,0.8230588921377296,0.5263696942296949,0.009909899168108404,0.009911835273206224,0.2290430498248491,0.27697760866652776,-0.2092818746446774,142.36332202095844,169.4159896554686,-0.20821596021767708,-0.15880289071454923
CVX,3,COP|CVE|SLB,0.8379623351670563,0.5053013302612704,0.011034535758881645,0.8101332359083092,0.4980780457693541,0.010213315633477549,0.010203576625254859,0.2290430498248491,0.2764215563151162,-0.2068541548259064,142.36332202095844,159.99402400339378,-0.20821596021767708,-0.19904724236094873
CVX,3,COP|KMI|PSX,0.8271800531882365,0.618561858819392,0.009708024715963047,0.8426911036054793,0.6828289999809489,0.008123503477925988,0.008111124542420994,0.2290430498248491,0.23073430996279898,-0.007384027322563158,142.36332202095844,150.11921074847677,-0.20821596021767708,-0.15594366550041538
CVX,3,COP|KMI|WMB,0.7962905591444804,0.5587139776960155,0.010442014509886416,0.8206046339094084,0.6332679274826294,0.008737269324501206,0.008721853357117063,0.2290430498248491,0.2338183313537951,-0.020848838384738944,142.36332202095844,139.47015401144424,-0.20821596021767708,-0.17425580455433398
CVX,3,COP|KMI|TRGP,0.7962905591064846,0.5587139776939646,0.010442014509909983,0.8206046338922044,0.633267927519334,0.008737269324061991,0.008721853356680596,0.2290430498248491,0.2338183313126215,-0.020848838204975406,142.36332202095844,139.47015400254577,-0.20821596021767708,-0.17425580451572065
CVX,3,COP|KMI|OKE,0.7962905591974583,0.5587139776988752,0.010442014509853553,0.8206046339333961,0.6332679274314517,0.00873726932511361,0.008721853357725632,0.2290430498248491,0.23381833141120395,-0.020848838635385558,142.36332202095844,139.4701540238515,-0.20821596021767708,-0.17425580460817347
CVX,3,COP|KMI|MPC,0.8131631711279238,0.5955704180183965,0.009996450997852587,0.8333041541891636,0.6649805143483847,0.008350020400325262,0.008336223845505223,0.2290430498248491,0.2300791106040454,-0.004523432516239101,142.36332202095844,148.15694518189903,-0.20821596021767708,-0.14587052106811815
CVX,3,COP|KMI|SLB,0.8156314375245991,0.6047018081844195,0.009882954746951143,0.812839141873353,0.6368096509552363,0.008695195363133776,0.008679635429406422,0.2290430498248491,0.22157697114973293,0.03259683575129446,142.36332202095844,140.78201499160025,-0.20821596021767708,-0.16615040456100205
CVX,3,COP|PSX|WMB,0.8189903963166804,0.597683368602698,0.009970077405076785,0.8270599907819779,0.6495396436391428,0.008536441579816952,0.00852616598667831,0.2290430498248491,0.23170933594805568,-0.011640982449567794,142.36332202095844,154.51402111673158,-0.20821596021767708,-0.14184066683516294
CVX,3,COP|PSX|TRGP,0.8298610952108575,0.5430078346348285,0.010625172653365374,0.8328832240667456,0.6096001067362402,0.008993492778347293,0.008998894891446545,0.2290430498248491,0.2564432438262811,-0.1196290130714952,142.36332202095844,169.2842812345035,-0.20821596021767708,-0.13827617959736194
CVX,3,COP|PSX|OKE,0.8357320302007406,0.5652418579228875,0.010356803037523503,0.8429490937104845,0.6320503268283344,0.008745382591874143,0.008736320232268576,0.2290430498248491,0.2570194907446484,-0.122144902197177,142.36332202095844,156.54545306953395,-0.20821596021767708,-0.16293502401818272
CVX,3,COP|PSX|MPC,0.8372739114631347,0.5200059024183807,0.010877625105435003,0.8328562483421214,0.5571209388342362,0.009587080329731937,0.009584664334057292,0.2290430498248491,0.274964957184442,-0.20049465545760836,142.36332202095844,165.10992692551744,-0.20821596021767708,-0.18372376181291983
CVX,3,COP|PSX|SLB,0.8492599010819213,0.5583310502691343,0.010432570368946084,0.8285150712990225,0.5779189289060687,0.009358388006808806,0.0093569061187568,0.2290430498248491,0.2647341905880847,-0.15582721584666648,142.36332202095844,165.2387530897036,-0.20821596021767708,-0.1763826497750688
CVX,3,COP|WMB|TRGP,0.7813691883894966,0.5177150234745799,0.010916294041161545,0.7998124294619613,0.5829024628329726,0.00931825847793161,0.009301503350187135,0.2290430498248491,0.2377766788234679,-0.03813094964155184,142.36332202095844,143.11772406896654,-0.20821596021767708,-0.16298215238100544
CVX,3,COP|WMB|OKE,0.7813691882696776,0.5177150234090065,0.01091629404190638,0.7998124293651809,0.5829024628151747,0.009318258478131192,0.009301503350385588,0.2290430498248491,0.2377766787354936,-0.03813094925745686,142.36332202095844,143.11772405395575,-0.20821596021767708,-0.16298215226671764
CVX,3,COP|WMB|MPC,0.8019055999449215,0.5664596515617446,0.01034997081030866,0.8133733812435151,0.6203163330549823,0.008886829959114217,0.00887452856668568,0.2290430498248491,0.23264334404279688,-0.015718853816786504,142.36332202095844,152.86924600944556,-0.20821596021767708,-0.12948017568742387
CVX,3,COP|WMB|SLB,0.8015684072039961,0.5653264450798239,0.010363312826590934,0.7950250859900932,0.592406871442574,0.009211353976067585,0.009194915891760264,0.2290430498248491,0.22769999387502732,0.005863770810111135,142.36332202095844,144.41476157297797,-0.20821596021767708,-0.15744968090395972
CVX,3,COP|TRGP|OKE,0.8077268325791133,0.48864998548069216,0.011235767169986907,0.8247354702030998,0.5696216208959053,0.009464390494706343,0.00944842797646115,0.2290430498248491,0.26502669752357144,-0.1571042986296214,142.36332202095844,148.11749270440347,-0.20821596021767708,-0.17723884562276826
CVX,3,COP|TRGP|MPC,0.818348269446959,0.5132466205176234,0.010965539114165816,0.8250173927948489,0.5766501487780853,0.009371114187624232,0.009370959044851159,0.2290430498248491,0.2622921504881811,-0.14516528962026065,142.36332202095844,166.3192811783668,-0.20821596021767708,-0.13693052638782133
CVX,3,COP|TRGP|SLB,0.8199392822240653,0.5141095762857848,0.010956315687492302,0.7979662107771409,0.5435437430362282,0.009738277197527612,0.009730472204389188,0.2290430498248491,0.25235184947681083,-0.10176602027342074,142.36332202095844,160.6610392711315,-0.20821596021767708,-0.1521102453447124
CVX,3,COP|OKE|MPC,0.8241631974011241,0.5434406728147807,0.010614880670058873,0.8338918418912067,0.6065346006110756,0.009045542602041564,0.009034156460787847,0.2290430498248491,0.2591021171626433,-0.13123763135698985,142.36332202095844,154.63510741979246,-0.20821596021767708,-0.15205707082474074
CVX,3,COP|OKE|SLB,0.8285995854454461,0.5497705958604007,0.010537907601436513,0.8198340385317665,0.59274673494972,0.009207307204957051,0.009191081592493459,0.2290430498248491,0.2522967965950165,-0.10152565986154016,142.36332202095844,145.5697896770802,-0.20821596021767708,-0.17793164413120344
CVX,3,COP|MPC|SLB,0.8426290742421157,0.5511959709261756,0.010518503350654703,0.816348268297097,0.5521834931211905,0.009640453997107994,0.009637943656395496,0.2290430498248491,0.2639259848065257,-0.1522985963047201,142.36332202095844,165.1793583452066,-0.20821596021767708,-0.15764791433107672
CVX,3,HAL|CNQ|DVN,0.8346008633918799,0.41841409471123236,0.011942101716371566,0.7606990497184101,0.3542841956507763,0.011582011214365735,0.011573242206232117,0.2290430498248491,0.28240118249893337,-0.23296115169129838,142.36332202095844,164.90169995111987,-0.20821596021767708,-0.20581284711113756
CVX,3,HAL|CNQ|FANG,0.817316469730026,0.3793501119000764,0.012344585969746724,0.7476764475978277,0.3533012559350468,0.011590982778293261,0.011582047530046461,0.2290430498248491,0.2747986243576036,-0.19976844775575642,142.36332202095844,164.7599859906564,-0.20821596021767708,-0.20225198910641895
CVX,3,HAL|CNQ|SU,0.7977186948869982,0.36790705638101107,0.01246036143816087,0.7109095262715045,0.2267242266110132,0.012672358406773944,0.012664893323983815,0.2290430498248491,0.28333146564892353,-0.23702275998153688,142.36332202095844,169.29824376387842,-0.20821596021767708,-0.2164557427218038
CVX,3,HAL|CNQ|CVE,0.7977186947828904,0.3679070569880507,0.012460361432342292,0.7109095265128359,0.2267242277735373,0.012672358397214327,0.012664893314463768,0.2290430498248491,0.28333146552555044,-0.23702275944289108,142.36332202095844,169.29824377420485,-0.20821596021767708,-0.21645574266976997
CVX,3,HAL|CNQ|KMI,0.7885594086925072,0.5413099457150817,0.010644038678261237,0.7413909953397088,0.4944878142881105,0.010256279088574741,0.010240004525983183,0.2290430498248491,0.22350467741478688,0.024180486656536604,142.36332202095844,150.99331732521756,-0.20821596021767708,-0.17482527514727075
CVX,3,HAL|CNQ|PSX,0.8366442911612905,0.5259213157864377,0.01079922230892988,0.7676338324474993,0.44558671296959906,0.010710280403979857,0.010723860332202675,0.2290430498248491,0.26160767575256005,-0.14217687876848206,142.36332202095844,179.75374683324284,-0.20821596021767708,-0.16366306157731902
CVX,3,HAL|CNQ|WMB,0.7796416436088948,0.5079116852243293,0.01102287982919174,0.7160847205852883,0.4261851671269289,0.010924636079100443,0.010909886168660652,0.2290430498248491,0.23121216086091978,-0.009470320263939014,142.36332202095844,155.93279885284483,-0.20821596021767708,-0.18003132311652514
CVX,3,HAL|CNQ|TRGP,0.7955799237417981,0.42785974652812175,0.011882832829365227,0.7279199803043461,0.3579126783458797,0.01154096802161501,0.011540679530386407,0.2290430498248491,0.2610721620564384,-0.13983883054335067,142.36332202095844,172.33959409463316,-0.20821596021767708,-0.1815815661937129
CVX,3,HAL|CNQ|OKE,0.805850003510823,0.49194970836578733,0.011185824669694222,0.7476460537291172,0.4241848086246208,0.010943469296371957,0.010928885936239854,0.2290430498248491,0.25516506510466225,-0.11404849568580588,142.36332202095844,156.2321494278882,-0.20821596021767708,-0.1861569818610943
CVX,3,HAL|CNQ|MPC,0.8257596422192692,0.4995422192716762,0.011097136898949997,0.7375170350564378,0.3503664359640323,0.011597127437035594,0.011608298352082233,0.2290430498248491,0.2687562126670302,-0.17338732990391992,142.36332202095844,180.91253940582126,-0.20821596021767708,-0.16406133728493488
CVX,3,HAL|CNQ|SLB,0.7977186947471956,0.3679070571961811,0.012460361430347325,0.7109095265955794,0.2267242281721219,0.012672358393936704,0.012664893311199712,0.2290430498248491,0.28333146548325067,-0.2370227592582106,142.36332202095844,169.29824377774557,-0.20821596021767708,-0.21645574265192946
CVX,3,HAL|DVN|FANG,0.8365054294778913,0.2387752706025904,0.013645369303453909,0.7351062011983899,0.22605385244687026,0.012685414957790957,0.012670381907917423,0.2290430498248491,0.29658891070978427,-0.2949046519271725,142.36332202095844,161.09309357581708,-0.20821596021767708,-0.20546322075909085
CVX,3,HAL|DVN|SU,0.8491059482804442,0.45036227043178945,0.011619393253834747,0.763630390872141,0.4040765847074047,0.011124083815430515,0.011118073972156323,0.2290430498248491,0.27141626889966436,-0.18500111270443864,142.36332202095844,166.25604393078547,-0.20821596021767708,-0.2131592868420139
CVX,3,HAL|DVN|CVE,0.8380833442222702,0.2779536799665333,0.013290386082982419,0.7458864159369545,0.23989105632576502,0.012554963869703102,0.01255660565807731,0.2290430498248491,0.29908850931256165,-0.3058178780856997,142.36332202095844,176.83063994146684,-0.20821596021767708,-0.2126147728308755
CVX,3,HAL|DVN|KMI,0.8261949322477372,0.5185442583167825,0.01089315969395829,0.7543721668879573,0.48022871663038114,0.010401733843600311,0.01038342128464984,0.2290430498248491,0.24103982101430713,-0.052377800586536294,142.36332202095844,146.07361420343062,-0.20821596021767708,-0.16933597848858095
CVX,3,HAL|DVN|PSX,0.8553992673585554,0.4167188465269068,0.011960766307407054,0.7799352939701556,0.4191012248970354,0.01097275754930809,0.010977022753945723,0.2290430498248491,0.2775945172187079,-0.21197529211642308,142.36332202095844,174.1891909600924,-0.20821596021767708,-0.15872417615845225
CVX,3,HAL|DVN|WMB,0.8202116211507748,0.48972791370509794,0.011211993333195468,0.7361663714097793,0.4269344585014899,0.010920815838821879,0.010902760739411942,0.2290430498248491,0.24623128174668715,-0.07504367382019228,142.36332202095844,149.96132323681545,-0.20821596021767708,-0.1779551555252753
CVX,3,HAL|DVN|TRGP,0.8235199872380616,0.33805912591537857,0.012767587766092056,0.7370818210013291,0.31123115223149955,0.011960757817791483,0.011952839342365431,0.2290430498248491,0.27878571681493125,-0.21717605938325013,142.36332202095844,166.8218183583711,-0.20821596021767708,-0.17552179915047705
CVX,3,HAL|DVN|OKE,0.8351553425046379,0.4007729194224776,0.012125335018225264,0.7549118218432913,0.3701409194809204,0.011448728560478476,0.011430257954091033,0.2290430498248491,0.27521425098616786,-0.20158307006751008,142.36332202095844,151.38956110356966,-0.20821596021767708,-0.1812860866250512
CVX,3,HAL|DVN|MPC,0.8454458914152825,0.3941912304697244,0.012191454472915624,0.7522689242193346,0.3279282863718096,0.011804370583655048,0.011807070124736212,0.2290430498248491,0.2833952956324268,-0.23730144114454155,142.36332202095844,175.4476122135155,-0.20821596021767708,-0.15201936862938736
CVX,3,HAL|DVN|SLB,0.8391645659017045,0.22211948819898952,0.013790533623361662,0.7331916651729758,0.17413032937626394,0.013104307923682957,0.01308850649171864,0.2290430498248491,0.3058264655327736,-0.33523573741548285,142.36332202095844,161.40081007217967,-0.20821596021767708,-0.21360557194803098
CVX,3,HAL|FANG|SU,0.8320561735119304,0.4136842205445036,0.012007650124169125,0.7496918774234561,0.40190009840240903,0.011144577592786309,0.011138358693756139,0.2290430498248491,0.26294218982619405,-0.1480033558200866,142.36332202095844,166.12067432861357,-0.20821596021767708,-0.20885284840707463
CVX,3,HAL|FANG|CVE,0.8212511144060026,0.2398205217536351,0.013646796654352126,0.7310461655887653,0.23874633551422808,0.012563823689575987,0.012566057198074687,0.2290430498248491,0.2913518986857957,-0.27203990214326357,142.36332202095844,177.3229944118119,-0.20821596021767708,-0.2083720201760958
CVX,3,HAL|FANG|KMI,0.8024049587309082,0.4738825398332014,0.011393414891584632,0.741673398475875,0.4819707415043093,0.010384503189270948,0.010366006548672809,0.2290430498248491,0.22964131478106736,-0.002612019690952261,142.36332202095844,144.91747471863857,-0.20821596021767708,-0.16136256072631372
CVX,3,HAL|FANG|PSX,0.8440640677608453,0.40067952310808375,0.012128587485078305,0.764023240335701,0.40745269339812573,0.011082950777731674,0.011086535405597654,0.2290430498248491,0.2704712733219752,-0.18087527008047855,142.36332202095844,174.0083819309664,-0.20821596021767708,-0.15415094598290846
CVX,3,HAL|FANG|WMB,0.791848236239995,0.43912099876933886,0.011763079165546718,0.7185204419389136,0.42638913563056324,0.01092653822916862,0.010907946979558632,0.2290430498248491,0.23319681537932058,-0.018135304946593545,142.36332202095844,148.56517605739847,-0.20821596021767708,-0.16232762256614364
CVX,3,HAL|FANG|TRGP,0.802849570805538,0.3011614337090467,0.013128100520982674,0.728551788901229,0.3380184198706875,0.0117253192308965,0.01171810234256044,0.2290430498248491,0.2670222573450826,-0.16581689577254788,142.36332202095844,166.82632735093952,-0.20821596021767708,-0.16489326330532394
CVX,3,HAL|FANG|OKE,0.8151813325757213,0.3595607812925399,0.012545363251208658,0.7438591560703747,0.38256295599161627,0.011335629357693366,0.011316983302303752,0.2290430498248491,0.2649712266313971,-0.15686211318799037,142.36332202095844,150.48570716755341,-0.20821596021767708,-0.174919060061274
CVX,3,HAL|FANG|MPC,0.8329151895652045,0.3729785996358421,0.012408904711731677,0.7361594900744728,0.31535991431823307,0.011914823919797016,0.011916960390212956,0.2290430498248491,0.27698215345856864,-0.209301717167925,142.36332202095844,175.33716164353297,-0.20821596021767708,-0.14859973692208595
CVX,3,HAL|FANG|SLB,0.8188403064365073,0.1801143265900833,0.014170142195987749,0.7101797122391964,0.16545000913727725,0.013173242038095667,0.01315711020669693,0.2290430498248491,0.29581113159838246,-0.291508874967354,142.36332202095844,161.18327962843762,-0.20821596021767708,-0.2023772676905431
CVX,3,HAL|SU|CVE,0.817889845852176,0.4108642935534128,0.012041249653328812,0.6972386709250673,0.24553860943531536,0.012514239759050432,0.012509871363495063,0.2290430498248491,0.2715341113046162,-0.1855156116383374,142.36332202095844,171.69177372189347,-0.20821596021767708,-0.22746802395976884
CVX,3,HAL|SU|KMI,0.8005298491209066,0.5711093305844949,0.010294308389365615,0.730815556675196,0.49753609971094637,0.010225014033510445,0.01020908375261474,0.2290430498248491,0.21103371247710995,0.07862861309920133,142.36332202095844,151.54659786092031,-0.20821596021767708,-0.18031055235173876
CVX,3,HAL|SU|PSX,0.8449942671102472,0.525496506877817,0.010810243451877637,0.7530882688311721,0.4286157738702381,0.010871547564220865,0.010886755201714825,0.2290430498248491,0.2566084357399804,-0.12035023955632229,142.36332202095844,181.29121693313817,-0.20821596021767708,-0.17173136132400801
CVX,3,HAL|SU|WMB,0.7911449999210761,0.5425764856914703,0.01063115367766121,0.6990642098710184,0.4242126030663881,0.010943059736629788,0.010928622165889572,0.2290430498248491,0.21802512879552893,0.048104149144650554,142.36332202095844,156.43647163003192,-0.20821596021767708,-0.18472846232753126
CVX,3,HAL|SU|TRGP,0.8057256148477338,0.4443999314918404,0.011714383777635826,0.7165536793075798,0.361815713613417,0.011503311485208972,0.011505550087767387,0.2290430498248491,0.2525602639783738,-0.10267595620783276,142.36332202095844,174.21527987602232,-0.20821596021767708,-0.18720740558041604
CVX,3,HAL|SU|OKE,0.8173837491425074,0.5179810439945686,0.010904187816349562,0.7413630615011229,0.44524349899897764,0.010740708172561944,0.010727179164312615,0.2290430498248491,0.24358838838730218,-0.0635048239777456,142.36332202095844,157.03790679397204,-0.20821596021767708,-0.192322314327097
CVX,3,HAL|SU|MPC,0.8332508261138251,0.4925039257500632,0.01118018115891686,0.7205003924148281,0.32400778369457983,0.011829309551530632,0.01184145807626743,0.2290430498248491,0.26520414105738405,-0.15787901558326078,142.36332202095844,182.29348616518365,-0.20821596021767708,-0.17033384234439775
CVX,3,HAL|SU|SLB,0.817889845934145,0.4108642948307748,0.012041249640465155,0.6972386713062124,0.245538611446682,0.01251423974229464,0.01250987134681963,0.2290430498248491,0.2715341110440901,-0.18551561050088283,142.36332202095844,171.69177374485815,-0.20821596021767708,-0.22746802395360066
CVX,3,HAL|CVE|KMI,0.7912888195244109,0.49597410422111354,0.01115474575765213,0.7232184095751405,0.4342659235895461,0.010839861675486786,0.01083279447278647,0.2290430498248491,0.23339212770715137,-0.0189880369023554,142.36332202095844,164.46590283769268,-0.20821596021767708,-0.17805971436461543
CVX,3,HAL|CVE|PSX,0.8344018961008213,0.4052346153181914,0.012085366344088775,0.7471523107582073,0.3299669951413201,0.011751454578009825,0.011789148331979221,0.2290430498248491,0.278949976280221,-0.21789321480628243,142.36332202095844,197.4413097737683,-0.20821596021767708,-0.1666827472955642
CVX,3,HAL|CVE|WMB,0.78244634053057,0.45718521065074613,0.011573207047163437,0.6927245311630906,0.34586537835477804,0.011651793765176392,0.011648443620422553,0.2290430498248491,0.2418867324027244,-0.056075408477563204,142.36332202095844,170.11160348388904,-0.20821596021767708,-0.18267239102342991
CVX,3,HAL|CVE|TRGP,0.7957230916306428,0.3109630695650124,0.013034459859257396,0.7080409866573412,0.24877816878857717,0.012466889370881484,0.012482984587846432,0.2290430498248491,0.27621429363380984,-0.20594924772890044,142.36332202095844,186.95312259676908,-0.20821596021767708,-0.18404148465371128
CVX,3,HAL|CVE|OKE,0.8060404157750802,0.38839342659620746,0.012262791105612469,0.7315769831778226,0.3323687229115062,0.011771232879830704,0.011768000311342027,0.2290430498248491,0.2701984788168741,-0.1796842516002859,142.36332202095844,170.5530626832973,-0.20821596021767708,-0.18974342991045168
CVX,3,HAL|CVE|MPC,0.8228098210419401,0.3708836746059345,0.012430752513407197,0.7138568942472442,0.21193375821972615,0.012756134962190774,0.012785440519814647,0.2290430498248491,0.2871082039701032,-0.25351196724658087,142.36332202095844,196.261695369259,-0.20821596021767708,-0.16847277681319728
CVX,3,HAL|CVE|SLB,0.8016013994707685,0.16620734867211961,0.01429065655464554,0.6873608661534949,0.024589032345636253,0.014207181303631466,0.014224209867504747,0.2290430498248491,0.3097172728450009,-0.3522229689215366,142.36332202095844,193.29317668113546,-0.20821596021767708,-0.22923162903130323
CVX,3,HAL|KMI|PSX,0.8155410267784798,0.530706690694758,0.010761984537694455,0.7290258158787853,0.4395223339943556,0.010792553027671818,0.01078235160611966,0.2290430498248491,0.23607092516495395,-0.03068364373194954,142.36332202095844,161.1545630886504,-0.20821596021767708,-0.13487590661683724
CVX,3,HAL|KMI|WMB,0.760160018320196,0.4076548012685913,0.012093984479624042,0.6426142557260737,0.24230468386301374,0.012559234514765307,0.012536653869138792,0.2290430498248491,0.24180217550668526,-0.0557062337913905,142.36332202095844,143.4206493536808,-0.20821596021767708,-0.19455605502187867
CVX,3,HAL|KMI|TRGP,0.7644077604253284,0.3863432010208391,0.012311476078235845,0.6602987060818803,0.2655923665177763,0.012362592738285787,0.012342494013298426,0.2290430498248491,0.2457140865224776,-0.07278560388702893,142.36332202095844,151.79272751867938,-0.20821596021767708,-0.1853466927285079
CVX,3,HAL|KMI|OKE,0.7601600181180986,0.4076548015684516,0.012093984476649198,0.6426142557916116,0.2423046848617244,0.01255923450649131,0.012536653860876573,0.2290430498248491,0.24180217526827982,-0.05570623275051445,142.36332202095844,143.42064929483578,-0.20821596021767708,-0.1945560548059646
CVX,3,HAL|KMI|MPC,0.8027445026835647,0.5095112076593441,0.011004069514883814,0.7003111655972086,0.36689734789125683,0.011470926147291413,0.011459651236424456,0.2290430498248491,0.24056743963517246,-0.050315387518355736,142.36332202095844,161.93884809962725,-0.20821596021767708,-0.12742765593498384
CVX,3,HAL|KMI|SLB,0.760160017432016,0.4076548025864192,0.012093984466550179,0.6426142560140987,0.24230468825215434,0.012559234478402678,0.012536653832827933,0.2290430498248491,0.24180217445893937,-0.05570622921694102,142.36332202095844,143.42064909506826,-0.20821596021767708,-0.19455605407297916
CVX,3,HAL|PSX|WMB,0.8104012328398366,0.5227857861189145,0.010852762277648505,0.714310197739708,0.40650751519423123,0.01110194411611143,0.011095374004764428,0.2290430498248491,0.23686477326046143,-0.03414957773917893,142.36332202095844,165.6733441024525,-0.20821596021767708,-0.13123612333305612
CVX,3,HAL|PSX|TRGP,0.8147313551458326,0.42262262922573113,0.011938326496053451,0.7336164007478013,0.3734170103159462,0.011386114842243245,0.011400493055635903,0.2290430498248491,0.2599180621379257,-0.13480004015265656,142.36332202095844,182.38047061920625,-0.20821596021767708,-0.12865176115923693
CVX,3,HAL|PSX|OKE,0.8247488897204097,0.45335471099513736,0.011598426130373967,0.7404126492085965,0.3844334700469594,0.01130589668572183,0.01129982800418883,0.2290430498248491,0.26183760558077324,-0.14318075043535416,142.36332202095844,166.71449674727202,-0.20821596021767708,-0.14167834360024267
CVX,3,HAL|PSX|MPC,0.8216646582348749,0.33441043379056834,0.012786173872609658,0.6977184574158022,0.16058733906529232,0.013188626413209269,0.013195385781052046,0.2290430498248491,0.28984826875859265,-0.26547506671886234,142.36332202095844,182.66565331209156,-0.20821596021767708,-0.15235110033612875
CVX,3,HAL|PSX|SLB,0.8212946550160224,0.3193549663269484,0.012929077409195865,0.7016759748181363,0.17083371152751903,0.013108796638246652,0.013114603122445282,0.2290430498248491,0.28983445770132965,-0.265414767760769,142.36332202095844,181.70587722936455,-0.20821596021767708,-0.15378059350118378
CVX,3,HAL|WMB|TRGP,0.7603158530680285,0.32135725618123434,0.012946218912303447,0.6479682097695386,0.18581500077227064,0.013011027074117493,0.01299558644217418,0.2290430498248491,0.2589832513676503,-0.13071866431090884,142.36332202095844,161.57717562871693,-0.20821596021767708,-0.19078097630016377
CVX,3,HAL|WMB|OKE,0.7736702259479774,0.3723101451933446,0.012438628816735178,0.6588803789169675,0.2136614160009379,0.012793678893408137,0.012771418230739852,0.2290430498248491,0.25843227559570675,-0.128313108794752,142.36332202095844,148.02428732115948,-0.20821596021767708,-0.19854222899482887
CVX,3,HAL|WMB|MPC,0.7955778360133795,0.49070742689141,0.011212772594473145,0.6792443150011462,0.3085038406162357,0.011984260652086031,0.01197648073585079,0.2290430498248491,0.24466099690006718,-0.06818782358670661,142.36332202095844,167.02329404505883,-0.20821596021767708,-0.12450600512084231
CVX,3,HAL|WMB|SLB,0.7467845708710559,0.3685434392703233,0.012485790774721965,0.6072138470431725,0.1397871080480494,0.013381126466418635,0.013357872923048618,0.2290430498248491,0.2486397282070626,-0.08555893050323604,142.36332202095844,148.39845891703044,-0.20821596021767708,-0.2094602858948108
CVX,3,HAL|TRGP|OKE,0.7772565592326256,0.28110847568963404,0.013316373374164466,0.6760851320905216,0.18296070602842007,0.013033919596977368,0.013018345877351505,0.2290430498248491,0.27455698803899325,-0.1987134656517584,142.36332202095844,161.4769740148305,-0.20821596021767708,-0.1859980181901426
CVX,3,HAL|TRGP|MPC,0.8056222407077833,0.3829976878047532,0.012337954257380924,0.6984964272233708,0.2452913809760875,0.012502173243887187,0.012511920867242992,0.2290430498248491,0.27189381599619356,-0.18708607925065945,142.36332202095844,182.72371835958091,-0.20821596021767708,-0.1312655793798877
CVX,3,HAL|TRGP|SLB,0.7708861061485007,0.25650721257306286,0.013551206230692048,0.6554067770922511,0.13551797015726097,0.013397068472115055,0.013390978694235327,0.2290430498248491,0.27382379936562945,-0.19551237016370737,142.36332202095844,172.68757805512627,-0.20821596021767708,-0.17182949009135484
CVX,3,HAL|OKE|MPC,0.8146944838809536,0.43334827328585224,0.011810718448459677,0.7108233600834271,0.28910564921315063,0.012150491677341935,0.012143303949007858,0.2290430498248491,0.2688750808998539,-0.1739063075935492,142.36332202095844,168.06588416707552,-0.20821596021767708,-0.1389917524609563
CVX,3,HAL|OKE|SLB,0.785820039084449,0.3035174723265601,0.0130877082300691,0.6764599144466604,0.1629022640672778,0.013199863637479572,0.013177178158586872,0.2290430498248491,0.2792476326759225,-0.21919278008856935,142.36332202095844,149.18843721323793,-0.20821596021767708,-0.19643303226210007
CVX,3,HAL|MPC|SLB,0.8088841598548423,0.2978123315990546,0.013136230846172254,0.668746991549893,0.040743107719670046,0.014101142393156853,0.014105932399836823,0.2290430498248491,0.2984616841002275,-0.3030811645603886,142.36332202095844,183.96431305100234,-0.20821596021767708,-0.15371757225888694
CVX,3,CNQ|DVN|FANG,0.806525727272411,0.3751746321467876,0.012402125178178994,0.7391360432243792,0.27553751405946636,0.012270723199248289,0.012258639821975555,0.2290430498248491,0.2882205646717283,-0.25836852457270654,142.36332202095844,163.37499174182963,-0.20821596021767708,-0.1985808301223818
CVX,3,CNQ|DVN|SU,0.8161900836822399,0.39380250509195946,0.012214755866382687,0.741032115341487,0.24943101722705774,0.012489675778777146,0.012477559247417993,0.2290430498248491,0.29485597599481367,-0.28733867375714817,142.36332202095844,163.98166560841315,-0.20821596021767708,-0.21673347936424392
CVX,3,CNQ|DVN|CVE,0.811210828340473,0.3758088204225769,0.012393761863781575,0.7371292751807618,0.22372196180743908,0.012702327614631519,0.012689455407495451,0.2290430498248491,0.29807943291688466,-0.30141225915751724,142.36332202095844,163.75382452824547,-0.20821596021767708,-0.2178118003975511
CVX,3,CNQ|DVN|KMI,0.7993305982351845,0.5540811139033972,0.010496310139352474,0.7592354403224019,0.5075621752113824,0.010124074290719601,0.010106715396710205,0.2290430498248491,0.2339714778692123,-0.021517474763508515,142.36332202095844,147.6978316457549,-0.20821596021767708,-0.1716520805727375
CVX,3,CNQ|DVN|PSX,0.8454776087416418,0.5289381743208645,0.01077111783932621,0.7872352378031561,0.4608069584587081,0.010567314633555577,0.010575635488162356,0.2290430498248491,0.2708183414862911,-0.18239056672266574,142.36332202095844,175.8558234571424,-0.20821596021767708,-0.17101293776078075
CVX,3,CNQ|DVN|WMB,0.7893438250984037,0.5161548169504397,0.010932770502661634,0.7372207080998933,0.44541872607004385,0.010742410796680566,0.010725484870836884,0.2290430498248491,0.24049348783546304,-0.049992514592213766,142.36332202095844,151.65656297375457,-0.20821596021767708,-0.16211623215702053
CVX,3,CNQ|DVN|TRGP,0.8070983264868448,0.4409610051156204,0.01174819444160121,0.7464812421200251,0.3472603255898288,0.011642102842355142,0.01163601679290641,0.2290430498248491,0.275512970493632,-0.20288727688667607,142.36332202095844,167.64989214369368,-0.20821596021767708,-0.17014375341241117
CVX,3,CNQ|DVN|OKE,0.8146585599390026,0.4995553808405415,0.011107899178101018,0.7580234256609082,0.402705230643743,0.011147838761676599,0.011130859217725799,0.2290430498248491,0.26848996433823225,-0.1722248919735765,142.36332202095844,153.12788496179007,-0.20821596021767708,-0.1828898103232418
CVX,3,CNQ|DVN|MPC,0.8309966332251311,0.5000869791801799,0.011099263832607424,0.760922815462244,0.37217805745105537,0.011406678039828328,0.011411758680798098,0.2290430498248491,0.2777370826107214,-0.2125977314007519,142.36332202095844,176.0596421747004,-0.20821596021767708,-0.15360164953084177
CVX,3,CNQ|DVN|SLB,0.8353807935051919,0.47331326879804336,0.011381944052611153,0.7473347422836117,0.3667678836258641,0.011471041143753635,0.0114608228785626,0.2290430498248491,0.2711640384983509,-0.18389987692580956,142.36332202095844,163.088135519879,-0.20821596021767708,-0.20423064703958516
CVX,3,CNQ|FANG|SU,0.7838405250929235,0.3140233153404942,0.013000614180593272,0.718887468382434,0.23755299114998107,0.012588628935514327,0.012575902642527063,0.2290430498248491,0.2854298514268088,-0.24618429437208045,142.36332202095844,163.58391965571107,-0.20821596021767708,-0.1886183257790922
CVX,3,CNQ|FANG|CVE,0.7831162847304274,0.3112667052206961,0.013026583391181831,0.7182875625942478,0.2337815570233821,0.012619802187955062,0.012606967543102504,0.2290430498248491,0.2859233824329103,-0.24833904653102556,142.36332202095844,163.55211302484827,-0.20821596021767708,-0.18847910838262794
CVX,3,CNQ|FANG|KMI,0.7728260881561956,0.4946723879496123,0.011174039973977687,0.7475541274413992,0.5060508117391656,0.010139904341690955,0.010122213006172815,0.2290430498248491,0.22381800297856191,0.022812509920221657,142.36332202095844,146.64923104560344,-0.20821596021767708,-0.1535110757033058
CVX,3,CNQ|FANG|PSX,0.8303591291687983,0.5104115445751516,0.010985466837329722,0.7769679799754022,0.46758686830820917,0.010500458244479061,0.010508935182340626,0.2290430498248491,0.26159017031741977,-0.14210045018811823,142.36332202095844,175.76250092298127,-0.20821596021767708,-0.14689064187047762
CVX,3,CNQ|FANG|WMB,0.7589173538144177,0.4485656946085911,0.01167245873398273,0.7208573898451012,0.44194084130524136,0.010776672032220847,0.010759063088179954,0.2290430498248491,0.22887386287550956,0.0007386687763235589,142.36332202095844,150.34844757828472,-0.20821596021767708,-0.15508031664809907
CVX,3,CNQ|FANG|TRGP,0.7810639364746523,0.37353498257246887,0.012440030082737938,0.734459605181326,0.3676595875177163,0.011458176534566857,0.011452750593209141,0.2290430498248491,0.2626858057529376,-0.14688398514521772,142.36332202095844,167.7320156197192,-0.20821596021767708,-0.15768087129666442
CVX,3,CNQ|FANG|OKE,0.7909524701408225,0.44039037528995073,0.01175006736420666,0.7482784888883175,0.41473534433440895,0.011035397584964171,0.011018195727987843,0.2290430498248491,0.25857562081025987,-0.1289389527776308,142.36332202095844,152.28191091728863,-0.20821596021767708,-0.165425294048828
CVX,3,CNQ|FANG|MPC,0.8126886223438002,0.46516770276972486,0.011484562304806071,0.7468546850194263,0.37177173193998003,0.011410662548545638,0.011415450920874228,0.2290430498248491,0.26910603701009417,-0.17491465999898947,142.36332202095844,175.8572858847096,-0.20821596021767708,-0.14095046936497801
CVX,3,CNQ|FANG|SLB,0.8101987320725723,0.42040627277513354,0.011947613926256808,0.7343999770738843,0.36965662818273726,0.011444610067721848,0.011434651405724543,0.2290430498248491,0.2622323616110762,-0.14490425189328904,142.36332202095844,163.28668023646952,-0.20821596021767708,-0.1917424866151265
CVX,3,CNQ|SU|CVE,0.6878340467261373,0.1703437205797319,0.014313970350959007,0.6530936225731082,-0.01391578872404442,0.014512575355656141,0.014502246311213952,0.2290430498248491,0.3012122764179595,-0.315090227135461,142.36332202095844,171.82950793005557,-0.20821596021767708,-0.21434390653154167
CVX,3,CNQ|SU|KMI,0.7104417484155099,0.4530020929209392,0.011614380596547902,0.7091312191311345,0.46943550140634416,0.01050929214800637,0.010490674871661955,0.2290430498248491,0.20428141302091063,0.1081090948748451,142.36332202095844,145.54536411019973,-0.20821596021767708,-0.15237887390783955
CVX,3,CNQ|SU|PSX,0.8039276644938628,0.5108945758301086,0.01098929879303091,0.75155893683216,0.4012578871427246,0.01112451759011697,0.011144337009579801,0.2290430498248491,0.2635585513030796,-0.1506943847657667,142.36332202095844,184.95885981505893,-0.20821596021767708,-0.1599981226072037
CVX,3,CNQ|SU|WMB,0.6853115397985697,0.40206513951215084,0.012142074016824845,0.658154599674255,0.3735580110660859,0.011417886323190456,0.011399210249892173,0.2290430498248491,0.20656980647085307,0.09811798861035725,142.36332202095844,150.7927617959368,-0.20821596021767708,-0.15567148457448698
CVX,3,CNQ|SU|TRGP,0.720214264607076,0.3298792054062034,0.012863399156749932,0.694389319025937,0.28648664306090244,0.012163782083840237,0.01216565196023521,0.2290430498248491,0.2596428717403803,-0.13359856122650782,142.36332202095844,175.85914357161843,-0.20821596021767708,-0.15152597540353152
CVX,3,CNQ|SU|OKE,0.746537409214275,0.433558046514278,0.011829770902233017,0.7185816691192366,0.3624910094090046,0.011518094414368654,0.011499461167825966,0.2290430498248491,0.2543627240034987,-0.11054548128839414,142.36332202095844,151.33493884105823,-0.20821596021767708,-0.16319845739662953
CVX,3,CNQ|SU|MPC,0.7757986114982525,0.45828567071606807,0.011567622557261587,0.7081258872841865,0.25920490586321454,0.012379363978537367,0.012396051814471966,0.2290430498248491,0.27383343636342583,-0.19555444521380694,142.36332202095844,187.06046870894096,-0.20821596021767708,-0.14556231341347758
CVX,3,CNQ|SU|SLB,0.7767382087451142,0.40936822844898446,0.012071708922480023,0.6811495322416541,0.2540114669430765,0.012447846757397121,0.012439427978442084,0.2290430498248491,0.2605416155964498,-0.13752246922876665,142.36332202095844,167.72796344943583,-0.20821596021767708,-0.20297161786575912
CVX,3,CNQ|CVE|KMI,0.7275534235102283,0.45779567560377576,0.011570893383240771,0.7054380585656904,0.4378494489549313,0.010812737838645184,0.01079843092237251,0.2290430498248491,0.2173308510274067,0.05113535995263252,142.36332202095844,156.20304429822977,-0.20821596021767708,-0.15390282946484524
CVX,3,CNQ|CVE|PSX,0.8039276646681529,0.5108945760718122,0.010989298790317419,0.7515589369592168,0.40125788755315706,0.011124517586180434,0.01114433700576013,0.2290430498248491,0.263558551266264,-0.15069438460503015,142.36332202095844,184.958859873318,-0.20821596021767708,-0.15999812240907907
CVX,3,CNQ|CVE|WMB,0.6875968110940507,0.38110251412572027,0.012361893306857094,0.6596224740119363,0.3385495806872407,0.011729367512936514,0.011713400213347486,0.2290430498248491,0.22203760941025746,0.030585693038704953,142.36332202095844,156.79070618619718,-0.20821596021767708,-0.1548228546816256
CVX,3,CNQ|CVE|TRGP,0.7202142645110562,0.32987920511793445,0.012863399159467322,0.6943893189884912,0.2864866431923234,0.012163782082699963,0.012165651959114824,0.2290430498248491,0.2596428716834991,-0.13359856097816492,142.36332202095844,175.8591435838331,-0.20821596021767708,-0.151525975242209
CVX,3,CNQ|CVE|OKE,0.748253290306082,0.4350293320949088,0.011814254784223434,0.7194810178534259,0.3632916348048868,0.011510499341985673,0.011492238012376312,0.2290430498248491,0.25470101543896245,-0.11202245880734729,142.36332202095844,152.09092857600228,-0.20821596021767708,-0.16346789431591535
CVX,3,CNQ|CVE|MPC,0.775798611483217,0.4582856706857098,0.011567622557584728,0.7081258872857829,0.2592049058627317,0.012379363978553458,0.012396051814476006,0.2290430498248491,0.2738334363647722,-0.19555444521968535,142.36332202095844,187.06046870108352,-0.20821596021767708,-0.14556231343828763
CVX,3,CNQ|CVE|SLB,0.7767383385767139,0.40936848960718875,0.01207170623871164,0.6811494264403479,0.25401131375453767,0.012447848047445491,0.012439429255658564,0.2290430498248491,0.2605415939085002,-0.1375223745393639,142.36332202095844,167.7279545379794,-0.20821596021767708,-0.20297161627957205
CVX,3,CNQ|KMI|PSX,0.7964281995757816,0.5940069606685099,0.010014216844306414,0.7741372833359589,0.5695342496672398,0.009454468827514176,0.009449386991723412,0.2290430498248491,0.21609101253344667,0.05654848423170644,142.36332202095844,162.4527054778809,-0.20821596021767708,-0.13169127806766423
CVX,3,CNQ|KMI|WMB,0.6956696542025935,0.41640112161815346,0.012000659615343776,0.6977821946554614,0.43198225627893505,0.010873957121704565,0.010854636522594658,0.2290430498248491,0.2134843138554512,0.06792930840423139,142.36332202095844,145.3356668306067,-0.20821596021767708,-0.15058467976155032
CVX,3,CNQ|KMI|TRGP,0.6956696540801045,0.416401121517186,0.012000659616339846,0.6977821946246797,0.43198225642784605,0.01087395712028578,0.010854636521171837,0.2290430498248491,0.2134843137549532,0.06792930884300485,142.36332202095844,145.33566679151886,-0.20821596021767708,-0.1505846796551008
CVX,3,CNQ|KMI|OKE,0.6956696541330397,0.4164011215608202,0.012000659615909383,0.6977821946379824,0.4319822563634925,0.010873957120898923,0.010854636521786724,0.2290430498248491,0.21348431379838448,0.0679293086533842,142.36332202095844,145.33566680841108,-0.20821596021767708,-0.15058467970110434
CVX,3,CNQ|KMI|MPC,0.7669181403913874,0.5468924398880184,0.01057668303737473,0.7386808756485415,0.501185257623641,0.010181059518932023,0.010171944322257861,0.2290430498248491,0.21699394702438574,0.05260627995338607,142.36332202095844,160.56626951209222,-0.20821596021767708,-0.119382328939865
CVX,3,CNQ|KMI|SLB,0.7679336848454796,0.5398843564135927,0.01066038916427539,0.7100385849812357,0.47528616369711063,0.010450895870310206,0.010432672931010674,0.2290430498248491,0.20150552186531612,0.12022861196002732,142.36332202095844,146.82505382374492,-0.20821596021767708,-0.1588753455897567
CVX,3,CNQ|PSX|WMB,0.7872836170568367,0.5720047557982888,0.010282417738419355,0.7527455320648458,0.5239155469635224,0.009938571585155574,0.009937481514564138,0.2290430498248491,0.21884637336740118,0.04451860235551963,142.36332202095844,167.16136969078735,-0.20821596021767708,-0.12387518526689767
CVX,3,CNQ|PSX|TRGP,0.805058469277066,0.5391952555508708,0.010670069718195214,0.7682669124620506,0.4955255402178649,0.010204223532470415,0.010229488679279197,0.2290430498248491,0.24483694915533838,-0.06895602963096659,142.36332202095844,185.07611539082208,-0.20821596021767708,-0.1353007894498588
CVX,3,CNQ|PSX|OKE,0.8135319849051624,0.5762226753989432,0.0102310680718468,0.7767924693329765,0.5184228276649125,0.009994438099188653,0.009994642865583865,0.2290430498248491,0.24399764130873464,-0.06529161873857947,142.36332202095844,168.33725421208726,-0.20821596021767708,-0.14358777496606023
CVX,3,CNQ|PSX|MPC,0.8039276646389834,0.5108945760313592,0.010989298790771566,0.7515589369379518,0.40125788748446456,0.011124517586839277,0.011144337006399411,0.2290430498248491,0.26355855127242567,-0.15069438463193197,142.36332202095844,184.95885986356734,-0.20821596021767708,-0.15999812244223832
CVX,3,CNQ|PSX|SLB,0.8290223458656861,0.5641556957499005,0.01037065217022203,0.7557823826857182,0.46274567572246117,0.010541908677000835,0.010556605540656934,0.2290430498248491,0.24733900553004942,-0.07987998640077221,142.36332202095844,179.9362166690406,-0.20821596021767708,-0.15266952678514878
CVX,3,CNQ|WMB|TRGP,0.6743921901827674,0.35762579223104307,0.012591559649359726,0.662475576196487,0.34490418495171193,0.011675203940130288,0.011656998661524432,0.2290430498248491,0.2218292099304159,0.03149556338840964,142.36332202095844,152.8659191132345,-0.20821596021767708,-0.15075126942823536
CVX,3,CNQ|WMB|OKE,0.718024467303371,0.42444158652890895,0.011924434441332479,0.7019801004416255,0.39596731037278443,0.0112120530674177,0.011193465254180239,0.2290430498248491,0.23198493711517448,-0.012844254792166998,142.36332202095844,150.0438279629857,-0.20821596021767708,-0.15610970707964222
CVX,3,CNQ|WMB|MPC,0.7518329679498844,0.5118121930784321,0.010979392703904797,0.7069209802409718,0.42782564736449125,0.010899661977329715,0.010894279860048218,0.2290430498248491,0.22269461705192045,0.027717203284637337,142.36332202095844,166.1978153932188,-0.20821596021767708,-0.11580053618782438
CVX,3,CNQ|WMB|SLB,0.7499585277912322,0.4964662920765659,0.011153050719756325,0.6752728016967706,0.40040410893904865,0.01116996151477612,0.011152279830314495,0.2290430498248491,0.20854201570741968,0.08950733992193483,142.36332202095844,151.87383797105636,-0.20821596021767708,-0.1626759924427923
CVX,3,CNQ|TRGP|OKE,0.7461218516797289,0.4321819486384336,0.011844284546348177,0.7188417658166446,0.36388789770911323,0.011505197567333578,0.011486855642191091,0.2290430498248491,0.25411427012885235,-0.1094607337929503,142.36332202095844,151.90283350644074,-0.20821596021767708,-0.16246570199068633
CVX,3,CNQ|TRGP|MPC,0.7801453922441258,0.49340314853972533,0.011187193340944005,0.7308370521570536,0.3882401683878903,0.011244624953438222,0.011264834431032763,0.2290430498248491,0.25355014285102256,-0.10699775891437979,142.36332202095844,185.58967518651264,-0.20821596021767708,-0.12648037006795854
CVX,3,CNQ|TRGP|SLB,0.782993036804566,0.46566990808917696,0.011489644208737363,0.6998950098156398,0.37285892405860843,0.01140621179751978,0.011405569033203555,0.2290430498248491,0.2379137114440134,-0.03872923289288965,142.36332202095844,171.66741907910722,-0.20821596021767708,-0.15923989748226708
CVX,3,CNQ|OKE|MPC,0.7927126022979077,0.5428730520214562,0.010627231702107741,0.7443299484753412,0.4344608164349991,0.010835128600364676,0.010830928387565478,0.2290430498248491,0.24915216361315154,-0.08779621911112345,142.36332202095844,167.0670991195731,-0.20821596021767708,-0.1360078300357075
CVX,3,CNQ|OKE|SLB,0.797454153758138,0.531163866605953,0.010759788213352705,0.7307843410336168,0.44731258245089645,0.010723668496866444,0.01070715581785943,0.2290430498248491,0.23472323026323352,-0.024799619297455555,142.36332202095844,152.37616349850362,-0.20821596021767708,-0.17057098406424576
CVX,3,CNQ|MPC|SLB,0.8181761664800656,0.5488663946811568,0.01055303671961151,0.7217281833902374,0.37890469282865746,0.011338300960920807,0.011350459881734502,0.2290430498248491,0.2505242449288756,-0.09378671442094966,142.36332202095844,180.77500893911574,-0.20821596021767708,-0.15053958001503287
CVX,3,DVN|FANG|SU,0.8329623154340069,0.44285473534383324,0.011720750993030339,0.7521015875405979,0.38429609168441314,0.011308862984676848,0.011301088846998915,0.2290430498248491,0.26943575537635883,-0.17635420757101472,142.36332202095844,165.10838686346747,-0.20821596021767708,-0.20624017811447115
CVX,3,DVN|FANG|CVE,0.8164023146421333,0.2095179457814741,0.01393273080590901,0.7248092136202852,0.12700300898217431,0.013448874216052733,0.013456766216116797,0.2290430498248491,0.30981527565965744,-0.35265084837359373,142.36332202095844,184.3123913354169,-0.20821596021767708,-0.1967354687934184
CVX,3,DVN|FANG|KMI,0.7638993342631776,0.4279471683901873,0.011888926901277729,0.7208990574055321,0.4586687507067755,0.010614832485887047,0.010596583951993921,0.2290430498248491,0.22165800722711518,0.03224303292931752,142.36332202095844,137.1191170261958,-0.20821596021767708,-0.13185446709479953
CVX,3,DVN|FANG|PSX,0.8499312232699936,0.3965347676566504,0.012183961590053005,0.7808318859455936,0.3909421846232506,0.01123557896801161,0.01123992968271606,0.2290430498248491,0.2853172798910125,-0.2456928080079126,142.36332202095844,175.0207555853037,-0.20821596021767708,-0.156656323192634
CVX,3,DVN|FANG|WMB,0.734944094548057,0.35091000958766483,0.012664179576521566,0.6731706233044725,0.35428929334040904,0.011594043110292006,0.011573196522889032,0.2290430498248491,0.22620320559431442,0.012398735664349236,142.36332202095844,141.41835962423278,-0.20821596021767708,-0.13213631549575522
CVX,3,DVN|FANG|TRGP,0.7613601106859141,0.19074227326874404,0.014140477684692353,0.70090302121577,0.26004174967122684,0.01239886750635373,0.012389048197289714,0.2290430498248491,0.27031784438900747,-0.18020540066909474,142.36332202095844,166.17881837837734,-0.20821596021767708,-0.12908295644378798
CVX,3,DVN|FANG|OKE,0.7999501776164402,0.35162460132809203,0.012642181337418009,0.741394588789109,0.3697834079028528,0.011454112497182702,0.011433501433447605,0.2290430498248491,0.26695404914010873,-0.1655190993319835,142.36332202095844,142.9134641498536,-0.20821596021767708,-0.1461537679382221
CVX,3,DVN|FANG|MPC,0.8376881108711127,0.3817908943969768,0.012336376372113315,0.7557126158813162,0.3257622075115383,0.011823819873610392,0.011826081839266275,0.2290430498248491,0.28591786453800977,-0.24831495544900073,142.36332202095844,175.1680087322253,-0.20821596021767708,-0.13994761426729763
CVX,3,DVN|FANG|SLB,0.8596130399987056,0.38010550599756154,0.012330617258109017,0.7182534651868254,0.22575679893990108,0.012690526700127044,0.01267281322714485,0.2290430498248491,0.2877489639984279,-0.2563095200595331,142.36332202095844,157.37521099075028,-0.20821596021767708,-0.2049087476892132
CVX,3,DVN|SU|CVE,0.8359973902293218,0.43534270012000686,0.011798399948734339,0.7462995623797937,0.32727512614290233,0.011821605372366172,0.011812806146393844,0.2290430498248491,0.2803653068234699,-0.2240725358742266,142.36332202095844,165.55560240110262,-0.20821596021767708,-0.2143659956838444
CVX,3,DVN|SU|KMI,0.814348055100375,0.5896764534955035,0.010068247624235869,0.7623277112711208,0.5429972003207284,0.009752702920355976,0.009736295903425547,0.2290430498248491,0.21927714159873296,0.04263787193535973,142.36332202095844,148.40951365553195,-0.20821596021767708,-0.1651153285077891
CVX,3,DVN|SU|PSX,0.8571635381426155,0.5382958838081027,0.01066948535517734,0.7894984086162891,0.49147931732216343,0.010259632693154523,0.010270430421939142,0.2290430498248491,0.26307259755624235,-0.1485727148560756,142.36332202095844,176.58037196443527,-0.20821596021767708,-0.16492939659304218
CVX,3,DVN|SU|WMB,0.8027203306656714,0.5528673952810814,0.010510769965110363,0.7341320770470185,0.4750232928643924,0.010451225941883286,0.010435285881003573,0.2290430498248491,0.22592732655799608,0.013603221181501257,142.36332202095844,152.39316964617146,-0.20821596021767708,-0.1673703547036831
CVX,3,DVN|SU|TRGP,0.8252885348305381,0.47921783867569656,0.011342815285799312,0.751747654059618,0.4100298597931942,0.011064815307915477,0.011062399795834583,0.2290430498248491,0.2618403431357244,-0.1431927025768982,142.36332202095844,169.2391178306807,-0.20821596021767708,-0.17571944388759153
CVX,3,DVN|SU|OKE,0.8299780677794909,0.5348130949337875,0.01071654515096613,0.7630426687286774,0.4623647810504873,0.010575588510253933,0.010560347011126379,0.2290430498248491,0.25394130450335123,-0.10870556734876691,142.36332202095844,154.0221009608386,-0.20821596021767708,-0.17721541556231635
CVX,3,DVN|SU|MPC,0.8460896497589904,0.5136307060897924,0.01095323298049518,0.7654340288660254,0.41698365345921073,0.010989928230469587,0.010997012023807115,0.2290430498248491,0.2686535123798107,-0.17293894132675947,142.36332202095844,176.2591813351149,-0.20821596021767708,-0.16110505540442055
CVX,3,DVN|SU|SLB,0.8567374558471074,0.5284867645996294,0.010778087175252011,0.7505669221022502,0.4227353310478549,0.010949924255639409,0.010942632724074093,0.2290430498248491,0.25739942333740695,-0.12380368465335301,142.36332202095844,164.5609257095071,-0.20821596021767708,-0.20959432868374916
CVX,3,DVN|CVE|KMI,0.800824768684359,0.5204623802653139,0.010883896675572808,0.7415901663458042,0.4576115024238897,0.010617874366628746,0.010606926746187467,0.2290430498248491,0.23914286532929546,-0.04409570826169906,142.36332202095844,159.82355520276778,-0.20821596021767708,-0.15975401085340846
CVX,3,DVN|CVE|PSX,0.8474755706406029,0.4263923078866819,0.011877188555854332,0.7749204361808308,0.37140509691595835,0.011388436041744311,0.011418781472742012,0.2290430498248491,0.28577468638999853,-0.24768984087721724,142.36332202095844,192.02403735456798,-0.20821596021767708,-0.1449649911056634
CVX,3,DVN|CVE|WMB,0.7910033447752981,0.48069764192282005,0.011325021432747478,0.7157700917345796,0.3831711055370828,0.011321287554443915,0.011311408552718769,0.2290430498248491,0.24589059855503664,-0.07355625391414833,142.36332202095844,163.01651496018656,-0.20821596021767708,-0.1606129381574556
CVX,3,DVN|CVE|TRGP,0.8132716487349256,0.33932631236764377,0.012768118598081215,0.7376778896688,0.2680148087018762,0.012309770806897635,0.012322121353097057,0.2290430498248491,0.2884272946930029,-0.2592711060805615,142.36332202095844,183.9343319129095,-0.20821596021767708,-0.16561000145636662
CVX,3,DVN|CVE|OKE,0.8174490781784609,0.413481575775695,0.012017326561491215,0.7465406885396222,0.32492842274005307,0.011841334840595146,0.011833391842139723,0.2290430498248491,0.2810425960022758,-0.2270295746462998,142.36332202095844,166.45726114267381,-0.20821596021767708,-0.1712760742680024
CVX,3,DVN|CVE|MPC,0.8360861257662977,0.3865694894811096,0.012284837469971775,0.7497694589816347,0.26642602192364795,0.012310154803821614,0.012335486795495435,0.2290430498248491,0.2950921784532175,-0.28836993167387814,142.36332202095844,192.29145495126363,-0.20821596021767708,-0.14121443137251188
CVX,3,DVN|CVE|SLB,0.8487603521408686,0.3801662541807903,0.012331893321185419,0.7311840396439765,0.25843478244679396,0.012398997722589367,0.012402493548514379,0.2290430498248491,0.28717064666981,-0.25378459154037425,142.36332202095844,177.81279349116545,-0.20821596021767708,-0.2010273643763124
CVX,3,DVN|KMI|PSX,0.8396057111748567,0.5778717601750665,0.010210037226867218,0.7936343492030701,0.5702932968762813,0.00945126603652085,0.009441052187539472,0.2290430498248491,0.2373840999894548,-0.036416953804030205,142.36332202095844,157.27257594905754,-0.20821596021767708,-0.13372008692961213
CVX,3,DVN|KMI|WMB,0.7983019726414564,0.4981060583546988,0.011135536041215827,0.7371003402428864,0.4515126004944141,0.010684940326030158,0.010666394975856659,0.2290430498248491,0.23819917612362124,-0.03997556924680268,142.36332202095844,137.64355588029053,-0.20821596021767708,-0.15520555963342686
CVX,3,DVN|KMI|TRGP,0.7983018811021663,0.4981060716700876,0.01113553590325754,0.737100308804599,0.45151272427806344,0.010684939115605793,0.01066639377225073,0.2290430498248491,0.2381991044168711,-0.03997525617574382,142.36332202095844,137.6435405294147,-0.20821596021767708,-0.1552054981045654
CVX,3,DVN|KMI|OKE,0.7983018811422264,0.4981060716642606,0.011135535903317914,0.7371003088183572,0.45151272422389277,0.010684939116135505,0.010666393772777458,0.2290430498248491,0.23819910444825182,-0.039975256312751783,142.36332202095844,137.6435405361327,-0.20821596021767708,-0.15520549813149187
CVX,3,DVN|KMI|MPC,0.8208940542250323,0.5577941545884738,0.01045234954345959,0.7680340029208818,0.5221754126831724,0.00996933073971881,0.00995562617299825,0.2290430498248491,0.23532897802711825,-0.027444308862792477,142.36332202095844,154.3415812031484,-0.20821596021767708,-0.12326555681084705
CVX,3,DVN|KMI|SLB,0.8285742384659815,0.5918403235424641,0.010041484237479198,0.7248677003787146,0.46986934919354173,0.0105052639949073,0.010486384830682902,0.2290430498248491,0.22001431283229447,0.03941938862348793,142.36332202095844,141.33826567539163,-0.20821596021767708,-0.15085059634530962
CVX,3,DVN|PSX|WMB,0.8295677034420899,0.5614768329476912,0.010406975104824297,0.7752228054650364,0.5341172554655892,0.009838523766181991,0.009830432980503661,0.2290430498248491,0.23637564245555653,-0.03201403682108972,142.36332202095844,160.6546470136889,-0.20821596021767708,-0.12743340593975439
CVX,3,DVN|PSX|TRGP,0.8365648593191503,0.4601704567014515,0.011545192754266331,0.7821711314629171,0.46771537907593275,0.010495354655415566,0.010507666813143555,0.2290430498248491,0.26513187535304394,-0.15756350413510578,142.36332202095844,178.27786864669764,-0.20821596021767708,-0.1381383079659193
CVX,3,DVN|PSX|OKE,0.8466379534434594,0.4934836950087358,0.011170787951656476,0.7909815281887783,0.4854019764464491,0.010338099470226032,0.010331619207769918,0.2290430498248491,0.2665752089316401,-0.16386508621629048,142.36332202095844,163.61594132420564,-0.20821596021767708,-0.14920286658395954
CVX,3,DVN|PSX|MPC,0.8481606240474502,0.38358864592987174,0.012314199258860712,0.7775626279905057,0.37083422359649076,0.011420033551855804,0.011423965414180701,0.2290430498248491,0.28819685402280715,-0.25826500408195496,142.36332202095844,175.25160237656004,-0.20821596021767708,-0.15892866541090223
CVX,3,DVN|PSX|SLB,0.8641114197474079,0.4810858831302759,0.011295753868639217,0.772521895109963,0.4323315886503132,0.01084871372917474,0.01085129819457453,0.2290430498248491,0.26917067014030055,-0.17519684769364252,142.36332202095844,172.58243675145155,-0.20821596021767708,-0.15503215338638088
CVX,3,DVN|WMB|TRGP,0.7789161166169195,0.4456901126498145,0.01170239279866801,0.7020614357653081,0.36567751446379604,0.011491370371614351,0.011470685891402557,0.2290430498248491,0.2424947646011382,-0.05873007186455004,142.36332202095844,142.09072613095205,-0.20821596021767708,-0.1422437169457016
CVX,3,DVN|WMB|OKE,0.7789161163718162,0.44569011255128665,0.01170239279973117,0.7020614355862423,0.3656775144892238,0.011491370371383655,0.011470685891172649,0.2290430498248491,0.2424947644712157,-0.05873007129730956,142.36332202095844,142.09072610653283,-0.20821596021767708,-0.14224371681383163
CVX,3,DVN|WMB|MPC,0.8064568909383676,0.5257752018498065,0.01082425344918039,0.7403145188024088,0.45950741778229387,0.010600276733678906,0.010588372297076392,0.2290430498248491,0.2374416848759154,-0.03666836892666603,142.36332202095844,158.65795294034805,-0.20821596021767708,-0.1162202764654453
CVX,3,DVN|WMB|SLB,0.8177621359489029,0.5542529669031042,0.010492641820275001,0.7016099214031668,0.4093111510553088,0.011088802709907093,0.011069135919355863,0.2290430498248491,0.22665128031247658,0.01044244527044813,142.36332202095844,145.59821618790684,-0.20821596021767708,-0.15364786669681862
CVX,3,DVN|TRGP|OKE,0.8158865153638766,0.38120979248014986,0.012352026805495,0.7441557956053271,0.32095623762272296,0.011888906562198421,0.011868155178803668,0.2290430498248491,0.28094058001947764,-0.22658417373640005,142.36332202095844,147.36820321188517,-0.20821596021767708,-0.15576826928856813
CVX,3,DVN|TRGP|MPC,0.8259414142246184,0.4180726361820103,0.011986786097081654,0.7566016108169196,0.37197282050633285,0.01140680793734846,0.011413623798076575,0.2290430498248491,0.27507477629159377,-0.20097412474181375,142.36332202095844,177.3120424247899,-0.20821596021767708,-0.13164139403498964
CVX,3,DVN|TRGP|SLB,0.8253327020272485,0.4447640637861644,0.011711135860190566,0.707413875344704,0.3276549645651059,0.01181794198293285,0.011809470762668844,0.2290430498248491,0.25683168508694615,-0.12132494429910534,142.36332202095844,165.8718168885119,-0.20821596021767708,-0.15132989141742204
CVX,3,DVN|OKE|MPC,0.8341323444428118,0.47708037104702694,0.011353920579422005,0.7665721315066727,0.4146781193513448,0.01102940337001658,0.011018734373749388,0.2290430498248491,0.27056302932678256,-0.18127587601406847,142.36332202095844,161.32744909582425,-0.20821596021767708,-0.1409597138744858
CVX,3,DVN|OKE|SLB,0.8455459256021705,0.5146840271252684,0.010931164904260696,0.7381903673427008,0.40014306071179684,0.011174330162194938,0.011154707270293608,0.2290430498248491,0.25621281002152013,-0.11862294104731808,142.36332202095844,146.5746661090299,-0.20821596021767708,-0.1634710476488811
CVX,3,DVN|MPC|SLB,0.85889440888921,0.48761766203721113,0.011227759294926722,0.744496693349838,0.3629512672994779,0.011494400391686711,0.011495309325696382,0.2290430498248491,0.2700783895197128,-0.17915994275418412,142.36332202095844,173.15727291217223,-0.20821596021767708,-0.1382468739991084
CVX,3,FANG|SU|CVE,0.8085643404413169,0.37780018451120256,0.012390666145454348,0.7269206330360738,0.33897354995889994,0.011718355062497365,0.011709645647888114,0.2290430498248491,0.26581801930794974,-0.1605592027840299,142.36332202095844,165.35047116410485,-0.20821596021767708,-0.20128652064520447
CVX,3,FANG|SU|KMI,0.7859886207879759,0.5274930102272547,0.010803545619350959,0.7499162950533448,0.5352538301007785,0.009835368996270175,0.00981843442109933,0.2290430498248491,0.20943192080050543,0.08562202188339896,142.36332202095844,147.31680227016534,-0.20821596021767708,-0.15880511812851683
CVX,3,FANG|SU|PSX,0.8433933862203952,0.5270328274781035,0.010803112513558566,0.779460333181901,0.5053009640905654,0.010118620343649905,0.010129893188072534,0.2290430498248491,0.25073540506383424,-0.09470863776732563,142.36332202095844,176.4612287678888,-0.20821596021767708,-0.15233287846259624
CVX,3,FANG|SU|WMB,0.7705640293506882,0.4820791211170089,0.011311647607119635,0.716633959519834,0.463373687934052,0.010567284081103787,0.010550433774854758,0.2290430498248491,0.21534001028946403,0.059827353616989876,142.36332202095844,151.09428067534765,-0.20821596021767708,-0.16003669242228769
CVX,3,FANG|SU|TRGP,0.794111087150128,0.4008312918287773,0.012167437637849507,0.7367129147458831,0.41527205425544966,0.011015450585902135,0.011013142517216334,0.2290430498248491,0.24991680532670502,-0.0911346383041014,142.36332202095844,169.189324259104,-0.20821596021767708,-0.16254967094455608
CVX,3,FANG|SU|OKE,0.8047570741641363,0.47366996782583826,0.011401097102276965,0.7529346241405136,0.46994370640253524,0.010501300912617764,0.010485649384004715,0.2290430498248491,0.243656275237863,-0.06380121738768652,142.36332202095844,153.08359377955867,-0.20821596021767708,-0.17122892919826005
CVX,3,FANG|SU|MPC,0.8271065307387719,0.4810609957751024,0.011317723257316786,0.7495540222070552,0.41881446740760697,0.01097284534028835,0.010979731793154014,0.2290430498248491,0.2574413888181549,-0.12398690558400371,142.36332202095844,176.06984901855282,-0.20821596021767708,-0.1493152544917964
CVX,3,FANG|SU|SLB,0.8342880267022783,0.48586419214847276,0.0112610236095962,0.739296378587037,0.4349706166722431,0.010832686928594204,0.010826045565176972,0.2290430498248491,0.24538092477301718,-0.07133102253336987,142.36332202095844,164.84911347020264,-0.20821596021767708,-0.19945344380048646
CVX,3,FANG|CVE|KMI,0.7777510452297826,0.4631238325156549,0.011516985909253976,0.7308061306047385,0.4570832255357691,0.01062472451568985,0.01061209096937909,0.2290430498248491,0.23066590678682705,-0.007085379640285883,142.36332202095844,157.83757253180622,-0.20821596021767708,-0.15354658143261612
CVX,3,FANG|CVE|PSX,0.8333869182932245,0.4062711423830293,0.012088550209860195,0.7612650437434297,0.3699316348091858,0.011397919589412284,0.011432156774936203,0.2290430498248491,0.27770422670996586,-0.21245428281857204,142.36332202095844,194.2342970205827,-0.20821596021767708,-0.14432329847124403
CVX,3,FANG|CVE|WMB,0.7622920028120828,0.41208713518954687,0.012051533103846799,0.6997742186847851,0.3812293170865503,0.011341406255418936,0.011329198821452054,0.2290430498248491,0.23539554708172575,-0.027734948786852343,142.36332202095844,160.49419313491163,-0.20821596021767708,-0.1537226204053439
CVX,3,FANG|CVE|TRGP,0.7833743213826887,0.26942977596799134,0.013432465632032488,0.7224627895010874,0.297959736263978,0.012059594258706159,0.012067445453840659,0.2290430498248491,0.2730418260440914,-0.19209828131824325,142.36332202095844,180.01727474682005,-0.20821596021767708,-0.15243744022139938
CVX,3,FANG|CVE|OKE,0.7949682694723499,0.35268827152052795,0.012630223387698196,0.7360159655203721,0.3392666300703665,0.01171617910203249,0.011707049500083949,0.2290430498248491,0.27129266381225997,-0.18446145394815283,142.36332202095844,164.92111684261988,-0.20821596021767708,-0.16609936521228363
CVX,3,FANG|CVE|MPC,0.8173326844052674,0.3496788101216989,0.012654679055558848,0.7315865582875658,0.2619455085881355,0.012346905586931387,0.01237310070915111,0.2290430498248491,0.28602856882933525,-0.24879828943975113,142.36332202095844,192.94338744350458,-0.20821596021767708,-0.13829845960948228
CVX,3,FANG|CVE|SLB,0.8241220731704986,0.3168398283230289,0.012956348181065941,0.715736883517961,0.25593194459435875,0.012415898768358054,0.012423405588281963,0.2290430498248491,0.27908995583384644,-0.2185043643422866,142.36332202095844,180.85305342749695,-0.20821596021767708,-0.19766500093043415
CVX,3,FANG|KMI|PSX,0.8133217823286429,0.5455152090975411,0.010596688519219718,0.7798438809690088,0.5758924495206358,0.009392379463167526,0.009379341231027547,0.2290430498248491,0.2195352846793524,0.041510821449362245,142.36332202095844,153.43479483810856,-0.20821596021767708,-0.11065736590493347
CVX,3,FANG|KMI|WMB,0.7522073798850787,0.40240830477894396,0.01215137590956186,0.7067674077379049,0.4331700096531411,0.010862160480271941,0.010843281791041567,0.2290430498248491,0.2208468820198837,0.035784398658824546,142.36332202095844,137.6540445887385,-0.20821596021767708,-0.13065582875552118
CVX,3,FANG|KMI|TRGP,0.7573099209894297,0.3931840790580562,0.012244664139865906,0.7169816433472058,0.4431074377079045,0.01076718047188465,0.010747811547428383,0.2290430498248491,0.2252302103577395,0.016646824559947704,142.36332202095844,141.67952338625955,-0.20821596021767708,-0.12818397076615085
CVX,3,FANG|KMI|OKE,0.7554839109196619,0.40691007543341484,0.012105532269998817,0.7114055994549169,0.4401047838998604,0.010795261747768398,0.01077674762535614,0.2290430498248491,0.22173907860623776,0.0318890759802436,142.36332202095844,136.90004244716803,-0.20821596021767708,-0.1307706253551627
CVX,3,FANG|KMI|MPC,0.7912114985094288,0.5034499810127466,0.011076590452447835,0.7490430291318583,0.513728928557613,0.010058684862034846,0.010043233294247594,0.2290430498248491,0.22126036460824547,0.03397913720828949,142.36332202095844,151.80366355722865,-0.20821596021767708,-0.10152372972308998
CVX,3,FANG|KMI|SLB,0.7943881223138362,0.5241168426917191,0.010843620362622463,0.7145688445931874,0.47517176714209497,0.010452435376964877,0.010433810119244224,0.2290430498248491,0.20677196161997924,0.09723538095524287,142.36332202095844,139.88638888579172,-0.20821596021767708,-0.14264229556085917
CVX,3,FANG|PSX|WMB,0.8008722189485913,0.5217833133827295,0.010869946074911601,0.7556662348402845,0.528686540343908,0.009898781607873145,0.009887562808997693,0.2290430498248491,0.21986089757787283,0.04008919831445634,142.36332202095844,157.4022673651655,-0.20821596021767708,-0.1068580658350693
CVX,3,FANG|PSX|TRGP,0.8127145234983301,0.42430023592743993,0.011926152165781191,0.7685587353873738,0.4809273575696664,0.010364687252787058,0.010376440596461855,0.2290430498248491,0.2508558293091939,-0.09523440899440172,142.36332202095844,177.51833612276803,-0.20821596021767708,-0.11459098058712214
CVX,3,FANG|PSX|OKE,0.8262934025689306,0.47084068866375695,0.011423757247843563,0.7811575660428892,0.5091443388260419,0.01009946809400595,0.010090466297567977,0.2290430498248491,0.2514100835271544,-0.09765427817787753,142.36332202095844,160.45376055970456,-0.20821596021767708,-0.1286269366124233
CVX,3,FANG|PSX|MPC,0.8338546746577277,0.3815763866938763,0.012340600918009583,0.7612598909422101,0.3905515931673488,0.011239419933187798,0.011243533213240472,0.2290430498248491,0.27322952776605053,-0.1929177854337476,142.36332202095844,174.85687466037334,-0.20821596021767708,-0.13488715451372535
CVX,3,FANG|PSX|SLB,0.8515409953213894,0.47500673379955327,0.011367980347314401,0.760461986135979,0.44690441270102454,0.010707545990616307,0.01071110880319766,0.2290430498248491,0.25645629936092407,-0.11968601342428009,142.36332202095844,172.90275116298795,-0.20821596021767708,-0.14231388185791105
CVX,3,FANG|WMB|TRGP,0.7384726916547694,0.3409502073341113,0.01276091031097899,0.6825503168687304,0.36525408820487204,0.011494992569367344,0.011474513738794592,0.2290430498248491,0.2289791114249611,0.000279154508014523,142.36332202095844,145.16562562804654,-0.20821596021767708,-0.1296864607482936
CVX,3,FANG|WMB|OKE,0.7325787391510794,0.34482144627340394,0.012723433964658332,0.6704466473138688,0.34868689265062736,0.01164422894840115,0.011623294540480621,0.2290430498248491,0.22628321590748987,0.012049411320141368,142.36332202095844,141.36947109665851,-0.20821596021767708,-0.13184865759091413
CVX,3,FANG|WMB|MPC,0.7748235582958014,0.46607040880231765,0.011485939395214995,0.7169038342015303,0.4448335936273907,0.010745269743228298,0.010731141548171334,0.2290430498248491,0.22418227822942238,0.02122208728509245,142.36332202095844,156.23776999329897,-0.20821596021767708,-0.0998155260464344
CVX,3,FANG|WMB|SLB,0.775760088902254,0.4693789476549729,0.01145014075581276,0.6829587115003843,0.4056397028866955,0.011123425501136748,0.011103482940540867,0.2290430498248491,0.21289623633396165,0.07049684984213678,142.36332202095844,144.05831616024057,-0.20821596021767708,-0.14355666298012426
CVX,3,FANG|TRGP|OKE,0.7710400320822315,0.26108256132209573,0.013510236387743332,0.7198465989947105,0.33350339870947,0.011774810070618107,0.011757995879322991,0.2290430498248491,0.2631721525208008,-0.14900737098135242,142.36332202095844,155.65170594935393,-0.20821596021767708,-0.1326170757683156
CVX,3,FANG|TRGP|MPC,0.795593319618868,0.3598721345085475,0.01257581303815723,0.7376405135726366,0.38499278462581943,0.01128937835247183,0.01129469322627437,0.2290430498248491,0.2595123738787715,-0.13302880867689515,142.36332202095844,175.88391220451496,-0.20821596021767708,-0.1045218005624815
CVX,3,FANG|TRGP|SLB,0.7967839614869445,0.3721763707596544,0.012454767564000444,0.7024486129543518,0.3520410930581215,0.011600711521106583,0.011593326478144662,0.2290430498248491,0.24655582177072657,-0.07646061279427441,142.36332202095844,166.31165971779015,-0.20821596021767708,-0.1420166584504141
CVX,3,FANG|OKE|MPC,0.8092726736388999,0.429954863575031,0.011859561428677045,0.7512515863095527,0.42551215217113925,0.010928594556420979,0.010916282278022993,0.2290430498248491,0.25718311042908737,-0.12285926434247707,142.36332202095844,159.1442800939101,-0.20821596021767708,-0.11992711185640759
CVX,3,FANG|OKE|SLB,0.8167050337777578,0.4513088448688529,0.011630666550071337,0.7305079462153325,0.4224203553337377,0.010965127573913406,0.010945617657775422,0.2290430498248491,0.24369505848027417,-0.06397054469292818,142.36332202095844,145.19513806291647,-0.20821596021767708,-0.15488943840317904
CVX,3,FANG|MPC|SLB,0.8414963368676603,0.46317542224414565,0.011499368949828828,0.7272840548030515,0.36170233269580476,0.011504661745744724,0.011506572090282328,0.2290430498248491,0.25954165570153936,-0.13315665286509581,142.36332202095844,173.9666289097227,-0.20821596021767708,-0.13641544510470682
CVX,3,SU|CVE|KMI,0.7388382105371839,0.4764200479242131,0.011366753527125925,0.69228232768841,0.4243752682848735,0.010939009722279376,0.0109270783388675,0.2290430498248491,0.2118178870361622,0.0752049136695443,142.36332202095844,159.62886892622262,-0.20821596021767708,-0.15685649719396733
CVX,3,SU|CVE|PSX,0.8087299036378468,0.35769751178732,0.01258165898186153,0.7236144589761888,0.20743426146698563,0.012748882259549977,0.01282188806949354,0.2290430498248491,0.29210032668866437,-0.2753075324138219,142.36332202095844,220.00531370154715,-0.20821596021767708,-0.15181823911576486
CVX,3,SU|CVE|WMB,0.6986470480900243,0.41558335631919474,0.012000002478044839,0.6301255389979555,0.32276199271773764,0.011868478492352548,0.011852364408389608,0.2290430498248491,0.20650430058735586,0.09840398673842665,142.36332202095844,157.03288876795193,-0.20821596021767708,-0.1590689056120861
CVX,3,SU|CVE|TRGP,0.7353404188425544,0.3656964797882615,0.012495879482256594,0.6825384744501034,0.3356460327367293,0.011729991470051052,0.011739081032552697,0.2290430498248491,0.23789004352599125,-0.038625898964878,142.36332202095844,179.88942826653124,-0.20821596021767708,-0.15631545508108202
CVX,3,SU|CVE|OKE,0.7737651847484389,0.48496702362105937,0.011280489516156305,0.7205061566296223,0.4178951982696668,0.011002829126675679,0.010988411758482418,0.2290430498248491,0.23769641791747612,-0.03778053121124736,142.36332202095844,156.65536896490678,-0.20821596021767708,-0.17108686861389844
CVX,3,SU|CVE|MPC,0.8044313745394249,0.4673637311850387,0.011470289594112504,0.7007734061169048,0.23452989287690895,0.012547931694826599,0.012600809670928866,0.2290430498248491,0.27443451946177483,-0.19817876888924113,142.36332202095844,208.76180322162293,-0.20821596021767708,-0.15533351420491914
CVX,3,SU|CVE|SLB,0.8204436031588976,0.5342932054454883,0.010726458639435719,0.6590829822651368,0.2850710103294266,0.012182125327082887,0.012177714496358405,0.2290430498248491,0.23885357213023942,-0.04283265662456248,142.36332202095844,170.70047335054136,-0.20821596021767708,-0.21881631263188173
CVX,3,SU|KMI|PSX,0.7996881100888645,0.6079218483532561,0.009829527596054849,0.7620677312018507,0.5703220559645537,0.00944764940463337,0.009440736250419596,0.2290430498248491,0.1968786749351658,0.14042938615373668,142.36332202095844,160.72859293936673,-0.20821596021767708,-0.13274417752708811
CVX,3,SU|KMI|WMB,0.7107910420994331,0.45428530347062845,0.011582562151967315,0.6788048081523054,0.4379444054980727,0.010816717116483758,0.010797518866896907,0.2290430498248491,0.19006258416558827,0.170188380258949,142.36332202095844,145.43932923262474,-0.20821596021767708,-0.15707441935903732
CVX,3,SU|KMI|TRGP,0.7107910421314001,0.4542853035202826,0.011582562151445827,0.6788048081694285,0.43794440551675595,0.01081671711630288,0.010797518866717449,0.2290430498248491,0.19006258417288516,0.17018838022709093,142.36332202095844,145.43932923879595,-0.20821596021767708,-0.1570744193740785
CVX,3,SU|KMI|OKE,0.7107910418224996,0.45428530304046677,0.01158256215648504,0.6788048080039645,0.4379444053362166,0.010816717118050725,0.010797518868451598,0.2290430498248491,0.19006258410237406,0.17018838053494179,142.36332202095844,145.4393291791632,-0.20821596021767708,-0.1570744192287309
CVX,3,SU|KMI|MPC,0.7667002131093841,0.553874913253779,0.010478696353607715,0.7227263339179727,0.5039761888445234,0.010154864505968988,0.010143447751953439,0.2290430498248491,0.195995668279791,0.14428458567212443,142.36332202095844,157.92219511981068,-0.20821596021767708,-0.1291718614555214
CVX,3,SU|KMI|SLB,0.7844570936560571,0.5774676555052789,0.01020726344121136,0.6875134769534358,0.4537488551650175,0.010663103403502409,0.010644628625331706,0.2290430498248491,0.18891834937440302,0.17518409958795844,142.36332202095844,147.35107698128743,-0.20821596021767708,-0.16458034018480672
CVX,3,SU|PSX|WMB,0.7861279338417438,0.5785462547329656,0.010193561058572165,0.7264937619921688,0.501842083185035,0.010168745172562244,0.01016524504763313,0.2290430498248491,0.20225002107514176,0.11697813476635144,142.36332202095844,165.8108811830952,-0.20821596021767708,-0.12588501779808248
CVX,3,SU|PSX|TRGP,0.8077971480635999,0.5387858800411373,0.010667981754422086,0.7583211093403006,0.5047612995461483,0.010103658209193542,0.010135417005280317,0.2290430498248491,0.2322715406680941,-0.014095563457235949,142.36332202095844,188.2490372735445,-0.20821596021767708,-0.12115398267007571
CVX,3,SU|PSX|OKE,0.8207666670635398,0.5932277451138576,0.010025069706551924,0.7720364951383671,0.5434354633080165,0.009731707260211652,0.00973162625846662,0.2290430498248491,0.22853965278182936,0.0021978271918955405,142.36332202095844,167.37996873140034,-0.20821596021767708,-0.1391462684547793
CVX,3,SU|PSX|MPC,0.8229376097237707,0.5528356352498524,0.01051130550898141,0.7444356053774225,0.44002135483814986,0.010747315063529887,0.010777550508133301,0.2290430498248491,0.24613449326568462,-0.07462109613850099,142.36332202095844,189.70116804411057,-0.20821596021767708,-0.15557893457312766
CVX,3,SU|PSX|SLB,0.8494515675881417,0.6100168458886964,0.009815084538443318,0.7377890885642299,0.4591466265578368,0.010574080529811193,0.010591905698484626,0.2290430498248491,0.23434435788113614,-0.023145465711974067,142.36332202095844,181.9668267932913,-0.20821596021767708,-0.16081716531200352
CVX,3,SU|WMB|TRGP,0.6759724058490391,0.3817990722372441,0.012332218184941837,0.6110491486402866,0.30422082752489144,0.012033415155504913,0.012013513653007277,0.2290430498248491,0.20010218735444865,0.1263555584530146,142.36332202095844,150.74075580821275,-0.20821596021767708,-0.15863556457794825
CVX,3,SU|WMB|OKE,0.721597722008536,0.45190923578208686,0.011621812844532089,0.6713762876335965,0.3997463860071193,0.011176810655199248,0.011158394865331264,0.2290430498248491,0.20540606837877054,0.10319885918456784,142.36332202095844,150.2950321942494,-0.20821596021767708,-0.16102178483518625
CVX,3,SU|WMB|MPC,0.7456577121686423,0.5090982557164645,0.010995510254150236,0.6729586145065379,0.40276231005190444,0.011138758313451985,0.011130327354675385,0.2290430498248491,0.20476719573730598,0.1059881716826031,142.36332202095844,163.9792526330627,-0.20821596021767708,-0.12506819100911892
CVX,3,SU|WMB|SLB,0.7662803936106007,0.5380669205419291,0.01067448941368901,0.6427119488298493,0.3674889447123868,0.011472301819473884,0.01145429580336872,0.2290430498248491,0.19595641058969396,0.14445598441191188,142.36332202095844,152.44832760873413,-0.20821596021767708,-0.1680066157020662
CVX,3,SU|TRGP|OKE,0.7646604746543709,0.4782042048152675,0.01135243713146601,0.7139003380115072,0.4202083687804341,0.010983872712648366,0.010966557126919413,0.2290430498248491,0.23191519852234732,-0.012539776691301352,142.36332202095844,151.85393105728997,-0.20821596021767708,-0.17076118231681314
CVX,3,SU|TRGP|MPC,0.7845156215885509,0.49929586553119465,0.011110153710300845,0.7212618382579832,0.42054675833545496,0.01093605783109218,0.01096335639944091,0.2290430498248491,0.2356901520007291,-0.029021191347928132,142.36332202095844,188.71755908451723,-0.20821596021767708,-0.12590636187531856
CVX,3,SU|TRGP|SLB,0.7966575644929357,0.49733014319829905,0.01113934938895922,0.6793925836879905,0.35841133802672775,0.011534889639391647,0.01153619728229293,0.2290430498248491,0.22829664764930485,0.0032587855257560916,142.36332202095844,173.58655113506316,-0.20821596021767708,-0.16409762874986267
CVX,3,SU|OKE|MPC,0.7997616190012669,0.5593595985938273,0.010432918868399022,0.7388085687967577,0.47016279432409347,0.010488898141349793,0.010483482145741645,0.2290430498248491,0.23165790140153295,-0.011416419658590193,142.36332202095844,165.01758023880822,-0.20821596021767708,-0.1401527811363893
CVX,3,SU|OKE|SLB,0.8145117751504958,0.5728213175547705,0.010273724434389377,0.7188316966519935,0.45548484724638916,0.0106436410971004,0.010627700792628935,0.2290430498248491,0.22116844269732894,0.03438046748653556,142.36332202095844,153.1025400286747,-0.20821596021767708,-0.17690335401076018
CVX,3,SU|MPC|SLB,0.8400747705684944,0.5978540955225867,0.009967663932626361,0.698984956634461,0.36879685228844095,0.011427937309446159,0.011442447067548444,0.2290430498248491,0.23807950921068038,-0.03945310452660111,142.36332202095844,182.59758815686695,-0.20821596021767708,-0.15704950515711436
CVX,3,CVE|KMI|PSX,0.8005316235141865,0.5532515214229015,0.0105064539376036,0.7463411808515278,0.48639341264709335,0.010305165985654811,0.010321661843720553,0.2290430498248491,0.23029681570883984,-0.005473931145038025,142.36332202095844,180.30375453239418,-0.20821596021767708,-0.1318682802192298
CVX,3,CVE|KMI|WMB,0.7270647509366391,0.4096269045132789,0.012076437081163427,0.6734964141125203,0.3387147896576256,0.011718351328018012,0.011711937307298447,0.2290430498248491,0.2313304644552549,-0.009986832746747831,142.36332202095844,167.56246902003485,-0.20821596021767708,-0.1579170391950282
CVX,3,CVE|KMI|TRGP,0.7270647511501898,0.4096269045368228,0.012076437080958123,0.6734964141565807,0.33871478919860465,0.011718351331970411,0.01171193731136328,0.2290430498248491,0.2313304646369847,-0.009986833540178486,142.36332202095844,167.56246913589095,-0.20821596021767708,-0.1579170393440047
CVX,3,CVE|KMI|OKE,0.7270647510252777,0.4096269045230513,0.012076437081078212,0.6734964141308085,0.33871478946710054,0.011718351329658528,0.011711937308985631,0.2290430498248491,0.23133046453068523,-0.009986833076075952,142.36332202095844,167.56246906812305,-0.20821596021767708,-0.15791703925686396
CVX,3,CVE|KMI|MPC,0.7705998920012763,0.5078632793939128,0.01102630339154499,0.7117596704133321,0.4208899461351838,0.010952168139742542,0.010960109332076999,0.2290430498248491,0.22892788504078065,0.0005028084639832064,142.36332202095844,176.74397099834374,-0.20821596021767708,-0.13009571880783022
CVX,3,CVE|KMI|SLB,0.7816979478416078,0.527982795196665,0.01079936329508295,0.6877263642944038,0.41081822525590883,0.01106562312250771,0.011055006091658711,0.2290430498248491,0.21416167358929183,0.06497196158947927,142.36332202095844,161.4891362482944,-0.20821596021767708,-0.1612517971390608
CVX,3,CVE|PSX|WMB,0.7918122042288067,0.5323378364795109,0.010749553279951632,0.7228718790559674,0.43115021603145165,0.010840733752740419,0.010862583624260074,0.2290430498248491,0.23315370613603933,-0.01794709035848796,142.36332202095844,185.243220734478,-0.20821596021767708,-0.12716800104288906
CVX,3,CVE|PSX|TRGP,0.8072094293571243,0.44973420934601926,0.01165994165375676,0.749763205114328,0.4001519633981867,0.011090554917265369,0.01115462449453279,0.2290430498248491,0.26131548211271866,-0.14090116383163998,142.36332202095844,208.159886828187,-0.20821596021767708,-0.1235767232201952
CVX,3,CVE|PSX|OKE,0.8137436392441332,0.48325730844013715,0.011291454500669078,0.7546867138849885,0.4110971010063248,0.011025465135976213,0.01105238946453959,0.2290430498248491,0.2625871936750431,-0.14645344565506546,142.36332202095844,188.81249332382203,-0.20821596021767708,-0.1398737059119628
CVX,3,CVE|PSX|MPC,0.8087299035520745,0.35769751118740833,0.012581658987666462,0.7236144588028621,0.20743426033182555,0.012748882268665307,0.012821888078675675,0.2290430498248491,0.29210032682865017,-0.2753075330249988,142.36332202095844,220.0053137773331,-0.20821596021767708,-0.1518182394375126
CVX,3,CVE|PSX|SLB,0.8339312233653229,0.46076880632483364,0.011524844561367199,0.7288679162773694,0.32426159176827507,0.011787211623673906,0.011839234870325207,0.2290430498248491,0.26902749881639526,-0.1745717629158472,142.36332202095844,205.18629610370974,-0.20821596021767708,-0.1552541030879433
CVX,3,CVE|WMB|TRGP,0.6984981716119343,0.3386504850192684,0.012782173516425242,0.622077822996772,0.20383978034666494,0.012853677805392795,0.012850930390756877,0.2290430498248491,0.23982357720978245,-0.04706769052008908,142.36332202095844,174.08784729641727,-0.20821596021767708,-0.15878828712540605
CVX,3,CVE|WMB|OKE,0.7284176559801531,0.3749332589578882,0.012427598371164068,0.6635615979127523,0.27145835555833064,0.012295140037162665,0.012293103126727012,0.2290430498248491,0.24543698362687272,-0.07157577501068113,142.36332202095844,173.07320631889547,-0.20821596021767708,-0.15864819325542545
CVX,3,CVE|WMB|MPC,0.7543524117588624,0.46999376571885865,0.011442780711085107,0.6743482397771077,0.32745154703787793,0.011797927611031349,0.011811257101186474,0.2290430498248491,0.234901752470663,-0.025579045730896866,142.36332202095844,182.9865811382436,-0.20821596021767708,-0.1251197939429849
CVX,3,CVE|WMB|SLB,0.7650380873186364,0.4835423022952574,0.011296448856997727,0.6455845561346762,0.31008038765206747,0.01196979220236853,0.01196282031327187,0.2290430498248491,0.22209173480672462,0.03034938201984394,142.36332202095844,167.75466949423327,-0.20821596021767708,-0.1644328408263711
CVX,3,CVE|TRGP|OKE,0.7606920096376363,0.3242039591313447,0.01291375924987547,0.6991742083284492,0.2205554632200568,0.012714910532201142,0.012715309707439285,0.2290430498248491,0.2781452062521557,-0.2143795957347554,142.36332202095844,176.30661259805726,-0.20821596021767708,-0.16902907819678903
CVX,3,CVE|TRGP|MPC,0.7827638392872349,0.3875988804410604,0.01230103900856349,0.7117656481770008,0.2735702154855989,0.012210841863836686,0.01227527288103834,0.2290430498248491,0.27114896760336066,-0.18383407752695513,142.36332202095844,213.27545507731801,-0.20821596021767708,-0.12597749050005436
CVX,3,CVE|TRGP|SLB,0.789899412389871,0.4017127500507891,0.012158481164641027,0.6733786852344588,0.2722561937182366,0.012269006404607371,0.012286370091268381,0.2290430498248491,0.25046262016704446,-0.09351766123693794,142.36332202095844,187.1435213554377,-0.20821596021767708,-0.1578927416876994
CVX,3,CVE|OKE|MPC,0.7930726171961039,0.4474264131842616,0.011679353958324513,0.7243503744895515,0.32388400514463367,0.011824159322581304,0.011842542150451336,0.2290430498248491,0.2673808656225571,-0.16738257645025767,142.36332202095844,186.3493694040011,-0.20821596021767708,-0.13999558311143434
CVX,3,CVE|OKE|SLB,0.8053042170201077,0.46489016319701415,0.011488108021391918,0.7107319194277192,0.3549300409367421,0.01157241485202637,0.011567452976811962,0.2290430498248491,0.2510339962972635,-0.09601228454315036,142.36332202095844,168.47310673118122,-0.20821596021767708,-0.17397097155427899
CVX,3,CVE|MPC|SLB,0.8260650047400467,0.45881242043227377,0.011549097661716136,0.6915652556138986,0.22777091843968444,0.012611778774563936,0.012656318938429053,0.2290430498248491,0.271144083644738,-0.18381275420530718,142.36332202095844,204.5051802261923,-0.20821596021767708,-0.15562247503473237
CVX,3,KMI|PSX|WMB,0.7038613565519907,0.3970565823824347,0.012192296801407423,0.6462130453511795,0.3422644073443325,0.011694014438061983,0.011680461600833365,0.2290430498248491,0.21051992126868577,0.08087182112850888,142.36332202095844,159.92686983567657,-0.20821596021767708,-0.10773149653396141
CVX,3,KMI|PSX|TRGP,0.7459492954743016,0.40650658810917184,0.01209452279571999,0.7231934283929969,0.45459430536025314,0.010629283156018701,0.010636387921091475,0.2290430498248491,0.22436273034260473,0.02043423489961138,142.36332202095844,175.20434864959464,-0.20821596021767708,-0.1194789931935678
CVX,3,KMI|PSX|OKE,0.7439280399562817,0.46527573597519234,0.011485432349772107,0.7199526313271215,0.4801923848713102,0.010398096842549736,0.010383784176348925,0.2290430498248491,0.2093713161161715,0.08588662141776726,142.36332202095844,154.8511796386623,-0.20821596021767708,-0.1230989613873924
CVX,3,KMI|PSX|MPC,0.7263068897541985,0.44205429351527525,0.011726904214240252,0.6990353935547633,0.4503228798076976,0.010693431297059554,0.010677956915796311,0.2290430498248491,0.20472202101968026,0.10618540411406197,142.36332202095844,154.05609489797428,-0.20821596021767708,-0.11878326053197052
CVX,3,KMI|PSX|SLB,0.7988412352673889,0.5801724571824278,0.010181831935217643,0.674567107496917,0.4064376842882488,0.011113215756051183,0.011096026731841188,0.2290430498248491,0.2048432234598289,0.10565623529518142,142.36332202095844,152.60969204927343,-0.20821596021767708,-0.10678587542257922
CVX,3,KMI|WMB|TRGP,0.5346034990781574,-0.061873681198189256,0.016139567566733827,0.5439032859310269,0.12773824337867035,0.013475311984578388,0.013451098406540891,0.2290430498248491,0.21848122485043708,0.04611283766300145,142.36332202095844,143.73818178156128,-0.20821596021767708,-0.10517291271269746
CVX,3,KMI|WMB|OKE,0.48900678074063353,-0.03968053885502587,0.015991765882906385,0.4917865032063266,0.07262073231387256,0.013883545263494975,0.013869570914076625,0.2290430498248491,0.2064530038943373,0.09862794766218219,142.36332202095844,122.08531577489856,-0.20821596021767708,-0.1089127471077932
CVX,3,KMI|WMB|MPC,0.6391604619085898,0.2795582861112931,0.01331880988144324,0.5717064246118071,0.1825297418982018,0.013039547602479901,0.013021778821463825,0.2290430498248491,0.21774103220615837,0.04934451242826832,142.36332202095844,158.46378142191207,-0.20821596021767708,-0.11299743358369596
CVX,3,KMI|WMB|SLB,0.7189716741782102,0.43158626362363406,0.011841079464437652,0.5281281618026266,0.12952923175328113,0.013459819667373453,0.01343728194628322,0.2290430498248491,0.2094265685514368,0.08564538975713598,142.36332202095844,134.16847495946323,-0.20821596021767708,-0.13307576110674324
CVX,3,KMI|TRGP|OKE,0.534603497696454,-0.0618736798870374,0.01613956755662505,0.5439032849679968,0.1277382443976477,0.013475311976745756,0.013451098398684096,0.2290430498248491,0.21848122405399087,0.046112841140278804,142.36332202095844,143.7381811862879,-0.20821596021767708,-0.10517291225479053
CVX,3,KMI|TRGP|MPC,0.6842191021206985,0.34992038172674556,0.012646493580205729,0.6569128270551697,0.359908522122119,0.01153567080763781,0.01152272923018884,0.2290430498248491,0.21138715755663842,0.07708547489964124,142.36332202095844,160.19854916443046,-0.20821596021767708,-0.10034137588254066
CVX,3,KMI|TRGP|SLB,0.7399356306878001,0.4206033691074479,0.011953633208777714,0.5850594543916879,0.2060983208240803,0.01285443827052229,0.012832689740825272,0.2290430498248491,0.21847817179865867,0.046126167260999495,142.36332202095844,150.04314334702008,-0.20821596021767708,-0.12720091656870147
CVX,3,KMI|OKE|MPC,0.6718240296347927,0.34785082752357566,0.01267005743769623,0.6351515422096347,0.326266928803736,0.011840288920606408,0.0118216546232022,0.2290430498248491,0.2089699408109927,0.08763902257329548,142.36332202095844,152.68272119817837,-0.20821596021767708,-0.10200927800183712
CVX,3,KMI|OKE|SLB,0.7189716740180868,0.43158626338315675,0.011841079466913316,0.5281281618446851,0.12952923201972177,0.013459819665306051,0.013437281944226725,0.2290430498248491,0.20942656849497326,0.08564539000365523,142.36332202095844,134.16847494318975,-0.20821596021767708,-0.13307576105809815
CVX,3,KMI|MPC|SLB,0.7846291115929132,0.5588044379129748,0.010435908198300236,0.6411360705209914,0.34134092406512984,0.011706721271455082,0.011688658608513942,0.2290430498248491,0.2071757942228067,0.09547225125916048,142.36332202095844,153.2607205504209,-0.20821596021767708,-0.10128063657455766
CVX,3,PSX|WMB|TRGP,0.7344241382241934,0.4000114225198719,0.012161099920445681,0.7002174472438156,0.41663929299525215,0.010995751959217067,0.011000259254488333,0.2290430498248491,0.2214492427551898,0.03315449683134397,142.36332202095844,174.43336581706563,-0.20821596021767708,-0.11357130694338402
CVX,3,PSX|WMB|OKE,0.7070476850658539,0.4022145386837299,0.012140637267695603,0.6512390539468709,0.351306498176543,0.01161333946206581,0.011599896328326894,0.2290430498248491,0.21060826260751275,0.08048612359743534,142.36332202095844,159.81865286276567,-0.20821596021767708,-0.10852052501478637
CVX,3,PSX|WMB|MPC,0.7038613567266812,0.39705658261480337,0.012192296799088781,0.6462130455047269,0.34226440752385723,0.011694014436435142,0.011680461599239312,0.2290430498248491,0.21051992131043393,0.0808718209462368,142.36332202095844,159.9268698714355,-0.20821596021767708,-0.10773149659674075
CVX,3,PSX|WMB|SLB,0.7848359055721442,0.550500511712624,0.010535936183841105,0.6510888062104029,0.3556437889300529,0.011575033171077272,0.011561051708769435,0.2290430498248491,0.20863840347361698,0.0890865117576618,142.36332202095844,159.02315934206445,-0.20821596021767708,-0.10153785452658515
CVX,3,PSX|TRGP|OKE,0.7553848153300677,0.34842297517221466,0.01268082138314232,0.7240797143328197,0.3974045667041155,0.011158834962365789,0.011180140263249027,0.2290430498248491,0.24598858116415345,-0.07398404514899148,142.36332202095844,185.97050680971927,-0.20821596021767708,-0.12759049945502943
CVX,3,PSX|TRGP|MPC,0.7492773584214454,0.3156044478358677,0.012993492703142148,0.7118833970807934,0.3563997392536471,0.011523675755915742,0.01155426808084324,0.2290430498248491,0.25017016195983366,-0.0922407912012202,142.36332202095844,192.64310200483993,-0.20821596021767708,-0.12599704906202513
CVX,3,PSX|TRGP|SLB,0.8032089070907515,0.4730121029245572,0.011408972135811582,0.697195074083191,0.3649402436291148,0.011463936036527404,0.01147735012481322,0.2290430498248491,0.238158951132844,-0.03979994728050418,142.36332202095844,181.99521275947373,-0.20821596021767708,-0.10932827127552325
CVX,3,PSX|OKE|MPC,0.7738025552739116,0.4232178142017403,0.011937834544755768,0.738008911909168,0.42862697206985767,0.010896609703281514,0.010886648519862483,0.2290430498248491,0.24671389783386075,-0.07715077153628824,142.36332202095844,161.71164397609846,-0.20821596021767708,-0.14273105814821918
CVX,3,PSX|OKE|SLB,0.8238861458168868,0.5479965137936899,0.010565207514539213,0.7162828712492498,0.4141531493568027,0.011035878639787408,0.011023674568776086,0.2290430498248491,0.23579575236523098,-0.029482241637743378,142.36332202095844,159.59291998947074,-0.20821596021767708,-0.11388121300343224
CVX,3,PSX|MPC|SLB,0.8288589870740727,0.47349568719962287,0.011398589702763301,0.642179981612323,0.12622531382880342,0.013453784649951063,0.013462758752350883,0.2290430498248491,0.2686883218567314,-0.173090919205797,142.36332202095844,185.1260077131043,-0.20821596021767708,-0.1337963921290788
CVX,3,WMB|TRGP|OKE,0.5288771905664001,-0.1094621447011852,0.01651208338621928,0.5211210671769929,0.04070658314345332,0.014131027324248622,0.01410620094536565,0.2290430498248491,0.22938981443627812,-0.0015139713328746751,142.36332202095844,147.65999042277008,-0.20821596021767708,-0.1168331298312274
CVX,3,WMB|TRGP|MPC,0.6453473217647578,0.27856495956459426,0.013327510647816409,0.5805766462470996,0.19204574417470677,0.012960703019181766,0.012945765041118848,0.2290430498248491,0.21988556858087868,0.03998148492597009,142.36332202095844,162.0588497361101,-0.20821596021767708,-0.10687602491443193
CVX,3,WMB|TRGP|SLB,0.7348295221016915,0.35773684837211717,0.012587901386902517,0.5730749540004484,0.12810688149779448,0.013465272493804172,0.013448255732542252,0.2290430498248491,0.23352897319054935,-0.019585503114504688,142.36332202095844,160.91881581463235,-0.20821596021767708,-0.1296417017366318
CVX,3,WMB|OKE|MPC,0.6350881206863194,0.26689808095575274,0.013436273947962405,0.5634768066335331,0.15745194531496098,0.013237591366558847,0.013220006667728898,0.2290430498248491,0.2204650636456201,0.037451414420951235,142.36332202095844,159.3872612770739,-0.20821596021767708,-0.11505398167822578
CVX,3,WMB|OKE|SLB,0.7448315785406643,0.44724602005609615,0.011685518768306074,0.5695665329276469,0.1670490516283576,0.013167971014000846,0.013144499299001886,0.2290430498248491,0.22130409267492904,0.03378822084249278,142.36332202095844,139.29916706701366,-0.20821596021767708,-0.1384353220926008
CVX,3,WMB|MPC|SLB,0.7659901542733912,0.5180731493345416,0.010907707843733032,0.6056088690622883,0.2578252524903285,0.012422940367971081,0.012407589619897389,0.2290430498248491,0.21401591742371964,0.06560833176392311,142.36332202095844,159.8661582836884,-0.20821596021767708,-0.09699159438262495
CVX,3,TRGP|OKE|MPC,0.7318599883043341,0.3365552162134444,0.012798269833546863,0.6915536892080816,0.31985352240588427,0.011880274009555464,0.011877787758612602,0.2290430498248491,0.24892703102032912,-0.08681329213300915,142.36332202095844,171.5006256589904,-0.20821596021767708,-0.11857955770434736
CVX,3,TRGP|OKE|SLB,0.7588892820230947,0.35401089618323855,0.012631097647946286,0.6119355148468597,0.1591748992677302,0.01322179946617577,0.013206482739252451,0.2290430498248491,0.24616719656675617,-0.07476387847176347,142.36332202095844,162.38461111484824,-0.20821596021767708,-0.1344403271985234
CVX,3,TRGP|MPC|SLB,0.7935943980908526,0.4573412818721485,0.011576690663188421,0.6555830387660354,0.26313652868640847,0.012354570225983057,0.01236311326119088,0.2290430498248491,0.2426253800849332,-0.05930033795162348,142.36332202095844,181.41206000584106,-0.20821596021767708,-0.11119149035302145
CVX,3,OKE|MPC|SLB,0.8157817063747208,0.5432887654378675,0.010621345652439823,0.6819088333729034,0.332313642526877,0.01178197575044658,0.011768485738431221,0.2290430498248491,0.23934214959336178,-0.04496578165715337,142.36332202095844,160.27055538919714,-0.20821596021767708,-0.11175024889731155
CVX,4,EOG|COP|HAL|CNQ,0.8450191770592425,0.5995710081827309,0.0099348009488457,0.8096383110804894,0.5430020886363035,0.009751884107813505,0.009736243831300152,0.2290430498248491,0.2622081435009896,-0.14479851583142156,142.36332202095844,150.2140873400377,-0.20821596021767708,-0.1742489654920818
CVX,4,EOG|COP|HAL|DVN,0.8492401178701869,0.5585919040006029,0.010422855110516667,0.8198686710576657,0.5402233087918257,0.009782316602317718,0.009765799629208738,0.2290430498248491,0.2709560539185483,-0.18299181802613274,142.36332202095844,148.26470600870925,-0.20821596021767708,-0.18040024028410806
CVX,4,EOG|COP|HAL|FANG,0.8492401178604744,0.5585919038191083,0.010422855112620893,0.8198686708945975,0.5402233084269978,0.00978231660619705,0.009765799633083265,0.2290430498248491,0.27095605391185157,-0.18299181799689457,142.36332202095844,148.26470601590208,-0.20821596021767708,-0.18040024019758305
CVX,4,EOG|COP|HAL|SU,0.8519753982557973,0.6209221032721359,0.009672483535934976,0.8149495588636663,0.5822077260686263,0.009324185960135345,0.009309246632169478,0.2290430498248491,0.25215418794240935,-0.10090303170182846,142.36332202095844,149.89230420365809,-0.20821596021767708,-0.16820042781691802
CVX,4,EOG|COP|HAL|CVE,0.8513116935178378,0.5716392674562372,0.010269075840928222,0.8142173492812897,0.5322612526870514,0.009864204214060339,0.009849994957891713,0.2290430498248491,0.2691851133507302,-0.17525990662706437,142.36332202095844,153.21985135660327,-0.20821596021767708,-0.16769401554979801
CVX,4,EOG|COP|HAL|KMI,0.8229562597212207,0.5904715455514193,0.010055655367603335,0.8196990085956479,0.6301772628382909,0.008774234986825643,0.008758528316477665,0.2290430498248491,0.23453045694699112,-0.02395797264461108,142.36332202095844,143.9305562501869,-0.20821596021767708,-0.17289392529009595
CVX,4,EOG|COP|HAL|PSX,0.8601630186503729,0.628411806145372,0.009575539513309151,0.8173054843870782,0.5777738584643638,0.009369471467722972,0.009358513977981233,0.2290430498248491,0.2557893073179301,-0.11677393185924667,142.36332202095844,156.1508712781962,-0.20821596021767708,-0.13497088411682023
CVX,4,EOG|COP|HAL|WMB,0.8190551508168803,0.5776118956572016,0.010211586003346559,0.8094511269120402,0.6029727793704028,0.009090739240417586,0.009074954909300761,0.2290430498248491,0.23772310713465306,-0.03789705610557337,142.36332202095844,146.48469531236393,-0.20821596021767708,-0.16208896871383727
CVX,4,EOG|COP|HAL|TRGP,0.8359372564435192,0.5480550707562886,0.010561982652195627,0.8171515165397768,0.5712060469536091,0.009442551330898734,0.009431019877150192,0.2290430498248491,0.25814168051751674,-0.1270443731644315,142.36332202095844,155.65467349223738,-0.20821596021767708,-0.15474805559311455
CVX,4,EOG|COP|HAL|OKE,0.8394343735724957,0.5559174751397449,0.010457002847738579,0.8252783489084361,0.586410949102696,0.009278350301989417,0.009262300153032489,0.2290430498248491,0.25947693226486035,-0.13287407089315417,142.36332202095844,146.78183060505427,-0.20821596021767708,-0.17477745690896307
CVX,4,EOG|COP|HAL|MPC,0.8535436785628465,0.6211067203541614,0.009670427696011053,0.8001779676068573,0.5322058040986375,0.009862098666904958,0.009850578779666015,0.2290430498248491,0.2583674822799142,-0.12803022173119727,142.36332202095844,156.92850214719653,-0.20821596021767708,-0.12720840458004545
CVX,4,EOG|COP|HAL|SLB,0.8492401177342404,0.5585919014666756,0.01042285513988228,0.8198686692205651,0.5402233044030673,0.009782316648963977,0.009765799675818032,0.2290430498248491,0.27095605393030947,-0.18299181807748166,142.36332202095844,148.26470615257693,-0.20821596021767708,-0.1804002395669584
CVX,4,EOG|COP|CNQ|DVN,0.8259346784742735,0.5986638896557801,0.009957373825275485,0.7920523861486408,0.4815976189920065,0.010388330028121335,0.010369739054247526,0.2290430498248491,0.2688528720182644,-0.17380934380614543,142.36332202095844,144.26543150582575,-0.20821596021767708,-0.16731169390757894
CVX,4,EOG|COP|CNQ|FANG,0.8259344195515961,0.598663456486014,0.009957379231775892,0.7920519521555601,0.4815965306466845,0.010388340940905664,0.01036974993947055,0.2290430498248491,0.26885289309971877,-0.17380943584759523,142.36332202095844,144.26536355134897,-0.20821596021767708,-0.1673113697576557
CVX,4,EOG|COP|CNQ|SU,0.8338464661129947,0.6210444814739002,0.009676483473096251,0.7985592208887637,0.5276279898901157,0.0099164263832441,0.00989866010916196,0.2290430498248491,0.25889038788091673,-0.1303132231206845,142.36332202095844,143.99702160587938,-0.20821596021767708,-0.15814079559070082
CVX,4,EOG|COP|CNQ|CVE,0.8259345889356885,0.5986637398965947,0.009957375694047005,0.7920522365068589,0.48159724473732934,0.010388333780534487,0.010369742797404177,0.2290430498248491,0.2688528789776147,-0.17380937419060927,142.36332202095844,144.26541006118424,-0.20821596021767708,-0.16731158734398466
CVX,4,EOG|COP|CNQ|KMI,0.8119754393135536,0.6157451385310968,0.009743799378496119,0.8268472015635758,0.657275756528263,0.008446742130312749,0.008431536944597216,0.2290430498248491,0.2265990471126695,0.010670494974846623,142.36332202095844,142.4763182123973,-0.20821596021767708,-0.1714990933576167
CVX,4,EOG|COP|CNQ|PSX,0.8540503762232973,0.6637304012022813,0.00911459793097885,0.8084755918686659,0.5575562991227765,0.009590127094183927,0.009579952203155696,0.2290430498248491,0.2559281169888413,-0.1173799736973089,142.36332202095844,157.71966613242807,-0.20821596021767708,-0.1461204647921157
CVX,4,EOG|COP|CNQ|WMB,0.8102917916121356,0.6141087192313495,0.00976441573935562,0.8121853610274496,0.6237583606293424,0.008850097508952638,0.008834210902361129,0.2290430498248491,0.22941250938846222,-0.0016130573003443338,142.36332202095844,143.48584957130674,-0.20821596021767708,-0.15288040413092208
CVX,4,EOG|COP|CNQ|TRGP,0.8246476153269402,0.6011351528298783,0.009927109606501465,0.8069237813361508,0.5582490824315969,0.009587367594005844,0.009572449066581978,0.2290430498248491,0.2545415735073691,-0.11132633669530212,142.36332202095844,150.99181838637773,-0.20821596021767708,-0.14059948411082113
CVX,4,EOG|COP|CNQ|OKE,0.8323257526368195,0.6248255921427002,0.009626556239325457,0.8175390162694809,0.5868932755234385,0.009273554907321409,0.009256897742942579,0.2290430498248491,0.25262866631459546,-0.1029746002237677,142.36332202095844,143.40177038506806,-0.20821596021767708,-0.16381674346831243
CVX,4,EOG|COP|CNQ|MPC,0.8441212289859236,0.6511620474749462,0.009283979313331978,0.7900194879313703,0.5051404655125151,0.010144079623651598,0.010131536309936344,0.2290430498248491,0.259771209128168,-0.1341588811658634,142.36332202095844,156.4905996638264,-0.20821596021767708,-0.14022041032894372
CVX,4,EOG|COP|CNQ|SLB,0.834618794441709,0.6154212925762712,0.009746903305076257,0.7876875527637993,0.5178490309636128,0.010018320377141397,0.01000059537556502,0.2290430498248491,0.2537699432553918,-0.10795740560323286,142.36332202095844,145.51298363104445,-0.20821596021767708,-0.15870023893050178
CVX,4,EOG|COP|DVN|FANG,0.8354822612253723,0.5813321406725661,0.010168033841666453,0.8205212307604025,0.5255659019885186,0.009937963881086948,0.009920242335484528,0.2290430498248491,0.27595192767192084,-0.20480376017933444,142.36332202095844,140.0926721205227,-0.20821596021767708,-0.17366049015608875
CVX,4,EOG|COP|DVN|SU,0.833779293769676,0.619416505027417,0.009696969481993977,0.7981730292057415,0.5338442364639866,0.009850980717839521,0.009833312999067156,0.2290430498248491,0.2564060968613351,-0.11946682973969613,142.36332202095844,143.7945441026406,-0.20821596021767708,-0.15472101632651813
CVX,4,EOG|COP|DVN|CVE,0.8383313424308422,0.5907019073662316,0.010053642248385307,0.7980637367125972,0.46820815736641164,0.01052044497480539,0.010502801794645163,0.2290430498248491,0.27682878331740796,-0.20863210444106883,142.36332202095844,149.04394568471128,-0.20821596021767708,-0.14160537769366177
CVX,4,EOG|COP|DVN|KMI,0.7962905589742915,0.5587139776868291,0.010442014509991982,0.8206046338323497,0.6332679276470341,0.008737269322533901,0.008721853355162073,0.2290430498248491,0.233818331169373,-0.020848837579553692,142.36332202095844,139.47015397158677,-0.20821596021767708,-0.17425580438137844
CVX,4,EOG|COP|DVN|PSX,0.8493728192672612,0.6364737597605981,0.009477406756933896,0.8062786555557698,0.5390572725088599,0.009793411564036935,0.009778175274017219,0.2290430498248491,0.26091405391789185,-0.13914853176036002,142.36332202095844,151.18830903456083,-0.20821596021767708,-0.1458470922817955
CVX,4,EOG|COP|DVN|WMB,0.7954271390230634,0.5630279695124365,0.010390799589871285,0.8108764352524941,0.6137323662755318,0.008967209482763267,0.008951142965737237,0.2290430498248491,0.2336507341900602,-0.020117110598791843,142.36332202095844,140.91011824307145,-0.20821596021767708,-0.15407649353696695
CVX,4,EOG|COP|DVN|TRGP,0.8215917352188916,0.5622503217157306,0.010399907779772486,0.8221803443540494,0.5828723897342811,0.00931669614670915,0.00930183866742277,0.2290430498248491,0.25813957145432936,-0.1270351650125625,142.36332202095844,150.03096955458412,-0.20821596021767708,-0.1370766160966832
CVX,4,EOG|COP|DVN|OKE,0.8280084089522821,0.5779328373465117,0.010208437791296716,0.8340148515531246,0.6072111312767351,0.009042459384897361,0.009026386383200028,0.2290430498248491,0.25910612943468087,-0.1312551489024496,142.36332202095844,139.97555656330508,-0.20821596021767708,-0.1682693823188276
CVX,4,EOG|COP|DVN|MPC,0.8389016039752474,0.6251609133239165,0.00962368789064018,0.7874524943052297,0.4855970509721437,0.010346215543345525,0.010329660759948412,0.2290430498248491,0.26429103495365613,-0.15389240213034805,142.36332202095844,150.78769626242178,-0.20821596021767708,-0.1519175035021776
CVX,4,EOG|COP|DVN|SLB,0.8509088347565571,0.6237015288635184,0.009639190167565466,0.8163304350432808,0.5675849131817056,0.009487803380206541,0.009470758295261868,0.2290430498248491,0.25897135346814204,-0.13066671818323816,142.36332202095844,141.35253035979417,-0.20821596021767708,-0.16303251346145964
CVX,4,EOG|COP|FANG|SU,0.8337794281139453,0.6194167801960002,0.009696965984330883,0.798173242616411,0.533844801063446,0.009850974748555534,0.009833307044099612,0.2290430498248491,0.2564060658077018,-0.11946669415979838,142.36332202095844,143.7945826734547,-0.20821596021767708,-0.15472116674724357
CVX,4,EOG|COP|FANG|CVE,0.8383313697717438,0.59070204023608,0.010053640621996096,0.798063906642829,0.4682086833021024,0.010520439795368132,0.010502796601072001,0.2290430498248491,0.27682875187338546,-0.20863196715673515,142.36332202095844,149.04388211338048,-0.20821596021767708,-0.14160553313632107
CVX,4,EOG|COP|FANG|KMI,0.7962905592119809,0.558713977699659,0.010442014509844546,0.8206046339399715,0.6332679274174231,0.00873726932528148,0.00872185335789245,0.2290430498248491,0.23381833142694047,-0.020848838704091044,142.36332202095844,139.47015402725253,-0.20821596021767708,-0.17425580462293166
CVX,4,EOG|COP|FANG|PSX,0.8493728192609411,0.6364737597614778,0.009477406756922694,0.8062786555565342,0.5390572724995532,0.009793411564143643,0.009778175274115933,0.2290430498248491,0.26091405392194494,-0.13914853177805586,142.36332202095844,151.18830901979226,-0.20821596021767708,-0.14584709227390524
CVX,4,EOG|COP|FANG|WMB,0.7954271420037959,0.5630279792650776,0.010390799473857007,0.8108764372885924,0.6137323721880505,0.008967209414070861,0.008951142897230592,0.2290430498248491,0.2336507332247467,-0.020117106384241357,142.36332202095844,140.91011765858653,-0.20821596021767708,-0.15407649107574628
CVX,4,EOG|COP|FANG|TRGP,0.8215917347868972,0.5622503188032293,0.010399907814425721,0.8221803446752682,0.5828723897323396,0.009316696146511861,0.009301838667444417,0.2290430498248491,0.25813957171969154,-0.1270351661711313,142.36332202095844,150.03097000390582,-0.20821596021767708,-0.1370766173273028
CVX,4,EOG|COP|FANG|OKE,0.8280085043429224,0.5779332681625304,0.010208432606441532,0.8340148542370843,0.6072112145560907,0.009042458421331053,0.009026385426309774,0.2290430498248491,0.2591060995232456,-0.13125501830937858,142.36332202095844,139.97552816305722,-0.20821596021767708,-0.16826925650183933
CVX,4,EOG|COP|FANG|MPC,0.8389016039742536,0.6251609133233984,0.009623687890646805,0.7874524943118434,0.48559705098531347,0.010346215543216216,0.010329660759816181,0.2290430498248491,0.2642910349544093,-0.15389240213363653,142.36332202095844,150.78769625576507,-0.20821596021767708,-0.15191750351293198
CVX,4,EOG|COP|FANG|SLB,0.8509088332447684,0.6237015253907134,0.00963919021216848,0.8163304377760279,0.5675849143144007,0.009487803367763526,0.00947075828285772,0.2290430498248491,0.2589713553063435,-0.13066672620881015,142.36332202095844,141.35253012136107,-0.20821596021767708,-0.163032514859639
CVX,4,EOG|COP|SU|CVE,0.833779500744531,0.619416850762569,0.009696965094650178,0.798173422518941,0.5338450459533788,0.009850972163408318,0.009833304461184928,0.2290430498248491,0.25640612217178704,-0.11946694024491333,142.36332202095844,143.79455603506148,-0.20821596021767708,-0.15472121588247878
CVX,4,EOG|COP|SU|KMI,0.8205394438310134,0.6375006632606133,0.009462073934456739,0.8351570873839886,0.685185314987624,0.008095512315546923,0.008080938941957995,0.2290430498248491,0.21669114023813807,0.053928331796824325,142.36332202095844,142.34213521441654,-0.20821596021767708,-0.16268290667110896
CVX,4,EOG|COP|SU|PSX,0.8591643267314079,0.6737465686013826,0.008978453362424504,0.8135023694136223,0.5853599049480052,0.009284612321681556,0.009274061718496221,0.2290430498248491,0.24941803414733876,-0.08895700759342207,142.36332202095844,156.3913782743998,-0.20821596021767708,-0.13574279002289114
CVX,4,EOG|COP|SU|WMB,0.8171262794794965,0.6327806574604887,0.009522824549287982,0.8158075127018974,0.6454723848157784,0.008590919463202415,0.008575498370248128,0.2290430498248491,0.21929991235871918,0.0425384549916733,142.36332202095844,143.45620097146667,-0.20821596021767708,-0.14405678301963531
CVX,4,EOG|COP|SU|TRGP,0.8307799822994566,0.6169186283236734,0.009726340024018778,0.812111127072167,0.5920541990723547,0.00921328882310171,0.009198893009376154,0.2290430498248491,0.24541675714666425,-0.07148746637078163,142.36332202095844,150.53238321676102,-0.20821596021767708,-0.13484975800500387
CVX,4,EOG|COP|SU|OKE,0.8392082299603391,0.6436701426900034,0.009383194712383573,0.8233789976039411,0.6241247007782803,0.00884581291384703,0.008829908993731395,0.2290430498248491,0.2417284867905868,-0.055384509486047895,142.36332202095844,143.11182886331494,-0.20821596021767708,-0.15289592085651238
CVX,4,EOG|COP|SU|MPC,0.8487603725041712,0.659219838264768,0.009175774841292242,0.7957105754482123,0.5358328508863287,0.009825360746087369,0.00981231618944579,0.2290430498248491,0.2535441105894107,-0.10697142211168464,142.36332202095844,154.82374966307512,-0.20821596021767708,-0.13060007848419153
CVX,4,EOG|COP|SU|SLB,0.8471097045914054,0.6457741305456417,0.009355448476547887,0.7978540308104155,0.5693168993717572,0.009468398185929696,0.009451772277735826,0.2290430498248491,0.2421247233984997,-0.05711447513318668,142.36332202095844,145.92916222784595,-0.20821596021767708,-0.15236816908830497
CVX,4,EOG|COP|CVE|KMI,0.8136262158112565,0.6040886101621246,0.009890622367909661,0.8252156486508169,0.6498523073883489,0.008537277468667196,0.008522361821927204,0.2290430498248491,0.2293964643432275,-0.0015430047698397065,142.36332202095844,145.88376584105544,-0.20821596021767708,-0.15387374556892075
CVX,4,EOG|COP|CVE|PSX,0.8569641682119812,0.6418086632228477,0.00940591945154984,0.8029969958168369,0.5227504362901856,0.00995549736081886,0.009949633970449795,0.2290430498248491,0.26355992628806835,-0.15070038793848828,142.36332202095844,163.1253654675287,-0.20821596021767708,-0.13863625101282073
CVX,4,EOG|COP|CVE|WMB,0.8111554569593112,0.6023961199727382,0.009911710046177235,0.8115226191540582,0.6186131639385062,0.008909976826674671,0.008894410789498527,0.2290430498248491,0.23163363617754243,-0.011310477897820359,142.36332202095844,146.04241185367565,-0.20821596021767708,-0.14104767937210083
CVX,4,EOG|COP|CVE|TRGP,0.8277067656418962,0.5800637599037681,0.010186210413316651,0.8185531409006237,0.5747214813960859,0.009405791043679779,0.009392280565691816,0.2290430498248491,0.2580789581145667,-0.12677052768866637,142.36332202095844,152.75808927203866,-0.20821596021767708,-0.1291180325575897
CVX,4,EOG|COP|CVE|OKE,0.8376409901224707,0.6076576436256631,0.009842263281023798,0.821765211633652,0.5823581879132138,0.009323559622375528,0.009307570185955232,0.2290430498248491,0.2580189768511763,-0.12650865000481493,142.36332202095844,147.25909148779633,-0.20821596021767708,-0.14348287555618822
CVX,4,EOG|COP|CVE|MPC,0.8458642693398739,0.6337727389734316,0.009512464794340907,0.7870936304141818,0.47897526596596574,0.010407865619340335,0.010395933777692493,0.2290430498248491,0.26593531616860266,-0.16107131987617773,142.36332202095844,158.0527468357745,-0.20821596021767708,-0.13764709979516254
CVX,4,EOG|COP|CVE|SLB,0.8464971513956057,0.6094646279240707,0.009820071143079057,0.7881469965689938,0.4964082284692747,0.010237089343796857,0.010220535398783303,0.2290430498248491,0.2613632675426684,-0.14110979461081574,142.36332202095844,150.32505977198954,-0.20821596021767708,-0.1455075796427987
CVX,4,EOG|COP|KMI|PSX,0.8499602984709078,0.6829556495721418,0.008850604990684166,0.8475787933382478,0.6961607411894886,0.007952162991493513,0.007938825903396068,0.2290430498248491,0.22822345224364643,0.0035783560419293536,142.36332202095844,147.3820329480249,-0.20821596021767708,-0.13250149736931593
CVX,4,EOG|COP|KMI|WMB,0.796290559249163,0.558713977701666,0.010442014509821481,0.8206046339568068,0.6332679273815046,0.00873726932571129,0.008721853358319568,0.2290430498248491,0.23381833146723238,-0.020848838880005216,142.36332202095844,139.47015403596043,-0.20821596021767708,-0.17425580466071822
CVX,4,EOG|COP|KMI|TRGP,0.7962905590717446,0.5587139776920893,0.010442014509931534,0.8206046338764751,0.633267927552893,0.008737269323660417,0.008721853356281537,0.2290430498248491,0.2338183312749766,-0.02084883804061799,142.36332202095844,139.47015399440988,-0.20821596021767708,-0.17425580448041622
CVX,4,EOG|COP|KMI|OKE,0.7962905591456506,0.5587139776960788,0.010442014509885689,0.8206046339099382,0.6332679274814987,0.008737269324514735,0.008721853357130506,0.2290430498248491,0.23381833135506336,-0.02084883839027607,142.36332202095844,139.47015401171834,-0.20821596021767708,-0.17425580455552336
CVX,4,EOG|COP|KMI|MPC,0.8396678597586603,0.670500997974677,0.009021653209379418,0.8341880249120908,0.6701479931211591,0.008286166586262647,0.008271683325419086,0.2290430498248491,0.22777415251082722,0.005539994839364071,142.36332202095844,145.75399691028528,-0.20821596021767708,-0.12199330588729518
CVX,4,EOG|COP|KMI|SLB,0.8156313758120354,0.6047017875241889,0.009882955006045557,0.8128390932198952,0.6368096430234113,0.008695195456398954,0.008679635524185027,0.2290430498248491,0.22157690717462247,0.03259711506608054,142.36332202095844,140.78200076820548,-0.20821596021767708,-0.1661503404853829
CVX,4,EOG|COP|PSX|WMB,0.8451659574366582,0.6754873316086136,0.008953821513035873,0.8292227983872563,0.6586786434130121,0.008427755857227158,0.00841426267501806,0.2290430498248491,0.22879468416770685,0.0010843623385742296,142.36332202095844,149.17202224146246,-0.20821596021767708,-0.12595972920774023
CVX,4,EOG|COP|PSX|TRGP,0.8444687984256384,0.6360260124124953,0.00948206531537196,0.8145817828166106,0.5900555634409924,0.00923167195760665,0.009221399395938948,0.2290430498248491,0.24842604219008932,-0.08462597917754988,142.36332202095844,156.56527664386655,-0.20821596021767708,-0.1343907794042699
CVX,4,EOG|COP|PSX|OKE,0.8544528418969266,0.6602469609510662,0.009162079969423007,0.825766375053737,0.6097248557283254,0.009012048362528696,0.00899745701610273,0.2290430498248491,0.2506048565719652,-0.0941386641664288,142.36332202095844,149.30941525732416,-0.20821596021767708,-0.1415217161572513
CVX,4,EOG|COP|PSX|MPC,0.8493728192556876,0.636473759762209,0.009477406756913382,0.8062786555571692,0.5390572724918192,0.009793411564232316,0.009778175274197965,0.2290430498248491,0.2609140539253132,-0.13914853179276165,142.36332202095844,151.18830900751965,-0.20821596021767708,-0.1458470922673485
CVX,4,EOG|COP|PSX|SLB,0.8593872801754564,0.6570227141711054,0.009205169237065769,0.8103218212556802,0.5734133966733167,0.009420455808615148,0.00940671400795157,0.2290430498248491,0.25155198593734884,-0.09827382288924502,142.36332202095844,152.43915203218964,-0.20821596021767708,-0.1346917983522995
CVX,4,EOG|COP|WMB|TRGP,0.7954271611558297,0.5630280107012541,0.010390799100343375,0.8108764515201864,0.6137323888001838,0.008967209221257478,0.0089511427047506,0.2290430498248491,0.23365074002517996,-0.020117136074875086,142.36332202095844,140.91011780436398,-0.20821596021767708,-0.1540764971420222
CVX,4,EOG|COP|WMB|OKE,0.7954271836331147,0.5630280310949268,0.0103907988584974,0.8108764688299096,0.6137323970006632,0.008967209126304132,0.00895114260973401,0.2290430498248491,0.23365075487707415,-0.020117200918118305,142.36332202095844,140.91012003688655,-0.20821596021767708,-0.15407651582316595
CVX,4,EOG|COP|WMB|MPC,0.8317707182629202,0.6560584410364284,0.009216119049835117,0.8059505451340527,0.6080772510678594,0.009031753777158527,0.009016429066425056,0.2290430498248491,0.23119951548111664,-0.009415110643682834,142.36332202095844,147.59348552478522,-0.20821596021767708,-0.12060144519282412
CVX,4,EOG|COP|WMB|SLB,0.8164119654375309,0.6111932674606555,0.009801471886512427,0.8078016385980629,0.6252791218502489,0.00883222860823257,0.008816338972224452,0.2290430498248491,0.22284017839429904,0.027081683706593362,142.36332202095844,141.83932287248874,-0.20821596021767708,-0.1468494619992724
CVX,4,EOG|COP|TRGP|OKE,0.8255285306222204,0.5740803553153041,0.010257712494059091,0.8323868890658677,0.6101375179195048,0.009008811856732617,0.008992698972484248,0.2290430498248491,0.2565282329680325,-0.1200000749387573,142.36332202095844,144.09040624434292,-0.20821596021767708,-0.15484155450384585
CVX,4,EOG|COP|TRGP|MPC,0.836534408204108,0.6272213464359135,0.009595706853037973,0.7950255956351425,0.529283136528983,0.009895618052187225,0.009881302909096534,0.2290430498248491,0.2554064965226672,-0.11510258319551037,142.36332202095844,153.15907544867486,-0.20821596021767708,-0.1320304428142125
CVX,4,EOG|COP|TRGP|SLB,0.8347524618520986,0.5971955490645595,0.009976130438865473,0.8078350138216467,0.5919940759828526,0.00921308884998361,0.009199570851249074,0.2290430498248491,0.2412875412333607,-0.053459344947925924,142.36332202095844,152.08177925837177,-0.20821596021767708,-0.13158707868374642
CVX,4,EOG|COP|OKE|MPC,0.841687480255857,0.6442904814849537,0.00937487214266504,0.7988528577849423,0.5405258266872379,0.009779267096800104,0.009762586313560001,0.2290430498248491,0.25450984439595764,-0.11118780766577796,142.36332202095844,147.778602659737,-0.20821596021767708,-0.13739116415149533
CVX,4,EOG|COP|OKE|SLB,0.844586286207342,0.6227250343755226,0.009650843752471869,0.8279565907092935,0.6284869010172788,0.008794300114075615,0.00877852195317669,0.2290430498248491,0.2443309165857747,-0.06674669575268188,142.36332202095844,141.15917468005557,-0.20821596021767708,-0.15838983260119222
CVX,4,EOG|COP|MPC|SLB,0.8543056135457011,0.6562750930759491,0.009215630736715214,0.793762510982272,0.5372468185324646,0.009811599208364824,0.009797359422352714,0.2290430498248491,0.2514623007096191,-0.09788225795069616,142.36332202095844,152.98996494834432,-0.20821596021767708,-0.12544169378080916
CVX,4,EOG|HAL|CNQ|DVN,0.838032819896778,0.5912210474633416,0.010041805642404816,0.797846840766837,0.5181344669491735,0.010014562084203937,0.009997634734002584,0.2290430498248491,0.26152642955904115,-0.14182215858124625,142.36332202095844,148.35724306638292,-0.20821596021767708,-0.16440719925711555
CVX,4,EOG|HAL|CNQ|FANG,0.838032823110669,0.59122108815606,0.01004180515535421,0.7978468588570442,0.5181345086194662,0.010014561655624643,0.009997634301719772,0.2290430498248491,0.2615264295847511,-0.14182215869349557,142.36332202095844,148.35723049702926,-0.20821596021767708,-0.16440717741096966
CVX,4,EOG|HAL|CNQ|SU,0.8475171165918416,0.6155573067359863,0.00974257056535547,0.8066980665605631,0.5656926909584241,0.009507266554597714,0.00949145740773561,0.2290430498248491,0.2515257353837559,-0.09815921319638155,142.36332202095844,148.73219046590495,-0.20821596021767708,-0.1642324376279588
CVX,4,EOG|HAL|CNQ|CVE,0.8380328273707212,0.5912210570520509,0.010041805526745221,0.797846852954481,0.5181344937241805,0.010014561808546403,0.009997634456241751,0.2290430498248491,0.261526429995433,-0.1418221604865295,142.36332202095844,148.3572357567414,-0.20821596021767708,-0.16440718371066487
CVX,4,EOG|HAL|CNQ|KMI,0.8287071084502965,0.643901447559917,0.009380096263454166,0.8082001224217401,0.6232292405349047,0.008856361059522581,0.008840420630032554,0.2290430498248491,0.2247562435109106,0.018716159766544505,142.36332202095844,142.09381711992768,-0.20821596021767708,-0.14651482794745951
CVX,4,EOG|HAL|CNQ|PSX,0.8617011160193788,0.6547871718002725,0.009229064266239153,0.8186141832979471,0.5895717287796027,0.00923308160635708,0.009226839544137656,0.2290430498248491,0.25213292882094573,-0.1008102145590255,142.36332202095844,160.77625204939935,-0.20821596021767708,-0.1397595532238396
CVX,4,EOG|HAL|CNQ|WMB,0.8250279428447022,0.6301527870570356,0.009559269830746477,0.7983006207559579,0.5944399641798502,0.009188407674486284,0.009171954897692491,0.2290430498248491,0.230250000780414,-0.0052695375672295874,142.36332202095844,143.96257673807028,-0.20821596021767708,-0.14621765963887767
CVX,4,EOG|HAL|CNQ|TRGP,0.8327701711411388,0.5917672661871235,0.010041950870289931,0.8011452909146275,0.5551516146708825,0.009619842312839497,0.009605950477740483,0.2290430498248491,0.250807731719838,-0.09502441532992378,142.36332202095844,152.8862490462976,-0.20821596021767708,-0.14809907452570126
CVX,4,EOG|HAL|CNQ|OKE,0.8378513984361172,0.616076652569762,0.009734029098144859,0.8052408517679913,0.5685402232254686,0.009477046051278675,0.00946029090714051,0.2290430498248491,0.24915509262724206,-0.08780900716163531,142.36332202095844,145.40306188710764,-0.20821596021767708,-0.15407507670519205
CVX,4,EOG|HAL|CNQ|MPC,0.8551962425074857,0.644614386078735,0.009365196765694824,0.8022349160818956,0.5456340581352459,0.009715955620965628,0.009708166570155819,0.2290430498248491,0.25509578028800123,-0.11374599876780733,142.36332202095844,160.61457175205382,-0.20821596021767708,-0.12986642592449482
CVX,4,EOG|HAL|CNQ|SLB,0.838032812603071,0.5912209662976373,0.010041806613993435,0.7978468036420356,0.518134381603858,0.010014562962017503,0.009997635619364988,0.2290430498248491,0.261526429451227,-0.14182215811053056,142.36332202095844,148.3572687088174,-0.20821596021767708,-0.16440724419859942
CVX,4,EOG|HAL|DVN|FANG,0.8361720219360965,0.5523290395666769,0.010509017890209717,0.7974857578435895,0.501993140351897,0.010181997080207726,0.010163703719583661,0.2290430498248491,0.2664979812308951,-0.16352791073419626,142.36332202095844,141.29551068194564,-0.20821596021767708,-0.1474856824694588
CVX,4,EOG|HAL|DVN|SU,0.8475488765448811,0.6154115241420325,0.00974452948273681,0.806652843298816,0.5660644892898811,0.009503196930197341,0.009487393852360068,0.2290430498248491,0.25134045765481605,-0.09735029221370373,142.36332202095844,148.72766359785342,-0.20821596021767708,-0.1642958136113335
CVX,4,EOG|HAL|DVN|CVE,0.8428856021622,0.5603071396413448,0.010410644316991409,0.7949966690047398,0.48753290191279375,0.010325864892929271,0.01031020564952998,0.2290430498248491,0.26906321443371706,-0.17472769699613977,142.36332202095844,152.42925077095813,-0.20821596021767708,-0.15834170604834774
CVX,4,EOG|HAL|DVN|KMI,0.8275263652761015,0.6269316737830208,0.009601041821853937,0.8083204824071203,0.6203536291165588,0.008888367931880043,0.008874092686608123,0.2290430498248491,0.2266726821504901,0.010349005028406855,142.36332202095844,135.60363049435077,-0.20821596021767708,-0.13164795964961118
CVX,4,EOG|HAL|DVN|PSX,0.8601630172166511,0.628412019160275,0.0095755368199013,0.8173055353156086,0.5777739935427018,0.009369469989547836,0.00935851248099598,0.2290430498248491,0.2557892999351797,-0.11677389962622153,142.36332202095844,156.1508439077414,-0.20821596021767708,-0.13497092217002948
CVX,4,EOG|HAL|DVN|WMB,0.8219767863596529,0.6128898243527788,0.009780030817008293,0.7977546370991733,0.5937701478932447,0.009195247531177345,0.009179525897895354,0.2290430498248491,0.22997675091218128,-0.00407653097549221,142.36332202095844,137.556617788259,-0.20821596021767708,-0.1310089061729759
CVX,4,EOG|HAL|DVN|TRGP,0.8273758453732637,0.5561301786349376,0.010472034480086002,0.7993715786938692,0.5480421932124502,0.009698584433175745,0.009682405797600414,0.2290430498248491,0.2521207454079716,-0.10075702188200064,142.36332202095844,148.73389573565325,-0.20821596021767708,-0.13271134512263272
CVX,4,EOG|HAL|DVN|OKE,0.8366123607591809,0.588436311100805,0.010078675793470826,0.8065528754372202,0.5637509328833279,0.009529355531676135,0.00951265157101824,0.2290430498248491,0.2521904642937512,-0.10106141394206491,142.36332202095844,138.74567666172018,-0.20821596021767708,-0.13931037736522645
CVX,4,EOG|HAL|DVN|MPC,0.8535436795485829,0.6211071049682493,0.009670422867795188,0.8001780931539848,0.5322061533809073,0.009862095029892198,0.009850575102158697,0.2290430498248491,0.2583674608483643,-0.1280301281612335,142.36332202095844,156.92844163367226,-0.20821596021767708,-0.12720848659877215
CVX,4,EOG|HAL|DVN|SLB,0.8361720219770822,0.5523290391661628,0.010509017894795086,0.7974857577108405,0.5019931399708975,0.010181997084106869,0.010163703723471525,0.2290430498248491,0.266497981253578,-0.16352791083322948,142.36332202095844,141.29551074453244,-0.20821596021767708,-0.14748568255762717
CVX,4,EOG|HAL|FANG|SU,0.8475488757203953,0.6154115397482413,0.009744529288307695,0.8066528466523066,0.5660645019466453,0.009503196792014139,0.00948739371399883,0.2290430498248491,0.2513404555841602,-0.0973502831732378,142.36332202095844,148.72766248638277,-0.20821596021767708,-0.1642958086151618
CVX,4,EOG|HAL|FANG|CVE,0.8428856165871295,0.5603068781543556,0.010410647332542863,0.7949965770950944,0.48753257248431037,0.01032586816019125,0.010310208963376737,0.2290430498248491,0.2690632470601967,-0.17472783944307113,142.36332202095844,152.4293456940438,-0.20821596021767708,-0.15834187059142146
CVX,4,EOG|HAL|FANG|KMI,0.8275263657783135,0.626931674313776,0.00960104181502263,0.8083204829782135,0.6203536292034103,0.00888836793085013,0.008874092685593063,0.2290430498248491,0.22667268280884278,0.010349002154044662,142.36332202095844,135.60363046988334,-0.20821596021767708,-0.13164795939068352
CVX,4,EOG|HAL|FANG|PSX,0.8601630167310156,0.6284121228975168,0.00957553550864721,0.8173055591476986,0.5777740579025397,0.009369469283506461,0.009358511767737724,0.2290430498248491,0.25578929598723804,-0.1167738823895419,142.36332202095844,156.15083299402238,-0.20821596021767708,-0.134970943195572
CVX,4,EOG|HAL|FANG|WMB,0.8219767644885971,0.6128898268626641,0.009780030786313412,0.7977546330882784,0.5937701729895756,0.00919524724537596,0.009179525614346002,0.2290430498248491,0.22997673242731217,-0.0040764502707113515,142.36332202095844,137.556612924946,-0.20821596021767708,-0.13100888694920165
CVX,4,EOG|HAL|FANG|TRGP,0.8273757936920567,0.5561301300855205,0.010472035063017249,0.7993715708768852,0.5480422446460098,0.009698583877091797,0.009682405246663355,0.2290430498248491,0.25212071918037965,-0.10075690737255827,142.36332202095844,148.73390608934812,-0.20821596021767708,-0.13271129102422052
CVX,4,EOG|HAL|FANG|OKE,0.8366123385431331,0.5884362387387898,0.010078676665582228,0.8065528390940647,0.5637509392519899,0.009529355463561423,0.009512651501582144,0.2290430498248491,0.25219043074787856,-0.10106126748107136,142.36332202095844,138.74568239681705,-0.20821596021767708,-0.13931041021282398
CVX,4,EOG|HAL|FANG|MPC,0.8535436783409942,0.621106896849455,0.009670425481117404,0.800178020912436,0.5322059541439451,0.00986209710358722,0.009850577199875955,0.2290430498248491,0.2583674725484943,-0.12803017924390114,142.36332202095844,156.9284772814902,-0.20821596021767708,-0.12720844378007135
CVX,4,EOG|HAL|FANG|SLB,0.8361720219593803,0.5523290393391509,0.010509017892814594,0.7974857577681768,0.501993140135457,0.01018199708242277,0.010163703721792297,0.2290430498248491,0.2664979812437808,-0.16352791079045526,142.36332202095844,141.2955107175002,-0.20821596021767708,-0.14748568251954586
CVX,4,EOG|HAL|SU|CVE,0.8475488761048878,0.61541151972006,0.00974452953824143,0.8066528434276503,0.566064485706161,0.009503196969843442,0.009487393891536586,0.2290430498248491,0.2513404591921844,-0.0973502989258408,142.36332202095844,148.72766261848645,-0.20821596021767708,-0.16429581127795545
CVX,4,EOG|HAL|SU|KMI,0.8363666014040336,0.6621321552116491,0.009136150912810087,0.8146011962714628,0.6484238630519649,0.008555126614541275,0.008539727820870573,0.2290430498248491,0.21477159019049472,0.06230907091600413,142.36332202095844,142.59405450556486,-0.20821596021767708,-0.15005189749050585
CVX,4,EOG|HAL|SU|PSX,0.8663643508394956,0.6629626789229575,0.009121963723857903,0.8224898508068844,0.6105742818417008,0.008994207634224156,0.008987660289203829,0.2290430498248491,0.2468162592480288,-0.07759768059659966,142.36332202095844,159.82796761109944,-0.20821596021767708,-0.13387315050594129
CVX,4,EOG|HAL|SU|WMB,0.8317857662583651,0.6484478795441045,0.0093197074073884,0.802642075412902,0.6192412074972357,0.008902945419166414,0.00888708439740625,0.2290430498248491,0.22003917341733245,0.03931084752146807,142.36332202095844,144.52870739293567,-0.20821596021767708,-0.14952919496720407
CVX,4,EOG|HAL|SU|TRGP,0.8399138961005658,0.608807337068043,0.009831342099097444,0.8072522899525068,0.5867825765985273,0.009271092477227199,0.009258137930923439,0.2290430498248491,0.24308343137077507,-0.06130018595483566,142.36332202095844,153.1601897842111,-0.20821596021767708,-0.15112007112903847
CVX,4,EOG|HAL|SU|OKE,0.8453695653314545,0.6347161593839721,0.009498341448741463,0.8120737900712047,0.6045710193807565,0.009072581697364263,0.009056670795253656,0.2290430498248491,0.23964486180803085,-0.046287420601887064,142.36332202095844,145.863294386096,-0.20821596021767708,-0.1574895206206135
CVX,4,EOG|HAL|SU|MPC,0.8592648791696176,0.6503827274272755,0.009291115815563158,0.806223277999981,0.5666002645461645,0.009489870396084909,0.009481535054530175,0.2290430498248491,0.25048584067281265,-0.09361904176686875,142.36332202095844,159.42684153174753,-0.20821596021767708,-0.12543051390781723
CVX,4,EOG|HAL|SU|SLB,0.8475488771910269,0.6154115202825385,0.009744529530548487,0.8066528417610533,0.5660644861581319,0.009503196964047557,0.00948739388659573,0.2290430498248491,0.2513404575427608,-0.0973502917244713,142.36332202095844,148.72766472247966,-0.20821596021767708,-0.1642958173082838
CVX,4,EOG|HAL|CVE|KMI,0.8321740069047344,0.6324223463191515,0.009529595403676296,0.8005375082440407,0.6013407169051299,0.009108906888034196,0.009093588019207432,0.2290430498248491,0.22883572173862732,0.0009051926543081068,142.36332202095844,148.016198354856,-0.20821596021767708,-0.1459430291467807
CVX,4,EOG|HAL|CVE|PSX,0.8627778573519959,0.6271212839363867,0.009589286869611574,0.8137721745773094,0.5623636026255745,0.009530422680261674,0.009527765315429702,0.2290430498248491,0.25828451956317283,-0.12766800721822769,142.36332202095844,164.75382081273813,-0.20821596021767708,-0.1302757541172973
CVX,4,EOG|HAL|CVE|WMB,0.8285485363230802,0.6209042167041561,0.009677548206152985,0.7917160013157999,0.5749247808765928,0.009405776938083388,0.009390035361751432,0.2290430498248491,0.23345713356916317,-0.01927185194088854,142.36332202095844,148.40566268708528,-0.20821596021767708,-0.1437728259991623
CVX,4,EOG|HAL|CVE|TRGP,0.833928060863493,0.5655761601674378,0.010358638387552153,0.799429748566601,0.5407515299441575,0.00977317275027509,0.009760188226446292,0.2290430498248491,0.2547700629487472,-0.11232391964555033,142.36332202095844,154.74181581156668,-0.20821596021767708,-0.1419521653914122
CVX,4,EOG|HAL|CVE|OKE,0.84098205310248,0.5888640970153581,0.010069824040141506,0.8013927278351444,0.5436036452167703,0.00974557465833384,0.009729833703307995,0.2290430498248491,0.2554224364766397,-0.11517217689846126,142.36332202095844,149.97228650166986,-0.20821596021767708,-0.1522216283623411
CVX,4,EOG|HAL|CVE|MPC,0.8554993115887,0.6220272441061118,0.009657263893506922,0.7996509960925025,0.5274449820952094,0.009908629433916906,0.009900577407919104,0.2290430498248491,0.25948568571336494,-0.13291228837458968,142.36332202095844,160.89030522604776,-0.20821596021767708,-0.1250035879146958
CVX,4,EOG|HAL|CVE|SLB,0.842885625130701,0.5603066041873782,0.010410650499254421,0.7949965112874916,0.4875323712572691,0.01032587016067218,0.01031021098759577,0.2290430498248491,0.26906326028195265,-0.17472789716914483,142.36332202095844,152.42939530671023,-0.20821596021767708,-0.15834200496007556
CVX,4,EOG|HAL|KMI|PSX,0.8564427491264542,0.6745024407742608,0.008967374817569864,0.8267608575441169,0.6495529209710309,0.008539343319370554,0.00852600447653072,0.2290430498248491,0.23148125509517065,-0.010645183393191981,142.36332202095844,149.9267472595488,-0.20821596021767708,-0.12433658965259253
CVX,4,EOG|HAL|KMI|WMB,0.8275263858593566,0.6269315895708625,0.009601042903724112,0.808320414933974,0.6203534661363277,0.008888369852542452,0.008874094591409054,0.2290430498248491,0.22667270138781684,0.01034892103840257,142.36332202095844,135.60365349521325,-0.20821596021767708,-0.13164804848813072
CVX,4,EOG|HAL|KMI|TRGP,0.8273220392518132,0.6234744524357627,0.009645434211945964,0.8085202820986152,0.6194185104317409,0.00889988006801909,0.00888501499067003,0.2290430498248491,0.22753568451087927,0.006581144091132751,142.36332202095844,136.8018733297483,-0.20821596021767708,-0.13109675600576598
CVX,4,EOG|HAL|KMI|OKE,0.8275263693136113,0.626931658855896,0.009601042013614296,0.8083204705368434,0.6203535996485086,0.00888836827914634,0.008874093031010472,0.2290430498248491,0.22667268604026922,0.01034898804566442,142.36332202095844,135.60363464558174,-0.20821596021767708,-0.13164797558212227
CVX,4,EOG|HAL|KMI|MPC,0.8489331558757779,0.6646401375334414,0.009102617769601805,0.8104728859693515,0.6144912863400804,0.00895637034867647,0.008942345254739697,0.2290430498248491,0.23268140191135905,-0.015885014145996745,142.36332202095844,150.23932579560483,-0.20821596021767708,-0.11673514261817519
CVX,4,EOG|HAL|KMI|SLB,0.8294784553753787,0.6465560817319973,0.009344249258936736,0.8065413320794349,0.6298320813377347,0.008775755102209494,0.008762614837548414,0.2290430498248491,0.21748850966456382,0.05044702368887044,142.36332202095844,134.07375739967017,-0.20821596021767708,-0.12536276481331798
CVX,4,EOG|HAL|PSX|WMB,0.853322731629274,0.6695075734971303,0.009036053612615554,0.8199204734793432,0.6348765487553232,0.008715295282690128,0.00870270371206216,0.2290430498248491,0.2319336069516889,-0.012620147736638332,142.36332202095844,151.85506485346932,-0.20821596021767708,-0.12288430340339851
CVX,4,EOG|HAL|PSX|TRGP,0.8538500389399152,0.6277460270529889,0.009589403327028942,0.8198810273277958,0.6057164812630249,0.00904985167797226,0.009043543792203321,0.2290430498248491,0.2464599088265369,-0.07604185769883265,142.36332202095844,160.20953226208655,-0.20821596021767708,-0.12797535953939898
CVX,4,EOG|HAL|PSX|OKE,0.8595286045435194,0.6425065027115898,0.00939324054581881,0.8229060072441842,0.6077867949288757,0.00903206125787423,0.009019769510613073,0.2290430498248491,0.24866412606213908,-0.08566545133019465,142.36332202095844,153.3538950861991,-0.20821596021767708,-0.1323871389032063
CVX,4,EOG|HAL|PSX|MPC,0.8606248654079945,0.6325576329188114,0.00952216259401362,0.815921678165639,0.5751269799896133,0.009398469681829068,0.009387801777461888,0.2290430498248491,0.2556076830395511,-0.11598096181052497,142.36332202095844,156.58613818726025,-0.20821596021767708,-0.13369793873241043
CVX,4,EOG|HAL|PSX|SLB,0.8601630185116346,0.6284118061580133,0.009575539512873696,0.8173054850220569,0.5777738593991173,0.00936947145863157,0.009358513967621971,0.2290430498248491,0.2557893075473412,-0.11677393286085369,142.36332202095844,156.150869702203,-0.20821596021767708,-0.13497088249383216
CVX,4,EOG|HAL|WMB|TRGP,0.8232021672239811,0.6021148952707486,0.00991523281437029,0.8003530257626991,0.5919982881849442,0.009216062404778399,0.009199523363517505,0.2290430498248491,0.23378908290319805,-0.020721139899151142,142.36332202095844,141.14973882928473,-0.20821596021767708,-0.1301181697550483
CVX,4,EOG|HAL|WMB|OKE,0.8222690856333695,0.6130231662083387,0.009778335154888613,0.7980695440339332,0.59405409533733,0.009192034813124198,0.009176317174389246,0.2290430498248491,0.23017015500694674,-0.004920931601982925,142.36332202095844,137.56252790666238,-0.20821596021767708,-0.13109321227224013
CVX,4,EOG|HAL|WMB|MPC,0.8453914906263279,0.6562502159871406,0.009215764835775022,0.8015373485441739,0.5918408106338655,0.009214630457814845,0.009201298574998164,0.2290430498248491,0.23497214407634576,-0.025886374880314644,142.36332202095844,152.3876230802875,-0.20821596021767708,-0.11550890045061635
CVX,4,EOG|HAL|WMB|SLB,0.8226906979152976,0.6202211599992442,0.009686997971873456,0.7975504720985565,0.5988398543352096,0.009137507502288244,0.009122066296786645,0.2290430498248491,0.22682482042908217,0.009684770603007764,142.36332202095844,137.0964200498361,-0.20821596021767708,-0.12894933212493154
CVX,4,EOG|HAL|TRGP|OKE,0.8310510644845677,0.5726541177243245,0.010274220759960912,0.8043346192121689,0.5639431039597722,0.009527514500142793,0.009510556142061885,0.2290430498248491,0.2502112882671191,-0.09242034830769796,142.36332202095844,144.78091502025148,-0.20821596021767708,-0.13440607594287446
CVX,4,EOG|HAL|TRGP|MPC,0.8508089252232733,0.6228884455860606,0.009650726539743392,0.8041056289826752,0.556995994580451,0.00959552268618254,0.009586016242949958,0.2290430498248491,0.2524558599504311,-0.1022201291132212,142.36332202095844,158.48168629075997,-0.20821596021767708,-0.12253859592418226
CVX,4,EOG|HAL|TRGP|SLB,0.8288300775505443,0.5845105549929942,0.010131764104882804,0.7950954994671475,0.5642125501307245,0.009523606056412871,0.009507617329550893,0.2290430498248491,0.24177599231908925,-0.055591918217894554,142.36332202095844,148.35216196732503,-0.20821596021767708,-0.12410510287990328
CVX,4,EOG|HAL|OKE|MPC,0.8534401482760029,0.634719891053932,0.009495923615742943,0.8062547205056808,0.564439818682154,0.009518073636503166,0.009505137836152375,0.2290430498248491,0.25153120034608417,-0.09818307317524777,142.36332202095844,153.99382020880967,-0.20821596021767708,-0.12542284987219687
CVX,4,EOG|HAL|OKE|SLB,0.8366123378658167,0.588436238692619,0.010078676666227294,0.8065528388626761,0.5637509413235043,0.009529355440901588,0.009512651478996888,0.2290430498248491,0.2521904297430495,-0.10106126309399643,142.36332202095844,138.74568226717702,-0.20821596021767708,-0.13931041000554922
CVX,4,EOG|HAL|MPC|SLB,0.8535436819291836,0.6211068870409746,0.009670425600374571,0.8001780407872771,0.532206000088846,0.009862096630118338,0.00985057671613337,0.2290430498248491,0.2583674725411848,-0.12803017921198778,142.36332202095844,156.92846326883438,-0.20821596021767708,-0.12720843331552323
CVX,4,EOG|CNQ|DVN|FANG,0.8159135354093077,0.5796708273217375,0.010190927434291897,0.7767745311761551,0.44182948652673737,0.010779538229419773,0.010760136463026242,0.2290430498248491,0.26997439761828657,-0.17870591500042443,142.36332202095844,142.70019291204775,-0.20821596021767708,-0.15851705549910255
CVX,4,EOG|CNQ|DVN|SU,0.8279448198896266,0.609689463565173,0.009820069641916718,0.7886044335948986,0.5053022985921357,0.010148133700686502,0.01012987952484853,0.2290430498248491,0.25883284264818807,-0.13006198112590384,142.36332202095844,143.03871181157905,-0.20821596021767708,-0.1518282081076966
CVX,4,EOG|CNQ|DVN|CVE,0.8159135353225896,0.5796708271986186,0.010190927435779387,0.7767745310432635,0.441829486262163,0.010779538231972637,0.010760136465576409,0.2290430498248491,0.2699743976043531,-0.1787059149395911,142.36332202095844,142.7001930073493,-0.20821596021767708,-0.15851705570678298
CVX,4,EOG|CNQ|DVN|KMI,0.807174055307656,0.6234643644705542,0.009641298996474746,0.7917294955181966,0.5873123605114041,0.009267931242522846,0.00925220112214141,0.2290430498248491,0.22682588946475643,0.009680103202381218,142.36332202095844,137.20140042716062,-0.20821596021767708,-0.13855353903980505
CVX,4,EOG|CNQ|DVN|PSX,0.8540504245110325,0.6637304629021419,0.009114597104155141,0.8084756699565074,0.5575564222167322,0.009590125836402445,0.009579950870518016,0.2290430498248491,0.25592813872239684,-0.11738006858582684,142.36332202095844,157.7195771603037,-0.20821596021767708,-0.14612044739286334
CVX,4,EOG|CNQ|DVN|WMB,0.7998737980897171,0.6043715522321553,0.009883820167992588,0.7791124003255091,0.553870145378099,0.009636772820683254,0.009619776399778507,0.2290430498248491,0.23123632257148236,-0.009575810085966197,142.36332202095844,139.14554530034476,-0.20821596021767708,-0.12867513250078966
CVX,4,EOG|CNQ|DVN|TRGP,0.8137648223044096,0.5849387499122001,0.010125316323779566,0.7862624304829019,0.5102377292460706,0.010096317224690085,0.010079221678361987,0.2290430498248491,0.25531244832393507,-0.11469196956281524,142.36332202095844,148.3232170572188,-0.20821596021767708,-0.12770541516791323
CVX,4,EOG|CNQ|DVN|OKE,0.8211326079209736,0.6125446095684741,0.009784401057557275,0.7901100779368757,0.5238377587976402,0.009956078291114716,0.009938293331545335,0.2290430498248491,0.25355201153327916,-0.10700591756515743,142.36332202095844,140.30713359849486,-0.20821596021767708,-0.14598157446522786
CVX,4,EOG|CNQ|DVN|MPC,0.8441212411996812,0.6511620577421064,0.009283979177252896,0.7900194969695681,0.5051404800628376,0.010144079478940655,0.010131536160987895,0.2290430498248491,0.25977121125745317,-0.13415889046230434,142.36332202095844,156.49059373291573,-0.20821596021767708,-0.1402204101093294
CVX,4,EOG|CNQ|DVN|SLB,0.8346188087617293,0.6154213227039704,0.009746902926740835,0.7876875810221369,0.5178490705081302,0.010018319970015704,0.010000594965456201,0.2290430498248491,0.2537699516345512,-0.10795744218657122,142.36332202095844,145.51296446817403,-0.20821596021767708,-0.15870020116383077
CVX,4,EOG|CNQ|FANG|SU,0.8279448277647549,0.6096894964102871,0.00982006922879552,0.7886044343359672,0.5053023342898846,0.010148133334100126,0.010129879159358757,0.2290430498248491,0.25883283122297057,-0.13006193124350185,142.36332202095844,143.03872213123992,-0.20821596021767708,-0.15182822553579223
CVX,4,EOG|CNQ|FANG|CVE,0.8159135350296987,0.579670826782785,0.010190927440803388,0.7767745305944239,0.4418294853685635,0.010779538240594936,0.010760136474189596,0.2290430498248491,0.2699743975572927,-0.17870591473412567,142.36332202095844,142.7001933292305,-0.20821596021767708,-0.15851705640822267
CVX,4,EOG|CNQ|FANG|KMI,0.8071740766694246,0.6234643586069348,0.009641299092723897,0.7917294599007835,0.5873121947434576,0.009267933114324962,0.00925220298034854,0.2290430498248491,0.2268259448930941,0.00967986120273212,142.36332202095844,137.2014270777834,-0.20821596021767708,-0.13855361242885644
CVX,4,EOG|CNQ|FANG|PSX,0.854050429244921,0.6637304670511572,0.009114597048465217,0.8084756760139109,0.5575564340488005,0.009590125711171696,0.00957995074242187,0.2290430498248491,0.25592813946342724,-0.11738007182115928,142.36332202095844,157.71957353146772,-0.20821596021767708,-0.14612044767493748
CVX,4,EOG|CNQ|FANG|WMB,0.7998736751526319,0.6043714025053488,0.00988382202889692,0.7791123097918354,0.5538701197931268,0.009636773101297545,0.009619776675619392,0.2290430498248491,0.23123624464405537,-0.009575469855485297,142.36332202095844,139.1455645675969,-0.20821596021767708,-0.12867512596985198
CVX,4,EOG|CNQ|FANG|TRGP,0.8137647705622869,0.584938655148493,0.010125317471705189,0.786262403178939,0.5102377651210839,0.010096316842315097,0.01007922130921124,0.2290430498248491,0.25531241416571787,-0.11469182042833048,142.36332202095844,148.3232522583456,-0.20821596021767708,-0.12770537110137115
CVX,4,EOG|CNQ|FANG|OKE,0.82113262031694,0.6125446309928626,0.009784400787301365,0.7901100964502972,0.52383779759164,0.00995607788413041,0.009938292926697867,0.2290430498248491,0.2535520122780653,-0.10700592081688742,142.36332202095844,140.3071232389583,-0.20821596021767708,-0.14598155124531054
CVX,4,EOG|CNQ|FANG|MPC,0.844121238760249,0.65116205571736,0.009283979204089535,0.790019495472158,0.5051404777364157,0.010144079502150377,0.010131536184802965,0.2290430498248491,0.25977121087986066,-0.13415888881373883,142.36332202095844,156.49059458794267,-0.20821596021767708,-0.14022041008305752
CVX,4,EOG|CNQ|FANG|SLB,0.8346188187184806,0.6154213357674563,0.009746902758726,0.787687571545299,0.5178490890772969,0.01001831977553031,0.010000594772878832,0.2290430498248491,0.25376993743201787,-0.10795738017843193,142.36332202095844,145.51297244404788,-0.20821596021767708,-0.15870021141000146
CVX,4,EOG|CNQ|SU|CVE,0.8279448214625353,0.6096894653987491,0.009820069618334221,0.788604435161129,0.5053023126040318,0.010148133556970258,0.010129879381388372,0.2290430498248491,0.258832839136067,-0.13006196579201323,142.36332202095844,143.03871174456117,-0.20821596021767708,-0.15182820466659774
CVX,4,EOG|CNQ|SU|KMI,0.8168018305670381,0.6432849178871901,0.009377337411617526,0.8009183946024604,0.622988137416329,0.00885839911460191,0.008843248758342848,0.2290430498248491,0.21452572062623457,0.06338253533436633,142.36332202095844,137.74305659232434,-0.20821596021767708,-0.13121252563209052
CVX,4,EOG|CNQ|SU|PSX,0.8540504062375484,0.6637304461849012,0.00911459732849291,0.808475645984182,0.5575563764563057,0.0095901263191011,0.009579951365928785,0.2290430498248491,0.2559281353489469,-0.11738005385737305,142.36332202095844,157.71959304843693,-0.20821596021767708,-0.14612044703785154
CVX,4,EOG|CNQ|SU|WMB,0.80829956523312,0.6232251099969714,0.009639647694716237,0.7848325383990762,0.5863611943054442,0.009279345850807192,0.009262857264017588,0.2290430498248491,0.2191542681852056,0.04317433620974542,142.36332202095844,139.8821225641435,-0.20821596021767708,-0.1309886765921553
CVX,4,EOG|CNQ|SU|TRGP,0.8224765262353316,0.6050969482488575,0.009873543989790382,0.7949115579253577,0.5523647634234667,0.009652151197985707,0.009635992801785431,0.2290430498248491,0.24661138781253616,-0.0767032136584005,142.36332202095844,148.55568939567843,-0.20821596021767708,-0.1285233613328498
CVX,4,EOG|CNQ|SU|OKE,0.8304855039599325,0.6331535388291967,0.009519669477840888,0.7997135070713387,0.5743304327335673,0.00941345549878987,0.00939659773041539,0.2290430498248491,0.2416548068258952,-0.05506282338927293,142.36332202095844,140.76146851048443,-0.20821596021767708,-0.13782268276874066
CVX,4,EOG|CNQ|SU|MPC,0.8441212348641743,0.6511620517546426,0.009283979256583684,0.7900194844113974,0.5051404576928056,0.010144079699577079,0.01013153638998499,0.2290430498248491,0.259771208933488,-0.13415888031589218,142.36332202095844,156.49060523610078,-0.20821596021767708,-0.1402204120166417
CVX,4,EOG|CNQ|SU|SLB,0.8470321479888201,0.6459259559132469,0.009353446533825624,0.7980141286439626,0.5688519405879021,0.009473505681584844,0.009456872894719236,0.2290430498248491,0.24247868428632555,-0.05865986534736933,142.36332202095844,145.9401033930507,-0.20821596021767708,-0.1522573765508316
CVX,4,EOG|CNQ|CVE|KMI,0.8071740792549411,0.6234643605217838,0.009641299069209217,0.7917294594533395,0.5873121879544003,0.00926793319087453,0.009252203056451752,0.2290430498248491,0.22682594831255493,0.009679846273395354,142.36332202095844,137.20142787649166,-0.20821596021767708,-0.1385536149867932
CVX,4,EOG|CNQ|CVE|PSX,0.8540504055725162,0.6637304449994763,0.009114597344362558,0.8084756446263376,0.5575563747194223,0.00959012633608347,0.009579951384732605,0.2290430498248491,0.2559281348040412,-0.11738005147831942,142.36332202095844,157.71959517393913,-0.20821596021767708,-0.14612044762876497
CVX,4,EOG|CNQ|CVE|WMB,0.7998737433151987,0.6043714589777398,0.009883821345950996,0.7791123186475243,0.5538699846675905,0.009636774566198754,0.009619778132456786,0.2290430498248491,0.23123632092350357,-0.009575802890904983,142.36332202095844,139.14558888158305,-0.20821596021767708,-0.12867523458205066
CVX,4,EOG|CNQ|CVE|TRGP,0.8137647675106972,0.5849386542760749,0.010125317484320067,0.7862623932772828,0.5102377411163914,0.010096317087526238,0.010079221556217426,0.2290430498248491,0.25531241476205774,-0.11469182303194536,142.36332202095844,148.32325863280573,-0.20821596021767708,-0.12770539157473493
CVX,4,EOG|CNQ|CVE|OKE,0.8211326025164271,0.612544606965265,0.00978440109043596,0.7901100779926536,0.5238377830780516,0.009956078037250736,0.009938293078159164,0.2290430498248491,0.25355200280272244,-0.10700587944762141,142.36332202095844,140.3071334703937,-0.20821596021767708,-0.14598156937915974
CVX,4,EOG|CNQ|CVE|MPC,0.8441211949307367,0.6511620168145482,0.009283979719619662,0.790019438568216,0.5051403794331093,0.01014408047409199,0.010131537191112242,0.2290430498248491,0.2597711994474566,-0.13415883889996016,142.36332202095844,156.49064207219135,-0.20821596021767708,-0.14022041644736372
CVX,4,EOG|CNQ|CVE|SLB,0.8346187961511176,0.6154212798190086,0.009746903457050206,0.787687495728331,0.5178490171695304,0.01001832051229376,0.010000595518620871,0.2290430498248491,0.2537699027140239,-0.10795722859996659,142.36332202095844,145.51302552180758,-0.20821596021767708,-0.15870031013835662
CVX,4,EOG|CNQ|KMI|PSX,0.8493735935841347,0.692313206734339,0.00871850925107598,0.8193373051205015,0.6369097291965549,0.008691290108290747,0.008678439496614026,0.2290430498248491,0.23000243639902002,-0.00418867359173114,142.36332202095844,151.35251321803037,-0.20821596021767708,-0.13355841495408405
CVX,4,EOG|CNQ|KMI|WMB,0.8071740126946132,0.6234642491702767,0.009641300506003295,0.7917293796221311,0.5873120488575694,0.00926793476696753,0.009252204615683667,0.2290430498248491,0.22682593805732568,0.009679891047638778,142.36332202095844,137.20146469817357,-0.20821596021767708,-0.13855369867909106
CVX,4,EOG|CNQ|KMI|TRGP,0.8071740994706408,0.6234643865681735,0.009641298736973817,0.7917294722571423,0.5873121908852007,0.009267933156451474,0.009252203023598395,0.2290430498248491,0.22682596116928785,0.00967979014100917,142.36332202095844,137.201423880825,-0.20821596021767708,-0.1385536082994573
CVX,4,EOG|CNQ|KMI|OKE,0.8071740467864663,0.6234643135840677,0.009641299671204789,0.7917294313750379,0.5873121574293902,0.009267933537903563,0.00925220339862758,0.2290430498248491,0.22682593406071858,0.009679908496791234,142.36332202095844,137.2014390140429,-0.20821596021767708,-0.1385536380280854
CVX,4,EOG|CNQ|KMI|MPC,0.8379898337325687,0.6765745084405972,0.00893722511589005,0.8024537457131483,0.6016592031435435,0.009104573159125447,0.009089954890077911,0.2290430498248491,0.23080195470262152,-0.007679363679087725,142.36332202095844,149.64582303454483,-0.20821596021767708,-0.12732987153759834
CVX,4,EOG|CNQ|KMI|SLB,0.8238693223964545,0.6515040702214481,0.00927749550923073,0.7964437073383868,0.6176407052174532,0.008921587756745638,0.008905743037965904,0.2290430498248491,0.21198628157518182,0.07446970454991197,142.36332202095844,139.93090960962184,-0.20821596021767708,-0.13840846834927067
CVX,4,EOG|CNQ|PSX|WMB,0.8458384067765075,0.6831151648443863,0.00884805744283712,0.8118453555035442,0.619609403499711,0.00889473593467475,0.008882786426548512,0.2290430498248491,0.2312584845713492,-0.009672569188168945,142.36332202095844,153.40165274347163,-0.20821596021767708,-0.1314650575549562
CVX,4,EOG|CNQ|PSX|TRGP,0.8506323158935108,0.6618045221169793,0.009141210997864373,0.8139582193429484,0.5904829000152176,0.009223013736535406,0.009216591831342583,0.2290430498248491,0.24752238072729074,-0.0806806009462977,142.36332202095844,160.57832042569484,-0.20821596021767708,-0.13765426604386388
CVX,4,EOG|CNQ|PSX|OKE,0.8541513367536682,0.6745323014154039,0.008967215512479277,0.8152110731796255,0.5923782286158789,0.009206855921757795,0.009195238963638991,0.2290430498248491,0.24807097710121692,-0.08307576803102568,142.36332202095844,154.82694612856537,-0.20821596021767708,-0.14284707923183315
CVX,4,EOG|CNQ|PSX|MPC,0.8540503787318312,0.6637304316513235,0.009114597524231063,0.808475618843029,0.5575563088937407,0.009590127056444107,0.009579952097373457,0.2290430498248491,0.2559281380480819,-0.11738006564177361,142.36332202095844,157.71958845861954,-0.20821596021767708,-0.14612043537936903
CVX,4,EOG|CNQ|PSX|SLB,0.8603077905518283,0.674009090663428,0.008973482149191176,0.8123713324918155,0.5850191964617041,0.009286619338273185,0.009277871170047927,0.2290430498248491,0.24846505923130824,-0.08479632724639008,142.36332202095844,158.4223145709268,-0.20821596021767708,-0.1371656832287762
CVX,4,EOG|CNQ|WMB|TRGP,0.7998736041542334,0.604371285929931,0.009883823499243587,0.7791122106202946,0.5538699356747796,0.009636775101248,0.009619778660665988,0.2290430498248491,0.23123623714938066,-0.009575437133799491,142.36332202095844,139.14561538610002,-0.20821596021767708,-0.12867524127350805
CVX,4,EOG|CNQ|WMB|OKE,0.801007516546761,0.6058000424821516,0.00986619175827911,0.7800915405445265,0.5548135401858394,0.009626581573411638,0.009609599934601774,0.2290430498248491,0.23174982148352033,-0.011817741951747118,142.36332202095844,139.16338829728278,-0.20821596021767708,-0.12917076844118436
CVX,4,EOG|CNQ|WMB|MPC,0.8332436320282766,0.6641023705693995,0.009108397382589542,0.7919795486758463,0.5747825968366567,0.00940562971559248,0.009391605673869725,0.2290430498248491,0.23372046020623274,-0.02042153379009104,142.36332202095844,151.9189598601276,-0.20821596021767708,-0.12519729324244633
CVX,4,EOG|CNQ|WMB|SLB,0.8184923067392458,0.635834809717233,0.00948454924443728,0.7856620304693084,0.5883562103236681,0.009257146825862279,0.009240492480567842,0.2290430498248491,0.21889293765906995,0.04431530305565279,142.36332202095844,141.8210031225368,-0.20821596021767708,-0.1366697260911245
CVX,4,EOG|CNQ|TRGP|OKE,0.8206905034017405,0.6112015014017655,0.0098013728878295,0.7906085324557265,0.5263085304319794,0.009930296555458589,0.009912475251169147,0.2290430498248491,0.2530583453838864,-0.10485057537175635,142.36332202095844,141.06206772770184,-0.20821596021767708,-0.14363722981852145
CVX,4,EOG|CNQ|TRGP|MPC,0.8429140185712299,0.6520166997199452,0.009272495842321808,0.7947459769903034,0.5306262638584227,0.009878217682317211,0.00986719535325119,0.2290430498248491,0.2545881663860711,-0.11152976080591204,142.36332202095844,157.5755850234458,-0.20821596021767708,-0.1353948542737594
CVX,4,EOG|CNQ|TRGP|SLB,0.8300314339690542,0.6119299853825011,0.00979163973820377,0.7908041971967548,0.5624382710917333,0.00954101603859838,0.009526952478592744,0.2290430498248491,0.23845635494947554,-0.04109840980472823,142.36332202095844,152.33345033180757,-0.20821596021767708,-0.13593497142915956
CVX,4,EOG|CNQ|OKE|MPC,0.8450853435763936,0.6632569268500639,0.009121645785602418,0.7979731564437059,0.5467669341782868,0.009709856993133857,0.009696056272783946,0.2290430498248491,0.25134952208161476,-0.09738986742371614,142.36332202095844,153.33538576105965,-0.20821596021767708,-0.13729564872507571
CVX,4,EOG|CNQ|OKE|SLB,0.8369069776786026,0.6390775381904696,0.009442696497699287,0.797493195930579,0.5761986323535128,0.009392846039713213,0.00937595492987277,0.2290430498248491,0.23866828440141297,-0.04202369198246503,142.36332202095844,143.08653963065882,-0.20821596021767708,-0.1460768083376437
CVX,4,EOG|CNQ|MPC|SLB,0.8548516615770791,0.6694590378928459,0.009036681055153793,0.7963337375783308,0.5491827958085895,0.009680380252846735,0.009670180371239097,0.2290430498248491,0.24889260859671927,-0.08666300412542216,142.36332202095844,157.9523560226043,-0.20821596021767708,-0.12825039619694378
CVX,4,EOG|DVN|FANG|SU,0.8281838067624383,0.6084862087966161,0.009834767021837738,0.7887810145916476,0.5116449178396547,0.010082871130149256,0.010064731415201776,0.2290430498248491,0.2568124011567852,-0.12124075082466601,142.36332202095844,142.96101670680886,-0.20821596021767708,-0.14947505708681996
CVX,4,EOG|DVN|FANG|CVE,0.8262889505805614,0.5636301374563548,0.010382590964557266,0.7740280115629935,0.3982115949891186,0.011191775490313362,0.011172651231747441,0.2290430498248491,0.27992093992045813,-0.22213243376961556,142.36332202095844,148.47437218405605,-0.20821596021767708,-0.15448170771934933
CVX,4,EOG|DVN|FANG|KMI,0.797207455065896,0.5964384078148282,0.009976629509518298,0.79064442783095,0.5811733840037616,0.009329312139527937,0.009320763112578562,0.2290430498248491,0.22869981739448464,0.001498549860504128,142.36332202095844,127.66569991998604,-0.20821596021767708,-0.1402756319736158
CVX,4,EOG|DVN|FANG|PSX,0.8493728192647936,0.6364737597609416,0.009477406756929522,0.8062786555560683,0.5390572725052258,0.009793411564078603,0.009778175274055766,0.2290430498248491,0.26091405391947453,-0.13914853176727005,142.36332202095844,151.1883090287938,-0.20821596021767708,-0.1458470922787145
CVX,4,EOG|DVN|FANG|WMB,0.7863795947280467,0.5730257906638219,0.010263243289779053,0.7754157583667948,0.547832592839554,0.009696739754588443,0.00968465069811603,0.2290430498248491,0.2303014133029045,-0.005494004201470615,142.36332202095844,130.15984443617256,-0.20821596021767708,-0.13399474922052224
CVX,4,EOG|DVN|FANG|TRGP,0.8012297499868561,0.5388548111140208,0.01066848268835905,0.7848748534151099,0.5032390463689512,0.010169285995565748,0.010150982057889047,0.2290430498248491,0.2566921958718032,-0.12071593557672933,142.36332202095844,142.0748267325092,-0.20821596021767708,-0.14333418909883278
CVX,4,EOG|DVN|FANG|OKE,0.8135276397891507,0.5801377018943772,0.01018504673576982,0.7911819009502125,0.5144184547433792,0.010049315008808497,0.010036110179784138,0.2290430498248491,0.2575509124996491,-0.12446508504231057,142.36332202095844,130.4950114854193,-0.20821596021767708,-0.15654902638531598
CVX,4,EOG|DVN|FANG|MPC,0.8389016039750019,0.6251609133237888,0.009623687890641814,0.7874524943068605,0.48559705097539096,0.010346215543313643,0.010329660759915808,0.2290430498248491,0.26429103495384193,-0.15389240213115918,142.36332202095844,150.78769626078036,-0.20821596021767708,-0.15191750350482947
CVX,4,EOG|DVN|FANG|SLB,0.8340454900179278,0.5941793260579347,0.010013388201725332,0.7854520467383448,0.5017849938054244,0.010183021338838109,0.010165827504408581,0.2290430498248491,0.2575875897533397,-0.12462521761877854,142.36332202095844,136.47032718776921,-0.20821596021767708,-0.14619757439605663
CVX,4,EOG|DVN|SU|CVE,0.8281838067790291,0.6084862088594509,0.009834767021047101,0.7887810145920583,0.511644917923996,0.010082871129277797,0.010064731414332662,0.2290430498248491,0.2568124011280239,-0.12124075069909446,142.36332202095844,142.96101672737493,-0.20821596021767708,-0.14947505711478037
CVX,4,EOG|DVN|SU|KMI,0.8168018443761565,0.643284934096356,0.009377337203403373,0.8009183973496512,0.6229881291754549,0.008858399212398548,0.008843248854992459,0.2290430498248491,0.2145257319932674,0.06338248570599803,142.36332202095844,137.7430593377946,-0.20821596021767708,-0.13121253221486384
CVX,4,EOG|DVN|SU|PSX,0.8591643144911086,0.6737465970443526,0.008978452970555153,0.8135023748194582,0.5853599239148328,0.009284612141781012,0.009274061506385121,0.2290430498248491,0.249418032370609,-0.08895699983623517,142.36332202095844,156.39133932742217,-0.20821596021767708,-0.13574275122962765
CVX,4,EOG|DVN|SU|WMB,0.8082997300739433,0.6232253182370411,0.009639645070040906,0.7848326387543219,0.5863612305804906,0.00927934544679116,0.009262856857853346,0.2290430498248491,0.2191543720759902,0.043173882623466886,142.36332202095844,139.88213899479456,-0.20821596021767708,-0.13098873205042227
CVX,4,EOG|DVN|SU|TRGP,0.8225590943842105,0.6041919981836409,0.009884063832895196,0.7948917765791824,0.5552455777741214,0.009621048306071427,0.009604935915684695,0.2290430498248491,0.24541277723989763,-0.07147009013181838,142.36332202095844,148.51953926031192,-0.20821596021767708,-0.12879096221181907
CVX,4,EOG|DVN|SU|OKE,0.8304855042116575,0.6331535391027834,0.009519669474294182,0.7997135070784175,0.5743304321395084,0.009413455505366724,0.009396597736972274,0.2290430498248491,0.24165480709935108,-0.055062824583179015,142.36332202095844,140.7614685833415,-0.20821596021767708,-0.13782268292217925
CVX,4,EOG|DVN|SU|MPC,0.8487603705208757,0.6592198288302804,0.00917577496853104,0.7957105700817639,0.535832827077705,0.009825360997200222,0.009812316441098392,0.2290430498248491,0.2535441149392591,-0.10697144110308576,142.36332202095844,154.82375121686252,-0.20821596021767708,-0.13060008403410406
CVX,4,EOG|DVN|SU|SLB,0.8471096975673019,0.6457741114614359,0.009355448728561122,0.7978540342353544,0.569316881983998,0.00946839837874223,0.009451772468531724,0.2290430498248491,0.24212473434452025,-0.05711452292341912,142.36332202095844,145.92915507076592,-0.20821596021767708,-0.15236814892155714
CVX,4,EOG|DVN|CVE|KMI,0.8161524096241531,0.6253612148009278,0.009619038217750795,0.7840272565845886,0.5636028788611509,0.009531238453495159,0.009514265633899623,0.2290430498248491,0.23134118087765473,-0.010033620555450318,142.36332202095844,144.73186198906103,-0.20821596021767708,-0.12651491178923602
CVX,4,EOG|DVN|CVE|PSX,0.856964167015632,0.641808670006034,0.009405919362414767,0.8029969938447921,0.5227504166502774,0.00995549757571765,0.00994963417517486,0.2290430498248491,0.26355993156298496,-0.1507004109687291,142.36332202095844,163.1253566895451,-0.20821596021767708,-0.13863624051366719
CVX,4,EOG|DVN|CVE|WMB,0.8078005745372192,0.6058846756921272,0.009866205212140794,0.7715523706392151,0.5304280495898381,0.009886848037772176,0.00986927856788348,0.2290430498248491,0.23504300547666124,-0.026195755149088118,142.36332202095844,145.047097968346,-0.20821596021767708,-0.12393098999553342
CVX,4,EOG|DVN|CVE|TRGP,0.8179204891460505,0.567637543132981,0.010334541830534387,0.7854975507452358,0.49276422802888153,0.010273511825339915,0.010257446748739815,0.2290430498248491,0.26056777316005975,-0.1376366729281584,142.36332202095844,151.47755459930292,-0.20821596021767708,-0.1267283122038323
CVX,4,EOG|DVN|CVE|OKE,0.828468399054676,0.5971041543034302,0.009976696254226381,0.7865579098931778,0.4936244763287122,0.010266730516730256,0.010248744981196352,0.2290430498248491,0.2611345089828758,-0.14011103669186764,142.36332202095844,146.41212079285657,-0.20821596021767708,-0.1310658203153684
CVX,4,EOG|DVN|CVE|MPC,0.8458642724756048,0.6337727383502599,0.009512464801991824,0.7870936261675341,0.47897524997837393,0.010407865772864157,0.010395933937191584,0.2290430498248491,0.26593531784965074,-0.16107132721561923,142.36332202095844,158.05275455106823,-0.20821596021767708,-0.13764708564466965
CVX,4,EOG|DVN|CVE|SLB,0.8445596841916362,0.6049157534002829,0.009877452624972905,0.7841073648875195,0.4862084959726908,0.010340311717059717,0.010323519759550582,0.2290430498248491,0.2616782309632247,-0.14248492221585396,142.36332202095844,150.25094610606556,-0.20821596021767708,-0.14443133649449003
CVX,4,EOG|DVN|KMI|PSX,0.8455678234048146,0.6765461688903157,0.008937656362081983,0.8184896230565014,0.6308871946074937,0.00876565006731781,0.008750117605307268,0.2290430498248491,0.23271171358394435,-0.01601735464970755,142.36332202095844,144.99086711839468,-0.20821596021767708,-0.1324318969896343
CVX,4,EOG|DVN|KMI|WMB,0.7972073342197183,0.5964383229370246,0.009976630510224982,0.7906444141903988,0.5811736057228731,0.009329309649646554,0.009320760645457907,0.2290430498248491,0.22869967943072797,0.0014991522090878062,142.36332202095844,127.66568634934484,-0.20821596021767708,-0.14027548176232196
CVX,4,EOG|DVN|KMI|TRGP,0.7981352204995109,0.5932314712495699,0.010015732127198347,0.792448491166433,0.5824655556838412,0.00931742833334789,0.009306373709372257,0.2290430498248491,0.2300900779635673,-0.004571315914274177,142.36332202095844,130.0215494607769,-0.20821596021767708,-0.13560830907499
CVX,4,EOG|DVN|KMI|OKE,0.797207454895012,0.5964384076948067,0.009976629510933343,0.7906444278116619,0.5811733843172887,0.009329312136007064,0.009320763109089872,0.2290430498248491,0.2286998171993947,0.0014985507122651232,142.36332202095844,127.66569990079626,-0.20821596021767708,-0.14027563176120716
CVX,4,EOG|DVN|KMI|MPC,0.8337987578433099,0.6610947342405171,0.009146419681863019,0.8010413501035014,0.59396947534269,0.00919371540717689,0.00917727353266234,0.2290430498248491,0.23349050757573292,-0.01941756256862992,142.36332202095844,144.14032487638585,-0.20821596021767708,-0.12719858305788678
CVX,4,EOG|DVN|KMI|SLB,0.8237337307667927,0.6465955586928525,0.009340048155626876,0.7927001124089907,0.6108030407713921,0.0089971923868314,0.008985020107162331,0.2290430498248491,0.21162025760977254,0.07606776205783106,142.36332202095844,132.1095626641875,-0.20821596021767708,-0.11781825065313134
CVX,4,EOG|DVN|PSX|WMB,0.8401736143255295,0.667241329889532,0.009065331916860759,0.8099905496500287,0.6162695774199844,0.008936972882742856,0.008921696598668132,0.2290430498248491,0.23118522598228416,-0.009352722813781966,142.36332202095844,147.2073429733121,-0.20821596021767708,-0.12856174445732604
CVX,4,EOG|DVN|PSX|TRGP,0.8438446818497113,0.6349569978498002,0.009495866054712735,0.8131387474616268,0.5867366159720835,0.009269160413295792,0.00925865279061183,0.2290430498248491,0.24851090299210707,-0.08499648071463062,142.36332202095844,156.3972078184455,-0.20821596021767708,-0.1344557664041539
CVX,4,EOG|DVN|PSX|OKE,0.8504118227279786,0.6534467592946356,0.00925356416251493,0.8149841933978856,0.5838430161785269,0.009306587203033411,0.009291010004056181,0.2290430498248491,0.25155110927963215,-0.09826999540913861,142.36332202095844,148.33640742022396,-0.20821596021767708,-0.14220111226442622
CVX,4,EOG|DVN|PSX|MPC,0.8493728192928243,0.6364737597570402,0.009477406756979204,0.8062786555526791,0.5390572725464977,0.0097934115636054,0.009778175273618007,0.2290430498248491,0.26091405390150035,-0.13914853168879482,142.36332202095844,151.1883090942858,-0.20821596021767708,-0.14584709231370407
CVX,4,EOG|DVN|PSX|SLB,0.8593872891696323,0.6570227368397612,0.00920516893220511,0.8103218211580071,0.5734134200819423,0.009420455553169485,0.009406713749858315,0.2290430498248491,0.25155197665740237,-0.09827378237307793,142.36332202095844,152.43914685496924,-0.20821596021767708,-0.13469177888093864
CVX,4,EOG|DVN|WMB|TRGP,0.7898588946184548,0.5719532539884958,0.010275626553372427,0.7803380981435916,0.5530930861544336,0.009642357002746186,0.009628150512974715,0.2290430498248491,0.23271036879121268,-0.016011483296122675,142.36332202095844,132.9407911522946,-0.20821596021767708,-0.12980664993243018
CVX,4,EOG|DVN|WMB|OKE,0.7863795947476968,0.5730257906838362,0.010263243289543448,0.7754157583775261,0.5478325928303744,0.009696739754687603,0.009684650698214335,0.2290430498248491,0.23030141331824425,-0.0054940042684439305,142.36332202095844,130.15984443684826,-0.20821596021767708,-0.1339947492411827
CVX,4,EOG|DVN|WMB|MPC,0.826931443050535,0.6472259743944352,0.009332050320832466,0.7893458448988587,0.5693085543082836,0.009468341835741228,0.009451863847682969,0.2290430498248491,0.2338742136662067,-0.02109282008361313,142.36332202095844,146.51924453793603,-0.20821596021767708,-0.12226489893551218
CVX,4,EOG|DVN|WMB|SLB,0.8146561467164415,0.6254564926136066,0.009616286566361956,0.7804652185149455,0.581647844366181,0.00932990770748968,0.009315482185309608,0.2290430498248491,0.21658017654253534,0.054412798344434465,142.36332202095844,134.28567087877667,-0.20821596021767708,-0.11656867624789091
CVX,4,EOG|DVN|TRGP|OKE,0.806868842720162,0.5602872763636333,0.010420108754690823,0.7908090120574544,0.5231332032129417,0.009962862393219293,0.009945643233756385,0.2290430498248491,0.2543432516108822,-0.11046046498848305,142.36332202095844,137.71838887978078,-0.20821596021767708,-0.14150744068042498
CVX,4,EOG|DVN|TRGP|MPC,0.8365344081232651,0.6272213463215287,0.009595706854487832,0.7950255957817863,0.5292831370046587,0.009895618047247009,0.009881302904103837,0.2290430498248491,0.25540649647164004,-0.11510258297272613,142.36332202095844,153.15907534767098,-0.20821596021767708,-0.1320304428326815
CVX,4,EOG|DVN|TRGP|SLB,0.8248622514216405,0.5864554236866649,0.010105961275540481,0.7849484144593133,0.5508496950031276,0.009668722974834886,0.009652286041169437,0.2290430498248491,0.23827337442597385,-0.04029951840138013,142.36332202095844,147.8789788571055,-0.20821596021767708,-0.13002508648017896
CVX,4,EOG|DVN|OKE|MPC,0.8409778746373615,0.6429652940557486,0.009392273991281836,0.797094242184146,0.5359998064005029,0.009827356394596067,0.00981055134284208,0.2290430498248491,0.25473585882651634,-0.11217458473991981,142.36332202095844,147.67814083769423,-0.20821596021767708,-0.1386608576815862
CVX,4,EOG|DVN|OKE|SLB,0.8377485933847774,0.6291493085645978,0.009572351630383828,0.7973959032043957,0.5734694613798259,0.009421100536179308,0.009406095842747654,0.2290430498248491,0.23975816698964378,-0.046782110057426385,142.36332202095844,134.97257639810735,-0.20821596021767708,-0.13123720337538647
CVX,4,EOG|DVN|MPC|SLB,0.8543056140957026,0.6562750941579224,0.009215630722190461,0.7937625113451068,0.5372468205454453,0.009811599187196969,0.009797359401043412,0.2290430498248491,0.2514623002582572,-0.09788225598005384,142.36332202095844,152.9899646475437,-0.20821596021767708,-0.12544169301059194
CVX,4,EOG|FANG|SU|CVE,0.828183807200969,0.6084862104574313,0.009834767000940095,0.7887810146025094,0.511644920068917,0.010082871107115345,0.010064731392229836,0.2290430498248491,0.2568124003965828,-0.12124074750562897,142.36332202095844,142.96101725040003,-0.20821596021767708,-0.149475057825861
CVX,4,EOG|FANG|SU|KMI,0.8168018435784186,0.6432849320234351,0.00937733723108124,0.800918399253596,0.622988130061221,0.00885839920117288,0.008843248844604124,0.2290430498248491,0.21452573419694143,0.0633824760847761,142.36332202095844,137.74305700911816,-0.20821596021767708,-0.1312125253856098
CVX,4,EOG|FANG|SU|PSX,0.8591643151745614,0.6737465595385623,0.00897845348697382,0.8135023710871949,0.5853598854578317,0.009284612562641103,0.00927406193646003,0.2290430498248491,0.24941804459868108,-0.08895705322389347,142.36332202095844,156.39135155482103,-0.20821596021767708,-0.13574278195012524
CVX,4,EOG|FANG|SU|WMB,0.8082997891589129,0.6232253718866627,0.009639644407088989,0.7848327109118192,0.586361253527423,0.009279345185227408,0.009262856600921248,0.2290430498248491,0.21915444849290802,0.04317354898785608,142.36332202095844,139.88211533222523,-0.20821596021767708,-0.1309886661900811
CVX,4,EOG|FANG|SU|TRGP,0.822559065274997,0.6041919260856019,0.009884064726027519,0.7948917718537724,0.5552455724671259,0.009621048363260954,0.009604935972989748,0.2290430498248491,0.245412775235749,-0.07147008138172262,142.36332202095844,148.51953984795895,-0.20821596021767708,-0.12879092303104545
CVX,4,EOG|FANG|SU|OKE,0.8304855034222964,0.6331535233185395,0.009519669680231048,0.7997135156519359,0.5743304041617812,0.009413455813277424,0.009396598045774527,0.2290430498248491,0.2416548277019187,-0.05506291453381329,142.36332202095844,140.76145549604865,-0.20821596021767708,-0.13782264460452998
CVX,4,EOG|FANG|SU|MPC,0.8487603480926942,0.6592197346935791,0.009175776237878457,0.7957105364052207,0.5358326343528023,0.009825363041250043,0.009812318478163532,0.2290430498248491,0.253544158497589,-0.10697163127838216,142.36332202095844,154.82374794308254,-0.20821596021767708,-0.13060013263147097
CVX,4,EOG|FANG|SU|SLB,0.8471097048898325,0.6457741283096083,0.0093554485060941,0.797854030792822,0.5693168954286021,0.009468398229708894,0.009451772321004073,0.2290430498248491,0.24212472514117264,-0.05711448274168185,142.36332202095844,145.9291603741488,-0.20821596021767708,-0.15236816425956112
CVX,4,EOG|FANG|CVE|KMI,0.8161523877632533,0.6253612908814068,0.009619037212826783,0.7840273732765881,0.5636032412002405,0.009531234510817638,0.009514261684067124,0.2290430498248491,0.23134111738634702,-0.010033343352942925,142.36332202095844,144.73176957007155,-0.20821596021767708,-0.126514778131113
CVX,4,EOG|FANG|CVE|PSX,0.8569641663143716,0.6418086782709485,0.00940591925571195,0.802997000251369,0.5227504438736448,0.009955497298364422,0.009949633891400331,0.2290430498248491,0.2635599276820166,-0.15070039402445423,142.36332202095844,163.12535000383645,-0.20821596021767708,-0.13863624693809085
CVX,4,EOG|FANG|CVE|WMB,0.8078005965898886,0.6058847179341919,0.009866204680282462,0.771552426614484,0.5304281379501797,0.009886847112401917,0.009869277639321982,0.2290430498248491,0.23504301761362972,-0.026195808138988808,142.36332202095844,145.0470690692798,-0.20821596021767708,-0.12393095191186976
CVX,4,EOG|FANG|CVE|TRGP,0.8179205079147803,0.5676375665474269,0.010334541555550029,0.7854975451011549,0.49276418312021497,0.010273512274388132,0.010257447202816863,0.2290430498248491,0.2605677833975672,-0.1376367176250286,142.36332202095844,151.47756610018558,-0.20821596021767708,-0.12672829024894372
CVX,4,EOG|FANG|CVE|OKE,0.8284683994455404,0.5971041547836831,0.009976696248283703,0.7865579099723595,0.49362447501695095,0.010266730530036737,0.010248744994470994,0.2290430498248491,0.26113450946649164,-0.1401110388033302,142.36332202095844,146.41212076289943,-0.20821596021767708,-0.13106582026202174
CVX,4,EOG|FANG|CVE|MPC,0.8458643010594371,0.6337727411775889,0.00951246476120008,0.7870936198713606,0.4789751670786204,0.010407866571104206,0.010395934764235143,0.2290430498248491,0.26593533781422846,-0.16107141438079497,142.36332202095844,158.05279191563392,-0.20821596021767708,-0.13764700742210945
CVX,4,EOG|FANG|CVE|SLB,0.8445596770740299,0.604915849368052,0.00987745144508636,0.7841074177142491,0.4862087441785917,0.010340309252459504,0.010323517265972144,0.2290430498248491,0.2616781912970614,-0.14248474903372355,142.36332202095844,150.2508708572472,-0.20821596021767708,-0.1444312423643429
CVX,4,EOG|FANG|KMI|PSX,0.8455678650611501,0.6765461563931987,0.008937656549947482,0.818489608491823,0.6308870530895605,0.00876565174244758,0.008750119282705643,0.2290430498248491,0.23271177821262554,-0.016017636817977854,142.36332202095844,144.99089570142561,-0.20821596021767708,-0.13243193981639723
CVX,4,EOG|FANG|KMI|WMB,0.7972074549517673,0.5964384077346689,0.00997662951046337,0.7906444278180679,0.5811733842131579,0.00932931213717644,0.00932076311024856,0.2290430498248491,0.22869981726418923,0.001498550429372747,142.36332202095844,127.66569990716971,-0.20821596021767708,-0.14027563183175362
CVX,4,EOG|FANG|KMI|TRGP,0.7981351815568535,0.5932316002533271,0.010015730541337139,0.7924484525541009,0.5824656192212596,0.009317427548401957,0.009306373001283392,0.2290430498248491,0.23008999814636102,-0.00457096743303298,142.36332202095844,130.02147215601187,-0.20821596021767708,-0.1356084217789636
CVX,4,EOG|FANG|KMI|OKE,0.7972074549671788,0.5964384077454938,0.009976629510335745,0.7906444278198076,0.5811733841848806,0.009329312137493991,0.009320763110563207,0.2290430498248491,0.2286998172817846,0.001498550352551531,142.36332202095844,127.66569990890045,-0.20821596021767708,-0.14027563185091108
CVX,4,EOG|FANG|KMI|MPC,0.8337987723086795,0.6610947357963859,0.009146419667309509,0.8010413426424821,0.5939694144265103,0.009193716095929737,0.009177274221088933,0.2290430498248491,0.2334905315013907,-0.01941766702784742,142.36332202095844,144.14033247280565,-0.20821596021767708,-0.12719860118099569
CVX,4,EOG|FANG|KMI|SLB,0.823733734687271,0.6465955636150444,0.009340048091578169,0.7927001103975245,0.610803035840142,0.008997192444466784,0.008985020164083873,0.2290430498248491,0.21162025871365228,0.0760677572383015,142.36332202095844,132.10956338128645,-0.20821596021767708,-0.11781825206458552
CVX,4,EOG|FANG|PSX|WMB,0.8401736885088897,0.6672413580786027,0.009065331551029725,0.8099905928980892,0.6162694398336857,0.008936974494449147,0.00892169819810231,0.2290430498248491,0.2311853556244634,-0.00935328883042974,142.36332202095844,147.20731499113538,-0.20821596021767708,-0.12856179746003782
CVX,4,EOG|FANG|PSX|TRGP,0.8438447072195919,0.6349570524662941,0.009495865350083458,0.8131387509106371,0.5867365762702748,0.009269160872801064,0.009258653235346675,0.2290430498248491,0.24851092338235217,-0.08499656973826664,142.36332202095844,156.39719158593297,-0.20821596021767708,-0.13445578036997752
CVX,4,EOG|FANG|PSX|OKE,0.8504118254630371,0.6534467523906899,0.009253564254648714,0.8149841875375579,0.5838429818234226,0.009306587585853858,0.009291010387557627,0.2290430498248491,0.2515511179128706,-0.09827003310178406,142.36332202095844,148.33641109637233,-0.20821596021767708,-0.14220111652568224
CVX,4,EOG|FANG|PSX|MPC,0.8493728192473495,0.6364737597633694,0.009477406756898604,0.8062786555581772,0.5390572724795424,0.009793411564373076,0.009778175274328182,0.2290430498248491,0.2609140539306598,-0.13914853181610476,142.36332202095844,151.1883089880383,-0.20821596021767708,-0.14584709225694048
CVX,4,EOG|FANG|PSX|SLB,0.8593872849075171,0.6570227220367104,0.009205169131064901,0.8103218200552077,0.5734134050910871,0.009420455714740006,0.009406713915140922,0.2290430498248491,0.25155198150964625,-0.09827380355793336,142.36332202095844,152.43915343150618,-0.20821596021767708,-0.13469179230434414
CVX,4,EOG|FANG|WMB|TRGP,0.7898588130816341,0.571953280069993,0.010275626238094145,0.7803380148131801,0.5530930728326104,0.00964235711222299,0.009628150656477213,0.2290430498248491,0.23271029143653435,-0.01601114556625749,142.36332202095844,132.9407416638504,-0.20821596021767708,-0.12980668117118765
CVX,4,EOG|FANG|WMB|OKE,0.7863795945718473,0.5730257905047276,0.010263243291651871,0.7754157582814909,0.5478325929125221,0.009696739753800221,0.009684650697334604,0.2290430498248491,0.23030141318096856,-0.0054940036690993566,142.36332202095844,130.15984443080174,-0.20821596021767708,-0.13399474905629127
CVX,4,EOG|FANG|WMB|MPC,0.8269315145324618,0.6472260249851184,0.009332049670931259,0.7893458500852585,0.5693084139178308,0.009468343371584682,0.009451865388172512,0.2290430498248491,0.23387428793849108,-0.021093144355772697,142.36332202095844,146.5192724452707,-0.20821596021767708,-0.12226495129177006
CVX,4,EOG|FANG|WMB|SLB,0.8146562834647856,0.6254566956170418,0.009616283984942558,0.7804651565570198,0.5816477454161921,0.009329908825175526,0.00931548328697335,0.2290430498248491,0.21658016475873637,0.05441284979240013,142.36332202095844,134.28569359660722,-0.20821596021767708,-0.11656876176187159
CVX,4,EOG|FANG|TRGP|OKE,0.8068688501220787,0.5602873185974089,0.010420108259300202,0.7908090243342425,0.5231332612235581,0.00996286178376496,0.009945642628815008,0.2290430498248491,0.2543432404800766,-0.11046041639148085,142.36332202095844,137.71837811903217,-0.20821596021767708,-0.14150743683795697
CVX,4,EOG|FANG|TRGP|MPC,0.8365343925044157,0.6272213226671782,0.009595707153094088,0.7950256055605868,0.5292832138889705,0.009895617233962435,0.00988130209712488,0.2290430498248491,0.2554064766106988,-0.11510249626002622,142.36332202095844,153.15908263492673,-0.20821596021767708,-0.1320303896982189
CVX,4,EOG|FANG|TRGP|SLB,0.8248622046881946,0.5864552895602559,0.010105962906175584,0.7849483313092339,0.5508495878826682,0.009668724118361807,0.009652287192184188,0.2290430498248491,0.2382733444757691,-0.04029938763904184,142.36332202095844,147.879006893687,-0.20821596021767708,-0.13002507157146614
CVX,4,EOG|FANG|OKE|MPC,0.8409778754079476,0.642965290044793,0.009392274044084492,0.7970942385827248,0.5359997852596001,0.009827356617981169,0.009810551566337578,0.2290430498248491,0.25473586358056366,-0.11217460549604996,142.36332202095844,147.67814246492028,-0.20821596021767708,-0.13866086532202837
CVX,4,EOG|FANG|OKE|SLB,0.8377485497139601,0.6291492553454027,0.009572352318464967,0.7973959231933484,0.5734695240697019,0.009421099838253403,0.009406095151511095,0.2290430498248491,0.23975815719860566,-0.04678206730983758,142.36332202095844,134.97256666541122,-0.20821596021767708,-0.13123724281571902
CVX,4,EOG|FANG|MPC|SLB,0.8543056140448964,0.6562750946113234,0.00921563071612034,0.793762513404368,0.5372468249620118,0.0098115991413075,0.00979735935428988,0.2290430498248491,0.2514623003320742,-0.09788225630233804,142.36332202095844,152.9899630984793,-0.20821596021767708,-0.12544169272621508
CVX,4,EOG|SU|CVE|KMI,0.8168018303725213,0.6432849178544555,0.009377337411857279,0.8009183942087952,0.6229881374619033,0.008858399114183948,0.00884324875780835,0.2290430498248491,0.21452571997387304,0.06338253818257122,142.36332202095844,137.74305692710632,-0.20821596021767708,-0.13121252664918948
CVX,4,EOG|SU|CVE|PSX,0.8591643254372509,0.6737465668680467,0.008978453386264067,0.8135023695324153,0.5853599020173832,0.009284612356882244,0.009274061751270147,0.2290430498248491,0.2494180355603174,-0.08895701376247489,142.36332202095844,156.39137548337428,-0.20821596021767708,-0.13574278969006814
CVX,4,EOG|SU|CVE|WMB,0.8082997103450832,0.6232252951893326,0.009639645359352215,0.7848326235104679,0.5863612253504837,0.009279345505575945,0.00926285691641266,0.2290430498248491,0.21915435614166873,0.04317395219257836,142.36332202095844,139.88213966846993,-0.20821596021767708,-0.13098873307282
CVX,4,EOG|SU|CVE|TRGP,0.8225591426801839,0.6041921153019322,0.009884062383309977,0.7948917852042161,0.5552455795498856,0.009621048288309692,0.009604935896509955,0.2290430498248491,0.24541278421325327,-0.07147012057742952,142.36332202095844,148.5195354914636,-0.20821596021767708,-0.12879102220928862
CVX,4,EOG|SU|CVE|OKE,0.8304855011114425,0.6331535364571605,0.00951966950852764,0.7997135065743959,0.5743304409029328,0.009413455408435318,0.009396597640246572,0.2290430498248491,0.24165480269082398,-0.05506280533558727,142.36332202095844,140.76146830962048,-0.20821596021767708,-0.13782268286729582
CVX,4,EOG|SU|CVE|MPC,0.8487603905185904,0.6592198920291504,0.009175774116787914,0.7957105554912796,0.5358328725242718,0.009825360488990064,0.009812315960736864,0.2290430498248491,0.2535440854040225,-0.10697131215249511,142.36332202095844,154.823788569349,-0.20821596021767708,-0.13060006409940594
CVX,4,EOG|SU|CVE|SLB,0.847109730468353,0.6457741970102826,0.009355447598883846,0.7978540183540068,0.5693169575247651,0.009468397541139621,0.009451771639622785,0.2290430498248491,0.24212468585689834,-0.057114311226875714,142.36332202095844,145.92918587389306,-0.20821596021767708,-0.15236823621399342
CVX,4,EOG|SU|KMI|PSX,0.8533999875031292,0.7021158711522044,0.008575452749982773,0.8243597497659633,0.6592178701101956,0.008420695356733201,0.008407613532809433,0.2290430498248491,0.22135312588023193,0.03357414228677846,142.36332202095844,149.95452594518488,-0.20821596021767708,-0.12170565392780719
CVX,4,EOG|SU|KMI|WMB,0.8168018686013448,0.6432849655236977,0.00937733679694012,0.8009183967393048,0.6229881136400122,0.008858399398641395,0.008843249037193333,0.2290430498248491,0.21452574440483466,0.06338243151720135,142.36332202095844,137.74306986663302,-0.20821596021767708,-0.13121256073919152
CVX,4,EOG|SU|KMI|TRGP,0.8168017858669064,0.643284858810621,0.009377338176588876,0.8009183977012296,0.6229881664736896,0.00885839876561926,0.008843248417555861,0.2290430498248491,0.21452570046017091,0.06338262337922806,142.36332202095844,137.7430350892267,-0.20821596021767708,-0.1312124668316711
CVX,4,EOG|SU|KMI|OKE,0.8168018462455955,0.643284937214533,0.009377337162495272,0.8009183960449406,0.6229881277268006,0.008858399230170521,0.008843248871982389,0.2290430498248491,0.2145257312070914,0.0633824891384358,142.36332202095844,137.7430614734059,-0.20821596021767708,-0.1312125383480489
CVX,4,EOG|SU|KMI|MPC,0.8416312590516544,0.6848563365637219,0.00881793884090585,0.8085440609322232,0.6277032276050468,0.008802529873077166,0.00878777582629077,0.2290430498248491,0.22208634566706953,0.030372910957566335,142.36332202095844,147.9532475546159,-0.20821596021767708,-0.1160268478174673
CVX,4,EOG|SU|KMI|SLB,0.8332962324596447,0.671539304701227,0.009002459154614291,0.801262726190348,0.6355345499869436,0.008710427159549032,0.008694858458629981,0.2290430498248491,0.20195848888504525,0.11825096181925454,142.36332202095844,140.63008713782156,-0.20821596021767708,-0.14199389638559246
CVX,4,EOG|SU|PSX|WMB,0.8486846647339336,0.6911909932451783,0.008732007874476965,0.8143608327438668,0.6375653048210388,0.008682905313093296,0.008670601302815663,0.2290430498248491,0.22298414222865123,0.02645313883495337,142.36332202095844,152.19284866485143,-0.20821596021767708,-0.11991266080763263
CVX,4,EOG|SU|PSX|TRGP,0.8538458010657434,0.6673904279000125,0.009064139369900923,0.8178266098070216,0.6113115903536606,0.008985918639777843,0.00897914798800295,0.2290430498248491,0.2418638518922489,-0.05597551236417764,142.36332202095844,159.58974970077224,-0.20821596021767708,-0.1283704033950852
CVX,4,EOG|SU|PSX|OKE,0.8585457057878848,0.6839012956096163,0.008837562343248295,0.8203628079096139,0.6192240850639595,0.00889921420866147,0.008887284217872545,0.2290430498248491,0.24083690406012181,-0.051491866897037664,142.36332202095844,153.4433771727379,-0.20821596021767708,-0.1320829538069055
CVX,4,EOG|SU|PSX|MPC,0.8591643530180395,0.6737467254911311,0.008978451202792592,0.8135023786223906,0.5853600911716178,0.009284610214926338,0.00927405963590762,0.2290430498248491,0.24941796435683541,-0.0889567028886804,142.36332202095844,156.39140090809443,-0.20821596021767708,-0.13574270004580813
CVX,4,EOG|SU|PSX|SLB,0.866531296543755,0.687020212889118,0.008793816845052111,0.8169707859205521,0.6099629391221784,0.009003762957600164,0.00899471219372287,0.2290430498248491,0.24173651596792206,-0.05541956480574184,142.36332202095844,157.29427563075217,-0.20821596021767708,-0.12926183643446387
CVX,4,EOG|SU|WMB|TRGP,0.8082997221410996,0.6232253095913691,0.009639645178143147,0.7848326315531752,0.5863612281829955,0.009279345473886055,0.009262856884697607,0.2290430498248491,0.21915436450861092,0.04317391566258022,142.36332202095844,139.8821401408761,-0.20821596021767708,-0.1309887350007316
CVX,4,EOG|SU|WMB|OKE,0.8082997480498437,0.623225345661151,0.009639644721407948,0.7848326415687201,0.5863612323018771,0.009279345428964886,0.009262856838579334,0.2290430498248491,0.21915437460394588,0.04317387158643393,142.36332202095844,139.88214742538884,-0.20821596021767708,-0.13098875735931037
CVX,4,EOG|SU|WMB|MPC,0.835536743128918,0.670407553794238,0.009019024879701073,0.7953015471812982,0.5965887683527163,0.009161984270699466,0.009147624455081656,0.2290430498248491,0.22545144943228423,0.01568089664939143,142.36332202095844,150.40052620949322,-0.20821596021767708,-0.11424795584700909
CVX,4,EOG|SU|WMB|SLB,0.8269268336793248,0.6552176658047502,0.009225042829472107,0.7886034123736856,0.6068093250778863,0.009047285872458805,0.009031002006547181,0.2290430498248491,0.20875614243633267,0.08857246445168265,142.36332202095844,142.64957603667065,-0.20821596021767708,-0.14107933206085177
CVX,4,EOG|SU|TRGP|OKE,0.8304855246798024,0.6331535988402784,0.009519668696572108,0.7997134860628633,0.5743304587883526,0.009413455214937503,0.009396597442837464,0.2290430498248491,0.2416547754310608,-0.05506268631969391,142.36332202095844,140.7615068065166,-0.20821596021767708,-0.13782279043687629
CVX,4,EOG|SU|TRGP|MPC,0.8463309080947712,0.6578588771430699,0.00919276833843869,0.8006209393760093,0.5609650286432579,0.009554271740806062,0.009542977322116586,0.2290430498248491,0.2479512443821816,-0.08255301600197762,142.36332202095844,156.28729275504972,-0.20821596021767708,-0.12548149296034683
CVX,4,EOG|SU|TRGP|SLB,0.8384169995719315,0.6313683293244805,0.009541336873234347,0.7961832607217431,0.5890528480604371,0.009245900268797399,0.009232670181607118,0.2290430498248491,0.23070463770085048,-0.007254478480233306,142.36332202095844,152.65463277855483,-0.20821596021767708,-0.13917236312631698
CVX,4,EOG|SU|OKE|MPC,0.8492760488395592,0.6714910085828862,0.009008898235369912,0.8042541627387577,0.5783385740913956,0.009366387116106982,0.009352253508942367,0.2290430498248491,0.24404137025022382,-0.0654825389237701,142.36332202095844,151.5885992063911,-0.20821596021767708,-0.127064574411902
CVX,4,EOG|SU|OKE|SLB,0.8461666195162224,0.6604067444749975,0.009160158511964438,0.8041339931388335,0.6090110249688054,0.009021861005388015,0.009005681633425182,0.2290430498248491,0.22860331684274804,0.0019198704454788107,142.36332202095844,143.68788207766673,-0.20821596021767708,-0.14835285695362144
CVX,4,EOG|SU|MPC|SLB,0.8607958070071584,0.681168745862033,0.00887574998110226,0.8012811928196272,0.5746383999403492,0.00940390542399862,0.009393197948302354,0.2290430498248491,0.24274776020411046,-0.059834648507088195,142.36332202095844,156.55486211705912,-0.20821596021767708,-0.11847536330250574
CVX,4,EOG|CVE|KMI|PSX,0.8515934069630074,0.6822516701943747,0.008860504786193704,0.8115704482321012,0.6135996623733293,0.008961389936369454,0.008952680435475407,0.2290430498248491,0.23415045229955148,-0.02229887559831245,142.36332202095844,157.54472432067817,-0.20821596021767708,-0.12273834836557596
CVX,4,EOG|CVE|KMI|WMB,0.8161524241495983,0.6253611995562502,0.009619038423315062,0.7840272244615691,0.5636027609281913,0.009531239737005046,0.009514266919478029,0.2290430498248491,0.23134120755042484,-0.010033737008536825,142.36332202095844,144.73189039304287,-0.20821596021767708,-0.12651495321160944
CVX,4,EOG|CVE|KMI|TRGP,0.8161524220874075,0.6253612006828753,0.009619038407713762,0.784027227687425,0.5636027740614757,0.009531239594054835,0.009514266776313082,0.2290430498248491,0.23134120421962784,-0.010033722466305628,142.36332202095844,144.73188733047698,-0.20821596021767708,-0.1265149487235212
CVX,4,EOG|CVE|KMI|OKE,0.8161523866710625,0.6253611944388761,0.009619038474776522,0.7840272501710936,0.5636029105849083,0.009531238107564094,0.009514265288081278,0.2290430498248491,0.23134115826178342,-0.010033521814749147,142.36332202095844,144.73185865630157,-0.20821596021767708,-0.12651490599265391
CVX,4,EOG|CVE|KMI|MPC,0.840299160858696,0.670602909056184,0.009019984503080357,0.7981171494729402,0.5873315568265434,0.009265060811920587,0.009251985934894565,0.2290430498248491,0.23367859086182022,-0.020238732589860087,142.36332202095844,152.95832376616406,-0.20821596021767708,-0.117799486607988
CVX,4,EOG|CVE|KMI|SLB,0.8307764426145698,0.651354138289427,0.009280689259614242,0.7858590230859449,0.592363977960916,0.009211415247083113,0.009195399697242668,0.2290430498248491,0.2163262707254912,0.0555213489738392,142.36332202095844,146.46138318802068,-0.20821596021767708,-0.13734166727244546
CVX,4,EOG|CVE|PSX|WMB,0.8475501741377831,0.6736528070595995,0.008979595229703074,0.8040308506757602,0.5966994435800927,0.00915462545201667,0.009146369550922753,0.2290430498248491,0.23487984188827657,-0.025483384315266866,142.36332202095844,158.56827703578747,-0.20821596021767708,-0.12167890455052854
CVX,4,EOG|CVE|PSX|TRGP,0.8515934566086448,0.6431622669792443,0.009389860916064603,0.810597331587273,0.5710284680396791,0.00943612232350458,0.00943297253634412,0.2290430498248491,0.25235294786375556,-0.10177081582144365,142.36332202095844,164.08230837659636,-0.20821596021767708,-0.13112459235682739
CVX,4,EOG|CVE|PSX|OKE,0.8562063663079869,0.6540163511597669,0.009244510231997734,0.8098007092452816,0.5639546107432891,0.00951803952044345,0.009510430657711549,0.2290430498248491,0.25455367074477353,-0.11137915313052549,142.36332202095844,160.24183942883252,-0.20821596021767708,-0.13466791821901924
CVX,4,EOG|CVE|PSX|MPC,0.8569641792823777,0.6418085558029227,0.009405920843299198,0.802996935335324,0.5227502147725875,0.009955499570991878,0.009949636279533899,0.2290430498248491,0.263559950067713,-0.15070049176021372,142.36332202095844,163.12546273251417,-0.20821596021767708,-0.13863621721824237
CVX,4,EOG|CVE|PSX|SLB,0.8636118080350831,0.6552695057791773,0.00922648454992562,0.8067224421170962,0.5548888373793492,0.009613521634822464,0.009608787234116166,0.2290430498248491,0.2552763941841472,-0.11453455749632635,142.36332202095844,163.2008685138219,-0.20821596021767708,-0.12965083636969843
CVX,4,EOG|CVE|WMB|TRGP,0.8078005931362979,0.6058847594285345,0.00986620414641178,0.7715525192172912,0.5304283608410273,0.009886844777381398,0.0098692752970054,0.2290430498248491,0.23504300334170256,-0.02619574582787676,142.36332202095844,145.0470006274045,-0.20821596021767708,-0.12393085575657281
CVX,4,EOG|CVE|WMB|OKE,0.8078006328917218,0.6058847096746647,0.009866204802753102,0.771552354841383,0.5304279006050022,0.009886849599262426,0.009869280133535697,0.2290430498248491,0.2350430575982255,-0.026195982711392674,142.36332202095844,145.0471394879696,-0.20821596021767708,-0.12393105435063745
CVX,4,EOG|CVE|WMB|MPC,0.8339758102153065,0.6567838116973657,0.009207233773491827,0.7871827515506739,0.5606355148378765,0.009559670976566832,0.009546557848921212,0.2290430498248491,0.23576510845834042,-0.029348450601892173,142.36332202095844,153.8714531857756,-0.20821596021767708,-0.1168417822869603
CVX,4,EOG|CVE|WMB|SLB,0.8252081816403162,0.6371803004071043,0.009467670019148973,0.7765789162324478,0.5654431765974586,0.009510677991148592,0.009494183489971535,0.2290430498248491,0.2222679131769322,0.029580188759702142,142.36332202095844,146.74581809604666,-0.20821596021767708,-0.1340982251289874
CVX,4,EOG|CVE|TRGP|OKE,0.8284683943686991,0.597104129059701,0.009976696564707961,0.7865578958658868,0.4936244495953216,0.010266730784484392,0.010248745251730458,0.2290430498248491,0.2611345071768605,-0.14011102880682014,142.36332202095844,146.41213433580188,-0.20821596021767708,-0.13106583963070628
CVX,4,EOG|CVE|TRGP|MPC,0.8428951936080236,0.6352138959934852,0.009493587844495274,0.7938163972471174,0.5186271220312132,0.01000307365827357,0.009992522680137087,0.2290430498248491,0.2580585827344578,-0.1266815689530727,142.36332202095844,158.48778688210254,-0.20821596021767708,-0.12909151132504038
CVX,4,EOG|CVE|TRGP|SLB,0.8330185877013,0.5985892062364793,0.009958477284229498,0.7875281526981586,0.5487752588288275,0.009687917295443842,0.0096745502863796,0.2290430498248491,0.2414278043105739,-0.05407173234549356,142.36332202095844,153.91752427624573,-0.20821596021767708,-0.12762406095328882
CVX,4,EOG|CVE|OKE|MPC,0.846989450586823,0.6485466049364257,0.009318618600865396,0.7956459853600645,0.5276765583330152,0.00991095127913007,0.009898151214840936,0.2290430498248491,0.25641848087417685,-0.11952089823403034,142.36332202095844,155.42999800605207,-0.20821596021767708,-0.1305888205730762
CVX,4,EOG|CVE|OKE|SLB,0.8433734991568015,0.6262647083080821,0.009607344568669877,0.7923968080781012,0.5509744565209824,0.009667281214729907,0.009650945379166997,0.2290430498248491,0.24497508826976833,-0.06955914382515682,142.36332202095844,148.15774313139167,-0.20821596021767708,-0.14177067936767107
CVX,4,EOG|CVE|MPC|SLB,0.8578477523224746,0.6579463581385971,0.009192480300845336,0.7931685182250976,0.529938821918899,0.00988429141365147,0.009874418426865778,0.2290430498248491,0.2535263790401691,-0.1068940063190853,142.36332202095844,158.90550366839932,-0.20821596021767708,-0.12218200897074527
CVX,4,EOG|KMI|PSX|WMB,0.8401736445127703,0.6672413446889631,0.009065331722313014,0.8099905506267553,0.6162695524226433,0.008936973164018558,0.008921696889261055,0.2290430498248491,0.23118524098769228,-0.009352788327265715,142.36332202095844,147.20737285056686,-0.20821596021767708,-0.12856177360504129
CVX,4,EOG|KMI|PSX|TRGP,0.8446647227037454,0.6666967970143425,0.009072423255317109,0.8190042609526597,0.627507121124169,0.008804514655079877,0.008790089992082983,0.2290430498248491,0.23515991631613134,-0.026706186876047422,142.36332202095844,148.76720371540077,-0.20821596021767708,-0.13130088253129812
CVX,4,EOG|KMI|PSX|OKE,0.8455678716274287,0.6765461557391736,0.008937656561184594,0.8184896066415696,0.6308870360016203,0.008765651944260796,0.008750119485247324,0.2290430498248491,0.23271178588625807,-0.016017670320991995,142.36332202095844,144.99090158516933,-0.20821596021767708,-0.13243194658458957
CVX,4,EOG|KMI|PSX|MPC,0.8455678710259797,0.676546154963727,0.008937656571820787,0.8184896065281877,0.6308870342534567,0.008765651965283752,0.008750119505968134,0.2290430498248491,0.23271178677911838,-0.016017674219212408,142.36332202095844,144.99090017137283,-0.20821596021767708,-0.13243194595359964
CVX,4,EOG|KMI|PSX|SLB,0.8552412039496387,0.6966520227605937,0.008656404348253727,0.8201775436379196,0.6519748943637733,0.008511351797418356,0.00849649137860488,0.2290430498248491,0.22079240264980324,0.036022255123459135,142.36332202095844,145.91180377587813,-0.20821596021767708,-0.11784647847631702
CVX,4,EOG|KMI|WMB|TRGP,0.7981351736113932,0.5932315370753057,0.010015731308754213,0.7924484652944613,0.582465640115635,0.009317427340883111,0.009306372768427294,0.2290430498248491,0.23009000193704376,-0.0045709839831213905,142.36332202095844,130.02149880136642,-0.20821596021767708,-0.1356083503041252
CVX,4,EOG|KMI|WMB|OKE,0.7972074549155268,0.5964384077092153,0.009976629510763467,0.7906444278139775,0.5811733842796497,0.009329312136429745,0.00932076310950869,0.2290430498248491,0.22869981722281527,0.00149855061001114,142.36332202095844,127.66569990309999,-0.20821596021767708,-0.14027563178670677
CVX,4,EOG|KMI|WMB|MPC,0.831671500549409,0.6577286621158189,0.009191702993084866,0.7977724813247328,0.5885643124778325,0.009254599810376088,0.009238156468785026,0.2290430498248491,0.2328304260220202,-0.016535652140797774,142.36332202095844,144.88924130944085,-0.20821596021767708,-0.12490271167532008
CVX,4,EOG|KMI|WMB|SLB,0.8237337538363065,0.6465955887255358,0.00934004776460526,0.7927000949994817,0.6108030051189007,0.008997192803082586,0.008985020518699906,0.2290430498248491,0.21162026093408987,0.07606774754389001,142.36332202095844,132.10956730090504,-0.20821596021767708,-0.11781825841530058
CVX,4,EOG|KMI|TRGP|OKE,0.7981352118771311,0.5932317097862858,0.0100157292165093,0.7924484342437619,0.5824655511440746,0.009317428270690084,0.009306373759965405,0.2290430498248491,0.23009001319132,-0.004571033119195267,142.36332202095844,130.02143282746474,-0.20821596021767708,-0.13560855566636698
CVX,4,EOG|KMI|TRGP|MPC,0.8337987347310325,0.6610947319738869,0.009146419702069414,0.801041359932062,0.5939695698884395,0.009193714338003565,0.00917727246418078,0.2290430498248491,0.23349046856035882,-0.01941739222783956,142.36332202095844,144.14031461137952,-0.20821596021767708,-0.12719855017710957
CVX,4,EOG|KMI|TRGP|SLB,0.8238128945156904,0.6388564110586359,0.009441337421287825,0.7933683893361656,0.6093363063240527,0.009016643824480546,0.009001934737683591,0.2290430498248491,0.2140787061419987,0.06533419675599739,142.36332202095844,135.95961347595997,-0.20821596021767708,-0.11639198274453744
CVX,4,EOG|KMI|OKE|MPC,0.8337987299867021,0.6610947326796293,0.009146419689947406,0.801041350781399,0.5939695744374076,0.00919371428554272,0.009177272412771924,0.2290430498248491,0.23349045634635957,-0.019417338901623227,142.36332202095844,144.14032249774334,-0.20821596021767708,-0.12719852248096475
CVX,4,EOG|KMI|OKE|SLB,0.8237337367431663,0.6465955879058171,0.009340047770842333,0.7926999961283482,0.6108028984682904,0.008997194040950552,0.008985021749770377,0.2290430498248491,0.21162019487172384,0.07606803597161604,142.36332202095844,132.10957222908124,-0.20821596021767708,-0.1178182417675494
CVX,4,EOG|KMI|MPC|SLB,0.8484236883540124,0.6892390682624971,0.008760445120666142,0.8040229268080954,0.6227098991515836,0.008861986290064598,0.008846511356456165,0.2290430498248491,0.21941821094662,0.042021964366913966,142.36332202095844,146.05080724831444,-0.20821596021767708,-0.10952724697995753
CVX,4,EOG|PSX|WMB|TRGP,0.840735913492728,0.662835697867814,0.009124962570346912,0.8122185974250667,0.6173796803115961,0.00892319675238164,0.008908782357486074,0.2290430498248491,0.23307209938291631,-0.017590795971099027,142.36332202095844,149.31104497201056,-0.20821596021767708,-0.12857302959095174
CVX,4,EOG|PSX|WMB|OKE,0.840173645417543,0.6672413444786378,0.009065331725456144,0.8099905539221454,0.6162695455844236,0.008936973246045268,0.008921696968755038,0.2290430498248491,0.23118524885473635,-0.009352822674712824,142.36332202095844,147.20736563809632,-0.20821596021767708,-0.12856177298932436
CVX,4,EOG|PSX|WMB|MPC,0.8401736394614339,0.6672413415296186,0.009065331764239622,0.8099905538743951,0.6162695502463071,0.008936973193814236,0.00892169691456086,0.2290430498248491,0.23118524622328263,-0.00935281118580833,142.36332202095844,147.20735938329184,-0.20821596021767708,-0.12856176717221435
CVX,4,EOG|PSX|WMB|SLB,0.8498210435026654,0.6850423568246956,0.008820634669822412,0.8115931190469836,0.6324585725606149,0.008745926923668327,0.008731472347422404,0.2290430498248491,0.22290431851323927,0.02680164849491906,142.36332202095844,148.42812977261033,-0.20821596021767708,-0.11739697412442096
CVX,4,EOG|PSX|TRGP|OKE,0.8438447091010115,0.6349570288892212,0.009495865657261973,0.8131387460353354,0.5867365935646253,0.009269160650833757,0.009258653041617462,0.2290430498248491,0.24851091059907182,-0.08499651392657381,142.36332202095844,156.39722454654074,-0.20821596021767708,-0.13445579434218613
CVX,4,EOG|PSX|TRGP|MPC,0.8438446985157128,0.6349570305830434,0.009495865632749751,0.8131387491431752,0.5867365921954459,0.009269160686002084,0.009258653056954842,0.2290430498248491,0.24851091475928389,-0.08499653209002411,142.36332202095844,156.39720104471684,-0.20821596021767708,-0.13445577705145295
CVX,4,EOG|PSX|TRGP|SLB,0.852375243016044,0.6503938775273383,0.009293666235424663,0.8131222332912594,0.6098816280827958,0.009003528751630838,0.008995649708843348,0.2290430498248491,0.2377436568825559,-0.03798677612946655,142.36332202095844,158.53446835719228,-0.20821596021767708,-0.12101127583262405
CVX,4,EOG|PSX|OKE|MPC,0.8504118257913458,0.65344675272982,0.009253564250113555,0.8149841879102947,0.5838429849483133,0.009306587550504649,0.009291010352674892,0.2290430498248491,0.25155111696615257,-0.0982700289684213,142.36332202095844,148.33641212875713,-0.20821596021767708,-0.1422011169397237
CVX,4,EOG|PSX|OKE|SLB,0.8600503331697966,0.6726503634054867,0.008993145760637575,0.8182457856257772,0.6140447504348825,0.008961950803131743,0.0089475227286359,0.2290430498248491,0.2412918808924941,-0.05347829186265107,142.36332202095844,149.44678750468677,-0.20821596021767708,-0.12964808214606693
CVX,4,EOG|PSX|MPC|SLB,0.8603209869553522,0.6623106138753418,0.009134025093449367,0.8092963358829475,0.5726857133486749,0.009428241061065898,0.009414733706897348,0.2290430498248491,0.250935789590139,-0.09558351489831907,142.36332202095844,152.83931625248232,-0.20821596021767708,-0.13333274596816103
CVX,4,EOG|WMB|TRGP|OKE,0.7898588177430373,0.5719532899553816,0.010275626121816919,0.7803380146945487,0.5530930654683022,0.009642357190068665,0.009628150735805441,0.2290430498248491,0.23271029482361216,-0.016011160354210352,142.36332202095844,132.94073928304516,-0.20821596021767708,-0.1298066929927243
CVX,4,EOG|WMB|TRGP|MPC,0.826931442097577,0.6472259737101612,0.009332050329627313,0.7893458447507162,0.5693085560289003,0.00946834181691099,0.009451863828802823,0.2290430498248491,0.23387421267025915,-0.02109281573531474,142.36332202095844,146.51924422202012,-0.20821596021767708,-0.12226489824937437
CVX,4,EOG|WMB|TRGP|SLB,0.8191867302163369,0.6161704910840279,0.009734434744798185,0.785654159083777,0.5835056771713099,0.009311431834390487,0.00929477491167058,0.2290430498248491,0.22201862692751526,0.030668570396287897,142.36332202095844,140.6226650813339,-0.20821596021767708,-0.11586004229032554
CVX,4,EOG|WMB|OKE|MPC,0.82693140211708,0.6472259427538515,0.009332050728514497,0.78934582045586,0.5693085936616795,0.009468341403310912,0.009451863415862285,0.2290430498248491,0.2338741695604786,-0.021092627518380924,142.36332202095844,146.51924381372027,-0.20821596021767708,-0.12226487217415138
CVX,4,EOG|WMB|OKE|SLB,0.815130858979199,0.626043603662505,0.009608854766065386,0.7809871246628974,0.5823773420272305,0.009321767705165428,0.009307356749106332,0.2290430498248491,0.21675905647767366,0.05363181007487072,142.36332202095844,134.28923757614402,-0.20821596021767708,-0.11665572542099223
CVX,4,EOG|WMB|MPC|SLB,0.8421727874463176,0.6747557981186114,0.0089626517867285,0.7926131992818312,0.5948843466294955,0.009182129045217365,0.00916692854827167,0.2290430498248491,0.22329746309133716,0.025085182623553193,142.36332202095844,148.67687134705653,-0.20821596021767708,-0.1089822086701111
CVX,4,EOG|TRGP|OKE|MPC,0.8403280004950442,0.6413041296176565,0.009413925903467575,0.7975704582449201,0.5385654345768461,0.009799854151583898,0.009783390667380314,0.2290430498248491,0.25417539503161346,-0.10972760459653008,142.36332202095844,148.50044864741056,-0.20821596021767708,-0.1365465999879315
CVX,4,EOG|TRGP|OKE|SLB,0.8283814759435014,0.6001725315376787,0.009938040029659553,0.7905164882342971,0.5659974720808754,0.009505051567017872,0.009488126442910843,0.2290430498248491,0.2366503800630903,-0.03321353886991374,142.36332202095844,144.73214679303638,-0.20821596021767708,-0.12950117720127396
CVX,4,EOG|TRGP|MPC|SLB,0.8503340255262223,0.6537063092849986,0.009249538642905546,0.7992723883984352,0.5754130000472862,0.009395558644509536,0.009384641360670614,0.2290430498248491,0.24050278362890676,-0.050033099947023096,142.36332202095844,156.27725136063762,-0.20821596021767708,-0.1137447588028283
CVX,4,EOG|OKE|MPC|SLB,0.8554605435125452,0.6709838563184167,0.009016330078969704,0.8023578949726481,0.5800986888078095,0.009347783896506319,0.009332713835597634,0.2290430498248491,0.2415012348643855,-0.05439232951649586,142.36332202095844,149.71500352398698,-0.20821596021767708,-0.1213792405830032
CVX,4,COP|HAL|CNQ|DVN,0.8429794933119688,0.5149234067815122,0.010912979386837727,0.8065484246154948,0.492498751376795,0.010269964022975801,0.010260130664741357,0.2290430498248491,0.27553646720182773,-0.20298986331404723,142.36332202095844,160.05400938690698,-0.20821596021767708,-0.20941280910626403
CVX,4,COP|HAL|CNQ|FANG,0.8381289047728857,0.5116078478594959,0.010953075817130242,0.8070203559105193,0.4931393763590267,0.010263906553667936,0.010253652876150252,0.2290430498248491,0.275691924679074,-0.2036685893324317,142.36332202095844,159.5761256683242,-0.20821596021767708,-0.20947510925469637
CVX,4,COP|HAL|CNQ|SU,0.8382880874066799,0.512090509472997,0.010947738767369354,0.8071781778478462,0.49399384066355356,0.010255226676914208,0.010245006440070472,0.2290430498248491,0.27555444734550605,-0.20306836446783505,142.36332202095844,159.58814486384762,-0.20821596021767708,-0.209414578942398
CVX,4,COP|HAL|CNQ|CVE,0.8381289225293161,0.511607552897009,0.010953079044522245,0.8070202185096589,0.49313893964694266,0.010263910977511432,0.010253657293432777,0.2290430498248491,0.275691955125803,-0.2036687222625908,142.36332202095844,159.57613114603245,-0.20821596021767708,-0.20947506475338828
CVX,4,COP|HAL|CNQ|KMI,0.8267751290949037,0.6176968901681064,0.009716318431096056,0.8235651856957498,0.6466221254291507,0.008576308800800691,0.008561581816157513,0.2290430498248491,0.22933375514059517,-0.0012692169265489106,142.36332202095844,146.80069410661915,-0.20821596021767708,-0.17481615657854022
CVX,4,COP|HAL|CNQ|PSX,0.8550274087280435,0.581912078314988,0.010140038586117442,0.8216297458360923,0.5719010158359916,0.009417608101121773,0.009423374103274417,0.2290430498248491,0.2610201851531098,-0.13961189982718913,142.36332202095844,170.74731575587555,-0.20821596021767708,-0.17461152715561246
CVX,4,COP|HAL|CNQ|WMB,0.8195149939022366,0.5894828703135542,0.010066667529721128,0.8088956164686615,0.6060055402881681,0.009054395004259601,0.009040228161289845,0.2290430498248491,0.23551579077880672,-0.028259931741685174,142.36332202095844,150.35053687987588,-0.20821596021767708,-0.1691670643887878
CVX,4,COP|HAL|CNQ|TRGP,0.8302830682546946,0.5247742364800564,0.010825835146193528,0.8086196736914084,0.5417524709634912,0.009754965314003116,0.009749546164106202,0.2290430498248491,0.2615088187874941,-0.14174527010302995,142.36332202095844,162.97657010700243,-0.20821596021767708,-0.17431307615502878
CVX,4,COP|HAL|CNQ|OKE,0.8353033673798822,0.5613867514680982,0.010391192287564271,0.8192910229126452,0.5793971051757012,0.009354184744145433,0.009340507269868735,0.2290430498248491,0.2569572598961562,-0.12187320284397751,142.36332202095844,152.31332062101063,-0.20821596021767708,-0.18531202034793148
CVX,4,COP|HAL|CNQ|MPC,0.8471155797130516,0.5624306879286012,0.010374525752563007,0.8058770934244139,0.5249584469389293,0.009922825190838237,0.009926591134650605,0.2290430498248491,0.26471667903752427,-0.15575076056643078,142.36332202095844,170.7931088024396,-0.20821596021767708,-0.16005750692014908
CVX,4,COP|HAL|CNQ|SLB,0.8381289230062628,0.5116075827605095,0.010953078727170483,0.8070202736088711,0.4931390571207306,0.010263909793791784,0.010253656105201795,0.2290430498248491,0.27569195972197663,-0.20366874232944543,142.36332202095844,159.57612273717726,-0.20821596021767708,-0.20947508011857308
CVX,4,COP|HAL|DVN|FANG,0.8347341694404664,0.4442869371366318,0.011680337790969454,0.8023331291100825,0.44168389423446686,0.010775750967593995,0.010761539699807308,0.2290430498248491,0.2865875941309226,-0.2512389891336071,142.36332202095844,156.2189573659249,-0.20821596021767708,-0.20957930567661065
CVX,4,COP|HAL|DVN|SU,0.8510508839339864,0.5297825458727747,0.010750238593452801,0.8119197741397735,0.5289812584600535,0.009892597883838092,0.009884470918119125,0.2290430498248491,0.2683278438872074,-0.17151707546856199,142.36332202095844,160.76978596849503,-0.20821596021767708,-0.20500974305925257
CVX,4,COP|HAL|DVN|CVE,0.83786840220587,0.4539708039723379,0.011576348540121826,0.8041365669859245,0.45176877397442317,0.010675117815276256,0.010663903791330313,0.2290430498248491,0.28507640084158437,-0.24464113213469862,142.36332202095844,159.68693861018681,-0.20821596021767708,-0.203171533954692
CVX,4,COP|HAL|DVN|KMI,0.8229561984341789,0.5904715726355683,0.010055655070631676,0.8196991460283025,0.6301775787070698,0.008774231242003263,0.008758524576109704,0.2290430498248491,0.23453043775982094,-0.02395788887358985,142.36332202095844,143.93053556339308,-0.20821596021767708,-0.1728939518692324
CVX,4,COP|HAL|DVN|PSX,0.858190974342855,0.5269359429063132,0.01077933484229816,0.8200346087584598,0.5422167651766949,0.009743557297930317,0.009744605815542672,0.2290430498248491,0.26992649950313746,-0.17849679223863046,142.36332202095844,168.28007252920966,-0.20821596021767708,-0.17296382951792477
CVX,4,COP|HAL|DVN|WMB,0.8145396907087333,0.5608124510775189,0.010411976414665564,0.8044053742931099,0.5885460307663462,0.009254153800538574,0.009238361710382056,0.2290430498248491,0.23961541457079064,-0.046158854215512246,142.36332202095844,147.46172674087418,-0.20821596021767708,-0.16567012183932595
CVX,4,COP|HAL|DVN|TRGP,0.8255976906553247,0.48074463857129923,0.011316710151855362,0.804959715132411,0.5174407817460862,0.010012868720012811,0.010004828356131621,0.2290430498248491,0.26681214197806036,-0.16489953387406242,142.36332202095844,161.19440076526286,-0.20821596021767708,-0.16858500892677042
CVX,4,COP|HAL|DVN|OKE,0.8319252650234079,0.5143320968940694,0.010932054180208029,0.8181715177782898,0.5569582873776537,0.009602249099180869,0.00958642420107534,0.2290430498248491,0.26415542588559016,-0.15330033409698185,142.36332202095844,149.1431812830463,-0.20821596021767708,-0.18386953772258907
CVX,4,COP|HAL|DVN|MPC,0.846740473656824,0.510941249472894,0.010963786718441752,0.805347134077449,0.4982810081881468,0.010202197277496453,0.01020151340409658,0.2290430498248491,0.27274189933747234,-0.19078880387787378,142.36332202095844,168.2224392857766,-0.20821596021767708,-0.15672024897768888
CVX,4,COP|HAL|DVN|SLB,0.8347341694599909,0.4442869369422068,0.011680337792933345,0.8023331289301245,0.4416838937401879,0.010775750972355284,0.010761539704570921,0.2290430498248491,0.28658759414178275,-0.2512389891810225,142.36332202095844,156.21895738436947,-0.20821596021767708,-0.20957930562442972
CVX,4,COP|HAL|FANG|SU,0.8443918507558978,0.5227299585959508,0.010833202122659102,0.8119879497070573,0.5261879482838385,0.009922619050720645,0.009913736822866434,0.2290430498248491,0.2692834000347213,-0.17568902545021237,142.36332202095844,160.0782468242526,-0.20821596021767708,-0.20544907226558262
CVX,4,COP|HAL|FANG|CVE,0.8376293241299632,0.4537077390265696,0.01157927359673015,0.8040736622469353,0.4515439688286852,0.010677331487554956,0.010666089962626345,0.2290430498248491,0.28509471602065706,-0.2447210960501578,142.36332202095844,159.66186763446154,-0.20821596021767708,-0.2032015030780855
CVX,4,COP|HAL|FANG|KMI,0.8229562428815393,0.5904715544914391,0.01005565526677114,0.8196990290767737,0.6301773254312804,0.008774234244902165,0.00875852757528136,0.2290430498248491,0.23453044539870563,-0.023957922224895123,142.36332202095844,143.93055076945137,-0.20821596021767708,-0.17289392222770683
CVX,4,COP|HAL|FANG|PSX,0.8520029891866566,0.5266872821987867,0.010785746367385276,0.8196905141613855,0.54104203698645,0.009757080708533636,0.009757100734447062,0.2290430498248491,0.2700718349512603,-0.17913132556428235,142.36332202095844,167.52929629094746,-0.20821596021767708,-0.17415300415208468
CVX,4,COP|HAL|FANG|WMB,0.8145396959352079,0.5608124500242028,0.010411976425027381,0.8044053785824478,0.5885460291174565,0.009254153818771956,0.009238361728893286,0.2290430498248491,0.23961541959011112,-0.04615887612982261,142.36332202095844,147.46172767558045,-0.20821596021767708,-0.16567012800832626
CVX,4,COP|HAL|FANG|TRGP,0.8255976729367255,0.4807445802849589,0.011316710796146733,0.8049596579698097,0.5174406890310987,0.010012869674074306,0.010004829317254584,0.2290430498248491,0.26681212880558675,-0.16489947636315505,142.36332202095844,161.19441052665783,-0.20821596021767708,-0.16858500078568384
CVX,4,COP|HAL|FANG|OKE,0.8319252638798171,0.5143320956425196,0.010932054193529614,0.8181715090398628,0.5569582778582178,0.009602249202586136,0.009586424304064908,0.2290430498248491,0.26415542225755484,-0.15330031825701074,142.36332202095844,149.1431807752209,-0.20821596021767708,-0.18386952922795008
CVX,4,COP|HAL|FANG|MPC,0.8441997919834222,0.5095851012496839,0.010980320981754445,0.8051126574711268,0.4975892528694469,0.010209513435728661,0.010208543754220601,0.2290430498248491,0.27278907655270196,-0.19099477919677432,142.36332202095844,168.01505843066022,-0.20821596021767708,-0.15705260473652938
CVX,4,COP|HAL|FANG|SLB,0.8347341694042151,0.44428693749762616,0.01168033778732304,0.8023331294442164,0.44168389515220974,0.010775750958753563,0.010761539690962564,0.2290430498248491,0.28658759411075835,-0.2512389890455702,142.36332202095844,156.21895733167824,-0.20821596021767708,-0.20957930577349715
CVX,4,COP|HAL|SU|CVE,0.8443918142726772,0.5227296494131721,0.010833205588685524,0.8119879647728786,0.5261877092896754,0.009922621583372893,0.009913739323145742,0.2290430498248491,0.2692834872116364,-0.17568940606387962,142.36332202095844,160.0782201324884,-0.20821596021767708,-0.2054491067867753
CVX,4,COP|HAL|SU|KMI,0.8307710551017936,0.6284943304789059,0.009579965611922828,0.8269138465204294,0.663008953118981,0.008374891729535266,0.008360716848341155,0.2290430498248491,0.22235631966190664,0.02919420680110507,142.36332202095844,147.3060833929872,-0.20821596021767708,-0.1704079250209053
CVX,4,COP|HAL|SU|PSX,0.8587536733941107,0.5787361815914509,0.010181619429289399,0.8245171930133643,0.5856957859670054,0.009264781272752645,0.00927030471040759,0.2290430498248491,0.25837901774486866,-0.1280805854727003,142.36332202095844,170.1425611934635,-0.20821596021767708,-0.17260836959405135
CVX,4,COP|HAL|SU|WMB,0.8230982148313913,0.601467651808822,0.00992120503830338,0.810476374591474,0.6218878418240534,0.008869638303484742,0.00885614370891997,0.2290430498248491,0.22834484546970743,0.0030483542533842334,142.36332202095844,150.890377277965,-0.20821596021767708,-0.17086561148975854
CVX,4,COP|HAL|SU|TRGP,0.8339040957057753,0.5300806071060951,0.010767838647323075,0.811188798402287,0.5600203647855355,0.009557556836498414,0.009553238533939632,0.2290430498248491,0.2570662352058087,-0.12234898811550532,142.36332202095844,163.41331321025814,-0.20821596021767708,-0.17651579579611187
CVX,4,COP|HAL|SU|OKE,0.8397570968418175,0.5715677064490623,0.010274837853432469,0.8234149699976865,0.6056080630623248,0.009057529712010163,0.009044787082001553,0.2290430498248491,0.2500960783443642,-0.09191734276859531,142.36332202095844,152.77232760843918,-0.20821596021767708,-0.18070563309593113
CVX,4,COP|HAL|SU|MPC,0.8504820239732062,0.556256164857557,0.01044987422762479,0.8095892566856875,0.53967515963173,0.00976851471133908,0.009771619324303524,0.2290430498248491,0.2627009535397891,-0.1469501202532819,142.36332202095844,169.87511875831512,-0.20821596021767708,-0.16339152697733095
CVX,4,COP|HAL|SU|SLB,0.8443918300410784,0.5227296800638473,0.01083320523005687,0.8119878836656379,0.5261875980816872,0.00992262273409211,0.009913740486567377,0.2290430498248491,0.2692834617010193,-0.17568929468474304,142.36332202095844,160.07823667066572,-0.20821596021767708,-0.2054490748472909
CVX,4,COP|HAL|CVE|KMI,0.8271829212715683,0.6023695918839385,0.009908114538047814,0.8207793061977863,0.636064924975547,0.008702809050332525,0.008688529718320659,0.2290430498248491,0.23234633316425898,-0.014422106856924577,142.36332202095844,148.64254196687153,-0.20821596021767708,-0.16350927807400273
CVX,4,COP|HAL|CVE|PSX,0.8546900654341566,0.5334680531478357,0.01070655868386199,0.8187209766882101,0.5417420826594223,0.009741020376350412,0.009749656672804748,0.2290430498248491,0.268858425840505,-0.17383359174663027,142.36332202095844,173.61597172082907,-0.20821596021767708,-0.16296031466407268
CVX,4,COP|HAL|CVE|WMB,0.8179330473770209,0.5695579752546349,0.010307288538617867,0.8053815965007477,0.5926319446113971,0.00920677833906345,0.009192376822171649,0.2290430498248491,0.23857895856223896,-0.04163369613128198,142.36332202095844,150.49594690757678,-0.20821596021767708,-0.16557079074347214
CVX,4,COP|HAL|CVE|TRGP,0.8255977241985815,0.4807446843117461,0.011316709626252633,0.8049597546570818,0.5174407998833391,0.010012868541911375,0.010004828168113138,0.2290430498248491,0.2668121658254221,-0.16489963799144025,142.36332202095844,161.1943903158907,-0.20821596021767708,-0.16858504078156689
CVX,4,COP|HAL|CVE|OKE,0.8348678037242463,0.523021992741671,0.010832546631823665,0.8184298535072234,0.56120211552185,0.009553921003409639,0.009540400283400209,0.2290430498248491,0.2628268570690351,-0.14749981398702428,142.36332202095844,153.24255284019225,-0.20821596021767708,-0.17608967059534253
CVX,4,COP|HAL|CVE|MPC,0.8452876612914483,0.512484867659649,0.010947153680974512,0.8051282123508885,0.4986078600724261,0.010196894240169436,0.010198189903125095,0.2290430498248491,0.27243222722235605,-0.18943677806721038,142.36332202095844,169.74581708374353,-0.20821596021767708,-0.1566597882108458
CVX,4,COP|HAL|CVE|SLB,0.8376293234745595,0.4537077369261079,0.011579273619376678,0.8040736618947179,0.45154396671316765,0.010677331509018385,0.010666089983197092,0.2290430498248491,0.28509471636498357,-0.24472109755348437,142.36332202095844,159.6618666726794,-0.20821596021767708,-0.20320150483955635
CVX,4,COP|HAL|KMI|PSX,0.8443463514696787,0.6294485833899695,0.00956350876359933,0.8352504740411038,0.6640224315107974,0.008358345513813443,0.008348135228822027,0.2290430498248491,0.23306190126153303,-0.017546271060209673,142.36332202095844,154.06393463330582,-0.20821596021767708,-0.1554487801556368
CVX,4,COP|HAL|KMI|WMB,0.8229562661827904,0.5904715425339411,0.010055655400992661,0.8196989959726444,0.6301772321495356,0.008774235350643186,0.008758528679879236,0.2290430498248491,0.23453045964796262,-0.023957984437029456,142.36332202095844,143.93055840926831,-0.20821596021767708,-0.1728939236075755
CVX,4,COP|HAL|KMI|TRGP,0.8229562571449647,0.5904715471044011,0.010055655349798683,0.819699009591534,0.6301772694212069,0.008774234908824093,0.008758528238525921,0.2290430498248491,0.23453045440396375,-0.02395796154177532,142.36332202095844,143.93055543685585,-0.20821596021767708,-0.17289392353950905
CVX,4,COP|HAL|KMI|OKE,0.8229562253935117,0.5904715660405896,0.010055655132978552,0.8196990242150746,0.6301773538432933,0.008774233908456662,0.008758527238839842,0.2290430498248491,0.23453042391541742,-0.02395782842904226,142.36332202095844,143.93054538519505,-0.20821596021767708,-0.17289390337349686
CVX,4,COP|HAL|KMI|MPC,0.835976660373205,0.6158521438911635,0.009738438209047389,0.8240761516008761,0.6412301152940205,0.008637992356741118,0.008626652907744366,0.2290430498248491,0.2331154798533328,-0.017780194734561494,142.36332202095844,153.43882071726443,-0.20821596021767708,-0.14324175534685057
CVX,4,COP|HAL|KMI|SLB,0.822956249121581,0.5904715521524555,0.01005565529163311,0.8196990102527035,0.630177286505585,0.008774234706434092,0.008758528036220873,0.2290430498248491,0.2345304455977742,-0.02395792309402678,142.36332202095844,143.9305529325684,-0.20821596021767708,-0.17289391662378994
CVX,4,COP|HAL|PSX|WMB,0.8396423557388651,0.6139864182732946,0.009760373009504083,0.8239834451993178,0.6369267151580664,0.00868562214379942,0.008678236498385755,0.2290430498248491,0.23529276567742471,-0.027286206053206197,142.36332202095844,158.1516700044072,-0.20821596021767708,-0.145308543965598
CVX,4,COP|HAL|PSX|TRGP,0.8444562937733805,0.5478975889087894,0.01055994935838099,0.8213963491610531,0.5848077650051109,0.00927422376145487,0.009280234392636613,0.2290430498248491,0.25602426695492997,-0.11779976362833788,142.36332202095844,170.50140536656008,-0.20821596021767708,-0.14216765305337087
CVX,4,COP|HAL|PSX|OKE,0.8494862834061644,0.5664579685965316,0.01032994658519828,0.8305437213290219,0.6052046507975262,0.009055585488167458,0.009049411727080304,0.2290430498248491,0.25650054821719115,-0.11987920355295212,142.36332202095844,160.3520910449348,-0.20821596021767708,-0.16126925878125586
CVX,4,COP|HAL|PSX|MPC,0.8520029826636536,0.5266869569376029,0.010785749976218582,0.8196902776909031,0.5410413685583274,0.009757087835796343,0.009757107839583782,0.2290430498248491,0.2700718701375512,-0.17913147918732797,142.36332202095844,167.529299027603,-0.20821596021767708,-0.17415300341265427
CVX,4,COP|HAL|PSX|SLB,0.8520029802763344,0.5266871910811933,0.010785747370324365,0.8196905008506606,0.5410419170621497,0.009757082029321459,0.009757102009197143,0.2290430498248491,0.2700718643965686,-0.17913145412224707,142.36332202095844,167.52926425088924,-0.20821596021767708,-0.17415310389703498
CVX,4,COP|HAL|WMB|TRGP,0.814539800915229,0.560812458993997,0.010411976267646466,0.8044052959983405,0.5885457591662999,0.009254156847261647,0.009238364759494766,0.2290430498248491,0.239615465284314,-0.04615907563032229,142.36332202095844,147.46175115636197,-0.20821596021767708,-0.16567014635799915
CVX,4,COP|HAL|WMB|OKE,0.8145398227918806,0.5608124596358626,0.010411976249740424,0.8044052856614745,0.5885457125572668,0.00925415736993559,0.00923836528275008,0.2290430498248491,0.2396154770518068,-0.046159127007095346,142.36332202095844,147.46175585782848,-0.20821596021767708,-0.1656701544814828
CVX,4,COP|HAL|WMB|MPC,0.8300603727845307,0.594978171032662,0.0099985717177739,0.8092811353505511,0.6033068030842121,0.00907983238424565,0.009071136672402969,0.2290430498248491,0.23706532562498003,-0.035025187650381095,142.36332202095844,157.89418233029045,-0.20821596021767708,-0.13930909069905772
CVX,4,COP|HAL|WMB|SLB,0.8145397062698583,0.5608124646532582,0.010411976242762607,0.8044052934631846,0.5885458944864688,0.009254155331579224,0.009238363240325611,0.2290430498248491,0.23961539893708264,-0.04615878595887657,142.36332202095844,147.461732134294,-0.20821596021767708,-0.16567008165097752
CVX,4,COP|HAL|TRGP|OKE,0.8299986369655861,0.5102051767889408,0.010984133127086865,0.8164809131603121,0.5569638512118827,0.00960044731491539,0.009586364006469457,0.2290430498248491,0.2627604230278315,-0.14720976353033333,142.36332202095844,152.50961235848476,-0.20821596021767708,-0.17543895220443573
CVX,4,COP|HAL|TRGP|MPC,0.8391011828887506,0.5283682937755911,0.010782740209713077,0.8095410551613428,0.5427161725539718,0.009737195133150061,0.009739289045899406,0.2290430498248491,0.2616603847608166,-0.14240700584850852,142.36332202095844,169.04527528283023,-0.20821596021767708,-0.14678293373987528
CVX,4,COP|HAL|TRGP|SLB,0.8255976552297779,0.4807445732193719,0.011316710890088396,0.8049596552665501,0.5174407210670899,0.010012869337653028,0.010004828985155895,0.2290430498248491,0.266812116505104,-0.1648994226593523,142.36332202095844,161.19441391961905,-0.20821596021767708,-0.16858497962276675
CVX,4,COP|HAL|OKE|MPC,0.8425117075422222,0.5522605556621787,0.010498681351064802,0.8179233465383617,0.5710445323305204,0.009440334686749775,0.00943279590989955,0.2290430498248491,0.2587094574795801,-0.12952328253320533,142.36332202095844,160.0950740385627,-0.20821596021767708,-0.14856417243838205
CVX,4,COP|HAL|OKE|SLB,0.831925275063348,0.5143319886874878,0.01093205534185772,0.8181713149679588,0.5569578970720306,0.009602253326429814,0.009586428423741446,0.2290430498248491,0.2641553992871649,-0.15330021796848436,142.36332202095844,149.14318999943958,-0.20821596021767708,-0.1838694275515772
CVX,4,COP|HAL|MPC|SLB,0.8441997898807517,0.50958505168894,0.01098032152753082,0.8051125914948497,0.4975890877712409,0.01020951510346645,0.01020854543154551,0.2290430498248491,0.2727890784594443,-0.19099478752159516,142.36332202095844,168.01507077516163,-0.20821596021767708,-0.15705255748297142
CVX,4,COP|CNQ|DVN|FANG,0.8280561783594383,0.5157697398867651,0.010921016522874694,0.8100998058788732,0.4768592617628674,0.010429501945763649,0.01041702255598761,0.2290430498248491,0.28238996396565846,-0.23291217167080225,142.36332202095844,157.440694733216,-0.20821596021767708,-0.22036780237171905
CVX,4,COP|CNQ|DVN|SU,0.828056489864147,0.5157698552463292,0.010921015094053655,0.8100998213178044,0.4768590694122451,0.010429503872083105,0.01041702447107512,0.2290430498248491,0.28239002655611567,-0.23291244494020402,142.36332202095844,157.44068642036933,-0.20821596021767708,-0.22036780696567038
CVX,4,COP|CNQ|DVN|CVE,0.8280563625219305,0.5157698320216328,0.010921015408595396,0.810099796844666,0.47685912315200163,0.010429503329303884,0.010417023936029647,0.2290430498248491,0.28238999548021654,-0.2329123092630938,142.36332202095844,157.4406945154829,-0.20821596021767708,-0.22036780307754256
CVX,4,COP|CNQ|DVN|KMI,0.8054154386342858,0.5967139210917238,0.009982294098430454,0.8236219605476544,0.6487435778211003,0.008551195288075979,0.008535844027552449,0.2290430498248491,0.22805497760988255,0.004313914854531253,142.36332202095844,143.432644792434,-0.20821596021767708,-0.17640611346142143
CVX,4,COP|CNQ|DVN|PSX,0.8543493331373264,0.5835292644255043,0.010128462206171984,0.8172210642126848,0.547519345751088,0.00968150477924483,0.00968800472513933,0.2290430498248491,0.26589051376871464,-0.16087571298078274,142.36332202095844,172.01095908980577,-0.20821596021767708,-0.17685575093660433
CVX,4,COP|CNQ|DVN|WMB,0.7929836476232062,0.5603790965534332,0.010422238682882199,0.8048424234794105,0.6019161984057244,0.00910269237458506,0.00908702215977722,0.2290430498248491,0.23335683488627232,-0.018833948747722262,142.36332202095844,146.95116183734058,-0.20821596021767708,-0.16748662222223387
CVX,4,COP|CNQ|DVN|TRGP,0.8104392930213529,0.5137156701266927,0.0109603579900361,0.8138356120864652,0.5478526656025634,0.009691449743209702,0.00968443573364413,0.2290430498248491,0.2635681708247805,-0.150736383515383,142.36332202095844,161.30769413306513,-0.20821596021767708,-0.17152832139515684
CVX,4,COP|CNQ|DVN|OKE,0.8196127179087009,0.5574162789249782,0.010450025424560683,0.8229225287439973,0.5831538864595244,0.009314045156469308,0.00929869948534938,0.2290430498248491,0.25867813458501404,-0.1293865270429604,142.36332202095844,148.9451488540371,-0.20821596021767708,-0.188548670879514
CVX,4,COP|CNQ|DVN|MPC,0.8424227387946146,0.5739535049967068,0.010248060430326741,0.8119225464185371,0.5261203327571098,0.00991199019514054,0.009914444169399461,0.2290430498248491,0.26891535482729007,-0.17408214321688265,142.36332202095844,169.80617447801606,-0.20821596021767708,-0.16585661480990177
CVX,4,COP|CNQ|DVN|SLB,0.8461553771263188,0.5600457152965832,0.010405707835361249,0.8030355086520914,0.5154353377270553,0.010035818264756463,0.010025596087592771,0.2290430498248491,0.2660896920944229,-0.16174532385027018,142.36332202095844,158.95369642826688,-0.20821596021767708,-0.209886001464465
CVX,4,COP|CNQ|FANG|SU,0.8169962975031648,0.499331383967038,0.011108470409318802,0.8114311422280814,0.4795069566720084,0.01040365945044003,0.010390628048547072,0.2290430498248491,0.2825790747277362,-0.2337378276434341,142.36332202095844,156.65157070987917,-0.20821596021767708,-0.22067686175392798
CVX,4,COP|CNQ|FANG|CVE,0.8169962975414715,0.49933138345495054,0.011108470414964183,0.8114311423947624,0.4795069566619039,0.010403659450588874,0.01039062804864793,0.2290430498248491,0.2825790748433022,-0.23373782814799426,142.36332202095844,156.65157064722607,-0.20821596021767708,-0.22067686178120605
CVX,4,COP|CNQ|FANG|KMI,0.8054154775663311,0.5967140452682054,0.0099822925622337,0.8236219205325191,0.6487434856236671,0.008551196407502203,0.008535845147792261,0.2290430498248491,0.22805498578256295,0.0043138791726784476,142.36332202095844,143.43268063016143,-0.20821596021767708,-0.17640615667883275
CVX,4,COP|CNQ|FANG|PSX,0.8460710888394725,0.592462364303473,0.0100238847525287,0.8289640211631136,0.5851385344130533,0.009271175831691408,0.009276537033937132,0.2290430498248491,0.26232459606440406,-0.14530694672903444,142.36332202095844,170.04975656618677,-0.20821596021767708,-0.17779245480481454
CVX,4,COP|CNQ|FANG|WMB,0.7921991767962536,0.5590637326844193,0.010437830638068238,0.8047568162019253,0.6017797149944721,0.009104267356528141,0.009088579773390764,0.2290430498248491,0.23333720181689305,-0.01874823093443667,142.36332202095844,146.9040396762656,-0.20821596021767708,-0.16742230383190615
CVX,4,COP|CNQ|FANG|TRGP,0.8104392767467627,0.5137155855706237,0.010960358946206089,0.8138356160944028,0.5478526731934164,0.009691449664043755,0.009684435652350795,0.2290430498248491,0.26356817145473543,-0.1507363862657607,142.36332202095844,161.30769185721468,-0.20821596021767708,-0.1715282855365331
CVX,4,COP|CNQ|FANG|OKE,0.8179379913024596,0.5548873150813589,0.01048020032451126,0.8233095027179108,0.5843955075786206,0.009300217391365617,0.009284840567796169,0.2290430498248491,0.25854243481689476,-0.12879406301393592,142.36332202095844,148.8062476090746,-0.20821596021767708,-0.18842623047024332
CVX,4,COP|CNQ|FANG|MPC,0.8323857641316331,0.5666799812928741,0.010338619709073344,0.8184852908154991,0.5450871431699769,0.009712571808136039,0.009714007616211533,0.2290430498248491,0.2678166773008435,-0.16928532651676131,142.36332202095844,168.48515310460925,-0.20821596021767708,-0.1674873526912266
CVX,4,COP|CNQ|FANG|SLB,0.8340131073014583,0.5499153571171855,0.010530207030311853,0.8092067241523299,0.5292596355312694,0.009892482003244522,0.009881549572852083,0.2290430498248491,0.26629005168873665,-0.16262009212840378,142.36332202095844,157.72351379046603,-0.20821596021767708,-0.2110666258287781
CVX,4,COP|CNQ|SU|CVE,0.816996297631815,0.4993313822472183,0.011108470428278526,0.8114311427878712,0.4795069566380724,0.010403659450939916,0.010390628048885804,0.2290430498248491,0.28257907511585895,-0.23373782933797482,142.36332202095844,156.6515704994619,-0.20821596021767708,-0.22067686184554003
CVX,4,COP|CNQ|SU|KMI,0.8097732763546918,0.6070724940612762,0.009852341007893327,0.8296281940579547,0.6716592966801282,0.008267509709385208,0.008252712125810711,0.2290430498248491,0.21954567401863673,0.04146546168274956,142.36332202095844,143.85728569568096,-0.20821596021767708,-0.17118804124289222
CVX,4,COP|CNQ|SU|PSX,0.8448792188536216,0.5921432776367757,0.010028334776233683,0.8303648421465104,0.5847950861741844,0.009275719869609003,0.009280376087994383,0.2290430498248491,0.2636268363106014,-0.15099251652559986,142.36332202095844,169.575844785042,-0.20821596021767708,-0.18140762587614356
CVX,4,COP|CNQ|SU|WMB,0.7959675931651772,0.5700460028645261,0.010306736080938109,0.8074863169393492,0.6215341227442818,0.008875364088543915,0.008860285145070663,0.2290430498248491,0.224899443416016,0.018090950203473732,142.36332202095844,147.44521421849547,-0.20821596021767708,-0.1614960781919934
CVX,4,COP|CNQ|SU|TRGP,0.8104392874017203,0.5137156652679007,0.0109603580463277,0.8138356071839773,0.5478526674380315,0.009691449721645267,0.009684435713987404,0.2290430498248491,0.2635681663068998,-0.15073636379035427,142.36332202095844,161.3076959167122,-0.20821596021767708,-0.1715283089424835
CVX,4,COP|CNQ|SU|OKE,0.8225461149402977,0.5668964246643872,0.010339982144463602,0.8300197749114061,0.6143413975404888,0.008958666906769325,0.008944083512641842,0.2290430498248491,0.25260934983395217,-0.10289026463420026,142.36332202095844,149.09428467427264,-0.20821596021767708,-0.18517155260435736
CVX,4,COP|CNQ|SU|MPC,0.8323857516698516,0.566680156477642,0.010338617641471119,0.8184851661531095,0.5450869837531237,0.009712573450144703,0.009714009318269814,0.2290430498248491,0.2678166321467465,-0.16928512937435936,142.36332202095844,168.48520280773081,-0.20821596021767708,-0.16748723356637352
CVX,4,COP|CNQ|SU|SLB,0.8340131122170222,0.5499153740953009,0.010530206831192832,0.8092067163884137,0.529259636795523,0.009892481989154584,0.00988154955958279,0.2290430498248491,0.2662900454048528,-0.16262006469302048,142.36332202095844,157.72351471387492,-0.20821596021767708,-0.21106662132012122
CVX,4,COP|CNQ|CVE|KMI,0.8054154604397923,0.5967140660806955,0.009982292304123936,0.8236218975581087,0.6487434789819174,0.00855119648810461,0.008535845228492468,0.2290430498248491,0.22805495973937895,0.004313992876997408,142.36332202095844,143.4326837064342,-0.20821596021767708,-0.1764061414485525
CVX,4,COP|CNQ|CVE|PSX,0.8448792083396068,0.5921432178032009,0.010028335500234714,0.830364875935679,0.5847950896794224,0.009275719879752403,0.009280376048821043,0.2290430498248491,0.26362686441562566,-0.15099263923189565,142.36332202095844,169.57581052299136,-0.20821596021767708,-0.1814077017066864
CVX,4,COP|CNQ|CVE|WMB,0.7921992081736047,0.5590638264094899,0.01043782952820507,0.8047568135691886,0.6017797040497963,0.009104267476560957,0.009088579898285907,0.2290430498248491,0.23333720456479612,-0.01874824293175803,142.36332202095844,146.90405639663766,-0.20821596021767708,-0.16742233434838727
CVX,4,COP|CNQ|CVE|TRGP,0.8104392914505992,0.5137156757927577,0.010960357926729275,0.8138356089018784,0.5478526658888427,0.009691449738848026,0.009684435730578254,0.2290430498248491,0.2635681681953311,-0.15073637203522905,142.36332202095844,161.30769537318002,-0.20821596021767708,-0.17152831789410194
CVX,4,COP|CNQ|CVE|OKE,0.8179380203019943,0.5548875601948369,0.010480197433195336,0.8233093793558893,0.5843952012869518,0.009300220792205873,0.009284843989160518,0.2290430498248491,0.2585424443243031,-0.1287941045231995,142.36332202095844,148.80631309399115,-0.20821596021767708,-0.18842633784202723
CVX,4,COP|CNQ|CVE|MPC,0.8323857595214098,0.5666800626866337,0.010338618749845513,0.8184852313739879,0.5450870696766614,0.009712572560109758,0.00971400840088335,0.2290430498248491,0.26781665482709943,-0.16928522839658644,142.36332202095844,168.4851797692791,-0.20821596021767708,-0.16748728034588067
CVX,4,COP|CNQ|CVE|SLB,0.8340130263287833,0.5499151865752078,0.010530209040206339,0.8092067884409614,0.5292596008005743,0.009892482368773471,0.009881549937376888,0.2290430498248491,0.2662901113860759,-0.16262035276647735,142.36332202095844,157.723513682033,-0.20821596021767708,-0.21106667843671523
CVX,4,COP|CNQ|KMI|PSX,0.835638039549759,0.6531487276652712,0.009257444649569964,0.8423867275261229,0.6884160350919979,0.008048413299022105,0.008039367536443893,0.2290430498248491,0.22595809736882688,0.013468876084130499,142.36332202095844,154.56404928731186,-0.20821596021767708,-0.15795604342223835
CVX,4,COP|CNQ|KMI|WMB,0.8054154787143684,0.5967141057854434,0.00998229181309028,0.8236218887702654,0.6487434473304785,0.008551196872413978,0.00853584561307149,0.2290430498248491,0.2280549691055354,0.004313951984438291,142.36332202095844,143.4326958873976,-0.20821596021767708,-0.17640616080344984
CVX,4,COP|CNQ|KMI|TRGP,0.805415515178198,0.596713979773825,0.0099822933740353,0.8236219816297404,0.6487435125884531,0.008551196080202408,0.008535844820158137,0.2290430498248491,0.22805504886478747,0.004313603756224693,142.36332202095844,143.43266893243828,-0.20821596021767708,-0.17640618913482575
CVX,4,COP|CNQ|KMI|OKE,0.8054154607639079,0.5967140171929686,0.00998229290933921,0.8236219240772678,0.6487435094496337,0.008551196118203123,0.008535844858296187,0.2290430498248491,0.22805497466223812,0.0043139277239216955,142.36332202095844,143.43267153629242,-0.20821596021767708,-0.1764061393058618
CVX,4,COP|CNQ|KMI|MPC,0.821626992495422,0.6300722634049043,0.00956054078643647,0.8318843639923877,0.6681982638947455,0.008307571578352851,0.008296093940501927,0.2290430498248491,0.2256901983054433,0.014638521107581126,142.36332202095844,152.19352322529346,-0.20821596021767708,-0.14839651857993086
CVX,4,COP|CNQ|KMI|SLB,0.820453490423327,0.6287993652564688,0.009576987963020527,0.816534500625554,0.6503483840459013,0.008531499831771736,0.008516322594271004,0.2290430498248491,0.21632236593733492,0.055538397245591065,142.36332202095844,144.5778935161381,-0.20821596021767708,-0.16852390263378492
CVX,4,COP|CNQ|PSX|WMB,0.8286601886145122,0.6331168899348993,0.009520827906410888,0.8284068244029692,0.657030869426482,0.008440657383500635,0.008434548704022726,0.2290430498248491,0.2283999237166066,0.0028078830976722147,142.36332202095844,158.72774279120617,-0.20821596021767708,-0.14636614312329987
CVX,4,COP|CNQ|PSX|TRGP,0.8385099947009718,0.5950983072032756,0.01000085983987791,0.8319939776231209,0.6200188715336445,0.008868050360488202,0.008878004241516895,0.2290430498248491,0.25115276785867474,-0.09653084016621816,142.36332202095844,171.8865113535532,-0.20821596021767708,-0.1461177096152534
CVX,4,COP|CNQ|PSX|OKE,0.8430170740937659,0.6180005160341313,0.009708876985155216,0.8379402999317747,0.6373801142875622,0.008676928580731711,0.008672816195925734,0.2290430498248491,0.24977859736886793,-0.09053122354018361,142.36332202095844,161.1836768299644,-0.20821596021767708,-0.16410608014155503
CVX,4,COP|CNQ|PSX|MPC,0.8448792214189117,0.592143374666624,0.010028333598083557,0.8303647821867466,0.5847950449277772,0.009275720276600773,0.009280376548950106,0.2290430498248491,0.26362679996476857,-0.15099235784000387,142.36332202095844,169.575883466677,-0.20821596021767708,-0.1814075528932364
CVX,4,COP|CNQ|PSX|SLB,0.853151932813935,0.6138821073178855,0.009756170408105449,0.8263534254061858,0.6004553461056639,0.00909825489261511,0.009103680261411888,0.2290430498248491,0.2542529974357479,-0.11006641603042322,142.36332202095844,169.59912751248424,-0.20821596021767708,-0.17535566521674628
CVX,4,COP|CNQ|WMB|TRGP,0.7921992236689633,0.5590637342750395,0.010437830617620231,0.804756865558693,0.6017797340119936,0.009104267138992206,0.009088579556372359,0.2290430498248491,0.23333724545302223,-0.01874842144940403,142.36332202095844,146.90404003501132,-0.20821596021767708,-0.16742234786919918
CVX,4,COP|CNQ|WMB|OKE,0.7921991994638461,0.5590637866821382,0.01043782999848433,0.8047568195786011,0.601779710591222,0.009104267403931408,0.009088579823638443,0.2290430498248491,0.23333720771774838,-0.01874825669752056,142.36332202095844,146.90404931676332,-0.20821596021767708,-0.16742232572407967
CVX,4,COP|CNQ|WMB|MPC,0.8118224408710039,0.6028874166640316,0.009905597180029788,0.8137320571283236,0.625865946091946,0.008818513554771187,0.008809432940507154,0.2290430498248491,0.2296664043957863,-0.002721560734603834,142.36332202095844,156.73377298547547,-0.20821596021767708,-0.1343176818537447
CVX,4,COP|CNQ|WMB|SLB,0.809060767031196,0.595345913236131,0.009998998773338685,0.8004448980826473,0.6099429304400014,0.009010026682083215,0.008994942902606138,0.2290430498248491,0.22344870164998898,0.024424876367731607,142.36332202095844,148.13459909776,-0.20821596021767708,-0.161943726093274
CVX,4,COP|CNQ|TRGP|OKE,0.8179380280785612,0.554887528349679,0.010480197803544427,0.8233093979731074,0.5843952054635706,0.009300220746097964,0.009284843942506516,0.2290430498248491,0.2585424585362977,-0.12879416657264664,142.36332202095844,148.80631156005933,-0.20821596021767708,-0.18842635221418758
CVX,4,COP|CNQ|TRGP|MPC,0.8278112234838723,0.5707831393815833,0.010296557027585388,0.8226546338269519,0.5851881642776425,0.009271819252265152,0.009275982141418697,0.2290430498248491,0.25702523982261044,-0.12217000262247435,142.36332202095844,169.2201022981481,-0.20821596021767708,-0.14450327233042548
CVX,4,COP|CNQ|TRGP|SLB,0.8253649844665086,0.5558471915003464,0.010474873901607817,0.8020225420027068,0.5660871039144681,0.009491882188977147,0.00948714663054895,0.2290430498248491,0.24685044683518617,-0.07774694331024024,142.36332202095844,162.864898736224,-0.20821596021767708,-0.1605314969692141
CVX,4,COP|CNQ|OKE|MPC,0.8317551383213633,0.5973456021380374,0.00996930106121277,0.8274608489536958,0.6084943905439647,0.009019096889946916,0.00901162951113533,0.2290430498248491,0.2524320462773483,-0.10211615881985892,142.36332202095844,158.9948920280293,-0.20821596021767708,-0.1544308822700291
CVX,4,COP|CNQ|OKE|SLB,0.8324030807447438,0.5921489359428785,0.010030745514088365,0.8177011327416341,0.6054231877605458,0.009061309523754453,0.00904690675239834,0.2290430498248491,0.24479883574284117,-0.06878962679741041,142.36332202095844,149.9121916411402,-0.20821596021767708,-0.1796435697299842
CVX,4,COP|CNQ|MPC|SLB,0.8459668537242465,0.6031619178772805,0.009892410089264848,0.8119756769350579,0.567834203593067,0.00946461916536368,0.00946802792150714,0.2290430498248491,0.254539628945901,-0.11131784675653456,142.36332202095844,169.23215232725647,-0.20821596021767708,-0.1592072400084813
CVX,4,COP|DVN|FANG|SU,0.8395277348527939,0.5384608851543753,0.01066765535764719,0.8232074021547149,0.544889412685153,0.009726354231553493,0.009716118511446966,0.2290430498248491,0.27179688317050127,-0.1866628713612848,142.36332202095844,158.04464221973743,-0.20821596021767708,-0.21520748572952375
CVX,4,COP|DVN|FANG|CVE,0.8216594659524277,0.44249012868509885,0.01171626145109022,0.8143587227032967,0.4438187966033287,0.010752976236231485,0.010740944877820855,0.2290430498248491,0.2936122572126136,-0.28190860817274754,142.36332202095844,158.9592243437103,-0.20821596021767708,-0.20907905503377178
CVX,4,COP|DVN|FANG|KMI,0.7962905590509762,0.5587139776909683,0.010442014509944414,0.8206046338670714,0.6332679275729554,0.008737269323420345,0.008721853356042968,0.2290430498248491,0.2338183312524713,-0.020848837942360143,142.36332202095844,139.47015398954605,-0.20821596021767708,-0.1742558044593101
CVX,4,COP|DVN|FANG|PSX,0.8492863687446769,0.5350542212106395,0.01070193583101899,0.8341011820693042,0.5619129224760854,0.009533677073665715,0.00953266992322982,0.2290430498248491,0.27436395412978465,-0.19787068125224838,142.36332202095844,166.1019642550586,-0.20821596021767708,-0.18067450594943524
CVX,4,COP|DVN|FANG|WMB,0.7813691884857341,0.5177150235272476,0.010916294040563303,0.799812429539694,0.5829024628472677,0.009318258477771306,0.00930150335002774,0.2290430498248491,0.2377766788941277,-0.03813094995005217,142.36332202095844,143.11772408102314,-0.20821596021767708,-0.16298215247279912
CVX,4,COP|DVN|FANG|TRGP,0.8007907328232213,0.4511705518222906,0.0116442853579844,0.8116720740373542,0.523059060219279,0.00995656733410266,0.009946416375342063,0.2290430498248491,0.2700659351337518,-0.17910556701141211,142.36332202095844,158.80477967404266,-0.20821596021767708,-0.16390325916584303
CVX,4,COP|DVN|FANG|OKE,0.8095700041208393,0.4924239333048267,0.011190591885052338,0.8258083964212268,0.5664936325019938,0.009499683234191649,0.009482701383443006,0.2290430498248491,0.2669714441758862,-0.16559504590967156,142.36332202095844,144.25838215492186,-0.20821596021767708,-0.18710835628431877
CVX,4,COP|DVN|FANG|MPC,0.8302153661888564,0.5015993097151253,0.011085063455576945,0.8240234935412935,0.5257118438698166,0.009922859993569372,0.009918716422621918,0.2290430498248491,0.27803184460750946,-0.2138846597620947,142.36332202095844,164.57414510937102,-0.20821596021767708,-0.16712962746036641
CVX,4,COP|DVN|FANG|SLB,0.8374395752262791,0.49472951190376613,0.011152455804073962,0.8084878514365369,0.48584074826482004,0.01034251041667235,0.010327213642781356,0.2290430498248491,0.27891316074986633,-0.21773247851507938,142.36332202095844,153.1154912213235,-0.20821596021767708,-0.21224359848244112
CVX,4,COP|DVN|SU|CVE,0.8395278881457575,0.5384611056081832,0.01066765277616704,0.8232073551173,0.5448893408685301,0.009726354985725202,0.009716119278050524,0.2290430498248491,0.27179687020038157,-0.18666281473385293,142.36332202095844,158.04465852058436,-0.20821596021767708,-0.215207471664433
CVX,4,COP|DVN|SU|KMI,0.8097732517185615,0.607072328129072,0.009852343102040612,0.8296282068288893,0.67165922117508,0.00826751066246479,0.008252713074705237,0.2290430498248491,0.2195457630224257,0.041465073092966764,142.36332202095844,143.8572640787723,-0.20821596021767708,-0.17118807909018674
CVX,4,COP|DVN|SU|PSX,0.8630939520387099,0.5973341940537857,0.00996372365766161,0.8298974142431571,0.5957525857853252,0.009149537623060302,0.009157100052051838,0.2290430498248491,0.2591218978197398,-0.13132399353698898,142.36332202095844,171.17682457085007,-0.20821596021767708,-0.17530120579020658
CVX,4,COP|DVN|SU|WMB,0.8001549393179372,0.577210943362225,0.010220598912032456,0.8078538597105922,0.6223947391545035,0.008865170136109692,0.008850205442908973,0.2290430498248491,0.22480265539049846,0.018513525896521665,142.36332202095844,147.71138585473415,-0.20821596021767708,-0.16166296649623624
CVX,4,COP|DVN|SU|TRGP,0.8142392209438897,0.5176549852237824,0.010916809315756344,0.8201501032867248,0.5791165197998973,0.00934924983512551,0.009343622289799765,0.2290430498248491,0.25751831833871036,-0.12432277921393609,142.36332202095844,161.6676036063705,-0.20821596021767708,-0.16671841589539604
CVX,4,COP|DVN|SU|OKE,0.8268175905355751,0.5712454067622899,0.010288859643671662,0.8309233610097574,0.6231237230566944,0.008855869163808767,0.008841658456437838,0.2290430498248491,0.24967531500032958,-0.0900802936009546,142.36332202095844,149.45935437041567,-0.20821596021767708,-0.18283236366029154
CVX,4,COP|DVN|SU|MPC,0.8492814650835112,0.579430039658667,0.010185530994763188,0.8261694868996753,0.5775898317413672,0.009357844972792845,0.009360553203972338,0.2290430498248491,0.26280904819581985,-0.14742206059861607,142.36332202095844,168.42586173653024,-0.20821596021767708,-0.16593722449302184
CVX,4,COP|DVN|SU|SLB,0.8601587445453138,0.5918030246821044,0.010028988382608706,0.8118792728001039,0.5666563926046299,0.009488808004348937,0.009480921074707794,0.2290430498248491,0.25529577614151544,-0.1146191789567157,142.36332202095844,159.88150736051796,-0.20821596021767708,-0.2038525443378557
CVX,4,COP|DVN|CVE|KMI,0.8075744925988102,0.5860461854783079,0.01011345103914473,0.8221587467688285,0.6415798918935238,0.00863740325636758,0.008622446678002719,0.2290430498248491,0.23073892650177238,-0.007404183092305727,142.36332202095844,146.41987653015647,-0.20821596021767708,-0.15888093284301452
CVX,4,COP|DVN|CVE|PSX,0.856302729570372,0.5447138293638745,0.010586063200553818,0.8262470752793277,0.5440940744036308,0.009710226606971578,0.009724604611340355,0.2290430498248491,0.2735912080937073,-0.1944968786563246,142.36332202095844,177.15636710245826,-0.20821596021767708,-0.15962763804740454
CVX,4,COP|DVN|CVE|WMB,0.7908145378010606,0.540262873858472,0.010657920593703664,0.8017844883555609,0.5902109693897,0.009235196985636315,0.009219651358846259,0.2290430498248491,0.2361492286192499,-0.03102551594486247,142.36332202095844,148.05759831465667,-0.20821596021767708,-0.15316437809467454
CVX,4,COP|DVN|CVE|TRGP,0.8012570471437076,0.4524618072729546,0.011630543805209035,0.8118846014652833,0.523778572945363,0.0099488300033254,0.009938910965655183,0.2290430498248491,0.26999148013403007,-0.17878049711831268,142.36332202095844,159.03991815398845,-0.20821596021767708,-0.16357741779946777
CVX,4,COP|DVN|CVE|OKE,0.8184406976358582,0.5170986001294822,0.01091322924913683,0.8256816400061411,0.5726819124031539,0.009429323456077388,0.009414775578666507,0.2290430498248491,0.2646828022601524,-0.15560285484566005,142.36332202095844,151.07902368402483,-0.20821596021767708,-0.17292875121946893
CVX,4,COP|DVN|CVE|MPC,0.8375886408328933,0.5200008163849172,0.010876113017049372,0.8230501011030802,0.5265308816084978,0.009907115747430466,0.00991014851596022,0.2290430498248491,0.2768926998152796,-0.20891116332506687,142.36332202095844,170.21704683376706,-0.20821596021767708,-0.15654356507000367
CVX,4,COP|DVN|CVE|SLB,0.8470461261584619,0.5184980315440975,0.01088257713472039,0.810193029620367,0.5005745249082564,0.010187009886118004,0.010178169517972067,0.2290430498248491,0.27571623234765386,-0.20377471640591627,142.36332202095844,160.86954684123322,-0.20821596021767708,-0.19761864890432945
CVX,4,COP|DVN|KMI|PSX,0.8271800231133412,0.6185618544467342,0.009708024773518792,0.842691093817279,0.6828290216531935,0.008123503208020723,0.00811112426530506,0.2290430498248491,0.23073428160205953,-0.0073839034998168795,142.36332202095844,150.11919696282948,-0.20821596021767708,-0.15594364841106356
CVX,4,COP|DVN|KMI|WMB,0.796290559026128,0.558713977689627,0.010442014509959829,0.8206046338558204,0.633267927596959,0.008737269323133111,0.008721853355757531,0.2290430498248491,0.23381833122554507,-0.020848837824800404,142.36332202095844,139.47015398372673,-0.20821596021767708,-0.17425580443405786
CVX,4,COP|DVN|KMI|TRGP,0.7962905588546018,0.5587139776803683,0.010442014510066228,0.8206046337781563,0.6332679277626558,0.008737269321150347,0.008721853353787178,0.2290430498248491,0.23381833103967375,-0.02084883701328777,142.36332202095844,139.47015394355603,-0.20821596021767708,-0.1742558042597434
CVX,4,COP|DVN|KMI|OKE,0.7962905597760824,0.5587139777301081,0.010442014509494632,0.8206046341953867,0.6332679268724939,0.00873726933180223,0.008721853364372374,0.2290430498248491,0.2338183320382181,-0.020848841372923976,142.36332202095844,139.4701541593624,-0.20821596021767708,-0.17425580519620287
CVX,4,COP|DVN|KMI|MPC,0.8131631858460556,0.5955705570295987,0.009996449278936836,0.8333041345759229,0.6649805888256108,0.008350019451443902,0.0083362229189041,0.2290430498248491,0.23007903333514226,-0.004523095160867685,142.36332202095844,148.1569940722912,-0.20821596021767708,-0.14587023708198643
CVX,4,COP|DVN|KMI|SLB,0.8156313889521162,0.6047017932430557,0.009882954934387901,0.8128391019197965,0.6368096430228896,0.008695195456752418,0.008679635524191261,0.2290430498248491,0.22157691966835366,0.03259706051855682,142.36332202095844,140.78200369847553,-0.20821596021767708,-0.16615035300445158
CVX,4,COP|DVN|PSX|WMB,0.8241628167198036,0.6053230218663038,0.00987475055705634,0.8280915745832979,0.6513134841499901,0.008514453854551053,0.008504561196880636,0.2290430498248491,0.23188756829733645,-0.01241914336480665,142.36332202095844,154.91757706224632,-0.20821596021767708,-0.14178006658486475
CVX,4,COP|DVN|PSX|TRGP,0.8302452546624073,0.543522196535088,0.010619153708650398,0.8329274661768682,0.6096400669334183,0.00899300448903326,0.008998434329311715,0.2290430498248491,0.25646596088684376,-0.11972819556395686,142.36332202095844,169.30173128788178,-0.20821596021767708,-0.1383274212893396
CVX,4,COP|DVN|PSX|OKE,0.8403367030294318,0.5712357960321437,0.010284069151668226,0.8429840430364661,0.6315248281914103,0.008751187135061097,0.008742556528575429,0.2290430498248491,0.2572513811331819,-0.12315733365366865,142.36332202095844,157.0356102382251,-0.20821596021767708,-0.16232506000353486
CVX,4,COP|DVN|PSX|MPC,0.8492865069820253,0.5350543147125437,0.01070193470227611,0.8341011606361255,0.5619128692443054,0.00953367763144092,0.009532670502385196,0.2290430498248491,0.27436395404771163,-0.19787068089391813,142.36332202095844,166.10198276538978,-0.20821596021767708,-0.18067445197612597
CVX,4,COP|DVN|PSX|SLB,0.8626151547789931,0.5710164604548045,0.01027653855127948,0.8272083813760587,0.5772066788151393,0.009364697765544288,0.009364797550685592,0.2290430498248491,0.263874380564329,-0.1520732926238786,142.36332202095844,166.49827563242889,-0.20821596021767708,-0.17302533859442737
CVX,4,COP|DVN|WMB|TRGP,0.7813691884527888,0.5177150235092174,0.010916294040768106,0.7998124295130831,0.5829024628423738,0.009318258477826184,0.009301503350082308,0.2290430498248491,0.23777667886993817,-0.038130949844440654,142.36332202095844,143.11772407689577,-0.20821596021767708,-0.16298215244137426
CVX,4,COP|DVN|WMB|OKE,0.781369188484022,0.5177150235263107,0.010916294040573945,0.7998124295383109,0.5829024628470134,0.009318258477774158,0.009301503350030577,0.2290430498248491,0.2377766788928707,-0.03813094994456412,142.36332202095844,143.1177240808086,-0.20821596021767708,-0.16298215247116632
CVX,4,COP|DVN|WMB|MPC,0.8019055989844847,0.5664596511100801,0.01034997081571088,0.8133733803884652,0.620316332691092,0.008886829963480405,0.00887452857093837,0.2290430498248491,0.23264334327069625,-0.015718850445801902,142.36332202095844,152.86924585656425,-0.20821596021767708,-0.12948017466982453
CVX,4,COP|DVN|WMB|SLB,0.8015684987061574,0.5653266101731294,0.010363310856261186,0.7950250479388479,0.5924068155716149,0.009211354606240172,0.00919491652195827,0.2290430498248491,0.22769998243560377,0.0058638207545367305,142.36332202095844,144.4147699631542,-0.20821596021767708,-0.15744968216362132
CVX,4,COP|DVN|TRGP|OKE,0.8077267347846251,0.4886498763072331,0.011235768454121468,0.8247354111069926,0.5696217525529683,0.009464389021168296,0.009448426531276595,0.2290430498248491,0.26502660423558916,-0.1571038913350873,142.36332202095844,148.11756240091356,-0.20821596021767708,-0.17723853257041589
CVX,4,COP|DVN|TRGP|MPC,0.8183482689657615,0.5132466191365703,0.010965539129770024,0.8250173927301264,0.5766501484809164,0.00937111419130283,0.009370959048140115,0.2290430498248491,0.2622921505536243,-0.1451652899059852,142.36332202095844,166.3192808867964,-0.20821596021767708,-0.13693052729706745
CVX,4,COP|DVN|TRGP|SLB,0.8199391352187186,0.5141092679216461,0.010956319182816074,0.7979661921811818,0.5435437532439448,0.009738277069453466,0.00973047209558807,0.2290430498248491,0.25235182951315277,-0.10176593311226023,142.36332202095844,160.6610581708384,-0.20821596021767708,-0.1521101505251543
CVX,4,COP|DVN|OKE|MPC,0.8241631957709761,0.5434407317733023,0.01061487999406789,0.833891830273923,0.6065346465394137,0.009045542067814528,0.00903415593351937,0.2290430498248491,0.2591020891589325,-0.13123750909302756,142.36332202095844,154.63511487260803,-0.20821596021767708,-0.15205698337111062
CVX,4,COP|DVN|OKE|SLB,0.828599638733549,0.5497707099509916,0.010537906256534403,0.8198339864344076,0.5927466620790633,0.009207308026941358,0.0091910824147829,0.2290430498248491,0.252296779494159,-0.10152558519934218,142.36332202095844,145.56979810784233,-0.20821596021767708,-0.17793164043218668
CVX,4,COP|DVN|MPC|SLB,0.8527311819295943,0.5646630481201997,0.010356312916541934,0.815669622792979,0.5523054162641432,0.009638308334288023,0.009636631547129956,0.2290430498248491,0.26332395915023643,-0.14967015742936618,142.36332202095844,165.85534183714535,-0.20821596021767708,-0.15617519516859757
CVX,4,COP|FANG|SU|CVE,0.8249909315370442,0.5127183132278927,0.010963986662811592,0.8234085894269383,0.5405302395100346,0.00977381325089207,0.009762539433159122,0.2290430498248491,0.2733347262532533,-0.19337708113070606,142.36332202095844,156.96598104235633,-0.20821596021767708,-0.21607832609827538
CVX,4,COP|FANG|SU|KMI,0.8097732839766779,0.6070724993256256,0.009852340943074536,0.8296281983222451,0.6716592973214881,0.008267509701112855,0.00825271211775055,0.2290430498248491,0.2195456806975925,0.04146543252248569,142.36332202095844,143.85728742902236,-0.20821596021767708,-0.17118804804537768
CVX,4,COP|FANG|SU|PSX,0.8489572445988287,0.5895444667794171,0.010063488030851967,0.8393145529265331,0.6169941727708199,0.008908448879291736,0.008913269231231626,0.2290430498248491,0.2592765735874326,-0.13199930661813708,142.36332202095844,168.64524943235983,-0.20821596021767708,-0.18124612182229005
CVX,4,COP|FANG|SU|WMB,0.7959676027453179,0.5700460094820912,0.010306736002409313,0.8074863263320198,0.6215341300088816,0.00887536400300313,0.008860285060034693,0.2290430498248491,0.22489945073791487,0.018090918236125852,142.36332202095844,147.44521520345725,-0.20821596021767708,-0.16149608749710265
CVX,4,COP|FANG|SU|TRGP,0.8142392113306721,0.517655029477617,0.010916808818275291,0.8201500879106502,0.5791165726396165,0.009349249234782236,0.009343621703278298,0.2290430498248491,0.2575182850189921,-0.12432263374033048,142.36332202095844,161.66761464397473,-0.20821596021767708,-0.16671836540934915
CVX,4,COP|FANG|SU|OKE,0.8229538212549644,0.5649208797054097,0.010364916825394076,0.8316658717671507,0.6248213085558527,0.008836047490016962,0.008821722986519108,0.2290430498248491,0.24964617026700225,-0.08995304794408088,142.36332202095844,149.1310103704641,-0.20821596021767708,-0.18273060408515884
CVX,4,COP|FANG|SU|MPC,0.8362024865203177,0.5608242860830706,0.01041087952844414,0.829371137325905,0.5829843829170052,0.009299434926234544,0.009300589873978292,0.2290430498248491,0.26356575887218925,-0.1507258529509623,142.36332202095844,167.11786199638522,-0.20821596021767708,-0.1691341941326786
CVX,4,COP|FANG|SU|SLB,0.8442033956108039,0.5723380041774938,0.010269673603189707,0.8188977674218647,0.5780561933257837,0.009364537850804761,0.009355384521585361,0.2290430498248491,0.2569756112050353,-0.12195332450186314,142.36332202095844,158.20822490580582,-0.20821596021767708,-0.20600200226222298
CVX,4,COP|FANG|CVE|KMI,0.8075745486569647,0.5860463747286516,0.010113448727242045,0.8221586701702712,0.6415798228210614,0.00863740406498863,0.008622447508834445,0.2290430498248491,0.2307388725741785,-0.007403947644891273,142.36332202095844,146.41995890970665,-0.20821596021767708,-0.15888069909648161
CVX,4,COP|FANG|CVE|PSX,0.8459345919962638,0.5437117075369777,0.01060269854618065,0.830888027488729,0.5586039288002674,0.009557308154094694,0.009568603651600047,0.2290430498248491,0.27261990814117226,-0.19025619135637029,142.36332202095844,174.78194192597175,-0.20821596021767708,-0.16546991247013532
CVX,4,COP|FANG|CVE|WMB,0.7908143453065235,0.5402627484103801,0.010657922058009325,0.8017843279189382,0.5902109095728147,0.00923519767036264,0.009219652031742267,0.2290430498248491,0.23614909369746634,-0.031024926877507353,142.36332202095844,148.05757002297432,-0.20821596021767708,-0.1531642040680693
CVX,4,COP|FANG|CVE|TRGP,0.801257086220432,0.45246186676845745,0.01163054316567986,0.8118846283962292,0.523778565969383,0.009948830080988109,0.009938911038450777,0.2290430498248491,0.269991502268978,-0.17878059375930633,142.36332202095844,159.03991300939344,-0.20821596021767708,-0.16357748397928695
CVX,4,COP|FANG|CVE|OKE,0.8184407602678957,0.5170987537726814,0.010913227493226629,0.8256815936429831,0.5726818370778852,0.009429324247431644,0.00941477640845875,0.2290430498248491,0.26468278994907335,-0.1556028010955941,142.36332202095844,151.07909780524685,-0.20821596021767708,-0.17292859465707733
CVX,4,COP|FANG|CVE|MPC,0.8305111194746443,0.5100888737527913,0.01098998526091025,0.823058880815705,0.5263696578098312,0.009909899462877387,0.009911835654292146,0.2290430498248491,0.27697760886840145,-0.20928187552605615,142.36332202095844,169.41605487758233,-0.20821596021767708,-0.15880280354491572
CVX,4,COP|FANG|CVE|SLB,0.837962334445846,0.5053013273822353,0.01103453579085523,0.8101332374887111,0.49807804606854567,0.010213315629614418,0.010203576622213724,0.2290430498248491,0.2764215573068642,-0.20685415915586947,142.36332202095844,159.99402488061486,-0.20821596021767708,-0.1990472415082356
CVX,4,COP|FANG|KMI|PSX,0.8271801675945581,0.6185618483519437,0.0097080248409016,0.842691141144208,0.6828288907801081,0.008123504849327928,0.008111125938736459,0.2290430498248491,0.23073443697888857,-0.007384581873725926,142.36332202095844,150.11925999549192,-0.20821596021767708,-0.1559437579883307
CVX,4,COP|FANG|KMI|WMB,0.7962905594078646,0.5587139777102325,0.01044201450972304,0.820604634028664,0.6332679272281969,0.008737269327545804,0.008721853360142598,0.2290430498248491,0.23381833163920615,-0.020848839630841276,142.36332202095844,139.47015407312756,-0.20821596021767708,-0.17425580482199965
CVX,4,COP|FANG|KMI|TRGP,0.796290559531849,0.5587139777169249,0.01044201450964613,0.8206046340848024,0.633267927108426,0.00873726932897901,0.00872185336156683,0.2290430498248491,0.2338183317735598,-0.020848840217428055,142.36332202095844,139.4701541021642,-0.20821596021767708,-0.17425580494799975
CVX,4,COP|FANG|KMI|OKE,0.7962905591841839,0.5587139776981587,0.010442014509861786,0.8206046339273855,0.6332679274442752,0.008737269324960162,0.008721853357573143,0.2290430498248491,0.23381833139681907,-0.020848838572581352,142.36332202095844,139.4701540207426,-0.20821596021767708,-0.17425580459468304
CVX,4,COP|FANG|KMI|MPC,0.8131631801491492,0.5955705386449777,0.009996449506213761,0.8333041356741933,0.6649805823782459,0.008350019535082605,0.008336222999118365,0.2290430498248491,0.23007903929869217,-0.004523121197675728,142.36332202095844,148.15698626798343,-0.20821596021767708,-0.14587027169907751
CVX,4,COP|FANG|KMI|SLB,0.8156313814477548,0.6047017881143476,0.009882954998584496,0.8128390992934771,0.6368096454075571,0.008695195428024091,0.0086796354956965,0.2290430498248491,0.22157691412522315,0.03259708471981737,142.36332202095844,140.78200216361608,-0.20821596021767708,-0.16615034744130075
CVX,4,COP|FANG|PSX|WMB,0.818990400850416,0.5976833687920531,0.00997007740232555,0.8270599948730261,0.6495396440673588,0.008536441574041464,0.00852616598146939,0.2290430498248491,0.23170934078978045,-0.011641003588496845,142.36332202095844,154.51402180384173,-0.20821596021767708,-0.14184067339558715
CVX,4,COP|FANG|PSX|TRGP,0.8298610943354608,0.5430078339052966,0.010625172662152441,0.8328832231484086,0.6096001070705164,0.008993492773670378,0.008998894887593936,0.2290430498248491,0.2564432428436027,-0.11962900878112959,142.36332202095844,169.28428178149542,-0.20821596021767708,-0.13827617636555123
CVX,4,COP|FANG|PSX|OKE,0.8357320208795669,0.5652418534284573,0.010356803092721382,0.8429490941862384,0.6320503395822508,0.008745382448038711,0.008736320080858877,0.2290430498248491,0.25701948622561016,-0.12214488246709454,142.36332202095844,156.54544422888983,-0.20821596021767708,-0.16293502209265387
CVX,4,COP|FANG|PSX|MPC,0.8372739114741616,0.5200059024597112,0.01087762510497177,0.8328562483384072,0.5571209388718027,0.009587080329304618,0.009584664333650789,0.2290430498248491,0.27496495716940383,-0.20049465539195155,142.36332202095844,165.10992694151486,-0.20821596021767708,-0.1837237617741394
CVX,4,COP|FANG|PSX|SLB,0.8492599701403789,0.5583312644876827,0.010432567833095709,0.8285149943113285,0.5779189283809977,0.00935838799520813,0.009356906124576818,0.2290430498248491,0.2647341279545283,-0.15582694238909411,142.36332202095844,165.2387670273942,-0.20821596021767708,-0.17638257105588329
CVX,4,COP|FANG|WMB|TRGP,0.7813691879097999,0.5177150232120566,0.010916294044143493,0.7998124290745016,0.5829024627617181,0.009318258478730643,0.009301503350981642,0.2290430498248491,0.23777667847126274,-0.03813094810382722,142.36332202095844,143.1177240088706,-0.20821596021767708,-0.1629821519234559
CVX,4,COP|FANG|WMB|OKE,0.7813691881374486,0.5177150233366417,0.010916294042728356,0.7998124292583776,0.5829024627955333,0.009318258478351445,0.009301503350604593,0.2290430498248491,0.23777667863840787,-0.03813094883358148,142.36332202095844,143.11772403739025,-0.20821596021767708,-0.16298215214059364
CVX,4,COP|FANG|WMB|MPC,0.8019055995445333,0.5664596514495008,0.010349970811653696,0.8133733808284519,0.6203163328628287,0.00888682996138089,0.00887452856893133,0.2290430498248491,0.2326433436751131,-0.015718852211482393,142.36332202095844,152.86924598588226,-0.20821596021767708,-0.1294801750410195
CVX,4,COP|FANG|WMB|SLB,0.8015684365525694,0.5653264890088365,0.010363312301935237,0.7950250847292784,0.5924068637661708,0.00921135406239388,0.009194915978346464,0.2290430498248491,0.22769999682712488,0.005863757921278356,142.36332202095844,144.414764561662,-0.20821596021767708,-0.15744968889168487
CVX,4,COP|FANG|TRGP|OKE,0.8077267689087071,0.48865001222592697,0.011235766912681425,0.8247354508682203,0.5696218308657145,0.009464388186206199,0.009448425671646414,0.2290430498248491,0.2650266097816044,-0.15710391554894243,142.36332202095844,148.11749070491322,-0.20821596021767708,-0.1772386694682514
CVX,4,COP|FANG|TRGP|MPC,0.8183482657018356,0.5132467359637118,0.010965537828557127,0.8250173565592099,0.5766502383640552,0.009371113122845314,0.009370958053346737,0.2290430498248491,0.2622920865096118,-0.1451650102903732,142.36332202095844,166.3193349752351,-0.20821596021767708,-0.13693025504840017
CVX,4,COP|FANG|TRGP|SLB,0.8199391209246707,0.5141092845780315,0.010956319003733162,0.7979660401604557,0.5435435670591675,0.009738279043155097,0.009730474080077938,0.2290430498248491,0.2523517728449403,-0.10176568569932831,142.36332202095844,160.6610744683486,-0.20821596021767708,-0.15211012253344147
CVX,4,COP|FANG|OKE|MPC,0.8241631962409691,0.5434407319336271,0.01061487999212772,0.833891830171503,0.6065346453009202,0.009045542081639693,0.009034155947737576,0.2290430498248491,0.25910208953241465,-0.13123751072364742,142.36332202095844,154.63511542808007,-0.20821596021767708,-0.15205698289729608
CVX,4,COP|FANG|OKE|SLB,0.8285995943471361,0.5497706032066023,0.010537907512369727,0.8198340365949116,0.5927467200900012,0.009207307372384517,0.00919108176017399,0.2290430498248491,0.25229680088127737,-0.10152567857531847,142.36332202095844,145.56979228060825,-0.20821596021767708,-0.1779316535134985
CVX,4,COP|FANG|MPC|SLB,0.8426291740501286,0.5511962968217989,0.010518499527293994,0.81634811567262,0.5521833847092723,0.00964045513980866,0.009637944823020531,0.2290430498248491,0.26392590098084007,-0.15229823032249246,142.36332202095844,165.1793813037889,-0.20821596021767708,-0.1576477817130314
CVX,4,COP|SU|CVE|KMI,0.8097732715967217,0.6070725155060473,0.009852340735368765,0.8296281869859987,0.6716593084746797,0.008267509560710876,0.008252711977585045,0.2290430498248491,0.21954565148301974,0.0414655600730609,142.36332202095844,143.8572872732253,-0.20821596021767708,-0.17118802705958092
CVX,4,COP|SU|CVE|PSX,0.848957279917954,0.5895446500002082,0.010063485804826874,0.8393145295180885,0.6169942633179021,0.008908447761806342,0.008913268177630725,0.2290430498248491,0.25927651542887703,-0.13199905269837986,142.36332202095844,168.64529007006828,-0.20821596021767708,-0.18124604022760638
CVX,4,COP|SU|CVE|WMB,0.7959676081676678,0.5700460285292475,0.01030673577364995,0.8074863265486089,0.6215341384539916,0.008875363903140346,0.008860284961180227,0.2290430498248491,0.22489944542643267,0.018090941426011753,142.36332202095844,147.44521755940673,-0.20821596021767708,-0.16149608704663831
CVX,4,COP|SU|CVE|TRGP,0.8142392266743618,0.5176549955883223,0.010916809197956841,0.8201501077770618,0.5791165230009914,0.009349249800740067,0.009343622254267589,0.2290430498248491,0.2575183209774885,-0.12432279073481878,142.36332202095844,161.6676024589746,-0.20821596021767708,-0.1667184270076969
CVX,4,COP|SU|CVE|OKE,0.8229538232425119,0.564920892694963,0.010364916671723602,0.8316658707384029,0.6248213150841602,0.008836047412501958,0.008821722909767786,0.2290430498248491,0.24964616635507994,-0.08995303086466144,142.36332202095844,149.13101170648656,-0.20821596021767708,-0.18273060285083698
CVX,4,COP|SU|CVE|MPC,0.8362025086876178,0.5608244124777804,0.010410878036667645,0.8293711564372961,0.5829845070361565,0.009299433545365351,0.00930058848987976,0.2290430498248491,0.26356573058171295,-0.1507257294349844,142.36332202095844,167.11785572690178,-0.20821596021767708,-0.16913425267802518
CVX,4,COP|SU|CVE|SLB,0.8442033247166835,0.5723380950983752,0.010269672582179286,0.8188979491988905,0.5780567076438026,0.009364532105343621,0.009355378819825764,0.2290430498248491,0.2569755700111208,-0.12195314464958407,142.36332202095844,158.20825594503617,-0.20821596021767708,-0.2060020422486023
CVX,4,COP|SU|KMI|PSX,0.8368281416577344,0.6555683966514112,0.00922501719282362,0.8473028047345083,0.7053782464968114,0.007826966000447766,0.007817479284407975,0.2290430498248491,0.21936426546093837,0.04225748989682143,142.36332202095844,153.3851206350343,-0.20821596021767708,-0.15473567844503766
CVX,4,COP|SU|KMI|WMB,0.8097733045971474,0.607072534045751,0.009852340508551674,0.8296282062072216,0.6716593091543787,0.008267509551350118,0.008252711969043066,0.2290430498248491,0.21954568355894472,0.04146542002984632,142.36332202095844,143.85729432059298,-0.20821596021767708,-0.17118805822072836
CVX,4,COP|SU|KMI|TRGP,0.8097732877734529,0.607072508186618,0.009852340831831959,0.8296281993339726,0.6716593007172664,0.008267509658184794,0.008252712075074786,0.2290430498248491,0.2195456793915273,0.041465438224755125,142.36332202095844,143.85728896336119,-0.20821596021767708,-0.17118804892724915
CVX,4,COP|SU|KMI|OKE,0.8097732860917553,0.6070725085522395,0.009852340826806518,0.8296281981207935,0.6716593013287944,0.008267509650510473,0.00825271206738953,0.2290430498248491,0.21954567678378065,0.04146544961015486,142.36332202095844,143.85728874514837,-0.20821596021767708,-0.1711880468127619
CVX,4,COP|SU|KMI|MPC,0.8227250204876994,0.6316524415416921,0.009539442066155134,0.8375941818930468,0.6871268618913412,0.008067855773241758,0.00805598174016695,0.2290430498248491,0.21916889691459163,0.04311046730214396,142.36332202095844,150.77922333257501,-0.20821596021767708,-0.14725311853055723
CVX,4,COP|SU|KMI|SLB,0.825881289819595,0.64189112917024,0.009405939441085519,0.8190617666743025,0.6626925155155667,0.00837943441394609,0.008364641321182642,0.2290430498248491,0.20827293299887348,0.09068215273005964,142.36332202095844,145.15362662544146,-0.20821596021767708,-0.16316568945796184
CVX,4,COP|SU|PSX|WMB,0.8288928806954754,0.6341402192393776,0.009507807439594985,0.830114764790288,0.6688084291817978,0.0082952175082212,0.008288462398361004,0.2290430498248491,0.22222165787837098,0.029782138998299623,142.36332202095844,157.7029923471756,-0.20821596021767708,-0.14175533115880834
CVX,4,COP|SU|PSX|TRGP,0.8392035493800425,0.5872107863707112,0.010098825814770231,0.8369043196540666,0.6380598661347416,0.008654662440489326,0.008664683536281836,0.2290430498248491,0.2478906257302539,-0.08228835548521407,142.36332202095844,171.2994538404231,-0.20821596021767708,-0.14150398268206654
CVX,4,COP|SU|PSX|OKE,0.8453169810346864,0.6175738485138085,0.009717101115278012,0.8453018468256073,0.6651479022509943,0.008338609064179407,0.008334141045213718,0.2290430498248491,0.24407314436356412,-0.0656212644313312,142.36332202095844,159.95375762889188,-0.20821596021767708,-0.16118537240964181
CVX,4,COP|SU|PSX|MPC,0.8489572452353478,0.5895444710108868,0.01006348797937319,0.8393145528836744,0.6169941755604916,0.008908448846199206,0.00891326919877116,0.2290430498248491,0.2592765724412729,-0.13199930161401352,142.36332202095844,168.64524977192758,-0.20821596021767708,-0.18124612150816388
CVX,4,COP|SU|PSX|SLB,0.859493588068498,0.6200411375571218,0.009681346522991845,0.8336053941087814,0.6282386762741551,0.008775852904684278,0.008781454127714318,0.2290430498248491,0.24925867749872804,-0.08826125782615102,142.36332202095844,168.79879834314877,-0.20821596021767708,-0.17379514250068429
CVX,4,COP|SU|WMB|TRGP,0.7959675488089927,0.570045931848775,0.010306736930871268,0.8074862869075685,0.6215340776746429,0.008875364620351777,0.008860285672634527,0.2290430498248491,0.22489943446615993,0.018090989278468972,142.36332202095844,147.44520491252112,-0.20821596021767708,-0.16149605019502766
CVX,4,COP|SU|WMB|OKE,0.795967630647238,0.5700460712813898,0.010306735261461367,0.8074863395151279,0.6215341632099591,0.008875363610888533,0.00886028467139857,0.2290430498248491,0.22489944578384877,0.018090939865536115,142.36332202095844,147.445223070369,-0.20821596021767708,-0.16149609870908022
CVX,4,COP|SU|WMB|MPC,0.8118124448113542,0.6026506910364706,0.009908284663400399,0.8162657202700192,0.64021300014633,0.008648649902354954,0.008638872564019316,0.2290430498248491,0.2236029126239316,0.023751592572128333,142.36332202095844,155.44771123543296,-0.20821596021767708,-0.13342615092830612
CVX,4,COP|SU|WMB|SLB,0.8139393652119523,0.6090096431373723,0.009828839122881473,0.8007744426356188,0.6216906207367145,0.008873003543243592,0.008858453064169533,0.2290430498248491,0.21533650697571208,0.059842649054920094,142.36332202095844,148.78679144871109,-0.20821596021767708,-0.16175932170415597
CVX,4,COP|SU|TRGP|OKE,0.8229538646948408,0.5649211363766545,0.010364913787710265,0.8316658544721661,0.6248214337577194,0.008836046002267143,0.00882172151455881,0.2290430498248491,0.24964609755310108,-0.0899527304758092,142.36332202095844,149.13103849112042,-0.20821596021767708,-0.1827305880689024
CVX,4,COP|SU|TRGP|MPC,0.828424826629948,0.561465609632056,0.010408912580156884,0.8294944098720171,0.6104614879194792,0.008984992018547628,0.008988961795515124,0.2290430498248491,0.2530726939400656,-0.10491322104552903,142.36332202095844,168.27288703429778,-0.20821596021767708,-0.14124959868646647
CVX,4,COP|SU|TRGP|SLB,0.8304853933756708,0.5657524484436337,0.010358249024591494,0.8048541313359068,0.5847780595017896,0.009284076796308197,0.00928056637030821,0.2290430498248491,0.2412999804410474,-0.053513654422481904,142.36332202095844,163.35927410161892,-0.20821596021767708,-0.16273386502853637
CVX,4,COP|SU|OKE|MPC,0.8339483550329605,0.5955348056003034,0.009994008114081371,0.8362669051731334,0.6410023505688542,0.008637400325189224,0.008629390784536672,0.2290430498248491,0.2465653295670201,-0.07650212375171561,142.36332202095844,157.37650377470135,-0.20821596021767708,-0.15324324432020764
CVX,4,COP|SU|OKE|SLB,0.8387473480667744,0.6070019931947281,0.00985013170699777,0.8227890126748867,0.6332608959788861,0.008735425030469144,0.008721936970543813,0.2290430498248491,0.23624279458723038,-0.03143402416221308,142.36332202095844,150.40001089967728,-0.20821596021767708,-0.17370789004250797
CVX,4,COP|SU|MPC|SLB,0.8525710566021021,0.6085486750468065,0.009827701285321544,0.8209622443876332,0.5993609713291111,0.009113019962447943,0.009116139476035023,0.2290430498248491,0.2498789001095914,-0.09096914444981241,142.36332202095844,168.0327975148926,-0.20821596021767708,-0.15869571449666897
CVX,4,COP|CVE|KMI|PSX,0.8363358253255899,0.6389003559021083,0.009445316239590067,0.8388871635685115,0.6771404714115765,0.008188867155562513,0.008183538656768297,0.2290430498248491,0.2289658866810046,0.0003368936272177825,142.36332202095844,158.77184103540299,-0.20821596021767708,-0.13786185952768037
CVX,4,COP|CVE|KMI|WMB,0.807574580370861,0.5860464465162956,0.010113447849935722,0.8221586486693842,0.6415797915985544,0.008637404431856616,0.008622447884391458,0.2290430498248491,0.23073886461340204,-0.007403912888209074,142.36332202095844,146.41999146483982,-0.20821596021767708,-0.1588806258105212
CVX,4,COP|CVE|KMI|TRGP,0.807574561597293,0.5860463758420431,0.010113448713229752,0.8221586788380619,0.6415798163568551,0.008637404142293813,0.008622447586588549,0.2290430498248491,0.23073888733642856,-0.007404012096748902,142.36332202095844,146.41996097035928,-0.20821596021767708,-0.1588807162836533
CVX,4,COP|CVE|KMI|OKE,0.8075744782821139,0.5860463047587595,0.010113449583619928,0.8221586625906026,0.6415798722097625,0.008637403480386037,0.008622446914767027,0.2290430498248491,0.2307388331427741,-0.007403775487716313,142.36332202095844,146.41992224716054,-0.20821596021767708,-0.15888071243621493
CVX,4,COP|CVE|KMI|MPC,0.8209152591112562,0.6140156175845416,0.009765814918808704,0.8315166454130325,0.6635677161760788,0.008364187385005632,0.008353782542712563,0.2290430498248491,0.2284201304197471,0.002719660804282653,142.36332202095844,153.83442514618955,-0.20821596021767708,-0.13401841980077223
CVX,4,COP|CVE|KMI|SLB,0.8234622233161585,0.6220268632589933,0.009663840083746735,0.8124030499942226,0.6391517014779018,0.008666174698248576,0.008651604642525111,0.2290430498248491,0.21907738454835282,0.0435100095118236,142.36332202095844,147.74764579472603,-0.20821596021767708,-0.1546141039065615
CVX,4,COP|CVE|PSX|WMB,0.827781527172569,0.6160443091515722,0.009739483895820808,0.8243270116850441,0.644240619598411,0.00859353379273835,0.00859038274185287,0.2290430498248491,0.23119777698733351,-0.009407520394668856,142.36332202095844,161.77895389202294,-0.20821596021767708,-0.12978231612520263
CVX,4,COP|CVE|PSX|TRGP,0.8344460806962318,0.5535534999798638,0.010501244188765415,0.8330281073416397,0.6099425771875762,0.008984099411157192,0.008994946975708414,0.2290430498248491,0.2562484556526293,-0.11877856956840382,142.36332202095844,172.78711001769233,-0.20821596021767708,-0.1334410429876448
CVX,4,COP|CVE|PSX|OKE,0.8429405735900576,0.5821535524068184,0.010151266569741071,0.8376826067214139,0.6222117355659376,0.008851738414023704,0.008852349776339846,0.2290430498248491,0.25587029899768277,-0.11712754084155219,142.36332202095844,165.46795461492422,-0.20821596021767708,-0.14500197986022012
CVX,4,COP|CVE|PSX|MPC,0.8459345893650129,0.5437116973407101,0.010602698660681266,0.8308880349517845,0.5586039254933826,0.009557308205240459,0.009568603687443446,0.2290430498248491,0.2726199152992556,-0.19025622260850117,142.36332202095844,174.7819324391048,-0.20821596021767708,-0.16546993502930474
CVX,4,COP|CVE|PSX|SLB,0.8556440842743112,0.5735068669483447,0.010248917762602533,0.8255262134617005,0.5751768828275545,0.009375074088204495,0.009387250446022179,0.2290430498248491,0.2628354259408944,-0.1475372256084022,142.36332202095844,174.7822568575213,-0.20821596021767708,-0.15829236393954904
CVX,4,COP|CVE|WMB|TRGP,0.7908143379597571,0.5402627226409429,0.010657922356741071,0.801784333808482,0.5902109107342253,0.009235197660176844,0.009219652018677254,0.2290430498248491,0.2361490993130255,-0.03102495139499073,142.36332202095844,148.0575622255565,-0.20821596021767708,-0.15316422639390193
CVX,4,COP|CVE|WMB|OKE,0.7908144456120767,0.5402628856616934,0.010657920463002728,0.8017843703641638,0.5902109289421124,0.009235197437990417,0.009219651813851907,0.2290430498248491,0.23614912712218938,-0.031025072809562904,142.36332202095844,148.05760777973367,-0.20821596021767708,-0.15316419550743476
CVX,4,COP|CVE|WMB|MPC,0.8079090337324983,0.5800951591327022,0.010185846582861861,0.8125932973134935,0.619429477773708,0.008894189384332368,0.008884886968547969,0.2290430498248491,0.23210113690812742,-0.01335158209610321,142.36332202095844,156.70262501506224,-0.20821596021767708,-0.12599794373302897
CVX,4,COP|CVE|WMB|SLB,0.8092503027688221,0.5823326162258201,0.010158290305210774,0.796101406023678,0.5967904527265322,0.009160154346190313,0.00914533750393186,0.2290430498248491,0.22630313103024063,0.011962462064243895,142.36332202095844,149.45748503018658,-0.20821596021767708,-0.1555472531919304
CVX,4,COP|CVE|TRGP|OKE,0.8179098772215588,0.5160285501261066,0.010926150352763857,0.8258766179691234,0.57404423562605,0.009414102580872242,0.009399756080716066,0.2290430498248491,0.26436010924020964,-0.15419397987569483,142.36332202095844,151.3881213122158,-0.20821596021767708,-0.17199884919619823
CVX,4,COP|CVE|TRGP|MPC,0.8192793522558944,0.5155995858846629,0.010938898550325296,0.8251881980890133,0.5771555424512851,0.009364754326177628,0.009365363864285887,0.2290430498248491,0.2622272751116438,-0.14488204428019502,142.36332202095844,166.88823844041664,-0.20821596021767708,-0.136143443986254
CVX,4,COP|CVE|TRGP|SLB,0.8199391181411122,0.5141092595395957,0.010956319283544637,0.7979661016438729,0.5435436443047672,0.009738278223121193,0.009730473256739407,0.2290430498248491,0.2523517949954724,-0.10176578240836243,142.36332202095844,160.66106887379536,-0.20821596021767708,-0.15211012846554584
CVX,4,COP|CVE|OKE|MPC,0.8301458514694672,0.5588365738077293,0.010432993270450167,0.8315489569254839,0.6032105084284074,0.009078839747520431,0.009072237584880974,0.2290430498248491,0.25817808690524163,-0.12720332314240612,142.36332202095844,160.00861037900842,-0.20821596021767708,-0.14157698107846994
CVX,4,COP|CVE|OKE|SLB,0.8346823043830103,0.5642308295635152,0.010365314841913614,0.8180482839651394,0.5928519276280524,0.009203188310404191,0.009189894497123862,0.2290430498248491,0.2505364422459421,-0.09383996780312343,142.36332202095844,152.40895565640076,-0.20821596021767708,-0.16564204702453666
CVX,4,COP|CVE|MPC|SLB,0.8473794974811641,0.5631830628425725,0.010375284796376366,0.815429331019487,0.5526473333688151,0.009628560517106907,0.009632950959263508,0.2290430498248491,0.2628239080923846,-0.14748693878014607,142.36332202095844,170.39663453145903,-0.20821596021767708,-0.14842169077174983
CVX,4,COP|KMI|PSX|WMB,0.8271800638990338,0.6185618773123824,0.009708024480570546,0.8426911069012929,0.6828290089840194,0.008123503358666078,0.008111124427301665,0.2290430498248491,0.23073430810810747,-0.007384019224995875,142.36332202095844,150.11921765439146,-0.20821596021767708,-0.15594365441396718
CVX,4,COP|KMI|PSX|TRGP,0.8271800881000533,0.6185620199617541,0.009708022668847634,0.842691113215505,0.6828291289138148,0.008123501806441046,0.008111122893798268,0.2290430498248491,0.23073423271651883,-0.0073836900659634,142.36332202095844,150.11924514806142,-0.20821596021767708,-0.15594352708829373
CVX,4,COP|KMI|PSX|OKE,0.8271800582823293,0.6185618962598494,0.009708024240536014,0.8426911048513922,0.6828290325454042,0.008123503056905752,0.008111124126029903,0.2290430498248491,0.23073428885996475,-0.007383935187769142,142.36332202095844,150.1192174095439,-0.20821596021767708,-0.1559436311818837
CVX,4,COP|KMI|PSX|MPC,0.8271800479768032,0.6185618742802381,0.00970802452014179,0.8426911017272909,0.6828290197496365,0.008123503224893708,0.008111124289645224,0.2290430498248491,0.23073429359964953,-0.007383955881192339,142.36332202095844,150.11921027145561,-0.20821596021767708,-0.15594364609376554
CVX,4,COP|KMI|PSX|SLB,0.8386079305416521,0.646605241704092,0.009344250728848617,0.8346403290515509,0.6790013317554553,0.008172332039943683,0.008159920910306092,0.2290430498248491,0.22141801107768716,0.03329085406866905,142.36332202095844,150.24166435680743,-0.20821596021767708,-0.15096042193638348
CVX,4,COP|KMI|WMB|TRGP,0.7962905590234439,0.558713977689482,0.010442014509961494,0.8206046338546051,0.6332679275995521,0.008737269323102082,0.008721853355726696,0.2290430498248491,0.23381833122263632,-0.020848837812100784,142.36332202095844,139.47015398309807,-0.20821596021767708,-0.17425580443133026
CVX,4,COP|KMI|WMB|OKE,0.7962905591176991,0.55871397769457,0.010442014509903027,0.8206046338972819,0.6332679275085009,0.008737269324191624,0.008721853356809415,0.2290430498248491,0.23381833132477367,-0.020848838258031632,142.36332202095844,139.47015400517213,-0.20821596021767708,-0.1742558045271171
CVX,4,COP|KMI|WMB|MPC,0.8131632166583933,0.5955706050773257,0.009996448685185982,0.8333041380561383,0.664980591229807,0.008350019410553987,0.008336222888992526,0.2290430498248491,0.2300790358177612,-0.004523105999960864,142.36332202095844,148.1570201511927,-0.20821596021767708,-0.14587015909840528
CVX,4,COP|KMI|WMB|SLB,0.8156314086333886,0.6047018239148156,0.009882954550856774,0.8128390871526174,0.6368096147241168,0.008695195795837383,0.008679635862337668,0.2290430498248491,0.22157691948631084,0.03259706131335427,142.36332202095844,140.78200644215298,-0.20821596021767708,-0.16615035292622338
CVX,4,COP|KMI|TRGP|OKE,0.7962905590837465,0.5587139776927371,0.010442014509924089,0.820604633881909,0.6332679275412991,0.008737269323799151,0.0087218533564194,0.2290430498248491,0.23381833128798196,-0.020848838097399458,142.36332202095844,139.47015399722062,-0.20821596021767708,-0.17425580449261302
CVX,4,COP|KMI|TRGP|MPC,0.8131631618506193,0.5955705305824672,0.00999644960565556,0.833304129854396,0.6649805938843256,0.008350019395445466,0.008336222855966592,0.2290430498248491,0.2300790239858346,-0.004523054341870392,142.36332202095844,148.15697720705018,-0.20821596021767708,-0.1458702744893533
CVX,4,COP|KMI|TRGP|SLB,0.8156314345000012,0.6047019533577129,0.00988295293314097,0.8128389556620097,0.6368094634323188,0.008695197606567097,0.008679637670146508,0.2290430498248491,0.2215768430612519,0.0325973949845092,142.36332202095844,140.78200341425367,-0.20821596021767708,-0.16615027690305229
CVX,4,COP|KMI|OKE|MPC,0.8131631655310984,0.595570534774596,0.009996449553865663,0.8333041305537412,0.6649805931940903,0.008350019402948727,0.008336222864554087,0.2290430498248491,0.23007902532819025,-0.00452306020258364,142.36332202095844,148.15697983644728,-0.20821596021767708,-0.14587026846345053
CVX,4,COP|KMI|OKE|SLB,0.8156313887164961,0.6047018104497757,0.009882954719403474,0.8128390799976967,0.6368096208652524,0.008695195721838895,0.008679635788956292,0.2290430498248491,0.22157690464915467,0.032597126092251405,142.36332202095844,140.78200235764666,-0.20821596021767708,-0.16615033803637103
CVX,4,COP|KMI|MPC|SLB,0.830106577648337,0.6350574328782053,0.00949590719402575,0.8231944458845347,0.6597446568339373,0.008414534103536814,0.008401112704661436,0.2290430498248491,0.21907473598365462,0.0435215731226829,142.36332202095844,149.26543317771944,-0.20821596021767708,-0.1385315504248723
CVX,4,COP|PSX|WMB|TRGP,0.8189904000527078,0.597683375102508,0.009970077324523197,0.8270599915325753,0.64953964584973,0.008536441551007107,0.008526165959788203,0.2290430498248491,0.23170933542436623,-0.011640980163144299,142.36332202095844,154.51402341738293,-0.20821596021767708,-0.14184066180454236
CVX,4,COP|PSX|WMB|OKE,0.8189904019369865,0.5976833957936903,0.009970077069007769,0.8270599847177565,0.649539652063841,0.008536441470461007,0.00852616588419828,0.2290430498248491,0.2317093227711123,-0.01164092491914559,142.36332202095844,154.5140293385845,-0.20821596021767708,-0.14184063061953933
CVX,4,COP|PSX|WMB|MPC,0.8189903696611971,0.5976833737016173,0.009970077344589458,0.8270599641628918,0.6495396429406255,0.0085364415902222,0.008526165995175241,0.2290430498248491,0.23170930306186488,-0.011640838868739678,142.36332202095844,154.51401877545226,-0.20821596021767708,-0.1418406180436611
CVX,4,COP|PSX|WMB|SLB,0.8301474128628666,0.6233494515451228,0.009646600268431026,0.8213965844378021,0.6484627064465454,0.008549252081291285,0.008539256057936198,0.2290430498248491,0.22491471177159383,0.01802428869337991,142.36332202095844,154.8950399107968,-0.20821596021767708,-0.13881463616619427
CVX,4,COP|PSX|TRGP|OKE,0.8324685636991114,0.5573757028271173,0.010455253146698321,0.8393293442645491,0.6294097196387545,0.008769247010470355,0.008767612485368679,0.2290430498248491,0.2544936822033806,-0.11111724367097708,142.36332202095844,163.49987173970467,-0.20821596021767708,-0.14586600400565664
CVX,4,COP|PSX|TRGP|MPC,0.8298611016779838,0.5430078455664842,0.01062517252514206,0.8328832270251654,0.6096001087627063,0.008993492753570054,0.008998894868091065,0.2290430498248491,0.2564432456170597,-0.11962902089001926,142.36332202095844,169.2842821302972,-0.20821596021767708,-0.13827618420181054
CVX,4,COP|PSX|TRGP|SLB,0.8403339166927193,0.5754854068527575,0.010240711033523938,0.8204281145697389,0.6094392447152281,0.008994689731112204,0.009000748671836877,0.2290430498248491,0.24482232859972078,-0.06889219640996846,142.36332202095844,169.7314436225809,-0.20821596021767708,-0.12922829948603554
CVX,4,COP|PSX|OKE|MPC,0.8357320279659457,0.5652418693671427,0.010356802903692279,0.8429490932587623,0.6320503455774684,0.008745382369918082,0.008736320009685907,0.2290430498248491,0.2570194826795298,-0.12214486698493787,142.36332202095844,156.5454517388165,-0.20821596021767708,-0.16293500994395627
CVX,4,COP|PSX|OKE|SLB,0.8469663785751056,0.5979932404423254,0.009957928696066326,0.8366095708867789,0.6408225642159369,0.0086402846548672,0.008631551317490925,0.2290430498248491,0.24702984243924872,-0.0785301829859244,142.36332202095844,156.60979512159426,-0.20821596021767708,-0.15732866731445527
CVX,4,COP|PSX|MPC|SLB,0.8492599580158365,0.5583312338256465,0.010432568206420979,0.8285150071139143,0.5779189506400988,0.009358387721991922,0.009356905877851323,0.2290430498248491,0.26473412971475835,-0.15582695007424352,142.36332202095844,165.23878751679706,-0.20821596021767708,-0.1763825373571032
CVX,4,COP|WMB|TRGP|OKE,0.7813691883271324,0.5177150234404497,0.010916294041549222,0.799812429411588,0.5829024628237089,0.00931825847803549,0.009301503350290428,0.2290430498248491,0.23777667877767839,-0.03813094944163531,142.36332202095844,143.11772406115367,-0.20821596021767708,-0.1629821523215199
CVX,4,COP|WMB|TRGP|MPC,0.8019055967959703,0.5664596513727688,0.010349970812611789,0.8133733774444493,0.620316331174666,0.008886829981014489,0.008874528588660448,0.2290430498248491,0.2326433407331292,-0.015718839366805737,142.36332202095844,152.8692461906071,-0.20821596021767708,-0.12948016857656042
CVX,4,COP|WMB|TRGP|SLB,0.8032190210109009,0.5655559987857306,0.010360620834617033,0.796426543443576,0.5944023762640774,0.00918858046070053,0.009172379923151106,0.2290430498248491,0.2281459126847239,0.003916893094163987,142.36332202095844,145.52619254808695,-0.20821596021767708,-0.15540005391852751
CVX,4,COP|WMB|OKE|MPC,0.801905603017834,0.566459658983553,0.010349970721736917,0.8133733793730404,0.6203163310398173,0.008886829980235619,0.008874528590236389,0.2290430498248491,0.23264334291285865,-0.01571884888348607,142.36332202095844,152.86924965565726,-0.20821596021767708,-0.1294801614810439
CVX,4,COP|WMB|OKE|SLB,0.8015684973022429,0.5653266177877025,0.010363310765809763,0.7950250362153239,0.59240680490881,0.009211354726795075,0.009194916642229661,0.2290430498248491,0.22769997516494206,0.005863852498183664,142.36332202095844,144.41476949973946,-0.20821596021767708,-0.15744967361569884
CVX,4,COP|WMB|MPC|SLB,0.8195228532705654,0.6063699008400322,0.009861980276231704,0.8057120109741955,0.619377467596194,0.008896939527518003,0.008885494068591574,0.2290430498248491,0.22381737368080873,0.022815257428839164,142.36332202095844,154.10006475139198,-0.20821596021767708,-0.12697974069604223
CVX,4,COP|TRGP|OKE|MPC,0.8238641115372394,0.5428473925640249,0.010622355233110682,0.8338833128749352,0.6073178910610655,0.009036069076757186,0.00902515961657117,0.2290430498248491,0.2587770052100561,-0.1298181953477513,142.36332202095844,155.21589746914213,-0.20821596021767708,-0.15067817797819538
CVX,4,COP|TRGP|OKE|SLB,0.8252628789679811,0.5416657715163147,0.010638365284426868,0.8133612250129346,0.5864240524722362,0.009275761865434048,0.009262153427311941,0.2290430498248491,0.24896074628188194,-0.08696049267709305,142.36332202095844,152.1525990956186,-0.20821596021767708,-0.16060096234866406
CVX,4,COP|TRGP|MPC|SLB,0.834850633293962,0.5647313753484837,0.010369458149925893,0.8106272321696346,0.5841431428633377,0.009285875818346648,0.009287659125572575,0.2290430498248491,0.24683562498121184,-0.07768223122233509,142.36332202095844,167.5473497917808,-0.20821596021767708,-0.13142344260001304
CVX,4,COP|OKE|MPC|SLB,0.8408223278057445,0.5910789354200767,0.010044574919366509,0.825213400421714,0.6180355278478216,0.008911397518793445,0.00890114383361922,0.2290430498248491,0.2462449580112805,-0.07510338427464092,142.36332202095844,155.6498211612501,-0.20821596021767708,-0.14401959550032362
CVX,4,HAL|CNQ|DVN|FANG,0.8296957597500729,0.4114812375047944,0.012016069989282209,0.760126412813396,0.3753953899428102,0.011390994367074503,0.011382480808905106,0.2290430498248491,0.27680936940551815,-0.20854734346751092,142.36332202095844,164.61321863634336,-0.20821596021767708,-0.20336262104261715
CVX,4,HAL|CNQ|DVN|SU,0.8428130189599757,0.4451890679284247,0.0116671940580756,0.7661618991389154,0.39107910967063453,0.011245889614158481,0.01123866616193509,0.2290430498248491,0.27650081072046645,-0.20720017888300313,142.36332202095844,165.4612426658965,-0.20821596021767708,-0.2083171243264459
CVX,4,HAL|CNQ|DVN|CVE,0.8346008173813325,0.4184142593457263,0.011942100079154812,0.7606990522275869,0.35428429816760987,0.011582010286479679,0.011573241287521298,0.2290430498248491,0.28240115896255025,-0.23296104893165048,142.36332202095844,164.90170651253365,-0.20821596021767708,-0.20581284303184078
CVX,4,HAL|CNQ|DVN|KMI,0.8245259606881413,0.5787809375841129,0.010194420055718786,0.7784907227000148,0.5490070301854691,0.009687150411535185,0.009672065303342227,0.2290430498248491,0.23290539193938997,-0.016862952695986255,142.36332202095844,151.06280554070256,-0.20821596021767708,-0.1740591668699769
CVX,4,HAL|CNQ|DVN|PSX,0.8552112846884387,0.532201412010296,0.010720584001107786,0.796245096940611,0.5021973949871312,0.01015277163087905,0.010161619213655196,0.2290430498248491,0.26468816833623204,-0.15562628308800908,142.36332202095844,174.9762396156399,-0.20821596021767708,-0.16876122623880652
CVX,4,HAL|CNQ|DVN|WMB,0.820266144865311,0.5485837197897219,0.010549968597312897,0.7623914912519646,0.4982476122511774,0.010215597280632033,0.010201852920275017,0.2290430498248491,0.24042255803389098,-0.04968283568413834,142.36332202095844,155.08320999742878,-0.20821596021767708,-0.17824826320980391
CVX,4,HAL|CNQ|DVN|TRGP,0.82847233772027,0.46151277976336325,0.011515754694908772,0.7636536225667577,0.41815062741017994,0.010989789181918218,0.010986000621747408,0.2290430498248491,0.2674733227876791,-0.1677862436437949,142.36332202095844,167.85964586965173,-0.20821596021767708,-0.1854944919235596
CVX,4,HAL|CNQ|DVN|OKE,0.8332883791508867,0.5100808323761272,0.010974859304167065,0.7751230862902678,0.46409665898554486,0.010557025683978566,0.010543324331229375,0.2290430498248491,0.2620593888785556,-0.14414905441991954,142.36332202095844,156.23095316324665,-0.20821596021767708,-0.1855211326723648
CVX,4,HAL|CNQ|DVN|MPC,0.8459352009007974,0.5114289282899422,0.010957052229348393,0.7726813978401208,0.43163089359566786,0.01085120481742133,0.010857993217556315,0.2290430498248491,0.26935103509187597,-0.17598431953229166,142.36332202095844,175.64034225085757,-0.20821596021767708,-0.16114597889406612
CVX,4,HAL|CNQ|DVN|SLB,0.8346008801045652,0.4184138401797526,0.011942104248057318,0.7606989678609878,0.354283941419657,0.01158201349670504,0.011573244484539395,0.2290430498248491,0.2824011951337221,-0.23296120685467803,142.36332202095844,164.90170241461888,-0.20821596021767708,-0.20581289219697052
CVX,4,HAL|CNQ|FANG|SU,0.8239434630537108,0.40209144578109235,0.012118679642014745,0.7522924524001476,0.3831047941148673,0.011319735241004953,0.011312016545824493,0.2290430498248491,0.26987518597988663,-0.17827275783422447,142.36332202095844,165.1930720876606,-0.20821596021767708,-0.2041436413267631
CVX,4,HAL|CNQ|FANG|CVE,0.8173164682104284,0.3793501188806486,0.01234458590192486,0.7476764479758591,0.35330125936405443,0.011590982747187869,0.011582047499340565,0.2290430498248491,0.2747986237099554,-0.19976844492812984,142.36332202095844,164.7599863050962,-0.20821596021767708,-0.2022519893104321
CVX,4,HAL|CNQ|FANG|KMI,0.8058933309471249,0.5387130116787431,0.01067128651928149,0.7703424750980081,0.5477286723586199,0.009701407262503847,0.009685763533453583,0.2290430498248491,0.22531362996478133,0.01628261526782715,142.36332202095844,149.99276609009962,-0.20821596021767708,-0.16860377417327632
CVX,4,HAL|CNQ|FANG|PSX,0.844936860509869,0.5184450205293523,0.01088090812331746,0.7875391160150553,0.5011422849100213,0.010163620171611088,0.010172382467524268,0.2290430498248491,0.2585324438489713,-0.12875044253328327,142.36332202095844,174.95163610812568,-0.20821596021767708,-0.16176376658054903
CVX,4,HAL|CNQ|FANG|WMB,0.7979140904562246,0.5034968435604581,0.011069224425493535,0.7503927469891659,0.4960979536759079,0.010238396668092196,0.010223683470673798,0.2290430498248491,0.23099237926816765,-0.00851075570644566,142.36332202095844,153.70330716593608,-0.20821596021767708,-0.1713206518705086
CVX,4,HAL|CNQ|FANG|TRGP,0.8111755476421642,0.42037924086421685,0.011955107489309108,0.7555796521873039,0.4279830014455458,0.010896340756157025,0.010892781735163408,0.2290430498248491,0.2591367374870722,-0.1313887833978633,142.36332202095844,167.79468602971093,-0.20821596021767708,-0.176366138244186
CVX,4,HAL|CNQ|FANG|OKE,0.8174971317856445,0.4724689611755788,0.011394038971119937,0.7680013810766516,0.469215484753034,0.01050699055702556,0.010492849804159755,0.2290430498248491,0.25529045204258205,-0.1145959339862288,142.36332202095844,155.45602320952938,-0.20821596021767708,-0.1809743187448749
CVX,4,HAL|CNQ|FANG|MPC,0.8349558969730637,0.4904374163303389,0.011194165491921359,0.7630191035746102,0.42714447372940845,0.010894326881371303,0.010900762751887888,0.2290430498248491,0.2641553690929323,-0.15330008614072255,142.36332202095844,175.51975468223264,-0.20821596021767708,-0.15895434095721217
CVX,4,HAL|CNQ|FANG|SLB,0.8173164712087017,0.37935010713246164,0.0123445860147539,0.7476764458166364,0.3533012485527883,0.011590982844543343,0.011582047596152719,0.2290430498248491,0.2747986251437301,-0.19976845118797804,142.36332202095844,164.75998603462648,-0.20821596021767708,-0.2022519903912834
CVX,4,HAL|CNQ|SU|CVE,0.7977186946813374,0.36790705758019393,0.012460361426666499,0.7109095267482455,0.22672422890753374,0.012672358387889295,0.012664893305177338,0.2290430498248491,0.283331465405205,-0.23702275891746383,142.36332202095844,169.29824378427818,-0.20821596021767708,-0.21645574261901268
CVX,4,HAL|CNQ|SU|KMI,0.801266572179062,0.5752993370904759,0.010243717717291536,0.7439179687853339,0.5178762146124953,0.010015872228461292,0.010000313455043612,0.2290430498248491,0.21342218224696288,0.06820057447642103,142.36332202095844,151.43982034430368,-0.20821596021767708,-0.17831377324594966
CVX,4,HAL|CNQ|SU|PSX,0.8366442932136084,0.5259213328329475,0.0107992221195598,0.7676338401949193,0.44558674039491564,0.010710280133340674,0.010723860066962578,0.2290430498248491,0.2616076726491376,-0.1421768652189661,142.36332202095844,179.7537494422425,-0.20821596021767708,-0.16366304836894385
CVX,4,HAL|CNQ|SU|WMB,0.7926983363214366,0.5474103353639242,0.010574317478611981,0.7119750189698538,0.4455075449846849,0.010738636212030559,0.010724625966907925,0.2290430498248491,0.21957315347079553,0.04134548662923965,142.36332202095844,156.3802673960376,-0.20821596021767708,-0.18350324411206098
CVX,4,HAL|CNQ|SU|TRGP,0.7955799104536893,0.42785974433347207,0.011882832863587166,0.7279199840525673,0.3579127221707321,0.01154096762414331,0.011540679136539209,0.2290430498248491,0.2610721521796693,-0.13983878742146105,142.36332202095844,172.33959586808737,-0.20821596021767708,-0.18158154686404016
CVX,4,HAL|CNQ|SU|OKE,0.813932273683211,0.5166968464533788,0.01091286542557266,0.752056641204185,0.4522523640385153,0.010672901358474096,0.010659199484641824,0.2290430498248491,0.24916904273257812,-0.08786991320242854,142.36332202095844,156.59460694535386,-0.20821596021767708,-0.18829908716169286
CVX,4,HAL|CNQ|SU|MPC,0.825759644146215,0.4995423797469839,0.011097135166370103,0.7375170636223684,0.35036658417944133,0.011597126071110549,0.01160829702785202,0.2290430498248491,0.26875619029510434,-0.17338723222828278,142.36332202095844,180.91256343091723,-0.20821596021767708,-0.164061261949351
CVX,4,HAL|CNQ|SU|SLB,0.7977186948367344,0.3679070566740935,0.012460361435351624,0.7109095263880207,0.2267242271722869,0.012672358402158503,0.012664893319387478,0.2290430498248491,0.28333146558935834,-0.2370227597214758,142.36332202095844,169.29824376886415,-0.20821596021767708,-0.21645574269668166
CVX,4,HAL|CNQ|CVE|KMI,0.7913120262105479,0.5432759420497933,0.010620873599439156,0.74297412834024,0.49689212204793876,0.01023082171020124,0.010215623841098238,0.2290430498248491,0.22379133534895332,0.02292894056340855,142.36332202095844,152.88345571934826,-0.20821596021767708,-0.17511831562441071
CVX,4,HAL|CNQ|CVE|PSX,0.8366442941537866,0.5259214275509758,0.010799221064301803,0.7676338781775686,0.4455868789479991,0.01071027877533329,0.010723858726965792,0.2290430498248491,0.2616076564536837,-0.14217679450975274,142.36332202095844,179.75375673259524,-0.20821596021767708,-0.16366301145794504
CVX,4,HAL|CNQ|CVE|WMB,0.7796415725971608,0.5079116965587351,0.011022879727352334,0.7160847186750356,0.4261853002069377,0.010924634819469883,0.01090988490354188,0.2290430498248491,0.23121210775010645,-0.009470088382581565,142.36332202095844,155.9327868343471,-0.20821596021767708,-0.18003127949463282
CVX,4,HAL|CNQ|CVE|TRGP,0.7955799120810297,0.4278597480381071,0.011882832823790122,0.7279199849557626,0.35791272118211104,0.01154096763333133,0.011540679145423794,0.2290430498248491,0.26107215303533793,-0.1398387911573029,142.36332202095844,172.33959565040266,-0.20821596021767708,-0.18158154956834482
CVX,4,HAL|CNQ|CVE|OKE,0.8058499978297572,0.49194973335138426,0.011185824404039682,0.7476460641179625,0.4241848681541578,0.010943468734840086,0.010928885371309,0.2290430498248491,0.2551650538870522,-0.11404844670981618,142.36332202095844,156.2321427955707,-0.20821596021767708,-0.1861569652387337
CVX,4,HAL|CNQ|CVE|MPC,0.825759641709893,0.4995422368568846,0.011097136708181883,0.7375170400703978,0.35036645809296185,0.011597127236476127,0.011608298154371375,0.2290430498248491,0.2687562098875179,-0.17338731776859317,142.36332202095844,180.91254071631093,-0.20821596021767708,-0.1640613332457328
CVX,4,HAL|CNQ|CVE|SLB,0.7977186949182543,0.36790705619876096,0.01246036143990777,0.7109095261990502,0.22672422626199173,0.012672358409644004,0.012664893326841994,0.2290430498248491,0.28333146568596357,-0.23702276014325352,142.36332202095844,169.29824376077823,-0.20821596021767708,-0.21645574273742596
CVX,4,HAL|CNQ|KMI|PSX,0.8312573722975057,0.61981416758441,0.009688456430660485,0.7862513961902143,0.578054462825889,0.009358234337991293,0.009355403705982757,0.2290430498248491,0.22524435459807357,0.01658507092741046,142.36332202095844,164.1356884679908,-0.20821596021767708,-0.14772480359090145
CVX,4,HAL|CNQ|KMI|WMB,0.788559320084751,0.5413099741397331,0.010644038376494781,0.7413910031145453,0.49448802832220007,0.01025627693299519,0.010240002358171664,0.2290430498248491,0.22350458106799484,0.02418090730580813,142.36332202095844,150.99328367711783,-0.20821596021767708,-0.17482519169078892
CVX,4,HAL|CNQ|KMI|TRGP,0.7885594087930321,0.5413099468332443,0.01064403866516283,0.741391001033695,0.49448782082279996,0.010256279021332962,0.010240004459797586,0.2290430498248491,0.22350467960674938,0.024180477086447105,142.36332202095844,150.99331919477513,-0.20821596021767708,-0.1748252778141387
CVX,4,HAL|CNQ|KMI|OKE,0.7885593806817033,0.5413099545332551,0.010644038584823044,0.7413909969666743,0.4944878809616391,0.010256278417300814,0.0102400038506906,0.2290430498248491,0.22350464665402447,0.024180620957762633,142.36332202095844,150.99330642149744,-0.20821596021767708,-0.1748252483901067
CVX,4,HAL|CNQ|KMI|MPC,0.8193886364693919,0.599076095912911,0.009950281303468693,0.7605861781170865,0.5222136038768774,0.009960471961805882,0.009955228302257133,0.2290430498248491,0.22795197674235465,0.0047636157627520825,142.36332202095844,163.70399461952238,-0.20821596021767708,-0.14343315845796445
CVX,4,HAL|CNQ|KMI|SLB,0.7842968459859655,0.5602594137767485,0.010423675029900733,0.7345365876864576,0.50995011262067,0.010099180061586617,0.010082180793851207,0.2290430498248491,0.20756598317016595,0.09376868964636487,142.36332202095844,148.60372835424084,-0.20821596021767708,-0.16583400966270978
CVX,4,HAL|CNQ|PSX|WMB,0.8277855602816864,0.6053884430293583,0.009869548879779338,0.7729476433192302,0.5440576820469838,0.009723335609656446,0.009724992733315967,0.2290430498248491,0.22906458896249685,-9.403969107202315e-05,142.36332202095844,168.68122359555983,-0.20821596021767708,-0.1462733602930354
CVX,4,HAL|CNQ|PSX|TRGP,0.832835774215572,0.5473345342290366,0.010568799430412055,0.7766964069929297,0.503194847670555,0.01013352107412586,0.010151433633452523,0.2290430498248491,0.24905892703669474,-0.08738914901435302,142.36332202095844,180.61192398799963,-0.20821596021767708,-0.14592090774337718
CVX,4,HAL|CNQ|PSX|OKE,0.8380177551531748,0.576106487362583,0.010218558481837135,0.7854137591573729,0.5277861066296565,0.009895114070711324,0.009897003284852334,0.2290430498248491,0.2475332141362726,-0.08072789951741854,142.36332202095844,169.339191118798,-0.20821596021767708,-0.15384747334785753
CVX,4,HAL|CNQ|PSX|MPC,0.83664427030901,0.5259216078815598,0.010799219047799229,0.7676339380814339,0.4455871088418695,0.010710276547029168,0.01072385650357898,0.2290430498248491,0.26160762818853694,-0.14217667110436327,142.36332202095844,179.75375295728924,-0.20821596021767708,-0.16366303055908538
CVX,4,HAL|CNQ|PSX|SLB,0.8366442934961097,0.5259213067081885,0.010799222410774021,0.7676338299809967,0.4455867028961129,0.01071028050035185,0.01072386042962698,0.2290430498248491,0.26160767706180726,-0.14217688448464405,142.36332202095844,179.75374780461894,-0.20821596021767708,-0.1636630566604984
CVX,4,HAL|CNQ|WMB|TRGP,0.7839158874793943,0.5028998839431663,0.011079359439543371,0.7225573519329964,0.43088054931536945,0.010877381412358125,0.010865158056261705,0.2290430498248491,0.23437666103373223,-0.0232865010004093,142.36332202095844,159.0987693401546,-0.20821596021767708,-0.17774783266500027
CVX,4,HAL|CNQ|WMB|OKE,0.7996308150087663,0.5125456936064141,0.010963285540093211,0.7430921378420559,0.4480199014494547,0.010714885496535815,0.010700302215707976,0.2290430498248491,0.2439507651687014,-0.06508695791141594,142.36332202095844,155.4914909244135,-0.20821596021767708,-0.1824152533781881
CVX,4,HAL|CNQ|WMB|MPC,0.8144902947252524,0.5782508580645962,0.010204144231613066,0.7418222941937864,0.4695025396229492,0.01049081270667532,0.01049001208857635,0.2290430498248491,0.23427408756320556,-0.02283866610384666,142.36332202095844,168.9407573719316,-0.20821596021767708,-0.14234058033079888
CVX,4,HAL|CNQ|WMB|SLB,0.7797519055514026,0.5150883919658864,0.010943166710845163,0.7161143331876086,0.4347398040374787,0.010843086051377286,0.010828256541313912,0.2290430498248491,0.22782106694745757,0.005335166809584457,142.36332202095844,155.5506247875746,-0.20821596021767708,-0.17846720007459593
CVX,4,HAL|CNQ|TRGP|OKE,0.8055262995446881,0.49070904459666687,0.011200743006934853,0.7477021848054968,0.4253865327089239,0.010931452749465472,0.010917475708449234,0.2290430498248491,0.2548086855407311,-0.11249254555239796,142.36332202095844,157.03331713498608,-0.20821596021767708,-0.18526056047636286
CVX,4,HAL|CNQ|TRGP|MPC,0.8240129448860996,0.5191928655761799,0.010889245527902583,0.7476370461027976,0.41153112383212076,0.011034893253908483,0.011048315895289589,0.2290430498248491,0.25812340415922025,-0.12696457874014988,142.36332202095844,180.6616096341802,-0.20821596021767708,-0.1500178420309688
CVX,4,HAL|CNQ|TRGP|SLB,0.7976347532294594,0.4670402501696468,0.011473550042306073,0.7278917955241082,0.40037029219486353,0.0111518983378033,0.011152594315855807,0.2290430498248491,0.2484149294878516,-0.08457746121445875,142.36332202095844,172.00443757851926,-0.20821596021767708,-0.1732879523804497
CVX,4,HAL|CNQ|OKE|MPC,0.8285489660046381,0.5556581107086147,0.010463086737808708,0.7599454476693744,0.4576098120805946,0.01060747774317247,0.010606943274315939,0.2290430498248491,0.2527426591684505,-0.10347229205044495,142.36332202095844,169.48246945479562,-0.20821596021767708,-0.1518914786886295
CVX,4,HAL|CNQ|OKE|SLB,0.8071254019000287,0.5024380419552568,0.011071230303516135,0.7489694379291045,0.43633700405592424,0.010827509987058481,0.010812947550799801,0.2290430498248491,0.2522345850300108,-0.1012540446998782,142.36332202095844,155.88771690007914,-0.20821596021767708,-0.1848207571273901
CVX,4,HAL|CNQ|MPC|SLB,0.8257596465926585,0.4995422171740429,0.01109713692714325,0.7375170231843069,0.35036639808828085,0.011597127765479236,0.011608298690483018,0.2290430498248491,0.2687562149614504,-0.17338733992133903,142.36332202095844,180.91254716333358,-0.20821596021767708,-0.1640613125317143
CVX,4,HAL|DVN|FANG|SU,0.8450161740590463,0.44720353725246564,0.011654919490034958,0.7645417488930533,0.42745101683661524,0.010903522071169434,0.010897845785323502,0.2290430498248491,0.2654639944987931,-0.15901353348986302,142.36332202095844,165.94156190756314,-0.20821596021767708,-0.20996643656243386
CVX,4,HAL|DVN|FANG|CVE,0.8320033393572541,0.2733940122176909,0.013336990190623517,0.7437772342858746,0.2677913957479938,0.01232210729347671,0.012324001658556816,0.2290430498248491,0.2921069201318565,-0.27533631933050495,142.36332202095844,176.34359568783927,-0.20821596021767708,-0.20903864503124647
CVX,4,HAL|DVN|FANG|KMI,0.8024920582806523,0.47409031288234316,0.011391151622243412,0.7417752474129032,0.4821628434205616,0.010382577065885936,0.010364084346079284,0.2290430498248491,0.22964662111866568,-0.0026351871156018447,142.36332202095844,144.92019411105912,-0.20821596021767708,-0.16137523957324618
CVX,4,HAL|DVN|FANG|PSX,0.8554026806980223,0.4167605094510226,0.011960338982413308,0.7799465100152533,0.4191798782084163,0.01097201321748169,0.010976279587964896,0.2290430498248491,0.27758092420503966,-0.2119159451348025,142.36332202095844,174.18787274956236,-0.20821596021767708,-0.1587034541314063
CVX,4,HAL|DVN|FANG|WMB,0.7918482319779845,0.439121009750325,0.011763079051551835,0.7185204302864394,0.4263891188241481,0.010926538389317125,0.010907947139356411,0.2290430498248491,0.23319681273571985,-0.018135293404655473,142.36332202095844,148.56517592046097,-0.20821596021767708,-0.162327624258361
CVX,4,HAL|DVN|FANG|TRGP,0.8028494113006984,0.3011614605409808,0.013128100411982632,0.7285517717227827,0.33801869547009866,0.011725316759665507,0.011718099903291326,0.2290430498248491,0.26702217394655176,-0.1658165316552742,142.36332202095844,166.82635077863304,-0.20821596021767708,-0.1648930975651307
CVX,4,HAL|DVN|FANG|OKE,0.8215930375787166,0.37717124626616727,0.012369335350132103,0.7506653971732302,0.39619220062341653,0.01120969193921333,0.011191381314353491,0.2290430498248491,0.26556392008639595,-0.1594498077521873,142.36332202095844,150.69195824499536,-0.20821596021767708,-0.17599173377299449
CVX,4,HAL|DVN|FANG|MPC,0.8440990065405188,0.4000251023755609,0.012133866005359505,0.7527863980834975,0.34806728937241926,0.011625990224980806,0.011628821927641324,0.2290430498248491,0.2788598979241541,-0.21749993347276986,142.36332202095844,175.0263876369347,-0.20821596021767708,-0.15094746998074537
CVX,4,HAL|DVN|FANG|SLB,0.8365054057133079,0.23877516080904493,0.0136453702790309,0.7351061301428828,0.22605357920724412,0.012685417196114709,0.012670384144539519,0.2290430498248491,0.2965889288693984,-0.29490473121189287,142.36332202095844,161.0930983027,-0.20821596021767708,-0.2054632262488889
CVX,4,HAL|DVN|SU|CVE,0.8491059479720349,0.4503624740035229,0.011619391146950873,0.7636304144325101,0.4040767743166632,0.011124082034464895,0.011118072203397222,0.2290430498248491,0.27141623234596157,-0.1850009531112844,142.36332202095844,166.2560501546805,-0.20821596021767708,-0.2131592859277105
CVX,4,HAL|DVN|SU|KMI,0.834831046903497,0.6054934597700123,0.009870606194766882,0.7795653093964534,0.5711360690342746,0.009446008150993768,0.009431789403189096,0.2290430498248491,0.2222122293693579,0.029823303788151567,142.36332202095844,151.7304659884496,-0.20821596021767708,-0.17857056576485564
CVX,4,HAL|DVN|SU|PSX,0.8628631742180434,0.5326201344131261,0.010720603916788004,0.794980873840128,0.5142993794363024,0.010027270963431483,0.01003734064216356,0.2290430498248491,0.25974953840661874,-0.13406426698060092,142.36332202095844,175.4069270597511,-0.20821596021767708,-0.16814829838208023
CVX,4,HAL|DVN|SU|WMB,0.8298697270836927,0.5788422024450823,0.010196674128044102,0.7604664965370315,0.5203513202377343,0.009987396054638453,0.009974610842864882,0.2290430498248491,0.22908237585011937,-0.0001716970905702997,142.36332202095844,155.6884280488346,-0.20821596021767708,-0.18211387632057208
CVX,4,HAL|DVN|SU|TRGP,0.8396508570361771,0.48281774248080533,0.01129152505964204,0.7643740977353941,0.44809738754493955,0.010701007882996365,0.010699551143575823,0.2290430498248491,0.25902279400381895,-0.13089130712281194,142.36332202095844,169.00346670569994,-0.20821596021767708,-0.19106145612211323
CVX,4,HAL|DVN|SU|OKE,0.8436224060858007,0.5345460834810718,0.010705987231745023,0.7770474168618156,0.4990907792885718,0.01020552100328045,0.010193277492342823,0.2290430498248491,0.25188045178608476,-0.09970790198043367,142.36332202095844,157.06028486974765,-0.20821596021767708,-0.19056591815713508
CVX,4,HAL|DVN|SU|MPC,0.8543013913605992,0.5094177681671974,0.010983606927185063,0.7714932136344906,0.4446875425879897,0.010725102500751812,0.010732553009035315,0.2290430498248491,0.264744956118616,-0.15587421806105173,142.36332202095844,175.7279062687687,-0.20821596021767708,-0.168180930242549
CVX,4,HAL|DVN|SU|SLB,0.8491059452836509,0.4503623247380093,0.011619392691527805,0.7636303899424068,0.40407662407755374,0.011124083444182526,0.011118073604894169,0.2290430498248491,0.27141625751760273,-0.18500106301045482,142.36332202095844,166.256046555333,-0.20821596021767708,-0.21315928697970832
CVX,4,HAL|DVN|CVE|KMI,0.8232546542985569,0.538620324287127,0.01066654982103446,0.7629725097891513,0.5055829107272679,0.010136858690033838,0.010127006082812567,0.2290430498248491,0.2377818981573009,-0.03815373720850501,142.36332202095844,159.65190474838815,-0.20821596021767708,-0.17530232363848597
CVX,4,HAL|DVN|CVE|PSX,0.8546561232669896,0.44213210389940916,0.011698779834144125,0.7834365762730281,0.4320175729839868,0.010832988806849438,0.01085429907190789,0.2290430498248491,0.27593612263536077,-0.20473475552465414,142.36332202095844,184.89821466188369,-0.20821596021767708,-0.16259633629436343
CVX,4,HAL|DVN|CVE|WMB,0.8200358539614003,0.5070813248533411,0.01102078722231258,0.7451341673734229,0.4477577464385275,0.010711043329040172,0.0107028428914187,0.2290430498248491,0.2453527755479171,-0.07120812325691683,142.36332202095844,162.9989099793325,-0.20821596021767708,-0.17825765056150678
CVX,4,HAL|DVN|CVE|TRGP,0.8283778851608635,0.3653558329427282,0.012496820829739998,0.7494048779468357,0.3442089307812619,0.011658424333115364,0.011663182816222608,0.2290430498248491,0.27772696466904756,-0.21255355655378927,142.36332202095844,176.56709213476503,-0.20821596021767708,-0.1849062170430047
CVX,4,HAL|DVN|CVE|OKE,0.8328194410547793,0.42653511290575963,0.011865203088650763,0.7627494713863595,0.3996687939328847,0.011166558154477617,0.011159116039685522,0.2290430498248491,0.272081220370847,-0.18790428515036584,142.36332202095844,165.02725091360654,-0.20821596021767708,-0.18736101200925515
CVX,4,HAL|DVN|CVE|MPC,0.8458514152028698,0.4140457011751022,0.01198995623383036,0.7582208812563294,0.3486255615235144,0.011608737429705715,0.01162384178340094,0.2290430498248491,0.28164259470898556,-0.22964916387709522,142.36332202095844,183.5553508274891,-0.20821596021767708,-0.16041199602486533
CVX,4,HAL|DVN|CVE|SLB,0.8380833107862806,0.27795378240385193,0.013290385182949746,0.7458864356362515,0.23989112754419673,0.012554963178410825,0.01255660506983151,0.2290430498248491,0.2990885027810015,-0.30581784956896385,142.36332202095844,176.83071946120376,-0.20821596021767708,-0.21261479662681415
CVX,4,HAL|DVN|KMI|PSX,0.8504840097122903,0.571847211172902,0.01027067958562903,0.7941285238033617,0.5646701508443936,0.009509815686166035,0.009502624258739602,0.2290430498248491,0.24031167505269282,-0.049198721534929435,142.36332202095844,160.63065921321,-0.20821596021767708,-0.1412006460211106
CVX,4,HAL|DVN|KMI|WMB,0.8261949263966425,0.5185442766685247,0.010893159492775391,0.7543721683771539,0.4802287422920388,0.010401733587323866,0.010383421028329596,0.2290430498248491,0.2410398123770596,-0.05237776287638729,142.36332202095844,146.07361185566236,-0.20821596021767708,-0.16933597112445364
CVX,4,HAL|DVN|KMI|TRGP,0.8261949386574386,0.5185442691585138,0.010893159571199532,0.7543721810098288,0.48022874492445755,0.010401733560556198,0.010383421002035806,0.2290430498248491,0.24103982156695533,-0.05237780299939354,142.36332202095844,146.07361379031062,-0.20821596021767708,-0.1693359686075926
CVX,4,HAL|DVN|KMI|OKE,0.826194944933138,0.5185446261936129,0.010893155609624564,0.7543723711868554,0.48022940406147996,0.010401726972096756,0.010383414418274868,0.2290430498248491,0.2410397223739562,-0.05237736992360631,142.36332202095844,146.07357996974977,-0.20821596021767708,-0.16933575801095047
CVX,4,HAL|DVN|KMI|MPC,0.8390273780795707,0.5590242463058508,0.010426472291983811,0.769903406962928,0.5122857516323086,0.010067470172430584,0.010058125630250957,0.2290430498248491,0.2409679154249827,-0.05206386139746488,142.36332202095844,160.00122527435343,-0.20821596021767708,-0.13718784828167696
CVX,4,HAL|DVN|KMI|SLB,0.8326859082250468,0.5724188432342614,0.010272171496365251,0.7514950251197255,0.5053878310426625,0.010147186821022168,0.010129003766914628,0.2290430498248491,0.22792326864355494,0.004888955077006152,142.36332202095844,144.00260134114043,-0.20821596021767708,-0.16093959319311502
CVX,4,HAL|DVN|PSX|WMB,0.846608461751689,0.5626814304678517,0.010380301739661098,0.7842263967876629,0.541290742042548,0.009758786975538959,0.009754456735090197,0.2290430498248491,0.24128319182374555,-0.05344035546268078,142.36332202095844,163.95767574906398,-0.20821596021767708,-0.1387481419507136
CVX,4,HAL|DVN|PSX|TRGP,0.8469921713728196,0.4705686094345384,0.011419740594170448,0.7825347313163259,0.4773434100296139,0.010402217561023299,0.010412201147086554,0.2290430498248491,0.262493396777762,-0.1460439292023601,142.36332202095844,176.47641254174613,-0.20821596021767708,-0.13982290403466568
CVX,4,HAL|DVN|PSX|OKE,0.8537878834278804,0.48973053143509704,0.011195822749758848,0.7905435510830199,0.49396778110810635,0.010248543680950739,0.010245270248001603,0.2290430498248491,0.2634900587690972,-0.1503953469471786,142.36332202095844,166.22601884335276,-0.20821596021767708,-0.1476287593429365
CVX,4,HAL|DVN|PSX|MPC,0.8553992826549089,0.4167189000296718,0.011960765770207727,0.7799353433435301,0.41910135956063266,0.010972756273705966,0.010977021481602314,0.2290430498248491,0.2775945132977779,-0.211975274997676,142.36332202095844,174.1891896244154,-0.20821596021767708,-0.15872418227650786
CVX,4,HAL|DVN|PSX|SLB,0.8553992608977342,0.4167188518737316,0.011960766257023296,0.7799352818107865,0.41910120703743936,0.010972757712685499,0.010977022922688713,0.2290430498248491,0.2775945139713436,-0.21197527793845805,142.36332202095844,174.1891953667226,-0.20821596021767708,-0.15872416132287048
CVX,4,HAL|DVN|WMB|TRGP,0.8202405501459487,0.48829098475737287,0.01122802366088242,0.7365720894260251,0.42696575185761376,0.010920364556577224,0.010902463052142578,0.2290430498248491,0.24650991299895925,-0.07626017548870045,142.36332202095844,150.32444687603845,-0.20821596021767708,-0.17760995735486618
CVX,4,HAL|DVN|WMB|OKE,0.8224367646690357,0.4881638455612799,0.011227494091869721,0.7402775730496879,0.43096212943604506,0.010882389127317768,0.010864379298242586,0.2290430498248491,0.24786109867298667,-0.08215944060528302,142.36332202095844,149.88940268436235,-0.20821596021767708,-0.176941070912066
CVX,4,HAL|DVN|WMB|MPC,0.8341723043391583,0.5415846563537906,0.010629973676615579,0.7555153254980692,0.47246900961632377,0.010467067590281412,0.010460641608212487,0.2290430498248491,0.24441102512816532,-0.06709644896480471,142.36332202095844,164.02697984209468,-0.20821596021767708,-0.1354458105153038
CVX,4,HAL|DVN|WMB|SLB,0.822711801226229,0.5115421645668232,0.010972376080496367,0.7357318888512118,0.44032431827026364,0.010792703295641632,0.01077463464207297,0.2290430498248491,0.2412461010983961,-0.053278417672480094,142.36332202095844,149.30265829402646,-0.20821596021767708,-0.16904540217632436
CVX,4,HAL|DVN|TRGP|OKE,0.8319757094797895,0.396855337848638,0.012173822369823565,0.7533161382046669,0.37332304058448307,0.011417853702504728,0.011401347899387975,0.2290430498248491,0.27335126744050775,-0.19344929981303283,142.36332202095844,154.90941140120222,-0.20821596021767708,-0.17769646407297557
CVX,4,HAL|DVN|TRGP|MPC,0.8402288097806115,0.43579526109006905,0.011783763983403459,0.7565228061745002,0.38555820124325657,0.011283672761465758,0.011289500054902066,0.2290430498248491,0.27150517943720315,-0.18538929535222803,142.36332202095844,176.23763834769082,-0.20821596021767708,-0.14353270259406692
CVX,4,HAL|DVN|TRGP|SLB,0.8286280560603723,0.39306826513128235,0.012232197813013867,0.7371225008856704,0.35154641214958204,0.01160490229890792,0.011597751066681705,0.2290430498248491,0.2687406317846612,-0.173319303904524,142.36332202095844,166.5468242054841,-0.20821596021767708,-0.16860310948283763
CVX,4,HAL|DVN|OKE|MPC,0.8445292491297193,0.4740465732077629,0.011368498125744003,0.7661475057751047,0.42437443981394085,0.010932533121375557,0.010927086202292251,0.2290430498248491,0.2674149203884842,-0.16753125926754087,142.36332202095844,166.23146218011655,-0.20821596021767708,-0.14489962874882545
CVX,4,HAL|DVN|OKE|SLB,0.835155336127252,0.40077294992277956,0.012125334718471562,0.7549118229556018,0.37014095420428916,0.01144872824621708,0.011430257639022886,0.2290430498248491,0.27521424280926754,-0.20158303436723313,142.36332202095844,151.38955799008806,-0.20821596021767708,-0.18128607838721877
CVX,4,HAL|DVN|MPC|SLB,0.8454459321856009,0.3941913949809641,0.012191452841019074,0.7522690526815823,0.3279286846320637,0.011804367074493843,0.011807066626383768,0.2290430498248491,0.283395276727088,-0.2373013586039936,142.36332202095844,175.44761021110676,-0.20821596021767708,-0.15201930725995505
CVX,4,HAL|FANG|SU|CVE,0.8320561741316749,0.4136842649587553,0.012007649677238906,0.7496918829197478,0.4019001353488859,0.011144577246043775,0.011138358349730737,0.2290430498248491,0.2629421827804259,-0.14800332505832303,142.36332202095844,166.12067586927571,-0.20821596021767708,-0.20885285078176152
CVX,4,HAL|FANG|SU|KMI,0.8152737055365373,0.5642041349197033,0.010375739425124325,0.7713153439670017,0.5673107314778091,0.009488667442211579,0.009473760384263862,0.2290430498248491,0.21459027088160004,0.06310070947056112,142.36332202095844,150.62674651508746,-0.20821596021767708,-0.17282088639342852
CVX,4,HAL|FANG|SU|PSX,0.8529016276997313,0.5207452192014005,0.010859865517313211,0.7850441246052574,0.5132219622192201,0.010038530019681675,0.01004846726263526,0.2290430498248491,0.2523698228923589,-0.10184449205224921,142.36332202095844,175.3542200528737,-0.20821596021767708,-0.16794787614600926
CVX,4,HAL|FANG|SU|WMB,0.8063622548579593,0.5314404501116479,0.010757837643398998,0.7478111400053227,0.5135641849201795,0.010058864800897557,0.010044934422248523,0.2290430498248491,0.22000460339903632,0.03946177992619526,142.36332202095844,154.3016377657231,-0.20821596021767708,-0.17495144794920425
CVX,4,HAL|FANG|SU|TRGP,0.8201681397525196,0.438257427563149,0.011773902292018705,0.755359753389258,0.45321986675951587,0.010651210039016095,0.010649781495584145,0.2290430498248491,0.2508602244550637,-0.0952535981637439,142.36332202095844,168.8860421259372,-0.20821596021767708,-0.18084812143973739
CVX,4,HAL|FANG|SU|OKE,0.8271499540052919,0.49640236740356103,0.011140404162603562,0.7698042392671152,0.5026774657143142,0.010169520845291402,0.010156718202113705,0.2290430498248491,0.24479498478535197,-0.06877281354989151,142.36332202095844,156.22984720947727,-0.20821596021767708,-0.1857112344089813
CVX,4,HAL|FANG|SU|MPC,0.8427593275522081,0.4884793479611873,0.011219827847217072,0.7600632124498896,0.4389006338865926,0.010781274327417444,0.010788330016757336,0.2290430498248491,0.258568401275341,-0.12890743234981428,142.36332202095844,175.62017869858406,-0.20821596021767708,-0.16571951026735188
CVX,4,HAL|FANG|SU|SLB,0.8320561765874944,0.4136843380568479,0.012007648925250993,0.749691854446314,0.40190007785307025,0.011144577774988234,0.011138358885100348,0.2290430498248491,0.26294218026690774,-0.1480033140843242,142.36332202095844,166.12068331293463,-0.20821596021767708,-0.20885287855106605
CVX,4,HAL|FANG|CVE|KMI,0.8070294904313486,0.5021913968592631,0.01108306400014949,0.7560784172301389,0.5072258728471357,0.010121353624030171,0.010110165915742039,0.2290430498248491,0.23100204720219317,-0.008552965823857672,142.36332202095844,158.09508135886583,-0.20821596021767708,-0.16908730022026852
CVX,4,HAL|FANG|CVE|PSX,0.8446751383309911,0.4262533285902478,0.011868055090812958,0.772525067218733,0.42472515423519597,0.010900406211899116,0.010923756893375287,0.2290430498248491,0.27069610512614195,-0.18185688381789022,142.36332202095844,186.3236301134034,-0.20821596021767708,-0.16267674061616844
CVX,4,HAL|FANG|CVE|WMB,0.7988505415898873,0.4641559076985676,0.011496525705051218,0.7335280899723161,0.4481325786885829,0.010709300491588455,0.010699210018678877,0.2290430498248491,0.23633325896352006,-0.03182899085672242,142.36332202095844,161.03538969871414,-0.20821596021767708,-0.17091569642442572
CVX,4,HAL|FANG|CVE|TRGP,0.8105579970386653,0.3308079602528411,0.0128423622091225,0.7413528280639395,0.3642985153031393,0.011480415447091276,0.011483147595742057,0.2290430498248491,0.26770721596315117,-0.168807419250961,142.36332202095844,174.5255768273881,-0.20821596021767708,-0.17423456011344207
CVX,4,HAL|FANG|CVE|OKE,0.8182975781432679,0.39144472784095974,0.012229643657405134,0.7558982937071776,0.40802365543488806,0.011089472472429153,0.011081192780332998,0.2290430498248491,0.2653528607235004,-0.15852832437577846,142.36332202095844,163.9901288352773,-0.20821596021767708,-0.18268211793030198
CVX,4,HAL|FANG|CVE|MPC,0.8347965971404538,0.39317497561101766,0.012206679437510427,0.7467039554432877,0.3421707173114632,0.011665665253190755,0.011681293472998908,0.2290430498248491,0.2763067326862855,-0.20635283584277841,142.36332202095844,184.0757941120592,-0.20821596021767708,-0.15857280469905566
CVX,4,HAL|FANG|CVE|SLB,0.8212511134212237,0.23982052061335069,0.013646796663365006,0.7310461622840461,0.238746321091311,0.012563823806387956,0.01256605731711464,0.2290430498248491,0.2913518998907385,-0.2720399074040336,142.36332202095844,177.32299650479382,-0.20821596021767708,-0.20837202311991065
CVX,4,HAL|FANG|KMI|PSX,0.8347256037348612,0.5555497046068671,0.010469828054118712,0.784141071460369,0.5677435987665271,0.009478623861453898,0.009469020369401797,0.2290430498248491,0.2289675198424115,0.00032976325845879284,142.36332202095844,158.0405674144871,-0.20821596021767708,-0.13802110397429268
CVX,4,HAL|FANG|KMI|WMB,0.8024049626233958,0.4738825353885747,0.011393414932492699,0.7416733662782893,0.48197065248930193,0.010384504080935757,0.010366007439288632,0.2290430498248491,0.2296413254873316,-0.002612066434410476,142.36332202095844,144.91747846046212,-0.20821596021767708,-0.16136257898091577
CVX,4,HAL|FANG|KMI|TRGP,0.8022472975371437,0.4661663306399918,0.011477577261443593,0.7430844851761438,0.481199713845749,0.010391789351896705,0.010373717991476803,0.2290430498248491,0.2311905921640208,-0.009376151517428433,142.36332202095844,146.9819370267399,-0.20821596021767708,-0.15997939828566166
CVX,4,HAL|FANG|KMI|OKE,0.8024049648016888,0.47388252827161714,0.011393415013506684,0.7416734031007882,0.48197073798002643,0.010384503224370574,0.010366006583934079,0.2290430498248491,0.2296413203881186,-0.0026120441712900178,142.36332202095844,144.9174761908926,-0.20821596021767708,-0.16136256342179178
CVX,4,HAL|FANG|KMI|MPC,0.8233844580651478,0.5347831892467314,0.010713536419628664,0.760960590291241,0.5156060236906981,0.010034837054769718,0.010023830194016078,0.2290430498248491,0.23167847460142182,-0.011506242073654027,142.36332202095844,158.053568415609,-0.20821596021767708,-0.13357483880966226
CVX,4,HAL|FANG|KMI|SLB,0.8024049330789009,0.4738825906145674,0.011393414352199538,0.7416733560928417,0.4819707000431849,0.010384503605530873,0.010366006963500998,0.2290430498248491,0.22964129570767713,-0.002611936416693439,142.36332202095844,144.9174703150169,-0.20821596021767708,-0.161362560071437
CVX,4,HAL|FANG|PSX|WMB,0.8291789851524605,0.5453246874106433,0.010590245302364106,0.7715558167502639,0.5416591015127161,0.00975748955503254,0.009750539364667077,0.2290430498248491,0.22927070944496658,-0.000993959957709123,142.36332202095844,161.5527803862034,-0.20821596021767708,-0.1347791663036324
CVX,4,HAL|FANG|PSX|TRGP,0.8325714844628953,0.4524852841676449,0.011620372681997743,0.7741624954866079,0.4863962984046478,0.010311811216458997,0.010321632846959012,0.2290430498248491,0.2533196039729279,-0.10599122814092499,142.36332202095844,176.09761878379757,-0.20821596021767708,-0.1346386114812299
CVX,4,HAL|FANG|PSX|OKE,0.8408889791288103,0.4750082081721869,0.011361919345311793,0.7813961893518857,0.5001301410672017,0.010188027420559553,0.01018269672834171,0.2290430498248491,0.2546523902978631,-0.11181016185646153,142.36332202095844,164.25683861986872,-0.20821596021767708,-0.14502451489169654
CVX,4,HAL|FANG|PSX|MPC,0.84405618752196,0.4011238289985246,0.012124128552111774,0.7638521972837511,0.4070395562143405,0.011086774172142528,0.011090399621903887,0.2290430498248491,0.27047215454179685,-0.18087911747869612,142.36332202095844,174.04982703073438,-0.20821596021767708,-0.15398852968861843
CVX,4,HAL|FANG|PSX|SLB,0.8440640480952145,0.4006794731932569,0.012128587980243214,0.764023150991711,0.40745240098560875,0.011082953502987583,0.011086538141110318,0.2290430498248491,0.2704712950712408,-0.1808753650375865,142.36332202095844,174.0083974832511,-0.20821596021767708,-0.1541509612988251
CVX,4,HAL|FANG|WMB|TRGP,0.7944433262914555,0.4227490566452998,0.011934960150022595,0.7260494340754665,0.4298007767959169,0.010892037770389886,0.010875460234219148,0.2290430498248491,0.23764240644900567,-0.03754471760104727,142.36332202095844,152.89431522999178,-0.20821596021767708,-0.16015974406629807
CVX,4,HAL|FANG|WMB|OKE,0.7918482079424366,0.4391209719941097,0.011763079467857235,0.7185204899385434,0.4263892981663272,0.010926536684086116,0.010907945434145416,0.2290430498248491,0.2331967907438135,-0.018135197388180035,142.36332202095844,148.5651664688408,-0.20821596021767708,-0.1623275763185903
CVX,4,HAL|FANG|WMB|MPC,0.8164165602944518,0.5158269776951123,0.010929653307826184,0.7436600108885246,0.47411334515039516,0.010452828597790051,0.010444325761511327,0.2290430498248491,0.23424864690170155,-0.022727592392928875,142.36332202095844,161.96629847787014,-0.20821596021767708,-0.13106079517482083
CVX,4,HAL|FANG|WMB|SLB,0.7918482121223962,0.4391210328704567,0.011763078818388954,0.7185204112618516,0.4263891176287322,0.010926538401755295,0.010907947150722594,0.2290430498248491,0.23319679842753332,-0.01813523093523517,142.36332202095844,148.5651728412933,-0.20821596021767708,-0.1623276159739443
CVX,4,HAL|FANG|TRGP|OKE,0.8079724517933443,0.3415492602351038,0.012737479440118339,0.7402942519463297,0.3822695102483229,0.011332757018172927,0.011319672261546034,0.2290430498248491,0.2625879039578083,-0.1464565467435539,142.36332202095844,159.4141391206524,-0.20821596021767708,-0.16633777268912542
CVX,4,HAL|FANG|TRGP|MPC,0.8250791242818892,0.4151199149029323,0.012006733014312931,0.7490133307028776,0.40372899376648963,0.011115861787264121,0.01112131598138906,0.2290430498248491,0.2616038693077643,-0.1421602598630025,142.36332202095844,175.47292631532744,-0.20821596021767708,-0.13825094558200768
CVX,4,HAL|FANG|TRGP|SLB,0.8028494485446612,0.3011614494716057,0.013128100477344064,0.7285517538265418,0.33801855580944196,0.011725318002850935,0.011718101139396812,0.2290430498248491,0.26702219969542174,-0.1658166440746207,142.36332202095844,166.82634756690206,-0.20821596021767708,-0.16489314922159082
CVX,4,HAL|FANG|OKE|MPC,0.8314347896387115,0.45223320142341794,0.011607552522361194,0.7573038993933497,0.43007391557753816,0.010879716024848789,0.010872855122130045,0.2290430498248491,0.25979624845833704,-0.13426820266759965,142.36332202095844,164.77405367430774,-0.20821596021767708,-0.14157063612604526
CVX,4,HAL|FANG|OKE|SLB,0.8151812820133651,0.35956098071661236,0.012545361328853852,0.7438590958935425,0.38256293183591117,0.011335629586166924,0.011316983523678313,0.2290430498248491,0.2649711949230206,-0.15686197474948949,142.36332202095844,150.48569138772885,-0.20821596021767708,-0.1749190450231617
CVX,4,HAL|FANG|MPC|SLB,0.8329151894300025,0.37297861316668235,0.012408904581238705,0.7361594911839356,0.31535992251933453,0.011914823845804695,0.01191696031883808,0.2290430498248491,0.27698215205800186,-0.2093017110530624,142.36332202095844,175.33716345586728,-0.20821596021767708,-0.14859972896399276
CVX,4,HAL|SU|CVE|KMI,0.8005297750134888,0.571109376497074,0.010294307835507895,0.7308156090601482,0.4975363444948213,0.010225011551374842,0.010209081265849638,0.2290430498248491,0.21103362395334588,0.07862899959319947,142.36332202095844,151.54657930903076,-0.20821596021767708,-0.1803104949884986
CVX,4,HAL|SU|CVE|PSX,0.8446668947267689,0.505775949433338,0.01102794987276417,0.7551532173011989,0.41634083374482744,0.010980954411127583,0.011003072873292758,0.2290430498248491,0.26151678050678884,-0.14178003090149494,142.36332202095844,185.86683023009329,-0.20821596021767708,-0.1705722742072815
CVX,4,HAL|SU|CVE|WMB,0.7911449328717096,0.5425764594870481,0.010631153985301893,0.6990641783565992,0.4242126384579069,0.010943059409283593,0.010928621830018602,0.2290430498248491,0.21802508603131202,0.04810433585285656,142.36332202095844,156.43645863506057,-0.20821596021767708,-0.1847284211124045
CVX,4,HAL|SU|CVE|TRGP,0.8057255025461094,0.44439999506741,0.011714383165727576,0.7165537610008061,0.36181622942033764,0.011503306797670134,0.011505545438135856,0.2290430498248491,0.2525601637655842,-0.10267551867964908,142.36332202095844,174.2152953256839,-0.20821596021767708,-0.1872072519385234
CVX,4,HAL|SU|CVE|OKE,0.8173837424483389,0.5179810580973603,0.010904187662364652,0.7413630708081783,0.44524354155619406,0.010740707763357352,0.010727178752853811,0.2290430498248491,0.24358838041385117,-0.06350478916572655,142.36332202095844,157.03790253154574,-0.20821596021767708,-0.19232230274279294
CVX,4,HAL|SU|CVE|MPC,0.8332508426532468,0.4925040993326322,0.011180179269758792,0.720500444543866,0.3240080357121752,0.011829307331124373,0.011841455868952026,0.2290430498248491,0.2652041065937372,-0.15787886511527316,142.36332202095844,182.29348807747013,-0.20821596021767708,-0.17033384923461126
CVX,4,HAL|SU|CVE|SLB,0.8178898458795375,0.4108642939798055,0.012041249649034831,0.6972386710522962,0.24553861010672384,0.012514239753457229,0.012509871357928685,0.2290430498248491,0.27153411121765064,-0.18551561125864668,142.36332202095844,171.6917737295592,-0.20821596021767708,-0.22746802395770982
CVX,4,HAL|SU|KMI|PSX,0.8360739090821577,0.6316922825852971,0.009539032096858382,0.7748212012877104,0.5714750701117766,0.009432202686489992,0.009428060925875672,0.2290430498248491,0.21559231196901146,0.05872580663819971,142.36332202095844,163.22252526878412,-0.20821596021767708,-0.15334044398198687
CVX,4,HAL|SU|KMI|WMB,0.8005297824582527,0.5711093903788785,0.010294307668916322,0.730815617657715,0.49753635868806945,0.010225011405389828,0.010209081121660081,0.2290430498248491,0.21103362485630775,0.07862899565087567,142.36332202095844,151.5465821730726,-0.20821596021767708,-0.18031050090529332
CVX,4,HAL|SU|KMI|TRGP,0.8005297849364683,0.5711093822215427,0.010294307767009675,0.730815610943179,0.4975363366153399,0.010225011629948773,0.010209081345897483,0.2290430498248491,0.21103363067752504,0.07862897023549065,142.36332202095844,151.54658243528007,-0.20821596021767708,-0.18031050276837113
CVX,4,HAL|SU|KMI|OKE,0.8005297335027389,0.5711094796209754,0.01029430659512885,0.7308156964143219,0.49753664393756636,0.010225008506353021,0.010209078223802974,0.2290430498248491,0.211033540925375,0.07862936209261151,142.36332202095844,151.54657310433018,-0.20821596021767708,-0.1803104635022721
CVX,4,HAL|SU|KMI|MPC,0.8235378295639911,0.6085626097529948,0.00983427883515896,0.7486020634527739,0.5171413733336545,0.010014743596235783,0.010007931669833227,0.2290430498248491,0.21850352263434403,0.046015485728838845,142.36332202095844,162.40086830551135,-0.20821596021767708,-0.1498915092140829
CVX,4,HAL|SU|KMI|SLB,0.7967445006065359,0.5937535389043784,0.010013902959135044,0.7135564485642244,0.49265181234319544,0.010275887624449842,0.010258583334615518,0.2290430498248491,0.19276060111314128,0.1584088613011977,142.36332202095844,148.69480796052449,-0.20821596021767708,-0.16970106428236287
CVX,4,HAL|SU|PSX|WMB,0.8316250294443086,0.6177405565652063,0.009717660976421478,0.7574093042287963,0.5316647580383256,0.009856114955198171,0.009856273673630546,0.2290430498248491,0.2194619228580002,0.04183111853503374,142.36332202095844,167.91379598498267,-0.20821596021767708,-0.15076775402249054
CVX,4,HAL|SU|PSX|TRGP,0.8357796489195043,0.5399325855398369,0.010658624417928456,0.7644302011399638,0.4889878619727065,0.010276265361603566,0.010295559245863067,0.2290430498248491,0.24441633854080458,-0.06711964727902253,142.36332202095844,181.88904120879621,-0.20821596021767708,-0.1491323233502091
CVX,4,HAL|SU|PSX|OKE,0.8433345620245536,0.5809580459536969,0.010165868775430433,0.7768115210735017,0.5276735263953345,0.009896944209440392,0.009898182983886073,0.2290430498248491,0.24020690575978676,-0.04874129969660612,142.36332202095844,168.85547341095656,-0.20821596021767708,-0.15976299610192823
CVX,4,HAL|SU|PSX|MPC,0.8449942728321449,0.5254965721836871,0.010810242716526105,0.7530882853294514,0.42861585146231695,0.01087154682228225,0.010886754462522213,0.2290430498248491,0.25660842310355225,-0.12035018438578504,142.36332202095844,181.29121633017635,-0.20821596021767708,-0.17173137261908078
CVX,4,HAL|SU|PSX|SLB,0.8449942567974315,0.5254963932067174,0.010810244727666415,0.7530882278135586,0.4286156115940425,0.01087154912639091,0.010886756747663252,0.2290430498248491,0.2566084579583544,-0.1203503365615537,142.36332202095844,181.2912116148607,-0.20821596021767708,-0.17173137961676976
CVX,4,HAL|SU|WMB|TRGP,0.7921728915745717,0.5410699334229863,0.010648652333135234,0.7016712385658981,0.4271639438424556,0.010914327839462029,0.010900577503708582,0.2290430498248491,0.21890920280636472,0.044244289561433114,142.36332202095844,157.2836356478187,-0.20821596021767708,-0.1840184727347408
CVX,4,HAL|SU|WMB|OKE,0.8078668256724976,0.5479955053931473,0.010565634093263405,0.7300086257549652,0.4632856332246881,0.010565200319461256,0.010551299346716912,0.2290430498248491,0.22741445039882513,0.007110451189282441,142.36332202095844,155.98119775935908,-0.20821596021767708,-0.1865733348691172
CVX,4,HAL|SU|WMB|MPC,0.8174032255799463,0.5877453961548122,0.010091933687047618,0.7249643785781866,0.45777110855463077,0.01060800508919169,0.010605366005956436,0.2290430498248491,0.22494405835598658,0.017896161756477902,142.36332202095844,167.76548986384935,-0.20821596021767708,-0.1475383220463613
CVX,4,HAL|SU|WMB|SLB,0.7917604858416042,0.5589060186984083,0.010439557925543711,0.6958957605748994,0.43464094669149056,0.0108440546645407,0.010829203367140938,0.2290430498248491,0.21016457614650608,0.0824232548980619,142.36332202095844,155.52175777031974,-0.20821596021767708,-0.1809974567580125
CVX,4,HAL|SU|TRGP|OKE,0.8173837533648991,0.5179810724212529,0.010904187498459526,0.7413630698128043,0.445243530747114,0.010740707862777983,0.010727178857359968,0.2290430498248491,0.2435883833082811,-0.06350480180278284,142.36332202095844,157.03790958911708,-0.20821596021767708,-0.19232231919325748
CVX,4,HAL|SU|TRGP|MPC,0.8274702559413629,0.511248238302642,0.01098394260546858,0.7343394536471406,0.3987308549655545,0.011153347603795542,0.011167829966845946,0.2290430498248491,0.2529127692870249,-0.10421499137576595,142.36332202095844,181.71560196427322,-0.20821596021767708,-0.15425592438623525
CVX,4,HAL|SU|TRGP|SLB,0.8098340482009165,0.4928685774391789,0.011193972210900462,0.7156011591840473,0.402554549971066,0.011129051925434438,0.01113226313056402,0.2290430498248491,0.23883871219884267,-0.04276777829095613,142.36332202095844,173.86408743532564,-0.20821596021767708,-0.17837083968875833
CVX,4,HAL|SU|OKE|MPC,0.8336220926422658,0.558409493541096,0.010436096537701632,0.7510487853403991,0.45902829026723435,0.010594753090259446,0.010593064365823931,0.2290430498248491,0.24562766165884797,-0.07240827367030445,142.36332202095844,168.51483209181623,-0.20821596021767708,-0.15786607384164975
CVX,4,HAL|SU|OKE|SLB,0.8202869479906432,0.5379489348818023,0.010677914696062716,0.7434093813507607,0.46373890150281316,0.010560392379300928,0.010546842991755609,0.2290430498248491,0.2383580438280771,-0.040669184288068205,142.36332202095844,156.44828663572147,-0.20821596021767708,-0.19007024385771498
CVX,4,HAL|SU|MPC|SLB,0.8332508193371616,0.4925038842294195,0.011180181615101521,0.7205003776887428,0.32400771041145393,0.011829310188574348,0.011841458718123225,0.2290430498248491,0.26520415108457535,-0.1578790593618924,142.36332202095844,182.29349139789065,-0.20821596021767708,-0.17033381970937678
CVX,4,HAL|CVE|KMI|PSX,0.8285852217512051,0.5725300318799016,0.01027044729926032,0.7681688525222532,0.5236760724786742,0.009929052594238777,0.009939980518748124,0.2290430498248491,0.23372931764864288,-0.020460205308030055,142.36332202095844,175.66703946918915,-0.20821596021767708,-0.1484284788271636
CVX,4,HAL|CVE|KMI|WMB,0.791288829219011,0.49597408952513367,0.011154745915134398,0.7232184116893778,0.43426589519442427,0.010839861940181494,0.010832794744644332,0.2290430498248491,0.23339214004880068,-0.018988090785891032,142.36332202095844,164.46591041603025,-0.20821596021767708,-0.1780597248937711
CVX,4,HAL|CVE|KMI|TRGP,0.791288826854752,0.4959740903798294,0.011154745906911607,0.7232184143345446,0.43426590241534646,0.010839861868547438,0.010832794675510468,0.2290430498248491,0.2333921392475993,-0.018988087287852506,142.36332202095844,164.4659125999555,-0.20821596021767708,-0.1780597240800923
CVX,4,HAL|CVE|KMI|OKE,0.7912888293739367,0.4959740894634508,0.011154745915735996,0.7232184115226181,0.43426589472186505,0.010839861944860824,0.010832794749168664,0.2290430498248491,0.23339214010589523,-0.01898809103516519,142.36332202095844,164.46591028130675,-0.20821596021767708,-0.17805972495073819
CVX,4,HAL|CVE|KMI|MPC,0.8159140793109402,0.5521252184134962,0.010514386762268712,0.7428843638206956,0.4694664670577168,0.010485956723349224,0.010490368730446701,0.2290430498248491,0.23495903847097885,-0.02582915591917656,142.36332202095844,172.88019459472613,-0.20821596021767708,-0.14521075484277435
CVX,4,HAL|CVE|KMI|SLB,0.7881573322293073,0.5339174267118926,0.010731336627679462,0.7027104794890925,0.43451030530797985,0.010839944856355992,0.01083045448391605,0.2290430498248491,0.2162284332529958,0.05594850654343253,142.36332202095844,162.04743367119073,-0.20821596021767708,-0.1647191678415526
CVX,4,HAL|CVE|PSX|WMB,0.8251225729514937,0.5571520377329288,0.010452353317999097,0.7524318611862177,0.48117423467363685,0.010357438757543571,0.010373972723893166,0.2290430498248491,0.23771358817710314,-0.037855496418181867,142.36332202095844,180.49218538439965,-0.20821596021767708,-0.14600191319085454
CVX,4,HAL|CVE|PSX|TRGP,0.8302320726293522,0.4655454138969969,0.01147957872950849,0.7601259990816784,0.42994024253839136,0.01083878790357223,0.010874130131658383,0.2290430498248491,0.26044640854198964,-0.13710679604185727,142.36332202095844,192.79757806849364,-0.20821596021767708,-0.14525737927030558
CVX,4,HAL|CVE|PSX|OKE,0.8348622452198836,0.49329833947732016,0.01116505010051717,0.7692024236665489,0.45419877875862325,0.010622691591047725,0.010640243960700586,0.2290430498248491,0.2599355662926569,-0.13487646314276525,142.36332202095844,181.95634324446854,-0.20821596021767708,-0.15507536990973636
CVX,4,HAL|CVE|PSX|MPC,0.8344018963965395,0.4052346561830046,0.012085365940331457,0.7471523304999564,0.32996705841249696,0.011751453992531975,0.011789147775354919,0.2290430498248491,0.2789499718980675,-0.21789319567383747,142.36332202095844,197.44132345969223,-0.20821596021767708,-0.16668274087606827
CVX,4,HAL|CVE|PSX|SLB,0.8344018970046774,0.4052346595953582,0.012085365906375378,0.7471523303677491,0.32996706193130954,0.01175145396389761,0.011789147744398381,0.2290430498248491,0.2789499710332574,-0.2178931918980842,142.36332202095844,197.44132207560605,-0.20821596021767708,-0.1666827375042471
CVX,4,HAL|CVE|WMB|TRGP,0.7824463515981303,0.45718517669233694,0.011573207406939458,0.6927246158984233,0.34586544894436044,0.0116517930587341,0.011648442991913706,0.2290430498248491,0.2418867638874694,-0.05607554593969111,142.36332202095844,170.11166849478357,-0.20821596021767708,-0.18267242133235873
CVX,4,HAL|CVE|WMB|OKE,0.7967522739027958,0.4499666858802437,0.011642424052538151,0.7195532584938465,0.3751399315763613,0.011388361711057851,0.011384808243457974,0.2290430498248491,0.25074041987812545,-0.09473053240370533,142.36332202095844,169.18827952148303,-0.20821596021767708,-0.18308045260857564
CVX,4,HAL|CVE|WMB|MPC,0.8105142252305598,0.5285998933418645,0.010785512170931372,0.7198270437539243,0.40270573728226466,0.011121412932905157,0.011130854497005358,0.2290430498248491,0.24162215867341158,-0.05492028183427444,142.36332202095844,178.28352853359198,-0.20821596021767708,-0.14222623180151017
CVX,4,HAL|CVE|WMB|SLB,0.7834753519332573,0.47414766543681375,0.011393034319102449,0.6909104106461444,0.35799615440973276,0.011543478675924054,0.01153992931948655,0.2290430498248491,0.2367419321598672,-0.03361325454278341,142.36332202095844,169.6319253921043,-0.20821596021767708,-0.17959419680938093
CVX,4,HAL|CVE|TRGP|OKE,0.8060404143113485,0.38839341235504976,0.012262791252239906,0.7315770019174079,0.33236872161287,0.011771232852698859,0.01176800032278723,0.2290430498248491,0.2701984893322609,-0.17968429751037496,142.36332202095844,170.553095727286,-0.20821596021767708,-0.18974344361345397
CVX,4,HAL|CVE|TRGP|MPC,0.8198655315780482,0.4227801888679087,0.011926794413552357,0.7271949399922765,0.3173189978882569,0.011872319572076571,0.011899898106695955,0.2290430498248491,0.27048710022814926,-0.1809443702177067,142.36332202095844,192.12305332564492,-0.20821596021767708,-0.14879776232590824
CVX,4,HAL|CVE|TRGP|SLB,0.7993774700544158,0.35222926838348156,0.012642432787590039,0.7092605377252904,0.2875358026692011,0.012139342437796123,0.012156704400980226,0.2290430498248491,0.2676429672963443,-0.1685269101202278,142.36332202095844,186.72105640402725,-0.20821596021767708,-0.1788545335017332
CVX,4,HAL|CVE|OKE|MPC,0.8249735114620702,0.47109651825021714,0.011408035363101298,0.7435146357816915,0.37997485593348235,0.011330204111547471,0.011340677099534267,0.2290430498248491,0.26458593722119217,-0.15517994291257886,142.36332202095844,179.61975102020727,-0.20821596021767708,-0.1538188881754352
CVX,4,HAL|CVE|OKE|SLB,0.8070973554934329,0.3972558780544245,0.012174549274671355,0.7321965408652121,0.3406613623271295,0.011697858271548477,0.011694686854153105,0.2290430498248491,0.2684405308732731,-0.17200906588762033,142.36332202095844,170.39624939800052,-0.20821596021767708,-0.18893882251197325
CVX,4,HAL|CVE|MPC|SLB,0.8228098210106953,0.37088367344532724,0.012430752524617955,0.713856893917698,0.21193375674702863,0.012756134974557376,0.012785440531761033,0.2290430498248491,0.28710820411639265,-0.2535119678852791,142.36332202095844,196.2616951593732,-0.20821596021767708,-0.16847277709403763
CVX,4,HAL|KMI|PSX|WMB,0.8155410202864514,0.5307068455161066,0.010761982790558726,0.7290258971043677,0.43952265491042686,0.010792549934750671,0.010782348519261235,0.2290430498248491,0.23607086698231675,-0.0306833897070522,142.36332202095844,161.1545607629747,-0.20821596021767708,-0.1348758308402782
CVX,4,HAL|KMI|PSX|TRGP,0.8153211090978268,0.49981542209744545,0.011113198446984518,0.7386615609523618,0.44268593085410957,0.010751979805270411,0.010751878237873182,0.2290430498248491,0.24195495743449288,-0.056373278383769376,142.36332202095844,170.2354235264311,-0.20821596021767708,-0.12905421261278527
CVX,4,HAL|KMI|PSX|OKE,0.8155410296772001,0.5307069100160406,0.010761982059909095,0.7290259470732953,0.43952280124545606,0.010792548516012749,0.010782347111679464,0.2290430498248491,0.23607085024050964,-0.030683316612465372,142.36332202095844,161.15456876771742,-0.20821596021767708,-0.1348757884038586
CVX,4,HAL|KMI|PSX|MPC,0.8152761060268635,0.5342338997126899,0.010721798328713086,0.725442824477397,0.4310547820897249,0.010873265485203005,0.010863494774906772,0.2290430498248491,0.23645040361971822,-0.032340443425520116,142.36332202095844,161.84735001722507,-0.20821596021767708,-0.13200251025275633
CVX,4,HAL|KMI|PSX|SLB,0.8155410282075646,0.5307067649559738,0.01076198369862458,0.7290258608974733,0.4395224926710821,0.01079255149522737,0.010782350079824785,0.2290430498248491,0.23607090007332568,-0.03068353418211478,142.36332202095844,161.15456534360285,-0.20821596021767708,-0.13487586618839875
CVX,4,HAL|KMI|WMB|TRGP,0.7644077660618384,0.38634319537139694,0.012311476132762914,0.6602987016754964,0.2655923343457499,0.012362593008910973,0.012342494283640822,0.2290430498248491,0.2457140928214659,-0.07278563138835792,142.36332202095844,151.79272808666477,-0.20821596021767708,-0.1853467006512196
CVX,4,HAL|KMI|WMB|OKE,0.7601600181582922,0.4076548015088147,0.012093984477240841,0.642614255778577,0.24230468466309873,0.012559234508136858,0.012536653862519781,0.2290430498248491,0.24180217531569437,-0.05570623295752597,142.36332202095844,143.42064930653896,-0.20821596021767708,-0.19455605484890615
CVX,4,HAL|KMI|WMB|MPC,0.8027445056618646,0.5095112086273728,0.011004069503733964,0.7003111683235153,0.3668973453137384,0.011470926167601769,0.011459651259752,0.2290430498248491,0.2405674422413998,-0.05031539889712211,142.36332202095844,161.93885151752934,-0.20821596021767708,-0.12742764956966623
CVX,4,HAL|KMI|WMB|SLB,0.7601600179428305,0.407654801828503,0.012093984474069288,0.6426142558484482,0.2423046857278487,0.012559234499315744,0.012536653853711227,0.2290430498248491,0.2418021750615245,-0.05570623184782231,142.36332202095844,143.4206492438029,-0.20821596021767708,-0.19455605461871506
CVX,4,HAL|KMI|TRGP|OKE,0.7644077884428677,0.3863435872321548,0.012311472175417589,0.6602985554442281,0.26559216807025665,0.012362594449608055,0.012342495680858132,0.2290430498248491,0.24571405321982484,-0.07278545848793128,142.36332202095844,151.792636346265,-0.20821596021767708,-0.18534683505443394
CVX,4,HAL|KMI|TRGP|MPC,0.8027444988192853,0.5095112344822346,0.01100406921918739,0.7003111759914898,0.36689740352851985,0.01147092564263728,0.011459650732885542,0.2290430498248491,0.24056742858233285,-0.050315339261752356,142.36332202095844,161.9388478710313,-0.20821596021767708,-0.12742763896572518
CVX,4,HAL|KMI|TRGP|SLB,0.7689206822090826,0.42857360356537577,0.011882174893064994,0.660311026215088,0.3038300736834407,0.012036483370844786,0.012016886610900588,0.2290430498248491,0.23443640778517377,-0.023547354807094134,142.36332202095844,151.47235699779839,-0.20821596021767708,-0.16493317749887904
CVX,4,HAL|KMI|OKE|MPC,0.8027445029177253,0.509511209458052,0.011004069494979127,0.7003111666662408,0.36689735089670594,0.01147092611954513,0.011459651209223971,0.2290430498248491,0.24056743936945554,-0.05031538635823796,142.36332202095844,161.93884862638546,-0.20821596021767708,-0.12742765388682076
CVX,4,HAL|KMI|OKE|SLB,0.7601600182385639,0.4076548013897119,0.012093984478422432,0.6426142557525457,0.24230468426641627,0.012559234511423245,0.01253665386580149,0.2290430498248491,0.2418021754103877,-0.05570623337095615,142.36332202095844,143.420649329912,-0.20821596021767708,-0.19455605493466577
CVX,4,HAL|KMI|MPC|SLB,0.8027445920514632,0.5095109789945751,0.011004072027035763,0.700311119538185,0.36689679059789904,0.011470931146642528,0.01145965628014532,0.2290430498248491,0.24056758824693575,-0.050316036356045535,142.36332202095844,161.9389120551395,-0.20821596021767708,-0.12742769648047336
CVX,4,HAL|PSX|WMB|TRGP,0.813159991980912,0.48000345444506387,0.011330946403900304,0.7323565892592586,0.41619971242374176,0.0109989104815937,0.011004402994038842,0.2290430498248491,0.24624180505874324,-0.07508961851078277,142.36332202095844,175.15613580456437,-0.20821596021767708,-0.1272875701582843
CVX,4,HAL|PSX|WMB|OKE,0.8130888831585218,0.5214719631285812,0.010866414954564339,0.7204576662560062,0.41470683389413976,0.011025076971482094,0.01101846409357474,0.2290430498248491,0.23850519288142136,-0.04131163579863273,142.36332202095844,165.41678189242364,-0.20821596021767708,-0.13213898369676713
CVX,4,HAL|PSX|WMB|MPC,0.8105553526628703,0.5248280967977246,0.010829595570716857,0.7125628151892835,0.40180189639300834,0.011145536526912324,0.011139273059657045,0.2290430498248491,0.23723580620920906,-0.03576950442558724,142.36332202095844,166.08205261326788,-0.20821596021767708,-0.12986300420471664
CVX,4,HAL|PSX|WMB|SLB,0.8104012274372405,0.5227857946751441,0.010852762183188824,0.7143101951621511,0.40650752721453365,0.011101944005987466,0.011095373892404326,0.2290430498248491,0.23686476714594665,-0.034149551043259674,142.36332202095844,165.6733416972145,-0.20821596021767708,-0.1312361209111751
CVX,4,HAL|PSX|TRGP|OKE,0.8161070335995727,0.431458263277837,0.011845663748237104,0.736806449687962,0.3851081367511945,0.01128219012496733,0.011293633947672086,0.2290430498248491,0.25873751479699686,-0.1296457805414979,142.36332202095844,180.12549002963564,-0.20821596021767708,-0.12951104692517812
CVX,4,HAL|PSX|TRGP|MPC,0.8147313504836898,0.42262262685806684,0.011938326523362274,0.7336164009534947,0.37341702035557334,0.01138611475071399,0.011400492964301873,0.2290430498248491,0.2599180594131015,-0.13480002825609727,142.36332202095844,182.3804704576543,-0.20821596021767708,-0.12865175854892652
CVX,4,HAL|PSX|TRGP|SLB,0.8147313575119263,0.42262261140955193,0.011938326675558513,0.7336163899128729,0.37341696318979045,0.01138611527631953,0.01140049348435916,0.2290430498248491,0.25991806867266143,-0.1348000686832571,142.36332202095844,182.38046851345032,-0.20821596021767708,-0.12865177493248015
CVX,4,HAL|PSX|OKE|MPC,0.8248962961768003,0.4549105040219742,0.011581958867684261,0.7397890990189274,0.38272834514463117,0.011321392306890532,0.011315467494612355,0.2290430498248491,0.2619109903283003,-0.14350114761650934,142.36332202095844,166.8906216309342,-0.20821596021767708,-0.1411516269868469
CVX,4,HAL|PSX|OKE|SLB,0.8247488896170225,0.4533547106187664,0.011598426134288652,0.7404126489515938,0.3844334693053876,0.011305896692696172,0.011299828010995269,0.2290430498248491,0.26183760562909253,-0.14318075064631586,142.36332202095844,166.7144966121466,-0.20821596021767708,-0.14167834392530343
CVX,4,HAL|PSX|MPC|SLB,0.8216646586887693,0.334410392012242,0.012786174267260081,0.6977184621776604,0.1605873401786183,0.013188626409815381,0.013195385772301425,0.2290430498248491,0.289848271102853,-0.26547507695388317,142.36332202095844,182.66564929863418,-0.20821596021767708,-0.1523511090494042
CVX,4,HAL|WMB|TRGP|OKE,0.7701060053672253,0.3244170893523075,0.012913332614348998,0.6650343643279285,0.20905484167152844,0.012825461652044973,0.01280877273429556,0.2290430498248491,0.262744422289753,-0.14713990444449432,142.36332202095844,159.32190289211883,-0.20821596021767708,-0.18844154136345592
CVX,4,HAL|WMB|TRGP|MPC,0.7962756362160387,0.4887711700286035,0.011234227256048288,0.6817180630178288,0.31223125984867595,0.01195111983217406,0.011944158296264811,0.2290430498248491,0.24509684685207345,-0.07009074075594435,142.36332202095844,167.71123253970032,-0.20821596021767708,-0.12452509524977984
CVX,4,HAL|WMB|TRGP|SLB,0.7630195737886696,0.347218254262357,0.012698622640004263,0.6483559472330703,0.21154821615392694,0.012803509315062401,0.012788567618875903,0.2290430498248491,0.25291539056651124,-0.10422643585962321,142.36332202095844,161.5722342350458,-0.20821596021767708,-0.17964579663396452
CVX,4,HAL|WMB|OKE|MPC,0.797443799471193,0.491173507651247,0.011207014155418403,0.6830024977048851,0.31404966732511086,0.011936169632940094,0.011928358129322318,0.2290430498248491,0.24540207600483566,-0.07142336863090337,142.36332202095844,166.85545763109238,-0.20821596021767708,-0.1250844737631397
CVX,4,HAL|WMB|OKE|SLB,0.7736702319090353,0.37231012076621317,0.012438629052546134,0.6588803716113629,0.213661356369668,0.0127936793778784,0.012771418714994275,0.2290430498248491,0.2584322861007116,-0.12831315465951354,142.36332202095844,148.0242898894702,-0.20821596021767708,-0.1985422399663037
CVX,4,HAL|WMB|MPC|SLB,0.7955778520707498,0.4907074144078225,0.011212772726980314,0.6792443265937521,0.3085038089275486,0.01198426091644836,0.011976481010269484,0.2290430498248491,0.24466101315433544,-0.06818789455270302,142.36332202095844,167.02330453153144,-0.20821596021767708,-0.1245059963321401
CVX,4,HAL|TRGP|OKE|MPC,0.8125256428354499,0.428781436549422,0.011864166049348618,0.7118751204471866,0.29897115306207345,0.012061806723604386,0.012058749644781342,0.2290430498248491,0.2669123104724236,-0.16533686866522856,142.36332202095844,171.53492459775336,-0.20821596021767708,-0.13505601083646057
CVX,4,HAL|TRGP|OKE|SLB,0.7786995537995022,0.2957155372763288,0.01318179326483215,0.6767649181307651,0.1980084428555643,0.01291313570038691,0.012897906735944403,0.2290430498248491,0.27157425307385863,-0.18569087026012565,142.36332202095844,161.54531908225374,-0.20821596021767708,-0.18099114583706877
CVX,4,HAL|TRGP|MPC|SLB,0.8056222364429516,0.38299769018565755,0.012337954237856602,0.698496430793782,0.24529140899446766,0.012502173011141522,0.012511920634991928,0.2290430498248491,0.2718938114305926,-0.18708605931728473,142.36332202095844,182.72371798914057,-0.20821596021767708,-0.1312655767947032
CVX,4,HAL|OKE|MPC|SLB,0.8146944838459551,0.43334827367484674,0.011810718444465408,0.7108233602586992,0.2891056501814996,0.01215049166915277,0.01214330394073732,0.2290430498248491,0.2688750807652146,-0.17390630700571497,142.36332202095844,168.06588406634262,-0.20821596021767708,-0.13899175239811223
CVX,4,CNQ|DVN|FANG|SU,0.8115684299183998,0.3933006759634652,0.012221799384531478,0.7434113882139263,0.3007664440717389,0.012054611571977925,0.012043298894710898,0.2290430498248491,0.2849522868113039,-0.24409925133816124,142.36332202095844,163.59763194730914,-0.20821596021767708,-0.19750536024363985
CVX,4,CNQ|DVN|FANG|CVE,0.8065257261486425,0.3751746321084919,0.012402125179005628,0.7391360425760534,0.27553751312844443,0.012270723207025502,0.012258639829852471,0.2290430498248491,0.28822056451406525,-0.25836852388435116,142.36332202095844,163.37499187679427,-0.20821596021767708,-0.1985808302916694
CVX,4,CNQ|DVN|FANG|KMI,0.772826081261465,0.49467237989417256,0.011174040063849092,0.7475541362619165,0.5060509339309074,0.010139903094763092,0.010122211754170643,0.2290430498248491,0.2238179509964671,0.022812736873603856,142.36332202095844,146.64920247009024,-0.20821596021767708,-0.1535110120867218
CVX,4,CNQ|DVN|FANG|PSX,0.8455708221835738,0.5300853361088296,0.010758018760562675,0.7877346072291639,0.46403273393701605,0.010535582231834604,0.010543953140914072,0.2290430498248491,0.2702256467818724,-0.1798028667035123,142.36332202095844,175.79527548820352,-0.20821596021767708,-0.1701029834728075
CVX,4,CNQ|DVN|FANG|WMB,0.7589171155500704,0.44856568962407195,0.011672458801850092,0.7208572677270734,0.4419409511659337,0.010776670983817748,0.010759062029154078,0.2290430498248491,0.22887371783311172,0.0007393020301942332,142.36332202095844,150.34841852127758,-0.20821596021767708,-0.15508023349469435
CVX,4,CNQ|DVN|FANG|TRGP,0.781063924175389,0.37353498560632525,0.01244003005629868,0.7344596033377361,0.36765960928553987,0.01145817633392402,0.011452750396083155,0.2290430498248491,0.2626857984456233,-0.1468839532415458,142.36332202095844,167.732018235991,-0.20821596021767708,-0.15768086097137324
CVX,4,CNQ|DVN|FANG|OKE,0.796435174027026,0.45405240082017895,0.011604962243268874,0.7525057172577765,0.42235668533110005,0.010963206995164801,0.01094622094106854,0.2290430498248491,0.25915656896952755,-0.13147536748094502,142.36332202095844,152.41180378301468,-0.20821596021767708,-0.16618678567173872
CVX,4,CNQ|DVN|FANG|MPC,0.8283266906099548,0.4992485623702332,0.011109413721158779,0.7617784280385015,0.39608045344433984,0.011187188756838802,0.011192416865265448,0.2290430498248491,0.27205656382575283,-0.18779663488499865,142.36332202095844,175.51958049817938,-0.20821596021767708,-0.1436262224457754
CVX,4,CNQ|DVN|FANG|SLB,0.8347571362100369,0.4743487756186541,0.011371099062584154,0.7494709802212962,0.37926739619537586,0.011357109436692457,0.011347145212331893,0.2290430498248491,0.26918430956040207,-0.17525639728535425,142.36332202095844,163.02955004039777,-0.20821596021767708,-0.20071591304779957
CVX,4,CNQ|DVN|SU|CVE,0.8161900917540439,0.39380250962084884,0.012214755818875406,0.7410321196662765,0.2494310275877356,0.012489675692969365,0.012477559161299345,0.2290430498248491,0.29485597617065123,-0.2873386745248536,142.36332202095844,163.98166500831374,-0.20821596021767708,-0.21673347902858464
CVX,4,CNQ|DVN|SU|KMI,0.814477916996083,0.5902622694728404,0.01006110956114247,0.7629293413049677,0.5439718986103446,0.009742295766127266,0.0097259075464722,0.2290430498248491,0.21938148884719322,0.042182292739483485,142.36332202095844,148.40638722802768,-0.20821596021767708,-0.16502156767916387
CVX,4,CNQ|DVN|SU|PSX,0.8454776425992027,0.5289382311135813,0.010771117204428648,0.7872352903480491,0.4608071765212174,0.010567312440142324,0.01057563334964269,0.2290430498248491,0.2708183129619532,-0.18239044218564993,142.36332202095844,175.85585426313602,-0.20821596021767708,-0.1710128072945586
CVX,4,CNQ|DVN|SU|WMB,0.8027201251617132,0.5528672954098698,0.010510771126976291,0.7341319244985485,0.475023264290638,0.010451226239401444,0.010435286164992643,0.2290430498248491,0.2259272034975961,0.01360375846215689,142.36332202095844,152.39314633763772,-0.20821596021767708,-0.16737028258718578
CVX,4,CNQ|DVN|SU|TRGP,0.8089187612217291,0.4467555104904565,0.01168737365078563,0.7479081080502811,0.3551782937483996,0.011570999725491802,0.011565226916658103,0.2290430498248491,0.27437515145541597,-0.19791956868035365,142.36332202095844,167.7359072954484,-0.20821596021767708,-0.16974789366726406
CVX,4,CNQ|DVN|SU|OKE,0.8288337636473653,0.5396879919645341,0.010657664895814382,0.7676266435373892,0.4626359430121778,0.010573052695848578,0.010557683564360806,0.2290430498248491,0.25719973155092335,-0.12293183201850422,142.36332202095844,153.80783589889094,-0.20821596021767708,-0.17666984816333087
CVX,4,CNQ|DVN|SU|MPC,0.8309966336842104,0.500086984835323,0.011099263771176137,0.7609228152261467,0.3721780619424191,0.011406677996286833,0.011411758639978913,0.2290430498248491,0.27773708125572627,-0.21259772548485478,142.36332202095844,176.05964403587265,-0.20821596021767708,-0.15360163949280103
CVX,4,CNQ|DVN|SU|SLB,0.8470602571104219,0.5112825916536705,0.01096690584447094,0.7547008125749108,0.41067121258844874,0.011064881519606438,0.011056385228484575,0.2290430498248491,0.26381100061298174,-0.15179657629742516,142.36332202095844,163.70443720396963,-0.20821596021767708,-0.20106387579986895
CVX,4,CNQ|DVN|CVE|KMI,0.7993305054931378,0.5540810758322234,0.010496310594382888,0.7592354098837159,0.5075622265556451,0.010124073763963301,0.01010671486981946,0.2290430498248491,0.23397142834532597,-0.021517258542643525,142.36332202095844,147.6978281089471,-0.20821596021767708,-0.17165204838109893
CVX,4,CNQ|DVN|CVE|PSX,0.8454776394309376,0.5289381984941506,0.010771117569269219,0.7872352787220666,0.46080710901103916,0.010567313120407948,0.01057563401170906,0.2290430498248491,0.2708183250092729,-0.18239049478414482,142.36332202095844,175.8558439099388,-0.20821596021767708,-0.17101284560020924
CVX,4,CNQ|DVN|CVE|WMB,0.789343775110012,0.5161548037302763,0.01093277065907999,0.7372206814810024,0.4454187589241897,0.010742410481048601,0.010725484553140754,0.2290430498248491,0.24049345544071568,-0.04999237315702354,142.36332202095844,151.6565575999161,-0.20821596021767708,-0.16211621494186745
CVX,4,CNQ|DVN|CVE|TRGP,0.8070982736140545,0.4409610305481595,0.011748194188415181,0.7464812212279843,0.34726036325645104,0.011642102497366044,0.01163601645717574,0.2290430498248491,0.2755129481999078,-0.2028871795524665,142.36332202095844,167.64989970261502,-0.20821596021767708,-0.1701437356832597
CVX,4,CNQ|DVN|CVE|OKE,0.8146585587906211,0.4995553859084484,0.011107899123024923,0.7580234264737101,0.4027052416247612,0.01114783865979465,0.011130859115407668,0.2290430498248491,0.26848996184820734,-0.17222488110214895,142.36332202095844,153.12788379109742,-0.20821596021767708,-0.18288980640554875
CVX,4,CNQ|DVN|CVE|MPC,0.8309965866958645,0.5000870715230321,0.011099262835796181,0.7609227830413823,0.37217807645699785,0.011406677843338422,0.011411758508065022,0.2290430498248491,0.2777370572154254,-0.21259762052510633,142.36332202095844,176.05965895852114,-0.20821596021767708,-0.15360160197618833
CVX,4,CNQ|DVN|CVE|SLB,0.8353807942144488,0.47331328946188134,0.0113819438310186,0.7473347358937513,0.3667678945395627,0.011471041044382402,0.011460822779799474,0.2290430498248491,0.2711640316566613,-0.18389984705505102,142.36332202095844,163.08813588012725,-0.20821596021767708,-0.20423064261705948
CVX,4,CNQ|DVN|KMI|PSX,0.8396484498392601,0.6265361278401466,0.009604067016168902,0.8013629377311445,0.5930122435457542,0.009193197731995685,0.009188085043111556,0.2290430498248491,0.2338098258680325,-0.020811703506518064,142.36332202095844,161.70729609525782,-0.20821596021767708,-0.15120128420691048
CVX,4,CNQ|DVN|KMI|WMB,0.7993305468981625,0.5540811275385933,0.010496309985121887,0.7592354352301295,0.507562293886032,0.010124073075519826,0.010106714178880337,0.2290430498248491,0.23397142171847282,-0.021517229609859356,142.36332202095844,147.69781621097152,-0.20821596021767708,-0.17165203174489307
CVX,4,CNQ|DVN|KMI|TRGP,0.7993305926677505,0.554081111730647,0.010496310165349777,0.7592354385333034,0.5075621785867217,0.010124074256098507,0.010106715362072742,0.2290430498248491,0.23397147480291078,-0.021517461376062252,142.36332202095844,147.69783138967523,-0.20821596021767708,-0.17165207853954245
CVX,4,CNQ|DVN|KMI|OKE,0.7993306952089024,0.5540812279450282,0.01049630879500498,0.7592354972946815,0.5075623145509818,0.010124072866152979,0.010106713966818243,0.2290430498248491,0.2339714681922772,-0.02151743251409255,142.36332202095844,147.69780652020498,-0.20821596021767708,-0.17165204791479505
CVX,4,CNQ|DVN|KMI|MPC,0.8220572527285351,0.6043945165735929,0.00988635621864213,0.7784720829417533,0.5487597420705665,0.00968383898251427,0.009674716629615948,0.2290430498248491,0.23273890363288827,-0.016136066171252184,142.36332202095844,159.1482353282337,-0.20821596021767708,-0.1352288373364796
CVX,4,CNQ|DVN|KMI|SLB,0.8212867147512473,0.6056119517198462,0.009870880685980717,0.762250381126764,0.5458173123617835,0.009722634262720338,0.009706208630739148,0.2290430498248491,0.21750397241120853,0.05037951346903824,142.36332202095844,148.20194281631444,-0.20821596021767708,-0.1632616211408494
CVX,4,CNQ|DVN|PSX|WMB,0.8347305650159093,0.6092151745550909,0.0098237184963217,0.7893680982384425,0.5635997082408339,0.009516382882798491,0.00951430019653497,0.2290430498248491,0.236018554495621,-0.030454993836774857,142.36332202095844,165.18840536040292,-0.20821596021767708,-0.14077082222355353
CVX,4,CNQ|DVN|PSX|TRGP,0.8424248560301114,0.555351689330877,0.010475595884983256,0.7922140253020382,0.5090192368762019,0.01007875035263027,0.010091752069218704,0.2290430498248491,0.25931159155028877,-0.13215219474498885,142.36332202095844,177.43890252532512,-0.20821596021767708,-0.14521879404819282
CVX,4,CNQ|DVN|PSX|OKE,0.8455453023747668,0.5789681109365296,0.010188019921093599,0.7967640212763529,0.5265694389436575,0.009910343003744593,0.009909744987321684,0.2290430498248491,0.2572811361223249,-0.12328724368222321,142.36332202095844,167.47353758109804,-0.20821596021767708,-0.1576440695641964
CVX,4,CNQ|DVN|PSX|MPC,0.8454776528542305,0.5289382677573721,0.01077111679465121,0.7872353110403634,0.4608072761102543,0.010567311437553536,0.010575632372981706,0.2290430498248491,0.2708182976446438,-0.18239037531040814,142.36332202095844,175.85586891328353,-0.20821596021767708,-0.17101274919531873
CVX,4,CNQ|DVN|PSX|SLB,0.8556266200059607,0.5637822371340648,0.010363359945887406,0.7894900500822357,0.5057776951186264,0.010117389687378766,0.010125011029364068,0.2290430498248491,0.2584988090087573,-0.12860359310807845,142.36332202095844,174.0475921786304,-0.20821596021767708,-0.16817374352791292
CVX,4,CNQ|DVN|WMB|TRGP,0.789343611715741,0.5161547946879876,0.010932770789552607,0.7372205838411244,0.4454189536758888,0.010742408613570037,0.01072548266991214,0.2290430498248491,0.24049330979538572,-0.04999173727075634,142.36332202095844,151.65651877318686,-0.20821596021767708,-0.162116108722009
CVX,4,CNQ|DVN|WMB|OKE,0.7930007839796077,0.5203345448221286,0.010884967989641847,0.741623839205023,0.4504308786913882,0.010693772200840187,0.010676907878065911,0.2290430498248491,0.24205029164828654,-0.05678950674724326,142.36332202095844,151.58322810650793,-0.20821596021767708,-0.16316041051257335
CVX,4,CNQ|DVN|WMB|MPC,0.8146201393486536,0.5790221917817193,0.01019804350187405,0.7603410333359795,0.5010726891991494,0.010179241162796322,0.010173092018041079,0.2290430498248491,0.23723223845383623,-0.03575392763609053,142.36332202095844,163.48253356829906,-0.20821596021767708,-0.1294851193343871
CVX,4,CNQ|DVN|WMB|SLB,0.8147399912231765,0.5744888769106555,0.010251511043204492,0.7434555970059914,0.4936528021160299,0.010263998268003472,0.010248458328488107,0.2290430498248491,0.2258154067981141,0.014091861897591818,142.36332202095844,152.41206413006032,-0.20821596021767708,-0.1671118166990806
CVX,4,CNQ|DVN|TRGP|OKE,0.8146584684083101,0.4995554564195438,0.011107898380298345,0.758023400233172,0.4027053737107352,0.011147837428579445,0.01113085788466654,0.2290430498248491,0.26848990838048814,-0.17222464766254353,142.36332202095844,153.12788002612572,-0.20821596021767708,-0.18288975818748598
CVX,4,CNQ|DVN|TRGP|MPC,0.8295217738953834,0.5226973935289683,0.010853067776176367,0.7662089748047777,0.41965494960571337,0.010964051141365016,0.010971789744206354,0.2290430498248491,0.26839664620797166,-0.17181746581359492,142.36332202095844,176.6390360754015,-0.20821596021767708,-0.139040228377877
CVX,4,CNQ|DVN|TRGP|SLB,0.8269713155488957,0.517014599365725,0.010920723550614174,0.7475866541715646,0.43920626648184935,0.010789277327180527,0.010785391397832864,0.2290430498248491,0.2499300715002116,-0.09119255830436668,142.36332202095844,167.21192653104774,-0.20821596021767708,-0.16903124799641966
CVX,4,CNQ|DVN|OKE|MPC,0.832158727940124,0.5606231678968879,0.010410554970221102,0.7739546528160066,0.46451575168191217,0.010544229415664234,0.010539200924918815,0.2290430498248491,0.2608219793351736,-0.13874653491833122,142.36332202095844,165.52075667361322,-0.20821596021767708,-0.1419084004474186
CVX,4,CNQ|DVN|OKE|SLB,0.8344122153385765,0.5584020698595773,0.010432712458405902,0.7644751864730369,0.48192688769221204,0.010381612318881156,0.010366445306981843,0.2290430498248491,0.24829964138411498,-0.08407411433785716,142.36332202095844,153.46860201279455,-0.20821596021767708,-0.17445942614305343
CVX,4,CNQ|DVN|MPC|SLB,0.8481091246864696,0.5571041617733561,0.010445045375173007,0.7661048851543438,0.45059800412290396,0.010669920334704128,0.010675284316582281,0.2290430498248491,0.2592495607082965,-0.13188136861846078,142.36332202095844,174.09897877422844,-0.20821596021767708,-0.1517073104601112
CVX,4,CNQ|FANG|SU|CVE,0.7838402814882998,0.3140225772622851,0.013000621151753973,0.7188872870946262,0.23755191035447443,0.012588637874564431,0.012575911555916513,0.2290430498248491,0.28542998809426234,-0.2461848910610156,142.36332202095844,163.58391677303936,-0.20821596021767708,-0.1886182973867515
CVX,4,CNQ|FANG|SU|KMI,0.785988619054351,0.5274930197182834,0.010803545509599007,0.7499162952732474,0.5352538355319489,0.009835368938554129,0.009818434363728668,0.2290430498248491,0.209431917282967,0.08562203724094175,142.36332202095844,147.31680304461685,-0.20821596021767708,-0.15880512038479178
CVX,4,CNQ|FANG|SU|PSX,0.8303591332483146,0.5104115806245875,0.010985466436525251,0.776967987071411,0.46758689802683906,0.01050045794178411,0.010508934889042865,0.2290430498248491,0.26159016582380773,-0.14210043056904653,142.36332202095844,175.76250638574646,-0.20821596021767708,-0.14689063308549766
CVX,4,CNQ|FANG|SU|WMB,0.7705637965650703,0.482079262197186,0.011311646028179818,0.7166337973019313,0.4633737108178517,0.01056728385884794,0.010550433549899318,0.2290430498248491,0.21533984246131696,0.0598280863532471,142.36332202095844,151.09427416496294,-0.20821596021767708,-0.16003667242965725
CVX,4,CNQ|FANG|SU|TRGP,0.7833116880429714,0.38088287605023374,0.012367071645533958,0.7362597941430697,0.3776599599559777,0.011366817872182744,0.01136182787860495,0.2290430498248491,0.2610292060064143,-0.13965128479569788,142.36332202095844,167.86599387819453,-0.20821596021767708,-0.15824927304081637
CVX,4,CNQ|FANG|SU|OKE,0.8040365582671718,0.47856286794249847,0.011346122819882069,0.7575514817852632,0.47072295956740506,0.010493667261530787,0.010477938900343554,0.2290430498248491,0.2469636454219062,-0.07824116737338738,142.36332202095844,152.92383704866162,-0.20821596021767708,-0.16941065752930917
CVX,4,CNQ|FANG|SU|MPC,0.8126886360930649,0.46516775965494317,0.011484561699397865,0.7468546875504047,0.37177175648741057,0.011410662308812412,0.011415450697850205,0.2290430498248491,0.2691060315702168,-0.1749146362485312,142.36332202095844,175.85729744720427,-0.20821596021767708,-0.14095041981053535
CVX,4,CNQ|FANG|SU|SLB,0.8172991953034738,0.44494359369269787,0.011693360317427452,0.7398626823231939,0.39808605154420806,0.011182731349478087,0.01117381657488629,0.2290430498248491,0.25760566787822753,-0.12470414655769058,142.36332202095844,163.61717522256578,-0.20821596021767708,-0.19320920372042094
CVX,4,CNQ|FANG|CVE|KMI,0.7728260791071592,0.49467239232541604,0.011174039925843364,0.7475541269138686,0.5060508270244669,0.01013990418532244,0.010122212849556425,0.2290430498248491,0.22381799486757442,0.02281254533272381,142.36332202095844,146.64922896462033,-0.20821596021767708,-0.15351107105126371
CVX,4,CNQ|FANG|CVE|PSX,0.8303591322100848,0.5104115822847749,0.010985466418306672,0.7769679864407424,0.4675868968315223,0.010500457953426436,0.01050893490083963,0.2290430498248491,0.2615901657403478,-0.14210043020466134,142.36332202095844,175.76250652505843,-0.20821596021767708,-0.1468906344183336
CVX,4,CNQ|FANG|CVE|WMB,0.7589170693669951,0.44856570241217686,0.01167245866931918,0.720857249688311,0.44194097043132485,0.010776670798314429,0.010759061843441168,0.2290430498248491,0.22887369510322694,0.000739401268677109,142.36332202095844,150.34841720555116,-0.20821596021767708,-0.15508022793597598
CVX,4,CNQ|FANG|CVE|TRGP,0.7810639306128095,0.373534986903754,0.012440030041394688,0.734459604417057,0.36765959756737576,0.011458176441834824,0.011452750502201008,0.2290430498248491,0.2626858024315994,-0.1468839706442835,142.36332202095844,167.73201691806676,-0.20821596021767708,-0.15768086747169396
CVX,4,CNQ|FANG|CVE|OKE,0.7909524602749638,0.44039042005422135,0.011750066901435458,0.7482784954621456,0.41473540611741067,0.011035397005335342,0.01101819514642426,0.2290430498248491,0.25857560678800806,-0.1289388915565992,142.36332202095844,152.28190491397788,-0.20821596021767708,-0.16542528109152732
CVX,4,CNQ|FANG|CVE|MPC,0.8126886351196372,0.4651677519439267,0.011484561781352959,0.7468546875164104,0.3717717539730613,0.011410662333694341,0.011415450720694156,0.2290430498248491,0.26910603227859514,-0.17491463934130502,142.36332202095844,175.8572960241093,-0.20821596021767708,-0.1409504250031215
CVX,4,CNQ|FANG|CVE|SLB,0.810198755715912,0.420406456207326,0.011947612040511526,0.7343999599855078,0.3696567159520705,0.011444609266613417,0.011434650609641163,0.2290430498248491,0.26223232612193204,-0.14490409694798867,142.36332202095844,163.2866832235288,-0.20821596021767708,-0.19174250014333183
CVX,4,CNQ|FANG|KMI|PSX,0.8204104250734003,0.5964273976755912,0.009985292884282735,0.7937833820069732,0.5973484925652979,0.009146573666414035,0.009139006763855321,0.2290430498248491,0.22275730742396915,0.027443497655513682,142.36332202095844,159.2494264983937,-0.20821596021767708,-0.13243023233574558
CVX,4,CNQ|FANG|KMI|WMB,0.7728260798002634,0.494672391791967,0.011174039931733312,0.747554127114846,0.5060508277783687,0.010139904177663877,0.01012221284183179,0.2290430498248491,0.22381799469138786,0.022812546101952824,142.36332202095844,146.64922865410188,-0.20821596021767708,-0.1535110703616963
CVX,4,CNQ|FANG|KMI|TRGP,0.7728260769372384,0.494672393151701,0.011174039916778825,0.7475541269679618,0.506050832854471,0.010139904125742102,0.010122212789820985,0.2290430498248491,0.22381799202571925,0.02281255774023916,142.36332202095844,146.64922793710636,-0.20821596021767708,-0.15351106875942455
CVX,4,CNQ|FANG|KMI|OKE,0.7728261023645353,0.49467237743845516,0.011174040090004535,0.7475541312176696,0.5060508230745882,0.01013990422671827,0.010122212890027708,0.2290430498248491,0.22381800107350827,0.02281251823766961,142.36332202095844,146.6492256858104,-0.20821596021767708,-0.1535110638058771
CVX,4,CNQ|FANG|KMI|MPC,0.8015316062279219,0.5623433463163037,0.010398941865282646,0.7690432575590674,0.5474461498642933,0.009699635797938184,0.009688788287281565,0.2290430498248491,0.22383986435049777,0.022717063356998857,142.36332202095844,157.2577346891727,-0.20821596021767708,-0.12869646805163482
CVX,4,CNQ|FANG|KMI|SLB,0.7978677396654904,0.5582049179122299,0.010447948886796534,0.7566372031069931,0.5470804745801068,0.009709414565345763,0.00969270189336324,0.2290430498248491,0.2097684155360736,0.08415288874085014,142.36332202095844,147.26871013385104,-0.20821596021767708,-0.15812533047307298
CVX,4,CNQ|FANG|PSX|WMB,0.8140793034782345,0.5773207770091799,0.010218686747773844,0.7787531917912701,0.5647503394710893,0.009506496377953687,0.009501749017259361,0.2290430498248491,0.2245041331991734,0.019816871235109113,142.36332202095844,162.89463334180653,-0.20821596021767708,-0.13009990357988666
CVX,4,CNQ|FANG|PSX|TRGP,0.8251266541172262,0.5268570741377958,0.010810214493624959,0.7848868067995939,0.5229765345940783,0.009933979920237678,0.00994727685790607,0.2290430498248491,0.24851821382248268,-0.08502839973763177,142.36332202095844,177.1794281023611,-0.20821596021767708,-0.1289374012262977
CVX,4,CNQ|FANG|PSX|OKE,0.8298663736705942,0.5553973996341208,0.010472972864435083,0.7904377899792737,0.5378938560766693,0.009793027982858013,0.009790507522540974,0.2290430498248491,0.2480067303618497,-0.08279526731547748,142.36332202095844,165.5929707826838,-0.20821596021767708,-0.1382616834725683
CVX,4,CNQ|FANG|PSX|MPC,0.8303591751536523,0.5104114958352479,0.010985467369160984,0.7769680105979833,0.46758693582226296,0.010500457579186823,0.01050893451603396,0.2290430498248491,0.2615901712061384,-0.14210045406825644,142.36332202095844,175.76249825272697,-0.20821596021767708,-0.14689058077078354
CVX,4,CNQ|FANG|PSX|SLB,0.8414977549345266,0.5478945932019172,0.010555261573200943,0.7816987011806618,0.5113358572240246,0.010059398090345992,0.010067915696691594,0.2290430498248491,0.25042758956025524,-0.09336471790678225,142.36332202095844,174.47901176767465,-0.20821596021767708,-0.15106733120761018
CVX,4,CNQ|FANG|WMB|TRGP,0.7589170386494163,0.44856567746337217,0.011672458935520843,0.7208572239929195,0.44194098817893446,0.010776670631870126,0.010759061672359238,0.2290430498248491,0.22887366689056546,0.0007395244449162064,142.36332202095844,150.34840583196788,-0.20821596021767708,-0.15508019855701716
CVX,4,CNQ|FANG|WMB|OKE,0.758917161204439,0.4485656690541059,0.011672459016840204,0.7208572823132753,0.44194093329006745,0.010776671156994832,0.010759062201472361,0.2290430498248491,0.22887373719970633,0.0007392174758075187,142.36332202095844,150.3484173340115,-0.20821596021767708,-0.1550802329037152
CVX,4,CNQ|FANG|WMB|MPC,0.7921548864691842,0.5336345014606725,0.01073445983202049,0.7476107775349021,0.49731781504171224,0.010219654874547072,0.010211301070606995,0.2290430498248491,0.2276260419666406,0.006186644210737224,142.36332202095844,161.45976231760275,-0.20821596021767708,-0.12611358962616648
CVX,4,CNQ|FANG|WMB|SLB,0.7856835706910908,0.5159192376853201,0.010936023016113986,0.7323337994686101,0.49038208148941165,0.010297760454401686,0.010281504712896957,0.2290430498248491,0.21670219263098295,0.053880077144027316,142.36332202095844,151.19963407304786,-0.20821596021767708,-0.16039100805771211
CVX,4,CNQ|FANG|TRGP|OKE,0.7905014475620477,0.43837619755230894,0.011772469911880202,0.7487147119827819,0.4178255012521863,0.011005551111025457,0.01098906957525432,0.2290430498248491,0.2579180154457337,-0.12606785337064563,142.36332202095844,153.48295659212707,-0.20821596021767708,-0.1640066646189564
CVX,4,CNQ|FANG|TRGP|MPC,0.8090247102605984,0.48092306763702375,0.01132262473407872,0.7569868029684784,0.43817244101355013,0.010787898364730994,0.010795328276147202,0.2290430498248491,0.2566186208007226,-0.12039470744456438,142.36332202095844,175.9001453716374,-0.20821596021767708,-0.13151839689571743
CVX,4,CNQ|FANG|TRGP|SLB,0.8055886805294251,0.46356490856573374,0.011511555163491593,0.741695595163242,0.44770133136670043,0.01070668739522246,0.010703389559322884,0.2290430498248491,0.2425859700521533,-0.059128274084983445,142.36332202095844,167.48565800779232,-0.20821596021767708,-0.16089092539801253
CVX,4,CNQ|FANG|OKE|MPC,0.8144077702056342,0.5218678565647985,0.01086262883720697,0.7655625677496407,0.47068251149971463,0.010484811100482846,0.010478339261829839,0.2290430498248491,0.25273189334820423,-0.10342528857116662,142.36332202095844,164.03361154651532,-0.20821596021767708,-0.13568134011764
CVX,4,CNQ|FANG|OKE|SLB,0.813807847115843,0.5135024710005088,0.010954342663868927,0.7592830002369698,0.49003917260125107,0.010300400675901631,0.010284963212241578,0.2290430498248491,0.24114096879998564,-0.05281941095522402,142.36332202095844,152.72454059019455,-0.20821596021767708,-0.16974722024822586
CVX,4,CNQ|FANG|MPC|SLB,0.8317850328312408,0.5299207134724568,0.01076535854914055,0.7559109170714251,0.4484524073956744,0.010690049617332132,0.010696109264492297,0.2290430498248491,0.25259210112594027,-0.10281495692228737,142.36332202095844,174.65191363729903,-0.20821596021767708,-0.14748227304887862
CVX,4,CNQ|SU|CVE|KMI,0.727553424862076,0.4577956755307724,0.011570893384283121,0.7054380573843693,0.43784944513935653,0.010812737874657584,0.010798430959019471,0.2290430498248491,0.21733085173268682,0.05113535687338555,142.36332202095844,156.203045305081,-0.20821596021767708,-0.15390282958676782
CVX,4,CNQ|SU|CVE|PSX,0.8039276643997829,0.5108945756996404,0.010989298794495611,0.7515589367635767,0.40125788692117925,0.011124517592241853,0.011144337011641603,0.2290430498248491,0.2635585513229522,-0.1506943848525304,142.36332202095844,184.9588597836116,-0.20821596021767708,-0.15999812271414848
CVX,4,CNQ|SU|CVE|WMB,0.6951826844408853,0.411155723729164,0.012053408803929388,0.661305023449631,0.36767913641477235,0.011469180647075394,0.011452573560104543,0.2290430498248491,0.2117187971941949,0.0756375390735593,142.36332202095844,154.92437957740378,-0.20821596021767708,-0.156206486235563
CVX,4,CNQ|SU|CVE|TRGP,0.720214264613824,0.3298792054264619,0.012863399156558963,0.6943893190285686,0.2864866430516665,0.01216378208392037,0.012165651960313948,0.2290430498248491,0.2596428717443778,-0.13359856124396075,142.36332202095844,175.85914357075993,-0.20821596021767708,-0.15152597541486845
CVX,4,CNQ|SU|CVE|OKE,0.7482534274559246,0.43502953869189886,0.011814252618367558,0.7194811185475521,0.36329194120351294,0.011510496558759525,0.011492235247212107,0.2290430498248491,0.25470099098187127,-0.11202235202789601,142.36332202095844,152.09095403460879,-0.20821596021767708,-0.16346786001641134
CVX,4,CNQ|SU|CVE|MPC,0.7757986114337835,0.4582856705859012,0.011567622558647125,0.70812588729103,0.2592049058611443,0.012379363978606362,0.012396051814489288,0.2290430498248491,0.27383343636919844,-0.1955544452390101,142.36332202095844,187.06046867525046,-0.20821596021767708,-0.14556231351985505
CVX,4,CNQ|SU|CVE|SLB,0.7767382082211698,0.40936822739506074,0.012071708933310572,0.6811495326686205,0.25401146756127213,0.012447846752191101,0.012439427973287849,0.2290430498248491,0.2605416156839736,-0.13752246961089498,142.36332202095844,167.7279634853986,-0.20821596021767708,-0.20297161787216045
CVX,4,CNQ|SU|KMI|PSX,0.7964282167667576,0.5940069906994432,0.010014216473352273,0.7741372985170853,0.5695342853203635,0.009454468431284703,0.009449386600402883,0.2290430498248491,0.21609100756570587,0.05654850592082039,142.36332202095844,162.45270879958485,-0.20821596021767708,-0.13169126117493535
CVX,4,CNQ|SU|KMI|WMB,0.7104417779322632,0.453002141077374,0.011614380087882898,0.7091312338736737,0.469435520512556,0.010509291957795111,0.010490674682771576,0.2290430498248491,0.2042814174654525,0.10810907547001314,142.36332202095844,145.54536930428372,-0.20821596021767708,-0.15237888686302303
CVX,4,CNQ|SU|KMI|TRGP,0.7104417860865402,0.4530021542588466,0.011614379948727323,0.7091312379190983,0.4694355255312015,0.010509291907814107,0.010490674633155572,0.2290430498248491,0.2042814188251228,0.10810906953370425,142.36332202095844,145.5453707647559,-0.20821596021767708,-0.15237889048754938
CVX,4,CNQ|SU|KMI|OKE,0.7104417771148328,0.45300213889841634,0.011614380111432803,0.7091312332762696,0.46943551818733364,0.010509291980818965,0.010490674705759498,0.2290430498248491,0.2042814182543457,0.10810907202571218,142.36332202095844,145.54536933725407,-0.20821596021767708,-0.15237888681927136
CVX,4,CNQ|SU|KMI|MPC,0.766918145969445,0.5468924515848639,0.010576682899681928,0.7386808766870282,0.5011852636547467,0.010181059455603055,0.010171944260764018,0.2290430498248491,0.21699394470524497,0.05260629007873485,142.36332202095844,160.56627125756486,-0.20821596021767708,-0.11938231883592265
CVX,4,CNQ|SU|KMI|SLB,0.7861024572113334,0.5822241213754984,0.010152426350562332,0.7043097218792579,0.48053945362570516,0.010398299506231667,0.010380317038985915,0.2290430498248491,0.18977674139253595,0.17143636736561263,142.36332202095844,147.34167183690005,-0.20821596021767708,-0.1633320991669147
CVX,4,CNQ|SU|PSX|WMB,0.7872835050810119,0.5720046001171208,0.010282419605907691,0.7527454601445797,0.5239154264774935,0.009938572885248192,0.009937482772038101,0.2290430498248491,0.2188463658534458,0.044518635161384656,142.36332202095844,167.16133924252338,-0.20821596021767708,-0.123875146463852
CVX,4,CNQ|SU|PSX|TRGP,0.8050584695261342,0.5391952557106039,0.010670069716338512,0.7682669126751137,0.4955255408364584,0.01020422352593806,0.010229488673007428,0.2290430498248491,0.2448369490849237,-0.06895602932353673,142.36332202095844,185.07611551406734,-0.20821596021767708,-0.13530078957581226
CVX,4,CNQ|SU|PSX|OKE,0.8135319852903641,0.5762226780216748,0.01023106804041693,0.7767924714258525,0.518422836954488,0.009994438004271956,0.009994642769186034,0.2290430498248491,0.24399763946101968,-0.06529161067147182,142.36332202095844,168.33725279648837,-0.20821596021767708,-0.1435877741745073
CVX,4,CNQ|SU|PSX|MPC,0.8039276639968871,0.5108945751409095,0.01098929880076821,0.751558936469868,0.4012578859724092,0.011124517601341685,0.011144337020471292,0.2290430498248491,0.26355855140805645,-0.15069438522409473,142.36332202095844,184.95885964893782,-0.20821596021767708,-0.1599981231721409
CVX,4,CNQ|SU|PSX|SLB,0.8290223165795755,0.5641556638088661,0.01037065254113141,0.7557822997869745,0.4627455405042812,0.010541910071907079,0.010556606869119854,0.2290430498248491,0.24733899218456531,-0.0798799281345024,142.36332202095844,179.93617938203184,-0.20821596021767708,-0.15266959579558004
CVX,4,CNQ|SU|WMB|TRGP,0.6881843494199446,0.4036543755057822,0.012126298234551544,0.6637023212900772,0.3802864555801866,0.011355896689801146,0.01133782705780352,0.2290430498248491,0.20809918686390816,0.09144072687189975,142.36332202095844,151.84599438298562,-0.20821596021767708,-0.15449171309359466
CVX,4,CNQ|SU|WMB|OKE,0.7305506685207253,0.46322959766104777,0.011513570904799273,0.7100657538762181,0.43979462214477216,0.01079740782750897,0.010779732176821077,0.2290430498248491,0.22067699127049376,0.03652614022015921,142.36332202095844,150.28870598578322,-0.20821596021767708,-0.15784833218105054
CVX,4,CNQ|SU|WMB|MPC,0.7518330644002155,0.5118123014509603,0.010979391503506923,0.7069210442661641,0.42782563255661943,0.01089966208861007,0.010894280001020195,0.2290430498248491,0.22269467581150737,0.02771694674078251,142.36332202095844,166.19784254579272,-0.20821596021767708,-0.11580057100859176
CVX,4,CNQ|SU|WMB|SLB,0.7682575071061613,0.5430644403224774,0.01061827113337407,0.6555690269856442,0.38936610925226145,0.011272065008654256,0.011254463221504231,0.2290430498248491,0.19602666938913213,0.14414923509342392,142.36332202095844,152.44206879897024,-0.20821596021767708,-0.16736212993707023
CVX,4,CNQ|SU|TRGP|OKE,0.7461218418549895,0.43218188460154217,0.011844285221804807,0.7188417758318344,0.36388792358864264,0.011505197308826738,0.011486855408525969,0.2290430498248491,0.2541142682670112,-0.10946072566416776,142.36332202095844,151.90288407807995,-0.20821596021767708,-0.1624656984440107
CVX,4,CNQ|SU|TRGP|MPC,0.7801453862987212,0.49340313730427443,0.0111871934653471,0.7308370515452136,0.3882401643189912,0.011244624996392154,0.011264834468494748,0.2290430498248491,0.25355014385133956,-0.10699776328175514,142.36332202095844,185.58967198092975,-0.20821596021767708,-0.12648036927477235
CVX,4,CNQ|SU|TRGP|SLB,0.7829930311786771,0.4656698899069007,0.011489644403234623,0.6998950011661065,0.37285890923180387,0.011406211932156567,0.011405569168028196,0.2290430498248491,0.2379137103572745,-0.03872922814819679,142.36332202095844,171.66741961638976,-0.20821596021767708,-0.15923988934846733
CVX,4,CNQ|SU|OKE|MPC,0.7927126079212629,0.5428730658904873,0.010627231541274349,0.7443299518398789,0.4344608342538543,0.010835128428987038,0.010830928216936498,0.2290430498248491,0.24915216010557673,-0.08779620379708186,142.36332202095844,167.06709929297844,-0.20821596021767708,-0.1360078294757857
CVX,4,CNQ|SU|OKE|SLB,0.810752019960595,0.5681448132757199,0.010328457532409057,0.7364281654379675,0.4785948270572311,0.010415350971346538,0.010399728507331682,0.2290430498248491,0.22635355283300254,0.011742320903879166,142.36332202095844,152.8223055518065,-0.20821596021767708,-0.17340759641963344
CVX,4,CNQ|SU|MPC|SLB,0.8181761403047264,0.5488663503366082,0.010553037238793306,0.7217282057543157,0.3789047315739268,0.011338300611364314,0.01135045952770137,0.2290430498248491,0.2505242482673788,-0.09378672899682616,142.36332202095844,180.77500488481002,-0.20821596021767708,-0.1505396009025829
CVX,4,CNQ|CVE|KMI|PSX,0.8057368439069312,0.6007655959266119,0.00993152844036604,0.7739288538499318,0.563886526099881,0.009508108150367437,0.009511173113682879,0.2290430498248491,0.21901586639565657,0.04377859724126276,142.36332202095844,169.10804450518694,-0.20821596021767708,-0.12707929723359146
CVX,4,CNQ|CVE|KMI|WMB,0.7275534245686688,0.45779567559447976,0.011570893383547453,0.7054380576988251,0.4378494460657596,0.010812737865908415,0.010798430950121769,0.2290430498248491,0.21733085158585164,0.05113535751446674,142.36332202095844,156.20304506837894,-0.20821596021767708,-0.15390282958465484
CVX,4,CNQ|CVE|KMI|TRGP,0.7275537072450231,0.457795810556172,0.011570892002530832,0.7054379929153377,0.43784895663812007,0.010812742467888553,0.01079843565086375,0.2290430498248491,0.2173310186503166,0.05113462811243907,142.36332202095844,156.2031985631358,-0.20821596021767708,-0.15390293150772372
CVX,4,CNQ|CVE|KMI|OKE,0.7275534240791517,0.45779567518175046,0.011570893387844354,0.7054380575938652,0.43784944654578983,0.01081273786142853,0.010798430945511282,0.2290430498248491,0.21733085127320728,0.051135358879469295,142.36332202095844,156.20304487053883,-0.20821596021767708,-0.15390282931708643
CVX,4,CNQ|CVE|KMI|MPC,0.7669181712628442,0.54689248052566,0.010576682566363465,0.7386808774709557,0.501185234877102,0.010181059739101151,0.010171944554184173,0.2290430498248491,0.21699396073546443,0.05260622009093363,142.36332202095844,160.56628247049719,-0.20821596021767708,-0.1193823205988237
CVX,4,CNQ|CVE|KMI|SLB,0.7781838454290206,0.5528491068352291,0.010509994130697023,0.713578965403484,0.47874313431660664,0.010414670227450549,0.010398249365001697,0.2290430498248491,0.203255921516628,0.11258638202704996,142.36332202095844,151.34175216088198,-0.20821596021767708,-0.16013841046234145
CVX,4,CNQ|CVE|PSX|WMB,0.793347930938182,0.5779389248024317,0.010211410122944985,0.7531916612425174,0.5215487420388907,0.00995843082942767,0.009962152474263339,0.2290430498248491,0.22037825101643896,0.03783043761876281,142.36332202095844,170.86307288242145,-0.20821596021767708,-0.12178479349012872
CVX,4,CNQ|CVE|PSX|TRGP,0.8050584561438685,0.5391952505883035,0.01067006977644686,0.7682668997855852,0.4955254998789521,0.010204223957731033,0.010229489088265653,0.2290430498248491,0.24483695471167546,-0.06895605388988701,142.36332202095844,185.07610775230015,-0.20821596021767708,-0.13530078342242124
CVX,4,CNQ|CVE|PSX|OKE,0.8135319701983228,0.5762226741496268,0.010231068088902619,0.7767924715523925,0.5184228664361907,0.009994437719710569,0.009994642463254695,0.2290430498248491,0.243997628721949,-0.06529156378478085,142.36332202095844,168.33723541718092,-0.20821596021767708,-0.14358776200462364
CVX,4,CNQ|CVE|PSX|MPC,0.8039276647078708,0.5108945761268925,0.01098929878969906,0.7515589369881709,0.4012578876466877,0.011124517585283366,0.01114433700488969,0.2290430498248491,0.26355855125787436,-0.150694384568401,142.36332202095844,184.95885988659427,-0.20821596021767708,-0.1599981223639294
CVX,4,CNQ|CVE|PSX|SLB,0.8290223645808976,0.5641557267000414,0.01037065179580923,0.7557823383464188,0.46274561877333087,0.01054190926041191,0.0105566061001587,0.2290430498248491,0.24733899257058556,-0.07987992981986358,142.36332202095844,179.93620350598104,-0.20821596021767708,-0.1526695278930198
CVX,4,CNQ|CVE|WMB|TRGP,0.6875968127667094,0.38110251623396574,0.012361893285941864,0.6596224738292722,0.33854957994359924,0.011729367519072458,0.01171340021993193,0.2290430498248491,0.22203760953494148,0.030585692494335626,142.36332202095844,156.79070686587113,-0.20821596021767708,-0.154822854681675
CVX,4,CNQ|CVE|WMB|OKE,0.7278788058524157,0.43905340614922583,0.011772463528560404,0.7054276714084895,0.40340780053771197,0.011140769249787456,0.011124310937068602,0.2290430498248491,0.23173478088441593,-0.011752074824471714,142.36332202095844,154.01057049563758,-0.20821596021767708,-0.15726954147548655
CVX,4,CNQ|CVE|WMB|MPC,0.7518329744172322,0.5118122014612306,0.010979392610277777,0.7069209825782947,0.42782564533897405,0.010899661994300045,0.010894279879331285,0.2290430498248491,0.22269461978034463,0.027717191372360617,142.36332202095844,166.19781753148726,-0.20821596021767708,-0.11580053557498848
CVX,4,CNQ|CVE|WMB|SLB,0.7501578651739659,0.4967714984787288,0.011149681001626333,0.6753628359228564,0.4005343516584484,0.011168713078124547,0.011151068529369883,0.2290430498248491,0.2085566187777212,0.08944358304167721,142.36332202095844,151.94366936571637,-0.20821596021767708,-0.162696540909957
CVX,4,CNQ|CVE|TRGP|OKE,0.7471842961240258,0.4335598448756368,0.01182981042907416,0.719320965935341,0.3643606328468826,0.011500799498279283,0.011482586544394647,0.2290430498248491,0.25428356155149173,-0.11019985869880888,142.36332202095844,152.14966011600794,-0.20821596021767708,-0.16278692661530314
CVX,4,CNQ|CVE|TRGP|MPC,0.7801453839173852,0.49340313243914313,0.011187193518140336,0.7308370528445038,0.3882401769365521,0.011244624879343681,0.011264834352326008,0.2290430498248491,0.2535501408774774,-0.10699775029789826,142.36332202095844,185.58967213294017,-0.20821596021767708,-0.12648036546565034
CVX,4,CNQ|CVE|TRGP|SLB,0.782993029247511,0.4656698848903248,0.011489644456916621,0.6998950003434025,0.3728589082667766,0.011406211940727887,0.011405569176803484,0.2290430498248491,0.23791371009706716,-0.03872922701213377,142.36332202095844,171.66741980581844,-0.20821596021767708,-0.15923988743507367
CVX,4,CNQ|CVE|OKE|MPC,0.7927126076914264,0.5428730655981963,0.010627231544672601,0.7443299519391718,0.4344608348053446,0.010835128423952279,0.010830928211655563,0.2290430498248491,0.24915216000285648,-0.08779620334860616,142.36332202095844,167.06709906370315,-0.20821596021767708,-0.13600782937879485
CVX,4,CNQ|CVE|OKE|SLB,0.7974541519828836,0.5311638559843436,0.010759788333946313,0.73078434228892,0.44731256804395814,0.010723668633403533,0.01070715595741149,0.2290430498248491,0.2347232367444668,-0.024799647594464735,142.36332202095844,152.37616961342584,-0.20821596021767708,-0.17057099679496457
CVX,4,CNQ|CVE|MPC|SLB,0.8181761625276242,0.5488663874400872,0.0105530368039698,0.7217281863541599,0.3789047000254274,0.011338300897630367,0.011350459815974346,0.2290430498248491,0.250524244802559,-0.09378671386945281,142.36332202095844,180.77500710357847,-0.20821596021767708,-0.15053958631200914
CVX,4,CNQ|KMI|PSX|WMB,0.7964282055005625,0.5940069851059373,0.010014216539694112,0.774137298945277,0.5695343057678715,0.009454468213383332,0.009449386375975708,0.2290430498248491,0.21609099472507395,0.056548561982909695,142.36332202095844,162.45270233511653,-0.20821596021767708,-0.1316912515223022
CVX,4,CNQ|KMI|PSX|TRGP,0.7970412005772944,0.5940105035315338,0.010014106500394172,0.7748513789266996,0.5702716498522833,0.009445651806069435,0.00944128998707575,0.2290430498248491,0.21646075440280754,0.05493419438687763,142.36332202095844,163.06736963549176,-0.20821596021767708,-0.13005581611737937
CVX,4,CNQ|KMI|PSX|OKE,0.7964282112475295,0.5940070382725691,0.010014215874535343,0.7741373357892534,0.5695344518160912,0.009454466618879484,0.009449384772983653,0.2290430498248491,0.2160909437870703,0.056548784377798755,142.36332202095844,162.4526903195766,-0.20821596021767708,-0.1316911824321254
CVX,4,CNQ|KMI|PSX|MPC,0.7964281798972362,0.5940069743694579,0.010014216665676862,0.7741373013733988,0.5695343583795858,0.009454467651223472,0.009449385798521524,0.2290430498248491,0.2160909632868061,0.056548699242118694,142.36332202095844,162.45268704293102,-0.20821596021767708,-0.13169122668020095
CVX,4,CNQ|KMI|PSX|SLB,0.8195626007575263,0.6322029011954482,0.009532676391896812,0.7712744779636804,0.5774095498983054,0.009370324734153453,0.009362550501731046,0.2290430498248491,0.20619559799960524,0.09975177960088932,142.36332202095844,159.6643187329571,-0.20821596021767708,-0.13569553620314223
CVX,4,CNQ|KMI|WMB|TRGP,0.6956696545771099,0.4164011219268656,0.012000659612298242,0.6977821947495775,0.4319822558236328,0.01087395712604256,0.010854636526944999,0.2290430498248491,0.2134843141627281,0.06792930706266309,142.36332202095844,145.33566695011945,-0.20821596021767708,-0.1505846800870242
CVX,4,CNQ|KMI|WMB|OKE,0.6956696543278176,0.4164011217213748,0.012000659614325466,0.6977821946869301,0.4319822561266996,0.010873957123155023,0.010854636524049242,0.2290430498248491,0.21348431395819267,0.06792930795566299,142.36332202095844,145.33566687056708,-0.20821596021767708,-0.15058467987037627
CVX,4,CNQ|KMI|WMB|MPC,0.7669181985421253,0.5468925235529514,0.01057668206418858,0.7386808802406741,0.5011852313559795,0.010181059765086625,0.010171944590085939,0.2290430498248491,0.2169939650097023,0.05260620142964745,142.36332202095844,160.56629294684762,-0.20821596021767708,-0.11938229917410215
CVX,4,CNQ|KMI|WMB|SLB,0.7679338084211599,0.5398845660170557,0.010660386736939448,0.7100383394855492,0.475285770633431,0.010450899789839634,0.010432676838573005,0.2290430498248491,0.20150549593954065,0.12022872515174166,142.36332202095844,146.82503583298063,-0.20821596021767708,-0.1588753246604484
CVX,4,CNQ|KMI|TRGP|OKE,0.6956696544701789,0.4164011218387229,0.012000659613167795,0.6977821947227056,0.4319822559536295,0.010873957124803985,0.0108546365257029,0.2290430498248491,0.2134843140749951,0.06792930744570458,142.36332202095844,145.33566691599646,-0.20821596021767708,-0.15058467999409564
CVX,4,CNQ|KMI|TRGP|MPC,0.7669180816966766,0.5468924222182426,0.010576683213156782,0.7386808818898637,0.5011854396658753,0.010181057689120454,0.010171942466134253,0.2290430498248491,0.21699385530826534,0.05260668038518468,142.36332202095844,160.56623671861493,-0.20821596021767708,-0.1193822271377204
CVX,4,CNQ|KMI|TRGP|SLB,0.7690522044205114,0.5405359624574649,0.010652740972140922,0.7110771028571812,0.47648264914390825,0.010438784201180253,0.010420771524508364,0.2290430498248491,0.20191875663198344,0.11842443249689438,142.36332202095844,147.49655781476756,-0.20821596021767708,-0.15832158207020897
CVX,4,CNQ|KMI|OKE|MPC,0.7669181497662562,0.5468925131168317,0.01057668215896445,0.7386808861190494,0.5011853925277562,0.010181058143908414,0.010171942946759983,0.2290430498248491,0.21699388411351872,0.05260655462169439,142.36332202095844,160.5662651138022,-0.20821596021767708,-0.11938220618893469
CVX,4,CNQ|KMI|OKE|SLB,0.767933685990353,0.5398843751678457,0.010660388942619291,0.7100385280744035,0.4752860934822296,0.010450896572369644,0.010432673629037686,0.2290430498248491,0.20150550186630128,0.12022869927555535,142.36332202095844,146.825043355119,-0.20821596021767708,-0.15887532548074124
CVX,4,CNQ|KMI|MPC|SLB,0.8066671816974943,0.6124028327759408,0.009785146387326093,0.7434813100008054,0.5278100303496956,0.0099068319936691,0.009896752576287724,0.2290430498248491,0.205930814031616,0.10090782414444444,142.36332202095844,158.74134932646348,-0.20821596021767708,-0.1305198881379832
CVX,4,CNQ|PSX|WMB|TRGP,0.7899217035885338,0.5730077119597,0.010270203997311224,0.7567698272225415,0.5293021325704134,0.009879904992285245,0.009881103524341288,0.2290430498248491,0.2200439021599723,0.039290201871475805,142.36332202095844,168.77701962266835,-0.20821596021767708,-0.12385366947431431
CVX,4,CNQ|PSX|WMB|OKE,0.7916405973465283,0.5773869738978314,0.010218003423554521,0.758221154180309,0.5314873852979216,0.009859256714476572,0.009858139931621683,0.2290430498248491,0.22051139935285155,0.03724911311878609,142.36332202095844,166.91900369518103,-0.20821596021767708,-0.12576513078833584
CVX,4,CNQ|PSX|WMB|MPC,0.7872835291659329,0.5720046902216855,0.010282418510983634,0.7527454758272063,0.523915588599239,0.009938571188983055,0.009937481080025505,0.2290430498248491,0.21884629129289396,0.04451896069211736,142.36332202095844,167.16133791237405,-0.20821596021767708,-0.12387512319472549
CVX,4,CNQ|PSX|WMB|SLB,0.8130468974630213,0.6140514510261474,0.0097653037985417,0.7539778058712876,0.5390227522864282,0.009781492811495658,0.009778541413285526,0.2290430498248491,0.211073567714834,0.07845460547157623,142.36332202095844,165.20164829048358,-0.20821596021767708,-0.13273735992212476
CVX,4,CNQ|PSX|TRGP|OKE,0.8122699754187861,0.5713682494508687,0.010290820795852846,0.7782060697276608,0.5253460774578177,0.00991648005797501,0.009922540294337362,0.2290430498248491,0.24220014445386293,-0.057443762816968835,142.36332202095844,172.39190007727305,-0.20821596021767708,-0.1394907102034013
CVX,4,CNQ|PSX|TRGP|MPC,0.8050584429246606,0.5391951965957954,0.010670070396573585,0.7682669074429678,0.4955255686096941,0.010204223241387944,0.010229488391421314,0.2290430498248491,0.24483693420023225,-0.06895596433710094,142.36332202095844,185.0761162056427,-0.20821596021767708,-0.13530076866102514
CVX,4,CNQ|PSX|TRGP|SLB,0.8256324267761116,0.5766014683829059,0.010228201149056624,0.7633439563726403,0.5160308327721886,0.010001571197929679,0.010019433826266537,0.2290430498248491,0.23242114748181544,-0.014748745528622598,142.36332202095844,180.16185188986438,-0.20821596021767708,-0.12979592210931
CVX,4,CNQ|PSX|OKE|MPC,0.813531985663666,0.576222738176041,0.01023106732076312,0.7767925213017789,0.5184230751864161,0.009994435579837011,0.009994640297055402,0.2290430498248491,0.24399758923585407,-0.06529139138882756,142.36332202095844,168.33720898528236,-0.20821596021767708,-0.14358774824826825
CVX,4,CNQ|PSX|OKE|SLB,0.8331563041605348,0.6103309754713284,0.009808683633534513,0.7775860575655524,0.5475774301614663,0.009689417266290138,0.009687382886286035,0.2290430498248491,0.23212017541049046,-0.013434704034872347,142.36332202095844,165.70615176090064,-0.20821596021767708,-0.14160602675432288
CVX,4,CNQ|PSX|MPC|SLB,0.8290223701299325,0.5641557322475217,0.010370651732108726,0.7557823587124569,0.46274565125684275,0.010541908925508034,0.010556605781021569,0.2290430498248491,0.24733899612792457,-0.07987994535117537,142.36332202095844,179.9362123418643,-0.20821596021767708,-0.152669512652847
CVX,4,CNQ|WMB|TRGP|OKE,0.7180244816056901,0.42444159754685207,0.011924434328662989,0.7019801090411922,0.39596730093367416,0.011212053154137933,0.011193465341639374,0.2290430498248491,0.23198494697393862,-0.01284429783544705,142.36332202095844,150.04383020437714,-0.20821596021767708,-0.15610971363435722
CVX,4,CNQ|WMB|TRGP|MPC,0.7518329679701535,0.5118121937937654,0.010979392695500894,0.7069209790407225,0.42782564672057055,0.010899661983253943,0.010894279866178387,0.2290430498248491,0.22269461631238308,0.02771720651345122,142.36332202095844,166.1978155960111,-0.20821596021767708,-0.11580053436590565
CVX,4,CNQ|WMB|TRGP|SLB,0.7662959523638154,0.5049229069601555,0.01105847307401703,0.6931486655802828,0.4202896946627278,0.010978600272773392,0.010965787974552305,0.2290430498248491,0.21459792438859024,0.0630672943243864,142.36332202095844,158.68322845417055,-0.20821596021767708,-0.15788972865798723
CVX,4,CNQ|WMB|OKE|MPC,0.7588642735494522,0.5221067295592609,0.010863927322412663,0.7150653083485303,0.4400138689840699,0.010783019158136349,0.01077762254561322,0.2290430498248491,0.22431448464164452,0.02064487521808911,142.36332202095844,165.85759614029573,-0.20821596021767708,-0.11711798959675535
CVX,4,CNQ|WMB|OKE|SLB,0.7841470991168639,0.5372633775255684,0.010692520077821017,0.7195535149915367,0.4591018162277326,0.010609086842806011,0.010592344465240692,0.2290430498248491,0.22016652860393565,0.03875481586409801,142.36332202095844,151.4847708128511,-0.20821596021767708,-0.1657283161846156
CVX,4,CNQ|WMB|MPC|SLB,0.7971538986024597,0.5875593690437393,0.010094419941158072,0.7179274636078938,0.4696281091500458,0.010494467278978134,0.010488770514476435,0.2290430498248491,0.21273024226580628,0.07122157852647071,142.36332202095844,164.77778369585167,-0.20821596021767708,-0.1274345976950627
CVX,4,CNQ|TRGP|OKE|MPC,0.7927126633233026,0.5428732053948373,0.010627229923590767,0.7443299874586486,0.43446102316189417,0.010835126614923533,0.010830926407999368,0.2290430498248491,0.2491521229805347,-0.08779604170946542,142.36332202095844,167.06709868289022,-0.20821596021767708,-0.13600782270842915
CVX,4,CNQ|TRGP|OKE|SLB,0.7956440183371282,0.5228793192592078,0.0108569319595263,0.7290298343176236,0.44875387417407986,0.010706363835230645,0.010693185706867656,0.2290430498248491,0.23260809157086088,-0.015564941825294332,142.36332202095844,157.39199083409912,-0.20821596021767708,-0.16500135658622517
CVX,4,CNQ|TRGP|MPC|SLB,0.8160936101345821,0.561011444759453,0.010414799021538763,0.7340375887041396,0.44940486633734156,0.010673493507178413,0.010686869801703941,0.2290430498248491,0.23531561180732827,-0.027385952061308227,142.36332202095844,179.50952179715867,-0.20821596021767708,-0.1319359458904007
CVX,4,CNQ|OKE|MPC|SLB,0.8243193325809983,0.5981960050045163,0.009961433414835043,0.751423514814263,0.4910568117730628,0.010279417834224694,0.010274696141146627,0.2290430498248491,0.23365912896128307,-0.020153762098277683,142.36332202095844,165.05584073377486,-0.20821596021767708,-0.13795132944611976
CVX,4,DVN|FANG|SU|CVE,0.8329623971936155,0.4428547375399873,0.01172075093055078,0.7521016354995039,0.38429595135742123,0.01130886428515312,0.011301090134831987,0.2290430498248491,0.26943582397420773,-0.17635450706863742,142.36332202095844,165.10837824676693,-0.20821596021767708,-0.20624019667220317
CVX,4,DVN|FANG|SU|KMI,0.7859885833491876,0.5274928804177876,0.0108035471081198,0.74991627667105,0.5352537943878632,0.009835369381588757,0.009818434798342794,0.2290430498248491,0.20943192274477146,0.08562201339475006,142.36332202095844,147.3167782440328,-0.20821596021767708,-0.1588050572291544
CVX,4,DVN|FANG|SU|PSX,0.8576295639941555,0.5420724312492118,0.010625790063197856,0.7910968136346875,0.4998001524544129,0.010175082035879066,0.01018605722261522,0.2290430498248491,0.26157638002190353,-0.1420402418756339,142.36332202095844,176.43996616045888,-0.20821596021767708,-0.16283216234467168
CVX,4,DVN|FANG|SU|WMB,0.7705638802887635,0.4820791687928935,0.011311647064430764,0.7166338536602495,0.46337368171986393,0.010567284146375429,0.010550433835942313,0.2290430498248491,0.21533991170725353,0.059827784026079245,142.36332202095844,151.09427228600595,-0.20821596021767708,-0.16003666807243366
CVX,4,DVN|FANG|SU|TRGP,0.7941109790579438,0.4008311042353343,0.012167439543303429,0.7367128714403827,0.41527203324153494,0.011015450769655225,0.01101314271511113,0.2290430498248491,0.2499167810737562,-0.09113453241593406,142.36332202095844,169.18933657471246,-0.20821596021767708,-0.16254956569539392
CVX,4,DVN|FANG|SU|OKE,0.8120641745517776,0.4918697696698071,0.011201667868603141,0.7591557953942498,0.48097023168067377,0.010391320472884887,0.010376012053502241,0.2290430498248491,0.2444779214951269,-0.06738851793180789,142.36332202095844,153.26934579295616,-0.20821596021767708,-0.17225786290528144
CVX,4,DVN|FANG|SU|MPC,0.8446149450631711,0.5195373343587701,0.01088706629344289,0.7688713645226348,0.44931538790435566,0.010680221283545458,0.01068773813985091,0.2290430498248491,0.2615273691459578,-0.1418262608097023,142.36332202095844,175.64054523992328,-0.20821596021767708,-0.15398124423743165
CVX,4,DVN|FANG|SU|SLB,0.8565880926940086,0.5307306088405512,0.010752598703614372,0.753325331334465,0.4352124584094109,0.010830725302510712,0.010823728455695339,0.2290430498248491,0.2554381498669065,-0.11524078142620753,142.36332202095844,164.5072640269175,-0.20821596021767708,-0.20747596282039316
CVX,4,DVN|FANG|CVE|KMI,0.7777510406381174,0.4631238366404038,0.011516985865719802,0.7308061306805005,0.4570832387756042,0.010624724388440056,0.01061209083998326,0.2290430498248491,0.23066590146602045,-0.007085356409689547,142.36332202095844,157.83756945460746,-0.20821596021767708,-0.1535465772609328
CVX,4,DVN|FANG|CVE|PSX,0.8477673297914573,0.43134355804817426,0.011825875461764569,0.7762574060146511,0.3827341956213204,0.011284830449126981,0.011315413870705322,0.2290430498248491,0.2838264190979363,-0.23918372251408826,142.36332202095844,191.7918079021515,-0.20821596021767708,-0.1449054312778183
CVX,4,DVN|FANG|CVE|WMB,0.7622919716540035,0.41208714162172333,0.012051533042045785,0.6997741954086731,0.3812293193619153,0.011341406237481493,0.011329198800621993,0.2290430498248491,0.23539552969269412,-0.02773487286648857,142.36332202095844,160.49418969099426,-0.20821596021767708,-0.15372260964940943
CVX,4,DVN|FANG|CVE|TRGP,0.7833743257025777,0.2694297809866183,0.013432465584216577,0.722462790962225,0.29795972890598954,0.012059594319564973,0.012067445517079283,0.2290430498248491,0.27304182861299053,-0.1920982925340351,142.36332202095844,180.01727663422395,-0.20821596021767708,-0.15243744569313478
CVX,4,DVN|FANG|CVE|OKE,0.7949682657562405,0.3526882963509933,0.012630223150391163,0.7360159723687167,0.3392666888191269,0.01171617859166499,0.01170704897962086,0.2290430498248491,0.271292653284823,-0.18446140798545274,142.36332202095844,164.92110514067463,-0.20821596021767708,-0.16609935197410053
CVX,4,DVN|FANG|CVE|MPC,0.8325841619318676,0.39117746789131336,0.012240236628354844,0.7495901436452928,0.3024221320559939,0.012003755773837428,0.012029032014315447,0.2290430498248491,0.28713065284976613,-0.253609978863524,142.36332202095844,191.20508754510206,-0.20821596021767708,-0.14001247864416544
CVX,4,DVN|FANG|CVE|SLB,0.847744769602274,0.3831748362942451,0.012302608911146021,0.734604175158787,0.2824156194439279,0.012196055356033814,0.012200308783356196,0.2290430498248491,0.283723662145128,-0.23873508653545072,142.36332202095844,177.78534094050576,-0.20821596021767708,-0.19990829777129882
CVX,4,DVN|FANG|KMI|PSX,0.8349805416217024,0.5850927876721581,0.010123503142473157,0.7998609995259326,0.6049019997505352,0.009063784190256557,0.009052879712766021,0.2290430498248491,0.22568583848750437,0.014657556035479025,142.36332202095844,155.30513909605958,-0.20821596021767708,-0.1220028483986012
CVX,4,DVN|FANG|KMI|WMB,0.7592559321562107,0.41975779793437507,0.011973716583050692,0.7148736319351469,0.4488881541422234,0.010710508319858847,0.010691883232326572,0.2290430498248491,0.2208088105679487,0.03595061829292434,142.36332202095844,137.75305915548782,-0.20821596021767708,-0.13151562656456783
CVX,4,DVN|FANG|KMI|TRGP,0.7573100694938819,0.393183981028421,0.012244665136993375,0.7169816834737199,0.4431072479995033,0.010767182307420497,0.010747813378077696,0.2290430498248491,0.22523032591859987,0.016646320022217886,142.36332202095844,141.67956200264175,-0.20821596021767708,-0.128184026107788
CVX,4,DVN|FANG|KMI|OKE,0.7638991431165462,0.4279466866956385,0.01188893190659999,0.7208988436300223,0.4586683353942609,0.010614836556933255,0.010596588016873871,0.2290430498248491,0.22165800787408213,0.03224303010466534,142.36332202095844,137.1191125616739,-0.20821596021767708,-0.13185444288990567
CVX,4,DVN|FANG|KMI|MPC,0.8009510474828442,0.5250684927465101,0.010832752750586127,0.7597588501123136,0.5331031436832767,0.009855938774485472,0.009841126377957142,0.2290430498248491,0.22198129823551022,0.030831547146875082,142.36332202095844,152.1913042546856,-0.20821596021767708,-0.10500882103681297
CVX,4,DVN|FANG|KMI|SLB,0.8157951685781879,0.5700160460838848,0.010307089152708674,0.733128339135974,0.503788716251677,0.010163571813790495,0.010145364432929327,0.2290430498248491,0.20995203074741264,0.08335122629582303,142.36332202095844,140.69237384597434,-0.20821596021767708,-0.1463942526394555
CVX,4,DVN|FANG|PSX|WMB,0.8218198651974709,0.5613890514395241,0.01040916584036103,0.7770051380714941,0.5615259604166947,0.009546008429663374,0.0095368790948296,0.2290430498248491,0.22461073126025236,0.019351465010556623,142.36332202095844,158.74958134665223,-0.20821596021767708,-0.11446406647133511
CVX,4,DVN|FANG|PSX|TRGP,0.8185736693754199,0.43882328983920615,0.011774390606338099,0.7744241569287575,0.49188353557177467,0.010254194086903043,0.010266347676759395,0.2290430498248491,0.2515324873225221,-0.09818869210338765,142.36332202095844,177.4382506967668,-0.20821596021767708,-0.11753539688105386
CVX,4,DVN|FANG|PSX|OKE,0.8464371577245421,0.5072474145217777,0.011018750923049445,0.796924547085339,0.5218025673557662,0.009966017796897559,0.009959509590660942,0.2290430498248491,0.2592471286895957,-0.1318707504455774,142.36332202095844,162.5534393595434,-0.20821596021767708,-0.1422367812470725
CVX,4,DVN|FANG|PSX|MPC,0.8499312227790851,0.3965347705093749,0.01218396156205654,0.7808318862094319,0.3909421889509772,0.011235578927069318,0.011239929642782788,0.2290430498248491,0.2853172789641987,-0.2456928039614512,142.36332202095844,175.02075620806613,-0.20821596021767708,-0.1566563233474636
CVX,4,DVN|FANG|PSX|SLB,0.8641114344202682,0.4810859987826608,0.011295752609980995,0.7725218523273691,0.432331564812081,0.010848713961015069,0.01085129842241508,0.2290430498248491,0.2691706484142034,-0.17519675283768787,142.36332202095844,172.5824344124714,-0.20821596021767708,-0.15503214382972186
CVX,4,DVN|FANG|WMB|TRGP,0.7384727406386643,0.34095022131608144,0.012760910176819296,0.682550350275622,0.36525409085086546,0.01149499254455896,0.011474513714878338,0.2290430498248491,0.22897913455360777,0.00027905352854062926,142.36332202095844,145.16563122173554,-0.20821596021767708,-0.12968647544632783
CVX,4,DVN|FANG|WMB|OKE,0.7349440883323032,0.35091000254159044,0.012664179645247338,0.6731706180070699,0.3542892876881475,0.0115940431610131,0.011573196573542315,0.2290430498248491,0.22620320384103285,0.012398743319161687,142.36332202095844,141.41835917592346,-0.20821596021767708,-0.13213631399159376
CVX,4,DVN|FANG|WMB|MPC,0.7801715286209073,0.47810407113999676,0.011355766987335588,0.7230072187281303,0.4562409876081909,0.01063407174584821,0.010620319156665477,0.2290430498248491,0.22441818862231402,0.020192104523895194,142.36332202095844,156.40365507573108,-0.20821596021767708,-0.1005856040187274
CVX,4,DVN|FANG|WMB|SLB,0.7970543991568011,0.5168547030971431,0.010925356269880091,0.7035226891666532,0.4400724989318513,0.010796335298924452,0.010777058328079507,0.2290430498248491,0.21478159149468615,0.062265405307293964,142.36332202095844,144.69465872129012,-0.20821596021767708,-0.1470154763802921
CVX,4,DVN|FANG|TRGP|OKE,0.7710400091300847,0.2610825764603538,0.013510236254377595,0.7198466007787427,0.33350345649414204,0.011774809560968373,0.011757995369619004,0.2290430498248491,0.26317213823011026,-0.14900730858831968,142.36332202095844,155.65170410865292,-0.20821596021767708,-0.13261706043312782
CVX,4,DVN|FANG|TRGP|MPC,0.7955933126289225,0.35987213963515996,0.01257581298920041,0.7376405124361094,0.38499279616804793,0.011289378242586372,0.011294693120287054,0.2290430498248491,0.2595123696808215,-0.1330287903486811,142.36332202095844,175.88391471055505,-0.20821596021767708,-0.10452179916608828
CVX,4,DVN|FANG|TRGP|SLB,0.7967839542792051,0.37217631921665395,0.01245476807497702,0.7024486389835243,0.35204113494922806,0.011600711145952776,0.01159332610338534,0.2290430498248491,0.24655582612723806,-0.07646063181476626,142.36332202095844,166.31165903074475,-0.20821596021767708,-0.14201665449165568
CVX,4,DVN|FANG|OKE|MPC,0.8244855458881045,0.46787241427464865,0.01145585172759711,0.7664869753666869,0.4544460750515059,0.010648872152487452,0.010637833201156494,0.2290430498248491,0.25884410641681765,-0.13011115864357214,142.36332202095844,159.81017630804334,-0.20821596021767708,-0.12660678479122045
CVX,4,DVN|FANG|OKE|SLB,0.8402885199306519,0.5083229037407345,0.011004403150976049,0.7461276019343036,0.4401886820443677,0.010794940905871724,0.01077594016801685,0.2290430498248491,0.24906341595964138,-0.08740874761361228,142.36332202095844,146.23428744442913,-0.20821596021767708,-0.16014380703619036
CVX,4,DVN|FANG|MPC|SLB,0.8588944122253394,0.4876176507866433,0.01122775941377857,0.7444966991364446,0.36295127078281364,0.011494400364243875,0.011495309294268627,0.2290430498248491,0.2700783923167792,-0.17915995496615222,142.36332202095844,173.1572697023937,-0.20821596021767708,-0.13824688639068983
CVX,4,DVN|SU|CVE|KMI,0.8143478116665019,0.5896764124008635,0.010068248090416855,0.7623276235698662,0.5429973750491337,0.009752701067261246,0.009736294042159466,0.2290430498248491,0.2192769410441133,0.042638747555116874,142.36332202095844,148.40948217347466,-0.20821596021767708,-0.16511525056476106
CVX,4,DVN|SU|CVE|PSX,0.8571635241101744,0.5382961561398449,0.010669482253375363,0.7894984152874208,0.4914795437368513,0.010259630354511166,0.010270428135526184,0.2290430498248491,0.2630725289255599,-0.148572415215102,142.36332202095844,176.58039888309165,-0.20821596021767708,-0.164929332369132
CVX,4,DVN|SU|CVE|WMB,0.8027200671739826,0.5528673086156948,0.01051077096670162,0.7341318831705161,0.47502328521185344,0.010451226028458275,0.010435285957060694,0.2290430498248491,0.22592715686907283,0.013603962041891293,142.36332202095844,152.3931509833744,-0.20821596021767708,-0.1673702899595343
CVX,4,DVN|SU|CVE|TRGP,0.8252885247784351,0.47921783950326735,0.011342815279032449,0.7517476508031107,0.410029876149819,0.01106481515183695,0.011062399642484852,0.2290430498248491,0.2618403361034216,-0.14319267187392426,142.36332202095844,169.23911967252135,-0.20821596021767708,-0.17571943524622813
CVX,4,DVN|SU|CVE|OKE,0.8299780630958934,0.5348131047963166,0.010716545039754811,0.7630426674605776,0.4623647945302266,0.010575588377661274,0.010560346878740403,0.2290430498248491,0.2539412991084558,-0.10870554379469954,142.36332202095844,154.0221008337369,-0.20821596021767708,-0.1772154150488302
CVX,4,DVN|SU|CVE|MPC,0.8460896481756901,0.5136307174603029,0.010953232854624576,0.7654340275214734,0.4169836599245036,0.010989928165824345,0.010997011962832062,0.2290430498248491,0.26865350957524786,-0.172938929082062,142.36332202095844,176.2591837172007,-0.20821596021767708,-0.16110504710229112
CVX,4,DVN|SU|CVE|SLB,0.8567374580858446,0.5284867790011447,0.01077808701066616,0.7505669156391921,0.42273532797327795,0.010949924284907658,0.010942632753214944,0.2290430498248491,0.25739941982494446,-0.12380366931797182,142.36332202095844,164.56092566959958,-0.20821596021767708,-0.20959432827519064
CVX,4,DVN|SU|KMI|PSX,0.8470515397640213,0.643685577255833,0.009382938090732894,0.8018722659233424,0.6127226314552352,0.008968442537483929,0.008962834835510856,0.2290430498248491,0.2229135451265748,0.0267613651798716,142.36332202095844,160.64037614025906,-0.20821596021767708,-0.14396012103170253
CVX,4,DVN|SU|KMI|WMB,0.8143479002607565,0.5896764062788429,0.010068248181495596,0.7623276597952491,0.5429973107632253,0.0097527017532028,0.009736294726954751,0.2290430498248491,0.21927701951098966,0.04263840496940463,142.36332202095844,148.4094826282879,-0.20821596021767708,-0.16511525341491917
CVX,4,DVN|SU|KMI|TRGP,0.8143479053321795,0.5896763984395406,0.010068248279348461,0.762327663399323,0.5429973068356628,0.009752701796569948,0.009736294768792475,0.2290430498248491,0.2192770259489937,0.04263837686113392,142.36332202095844,148.4094787452829,-0.20821596021767708,-0.16511524451265658
CVX,4,DVN|SU|KMI|OKE,0.8143478348958607,0.5896764048211687,0.010068248188203937,0.7623276342891606,0.5429973579960616,0.009752701250384738,0.009736294223814574,0.2290430498248491,0.21927696317079604,0.04263865095020902,142.36332202095844,148.4094791740683,-0.20821596021767708,-0.1651152440796213
CVX,4,DVN|SU|KMI|MPC,0.8306025413836069,0.6226654657386416,0.00965545305544847,0.7799158540965817,0.5740979230608724,0.00940919092752935,0.009399163689748956,0.2290430498248491,0.22058404684669344,0.036931934780925824,142.36332202095844,157.36464884588383,-0.20821596021767708,-0.13933296481917845
CVX,4,DVN|SU|KMI|SLB,0.8339114465956432,0.6360309870347127,0.009483079272174713,0.7598508466891941,0.5564369204262232,0.009607965068767817,0.009592063145525773,0.2290430498248491,0.20707753605973295,0.09590124556022694,142.36332202095844,148.98493173658477,-0.20821596021767708,-0.1682957584396071
CVX,4,DVN|SU|PSX|WMB,0.840233927962326,0.6240898491993572,0.009637346957494344,0.7852560052118612,0.5752049634844252,0.009389714624230142,0.009386940193938206,0.2290430498248491,0.22574855401485158,0.014383740578536863,142.36332202095844,164.26906157805502,-0.20821596021767708,-0.13755750586622928
CVX,4,DVN|SU|PSX|TRGP,0.8506684426530219,0.5612820235445783,0.010409195918552692,0.7930073124033096,0.5313969100129557,0.009843557536605064,0.00985909174693653,0.2290430498248491,0.25197098019154246,-0.10010314822574418,142.36332202095844,178.27131777105615,-0.20821596021767708,-0.13837393048804603
CVX,4,DVN|SU|PSX|OKE,0.85390953390202,0.5909992714168372,0.010046709943062079,0.7983833698737898,0.5538462733858134,0.00962044417417249,0.00962003376896565,0.2290430498248491,0.24845322719365062,-0.08474466867099717,142.36332202095844,166.8130252700402,-0.20821596021767708,-0.15028836121830336
CVX,4,DVN|SU|PSX|MPC,0.8571635282234396,0.5382961016820391,0.010669482872511045,0.7894984114119671,0.4914794881043578,0.010259630932761901,0.010270428697322177,0.2290430498248491,0.2630725442642935,-0.14857248218388208,142.36332202095844,176.58038992350458,-0.20821596021767708,-0.16492935893913807
CVX,4,DVN|SU|PSX|SLB,0.8677870360172355,0.5811621679405319,0.01015999890687187,0.7886485793012066,0.5254932904726056,0.009911919717816723,0.009921001446473997,0.2290430498248491,0.25082083932049176,-0.09508164300246746,142.36332202095844,174.41552674080341,-0.20821596021767708,-0.16259838199564558
CVX,4,DVN|SU|WMB|TRGP,0.802720131998475,0.552867295442176,0.010510771127128555,0.7341319294370643,0.47502326293701813,0.010451226252947608,0.01043528617844601,0.2290430498248491,0.22592720853797973,0.013603736455884974,142.36332202095844,152.39314622086678,-0.20821596021767708,-0.1673702827825161
CVX,4,DVN|SU|WMB|OKE,0.8027201288166808,0.5528673232504087,0.010510770798906019,0.7341319282930849,0.475023283052292,0.010451226048391818,0.01043528597852416,0.2290430498248491,0.22592719818934148,0.013603781637951173,142.36332202095844,152.39315381990136,-0.20821596021767708,-0.16737030132794628
CVX,4,DVN|SU|WMB|MPC,0.8209663111124579,0.5945593927100209,0.010008862900367513,0.7559668175467424,0.5176468656197051,0.010010035025122302,0.010002691774873299,0.2290430498248491,0.2257839199833213,0.014229333062147353,142.36332202095844,161.87558491577113,-0.20821596021767708,-0.13625648239574906
CVX,4,DVN|SU|WMB|SLB,0.8267126089986017,0.6074579127704826,0.009848416136240424,0.7378292183934677,0.5038208009564207,0.010159894883261782,0.01014503643123427,0.2290430498248491,0.21493796178774632,0.06158269394285942,142.36332202095844,153.19748255496316,-0.20821596021767708,-0.171792370552164
CVX,4,DVN|SU|TRGP|OKE,0.8299780627338967,0.534813104986738,0.01071654503765778,0.7630426674268439,0.46236479527193197,0.010575588370467397,0.010560346871456034,0.2290430498248491,0.25394129884151573,-0.10870554262924159,142.36332202095844,154.022100664421,-0.20821596021767708,-0.17721541464864166
CVX,4,DVN|SU|TRGP|MPC,0.84120012417151,0.5359287791413195,0.01070602994463246,0.7699839672210164,0.4619520723575231,0.010554337654398754,0.010564399490179443,0.2290430498248491,0.25829387113660934,-0.1277088361080092,142.36332202095844,176.9866929838179,-0.20821596021767708,-0.14404851621660364
CVX,4,DVN|SU|TRGP|SLB,0.8410309493671004,0.548857048683322,0.010557140320828058,0.7456486993453988,0.4602106965942465,0.010583303116377106,0.010581481359023974,0.2290430498248491,0.2410181884305071,-0.052283352910361014,142.36332202095844,168.37364230744606,-0.20821596021767708,-0.17486341906461722
CVX,4,DVN|SU|OKE|MPC,0.8422862540248385,0.5750190568156488,0.010243248764283983,0.777195482046131,0.5022563101083135,0.010166558705307503,0.010161017880179144,0.2290430498248491,0.25063163273062833,-0.09425556864654117,142.36332202095844,164.00662414138552,-0.20821596021767708,-0.14673203198936102
CVX,4,DVN|SU|OKE|SLB,0.8475654443807684,0.590685176977255,0.010050464121328772,0.7647208348235651,0.5105496722075066,0.010089971843752881,0.010076011301354496,0.2290430498248491,0.23739305035918892,-0.03645603104187245,142.36332202095844,154.3592723149194,-0.20821596021767708,-0.17994473020824575
CVX,4,DVN|SU|MPC|SLB,0.8625685162240503,0.578119211263565,0.010198635897714104,0.7657266795094958,0.47388539377356587,0.010440374225237916,0.01044658912042669,0.2290430498248491,0.2513272228572582,-0.09729250920056298,142.36332202095844,174.02818721570065,-0.20821596021767708,-0.16317887084415916
CVX,4,DVN|CVE|KMI|PSX,0.8378262209737769,0.5908310662487786,0.010051381554296846,0.7863778443425447,0.5509756970398698,0.009643970569995847,0.00965093204786718,0.2290430498248491,0.2385782622827826,-0.04163065618112016,142.36332202095844,172.2146187450807,-0.20821596021767708,-0.13285962340466562
CVX,4,DVN|CVE|KMI|WMB,0.8008247727327206,0.520462363930204,0.010883896859011486,0.7415901617238982,0.45761146305925915,0.010617874745241302,0.010606927131093994,0.2290430498248491,0.2391428762966802,-0.04409575614520733,142.36332202095844,159.82356343196966,-0.20821596021767708,-0.15975402080777823
CVX,4,DVN|CVE|KMI|TRGP,0.8008247705491618,0.5204623787957596,0.010883896691820237,0.7415901666257263,0.4576114974448444,0.010617874414557289,0.010606926794872467,0.2290430498248491,0.23914286740148077,-0.04409571730884254,142.36332202095844,159.82355619886627,-0.20821596021767708,-0.15975401235350428
CVX,4,DVN|CVE|KMI|OKE,0.8008247624665853,0.5204624186394972,0.010883896244081474,0.7415901787300616,0.45761159174417654,0.01061787350762512,0.010606925872815537,0.2290430498248491,0.23914284194670737,-0.04409560617351915,142.36332202095844,159.82353643204394,-0.20821596021767708,-0.15975398879526548
CVX,4,DVN|CVE|KMI|MPC,0.8205070211647085,0.5699936015771765,0.010306537118705323,0.7634861382851662,0.5080556218318312,0.010101833152615843,0.010101650417674437,0.2290430498248491,0.23679911953436494,-0.03386293413158348,142.36332202095844,168.3364188741087,-0.20821596021767708,-0.1296112869603
CVX,4,DVN|CVE|KMI|SLB,0.8232259106686401,0.5848218109018057,0.010126860697302294,0.7416537720962995,0.4980837251949297,0.010215798482695012,0.01020351889654077,0.2290430498248491,0.22178091094587316,0.03170643634255377,142.36332202095844,157.04589218795292,-0.20821596021767708,-0.16272864094516437
CVX,4,DVN|CVE|PSX|WMB,0.83279299481887,0.5738630122199476,0.010257185498902501,0.7726572115216266,0.5171282095007947,0.009998518324030247,0.010008068088481054,0.2290430498248491,0.2406178132167949,-0.050535318145637165,142.36332202095844,174.98094744652394,-0.20821596021767708,-0.12968084821258874
CVX,4,DVN|CVE|PSX|TRGP,0.8424468156814591,0.48152536772875465,0.011309337728375272,0.7825866103709349,0.4546312127654861,0.010603423975112524,0.010636028034749598,0.2290430498248491,0.2686967570385571,-0.1731277471376298,142.36332202095844,190.4793123772824,-0.20821596021767708,-0.13075966054185084
CVX,4,DVN|CVE|PSX|OKE,0.8446049853871853,0.50967666840942,0.010989158802119281,0.7853177336518057,0.46821669461438,0.010488908980878175,0.01050271748968224,0.2290430498248491,0.26714928596472715,-0.16637150164136472,142.36332202095844,179.21218518684404,-0.20821596021767708,-0.13804643673804817
CVX,4,DVN|CVE|PSX|MPC,0.8474755192891233,0.42639232205789435,0.011877188428603825,0.7749203686146707,0.3714049234560003,0.01138843749709957,0.011418783048240962,0.2290430498248491,0.28577468411987483,-0.2476898309658766,142.36332202095844,192.02411053913477,-0.20821596021767708,-0.14496501895297886
CVX,4,DVN|CVE|PSX|SLB,0.8594271200488008,0.4892653154972173,0.011205640712857196,0.7757102975350737,0.43455590984946013,0.010805533690893654,0.010830017758124283,0.2290430498248491,0.2700273886845615,-0.17893727354335098,142.36332202095844,186.66284393602874,-0.20821596021767708,-0.15229038559902652
CVX,4,DVN|CVE|WMB|TRGP,0.7910031218676752,0.48069759780283916,0.01132502195747809,0.71576991847789,0.38317113282186943,0.011321287324395453,0.01131140830254455,0.2290430498248491,0.2458904714744028,-0.07355569908118609,142.36332202095844,163.01649312885755,-0.20821596021767708,-0.16061286416988152
CVX,4,DVN|CVE|WMB|OKE,0.7917157644290945,0.48127394742215757,0.011318598542671018,0.7169065255623817,0.38475184809170837,0.011306752121957506,0.011296905426146158,0.2290430498248491,0.2461663174042529,-0.07476004005578019,142.36332202095844,163.00879391150067,-0.20821596021767708,-0.16058215610136983
CVX,4,DVN|CVE|WMB|MPC,0.8123361127331957,0.5429276494009171,0.010625543190430168,0.7420738688719167,0.4518202404569822,0.010661050648899871,0.010663403230185857,0.2290430498248491,0.24116961335317408,-0.052944472829881795,142.36332202095844,171.8682181145264,-0.20821596021767708,-0.1248953940658849
CVX,4,DVN|CVE|WMB|SLB,0.8178000755589585,0.5539937510208687,0.010494178373621524,0.7203275062195654,0.43751089564990164,0.010812377024663675,0.01080168209254991,0.2290430498248491,0.22995025816940098,-0.003960863886704358,142.36332202095844,160.67097086182815,-0.20821596021767708,-0.1655236369599994
CVX,4,DVN|CVE|TRGP|OKE,0.8174489605514809,0.4134815700057335,0.012017326670951395,0.7465406178749776,0.3249284289682799,0.011841334755447658,0.01183339178755214,0.2290430498248491,0.28104255236111303,-0.22702938410935558,142.36332202095844,166.45729065343102,-0.20821596021767708,-0.17127606401309525
CVX,4,DVN|CVE|TRGP|MPC,0.8320481397735365,0.4397934866397044,0.011755294344262441,0.7581575568003722,0.35931100759203194,0.011501380169423824,0.011528106111753016,0.2290430498248491,0.2786690674449207,-0.21666676922971906,142.36332202095844,190.33741862125413,-0.20821596021767708,-0.12972962821176826
CVX,4,DVN|CVE|TRGP|SLB,0.8314007102975624,0.4625843132211359,0.011518489440353955,0.7285225707820444,0.3720022844479094,0.01140826357273791,0.011413356059433959,0.2290430498248491,0.25730621249678265,-0.1233967269190075,142.36332202095844,176.0729827175592,-0.20821596021767708,-0.1645391447539346
CVX,4,DVN|CVE|OKE|MPC,0.832647587756534,0.48971992733217107,0.011213500162746776,0.7636550737290241,0.4036617986484814,0.01111576743039459,0.011121942606765335,0.2290430498248491,0.27119042457076864,-0.18401507829270503,142.36332202095844,175.9898121917899,-0.20821596021767708,-0.1363224265458347
CVX,4,DVN|CVE|OKE|SLB,0.8382400527031507,0.5050206414158923,0.011038826862400649,0.7495894197780214,0.4217220502062681,0.010961286824263679,0.010952232392340973,0.2290430498248491,0.2570925046349423,-0.12246368021881837,142.36332202095844,162.84476122056518,-0.20821596021767708,-0.17470639195117588
CVX,4,DVN|CVE|MPC|SLB,0.8553308681002894,0.4899255835033307,0.011200614590675447,0.7512356665511115,0.37454424581132184,0.011371765339299674,0.011390233580295709,0.2290430498248491,0.27072455734565753,-0.18198110596537465,142.36332202095844,184.93226085000097,-0.20821596021767708,-0.1491751583699522
CVX,4,DVN|KMI|PSX|WMB,0.8295675762676625,0.5614769421290798,0.010406973844816684,0.7752227228716916,0.5341173561256543,0.009838522728811113,0.009830431918506743,0.2290430498248491,0.23637552269975576,-0.032013513968286,142.36332202095844,160.65461923819575,-0.20821596021767708,-0.12743332763997772
CVX,4,DVN|KMI|PSX|TRGP,0.8394706770464345,0.5765801888731239,0.010225783945262377,0.793763612882654,0.570077439978585,0.009453215735121463,0.009443423177282315,0.2290430498248491,0.23759372157293973,-0.03733215984780758,142.36332202095844,157.75701728441567,-0.20821596021767708,-0.13352599217613204
CVX,4,DVN|KMI|PSX|OKE,0.8396056971737673,0.577871792118636,0.010210036848073228,0.793634357377213,0.5702933591475362,0.0094512653426305,0.009441051503461025,0.2290430498248491,0.2373840782619784,-0.03641685894205371,142.36332202095844,157.2725852399222,-0.20821596021767708,-0.13372008938322244
CVX,4,DVN|KMI|PSX|MPC,0.839605584534974,0.5778720606219734,0.010210033651160355,0.7936343570504576,0.5702937148757778,0.009451261465614761,0.009441047595621319,0.2290430498248491,0.23738391188666044,-0.03641613254883591,142.36332202095844,157.27253847289498,-0.20821596021767708,-0.13372000783452853
CVX,4,DVN|KMI|PSX|SLB,0.8533499434126407,0.6314273377269926,0.009540162016562074,0.7813729472964126,0.5726747739474701,0.009426380062139453,0.009414854216430174,0.2290430498248491,0.22324800741271753,0.02530110569416133,142.36332202095844,155.61290013852368,-0.20821596021767708,-0.1325846341933571
CVX,4,DVN|KMI|WMB|TRGP,0.7983018813400878,0.49810607163548026,0.0111355359036161,0.7371003088863111,0.4515127239563361,0.01068493911875182,0.010666393775379035,0.2290430498248491,0.23819910460324523,-0.03997525698945159,142.36332202095844,137.64354056931342,-0.20821596021767708,-0.15520549826448615
CVX,4,DVN|KMI|WMB|OKE,0.7983018812940711,0.4981060716421737,0.01113553590354675,0.7371003088705067,0.4515127240185631,0.01068493911814333,0.010666393774773972,0.2290430498248491,0.23819910456719762,-0.03997525683206815,142.36332202095844,137.6435405615964,-0.20821596021767708,-0.155205498233555
CVX,4,DVN|KMI|WMB|MPC,0.8152056508660614,0.5495908968554697,0.01054899793271142,0.7578135757690588,0.5029342390319957,0.01016704851696222,0.010154095848642502,0.2290430498248491,0.2345264545628628,-0.02394049826967848,142.36332202095844,156.02297978556916,-0.20821596021767708,-0.11950202480713723
CVX,4,DVN|KMI|WMB|SLB,0.8285742047108086,0.5918403404164165,0.010041484036403953,0.7248676134036279,0.46986924530572516,0.010505265023954968,0.010486385858172605,0.2290430498248491,0.2200142821092469,0.03941952276005134,142.36332202095844,141.33826095713152,-0.20821596021767708,-0.15085058578709232
CVX,4,DVN|KMI|TRGP|OKE,0.7983018807937093,0.4981060717149549,0.011135535902792678,0.7371003086986624,0.4515127246951718,0.010684939111527078,0.010666393768194993,0.2290430498248491,0.23819910417524348,-0.03997525512079969,142.36332202095844,137.6435404776874,-0.20821596021767708,-0.15520549789723403
CVX,4,DVN|KMI|TRGP|MPC,0.8208940019814861,0.5577941898379537,0.010452349135092702,0.7680339825074759,0.5221754741821139,0.009969330090217679,0.009955625532323294,0.2290430498248491,0.23532893204606745,-0.027444108109917265,142.36332202095844,154.34159205249773,-0.20821596021767708,-0.12326554481719365
CVX,4,DVN|KMI|TRGP|SLB,0.8281275664797869,0.5885409194557796,0.010082202784777663,0.7252172728028264,0.4695490685676281,0.010508468545448216,0.010489552048772745,0.2290430498248491,0.22049632608259617,0.037314922888027735,142.36332202095844,142.50996760910738,-0.20821596021767708,-0.15000792036561894
CVX,4,DVN|KMI|OKE|MPC,0.8208940012853495,0.5577941862702851,0.010452349177646052,0.7680339777197778,0.5221754546181151,0.009969330285236838,0.009955625736134352,0.2290430498248491,0.2353289359487462,-0.027444125148979426,142.36332202095844,154.3416056142223,-0.20821596021767708,-0.12326555231039804
CVX,4,DVN|KMI|OKE|SLB,0.8285741922159875,0.5918403792248184,0.01004148356292489,0.7248674999098293,0.46986907036448466,0.010505266757300421,0.010486387588407253,0.2290430498248491,0.22001426116898393,0.03941961418506068,142.36332202095844,141.33826072179346,-0.20821596021767708,-0.1508505879928166
CVX,4,DVN|KMI|MPC|SLB,0.842848940566269,0.6260172462818112,0.00961185777520014,0.7553464165766819,0.5279696917029109,0.009908724003131801,0.009895079242878536,0.2290430498248491,0.22004639279908605,0.039279327762369864,142.36332202095844,154.23121596171612,-0.20821596021767708,-0.1222327864412871
CVX,4,DVN|PSX|WMB|TRGP,0.829567701376974,0.5614768355790992,0.010406975074367388,0.775222805050612,0.5341172597013867,0.009838523720562365,0.009830432935814601,0.2290430498248491,0.23637564015105492,-0.03201402675965537,142.36332202095844,160.65464782541875,-0.20821596021767708,-0.1274334058179708
CVX,4,DVN|PSX|WMB|OKE,0.8295676916426328,0.5614768490698387,0.010406974918144418,0.7752228042707362,0.5341172829616854,0.009838523469087292,0.009830432690410779,0.2290430498248491,0.23637562883263716,-0.03201397734354017,142.36332202095844,160.6546532507791,-0.20821596021767708,-0.1274334066998346
CVX,4,DVN|PSX|WMB|MPC,0.8295676938039445,0.5614768413201229,0.010406975008192097,0.7752227993111803,0.5341172633908333,0.009838523684282757,0.009830432896889722,0.2290430498248491,0.23637563333861214,-0.03201399701658847,142.36332202095844,160.6546450525824,-0.20821596021767708,-0.1274334001366797
CVX,4,DVN|PSX|WMB|SLB,0.8457611866754038,0.6098660660979007,0.009814892199487304,0.7684617281313277,0.5413534153939941,0.009762322307791981,0.009753790337619563,0.2290430498248491,0.22636386569152953,0.011697295051599998,142.36332202095844,159.98996474091612,-0.20821596021767708,-0.12463821017509724
CVX,4,DVN|PSX|TRGP|OKE,0.841159475449005,0.4862449054018877,0.01125928340964121,0.7892796182853552,0.4921207452441362,0.01026164550725533,0.010263951020256906,0.2290430498248491,0.2629755862202491,-0.14814916419139745,142.36332202095844,170.690409685057,-0.20821596021767708,-0.14191738640248586
CVX,4,DVN|PSX|TRGP|MPC,0.836564822343575,0.46017048181224973,0.011545192504574236,0.7821711210989121,0.46771544777091567,0.010495353956107097,0.010507666135100279,0.2290430498248491,0.2651318465219951,-0.1575633782589927,142.36332202095844,178.2778801877335,-0.20821596021767708,-0.13813828905814196
CVX,4,DVN|PSX|TRGP|SLB,0.848676671264353,0.5327895343699165,0.010741094922594395,0.7690478414040863,0.49109061618518335,0.010265117246740504,0.010274354908727686,0.2290430498248491,0.24770110998878844,-0.08146093137603305,142.36332202095844,175.57075552400553,-0.20821596021767708,-0.12222329178500213
CVX,4,DVN|PSX|OKE|MPC,0.8466379459183461,0.49348373467333495,0.011170787521304253,0.7909815308558351,0.4854020233763784,0.01033809900347269,0.010331618736662232,0.2290430498248491,0.26657519660067297,-0.1638650323793931,142.36332202095844,163.61593593323596,-0.20821596021767708,-0.14920286135949556
CVX,4,DVN|PSX|OKE|SLB,0.8603588129152234,0.5610322381750097,0.010397751280627417,0.7839286416674011,0.5176392517405393,0.01001009277909889,0.010002770720132009,0.2290430498248491,0.25047308364115645,-0.09356334467557548,142.36332202095844,161.89638274460046,-0.20821596021767708,-0.13891777392304716
CVX,4,DVN|PSX|MPC|SLB,0.8641114332897738,0.48108599697846277,0.01129575263057504,0.7725218537384363,0.43233156811072493,0.010848713928305938,0.01085129839088737,0.2290430498248491,0.269170648387877,-0.17519675272274693,142.36332202095844,172.58243520646775,-0.20821596021767708,-0.15503214181054992
CVX,4,DVN|WMB|TRGP|OKE,0.7789161161479763,0.4456901124613063,0.011702392800702097,0.7020614354227104,0.3656775145124458,0.011491370371172972,0.011470685890962682,0.2290430498248491,0.2424947643525642,-0.05873007077927794,142.36332202095844,142.09072608423202,-0.20821596021767708,-0.1422437166934013
CVX,4,DVN|WMB|TRGP|MPC,0.8064568892918955,0.5257752018183814,0.010824253449710025,0.7403145175037658,0.4595074177474019,0.010600276733990218,0.010588372297418163,0.2290430498248491,0.23744168384768083,-0.03666836443740262,142.36332202095844,158.65795297776435,-0.20821596021767708,-0.11622027590511463
CVX,4,DVN|WMB|TRGP|SLB,0.8190322964438783,0.5452386688318671,0.010599059478193628,0.7067710345116891,0.41388752012382823,0.01104465035868557,0.011026173411581004,0.2290430498248491,0.22884950303105145,0.0008450236492469898,142.36332202095844,149.50386530673555,-0.20821596021767708,-0.1507416562331868
CVX,4,DVN|WMB|OKE|MPC,0.806456882743989,0.5257752037569359,0.010824253428730477,0.7403145101571877,0.4595074060767994,0.01060027683991508,0.010588372411733037,0.2290430498248491,0.237441682130107,-0.0366683569384898,142.36332202095844,158.65796334382557,-0.20821596021767708,-0.11622028046571165
CVX,4,DVN|WMB|OKE|SLB,0.820945959853175,0.5573771190500749,0.01045520504179195,0.7073481680767729,0.41810198742406524,0.011005990866259236,0.010986459802229367,0.2290430498248491,0.2276849014917014,0.0059296640268555745,142.36332202095844,145.51142246519447,-0.20821596021767708,-0.1536885986062707
CVX,4,DVN|WMB|MPC|SLB,0.8335401981706609,0.5981222636068306,0.009963447015217987,0.7360086825906899,0.47971998784878966,0.010399488532974807,0.010388501455033866,0.2290430498248491,0.22524646937622594,0.01657583782405292,142.36332202095844,159.14251789428954,-0.20821596021767708,-0.11970331335239781
CVX,4,DVN|TRGP|OKE|MPC,0.8341322665987496,0.4770806175461123,0.011353917966389963,0.7665721133302575,0.41467839851041777,0.011029400730489122,0.011018731746152383,0.2290430498248491,0.2705629402313156,-0.18127548702402052,142.36332202095844,161.32745456929945,-0.20821596021767708,-0.1409596919709203
CVX,4,DVN|TRGP|OKE|SLB,0.8354651733092582,0.4954650414669868,0.011158511763648491,0.7296803389272314,0.3949786002424469,0.011218558324618629,0.011202622513045548,0.2290430498248491,0.2519034707818893,-0.09980840271958358,142.36332202095844,155.12898058569792,-0.20821596021767708,-0.15470773421358275
CVX,4,DVN|TRGP|MPC|SLB,0.8447363255123519,0.5264879635819265,0.010813278866875404,0.7427843860432921,0.4261146243523184,0.010905689332474152,0.010910556759542056,0.2290430498248491,0.2504710324537907,-0.09355438920904935,142.36332202095844,174.4317447403188,-0.20821596021767708,-0.12364051349534166
CVX,4,DVN|OKE|MPC|SLB,0.8542878296614603,0.565221900333767,0.010351092630476988,0.7596461521602103,0.4662984048519757,0.010531477835475886,0.010521643543534872,0.2290430498248491,0.2499009164450065,-0.09106526758226274,142.36332202095844,160.8015527028165,-0.20821596021767708,-0.12890048755852734
CVX,4,FANG|SU|CVE|KMI,0.7859885834515987,0.5274930530018459,0.01080354511876963,0.749916288621516,0.5352538731997329,0.009835368541067757,0.009818433965835474,0.2290430498248491,0.20943188265876883,0.08562218840989533,142.36332202095844,147.31679927457603,-0.20821596021767708,-0.15880511379375517
CVX,4,FANG|SU|CVE|PSX,0.8433933990577558,0.5270329558567091,0.01080311105819057,0.7794603571520098,0.5053010565910636,0.010118619361114734,0.010129892241011651,0.2290430498248491,0.2507353894310112,-0.09470856951455375,142.36332202095844,176.46124861677723,-0.20821596021767708,-0.15233284646266088
CVX,4,FANG|SU|CVE|WMB,0.7705638839332559,0.48207921775009854,0.011311646527438131,0.7166338585806918,0.4633737063885459,0.010567283900886989,0.010550433593440883,0.2290430498248491,0.2153399036791484,0.05982781907671764,142.36332202095844,151.09427744942886,-0.20821596021767708,-0.16003668223433087
CVX,4,FANG|SU|CVE|TRGP,0.7941110879692054,0.400831385716628,0.012167436684693125,0.7367129224050556,0.415272119269923,0.011015449965713795,0.011013141904954097,0.2290430498248491,0.2499167895200152,-0.09113456929222874,142.36332202095844,169.1893291177743,-0.20821596021767708,-0.16254968347001997
CVX,4,FANG|SU|CVE|OKE,0.8047569820833246,0.4736700931705532,0.011401095767577966,0.7529346370269357,0.46994392003198326,0.010501298821628695,0.01048564727098036,0.2290430498248491,0.24365620762328377,-0.06380092218301092,142.36332202095844,153.08354858956406,-0.20821596021767708,-0.1712288294269062
CVX,4,FANG|SU|CVE|MPC,0.8271065465985027,0.4810615298266696,0.011317717482237036,0.7495540191173305,0.41881462672648717,0.01097284371241978,0.010979730288231234,0.2290430498248491,0.2574413342072498,-0.12398666715325812,142.36332202095844,176.06993062806572,-0.20821596021767708,-0.1493150331740637
CVX,4,FANG|SU|CVE|SLB,0.8342880294286229,0.4858642078887362,0.011261023437488445,0.7392963761248961,0.43497061862128694,0.01083268690966076,0.01082604554650499,0.2290430498248491,0.24538092227382124,-0.0713310116219017,142.36332202095844,164.84911366294443,-0.20821596021767708,-0.19945344480440785
CVX,4,FANG|SU|KMI|PSX,0.8257566428402704,0.6096055400375813,0.00982121714535399,0.7930857186190574,0.6122150767981563,0.008977068721009165,0.008968706130114114,0.2290430498248491,0.21070934091151508,0.08004481658515261,142.36332202095844,157.95815958143962,-0.20821596021767708,-0.1375546606373662
CVX,4,FANG|SU|KMI|WMB,0.7859886238240383,0.5274930303325196,0.010803545388209716,0.7499162972058506,0.5352538373745246,0.009835368918336676,0.009818434344265131,0.2290430498248491,0.20943191841376138,0.08562203230390308,142.36332202095844,147.3168053845041,-0.20821596021767708,-0.15880512620367648
CVX,4,FANG|SU|KMI|TRGP,0.7859886117924569,0.5274930462601287,0.010803545202189372,0.7499162952813169,0.5352538522427759,0.009835368761200362,0.009818434187208482,0.2290430498248491,0.20943190562380687,0.08562208814473538,142.36332202095844,147.31680468010788,-0.20821596021767708,-0.15880512550873405
CVX,4,FANG|SU|KMI|OKE,0.7859885059238945,0.5274929694585453,0.010803546066155575,0.7499162633566572,0.5352538839177828,0.009835368435975992,0.009818433852618323,0.2290430498248491,0.2094318435706915,0.08562235906810722,142.36332202095844,147.31677207317765,-0.20821596021767708,-0.158805048350798
CVX,4,FANG|SU|KMI|MPC,0.8069260565426591,0.5744314861442459,0.010253389453947806,0.7686841677435112,0.5670035840663952,0.00948895538785951,0.009477122294277173,0.2290430498248491,0.21109283744553967,0.07837047399183728,142.36332202095844,155.40822659291436,-0.20821596021767708,-0.13610062089600816
CVX,4,FANG|SU|KMI|SLB,0.8101144890584118,0.5883909068703466,0.01008395615596633,0.7549769383644147,0.5572026191924453,0.009600042172980355,0.00958378044160813,0.2290430498248491,0.19872725341835126,0.1323585082790355,142.36332202095844,148.00621203815152,-0.20821596021767708,-0.16301130509268402
CVX,4,FANG|SU|PSX|WMB,0.8174237254148601,0.5874787996788559,0.010095881598360897,0.7723265272157908,0.5696886750952564,0.009453466775717323,0.009447691901552108,0.2290430498248491,0.21366868916399093,0.06712432738131568,142.36332202095844,161.819019973874,-0.20821596021767708,-0.13442854252236758
CVX,4,FANG|SU|PSX|TRGP,0.8304777256334172,0.5272983214350098,0.010807084797473684,0.7838153392200256,0.5406817351612037,0.00974556223922531,0.009760929855850982,0.2290430498248491,0.24038250092081803,-0.04950794667046332,142.36332202095844,177.86538348079227,-0.20821596021767708,-0.1311741079089218
CVX,4,FANG|SU|PSX|OKE,0.8369560838624748,0.5654809853686353,0.010358189121405122,0.7916955340346298,0.5651412772490966,0.00950012830840645,0.009497480860998586,0.2290430498248491,0.23758465139903945,-0.03729255954599875,142.36332202095844,164.6785619112856,-0.20821596021767708,-0.1434898729132278
CVX,4,FANG|SU|PSX|MPC,0.8433933867338388,0.5270328430115596,0.010803112337833192,0.7794603344333534,0.505300973336211,0.010118620246399495,0.01012989309341154,0.2290430498248491,0.25073540262484634,-0.09470862711872519,142.36332202095844,176.46123013944225,-0.20821596021767708,-0.15233287961048292
CVX,4,FANG|SU|PSX|SLB,0.855600861953788,0.5724300639791141,0.010270121094611723,0.7817628125918681,0.5382340726575091,0.00977645166517397,0.009786902824421557,0.2290430498248491,0.23977571926983932,-0.046858743162901284,142.36332202095844,174.90238911185367,-0.20821596021767708,-0.15785727387923487
CVX,4,FANG|SU|WMB|TRGP,0.7705638722799296,0.482079261744632,0.01131164604294708,0.7166338521784328,0.46337372559869494,0.010567283710054364,0.01055043340459866,0.2290430498248491,0.21533988758630784,0.05982788933792216,142.36332202095844,151.0942807769608,-0.20821596021767708,-0.1600366912297766
CVX,4,FANG|SU|WMB|OKE,0.7705638815316054,0.4820792596816762,0.011311646066792065,0.7166338587904273,0.4633737264227561,0.010567283701642309,0.010550433396497862,0.2290430498248491,0.21533989351828517,0.05982786343895974,142.36332202095844,151.0942813862869,-0.20821596021767708,-0.16003669298358603
CVX,4,FANG|SU|WMB|MPC,0.7953181030650754,0.5423849465549351,0.010632927278817863,0.7407409108514941,0.5067225647261542,0.010124982686700553,0.010115327743104974,0.2290430498248491,0.21611771431869237,0.056431904465299554,142.36332202095844,159.83236698270773,-0.20821596021767708,-0.13249991322691346
CVX,4,FANG|SU|WMB|SLB,0.7970133681822075,0.5476958862940728,0.01057135195321537,0.7265788425722685,0.49818309927316995,0.010218196193745883,0.010202508752489257,0.2290430498248491,0.20573555579839678,0.10176031992359402,142.36332202095844,151.9751164680882,-0.20821596021767708,-0.16499663065083925
CVX,4,FANG|SU|TRGP|OKE,0.8047569928817033,0.4736700840700845,0.011401095863904575,0.7529346356991993,0.4699438980667294,0.01050129903600187,0.010485647488240298,0.2290430498248491,0.24365621455012898,-0.06380095242555783,142.36332202095844,153.08355429503013,-0.20821596021767708,-0.17122884217863477
CVX,4,FANG|SU|TRGP|MPC,0.8156910737705336,0.4823505719119585,0.011309287603347803,0.7572453252768115,0.4693941098390382,0.010482060496781966,0.010491084074508713,0.2290430498248491,0.2463079382504229,-0.07537835546102101,142.36332202095844,176.07627261564872,-0.20821596021767708,-0.1363382857751474
CVX,4,FANG|SU|TRGP|SLB,0.8170396597461372,0.49000446748982784,0.011225517204934619,0.7394644429507585,0.4668370984081419,0.010517599195963834,0.01051633217423215,0.2290430498248491,0.23341149968170075,-0.019072614777843055,142.36332202095844,168.64088691934106,-0.20821596021767708,-0.16522930194804042
CVX,4,FANG|SU|OKE|MPC,0.8219947717459081,0.531119821160871,0.010761060294852,0.7677079857967218,0.5064200904799024,0.010125579325330663,0.010118428591658325,0.2290430498248491,0.24137626054973982,-0.05384669272576481,142.36332202095844,162.38481374981956,-0.20821596021767708,-0.14337887369184743
CVX,4,FANG|SU|OKE|SLB,0.8267752400585745,0.5461044328090429,0.010586380430648565,0.7603262854262449,0.5199570499157149,0.00999298936656645,0.009978709556527954,0.2290430498248491,0.22920464795280568,-0.0007055360469576666,142.36332202095844,153.5482324706004,-0.20821596021767708,-0.17505173282891495
CVX,4,FANG|SU|MPC|SLB,0.8469511645347356,0.5549664262183356,0.010479134019825616,0.7555837423917485,0.4778150395287256,0.010400179134871831,0.010407502259113952,0.2290430498248491,0.24195765517043366,-0.05638505667585392,142.36332202095844,174.67811700327582,-0.20821596021767708,-0.15549980119786644
CVX,4,FANG|CVE|KMI|PSX,0.8205289423551582,0.5618629175920298,0.010402975956159868,0.777239409831728,0.5519215543204004,0.009637073528724309,0.009640761978525954,0.2290430498248491,0.2293525825010365,-0.001351417021490553,142.36332202095844,169.9221105760512,-0.20821596021767708,-0.13139755447801815
CVX,4,FANG|CVE|KMI|WMB,0.7777510491794571,0.4631238288849182,0.01151698594757141,0.7308061302545826,0.457083212845228,0.010624724637599588,0.010612091093406549,0.2290430498248491,0.2306659116525989,-0.007085400884204063,142.36332202095844,157.83757555732626,-0.20821596021767708,-0.1535465853828436
CVX,4,FANG|CVE|KMI|TRGP,0.7777510082468794,0.46312385376240706,0.011516985684610194,0.7308060899443616,0.4570831436450504,0.010624725293959542,0.01061209176971513,0.2290430498248491,0.23066590576876103,-0.0070853751954182975,142.36332202095844,157.83760256910645,-0.20821596021767708,-0.15354660022894473
CVX,4,FANG|CVE|KMI|OKE,0.7777510430936296,0.463123833857763,0.011516985895069708,0.7308061286520477,0.45708322261412004,0.010624724543346668,0.010612090997933012,0.2290430498248491,0.23066590632670947,-0.0070853776314163674,142.36332202095844,157.8375737409194,-0.20821596021767708,-0.15354658201571014
CVX,4,FANG|CVE|KMI|MPC,0.8009257664888259,0.5262870547605922,0.01081835219579062,0.7532453229428404,0.5053611865433174,0.01013266261568268,0.01012927658531323,0.2290430498248491,0.22889422042279758,0.0006497878986737593,142.36332202095844,165.80789631509901,-0.20821596021767708,-0.12797160132979368
CVX,4,FANG|CVE|KMI|SLB,0.8025988151285184,0.5386835447058786,0.01067565809348658,0.7370414609221511,0.5007861638638674,0.010188748678372866,0.010176012714274332,0.2290430498248491,0.2156948669483879,0.05827805247384121,142.36332202095844,156.37679613358475,-0.20821596021767708,-0.15835364940644814
CVX,4,FANG|CVE|PSX|WMB,0.8136711346860991,0.5432112763303425,0.010621920152985794,0.7604886117999479,0.5154931869380296,0.010018932775622965,0.010024997622435016,0.2290430498248491,0.23053246612960893,-0.0065027788701677025,142.36332202095844,172.69295166477622,-0.20821596021767708,-0.1276167202392272
CVX,4,FANG|CVE|PSX|TRGP,0.8249919129542043,0.45699550746358086,0.01157920714766416,0.7744168401920993,0.47424166966749015,0.010412334567152749,0.010443051394859694,0.2290430498248491,0.25688649470858477,-0.12156424263922339,142.36332202095844,188.78403178809492,-0.20821596021767708,-0.12263100690707307
CVX,4,FANG|CVE|PSX|OKE,0.8297653471377495,0.48499036474481194,0.011266419010538034,0.7772501580437677,0.4762740375184006,0.010410691912539415,0.010422847556527722,0.2290430498248491,0.2589195268114445,-0.13044044344258476,142.36332202095844,177.9178881366433,-0.20821596021767708,-0.13658440697297458
CVX,4,FANG|CVE|PSX|MPC,0.8333869130318308,0.4062711382037443,0.012088550253474424,0.7612650353053837,0.36993159563910005,0.01139791992836465,0.011432157130293318,0.2290430498248491,0.277704230937225,-0.2124543012747493,142.36332202095844,194.23430731416255,-0.20821596021767708,-0.14432330574186059
CVX,4,FANG|CVE|PSX|SLB,0.8459234941457611,0.46825517410230644,0.011438720111016565,0.7645915008319337,0.42985261671620734,0.010844477534475108,0.01087496584928889,0.2290430498248491,0.2636890611515566,-0.15126418964994381,142.36332202095844,190.1828323201362,-0.20821596021767708,-0.1507064961872696
CVX,4,FANG|CVE|WMB|TRGP,0.7622919851732,0.4120871529463017,0.012051532923847074,0.6997741986004917,0.38122927836054576,0.011341406598045703,0.011329199175973213,0.2290430498248491,0.23539554570228124,-0.02773494276420929,142.36332202095844,160.49420809157542,-0.20821596021767708,-0.15372262925370894
CVX,4,FANG|CVE|WMB|OKE,0.7622919994893045,0.41208719958641693,0.01205153244272813,0.6997741850247297,0.3812291367198666,0.011341407845834513,0.011329200472637161,0.2290430498248491,0.23539558343370068,-0.027735107499264444,142.36332202095844,160.49426907619213,-0.20821596021767708,-0.1537226866800383
CVX,4,FANG|CVE|WMB|MPC,0.7898928105246769,0.495037929451164,0.011169366077781415,0.728210325319248,0.44727455718895825,0.010709026401097192,0.010707524141245294,0.2290430498248491,0.23205152086426947,-0.013134958872233815,142.36332202095844,168.98897209398675,-0.20821596021767708,-0.122609241027137
CVX,4,FANG|CVE|WMB|SLB,0.7898578013412388,0.4929722261054653,0.011191249296180322,0.7097242342522699,0.43533343323357276,0.010834247492521773,0.010822569197855412,0.2290430498248491,0.22209043737944217,0.030355046576281852,142.36332202095844,159.6166277972322,-0.20821596021767708,-0.15934068946850288
CVX,4,FANG|CVE|TRGP|OKE,0.7949682744954253,0.3526882157417338,0.012630223920661652,0.736015943607901,0.33926646346454903,0.011716180546390694,0.011707050976066937,0.2290430498248491,0.27129269207386925,-0.18446157733809754,142.36332202095844,164.92115305766066,-0.20821596021767708,-0.16609940319298866
CVX,4,FANG|CVE|TRGP|MPC,0.808595095921003,0.3954871859311613,0.012217693589800967,0.7461573551779498,0.3835836740953177,0.011285386427401489,0.011307625078758772,0.2290430498248491,0.2649315928689626,-0.15668907251958863,142.36332202095844,186.95092321894495,-0.20821596021767708,-0.1231963292121736
CVX,4,FANG|CVE|TRGP|SLB,0.8079658657155053,0.40304542382817643,0.012142945349611833,0.7232541643535513,0.3884379499152386,0.011258652102725367,0.011263013327268787,0.2290430498248491,0.2488676997890904,-0.08655425248398219,142.36332202095844,175.09615943101718,-0.20821596021767708,-0.15554039666150266
CVX,4,FANG|CVE|OKE|MPC,0.8145919731689517,0.44707772057910966,0.011676251745031048,0.7537511635662728,0.4097941431768294,0.011060785705470736,0.011064609510245418,0.2290430498248491,0.263053211996641,-0.14848807766836725,142.36332202095844,174.12107280443297,-0.20821596021767708,-0.13368636392812905
CVX,4,FANG|CVE|OKE|SLB,0.8185513121360091,0.45616111750809973,0.011575731829202122,0.7442343301096773,0.42964467075605595,0.010885882951028271,0.010876948844495318,0.2290430498248491,0.25083016192709745,-0.09512234542331277,142.36332202095844,162.7536470030565,-0.20821596021767708,-0.17049794102626747
CVX,4,FANG|CVE|MPC|SLB,0.8387341919441121,0.4570966852483651,0.011560890201327875,0.7383894586585501,0.3667215406403511,0.011438415680557883,0.011461242250083412,0.2290430498248491,0.26458435080073395,-0.15517301661440297,142.36332202095844,187.8150501107895,-0.20821596021767708,-0.14582996559109462
CVX,4,FANG|KMI|PSX|WMB,0.8008722187948298,0.5217833166611625,0.010869946037758215,0.755666235358141,0.5286865428159537,0.009898781581511596,0.009887562783067488,0.2290430498248491,0.21986089672964698,0.04008920201780308,142.36332202095844,157.40226780392027,-0.20821596021767708,-0.10685806400569842
CVX,4,FANG|KMI|PSX|TRGP,0.8124968671011685,0.5224465516631287,0.010862577633113983,0.7813077973287245,0.5689327387516312,0.00946351573460682,0.009455986733052,0.2290430498248491,0.22512832544851857,0.017091653203728074,142.36332202095844,160.16934098432577,-0.20821596021767708,-0.1098033120985965
CVX,4,FANG|KMI|PSX|OKE,0.8133217825653706,0.5455154363221909,0.010596685878290608,0.7798439529036391,0.5758926815341856,0.009392376876704448,0.00937933866548191,0.2290430498248491,0.21953522346447438,0.041511088712997135,142.36332202095844,153.4348174051871,-0.20821596021767708,-0.11065740490705045
CVX,4,FANG|KMI|PSX|MPC,0.8133217716498297,0.5455152524295819,0.010596688016527665,0.7798438911876675,0.5758924998923813,0.009392378904909283,0.009379340674029913,0.2290430498248491,0.21953526494437708,0.04151090761209608,142.36332202095844,153.43479487632035,-0.20821596021767708,-0.110657367997825
CVX,4,FANG|KMI|PSX|SLB,0.8306882446700521,0.600840427732281,0.009930637830576136,0.7729812340416062,0.5778855393854456,0.009370681318083671,0.009357276209306653,0.2290430498248491,0.20886730143115317,0.08808714522935523,142.36332202095844,152.80400545480686,-0.20821596021767708,-0.12152749658535944
CVX,4,FANG|KMI|WMB|TRGP,0.7570638057844701,0.39309708250056374,0.012245542430019888,0.716618610749186,0.4426832444202832,0.010771280336142145,0.010751904151604944,0.2290430498248491,0.22510565955719733,0.017190612291718588,142.36332202095844,141.67645601425363,-0.20821596021767708,-0.12820805326919738
CVX,4,FANG|KMI|WMB|OKE,0.7522074308174898,0.40240831925678755,0.012151375763470975,0.7067674352815477,0.4331699999586399,0.010862160574455135,0.010843281883767967,0.2290430498248491,0.22084691001968437,0.035784276411933824,142.36332202095844,137.6540489829736,-0.20821596021767708,-0.13065584503508554
CVX,4,FANG|KMI|WMB|MPC,0.7820274064615024,0.4866852393230876,0.01126201439618711,0.7320779522279509,0.48068316891265994,0.010393572542237288,0.010378881017089123,0.2290430498248491,0.22132082819889698,0.033715153687734145,142.36332202095844,154.26448576556143,-0.20821596021767708,-0.1003703605714078
CVX,4,FANG|KMI|WMB|SLB,0.7943881984869106,0.5241172452769327,0.01084361577679482,0.7145685208988973,0.47517126350328553,0.010452440393000511,0.010433815125520675,0.2290430498248491,0.20677191248996601,0.0972355954564611,142.36332202095844,139.88639298434236,-0.20821596021767708,-0.14264233238494228
CVX,4,FANG|KMI|TRGP|OKE,0.7573099319945744,0.39318440537010524,0.012244660852253415,0.716981593006453,0.4431074778828449,0.010767180080193773,0.010747811159747956,0.2290430498248491,0.2252301503724275,0.016647086455307658,142.36332202095844,141.6794426136217,-0.20821596021767708,-0.128184023297797
CVX,4,FANG|KMI|TRGP|MPC,0.7912114943105337,0.5034501311698116,0.011076588777410542,0.7490430375052469,0.5137289913639823,0.010058684194168594,0.010043232645659721,0.2290430498248491,0.22126033908265041,0.03397924865281954,142.36332202095844,151.80369640606685,-0.20821596021767708,-0.10152360907878688
CVX,4,FANG|KMI|TRGP|SLB,0.7950832388142589,0.507116910607138,0.011035573017107355,0.7190707979873309,0.4751638672430295,0.010452347919185498,0.010433888645637695,0.2290430498248491,0.21156143226948268,0.07632459299129468,142.36332202095844,145.81984588373143,-0.20821596021767708,-0.1397181384009646
CVX,4,FANG|KMI|OKE|MPC,0.791211514331096,0.5034501053469072,0.01107658906554127,0.7490430392663501,0.5137289575955921,0.010058684542777049,0.01004323299437863,0.2290430498248491,0.22126035865915025,0.03397916318198846,142.36332202095844,151.80369792930463,-0.20821596021767708,-0.10152363071353121
CVX,4,FANG|KMI|OKE|SLB,0.7943881086708503,0.5241170911826389,0.0108436175331341,0.7145685907219811,0.4751714221190938,0.010452438811519386,0.010433813548846201,0.2290430498248491,0.206771892565414,0.09723568244688507,142.36332202095844,139.8863805757522,-0.20821596021767708,-0.14264229353880586
CVX,4,FANG|KMI|MPC|SLB,0.8188542063330922,0.5838492731620211,0.010140237314845852,0.7468999465075523,0.5303133794950114,0.009885218845574258,0.009870483539800303,0.2290430498248491,0.20888515220472062,0.08800920890436703,142.36332202095844,152.42952679961965,-0.20821596021767708,-0.11619462976022898
CVX,4,FANG|PSX|WMB|TRGP,0.8031012536995032,0.5134153545613789,0.010964778150651023,0.7622151614563705,0.535475911373253,0.009823921432047533,0.00981608824688317,0.2290430498248491,0.22293155277798185,0.02668274392757497,142.36332202095844,160.87240031722942,-0.20821596021767708,-0.10507606727940211
CVX,4,FANG|PSX|WMB|OKE,0.8008722219248418,0.5217833588437008,0.010869945559355271,0.7556662454145893,0.5286865752769404,0.009898781234738186,0.009887562442572172,0.2290430498248491,0.21986088906399834,0.04008923548595966,142.36332202095844,157.40227429892371,-0.20821596021767708,-0.10685804241131514
CVX,4,FANG|PSX|WMB|MPC,0.8008721991957425,0.5217833148645086,0.01086994605951514,0.7556662219992938,0.5286865389413056,0.009898781625196156,0.009887562823710108,0.2290430498248491,0.2198608846787875,0.040089254631752724,142.36332202095844,157.40226428954855,-0.20821596021767708,-0.10685805751945276
CVX,4,FANG|PSX|WMB|SLB,0.8197641062155352,0.5734247138384085,0.010265908771165653,0.7548220003063931,0.5397139820413075,0.009782099774818814,0.00977120726115465,0.2290430498248491,0.2121658844434737,0.07368555996037207,142.36332202095844,157.4466629358537,-0.20821596021767708,-0.11802600959145237
CVX,4,FANG|PSX|TRGP|OKE,0.8142594733314567,0.4342333758767566,0.011822433499483032,0.7721154834177654,0.4925281447758325,0.010251376838046054,0.01025983353790426,0.2290430498248491,0.24962988274946613,-0.08988193678157841,142.36332202095844,175.007734905806,-0.20821596021767708,-0.11587973610976843
CVX,4,FANG|PSX|TRGP|MPC,0.8127144130473615,0.4243001583829401,0.011926152986681563,0.7685586937225208,0.48092738237611776,0.01036468697284929,0.010376440348517105,0.2290430498248491,0.25085578754252624,-0.09523422664148717,142.36332202095844,177.51835590661398,-0.20821596021767708,-0.11459094589182461
CVX,4,FANG|PSX|TRGP|SLB,0.8285034343532475,0.49634221288628955,0.011154939177468489,0.7611969024160484,0.4997245391365662,0.010177166038518978,0.010186827087381516,0.2290430498248491,0.2378837430051423,-0.03859839094464457,142.36332202095844,175.58801529379207,-0.20821596021767708,-0.1157881092976647
CVX,4,FANG|PSX|OKE|MPC,0.8262933756648421,0.4708407574312803,0.011423756521417175,0.7811575763629564,0.5091444348738593,0.010099467118060595,0.010090465310345674,0.2290430498248491,0.2514100574609132,-0.0976541643728912,142.36332202095844,160.4537459992608,-0.20821596021767708,-0.1286269347053719
CVX,4,FANG|PSX|OKE|SLB,0.8426470318150191,0.5393481130433939,0.01065736616199331,0.7781535481751668,0.5362533424680767,0.009816943737986356,0.00980787066672062,0.2290430498248491,0.23815804319220216,-0.03979598321941369,142.36332202095844,159.57815206970284,-0.20821596021767708,-0.1269156872492212
CVX,4,FANG|PSX|MPC|SLB,0.8515410036756876,0.47500678320084067,0.011367979812170373,0.76046196954909,0.44690439731744513,0.010707546140888011,0.010711108952154907,0.2290430498248491,0.256456292447419,-0.11968598323997615,142.36332202095844,172.9027506297133,-0.20821596021767708,-0.14231388866001748
CVX,4,FANG|WMB|TRGP|OKE,0.7384727063730459,0.34095021219844246,0.012760910264262357,0.6825503264256519,0.3652540882431613,0.01149499256880059,0.011474513738448508,0.2290430498248491,0.22897911830191664,0.00027912448328537565,142.36332202095844,145.1656270785354,-0.20821596021767708,-0.12968646541596862
CVX,4,FANG|WMB|TRGP|MPC,0.7748235607558952,0.4660704296717433,0.01148593917069624,0.7169038343651464,0.4448335944127879,0.010745269731595019,0.01073114154058063,0.2290430498248491,0.22418227784430667,0.02122208896650435,142.36332202095844,156.23777558890043,-0.20821596021767708,-0.09981550964293573
CVX,4,FANG|WMB|TRGP|SLB,0.7848111913389847,0.4565703955274397,0.011587672317179384,0.7000754718423897,0.42212454307501135,0.01096558838801883,0.010948420243917257,0.2290430498248491,0.2199468946385545,0.0397137358817502,142.36332202095844,152.07153388287426,-0.20821596021767708,-0.14026157748840573
CVX,4,FANG|WMB|OKE|MPC,0.7748235642237133,0.4660704490175245,0.011485938962577557,0.7169038353875219,0.44483359534049216,0.010745269718817447,0.010731141531614556,0.2290430498248491,0.22418227814268887,0.021222087663770206,142.36332202095844,156.2377808588941,-0.20821596021767708,-0.09981549510513088
CVX,4,FANG|WMB|OKE|SLB,0.775760098636537,0.46937917921822836,0.01145013826058931,0.6829585490543064,0.4056395081731471,0.011123427323369909,0.01110348475930164,0.2290430498248491,0.2128961865130328,0.07049706735988681,142.36332202095844,144.05831429415403,-0.20821596021767708,-0.14355666841341197
CVX,4,FANG|WMB|MPC|SLB,0.8053732593703777,0.5479035910900597,0.010569028653877566,0.7218222742999366,0.4750605757645914,0.010447572079763453,0.01043491532682036,0.2290430498248491,0.21410333866984568,0.06522665134972627,142.36332202095844,157.27092517289526,-0.20821596021767708,-0.1130858147290349
CVX,4,FANG|TRGP|OKE|MPC,0.8037008206758605,0.41242484707377125,0.0120457237494502,0.7510206740326398,0.4318883915008508,0.01086223394566922,0.010855533348416739,0.2290430498248491,0.25485214474552886,-0.11268228806949687,142.36332202095844,164.87635031167574,-0.20821596021767708,-0.11278543377159467
CVX,4,FANG|TRGP|OKE|SLB,0.8025809747174274,0.40749061436449097,0.012098374096210627,0.7171833468906431,0.39765692995790425,0.01119024886279636,0.011177798931168858,0.2290430498248491,0.24223005269019787,-0.05757434192145516,142.36332202095844,159.75838740167623,-0.20821596021767708,-0.14372682841014395
CVX,4,FANG|TRGP|MPC|SLB,0.8211493435404067,0.4758229384085232,0.01137985629809691,0.7348981710995149,0.43719780175323975,0.01079974941973286,0.010804687902107693,0.2290430498248491,0.24087631220968428,-0.05166392254156649,142.36332202095844,174.1732783963482,-0.20821596021767708,-0.11762189030671666
CVX,4,FANG|OKE|MPC|SLB,0.8343686434004046,0.5294944499244683,0.010772990824478955,0.7523211797114804,0.4782164641426717,0.010414360684202845,0.010403501156901444,0.2290430498248491,0.23986406178768957,-0.047244445841580385,142.36332202095844,159.33152443332054,-0.20821596021767708,-0.12240719836220604
CVX,4,SU|CVE|KMI|PSX,0.800531705040215,0.5532514633269476,0.01050645462059887,0.7463411806578697,0.48639316949971634,0.01030516832591694,0.010321664286918098,0.2290430498248491,0.23029691793209445,-0.005474377450894963,142.36332202095844,180.30382458973915,-0.20821596021767708,-0.1318683268125117
CVX,4,SU|CVE|KMI|WMB,0.7388380678900219,0.47641985098584605,0.01136675563920082,0.6922822643179285,0.42437526132471537,0.0109390098236184,0.010927078404929806,0.2290430498248491,0.2118178345515329,0.07520514281698765,142.36332202095844,159.62882768196368,-0.20821596021767708,-0.15685642471641204
CVX,4,SU|CVE|KMI|TRGP,0.7388382499871267,0.47642010465908136,0.011366752917729256,0.6922823459106469,0.4243752741257184,0.010939009657514832,0.010927078283429151,0.2290430498248491,0.21181790028415232,0.07520485582893255,142.36332202095844,159.62887971785065,-0.20821596021767708,-0.1568565172022217
CVX,4,SU|CVE|KMI|OKE,0.7388382666708652,0.47642002649484727,0.011366753797939246,0.692282322265611,0.4243751003900378,0.010939011283242034,0.010927079932440352,0.2290430498248491,0.21181796289518862,0.07520458246968265,142.36332202095844,159.62891194208322,-0.20821596021767708,-0.15685652727845545
CVX,4,SU|CVE|KMI|MPC,0.7778977113994348,0.5433804588233087,0.010618571570549707,0.7222288928429629,0.46521165054325275,0.010529170759934996,0.010532350487836179,0.2290430498248491,0.2187238799812411,0.04505340743366437,142.36332202095844,172.1055278916297,-0.20821596021767708,-0.13066324413513486
CVX,4,SU|CVE|KMI|SLB,0.7874251371413656,0.5812379536976433,0.01016332513495347,0.6920185163967811,0.45933483025755173,0.010607956262433434,0.010590062676526877,0.2290430498248491,0.1904303389534258,0.16858276599508581,142.36332202095844,148.82189148500498,-0.20821596021767708,-0.16447662788868234
CVX,4,SU|CVE|PSX|WMB,0.7938223511536956,0.543788130551756,0.010617123199961722,0.7255257165065089,0.4443562914539838,0.010715754357652237,0.01073575358583605,0.2290430498248491,0.2301332796431447,-0.004759934078459427,142.36332202095844,183.7334570103407,-0.20821596021767708,-0.12731291118704735
CVX,4,SU|CVE|PSX|TRGP,0.8140681647490223,0.5239994293370249,0.010843741956496714,0.7611228774455673,0.48173013021056144,0.010320684607796738,0.010368413641180204,0.2290430498248491,0.24341219598780825,-0.06273556946585956,142.36332202095844,197.12678624856716,-0.20821596021767708,-0.1232905127414401
CVX,4,SU|CVE|PSX|OKE,0.8192020140878014,0.5209026830641801,0.010874939752090033,0.7617587446245581,0.4522083519791096,0.010637144005764983,0.010659627714602745,0.2290430498248491,0.25506402746454265,-0.1136073662116881,142.36332202095844,184.94038118408534,-0.20821596021767708,-0.14021281330089497
CVX,4,SU|CVE|PSX|MPC,0.808729903470429,0.357697510616355,0.01258165899319215,0.7236144586378732,0.20743425925127223,0.012748882277342144,0.012821888087416107,0.2290430498248491,0.29210032696190197,-0.27530753360677496,142.36332202095844,220.00531384947345,-0.20821596021767708,-0.15181823974378206
CVX,4,SU|CVE|PSX|SLB,0.847454248579545,0.5602024061953474,0.010416106712972583,0.7413332218105328,0.420226996566055,0.010928936104525323,0.010966380956460057,0.2290430498248491,0.2502314954088679,-0.09250857251604772,142.36332202095844,194.2479247306146,-0.20821596021767708,-0.15752111544379244
CVX,4,SU|CVE|WMB|TRGP,0.6986473868144502,0.4155838801053011,0.011999997170633915,0.630125816220446,0.3227623229853247,0.011868475550117651,0.011852361518377359,0.2290430498248491,0.20650436994218002,0.09840368393585652,142.36332202095844,157.03295568500178,-0.20821596021767708,-0.1590690039419569
CVX,4,SU|CVE|WMB|OKE,0.7361831232162175,0.4717282827526932,0.011416043900916327,0.6822135609583645,0.40724255380997065,0.011103830690084115,0.011088501082804564,0.2290430498248491,0.2112622633973517,0.0776307617327594,142.36332202095844,155.66959694114837,-0.20821596021767708,-0.161314990444135
CVX,4,SU|CVE|WMB|MPC,0.760041870253938,0.522687525455807,0.010851707696441431,0.6838962467616655,0.40170402303016717,0.011139757456323177,0.011140184290833284,0.2290430498248491,0.21450043551131218,0.06349292993023703,142.36332202095844,171.75814245531726,-0.20821596021767708,-0.1259903464402481
CVX,4,SU|CVE|WMB|SLB,0.7662805158128069,0.5380671035897004,0.010674487321764726,0.6427119604902785,0.367488916016823,0.011472302074716527,0.011454296063196173,0.2290430498248491,0.19595643646291164,0.14445587144966432,142.36332202095844,152.44833767082227,-0.20821596021767708,-0.1680066490787625
CVX,4,SU|CVE|TRGP|OKE,0.7737653668221581,0.48496720217836575,0.011280487575897212,0.720506229837842,0.4178950683546583,0.011002830273770393,0.010988412984687322,0.2290430498248491,0.23769651653128673,-0.0377809617583027,142.36332202095844,156.65548263045227,-0.20821596021767708,-0.1710869685160572
CVX,4,SU|CVE|TRGP|MPC,0.7845156232570365,0.4992958552147069,0.011110153828690923,0.7212618327943842,0.42054672418920647,0.010936058143557137,0.010963356722467394,0.2290430498248491,0.23569016003270968,-0.029021226415486767,142.36332202095844,188.71756615325162,-0.20821596021767708,-0.12590633872662815
CVX,4,SU|CVE|TRGP|SLB,0.7966578119891304,0.4973308659553295,0.01113934141741293,0.6793927388915767,0.3584117442279815,0.011534885983429612,0.011536193630405967,0.2290430498248491,0.22829661309593172,0.0032589363854882425,142.36332202095844,173.5865437293021,-0.20821596021767708,-0.1640978278191233
CVX,4,SU|CVE|OKE|MPC,0.8058680820013178,0.5530667721225668,0.01050862619811401,0.7419441177067386,0.4527538679028623,0.01065184258384908,0.01065431872065252,0.2290430498248491,0.24072044086408292,-0.05098338957747717,142.36332202095844,171.9345785657771,-0.20821596021767708,-0.14098770745300993
CVX,4,SU|CVE|OKE|SLB,0.8145117803508921,0.5728213300741141,0.010273724283887729,0.7188317014110913,0.4554848575661615,0.010643640994177455,0.010627700691919659,0.2290430498248491,0.22116844207853034,0.03438047018820489,142.36332202095844,153.1025434821726,-0.20821596021767708,-0.1769033619100746
CVX,4,SU|CVE|MPC|SLB,0.8400747743845483,0.5978540810072879,0.009967664111114886,0.6989849211076634,0.3687967473598017,0.011427938263841576,0.011442448018621291,0.2290430498248491,0.23807951961327575,-0.03945314994424365,142.36332202095844,182.59758901086872,-0.20821596021767708,-0.15704948728119916
CVX,4,SU|KMI|PSX|WMB,0.7988077769083247,0.6066601263782136,0.009845432611210656,0.7594243435928091,0.565780191004102,0.009497074484541025,0.009490501235948858,0.2290430498248491,0.19682539519310918,0.14066200505266147,142.36332202095844,161.19145499514943,-0.20821596021767708,-0.13175863514088992
CVX,4,SU|KMI|PSX|TRGP,0.7997971247317863,0.6079039416047157,0.009829738174104631,0.7622839425136395,0.5706009438901445,0.009444445698672867,0.009437671938235696,0.2290430498248491,0.19697377637430455,0.1400141740824189,142.36332202095844,160.8540415242651,-0.20821596021767708,-0.13255971640858355
CVX,4,SU|KMI|PSX|OKE,0.7996880501690893,0.6079217629634199,0.009829528652901607,0.76206771729222,0.5703220568058711,0.009447649415717125,0.009440736241177026,0.2290430498248491,0.1968786480303223,0.1404295036200538,142.36332202095844,160.72857332461862,-0.20821596021767708,-0.13274411898767535
CVX,4,SU|KMI|PSX|MPC,0.799688148369236,0.6079218939125517,0.009829527038489343,0.7620677573187546,0.5703220840155514,0.009447649080672334,0.009440735942256145,0.2290430498248491,0.19687869313381243,0.140429306698601,142.36332202095844,160.72860730993943,-0.20821596021767708,-0.13274415197575185
CVX,4,SU|KMI|PSX|SLB,0.8265876297075928,0.6513693033983081,0.009276149490547156,0.7501833000112662,0.5531447720749867,0.009637524035836089,0.009627593736836072,0.2290430498248491,0.19348281530513423,0.15525568030511316,142.36332202095844,158.13279555776109,-0.20821596021767708,-0.14169046206492564
CVX,4,SU|KMI|WMB|TRGP,0.7107910422184809,0.4542853036555451,0.01158256215002525,0.6788048082160736,0.4379444055676509,0.010816717115810157,0.010797518866228583,0.2290430498248491,0.19006258419276256,0.17018838014030635,142.36332202095844,145.43932925560674,-0.20821596021767708,-0.1570744194150525
CVX,4,SU|KMI|WMB|OKE,0.7107910425240072,0.45428530413011947,0.011582562145041086,0.6788048083797301,0.4379444057462182,0.010816717114081404,0.010797518864513377,0.2290430498248491,0.1900625842625034,0.17018837983581847,142.36332202095844,145.43932931458804,-0.20821596021767708,-0.15707441955881252
CVX,4,SU|KMI|WMB|MPC,0.7667002707544092,0.5538749913845334,0.010478695453754634,0.7227263469330402,0.5039761725201415,0.01015486465052523,0.010143447918866308,0.2290430498248491,0.19599569960549443,0.14428444890437075,142.36332202095844,157.92222223160698,-0.20821596021767708,-0.12917181551633727
CVX,4,SU|KMI|WMB|SLB,0.7844571606357326,0.5774677467232985,0.010207262359430985,0.687513414070263,0.4537487205320413,0.010663104716067566,0.010644629937107396,0.2290430498248491,0.1889183750043179,0.17518398768796883,142.36332202095844,147.35108283218713,-0.20821596021767708,-0.1645803575104744
CVX,4,SU|KMI|TRGP|OKE,0.7107908012682471,0.4542849293871043,0.011582566080736302,0.6788046791497907,0.43794426474183223,0.010816718479177673,0.010797520218914468,0.2290430498248491,0.19006252919257272,0.1701886202706656,142.36332202095844,145.43928274064916,-0.20821596021767708,-0.15707430604061645
CVX,4,SU|KMI|TRGP|MPC,0.766700236652508,0.5538749452068084,0.010478695985557708,0.7227263392814915,0.5039761823337998,0.010154864563455213,0.010143447818524018,0.2290430498248491,0.19599568101393172,0.14428453007497477,142.36332202095844,157.922206132676,-0.20821596021767708,-0.1291718430577068
CVX,4,SU|KMI|TRGP|SLB,0.7844571516247767,0.577467733986049,0.01020726251096229,0.6875134172750889,0.4537487295199655,0.010663104628693635,0.010644629849534945,0.2290430498248491,0.18891837194823033,0.1751840010308211,142.36332202095844,147.35108155889137,-0.20821596021767708,-0.16458035416849015
CVX,4,SU|KMI|OKE|MPC,0.7667002375651025,0.5538749475486594,0.010478695957606091,0.72272634071381,0.5039761860747363,0.010154864526039016,0.010143447780273845,0.2290430498248491,0.1959956799814327,0.14428453458285673,142.36332202095844,157.92220502669144,-0.20821596021767708,-0.12917185165553913
CVX,4,SU|KMI|OKE|SLB,0.78445711931342,0.5774676778992824,0.010207263188484453,0.6875133111939794,0.4537485575993139,0.010663106311305475,0.010644631524617141,0.2290430498248491,0.18891836975969095,0.17518401058596533,142.36332202095844,147.3510661161354,-0.20821596021767708,-0.16458031956281838
CVX,4,SU|KMI|MPC|SLB,0.8131165080060981,0.6294966679951757,0.009560869591813166,0.7210132390662563,0.503907511140953,0.010156481328333062,0.010144149940609212,0.2290430498248491,0.19353940506296172,0.15500860990559318,142.36332202095844,156.8004686663017,-0.20821596021767708,-0.13784278999861854
CVX,4,SU|PSX|WMB|TRGP,0.7862736298124099,0.5786270809329614,0.01019256884584466,0.7268296811088717,0.5023500032623661,0.010163445315790477,0.010160061501787939,0.2290430498248491,0.20230542608622434,0.11673623696100455,142.36332202095844,165.8953533769097,-0.20821596021767708,-0.12578229178964473
CVX,4,SU|PSX|WMB|OKE,0.7883357013605344,0.5816347355050157,0.01015677138128672,0.7301979415641964,0.5077278181079015,0.010108450316795132,0.010105015439544972,0.2290430498248491,0.20274767504168004,0.11480538179734046,142.36332202095844,165.69900631170137,-0.20821596021767708,-0.12610473267317746
CVX,4,SU|PSX|WMB|MPC,0.7861279849432653,0.5785463169956655,0.010193560319333996,0.7264938103804067,0.5018421404027673,0.010168744568912244,0.010165244463850089,0.2290430498248491,0.20225004045129347,0.11697805017023855,142.36332202095844,165.81089647868902,-0.20821596021767708,-0.12588499874407044
CVX,4,SU|PSX|WMB|SLB,0.8183966921513766,0.6316466513103929,0.009536212204247304,0.726629148835964,0.5065104355089207,0.010122935097617152,0.010117502509029661,0.2290430498248491,0.1990086957548675,0.13112973344071832,142.36332202095844,163.9837656647788,-0.20821596021767708,-0.13760323300706412
CVX,4,SU|PSX|TRGP|OKE,0.8187414653909649,0.5861168084998194,0.010111354446560323,0.7736854864335658,0.548226071670936,0.009674877570556923,0.009680435959985561,0.2290430498248491,0.22750363653261838,0.006721065290599015,142.36332202095844,171.34564679287436,-0.20821596021767708,-0.13409745582994226
CVX,4,SU|PSX|TRGP|MPC,0.8077970722350912,0.5387856925677112,0.010667983904125843,0.7583210733331865,0.5047612376163948,0.0101036588528878,0.010135417638998822,0.2290430498248491,0.23227153594557734,-0.014095542838767905,142.36332202095844,188.2490342912094,-0.20821596021767708,-0.12115394186934936
CVX,4,SU|PSX|TRGP|SLB,0.8308279222129515,0.5830843633255922,0.01014771088852136,0.7445163910564975,0.49426486565958894,0.010223447146010652,0.010242262377885565,0.2290430498248491,0.2249069779206406,0.018058054620611275,142.36332202095844,181.4358274220633,-0.20821596021767708,-0.13173383076784562
CVX,4,SU|PSX|OKE|MPC,0.8207667001393786,0.5932277493408736,0.010025069656842672,0.772036521951321,0.5434354743984744,0.009731707105557387,0.009731626140270634,0.2290430498248491,0.2285396725896313,0.00219774071120149,142.36332202095844,167.3799966509164,-0.20821596021767708,-0.13914621973555752
CVX,4,SU|PSX|OKE|SLB,0.8425801043294989,0.6317596621242061,0.009538408306988435,0.765260536962821,0.5447654569621208,0.009720848399737086,0.009717441581633908,0.2290430498248491,0.2208213679716587,0.03589579277553978,142.36332202095844,164.64940158016174,-0.20821596021767708,-0.14783704469235026
CVX,4,SU|PSX|MPC|SLB,0.8494515693726652,0.6100168476282315,0.00981508451614375,0.7377890811322805,0.4591466108901472,0.010574080685923082,0.010591905851900226,0.2290430498248491,0.23434435814241536,-0.0231454668527169,142.36332202095844,181.96682565662024,-0.20821596021767708,-0.1608171662872373
CVX,4,SU|WMB|TRGP|OKE,0.7215976621768894,0.45190913786861986,0.011621813878337712,0.6713762581880127,0.39974635733319375,0.011176810928362277,0.01115839513184776,0.2290430498248491,0.20540605644929985,0.10319891126853509,142.36332202095844,150.29501758061298,-0.20821596021767708,-0.16102174686315984
CVX,4,SU|WMB|TRGP|MPC,0.7456577219762126,0.5090982651504581,0.010995510152234312,0.6729586165516284,0.402762297730753,0.011138758422396415,0.011130327469485994,0.2290430498248491,0.2047672036716063,0.10598813704151566,142.36332202095844,163.97925879565472,-0.20821596021767708,-0.12506817552448857
CVX,4,SU|WMB|TRGP|SLB,0.7760119799370189,0.5431488919010924,0.010615347949790431,0.6605902789759059,0.3911114930236337,0.011253258828014976,0.01123836731315336,0.2290430498248491,0.1997215284635145,0.12801751192082433,142.36332202095844,156.79213580450624,-0.20821596021767708,-0.1642629932539914
CVX,4,SU|WMB|OKE|MPC,0.7514764612515571,0.5181503738895876,0.010895057031262714,0.6815105233494493,0.4168560000917164,0.011006525620963168,0.010998215874086765,0.2290430498248491,0.20542269329471566,0.10312627494349258,142.36332202095844,163.72534346006674,-0.20821596021767708,-0.12533401818317458
CVX,4,SU|WMB|OKE|SLB,0.7951729860622502,0.5751007648698768,0.010243710099228618,0.6937398134285201,0.44340755392681175,0.010761700536619682,0.010744915093537142,0.2290430498248491,0.20330898325268087,0.11235471494047633,142.36332202095844,152.0080818628906,-0.20821596021767708,-0.17026292924257336
CVX,4,SU|WMB|MPC|SLB,0.8016011476380142,0.6028865451411138,0.009899851332403146,0.6876472082018704,0.4357918705970397,0.010826620776524673,0.010818175031624772,0.2290430498248491,0.20090759273055095,0.1228391654573826,142.36332202095844,163.08025843605597,-0.20821596021767708,-0.13349125190238953
CVX,4,SU|TRGP|OKE|MPC,0.799761622856175,0.5593596022449117,0.010432918825551361,0.7388085673008825,0.47016278271927747,0.010488898251572313,0.010483482260549438,0.2290430498248491,0.23165790479636736,-0.011416434480408189,142.36332202095844,165.01758469785452,-0.20821596021767708,-0.14015277147511718
CVX,4,SU|TRGP|OKE|SLB,0.812067080476813,0.5638695914295613,0.010380646980278152,0.7175007029606971,0.4543192050684389,0.010652432244912084,0.010639070057130759,0.2290430498248491,0.22039179990014499,0.03777128330818069,142.36332202095844,156.98493936867305,-0.20821596021767708,-0.17203765279889827
CVX,4,SU|TRGP|MPC|SLB,0.8226730167165817,0.5710261292471213,0.0102927287963995,0.7124295336363795,0.4273928960182074,0.010884649576161047,0.010898398904498533,0.2290430498248491,0.2265952937307992,0.010686882208046589,142.36332202095844,180.40436201260192,-0.20821596021767708,-0.1358455143572691
CVX,4,SU|OKE|MPC|SLB,0.8340745222040706,0.6196434015277614,0.009694302731244461,0.7384084582243908,0.49013386377689383,0.010290569752314242,0.010284008295296113,0.2290430498248491,0.2223164369044766,0.029368334579531585,142.36332202095844,163.40696023411132,-0.20821596021767708,-0.14573727870620778
CVX,4,CVE|KMI|PSX|WMB,0.8005316241995357,0.5532515412919082,0.010506453703980472,0.7463411905207733,0.4863934553327367,0.0103051655631028,0.010321661414805899,0.2290430498248491,0.2302968058138339,-0.005473887943526545,142.36332202095844,180.30374932406755,-0.20821596021767708,-0.1318682700592806
CVX,4,CVE|KMI|PSX|TRGP,0.8005316230013804,0.5532515393998656,0.010506453726228875,0.7463411892191909,0.48639345287293545,0.010305165588357293,0.010321661439522518,0.2290430498248491,0.23029680576207068,-0.00547388771752888,142.36332202095844,180.30374907641132,-0.20821596021767708,-0.13186827079774455
CVX,4,CVE|KMI|PSX|OKE,0.8005316257572348,0.5532515403086644,0.010506453715539585,0.7463411905772971,0.4863934509655339,0.010305165605063657,0.010321661458688505,0.2290430498248491,0.2302968077000165,-0.005473896178583626,142.36332202095844,180.30375062653368,-0.20821596021767708,-0.13186827088382014
CVX,4,CVE|KMI|PSX|MPC,0.8005316258478163,0.5532515399558335,0.0105064537196881,0.746341190440132,0.4863934500619589,0.010305165613926252,0.010321661467767824,0.2290430498248491,0.23029680796588728,-0.005473897339373313,142.36332202095844,180.3037507864681,-0.20821596021767708,-0.13186827108501165
CVX,4,CVE|KMI|PSX|SLB,0.822273019303309,0.6033962455717756,0.009899118477823227,0.7471958130094453,0.5153128501762152,0.010020515718749907,0.010026863135328813,0.2290430498248491,0.21731022435646483,0.051225415821857356,142.36332202095844,172.89286595797034,-0.20821596021767708,-0.13750123641637912
CVX,4,CVE|KMI|WMB|TRGP,0.7270647509971078,0.40962690451994554,0.012076437081105293,0.6734964141249963,0.3387147895276501,0.011718351329137166,0.011711937308449438,0.2290430498248491,0.23133046450671324,-0.009986832971414561,142.36332202095844,167.5624690528404,-0.20821596021767708,-0.15791703923721245
CVX,4,CVE|KMI|WMB|OKE,0.7270647509225139,0.4096269045117217,0.012076437081177007,0.673496414109606,0.33871478968798807,0.011718351327756575,0.011711937307029576,0.2290430498248491,0.23133046444323419,-0.00998683269426559,142.36332202095844,167.56246901237145,-0.20821596021767708,-0.15791703918517408
CVX,4,CVE|KMI|WMB|MPC,0.7705998929475003,0.5078633577090941,0.011026302507471707,0.7117596929835462,0.42089008285540896,0.010952166860893188,0.010960108038308486,0.2290430498248491,0.22892784944215244,0.0005029638872899866,142.36332202095844,176.74395685054344,-0.20821596021767708,-0.13009566569503328
CVX,4,CVE|KMI|WMB|SLB,0.7816979522652105,0.5279828046243592,0.010799363187265489,0.6877263585140376,0.41081821643873184,0.011065623206701706,0.011055006174378467,0.2290430498248491,0.21416167272842512,0.06497196534801597,142.36332202095844,161.4891348779878,-0.20821596021767708,-0.16125179732635264
CVX,4,CVE|KMI|TRGP|OKE,0.7270647510833542,0.4096269045294544,0.012076437081022375,0.6734964141427908,0.33871478934226584,0.011718351330733418,0.011711937310091097,0.2290430498248491,0.23133046458010822,-0.009986833291856456,142.36332202095844,167.5624690996312,-0.20821596021767708,-0.15791703929737932
CVX,4,CVE|KMI|TRGP|MPC,0.7705998662696192,0.5078632729564978,0.011026303459897187,0.7117596675377792,0.42089000198042426,0.01095216763328899,0.010960108803619625,0.2290430498248491,0.22892786154363276,0.000502911052330246,142.36332202095844,176.7439542562103,-0.20821596021767708,-0.13009570813891347
CVX,4,CVE|KMI|TRGP|SLB,0.7816978869913046,0.5279827153318526,0.010799364206828957,0.6877263955301429,0.4108183163333049,0.011065622269804749,0.01105500523720152,0.2290430498248491,0.21416165866044132,0.06497202676871316,142.36332202095844,161.48913186409632,-0.20821596021767708,-0.16125177572477867
CVX,4,CVE|KMI|OKE|MPC,0.7705999155039764,0.5078633305135326,0.011026302818324688,0.7117596860560496,0.4208899755350688,0.010952167850550093,0.01096010905386912,0.2290430498248491,0.2289278853755077,0.0005028070025676623,142.36332202095844,176.74397773605446,-0.20821596021767708,-0.13009569755091743
CVX,4,CVE|KMI|OKE|SLB,0.781697950288198,0.5279828006787743,0.010799363232379537,0.6877263608378427,0.41081822021690617,0.011065623170715756,0.01105500613893292,0.2290430498248491,0.21416167296922722,0.06497196429667607,142.36332202095844,161.4891353654877,-0.20821596021767708,-0.16125179714136084
CVX,4,CVE|KMI|MPC|SLB,0.8086827894533146,0.5872461109753887,0.01009873694504649,0.7184723887194748,0.4668221057171521,0.010516792928659277,0.010516480034304335,0.2290430498248491,0.2144768215763318,0.0635960281687491,142.36332202095844,169.40224350756492,-0.20821596021767708,-0.13353889416764197
CVX,4,CVE|PSX|WMB|TRGP,0.7918121991555063,0.5323378430592838,0.010749553204454068,0.7228718781931462,0.4311502351552823,0.010840733577236627,0.010862583441668626,0.2290430498248491,0.23315369836020408,-0.017947056409257645,142.36332202095844,185.24321596745455,-0.20821596021767708,-0.12716799395165945
CVX,4,CVE|PSX|WMB|OKE,0.7918121909447962,0.53233785232938,0.010749553098101916,0.722871876278698,0.43115026308729343,0.010840733321515054,0.010862583174977994,0.2290430498248491,0.23315368651092389,-0.017947004675401557,142.36332202095844,185.24320864245433,-0.20821596021767708,-0.12716798346440572
CVX,4,CVE|PSX|WMB|MPC,0.7918122047899562,0.5323378402990336,0.010749553236077234,0.7228718808600447,0.4311502238712642,0.010840733678757888,0.010862583549406727,0.2290430498248491,0.23315370457106738,-0.01794708352583374,142.36332202095844,185.2432199753531,-0.20821596021767708,-0.12716799856425665
CVX,4,CVE|PSX|WMB|SLB,0.8156469692255996,0.583657975269128,0.010142249500293606,0.7270119810505041,0.4657499359605196,0.010513566350843832,0.010527048541727684,0.2290430498248491,0.22239231241793828,0.029037062735571717,142.36332202095844,179.08186116713787,-0.20821596021767708,-0.13314562605770996
CVX,4,CVE|PSX|TRGP|OKE,0.8137436317017585,0.483257353947927,0.011291454010303952,0.7546867290421575,0.41109720932574756,0.011025464154969819,0.01105238844808297,0.2290430498248491,0.26258717345876487,-0.14645335739096743,142.36332202095844,188.81246970067374,-0.20821596021767708,-0.13987369226626112
CVX,4,CVE|PSX|TRGP|MPC,0.807209417514251,0.44973421284246795,0.011659941619356405,0.7497632105464342,0.400152026372977,0.01109055434300912,0.011154623909001028,0.2290430498248491,0.26131546782703463,-0.14090110146046553,142.36332202095844,208.1598789744327,-0.20821596021767708,-0.12357670232262441
CVX,4,CVE|PSX|TRGP|SLB,0.8272235477313254,0.5204184469751738,0.010885208643477355,0.7435378231175622,0.4462169294985966,0.01067873708118165,0.010717763548551073,0.2290430498248491,0.24295915879863716,-0.06075761296590221,142.36332202095844,194.14438733669982,-0.20821596021767708,-0.12674898071173346
CVX,4,CVE|PSX|OKE|MPC,0.8137436387991521,0.4832573124954357,0.011291454456933808,0.7546867152875931,0.4110971103222487,0.011025465051277723,0.011052389377120069,0.2290430498248491,0.2625871919925804,-0.1464534383094478,142.36332202095844,188.81249147824963,-0.20821596021767708,-0.13987370461337767
CVX,4,CVE|PSX|OKE|SLB,0.8338898545317625,0.5446451310961214,0.010597455951981836,0.7571851545937875,0.46813378959943897,0.010487302129567602,0.01050353614458134,0.2290430498248491,0.24645124683164962,-0.07600403950310963,142.36332202095844,180.71893125396244,-0.20821596021767708,-0.1429005326608943
CVX,4,CVE|PSX|MPC|SLB,0.8339312518975427,0.4607689219015859,0.011524843324656708,0.7288678899524222,0.32426162680678716,0.011787211360174132,0.01183923456338011,0.2290430498248491,0.26902747525956566,-0.17457166006693048,142.36332202095844,205.18627271049633,-0.20821596021767708,-0.1552540987195158
CVX,4,CVE|WMB|TRGP|OKE,0.728417647988636,0.3749332540567304,0.012427598419994936,0.6635615880117504,0.27145834624499077,0.012295140116442439,0.012293103205301689,0.2290430498248491,0.24543698029949682,-0.07157576048338621,142.36332202095844,173.07320595439012,-0.20821596021767708,-0.15864819183065126
CVX,4,CVE|WMB|TRGP|MPC,0.7543524767963911,0.4699938871393846,0.01144277939945319,0.6743482834910169,0.32745160386953576,0.011797927082238552,0.011811256602149317,0.2290430498248491,0.23490176216376316,-0.025579088050889265,142.36332202095844,182.9865992761267,-0.20821596021767708,-0.12511973507996843
CVX,4,CVE|WMB|TRGP|SLB,0.7678888420792412,0.48553986068995736,0.011274563906024052,0.6508250058042714,0.31997893705165714,0.01188242028337167,0.011876692614206121,0.2290430498248491,0.22214633230216738,0.030111009820886103,142.36332202095844,168.66155522719785,-0.20821596021767708,-0.16307026292715154
CVX,4,CVE|WMB|OKE|MPC,0.7551853619475486,0.47103881442355255,0.011431561842790858,0.6756230279095992,0.32958461339484624,0.011779174142921837,0.01179251183207335,0.2290430498248491,0.23506222721155945,-0.026279677079541486,142.36332202095844,182.93312212827365,-0.20821596021767708,-0.12516306287202528
CVX,4,CVE|WMB|OKE|SLB,0.7879622075072218,0.5030454175494379,0.011079592875865065,0.6867617875974986,0.3716730714818418,0.011422742614893072,0.011416347258606989,0.2290430498248491,0.22914971542586124,-0.00046570110332400105,142.36332202095844,166.74205988235892,-0.20821596021767708,-0.16654819026405998
CVX,4,CVE|WMB|MPC|SLB,0.7985508379369878,0.5604845534975187,0.010421047563516942,0.6873503241620932,0.3918222935475604,0.01122601697071814,0.011231805709543394,0.2290430498248491,0.22132556525192826,0.033694471754643796,142.36332202095844,176.03920946076164,-0.20821596021767708,-0.12779460308814927
CVX,4,CVE|TRGP|OKE|MPC,0.7930726019472323,0.44742645799304315,0.011679353492340587,0.724350393697227,0.32388416597930636,0.011824157962409045,0.01184254074189754,0.2290430498248491,0.2673808372744692,-0.1673824526827481,142.36332202095844,186.34933432405808,-0.20821596021767708,-0.1399955651899112
CVX,4,CVE|TRGP|OKE|SLB,0.805183669880974,0.4662286549058522,0.011475427371278428,0.7111829901314702,0.360398391940837,0.011522140592848428,0.011518319143611256,0.2290430498248491,0.24965775504443333,-0.09000362698343589,142.36332202095844,169.33569954827968,-0.20821596021767708,-0.17221956507797542
CVX,4,CVE|TRGP|MPC|SLB,0.817618788987563,0.503562060835059,0.01107517955684126,0.7079087400620797,0.36356945485132874,0.011458058713557762,0.011489730488813698,0.2290430498248491,0.2452891796185,-0.07093046397205427,142.36332202095844,193.02041326643834,-0.20821596021767708,-0.12757328332874296
CVX,4,CVE|OKE|MPC|SLB,0.8257844078867932,0.5397803222358697,0.01065622858583173,0.7307910564717136,0.41297034275733124,0.011026227454994514,0.0110347971858734,0.2290430498248491,0.24608330233789777,-0.07439759698484405,142.36332202095844,177.3995265962856,-0.20821596021767708,-0.13984332761426144
CVX,4,KMI|PSX|WMB|TRGP,0.7344241669578099,0.400011474169931,0.012161099405434425,0.700217462472485,0.416639306694081,0.010995751823645974,0.011000259125330963,0.2290430498248491,0.2214492492520976,0.03315446846589987,142.36332202095844,174.4333701022888,-0.20821596021767708,-0.11357132025221639
CVX,4,KMI|PSX|WMB|OKE,0.7070477586269249,0.4022146409778009,0.012140636242210508,0.6512391319502049,0.35130660763614796,0.011613338472455001,0.011599895349651973,0.2290430498248491,0.2106082767107794,0.0804860620226936,142.36332202095844,159.81866341586075,-0.20821596021767708,-0.10852054965799984
CVX,4,KMI|PSX|WMB|MPC,0.703861356745705,0.3970565826401087,0.012192296798836278,0.6462130455214486,0.3422644075434076,0.011694014436257978,0.011680461599065719,0.2290430498248491,0.21051992131498032,0.08087182092638723,142.36332202095844,159.9268698753297,-0.20821596021767708,-0.10773149660357761
CVX,4,KMI|PSX|WMB|SLB,0.7988412432770142,0.5801724657157814,0.01018183183300104,0.6745671204542297,0.4064377010381939,0.01111321559729417,0.011096026575279836,0.2290430498248491,0.20484322670440092,0.10565622112940765,142.36332202095844,152.6096955697713,-0.20821596021767708,-0.10678587210917456
CVX,4,KMI|PSX|TRGP|OKE,0.7459492872338411,0.4065068042465769,0.012094520583658178,0.7231934484257742,0.45459449785011485,0.010629281339942821,0.010636386044142774,0.2290430498248491,0.2243626650322026,0.0204345200442696,142.36332202095844,175.20430104193204,-0.20821596021767708,-0.1194789836580108
CVX,4,KMI|PSX|TRGP|MPC,0.7459492282951006,0.4065065899842102,0.01209452275045036,0.7231934107946567,0.45459438896020776,0.01062928238963174,0.010636387105917017,0.2290430498248491,0.2243626799820745,0.02043445477325656,142.36332202095844,175.2043125318943,-0.20821596021767708,-0.11947895792440033
CVX,4,KMI|PSX|TRGP|SLB,0.8025291247017566,0.5404789812192623,0.01065158189513304,0.7007140499553507,0.42651247980919416,0.010910205927322636,0.010906774142554036,0.2290430498248491,0.21788459835712787,0.04871770383888174,142.36332202095844,167.94285704094426,-0.20821596021767708,-0.10223993854746183
CVX,4,KMI|PSX|OKE|MPC,0.7439280469007311,0.4652757431866592,0.011485432274498412,0.7199526385228632,0.480192393267696,0.010398096758066952,0.010383784092484956,0.2290430498248491,0.20937131889775226,0.0858866092734093,142.36332202095844,154.8511802755791,-0.20821596021767708,-0.12309896353818817
CVX,4,KMI|PSX|OKE|SLB,0.798841225237492,0.5801724479884477,0.010181832045538597,0.6745670563507317,0.40643759742578633,0.011113216573999494,0.011096027543742606,0.2290430498248491,0.204843221294813,0.10565624474762225,142.36332202095844,152.6096838259552,-0.20821596021767708,-0.10678589264769722
CVX,4,KMI|PSX|MPC|SLB,0.7979762804857281,0.5831391302821307,0.010145142098113059,0.6675719941556181,0.3939969283517347,0.011228625512652354,0.011211707185382164,0.2290430498248491,0.20477946968966068,0.10593458371141562,142.36332202095844,153.5375283710421,-0.20821596021767708,-0.10260706761028138
CVX,4,KMI|WMB|TRGP|OKE,0.5346035008397011,-0.06187368286978612,0.016139567579621587,0.5439032871588003,0.12773824207956852,0.013475311994564271,0.01345109841655758,0.2290430498248491,0.21848122586583205,0.04611283322979576,142.36332202095844,143.73818254047944,-0.20821596021767708,-0.10517291329648615
CVX,4,KMI|WMB|TRGP|MPC,0.6528980206684362,0.2981997961620244,0.013143762769922159,0.5950377276039542,0.23076075677160712,0.012646814819819387,0.012631794450754798,0.2290430498248491,0.21641046232375435,0.05515376917463766,142.36332202095844,160.99029777084002,-0.20821596021767708,-0.10287743843725561
CVX,4,KMI|WMB|TRGP|SLB,0.739935671072114,0.4206033949571,0.01195363295169273,0.5850594475782765,0.20609823057551124,0.012854438997257698,0.012832690470217767,0.2290430498248491,0.2184781956304775,0.04612606321148205,142.36332202095844,150.0431548006312,-0.20821596021767708,-0.12720092915221015
CVX,4,KMI|WMB|OKE|MPC,0.6391605567820906,0.27955843545062553,0.013318808513341246,0.5717065025240918,0.18252983447196347,0.013039546852463321,0.013021778084143372,0.2290430498248491,0.2177410485793084,0.04934444094323498,142.36332202095844,158.46379782119897,-0.20821596021767708,-0.11299744927665578
CVX,4,KMI|WMB|OKE|SLB,0.7189716738234206,0.43158626309080117,0.011841079469923053,0.5281281618958173,0.12952923234364222,0.013459819662792647,0.01343728194172658,0.2290430498248491,0.20942656842632873,0.08564539030335672,142.36332202095844,134.1684749234056,-0.20821596021767708,-0.13307576099895857
CVX,4,KMI|WMB|MPC|SLB,0.7846289434313716,0.5588042324811789,0.01043591059562939,0.6411360462884381,0.3413410752798266,0.011706719955223538,0.011688657266774996,0.2290430498248491,0.20717571079730154,0.09547261549420372,142.36332202095844,153.26066758872597,-0.20821596021767708,-0.10128062344684952
CVX,4,KMI|TRGP|OKE|MPC,0.6842191916284183,0.3499204618452082,0.012646492819419281,0.6569128694723193,0.35990849980542305,0.011535670979306538,0.011522729431057976,0.2290430498248491,0.21138719945576626,0.07708529196840685,142.36332202095844,160.19858497202313,-0.20821596021767708,-0.10034139832392375
CVX,4,KMI|TRGP|OKE|SLB,0.7399356875014773,0.42060352890050234,0.011953631575310085,0.5850593899493302,0.20609817587294865,0.012854439448078259,0.012832690912326016,0.2290430498248491,0.218478178779768,0.046126136781535765,142.36332202095844,150.04313256206237,-0.20821596021767708,-0.1272009457877885
CVX,4,KMI|TRGP|MPC|SLB,0.7883989375206588,0.5498771747786222,0.010540103499550159,0.6567421814530467,0.36134728202117106,0.011523628714854175,0.011509771889080152,0.2290430498248491,0.2106735557467931,0.08020105430880042,142.36332202095844,159.02512207750573,-0.20821596021767708,-0.09944289722569244
CVX,4,KMI|OKE|MPC|SLB,0.7846290712093169,0.5588043875541371,0.010435908785978165,0.6411360760678501,0.3413409800077173,0.011706720779564226,0.011688658112131333,0.2290430498248491,0.2071757745318974,0.09547233722950244,142.36332202095844,153.26071021961718,-0.20821596021767708,-0.10128063107655783
CVX,4,PSX|WMB|TRGP|OKE,0.7344239797946145,0.40001165423216234,0.012161097551100484,0.7002172436463063,0.4166392475221036,0.010995752541685576,0.01100025968322514,0.2290430498248491,0.22144910008486932,0.033155119728745075,142.36332202095844,174.43325530602948,-0.20821596021767708,-0.11357123604747443
CVX,4,PSX|WMB|TRGP|MPC,0.7344241306369592,0.4000112354581733,0.012161101805446623,0.7002174833902506,0.4166392792839756,0.010995752050441154,0.011000259383763063,0.2290430498248491,0.22144927691594254,0.033154347685789065,142.36332202095844,174.4333938581858,-0.20821596021767708,-0.11357130259473902
CVX,4,PSX|WMB|TRGP|SLB,0.799202287905019,0.5158433156844943,0.010934233603414853,0.6942651100796575,0.39874095613653215,0.011164464100520802,0.011167736158079384,0.2290430498248491,0.2241024262282573,0.021570720440414748,142.36332202095844,174.01260689230855,-0.20821596021767708,-0.1001227483328907
CVX,4,PSX|WMB|OKE|MPC,0.7070477587763893,0.40221463248660283,0.012140636328016478,0.6512391109232514,0.35130655326165006,0.01161333895390361,0.011599895835812677,0.2290430498248491,0.21060828313397975,0.08048603397905574,142.36332202095844,159.81867070983063,-0.20821596021767708,-0.10852055312955344
CVX,4,PSX|WMB|OKE|SLB,0.7939527374578844,0.5621641742864696,0.010399635530536045,0.6690689930114946,0.38523607169663854,0.011306158492928209,0.011292459004815172,0.2290430498248491,0.2101354917967933,0.08255023692059005,142.36332202095844,158.56000066797355,-0.20821596021767708,-0.10335094528522137
CVX,4,PSX|WMB|MPC|SLB,0.7852804983505998,0.553823583331187,0.010496685690272,0.648177937186226,0.35010367803913367,0.01162433886622061,0.011610645724655975,0.2290430498248491,0.2087218365537591,0.08872224364210046,142.36332202095844,159.54009880828727,-0.20821596021767708,-0.09934069695149306
CVX,4,PSX|TRGP|OKE|MPC,0.7553849698272342,0.34842349581396526,0.012680816368521213,0.7240798750214151,0.3974049865372046,0.011158831133729933,0.01118013636860149,0.2290430498248491,0.24598855979350104,-0.07398395184490547,142.36332202095844,185.97045445914085,-0.20821596021767708,-0.12759056744551778
CVX,4,PSX|TRGP|OKE|SLB,0.8045598797398495,0.4797738449079383,0.011335887099280685,0.7004548038415473,0.3750235004010086,0.011374432110777162,0.011385868868812255,0.2290430498248491,0.23712608552585115,-0.03529046485882548,142.36332202095844,180.40489159033098,-0.20821596021767708,-0.10800461802022232
CVX,4,PSX|TRGP|MPC|SLB,0.8032089121055163,0.47301211457270487,0.011408972010487791,0.6971950723802169,0.36494023823141086,0.011463936085927379,0.01147735017358921,0.2290430498248491,0.23815895176769084,-0.03979995005224013,142.36332202095844,181.99521250394176,-0.20821596021767708,-0.10932826935626061
CVX,4,PSX|OKE|MPC|SLB,0.8243808221905705,0.5509164223946429,0.010531102166512173,0.7155091646360622,0.412846980482104,0.0110480163468414,0.011035956587414086,0.2290430498248491,0.23568425634352483,-0.02899545095891054,142.36332202095844,159.79987769828242,-0.20821596021767708,-0.11363912562778833
CVX,4,WMB|TRGP|OKE|MPC,0.6453473736231408,0.2785650327210537,0.013327509979445906,0.5805766867456299,0.1920457807076158,0.012960702716363915,0.012945764748437387,0.2290430498248491,0.21988558066951552,0.03998143214708483,142.36332202095844,162.05886149242343,-0.20821596021767708,-0.10687603273936941
CVX,4,WMB|TRGP|OKE|SLB,0.7432407977225439,0.37078794895997613,0.01246187807671654,0.587826636366267,0.1554989609765799,0.013252770660225876,0.013235319457111004,0.2290430498248491,0.2342710365061353,-0.022825345214727344,142.36332202095844,159.62827350331227,-0.20821596021767708,-0.1307891515824341
CVX,4,WMB|TRGP|MPC|SLB,0.7786656236540096,0.5183203558763767,0.010904302353702136,0.6363859438948587,0.30449965785871747,0.012019827071212496,0.012011106231357174,0.2290430498248491,0.2178236882697723,0.04898363676023498,142.36332202095844,166.20108245056957,-0.20821596021767708,-0.09633226863753108
CVX,4,WMB|OKE|MPC|SLB,0.7748057201640772,0.5311462950128447,0.010760065836769838,0.62112256372047,0.2848717388202072,0.012194547752993966,0.012179411519775531,0.2290430498248491,0.21473748861859385,0.062457958087769216,142.36332202095844,159.43620595312157,-0.20821596021767708,-0.0987096068581722
CVX,4,TRGP|OKE|MPC|SLB,0.8038152975503905,0.5039215946974007,0.011070893293304292,0.6775506041125642,0.3300739831529782,0.011790755302553963,0.011788207073948865,0.2290430498248491,0.2367737814772612,-0.03375230839060106,142.36332202095844,171.19196422860637,-0.20821596021767708,-0.10312738282417855
