target,n_stocks,stocks,ticker,weight
CVX,2,EOG|COP,EOG,0.565427319091361
CVX,2,EOG|COP,COP,0.43457268090863904
CVX,2,EOG|HAL,EOG,0.7071260964967784
CVX,2,EOG|HAL,HAL,0.2928739035032216
CVX,2,EOG|CNQ,EOG,0.7022906721837752
CVX,2,EOG|CNQ,CNQ,0.29770932781622483
CVX,2,EOG|DVN,EOG,1.0
CVX,2,EOG|DVN,DVN,2.7755575615628914e-17
CVX,2,EOG|FANG,EOG,1.0
CVX,2,EOG|FANG,FANG,0.0
CVX,2,EOG|SU,EOG,0.7314048126745412
CVX,2,EOG|SU,SU,0.26859518732545884
CVX,2,EOG|CVE,EOG,0.7981706262048822
CVX,2,EOG|CVE,CVE,0.20182937379511778
CVX,2,EOG|KMI,EOG,0.7327363912968927
CVX,2,EOG|KMI,KMI,0.2672636087031072
CVX,2,EOG|PSX,EOG,0.6848829583655963
CVX,2,EOG|PSX,PSX,0.3151170416344037
CVX,2,EOG|WMB,EOG,0.7457533293779806
CVX,2,EOG|WMB,WMB,0.25424667062201944
CVX,2,EOG|TRGP,EOG,0.7694765067855351
CVX,2,EOG|TRGP,TRGP,0.23052349321446486
CVX,2,EOG|OKE,EOG,0.7828800325341971
CVX,2,EOG|OKE,OKE,0.21711996746580292
CVX,2,EOG|MPC,EOG,0.7261270924822817
CVX,2,EOG|MPC,MPC,0.2738729075177183
CVX,2,EOG|SLB,EOG,0.8252237819528294
CVX,2,EOG|SLB,SLB,0.17477621804717056
CVX,2,COP|HAL,COP,0.6834381284955006
CVX,2,COP|HAL,HAL,0.31656187150449944
CVX,2,COP|CNQ,COP,0.7354875929058655
CVX,2,COP|CNQ,CNQ,0.26451240709413454
CVX,2,COP|DVN,COP,0.9921080532321923
CVX,2,COP|DVN,DVN,0.0078919467678078
CVX,2,COP|FANG,COP,1.0
CVX,2,COP|FANG,FANG,2.7755575615628914e-17
CVX,2,COP|SU,COP,0.7812484366206567
CVX,2,COP|SU,SU,0.21875156337934334
CVX,2,COP|CVE,COP,0.8971425295687024
CVX,2,COP|CVE,CVE,0.10285747043129762
CVX,2,COP|KMI,COP,0.6819419749305355
CVX,2,COP|KMI,KMI,0.3180580250694644
CVX,2,COP|PSX,COP,0.7084879960752
CVX,2,COP|PSX,PSX,0.2915120039248
CVX,2,COP|WMB,COP,0.7007971581065735
CVX,2,COP|WMB,WMB,0.29920284189342644
CVX,2,COP|TRGP,COP,0.74473660806138
CVX,2,COP|TRGP,TRGP,0.25526339193861997
CVX,2,COP|OKE,COP,0.73836391416598
CVX,2,COP|OKE,OKE,0.26163608583402004
CVX,2,COP|MPC,COP,0.7696972288364463
CVX,2,COP|MPC,MPC,0.23030277116355374
CVX,2,COP|SLB,COP,0.8474227253497018
CVX,2,COP|SLB,SLB,0.15257727465029827
CVX,2,HAL|CNQ,HAL,0.5046211153179877
CVX,2,HAL|CNQ,CNQ,0.49537888468201224
CVX,2,HAL|DVN,HAL,0.5091267650541134
CVX,2,HAL|DVN,DVN,0.49087323494588664
CVX,2,HAL|FANG,HAL,0.515351029320261
CVX,2,HAL|FANG,FANG,0.48464897067973906
CVX,2,HAL|SU,HAL,0.5590566895391543
CVX,2,HAL|SU,SU,0.44094331046084567
CVX,2,HAL|CVE,HAL,0.5815803081343558
CVX,2,HAL|CVE,CVE,0.4184196918656442
CVX,2,HAL|KMI,HAL,0.5761797873414632
CVX,2,HAL|KMI,KMI,0.42382021265853675
CVX,2,HAL|PSX,HAL,0.5695567936541703
CVX,2,HAL|PSX,PSX,0.4304432063458296
CVX,2,HAL|WMB,HAL,0.5918923138489222
CVX,2,HAL|WMB,WMB,0.4081076861510779
CVX,2,HAL|TRGP,HAL,0.5923951720996428
CVX,2,HAL|TRGP,TRGP,0.40760482790035724
CVX,2,HAL|OKE,HAL,0.6063489924350753
CVX,2,HAL|OKE,OKE,0.3936510075649247
CVX,2,HAL|MPC,HAL,0.6151273060315102
CVX,2,HAL|MPC,MPC,0.3848726939684898
CVX,2,HAL|SLB,HAL,1.0
CVX,2,HAL|SLB,SLB,0.0
CVX,2,CNQ|DVN,CNQ,0.503975834026252
CVX,2,CNQ|DVN,DVN,0.496024165973748
CVX,2,CNQ|FANG,CNQ,0.5097221573214549
CVX,2,CNQ|FANG,FANG,0.49027784267854513
CVX,2,CNQ|SU,CNQ,1.0
CVX,2,CNQ|SU,SU,0.0
CVX,2,CNQ|CVE,CNQ,1.0
CVX,2,CNQ|CVE,CVE,5.551115123125783e-17
CVX,2,CNQ|KMI,CNQ,0.566653349832852
CVX,2,CNQ|KMI,KMI,0.4333466501671481
CVX,2,CNQ|PSX,CNQ,0.5636692881638774
CVX,2,CNQ|PSX,PSX,0.4363307118361226
CVX,2,CNQ|WMB,CNQ,0.5801582324381774
CVX,2,CNQ|WMB,WMB,0.4198417675618225
CVX,2,CNQ|TRGP,CNQ,0.6005847677480446
CVX,2,CNQ|TRGP,TRGP,0.39941523225195547
CVX,2,CNQ|OKE,CNQ,0.5948920392053793
CVX,2,CNQ|OKE,OKE,0.4051079607946208
CVX,2,CNQ|MPC,CNQ,0.6213717235333566
CVX,2,CNQ|MPC,MPC,0.3786282764666434
CVX,2,CNQ|SLB,CNQ,0.6516877056819104
CVX,2,CNQ|SLB,SLB,0.34831229431808963
CVX,2,DVN|FANG,DVN,0.5439794851989335
CVX,2,DVN|FANG,FANG,0.4560205148010666
CVX,2,DVN|SU,DVN,0.5483395105913978
CVX,2,DVN|SU,SU,0.45166048940860215
CVX,2,DVN|CVE,DVN,0.5845727873167589
CVX,2,DVN|CVE,CVE,0.4154272126832411
CVX,2,DVN|KMI,DVN,0.5687761392053281
CVX,2,DVN|KMI,KMI,0.4312238607946719
CVX,2,DVN|PSX,DVN,0.5606871690037368
CVX,2,DVN|PSX,PSX,0.43931283099626317
CVX,2,DVN|WMB,DVN,0.5764028945487174
CVX,2,DVN|WMB,WMB,0.4235971054512826
CVX,2,DVN|TRGP,DVN,0.6070333466475675
CVX,2,DVN|TRGP,TRGP,0.3929666533524325
CVX,2,DVN|OKE,DVN,0.6063082095951848
CVX,2,DVN|OKE,OKE,0.39369179040481517
CVX,2,DVN|MPC,DVN,0.623083545584124
CVX,2,DVN|MPC,MPC,0.37691645441587596
CVX,2,DVN|SLB,DVN,0.6530330647327849
CVX,2,DVN|SLB,SLB,0.34696693526721506
CVX,2,FANG|SU,FANG,0.5427404189550554
CVX,2,FANG|SU,SU,0.4572595810449446
CVX,2,FANG|CVE,FANG,0.5722927284416283
CVX,2,FANG|CVE,CVE,0.4277072715583718
CVX,2,FANG|KMI,FANG,0.5570887505682864
CVX,2,FANG|KMI,KMI,0.4429112494317136
CVX,2,FANG|PSX,FANG,0.561457448414042
CVX,2,FANG|PSX,PSX,0.438542551585958
CVX,2,FANG|WMB,FANG,0.5625786294309688
CVX,2,FANG|WMB,WMB,0.4374213705690312
CVX,2,FANG|TRGP,FANG,0.5762672317808942
CVX,2,FANG|TRGP,TRGP,0.4237327682191058
CVX,2,FANG|OKE,FANG,0.5908723292605461
CVX,2,FANG|OKE,OKE,0.4091276707394539
CVX,2,FANG|MPC,FANG,0.6201976484909407
CVX,2,FANG|MPC,MPC,0.3798023515090593
CVX,2,FANG|SLB,FANG,0.6695244039312691
CVX,2,FANG|SLB,SLB,0.3304755960687309
CVX,2,SU|CVE,SU,0.6710361405298798
CVX,2,SU|CVE,CVE,0.3289638594701202
CVX,2,SU|KMI,SU,0.520704330187824
CVX,2,SU|KMI,KMI,0.479295669812176
CVX,2,SU|PSX,SU,0.5237253923820465
CVX,2,SU|PSX,PSX,0.4762746076179535
CVX,2,SU|WMB,SU,0.527294742361714
CVX,2,SU|WMB,WMB,0.4727052576382859
CVX,2,SU|TRGP,SU,0.5404625352809285
CVX,2,SU|TRGP,TRGP,0.4595374647190715
CVX,2,SU|OKE,SU,0.5443879134373698
CVX,2,SU|OKE,OKE,0.4556120865626302
CVX,2,SU|MPC,SU,0.5896780175136996
CVX,2,SU|MPC,MPC,0.41032198248630036
CVX,2,SU|SLB,SU,0.5987659417298465
CVX,2,SU|SLB,SLB,0.40123405827015346
CVX,2,CVE|KMI,CVE,0.5098405971632275
CVX,2,CVE|KMI,KMI,0.49015940283677245
CVX,2,CVE|PSX,CVE,0.5109518952894749
CVX,2,CVE|PSX,PSX,0.489048104710525
CVX,2,CVE|WMB,CVE,0.5160440293981513
CVX,2,CVE|WMB,WMB,0.4839559706018487
CVX,2,CVE|TRGP,CVE,0.5295155071508106
CVX,2,CVE|TRGP,TRGP,0.4704844928491894
CVX,2,CVE|OKE,CVE,0.533723801306286
CVX,2,CVE|OKE,OKE,0.466276198693714
CVX,2,CVE|MPC,CVE,0.5742894608400791
CVX,2,CVE|MPC,MPC,0.4257105391599208
CVX,2,CVE|SLB,CVE,0.5957549104576563
CVX,2,CVE|SLB,SLB,0.4042450895423437
CVX,2,KMI|PSX,KMI,0.5006257885024089
CVX,2,KMI|PSX,PSX,0.4993742114975911
CVX,2,KMI|WMB,KMI,0.6071550629451962
CVX,2,KMI|WMB,WMB,0.3928449370548038
CVX,2,KMI|TRGP,KMI,0.5322053502254619
CVX,2,KMI|TRGP,TRGP,0.4677946497745381
CVX,2,KMI|OKE,KMI,0.7105974488966521
CVX,2,KMI|OKE,OKE,0.2894025511033479
CVX,2,KMI|MPC,KMI,0.5615737989487808
CVX,2,KMI|MPC,MPC,0.43842620105121916
CVX,2,KMI|SLB,KMI,0.561540890541393
CVX,2,KMI|SLB,SLB,0.438459109458607
CVX,2,PSX|WMB,PSX,0.5043758204778968
CVX,2,PSX|WMB,WMB,0.4956241795221033
CVX,2,PSX|TRGP,PSX,0.5085219714782643
CVX,2,PSX|TRGP,TRGP,0.4914780285217358
CVX,2,PSX|OKE,PSX,0.5243608335002693
CVX,2,PSX|OKE,OKE,0.4756391664997307
CVX,2,PSX|MPC,PSX,1.0
CVX,2,PSX|MPC,MPC,0.0
CVX,2,PSX|SLB,PSX,0.5739166461242923
CVX,2,PSX|SLB,SLB,0.4260833538757078
CVX,2,WMB|TRGP,WMB,0.5181547495406248
CVX,2,WMB|TRGP,TRGP,0.4818452504593752
CVX,2,WMB|OKE,WMB,0.6271399534310174
CVX,2,WMB|OKE,OKE,0.37286004656898264
CVX,2,WMB|MPC,WMB,0.5532621384912868
CVX,2,WMB|MPC,MPC,0.4467378615087132
CVX,2,WMB|SLB,WMB,0.5638732730708946
CVX,2,WMB|SLB,SLB,0.4361267269291054
CVX,2,TRGP|OKE,TRGP,0.5639200355821667
CVX,2,TRGP|OKE,OKE,0.43607996441783325
CVX,2,TRGP|MPC,TRGP,0.5619699162893129
CVX,2,TRGP|MPC,MPC,0.4380300837106871
CVX,2,TRGP|SLB,TRGP,0.5540082883104505
CVX,2,TRGP|SLB,SLB,0.4459917116895495
CVX,2,OKE|MPC,OKE,0.5398253981339484
CVX,2,OKE|MPC,MPC,0.4601746018660517
CVX,2,OKE|SLB,OKE,0.5455896781620635
CVX,2,OKE|SLB,SLB,0.4544103218379365
CVX,2,MPC|SLB,MPC,0.5138753186598894
CVX,2,MPC|SLB,SLB,0.48612468134011055
CVX,3,EOG|COP|HAL,EOG,0.3513547518459024
CVX,3,EOG|COP|HAL,COP,0.3684607669446451
CVX,3,EOG|COP|HAL,HAL,0.28018448120945255
CVX,3,EOG|COP|CNQ,EOG,0.6074894270442904
CVX,3,EOG|COP|CNQ,COP,0.11266414896786428
CVX,3,EOG|COP|CNQ,CNQ,0.27984642398784537
CVX,3,EOG|COP|DVN,EOG,0.5654272897617728
CVX,3,EOG|COP|DVN,COP,0.43457271023822713
CVX,3,EOG|COP|DVN,DVN,5.930728077581278e-17
CVX,3,EOG|COP|FANG,EOG,0.565427316170518
CVX,3,EOG|COP|FANG,COP,0.4345726838294823
CVX,3,EOG|COP|FANG,FANG,0.0
CVX,3,EOG|COP|SU,EOG,0.6781308259106421
CVX,3,EOG|COP|SU,COP,0.0630670363914029
CVX,3,EOG|COP|SU,SU,0.25880213769795507
CVX,3,EOG|COP|CVE,EOG,0.6581202583920629
CVX,3,EOG|COP|CVE,COP,0.17489003475065323
CVX,3,EOG|COP|CVE,CVE,0.16698970685728384
CVX,3,EOG|COP|KMI,EOG,1.7889335846010823e-18
CVX,3,EOG|COP|KMI,COP,0.68194197474283
CVX,3,EOG|COP|KMI,KMI,0.31805802525717
CVX,3,EOG|COP|PSX,EOG,0.6848829564405396
CVX,3,EOG|COP|PSX,COP,3.3610267347050637e-18
CVX,3,EOG|COP|PSX,PSX,0.3151170435594604
CVX,3,EOG|COP|WMB,EOG,0.13427554501378042
CVX,3,EOG|COP|WMB,COP,0.5826995102421096
CVX,3,EOG|COP|WMB,WMB,0.28302494474411
CVX,3,EOG|COP|TRGP,EOG,0.36974206497197976
CVX,3,EOG|COP|TRGP,COP,0.4050706841674507
CVX,3,EOG|COP|TRGP,TRGP,0.22518725086056965
CVX,3,EOG|COP|OKE,EOG,0.25549889202315856
CVX,3,EOG|COP|OKE,COP,0.5111559944437782
CVX,3,EOG|COP|OKE,OKE,0.2333451135330632
CVX,3,EOG|COP|MPC,EOG,0.7261270920970492
CVX,3,EOG|COP|MPC,COP,0.0
CVX,3,EOG|COP|MPC,MPC,0.2738729079029509
CVX,3,EOG|COP|SLB,EOG,0.5625016841408949
CVX,3,EOG|COP|SLB,COP,0.28589573101803406
CVX,3,EOG|COP|SLB,SLB,0.15160258484107111
CVX,3,EOG|HAL|CNQ,EOG,0.5297836580710205
CVX,3,EOG|HAL|CNQ,HAL,0.22954684732764521
CVX,3,EOG|HAL|CNQ,CNQ,0.24066949460133424
CVX,3,EOG|HAL|DVN,EOG,0.7071260859218638
CVX,3,EOG|HAL|DVN,HAL,0.2928739140781363
CVX,3,EOG|HAL|DVN,DVN,0.0
CVX,3,EOG|HAL|FANG,EOG,0.7071260859943189
CVX,3,EOG|HAL|FANG,HAL,0.2928739140056811
CVX,3,EOG|HAL|FANG,FANG,0.0
CVX,3,EOG|HAL|SU,EOG,0.5497834685444724
CVX,3,EOG|HAL|SU,HAL,0.23021610808519272
CVX,3,EOG|HAL|SU,SU,0.2200004233703348
CVX,3,EOG|HAL|CVE,EOG,0.6000425637161316
CVX,3,EOG|HAL|CVE,HAL,0.2558346096437299
CVX,3,EOG|HAL|CVE,CVE,0.14412282664013842
CVX,3,EOG|HAL|KMI,EOG,0.5302974407700803
CVX,3,EOG|HAL|KMI,HAL,0.23809362815099913
CVX,3,EOG|HAL|KMI,KMI,0.23160893107892058
CVX,3,EOG|HAL|PSX,EOG,0.5194655048417295
CVX,3,EOG|HAL|PSX,HAL,0.19868224869189854
CVX,3,EOG|HAL|PSX,PSX,0.28185224646637197
CVX,3,EOG|HAL|WMB,EOG,0.569514255590083
CVX,3,EOG|HAL|WMB,HAL,0.22443548696040408
CVX,3,EOG|HAL|WMB,WMB,0.2060502574495129
CVX,3,EOG|HAL|TRGP,EOG,0.5599704424306421
CVX,3,EOG|HAL|TRGP,HAL,0.24893809118806917
CVX,3,EOG|HAL|TRGP,TRGP,0.1910914663812887
CVX,3,EOG|HAL|OKE,EOG,0.5669762781304343
CVX,3,EOG|HAL|OKE,HAL,0.2530245726132224
CVX,3,EOG|HAL|OKE,OKE,0.1799991492563432
CVX,3,EOG|HAL|MPC,EOG,0.5277402564359305
CVX,3,EOG|HAL|MPC,HAL,0.2248800572866256
CVX,3,EOG|HAL|MPC,MPC,0.247379686277444
CVX,3,EOG|HAL|SLB,EOG,0.7071260866515179
CVX,3,EOG|HAL|SLB,HAL,0.2928739133484822
CVX,3,EOG|HAL|SLB,SLB,6.1186755616267546e-18
CVX,3,EOG|CNQ|DVN,EOG,0.7022906580859289
CVX,3,EOG|CNQ|DVN,CNQ,0.29770934191407117
CVX,3,EOG|CNQ|DVN,DVN,0.0
CVX,3,EOG|CNQ|FANG,EOG,0.7022906587739306
CVX,3,EOG|CNQ|FANG,CNQ,0.2977093412260693
CVX,3,EOG|CNQ|FANG,FANG,1.29093352347366e-17
CVX,3,EOG|CNQ|SU,EOG,0.7212049708667461
CVX,3,EOG|CNQ|SU,CNQ,0.07094371851230266
CVX,3,EOG|CNQ|SU,SU,0.20785131062095125
CVX,3,EOG|CNQ|CVE,EOG,0.7022906583049189
CVX,3,EOG|CNQ|CVE,CNQ,0.2977093416950813
CVX,3,EOG|CNQ|CVE,CVE,0.0
CVX,3,EOG|CNQ|KMI,EOG,0.5008703962541518
CVX,3,EOG|CNQ|KMI,CNQ,0.2595713361079823
CVX,3,EOG|CNQ|KMI,KMI,0.2395582676378661
CVX,3,EOG|CNQ|PSX,EOG,0.5035867298629081
CVX,3,EOG|CNQ|PSX,CNQ,0.21484016178151252
CVX,3,EOG|CNQ|PSX,PSX,0.28157310835557947
CVX,3,EOG|CNQ|WMB,EOG,0.5439784288573518
CVX,3,EOG|CNQ|WMB,CNQ,0.24406508515022693
CVX,3,EOG|CNQ|WMB,WMB,0.21195648599242126
CVX,3,EOG|CNQ|TRGP,EOG,0.5932531793563955
CVX,3,EOG|CNQ|TRGP,CNQ,0.23775765414884265
CVX,3,EOG|CNQ|TRGP,TRGP,0.16898916649476192
CVX,3,EOG|CNQ|OKE,EOG,0.5432883523228218
CVX,3,EOG|CNQ|OKE,CNQ,0.2686909129676427
CVX,3,EOG|CNQ|OKE,OKE,0.18802073470953545
CVX,3,EOG|CNQ|MPC,EOG,0.5553457116594321
CVX,3,EOG|CNQ|MPC,CNQ,0.206664850925295
CVX,3,EOG|CNQ|MPC,MPC,0.2379894374152727
CVX,3,EOG|CNQ|SLB,EOG,0.5916266073419363
CVX,3,EOG|CNQ|SLB,CNQ,0.26777903852645873
CVX,3,EOG|CNQ|SLB,SLB,0.140594354131605
CVX,3,EOG|DVN|FANG,EOG,1.0
CVX,3,EOG|DVN|FANG,DVN,9.71445146547012e-17
CVX,3,EOG|DVN|FANG,FANG,0.0
CVX,3,EOG|DVN|SU,EOG,0.7314048172952529
CVX,3,EOG|DVN|SU,DVN,0.0
CVX,3,EOG|DVN|SU,SU,0.2685951827047471
CVX,3,EOG|DVN|CVE,EOG,0.7981706233760554
CVX,3,EOG|DVN|CVE,DVN,0.0
CVX,3,EOG|DVN|CVE,CVE,0.2018293766239447
CVX,3,EOG|DVN|KMI,EOG,0.732736396134259
CVX,3,EOG|DVN|KMI,DVN,0.0
CVX,3,EOG|DVN|KMI,KMI,0.26726360386574094
CVX,3,EOG|DVN|PSX,EOG,0.6848829589667113
CVX,3,EOG|DVN|PSX,DVN,0.0
CVX,3,EOG|DVN|PSX,PSX,0.31511704103328875
CVX,3,EOG|DVN|WMB,EOG,0.7457533327761936
CVX,3,EOG|DVN|WMB,DVN,0.0
CVX,3,EOG|DVN|WMB,WMB,0.2542466672238065
CVX,3,EOG|DVN|TRGP,EOG,0.7694765091084539
CVX,3,EOG|DVN|TRGP,DVN,1.1275702593849246e-17
CVX,3,EOG|DVN|TRGP,TRGP,0.2305234908915462
CVX,3,EOG|DVN|OKE,EOG,0.782880031220201
CVX,3,EOG|DVN|OKE,DVN,2.7755575615628914e-17
CVX,3,EOG|DVN|OKE,OKE,0.21711996877979897
CVX,3,EOG|DVN|MPC,EOG,0.7261270913416923
CVX,3,EOG|DVN|MPC,DVN,1.5178830414797062e-17
CVX,3,EOG|DVN|MPC,MPC,0.2738729086583077
CVX,3,EOG|DVN|SLB,EOG,0.8252237792965114
CVX,3,EOG|DVN|SLB,DVN,0.0
CVX,3,EOG|DVN|SLB,SLB,0.1747762207034887
CVX,3,EOG|FANG|SU,EOG,0.7314048168962646
CVX,3,EOG|FANG|SU,FANG,0.0
CVX,3,EOG|FANG|SU,SU,0.2685951831037355
CVX,3,EOG|FANG|CVE,EOG,0.798170617219624
CVX,3,EOG|FANG|CVE,FANG,9.540979117872439e-17
CVX,3,EOG|FANG|CVE,CVE,0.20182938278037582
CVX,3,EOG|FANG|KMI,EOG,0.7327363951301709
CVX,3,EOG|FANG|KMI,FANG,0.0
CVX,3,EOG|FANG|KMI,KMI,0.26726360486982925
CVX,3,EOG|FANG|PSX,EOG,0.6848829574404689
CVX,3,EOG|FANG|PSX,FANG,7.209944447028604e-18
CVX,3,EOG|FANG|PSX,PSX,0.3151170425595312
CVX,3,EOG|FANG|WMB,EOG,0.7457533329964209
CVX,3,EOG|FANG|WMB,FANG,6.200281173901478e-17
CVX,3,EOG|FANG|WMB,WMB,0.25424666700357895
CVX,3,EOG|FANG|TRGP,EOG,0.769476505961143
CVX,3,EOG|FANG|TRGP,FANG,1.46150452851046e-16
CVX,3,EOG|FANG|TRGP,TRGP,0.23052349403885672
CVX,3,EOG|FANG|OKE,EOG,0.7828800280147099
CVX,3,EOG|FANG|OKE,FANG,1.452830911130576e-16
CVX,3,EOG|FANG|OKE,OKE,0.2171199719852899
CVX,3,EOG|FANG|MPC,EOG,0.7261270926332063
CVX,3,EOG|FANG|MPC,FANG,0.0
CVX,3,EOG|FANG|MPC,MPC,0.27387290736679376
CVX,3,EOG|FANG|SLB,EOG,0.8252237791005279
CVX,3,EOG|FANG|SLB,FANG,4.0223900599212215e-17
CVX,3,EOG|FANG|SLB,SLB,0.17477622089947206
CVX,3,EOG|SU|CVE,EOG,0.7314048145467209
CVX,3,EOG|SU|CVE,SU,0.2685951854532791
CVX,3,EOG|SU|CVE,CVE,0.0
CVX,3,EOG|SU|KMI,EOG,0.5072700040329091
CVX,3,EOG|SU|KMI,SU,0.24523811549337085
CVX,3,EOG|SU|KMI,KMI,0.24749188047372
CVX,3,EOG|SU|PSX,EOG,0.5538823079767279
CVX,3,EOG|SU|PSX,SU,0.17197296248393817
CVX,3,EOG|SU|PSX,PSX,0.2741447295393339
CVX,3,EOG|SU|WMB,EOG,0.5420425009765938
CVX,3,EOG|SU|WMB,SU,0.2347576979897642
CVX,3,EOG|SU|WMB,WMB,0.2231998010336421
CVX,3,EOG|SU|TRGP,EOG,0.6168299722790898
CVX,3,EOG|SU|TRGP,SU,0.2158809679198179
CVX,3,EOG|SU|TRGP,TRGP,0.16728905980109224
CVX,3,EOG|SU|OKE,EOG,0.5568454940847842
CVX,3,EOG|SU|OKE,SU,0.24874416125033214
CVX,3,EOG|SU|OKE,OKE,0.1944103446648837
CVX,3,EOG|SU|MPC,EOG,0.6105295386610888
CVX,3,EOG|SU|MPC,SU,0.1593466112457375
CVX,3,EOG|SU|MPC,MPC,0.2301238500931736
CVX,3,EOG|SU|SLB,EOG,0.6129724706897859
CVX,3,EOG|SU|SLB,SU,0.24415904979210323
CVX,3,EOG|SU|SLB,SLB,0.14286847951811082
CVX,3,EOG|CVE|KMI,EOG,0.5095737453426251
CVX,3,EOG|CVE|KMI,CVE,0.21545864597226033
CVX,3,EOG|CVE|KMI,KMI,0.27496760868511455
CVX,3,EOG|CVE|PSX,EOG,0.559616741315418
CVX,3,EOG|CVE|PSX,CVE,0.1415633615434217
CVX,3,EOG|CVE|PSX,PSX,0.2988198971411602
CVX,3,EOG|CVE|WMB,EOG,0.5721065108279451
CVX,3,EOG|CVE|WMB,CVE,0.18369544807814905
CVX,3,EOG|CVE|WMB,WMB,0.24419804109390586
CVX,3,EOG|CVE|TRGP,EOG,0.6773781255600485
CVX,3,EOG|CVE|TRGP,CVE,0.1301452459457874
CVX,3,EOG|CVE|TRGP,TRGP,0.1924766284941642
CVX,3,EOG|CVE|OKE,EOG,0.591232276820589
CVX,3,EOG|CVE|OKE,CVE,0.1958200689364033
CVX,3,EOG|CVE|OKE,OKE,0.21294765424300766
CVX,3,EOG|CVE|MPC,EOG,0.6491770442153553
CVX,3,EOG|CVE|MPC,CVE,0.09646437496150038
CVX,3,EOG|CVE|MPC,MPC,0.2543585808231444
CVX,3,EOG|CVE|SLB,EOG,0.6759958778436226
CVX,3,EOG|CVE|SLB,CVE,0.17131661052566347
CVX,3,EOG|CVE|SLB,SLB,0.152687511630714
CVX,3,EOG|KMI|PSX,EOG,0.5755060721830384
CVX,3,EOG|KMI|PSX,KMI,0.1607468000203377
CVX,3,EOG|KMI|PSX,PSX,0.26374712779662385
CVX,3,EOG|KMI|WMB,EOG,0.7327363968768323
CVX,3,EOG|KMI|WMB,KMI,0.26726360312316777
CVX,3,EOG|KMI|WMB,WMB,0.0
CVX,3,EOG|KMI|TRGP,EOG,0.7206424319019941
CVX,3,EOG|KMI|TRGP,KMI,0.23490169209679937
CVX,3,EOG|KMI|TRGP,TRGP,0.044455876001206686
CVX,3,EOG|KMI|OKE,EOG,0.7327363957854752
CVX,3,EOG|KMI|OKE,KMI,0.26726360421452494
CVX,3,EOG|KMI|OKE,OKE,0.0
CVX,3,EOG|KMI|MPC,EOG,0.6013860329070034
CVX,3,EOG|KMI|MPC,KMI,0.1736599618917325
CVX,3,EOG|KMI|MPC,MPC,0.2249540052012641
CVX,3,EOG|KMI|SLB,EOG,0.556147097304631
CVX,3,EOG|KMI|SLB,KMI,0.26803036667274044
CVX,3,EOG|KMI|SLB,SLB,0.1758225360226286
CVX,3,EOG|PSX|WMB,EOG,0.5618142742409533
CVX,3,EOG|PSX|WMB,PSX,0.27333833259212664
CVX,3,EOG|PSX|WMB,WMB,0.16484739316691996
CVX,3,EOG|PSX|TRGP,EOG,0.5690736104751738
CVX,3,EOG|PSX|TRGP,PSX,0.2836831450748033
CVX,3,EOG|PSX|TRGP,TRGP,0.14724324445002301
CVX,3,EOG|PSX|OKE,EOG,0.6054553486998838
CVX,3,EOG|PSX|OKE,PSX,0.2837279804666466
CVX,3,EOG|PSX|OKE,OKE,0.11081667083346974
CVX,3,EOG|PSX|MPC,EOG,0.6848830841558592
CVX,3,EOG|PSX|MPC,PSX,0.3151169158441409
CVX,3,EOG|PSX|MPC,MPC,0.0
CVX,3,EOG|PSX|SLB,EOG,0.6145671571803019
CVX,3,EOG|PSX|SLB,PSX,0.2920937942237225
CVX,3,EOG|PSX|SLB,SLB,0.09333904859597573
CVX,3,EOG|WMB|TRGP,EOG,0.7325033167486652
CVX,3,EOG|WMB|TRGP,WMB,0.20922221119978224
CVX,3,EOG|WMB|TRGP,TRGP,0.05827447205155266
CVX,3,EOG|WMB|OKE,EOG,0.7457533322050469
CVX,3,EOG|WMB|OKE,WMB,0.25424666779495303
CVX,3,EOG|WMB|OKE,OKE,1.619166248799657e-18
CVX,3,EOG|WMB|MPC,EOG,0.5962697431899374
CVX,3,EOG|WMB|MPC,WMB,0.17044828299926693
CVX,3,EOG|WMB|MPC,MPC,0.23328197381079566
CVX,3,EOG|WMB|SLB,EOG,0.6032456228989458
CVX,3,EOG|WMB|SLB,WMB,0.24050458162896055
CVX,3,EOG|WMB|SLB,SLB,0.15624979547209375
CVX,3,EOG|TRGP|OKE,EOG,0.7524539861427028
CVX,3,EOG|TRGP|OKE,TRGP,0.1489801779793706
CVX,3,EOG|TRGP|OKE,OKE,0.09856583587792674
CVX,3,EOG|TRGP|MPC,EOG,0.6603278788698865
CVX,3,EOG|TRGP|MPC,TRGP,0.09959045996645259
CVX,3,EOG|TRGP|MPC,MPC,0.24008166116366092
CVX,3,EOG|TRGP|SLB,EOG,0.5715955594657007
CVX,3,EOG|TRGP|SLB,TRGP,0.24171607567933465
CVX,3,EOG|TRGP|SLB,SLB,0.18668836485496468
CVX,3,EOG|OKE|MPC,EOG,0.6459574546674997
CVX,3,EOG|OKE|MPC,OKE,0.11158459749230476
CVX,3,EOG|OKE|MPC,MPC,0.24245794784019556
CVX,3,EOG|OKE|SLB,EOG,0.6129093592379683
CVX,3,EOG|OKE|SLB,OKE,0.21479276057251376
CVX,3,EOG|OKE|SLB,SLB,0.17229788018951805
CVX,3,EOG|MPC|SLB,EOG,0.6230820219702076
CVX,3,EOG|MPC|SLB,MPC,0.25477378506021425
CVX,3,EOG|MPC|SLB,SLB,0.12214419296957824
CVX,3,COP|HAL|CNQ,COP,0.5232383157845959
CVX,3,COP|HAL|CNQ,HAL,0.2785042638699578
CVX,3,COP|HAL|CNQ,CNQ,0.1982574203454462
CVX,3,COP|HAL|DVN,COP,0.6834381334870269
CVX,3,COP|HAL|DVN,HAL,0.3165618665129732
CVX,3,COP|HAL|DVN,DVN,8.420304858637801e-19
CVX,3,COP|HAL|FANG,COP,0.6834381275720504
CVX,3,COP|HAL|FANG,HAL,0.3165618724279497
CVX,3,COP|HAL|FANG,FANG,1.361450733436491e-18
CVX,3,COP|HAL|SU,COP,0.5438445322377727
CVX,3,COP|HAL|SU,HAL,0.28726927027200544
CVX,3,COP|HAL|SU,SU,0.16888619749022185
CVX,3,COP|HAL|CVE,COP,0.6399363689636041
CVX,3,COP|HAL|CVE,HAL,0.3099801780596353
CVX,3,COP|HAL|CVE,CVE,0.05008345297676069
CVX,3,COP|HAL|KMI,COP,0.5306879202246014
CVX,3,COP|HAL|KMI,HAL,0.19861928056778916
CVX,3,COP|HAL|KMI,KMI,0.2706927992076093
CVX,3,COP|HAL|PSX,COP,0.4839189404750164
CVX,3,COP|HAL|PSX,HAL,0.2603258859998959
CVX,3,COP|HAL|PSX,PSX,0.25575517352508775
CVX,3,COP|HAL|WMB,COP,0.5577324269875423
CVX,3,COP|HAL|WMB,HAL,0.19920011315603073
CVX,3,COP|HAL|WMB,WMB,0.24306745985642697
CVX,3,COP|HAL|TRGP,COP,0.5416465773879685
CVX,3,COP|HAL|TRGP,HAL,0.2560113638807564
CVX,3,COP|HAL|TRGP,TRGP,0.2023420587312749
CVX,3,COP|HAL|OKE,COP,0.5484322782694153
CVX,3,COP|HAL|OKE,HAL,0.24272565074647262
CVX,3,COP|HAL|OKE,OKE,0.2088420709841121
CVX,3,COP|HAL|MPC,COP,0.4909092242723578
CVX,3,COP|HAL|MPC,HAL,0.29527355210197465
CVX,3,COP|HAL|MPC,MPC,0.21381722362566752
CVX,3,COP|HAL|SLB,COP,0.683438138241805
CVX,3,COP|HAL|SLB,HAL,0.316561861758195
CVX,3,COP|HAL|SLB,SLB,1.1547124272207767e-17
CVX,3,COP|CNQ|DVN,COP,0.6169931431283677
CVX,3,COP|CNQ|DVN,CNQ,0.2812594506266247
CVX,3,COP|CNQ|DVN,DVN,0.10174740624500753
CVX,3,COP|CNQ|FANG,COP,0.7354875885753487
CVX,3,COP|CNQ|FANG,CNQ,0.2645124114246514
CVX,3,COP|CNQ|FANG,FANG,6.3952154289401174e-18
CVX,3,COP|CNQ|SU,COP,0.7354875879803353
CVX,3,COP|CNQ|SU,CNQ,0.26451241201966474
CVX,3,COP|CNQ|SU,SU,0.0
CVX,3,COP|CNQ|CVE,COP,0.7354875978037742
CVX,3,COP|CNQ|CVE,CNQ,0.26451240219622596
CVX,3,COP|CNQ|CVE,CVE,0.0
CVX,3,COP|CNQ|KMI,COP,0.53183390275559
CVX,3,COP|CNQ|KMI,CNQ,0.17376304966244654
CVX,3,COP|CNQ|KMI,KMI,0.2944030475819635
CVX,3,COP|CNQ|PSX,COP,0.48123005194829493
CVX,3,COP|CNQ|PSX,CNQ,0.23843648541126655
CVX,3,COP|CNQ|PSX,PSX,0.28033346264043846
CVX,3,COP|CNQ|WMB,COP,0.5653366280266395
CVX,3,COP|CNQ|WMB,CNQ,0.16414087980464107
CVX,3,COP|CNQ|WMB,WMB,0.2705224921687194
CVX,3,COP|CNQ|TRGP,COP,0.6024178183611503
CVX,3,COP|CNQ|TRGP,CNQ,0.1812053035912807
CVX,3,COP|CNQ|TRGP,TRGP,0.21637687804756905
CVX,3,COP|CNQ|OKE,COP,0.5488458992183948
CVX,3,COP|CNQ|OKE,CNQ,0.21250574962360577
CVX,3,COP|CNQ|OKE,OKE,0.23864835115799946
CVX,3,COP|CNQ|MPC,COP,0.5441193766608581
CVX,3,COP|CNQ|MPC,CNQ,0.23849372267611435
CVX,3,COP|CNQ|MPC,MPC,0.21738690066302768
CVX,3,COP|CNQ|SLB,COP,0.6022976249769572
CVX,3,COP|CNQ|SLB,CNQ,0.25457484588334045
CVX,3,COP|CNQ|SLB,SLB,0.1431275291397025
CVX,3,COP|DVN|FANG,COP,0.992108077507103
CVX,3,COP|DVN|FANG,DVN,0.007891922492897163
CVX,3,COP|DVN|FANG,FANG,0.0
CVX,3,COP|DVN|SU,COP,0.6418516142009396
CVX,3,COP|DVN|SU,DVN,0.11789505520215322
CVX,3,COP|DVN|SU,SU,0.24025333059690712
CVX,3,COP|DVN|CVE,COP,0.868529113230651
CVX,3,COP|DVN|CVE,DVN,0.026250910117148106
CVX,3,COP|DVN|CVE,CVE,0.10521997665220092
CVX,3,COP|DVN|KMI,COP,0.6819419754565085
CVX,3,COP|DVN|KMI,DVN,1.951563910473908e-17
CVX,3,COP|DVN|KMI,KMI,0.3180580245434915
CVX,3,COP|DVN|PSX,COP,0.5877123215196862
CVX,3,COP|DVN|PSX,DVN,0.11127477742627176
CVX,3,COP|DVN|PSX,PSX,0.301012901054042
CVX,3,COP|DVN|WMB,COP,0.7007971587049809
CVX,3,COP|DVN|WMB,DVN,2.7647155398380363e-17
CVX,3,COP|DVN|WMB,WMB,0.2992028412950192
CVX,3,COP|DVN|TRGP,COP,0.7447366090946815
CVX,3,COP|DVN|TRGP,DVN,0.0
CVX,3,COP|DVN|TRGP,TRGP,0.2552633909053186
CVX,3,COP|DVN|OKE,COP,0.7383639134238259
CVX,3,COP|DVN|OKE,DVN,3.98571353330511e-18
CVX,3,COP|DVN|OKE,OKE,0.26163608657617415
CVX,3,COP|DVN|MPC,COP,0.7206855489128681
CVX,3,COP|DVN|MPC,DVN,0.04722535526979093
CVX,3,COP|DVN|MPC,MPC,0.23208909581734094
CVX,3,COP|DVN|SLB,COP,0.7879921116935653
CVX,3,COP|DVN|SLB,DVN,0.05506549260036562
CVX,3,COP|DVN|SLB,SLB,0.15694239570606894
CVX,3,COP|FANG|SU,COP,0.7812484410336759
CVX,3,COP|FANG|SU,FANG,4.786752591523502e-17
CVX,3,COP|FANG|SU,SU,0.2187515589663241
CVX,3,COP|FANG|CVE,COP,0.8971425224903483
CVX,3,COP|FANG|CVE,FANG,0.0
CVX,3,COP|FANG|CVE,CVE,0.10285747750965188
CVX,3,COP|FANG|KMI,COP,0.6819419745623582
CVX,3,COP|FANG|KMI,FANG,0.0
CVX,3,COP|FANG|KMI,KMI,0.3180580254376419
CVX,3,COP|FANG|PSX,COP,0.7084879942800779
CVX,3,COP|FANG|PSX,FANG,0.0
CVX,3,COP|FANG|PSX,PSX,0.29151200571992214
CVX,3,COP|FANG|WMB,COP,0.7007971607313345
CVX,3,COP|FANG|WMB,FANG,4.85722573273506e-17
CVX,3,COP|FANG|WMB,WMB,0.2992028392686655
CVX,3,COP|FANG|TRGP,COP,0.7447366063298317
CVX,3,COP|FANG|TRGP,FANG,1.1709383462843448e-17
CVX,3,COP|FANG|TRGP,TRGP,0.2552633936701682
CVX,3,COP|FANG|OKE,COP,0.7383639146737915
CVX,3,COP|FANG|OKE,FANG,0.0
CVX,3,COP|FANG|OKE,OKE,0.2616360853262086
CVX,3,COP|FANG|MPC,COP,0.7696972270437868
CVX,3,COP|FANG|MPC,FANG,0.0
CVX,3,COP|FANG|MPC,MPC,0.2303027729562131
CVX,3,COP|FANG|SLB,COP,0.8474227258366469
CVX,3,COP|FANG|SLB,FANG,0.0
CVX,3,COP|FANG|SLB,SLB,0.15257727416335326
CVX,3,COP|SU|CVE,COP,0.7812484438011156
CVX,3,COP|SU|CVE,SU,0.21875155619888448
CVX,3,COP|SU|CVE,CVE,0.0
CVX,3,COP|SU|KMI,COP,0.5308573554157887
CVX,3,COP|SU|KMI,SU,0.16676435734361425
CVX,3,COP|SU|KMI,KMI,0.30237828724059707
CVX,3,COP|SU|PSX,COP,0.5607583346183762
CVX,3,COP|SU|PSX,SU,0.16745611967890292
CVX,3,COP|SU|PSX,PSX,0.27178554570272084
CVX,3,COP|SU|WMB,COP,0.5577257265619505
CVX,3,COP|SU|WMB,SU,0.16217454703319084
CVX,3,COP|SU|WMB,WMB,0.2800997264048587
CVX,3,COP|SU|TRGP,COP,0.629359327273384
CVX,3,COP|SU|TRGP,SU,0.14785306378777233
CVX,3,COP|SU|TRGP,TRGP,0.2227876089388437
CVX,3,COP|SU|OKE,COP,0.5610822182808071
CVX,3,COP|SU|OKE,SU,0.1905734220037194
CVX,3,COP|SU|OKE,OKE,0.24834435971547356
CVX,3,COP|SU|MPC,COP,0.6328494336183424
CVX,3,COP|SU|MPC,SU,0.16196363056829013
CVX,3,COP|SU|MPC,MPC,0.20518693581336758
CVX,3,COP|SU|SLB,COP,0.6352042026292954
CVX,3,COP|SU|SLB,SU,0.21540919333886716
CVX,3,COP|SU|SLB,SLB,0.1493866040318374
CVX,3,COP|CVE|KMI,COP,0.571954433523345
CVX,3,COP|CVE|KMI,CVE,0.10908739831098838
CVX,3,COP|CVE|KMI,KMI,0.3189581681656667
CVX,3,COP|CVE|PSX,COP,0.5799129843135332
CVX,3,COP|CVE|PSX,CVE,0.12424456085739059
CVX,3,COP|CVE|PSX,PSX,0.2958424548290761
CVX,3,COP|CVE|WMB,COP,0.6296374065276906
CVX,3,COP|CVE|WMB,CVE,0.07438373681658358
CVX,3,COP|CVE|WMB,WMB,0.2959788566557259
CVX,3,COP|CVE|TRGP,COP,0.7418760867648303
CVX,3,COP|CVE|TRGP,CVE,0.0036112620169785857
CVX,3,COP|CVE|TRGP,TRGP,0.25451265121819105
CVX,3,COP|CVE|OKE,COP,0.6351469447747354
CVX,3,COP|CVE|OKE,CVE,0.1031603025252167
CVX,3,COP|CVE|OKE,OKE,0.2616927527000479
CVX,3,COP|CVE|MPC,COP,0.7014646481708533
CVX,3,COP|CVE|MPC,CVE,0.07245028423943903
CVX,3,COP|CVE|MPC,MPC,0.22608506758970764
CVX,3,COP|CVE|SLB,COP,0.7454350474799003
CVX,3,COP|CVE|SLB,CVE,0.10220985613760092
CVX,3,COP|CVE|SLB,SLB,0.1523550963824988
CVX,3,COP|KMI|PSX,COP,0.5589873947216675
CVX,3,COP|KMI|PSX,KMI,0.2507452193144787
CVX,3,COP|KMI|PSX,PSX,0.19026738596385376
CVX,3,COP|KMI|WMB,COP,0.6819419752935685
CVX,3,COP|KMI|WMB,KMI,0.3180580247064317
CVX,3,COP|KMI|WMB,WMB,0.0
CVX,3,COP|KMI|TRGP,COP,0.6819419750488247
CVX,3,COP|KMI|TRGP,KMI,0.31805802495117536
CVX,3,COP|KMI|TRGP,TRGP,1.883269038088144e-17
CVX,3,COP|KMI|OKE,COP,0.6819419756348182
CVX,3,COP|KMI|OKE,KMI,0.318058024365182
CVX,3,COP|KMI|OKE,OKE,0.0
CVX,3,COP|KMI|MPC,COP,0.5887008952115587
CVX,3,COP|KMI|MPC,KMI,0.2725670405005708
CVX,3,COP|KMI|MPC,MPC,0.13873206428787058
CVX,3,COP|KMI|SLB,COP,0.55948567913333
CVX,3,COP|KMI|SLB,KMI,0.3103044850311922
CVX,3,COP|KMI|SLB,SLB,0.13020983583547788
CVX,3,COP|PSX|WMB,COP,0.5426778277627554
CVX,3,COP|PSX|WMB,PSX,0.22004380561475667
CVX,3,COP|PSX|WMB,WMB,0.23727836662248786
CVX,3,COP|PSX|TRGP,COP,0.5486145008982763
CVX,3,COP|PSX|TRGP,PSX,0.25165521597647256
CVX,3,COP|PSX|TRGP,TRGP,0.19973028312525123
CVX,3,COP|PSX|OKE,COP,0.579843050121081
CVX,3,COP|PSX|OKE,PSX,0.23119828197323392
CVX,3,COP|PSX|OKE,OKE,0.18895866790568525
CVX,3,COP|PSX|MPC,COP,0.7084879962228924
CVX,3,COP|PSX|MPC,PSX,0.2915120037771076
CVX,3,COP|PSX|MPC,MPC,2.5950567962624548e-17
CVX,3,COP|PSX|SLB,COP,0.6215167356705691
CVX,3,COP|PSX|SLB,PSX,0.27419561912393736
CVX,3,COP|PSX|SLB,SLB,0.10428764520549347
CVX,3,COP|WMB|TRGP,COP,0.7007971594966237
CVX,3,COP|WMB|TRGP,WMB,0.29920284050337637
CVX,3,COP|WMB|TRGP,TRGP,4.2752994906463685e-18
CVX,3,COP|WMB|OKE,COP,0.7007971589470033
CVX,3,COP|WMB|OKE,WMB,0.2992028410529966
CVX,3,COP|WMB|OKE,OKE,1.9671210370525914e-17
CVX,3,COP|WMB|MPC,COP,0.5810363198066484
CVX,3,COP|WMB|MPC,WMB,0.2548421322592939
CVX,3,COP|WMB|MPC,MPC,0.16412154793405778
CVX,3,COP|WMB|SLB,COP,0.599445501284087
CVX,3,COP|WMB|SLB,WMB,0.2858212736103022
CVX,3,COP|WMB|SLB,SLB,0.1147332251056108
CVX,3,COP|TRGP|OKE,COP,0.7212925160154184
CVX,3,COP|TRGP|OKE,TRGP,0.07966158119073788
CVX,3,COP|TRGP|OKE,OKE,0.1990459027938437
CVX,3,COP|TRGP|MPC,COP,0.6454369209600253
CVX,3,COP|TRGP|MPC,TRGP,0.18625403775892213
CVX,3,COP|TRGP|MPC,MPC,0.16830904128105262
CVX,3,COP|TRGP|SLB,COP,0.5639864790419361
CVX,3,COP|TRGP|SLB,TRGP,0.26649627776124757
CVX,3,COP|TRGP|SLB,SLB,0.16951724319681635
CVX,3,COP|OKE|MPC,COP,0.6246366369217775
CVX,3,COP|OKE|MPC,OKE,0.20651336540785517
CVX,3,COP|OKE|MPC,MPC,0.16884999767036746
CVX,3,COP|OKE|SLB,COP,0.6027191410177091
CVX,3,COP|OKE|SLB,OKE,0.25589483035607075
CVX,3,COP|OKE|SLB,SLB,0.14138602862622018
CVX,3,COP|MPC|SLB,COP,0.6357733069359812
CVX,3,COP|MPC|SLB,MPC,0.22383447515488175
CVX,3,COP|MPC|SLB,SLB,0.140392217909137
CVX,3,HAL|CNQ|DVN,HAL,0.33016629865701463
CVX,3,HAL|CNQ|DVN,CNQ,0.3458411546423171
CVX,3,HAL|CNQ|DVN,DVN,0.32399254670066835
CVX,3,HAL|CNQ|FANG,HAL,0.33023534794687026
CVX,3,HAL|CNQ|FANG,CNQ,0.3490027181015595
CVX,3,HAL|CNQ|FANG,FANG,0.3207619339515702
CVX,3,HAL|CNQ|SU,HAL,0.5046211177613267
CVX,3,HAL|CNQ|SU,CNQ,0.4953788822386733
CVX,3,HAL|CNQ|SU,SU,0.0
CVX,3,HAL|CNQ|CVE,HAL,0.5046211156873338
CVX,3,HAL|CNQ|CVE,CNQ,0.49537888431266597
CVX,3,HAL|CNQ|CVE,CVE,1.2840606896990276e-16
CVX,3,HAL|CNQ|KMI,HAL,0.3302686572384819
CVX,3,HAL|CNQ|KMI,CNQ,0.36034796129923163
CVX,3,HAL|CNQ|KMI,KMI,0.30938338146228644
CVX,3,HAL|CNQ|PSX,HAL,0.33115594411921545
CVX,3,HAL|CNQ|PSX,CNQ,0.3439584727950254
CVX,3,HAL|CNQ|PSX,PSX,0.32488558308575904
CVX,3,HAL|CNQ|WMB,HAL,0.3508539823012381
CVX,3,HAL|CNQ|WMB,CNQ,0.3750857456708849
CVX,3,HAL|CNQ|WMB,WMB,0.2740602720278771
CVX,3,HAL|CNQ|TRGP,HAL,0.39752151545141584
CVX,3,HAL|CNQ|TRGP,CNQ,0.34996063041429326
CVX,3,HAL|CNQ|TRGP,TRGP,0.2525178541342909
CVX,3,HAL|CNQ|OKE,HAL,0.35410416946138396
CVX,3,HAL|CNQ|OKE,CNQ,0.3756852798714102
CVX,3,HAL|CNQ|OKE,OKE,0.27021055066720573
CVX,3,HAL|CNQ|MPC,HAL,0.3830872929426673
CVX,3,HAL|CNQ|MPC,CNQ,0.33704025829598744
CVX,3,HAL|CNQ|MPC,MPC,0.27987244876134526
CVX,3,HAL|CNQ|SLB,HAL,0.5046211149762412
CVX,3,HAL|CNQ|SLB,CNQ,0.49537888502375893
CVX,3,HAL|CNQ|SLB,SLB,0.0
CVX,3,HAL|DVN|FANG,HAL,0.49365365240796366
CVX,3,HAL|DVN|FANG,DVN,0.27033885856486845
CVX,3,HAL|DVN|FANG,FANG,0.23600748902716792
CVX,3,HAL|DVN|SU,HAL,0.3423275180680432
CVX,3,HAL|DVN|SU,DVN,0.3488811718416049
CVX,3,HAL|DVN|SU,SU,0.308791310090352
CVX,3,HAL|DVN|CVE,HAL,0.4093981458118176
CVX,3,HAL|DVN|CVE,DVN,0.35673077823616006
CVX,3,HAL|DVN|CVE,CVE,0.23387107595202225
CVX,3,HAL|DVN|KMI,HAL,0.3517331874031031
CVX,3,HAL|DVN|KMI,DVN,0.34024704959164426
CVX,3,HAL|DVN|KMI,KMI,0.3080197630052525
CVX,3,HAL|DVN|PSX,HAL,0.3292135510400607
CVX,3,HAL|DVN|PSX,DVN,0.33812696692412114
CVX,3,HAL|DVN|PSX,PSX,0.3326594820358182
CVX,3,HAL|DVN|WMB,HAL,0.3466559151831569
CVX,3,HAL|DVN|WMB,DVN,0.36852322287009814
CVX,3,HAL|DVN|WMB,WMB,0.28482086194674494
CVX,3,HAL|DVN|TRGP,HAL,0.4168174083444419
CVX,3,HAL|DVN|TRGP,DVN,0.3299073562849679
CVX,3,HAL|DVN|TRGP,TRGP,0.2532752353705902
CVX,3,HAL|DVN|OKE,HAL,0.3908068269135366
CVX,3,HAL|DVN|OKE,DVN,0.35048238274096283
CVX,3,HAL|DVN|OKE,OKE,0.2587107903455005
CVX,3,HAL|DVN|MPC,HAL,0.39522309902744723
CVX,3,HAL|DVN|MPC,DVN,0.3211227732078771
CVX,3,HAL|DVN|MPC,MPC,0.2836541277646757
CVX,3,HAL|DVN|SLB,HAL,0.509126757973578
CVX,3,HAL|DVN|SLB,DVN,0.490873242026422
CVX,3,HAL|DVN|SLB,SLB,3.1921606561833465e-18
CVX,3,HAL|FANG|SU,HAL,0.34486016306565004
CVX,3,HAL|FANG|SU,FANG,0.3443009439887995
CVX,3,HAL|FANG|SU,SU,0.3108388929455504
CVX,3,HAL|FANG|CVE,HAL,0.4017767144112761
CVX,3,HAL|FANG|CVE,FANG,0.3534122275295169
CVX,3,HAL|FANG|CVE,CVE,0.244811058059207
CVX,3,HAL|FANG|KMI,HAL,0.320486241485673
CVX,3,HAL|FANG|KMI,FANG,0.3558277716207945
CVX,3,HAL|FANG|KMI,KMI,0.32368598689353256
CVX,3,HAL|FANG|PSX,HAL,0.3598366494294861
CVX,3,HAL|FANG|PSX,FANG,0.31487821247435277
CVX,3,HAL|FANG|PSX,PSX,0.32528513809616116
CVX,3,HAL|FANG|WMB,HAL,0.3073302454144607
CVX,3,HAL|FANG|WMB,FANG,0.38373951091267466
CVX,3,HAL|FANG|WMB,WMB,0.30893024367286476
CVX,3,HAL|FANG|TRGP,HAL,0.36052678257632653
CVX,3,HAL|FANG|TRGP,FANG,0.3531580134388024
CVX,3,HAL|FANG|TRGP,TRGP,0.28631520398487115
CVX,3,HAL|FANG|OKE,HAL,0.3693223972467522
CVX,3,HAL|FANG|OKE,FANG,0.3570468479452359
CVX,3,HAL|FANG|OKE,OKE,0.2736307548080119
CVX,3,HAL|FANG|MPC,HAL,0.4028156527251337
CVX,3,HAL|FANG|MPC,FANG,0.3135254263356654
CVX,3,HAL|FANG|MPC,MPC,0.28365892093920086
CVX,3,HAL|FANG|SLB,HAL,0.5153510316835207
CVX,3,HAL|FANG|SLB,FANG,0.48464896831647936
CVX,3,HAL|FANG|SLB,SLB,0.0
CVX,3,HAL|SU|CVE,HAL,0.5590566911298701
CVX,3,HAL|SU|CVE,SU,0.44094330887013006
CVX,3,HAL|SU|CVE,CVE,0.0
CVX,3,HAL|SU|KMI,HAL,0.3419480150732078
CVX,3,HAL|SU|KMI,SU,0.3288392688816269
CVX,3,HAL|SU|KMI,KMI,0.3292127160451653
CVX,3,HAL|SU|PSX,HAL,0.3900126579512807
CVX,3,HAL|SU|PSX,SU,0.28408524052783485
CVX,3,HAL|SU|PSX,PSX,0.3259021015208845
CVX,3,HAL|SU|WMB,HAL,0.3570752831499079
CVX,3,HAL|SU|WMB,SU,0.34138027610801075
CVX,3,HAL|SU|WMB,WMB,0.30154444074208125
CVX,3,HAL|SU|TRGP,HAL,0.42770587457895776
CVX,3,HAL|SU|TRGP,SU,0.3033636571683274
CVX,3,HAL|SU|TRGP,TRGP,0.26893046825271477
CVX,3,HAL|SU|OKE,HAL,0.3717364270225139
CVX,3,HAL|SU|OKE,SU,0.3378950422359215
CVX,3,HAL|SU|OKE,OKE,0.2903685307415647
CVX,3,HAL|SU|MPC,HAL,0.449281995154628
CVX,3,HAL|SU|MPC,SU,0.27114020498477287
CVX,3,HAL|SU|MPC,MPC,0.27957779986059916
CVX,3,HAL|SU|SLB,HAL,0.5590566890682621
CVX,3,HAL|SU|SLB,SU,0.440943310931738
CVX,3,HAL|SU|SLB,SLB,0.0
CVX,3,HAL|CVE|KMI,HAL,0.3245393363972637
CVX,3,HAL|CVE|KMI,CVE,0.32000668483490186
CVX,3,HAL|CVE|KMI,KMI,0.35545397876783447
CVX,3,HAL|CVE|PSX,HAL,0.3667979641543262
CVX,3,HAL|CVE|PSX,CVE,0.2794193794342554
CVX,3,HAL|CVE|PSX,PSX,0.35378265641141843
CVX,3,HAL|CVE|WMB,HAL,0.35636785829997414
CVX,3,HAL|CVE|WMB,CVE,0.31966296205541733
CVX,3,HAL|CVE|WMB,WMB,0.3239691796446086
CVX,3,HAL|CVE|TRGP,HAL,0.45918995944564467
CVX,3,HAL|CVE|TRGP,CVE,0.2516485823179973
CVX,3,HAL|CVE|TRGP,TRGP,0.28916145823635797
CVX,3,HAL|CVE|OKE,HAL,0.3773313519760036
CVX,3,HAL|CVE|OKE,CVE,0.3128695468367381
CVX,3,HAL|CVE|OKE,OKE,0.30979910118725823
CVX,3,HAL|CVE|MPC,HAL,0.4539717481191329
CVX,3,HAL|CVE|MPC,CVE,0.24335143236822668
CVX,3,HAL|CVE|MPC,MPC,0.3026768195126405
CVX,3,HAL|CVE|SLB,HAL,0.5815803084072765
CVX,3,HAL|CVE|SLB,CVE,0.41841969159272363
CVX,3,HAL|CVE|SLB,SLB,0.0
CVX,3,HAL|KMI|PSX,HAL,0.4244310782873712
CVX,3,HAL|KMI|PSX,KMI,0.2679930764613813
CVX,3,HAL|KMI|PSX,PSX,0.30757584525124754
CVX,3,HAL|KMI|WMB,HAL,0.5761797934987641
CVX,3,HAL|KMI|WMB,KMI,0.423820206501236
CVX,3,HAL|KMI|WMB,WMB,0.0
CVX,3,HAL|KMI|TRGP,HAL,0.5456091865446845
CVX,3,HAL|KMI|TRGP,KMI,0.30218861422487175
CVX,3,HAL|KMI|TRGP,TRGP,0.15220219923044376
CVX,3,HAL|KMI|OKE,HAL,0.5761797923495282
CVX,3,HAL|KMI|OKE,KMI,0.42382020765047185
CVX,3,HAL|KMI|OKE,OKE,0.0
CVX,3,HAL|KMI|MPC,HAL,0.45254769981509096
CVX,3,HAL|KMI|MPC,KMI,0.27634321726728994
CVX,3,HAL|KMI|MPC,MPC,0.2711090829176192
CVX,3,HAL|KMI|SLB,HAL,0.5761797884480938
CVX,3,HAL|KMI|SLB,KMI,0.42382021155190625
CVX,3,HAL|KMI|SLB,SLB,6.216470585995686e-18
CVX,3,HAL|PSX|WMB,HAL,0.40489005435434683
CVX,3,HAL|PSX|WMB,PSX,0.3375441229508269
CVX,3,HAL|PSX|WMB,WMB,0.2575658226948262
CVX,3,HAL|PSX|TRGP,HAL,0.4036097305258519
CVX,3,HAL|PSX|TRGP,PSX,0.3328419559300257
CVX,3,HAL|PSX|TRGP,TRGP,0.26354831354412234
CVX,3,HAL|PSX|OKE,HAL,0.43786357148866495
CVX,3,HAL|PSX|OKE,PSX,0.329532652257192
CVX,3,HAL|PSX|OKE,OKE,0.23260377625414308
CVX,3,HAL|PSX|MPC,HAL,0.5739458305345384
CVX,3,HAL|PSX|MPC,PSX,0.3155772612331134
CVX,3,HAL|PSX|MPC,MPC,0.11047690823234835
CVX,3,HAL|PSX|SLB,HAL,0.5695567940318835
CVX,3,HAL|PSX|SLB,PSX,0.4304432059681164
CVX,3,HAL|PSX|SLB,SLB,1.4973415076590132e-16
CVX,3,HAL|WMB|TRGP,HAL,0.5583880997717886
CVX,3,HAL|WMB|TRGP,WMB,0.18880467257672529
CVX,3,HAL|WMB|TRGP,TRGP,0.2528072276514862
CVX,3,HAL|WMB|OKE,HAL,0.5807693173691532
CVX,3,HAL|WMB|OKE,WMB,0.19161842445222663
CVX,3,HAL|WMB|OKE,OKE,0.22761225817862024
CVX,3,HAL|WMB|MPC,HAL,0.4446830528083343
CVX,3,HAL|WMB|MPC,WMB,0.2585675389387532
CVX,3,HAL|WMB|MPC,MPC,0.2967494082529125
CVX,3,HAL|WMB|SLB,HAL,0.5918923061233208
CVX,3,HAL|WMB|SLB,WMB,0.4081076938766793
CVX,3,HAL|WMB|SLB,SLB,0.0
CVX,3,HAL|TRGP|OKE,HAL,0.5693702648979625
CVX,3,HAL|TRGP|OKE,TRGP,0.2412456899384873
CVX,3,HAL|TRGP|OKE,OKE,0.18938404516355029
CVX,3,HAL|TRGP|MPC,HAL,0.49327302372081694
CVX,3,HAL|TRGP|MPC,TRGP,0.22663616322547095
CVX,3,HAL|TRGP|MPC,MPC,0.28009081305371214
CVX,3,HAL|TRGP|SLB,HAL,0.49477155687839613
CVX,3,HAL|TRGP|SLB,TRGP,0.42838903973971176
CVX,3,HAL|TRGP|SLB,SLB,0.07683940338189216
CVX,3,HAL|OKE|MPC,HAL,0.48001217001388646
CVX,3,HAL|OKE|MPC,OKE,0.23175046196893784
CVX,3,HAL|OKE|MPC,MPC,0.28823736801717575
CVX,3,HAL|OKE|SLB,HAL,0.6063489940387806
CVX,3,HAL|OKE|SLB,OKE,0.3936510059612195
CVX,3,HAL|OKE|SLB,SLB,4.8866112556355283e-17
CVX,3,HAL|MPC|SLB,HAL,0.6151273071429028
CVX,3,HAL|MPC|SLB,MPC,0.384872692857097
CVX,3,HAL|MPC|SLB,SLB,2.415380701417676e-16
CVX,3,CNQ|DVN|FANG,CNQ,0.48973786339516745
CVX,3,CNQ|DVN|FANG,DVN,0.25438312692455345
CVX,3,CNQ|DVN|FANG,FANG,0.2558790096802791
CVX,3,CNQ|DVN|SU,CNQ,0.4525032056666313
CVX,3,CNQ|DVN|SU,DVN,0.4993089664245833
CVX,3,CNQ|DVN|SU,SU,0.0481878279087854
CVX,3,CNQ|DVN|CVE,CNQ,0.5039758241097998
CVX,3,CNQ|DVN|CVE,DVN,0.4960241758902004
CVX,3,CNQ|DVN|CVE,CVE,0.0
CVX,3,CNQ|DVN|KMI,CNQ,0.3649001830670324
CVX,3,CNQ|DVN|KMI,DVN,0.3251294661608536
CVX,3,CNQ|DVN|KMI,KMI,0.30997035077211404
CVX,3,CNQ|DVN|PSX,CNQ,0.3378999231248598
CVX,3,CNQ|DVN|PSX,DVN,0.33321286915864856
CVX,3,CNQ|DVN|PSX,PSX,0.32888720771649177
CVX,3,CNQ|DVN|WMB,CNQ,0.3593916752483744
CVX,3,CNQ|DVN|WMB,DVN,0.3549219533628032
CVX,3,CNQ|DVN|WMB,WMB,0.2856863713888224
CVX,3,CNQ|DVN|TRGP,CNQ,0.40959926325209683
CVX,3,CNQ|DVN|TRGP,DVN,0.37972461367081295
CVX,3,CNQ|DVN|TRGP,TRGP,0.21067612307709008
CVX,3,CNQ|DVN|OKE,CNQ,0.3977153416695036
CVX,3,CNQ|DVN|OKE,DVN,0.34012476024834765
CVX,3,CNQ|DVN|OKE,OKE,0.26215989808214885
CVX,3,CNQ|DVN|MPC,CNQ,0.37970082509598285
CVX,3,CNQ|DVN|MPC,DVN,0.3572910354276586
CVX,3,CNQ|DVN|MPC,MPC,0.26300813947635854
CVX,3,CNQ|DVN|SLB,CNQ,0.4006327116248535
CVX,3,CNQ|DVN|SLB,DVN,0.384258005064196
CVX,3,CNQ|DVN|SLB,SLB,0.21510928331095053
CVX,3,CNQ|FANG|SU,CNQ,0.5026362842455863
CVX,3,CNQ|FANG|SU,FANG,0.4906955182362768
CVX,3,CNQ|FANG|SU,SU,0.006668197518137048
CVX,3,CNQ|FANG|CVE,CNQ,0.5097221591947522
CVX,3,CNQ|FANG|CVE,FANG,0.4902778408052478
CVX,3,CNQ|FANG|CVE,CVE,0.0
CVX,3,CNQ|FANG|KMI,CNQ,0.33824434354222493
CVX,3,CNQ|FANG|KMI,FANG,0.34039850896281476
CVX,3,CNQ|FANG|KMI,KMI,0.3213571474949603
CVX,3,CNQ|FANG|PSX,CNQ,0.3659880900663574
CVX,3,CNQ|FANG|PSX,FANG,0.3130764114351758
CVX,3,CNQ|FANG|PSX,PSX,0.3209354984984668
CVX,3,CNQ|FANG|WMB,CNQ,0.3265878684977843
CVX,3,CNQ|FANG|WMB,FANG,0.36890141874758997
CVX,3,CNQ|FANG|WMB,WMB,0.3045107127546256
CVX,3,CNQ|FANG|TRGP,CNQ,0.35193832654088497
CVX,3,CNQ|FANG|TRGP,FANG,0.38898617964168286
CVX,3,CNQ|FANG|TRGP,TRGP,0.2590754938174321
CVX,3,CNQ|FANG|OKE,CNQ,0.3792073046640295
CVX,3,CNQ|FANG|OKE,FANG,0.34720062536508883
CVX,3,CNQ|FANG|OKE,OKE,0.2735920699708817
CVX,3,CNQ|FANG|MPC,CNQ,0.3877558289953852
CVX,3,CNQ|FANG|MPC,FANG,0.3512560725173926
CVX,3,CNQ|FANG|MPC,MPC,0.2609880984872222
CVX,3,CNQ|FANG|SLB,CNQ,0.43324228893422756
CVX,3,CNQ|FANG|SLB,FANG,0.37283671785278
CVX,3,CNQ|FANG|SLB,SLB,0.19392099321299253
CVX,3,CNQ|SU|CVE,CNQ,1.0
CVX,3,CNQ|SU|CVE,SU,0.0
CVX,3,CNQ|SU|CVE,CVE,2.7984950427386445e-18
CVX,3,CNQ|SU|KMI,CNQ,0.4430405361425705
CVX,3,CNQ|SU|KMI,SU,0.1166380294901083
CVX,3,CNQ|SU|KMI,KMI,0.44032143436732113
CVX,3,CNQ|SU|PSX,CNQ,0.5636692899615634
CVX,3,CNQ|SU|PSX,SU,1.734723475976807e-17
CVX,3,CNQ|SU|PSX,PSX,0.43633071003843643
CVX,3,CNQ|SU|WMB,CNQ,0.35417665596270964
CVX,3,CNQ|SU|WMB,SU,0.2097825252439121
CVX,3,CNQ|SU|WMB,WMB,0.4360408187933782
CVX,3,CNQ|SU|TRGP,CNQ,0.6005847772817136
CVX,3,CNQ|SU|TRGP,SU,0.0
CVX,3,CNQ|SU|TRGP,TRGP,0.3994152227182865
CVX,3,CNQ|SU|OKE,CNQ,0.5922601834074609
CVX,3,CNQ|SU|OKE,SU,0.002495972473158575
CVX,3,CNQ|SU|OKE,OKE,0.4052438441193805
CVX,3,CNQ|SU|MPC,CNQ,0.6213717234855167
CVX,3,CNQ|SU|MPC,SU,0.0
CVX,3,CNQ|SU|MPC,MPC,0.3786282765144834
CVX,3,CNQ|SU|SLB,CNQ,0.6516877072610028
CVX,3,CNQ|SU|SLB,SU,3.729655473350135e-17
CVX,3,CNQ|SU|SLB,SLB,0.3483122927389973
CVX,3,CNQ|CVE|KMI,CNQ,0.30402925034998773
CVX,3,CNQ|CVE|KMI,CVE,0.24497917080698944
CVX,3,CNQ|CVE|KMI,KMI,0.4509915788430228
CVX,3,CNQ|CVE|PSX,CNQ,0.5636692880949865
CVX,3,CNQ|CVE|PSX,CVE,0.0
CVX,3,CNQ|CVE|PSX,PSX,0.43633071190501344
CVX,3,CNQ|CVE|WMB,CNQ,0.4357179992073742
CVX,3,CNQ|CVE|WMB,CVE,0.13627006193390132
CVX,3,CNQ|CVE|WMB,WMB,0.42801193885872446
CVX,3,CNQ|CVE|TRGP,CNQ,0.6005847760849155
CVX,3,CNQ|CVE|TRGP,CVE,7.318364664277155e-18
CVX,3,CNQ|CVE|TRGP,TRGP,0.3994152239150845
CVX,3,CNQ|CVE|OKE,CNQ,0.5782624123333259
CVX,3,CNQ|CVE|OKE,CVE,0.016112331566847125
CVX,3,CNQ|CVE|OKE,OKE,0.405625256099827
CVX,3,CNQ|CVE|MPC,CNQ,0.6213717236727819
CVX,3,CNQ|CVE|MPC,CVE,0.0
CVX,3,CNQ|CVE|MPC,MPC,0.3786282763272182
CVX,3,CNQ|CVE|SLB,CNQ,0.6516869412645212
CVX,3,CNQ|CVE|SLB,CVE,1.0408340855860843e-17
CVX,3,CNQ|CVE|SLB,SLB,0.3483130587354788
CVX,3,CNQ|KMI|PSX,CNQ,0.4259743938683621
CVX,3,CNQ|KMI|PSX,KMI,0.275556495817123
CVX,3,CNQ|KMI|PSX,PSX,0.29846911031451495
CVX,3,CNQ|KMI|WMB,CNQ,0.5666533499419341
CVX,3,CNQ|KMI|WMB,KMI,0.433346650058066
CVX,3,CNQ|KMI|WMB,WMB,0.0
CVX,3,CNQ|KMI|TRGP,CNQ,0.5666533492459451
CVX,3,CNQ|KMI|TRGP,KMI,0.4333466507540549
CVX,3,CNQ|KMI|TRGP,TRGP,0.0
CVX,3,CNQ|KMI|OKE,CNQ,0.5666533495467243
CVX,3,CNQ|KMI|OKE,KMI,0.4333466504532757
CVX,3,CNQ|KMI|OKE,OKE,0.0
CVX,3,CNQ|KMI|MPC,CNQ,0.4460653141786761
CVX,3,CNQ|KMI|MPC,KMI,0.31445380736935463
CVX,3,CNQ|KMI|MPC,MPC,0.23948087845196933
CVX,3,CNQ|KMI|SLB,CNQ,0.38968360946326364
CVX,3,CNQ|KMI|SLB,KMI,0.36247618054135133
CVX,3,CNQ|KMI|SLB,SLB,0.24784020999538506
CVX,3,CNQ|PSX|WMB,CNQ,0.40731814749146633
CVX,3,CNQ|PSX|WMB,PSX,0.32984850021307865
CVX,3,CNQ|PSX|WMB,WMB,0.26283335229545496
CVX,3,CNQ|PSX|TRGP,CNQ,0.4045732556640071
CVX,3,CNQ|PSX|TRGP,PSX,0.35865624248392586
CVX,3,CNQ|PSX|TRGP,TRGP,0.236770501852067
CVX,3,CNQ|PSX|OKE,CNQ,0.4374272860285439
CVX,3,CNQ|PSX|OKE,PSX,0.3232015291723847
CVX,3,CNQ|PSX|OKE,OKE,0.23937118479907143
CVX,3,CNQ|PSX|MPC,CNQ,0.563669288407388
CVX,3,CNQ|PSX|MPC,PSX,0.43633071159261205
CVX,3,CNQ|PSX|MPC,MPC,0.0
CVX,3,CNQ|PSX|SLB,CNQ,0.4488286634872917
CVX,3,CNQ|PSX|SLB,PSX,0.3541609852992005
CVX,3,CNQ|PSX|SLB,SLB,0.1970103512135078
CVX,3,CNQ|WMB|TRGP,CNQ,0.5685130377537695
CVX,3,CNQ|WMB|TRGP,WMB,0.3790212929628634
CVX,3,CNQ|WMB|TRGP,TRGP,0.05246566928336708
CVX,3,CNQ|WMB|OKE,CNQ,0.5696840528474829
CVX,3,CNQ|WMB|OKE,WMB,0.20950906012167375
CVX,3,CNQ|WMB|OKE,OKE,0.22080688703084347
CVX,3,CNQ|WMB|MPC,CNQ,0.43276556680816897
CVX,3,CNQ|WMB|MPC,WMB,0.29684945487131686
CVX,3,CNQ|WMB|MPC,MPC,0.2703849783205142
CVX,3,CNQ|WMB|SLB,CNQ,0.41542322642531515
CVX,3,CNQ|WMB|SLB,WMB,0.33536795161579597
CVX,3,CNQ|WMB|SLB,SLB,0.2492088219588889
CVX,3,CNQ|TRGP|OKE,CNQ,0.5919453922908022
CVX,3,CNQ|TRGP|OKE,TRGP,0.012687819654928222
CVX,3,CNQ|TRGP|OKE,OKE,0.3953667880542696
CVX,3,CNQ|TRGP|MPC,CNQ,0.4889324647606979
CVX,3,CNQ|TRGP|MPC,TRGP,0.22614177670994565
CVX,3,CNQ|TRGP|MPC,MPC,0.28492575852935637
CVX,3,CNQ|TRGP|SLB,CNQ,0.36724902412796084
CVX,3,CNQ|TRGP|SLB,TRGP,0.33709127630068564
CVX,3,CNQ|TRGP|SLB,SLB,0.29565969957135346
CVX,3,CNQ|OKE|MPC,CNQ,0.46940553020013376
CVX,3,CNQ|OKE|MPC,OKE,0.2734967150962077
CVX,3,CNQ|OKE|MPC,MPC,0.2570977547036585
CVX,3,CNQ|OKE|SLB,CNQ,0.41971633857541135
CVX,3,CNQ|OKE|SLB,OKE,0.32710710543173366
CVX,3,CNQ|OKE|SLB,SLB,0.25317655599285493
CVX,3,CNQ|MPC|SLB,CNQ,0.45013713968380736
CVX,3,CNQ|MPC|SLB,MPC,0.3026866448213075
CVX,3,CNQ|MPC|SLB,SLB,0.2471762154948851
CVX,3,DVN|FANG|SU,DVN,0.29761392713620455
CVX,3,DVN|FANG|SU,FANG,0.2638668789265885
CVX,3,DVN|FANG|SU,SU,0.4385191939372069
CVX,3,DVN|FANG|CVE,DVN,0.24217668438500667
CVX,3,DVN|FANG|CVE,FANG,0.3559546635083155
CVX,3,DVN|FANG|CVE,CVE,0.4018686521066778
CVX,3,DVN|FANG|KMI,DVN,0.04914258406429783
CVX,3,DVN|FANG|KMI,FANG,0.5129143094494271
CVX,3,DVN|FANG|KMI,KMI,0.4379431064862751
CVX,3,DVN|FANG|PSX,DVN,0.5130567574243506
CVX,3,DVN|FANG|PSX,FANG,0.05187675895367062
CVX,3,DVN|FANG|PSX,PSX,0.4350664836219788
CVX,3,DVN|FANG|WMB,DVN,0.012665378422373355
CVX,3,DVN|FANG|WMB,FANG,0.5513007317855694
CVX,3,DVN|FANG|WMB,WMB,0.43603388979205726
CVX,3,DVN|FANG|TRGP,DVN,8.673617379884035e-18
CVX,3,DVN|FANG|TRGP,FANG,0.5762672320533775
CVX,3,DVN|FANG|TRGP,TRGP,0.42373276794662257
CVX,3,DVN|FANG|OKE,DVN,0.14023399416096802
CVX,3,DVN|FANG|OKE,FANG,0.4649121689458608
CVX,3,DVN|FANG|OKE,OKE,0.3948538368931713
CVX,3,DVN|FANG|MPC,DVN,0.3776564300412175
CVX,3,DVN|FANG|MPC,FANG,0.25753989450102066
CVX,3,DVN|FANG|MPC,MPC,0.3648036754577618
CVX,3,DVN|FANG|SLB,DVN,0.595382095959626
CVX,3,DVN|FANG|SLB,FANG,0.06458598843922934
CVX,3,DVN|FANG|SLB,SLB,0.34003191560114465
CVX,3,DVN|SU|CVE,DVN,0.5483395141191822
CVX,3,DVN|SU|CVE,SU,0.45166048588081786
CVX,3,DVN|SU|CVE,CVE,0.0
CVX,3,DVN|SU|KMI,DVN,0.34031488823952066
CVX,3,DVN|SU|KMI,SU,0.3352006833849982
CVX,3,DVN|SU|KMI,KMI,0.3244844283754811
CVX,3,DVN|SU|PSX,DVN,0.3898477247176701
CVX,3,DVN|SU|PSX,SU,0.28402786422040976
CVX,3,DVN|SU|PSX,PSX,0.32612441106192014
CVX,3,DVN|SU|WMB,DVN,0.364036265010212
CVX,3,DVN|SU|WMB,SU,0.33126184135945985
CVX,3,DVN|SU|WMB,WMB,0.3047018936303281
CVX,3,DVN|SU|TRGP,DVN,0.4192893135580308
CVX,3,DVN|SU|TRGP,SU,0.3634020290559374
CVX,3,DVN|SU|TRGP,TRGP,0.21730865738603192
CVX,3,DVN|SU|OKE,DVN,0.362827805972389
CVX,3,DVN|SU|OKE,SU,0.35990079167420336
CVX,3,DVN|SU|OKE,OKE,0.2772714023534077
CVX,3,DVN|SU|MPC,DVN,0.4300829785017137
CVX,3,DVN|SU|MPC,SU,0.32114703797092053
CVX,3,DVN|SU|MPC,MPC,0.24876998352736585
CVX,3,DVN|SU|SLB,DVN,0.4148730880563458
CVX,3,DVN|SU|SLB,SU,0.3589240152696303
CVX,3,DVN|SU|SLB,SLB,0.22620289667402388
CVX,3,DVN|CVE|KMI,DVN,0.30285352671771587
CVX,3,DVN|CVE|KMI,CVE,0.3194337775596952
CVX,3,DVN|CVE|KMI,KMI,0.377712695722589
CVX,3,DVN|CVE|PSX,DVN,0.3654101728647422
CVX,3,DVN|CVE|PSX,CVE,0.25739164208100807
CVX,3,DVN|CVE|PSX,PSX,0.37719818505424973
CVX,3,DVN|CVE|WMB,DVN,0.35317110427133686
CVX,3,DVN|CVE|WMB,CVE,0.2918008266089758
CVX,3,DVN|CVE|WMB,WMB,0.3550280691196872
CVX,3,DVN|CVE|TRGP,DVN,0.43111252199481587
CVX,3,DVN|CVE|TRGP,CVE,0.2911169216439574
CVX,3,DVN|CVE|TRGP,TRGP,0.2777705563612267
CVX,3,DVN|CVE|OKE,DVN,0.3448066957627366
CVX,3,DVN|CVE|OKE,CVE,0.3258584659734315
CVX,3,DVN|CVE|OKE,OKE,0.3293348382638321
CVX,3,DVN|CVE|MPC,DVN,0.42936443033607663
CVX,3,DVN|CVE|MPC,CVE,0.2674799174118599
CVX,3,DVN|CVE|MPC,MPC,0.3031556522520635
CVX,3,DVN|CVE|SLB,DVN,0.43874069479009675
CVX,3,DVN|CVE|SLB,CVE,0.2955888072220567
CVX,3,DVN|CVE|SLB,SLB,0.2656704979878466
CVX,3,DVN|KMI|PSX,DVN,0.4211946479415975
CVX,3,DVN|KMI|PSX,KMI,0.2617530169049416
CVX,3,DVN|KMI|PSX,PSX,0.317052335153461
CVX,3,DVN|KMI|WMB,DVN,0.5687765212111312
CVX,3,DVN|KMI|WMB,KMI,0.4312234787888688
CVX,3,DVN|KMI|WMB,WMB,5.336941592627358e-18
CVX,3,DVN|KMI|TRGP,DVN,0.5687761358110867
CVX,3,DVN|KMI|TRGP,KMI,0.4312238641889134
CVX,3,DVN|KMI|TRGP,TRGP,4.279461969242526e-18
CVX,3,DVN|KMI|OKE,DVN,0.5687761359797477
CVX,3,DVN|KMI|OKE,KMI,0.43122386402025215
CVX,3,DVN|KMI|OKE,OKE,1.3163059856202033e-16
CVX,3,DVN|KMI|MPC,DVN,0.4380346493469514
CVX,3,DVN|KMI|MPC,KMI,0.31253672601847143
CVX,3,DVN|KMI|MPC,MPC,0.2494286246345772
CVX,3,DVN|KMI|SLB,DVN,0.37445691468895337
CVX,3,DVN|KMI|SLB,KMI,0.36464919956511765
CVX,3,DVN|KMI|SLB,SLB,0.2608938857459291
CVX,3,DVN|PSX|WMB,DVN,0.404369038140325
CVX,3,DVN|PSX|WMB,PSX,0.3308261740831114
CVX,3,DVN|PSX|WMB,WMB,0.2648047877765637
CVX,3,DVN|PSX|TRGP,DVN,0.40310850808944987
CVX,3,DVN|PSX|TRGP,PSX,0.373219825259115
CVX,3,DVN|PSX|TRGP,TRGP,0.22367166665143498
CVX,3,DVN|PSX|OKE,DVN,0.43665543264461254
CVX,3,DVN|PSX|OKE,PSX,0.35257968437022547
CVX,3,DVN|PSX|OKE,OKE,0.2107648829851619
CVX,3,DVN|PSX|MPC,DVN,0.5606871669696784
CVX,3,DVN|PSX|MPC,PSX,0.4393128330303218
CVX,3,DVN|PSX|MPC,MPC,0.0
CVX,3,DVN|PSX|SLB,DVN,0.4464518390868836
CVX,3,DVN|PSX|SLB,PSX,0.3615736199916159
CVX,3,DVN|PSX|SLB,SLB,0.1919745409215004
CVX,3,DVN|WMB|TRGP,DVN,0.5764028965390552
CVX,3,DVN|WMB|TRGP,WMB,0.4235971034609448
CVX,3,DVN|WMB|TRGP,TRGP,1.6660837143595495e-18
CVX,3,DVN|WMB|OKE,DVN,0.5764028957561818
CVX,3,DVN|WMB|OKE,WMB,0.4235971042438183
CVX,3,DVN|WMB|OKE,OKE,0.0
CVX,3,DVN|WMB|MPC,DVN,0.42673432977706915
CVX,3,DVN|WMB|MPC,WMB,0.3086209247285277
CVX,3,DVN|WMB|MPC,MPC,0.26464474549440314
CVX,3,DVN|WMB|SLB,DVN,0.4105691863761926
CVX,3,DVN|WMB|SLB,WMB,0.34352858309878004
CVX,3,DVN|WMB|SLB,SLB,0.24590223052502724
CVX,3,DVN|TRGP|OKE,DVN,0.585424718373541
CVX,3,DVN|TRGP|OKE,TRGP,0.08951246768428515
CVX,3,DVN|TRGP|OKE,OKE,0.32506281394217384
CVX,3,DVN|TRGP|MPC,DVN,0.487034382828241
CVX,3,DVN|TRGP|MPC,TRGP,0.218844887097702
CVX,3,DVN|TRGP|MPC,MPC,0.294120730074057
CVX,3,DVN|TRGP|SLB,DVN,0.3481159479908898
CVX,3,DVN|TRGP|SLB,TRGP,0.3431166292224957
CVX,3,DVN|TRGP|SLB,SLB,0.3087674227866145
CVX,3,DVN|OKE|MPC,DVN,0.46450680117289256
CVX,3,DVN|OKE|MPC,OKE,0.25672592688117746
CVX,3,DVN|OKE|MPC,MPC,0.2787672719459301
CVX,3,DVN|OKE|SLB,DVN,0.4026140057262459
CVX,3,DVN|OKE|SLB,OKE,0.3212030588774521
CVX,3,DVN|OKE|SLB,SLB,0.27618293539630195
CVX,3,DVN|MPC|SLB,DVN,0.44339066716124614
CVX,3,DVN|MPC|SLB,MPC,0.3042036930129847
CVX,3,DVN|MPC|SLB,SLB,0.2524056398257692
CVX,3,FANG|SU|CVE,FANG,0.542740416779052
CVX,3,FANG|SU|CVE,SU,0.45725958322094784
CVX,3,FANG|SU|CVE,CVE,2.495932010313522e-16
CVX,3,FANG|SU|KMI,FANG,0.35214611458914535
CVX,3,FANG|SU|KMI,SU,0.31261715046389205
CVX,3,FANG|SU|KMI,KMI,0.3352367349469627
CVX,3,FANG|SU|PSX,FANG,0.3741010846211767
CVX,3,FANG|SU|PSX,SU,0.3102460125951559
CVX,3,FANG|SU|PSX,PSX,0.31565290278366753
CVX,3,FANG|SU|WMB,FANG,0.3748706156908103
CVX,3,FANG|SU|WMB,SU,0.30407917300520065
CVX,3,FANG|SU|WMB,WMB,0.321050211303989
CVX,3,FANG|SU|TRGP,FANG,0.4189950469298368
CVX,3,FANG|SU|TRGP,SU,0.31066865548831807
CVX,3,FANG|SU|TRGP,TRGP,0.2703362975818452
CVX,3,FANG|SU|OKE,FANG,0.36669412784872557
CVX,3,FANG|SU|OKE,SU,0.3438297208102972
CVX,3,FANG|SU|OKE,OKE,0.28947615134097715
CVX,3,FANG|SU|MPC,FANG,0.42401260902904214
CVX,3,FANG|SU|MPC,SU,0.32896977231184743
CVX,3,FANG|SU|MPC,MPC,0.24701761865911043
CVX,3,FANG|SU|SLB,FANG,0.4062015303388486
CVX,3,FANG|SU|SLB,SU,0.3874735436073611
CVX,3,FANG|SU|SLB,SLB,0.2063249260537902
CVX,3,FANG|CVE|KMI,FANG,0.33173433641575745
CVX,3,FANG|CVE|KMI,CVE,0.2917034511243812
CVX,3,FANG|CVE|KMI,KMI,0.3765622124598614
CVX,3,FANG|CVE|PSX,FANG,0.3389989068914834
CVX,3,FANG|CVE|PSX,CVE,0.2942949483063478
CVX,3,FANG|CVE|PSX,PSX,0.3667061448021689
CVX,3,FANG|CVE|WMB,FANG,0.3776369133561339
CVX,3,FANG|CVE|WMB,CVE,0.26113879895813374
CVX,3,FANG|CVE|WMB,WMB,0.36122428768573234
CVX,3,FANG|CVE|TRGP,FANG,0.45056684900385463
CVX,3,FANG|CVE|TRGP,CVE,0.22727585606221923
CVX,3,FANG|CVE|TRGP,TRGP,0.3221572949339262
CVX,3,FANG|CVE|OKE,FANG,0.3612835906632967
CVX,3,FANG|CVE|OKE,CVE,0.3077389799879409
CVX,3,FANG|CVE|OKE,OKE,0.3309774293487624
CVX,3,FANG|CVE|MPC,FANG,0.4194411642340894
CVX,3,FANG|CVE|MPC,CVE,0.28512677152266763
CVX,3,FANG|CVE|MPC,MPC,0.29543206424324286
CVX,3,FANG|CVE|SLB,FANG,0.4204164930078776
CVX,3,FANG|CVE|SLB,CVE,0.34151248859616856
CVX,3,FANG|CVE|SLB,SLB,0.2380710183959539
CVX,3,FANG|KMI|PSX,FANG,0.4159139112176063
CVX,3,FANG|KMI|PSX,KMI,0.3060446704113206
CVX,3,FANG|KMI|PSX,PSX,0.27804141837107316
CVX,3,FANG|KMI|WMB,FANG,0.5547413986098404
CVX,3,FANG|KMI|WMB,KMI,0.35703229392815344
CVX,3,FANG|KMI|WMB,WMB,0.08822630746200619
CVX,3,FANG|KMI|TRGP,FANG,0.5379933580343209
CVX,3,FANG|KMI|TRGP,KMI,0.3725219432128052
CVX,3,FANG|KMI|TRGP,TRGP,0.08948469875287397
CVX,3,FANG|KMI|OKE,FANG,0.5570887492160558
CVX,3,FANG|KMI|OKE,KMI,0.4429112507839443
CVX,3,FANG|KMI|OKE,OKE,0.0
CVX,3,FANG|KMI|MPC,FANG,0.4392219767334706
CVX,3,FANG|KMI|MPC,KMI,0.33643394240125873
CVX,3,FANG|KMI|MPC,MPC,0.22434408086527066
CVX,3,FANG|KMI|SLB,FANG,0.3818367558202776
CVX,3,FANG|KMI|SLB,KMI,0.3921731173716476
CVX,3,FANG|KMI|SLB,SLB,0.22599012680807484
CVX,3,FANG|PSX|WMB,FANG,0.3990722416625623
CVX,3,FANG|PSX|WMB,PSX,0.2940826686470792
CVX,3,FANG|PSX|WMB,WMB,0.30684508969035845
CVX,3,FANG|PSX|TRGP,FANG,0.3876821890888987
CVX,3,FANG|PSX|TRGP,PSX,0.32583373078068345
CVX,3,FANG|PSX|TRGP,TRGP,0.2864840801304178
CVX,3,FANG|PSX|OKE,FANG,0.42149243419739646
CVX,3,FANG|PSX|OKE,PSX,0.32212013545686635
CVX,3,FANG|PSX|OKE,OKE,0.2563874303457372
CVX,3,FANG|PSX|MPC,FANG,0.5614574807232379
CVX,3,FANG|PSX|MPC,PSX,0.4385425192767621
CVX,3,FANG|PSX|MPC,MPC,1.3302251333773394e-17
CVX,3,FANG|PSX|SLB,FANG,0.4347067386113224
CVX,3,FANG|PSX|SLB,PSX,0.3746616831787782
CVX,3,FANG|PSX|SLB,SLB,0.19063157820989943
CVX,3,FANG|WMB|TRGP,FANG,0.5478120289344591
CVX,3,FANG|WMB|TRGP,WMB,0.3729415200031532
CVX,3,FANG|WMB|TRGP,TRGP,0.07924645106238755
CVX,3,FANG|WMB|OKE,FANG,0.5625786298066974
CVX,3,FANG|WMB|OKE,WMB,0.4374213701933027
CVX,3,FANG|WMB|OKE,OKE,0.0
CVX,3,FANG|WMB|MPC,FANG,0.4289202728979392
CVX,3,FANG|WMB|MPC,WMB,0.33284636827383524
CVX,3,FANG|WMB|MPC,MPC,0.2382333588282257
CVX,3,FANG|WMB|SLB,FANG,0.4199657240209115
CVX,3,FANG|WMB|SLB,WMB,0.37928404131983934
CVX,3,FANG|WMB|SLB,SLB,0.20075023465924913
CVX,3,FANG|TRGP|OKE,FANG,0.5540777731485297
CVX,3,FANG|TRGP|OKE,TRGP,0.26036266762509847
CVX,3,FANG|TRGP|OKE,OKE,0.18555955922637196
CVX,3,FANG|TRGP|MPC,FANG,0.47133139700794935
CVX,3,FANG|TRGP|MPC,TRGP,0.28748064402347734
CVX,3,FANG|TRGP|MPC,MPC,0.24118795896857334
CVX,3,FANG|TRGP|SLB,FANG,0.36211517845654473
CVX,3,FANG|TRGP|SLB,TRGP,0.3773248929423313
CVX,3,FANG|TRGP|SLB,SLB,0.260559928601124
CVX,3,FANG|OKE|MPC,FANG,0.45817187204274645
CVX,3,FANG|OKE|MPC,OKE,0.2827284987560605
CVX,3,FANG|OKE|MPC,MPC,0.25909962920119306
CVX,3,FANG|OKE|SLB,FANG,0.39923443311115253
CVX,3,FANG|OKE|SLB,OKE,0.3543313171084314
CVX,3,FANG|OKE|SLB,SLB,0.24643424978041614
CVX,3,FANG|MPC|SLB,FANG,0.43569126017850474
CVX,3,FANG|MPC|SLB,MPC,0.3247743280921333
CVX,3,FANG|MPC|SLB,SLB,0.23953441172936196
CVX,3,SU|CVE|KMI,SU,0.19647881609210485
CVX,3,SU|CVE|KMI,CVE,0.32441063290027705
CVX,3,SU|CVE|KMI,KMI,0.4791105510076182
CVX,3,SU|CVE|PSX,SU,0.0
CVX,3,SU|CVE|PSX,CVE,0.5109518925064482
CVX,3,SU|CVE|PSX,PSX,0.48904810749355176
CVX,3,SU|CVE|WMB,SU,0.39276052334357514
CVX,3,SU|CVE|WMB,CVE,0.13816681845897621
CVX,3,SU|CVE|WMB,WMB,0.4690726581974487
CVX,3,SU|CVE|TRGP,SU,0.5404625294656024
CVX,3,SU|CVE|TRGP,CVE,4.0901526957015655e-17
CVX,3,SU|CVE|TRGP,TRGP,0.4595374705343975
CVX,3,SU|CVE|OKE,SU,0.4429795655355756
CVX,3,SU|CVE|OKE,CVE,0.10463820591852939
CVX,3,SU|CVE|OKE,OKE,0.45238222854589494
CVX,3,SU|CVE|MPC,SU,0.3052810088557984
CVX,3,SU|CVE|MPC,CVE,0.28639605664476653
CVX,3,SU|CVE|MPC,MPC,0.4083229344994351
CVX,3,SU|CVE|SLB,SU,0.5987659390475678
CVX,3,SU|CVE|SLB,CVE,1.7780915628762273e-17
CVX,3,SU|CVE|SLB,SLB,0.40123406095243225
CVX,3,SU|KMI|PSX,SU,0.3836104784103088
CVX,3,SU|KMI|PSX,KMI,0.33216006042091006
CVX,3,SU|KMI|PSX,PSX,0.2842294611687812
CVX,3,SU|KMI|WMB,SU,0.5207043303283558
CVX,3,SU|KMI|WMB,KMI,0.47929566967164433
CVX,3,SU|KMI|WMB,WMB,0.0
CVX,3,SU|KMI|TRGP,SU,0.5207043304289282
CVX,3,SU|KMI|TRGP,KMI,0.47929566957107184
CVX,3,SU|KMI|TRGP,TRGP,0.0
CVX,3,SU|KMI|OKE,SU,0.5207043294570811
CVX,3,SU|KMI|OKE,KMI,0.4792956705429189
CVX,3,SU|KMI|OKE,OKE,0.0
CVX,3,SU|KMI|MPC,SU,0.40567078578514065
CVX,3,SU|KMI|MPC,KMI,0.3800369422950507
CVX,3,SU|KMI|MPC,MPC,0.21429227191980862
CVX,3,SU|KMI|SLB,SU,0.35717143696148024
CVX,3,SU|KMI|SLB,KMI,0.3840402791906174
CVX,3,SU|KMI|SLB,SLB,0.25878828384790226
CVX,3,SU|PSX|WMB,SU,0.3595353017937453
CVX,3,SU|PSX|WMB,PSX,0.31802618189817405
CVX,3,SU|PSX|WMB,WMB,0.3224385163080806
CVX,3,SU|PSX|TRGP,SU,0.33704139723505494
CVX,3,SU|PSX|TRGP,PSX,0.36881494788485153
CVX,3,SU|PSX|TRGP,TRGP,0.29414365488009353
CVX,3,SU|PSX|OKE,SU,0.38817000567946675
CVX,3,SU|PSX|OKE,PSX,0.3148625301489748
CVX,3,SU|PSX|OKE,OKE,0.2969674641715584
CVX,3,SU|PSX|MPC,SU,0.523725390014463
CVX,3,SU|PSX|MPC,PSX,0.4762746099855369
CVX,3,SU|PSX|MPC,MPC,4.164766428421251e-17
CVX,3,SU|PSX|SLB,SU,0.3934660666062022
CVX,3,SU|PSX|SLB,PSX,0.3588061869170872
CVX,3,SU|PSX|SLB,SLB,0.24772774647671056
CVX,3,SU|WMB|TRGP,SU,0.527294748404663
CVX,3,SU|WMB|TRGP,WMB,0.472705251595337
CVX,3,SU|WMB|TRGP,TRGP,0.0
CVX,3,SU|WMB|OKE,SU,0.5173655600509454
CVX,3,SU|WMB|OKE,WMB,0.30102197060062363
CVX,3,SU|WMB|OKE,OKE,0.1816124693484311
CVX,3,SU|WMB|MPC,SU,0.38473969117931167
CVX,3,SU|WMB|MPC,WMB,0.3668428133451748
CVX,3,SU|WMB|MPC,MPC,0.2484174954755136
CVX,3,SU|WMB|SLB,SU,0.3787118961023337
CVX,3,SU|WMB|SLB,WMB,0.3641320087883468
CVX,3,SU|WMB|SLB,SLB,0.25715609510931947
CVX,3,SU|TRGP|OKE,SU,0.5443879140964076
CVX,3,SU|TRGP|OKE,TRGP,0.0
CVX,3,SU|TRGP|OKE,OKE,0.45561208590359237
CVX,3,SU|TRGP|MPC,SU,0.4185813867279992
CVX,3,SU|TRGP|MPC,TRGP,0.3098224827289954
CVX,3,SU|TRGP|MPC,MPC,0.2715961305430054
CVX,3,SU|TRGP|SLB,SU,0.320702000447639
CVX,3,SU|TRGP|SLB,TRGP,0.36041091084527566
CVX,3,SU|TRGP|SLB,SLB,0.3188870887070853
CVX,3,SU|OKE|MPC,SU,0.4214622878161839
CVX,3,SU|OKE|MPC,OKE,0.3442235082365929
CVX,3,SU|OKE|MPC,MPC,0.23431420394722302
CVX,3,SU|OKE|SLB,SU,0.3798799468780949
CVX,3,SU|OKE|SLB,OKE,0.35148721610343425
CVX,3,SU|OKE|SLB,SLB,0.2686328370184709
CVX,3,SU|MPC|SLB,SU,0.39178394745772066
CVX,3,SU|MPC|SLB,MPC,0.30330894425095056
CVX,3,SU|MPC|SLB,SLB,0.30490710829132883
CVX,3,CVE|KMI|PSX,CVE,0.3816708044030727
CVX,3,CVE|KMI|PSX,KMI,0.32273011599743673
CVX,3,CVE|KMI|PSX,PSX,0.2955990795994906
CVX,3,CVE|KMI|WMB,CVE,0.5098405963249486
CVX,3,CVE|KMI|WMB,KMI,0.4901594036750514
CVX,3,CVE|KMI|WMB,WMB,1.6773187678543044e-16
CVX,3,CVE|KMI|TRGP,CVE,0.5098405973006844
CVX,3,CVE|KMI|TRGP,KMI,0.49015940269931574
CVX,3,CVE|KMI|TRGP,TRGP,0.0
CVX,3,CVE|KMI|OKE,CVE,0.509840596729946
CVX,3,CVE|KMI|OKE,KMI,0.49015940327005403
CVX,3,CVE|KMI|OKE,OKE,8.322653113606484e-17
CVX,3,CVE|KMI|MPC,CVE,0.3995203470122564
CVX,3,CVE|KMI|MPC,KMI,0.3851315886550512
CVX,3,CVE|KMI|MPC,MPC,0.21534806433269238
CVX,3,CVE|KMI|SLB,CVE,0.34834712334311424
CVX,3,CVE|KMI|SLB,KMI,0.40716656653368455
CVX,3,CVE|KMI|SLB,SLB,0.24448631012320127
CVX,3,CVE|PSX|WMB,CVE,0.3572558508428403
CVX,3,CVE|PSX|WMB,PSX,0.3369673343848937
CVX,3,CVE|PSX|WMB,WMB,0.305776814772266
CVX,3,CVE|PSX|TRGP,CVE,0.33871716259498963
CVX,3,CVE|PSX|TRGP,PSX,0.40008634880721766
CVX,3,CVE|PSX|TRGP,TRGP,0.26119648859779276
CVX,3,CVE|PSX|OKE,CVE,0.3835657026248195
CVX,3,CVE|PSX|OKE,PSX,0.339988108475009
CVX,3,CVE|PSX|OKE,OKE,0.2764461889001715
CVX,3,CVE|PSX|MPC,CVE,0.5109518947514848
CVX,3,CVE|PSX|MPC,PSX,0.48904810524851494
CVX,3,CVE|PSX|MPC,MPC,2.7212338459824966e-16
CVX,3,CVE|PSX|SLB,CVE,0.39025393873607955
CVX,3,CVE|PSX|SLB,PSX,0.3946623835012825
CVX,3,CVE|PSX|SLB,SLB,0.21508367776263787
CVX,3,CVE|WMB|TRGP,CVE,0.5160440278311187
CVX,3,CVE|WMB|TRGP,WMB,0.48395597216888137
CVX,3,CVE|WMB|TRGP,TRGP,0.0
CVX,3,CVE|WMB|OKE,CVE,0.5061282098204379
CVX,3,CVE|WMB|OKE,WMB,0.3278205371074704
CVX,3,CVE|WMB|OKE,OKE,0.16605125307209156
CVX,3,CVE|WMB|MPC,CVE,0.3731164901764974
CVX,3,CVE|WMB|MPC,WMB,0.3659207605148616
CVX,3,CVE|WMB|MPC,MPC,0.2609627493086411
CVX,3,CVE|WMB|SLB,CVE,0.36054626020445024
CVX,3,CVE|WMB|SLB,WMB,0.3875695818989272
CVX,3,CVE|WMB|SLB,SLB,0.25188415789662255
CVX,3,CVE|TRGP|OKE,CVE,0.5337238017698788
CVX,3,CVE|TRGP|OKE,TRGP,0.0
CVX,3,CVE|TRGP|OKE,OKE,0.4662761982301214
CVX,3,CVE|TRGP|MPC,CVE,0.4044133347105095
CVX,3,CVE|TRGP|MPC,TRGP,0.28754014565906716
CVX,3,CVE|TRGP|MPC,MPC,0.3080465196304234
CVX,3,CVE|TRGP|SLB,CVE,0.26753399769213315
CVX,3,CVE|TRGP|SLB,TRGP,0.39232864575520554
CVX,3,CVE|TRGP|SLB,SLB,0.34013735655266136
CVX,3,CVE|OKE|MPC,CVE,0.40784361634471533
CVX,3,CVE|OKE|MPC,OKE,0.34038789573567924
CVX,3,CVE|OKE|MPC,MPC,0.25176848791960554
CVX,3,CVE|OKE|SLB,CVE,0.3596118819417063
CVX,3,CVE|OKE|SLB,OKE,0.373243450434286
CVX,3,CVE|OKE|SLB,SLB,0.2671446676240077
CVX,3,CVE|MPC|SLB,CVE,0.37294740170464696
CVX,3,CVE|MPC|SLB,MPC,0.3317504505581776
CVX,3,CVE|MPC|SLB,SLB,0.29530214773717545
CVX,3,KMI|PSX|WMB,KMI,2.168404344971009e-18
CVX,3,KMI|PSX|WMB,PSX,0.5043758153718066
CVX,3,KMI|PSX|WMB,WMB,0.4956241846281934
CVX,3,KMI|PSX|TRGP,KMI,0.2034574878733939
CVX,3,KMI|PSX|TRGP,PSX,0.4682655959666416
CVX,3,KMI|PSX|TRGP,TRGP,0.32827691615996457
CVX,3,KMI|PSX|OKE,KMI,0.39782792587391647
CVX,3,KMI|PSX|OKE,PSX,0.4945318703398685
CVX,3,KMI|PSX|OKE,OKE,0.10764020378621506
CVX,3,KMI|PSX|MPC,KMI,0.5006257924553753
CVX,3,KMI|PSX|MPC,PSX,0.4993742075446247
CVX,3,KMI|PSX|MPC,MPC,3.363255828254662e-18
CVX,3,KMI|PSX|SLB,KMI,0.3860849138699844
CVX,3,KMI|PSX|SLB,PSX,0.3072362695965003
CVX,3,KMI|PSX|SLB,SLB,0.30667881653351525
CVX,3,KMI|WMB|TRGP,KMI,0.5322053392685968
CVX,3,KMI|WMB|TRGP,WMB,0.0
CVX,3,KMI|WMB|TRGP,TRGP,0.46779466073140313
CVX,3,KMI|WMB|OKE,KMI,0.3722971446513698
CVX,3,KMI|WMB|OKE,WMB,0.3576426128121441
CVX,3,KMI|WMB|OKE,OKE,0.2700602425364861
CVX,3,KMI|WMB|MPC,KMI,0.0616589145159753
CVX,3,KMI|WMB|MPC,WMB,0.4948022059870953
CVX,3,KMI|WMB|MPC,MPC,0.44353887949692944
CVX,3,KMI|WMB|SLB,KMI,0.5615408907122056
CVX,3,KMI|WMB|SLB,WMB,0.0
CVX,3,KMI|WMB|SLB,SLB,0.4384591092877945
CVX,3,KMI|TRGP|OKE,KMI,0.5322053485862934
CVX,3,KMI|TRGP|OKE,TRGP,0.46779465141370663
CVX,3,KMI|TRGP|OKE,OKE,1.3247711341567153e-17
CVX,3,KMI|TRGP|MPC,KMI,0.43963086019405545
CVX,3,KMI|TRGP|MPC,TRGP,0.15576159518493773
CVX,3,KMI|TRGP|MPC,MPC,0.40460754462100684
CVX,3,KMI|TRGP|SLB,KMI,0.318047780933709
CVX,3,KMI|TRGP|SLB,TRGP,0.2717737556583234
CVX,3,KMI|TRGP|SLB,SLB,0.4101784634079676
CVX,3,KMI|OKE|MPC,KMI,0.5460707987638339
CVX,3,KMI|OKE|MPC,OKE,0.016626664926716366
CVX,3,KMI|OKE|MPC,MPC,0.4373025363094498
CVX,3,KMI|OKE|SLB,KMI,0.5615408910947489
CVX,3,KMI|OKE|SLB,OKE,0.0
CVX,3,KMI|OKE|SLB,SLB,0.4384591089052512
CVX,3,KMI|MPC|SLB,KMI,0.39413267405100766
CVX,3,KMI|MPC|SLB,MPC,0.2722961445336097
CVX,3,KMI|MPC|SLB,SLB,0.3335711814153827
CVX,3,PSX|WMB|TRGP,PSX,0.475444270616907
CVX,3,PSX|WMB|TRGP,WMB,0.25529334715389707
CVX,3,PSX|WMB|TRGP,TRGP,0.2692623822291959
CVX,3,PSX|WMB|OKE,PSX,0.5028944360773092
CVX,3,PSX|WMB|OKE,WMB,0.4828104529717024
CVX,3,PSX|WMB|OKE,OKE,0.014295110950988427
CVX,3,PSX|WMB|MPC,PSX,0.5043758158325258
CVX,3,PSX|WMB|MPC,WMB,0.4956241841674743
CVX,3,PSX|WMB|MPC,MPC,0.0
CVX,3,PSX|WMB|SLB,PSX,0.3532233585025939
CVX,3,PSX|WMB|SLB,WMB,0.37295729630774854
CVX,3,PSX|WMB|SLB,SLB,0.2738193451896575
CVX,3,PSX|TRGP|OKE,PSX,0.4948813761233057
CVX,3,PSX|TRGP|OKE,TRGP,0.41433513937204786
CVX,3,PSX|TRGP|OKE,OKE,0.09078348450464653
CVX,3,PSX|TRGP|MPC,PSX,0.5085219733141263
CVX,3,PSX|TRGP|MPC,TRGP,0.4914780266858738
CVX,3,PSX|TRGP|MPC,MPC,2.3131245209274022e-17
CVX,3,PSX|TRGP|SLB,PSX,0.3290130063788011
CVX,3,PSX|TRGP|SLB,TRGP,0.38067644819628776
CVX,3,PSX|TRGP|SLB,SLB,0.2903105454249112
CVX,3,PSX|OKE|MPC,PSX,0.524360825863075
CVX,3,PSX|OKE|MPC,OKE,0.47563917413692497
CVX,3,PSX|OKE|MPC,MPC,6.865579353750721e-17
CVX,3,PSX|OKE|SLB,PSX,0.3429226635613508
CVX,3,PSX|OKE|SLB,OKE,0.3527655005899925
CVX,3,PSX|OKE|SLB,SLB,0.3043118358486566
CVX,3,PSX|MPC|SLB,PSX,0.39063060850745646
CVX,3,PSX|MPC|SLB,MPC,0.17326241804103384
CVX,3,PSX|MPC|SLB,SLB,0.4361069734515097
CVX,3,WMB|TRGP|OKE,WMB,0.43690199217454617
CVX,3,WMB|TRGP|OKE,TRGP,0.43943554758660197
CVX,3,WMB|TRGP|OKE,OKE,0.12366246023885187
CVX,3,WMB|TRGP|MPC,WMB,0.5035470927448387
CVX,3,WMB|TRGP|MPC,TRGP,0.06311272300418404
CVX,3,WMB|TRGP|MPC,MPC,0.43334018425097737
CVX,3,WMB|TRGP|SLB,WMB,0.18738803008602875
CVX,3,WMB|TRGP|SLB,TRGP,0.3931178485141387
CVX,3,WMB|TRGP|SLB,SLB,0.41949412139983255
CVX,3,WMB|OKE|MPC,WMB,0.5496891777750019
CVX,3,WMB|OKE|MPC,OKE,0.004014122405829736
CVX,3,WMB|OKE|MPC,MPC,0.44629669981916825
CVX,3,WMB|OKE|SLB,WMB,0.3002161840081714
CVX,3,WMB|OKE|SLB,OKE,0.2714320831121898
CVX,3,WMB|OKE|SLB,SLB,0.42835173287963874
CVX,3,WMB|MPC|SLB,WMB,0.378702399887457
CVX,3,WMB|MPC|SLB,MPC,0.30923846132332344
CVX,3,WMB|MPC|SLB,SLB,0.3120591387892195
CVX,3,TRGP|OKE|MPC,TRGP,0.23130107858736582
CVX,3,TRGP|OKE|MPC,OKE,0.3490468653139348
CVX,3,TRGP|OKE|MPC,MPC,0.4196520560986994
CVX,3,TRGP|OKE|SLB,TRGP,0.4098056481237911
CVX,3,TRGP|OKE|SLB,OKE,0.1612259819762369
CVX,3,TRGP|OKE|SLB,SLB,0.4289683698999721
CVX,3,TRGP|MPC|SLB,TRGP,0.3825921189170498
CVX,3,TRGP|MPC|SLB,MPC,0.25500896331398654
CVX,3,TRGP|MPC|SLB,SLB,0.3623989177689636
CVX,3,OKE|MPC|SLB,OKE,0.3583837883588572
CVX,3,OKE|MPC|SLB,MPC,0.29714778300118755
CVX,3,OKE|MPC|SLB,SLB,0.3444684286399553
CVX,4,EOG|COP|HAL|CNQ,EOG,0.4224052012090106
CVX,4,EOG|COP|HAL|CNQ,COP,0.12672743495328995
CVX,4,EOG|COP|HAL|CNQ,HAL,0.23053502536070672
CVX,4,EOG|COP|HAL|CNQ,CNQ,0.22033233847699282
CVX,4,EOG|COP|HAL|DVN,EOG,0.351354754030602
CVX,4,EOG|COP|HAL|DVN,COP,0.36846076681287687
CVX,4,EOG|COP|HAL|DVN,HAL,0.280184479156521
CVX,4,EOG|COP|HAL|DVN,DVN,0.0
CVX,4,EOG|COP|HAL|FANG,EOG,0.3513547544515782
CVX,4,EOG|COP|HAL|FANG,COP,0.3684607652818474
CVX,4,EOG|COP|HAL|FANG,HAL,0.2801844802665741
CVX,4,EOG|COP|HAL|FANG,FANG,7.587043515146219e-17
CVX,4,EOG|COP|HAL|SU,EOG,0.4789857501083106
CVX,4,EOG|COP|HAL|SU,COP,0.08300460634776337
CVX,4,EOG|COP|HAL|SU,HAL,0.23108054443636777
CVX,4,EOG|COP|HAL|SU,SU,0.20692909910755825
CVX,4,EOG|COP|HAL|CVE,EOG,0.4223957502297865
CVX,4,EOG|COP|HAL|CVE,COP,0.21808702462614843
CVX,4,EOG|COP|HAL|CVE,HAL,0.25971404739664394
CVX,4,EOG|COP|HAL|CVE,CVE,0.099803177747421
CVX,4,EOG|COP|HAL|KMI,EOG,1.1874846055133655e-17
CVX,4,EOG|COP|HAL|KMI,COP,0.5306875721446765
CVX,4,EOG|COP|HAL|KMI,HAL,0.19861982878714673
CVX,4,EOG|COP|HAL|KMI,KMI,0.27069259906817666
CVX,4,EOG|COP|HAL|PSX,EOG,0.5194653988300962
CVX,4,EOG|COP|HAL|PSX,COP,0.0
CVX,4,EOG|COP|HAL|PSX,HAL,0.19868240880709634
CVX,4,EOG|COP|HAL|PSX,PSX,0.2818521923628075
CVX,4,EOG|COP|HAL|WMB,EOG,0.05376119218821924
CVX,4,EOG|COP|HAL|WMB,COP,0.5124744024368655
CVX,4,EOG|COP|HAL|WMB,HAL,0.19637896994589898
CVX,4,EOG|COP|HAL|WMB,WMB,0.23738543542901638
CVX,4,EOG|COP|HAL|TRGP,EOG,0.22044816610421192
CVX,4,EOG|COP|HAL|TRGP,COP,0.35389249829970854
CVX,4,EOG|COP|HAL|TRGP,HAL,0.23740275659151808
CVX,4,EOG|COP|HAL|TRGP,TRGP,0.18825657900456147
CVX,4,EOG|COP|HAL|OKE,EOG,0.1251439794404004
CVX,4,EOG|COP|HAL|OKE,COP,0.44397510198717755
CVX,4,EOG|COP|HAL|OKE,HAL,0.23399690468256332
CVX,4,EOG|COP|HAL|OKE,OKE,0.1968840138898587
CVX,4,EOG|COP|HAL|MPC,EOG,0.5277395613347314
CVX,4,EOG|COP|HAL|MPC,COP,0.0
CVX,4,EOG|COP|HAL|MPC,HAL,0.224880767765209
CVX,4,EOG|COP|HAL|MPC,MPC,0.2473796709000597
CVX,4,EOG|COP|HAL|SLB,EOG,0.35135475581468006
CVX,4,EOG|COP|HAL|SLB,COP,0.3684607523854657
CVX,4,EOG|COP|HAL|SLB,HAL,0.28018449179985405
CVX,4,EOG|COP|HAL|SLB,SLB,3.1387652893455353e-17
CVX,4,EOG|COP|CNQ|DVN,EOG,0.6074886913477617
CVX,4,EOG|COP|CNQ|DVN,COP,0.11266490014846692
CVX,4,EOG|COP|CNQ|DVN,CNQ,0.2798464085037714
CVX,4,EOG|COP|CNQ|DVN,DVN,3.324900779504668e-17
CVX,4,EOG|COP|CNQ|FANG,EOG,0.6074922523315119
CVX,4,EOG|COP|CNQ|FANG,COP,0.11266115547733103
CVX,4,EOG|COP|CNQ|FANG,CNQ,0.2798465921911572
CVX,4,EOG|COP|CNQ|FANG,FANG,0.0
CVX,4,EOG|COP|CNQ|SU,EOG,0.6591510131057152
CVX,4,EOG|COP|CNQ|SU,COP,0.07145535829637475
CVX,4,EOG|COP|CNQ|SU,CNQ,0.08272738026535209
CVX,4,EOG|COP|CNQ|SU,SU,0.18666624833255804
CVX,4,EOG|COP|CNQ|CVE,EOG,0.6074898575214498
CVX,4,EOG|COP|CNQ|CVE,COP,0.11266362919209737
CVX,4,EOG|COP|CNQ|CVE,CNQ,0.2798465132864529
CVX,4,EOG|COP|CNQ|CVE,CVE,0.0
CVX,4,EOG|COP|CNQ|KMI,EOG,0.07266060936461989
CVX,4,EOG|COP|CNQ|KMI,COP,0.46464241283163316
CVX,4,EOG|COP|CNQ|KMI,CNQ,0.17885294007956867
CVX,4,EOG|COP|CNQ|KMI,KMI,0.2838440377241783
CVX,4,EOG|COP|CNQ|PSX,EOG,0.5035850983145319
CVX,4,EOG|COP|CNQ|PSX,COP,0.0
CVX,4,EOG|COP|CNQ|PSX,CNQ,0.21484155567850083
CVX,4,EOG|COP|CNQ|PSX,PSX,0.2815733460069673
CVX,4,EOG|COP|CNQ|WMB,EOG,0.22665303334504977
CVX,4,EOG|COP|CNQ|WMB,COP,0.352000567543826
CVX,4,EOG|COP|CNQ|WMB,CNQ,0.18109420872505283
CVX,4,EOG|COP|CNQ|WMB,WMB,0.2402521903860713
CVX,4,EOG|COP|CNQ|TRGP,EOG,0.44536235765032334
CVX,4,EOG|COP|CNQ|TRGP,COP,0.1717171133394483
CVX,4,EOG|COP|CNQ|TRGP,CNQ,0.20866362297639354
CVX,4,EOG|COP|CNQ|TRGP,TRGP,0.1742569060338349
CVX,4,EOG|COP|CNQ|OKE,EOG,0.3345749268784747
CVX,4,EOG|COP|CNQ|OKE,COP,0.23622925247649101
CVX,4,EOG|COP|CNQ|OKE,CNQ,0.22942418820583005
CVX,4,EOG|COP|CNQ|OKE,OKE,0.1997716324392043
CVX,4,EOG|COP|CNQ|MPC,EOG,0.5553448547724977
CVX,4,EOG|COP|CNQ|MPC,COP,6.881189784375529e-18
CVX,4,EOG|COP|CNQ|MPC,CNQ,0.20666629537684256
CVX,4,EOG|COP|CNQ|MPC,MPC,0.23798884985065968
CVX,4,EOG|COP|CNQ|SLB,EOG,0.5916250195937053
CVX,4,EOG|COP|CNQ|SLB,COP,1.1773757966834775e-18
CVX,4,EOG|COP|CNQ|SLB,CNQ,0.2677807937540406
CVX,4,EOG|COP|CNQ|SLB,SLB,0.14059418665225398
CVX,4,EOG|COP|DVN|FANG,EOG,0.5654272845513233
CVX,4,EOG|COP|DVN|FANG,COP,0.4345727154486768
CVX,4,EOG|COP|DVN|FANG,DVN,6.74283156617902e-17
CVX,4,EOG|COP|DVN|FANG,FANG,0.0
CVX,4,EOG|COP|DVN|SU,EOG,0.6781331722022159
CVX,4,EOG|COP|DVN|SU,COP,0.06306424548286228
CVX,4,EOG|COP|DVN|SU,DVN,0.0
CVX,4,EOG|COP|DVN|SU,SU,0.2588025823149218
CVX,4,EOG|COP|DVN|CVE,EOG,0.6581210059979874
CVX,4,EOG|COP|DVN|CVE,COP,0.17488786114833474
CVX,4,EOG|COP|DVN|CVE,DVN,2.3325593301488923e-17
CVX,4,EOG|COP|DVN|CVE,CVE,0.16699113285367778
CVX,4,EOG|COP|DVN|KMI,EOG,1.7997756063259374e-17
CVX,4,EOG|COP|DVN|KMI,COP,0.6819419741973272
CVX,4,EOG|COP|DVN|KMI,DVN,1.2685165418080402e-17
CVX,4,EOG|COP|DVN|KMI,KMI,0.31805802580267284
CVX,4,EOG|COP|DVN|PSX,EOG,0.6848829571265692
CVX,4,EOG|COP|DVN|PSX,COP,0.0
CVX,4,EOG|COP|DVN|PSX,DVN,0.0
CVX,4,EOG|COP|DVN|PSX,PSX,0.31511704287343095
CVX,4,EOG|COP|DVN|WMB,EOG,0.1342757008718671
CVX,4,EOG|COP|DVN|WMB,COP,0.5826993727631646
CVX,4,EOG|COP|DVN|WMB,DVN,1.4377537246694494e-17
CVX,4,EOG|COP|DVN|WMB,WMB,0.2830249263649682
CVX,4,EOG|COP|DVN|TRGP,EOG,0.3697420682962241
CVX,4,EOG|COP|DVN|TRGP,COP,0.40507068015633824
CVX,4,EOG|COP|DVN|TRGP,DVN,0.0
CVX,4,EOG|COP|DVN|TRGP,TRGP,0.22518725154743774
CVX,4,EOG|COP|DVN|OKE,EOG,0.2554968425927222
CVX,4,EOG|COP|DVN|OKE,COP,0.5111571735175243
CVX,4,EOG|COP|DVN|OKE,DVN,0.0
CVX,4,EOG|COP|DVN|OKE,OKE,0.23334598388975356
CVX,4,EOG|COP|DVN|MPC,EOG,0.726127092435909
CVX,4,EOG|COP|DVN|MPC,COP,0.0
CVX,4,EOG|COP|DVN|MPC,DVN,0.0
CVX,4,EOG|COP|DVN|MPC,MPC,0.273872907564091
CVX,4,EOG|COP|DVN|SLB,EOG,0.5625016603389187
CVX,4,EOG|COP|DVN|SLB,COP,0.2858957124358487
CVX,4,EOG|COP|DVN|SLB,DVN,4.648492991729959e-17
CVX,4,EOG|COP|DVN|SLB,SLB,0.15160262722523266
CVX,4,EOG|COP|FANG|SU,EOG,0.6781314642372056
CVX,4,EOG|COP|FANG|SU,COP,0.06306575970691757
CVX,4,EOG|COP|FANG|SU,FANG,0.0
CVX,4,EOG|COP|FANG|SU,SU,0.2588027760558769
CVX,4,EOG|COP|FANG|CVE,EOG,0.6581208718651694
CVX,4,EOG|COP|FANG|CVE,COP,0.17488898906348202
CVX,4,EOG|COP|FANG|CVE,FANG,0.0
CVX,4,EOG|COP|FANG|CVE,CVE,0.1669901390713489
CVX,4,EOG|COP|FANG|KMI,EOG,0.0
CVX,4,EOG|COP|FANG|KMI,COP,0.6819419757283592
CVX,4,EOG|COP|FANG|KMI,FANG,0.0
CVX,4,EOG|COP|FANG|KMI,KMI,0.3180580242716409
CVX,4,EOG|COP|FANG|PSX,EOG,0.684882957352034
CVX,4,EOG|COP|FANG|PSX,COP,6.049848122469115e-17
CVX,4,EOG|COP|FANG|PSX,FANG,0.0
CVX,4,EOG|COP|FANG|PSX,PSX,0.31511704264796614
CVX,4,EOG|COP|FANG|WMB,EOG,0.13427573551090066
CVX,4,EOG|COP|FANG|WMB,COP,0.582699341575897
CVX,4,EOG|COP|FANG|WMB,FANG,6.1534826035656784e-18
CVX,4,EOG|COP|FANG|WMB,WMB,0.2830249229132024
CVX,4,EOG|COP|FANG|TRGP,EOG,0.36974204954443174
CVX,4,EOG|COP|FANG|TRGP,COP,0.40507069677074653
CVX,4,EOG|COP|FANG|TRGP,FANG,5.275829415268135e-17
CVX,4,EOG|COP|FANG|TRGP,TRGP,0.22518725368482173
CVX,4,EOG|COP|FANG|OKE,EOG,0.25549872295746356
CVX,4,EOG|COP|FANG|OKE,COP,0.5111556020121446
CVX,4,EOG|COP|FANG|OKE,FANG,0.0
CVX,4,EOG|COP|FANG|OKE,OKE,0.23334567503039186
CVX,4,EOG|COP|FANG|MPC,EOG,0.7261270925262232
CVX,4,EOG|COP|FANG|MPC,COP,0.0
CVX,4,EOG|COP|FANG|MPC,FANG,2.13316777436523e-16
CVX,4,EOG|COP|FANG|MPC,MPC,0.27387290747377663
CVX,4,EOG|COP|FANG|SLB,EOG,0.5625016631840009
CVX,4,EOG|COP|FANG|SLB,COP,0.28589573250807454
CVX,4,EOG|COP|FANG|SLB,FANG,0.0
CVX,4,EOG|COP|FANG|SLB,SLB,0.15160260430792472
CVX,4,EOG|COP|SU|CVE,EOG,0.6781313810074838
CVX,4,EOG|COP|SU|CVE,COP,0.06306706374119095
CVX,4,EOG|COP|SU|CVE,SU,0.25880155525132525
CVX,4,EOG|COP|SU|CVE,CVE,5.266173239669436e-17
CVX,4,EOG|COP|SU|KMI,EOG,0.12057967896756949
CVX,4,EOG|COP|SU|KMI,COP,0.4174993709826543
CVX,4,EOG|COP|SU|KMI,SU,0.176864576537056
CVX,4,EOG|COP|SU|KMI,KMI,0.28505637351272023
CVX,4,EOG|COP|SU|PSX,EOG,0.5538822348648735
CVX,4,EOG|COP|SU|PSX,COP,0.0
CVX,4,EOG|COP|SU|PSX,SU,0.1719729452114989
CVX,4,EOG|COP|SU|PSX,PSX,0.2741448199236279
CVX,4,EOG|COP|SU|WMB,EOG,0.27405148680393315
CVX,4,EOG|COP|SU|WMB,COP,0.2960385817333009
CVX,4,EOG|COP|SU|WMB,SU,0.1855864855348068
CVX,4,EOG|COP|SU|WMB,WMB,0.24432344592795913
CVX,4,EOG|COP|SU|TRGP,EOG,0.5001839852860502
CVX,4,EOG|COP|SU|TRGP,COP,0.13421406215816936
CVX,4,EOG|COP|SU|TRGP,SU,0.19353517054415778
CVX,4,EOG|COP|SU|TRGP,TRGP,0.1720667820116226
CVX,4,EOG|COP|SU|OKE,EOG,0.3909744821860831
CVX,4,EOG|COP|SU|OKE,COP,0.18714094371659806
CVX,4,EOG|COP|SU|OKE,SU,0.21879985935571708
CVX,4,EOG|COP|SU|OKE,OKE,0.2030847147416019
CVX,4,EOG|COP|SU|MPC,EOG,0.6105288141300123
CVX,4,EOG|COP|SU|MPC,COP,0.0
CVX,4,EOG|COP|SU|MPC,SU,0.15934771183056376
CVX,4,EOG|COP|SU|MPC,MPC,0.23012347403942413
CVX,4,EOG|COP|SU|SLB,EOG,0.6129722838367158
CVX,4,EOG|COP|SU|SLB,COP,7.084583570834968e-18
CVX,4,EOG|COP|SU|SLB,SU,0.24415929369929476
CVX,4,EOG|COP|SU|SLB,SLB,0.14286842246398956
CVX,4,EOG|COP|CVE|KMI,EOG,0.06004479446798082
CVX,4,EOG|COP|CVE|KMI,COP,0.5143219901448284
CVX,4,EOG|COP|CVE|KMI,CVE,0.11478069919452942
CVX,4,EOG|COP|CVE|KMI,KMI,0.31085251619266135
CVX,4,EOG|COP|CVE|PSX,EOG,0.5596167345916958
CVX,4,EOG|COP|CVE|PSX,COP,0.0
CVX,4,EOG|COP|CVE|PSX,CVE,0.14156335290537939
CVX,4,EOG|COP|CVE|PSX,PSX,0.29881991250292494
CVX,4,EOG|COP|CVE|WMB,EOG,0.20820395955993368
CVX,4,EOG|COP|CVE|WMB,COP,0.4247087754687305
CVX,4,EOG|COP|CVE|WMB,CVE,0.097181164333145
CVX,4,EOG|COP|CVE|WMB,WMB,0.26990610063819087
CVX,4,EOG|COP|CVE|TRGP,EOG,0.4192598680107124
CVX,4,EOG|COP|CVE|TRGP,COP,0.31004065474203335
CVX,4,EOG|COP|CVE|TRGP,CVE,0.06254415616320569
CVX,4,EOG|COP|CVE|TRGP,TRGP,0.20815532108404863
CVX,4,EOG|COP|CVE|OKE,EOG,0.344325091294764
CVX,4,EOG|COP|CVE|OKE,COP,0.29541925195485974
CVX,4,EOG|COP|CVE|OKE,CVE,0.13667007515584198
CVX,4,EOG|COP|CVE|OKE,OKE,0.22358558159453434
CVX,4,EOG|COP|CVE|MPC,EOG,0.6491767879427769
CVX,4,EOG|COP|CVE|MPC,COP,0.0
CVX,4,EOG|COP|CVE|MPC,CVE,0.09646481354074309
CVX,4,EOG|COP|CVE|MPC,MPC,0.25435839851648007
CVX,4,EOG|COP|CVE|SLB,EOG,0.6546615212457684
CVX,4,EOG|COP|CVE|SLB,COP,0.02824534127294188
CVX,4,EOG|COP|CVE|SLB,CVE,0.16601167959161506
CVX,4,EOG|COP|CVE|SLB,SLB,0.15108145788967461
CVX,4,EOG|COP|KMI|PSX,EOG,0.29599754540204953
CVX,4,EOG|COP|KMI|PSX,COP,0.28280313844947674
CVX,4,EOG|COP|KMI|PSX,KMI,0.1993979853847584
CVX,4,EOG|COP|KMI|PSX,PSX,0.22180133076371533
CVX,4,EOG|COP|KMI|WMB,EOG,0.0
CVX,4,EOG|COP|KMI|WMB,COP,0.6819419759678624
CVX,4,EOG|COP|KMI|WMB,KMI,0.31805802403213773
CVX,4,EOG|COP|KMI|WMB,WMB,2.3093506273941244e-17
CVX,4,EOG|COP|KMI|TRGP,EOG,4.311845695353817e-17
CVX,4,EOG|COP|KMI|TRGP,COP,0.6819419748250556
CVX,4,EOG|COP|KMI|TRGP,KMI,0.3180580251749445
CVX,4,EOG|COP|KMI|TRGP,TRGP,7.48099499014998e-18
CVX,4,EOG|COP|KMI|OKE,EOG,9.862523203477002e-17
CVX,4,EOG|COP|KMI|OKE,COP,0.6819419753011072
CVX,4,EOG|COP|KMI|OKE,KMI,0.31805802469889255
CVX,4,EOG|COP|KMI|OKE,OKE,1.34332649170954e-16
CVX,4,EOG|COP|KMI|MPC,EOG,0.34716051186233027
CVX,4,EOG|COP|KMI|MPC,COP,0.25853517677710613
CVX,4,EOG|COP|KMI|MPC,KMI,0.21072305921826362
CVX,4,EOG|COP|KMI|MPC,MPC,0.18358125214229995
CVX,4,EOG|COP|KMI|SLB,EOG,9.630764610281395e-19
CVX,4,EOG|COP|KMI|SLB,COP,0.5594852649643628
CVX,4,EOG|COP|KMI|SLB,KMI,0.31030487731865253
CVX,4,EOG|COP|KMI|SLB,SLB,0.1302098577169847
CVX,4,EOG|COP|PSX|WMB,EOG,0.39944943870221244
CVX,4,EOG|COP|PSX|WMB,COP,0.16852963132416815
CVX,4,EOG|COP|PSX|WMB,PSX,0.2518085394659403
CVX,4,EOG|COP|PSX|WMB,WMB,0.18021239050767915
CVX,4,EOG|COP|PSX|TRGP,EOG,0.5590725142304983
CVX,4,EOG|COP|PSX|TRGP,COP,0.010988446351715506
CVX,4,EOG|COP|PSX|TRGP,PSX,0.2824891859104633
CVX,4,EOG|COP|PSX|TRGP,TRGP,0.14744985350732295
CVX,4,EOG|COP|PSX|OKE,EOG,0.5274233201846951
CVX,4,EOG|COP|PSX|OKE,COP,0.08194450495967627
CVX,4,EOG|COP|PSX|OKE,PSX,0.2733106057860369
CVX,4,EOG|COP|PSX|OKE,OKE,0.11732156906959162
CVX,4,EOG|COP|PSX|MPC,EOG,0.6848829575393944
CVX,4,EOG|COP|PSX|MPC,COP,0.0
CVX,4,EOG|COP|PSX|MPC,PSX,0.31511704246060557
CVX,4,EOG|COP|PSX|MPC,MPC,4.035500530395112e-18
CVX,4,EOG|COP|PSX|SLB,EOG,0.6145671157811516
CVX,4,EOG|COP|PSX|SLB,COP,0.0
CVX,4,EOG|COP|PSX|SLB,PSX,0.2920938321645941
CVX,4,EOG|COP|PSX|SLB,SLB,0.09333905205425438
CVX,4,EOG|COP|WMB|TRGP,EOG,0.1342758165243489
CVX,4,EOG|COP|WMB|TRGP,COP,0.582699324892833
CVX,4,EOG|COP|WMB|TRGP,WMB,0.2830248585828182
CVX,4,EOG|COP|WMB|TRGP,TRGP,0.0
CVX,4,EOG|COP|WMB|OKE,EOG,0.134275836807242
CVX,4,EOG|COP|WMB|OKE,COP,0.5826994023827922
CVX,4,EOG|COP|WMB|OKE,WMB,0.2830247608099658
CVX,4,EOG|COP|WMB|OKE,OKE,8.835400672809607e-18
CVX,4,EOG|COP|WMB|MPC,EOG,0.48572961598201203
CVX,4,EOG|COP|WMB|MPC,COP,0.11546969832864823
CVX,4,EOG|COP|WMB|MPC,WMB,0.182111501462894
CVX,4,EOG|COP|WMB|MPC,MPC,0.21668918422644579
CVX,4,EOG|COP|WMB|SLB,EOG,0.1569707958280228
CVX,4,EOG|COP|WMB|SLB,COP,0.4593839836651838
CVX,4,EOG|COP|WMB|SLB,WMB,0.26664495184387765
CVX,4,EOG|COP|WMB|SLB,SLB,0.11700026866291584
CVX,4,EOG|COP|TRGP|OKE,EOG,0.2747931919826007
CVX,4,EOG|COP|TRGP|OKE,COP,0.47378919890391047
CVX,4,EOG|COP|TRGP|OKE,TRGP,0.09429537374511418
CVX,4,EOG|COP|TRGP|OKE,OKE,0.1571222353683747
CVX,4,EOG|COP|TRGP|MPC,EOG,0.6603278199715781
CVX,4,EOG|COP|TRGP|MPC,COP,0.0
CVX,4,EOG|COP|TRGP|MPC,TRGP,0.09959059353993316
CVX,4,EOG|COP|TRGP|MPC,MPC,0.24008158648848876
CVX,4,EOG|COP|TRGP|SLB,EOG,0.3559212202914972
CVX,4,EOG|COP|TRGP|SLB,COP,0.23964687156706485
CVX,4,EOG|COP|TRGP|SLB,TRGP,0.23738211533527562
CVX,4,EOG|COP|TRGP|SLB,SLB,0.16704979280616214
CVX,4,EOG|COP|OKE|MPC,EOG,0.6356220972884887
CVX,4,EOG|COP|OKE|MPC,COP,0.010890901140964873
CVX,4,EOG|COP|OKE|MPC,OKE,0.11262500525637001
CVX,4,EOG|COP|OKE|MPC,MPC,0.2408619963141764
CVX,4,EOG|COP|OKE|SLB,EOG,0.2612727546803907
CVX,4,EOG|COP|OKE|SLB,COP,0.369595086341793
CVX,4,EOG|COP|OKE|SLB,OKE,0.2269323438793237
CVX,4,EOG|COP|OKE|SLB,SLB,0.14219981509849264
CVX,4,EOG|COP|MPC|SLB,EOG,0.6230818845834478
CVX,4,EOG|COP|MPC|SLB,COP,0.0
CVX,4,EOG|COP|MPC|SLB,MPC,0.2547738397918321
CVX,4,EOG|COP|MPC|SLB,SLB,0.12214427562472016
CVX,4,EOG|HAL|CNQ|DVN,EOG,0.5297841056489809
CVX,4,EOG|HAL|CNQ|DVN,HAL,0.2295466566931475
CVX,4,EOG|HAL|CNQ|DVN,CNQ,0.24066923765787165
CVX,4,EOG|HAL|CNQ|DVN,DVN,0.0
CVX,4,EOG|HAL|CNQ|FANG,EOG,0.5297844439170818
CVX,4,EOG|HAL|CNQ|FANG,HAL,0.2295464952224922
CVX,4,EOG|HAL|CNQ|FANG,CNQ,0.24066906086042603
CVX,4,EOG|HAL|CNQ|FANG,FANG,0.0
CVX,4,EOG|HAL|CNQ|SU,EOG,0.5488424786454333
CVX,4,EOG|HAL|CNQ|SU,HAL,0.23006536454651436
CVX,4,EOG|HAL|CNQ|SU,CNQ,0.00737510879626638
CVX,4,EOG|HAL|CNQ|SU,SU,0.21371704801178582
CVX,4,EOG|HAL|CNQ|CVE,EOG,0.5297842905449187
CVX,4,EOG|HAL|CNQ|CVE,HAL,0.22954666911427804
CVX,4,EOG|HAL|CNQ|CVE,CNQ,0.24066904034080333
CVX,4,EOG|HAL|CNQ|CVE,CVE,0.0
CVX,4,EOG|HAL|CNQ|KMI,EOG,0.3816782564297707
CVX,4,EOG|HAL|CNQ|KMI,HAL,0.1844763652478692
CVX,4,EOG|HAL|CNQ|KMI,CNQ,0.21741273605299052
CVX,4,EOG|HAL|CNQ|KMI,KMI,0.21643264226936962
CVX,4,EOG|HAL|CNQ|PSX,EOG,0.3998478147347396
CVX,4,EOG|HAL|CNQ|PSX,HAL,0.15805027696777482
CVX,4,EOG|HAL|CNQ|PSX,CNQ,0.1818379632246274
CVX,4,EOG|HAL|CNQ|PSX,PSX,0.26026394507285827
CVX,4,EOG|HAL|CNQ|WMB,EOG,0.433818076470566
CVX,4,EOG|HAL|CNQ|WMB,HAL,0.17842790007322706
CVX,4,EOG|HAL|CNQ|WMB,CNQ,0.20783655311723093
CVX,4,EOG|HAL|CNQ|WMB,WMB,0.17991747033897607
CVX,4,EOG|HAL|CNQ|TRGP,EOG,0.4508411468538314
CVX,4,EOG|HAL|CNQ|TRGP,HAL,0.20800223386518163
CVX,4,EOG|HAL|CNQ|TRGP,CNQ,0.193716923244598
CVX,4,EOG|HAL|CNQ|TRGP,TRGP,0.14743969603638896
CVX,4,EOG|HAL|CNQ|OKE,EOG,0.4149909389664155
CVX,4,EOG|HAL|CNQ|OKE,HAL,0.19784211446370784
CVX,4,EOG|HAL|CNQ|OKE,CNQ,0.22324998357666603
CVX,4,EOG|HAL|CNQ|OKE,OKE,0.16391696299321076
CVX,4,EOG|HAL|CNQ|MPC,EOG,0.42334980398064953
CVX,4,EOG|HAL|CNQ|MPC,HAL,0.18799213886446436
CVX,4,EOG|HAL|CNQ|MPC,CNQ,0.16570422226536802
CVX,4,EOG|HAL|CNQ|MPC,MPC,0.22295383488951798
CVX,4,EOG|HAL|CNQ|SLB,EOG,0.529783417111034
CVX,4,EOG|HAL|CNQ|SLB,HAL,0.22954697212457392
CVX,4,EOG|HAL|CNQ|SLB,CNQ,0.24066961076439203
CVX,4,EOG|HAL|CNQ|SLB,SLB,5.1535072697727734e-18
CVX,4,EOG|HAL|DVN|FANG,EOG,0.7071260899377265
CVX,4,EOG|HAL|DVN|FANG,HAL,0.29287391006227353
CVX,4,EOG|HAL|DVN|FANG,DVN,0.0
CVX,4,EOG|HAL|DVN|FANG,FANG,0.0
CVX,4,EOG|HAL|DVN|SU,EOG,0.5497833676584757
CVX,4,EOG|HAL|DVN|SU,HAL,0.23021620906299287
CVX,4,EOG|HAL|DVN|SU,DVN,6.967904782350688e-18
CVX,4,EOG|HAL|DVN|SU,SU,0.2200004232785315
CVX,4,EOG|HAL|DVN|CVE,EOG,0.6000437141404072
CVX,4,EOG|HAL|DVN|CVE,HAL,0.2558343250275266
CVX,4,EOG|HAL|DVN|CVE,DVN,6.786639731638268e-18
CVX,4,EOG|HAL|DVN|CVE,CVE,0.14412196083206613
CVX,4,EOG|HAL|DVN|KMI,EOG,0.5302973821201068
CVX,4,EOG|HAL|DVN|KMI,HAL,0.23809367813555096
CVX,4,EOG|HAL|DVN|KMI,DVN,0.0
CVX,4,EOG|HAL|DVN|KMI,KMI,0.23160893974434232
CVX,4,EOG|HAL|DVN|PSX,EOG,0.519466228047241
CVX,4,EOG|HAL|DVN|PSX,HAL,0.1986814803778672
CVX,4,EOG|HAL|DVN|PSX,DVN,0.0
CVX,4,EOG|HAL|DVN|PSX,PSX,0.2818522915748919
CVX,4,EOG|HAL|DVN|WMB,EOG,0.5695144619276686
CVX,4,EOG|HAL|DVN|WMB,HAL,0.22443531287162274
CVX,4,EOG|HAL|DVN|WMB,DVN,6.263808644945551e-19
CVX,4,EOG|HAL|DVN|WMB,WMB,0.20605022520070865
CVX,4,EOG|HAL|DVN|TRGP,EOG,0.5599704778517586
CVX,4,EOG|HAL|DVN|TRGP,HAL,0.24893816756203438
CVX,4,EOG|HAL|DVN|TRGP,DVN,0.0
CVX,4,EOG|HAL|DVN|TRGP,TRGP,0.19109135458620707
CVX,4,EOG|HAL|DVN|OKE,EOG,0.5669769566288879
CVX,4,EOG|HAL|DVN|OKE,HAL,0.25302458800572203
CVX,4,EOG|HAL|DVN|OKE,DVN,0.0
CVX,4,EOG|HAL|DVN|OKE,OKE,0.17999845536539022
CVX,4,EOG|HAL|DVN|MPC,EOG,0.5277411640579232
CVX,4,EOG|HAL|DVN|MPC,HAL,0.22487919982658672
CVX,4,EOG|HAL|DVN|MPC,DVN,2.904475976134996e-18
CVX,4,EOG|HAL|DVN|MPC,MPC,0.24737963611549021
CVX,4,EOG|HAL|DVN|SLB,EOG,0.7071260880535669
CVX,4,EOG|HAL|DVN|SLB,HAL,0.29287391194643325
CVX,4,EOG|HAL|DVN|SLB,DVN,0.0
CVX,4,EOG|HAL|DVN|SLB,SLB,0.0
CVX,4,EOG|HAL|FANG|SU,EOG,0.5497834081768573
CVX,4,EOG|HAL|FANG|SU,HAL,0.23021613691133808
CVX,4,EOG|HAL|FANG|SU,FANG,6.103867648680258e-17
CVX,4,EOG|HAL|FANG|SU,SU,0.22000045491180456
CVX,4,EOG|HAL|FANG|CVE,EOG,0.6000423334419517
CVX,4,EOG|HAL|FANG|CVE,HAL,0.25583485775387593
CVX,4,EOG|HAL|FANG|CVE,FANG,0.0
CVX,4,EOG|HAL|FANG|CVE,CVE,0.14412280880417241
CVX,4,EOG|HAL|FANG|KMI,EOG,0.5302973903362672
CVX,4,EOG|HAL|FANG|KMI,HAL,0.23809367482424734
CVX,4,EOG|HAL|FANG|KMI,FANG,4.8751404795694883e-17
CVX,4,EOG|HAL|FANG|KMI,KMI,0.2316089348394853
CVX,4,EOG|HAL|FANG|PSX,EOG,0.5194666032530546
CVX,4,EOG|HAL|FANG|PSX,HAL,0.1986810127436934
CVX,4,EOG|HAL|FANG|PSX,FANG,0.0
CVX,4,EOG|HAL|FANG|PSX,PSX,0.2818523840032521
CVX,4,EOG|HAL|FANG|WMB,EOG,0.5695144698079153
CVX,4,EOG|HAL|FANG|WMB,HAL,0.224435188323015
CVX,4,EOG|HAL|FANG|WMB,FANG,0.0
CVX,4,EOG|HAL|FANG|WMB,WMB,0.2060503418690697
CVX,4,EOG|HAL|FANG|TRGP,EOG,0.5599703416503917
CVX,4,EOG|HAL|FANG|TRGP,HAL,0.24893787387154487
CVX,4,EOG|HAL|FANG|TRGP,FANG,4.013194458487592e-17
CVX,4,EOG|HAL|FANG|TRGP,TRGP,0.1910917844780635
CVX,4,EOG|HAL|FANG|OKE,EOG,0.5669760149760955
CVX,4,EOG|HAL|FANG|OKE,HAL,0.253024896203571
CVX,4,EOG|HAL|FANG|OKE,FANG,0.0
CVX,4,EOG|HAL|FANG|OKE,OKE,0.1799990888203336
CVX,4,EOG|HAL|FANG|MPC,EOG,0.527740266684084
CVX,4,EOG|HAL|FANG|MPC,HAL,0.22488003337089713
CVX,4,EOG|HAL|FANG|MPC,FANG,0.0
CVX,4,EOG|HAL|FANG|MPC,MPC,0.24737969994501904
CVX,4,EOG|HAL|FANG|SLB,EOG,0.7071260888673642
CVX,4,EOG|HAL|FANG|SLB,HAL,0.29287391113263594
CVX,4,EOG|HAL|FANG|SLB,FANG,0.0
CVX,4,EOG|HAL|FANG|SLB,SLB,0.0
CVX,4,EOG|HAL|SU|CVE,EOG,0.5497833877470115
CVX,4,EOG|HAL|SU|CVE,HAL,0.23021621767901662
CVX,4,EOG|HAL|SU|CVE,SU,0.22000039457397197
CVX,4,EOG|HAL|SU|CVE,CVE,0.0
CVX,4,EOG|HAL|SU|KMI,EOG,0.3868034835879748
CVX,4,EOG|HAL|SU|KMI,HAL,0.1803946209135676
CVX,4,EOG|HAL|SU|KMI,SU,0.2094373151059874
CVX,4,EOG|HAL|SU|KMI,KMI,0.22336458039247026
CVX,4,EOG|HAL|SU|PSX,EOG,0.43571935874420203
CVX,4,EOG|HAL|SU|PSX,HAL,0.167342431986668
CVX,4,EOG|HAL|SU|PSX,SU,0.1441921626827355
CVX,4,EOG|HAL|SU|PSX,PSX,0.2527460465863945
CVX,4,EOG|HAL|SU|WMB,EOG,0.4343857553978378
CVX,4,EOG|HAL|SU|WMB,HAL,0.17165504393710887
CVX,4,EOG|HAL|SU|WMB,SU,0.20348566056133854
CVX,4,EOG|HAL|SU|WMB,WMB,0.19047354010371476
CVX,4,EOG|HAL|SU|TRGP,EOG,0.46747852868362016
CVX,4,EOG|HAL|SU|TRGP,HAL,0.20857600057337372
CVX,4,EOG|HAL|SU|TRGP,SU,0.1788468996422037
CVX,4,EOG|HAL|SU|TRGP,TRGP,0.14509857110080246
CVX,4,EOG|HAL|SU|OKE,EOG,0.4251338252506867
CVX,4,EOG|HAL|SU|OKE,HAL,0.1955867430706711
CVX,4,EOG|HAL|SU|OKE,SU,0.21002863505857466
CVX,4,EOG|HAL|SU|OKE,OKE,0.16925079662006748
CVX,4,EOG|HAL|SU|MPC,EOG,0.4614434853490563
CVX,4,EOG|HAL|SU|MPC,HAL,0.19804962998142125
CVX,4,EOG|HAL|SU|MPC,SU,0.12401503903073367
CVX,4,EOG|HAL|SU|MPC,MPC,0.21649184563878882
CVX,4,EOG|HAL|SU|SLB,EOG,0.5497833369116948
CVX,4,EOG|HAL|SU|SLB,HAL,0.23021623467191077
CVX,4,EOG|HAL|SU|SLB,SU,0.22000042841639447
CVX,4,EOG|HAL|SU|SLB,SLB,8.833494848678285e-19
CVX,4,EOG|HAL|CVE|KMI,EOG,0.39330483404982386
CVX,4,EOG|HAL|CVE|KMI,HAL,0.1910726429582759
CVX,4,EOG|HAL|CVE|KMI,CVE,0.17086272172792094
CVX,4,EOG|HAL|CVE|KMI,KMI,0.2447598012639793
CVX,4,EOG|HAL|CVE|PSX,EOG,0.4451038419678084
CVX,4,EOG|HAL|CVE|PSX,HAL,0.17381370298697946
CVX,4,EOG|HAL|CVE|PSX,CVE,0.10743453133835326
CVX,4,EOG|HAL|CVE|PSX,PSX,0.2736479237068589
CVX,4,EOG|HAL|CVE|WMB,EOG,0.4622726612665824
CVX,4,EOG|HAL|CVE|WMB,HAL,0.1873342701764232
CVX,4,EOG|HAL|CVE|WMB,CVE,0.14426723973512756
CVX,4,EOG|HAL|CVE|WMB,WMB,0.20612582882186684
CVX,4,EOG|HAL|CVE|TRGP,EOG,0.5129275107971965
CVX,4,EOG|HAL|CVE|TRGP,HAL,0.23184051988159124
CVX,4,EOG|HAL|CVE|TRGP,CVE,0.08681016268973156
CVX,4,EOG|HAL|CVE|TRGP,TRGP,0.16842180663148082
CVX,4,EOG|HAL|CVE|OKE,EOG,0.4548082497338788
CVX,4,EOG|HAL|CVE|OKE,HAL,0.21434823515562215
CVX,4,EOG|HAL|CVE|OKE,CVE,0.1483306652938492
CVX,4,EOG|HAL|CVE|OKE,OKE,0.1825128498166499
CVX,4,EOG|HAL|CVE|MPC,EOG,0.49378082687363817
CVX,4,EOG|HAL|CVE|MPC,HAL,0.21337036516712432
CVX,4,EOG|HAL|CVE|MPC,CVE,0.055300215477147134
CVX,4,EOG|HAL|CVE|MPC,MPC,0.23754859248209034
CVX,4,EOG|HAL|CVE|SLB,EOG,0.6000412227560137
CVX,4,EOG|HAL|CVE|SLB,HAL,0.25583578537005236
CVX,4,EOG|HAL|CVE|SLB,CVE,0.14412299187393401
CVX,4,EOG|HAL|CVE|SLB,SLB,3.2653120116653278e-18
CVX,4,EOG|HAL|KMI|PSX,EOG,0.4380284341242053
CVX,4,EOG|HAL|KMI|PSX,HAL,0.1789123271761535
CVX,4,EOG|HAL|KMI|PSX,KMI,0.14387520657438466
CVX,4,EOG|HAL|KMI|PSX,PSX,0.23918403212525663
CVX,4,EOG|HAL|KMI|WMB,EOG,0.5302967388631452
CVX,4,EOG|HAL|KMI|WMB,HAL,0.23809437291400326
CVX,4,EOG|HAL|KMI|WMB,KMI,0.2316088882228515
CVX,4,EOG|HAL|KMI|WMB,WMB,0.0
CVX,4,EOG|HAL|KMI|TRGP,EOG,0.5253859362580332
CVX,4,EOG|HAL|KMI|TRGP,HAL,0.23676424214977276
CVX,4,EOG|HAL|KMI|TRGP,KMI,0.21564097919914388
CVX,4,EOG|HAL|KMI|TRGP,TRGP,0.02220884239305021
CVX,4,EOG|HAL|KMI|OKE,EOG,0.5302972706599673
CVX,4,EOG|HAL|KMI|OKE,HAL,0.23809380194703858
CVX,4,EOG|HAL|KMI|OKE,KMI,0.23160892739299405
CVX,4,EOG|HAL|KMI|OKE,OKE,1.4523968067451081e-18
CVX,4,EOG|HAL|KMI|MPC,EOG,0.44127461826477526
CVX,4,EOG|HAL|KMI|MPC,HAL,0.2000811109038949
CVX,4,EOG|HAL|KMI|MPC,KMI,0.15083108485256774
CVX,4,EOG|HAL|KMI|MPC,MPC,0.20781318597876214
CVX,4,EOG|HAL|KMI|SLB,EOG,0.5368869766822568
CVX,4,EOG|HAL|KMI|SLB,HAL,0.12444969219767893
CVX,4,EOG|HAL|KMI|SLB,KMI,0.2490184292989975
CVX,4,EOG|HAL|KMI|SLB,SLB,0.08964490182106674
CVX,4,EOG|HAL|PSX|WMB,EOG,0.4473868683516064
CVX,4,EOG|HAL|PSX|WMB,HAL,0.16292315684771708
CVX,4,EOG|HAL|PSX|WMB,PSX,0.25326368479644784
CVX,4,EOG|HAL|PSX|WMB,WMB,0.13642629000422862
CVX,4,EOG|HAL|PSX|TRGP,EOG,0.4376204732379582
CVX,4,EOG|HAL|PSX|TRGP,HAL,0.17742276081168656
CVX,4,EOG|HAL|PSX|TRGP,PSX,0.2583926539402303
CVX,4,EOG|HAL|PSX|TRGP,TRGP,0.12656411201012496
CVX,4,EOG|HAL|PSX|OKE,EOG,0.46300173656606053
CVX,4,EOG|HAL|PSX|OKE,HAL,0.18615556037444292
CVX,4,EOG|HAL|PSX|OKE,PSX,0.2575140824151968
CVX,4,EOG|HAL|PSX|OKE,OKE,0.09332862064429978
CVX,4,EOG|HAL|PSX|MPC,EOG,0.5175664430116536
CVX,4,EOG|HAL|PSX|MPC,HAL,0.20189581687733352
CVX,4,EOG|HAL|PSX|MPC,PSX,0.2337821219030326
CVX,4,EOG|HAL|PSX|MPC,MPC,0.04675561820798042
CVX,4,EOG|HAL|PSX|SLB,EOG,0.5194654175329868
CVX,4,EOG|HAL|PSX|SLB,HAL,0.19868241884805368
CVX,4,EOG|HAL|PSX|SLB,PSX,0.28185216361895954
CVX,4,EOG|HAL|PSX|SLB,SLB,1.185200263533739e-17
CVX,4,EOG|HAL|WMB|TRGP,EOG,0.5520867904814282
CVX,4,EOG|HAL|WMB|TRGP,HAL,0.2264400068481146
CVX,4,EOG|HAL|WMB|TRGP,WMB,0.15175331046634538
CVX,4,EOG|HAL|WMB|TRGP,TRGP,0.06971989220411177
CVX,4,EOG|HAL|WMB|OKE,EOG,0.5689387023000538
CVX,4,EOG|HAL|WMB|OKE,HAL,0.2246579758270739
CVX,4,EOG|HAL|WMB|OKE,WMB,0.20334253644915054
CVX,4,EOG|HAL|WMB|OKE,OKE,0.0030607854237217937
CVX,4,EOG|HAL|WMB|MPC,EOG,0.45767901554502294
CVX,4,EOG|HAL|WMB|MPC,HAL,0.18765453270237506
CVX,4,EOG|HAL|WMB|MPC,WMB,0.1350659628082376
CVX,4,EOG|HAL|WMB|MPC,MPC,0.21960048894436443
CVX,4,EOG|HAL|WMB|SLB,EOG,0.5722848028217898
CVX,4,EOG|HAL|WMB|SLB,HAL,0.18750714649055494
CVX,4,EOG|HAL|WMB|SLB,WMB,0.21145130334189335
CVX,4,EOG|HAL|WMB|SLB,SLB,0.028756747345761856
CVX,4,EOG|HAL|TRGP|OKE,EOG,0.5477972028769501
CVX,4,EOG|HAL|TRGP|OKE,HAL,0.2462312009843624
CVX,4,EOG|HAL|TRGP|OKE,TRGP,0.12229348329536728
CVX,4,EOG|HAL|TRGP|OKE,OKE,0.08367811284332025
CVX,4,EOG|HAL|TRGP|MPC,EOG,0.48762274664022875
CVX,4,EOG|HAL|TRGP|MPC,HAL,0.21431148104716152
CVX,4,EOG|HAL|TRGP|MPC,TRGP,0.07483153939519341
CVX,4,EOG|HAL|TRGP|MPC,MPC,0.2232342329174163
CVX,4,EOG|HAL|TRGP|SLB,EOG,0.5622693191584167
CVX,4,EOG|HAL|TRGP|SLB,HAL,0.09538549157710384
CVX,4,EOG|HAL|TRGP|SLB,TRGP,0.22259411212373076
CVX,4,EOG|HAL|TRGP|SLB,SLB,0.11975107714074877
CVX,4,EOG|HAL|OKE|MPC,EOG,0.47573879678891984
CVX,4,EOG|HAL|OKE|MPC,HAL,0.2117005556115301
CVX,4,EOG|HAL|OKE|MPC,OKE,0.08856140747796913
CVX,4,EOG|HAL|OKE|MPC,MPC,0.22399924012158087
CVX,4,EOG|HAL|OKE|SLB,EOG,0.5669759989186108
CVX,4,EOG|HAL|OKE|SLB,HAL,0.25302489569155523
CVX,4,EOG|HAL|OKE|SLB,OKE,0.1799991053898339
CVX,4,EOG|HAL|OKE|SLB,SLB,0.0
CVX,4,EOG|HAL|MPC|SLB,EOG,0.5277403872024564
CVX,4,EOG|HAL|MPC|SLB,HAL,0.22488015312148768
CVX,4,EOG|HAL|MPC|SLB,MPC,0.2473794596760558
CVX,4,EOG|HAL|MPC|SLB,SLB,0.0
CVX,4,EOG|CNQ|DVN|FANG,EOG,0.7022906608108005
CVX,4,EOG|CNQ|DVN|FANG,CNQ,0.29770933918919956
CVX,4,EOG|CNQ|DVN|FANG,DVN,6.839464635654015e-17
CVX,4,EOG|CNQ|DVN|FANG,FANG,0.0
CVX,4,EOG|CNQ|DVN|SU,EOG,0.7212050264147821
CVX,4,EOG|CNQ|DVN|SU,CNQ,0.07094374531471963
CVX,4,EOG|CNQ|DVN|SU,DVN,7.411326530238314e-18
CVX,4,EOG|CNQ|DVN|SU,SU,0.20785122827049823
CVX,4,EOG|CNQ|DVN|CVE,EOG,0.7022906582858811
CVX,4,EOG|CNQ|DVN|CVE,CNQ,0.29770934171411906
CVX,4,EOG|CNQ|DVN|CVE,DVN,2.857824004336924e-18
CVX,4,EOG|CNQ|DVN|CVE,CVE,1.4169167141669936e-17
CVX,4,EOG|CNQ|DVN|KMI,EOG,0.5008705179779325
CVX,4,EOG|CNQ|DVN|KMI,CNQ,0.25957084582419576
CVX,4,EOG|CNQ|DVN|KMI,DVN,8.596537381683894e-18
CVX,4,EOG|CNQ|DVN|KMI,KMI,0.23955863619787165
CVX,4,EOG|CNQ|DVN|PSX,EOG,0.5035871501891427
CVX,4,EOG|CNQ|DVN|PSX,CNQ,0.21483963057163102
CVX,4,EOG|CNQ|DVN|PSX,DVN,3.6542695410445025e-17
CVX,4,EOG|CNQ|DVN|PSX,PSX,0.2815732192392263
CVX,4,EOG|CNQ|DVN|WMB,EOG,0.543979562848451
CVX,4,EOG|CNQ|DVN|WMB,CNQ,0.24406391277438935
CVX,4,EOG|CNQ|DVN|WMB,DVN,1.3895575499706797e-17
CVX,4,EOG|CNQ|DVN|WMB,WMB,0.2119565243771597
CVX,4,EOG|CNQ|DVN|TRGP,EOG,0.5932537071083146
CVX,4,EOG|CNQ|DVN|TRGP,CNQ,0.23775761148140734
CVX,4,EOG|CNQ|DVN|TRGP,DVN,1.0037340424963459e-18
CVX,4,EOG|CNQ|DVN|TRGP,TRGP,0.16898868141027806
CVX,4,EOG|CNQ|DVN|OKE,EOG,0.5432878793166339
CVX,4,EOG|CNQ|DVN|OKE,CNQ,0.26869150136630904
CVX,4,EOG|CNQ|DVN|OKE,DVN,1.0504743793170223e-17
CVX,4,EOG|CNQ|DVN|OKE,OKE,0.18802061931705688
CVX,4,EOG|CNQ|DVN|MPC,EOG,0.5553451397205087
CVX,4,EOG|CNQ|DVN|MPC,CNQ,0.2066658433827991
CVX,4,EOG|CNQ|DVN|MPC,DVN,0.0
CVX,4,EOG|CNQ|DVN|MPC,MPC,0.2379890168966923
CVX,4,EOG|CNQ|DVN|SLB,EOG,0.5916255373806597
CVX,4,EOG|CNQ|DVN|SLB,CNQ,0.26778035185318944
CVX,4,EOG|CNQ|DVN|SLB,DVN,0.0
CVX,4,EOG|CNQ|DVN|SLB,SLB,0.14059411076615078
CVX,4,EOG|CNQ|FANG|SU,EOG,0.721204773032269
CVX,4,EOG|CNQ|FANG|SU,CNQ,0.07094385418028434
CVX,4,EOG|CNQ|FANG|SU,FANG,0.0
CVX,4,EOG|CNQ|FANG|SU,SU,0.20785137278744667
CVX,4,EOG|CNQ|FANG|CVE,EOG,0.7022906497579625
CVX,4,EOG|CNQ|FANG|CVE,CNQ,0.2977093502420376
CVX,4,EOG|CNQ|FANG|CVE,FANG,0.0
CVX,4,EOG|CNQ|FANG|CVE,CVE,0.0
CVX,4,EOG|CNQ|FANG|KMI,EOG,0.5008703094262985
CVX,4,EOG|CNQ|FANG|KMI,CNQ,0.2595714142947895
CVX,4,EOG|CNQ|FANG|KMI,FANG,9.894350675555092e-18
CVX,4,EOG|CNQ|FANG|KMI,KMI,0.23955827627891194
CVX,4,EOG|CNQ|FANG|PSX,EOG,0.5035872602918153
CVX,4,EOG|CNQ|FANG|PSX,CNQ,0.21483948423682445
CVX,4,EOG|CNQ|FANG|PSX,FANG,0.0
CVX,4,EOG|CNQ|FANG|PSX,PSX,0.28157325547136036
CVX,4,EOG|CNQ|FANG|WMB,EOG,0.5439784563309691
CVX,4,EOG|CNQ|FANG|WMB,CNQ,0.24406453217213614
CVX,4,EOG|CNQ|FANG|WMB,FANG,0.0
CVX,4,EOG|CNQ|FANG|WMB,WMB,0.2119570114968948
CVX,4,EOG|CNQ|FANG|TRGP,EOG,0.5932529118520516
CVX,4,EOG|CNQ|FANG|TRGP,CNQ,0.23775794184429522
CVX,4,EOG|CNQ|FANG|TRGP,FANG,1.100465205072787e-17
CVX,4,EOG|CNQ|FANG|TRGP,TRGP,0.1689891463036531
CVX,4,EOG|CNQ|FANG|OKE,EOG,0.5432881609876048
CVX,4,EOG|CNQ|FANG|OKE,CNQ,0.26869122182416216
CVX,4,EOG|CNQ|FANG|OKE,FANG,1.4291651083693113e-17
CVX,4,EOG|CNQ|FANG|OKE,OKE,0.18802061718823304
CVX,4,EOG|CNQ|FANG|MPC,EOG,0.555345087727782
CVX,4,EOG|CNQ|FANG|MPC,CNQ,0.20666593232653901
CVX,4,EOG|CNQ|FANG|MPC,FANG,0.0
CVX,4,EOG|CNQ|FANG|MPC,MPC,0.23798897994567902
CVX,4,EOG|CNQ|FANG|SLB,EOG,0.5916252875861108
CVX,4,EOG|CNQ|FANG|SLB,CNQ,0.26778043932500917
CVX,4,EOG|CNQ|FANG|SLB,FANG,1.3759330250140943e-16
CVX,4,EOG|CNQ|FANG|SLB,SLB,0.14059427308887987
CVX,4,EOG|CNQ|SU|CVE,EOG,0.7212050404975091
CVX,4,EOG|CNQ|SU|CVE,CNQ,0.07094363942341637
CVX,4,EOG|CNQ|SU|CVE,SU,0.20785132007907445
CVX,4,EOG|CNQ|SU|CVE,CVE,0.0
CVX,4,EOG|CNQ|SU|KMI,EOG,0.5072693254705802
CVX,4,EOG|CNQ|SU|KMI,CNQ,0.0
CVX,4,EOG|CNQ|SU|KMI,SU,0.2452383654187553
CVX,4,EOG|CNQ|SU|KMI,KMI,0.24749230911066453
CVX,4,EOG|CNQ|SU|PSX,EOG,0.503586691565144
CVX,4,EOG|CNQ|SU|PSX,CNQ,0.21484021109279333
CVX,4,EOG|CNQ|SU|PSX,SU,0.0
CVX,4,EOG|CNQ|SU|PSX,PSX,0.2815730973420627
CVX,4,EOG|CNQ|SU|WMB,EOG,0.5420419884140769
CVX,4,EOG|CNQ|SU|WMB,CNQ,0.0
CVX,4,EOG|CNQ|SU|WMB,SU,0.23475742414630849
CVX,4,EOG|CNQ|SU|WMB,WMB,0.2232005874396145
CVX,4,EOG|CNQ|SU|TRGP,EOG,0.6108921924227029
CVX,4,EOG|CNQ|SU|TRGP,CNQ,0.04310763721904041
CVX,4,EOG|CNQ|SU|TRGP,SU,0.1790911878733745
CVX,4,EOG|CNQ|SU|TRGP,TRGP,0.1669089824848823
CVX,4,EOG|CNQ|SU|OKE,EOG,0.5568448796461787
CVX,4,EOG|CNQ|SU|OKE,CNQ,0.0
CVX,4,EOG|CNQ|SU|OKE,SU,0.24874474917401193
CVX,4,EOG|CNQ|SU|OKE,OKE,0.19441037117980947
CVX,4,EOG|CNQ|SU|MPC,EOG,0.5553448661144745
CVX,4,EOG|CNQ|SU|MPC,CNQ,0.20666611191539191
CVX,4,EOG|CNQ|SU|MPC,SU,0.0
CVX,4,EOG|CNQ|SU|MPC,MPC,0.2379890219701335
CVX,4,EOG|CNQ|SU|SLB,EOG,0.6111410987262542
CVX,4,EOG|CNQ|SU|SLB,CNQ,0.014040902425026345
CVX,4,EOG|CNQ|SU|SLB,SU,0.23217556303752723
CVX,4,EOG|CNQ|SU|SLB,SLB,0.14264243581119215
CVX,4,EOG|CNQ|CVE|KMI,EOG,0.500870319494769
CVX,4,EOG|CNQ|CVE|KMI,CNQ,0.2595714261827513
CVX,4,EOG|CNQ|CVE|KMI,CVE,0.0
CVX,4,EOG|CNQ|CVE|KMI,KMI,0.23955825432247976
CVX,4,EOG|CNQ|CVE|PSX,EOG,0.5035866472146788
CVX,4,EOG|CNQ|CVE|PSX,CNQ,0.21484024509834304
CVX,4,EOG|CNQ|CVE|PSX,CVE,9.933340660908392e-18
CVX,4,EOG|CNQ|CVE|PSX,PSX,0.28157310768697813
CVX,4,EOG|CNQ|CVE|WMB,EOG,0.5439783927313573
CVX,4,EOG|CNQ|CVE|WMB,CNQ,0.2440650946059956
CVX,4,EOG|CNQ|CVE|WMB,CVE,1.509455063654526e-17
CVX,4,EOG|CNQ|CVE|WMB,WMB,0.21195651266264717
CVX,4,EOG|CNQ|CVE|TRGP,EOG,0.5932527437694577
CVX,4,EOG|CNQ|CVE|TRGP,CNQ,0.23775813545013924
CVX,4,EOG|CNQ|CVE|TRGP,CVE,5.959723816881257e-18
CVX,4,EOG|CNQ|CVE|TRGP,TRGP,0.1689891207804031
CVX,4,EOG|CNQ|CVE|OKE,EOG,0.5432877360568907
CVX,4,EOG|CNQ|CVE|OKE,CNQ,0.2686915208953064
CVX,4,EOG|CNQ|CVE|OKE,CVE,0.0
CVX,4,EOG|CNQ|CVE|OKE,OKE,0.18802074304780284
CVX,4,EOG|CNQ|CVE|MPC,EOG,0.5553436740513489
CVX,4,EOG|CNQ|CVE|MPC,CNQ,0.20666766024789152
CVX,4,EOG|CNQ|CVE|MPC,CVE,1.4802747786216153e-17
CVX,4,EOG|CNQ|CVE|MPC,MPC,0.23798866570075963
CVX,4,EOG|CNQ|CVE|SLB,EOG,0.591623816582652
CVX,4,EOG|CNQ|CVE|SLB,CNQ,0.2677815597074008
CVX,4,EOG|CNQ|CVE|SLB,CVE,3.657488266244069e-18
CVX,4,EOG|CNQ|CVE|SLB,SLB,0.1405946237099473
CVX,4,EOG|CNQ|KMI|PSX,EOG,0.40986134724150636
CVX,4,EOG|CNQ|KMI|PSX,CNQ,0.2045640435030264
CVX,4,EOG|CNQ|KMI|PSX,KMI,0.1504887284530699
CVX,4,EOG|CNQ|KMI|PSX,PSX,0.2350858808023974
CVX,4,EOG|CNQ|KMI|WMB,EOG,0.5008692254138397
CVX,4,EOG|CNQ|KMI|WMB,CNQ,0.2595724658958586
CVX,4,EOG|CNQ|KMI|WMB,KMI,0.2395583086903016
CVX,4,EOG|CNQ|KMI|WMB,WMB,0.0
CVX,4,EOG|CNQ|KMI|TRGP,EOG,0.500870547212413
CVX,4,EOG|CNQ|KMI|TRGP,CNQ,0.25957127896938614
CVX,4,EOG|CNQ|KMI|TRGP,KMI,0.2395581738182009
CVX,4,EOG|CNQ|KMI|TRGP,TRGP,4.0081603199976555e-18
CVX,4,EOG|CNQ|KMI|OKE,EOG,0.5008698850834297
CVX,4,EOG|CNQ|KMI|OKE,CNQ,0.2595717733181042
CVX,4,EOG|CNQ|KMI|OKE,KMI,0.2395583415984661
CVX,4,EOG|CNQ|KMI|OKE,OKE,1.8794602308388857e-17
CVX,4,EOG|CNQ|KMI|MPC,EOG,0.44370207453532795
CVX,4,EOG|CNQ|KMI|MPC,CNQ,0.1975229682610194
CVX,4,EOG|CNQ|KMI|MPC,KMI,0.1659437313664773
CVX,4,EOG|CNQ|KMI|MPC,MPC,0.1928312258371754
CVX,4,EOG|CNQ|KMI|SLB,EOG,0.38203178154497053
CVX,4,EOG|CNQ|KMI|SLB,CNQ,0.227707876517466
CVX,4,EOG|CNQ|KMI|SLB,KMI,0.24359972804973998
CVX,4,EOG|CNQ|KMI|SLB,SLB,0.14666061388782348
CVX,4,EOG|CNQ|PSX|WMB,EOG,0.4213473346045139
CVX,4,EOG|CNQ|PSX|WMB,CNQ,0.18870199870209609
CVX,4,EOG|CNQ|PSX|WMB,PSX,0.2502483557438424
CVX,4,EOG|CNQ|PSX|WMB,WMB,0.1397023109495475
CVX,4,EOG|CNQ|PSX|TRGP,EOG,0.447701290823432
CVX,4,EOG|CNQ|PSX|TRGP,CNQ,0.182470991575764
CVX,4,EOG|CNQ|PSX|TRGP,PSX,0.2640443021494708
CVX,4,EOG|CNQ|PSX|TRGP,TRGP,0.1057834154513333
CVX,4,EOG|CNQ|PSX|OKE,EOG,0.43867354122786323
CVX,4,EOG|CNQ|PSX|OKE,CNQ,0.20745668764022804
CVX,4,EOG|CNQ|PSX|OKE,PSX,0.25461064728871685
CVX,4,EOG|CNQ|PSX|OKE,OKE,0.09925912384319194
CVX,4,EOG|CNQ|PSX|MPC,EOG,0.503586510800046
CVX,4,EOG|CNQ|PSX|MPC,CNQ,0.21484084764392924
CVX,4,EOG|CNQ|PSX|MPC,PSX,0.2815726415560248
CVX,4,EOG|CNQ|PSX|MPC,MPC,0.0
CVX,4,EOG|CNQ|PSX|SLB,EOG,0.4564368615634822
CVX,4,EOG|CNQ|PSX|SLB,CNQ,0.2038230715817703
CVX,4,EOG|CNQ|PSX|SLB,PSX,0.26481177869130224
CVX,4,EOG|CNQ|PSX|SLB,SLB,0.0749282881634454
CVX,4,EOG|CNQ|WMB|TRGP,EOG,0.5439770493630545
CVX,4,EOG|CNQ|WMB|TRGP,CNQ,0.24406591725921117
CVX,4,EOG|CNQ|WMB|TRGP,WMB,0.2119570333777343
CVX,4,EOG|CNQ|WMB|TRGP,TRGP,0.0
CVX,4,EOG|CNQ|WMB|OKE,EOG,0.5423640165282396
CVX,4,EOG|CNQ|WMB|OKE,CNQ,0.24465479880694013
CVX,4,EOG|CNQ|WMB|OKE,WMB,0.2043844588952125
CVX,4,EOG|CNQ|WMB|OKE,OKE,0.008596725769607596
CVX,4,EOG|CNQ|WMB|MPC,EOG,0.4634958213298193
CVX,4,EOG|CNQ|WMB|MPC,CNQ,0.1808977057009454
CVX,4,EOG|CNQ|WMB|MPC,WMB,0.14850969230525193
CVX,4,EOG|CNQ|WMB|MPC,MPC,0.20709678066398343
CVX,4,EOG|CNQ|WMB|SLB,EOG,0.4459617926569566
CVX,4,EOG|CNQ|WMB|SLB,CNQ,0.2179150537382565
CVX,4,EOG|CNQ|WMB|SLB,WMB,0.20495128515490918
CVX,4,EOG|CNQ|WMB|SLB,SLB,0.13117186844987772
CVX,4,EOG|CNQ|TRGP|OKE,EOG,0.543397843274381
CVX,4,EOG|CNQ|TRGP|OKE,CNQ,0.26444379267746104
CVX,4,EOG|CNQ|TRGP|OKE,TRGP,0.018008073826835894
CVX,4,EOG|CNQ|TRGP|OKE,OKE,0.17415029022132206
CVX,4,EOG|CNQ|TRGP|MPC,EOG,0.5272218722849938
CVX,4,EOG|CNQ|TRGP|MPC,CNQ,0.19198417515345367
CVX,4,EOG|CNQ|TRGP|MPC,TRGP,0.06092919805668843
CVX,4,EOG|CNQ|TRGP|MPC,MPC,0.21986475450486417
CVX,4,EOG|CNQ|TRGP|SLB,EOG,0.4551213752514565
CVX,4,EOG|CNQ|TRGP|SLB,CNQ,0.19677070829226034
CVX,4,EOG|CNQ|TRGP|SLB,TRGP,0.18912880479417024
CVX,4,EOG|CNQ|TRGP|SLB,SLB,0.15897911166211293
CVX,4,EOG|CNQ|OKE|MPC,EOG,0.48486889958412105
CVX,4,EOG|CNQ|OKE|MPC,CNQ,0.2014678937921612
CVX,4,EOG|CNQ|OKE|MPC,OKE,0.10407136999323
CVX,4,EOG|CNQ|OKE|MPC,MPC,0.20959183663048778
CVX,4,EOG|CNQ|OKE|SLB,EOG,0.4302032894303903
CVX,4,EOG|CNQ|OKE|SLB,CNQ,0.23821125793134879
CVX,4,EOG|CNQ|OKE|SLB,OKE,0.1894019797153541
CVX,4,EOG|CNQ|OKE|SLB,SLB,0.1421834729229067
CVX,4,EOG|CNQ|MPC|SLB,EOG,0.48158106546863144
CVX,4,EOG|CNQ|MPC|SLB,CNQ,0.1895891145560179
CVX,4,EOG|CNQ|MPC|SLB,MPC,0.22466673231058576
CVX,4,EOG|CNQ|MPC|SLB,SLB,0.10416308766476494
CVX,4,EOG|DVN|FANG|SU,EOG,0.7314048174095154
CVX,4,EOG|DVN|FANG|SU,DVN,0.0
CVX,4,EOG|DVN|FANG|SU,FANG,0.0
CVX,4,EOG|DVN|FANG|SU,SU,0.26859518259048476
CVX,4,EOG|DVN|FANG|CVE,EOG,0.7981706165667867
CVX,4,EOG|DVN|FANG|CVE,DVN,7.714776083592167e-18
CVX,4,EOG|DVN|FANG|CVE,FANG,0.0
CVX,4,EOG|DVN|FANG|CVE,CVE,0.20182938343321352
CVX,4,EOG|DVN|FANG|KMI,EOG,0.7327363972202039
CVX,4,EOG|DVN|FANG|KMI,DVN,3.5561831257524545e-17
CVX,4,EOG|DVN|FANG|KMI,FANG,5.366800753803247e-18
CVX,4,EOG|DVN|FANG|KMI,KMI,0.26726360277979616
CVX,4,EOG|DVN|FANG|PSX,EOG,0.6848829572146108
CVX,4,EOG|DVN|FANG|PSX,DVN,0.0
CVX,4,EOG|DVN|FANG|PSX,FANG,4.2500725161431774e-17
CVX,4,EOG|DVN|FANG|PSX,PSX,0.31511704278538927
CVX,4,EOG|DVN|FANG|WMB,EOG,0.7457533324245716
CVX,4,EOG|DVN|FANG|WMB,DVN,1.474514954580286e-17
CVX,4,EOG|DVN|FANG|WMB,FANG,0.0
CVX,4,EOG|DVN|FANG|WMB,WMB,0.2542466675754284
CVX,4,EOG|DVN|FANG|TRGP,EOG,0.7694765047621345
CVX,4,EOG|DVN|FANG|TRGP,DVN,3.0357660829594124e-18
CVX,4,EOG|DVN|FANG|TRGP,FANG,0.0
CVX,4,EOG|DVN|FANG|TRGP,TRGP,0.23052349523786572
CVX,4,EOG|DVN|FANG|OKE,EOG,0.7828800260596994
CVX,4,EOG|DVN|FANG|OKE,DVN,0.0
CVX,4,EOG|DVN|FANG|OKE,FANG,2.2666601668525077e-18
CVX,4,EOG|DVN|FANG|OKE,OKE,0.2171199739403007
CVX,4,EOG|DVN|FANG|MPC,EOG,0.7261270924581787
CVX,4,EOG|DVN|FANG|MPC,DVN,0.0
CVX,4,EOG|DVN|FANG|MPC,FANG,0.0
CVX,4,EOG|DVN|FANG|MPC,MPC,0.2738729075418215
CVX,4,EOG|DVN|FANG|SLB,EOG,0.825223779704304
CVX,4,EOG|DVN|FANG|SLB,DVN,0.0
CVX,4,EOG|DVN|FANG|SLB,FANG,2.7701365507004638e-17
CVX,4,EOG|DVN|FANG|SLB,SLB,0.174776220295696
CVX,4,EOG|DVN|SU|CVE,EOG,0.7314048169299421
CVX,4,EOG|DVN|SU|CVE,DVN,0.0
CVX,4,EOG|DVN|SU|CVE,SU,0.268595183070058
CVX,4,EOG|DVN|SU|CVE,CVE,0.0
CVX,4,EOG|DVN|SU|KMI,EOG,0.5072693810114784
CVX,4,EOG|DVN|SU|KMI,DVN,3.7602968902170596e-18
CVX,4,EOG|DVN|SU|KMI,SU,0.24523839661123664
CVX,4,EOG|DVN|SU|KMI,KMI,0.24749222237728488
CVX,4,EOG|DVN|SU|PSX,EOG,0.5538827342186745
CVX,4,EOG|DVN|SU|PSX,DVN,3.941583116753161e-17
CVX,4,EOG|DVN|SU|PSX,SU,0.17197319048190565
CVX,4,EOG|DVN|SU|PSX,PSX,0.27414407529941986
CVX,4,EOG|DVN|SU|WMB,EOG,0.5420425368676537
CVX,4,EOG|DVN|SU|WMB,DVN,0.0
CVX,4,EOG|DVN|SU|WMB,SU,0.23475767668671257
CVX,4,EOG|DVN|SU|WMB,WMB,0.2231997864456338
CVX,4,EOG|DVN|SU|TRGP,EOG,0.6168292840015448
CVX,4,EOG|DVN|SU|TRGP,DVN,4.885008413405001e-17
CVX,4,EOG|DVN|SU|TRGP,SU,0.21588118190882183
CVX,4,EOG|DVN|SU|TRGP,TRGP,0.16728953408963326
CVX,4,EOG|DVN|SU|OKE,EOG,0.5568448837299036
CVX,4,EOG|DVN|SU|OKE,DVN,2.363938592122214e-17
CVX,4,EOG|DVN|SU|OKE,SU,0.24874475008199312
CVX,4,EOG|DVN|SU|OKE,OKE,0.19441036618810328
CVX,4,EOG|DVN|SU|MPC,EOG,0.6105288262208974
CVX,4,EOG|DVN|SU|MPC,DVN,0.0
CVX,4,EOG|DVN|SU|MPC,SU,0.15934762738809385
CVX,4,EOG|DVN|SU|MPC,MPC,0.23012354639100874
CVX,4,EOG|DVN|SU|SLB,EOG,0.6129724624381038
CVX,4,EOG|DVN|SU|SLB,DVN,0.0
CVX,4,EOG|DVN|SU|SLB,SU,0.2441591583131333
CVX,4,EOG|DVN|SU|SLB,SLB,0.14286837924876294
CVX,4,EOG|DVN|CVE|KMI,EOG,0.5095739583982605
CVX,4,EOG|DVN|CVE|KMI,DVN,0.0
CVX,4,EOG|DVN|CVE|KMI,CVE,0.21545835744880446
CVX,4,EOG|DVN|CVE|KMI,KMI,0.2749676841529351
CVX,4,EOG|DVN|CVE|PSX,EOG,0.5596168816242529
CVX,4,EOG|DVN|CVE|PSX,DVN,0.0
CVX,4,EOG|DVN|CVE|PSX,CVE,0.14156341736636094
CVX,4,EOG|DVN|CVE|PSX,PSX,0.2988197010093862
CVX,4,EOG|DVN|CVE|WMB,EOG,0.5721065089203974
CVX,4,EOG|DVN|CVE|WMB,DVN,0.0
CVX,4,EOG|DVN|CVE|WMB,CVE,0.18369540145796012
CVX,4,EOG|DVN|CVE|WMB,WMB,0.2441980896216426
CVX,4,EOG|DVN|CVE|TRGP,EOG,0.6773772884603307
CVX,4,EOG|DVN|CVE|TRGP,DVN,0.0
CVX,4,EOG|DVN|CVE|TRGP,CVE,0.13014569964591843
CVX,4,EOG|DVN|CVE|TRGP,TRGP,0.19247701189375085
CVX,4,EOG|DVN|CVE|OKE,EOG,0.5912323006534083
CVX,4,EOG|DVN|CVE|OKE,DVN,8.098566711993091e-17
CVX,4,EOG|DVN|CVE|OKE,CVE,0.19582004346575402
CVX,4,EOG|DVN|CVE|OKE,OKE,0.21294765588083764
CVX,4,EOG|DVN|CVE|MPC,EOG,0.6491767026249079
CVX,4,EOG|DVN|CVE|MPC,DVN,0.0
CVX,4,EOG|DVN|CVE|MPC,CVE,0.0964648861863401
CVX,4,EOG|DVN|CVE|MPC,MPC,0.25435841118875213
CVX,4,EOG|DVN|CVE|SLB,EOG,0.6759950420101789
CVX,4,EOG|DVN|CVE|SLB,DVN,0.0
CVX,4,EOG|DVN|CVE|SLB,CVE,0.17131754223519238
CVX,4,EOG|DVN|CVE|SLB,SLB,0.15268741575462874
CVX,4,EOG|DVN|KMI|PSX,EOG,0.5755056172063933
CVX,4,EOG|DVN|KMI|PSX,DVN,0.0
CVX,4,EOG|DVN|KMI|PSX,KMI,0.1607475223552653
CVX,4,EOG|DVN|KMI|PSX,PSX,0.26374686043834145
CVX,4,EOG|DVN|KMI|WMB,EOG,0.732735525389453
CVX,4,EOG|DVN|KMI|WMB,DVN,0.0
CVX,4,EOG|DVN|KMI|WMB,KMI,0.2672644746105471
CVX,4,EOG|DVN|KMI|WMB,WMB,7.344063035836871e-18
CVX,4,EOG|DVN|KMI|TRGP,EOG,0.720642091194514
CVX,4,EOG|DVN|KMI|TRGP,DVN,4.898222127382168e-17
CVX,4,EOG|DVN|KMI|TRGP,KMI,0.23490050454310424
CVX,4,EOG|DVN|KMI|TRGP,TRGP,0.04445740426238171
CVX,4,EOG|DVN|KMI|OKE,EOG,0.7327363959873779
CVX,4,EOG|DVN|KMI|OKE,DVN,1.2743947408913433e-17
CVX,4,EOG|DVN|KMI|OKE,KMI,0.2672636040126221
CVX,4,EOG|DVN|KMI|OKE,OKE,0.0
CVX,4,EOG|DVN|KMI|MPC,EOG,0.6013860165147662
CVX,4,EOG|DVN|KMI|MPC,DVN,7.879312233596315e-18
CVX,4,EOG|DVN|KMI|MPC,KMI,0.17365999422152356
CVX,4,EOG|DVN|KMI|MPC,MPC,0.22495398926371035
CVX,4,EOG|DVN|KMI|SLB,EOG,0.556146636827639
CVX,4,EOG|DVN|KMI|SLB,DVN,0.0
CVX,4,EOG|DVN|KMI|SLB,KMI,0.26803094590936993
CVX,4,EOG|DVN|KMI|SLB,SLB,0.17582241726299105
CVX,4,EOG|DVN|PSX|WMB,EOG,0.5618143043587815
CVX,4,EOG|DVN|PSX|WMB,DVN,0.0
CVX,4,EOG|DVN|PSX|WMB,PSX,0.273338049359858
CVX,4,EOG|DVN|PSX|WMB,WMB,0.16484764628136056
CVX,4,EOG|DVN|PSX|TRGP,EOG,0.5690733013387247
CVX,4,EOG|DVN|PSX|TRGP,DVN,2.0897149841710844e-17
CVX,4,EOG|DVN|PSX|TRGP,PSX,0.28368313768609515
CVX,4,EOG|DVN|PSX|TRGP,TRGP,0.1472435609751801
CVX,4,EOG|DVN|PSX|OKE,EOG,0.6054548647413878
CVX,4,EOG|DVN|PSX|OKE,DVN,0.0
CVX,4,EOG|DVN|PSX|OKE,PSX,0.28372793360971454
CVX,4,EOG|DVN|PSX|OKE,OKE,0.11081720164889769
CVX,4,EOG|DVN|PSX|MPC,EOG,0.6848829562147707
CVX,4,EOG|DVN|PSX|MPC,DVN,3.279632952342139e-18
CVX,4,EOG|DVN|PSX|MPC,PSX,0.31511704378522937
CVX,4,EOG|DVN|PSX|MPC,MPC,0.0
CVX,4,EOG|DVN|PSX|SLB,EOG,0.6145671222267963
CVX,4,EOG|DVN|PSX|SLB,DVN,0.0
CVX,4,EOG|DVN|PSX|SLB,PSX,0.29209369481372494
CVX,4,EOG|DVN|PSX|SLB,SLB,0.09333918295947888
CVX,4,EOG|DVN|WMB|TRGP,EOG,0.7325022496994015
CVX,4,EOG|DVN|WMB|TRGP,DVN,0.0
CVX,4,EOG|DVN|WMB|TRGP,WMB,0.20922169049718517
CVX,4,EOG|DVN|WMB|TRGP,TRGP,0.058276059803413466
CVX,4,EOG|DVN|WMB|OKE,EOG,0.745753332524269
CVX,4,EOG|DVN|WMB|OKE,DVN,0.0
CVX,4,EOG|DVN|WMB|OKE,WMB,0.254246667475731
CVX,4,EOG|DVN|WMB|OKE,OKE,1.2448752121338397e-17
CVX,4,EOG|DVN|WMB|MPC,EOG,0.5962697309825505
CVX,4,EOG|DVN|WMB|MPC,DVN,0.0
CVX,4,EOG|DVN|WMB|MPC,WMB,0.17044829542820114
CVX,4,EOG|DVN|WMB|MPC,MPC,0.23328197358924824
CVX,4,EOG|DVN|WMB|SLB,EOG,0.6032456320741724
CVX,4,EOG|DVN|WMB|SLB,DVN,0.0
CVX,4,EOG|DVN|WMB|SLB,WMB,0.24050460632939907
CVX,4,EOG|DVN|WMB|SLB,SLB,0.15624976159642867
CVX,4,EOG|DVN|TRGP|OKE,EOG,0.7524541569423221
CVX,4,EOG|DVN|TRGP|OKE,DVN,0.0
CVX,4,EOG|DVN|TRGP|OKE,TRGP,0.14898032129996067
CVX,4,EOG|DVN|TRGP|OKE,OKE,0.09856552175771728
CVX,4,EOG|DVN|TRGP|MPC,EOG,0.6603278210160329
CVX,4,EOG|DVN|TRGP|MPC,DVN,0.0
CVX,4,EOG|DVN|TRGP|MPC,TRGP,0.09959059443564801
CVX,4,EOG|DVN|TRGP|MPC,MPC,0.24008158454831924
CVX,4,EOG|DVN|TRGP|SLB,EOG,0.57159594110733
CVX,4,EOG|DVN|TRGP|SLB,DVN,2.03052855698169e-17
CVX,4,EOG|DVN|TRGP|SLB,TRGP,0.24171602153194519
CVX,4,EOG|DVN|TRGP|SLB,SLB,0.18668803736072487
CVX,4,EOG|DVN|OKE|MPC,EOG,0.6459573940521268
CVX,4,EOG|DVN|OKE|MPC,DVN,0.0
CVX,4,EOG|DVN|OKE|MPC,OKE,0.11158467494653498
CVX,4,EOG|DVN|OKE|MPC,MPC,0.24245793100133828
CVX,4,EOG|DVN|OKE|SLB,EOG,0.6129086892104917
CVX,4,EOG|DVN|OKE|SLB,DVN,5.073727354053259e-18
CVX,4,EOG|DVN|OKE|SLB,OKE,0.21479312220390892
CVX,4,EOG|DVN|OKE|SLB,SLB,0.17229818858559942
CVX,4,EOG|DVN|MPC|SLB,EOG,0.6230818850884483
CVX,4,EOG|DVN|MPC|SLB,DVN,0.0
CVX,4,EOG|DVN|MPC|SLB,MPC,0.25477383343228527
CVX,4,EOG|DVN|MPC|SLB,SLB,0.12214428147926631
CVX,4,EOG|FANG|SU|CVE,EOG,0.7314048047336925
CVX,4,EOG|FANG|SU|CVE,FANG,0.0
CVX,4,EOG|FANG|SU|CVE,SU,0.2685951952663075
CVX,4,EOG|FANG|SU|CVE,CVE,4.155415847993626e-17
CVX,4,EOG|FANG|SU|KMI,EOG,0.5072694328011141
CVX,4,EOG|FANG|SU|KMI,FANG,0.0
CVX,4,EOG|FANG|SU|KMI,SU,0.24523834157298535
CVX,4,EOG|FANG|SU|KMI,KMI,0.24749222562590056
CVX,4,EOG|FANG|SU|PSX,EOG,0.5538826533143921
CVX,4,EOG|FANG|SU|PSX,FANG,0.0
CVX,4,EOG|FANG|SU|PSX,SU,0.17197286685808252
CVX,4,EOG|FANG|SU|PSX,PSX,0.2741444798275254
CVX,4,EOG|FANG|SU|WMB,EOG,0.5420434802609164
CVX,4,EOG|FANG|SU|WMB,FANG,0.0
CVX,4,EOG|FANG|SU|WMB,SU,0.23475705663727411
CVX,4,EOG|FANG|SU|WMB,WMB,0.22319946310180958
CVX,4,EOG|FANG|SU|TRGP,EOG,0.6168292886403026
CVX,4,EOG|FANG|SU|TRGP,FANG,0.0
CVX,4,EOG|FANG|SU|TRGP,SU,0.2158809402806446
CVX,4,EOG|FANG|SU|TRGP,TRGP,0.1672897710790529
CVX,4,EOG|FANG|SU|OKE,EOG,0.5568452698268381
CVX,4,EOG|FANG|SU|OKE,FANG,5.2150124496552763e-17
CVX,4,EOG|FANG|SU|OKE,SU,0.24874442941886019
CVX,4,EOG|FANG|SU|OKE,OKE,0.1944103007543016
CVX,4,EOG|FANG|SU|MPC,EOG,0.6105291792496117
CVX,4,EOG|FANG|SU|MPC,FANG,9.117547347540014e-17
CVX,4,EOG|FANG|SU|MPC,SU,0.15934682554693372
CVX,4,EOG|FANG|SU|MPC,MPC,0.23012399520345453
CVX,4,EOG|FANG|SU|SLB,EOG,0.6129723212596805
CVX,4,EOG|FANG|SU|SLB,FANG,8.587558832442999e-17
CVX,4,EOG|FANG|SU|SLB,SU,0.24415924218755106
CVX,4,EOG|FANG|SU|SLB,SLB,0.14286843655276837
CVX,4,EOG|FANG|CVE|KMI,EOG,0.5095749047660169
CVX,4,EOG|FANG|CVE|KMI,FANG,0.0
CVX,4,EOG|FANG|CVE|KMI,CVE,0.21545729348524406
CVX,4,EOG|FANG|CVE|KMI,KMI,0.2749678017487391
CVX,4,EOG|FANG|CVE|PSX,EOG,0.5596169397809295
CVX,4,EOG|FANG|CVE|PSX,FANG,0.0
CVX,4,EOG|FANG|CVE|PSX,CVE,0.14156331446688852
CVX,4,EOG|FANG|CVE|PSX,PSX,0.298819745752182
CVX,4,EOG|FANG|CVE|WMB,EOG,0.5721070379661618
CVX,4,EOG|FANG|CVE|WMB,FANG,6.697235404055576e-17
CVX,4,EOG|FANG|CVE|WMB,CVE,0.18369504641588097
CVX,4,EOG|FANG|CVE|WMB,WMB,0.24419791561795715
CVX,4,EOG|FANG|CVE|TRGP,EOG,0.6773771989942686
CVX,4,EOG|FANG|CVE|TRGP,FANG,5.0550926292136644e-17
CVX,4,EOG|FANG|CVE|TRGP,CVE,0.130145877833694
CVX,4,EOG|FANG|CVE|TRGP,TRGP,0.19247692317203724
CVX,4,EOG|FANG|CVE|OKE,EOG,0.5912323093945041
CVX,4,EOG|FANG|CVE|OKE,FANG,5.3435073477537537e-17
CVX,4,EOG|FANG|CVE|OKE,CVE,0.19582004246856557
CVX,4,EOG|FANG|CVE|OKE,OKE,0.21294764813693023
CVX,4,EOG|FANG|CVE|MPC,EOG,0.6491763579314642
CVX,4,EOG|FANG|CVE|MPC,FANG,9.76578166207373e-17
CVX,4,EOG|FANG|CVE|MPC,CVE,0.09646558006169904
CVX,4,EOG|FANG|CVE|MPC,MPC,0.25435806200683675
CVX,4,EOG|FANG|CVE|SLB,EOG,0.6759957980150253
CVX,4,EOG|FANG|CVE|SLB,FANG,0.0
CVX,4,EOG|FANG|CVE|SLB,CVE,0.17131663993556576
CVX,4,EOG|FANG|CVE|SLB,SLB,0.15268756204940917
CVX,4,EOG|FANG|KMI|PSX,EOG,0.5755057065194802
CVX,4,EOG|FANG|KMI|PSX,FANG,0.0
CVX,4,EOG|FANG|KMI|PSX,KMI,0.1607470975682539
CVX,4,EOG|FANG|KMI|PSX,PSX,0.2637471959122662
CVX,4,EOG|FANG|KMI|WMB,EOG,0.7327363963968323
CVX,4,EOG|FANG|KMI|WMB,FANG,0.0
CVX,4,EOG|FANG|KMI|WMB,KMI,0.2672636036031677
CVX,4,EOG|FANG|KMI|WMB,WMB,0.0
CVX,4,EOG|FANG|KMI|TRGP,EOG,0.7206422758179999
CVX,4,EOG|FANG|KMI|TRGP,FANG,0.0
CVX,4,EOG|FANG|KMI|TRGP,KMI,0.23490170825518047
CVX,4,EOG|FANG|KMI|TRGP,TRGP,0.04445601592681979
CVX,4,EOG|FANG|KMI|OKE,EOG,0.732736396508022
CVX,4,EOG|FANG|KMI|OKE,FANG,2.228787798325979e-17
CVX,4,EOG|FANG|KMI|OKE,KMI,0.26726360349197803
CVX,4,EOG|FANG|KMI|OKE,OKE,0.0
CVX,4,EOG|FANG|KMI|MPC,EOG,0.601386095596125
CVX,4,EOG|FANG|KMI|MPC,FANG,0.0
CVX,4,EOG|FANG|KMI|MPC,KMI,0.17365984463563167
CVX,4,EOG|FANG|KMI|MPC,MPC,0.22495405976824343
CVX,4,EOG|FANG|KMI|SLB,EOG,0.5561466322638039
CVX,4,EOG|FANG|KMI|SLB,FANG,2.7157093898834547e-17
CVX,4,EOG|FANG|KMI|SLB,KMI,0.26803093159853086
CVX,4,EOG|FANG|KMI|SLB,SLB,0.17582243613766504
CVX,4,EOG|FANG|PSX|WMB,EOG,0.5618155740331215
CVX,4,EOG|FANG|PSX|WMB,FANG,0.0
CVX,4,EOG|FANG|PSX|WMB,PSX,0.2733375214677875
CVX,4,EOG|FANG|PSX|WMB,WMB,0.164846904499091
CVX,4,EOG|FANG|PSX|TRGP,EOG,0.5690736138545918
CVX,4,EOG|FANG|PSX|TRGP,FANG,8.600190211268928e-18
CVX,4,EOG|FANG|PSX|TRGP,PSX,0.2836831106601609
CVX,4,EOG|FANG|PSX|TRGP,TRGP,0.14724327548524732
CVX,4,EOG|FANG|PSX|OKE,EOG,0.6054549392280818
CVX,4,EOG|FANG|PSX|OKE,FANG,3.569936823233496e-17
CVX,4,EOG|FANG|PSX|OKE,PSX,0.2837279773995659
CVX,4,EOG|FANG|PSX|OKE,OKE,0.11081708337235224
CVX,4,EOG|FANG|PSX|MPC,EOG,0.6848829578368085
CVX,4,EOG|FANG|PSX|MPC,FANG,0.0
CVX,4,EOG|FANG|PSX|MPC,PSX,0.31511704216319164
CVX,4,EOG|FANG|PSX|MPC,MPC,0.0
CVX,4,EOG|FANG|PSX|SLB,EOG,0.6145670652892337
CVX,4,EOG|FANG|PSX|SLB,FANG,0.0
CVX,4,EOG|FANG|PSX|SLB,PSX,0.29209382933609523
CVX,4,EOG|FANG|PSX|SLB,SLB,0.09333910537467113
CVX,4,EOG|FANG|WMB|TRGP,EOG,0.7325022813656783
CVX,4,EOG|FANG|WMB|TRGP,FANG,8.328451453877908e-18
CVX,4,EOG|FANG|WMB|TRGP,WMB,0.20922265696915193
CVX,4,EOG|FANG|WMB|TRGP,TRGP,0.058275061665169874
CVX,4,EOG|FANG|WMB|OKE,EOG,0.745753331632075
CVX,4,EOG|FANG|WMB|OKE,FANG,0.0
CVX,4,EOG|FANG|WMB|OKE,WMB,0.25424666836792514
CVX,4,EOG|FANG|WMB|OKE,OKE,0.0
CVX,4,EOG|FANG|WMB|MPC,EOG,0.5962698682917531
CVX,4,EOG|FANG|WMB|MPC,FANG,1.2433003709682797e-16
CVX,4,EOG|FANG|WMB|MPC,WMB,0.17044781918906318
CVX,4,EOG|FANG|WMB|MPC,MPC,0.23328231251918347
CVX,4,EOG|FANG|WMB|SLB,EOG,0.6032450848686248
CVX,4,EOG|FANG|WMB|SLB,FANG,0.0
CVX,4,EOG|FANG|WMB|SLB,WMB,0.2405043539365176
CVX,4,EOG|FANG|WMB|SLB,SLB,0.15625056119485767
CVX,4,EOG|FANG|TRGP|OKE,EOG,0.7524540239667122
CVX,4,EOG|FANG|TRGP|OKE,FANG,6.824459752733172e-17
CVX,4,EOG|FANG|TRGP|OKE,TRGP,0.14898012864415167
CVX,4,EOG|FANG|TRGP|OKE,OKE,0.09856584738913597
CVX,4,EOG|FANG|TRGP|MPC,EOG,0.6603276375220684
CVX,4,EOG|FANG|TRGP|MPC,FANG,1.916577214587569e-16
CVX,4,EOG|FANG|TRGP|MPC,TRGP,0.09959084771970475
CVX,4,EOG|FANG|TRGP|MPC,MPC,0.24008151475822662
CVX,4,EOG|FANG|TRGP|SLB,EOG,0.5715952665871724
CVX,4,EOG|FANG|TRGP|SLB,FANG,1.3671429406039628e-17
CVX,4,EOG|FANG|TRGP|SLB,TRGP,0.24171647652780978
CVX,4,EOG|FANG|TRGP|SLB,SLB,0.18668825688501775
CVX,4,EOG|FANG|OKE|MPC,EOG,0.6459574402649731
CVX,4,EOG|FANG|OKE|MPC,FANG,0.0
CVX,4,EOG|FANG|OKE|MPC,OKE,0.11158461247065846
CVX,4,EOG|FANG|OKE|MPC,MPC,0.24245794726436867
CVX,4,EOG|FANG|OKE|SLB,EOG,0.6129085271571642
CVX,4,EOG|FANG|OKE|SLB,FANG,0.0
CVX,4,EOG|FANG|OKE|SLB,OKE,0.21479354687016247
CVX,4,EOG|FANG|OKE|SLB,SLB,0.1722979259726735
CVX,4,EOG|FANG|MPC|SLB,EOG,0.6230819061767477
CVX,4,EOG|FANG|MPC|SLB,FANG,8.572333415216103e-17
CVX,4,EOG|FANG|MPC|SLB,MPC,0.25477381296673246
CVX,4,EOG|FANG|MPC|SLB,SLB,0.1221442808565198
CVX,4,EOG|SU|CVE|KMI,EOG,0.5072693152234116
CVX,4,EOG|SU|CVE|KMI,SU,0.24523837414098065
CVX,4,EOG|SU|CVE|KMI,CVE,4.914569863264176e-17
CVX,4,EOG|SU|CVE|KMI,KMI,0.24749231063560787
CVX,4,EOG|SU|CVE|PSX,EOG,0.5538822806630873
CVX,4,EOG|SU|CVE|PSX,SU,0.17197293023773538
CVX,4,EOG|SU|CVE|PSX,CVE,0.0
CVX,4,EOG|SU|CVE|PSX,PSX,0.27414478909917744
CVX,4,EOG|SU|CVE|WMB,EOG,0.5420424045065911
CVX,4,EOG|SU|CVE|WMB,SU,0.2347577099438008
CVX,4,EOG|SU|CVE|WMB,CVE,1.4466263947919382e-18
CVX,4,EOG|SU|CVE|WMB,WMB,0.2231998855496081
CVX,4,EOG|SU|CVE|TRGP,EOG,0.6168293378467806
CVX,4,EOG|SU|CVE|TRGP,SU,0.21588153680390573
CVX,4,EOG|SU|CVE|TRGP,CVE,0.0
CVX,4,EOG|SU|CVE|TRGP,TRGP,0.16728912534931356
CVX,4,EOG|SU|CVE|OKE,EOG,0.5568448140909495
CVX,4,EOG|SU|CVE|OKE,SU,0.24874475431159393
CVX,4,EOG|SU|CVE|OKE,CVE,1.8148104411397012e-17
CVX,4,EOG|SU|CVE|OKE,OKE,0.19441043159745652
CVX,4,EOG|SU|CVE|MPC,EOG,0.6105281541394972
CVX,4,EOG|SU|CVE|MPC,SU,0.1593480894833268
CVX,4,EOG|SU|CVE|MPC,CVE,0.0
CVX,4,EOG|SU|CVE|MPC,MPC,0.23012375637717608
CVX,4,EOG|SU|CVE|SLB,EOG,0.6129716826205998
CVX,4,EOG|SU|CVE|SLB,SU,0.24415972025883875
CVX,4,EOG|SU|CVE|SLB,CVE,1.0030564161385425e-17
CVX,4,EOG|SU|CVE|SLB,SLB,0.14286859712056157
CVX,4,EOG|SU|KMI|PSX,EOG,0.43988125015747837
CVX,4,EOG|SU|KMI|PSX,SU,0.17523956875401908
CVX,4,EOG|SU|KMI|PSX,KMI,0.16388535371852722
CVX,4,EOG|SU|KMI|PSX,PSX,0.2209938273699754
CVX,4,EOG|SU|KMI|WMB,EOG,0.5072693336696331
CVX,4,EOG|SU|KMI|WMB,SU,0.2452385914707196
CVX,4,EOG|SU|KMI|WMB,KMI,0.2474920748596473
CVX,4,EOG|SU|KMI|WMB,WMB,0.0
CVX,4,EOG|SU|KMI|TRGP,EOG,0.5072694654244381
CVX,4,EOG|SU|KMI|TRGP,SU,0.2452379549522341
CVX,4,EOG|SU|KMI|TRGP,KMI,0.2474925796233278
CVX,4,EOG|SU|KMI|TRGP,TRGP,0.0
CVX,4,EOG|SU|KMI|OKE,EOG,0.5072693438253679
CVX,4,EOG|SU|KMI|OKE,SU,0.24523844410693546
CVX,4,EOG|SU|KMI|OKE,KMI,0.24749221206769675
CVX,4,EOG|SU|KMI|OKE,OKE,4.003818862552671e-18
CVX,4,EOG|SU|KMI|MPC,EOG,0.47529460357959563
CVX,4,EOG|SU|KMI|MPC,SU,0.16749539587090964
CVX,4,EOG|SU|KMI|MPC,KMI,0.18003924232548835
CVX,4,EOG|SU|KMI|MPC,MPC,0.17717075822400644
CVX,4,EOG|SU|KMI|SLB,EOG,0.38295668952754
CVX,4,EOG|SU|KMI|SLB,SU,0.21983795249040725
CVX,4,EOG|SU|KMI|SLB,KMI,0.25018184011997024
CVX,4,EOG|SU|KMI|SLB,SLB,0.1470235178620826
CVX,4,EOG|SU|PSX|WMB,EOG,0.44599374921221374
CVX,4,EOG|SU|PSX|WMB,SU,0.16141582400268076
CVX,4,EOG|SU|PSX|WMB,PSX,0.23730468480909264
CVX,4,EOG|SU|PSX|WMB,WMB,0.15528574197601286
CVX,4,EOG|SU|PSX|TRGP,EOG,0.4873113130809074
CVX,4,EOG|SU|PSX|TRGP,SU,0.14227911727922082
CVX,4,EOG|SU|PSX|TRGP,PSX,0.2570106083064287
CVX,4,EOG|SU|PSX|TRGP,TRGP,0.11339896133344313
CVX,4,EOG|SU|PSX|OKE,EOG,0.4749415664870057
CVX,4,EOG|SU|PSX|OKE,SU,0.17169912767935888
CVX,4,EOG|SU|PSX|OKE,PSX,0.2429318915682552
CVX,4,EOG|SU|PSX|OKE,OKE,0.11042741426538004
CVX,4,EOG|SU|PSX|MPC,EOG,0.5538814842529439
CVX,4,EOG|SU|PSX|MPC,SU,0.17197429933840566
CVX,4,EOG|SU|PSX|MPC,PSX,0.2741442164086505
CVX,4,EOG|SU|PSX|MPC,MPC,1.7165122676108396e-17
CVX,4,EOG|SU|PSX|SLB,EOG,0.4978487697184332
CVX,4,EOG|SU|PSX|SLB,SU,0.1644451771690158
CVX,4,EOG|SU|PSX|SLB,PSX,0.2557142112839444
CVX,4,EOG|SU|PSX|SLB,SLB,0.08199184182860662
CVX,4,EOG|SU|WMB|TRGP,EOG,0.542042461528967
CVX,4,EOG|SU|WMB|TRGP,SU,0.23475771110316965
CVX,4,EOG|SU|WMB|TRGP,WMB,0.2231998273678633
CVX,4,EOG|SU|WMB|TRGP,TRGP,0.0
CVX,4,EOG|SU|WMB|OKE,EOG,0.5420424289072032
CVX,4,EOG|SU|WMB|OKE,SU,0.23475786385531625
CVX,4,EOG|SU|WMB|OKE,WMB,0.22319970723748053
CVX,4,EOG|SU|WMB|OKE,OKE,3.8116482626443515e-20
CVX,4,EOG|SU|WMB|MPC,EOG,0.49023174907221223
CVX,4,EOG|SU|WMB|MPC,SU,0.1520402800662653
CVX,4,EOG|SU|WMB|MPC,WMB,0.1648576416127031
CVX,4,EOG|SU|WMB|MPC,MPC,0.19287032924881928
CVX,4,EOG|SU|WMB|SLB,EOG,0.4413879520271342
CVX,4,EOG|SU|WMB|SLB,SU,0.21378614864273213
CVX,4,EOG|SU|WMB|SLB,WMB,0.21451239153426285
CVX,4,EOG|SU|WMB|SLB,SLB,0.13031350779587084
CVX,4,EOG|SU|TRGP|OKE,EOG,0.5568442138176705
CVX,4,EOG|SU|TRGP|OKE,SU,0.2487456222066019
CVX,4,EOG|SU|TRGP|OKE,TRGP,0.0
CVX,4,EOG|SU|TRGP|OKE,OKE,0.19441016397572763
CVX,4,EOG|SU|TRGP|MPC,EOG,0.5712013324163088
CVX,4,EOG|SU|TRGP|MPC,SU,0.14625981424533332
CVX,4,EOG|SU|TRGP|MPC,TRGP,0.07389470365044157
CVX,4,EOG|SU|TRGP|MPC,MPC,0.20864414968791634
CVX,4,EOG|SU|TRGP|SLB,EOG,0.470777173954348
CVX,4,EOG|SU|TRGP|SLB,SU,0.18237263607069198
CVX,4,EOG|SU|TRGP|SLB,TRGP,0.18670598863027912
CVX,4,EOG|SU|TRGP|SLB,SLB,0.16014420134468094
CVX,4,EOG|SU|OKE|MPC,EOG,0.5235054100680834
CVX,4,EOG|SU|OKE|MPC,SU,0.1635864426304027
CVX,4,EOG|SU|OKE|MPC,OKE,0.1168439317046139
CVX,4,EOG|SU|OKE|MPC,MPC,0.1960642155969
CVX,4,EOG|SU|OKE|SLB,EOG,0.4378385764259752
CVX,4,EOG|SU|OKE|SLB,SU,0.2242159520885802
CVX,4,EOG|SU|OKE|SLB,OKE,0.19471675990535278
CVX,4,EOG|SU|OKE|SLB,SLB,0.14322871158009168
CVX,4,EOG|SU|MPC|SLB,EOG,0.5259190297416264
CVX,4,EOG|SU|MPC|SLB,SU,0.14700191665541446
CVX,4,EOG|SU|MPC|SLB,MPC,0.21617092912751892
CVX,4,EOG|SU|MPC|SLB,SLB,0.11090812447544025
CVX,4,EOG|CVE|KMI|PSX,EOG,0.4216366493861193
CVX,4,EOG|CVE|KMI|PSX,CVE,0.16211427464775843
CVX,4,EOG|CVE|KMI|PSX,KMI,0.17605744501504655
CVX,4,EOG|CVE|KMI|PSX,PSX,0.24019163095107582
CVX,4,EOG|CVE|KMI|WMB,EOG,0.5095737290594915
CVX,4,EOG|CVE|KMI|WMB,CVE,0.21545867386169018
CVX,4,EOG|CVE|KMI|WMB,KMI,0.2749675970788184
CVX,4,EOG|CVE|KMI|WMB,WMB,2.1314529462373463e-18
CVX,4,EOG|CVE|KMI|TRGP,EOG,0.5095737498785062
CVX,4,EOG|CVE|KMI|TRGP,CVE,0.21545864041804955
CVX,4,EOG|CVE|KMI|TRGP,KMI,0.27496760970344414
CVX,4,EOG|CVE|KMI|TRGP,TRGP,5.961841812839699e-18
CVX,4,EOG|CVE|KMI|OKE,EOG,0.5095738178712597
CVX,4,EOG|CVE|KMI|OKE,CVE,0.21545834913210873
CVX,4,EOG|CVE|KMI|OKE,KMI,0.2749678329966316
CVX,4,EOG|CVE|KMI|OKE,OKE,2.6028475436177395e-17
CVX,4,EOG|CVE|KMI|MPC,EOG,0.48391171088041157
CVX,4,EOG|CVE|KMI|MPC,CVE,0.1312128492772381
CVX,4,EOG|CVE|KMI|MPC,KMI,0.19148672223532767
CVX,4,EOG|CVE|KMI|MPC,MPC,0.1933887176070225
CVX,4,EOG|CVE|KMI|SLB,EOG,0.38840338067927915
CVX,4,EOG|CVE|KMI|SLB,CVE,0.18506512832999164
CVX,4,EOG|CVE|KMI|SLB,KMI,0.27454454447604404
CVX,4,EOG|CVE|KMI|SLB,SLB,0.15198694651468517
CVX,4,EOG|CVE|PSX|WMB,EOG,0.44186118967634547
CVX,4,EOG|CVE|PSX|WMB,CVE,0.13771815100381257
CVX,4,EOG|CVE|PSX|WMB,PSX,0.2581325894253243
CVX,4,EOG|CVE|PSX|WMB,WMB,0.16228806989451774
CVX,4,EOG|CVE|PSX|TRGP,EOG,0.5013863288386827
CVX,4,EOG|CVE|PSX|TRGP,CVE,0.10133808841732693
CVX,4,EOG|CVE|PSX|TRGP,PSX,0.27798414108358915
CVX,4,EOG|CVE|PSX|TRGP,TRGP,0.1192914416604012
CVX,4,EOG|CVE|PSX|OKE,EOG,0.4746572887342629
CVX,4,EOG|CVE|PSX|OKE,CVE,0.14494767343897796
CVX,4,EOG|CVE|PSX|OKE,PSX,0.26603875543049776
CVX,4,EOG|CVE|PSX|OKE,OKE,0.11435628239626146
CVX,4,EOG|CVE|PSX|MPC,EOG,0.5596156657883289
CVX,4,EOG|CVE|PSX|MPC,CVE,0.14156422100187602
CVX,4,EOG|CVE|PSX|MPC,PSX,0.29882011320979496
CVX,4,EOG|CVE|PSX|MPC,MPC,1.341064913740371e-18
CVX,4,EOG|CVE|PSX|SLB,EOG,0.5102913552906773
CVX,4,EOG|CVE|PSX|SLB,CVE,0.12928712502213954
CVX,4,EOG|CVE|PSX|SLB,PSX,0.2805264093627799
CVX,4,EOG|CVE|PSX|SLB,SLB,0.07989511032440315
CVX,4,EOG|CVE|WMB|TRGP,EOG,0.572107967741478
CVX,4,EOG|CVE|WMB|TRGP,CVE,0.18369423190960907
CVX,4,EOG|CVE|WMB|TRGP,WMB,0.24419780034891306
CVX,4,EOG|CVE|WMB|TRGP,TRGP,6.1553884276970006e-18
CVX,4,EOG|CVE|WMB|OKE,EOG,0.5721062714104921
CVX,4,EOG|CVE|WMB|OKE,CVE,0.1836958689534771
CVX,4,EOG|CVE|WMB|OKE,WMB,0.24419785963603097
CVX,4,EOG|CVE|WMB|OKE,OKE,0.0
CVX,4,EOG|CVE|WMB|MPC,EOG,0.5141448708601468
CVX,4,EOG|CVE|WMB|MPC,CVE,0.1010553330612643
CVX,4,EOG|CVE|WMB|MPC,WMB,0.17243375969308522
CVX,4,EOG|CVE|WMB|MPC,MPC,0.21236603638550366
CVX,4,EOG|CVE|WMB|SLB,EOG,0.47264877257892823
CVX,4,EOG|CVE|WMB|SLB,CVE,0.15719961963544798
CVX,4,EOG|CVE|WMB|SLB,WMB,0.2336416542716849
CVX,4,EOG|CVE|WMB|SLB,SLB,0.13650995351393902
CVX,4,EOG|CVE|TRGP|OKE,EOG,0.5912320137076794
CVX,4,EOG|CVE|TRGP|OKE,CVE,0.19582021111732548
CVX,4,EOG|CVE|TRGP|OKE,TRGP,0.0
CVX,4,EOG|CVE|TRGP|OKE,OKE,0.21294777517499522
CVX,4,EOG|CVE|TRGP|MPC,EOG,0.6112228145674062
CVX,4,EOG|CVE|TRGP|MPC,CVE,0.07552910564253695
CVX,4,EOG|CVE|TRGP|MPC,TRGP,0.08272233711204643
CVX,4,EOG|CVE|TRGP|MPC,MPC,0.23052574267801032
CVX,4,EOG|CVE|TRGP|SLB,EOG,0.5234470477697194
CVX,4,EOG|CVE|TRGP|SLB,CVE,0.08671064877498472
CVX,4,EOG|CVE|TRGP|SLB,TRGP,0.21562022733482575
CVX,4,EOG|CVE|TRGP|SLB,SLB,0.1742220761204702
CVX,4,EOG|CVE|OKE|MPC,EOG,0.5538819813833384
CVX,4,EOG|CVE|OKE|MPC,CVE,0.10802445647679466
CVX,4,EOG|CVE|OKE|MPC,OKE,0.11980206384831313
CVX,4,EOG|CVE|OKE|MPC,MPC,0.2182914982915539
CVX,4,EOG|CVE|OKE|SLB,EOG,0.4717869319774196
CVX,4,EOG|CVE|OKE|SLB,CVE,0.16568959857328242
CVX,4,EOG|CVE|OKE|SLB,OKE,0.2115513099593275
CVX,4,EOG|CVE|OKE|SLB,SLB,0.15097215948997048
CVX,4,EOG|CVE|MPC|SLB,EOG,0.5656939003591757
CVX,4,EOG|CVE|MPC|SLB,CVE,0.07951412850691572
CVX,4,EOG|CVE|MPC|SLB,MPC,0.23980811071133135
CVX,4,EOG|CVE|MPC|SLB,SLB,0.11498386042257733
CVX,4,EOG|KMI|PSX|WMB,EOG,0.5618139862169091
CVX,4,EOG|KMI|PSX|WMB,KMI,7.037785000499168e-19
CVX,4,EOG|KMI|PSX|WMB,PSX,0.27333850169188406
CVX,4,EOG|KMI|PSX|WMB,WMB,0.1648475120912068
CVX,4,EOG|KMI|PSX|TRGP,EOG,0.5581276138323193
CVX,4,EOG|KMI|PSX|TRGP,KMI,0.11584283705440905
CVX,4,EOG|KMI|PSX|TRGP,PSX,0.26508725403722133
CVX,4,EOG|KMI|PSX|TRGP,TRGP,0.06094229507605026
CVX,4,EOG|KMI|PSX|OKE,EOG,0.5755056830871289
CVX,4,EOG|KMI|PSX|OKE,KMI,0.16074704276045548
CVX,4,EOG|KMI|PSX|OKE,PSX,0.2637472741524157
CVX,4,EOG|KMI|PSX|OKE,OKE,0.0
CVX,4,EOG|KMI|PSX|MPC,EOG,0.5755057090449601
CVX,4,EOG|KMI|PSX|MPC,KMI,0.1607470400670296
CVX,4,EOG|KMI|PSX|MPC,PSX,0.26374725088801027
CVX,4,EOG|KMI|PSX|MPC,MPC,1.801003804099456e-18
CVX,4,EOG|KMI|PSX|SLB,EOG,0.48310759504242345
CVX,4,EOG|KMI|PSX|SLB,KMI,0.1739650033798369
CVX,4,EOG|KMI|PSX|SLB,PSX,0.23221464182044368
CVX,4,EOG|KMI|PSX|SLB,SLB,0.11071275975729601
CVX,4,EOG|KMI|WMB|TRGP,EOG,0.7206420397101552
CVX,4,EOG|KMI|WMB|TRGP,KMI,0.2349014185197752
CVX,4,EOG|KMI|WMB|TRGP,WMB,4.177058276089857e-17
CVX,4,EOG|KMI|WMB|TRGP,TRGP,0.04445654177006944
CVX,4,EOG|KMI|WMB|OKE,EOG,0.7327363961353788
CVX,4,EOG|KMI|WMB|OKE,KMI,0.2672636038646213
CVX,4,EOG|KMI|WMB|OKE,WMB,4.102520457845763e-17
CVX,4,EOG|KMI|WMB|OKE,OKE,0.0
CVX,4,EOG|KMI|WMB|MPC,EOG,0.5971603118610417
CVX,4,EOG|KMI|WMB|MPC,KMI,0.11296444862490455
CVX,4,EOG|KMI|WMB|MPC,WMB,0.06277237607985721
CVX,4,EOG|KMI|WMB|MPC,MPC,0.22710286343419658
CVX,4,EOG|KMI|WMB|SLB,EOG,0.5561465705554655
CVX,4,EOG|KMI|WMB|SLB,KMI,0.2680308760022315
CVX,4,EOG|KMI|WMB|SLB,WMB,0.0
CVX,4,EOG|KMI|WMB|SLB,SLB,0.17582255344230308
CVX,4,EOG|KMI|TRGP|OKE,EOG,0.7206427743854088
CVX,4,EOG|KMI|TRGP|OKE,KMI,0.23490202700053592
CVX,4,EOG|KMI|TRGP|OKE,TRGP,0.04445519861405531
CVX,4,EOG|KMI|TRGP|OKE,OKE,0.0
CVX,4,EOG|KMI|TRGP|MPC,EOG,0.6013858596054459
CVX,4,EOG|KMI|TRGP|MPC,KMI,0.17366023641203573
CVX,4,EOG|KMI|TRGP|MPC,TRGP,1.4513062518255182e-17
CVX,4,EOG|KMI|TRGP|MPC,MPC,0.22495390398251838
CVX,4,EOG|KMI|TRGP|SLB,EOG,0.5343664756546126
CVX,4,EOG|KMI|TRGP|SLB,KMI,0.21829514110095055
CVX,4,EOG|KMI|TRGP|SLB,TRGP,0.06834187277357609
CVX,4,EOG|KMI|TRGP|SLB,SLB,0.1789965104708607
CVX,4,EOG|KMI|OKE|MPC,EOG,0.6013856642998098
CVX,4,EOG|KMI|OKE|MPC,KMI,0.1736603031416144
CVX,4,EOG|KMI|OKE|MPC,OKE,0.0
CVX,4,EOG|KMI|OKE|MPC,MPC,0.22495403255857588
CVX,4,EOG|KMI|OKE|SLB,EOG,0.5561458291699494
CVX,4,EOG|KMI|OKE|SLB,KMI,0.26803121464020224
CVX,4,EOG|KMI|OKE|SLB,OKE,0.0
CVX,4,EOG|KMI|OKE|SLB,SLB,0.17582295618984844
CVX,4,EOG|KMI|MPC|SLB,EOG,0.4808012685886656
CVX,4,EOG|KMI|MPC|SLB,KMI,0.1841958340501215
CVX,4,EOG|KMI|MPC|SLB,MPC,0.20103883651238022
CVX,4,EOG|KMI|MPC|SLB,SLB,0.13396406084883258
CVX,4,EOG|PSX|WMB|TRGP,EOG,0.5532217002045818
CVX,4,EOG|PSX|WMB|TRGP,PSX,0.2725662197855526
CVX,4,EOG|PSX|WMB|TRGP,WMB,0.13413907159524116
CVX,4,EOG|PSX|WMB|TRGP,TRGP,0.04007300841462441
CVX,4,EOG|PSX|WMB|OKE,EOG,0.5618141407121323
CVX,4,EOG|PSX|WMB|OKE,PSX,0.27333838416187356
CVX,4,EOG|PSX|WMB|OKE,WMB,0.1648474751259942
CVX,4,EOG|PSX|WMB|OKE,OKE,9.035229310828942e-18
CVX,4,EOG|PSX|WMB|MPC,EOG,0.5618142107634418
CVX,4,EOG|PSX|WMB|MPC,PSX,0.27333828909619545
CVX,4,EOG|PSX|WMB|MPC,WMB,0.16484750014036267
CVX,4,EOG|PSX|WMB|MPC,MPC,8.663161816941365e-18
CVX,4,EOG|PSX|WMB|SLB,EOG,0.49289026386720297
CVX,4,EOG|PSX|WMB|SLB,PSX,0.2507774221008977
CVX,4,EOG|PSX|WMB|SLB,WMB,0.16411606198573575
CVX,4,EOG|PSX|WMB|SLB,SLB,0.0922162520461635
CVX,4,EOG|PSX|TRGP|OKE,EOG,0.5690731055348107
CVX,4,EOG|PSX|TRGP|OKE,PSX,0.28368353334645857
CVX,4,EOG|PSX|TRGP|OKE,TRGP,0.1472433611187307
CVX,4,EOG|PSX|TRGP|OKE,OKE,1.8445201217646458e-18
CVX,4,EOG|PSX|TRGP|MPC,EOG,0.5690734461240496
CVX,4,EOG|PSX|TRGP|MPC,PSX,0.28368316828472223
CVX,4,EOG|PSX|TRGP|MPC,TRGP,0.14724338559122818
CVX,4,EOG|PSX|TRGP|MPC,MPC,0.0
CVX,4,EOG|PSX|TRGP|SLB,EOG,0.4719164151151196
CVX,4,EOG|PSX|TRGP|SLB,PSX,0.2525704676733928
CVX,4,EOG|PSX|TRGP|SLB,TRGP,0.16311597929301505
CVX,4,EOG|PSX|TRGP|SLB,SLB,0.11239713791847245
CVX,4,EOG|PSX|OKE|MPC,EOG,0.6054549143579172
CVX,4,EOG|PSX|OKE|MPC,PSX,0.2837279943604224
CVX,4,EOG|PSX|OKE|MPC,OKE,0.1108170912816604
CVX,4,EOG|PSX|OKE|MPC,MPC,1.7646660906622466e-17
CVX,4,EOG|PSX|OKE|SLB,EOG,0.522146825747338
CVX,4,EOG|PSX|OKE|SLB,PSX,0.25601337231077487
CVX,4,EOG|PSX|OKE|SLB,OKE,0.11982349413648087
CVX,4,EOG|PSX|OKE|SLB,SLB,0.1020163078054063
CVX,4,EOG|PSX|MPC|SLB,EOG,0.612420456956274
CVX,4,EOG|PSX|MPC|SLB,PSX,0.2432422808441232
CVX,4,EOG|PSX|MPC|SLB,MPC,0.04711029978363985
CVX,4,EOG|PSX|MPC|SLB,SLB,0.09722696241596301
CVX,4,EOG|WMB|TRGP|OKE,EOG,0.732502331638895
CVX,4,EOG|WMB|TRGP|OKE,WMB,0.20922266149059954
CVX,4,EOG|WMB|TRGP|OKE,TRGP,0.058275006870505505
CVX,4,EOG|WMB|TRGP|OKE,OKE,1.1365646928172499e-17
CVX,4,EOG|WMB|TRGP|MPC,EOG,0.5962697283477226
CVX,4,EOG|WMB|TRGP|MPC,WMB,0.1704483017957644
CVX,4,EOG|WMB|TRGP|MPC,TRGP,0.0
CVX,4,EOG|WMB|TRGP|MPC,MPC,0.233281969856513
CVX,4,EOG|WMB|TRGP|SLB,EOG,0.5640098503447336
CVX,4,EOG|WMB|TRGP|SLB,WMB,0.1467294578727119
CVX,4,EOG|WMB|TRGP|SLB,TRGP,0.11987920856324187
CVX,4,EOG|WMB|TRGP|SLB,SLB,0.16938148321931268
CVX,4,EOG|WMB|OKE|MPC,EOG,0.5962694337325911
CVX,4,EOG|WMB|OKE|MPC,WMB,0.1704485732017271
CVX,4,EOG|WMB|OKE|MPC,OKE,5.170289110040249e-18
CVX,4,EOG|WMB|OKE|MPC,MPC,0.23328199306568165
CVX,4,EOG|WMB|OKE|SLB,EOG,0.6025798939332365
CVX,4,EOG|WMB|OKE|SLB,WMB,0.23730773001284378
CVX,4,EOG|WMB|OKE|SLB,OKE,0.0036584835704666237
CVX,4,EOG|WMB|OKE|SLB,SLB,0.15645389248345318
CVX,4,EOG|WMB|MPC|SLB,EOG,0.5003691145715156
CVX,4,EOG|WMB|MPC|SLB,WMB,0.1663696856205042
CVX,4,EOG|WMB|MPC|SLB,MPC,0.21590247757738903
CVX,4,EOG|WMB|MPC|SLB,SLB,0.11735872223059136
CVX,4,EOG|TRGP|OKE|MPC,EOG,0.6435063015004793
CVX,4,EOG|TRGP|OKE|MPC,TRGP,0.018847645251602475
CVX,4,EOG|TRGP|OKE|MPC,OKE,0.09766385448461237
CVX,4,EOG|TRGP|OKE|MPC,MPC,0.23998219876330593
CVX,4,EOG|TRGP|OKE|SLB,EOG,0.5638980054694694
CVX,4,EOG|TRGP|OKE|SLB,TRGP,0.18712657117697645
CVX,4,EOG|TRGP|OKE|SLB,OKE,0.06573583161318299
CVX,4,EOG|TRGP|OKE|SLB,SLB,0.1832395917403711
CVX,4,EOG|TRGP|MPC|SLB,EOG,0.5281848279070238
CVX,4,EOG|TRGP|MPC|SLB,TRGP,0.12408577775741278
CVX,4,EOG|TRGP|MPC|SLB,MPC,0.21027776673019083
CVX,4,EOG|TRGP|MPC|SLB,SLB,0.13745162760537266
CVX,4,EOG|OKE|MPC|SLB,EOG,0.5323383279877625
CVX,4,EOG|OKE|MPC|SLB,OKE,0.11953801246199408
CVX,4,EOG|OKE|MPC|SLB,MPC,0.2202199888527707
CVX,4,EOG|OKE|MPC|SLB,SLB,0.12790367069747277
CVX,4,COP|HAL|CNQ|DVN,COP,0.449977157713201
CVX,4,COP|HAL|CNQ|DVN,HAL,0.2750877711953653
CVX,4,COP|HAL|CNQ|DVN,CNQ,0.20979323680732184
CVX,4,COP|HAL|CNQ|DVN,DVN,0.06514183428411184
CVX,4,COP|HAL|CNQ|FANG,COP,0.523238237678331
CVX,4,COP|HAL|CNQ|FANG,HAL,0.27850383836478876
CVX,4,COP|HAL|CNQ|FANG,CNQ,0.1982579239568803
CVX,4,COP|HAL|CNQ|FANG,FANG,6.946941092859897e-18
CVX,4,COP|HAL|CNQ|SU,COP,0.5233356476927427
CVX,4,COP|HAL|CNQ|SU,HAL,0.27858671654422523
CVX,4,COP|HAL|CNQ|SU,CNQ,0.19554015592857535
CVX,4,COP|HAL|CNQ|SU,SU,0.0025374798344567685
CVX,4,COP|HAL|CNQ|CVE,COP,0.5232376903188496
CVX,4,COP|HAL|CNQ|CVE,HAL,0.2785050113472083
CVX,4,COP|HAL|CNQ|CVE,CNQ,0.19825729833394223
CVX,4,COP|HAL|CNQ|CVE,CVE,1.863133670780559e-17
CVX,4,COP|HAL|CNQ|KMI,COP,0.42303161731831534
CVX,4,COP|HAL|CNQ|KMI,HAL,0.177404887806485
CVX,4,COP|HAL|CNQ|KMI,CNQ,0.14332264075303275
CVX,4,COP|HAL|CNQ|KMI,KMI,0.2562408541221669
CVX,4,COP|HAL|CNQ|PSX,COP,0.3354910370079404
CVX,4,COP|HAL|CNQ|PSX,HAL,0.2252025166651262
CVX,4,COP|HAL|CNQ|PSX,CNQ,0.18751836630146468
CVX,4,COP|HAL|CNQ|PSX,PSX,0.25178808002546865
CVX,4,COP|HAL|CNQ|WMB,COP,0.4560448704850098
CVX,4,COP|HAL|CNQ|WMB,HAL,0.18199136957915354
CVX,4,COP|HAL|CNQ|WMB,CNQ,0.13819349223513686
CVX,4,COP|HAL|CNQ|WMB,WMB,0.22377026770069985
CVX,4,COP|HAL|CNQ|TRGP,COP,0.44659326039067465
CVX,4,COP|HAL|CNQ|TRGP,HAL,0.23690421614433657
CVX,4,COP|HAL|CNQ|TRGP,CNQ,0.14032429370335345
CVX,4,COP|HAL|CNQ|TRGP,TRGP,0.1761782297616354
CVX,4,COP|HAL|CNQ|OKE,COP,0.418441764451347
CVX,4,COP|HAL|CNQ|OKE,HAL,0.21430176604225298
CVX,4,COP|HAL|CNQ|OKE,CNQ,0.17069729674586073
CVX,4,COP|HAL|CNQ|OKE,OKE,0.1965591727605393
CVX,4,COP|HAL|CNQ|MPC,COP,0.3544410351642068
CVX,4,COP|HAL|CNQ|MPC,HAL,0.26196750961987014
CVX,4,COP|HAL|CNQ|MPC,CNQ,0.177529262992226
CVX,4,COP|HAL|CNQ|MPC,MPC,0.2060621922236972
CVX,4,COP|HAL|CNQ|SLB,COP,0.5232381857305364
CVX,4,COP|HAL|CNQ|SLB,HAL,0.2785046850243686
CVX,4,COP|HAL|CNQ|SLB,CNQ,0.19825712924509503
CVX,4,COP|HAL|CNQ|SLB,SLB,4.0882786353057653e-17
CVX,4,COP|HAL|DVN|FANG,COP,0.6834381342685221
CVX,4,COP|HAL|DVN|FANG,HAL,0.316561865731478
CVX,4,COP|HAL|DVN|FANG,DVN,0.0
CVX,4,COP|HAL|DVN|FANG,FANG,1.7021973920614312e-17
CVX,4,COP|HAL|DVN|SU,COP,0.45379802638867284
CVX,4,COP|HAL|DVN|SU,HAL,0.2831899153911105
CVX,4,COP|HAL|DVN|SU,DVN,0.07900753179684289
CVX,4,COP|HAL|DVN|SU,SU,0.18400452642337384
CVX,4,COP|HAL|DVN|CVE,COP,0.6374923751313045
CVX,4,COP|HAL|DVN|CVE,HAL,0.30990923992478847
CVX,4,COP|HAL|DVN|CVE,DVN,0.002296185905374472
CVX,4,COP|HAL|DVN|CVE,CVE,0.05030219903853256
CVX,4,COP|HAL|DVN|KMI,COP,0.5306885335265318
CVX,4,COP|HAL|DVN|KMI,HAL,0.19861872422011476
CVX,4,COP|HAL|DVN|KMI,DVN,0.0
CVX,4,COP|HAL|DVN|KMI,KMI,0.2706927422533536
CVX,4,COP|HAL|DVN|PSX,COP,0.3928919031722222
CVX,4,COP|HAL|DVN|PSX,HAL,0.2570048266539233
CVX,4,COP|HAL|DVN|PSX,DVN,0.08650531407599997
CVX,4,COP|HAL|DVN|PSX,PSX,0.2635979560978544
CVX,4,COP|HAL|DVN|WMB,COP,0.5577315795577187
CVX,4,COP|HAL|DVN|WMB,HAL,0.19920127449425895
CVX,4,COP|HAL|DVN|WMB,DVN,1.4611556568153096e-17
CVX,4,COP|HAL|DVN|WMB,WMB,0.24306714594802248
CVX,4,COP|HAL|DVN|TRGP,COP,0.5416469947253969
CVX,4,COP|HAL|DVN|TRGP,HAL,0.25601115670697594
CVX,4,COP|HAL|DVN|TRGP,DVN,1.1964340379966992e-17
CVX,4,COP|HAL|DVN|TRGP,TRGP,0.2023418485676271
CVX,4,COP|HAL|DVN|OKE,COP,0.5484323173515117
CVX,4,COP|HAL|DVN|OKE,HAL,0.24272568536096328
CVX,4,COP|HAL|DVN|OKE,DVN,0.0
CVX,4,COP|HAL|DVN|OKE,OKE,0.2088419972875251
CVX,4,COP|HAL|DVN|MPC,COP,0.45972504905975253
CVX,4,COP|HAL|DVN|MPC,HAL,0.29458828376005614
CVX,4,COP|HAL|DVN|MPC,DVN,0.03067089873953793
CVX,4,COP|HAL|DVN|MPC,MPC,0.21501576844065345
CVX,4,COP|HAL|DVN|SLB,COP,0.6834381330428286
CVX,4,COP|HAL|DVN|SLB,HAL,0.3165618669571716
CVX,4,COP|HAL|DVN|SLB,DVN,0.0
CVX,4,COP|HAL|DVN|SLB,SLB,0.0
CVX,4,COP|HAL|FANG|SU,COP,0.5438431607154283
CVX,4,COP|HAL|FANG|SU,HAL,0.2872697921468714
CVX,4,COP|HAL|FANG|SU,FANG,1.7220179817679926e-17
CVX,4,COP|HAL|FANG|SU,SU,0.16888704713770028
CVX,4,COP|HAL|FANG|CVE,COP,0.6399362774155923
CVX,4,COP|HAL|FANG|CVE,HAL,0.3099802627796368
CVX,4,COP|HAL|FANG|CVE,FANG,1.2231149140907196e-17
CVX,4,COP|HAL|FANG|CVE,CVE,0.05008345980477085
CVX,4,COP|HAL|FANG|KMI,COP,0.5306876924298568
CVX,4,COP|HAL|FANG|KMI,HAL,0.19861963429767693
CVX,4,COP|HAL|FANG|KMI,FANG,7.422748240136447e-17
CVX,4,COP|HAL|FANG|KMI,KMI,0.2706926732724662
CVX,4,COP|HAL|FANG|PSX,COP,0.4839188877151118
CVX,4,COP|HAL|FANG|PSX,HAL,0.26032591184676146
CVX,4,COP|HAL|FANG|PSX,FANG,0.0
CVX,4,COP|HAL|FANG|PSX,PSX,0.2557552004381269
CVX,4,COP|HAL|FANG|WMB,COP,0.5577316055729838
CVX,4,COP|HAL|FANG|WMB,HAL,0.19920127927944425
CVX,4,COP|HAL|FANG|WMB,FANG,0.0
CVX,4,COP|HAL|FANG|WMB,WMB,0.2430671151475719
CVX,4,COP|HAL|FANG|TRGP,COP,0.5416465540242045
CVX,4,COP|HAL|FANG|TRGP,HAL,0.25601139036942644
CVX,4,COP|HAL|FANG|TRGP,FANG,0.0
CVX,4,COP|HAL|FANG|TRGP,TRGP,0.2023420556063691
CVX,4,COP|HAL|FANG|OKE,COP,0.548432221726139
CVX,4,COP|HAL|FANG|OKE,HAL,0.24272573659660035
CVX,4,COP|HAL|FANG|OKE,FANG,0.0
CVX,4,COP|HAL|FANG|OKE,OKE,0.20884204167726053
CVX,4,COP|HAL|FANG|MPC,COP,0.4909096159427981
CVX,4,COP|HAL|FANG|MPC,HAL,0.29527332472493334
CVX,4,COP|HAL|FANG|MPC,FANG,0.0
CVX,4,COP|HAL|FANG|MPC,MPC,0.21381705933226872
CVX,4,COP|HAL|FANG|SLB,COP,0.6834381365443063
CVX,4,COP|HAL|FANG|SLB,HAL,0.3165618634556938
CVX,4,COP|HAL|FANG|SLB,FANG,0.0
CVX,4,COP|HAL|FANG|SLB,SLB,6.635317295611287e-17
CVX,4,COP|HAL|SU|CVE,COP,0.5438442202177761
CVX,4,COP|HAL|SU|CVE,HAL,0.28726972961029285
CVX,4,COP|HAL|SU|CVE,SU,0.16888605017193115
CVX,4,COP|HAL|SU|CVE,CVE,3.6566412332968146e-17
CVX,4,COP|HAL|SU|KMI,COP,0.4173555991876741
CVX,4,COP|HAL|SU|KMI,HAL,0.17750248967239873
CVX,4,COP|HAL|SU|KMI,SU,0.1428440264131147
CVX,4,COP|HAL|SU|KMI,KMI,0.26229788472681254
CVX,4,COP|HAL|SU|PSX,COP,0.38542552823385645
CVX,4,COP|HAL|SU|PSX,HAL,0.24037277668914397
CVX,4,COP|HAL|SU|PSX,SU,0.1311559824582727
CVX,4,COP|HAL|SU|PSX,PSX,0.2430457126187269
CVX,4,COP|HAL|SU|WMB,COP,0.4472878089379016
CVX,4,COP|HAL|SU|WMB,HAL,0.1802270186810492
CVX,4,COP|HAL|SU|WMB,SU,0.14063720399086513
CVX,4,COP|HAL|SU|WMB,WMB,0.23184796839018412
CVX,4,COP|HAL|SU|TRGP,COP,0.45908901301133503
CVX,4,COP|HAL|SU|TRGP,HAL,0.2422596897441523
CVX,4,COP|HAL|SU|TRGP,SU,0.11977510682701958
CVX,4,COP|HAL|SU|TRGP,TRGP,0.17887619041749295
CVX,4,COP|HAL|SU|OKE,COP,0.42140790587464166
CVX,4,COP|HAL|SU|OKE,HAL,0.21726577411554293
CVX,4,COP|HAL|SU|OKE,SU,0.15796392854542085
CVX,4,COP|HAL|SU|OKE,OKE,0.20336239146439453
CVX,4,COP|HAL|SU|MPC,COP,0.41013943359934146
CVX,4,COP|HAL|SU|MPC,HAL,0.27680669195652813
CVX,4,COP|HAL|SU|MPC,SU,0.1162294485868428
CVX,4,COP|HAL|SU|MPC,MPC,0.19682442585728757
CVX,4,COP|HAL|SU|SLB,COP,0.5438433846597766
CVX,4,COP|HAL|SU|SLB,HAL,0.2872702133536848
CVX,4,COP|HAL|SU|SLB,SU,0.16888640198653865
CVX,4,COP|HAL|SU|SLB,SLB,2.1168015096375008e-17
CVX,4,COP|HAL|CVE|KMI,COP,0.46246353197446693
CVX,4,COP|HAL|CVE|KMI,HAL,0.18711640874129226
CVX,4,COP|HAL|CVE|KMI,CVE,0.07635411088739318
CVX,4,COP|HAL|CVE|KMI,KMI,0.2740659483968477
CVX,4,COP|HAL|CVE|PSX,COP,0.4116880781514132
CVX,4,COP|HAL|CVE|PSX,HAL,0.24895735424597445
CVX,4,COP|HAL|CVE|PSX,CVE,0.07927449233679239
CVX,4,COP|HAL|CVE|PSX,PSX,0.26008007526581994
CVX,4,COP|HAL|CVE|WMB,COP,0.5174247487157059
CVX,4,COP|HAL|CVE|WMB,HAL,0.19324067011970114
CVX,4,COP|HAL|CVE|WMB,CVE,0.04660764190338705
CVX,4,COP|HAL|CVE|WMB,WMB,0.24272693926120587
CVX,4,COP|HAL|CVE|TRGP,COP,0.5416473662761933
CVX,4,COP|HAL|CVE|TRGP,HAL,0.2560111171760533
CVX,4,COP|HAL|CVE|TRGP,CVE,0.0
CVX,4,COP|HAL|CVE|TRGP,TRGP,0.20234151654775348
CVX,4,COP|HAL|CVE|OKE,COP,0.49214616181516757
CVX,4,COP|HAL|CVE|OKE,HAL,0.2336988989250393
CVX,4,COP|HAL|CVE|OKE,CVE,0.06331456228269056
CVX,4,COP|HAL|CVE|OKE,OKE,0.21084037697710262
CVX,4,COP|HAL|CVE|MPC,COP,0.4707354387602515
CVX,4,COP|HAL|CVE|MPC,HAL,0.2921755188528194
CVX,4,COP|HAL|CVE|MPC,CVE,0.024526697860831476
CVX,4,COP|HAL|CVE|MPC,MPC,0.21256234452609762
CVX,4,COP|HAL|CVE|SLB,COP,0.6399362889949746
CVX,4,COP|HAL|CVE|SLB,HAL,0.30998026516068666
CVX,4,COP|HAL|CVE|SLB,CVE,0.05008344584433876
CVX,4,COP|HAL|CVE|SLB,SLB,9.22604168017145e-19
CVX,4,COP|HAL|KMI|PSX,COP,0.42360323319338944
CVX,4,COP|HAL|KMI|PSX,HAL,0.18531312291842023
CVX,4,COP|HAL|KMI|PSX,KMI,0.20969419645256043
CVX,4,COP|HAL|KMI|PSX,PSX,0.18138944743562993
CVX,4,COP|HAL|KMI|WMB,COP,0.5306874863266468
CVX,4,COP|HAL|KMI|WMB,HAL,0.1986199334674978
CVX,4,COP|HAL|KMI|WMB,KMI,0.2706925802058555
CVX,4,COP|HAL|KMI|WMB,WMB,1.5908390480179032e-17
CVX,4,COP|HAL|KMI|TRGP,COP,0.5306875727515877
CVX,4,COP|HAL|KMI|TRGP,HAL,0.19861981251600552
CVX,4,COP|HAL|KMI|TRGP,KMI,0.27069261473240674
CVX,4,COP|HAL|KMI|TRGP,TRGP,1.763268486299277e-17
CVX,4,COP|HAL|KMI|OKE,COP,0.5306875997931424
CVX,4,COP|HAL|KMI|OKE,HAL,0.19861959715837746
CVX,4,COP|HAL|KMI|OKE,KMI,0.2706928030484802
CVX,4,COP|HAL|KMI|OKE,OKE,0.0
CVX,4,COP|HAL|KMI|MPC,COP,0.42836224202377254
CVX,4,COP|HAL|KMI|MPC,HAL,0.2055955233644154
CVX,4,COP|HAL|KMI|MPC,KMI,0.22169858398901512
CVX,4,COP|HAL|KMI|MPC,MPC,0.14434365062279703
CVX,4,COP|HAL|KMI|SLB,COP,0.5306875543247566
CVX,4,COP|HAL|KMI|SLB,HAL,0.19861977723586152
CVX,4,COP|HAL|KMI|SLB,KMI,0.27069266843938194
CVX,4,COP|HAL|KMI|SLB,SLB,0.0
CVX,4,COP|HAL|PSX|WMB,COP,0.42162914326120315
CVX,4,COP|HAL|PSX|WMB,HAL,0.17880233610825857
CVX,4,COP|HAL|PSX|WMB,PSX,0.209792348648235
CVX,4,COP|HAL|PSX|WMB,WMB,0.18977617198230332
CVX,4,COP|HAL|PSX|TRGP,COP,0.39251321294721797
CVX,4,COP|HAL|PSX|TRGP,HAL,0.21834181420659624
CVX,4,COP|HAL|PSX|TRGP,PSX,0.22970535804020234
CVX,4,COP|HAL|PSX|TRGP,TRGP,0.15943961480598343
CVX,4,COP|HAL|PSX|OKE,COP,0.42096482287147236
CVX,4,COP|HAL|PSX|OKE,HAL,0.21742442595581052
CVX,4,COP|HAL|PSX|OKE,PSX,0.21478218274889174
CVX,4,COP|HAL|PSX|OKE,OKE,0.14682856842382544
CVX,4,COP|HAL|PSX|MPC,COP,0.4839178076539412
CVX,4,COP|HAL|PSX|MPC,HAL,0.2603274345051056
CVX,4,COP|HAL|PSX|MPC,PSX,0.2557547578409532
CVX,4,COP|HAL|PSX|MPC,MPC,0.0
CVX,4,COP|HAL|PSX|SLB,COP,0.48391934320234303
CVX,4,COP|HAL|PSX|SLB,HAL,0.26032620007480456
CVX,4,COP|HAL|PSX|SLB,PSX,0.2557544567228524
CVX,4,COP|HAL|PSX|SLB,SLB,3.5331438295871376e-17
CVX,4,COP|HAL|WMB|TRGP,COP,0.5577308845349417
CVX,4,COP|HAL|WMB|TRGP,HAL,0.19920231295510604
CVX,4,COP|HAL|WMB|TRGP,WMB,0.24306680250995222
CVX,4,COP|HAL|WMB|TRGP,TRGP,5.55653613398821e-18
CVX,4,COP|HAL|WMB|OKE,COP,0.5577307849301879
CVX,4,COP|HAL|WMB|OKE,HAL,0.19920249017487826
CVX,4,COP|HAL|WMB|OKE,WMB,0.24306672489493397
CVX,4,COP|HAL|WMB|OKE,OKE,0.0
CVX,4,COP|HAL|WMB|MPC,COP,0.43085559256666234
CVX,4,COP|HAL|WMB|MPC,HAL,0.20521678509365138
CVX,4,COP|HAL|WMB|MPC,WMB,0.19597640604796418
CVX,4,COP|HAL|WMB|MPC,MPC,0.16795121629172213
CVX,4,COP|HAL|WMB|SLB,COP,0.5577309671936329
CVX,4,COP|HAL|WMB|SLB,HAL,0.19920180880823463
CVX,4,COP|HAL|WMB|SLB,WMB,0.24306722399813235
CVX,4,COP|HAL|WMB|SLB,SLB,0.0
CVX,4,COP|HAL|TRGP|OKE,COP,0.5350949457451658
CVX,4,COP|HAL|TRGP|OKE,HAL,0.2411442625382752
CVX,4,COP|HAL|TRGP|OKE,TRGP,0.06800832093807396
CVX,4,COP|HAL|TRGP|OKE,OKE,0.155752470778485
CVX,4,COP|HAL|TRGP|MPC,COP,0.4366712157862739
CVX,4,COP|HAL|TRGP|MPC,HAL,0.2602581758716025
CVX,4,COP|HAL|TRGP|MPC,TRGP,0.13085183005260717
CVX,4,COP|HAL|TRGP|MPC,MPC,0.17221877828951643
CVX,4,COP|HAL|TRGP|SLB,COP,0.5416464802353356
CVX,4,COP|HAL|TRGP|SLB,HAL,0.2560113047353275
CVX,4,COP|HAL|TRGP|SLB,TRGP,0.20234221502933702
CVX,4,COP|HAL|TRGP|SLB,SLB,0.0
CVX,4,COP|HAL|OKE|MPC,COP,0.43077221729293586
CVX,4,COP|HAL|OKE|MPC,HAL,0.24566782669779644
CVX,4,COP|HAL|OKE|MPC,OKE,0.15229033046814686
CVX,4,COP|HAL|OKE|MPC,MPC,0.17126962554112082
CVX,4,COP|HAL|OKE|SLB,COP,0.548430622268403
CVX,4,COP|HAL|OKE|SLB,HAL,0.24272701156874732
CVX,4,COP|HAL|OKE|SLB,OKE,0.20884236616284968
CVX,4,COP|HAL|OKE|SLB,SLB,1.2095630486791409e-18
CVX,4,COP|HAL|MPC|SLB,COP,0.49090921003317184
CVX,4,COP|HAL|MPC|SLB,HAL,0.2952735951606589
CVX,4,COP|HAL|MPC|SLB,MPC,0.2138171948061692
CVX,4,COP|HAL|MPC|SLB,SLB,0.0
CVX,4,COP|CNQ|DVN|FANG,COP,0.6169946872408665
CVX,4,COP|CNQ|DVN|FANG,CNQ,0.2812600084625726
CVX,4,COP|CNQ|DVN|FANG,DVN,0.10174530429656115
CVX,4,COP|CNQ|DVN|FANG,FANG,0.0
CVX,4,COP|CNQ|DVN|SU,COP,0.6169927985686668
CVX,4,COP|CNQ|DVN|SU,CNQ,0.2812589060846759
CVX,4,COP|CNQ|DVN|SU,DVN,0.10174829534665733
CVX,4,COP|CNQ|DVN|SU,SU,9.428324149477923e-18
CVX,4,COP|CNQ|DVN|CVE,COP,0.6169932743637303
CVX,4,COP|CNQ|DVN|CVE,CNQ,0.2812595765425794
CVX,4,COP|CNQ|DVN|CVE,DVN,0.1017471490936904
CVX,4,COP|CNQ|DVN|CVE,CVE,0.0
CVX,4,COP|CNQ|DVN|KMI,COP,0.5318348160799073
CVX,4,COP|CNQ|DVN|KMI,CNQ,0.17376171755967135
CVX,4,COP|CNQ|DVN|KMI,DVN,4.6324231885337686e-18
CVX,4,COP|CNQ|DVN|KMI,KMI,0.2944034663604213
CVX,4,COP|CNQ|DVN|PSX,COP,0.23469911065042484
CVX,4,COP|CNQ|DVN|PSX,CNQ,0.26983676769948584
CVX,4,COP|CNQ|DVN|PSX,DVN,0.19956246196679459
CVX,4,COP|CNQ|DVN|PSX,PSX,0.29590165968329485
CVX,4,COP|CNQ|DVN|WMB,COP,0.5602020755406751
CVX,4,COP|CNQ|DVN|WMB,CNQ,0.16504719527058495
CVX,4,COP|CNQ|DVN|WMB,DVN,0.004618419087662794
CVX,4,COP|CNQ|DVN|WMB,WMB,0.27013231010107713
CVX,4,COP|CNQ|DVN|TRGP,COP,0.6024178303307132
CVX,4,COP|CNQ|DVN|TRGP,CNQ,0.18120535158194667
CVX,4,COP|CNQ|DVN|TRGP,DVN,3.0078139957000205e-18
CVX,4,COP|CNQ|DVN|TRGP,TRGP,0.2163768180873402
CVX,4,COP|CNQ|DVN|OKE,COP,0.5338840231134282
CVX,4,COP|CNQ|DVN|OKE,CNQ,0.2150157365207428
CVX,4,COP|CNQ|DVN|OKE,DVN,0.013652646818413168
CVX,4,COP|CNQ|DVN|OKE,OKE,0.23744759354741596
CVX,4,COP|CNQ|DVN|MPC,COP,0.386927015401325
CVX,4,COP|CNQ|DVN|MPC,CNQ,0.2597722000168514
CVX,4,COP|CNQ|DVN|MPC,DVN,0.1320706434513407
CVX,4,COP|CNQ|DVN|MPC,MPC,0.2212301411304829
CVX,4,COP|CNQ|DVN|SLB,COP,0.42116116991255387
CVX,4,COP|CNQ|DVN|SLB,CNQ,0.27800963349515145
CVX,4,COP|CNQ|DVN|SLB,DVN,0.1469250556994732
CVX,4,COP|CNQ|DVN|SLB,SLB,0.1539041408928214
CVX,4,COP|CNQ|FANG|SU,COP,0.7354875883657077
CVX,4,COP|CNQ|FANG|SU,CNQ,0.26451241163429234
CVX,4,COP|CNQ|FANG|SU,FANG,0.0
CVX,4,COP|CNQ|FANG|SU,SU,0.0
CVX,4,COP|CNQ|FANG|CVE,COP,0.7354875915465433
CVX,4,COP|CNQ|FANG|CVE,CNQ,0.26451240845345664
CVX,4,COP|CNQ|FANG|CVE,FANG,1.8104693941722724e-17
CVX,4,COP|CNQ|FANG|CVE,CVE,7.786604477519332e-17
CVX,4,COP|CNQ|FANG|KMI,COP,0.531833897162482
CVX,4,COP|CNQ|FANG|KMI,CNQ,0.17376298405836982
CVX,4,COP|CNQ|FANG|KMI,FANG,1.0034269930529662e-17
CVX,4,COP|CNQ|FANG|KMI,KMI,0.2944031187791483
CVX,4,COP|CNQ|FANG|PSX,COP,0.43457864971932864
CVX,4,COP|CNQ|FANG|PSX,CNQ,0.24815556651968906
CVX,4,COP|CNQ|FANG|PSX,FANG,0.03454126619033943
CVX,4,COP|CNQ|FANG|PSX,PSX,0.28272451757064293
CVX,4,COP|CNQ|FANG|WMB,COP,0.5653358888453357
CVX,4,COP|CNQ|FANG|WMB,CNQ,0.16414195445886035
CVX,4,COP|CNQ|FANG|WMB,FANG,0.0
CVX,4,COP|CNQ|FANG|WMB,WMB,0.27052215669580404
CVX,4,COP|CNQ|FANG|TRGP,COP,0.6024180184181239
CVX,4,COP|CNQ|FANG|TRGP,CNQ,0.18120499909802165
CVX,4,COP|CNQ|FANG|TRGP,FANG,0.0
CVX,4,COP|CNQ|FANG|TRGP,TRGP,0.21637698248385454
CVX,4,COP|CNQ|FANG|OKE,COP,0.5488456999287067
CVX,4,COP|CNQ|FANG|OKE,CNQ,0.21250552811062118
CVX,4,COP|CNQ|FANG|OKE,FANG,0.0
CVX,4,COP|CNQ|FANG|OKE,OKE,0.23864877196067213
CVX,4,COP|CNQ|FANG|MPC,COP,0.5441200827958396
CVX,4,COP|CNQ|FANG|MPC,CNQ,0.23849341437631358
CVX,4,COP|CNQ|FANG|MPC,FANG,0.0
CVX,4,COP|CNQ|FANG|MPC,MPC,0.21738650282784686
CVX,4,COP|CNQ|FANG|SLB,COP,0.6022976720300215
CVX,4,COP|CNQ|FANG|SLB,CNQ,0.2545749260769466
CVX,4,COP|CNQ|FANG|SLB,FANG,0.0
CVX,4,COP|CNQ|FANG|SLB,SLB,0.143127401893032
CVX,4,COP|CNQ|SU|CVE,COP,0.7354875990483843
CVX,4,COP|CNQ|SU|CVE,CNQ,0.26451240095161577
CVX,4,COP|CNQ|SU|CVE,SU,5.957697953963816e-17
CVX,4,COP|CNQ|SU|CVE,CVE,0.0
CVX,4,COP|CNQ|SU|KMI,COP,0.5308573441077638
CVX,4,COP|CNQ|SU|KMI,CNQ,8.301769916039398e-18
CVX,4,COP|CNQ|SU|KMI,SU,0.16676430890172286
CVX,4,COP|CNQ|SU|KMI,KMI,0.30237834699051325
CVX,4,COP|CNQ|SU|PSX,COP,0.4812284450569935
CVX,4,COP|CNQ|SU|PSX,CNQ,0.23843787934767652
CVX,4,COP|CNQ|SU|PSX,SU,0.0
CVX,4,COP|CNQ|SU|PSX,PSX,0.2803336755953301
CVX,4,COP|CNQ|SU|WMB,COP,0.5577257304898686
CVX,4,COP|CNQ|SU|WMB,CNQ,0.0
CVX,4,COP|CNQ|SU|WMB,SU,0.16217448851719102
CVX,4,COP|CNQ|SU|WMB,WMB,0.2800997809929405
CVX,4,COP|CNQ|SU|TRGP,COP,0.6024177663610931
CVX,4,COP|CNQ|SU|TRGP,CNQ,0.18120536361839953
CVX,4,COP|CNQ|SU|TRGP,SU,7.031220495157947e-18
CVX,4,COP|CNQ|SU|TRGP,TRGP,0.21637687002050734
CVX,4,COP|CNQ|SU|OKE,COP,0.5517885079101928
CVX,4,COP|CNQ|SU|OKE,CNQ,0.09443932419166529
CVX,4,COP|CNQ|SU|OKE,SU,0.11002588675753648
CVX,4,COP|CNQ|SU|OKE,OKE,0.24374628114060531
CVX,4,COP|CNQ|SU|MPC,COP,0.5441185730736665
CVX,4,COP|CNQ|SU|MPC,CNQ,0.23849445523068233
CVX,4,COP|CNQ|SU|MPC,SU,0.0
CVX,4,COP|CNQ|SU|MPC,MPC,0.21738697169565116
CVX,4,COP|CNQ|SU|SLB,COP,0.6022975902380022
CVX,4,COP|CNQ|SU|SLB,CNQ,0.25457494400389574
CVX,4,COP|CNQ|SU|SLB,SU,0.0
CVX,4,COP|CNQ|SU|SLB,SLB,0.1431274657581019
CVX,4,COP|CNQ|CVE|KMI,COP,0.5318334878399158
CVX,4,COP|CNQ|CVE|KMI,CNQ,0.17376331569511128
CVX,4,COP|CNQ|CVE|KMI,CVE,5.099138342470888e-19
CVX,4,COP|CNQ|CVE|KMI,KMI,0.2944031964649729
CVX,4,COP|CNQ|CVE|PSX,COP,0.4812292169143284
CVX,4,COP|CNQ|CVE|PSX,CNQ,0.23843772967722648
CVX,4,COP|CNQ|CVE|PSX,CVE,0.0
CVX,4,COP|CNQ|CVE|PSX,PSX,0.28033305340844517
CVX,4,COP|CNQ|CVE|WMB,COP,0.5653354262937704
CVX,4,COP|CNQ|CVE|WMB,CNQ,0.16414259282673127
CVX,4,COP|CNQ|CVE|WMB,CVE,0.0
CVX,4,COP|CNQ|CVE|WMB,WMB,0.27052198087949825
CVX,4,COP|CNQ|CVE|TRGP,COP,0.6024177752448334
CVX,4,COP|CNQ|CVE|TRGP,CNQ,0.18120539354676732
CVX,4,COP|CNQ|CVE|TRGP,CVE,0.0
CVX,4,COP|CNQ|CVE|TRGP,TRGP,0.2163768312083993
CVX,4,COP|CNQ|CVE|OKE,COP,0.5488444572663923
CVX,4,COP|CNQ|CVE|OKE,CNQ,0.21250767572569787
CVX,4,COP|CNQ|CVE|OKE,CVE,2.0098397772450038e-17
CVX,4,COP|CNQ|CVE|OKE,OKE,0.23864786700790988
CVX,4,COP|CNQ|CVE|MPC,COP,0.5441193582058196
CVX,4,COP|CNQ|CVE|MPC,CNQ,0.2384938395882425
CVX,4,COP|CNQ|CVE|MPC,CVE,1.4362290653643917e-17
CVX,4,COP|CNQ|CVE|MPC,MPC,0.21738680220593787
CVX,4,COP|CNQ|CVE|SLB,COP,0.6022981286466015
CVX,4,COP|CNQ|CVE|SLB,CNQ,0.2545752873033083
CVX,4,COP|CNQ|CVE|SLB,CVE,0.0
CVX,4,COP|CNQ|CVE|SLB,SLB,0.1431265840500902
CVX,4,COP|CNQ|KMI|PSX,COP,0.4050232099084988
CVX,4,COP|CNQ|KMI|PSX,CNQ,0.1769775044576823
CVX,4,COP|CNQ|KMI|PSX,KMI,0.22606261539524633
CVX,4,COP|CNQ|KMI|PSX,PSX,0.19193667023857253
CVX,4,COP|CNQ|KMI|WMB,COP,0.5318332569078528
CVX,4,COP|CNQ|KMI|WMB,CNQ,0.17376369125398908
CVX,4,COP|CNQ|KMI|WMB,KMI,0.2944030518381582
CVX,4,COP|CNQ|KMI|WMB,WMB,6.751064347853587e-18
CVX,4,COP|CNQ|KMI|TRGP,COP,0.5318350094736325
CVX,4,COP|CNQ|KMI|TRGP,CNQ,0.1737620226276499
CVX,4,COP|CNQ|KMI|TRGP,KMI,0.2944029678987176
CVX,4,COP|CNQ|KMI|TRGP,TRGP,0.0
CVX,4,COP|CNQ|KMI|OKE,COP,0.5318340185656865
CVX,4,COP|CNQ|KMI|OKE,CNQ,0.17376273808650583
CVX,4,COP|CNQ|KMI|OKE,KMI,0.2944032433478077
CVX,4,COP|CNQ|KMI|OKE,OKE,1.6249480473716804e-17
CVX,4,COP|CNQ|KMI|MPC,COP,0.4419810736695132
CVX,4,COP|CNQ|KMI|MPC,CNQ,0.17109947479446977
CVX,4,COP|CNQ|KMI|MPC,KMI,0.24980587081803102
CVX,4,COP|CNQ|KMI|MPC,MPC,0.13711358071798588
CVX,4,COP|CNQ|KMI|SLB,COP,0.4194706023498836
CVX,4,COP|CNQ|KMI|SLB,CNQ,0.16706543657332487
CVX,4,COP|CNQ|KMI|SLB,KMI,0.2878351211999425
CVX,4,COP|CNQ|KMI|SLB,SLB,0.12562883987684914
CVX,4,COP|CNQ|PSX|WMB,COP,0.4042391727143188
CVX,4,COP|CNQ|PSX|WMB,CNQ,0.16683751148095294
CVX,4,COP|CNQ|PSX|WMB,PSX,0.22109133006920456
CVX,4,COP|CNQ|PSX|WMB,WMB,0.20783198573552383
CVX,4,COP|CNQ|PSX|TRGP,COP,0.4086176605908799
CVX,4,COP|CNQ|PSX|TRGP,CNQ,0.17900299111194654
CVX,4,COP|CNQ|PSX|TRGP,PSX,0.2508952336937983
CVX,4,COP|CNQ|PSX|TRGP,TRGP,0.1614841146033753
CVX,4,COP|CNQ|PSX|OKE,COP,0.39738350446663495
CVX,4,COP|CNQ|PSX|OKE,CNQ,0.2067743428994349
CVX,4,COP|CNQ|PSX|OKE,PSX,0.22835874876855114
CVX,4,COP|CNQ|PSX|OKE,OKE,0.16748340386537905
CVX,4,COP|CNQ|PSX|MPC,COP,0.4812273680451954
CVX,4,COP|CNQ|PSX|MPC,CNQ,0.23843840710288414
CVX,4,COP|CNQ|PSX|MPC,PSX,0.2803342248519205
CVX,4,COP|CNQ|PSX|MPC,MPC,8.228713324338714e-18
CVX,4,COP|CNQ|PSX|SLB,COP,0.4050697406364932
CVX,4,COP|CNQ|PSX|SLB,CNQ,0.2331586775644977
CVX,4,COP|CNQ|PSX|SLB,PSX,0.2644162130719694
CVX,4,COP|CNQ|PSX|SLB,SLB,0.09735536872703976
CVX,4,COP|CNQ|WMB|TRGP,COP,0.5653363737278374
CVX,4,COP|CNQ|WMB|TRGP,CNQ,0.16414166988065906
CVX,4,COP|CNQ|WMB|TRGP,WMB,0.27052195639150345
CVX,4,COP|CNQ|WMB|TRGP,TRGP,3.326933658578078e-18
CVX,4,COP|CNQ|WMB|OKE,COP,0.565335671163786
CVX,4,COP|CNQ|WMB|OKE,CNQ,0.16414229297850075
CVX,4,COP|CNQ|WMB|OKE,WMB,0.27052203585771334
CVX,4,COP|CNQ|WMB|OKE,OKE,1.8540492424212567e-18
CVX,4,COP|CNQ|WMB|MPC,COP,0.44946671795526266
CVX,4,COP|CNQ|WMB|MPC,CNQ,0.160768553346396
CVX,4,COP|CNQ|WMB|MPC,WMB,0.22716124346180813
CVX,4,COP|CNQ|WMB|MPC,MPC,0.16260348523653323
CVX,4,COP|CNQ|WMB|SLB,COP,0.46859909974584363
CVX,4,COP|CNQ|WMB|SLB,CNQ,0.16099715041336554
CVX,4,COP|CNQ|WMB|SLB,WMB,0.25795723421977496
CVX,4,COP|CNQ|WMB|SLB,SLB,0.11244651562101592
CVX,4,COP|CNQ|TRGP|OKE,COP,0.5488447613428837
CVX,4,COP|CNQ|TRGP|OKE,CNQ,0.2125074606901231
CVX,4,COP|CNQ|TRGP|OKE,TRGP,2.676624113323589e-19
CVX,4,COP|CNQ|TRGP|OKE,OKE,0.23864777796699313
CVX,4,COP|CNQ|TRGP|MPC,COP,0.4952715310823176
CVX,4,COP|CNQ|TRGP|MPC,CNQ,0.18836563193560033
CVX,4,COP|CNQ|TRGP|MPC,TRGP,0.14428621898927718
CVX,4,COP|CNQ|TRGP|MPC,MPC,0.17207661799280488
CVX,4,COP|CNQ|TRGP|SLB,COP,0.44370625221174287
CVX,4,COP|CNQ|TRGP|SLB,CNQ,0.16452830018483677
CVX,4,COP|CNQ|TRGP|SLB,TRGP,0.2306347252701012
CVX,4,COP|CNQ|TRGP|SLB,SLB,0.16113072233331927
CVX,4,COP|CNQ|OKE|MPC,COP,0.4457327077102363
CVX,4,COP|CNQ|OKE|MPC,CNQ,0.20435895455135494
CVX,4,COP|CNQ|OKE|MPC,OKE,0.1860302010617654
CVX,4,COP|CNQ|OKE|MPC,MPC,0.16387813667664322
CVX,4,COP|CNQ|OKE|SLB,COP,0.4270112709420831
CVX,4,COP|CNQ|OKE|SLB,CNQ,0.20414575158551018
CVX,4,COP|CNQ|OKE|SLB,OKE,0.23408066504641376
CVX,4,COP|CNQ|OKE|SLB,SLB,0.13476231242599304
CVX,4,COP|CNQ|MPC|SLB,COP,0.42577143403710976
CVX,4,COP|CNQ|MPC|SLB,CNQ,0.22996912301569852
CVX,4,COP|CNQ|MPC|SLB,MPC,0.21174395348462813
CVX,4,COP|CNQ|MPC|SLB,SLB,0.13251548946256367
CVX,4,COP|DVN|FANG|SU,COP,0.6418536599627642
CVX,4,COP|DVN|FANG|SU,DVN,0.11789343893630919
CVX,4,COP|DVN|FANG|SU,FANG,0.0
CVX,4,COP|DVN|FANG|SU,SU,0.24025290110092673
CVX,4,COP|DVN|FANG|CVE,COP,0.8685309186534013
CVX,4,COP|DVN|FANG|CVE,DVN,0.026251087431790703
CVX,4,COP|DVN|FANG|CVE,FANG,0.0
CVX,4,COP|DVN|FANG|CVE,CVE,0.10521799391480806
CVX,4,COP|DVN|FANG|KMI,COP,0.6819419746912799
CVX,4,COP|DVN|FANG|KMI,DVN,0.0
CVX,4,COP|DVN|FANG|KMI,FANG,0.0
CVX,4,COP|DVN|FANG|KMI,KMI,0.3180580253087202
CVX,4,COP|DVN|FANG|PSX,COP,0.5877135459190055
CVX,4,COP|DVN|FANG|PSX,DVN,0.11127310726664191
CVX,4,COP|DVN|FANG|PSX,FANG,0.0
CVX,4,COP|DVN|FANG|PSX,PSX,0.30101334681435266
CVX,4,COP|DVN|FANG|WMB,COP,0.7007971599380717
CVX,4,COP|DVN|FANG|WMB,DVN,0.0
CVX,4,COP|DVN|FANG|WMB,FANG,2.7321894746634712e-17
CVX,4,COP|DVN|FANG|WMB,WMB,0.2992028400619283
CVX,4,COP|DVN|FANG|TRGP,COP,0.7447366075785626
CVX,4,COP|DVN|FANG|TRGP,DVN,0.0
CVX,4,COP|DVN|FANG|TRGP,FANG,0.0
CVX,4,COP|DVN|FANG|TRGP,TRGP,0.2552633924214375
CVX,4,COP|DVN|FANG|OKE,COP,0.7383639130332053
CVX,4,COP|DVN|FANG|OKE,DVN,0.0
CVX,4,COP|DVN|FANG|OKE,FANG,0.0
CVX,4,COP|DVN|FANG|OKE,OKE,0.2616360869667949
CVX,4,COP|DVN|FANG|MPC,COP,0.7206878581614835
CVX,4,COP|DVN|FANG|MPC,DVN,0.04722344580800413
CVX,4,COP|DVN|FANG|MPC,FANG,0.0
CVX,4,COP|DVN|FANG|MPC,MPC,0.23208869603051235
CVX,4,COP|DVN|FANG|SLB,COP,0.7879924684493375
CVX,4,COP|DVN|FANG|SLB,DVN,0.0550649617686423
CVX,4,COP|DVN|FANG|SLB,FANG,0.0
CVX,4,COP|DVN|FANG|SLB,SLB,0.15694256978202012
CVX,4,COP|DVN|SU|CVE,COP,0.6418517553842847
CVX,4,COP|DVN|SU|CVE,DVN,0.11789497752718658
CVX,4,COP|DVN|SU|CVE,SU,0.24025326708852857
CVX,4,COP|DVN|SU|CVE,CVE,0.0
CVX,4,COP|DVN|SU|KMI,COP,0.5308583599601774
CVX,4,COP|DVN|SU|KMI,DVN,0.0
CVX,4,COP|DVN|SU|KMI,SU,0.1667633250388827
CVX,4,COP|DVN|SU|KMI,KMI,0.30237831500094
CVX,4,COP|DVN|SU|PSX,COP,0.3164657856150282
CVX,4,COP|DVN|SU|PSX,DVN,0.19774317666274885
CVX,4,COP|DVN|SU|PSX,SU,0.2010815988873368
CVX,4,COP|DVN|SU|PSX,PSX,0.2847094388348862
CVX,4,COP|DVN|SU|WMB,COP,0.5305139698499689
CVX,4,COP|DVN|SU|WMB,DVN,0.024213977469348034
CVX,4,COP|DVN|SU|WMB,SU,0.16694949987485305
CVX,4,COP|DVN|SU|WMB,WMB,0.27832255280583007
CVX,4,COP|DVN|SU|TRGP,COP,0.629359322113613
CVX,4,COP|DVN|SU|TRGP,DVN,0.0
CVX,4,COP|DVN|SU|TRGP,SU,0.14785306711820387
CVX,4,COP|DVN|SU|TRGP,TRGP,0.22278761076818326
CVX,4,COP|DVN|SU|OKE,COP,0.5284728369885702
CVX,4,COP|DVN|SU|OKE,DVN,0.02937232982608796
CVX,4,COP|DVN|SU|OKE,SU,0.19620175836269205
CVX,4,COP|DVN|SU|OKE,OKE,0.2459530748226499
CVX,4,COP|DVN|SU|MPC,COP,0.4811444611932258
CVX,4,COP|DVN|SU|MPC,DVN,0.12752688409656854
CVX,4,COP|DVN|SU|MPC,SU,0.18487029408931463
CVX,4,COP|DVN|SU|MPC,MPC,0.20645836062089107
CVX,4,COP|DVN|SU|SLB,COP,0.4223140517753632
CVX,4,COP|DVN|SU|SLB,DVN,0.16932895621749544
CVX,4,COP|DVN|SU|SLB,SU,0.24600133930717177
CVX,4,COP|DVN|SU|SLB,SLB,0.16235565269996968
CVX,4,COP|DVN|CVE|KMI,COP,0.5719561608604461
CVX,4,COP|DVN|CVE|KMI,DVN,7.274318951019931e-18
CVX,4,COP|DVN|CVE|KMI,CVE,0.10908589285626813
CVX,4,COP|DVN|CVE|KMI,KMI,0.3189579462832858
CVX,4,COP|DVN|CVE|PSX,COP,0.41672984275274955
CVX,4,COP|DVN|CVE|PSX,DVN,0.1376910092208584
CVX,4,COP|DVN|CVE|PSX,CVE,0.1375162984015869
CVX,4,COP|DVN|CVE|PSX,PSX,0.3080628496248051
CVX,4,COP|DVN|CVE|WMB,COP,0.6296377650879883
CVX,4,COP|DVN|CVE|WMB,DVN,5.995299200665938e-18
CVX,4,COP|DVN|CVE|WMB,CVE,0.07438401190229735
CVX,4,COP|DVN|CVE|WMB,WMB,0.2959782230097143
CVX,4,COP|DVN|CVE|TRGP,COP,0.7418761711086056
CVX,4,COP|DVN|CVE|TRGP,DVN,1.9704315693739975e-17
CVX,4,COP|DVN|CVE|TRGP,CVE,0.003611216687404197
CVX,4,COP|DVN|CVE|TRGP,TRGP,0.25451261220399013
CVX,4,COP|DVN|CVE|OKE,COP,0.6351482299174245
CVX,4,COP|DVN|CVE|OKE,DVN,1.813497540071457e-18
CVX,4,COP|DVN|CVE|OKE,CVE,0.10315923123466729
CVX,4,COP|DVN|CVE|OKE,OKE,0.26169253884790833
CVX,4,COP|DVN|CVE|MPC,COP,0.6342679664441208
CVX,4,COP|DVN|CVE|MPC,DVN,0.06008239847882022
CVX,4,COP|DVN|CVE|MPC,CVE,0.07759088800241182
CVX,4,COP|DVN|CVE|MPC,MPC,0.22805874707464727
CVX,4,COP|DVN|CVE|SLB,COP,0.6584184538761318
CVX,4,COP|DVN|CVE|SLB,DVN,0.07445562487252716
CVX,4,COP|DVN|CVE|SLB,CVE,0.1088835713595129
CVX,4,COP|DVN|CVE|SLB,SLB,0.15824234989182817
CVX,4,COP|DVN|KMI|PSX,COP,0.5589873215141612
CVX,4,COP|DVN|KMI|PSX,DVN,1.5353530960168262e-18
CVX,4,COP|DVN|KMI|PSX,KMI,0.2507454235559329
CVX,4,COP|DVN|KMI|PSX,PSX,0.19026725492990593
CVX,4,COP|DVN|KMI|WMB,COP,0.681941974531225
CVX,4,COP|DVN|KMI|WMB,DVN,0.0
CVX,4,COP|DVN|KMI|WMB,KMI,0.3180580254687752
CVX,4,COP|DVN|KMI|WMB,WMB,0.0
CVX,4,COP|DVN|KMI|TRGP,COP,0.681941973426369
CVX,4,COP|DVN|KMI|TRGP,DVN,0.0
CVX,4,COP|DVN|KMI|TRGP,KMI,0.3180580265736312
CVX,4,COP|DVN|KMI|TRGP,TRGP,0.0
CVX,4,COP|DVN|KMI|OKE,COP,0.6819419793619147
CVX,4,COP|DVN|KMI|OKE,DVN,0.0
CVX,4,COP|DVN|KMI|OKE,KMI,0.3180580206380854
CVX,4,COP|DVN|KMI|OKE,OKE,1.465961358104378e-17
CVX,4,COP|DVN|KMI|MPC,COP,0.5886997703424504
CVX,4,COP|DVN|KMI|MPC,DVN,2.7037291676357267e-18
CVX,4,COP|DVN|KMI|MPC,KMI,0.2725671449074502
CVX,4,COP|DVN|KMI|MPC,MPC,0.1387330847500994
CVX,4,COP|DVN|KMI|SLB,COP,0.5594853425055848
CVX,4,COP|DVN|KMI|SLB,DVN,1.927995218716557e-17
CVX,4,COP|DVN|KMI|SLB,KMI,0.31030479788473264
CVX,4,COP|DVN|KMI|SLB,SLB,0.13020985960968254
CVX,4,COP|DVN|PSX|WMB,COP,0.50760136835859
CVX,4,COP|DVN|PSX|WMB,DVN,0.03409645411509747
CVX,4,COP|DVN|PSX|WMB,PSX,0.22378811860746706
CVX,4,COP|DVN|PSX|WMB,WMB,0.2345140589188453
CVX,4,COP|DVN|PSX|TRGP,COP,0.5457717005057939
CVX,4,COP|DVN|PSX|TRGP,DVN,0.0029480725757705544
CVX,4,COP|DVN|PSX|TRGP,PSX,0.25199703996626993
CVX,4,COP|DVN|PSX|TRGP,TRGP,0.1992831869521655
CVX,4,COP|DVN|PSX|OKE,COP,0.5419255224764158
CVX,4,COP|DVN|PSX|OKE,DVN,0.03740928347214534
CVX,4,COP|DVN|PSX|OKE,PSX,0.2356521471227386
CVX,4,COP|DVN|PSX|OKE,OKE,0.18501304692870008
CVX,4,COP|DVN|PSX|MPC,COP,0.5877117419101922
CVX,4,COP|DVN|PSX|MPC,DVN,0.11127468672949739
CVX,4,COP|DVN|PSX|MPC,PSX,0.30101357136031043
CVX,4,COP|DVN|PSX|MPC,MPC,0.0
CVX,4,COP|DVN|PSX|SLB,COP,0.46210768791390844
CVX,4,COP|DVN|PSX|SLB,DVN,0.13976234892387732
CVX,4,COP|DVN|PSX|SLB,PSX,0.2845951714537551
CVX,4,COP|DVN|PSX|SLB,SLB,0.11353479170845913
CVX,4,COP|DVN|WMB|TRGP,COP,0.700797159786947
CVX,4,COP|DVN|WMB|TRGP,DVN,1.7889126416762813e-17
CVX,4,COP|DVN|WMB|TRGP,WMB,0.2992028402130531
CVX,4,COP|DVN|WMB|TRGP,TRGP,1.9528204859619753e-19
CVX,4,COP|DVN|WMB|OKE,COP,0.7007971599302185
CVX,4,COP|DVN|WMB|OKE,DVN,0.0
CVX,4,COP|DVN|WMB|OKE,WMB,0.29920284006978143
CVX,4,COP|DVN|WMB|OKE,OKE,9.183420422267162e-18
CVX,4,COP|DVN|WMB|MPC,COP,0.5810363150606049
CVX,4,COP|DVN|WMB|MPC,DVN,0.0
CVX,4,COP|DVN|WMB|MPC,WMB,0.2548421371798421
CVX,4,COP|DVN|WMB|MPC,MPC,0.16412154775955304
CVX,4,COP|DVN|WMB|SLB,COP,0.5994452046796499
CVX,4,COP|DVN|WMB|SLB,DVN,0.0
CVX,4,COP|DVN|WMB|SLB,WMB,0.2858211062364281
CVX,4,COP|DVN|WMB|SLB,SLB,0.11473368908392198
CVX,4,COP|DVN|TRGP|OKE,COP,0.7212914933695805
CVX,4,COP|DVN|TRGP|OKE,DVN,1.8579667698023078e-17
CVX,4,COP|DVN|TRGP|OKE,TRGP,0.07966336423440919
CVX,4,COP|DVN|TRGP|OKE,OKE,0.19904514239601018
CVX,4,COP|DVN|TRGP|MPC,COP,0.6454369241585757
CVX,4,COP|DVN|TRGP|MPC,DVN,4.723558639702411e-18
CVX,4,COP|DVN|TRGP|MPC,TRGP,0.18625404156859016
CVX,4,COP|DVN|TRGP|MPC,MPC,0.16830903427283414
CVX,4,COP|DVN|TRGP|SLB,COP,0.5639861607202292
CVX,4,COP|DVN|TRGP|SLB,DVN,2.0871738853293215e-17
CVX,4,COP|DVN|TRGP|SLB,TRGP,0.266497060281856
CVX,4,COP|DVN|TRGP|SLB,SLB,0.16951677899791473
CVX,4,COP|DVN|OKE|MPC,COP,0.6246362209745443
CVX,4,COP|DVN|OKE|MPC,DVN,0.0
CVX,4,COP|DVN|OKE|MPC,OKE,0.20651354647850506
CVX,4,COP|DVN|OKE|MPC,MPC,0.16885023254695078
CVX,4,COP|DVN|OKE|SLB,COP,0.6027189068867884
CVX,4,COP|DVN|OKE|SLB,DVN,3.4931638744767346e-18
CVX,4,COP|DVN|OKE|SLB,OKE,0.2558946472936482
CVX,4,COP|DVN|OKE|SLB,SLB,0.1413864458195634
CVX,4,COP|DVN|MPC|SLB,COP,0.5349869062253285
CVX,4,COP|DVN|MPC|SLB,DVN,0.09066200319374217
CVX,4,COP|DVN|MPC|SLB,MPC,0.2269409248931195
CVX,4,COP|DVN|MPC|SLB,SLB,0.1474101656878098
CVX,4,COP|FANG|SU|CVE,COP,0.7812484324068466
CVX,4,COP|FANG|SU|CVE,FANG,3.2107479223802534e-17
CVX,4,COP|FANG|SU|CVE,SU,0.2187515675931537
CVX,4,COP|FANG|SU|CVE,CVE,0.0
CVX,4,COP|FANG|SU|KMI,COP,0.5308573839551116
CVX,4,COP|FANG|SU|KMI,FANG,2.6126731258058894e-17
CVX,4,COP|FANG|SU|KMI,SU,0.16676431283937
CVX,4,COP|FANG|SU|KMI,KMI,0.30237830320551834
CVX,4,COP|FANG|SU|PSX,COP,0.5607583448649813
CVX,4,COP|FANG|SU|PSX,FANG,2.3145175283723757e-18
CVX,4,COP|FANG|SU|PSX,SU,0.16745610635036803
CVX,4,COP|FANG|SU|PSX,PSX,0.27178554878465055
CVX,4,COP|FANG|SU|WMB,COP,0.5577257832072495
CVX,4,COP|FANG|SU|WMB,FANG,2.8089730113320735e-18
CVX,4,COP|FANG|SU|WMB,SU,0.1621744789161474
CVX,4,COP|FANG|SU|WMB,WMB,0.28009973787660314
CVX,4,COP|FANG|SU|TRGP,COP,0.6293589238979681
CVX,4,COP|FANG|SU|TRGP,FANG,1.555830117516699e-17
CVX,4,COP|FANG|SU|TRGP,SU,0.1478532846179978
CVX,4,COP|FANG|SU|TRGP,TRGP,0.222787791484034
CVX,4,COP|FANG|SU|OKE,COP,0.56108221590352
CVX,4,COP|FANG|SU|OKE,FANG,0.0
CVX,4,COP|FANG|SU|OKE,SU,0.1905734243533272
CVX,4,COP|FANG|SU|OKE,OKE,0.24834435974315283
CVX,4,COP|FANG|SU|MPC,COP,0.632849301826802
CVX,4,COP|FANG|SU|MPC,FANG,1.6157153468875779e-18
CVX,4,COP|FANG|SU|MPC,SU,0.16196344818130892
CVX,4,COP|FANG|SU|MPC,MPC,0.20518724999188911
CVX,4,COP|FANG|SU|SLB,COP,0.6352050919075697
CVX,4,COP|FANG|SU|SLB,FANG,2.385668295941737e-17
CVX,4,COP|FANG|SU|SLB,SU,0.21540797724714172
CVX,4,COP|FANG|SU|SLB,SLB,0.14938693084528856
CVX,4,COP|FANG|CVE|KMI,COP,0.5719545349800734
CVX,4,COP|FANG|CVE|KMI,FANG,5.936430410831764e-17
CVX,4,COP|FANG|CVE|KMI,CVE,0.10908728497377933
CVX,4,COP|FANG|CVE|KMI,KMI,0.31895818004614723
CVX,4,COP|FANG|CVE|PSX,COP,0.5799125339167599
CVX,4,COP|FANG|CVE|PSX,FANG,9.127838797849154e-19
CVX,4,COP|FANG|CVE|PSX,CVE,0.12424452971942207
CVX,4,COP|FANG|CVE|PSX,PSX,0.29584293636381803
CVX,4,COP|FANG|CVE|WMB,COP,0.629636956640237
CVX,4,COP|FANG|CVE|WMB,FANG,4.2013257700286924e-17
CVX,4,COP|FANG|CVE|WMB,CVE,0.07438395427696375
CVX,4,COP|FANG|CVE|WMB,WMB,0.2959790890827992
CVX,4,COP|FANG|CVE|TRGP,COP,0.7418764245173274
CVX,4,COP|FANG|CVE|TRGP,FANG,0.0
CVX,4,COP|FANG|CVE|TRGP,CVE,0.00361127052854044
CVX,4,COP|FANG|CVE|TRGP,TRGP,0.2545123049541323
CVX,4,COP|FANG|CVE|OKE,COP,0.6351471007336373
CVX,4,COP|FANG|CVE|OKE,FANG,0.0
CVX,4,COP|FANG|CVE|OKE,CVE,0.10316033654697915
CVX,4,COP|FANG|CVE|OKE,OKE,0.2616925627193835
CVX,4,COP|FANG|CVE|MPC,COP,0.7014638652208974
CVX,4,COP|FANG|CVE|MPC,FANG,0.0
CVX,4,COP|FANG|CVE|MPC,CVE,0.07245141740329174
CVX,4,COP|FANG|CVE|MPC,MPC,0.22608471737581098
CVX,4,COP|FANG|CVE|SLB,COP,0.7454350484389273
CVX,4,COP|FANG|CVE|SLB,FANG,0.0
CVX,4,COP|FANG|CVE|SLB,CVE,0.10220987027864044
CVX,4,COP|FANG|CVE|SLB,SLB,0.15235508128243228
CVX,4,COP|FANG|KMI|PSX,COP,0.5589878759562888
CVX,4,COP|FANG|KMI|PSX,FANG,0.0
CVX,4,COP|FANG|KMI|PSX,KMI,0.25074437315048975
CVX,4,COP|FANG|KMI|PSX,PSX,0.19026775089322145
CVX,4,COP|FANG|KMI|WMB,COP,0.6819419769901087
CVX,4,COP|FANG|KMI|WMB,FANG,6.426871639304902e-17
CVX,4,COP|FANG|KMI|WMB,KMI,0.3180580230098913
CVX,4,COP|FANG|KMI|WMB,WMB,0.0
CVX,4,COP|FANG|KMI|TRGP,COP,0.6819419777887332
CVX,4,COP|FANG|KMI|TRGP,FANG,5.757222800253793e-17
CVX,4,COP|FANG|KMI|TRGP,KMI,0.31805802221126683
CVX,4,COP|FANG|KMI|TRGP,TRGP,0.0
CVX,4,COP|FANG|KMI|OKE,COP,0.6819419755493118
CVX,4,COP|FANG|KMI|OKE,FANG,3.912215739329261e-17
CVX,4,COP|FANG|KMI|OKE,KMI,0.31805802445068815
CVX,4,COP|FANG|KMI|OKE,OKE,7.349774787112794e-17
CVX,4,COP|FANG|KMI|MPC,COP,0.5886998976843519
CVX,4,COP|FANG|KMI|MPC,FANG,0.0
CVX,4,COP|FANG|KMI|MPC,KMI,0.2725671581709517
CVX,4,COP|FANG|KMI|MPC,MPC,0.1387329441446964
CVX,4,COP|FANG|KMI|SLB,COP,0.5594853132453004
CVX,4,COP|FANG|KMI|SLB,FANG,0.0
CVX,4,COP|FANG|KMI|SLB,KMI,0.3103048374727096
CVX,4,COP|FANG|KMI|SLB,SLB,0.1302098492819901
CVX,4,COP|FANG|PSX|WMB,COP,0.5426778593942025
CVX,4,COP|FANG|PSX|WMB,FANG,5.028675789171171e-18
CVX,4,COP|FANG|PSX|WMB,PSX,0.22004380233988294
CVX,4,COP|FANG|PSX|WMB,WMB,0.23727833826591457
CVX,4,COP|FANG|PSX|TRGP,COP,0.5486144861350523
CVX,4,COP|FANG|PSX|TRGP,FANG,3.84485195417672e-17
CVX,4,COP|FANG|PSX|TRGP,PSX,0.2516552206561388
CVX,4,COP|FANG|PSX|TRGP,TRGP,0.19973029320880892
CVX,4,COP|FANG|PSX|OKE,COP,0.5798430608184026
CVX,4,COP|FANG|PSX|OKE,FANG,0.0
CVX,4,COP|FANG|PSX|OKE,PSX,0.23119816073364213
CVX,4,COP|FANG|PSX|OKE,OKE,0.18895877844795528
CVX,4,COP|FANG|PSX|MPC,COP,0.7084879958938824
CVX,4,COP|FANG|PSX|MPC,FANG,0.0
CVX,4,COP|FANG|PSX|MPC,PSX,0.29151200410611766
CVX,4,COP|FANG|PSX|MPC,MPC,0.0
CVX,4,COP|FANG|PSX|SLB,COP,0.6215159158298104
CVX,4,COP|FANG|PSX|SLB,FANG,0.0
CVX,4,COP|FANG|PSX|SLB,PSX,0.2741957792544459
CVX,4,COP|FANG|PSX|SLB,SLB,0.10428830491574387
CVX,4,COP|FANG|WMB|TRGP,COP,0.7007971572962182
CVX,4,COP|FANG|WMB|TRGP,FANG,0.0
CVX,4,COP|FANG|WMB|TRGP,WMB,0.29920284270378195
CVX,4,COP|FANG|WMB|TRGP,TRGP,1.987109908330301e-17
CVX,4,COP|FANG|WMB|OKE,COP,0.7007971583404592
CVX,4,COP|FANG|WMB|OKE,FANG,7.350920381034759e-17
CVX,4,COP|FANG|WMB|OKE,WMB,0.2992028416595407
CVX,4,COP|FANG|WMB|OKE,OKE,0.0
CVX,4,COP|FANG|WMB|MPC,COP,0.5810363169832364
CVX,4,COP|FANG|WMB|MPC,FANG,0.0
CVX,4,COP|FANG|WMB|MPC,WMB,0.25484213437153624
CVX,4,COP|FANG|WMB|MPC,MPC,0.16412154864522746
CVX,4,COP|FANG|WMB|SLB,COP,0.5994454681720361
CVX,4,COP|FANG|WMB|SLB,FANG,8.186785193449626e-18
CVX,4,COP|FANG|WMB|SLB,WMB,0.28582119744615186
CVX,4,COP|FANG|WMB|SLB,SLB,0.11473333438181194
CVX,4,COP|FANG|TRGP|OKE,COP,0.7212915679883385
CVX,4,COP|FANG|TRGP|OKE,FANG,5.966330673869841e-17
CVX,4,COP|FANG|TRGP|OKE,TRGP,0.07966202413187388
CVX,4,COP|FANG|TRGP|OKE,OKE,0.19904640787978764
CVX,4,COP|FANG|TRGP|MPC,COP,0.6454358786920679
CVX,4,COP|FANG|TRGP|MPC,FANG,0.0
CVX,4,COP|FANG|TRGP|MPC,TRGP,0.18625428666470747
CVX,4,COP|FANG|TRGP|MPC,MPC,0.16830983464322483
CVX,4,COP|FANG|TRGP|SLB,COP,0.5639852644343761
CVX,4,COP|FANG|TRGP|SLB,FANG,2.537541303384433e-17
CVX,4,COP|FANG|TRGP|SLB,TRGP,0.26649745990192764
CVX,4,COP|FANG|TRGP|SLB,SLB,0.1695172756636962
CVX,4,COP|FANG|OKE|MPC,COP,0.6246362225069652
CVX,4,COP|FANG|OKE|MPC,FANG,0.0
CVX,4,COP|FANG|OKE|MPC,OKE,0.2065135388036728
CVX,4,COP|FANG|OKE|MPC,MPC,0.1688502386893622
CVX,4,COP|FANG|OKE|SLB,COP,0.6027191892392076
CVX,4,COP|FANG|OKE|SLB,FANG,0.0
CVX,4,COP|FANG|OKE|SLB,OKE,0.25589474600704515
CVX,4,COP|FANG|OKE|SLB,SLB,0.1413860647537472
CVX,4,COP|FANG|MPC|SLB,COP,0.6357720990007917
CVX,4,COP|FANG|MPC|SLB,FANG,0.0
CVX,4,COP|FANG|MPC|SLB,MPC,0.223834716557269
CVX,4,COP|FANG|MPC|SLB,SLB,0.14039318444193943
CVX,4,COP|SU|CVE|KMI,COP,0.5308571291375278
CVX,4,COP|SU|CVE|KMI,SU,0.1667644677237667
CVX,4,COP|SU|CVE|KMI,CVE,0.0
CVX,4,COP|SU|CVE|KMI,KMI,0.3023784031387055
CVX,4,COP|SU|CVE|PSX,COP,0.560757336067767
CVX,4,COP|SU|CVE|PSX,SU,0.16745652736243058
CVX,4,COP|SU|CVE|PSX,CVE,1.2431690808614553e-17
CVX,4,COP|SU|CVE|PSX,PSX,0.27178613656980233
CVX,4,COP|SU|CVE|WMB,COP,0.5577257095217679
CVX,4,COP|SU|CVE|WMB,SU,0.16217456424766125
CVX,4,COP|SU|CVE|WMB,CVE,1.5915749078908303e-18
CVX,4,COP|SU|CVE|WMB,WMB,0.2800997262305709
CVX,4,COP|SU|CVE|TRGP,COP,0.6293593594225108
CVX,4,COP|SU|CVE|TRGP,SU,0.14785307779014106
CVX,4,COP|SU|CVE|TRGP,CVE,0.0
CVX,4,COP|SU|CVE|TRGP,TRGP,0.22278756278734815
CVX,4,COP|SU|CVE|OKE,COP,0.5610821674823357
CVX,4,COP|SU|CVE|OKE,SU,0.19057347607696715
CVX,4,COP|SU|CVE|OKE,CVE,1.6639538732337103e-17
CVX,4,COP|SU|CVE|OKE,OKE,0.24834435644069702
CVX,4,COP|SU|CVE|MPC,COP,0.6328491454523143
CVX,4,COP|SU|CVE|MPC,SU,0.16196393671294354
CVX,4,COP|SU|CVE|MPC,CVE,0.0
CVX,4,COP|SU|CVE|MPC,MPC,0.20518691783474224
CVX,4,COP|SU|CVE|SLB,COP,0.6352047674519622
CVX,4,COP|SU|CVE|SLB,SU,0.215409674279819
CVX,4,COP|SU|CVE|SLB,CVE,0.0
CVX,4,COP|SU|CVE|SLB,SLB,0.14938555826821875
CVX,4,COP|SU|KMI|PSX,COP,0.4373895648385669
CVX,4,COP|SU|KMI|PSX,SU,0.14376859297518138
CVX,4,COP|SU|KMI|PSX,KMI,0.2419648264975554
CVX,4,COP|SU|KMI|PSX,PSX,0.1768770156886963
CVX,4,COP|SU|KMI|WMB,COP,0.5308573343530448
CVX,4,COP|SU|KMI|WMB,SU,0.16676445703680723
CVX,4,COP|SU|KMI|WMB,KMI,0.30237820861014814
CVX,4,COP|SU|KMI|WMB,WMB,0.0
CVX,4,COP|SU|KMI|TRGP,COP,0.5308573558509592
CVX,4,COP|SU|KMI|TRGP,SU,0.1667643554852885
CVX,4,COP|SU|KMI|TRGP,KMI,0.3023782886637524
CVX,4,COP|SU|KMI|TRGP,TRGP,0.0
CVX,4,COP|SU|KMI|OKE,COP,0.5308573353207571
CVX,4,COP|SU|KMI|OKE,SU,0.1667643645755014
CVX,4,COP|SU|KMI|OKE,KMI,0.30237830010374156
CVX,4,COP|SU|KMI|OKE,OKE,0.0
CVX,4,COP|SU|KMI|MPC,COP,0.47488728110166906
CVX,4,COP|SU|KMI|MPC,SU,0.14004072306505846
CVX,4,COP|SU|KMI|MPC,KMI,0.26577253247248916
CVX,4,COP|SU|KMI|MPC,MPC,0.11929946336078336
CVX,4,COP|SU|KMI|SLB,COP,0.41109379798520507
CVX,4,COP|SU|KMI|SLB,SU,0.16517483555618037
CVX,4,COP|SU|KMI|SLB,KMI,0.2948540973285925
CVX,4,COP|SU|KMI|SLB,SLB,0.12887726913002207
CVX,4,COP|SU|PSX|WMB,COP,0.43306199682945484
CVX,4,COP|SU|PSX|WMB,SU,0.13407459446118797
CVX,4,COP|SU|PSX|WMB,PSX,0.20798441723358552
CVX,4,COP|SU|PSX|WMB,WMB,0.22487899147577173
CVX,4,COP|SU|PSX|TRGP,COP,0.46441021844872116
CVX,4,COP|SU|PSX|TRGP,SU,0.11694088869390078
CVX,4,COP|SU|PSX|TRGP,PSX,0.24260682774114264
CVX,4,COP|SU|PSX|TRGP,TRGP,0.17604206511623552
CVX,4,COP|SU|PSX|OKE,COP,0.4448107178778918
CVX,4,COP|SU|PSX|OKE,SU,0.1574825487984861
CVX,4,COP|SU|PSX|OKE,PSX,0.2144746198244001
CVX,4,COP|SU|PSX|OKE,OKE,0.18323211349922203
CVX,4,COP|SU|PSX|MPC,COP,0.5607583318098178
CVX,4,COP|SU|PSX|MPC,SU,0.1674561200889221
CVX,4,COP|SU|PSX|MPC,PSX,0.27178554810126015
CVX,4,COP|SU|PSX|MPC,MPC,0.0
CVX,4,COP|SU|PSX|SLB,COP,0.47207557110884185
CVX,4,COP|SU|PSX|SLB,SU,0.16842166574613718
CVX,4,COP|SU|PSX|SLB,PSX,0.254185348086207
CVX,4,COP|SU|PSX|SLB,SLB,0.10531741505881402
CVX,4,COP|SU|WMB|TRGP,COP,0.557725759574471
CVX,4,COP|SU|WMB|TRGP,SU,0.16217429346729698
CVX,4,COP|SU|WMB|TRGP,WMB,0.2800999469582321
CVX,4,COP|SU|WMB|TRGP,TRGP,7.298035873543052e-18
CVX,4,COP|SU|WMB|OKE,COP,0.5577256490359281
CVX,4,COP|SU|WMB|OKE,SU,0.1621747032067363
CVX,4,COP|SU|WMB|OKE,WMB,0.2800996477573354
CVX,4,COP|SU|WMB|OKE,OKE,3.0189313031327332e-18
CVX,4,COP|SU|WMB|MPC,COP,0.48003214956593937
CVX,4,COP|SU|WMB|MPC,SU,0.12874656893971181
CVX,4,COP|SU|WMB|MPC,WMB,0.24433567601284037
CVX,4,COP|SU|WMB|MPC,MPC,0.1468856054815085
CVX,4,COP|SU|WMB|SLB,COP,0.4561365969103786
CVX,4,COP|SU|WMB|SLB,SU,0.16231394749089517
CVX,4,COP|SU|WMB|SLB,WMB,0.26668684556481154
CVX,4,COP|SU|WMB|SLB,SLB,0.11486261003391476
CVX,4,COP|SU|TRGP|OKE,COP,0.5610813171939293
CVX,4,COP|SU|TRGP|OKE,SU,0.1905744482001945
CVX,4,COP|SU|TRGP|OKE,TRGP,0.0
CVX,4,COP|SU|TRGP|OKE,OKE,0.2483442346058763
CVX,4,COP|SU|TRGP|MPC,COP,0.5561800790412291
CVX,4,COP|SU|TRGP|MPC,SU,0.12322156031045951
CVX,4,COP|SU|TRGP|MPC,TRGP,0.16398515775816694
CVX,4,COP|SU|TRGP|MPC,MPC,0.15661320289014438
CVX,4,COP|SU|TRGP|SLB,COP,0.4589585444955967
CVX,4,COP|SU|TRGP|SLB,SU,0.14012185951194245
CVX,4,COP|SU|TRGP|SLB,TRGP,0.23545136199090375
CVX,4,COP|SU|TRGP|SLB,SLB,0.16546823400155714
CVX,4,COP|SU|OKE|MPC,COP,0.49568000141336915
CVX,4,COP|SU|OKE|MPC,SU,0.15535881062378695
CVX,4,COP|SU|OKE|MPC,OKE,0.2032232492869444
CVX,4,COP|SU|OKE|MPC,MPC,0.1457379386758996
CVX,4,COP|SU|OKE|SLB,COP,0.4298817308350035
CVX,4,COP|SU|OKE|SLB,SU,0.18808117203162844
CVX,4,COP|SU|OKE|SLB,OKE,0.24286713902748114
CVX,4,COP|SU|OKE|SLB,SLB,0.13916995810588698
CVX,4,COP|SU|MPC|SLB,COP,0.5010855644026576
CVX,4,COP|SU|MPC|SLB,SU,0.16056260852484308
CVX,4,COP|SU|MPC|SLB,MPC,0.19898398327489858
CVX,4,COP|SU|MPC|SLB,SLB,0.13936784379760073
CVX,4,COP|CVE|KMI|PSX,COP,0.4332630756826997
CVX,4,COP|CVE|KMI|PSX,CVE,0.12182306711296212
CVX,4,COP|CVE|KMI|PSX,KMI,0.2501652452980016
CVX,4,COP|CVE|KMI|PSX,PSX,0.19474861190633647
CVX,4,COP|CVE|KMI|WMB,COP,0.5719540168602788
CVX,4,COP|CVE|KMI|WMB,CVE,0.10908778935100863
CVX,4,COP|CVE|KMI|WMB,KMI,0.31895819378871265
CVX,4,COP|CVE|KMI|WMB,WMB,1.5909608503631016e-17
CVX,4,COP|CVE|KMI|TRGP,COP,0.5719546444387086
CVX,4,COP|CVE|KMI|TRGP,CVE,0.10908726456625027
CVX,4,COP|CVE|KMI|TRGP,KMI,0.3189580909950411
CVX,4,COP|CVE|KMI|TRGP,TRGP,0.0
CVX,4,COP|CVE|KMI|OKE,COP,0.5719546674965996
CVX,4,COP|CVE|KMI|OKE,CVE,0.1090868828667721
CVX,4,COP|CVE|KMI|OKE,KMI,0.3189584496366284
CVX,4,COP|CVE|KMI|OKE,OKE,0.0
CVX,4,COP|CVE|KMI|MPC,COP,0.5017067244156106
CVX,4,COP|CVE|KMI|MPC,CVE,0.09041166218798288
CVX,4,COP|CVE|KMI|MPC,KMI,0.27534514482432265
CVX,4,COP|CVE|KMI|MPC,MPC,0.13253646857208398
CVX,4,COP|CVE|KMI|SLB,COP,0.4504902637190416
CVX,4,COP|CVE|KMI|SLB,CVE,0.10838400984770369
CVX,4,COP|CVE|KMI|SLB,KMI,0.31121719336923265
CVX,4,COP|CVE|KMI|SLB,SLB,0.12990853306402195
CVX,4,COP|CVE|PSX|WMB,COP,0.44638567761834597
CVX,4,COP|CVE|PSX|WMB,CVE,0.09684626779297825
CVX,4,COP|CVE|PSX|WMB,PSX,0.22511354537371092
CVX,4,COP|CVE|PSX|WMB,WMB,0.23165450921496492
CVX,4,COP|CVE|PSX|TRGP,COP,0.5079228670732936
CVX,4,COP|CVE|PSX|TRGP,CVE,0.04763026619982753
CVX,4,COP|CVE|PSX|TRGP,PSX,0.2554592786250999
CVX,4,COP|CVE|PSX|TRGP,TRGP,0.18898758810177896
CVX,4,COP|CVE|PSX|OKE,COP,0.45647839670071444
CVX,4,COP|CVE|PSX|OKE,CVE,0.12012343239555125
CVX,4,COP|CVE|PSX|OKE,PSX,0.23582912197840644
CVX,4,COP|CVE|PSX|OKE,OKE,0.1875690489253279
CVX,4,COP|CVE|PSX|MPC,COP,0.5799127228900041
CVX,4,COP|CVE|PSX|MPC,CVE,0.12424453866104693
CVX,4,COP|CVE|PSX|MPC,PSX,0.2958427384489491
CVX,4,COP|CVE|PSX|MPC,MPC,0.0
CVX,4,COP|CVE|PSX|SLB,COP,0.4955555615817394
CVX,4,COP|CVE|PSX|SLB,CVE,0.122562704105214
CVX,4,COP|CVE|PSX|SLB,PSX,0.2786431476665268
CVX,4,COP|CVE|PSX|SLB,SLB,0.10323858664651978
CVX,4,COP|CVE|WMB|TRGP,COP,0.6296371039362698
CVX,4,COP|CVE|WMB|TRGP,CVE,0.07438382782275098
CVX,4,COP|CVE|WMB|TRGP,WMB,0.2959790682409791
CVX,4,COP|CVE|WMB|TRGP,TRGP,0.0
CVX,4,COP|CVE|WMB|OKE,COP,0.629636767565796
CVX,4,COP|CVE|WMB|OKE,CVE,0.07438440999881134
CVX,4,COP|CVE|WMB|OKE,WMB,0.2959788224353926
CVX,4,COP|CVE|WMB|OKE,OKE,6.536976770435063e-18
CVX,4,COP|CVE|WMB|MPC,COP,0.5287756793396445
CVX,4,COP|CVE|WMB|MPC,CVE,0.0568165080226336
CVX,4,COP|CVE|WMB|MPC,WMB,0.2531556934944802
CVX,4,COP|CVE|WMB|MPC,MPC,0.16125211914324164
CVX,4,COP|CVE|WMB|SLB,COP,0.52727336817941
CVX,4,COP|CVE|WMB|SLB,CVE,0.0751895715447655
CVX,4,COP|CVE|WMB|SLB,WMB,0.2825312316745098
CVX,4,COP|CVE|WMB|SLB,SLB,0.11500582860131489
CVX,4,COP|CVE|TRGP|OKE,COP,0.6374569735193164
CVX,4,COP|CVE|TRGP|OKE,CVE,0.09805260505549848
CVX,4,COP|CVE|TRGP|OKE,TRGP,0.013068043966389283
CVX,4,COP|CVE|TRGP|OKE,OKE,0.2514223774587959
CVX,4,COP|CVE|TRGP|MPC,COP,0.6388285782481927
CVX,4,COP|CVE|TRGP|MPC,CVE,0.008264644476890964
CVX,4,COP|CVE|TRGP|MPC,TRGP,0.18449261747046578
CVX,4,COP|CVE|TRGP|MPC,MPC,0.16841415980445046
CVX,4,COP|CVE|TRGP|SLB,COP,0.5639856146243494
CVX,4,COP|CVE|TRGP|SLB,CVE,0.0
CVX,4,COP|CVE|TRGP|SLB,TRGP,0.26649734153621296
CVX,4,COP|CVE|TRGP|SLB,SLB,0.16951704383943766
CVX,4,COP|CVE|OKE|MPC,COP,0.5470274206673483
CVX,4,COP|CVE|OKE|MPC,CVE,0.08109554005836798
CVX,4,COP|CVE|OKE|MPC,OKE,0.20826996999519426
CVX,4,COP|CVE|OKE|MPC,MPC,0.1636070692790895
CVX,4,COP|CVE|OKE|SLB,COP,0.5003237001968259
CVX,4,COP|CVE|OKE|SLB,CVE,0.10255482493993996
CVX,4,COP|CVE|OKE|SLB,OKE,0.25596088819608004
CVX,4,COP|CVE|OKE|SLB,SLB,0.14116058666715414
CVX,4,COP|CVE|MPC|SLB,COP,0.5672101853210509
CVX,4,COP|CVE|MPC|SLB,CVE,0.07272575846406353
CVX,4,COP|CVE|MPC|SLB,MPC,0.21959816596068193
CVX,4,COP|CVE|MPC|SLB,SLB,0.14046589025420358
CVX,4,COP|KMI|PSX|WMB,COP,0.5589872940885457
CVX,4,COP|KMI|PSX|WMB,KMI,0.2507451898325738
CVX,4,COP|KMI|PSX|WMB,PSX,0.19026751607888046
CVX,4,COP|KMI|PSX|WMB,WMB,2.0084170265914126e-17
CVX,4,COP|KMI|PSX|TRGP,COP,0.5589863120833964
CVX,4,COP|KMI|PSX|TRGP,KMI,0.250745380840003
CVX,4,COP|KMI|PSX|TRGP,PSX,0.19026830707660064
CVX,4,COP|KMI|PSX|TRGP,TRGP,0.0
CVX,4,COP|KMI|PSX|OKE,COP,0.5589871325510536
CVX,4,COP|KMI|PSX|OKE,KMI,0.250745278456319
CVX,4,COP|KMI|PSX|OKE,PSX,0.19026758899262733
CVX,4,COP|KMI|PSX|OKE,OKE,1.3068024310239346e-17
CVX,4,COP|KMI|PSX|MPC,COP,0.5589872606968483
CVX,4,COP|KMI|PSX|MPC,KMI,0.2507452961301816
CVX,4,COP|KMI|PSX|MPC,PSX,0.19026744317297017
CVX,4,COP|KMI|PSX|MPC,MPC,8.051193747439934e-18
CVX,4,COP|KMI|PSX|SLB,COP,0.4722825119860052
CVX,4,COP|KMI|PSX|SLB,KMI,0.2506477018686937
CVX,4,COP|KMI|PSX|SLB,PSX,0.173033039236817
CVX,4,COP|KMI|PSX|SLB,SLB,0.10403674690848415
CVX,4,COP|KMI|WMB|TRGP,COP,0.6819419745139347
CVX,4,COP|KMI|WMB|TRGP,KMI,0.31805802548606554
CVX,4,COP|KMI|WMB|TRGP,WMB,0.0
CVX,4,COP|KMI|WMB|TRGP,TRGP,7.15573433840433e-18
CVX,4,COP|KMI|WMB|OKE,COP,0.6819419751210595
CVX,4,COP|KMI|WMB|OKE,KMI,0.31805802487894047
CVX,4,COP|KMI|WMB|OKE,WMB,0.0
CVX,4,COP|KMI|WMB|OKE,OKE,1.0041067369931378e-16
CVX,4,COP|KMI|WMB|MPC,COP,0.5886995285087099
CVX,4,COP|KMI|WMB|MPC,KMI,0.27256699530188516
CVX,4,COP|KMI|WMB|MPC,WMB,0.0
CVX,4,COP|KMI|WMB|MPC,MPC,0.13873347618940504
CVX,4,COP|KMI|WMB|SLB,COP,0.5594852803420485
CVX,4,COP|KMI|WMB|SLB,KMI,0.3103047474716415
CVX,4,COP|KMI|WMB|SLB,WMB,1.0648135883228535e-16
CVX,4,COP|KMI|WMB|SLB,SLB,0.13020997218630986
CVX,4,COP|KMI|TRGP|OKE,COP,0.6819419749023622
CVX,4,COP|KMI|TRGP|OKE,KMI,0.318058025097638
CVX,4,COP|KMI|TRGP|OKE,TRGP,0.0
CVX,4,COP|KMI|TRGP|OKE,OKE,0.0
CVX,4,COP|KMI|TRGP|MPC,COP,0.5886998632623408
CVX,4,COP|KMI|TRGP|MPC,KMI,0.27256727803800934
CVX,4,COP|KMI|TRGP|MPC,TRGP,0.0
CVX,4,COP|KMI|TRGP|MPC,MPC,0.13873285869964985
CVX,4,COP|KMI|TRGP|SLB,COP,0.5594844797112628
CVX,4,COP|KMI|TRGP|SLB,KMI,0.3103049576638125
CVX,4,COP|KMI|TRGP|SLB,TRGP,4.548566926755593e-19
CVX,4,COP|KMI|TRGP|SLB,SLB,0.13021056262492464
CVX,4,COP|KMI|OKE|MPC,COP,0.5886998478307957
CVX,4,COP|KMI|OKE|MPC,KMI,0.2725672578236052
CVX,4,COP|KMI|OKE|MPC,OKE,0.0
CVX,4,COP|KMI|OKE|MPC,MPC,0.13873289434559916
CVX,4,COP|KMI|OKE|SLB,COP,0.55948520150019
CVX,4,COP|KMI|OKE|SLB,KMI,0.3103048529950353
CVX,4,COP|KMI|OKE|SLB,OKE,0.0
CVX,4,COP|KMI|OKE|SLB,SLB,0.13020994550477474
CVX,4,COP|KMI|MPC|SLB,COP,0.472652634879004
CVX,4,COP|KMI|MPC|SLB,KMI,0.26627338101846854
CVX,4,COP|KMI|MPC|SLB,MPC,0.13504106565001808
CVX,4,COP|KMI|MPC|SLB,SLB,0.1260329184525094
CVX,4,COP|PSX|WMB|TRGP,COP,0.5426777924811307
CVX,4,COP|PSX|WMB|TRGP,PSX,0.22004385016779743
CVX,4,COP|PSX|WMB|TRGP,WMB,0.23727835735107186
CVX,4,COP|PSX|WMB|TRGP,TRGP,8.84477180196922e-18
CVX,4,COP|PSX|WMB|OKE,COP,0.5426776062939693
CVX,4,COP|PSX|WMB|OKE,PSX,0.2200440023394529
CVX,4,COP|PSX|WMB|OKE,WMB,0.23727839136657775
CVX,4,COP|PSX|WMB|OKE,OKE,5.464368775005408e-18
CVX,4,COP|PSX|WMB|MPC,COP,0.5426775817141727
CVX,4,COP|PSX|WMB|MPC,PSX,0.22004387114120816
CVX,4,COP|PSX|WMB|MPC,WMB,0.23727854714461916
CVX,4,COP|PSX|WMB|MPC,MPC,1.1244362374800837e-19
CVX,4,COP|PSX|WMB|SLB,COP,0.47599695106013323
CVX,4,COP|PSX|WMB|SLB,PSX,0.2078255221962575
CVX,4,COP|PSX|WMB|SLB,WMB,0.23075376270991485
CVX,4,COP|PSX|WMB|SLB,SLB,0.08542376403369442
CVX,4,COP|PSX|TRGP|OKE,COP,0.5485165146693649
CVX,4,COP|PSX|TRGP|OKE,PSX,0.23823942725964983
CVX,4,COP|PSX|TRGP|OKE,TRGP,0.12364723343787994
CVX,4,COP|PSX|TRGP|OKE,OKE,0.0895968246331054
CVX,4,COP|PSX|TRGP|MPC,COP,0.5486145017513756
CVX,4,COP|PSX|TRGP|MPC,PSX,0.25165526518852815
CVX,4,COP|PSX|TRGP|MPC,TRGP,0.19973023306009624
CVX,4,COP|PSX|TRGP|MPC,MPC,5.660456488704472e-18
CVX,4,COP|PSX|TRGP|SLB,COP,0.4326983067172047
CVX,4,COP|PSX|TRGP|SLB,PSX,0.22803280717897656
CVX,4,COP|PSX|TRGP|SLB,TRGP,0.21329236253371872
CVX,4,COP|PSX|TRGP|SLB,SLB,0.12597652357010003
CVX,4,COP|PSX|OKE|MPC,COP,0.5798429523103636
CVX,4,COP|PSX|OKE|MPC,PSX,0.2311983024491635
CVX,4,COP|PSX|OKE|MPC,OKE,0.18895874524047285
CVX,4,COP|PSX|OKE|MPC,MPC,6.7473060527404526e-18
CVX,4,COP|PSX|OKE|SLB,COP,0.4898943402351476
CVX,4,COP|PSX|OKE|SLB,PSX,0.21303750419042733
CVX,4,COP|PSX|OKE|SLB,OKE,0.19033344768436633
CVX,4,COP|PSX|OKE|SLB,SLB,0.1067347078900587
CVX,4,COP|PSX|MPC|SLB,COP,0.6215156904119695
CVX,4,COP|PSX|MPC|SLB,PSX,0.2741962466435615
CVX,4,COP|PSX|MPC|SLB,MPC,2.284913726865838e-17
CVX,4,COP|PSX|MPC|SLB,SLB,0.104288062944469
CVX,4,COP|WMB|TRGP|OKE,COP,0.7007971592105532
CVX,4,COP|WMB|TRGP|OKE,WMB,0.29920284078944687
CVX,4,COP|WMB|TRGP|OKE,TRGP,3.6597531029753744e-18
CVX,4,COP|WMB|TRGP|OKE,OKE,1.8397555614363403e-18
CVX,4,COP|WMB|TRGP|MPC,COP,0.5810362898932578
CVX,4,COP|WMB|TRGP|MPC,WMB,0.2548421494276638
CVX,4,COP|WMB|TRGP|MPC,TRGP,0.0
CVX,4,COP|WMB|TRGP|MPC,MPC,0.16412156067907835
CVX,4,COP|WMB|TRGP|SLB,COP,0.5907025146985069
CVX,4,COP|WMB|TRGP|SLB,WMB,0.26837340271439597
CVX,4,COP|WMB|TRGP|SLB,TRGP,0.02245321593847105
CVX,4,COP|WMB|TRGP|SLB,SLB,0.11847086664862616
CVX,4,COP|WMB|OKE|MPC,COP,0.5810362685907975
CVX,4,COP|WMB|OKE|MPC,WMB,0.2548421213067903
CVX,4,COP|WMB|OKE|MPC,OKE,0.0
CVX,4,COP|WMB|OKE|MPC,MPC,0.1641216101024123
CVX,4,COP|WMB|OKE|SLB,COP,0.59944513948147
CVX,4,COP|WMB|OKE|SLB,WMB,0.28582113408575865
CVX,4,COP|WMB|OKE|SLB,OKE,0.0
CVX,4,COP|WMB|OKE|SLB,SLB,0.11473372643277126
CVX,4,COP|WMB|MPC|SLB,COP,0.4837814688971054
CVX,4,COP|WMB|MPC|SLB,WMB,0.24233117482916236
CVX,4,COP|WMB|MPC|SLB,MPC,0.16222649704268213
CVX,4,COP|WMB|MPC|SLB,SLB,0.11166085923105011
CVX,4,COP|TRGP|OKE|MPC,COP,0.6227971278926042
CVX,4,COP|TRGP|OKE|MPC,TRGP,0.013094754337616156
CVX,4,COP|TRGP|OKE|MPC,OKE,0.19669395738770865
CVX,4,COP|TRGP|OKE|MPC,MPC,0.16741416038207083
CVX,4,COP|TRGP|OKE|SLB,COP,0.5623218780402807
CVX,4,COP|TRGP|OKE|SLB,TRGP,0.13097834815942264
CVX,4,COP|TRGP|OKE|SLB,OKE,0.15246465253428315
CVX,4,COP|TRGP|OKE|SLB,SLB,0.15423512126601338
CVX,4,COP|TRGP|MPC|SLB,COP,0.4854293510724738
CVX,4,COP|TRGP|MPC|SLB,TRGP,0.2017286803167918
CVX,4,COP|TRGP|MPC|SLB,MPC,0.15592955391950405
CVX,4,COP|TRGP|MPC|SLB,SLB,0.15691241469123032
CVX,4,COP|OKE|MPC|SLB,COP,0.4987297858761478
CVX,4,COP|OKE|MPC|SLB,OKE,0.2026964530642893
CVX,4,COP|OKE|MPC|SLB,MPC,0.16377619989932976
CVX,4,COP|OKE|MPC|SLB,SLB,0.13479756116023314
CVX,4,HAL|CNQ|DVN|FANG,HAL,0.32167976681163996
CVX,4,HAL|CNQ|DVN|FANG,CNQ,0.34024588279270207
CVX,4,HAL|CNQ|DVN|FANG,DVN,0.16446932047691792
CVX,4,HAL|CNQ|DVN|FANG,FANG,0.17360502991874013
CVX,4,HAL|CNQ|DVN|SU,HAL,0.33210401776995246
CVX,4,HAL|CNQ|DVN|SU,CNQ,0.2210267845944773
CVX,4,HAL|CNQ|DVN|SU,DVN,0.33088894646477324
CVX,4,HAL|CNQ|DVN|SU,SU,0.11598025117079702
CVX,4,HAL|CNQ|DVN|CVE,HAL,0.3301659145136491
CVX,4,HAL|CNQ|DVN|CVE,CNQ,0.3458418323726498
CVX,4,HAL|CNQ|DVN|CVE,DVN,0.32399225311370117
CVX,4,HAL|CNQ|DVN|CVE,CVE,0.0
CVX,4,HAL|CNQ|DVN|KMI,HAL,0.23481626401495279
CVX,4,HAL|CNQ|DVN|KMI,CNQ,0.276098173419718
CVX,4,HAL|CNQ|DVN|KMI,DVN,0.2318579408317455
CVX,4,HAL|CNQ|DVN|KMI,KMI,0.25722762173358377
CVX,4,HAL|CNQ|DVN|PSX,HAL,0.22468333461184062
CVX,4,HAL|CNQ|DVN|PSX,CNQ,0.2530382181375628
CVX,4,HAL|CNQ|DVN|PSX,DVN,0.23844753010024136
CVX,4,HAL|CNQ|DVN|PSX,PSX,0.28383091715035524
CVX,4,HAL|CNQ|DVN|WMB,HAL,0.23935939597338424
CVX,4,HAL|CNQ|DVN|WMB,CNQ,0.2773022878002523
CVX,4,HAL|CNQ|DVN|WMB,DVN,0.26197383000400504
CVX,4,HAL|CNQ|DVN|WMB,WMB,0.22136448622235844
CVX,4,HAL|CNQ|DVN|TRGP,HAL,0.3011007646145269
CVX,4,HAL|CNQ|DVN|TRGP,CNQ,0.28593584028549013
CVX,4,HAL|CNQ|DVN|TRGP,DVN,0.24816131288446688
CVX,4,HAL|CNQ|DVN|TRGP,TRGP,0.16480208221551626
CVX,4,HAL|CNQ|DVN|OKE,HAL,0.26252786599134575
CVX,4,HAL|CNQ|DVN|OKE,CNQ,0.29495402816313665
CVX,4,HAL|CNQ|DVN|OKE,DVN,0.2370475334891753
CVX,4,HAL|CNQ|DVN|OKE,OKE,0.20547057235634233
CVX,4,HAL|CNQ|DVN|MPC,HAL,0.2815715866100585
CVX,4,HAL|CNQ|DVN|MPC,CNQ,0.2591468642427767
CVX,4,HAL|CNQ|DVN|MPC,DVN,0.2265513192918405
CVX,4,HAL|CNQ|DVN|MPC,MPC,0.23273022985532438
CVX,4,HAL|CNQ|DVN|SLB,HAL,0.33016764370156976
CVX,4,HAL|CNQ|DVN|SLB,CNQ,0.34584037113796523
CVX,4,HAL|CNQ|DVN|SLB,DVN,0.32399198516046507
CVX,4,HAL|CNQ|DVN|SLB,SLB,1.3600596275825487e-17
CVX,4,HAL|CNQ|FANG|SU,HAL,0.33204155474484875
CVX,4,HAL|CNQ|FANG|SU,CNQ,0.25394915324579564
CVX,4,HAL|CNQ|FANG|SU,FANG,0.32538224536949434
CVX,4,HAL|CNQ|FANG|SU,SU,0.08862704663986117
CVX,4,HAL|CNQ|FANG|CVE,HAL,0.3302353369563056
CVX,4,HAL|CNQ|FANG|CVE,CNQ,0.34900274483430976
CVX,4,HAL|CNQ|FANG|CVE,FANG,0.32076191820938466
CVX,4,HAL|CNQ|FANG|CVE,CVE,1.0560171511656176e-17
CVX,4,HAL|CNQ|FANG|KMI,HAL,0.21455677275514293
CVX,4,HAL|CNQ|FANG|KMI,CNQ,0.2617452546728084
CVX,4,HAL|CNQ|FANG|KMI,FANG,0.2546676476411139
CVX,4,HAL|CNQ|FANG|KMI,KMI,0.26903032493093487
CVX,4,HAL|CNQ|FANG|PSX,HAL,0.24060795642629187
CVX,4,HAL|CNQ|FANG|PSX,CNQ,0.2688214735539217
CVX,4,HAL|CNQ|FANG|PSX,FANG,0.21414209454881236
CVX,4,HAL|CNQ|FANG|PSX,PSX,0.276428475470974
CVX,4,HAL|CNQ|FANG|WMB,HAL,0.2146487402629405
CVX,4,HAL|CNQ|FANG|WMB,CNQ,0.2597300354782471
CVX,4,HAL|CNQ|FANG|WMB,FANG,0.2836428670842778
CVX,4,HAL|CNQ|FANG|WMB,WMB,0.24197835717453456
CVX,4,HAL|CNQ|FANG|TRGP,HAL,0.27129100634360237
CVX,4,HAL|CNQ|FANG|TRGP,CNQ,0.2553643171034325
CVX,4,HAL|CNQ|FANG|TRGP,FANG,0.2724904428367932
CVX,4,HAL|CNQ|FANG|TRGP,TRGP,0.20085423371617195
CVX,4,HAL|CNQ|FANG|OKE,HAL,0.24861107992174356
CVX,4,HAL|CNQ|FANG|OKE,CNQ,0.28579704915985954
CVX,4,HAL|CNQ|FANG|OKE,FANG,0.249823498709255
CVX,4,HAL|CNQ|FANG|OKE,OKE,0.21576837220914197
CVX,4,HAL|CNQ|FANG|MPC,HAL,0.2838207511330724
CVX,4,HAL|CNQ|FANG|MPC,CNQ,0.2634875595148871
CVX,4,HAL|CNQ|FANG|MPC,FANG,0.22136759346452028
CVX,4,HAL|CNQ|FANG|MPC,MPC,0.23132409588752018
CVX,4,HAL|CNQ|FANG|SLB,HAL,0.3302353827866357
CVX,4,HAL|CNQ|FANG|SLB,CNQ,0.34900269608705176
CVX,4,HAL|CNQ|FANG|SLB,FANG,0.32076192112631263
CVX,4,HAL|CNQ|FANG|SLB,SLB,0.0
CVX,4,HAL|CNQ|SU|CVE,HAL,0.5046211136642347
CVX,4,HAL|CNQ|SU|CVE,CNQ,0.49537888633576543
CVX,4,HAL|CNQ|SU|CVE,SU,0.0
CVX,4,HAL|CNQ|SU|CVE,CVE,6.35613523619627e-17
CVX,4,HAL|CNQ|SU|KMI,HAL,0.33413239504729686
CVX,4,HAL|CNQ|SU|KMI,CNQ,0.14308981231910464
CVX,4,HAL|CNQ|SU|KMI,SU,0.20272224106653353
CVX,4,HAL|CNQ|SU|KMI,KMI,0.320055551567065
CVX,4,HAL|CNQ|SU|PSX,HAL,0.3311558808974319
CVX,4,HAL|CNQ|SU|PSX,CNQ,0.3439584610243409
CVX,4,HAL|CNQ|SU|PSX,SU,0.0
CVX,4,HAL|CNQ|SU|PSX,PSX,0.3248856580782272
CVX,4,HAL|CNQ|SU|WMB,HAL,0.35257275921794823
CVX,4,HAL|CNQ|SU|WMB,CNQ,0.11123134783857273
CVX,4,HAL|CNQ|SU|WMB,SU,0.2440078722063381
CVX,4,HAL|CNQ|SU|WMB,WMB,0.292188020737141
CVX,4,HAL|CNQ|SU|TRGP,HAL,0.39752142159841936
CVX,4,HAL|CNQ|SU|TRGP,CNQ,0.349960594516556
CVX,4,HAL|CNQ|SU|TRGP,SU,0.0
CVX,4,HAL|CNQ|SU|TRGP,TRGP,0.2525179838850246
CVX,4,HAL|CNQ|SU|OKE,HAL,0.35674453509329285
CVX,4,HAL|CNQ|SU|OKE,CNQ,0.25483596112656054
CVX,4,HAL|CNQ|SU|OKE,SU,0.11305906144272396
CVX,4,HAL|CNQ|SU|OKE,OKE,0.2753604423374228
CVX,4,HAL|CNQ|SU|MPC,HAL,0.38308676261206526
CVX,4,HAL|CNQ|SU|MPC,CNQ,0.3370402661182847
CVX,4,HAL|CNQ|SU|MPC,SU,1.4317546138205208e-16
CVX,4,HAL|CNQ|SU|MPC,MPC,0.27987297126965
CVX,4,HAL|CNQ|SU|SLB,HAL,0.50462111675999
CVX,4,HAL|CNQ|SU|SLB,CNQ,0.49537888324000995
CVX,4,HAL|CNQ|SU|SLB,SU,2.1834749769598706e-16
CVX,4,HAL|CNQ|SU|SLB,SLB,0.0
CVX,4,HAL|CNQ|CVE|KMI,HAL,0.32607586953023504
CVX,4,HAL|CNQ|CVE|KMI,CNQ,0.31589417570536127
CVX,4,HAL|CNQ|CVE|KMI,CVE,0.04391015113812469
CVX,4,HAL|CNQ|CVE|KMI,KMI,0.31411980362627895
CVX,4,HAL|CNQ|CVE|PSX,HAL,0.33115555193449775
CVX,4,HAL|CNQ|CVE|PSX,CNQ,0.34395860697840114
CVX,4,HAL|CNQ|CVE|PSX,CVE,2.437676118903151e-17
CVX,4,HAL|CNQ|CVE|PSX,PSX,0.32488584108710117
CVX,4,HAL|CNQ|CVE|WMB,HAL,0.3508536062258383
CVX,4,HAL|CNQ|CVE|WMB,CNQ,0.3750858433389879
CVX,4,HAL|CNQ|CVE|WMB,CVE,5.329954820597685e-19
CVX,4,HAL|CNQ|CVE|WMB,WMB,0.2740605504351739
CVX,4,HAL|CNQ|CVE|TRGP,HAL,0.3975214247605436
CVX,4,HAL|CNQ|CVE|TRGP,CNQ,0.3499606115162255
CVX,4,HAL|CNQ|CVE|TRGP,CVE,0.0
CVX,4,HAL|CNQ|CVE|TRGP,TRGP,0.25251796372323104
CVX,4,HAL|CNQ|CVE|OKE,HAL,0.3541040813633781
CVX,4,HAL|CNQ|CVE|OKE,CNQ,0.37568522435133545
CVX,4,HAL|CNQ|CVE|OKE,CVE,6.208116228663581e-17
CVX,4,HAL|CNQ|CVE|OKE,OKE,0.27021069428528643
CVX,4,HAL|CNQ|CVE|MPC,HAL,0.38308723751707885
CVX,4,HAL|CNQ|CVE|MPC,CNQ,0.3370402886947058
CVX,4,HAL|CNQ|CVE|MPC,CVE,9.7185198705949e-17
CVX,4,HAL|CNQ|CVE|MPC,MPC,0.2798724737882154
CVX,4,HAL|CNQ|CVE|SLB,HAL,0.5046211183839957
CVX,4,HAL|CNQ|CVE|SLB,CNQ,0.49537888161600463
CVX,4,HAL|CNQ|CVE|SLB,CVE,0.0
CVX,4,HAL|CNQ|CVE|SLB,SLB,0.0
CVX,4,HAL|CNQ|KMI|PSX,HAL,0.2564572498168708
CVX,4,HAL|CNQ|KMI|PSX,CNQ,0.2902219738743932
CVX,4,HAL|CNQ|KMI|PSX,KMI,0.20671745828031607
CVX,4,HAL|CNQ|KMI|PSX,PSX,0.24660331802841995
CVX,4,HAL|CNQ|KMI|WMB,HAL,0.33026831029547055
CVX,4,HAL|CNQ|KMI|WMB,CNQ,0.3603477051563426
CVX,4,HAL|CNQ|KMI|WMB,KMI,0.3093839845481869
CVX,4,HAL|CNQ|KMI|WMB,WMB,0.0
CVX,4,HAL|CNQ|KMI|TRGP,HAL,0.3302686214785764
CVX,4,HAL|CNQ|KMI|TRGP,CNQ,0.360348026379131
CVX,4,HAL|CNQ|KMI|TRGP,KMI,0.30938335214229273
CVX,4,HAL|CNQ|KMI|TRGP,TRGP,0.0
CVX,4,HAL|CNQ|KMI|OKE,HAL,0.33026855282957884
CVX,4,HAL|CNQ|KMI|OKE,CNQ,0.3603478708874739
CVX,4,HAL|CNQ|KMI|OKE,KMI,0.3093835762829473
CVX,4,HAL|CNQ|KMI|OKE,OKE,0.0
CVX,4,HAL|CNQ|KMI|MPC,HAL,0.29003000546164914
CVX,4,HAL|CNQ|KMI|MPC,CNQ,0.28205745628294454
CVX,4,HAL|CNQ|KMI|MPC,KMI,0.22251432667665164
CVX,4,HAL|CNQ|KMI|MPC,MPC,0.20539821157875468
CVX,4,HAL|CNQ|KMI|SLB,HAL,0.1391271589258562
CVX,4,HAL|CNQ|KMI|SLB,CNQ,0.37300247084278443
CVX,4,HAL|CNQ|KMI|SLB,KMI,0.33837970157360847
CVX,4,HAL|CNQ|KMI|SLB,SLB,0.149490668657751
CVX,4,HAL|CNQ|PSX|WMB,HAL,0.25453016904204073
CVX,4,HAL|CNQ|PSX|WMB,CNQ,0.2863399057717547
CVX,4,HAL|CNQ|PSX|WMB,PSX,0.2768077438067009
CVX,4,HAL|CNQ|PSX|WMB,WMB,0.18232218137950362
CVX,4,HAL|CNQ|PSX|TRGP,HAL,0.281031030418724
CVX,4,HAL|CNQ|PSX|TRGP,CNQ,0.2662401509795706
CVX,4,HAL|CNQ|PSX|TRGP,PSX,0.2875739115608889
CVX,4,HAL|CNQ|PSX|TRGP,TRGP,0.16515490704081648
CVX,4,HAL|CNQ|PSX|OKE,HAL,0.26980688685106524
CVX,4,HAL|CNQ|PSX|OKE,CNQ,0.29755510941315055
CVX,4,HAL|CNQ|PSX|OKE,PSX,0.26747371894826893
CVX,4,HAL|CNQ|PSX|OKE,OKE,0.1651642847875152
CVX,4,HAL|CNQ|PSX|MPC,HAL,0.33115498032696017
CVX,4,HAL|CNQ|PSX|MPC,CNQ,0.3439594026666652
CVX,4,HAL|CNQ|PSX|MPC,PSX,0.3248856170063746
CVX,4,HAL|CNQ|PSX|MPC,MPC,2.0660404132953267e-17
CVX,4,HAL|CNQ|PSX|SLB,HAL,0.3311559704744711
CVX,4,HAL|CNQ|PSX|SLB,CNQ,0.3439584098232209
CVX,4,HAL|CNQ|PSX|SLB,PSX,0.32488561970230817
CVX,4,HAL|CNQ|PSX|SLB,SLB,3.354091652449419e-18
CVX,4,HAL|CNQ|WMB|TRGP,HAL,0.35191658035022994
CVX,4,HAL|CNQ|WMB|TRGP,CNQ,0.35988462923518816
CVX,4,HAL|CNQ|WMB|TRGP,WMB,0.22251067827667123
CVX,4,HAL|CNQ|WMB|TRGP,TRGP,0.06568811213791069
CVX,4,HAL|CNQ|WMB|OKE,HAL,0.34532114070829395
CVX,4,HAL|CNQ|WMB|OKE,CNQ,0.36940610081895603
CVX,4,HAL|CNQ|WMB|OKE,WMB,0.09737303435039024
CVX,4,HAL|CNQ|WMB|OKE,OKE,0.1878997241223598
CVX,4,HAL|CNQ|WMB|MPC,HAL,0.2965529691279929
CVX,4,HAL|CNQ|WMB|MPC,CNQ,0.2800289643226799
CVX,4,HAL|CNQ|WMB|MPC,WMB,0.19081782650038207
CVX,4,HAL|CNQ|WMB|MPC,MPC,0.23260024004894525
CVX,4,HAL|CNQ|WMB|SLB,HAL,0.3169640949900189
CVX,4,HAL|CNQ|WMB|SLB,CNQ,0.3773480589598846
CVX,4,HAL|CNQ|WMB|SLB,WMB,0.27914452800618195
CVX,4,HAL|CNQ|WMB|SLB,SLB,0.026543318043914597
CVX,4,HAL|CNQ|TRGP|OKE,HAL,0.35418125389165095
CVX,4,HAL|CNQ|TRGP|OKE,CNQ,0.3716682009061622
CVX,4,HAL|CNQ|TRGP|OKE,TRGP,0.01709315624431129
CVX,4,HAL|CNQ|TRGP|OKE,OKE,0.2570573889578757
CVX,4,HAL|CNQ|TRGP|MPC,HAL,0.3481316397608254
CVX,4,HAL|CNQ|TRGP|MPC,CNQ,0.28853667019758594
CVX,4,HAL|CNQ|TRGP|MPC,TRGP,0.12712102257823835
CVX,4,HAL|CNQ|TRGP|MPC,MPC,0.23621066746335037
CVX,4,HAL|CNQ|TRGP|SLB,HAL,0.24614092583483982
CVX,4,HAL|CNQ|TRGP|SLB,CNQ,0.35210959343008785
CVX,4,HAL|CNQ|TRGP|SLB,TRGP,0.2835401282022369
CVX,4,HAL|CNQ|TRGP|SLB,SLB,0.11820935253283543
CVX,4,HAL|CNQ|OKE|MPC,HAL,0.312216911163334
CVX,4,HAL|CNQ|OKE|MPC,CNQ,0.2935881740837408
CVX,4,HAL|CNQ|OKE|MPC,OKE,0.1728681327472142
CVX,4,HAL|CNQ|OKE|MPC,MPC,0.22132678200571088
CVX,4,HAL|CNQ|OKE|SLB,HAL,0.32190440207337123
CVX,4,HAL|CNQ|OKE|SLB,CNQ,0.3780259962520345
CVX,4,HAL|CNQ|OKE|SLB,OKE,0.27464417005865
CVX,4,HAL|CNQ|OKE|SLB,SLB,0.025425431615944207
CVX,4,HAL|CNQ|MPC|SLB,HAL,0.38308728345978615
CVX,4,HAL|CNQ|MPC|SLB,CNQ,0.33704007785652507
CVX,4,HAL|CNQ|MPC|SLB,MPC,0.27987263868368883
CVX,4,HAL|CNQ|MPC|SLB,SLB,0.0
CVX,4,HAL|DVN|FANG|SU,HAL,0.33363125568689134
CVX,4,HAL|DVN|FANG|SU,DVN,0.18839657934565757
CVX,4,HAL|DVN|FANG|SU,FANG,0.1742288387604199
CVX,4,HAL|DVN|FANG|SU,SU,0.30374332620703126
CVX,4,HAL|DVN|FANG|CVE,HAL,0.39589827241271297
CVX,4,HAL|DVN|FANG|CVE,DVN,0.15074143360786563
CVX,4,HAL|DVN|FANG|CVE,FANG,0.22195683612090758
CVX,4,HAL|DVN|FANG|CVE,CVE,0.23140345785851382
CVX,4,HAL|DVN|FANG|KMI,HAL,0.3204687500614959
CVX,4,HAL|DVN|FANG|KMI,DVN,0.000672802841579161
CVX,4,HAL|DVN|FANG|KMI,FANG,0.3552339007292269
CVX,4,HAL|DVN|FANG|KMI,KMI,0.3236245463676981
CVX,4,HAL|DVN|FANG|PSX,HAL,0.3292053477940883
CVX,4,HAL|DVN|FANG|PSX,DVN,0.3378526273509575
CVX,4,HAL|DVN|FANG|PSX,FANG,0.0003047405274616883
CVX,4,HAL|DVN|FANG|PSX,PSX,0.3326372843274927
CVX,4,HAL|DVN|FANG|WMB,HAL,0.307330317392453
CVX,4,HAL|DVN|FANG|WMB,DVN,0.0
CVX,4,HAL|DVN|FANG|WMB,FANG,0.383739410894209
CVX,4,HAL|DVN|FANG|WMB,WMB,0.30893027171333814
CVX,4,HAL|DVN|FANG|TRGP,HAL,0.3605260438710389
CVX,4,HAL|DVN|FANG|TRGP,DVN,0.0
CVX,4,HAL|DVN|FANG|TRGP,FANG,0.3531575356997899
CVX,4,HAL|DVN|FANG|TRGP,TRGP,0.28631642042917116
CVX,4,HAL|DVN|FANG|OKE,HAL,0.3671670425418517
CVX,4,HAL|DVN|FANG|OKE,DVN,0.06680502281651028
CVX,4,HAL|DVN|FANG|OKE,FANG,0.2984055619950451
CVX,4,HAL|DVN|FANG|OKE,OKE,0.26762237264659305
CVX,4,HAL|DVN|FANG|MPC,HAL,0.38846521238403176
CVX,4,HAL|DVN|FANG|MPC,DVN,0.20140537396190006
CVX,4,HAL|DVN|FANG|MPC,FANG,0.13104387789928554
CVX,4,HAL|DVN|FANG|MPC,MPC,0.2790855357547827
CVX,4,HAL|DVN|FANG|SLB,HAL,0.49365407154736896
CVX,4,HAL|DVN|FANG|SLB,DVN,0.27033871121644243
CVX,4,HAL|DVN|FANG|SLB,FANG,0.2360072172361887
CVX,4,HAL|DVN|FANG|SLB,SLB,0.0
CVX,4,HAL|DVN|SU|CVE,HAL,0.34232723518310404
CVX,4,HAL|DVN|SU|CVE,DVN,0.3488810278436339
CVX,4,HAL|DVN|SU|CVE,SU,0.308791736973262
CVX,4,HAL|DVN|SU|CVE,CVE,3.1021099385531055e-17
CVX,4,HAL|DVN|SU|KMI,HAL,0.23287977775361252
CVX,4,HAL|DVN|SU|KMI,DVN,0.24126871872647332
CVX,4,HAL|DVN|SU|KMI,SU,0.2585230680561673
CVX,4,HAL|DVN|SU|KMI,KMI,0.2673284354637469
CVX,4,HAL|DVN|SU|PSX,HAL,0.24824002135822446
CVX,4,HAL|DVN|SU|PSX,DVN,0.2691277910680072
CVX,4,HAL|DVN|SU|PSX,SU,0.20572389331772012
CVX,4,HAL|DVN|SU|PSX,PSX,0.27690829425604824
CVX,4,HAL|DVN|SU|WMB,HAL,0.2332803358709332
CVX,4,HAL|DVN|SU|WMB,DVN,0.2693069167676422
CVX,4,HAL|DVN|SU|WMB,SU,0.26081307132101733
CVX,4,HAL|DVN|SU|WMB,WMB,0.23659967604040735
CVX,4,HAL|DVN|SU|TRGP,HAL,0.3113035403888513
CVX,4,HAL|DVN|SU|TRGP,DVN,0.2685941089221643
CVX,4,HAL|DVN|SU|TRGP,SU,0.2544674052598626
CVX,4,HAL|DVN|SU|TRGP,TRGP,0.16563494542912188
CVX,4,HAL|DVN|SU|OKE,HAL,0.26506503851710006
CVX,4,HAL|DVN|SU|OKE,DVN,0.2501711317924763
CVX,4,HAL|DVN|SU|OKE,SU,0.2699442323715286
CVX,4,HAL|DVN|SU|OKE,OKE,0.21481959731889508
CVX,4,HAL|DVN|SU|MPC,HAL,0.30850814332607995
CVX,4,HAL|DVN|SU|MPC,DVN,0.2632098431708357
CVX,4,HAL|DVN|SU|MPC,SU,0.20660765871687084
CVX,4,HAL|DVN|SU|MPC,MPC,0.22167435478621342
CVX,4,HAL|DVN|SU|SLB,HAL,0.34232750658401084
CVX,4,HAL|DVN|SU|SLB,DVN,0.3488810583391506
CVX,4,HAL|DVN|SU|SLB,SU,0.30879143507683854
CVX,4,HAL|DVN|SU|SLB,SLB,2.1500237300155906e-17
CVX,4,HAL|DVN|CVE|KMI,HAL,0.25891852769706153
CVX,4,HAL|DVN|CVE|KMI,DVN,0.214425104194642
CVX,4,HAL|DVN|CVE|KMI,CVE,0.22357959609165473
CVX,4,HAL|DVN|CVE|KMI,KMI,0.30307677201664174
CVX,4,HAL|DVN|CVE|PSX,HAL,0.2700362180286288
CVX,4,HAL|DVN|CVE|PSX,DVN,0.2529937281911916
CVX,4,HAL|DVN|CVE|PSX,CVE,0.16494409000192223
CVX,4,HAL|DVN|CVE|PSX,PSX,0.3120259637782574
CVX,4,HAL|DVN|CVE|WMB,HAL,0.26996427026508546
CVX,4,HAL|DVN|CVE|WMB,DVN,0.25967591926414113
CVX,4,HAL|DVN|CVE|WMB,CVE,0.20239797188025638
CVX,4,HAL|DVN|CVE|WMB,WMB,0.26796183859051714
CVX,4,HAL|DVN|CVE|TRGP,HAL,0.36508790575607936
CVX,4,HAL|DVN|CVE|TRGP,DVN,0.26706200139444825
CVX,4,HAL|DVN|CVE|TRGP,CVE,0.16091067883613144
CVX,4,HAL|DVN|CVE|TRGP,TRGP,0.20693941401334096
CVX,4,HAL|DVN|CVE|OKE,HAL,0.3058301413811156
CVX,4,HAL|DVN|CVE|OKE,DVN,0.23526253100420275
CVX,4,HAL|DVN|CVE|OKE,CVE,0.2128925886867807
CVX,4,HAL|DVN|CVE|OKE,OKE,0.24601473892790107
CVX,4,HAL|DVN|CVE|MPC,HAL,0.3479788451183389
CVX,4,HAL|DVN|CVE|MPC,DVN,0.2591064888043923
CVX,4,HAL|DVN|CVE|MPC,CVE,0.13546979143179666
CVX,4,HAL|DVN|CVE|MPC,MPC,0.25744487464547217
CVX,4,HAL|DVN|CVE|SLB,HAL,0.40939745733682126
CVX,4,HAL|DVN|CVE|SLB,DVN,0.35673028298216536
CVX,4,HAL|DVN|CVE|SLB,CVE,0.2338722596810135
CVX,4,HAL|DVN|CVE|SLB,SLB,3.4901992591613445e-18
CVX,4,HAL|DVN|KMI|PSX,HAL,0.2669566172741738
CVX,4,HAL|DVN|KMI|PSX,DVN,0.27430303381744203
CVX,4,HAL|DVN|KMI|PSX,KMI,0.19873939806042296
CVX,4,HAL|DVN|KMI|PSX,PSX,0.2600009508479613
CVX,4,HAL|DVN|KMI|WMB,HAL,0.35173315292194707
CVX,4,HAL|DVN|KMI|WMB,DVN,0.3402470365908429
CVX,4,HAL|DVN|KMI|WMB,KMI,0.30801981048721006
CVX,4,HAL|DVN|KMI|WMB,WMB,1.1263166506229882e-16
CVX,4,HAL|DVN|KMI|TRGP,HAL,0.3517331147500425
CVX,4,HAL|DVN|KMI|TRGP,DVN,0.3402471294532969
CVX,4,HAL|DVN|KMI|TRGP,KMI,0.30801975579666063
CVX,4,HAL|DVN|KMI|TRGP,TRGP,4.512038630905251e-19
CVX,4,HAL|DVN|KMI|OKE,HAL,0.35173180744105437
CVX,4,HAL|DVN|KMI|OKE,DVN,0.3402479422325018
CVX,4,HAL|DVN|KMI|OKE,KMI,0.3080202503264439
CVX,4,HAL|DVN|KMI|OKE,OKE,4.34978946985869e-17
CVX,4,HAL|DVN|KMI|MPC,HAL,0.3105263660031159
CVX,4,HAL|DVN|KMI|MPC,DVN,0.2550795887383682
CVX,4,HAL|DVN|KMI|MPC,KMI,0.22083489847504872
CVX,4,HAL|DVN|KMI|MPC,MPC,0.21355914678346719
CVX,4,HAL|DVN|KMI|SLB,HAL,0.19214573986222833
CVX,4,HAL|DVN|KMI|SLB,DVN,0.3508329832973198
CVX,4,HAL|DVN|KMI|SLB,KMI,0.3320227149436449
CVX,4,HAL|DVN|KMI|SLB,SLB,0.12499856189680698
CVX,4,HAL|DVN|PSX|WMB,HAL,0.24935170683611474
CVX,4,HAL|DVN|PSX|WMB,DVN,0.2806575554534253
CVX,4,HAL|DVN|PSX|WMB,PSX,0.28117806759496927
CVX,4,HAL|DVN|PSX|WMB,WMB,0.1888126701154908
CVX,4,HAL|DVN|PSX|TRGP,HAL,0.2893147301095419
CVX,4,HAL|DVN|PSX|TRGP,DVN,0.25181506789376956
CVX,4,HAL|DVN|PSX|TRGP,PSX,0.29807037824270954
CVX,4,HAL|DVN|PSX|TRGP,TRGP,0.160799823753979
CVX,4,HAL|DVN|PSX|OKE,HAL,0.28767876440895584
CVX,4,HAL|DVN|PSX|OKE,DVN,0.28034136765972534
CVX,4,HAL|DVN|PSX|OKE,PSX,0.28607045225995237
CVX,4,HAL|DVN|PSX|OKE,OKE,0.14590941567136637
CVX,4,HAL|DVN|PSX|MPC,HAL,0.32921319016089057
CVX,4,HAL|DVN|PSX|MPC,DVN,0.3381272648176046
CVX,4,HAL|DVN|PSX|MPC,PSX,0.3326595450215049
CVX,4,HAL|DVN|PSX|MPC,MPC,5.812763600532636e-20
CVX,4,HAL|DVN|PSX|SLB,HAL,0.32921361979662794
CVX,4,HAL|DVN|PSX|SLB,DVN,0.33812682048712195
CVX,4,HAL|DVN|PSX|SLB,PSX,0.3326595597162502
CVX,4,HAL|DVN|PSX|SLB,SLB,0.0
CVX,4,HAL|DVN|WMB|TRGP,HAL,0.3471854552200325
CVX,4,HAL|DVN|WMB|TRGP,DVN,0.3662581810992372
CVX,4,HAL|DVN|WMB|TRGP,WMB,0.2791787844124711
CVX,4,HAL|DVN|WMB|TRGP,TRGP,0.0073775792682592425
CVX,4,HAL|DVN|WMB|OKE,HAL,0.3483625107231839
CVX,4,HAL|DVN|WMB|OKE,DVN,0.36369212305726606
CVX,4,HAL|DVN|WMB|OKE,WMB,0.2570917431900365
CVX,4,HAL|DVN|WMB|OKE,OKE,0.03085362302951346
CVX,4,HAL|DVN|WMB|MPC,HAL,0.3003513404479698
CVX,4,HAL|DVN|WMB|MPC,DVN,0.2648481429695699
CVX,4,HAL|DVN|WMB|MPC,WMB,0.20238323482380116
CVX,4,HAL|DVN|WMB|MPC,MPC,0.23241728175865914
CVX,4,HAL|DVN|WMB|SLB,HAL,0.2905440222135566
CVX,4,HAL|DVN|WMB|SLB,DVN,0.37276178388708836
CVX,4,HAL|DVN|WMB|SLB,WMB,0.29308437494728656
CVX,4,HAL|DVN|WMB|SLB,SLB,0.043609818952068516
CVX,4,HAL|DVN|TRGP|OKE,HAL,0.3896234635107401
CVX,4,HAL|DVN|TRGP|OKE,DVN,0.33443686257043204
CVX,4,HAL|DVN|TRGP|OKE,TRGP,0.07209618376760803
CVX,4,HAL|DVN|TRGP|OKE,OKE,0.20384349015121983
CVX,4,HAL|DVN|TRGP|MPC,HAL,0.36544886359070017
CVX,4,HAL|DVN|TRGP|MPC,DVN,0.26503797613150004
CVX,4,HAL|DVN|TRGP|MPC,TRGP,0.12680870354155355
CVX,4,HAL|DVN|TRGP|MPC,MPC,0.242704456736246
CVX,4,HAL|DVN|TRGP|SLB,HAL,0.2953880151517439
CVX,4,HAL|DVN|TRGP|SLB,DVN,0.3308130206475189
CVX,4,HAL|DVN|TRGP|SLB,TRGP,0.2786018587502482
CVX,4,HAL|DVN|TRGP|SLB,SLB,0.09519710545048914
CVX,4,HAL|DVN|OKE|MPC,HAL,0.3414329314379455
CVX,4,HAL|DVN|OKE|MPC,DVN,0.2632253257613224
CVX,4,HAL|DVN|OKE|MPC,OKE,0.16026558841529806
CVX,4,HAL|DVN|OKE|MPC,MPC,0.23507615438543406
CVX,4,HAL|DVN|OKE|SLB,HAL,0.39080679820139363
CVX,4,HAL|DVN|OKE|SLB,DVN,0.3504823254615841
CVX,4,HAL|DVN|OKE|SLB,OKE,0.2587108763370224
CVX,4,HAL|DVN|OKE|SLB,SLB,2.4915474143485244e-18
CVX,4,HAL|DVN|MPC|SLB,HAL,0.39522231115152445
CVX,4,HAL|DVN|MPC|SLB,DVN,0.32112343076767796
CVX,4,HAL|DVN|MPC|SLB,MPC,0.2836542580807977
CVX,4,HAL|DVN|MPC|SLB,SLB,0.0
CVX,4,HAL|FANG|SU|CVE,HAL,0.3448601197722958
CVX,4,HAL|FANG|SU|CVE,FANG,0.34430089650729767
CVX,4,HAL|FANG|SU|CVE,SU,0.31083898372040664
CVX,4,HAL|FANG|SU|CVE,CVE,0.0
CVX,4,HAL|FANG|SU|KMI,HAL,0.21196525005824687
CVX,4,HAL|FANG|SU|KMI,FANG,0.26213451063070053
CVX,4,HAL|FANG|SU|KMI,SU,0.24687354808221532
CVX,4,HAL|FANG|SU|KMI,KMI,0.27902669122883733
CVX,4,HAL|FANG|SU|PSX,HAL,0.2671888226413501
CVX,4,HAL|FANG|SU|PSX,FANG,0.2460104637419656
CVX,4,HAL|FANG|SU|PSX,SU,0.21916842784262378
CVX,4,HAL|FANG|SU|PSX,PSX,0.2676322857740605
CVX,4,HAL|FANG|SU|WMB,HAL,0.20737155206136434
CVX,4,HAL|FANG|SU|WMB,FANG,0.2894497390718771
CVX,4,HAL|FANG|SU|WMB,SU,0.24697288153527552
CVX,4,HAL|FANG|SU|WMB,WMB,0.25620582733148306
CVX,4,HAL|FANG|SU|TRGP,HAL,0.27990652701889285
CVX,4,HAL|FANG|SU|TRGP,FANG,0.2879418030514658
CVX,4,HAL|FANG|SU|TRGP,SU,0.2273771854881337
CVX,4,HAL|FANG|SU|TRGP,TRGP,0.20477448444150748
CVX,4,HAL|FANG|SU|OKE,HAL,0.25104562652731877
CVX,4,HAL|FANG|SU|OKE,FANG,0.2609745592752331
CVX,4,HAL|FANG|SU|OKE,SU,0.26219939958692784
CVX,4,HAL|FANG|SU|OKE,OKE,0.22578041461052034
CVX,4,HAL|FANG|SU|MPC,HAL,0.31272087983080676
CVX,4,HAL|FANG|SU|MPC,FANG,0.2568652458255154
CVX,4,HAL|FANG|SU|MPC,SU,0.21002498332288913
CVX,4,HAL|FANG|SU|MPC,MPC,0.22038889102078874
CVX,4,HAL|FANG|SU|SLB,HAL,0.3448604879823713
CVX,4,HAL|FANG|SU|SLB,FANG,0.34430039200428486
CVX,4,HAL|FANG|SU|SLB,SU,0.31083912001334385
CVX,4,HAL|FANG|SU|SLB,SLB,1.786900705527672e-17
CVX,4,HAL|FANG|CVE|KMI,HAL,0.23170275481213112
CVX,4,HAL|FANG|CVE|KMI,FANG,0.24880266554790156
CVX,4,HAL|FANG|CVE|KMI,CVE,0.21070609672124946
CVX,4,HAL|FANG|CVE|KMI,KMI,0.3087884829187179
CVX,4,HAL|FANG|CVE|PSX,HAL,0.2827641407935166
CVX,4,HAL|FANG|CVE|PSX,FANG,0.22515506886449646
CVX,4,HAL|FANG|CVE|PSX,CVE,0.18856579217260286
CVX,4,HAL|FANG|CVE|PSX,PSX,0.3035149981693841
CVX,4,HAL|FANG|CVE|WMB,HAL,0.23685749764003028
CVX,4,HAL|FANG|CVE|WMB,FANG,0.2906714411857019
CVX,4,HAL|FANG|CVE|WMB,CVE,0.18931753146215483
CVX,4,HAL|FANG|CVE|WMB,WMB,0.2831535297121131
CVX,4,HAL|FANG|CVE|TRGP,HAL,0.32432631193416916
CVX,4,HAL|FANG|CVE|TRGP,FANG,0.30404368749201344
CVX,4,HAL|FANG|CVE|TRGP,CVE,0.12930541759424616
CVX,4,HAL|FANG|CVE|TRGP,TRGP,0.24232458297957127
CVX,4,HAL|FANG|CVE|OKE,HAL,0.2849533375172
CVX,4,HAL|FANG|CVE|OKE,FANG,0.2563230496564029
CVX,4,HAL|FANG|CVE|OKE,CVE,0.20660753542951052
CVX,4,HAL|FANG|CVE|OKE,OKE,0.2521160773968866
CVX,4,HAL|FANG|CVE|MPC,HAL,0.34624942713598833
CVX,4,HAL|FANG|CVE|MPC,FANG,0.25254055740907977
CVX,4,HAL|FANG|CVE|MPC,CVE,0.14777765696020215
CVX,4,HAL|FANG|CVE|MPC,MPC,0.2534323584947298
CVX,4,HAL|FANG|CVE|SLB,HAL,0.4017767460108866
CVX,4,HAL|FANG|CVE|SLB,FANG,0.35341217334595765
CVX,4,HAL|FANG|CVE|SLB,CVE,0.2448110806431558
CVX,4,HAL|FANG|CVE|SLB,SLB,2.0305603207172122e-17
CVX,4,HAL|FANG|KMI|PSX,HAL,0.2653959572899177
CVX,4,HAL|FANG|KMI|PSX,FANG,0.27098267462585085
CVX,4,HAL|FANG|KMI|PSX,KMI,0.22838448613007895
CVX,4,HAL|FANG|KMI|PSX,PSX,0.2352368819541525
CVX,4,HAL|FANG|KMI|WMB,HAL,0.3204865150639453
CVX,4,HAL|FANG|KMI|WMB,FANG,0.3558275201506718
CVX,4,HAL|FANG|KMI|WMB,KMI,0.3236859647853829
CVX,4,HAL|FANG|KMI|WMB,WMB,6.0124939694952e-17
CVX,4,HAL|FANG|KMI|TRGP,HAL,0.31715882296540293
CVX,4,HAL|FANG|KMI|TRGP,FANG,0.34971755533843163
CVX,4,HAL|FANG|KMI|TRGP,KMI,0.29469735714124057
CVX,4,HAL|FANG|KMI|TRGP,TRGP,0.03842626455492488
CVX,4,HAL|FANG|KMI|OKE,HAL,0.32048622471483806
CVX,4,HAL|FANG|KMI|OKE,FANG,0.3558278281319181
CVX,4,HAL|FANG|KMI|OKE,KMI,0.3236859471532438
CVX,4,HAL|FANG|KMI|OKE,OKE,2.7069531867912134e-17
CVX,4,HAL|FANG|KMI|MPC,HAL,0.2919703035303773
CVX,4,HAL|FANG|KMI|MPC,FANG,0.26898946574245225
CVX,4,HAL|FANG|KMI|MPC,KMI,0.23966996602694648
CVX,4,HAL|FANG|KMI|MPC,MPC,0.19937026470022404
CVX,4,HAL|FANG|KMI|SLB,HAL,0.3204864970408168
CVX,4,HAL|FANG|KMI|SLB,FANG,0.355827345952957
CVX,4,HAL|FANG|KMI|SLB,KMI,0.3236861570062262
CVX,4,HAL|FANG|KMI|SLB,SLB,0.0
CVX,4,HAL|FANG|PSX|WMB,HAL,0.24305181297702166
CVX,4,HAL|FANG|PSX|WMB,FANG,0.2777828745643323
CVX,4,HAL|FANG|PSX|WMB,PSX,0.25784912183207004
CVX,4,HAL|FANG|PSX|WMB,WMB,0.22131619062657604
CVX,4,HAL|FANG|PSX|TRGP,HAL,0.2749137449442998
CVX,4,HAL|FANG|PSX|TRGP,FANG,0.24898184126025708
CVX,4,HAL|FANG|PSX|TRGP,PSX,0.2715307654014302
CVX,4,HAL|FANG|PSX|TRGP,TRGP,0.20457364839401282
CVX,4,HAL|FANG|PSX|OKE,HAL,0.2947584877018422
CVX,4,HAL|FANG|PSX|OKE,FANG,0.2641375842276011
CVX,4,HAL|FANG|PSX|OKE,PSX,0.2664687425498494
CVX,4,HAL|FANG|PSX|OKE,OKE,0.17463518552070728
CVX,4,HAL|FANG|PSX|MPC,HAL,0.36020191656988015
CVX,4,HAL|FANG|PSX|MPC,FANG,0.3145757675435456
CVX,4,HAL|FANG|PSX|MPC,PSX,0.32109980553134077
CVX,4,HAL|FANG|PSX|MPC,MPC,0.004122510355233506
CVX,4,HAL|FANG|PSX|SLB,HAL,0.35983725689822166
CVX,4,HAL|FANG|PSX|SLB,FANG,0.3148774340276954
CVX,4,HAL|FANG|PSX|SLB,PSX,0.3252853090740831
CVX,4,HAL|FANG|PSX|SLB,SLB,0.0
CVX,4,HAL|FANG|WMB|TRGP,HAL,0.3081797632314016
CVX,4,HAL|FANG|WMB|TRGP,FANG,0.3673153782938431
CVX,4,HAL|FANG|WMB|TRGP,WMB,0.2390157701613126
CVX,4,HAL|FANG|WMB|TRGP,TRGP,0.08548908831344276
CVX,4,HAL|FANG|WMB|OKE,HAL,0.3073295926323767
CVX,4,HAL|FANG|WMB|OKE,FANG,0.3837400802922011
CVX,4,HAL|FANG|WMB|OKE,WMB,0.30893032707542234
CVX,4,HAL|FANG|WMB|OKE,OKE,9.895674164535177e-18
CVX,4,HAL|FANG|WMB|MPC,HAL,0.2767055583240919
CVX,4,HAL|FANG|WMB|MPC,FANG,0.27951767643333875
CVX,4,HAL|FANG|WMB|MPC,WMB,0.22624670680138154
CVX,4,HAL|FANG|WMB|MPC,MPC,0.21753005844118795
CVX,4,HAL|FANG|WMB|SLB,HAL,0.3073303346977134
CVX,4,HAL|FANG|WMB|SLB,FANG,0.38373929186181155
CVX,4,HAL|FANG|WMB|SLB,WMB,0.308930373440475
CVX,4,HAL|FANG|WMB|SLB,SLB,0.0
CVX,4,HAL|FANG|TRGP|OKE,HAL,0.3511996295996684
CVX,4,HAL|FANG|TRGP|OKE,FANG,0.3435538205384815
CVX,4,HAL|FANG|TRGP|OKE,TRGP,0.17666809448719906
CVX,4,HAL|FANG|TRGP|OKE,OKE,0.1285784553746511
CVX,4,HAL|FANG|TRGP|MPC,HAL,0.33571603466910355
CVX,4,HAL|FANG|TRGP|MPC,FANG,0.2745956573006894
CVX,4,HAL|FANG|TRGP|MPC,TRGP,0.17382933826887587
CVX,4,HAL|FANG|TRGP|MPC,MPC,0.215858969761331
CVX,4,HAL|FANG|TRGP|SLB,HAL,0.3605264231421957
CVX,4,HAL|FANG|TRGP|SLB,FANG,0.35315744804584925
CVX,4,HAL|FANG|TRGP|SLB,TRGP,0.2863161288119551
CVX,4,HAL|FANG|TRGP|SLB,SLB,1.4533814825462912e-17
CVX,4,HAL|FANG|OKE|MPC,HAL,0.33120356812569646
CVX,4,HAL|FANG|OKE|MPC,FANG,0.26605921034779956
CVX,4,HAL|FANG|OKE|MPC,OKE,0.1779613552442162
CVX,4,HAL|FANG|OKE|MPC,MPC,0.22477586628228768
CVX,4,HAL|FANG|OKE|SLB,HAL,0.36932294135555355
CVX,4,HAL|FANG|OKE|SLB,FANG,0.35704562919888017
CVX,4,HAL|FANG|OKE|SLB,OKE,0.2736314294455663
CVX,4,HAL|FANG|OKE|SLB,SLB,4.823175008255437e-17
CVX,4,HAL|FANG|MPC|SLB,HAL,0.4028156266541686
CVX,4,HAL|FANG|MPC|SLB,FANG,0.3135254148847854
CVX,4,HAL|FANG|MPC|SLB,MPC,0.2836589584610458
CVX,4,HAL|FANG|MPC|SLB,SLB,9.711169212799509e-17
CVX,4,HAL|SU|CVE|KMI,HAL,0.3419474213338091
CVX,4,HAL|SU|CVE|KMI,SU,0.32883948115656475
CVX,4,HAL|SU|CVE|KMI,CVE,2.1814274765350437e-18
CVX,4,HAL|SU|CVE|KMI,KMI,0.32921309750962624
CVX,4,HAL|SU|CVE|PSX,HAL,0.37962800685761106
CVX,4,HAL|SU|CVE|PSX,SU,0.20663796025515402
CVX,4,HAL|SU|CVE|PSX,CVE,0.08176445169060148
CVX,4,HAL|SU|CVE|PSX,PSX,0.33196958119663333
CVX,4,HAL|SU|CVE|WMB,HAL,0.3570750344535259
CVX,4,HAL|SU|CVE|WMB,SU,0.34138024300596687
CVX,4,HAL|SU|CVE|WMB,CVE,8.258571235729428e-18
CVX,4,HAL|SU|CVE|WMB,WMB,0.3015447225405073
CVX,4,HAL|SU|CVE|TRGP,HAL,0.4277048519218174
CVX,4,HAL|SU|CVE|TRGP,SU,0.30336369022765314
CVX,4,HAL|SU|CVE|TRGP,CVE,0.0
CVX,4,HAL|SU|CVE|TRGP,TRGP,0.2689314578505296
CVX,4,HAL|SU|CVE|OKE,HAL,0.37173634471960476
CVX,4,HAL|SU|CVE|OKE,SU,0.3378950314919431
CVX,4,HAL|SU|CVE|OKE,CVE,0.0
CVX,4,HAL|SU|CVE|OKE,OKE,0.29036862378845224
CVX,4,HAL|SU|CVE|MPC,HAL,0.4492817255303582
CVX,4,HAL|SU|CVE|MPC,SU,0.27114051169261805
CVX,4,HAL|SU|CVE|MPC,CVE,0.0
CVX,4,HAL|SU|CVE|MPC,MPC,0.2795777627770238
CVX,4,HAL|SU|CVE|SLB,HAL,0.5590566904416908
CVX,4,HAL|SU|CVE|SLB,SU,0.44094330955830907
CVX,4,HAL|SU|CVE|SLB,CVE,4.709012808122132e-17
CVX,4,HAL|SU|CVE|SLB,SLB,7.951267682465568e-17
CVX,4,HAL|SU|KMI|PSX,HAL,0.2843694580602231
CVX,4,HAL|SU|KMI|PSX,SU,0.2498511444090941
CVX,4,HAL|SU|KMI|PSX,KMI,0.23503728416705752
CVX,4,HAL|SU|KMI|PSX,PSX,0.23074211336362532
CVX,4,HAL|SU|KMI|WMB,HAL,0.3419473979209565
CVX,4,HAL|SU|KMI|WMB,SU,0.32883954576382807
CVX,4,HAL|SU|KMI|WMB,KMI,0.3292130563152153
CVX,4,HAL|SU|KMI|WMB,WMB,7.793846609218356e-17
CVX,4,HAL|SU|KMI|TRGP,HAL,0.34194744751631406
CVX,4,HAL|SU|KMI|TRGP,SU,0.3288395078962643
CVX,4,HAL|SU|KMI|TRGP,KMI,0.3292130445874218
CVX,4,HAL|SU|KMI|TRGP,TRGP,5.948632979228146e-18
CVX,4,HAL|SU|KMI|OKE,HAL,0.3419467411107353
CVX,4,HAL|SU|KMI|OKE,SU,0.32883995973101215
CVX,4,HAL|SU|KMI|OKE,KMI,0.32921329915825254
CVX,4,HAL|SU|KMI|OKE,OKE,7.212909062343995e-18
CVX,4,HAL|SU|KMI|MPC,HAL,0.31897745092177865
CVX,4,HAL|SU|KMI|MPC,SU,0.2412302116487252
CVX,4,HAL|SU|KMI|MPC,KMI,0.25257933191886695
CVX,4,HAL|SU|KMI|MPC,MPC,0.18721300551062914
CVX,4,HAL|SU|KMI|SLB,HAL,0.10738038271479781
CVX,4,HAL|SU|KMI|SLB,SU,0.34499812678407893
CVX,4,HAL|SU|KMI|SLB,KMI,0.3649146999356306
CVX,4,HAL|SU|KMI|SLB,SLB,0.18270679056549277
CVX,4,HAL|SU|PSX|WMB,HAL,0.2785933971737458
CVX,4,HAL|SU|PSX|WMB,SU,0.2432401579400616
CVX,4,HAL|SU|PSX|WMB,PSX,0.26351050235247253
CVX,4,HAL|SU|PSX|WMB,WMB,0.21465594253372014
CVX,4,HAL|SU|PSX|TRGP,HAL,0.3189837142851445
CVX,4,HAL|SU|PSX|TRGP,SU,0.20708071837003061
CVX,4,HAL|SU|PSX|TRGP,PSX,0.2838401134441269
CVX,4,HAL|SU|PSX|TRGP,TRGP,0.19009545390069804
CVX,4,HAL|SU|PSX|OKE,HAL,0.3025300140131907
CVX,4,HAL|SU|PSX|OKE,SU,0.2498750497819572
CVX,4,HAL|SU|PSX|OKE,PSX,0.25488990205965306
CVX,4,HAL|SU|PSX|OKE,OKE,0.1927050341451991
CVX,4,HAL|SU|PSX|MPC,HAL,0.3900125737515199
CVX,4,HAL|SU|PSX|MPC,SU,0.28408539066915994
CVX,4,HAL|SU|PSX|MPC,PSX,0.3259020355793202
CVX,4,HAL|SU|PSX|MPC,MPC,4.3183857646982673e-17
CVX,4,HAL|SU|PSX|SLB,HAL,0.3900129051324329
CVX,4,HAL|SU|PSX|SLB,SU,0.2840850931263153
CVX,4,HAL|SU|PSX|SLB,PSX,0.32590200174125167
CVX,4,HAL|SU|PSX|SLB,SLB,1.008680714908311e-16
CVX,4,HAL|SU|WMB|TRGP,HAL,0.3578033898919808
CVX,4,HAL|SU|WMB|TRGP,SU,0.3368270081811974
CVX,4,HAL|SU|WMB|TRGP,WMB,0.2872315409190988
CVX,4,HAL|SU|WMB|TRGP,TRGP,0.01813806100772303
CVX,4,HAL|SU|WMB|OKE,HAL,0.35425462982601796
CVX,4,HAL|SU|WMB|OKE,SU,0.3340587806615465
CVX,4,HAL|SU|WMB|OKE,WMB,0.15090971773925566
CVX,4,HAL|SU|WMB|OKE,OKE,0.16077687177317979
CVX,4,HAL|SU|WMB|MPC,HAL,0.32283798368358657
CVX,4,HAL|SU|WMB|MPC,SU,0.23477959159419587
CVX,4,HAL|SU|WMB|MPC,WMB,0.22555630655469927
CVX,4,HAL|SU|WMB|MPC,MPC,0.2168261181675184
CVX,4,HAL|SU|WMB|SLB,HAL,0.27302270097934084
CVX,4,HAL|SU|WMB|SLB,SU,0.34733864325374975
CVX,4,HAL|SU|WMB|SLB,WMB,0.314209718479894
CVX,4,HAL|SU|WMB|SLB,SLB,0.06542893728701542
CVX,4,HAL|SU|TRGP|OKE,HAL,0.37173637496613865
CVX,4,HAL|SU|TRGP|OKE,SU,0.33789513560404355
CVX,4,HAL|SU|TRGP|OKE,TRGP,0.0
CVX,4,HAL|SU|TRGP|OKE,OKE,0.29036848942981774
CVX,4,HAL|SU|TRGP|MPC,HAL,0.39237963682862576
CVX,4,HAL|SU|TRGP|MPC,SU,0.22244848755907326
CVX,4,HAL|SU|TRGP|MPC,TRGP,0.1612251399222483
CVX,4,HAL|SU|TRGP|MPC,MPC,0.2239467356900527
CVX,4,HAL|SU|TRGP|SLB,HAL,0.2635107734055977
CVX,4,HAL|SU|TRGP|SLB,SU,0.3061385633537833
CVX,4,HAL|SU|TRGP|SLB,TRGP,0.3022986846769898
CVX,4,HAL|SU|TRGP|SLB,SLB,0.1280519785636292
CVX,4,HAL|SU|OKE|MPC,HAL,0.34701341268441027
CVX,4,HAL|SU|OKE|MPC,SU,0.24402669807940502
CVX,4,HAL|SU|OKE|MPC,OKE,0.20385638839315323
CVX,4,HAL|SU|OKE|MPC,MPC,0.2051035008430315
CVX,4,HAL|SU|OKE|SLB,HAL,0.3149775326649907
CVX,4,HAL|SU|OKE|SLB,SU,0.34202794064314984
CVX,4,HAL|SU|OKE|SLB,OKE,0.2982589341658806
CVX,4,HAL|SU|OKE|SLB,SLB,0.04473559252597883
CVX,4,HAL|SU|MPC|SLB,HAL,0.44928199741241115
CVX,4,HAL|SU|MPC|SLB,SU,0.27114004994379753
CVX,4,HAL|SU|MPC|SLB,MPC,0.2795779526437913
CVX,4,HAL|SU|MPC|SLB,SLB,3.3928751735218254e-17
CVX,4,HAL|CVE|KMI|PSX,HAL,0.2541428941569431
CVX,4,HAL|CVE|KMI|PSX,CVE,0.2530302658710673
CVX,4,HAL|CVE|KMI|PSX,KMI,0.24339214626717126
CVX,4,HAL|CVE|KMI|PSX,PSX,0.24943469370481838
CVX,4,HAL|CVE|KMI|WMB,HAL,0.3245393478184468
CVX,4,HAL|CVE|KMI|WMB,CVE,0.32000674410681773
CVX,4,HAL|CVE|KMI|WMB,KMI,0.35545390807473537
CVX,4,HAL|CVE|KMI|WMB,WMB,0.0
CVX,4,HAL|CVE|KMI|TRGP,HAL,0.3245392986885396
CVX,4,HAL|CVE|KMI|TRGP,CVE,0.3200067875988967
CVX,4,HAL|CVE|KMI|TRGP,KMI,0.3554539137125638
CVX,4,HAL|CVE|KMI|TRGP,TRGP,1.4388972191482427e-19
CVX,4,HAL|CVE|KMI|OKE,HAL,0.324539350941463
CVX,4,HAL|CVE|KMI|OKE,CVE,0.3200067413773678
CVX,4,HAL|CVE|KMI|OKE,KMI,0.35545390768116913
CVX,4,HAL|CVE|KMI|OKE,OKE,0.0
CVX,4,HAL|CVE|KMI|MPC,HAL,0.30514729196121915
CVX,4,HAL|CVE|KMI|MPC,CVE,0.23047004105981622
CVX,4,HAL|CVE|KMI|MPC,KMI,0.2674626894906204
CVX,4,HAL|CVE|KMI|MPC,MPC,0.1969199774883443
CVX,4,HAL|CVE|KMI|SLB,HAL,0.07252881987391936
CVX,4,HAL|CVE|KMI|SLB,CVE,0.3392544583303502
CVX,4,HAL|CVE|KMI|SLB,KMI,0.3941919070409349
CVX,4,HAL|CVE|KMI|SLB,SLB,0.19402481475479563
CVX,4,HAL|CVE|PSX|WMB,HAL,0.25668570083692444
CVX,4,HAL|CVE|PSX|WMB,CVE,0.23968383512631758
CVX,4,HAL|CVE|PSX|WMB,PSX,0.2862955175761367
CVX,4,HAL|CVE|PSX|WMB,WMB,0.21733494646062132
CVX,4,HAL|CVE|PSX|TRGP,HAL,0.3155730374837921
CVX,4,HAL|CVE|PSX|TRGP,CVE,0.1906576760636723
CVX,4,HAL|CVE|PSX|TRGP,PSX,0.31012497252011884
CVX,4,HAL|CVE|PSX|TRGP,TRGP,0.18364431393241676
CVX,4,HAL|CVE|PSX|OKE,HAL,0.28497114004801716
CVX,4,HAL|CVE|PSX|OKE,CVE,0.2429113028283934
CVX,4,HAL|CVE|PSX|OKE,PSX,0.28079928373476204
CVX,4,HAL|CVE|PSX|OKE,OKE,0.19131827338882734
CVX,4,HAL|CVE|PSX|MPC,HAL,0.36679773890289163
CVX,4,HAL|CVE|PSX|MPC,CVE,0.2794195402858451
CVX,4,HAL|CVE|PSX|MPC,PSX,0.3537827208112633
CVX,4,HAL|CVE|PSX|MPC,MPC,3.3886982423006777e-17
CVX,4,HAL|CVE|PSX|SLB,HAL,0.36679774874906135
CVX,4,HAL|CVE|PSX|SLB,CVE,0.27941950731478743
CVX,4,HAL|CVE|PSX|SLB,PSX,0.35378274393615144
CVX,4,HAL|CVE|PSX|SLB,SLB,0.0
CVX,4,HAL|CVE|WMB|TRGP,HAL,0.35636713780596496
CVX,4,HAL|CVE|WMB|TRGP,CVE,0.31966388425754244
CVX,4,HAL|CVE|WMB|TRGP,WMB,0.3239689779364926
CVX,4,HAL|CVE|WMB|TRGP,TRGP,2.783773781151258e-18
CVX,4,HAL|CVE|WMB|OKE,HAL,0.355080667448061
CVX,4,HAL|CVE|WMB|OKE,CVE,0.3109982530227761
CVX,4,HAL|CVE|WMB|OKE,WMB,0.1769420702743015
CVX,4,HAL|CVE|WMB|OKE,OKE,0.1569790092548615
CVX,4,HAL|CVE|WMB|MPC,HAL,0.32002476192284146
CVX,4,HAL|CVE|WMB|MPC,CVE,0.2119254769470393
CVX,4,HAL|CVE|WMB|MPC,WMB,0.23477163891820185
CVX,4,HAL|CVE|WMB|MPC,MPC,0.23327812221191754
CVX,4,HAL|CVE|WMB|SLB,HAL,0.2988378148776577
CVX,4,HAL|CVE|WMB|SLB,CVE,0.3238662313576914
CVX,4,HAL|CVE|WMB|SLB,WMB,0.3327518657583877
CVX,4,HAL|CVE|WMB|SLB,SLB,0.04454408800626332
CVX,4,HAL|CVE|TRGP|OKE,HAL,0.37733102394914164
CVX,4,HAL|CVE|TRGP|OKE,CVE,0.3128699981899042
CVX,4,HAL|CVE|TRGP|OKE,TRGP,0.0
CVX,4,HAL|CVE|TRGP|OKE,OKE,0.3097989778609542
CVX,4,HAL|CVE|TRGP|MPC,HAL,0.40829069853875516
CVX,4,HAL|CVE|TRGP|MPC,CVE,0.18131686692806828
CVX,4,HAL|CVE|TRGP|MPC,TRGP,0.1613690622396054
CVX,4,HAL|CVE|TRGP|MPC,MPC,0.24902337229357124
CVX,4,HAL|CVE|TRGP|SLB,HAL,0.36611876643862623
CVX,4,HAL|CVE|TRGP|SLB,CVE,0.25149681721773715
CVX,4,HAL|CVE|TRGP|SLB,TRGP,0.3090650011252808
CVX,4,HAL|CVE|TRGP|SLB,SLB,0.07331941521835579
CVX,4,HAL|CVE|OKE|MPC,HAL,0.3489782378523827
CVX,4,HAL|CVE|OKE|MPC,CVE,0.2174364942582328
CVX,4,HAL|CVE|OKE|MPC,OKE,0.2095213603774798
CVX,4,HAL|CVE|OKE|MPC,MPC,0.22406390751190466
CVX,4,HAL|CVE|OKE|SLB,HAL,0.35722519503576183
CVX,4,HAL|CVE|OKE|SLB,CVE,0.3143420785645614
CVX,4,HAL|CVE|OKE|SLB,OKE,0.3126368315015855
CVX,4,HAL|CVE|OKE|SLB,SLB,0.01579589489809122
CVX,4,HAL|CVE|MPC|SLB,HAL,0.45397175174169413
CVX,4,HAL|CVE|MPC|SLB,CVE,0.24335143083255872
CVX,4,HAL|CVE|MPC|SLB,MPC,0.3026768174257471
CVX,4,HAL|CVE|MPC|SLB,SLB,9.997826337974046e-17
CVX,4,HAL|KMI|PSX|WMB,HAL,0.42443064320875545
CVX,4,HAL|KMI|PSX|WMB,KMI,0.26799325774846067
CVX,4,HAL|KMI|PSX|WMB,PSX,0.307576099042784
CVX,4,HAL|KMI|PSX|WMB,WMB,2.2788574412929696e-17
CVX,4,HAL|KMI|PSX|TRGP,HAL,0.3951119374176481
CVX,4,HAL|KMI|PSX|TRGP,KMI,0.15023568680771968
CVX,4,HAL|KMI|PSX|TRGP,PSX,0.3068147476883222
CVX,4,HAL|KMI|PSX|TRGP,TRGP,0.14783762808631004
CVX,4,HAL|KMI|PSX|OKE,HAL,0.4244304171117983
CVX,4,HAL|KMI|PSX|OKE,KMI,0.2679932489801803
CVX,4,HAL|KMI|PSX|OKE,PSX,0.30757633390802147
CVX,4,HAL|KMI|PSX|OKE,OKE,0.0
CVX,4,HAL|KMI|PSX|MPC,HAL,0.42828530791490815
CVX,4,HAL|KMI|PSX|MPC,KMI,0.2663265608685855
CVX,4,HAL|KMI|PSX|MPC,PSX,0.23108313752814136
CVX,4,HAL|KMI|PSX|MPC,MPC,0.07430499368836506
CVX,4,HAL|KMI|PSX|SLB,HAL,0.42443085275745074
CVX,4,HAL|KMI|PSX|SLB,KMI,0.267993131756277
CVX,4,HAL|KMI|PSX|SLB,PSX,0.30757601548627245
CVX,4,HAL|KMI|PSX|SLB,SLB,0.0
CVX,4,HAL|KMI|WMB|TRGP,HAL,0.5456092255067881
CVX,4,HAL|KMI|WMB|TRGP,KMI,0.30218859814044097
CVX,4,HAL|KMI|WMB|TRGP,WMB,1.3901208268806038e-16
CVX,4,HAL|KMI|WMB|TRGP,TRGP,0.15220217635277078
CVX,4,HAL|KMI|WMB|OKE,HAL,0.5761797925780906
CVX,4,HAL|KMI|WMB|OKE,KMI,0.42382020742190946
CVX,4,HAL|KMI|WMB|OKE,WMB,7.674788170644318e-17
CVX,4,HAL|KMI|WMB|OKE,OKE,0.0
CVX,4,HAL|KMI|WMB|MPC,HAL,0.452547681802276
CVX,4,HAL|KMI|WMB|MPC,KMI,0.2763431901917448
CVX,4,HAL|KMI|WMB|MPC,WMB,0.0
CVX,4,HAL|KMI|WMB|MPC,MPC,0.2711091280059792
CVX,4,HAL|KMI|WMB|SLB,HAL,0.5761797913528619
CVX,4,HAL|KMI|WMB|SLB,KMI,0.4238202086471383
CVX,4,HAL|KMI|WMB|SLB,WMB,0.0
CVX,4,HAL|KMI|WMB|SLB,SLB,0.0
CVX,4,HAL|KMI|TRGP|OKE,HAL,0.545609722787934
CVX,4,HAL|KMI|TRGP|OKE,KMI,0.3021898600994909
CVX,4,HAL|KMI|TRGP|OKE,TRGP,0.15220041711257504
CVX,4,HAL|KMI|TRGP|OKE,OKE,9.614247467809936e-17
CVX,4,HAL|KMI|TRGP|MPC,HAL,0.4525476156577979
CVX,4,HAL|KMI|TRGP|MPC,KMI,0.2763432545401076
CVX,4,HAL|KMI|TRGP|MPC,TRGP,0.0
CVX,4,HAL|KMI|TRGP|MPC,MPC,0.27110912980209456
CVX,4,HAL|KMI|TRGP|SLB,HAL,0.42621354951996854
CVX,4,HAL|KMI|TRGP|SLB,KMI,0.30354354549585366
CVX,4,HAL|KMI|TRGP|SLB,TRGP,0.17643191328457442
CVX,4,HAL|KMI|TRGP|SLB,SLB,0.09381099169960341
CVX,4,HAL|KMI|OKE|MPC,HAL,0.452547691802168
CVX,4,HAL|KMI|OKE|MPC,KMI,0.27634321527001543
CVX,4,HAL|KMI|OKE|MPC,OKE,2.2657549003901297e-17
CVX,4,HAL|KMI|OKE|MPC,MPC,0.27110909292781654
CVX,4,HAL|KMI|OKE|SLB,HAL,0.5761797930345609
CVX,4,HAL|KMI|OKE|SLB,KMI,0.42382020696543915
CVX,4,HAL|KMI|OKE|SLB,OKE,1.3379630375809668e-17
CVX,4,HAL|KMI|OKE|SLB,SLB,0.0
CVX,4,HAL|KMI|MPC|SLB,HAL,0.4525481462214414
CVX,4,HAL|KMI|MPC|SLB,KMI,0.27634238515883
CVX,4,HAL|KMI|MPC|SLB,MPC,0.2711094686197287
CVX,4,HAL|KMI|MPC|SLB,SLB,2.6407099163600067e-17
CVX,4,HAL|PSX|WMB|TRGP,HAL,0.3881329223204745
CVX,4,HAL|PSX|WMB|TRGP,PSX,0.32541549871320685
CVX,4,HAL|PSX|WMB|TRGP,WMB,0.10931071342228722
CVX,4,HAL|PSX|WMB|TRGP,TRGP,0.17714086554403147
CVX,4,HAL|PSX|WMB|OKE,HAL,0.40525961418877454
CVX,4,HAL|PSX|WMB|OKE,PSX,0.3339295758461195
CVX,4,HAL|PSX|WMB|OKE,WMB,0.22739683396047317
CVX,4,HAL|PSX|WMB|OKE,OKE,0.033413976004632966
CVX,4,HAL|PSX|WMB|MPC,HAL,0.4075625993543373
CVX,4,HAL|PSX|WMB|MPC,PSX,0.298711067941474
CVX,4,HAL|PSX|WMB|MPC,WMB,0.25574561854510824
CVX,4,HAL|PSX|WMB|MPC,MPC,0.03798071415908048
CVX,4,HAL|PSX|WMB|SLB,HAL,0.40489003516313365
CVX,4,HAL|PSX|WMB|SLB,PSX,0.3375441043918617
CVX,4,HAL|PSX|WMB|SLB,WMB,0.25756586044500474
CVX,4,HAL|PSX|WMB|SLB,SLB,0.0
CVX,4,HAL|PSX|TRGP|OKE,HAL,0.4020361318516253
CVX,4,HAL|PSX|TRGP|OKE,PSX,0.3286303485662689
CVX,4,HAL|PSX|TRGP|OKE,TRGP,0.23674347835147624
CVX,4,HAL|PSX|TRGP|OKE,OKE,0.03259004123062959
CVX,4,HAL|PSX|TRGP|MPC,HAL,0.4036097118879853
CVX,4,HAL|PSX|TRGP|MPC,PSX,0.332841933208217
CVX,4,HAL|PSX|TRGP|MPC,TRGP,0.2635483549037976
CVX,4,HAL|PSX|TRGP|MPC,MPC,4.778346451266493e-17
CVX,4,HAL|PSX|TRGP|SLB,HAL,0.40360980772025395
CVX,4,HAL|PSX|TRGP|SLB,PSX,0.33284191261462176
CVX,4,HAL|PSX|TRGP|SLB,TRGP,0.2635482796651243
CVX,4,HAL|PSX|TRGP|SLB,SLB,6.342614472775723e-17
CVX,4,HAL|PSX|OKE|MPC,HAL,0.43899719070062565
CVX,4,HAL|PSX|OKE|MPC,PSX,0.31488964802703634
CVX,4,HAL|PSX|OKE|MPC,OKE,0.23161857700809826
CVX,4,HAL|PSX|OKE|MPC,MPC,0.014494584264239805
CVX,4,HAL|PSX|OKE|SLB,HAL,0.4378635729379926
CVX,4,HAL|PSX|OKE|SLB,PSX,0.32953264972298524
CVX,4,HAL|PSX|OKE|SLB,OKE,0.23260377733902213
CVX,4,HAL|PSX|OKE|SLB,SLB,1.2906823352465012e-17
CVX,4,HAL|PSX|MPC|SLB,HAL,0.5739458672625104
CVX,4,HAL|PSX|MPC|SLB,PSX,0.3155774889791256
CVX,4,HAL|PSX|MPC|SLB,MPC,0.11047664375836408
CVX,4,HAL|PSX|MPC|SLB,SLB,0.0
CVX,4,HAL|WMB|TRGP|OKE,HAL,0.5579846540598876
CVX,4,HAL|WMB|TRGP|OKE,WMB,0.11575021045421566
CVX,4,HAL|WMB|TRGP|OKE,TRGP,0.21471799064098981
CVX,4,HAL|WMB|TRGP|OKE,OKE,0.11154714484490698
CVX,4,HAL|WMB|TRGP|MPC,HAL,0.44415881343351743
CVX,4,HAL|WMB|TRGP|MPC,WMB,0.2462852033090598
CVX,4,HAL|WMB|TRGP|MPC,TRGP,0.016033325274480568
CVX,4,HAL|WMB|TRGP|MPC,MPC,0.29352265798294225
CVX,4,HAL|WMB|TRGP|SLB,HAL,0.4931024688763779
CVX,4,HAL|WMB|TRGP|SLB,WMB,0.18654166522599486
CVX,4,HAL|WMB|TRGP|SLB,TRGP,0.2686492191012101
CVX,4,HAL|WMB|TRGP|SLB,SLB,0.0517066467964171
CVX,4,HAL|WMB|OKE|MPC,HAL,0.4448043413207938
CVX,4,HAL|WMB|OKE|MPC,WMB,0.24243138401408987
CVX,4,HAL|WMB|OKE|MPC,OKE,0.018036127766070158
CVX,4,HAL|WMB|OKE|MPC,MPC,0.29472814689904625
CVX,4,HAL|WMB|OKE|SLB,HAL,0.5807693781456088
CVX,4,HAL|WMB|OKE|SLB,WMB,0.19161839832813696
CVX,4,HAL|WMB|OKE|SLB,OKE,0.22761222352625426
CVX,4,HAL|WMB|OKE|SLB,SLB,0.0
CVX,4,HAL|WMB|MPC|SLB,HAL,0.4446830550117176
CVX,4,HAL|WMB|MPC|SLB,WMB,0.25856742182607484
CVX,4,HAL|WMB|MPC|SLB,MPC,0.29674952316220743
CVX,4,HAL|WMB|MPC|SLB,SLB,1.0278744814930935e-16
CVX,4,HAL|TRGP|OKE|MPC,HAL,0.4731233361756498
CVX,4,HAL|TRGP|OKE|MPC,TRGP,0.07591831335517264
CVX,4,HAL|TRGP|OKE|MPC,OKE,0.17355383048180684
CVX,4,HAL|TRGP|OKE|MPC,MPC,0.2774045199873708
CVX,4,HAL|TRGP|OKE|SLB,HAL,0.5399200166740615
CVX,4,HAL|TRGP|OKE|SLB,TRGP,0.24953081383408654
CVX,4,HAL|TRGP|OKE|SLB,OKE,0.18715602157830152
CVX,4,HAL|TRGP|OKE|SLB,SLB,0.02339314791355037
CVX,4,HAL|TRGP|MPC|SLB,HAL,0.4932729972087982
CVX,4,HAL|TRGP|MPC|SLB,TRGP,0.22663621587371027
CVX,4,HAL|TRGP|MPC|SLB,MPC,0.28009078691749145
CVX,4,HAL|TRGP|MPC|SLB,SLB,0.0
CVX,4,HAL|OKE|MPC|SLB,HAL,0.4800121693767425
CVX,4,HAL|OKE|MPC|SLB,OKE,0.23175046338364297
CVX,4,HAL|OKE|MPC|SLB,MPC,0.2882373672396146
CVX,4,HAL|OKE|MPC|SLB,SLB,0.0
CVX,4,CNQ|DVN|FANG|SU,CNQ,0.4393537632402314
CVX,4,CNQ|DVN|FANG|SU,DVN,0.2576741172773593
CVX,4,CNQ|DVN|FANG|SU,FANG,0.25579924095578405
CVX,4,CNQ|DVN|FANG|SU,SU,0.04717287852662538
CVX,4,CNQ|DVN|FANG|CVE,CNQ,0.489737871794585
CVX,4,CNQ|DVN|FANG|CVE,DVN,0.254383121523963
CVX,4,CNQ|DVN|FANG|CVE,FANG,0.2558790066814523
CVX,4,CNQ|DVN|FANG|CVE,CVE,0.0
CVX,4,CNQ|DVN|FANG|KMI,CNQ,0.3382435413883557
CVX,4,CNQ|DVN|FANG|KMI,DVN,7.165898733771381e-18
CVX,4,CNQ|DVN|FANG|KMI,FANG,0.34039891185673543
CVX,4,CNQ|DVN|FANG|KMI,KMI,0.32135754675490885
CVX,4,CNQ|DVN|FANG|PSX,CNQ,0.33766780500085364
CVX,4,CNQ|DVN|FANG|PSX,DVN,0.32100384062867937
CVX,4,CNQ|DVN|FANG|PSX,FANG,0.01346697279004932
CVX,4,CNQ|DVN|FANG|PSX,PSX,0.3278613815804178
CVX,4,CNQ|DVN|FANG|WMB,CNQ,0.3265879188028482
CVX,4,CNQ|DVN|FANG|WMB,DVN,0.0
CVX,4,CNQ|DVN|FANG|WMB,FANG,0.3689004496901275
CVX,4,CNQ|DVN|FANG|WMB,WMB,0.30451163150702437
CVX,4,CNQ|DVN|FANG|TRGP,CNQ,0.3519383227084463
CVX,4,CNQ|DVN|FANG|TRGP,DVN,4.762093344846561e-17
CVX,4,CNQ|DVN|FANG|TRGP,FANG,0.38898608277989477
CVX,4,CNQ|DVN|FANG|TRGP,TRGP,0.2590755945116589
CVX,4,CNQ|DVN|FANG|OKE,CNQ,0.37757767004794335
CVX,4,CNQ|DVN|FANG|OKE,DVN,0.04504777487482604
CVX,4,CNQ|DVN|FANG|OKE,FANG,0.30778491021219795
CVX,4,CNQ|DVN|FANG|OKE,OKE,0.2695896448650326
CVX,4,CNQ|DVN|FANG|MPC,CNQ,0.3733341939178537
CVX,4,CNQ|DVN|FANG|MPC,DVN,0.2059393405780043
CVX,4,CNQ|DVN|FANG|MPC,FANG,0.16349797637691083
CVX,4,CNQ|DVN|FANG|MPC,MPC,0.25722848912723123
CVX,4,CNQ|DVN|FANG|SLB,CNQ,0.400386998000228
CVX,4,CNQ|DVN|FANG|SLB,DVN,0.3389223728534143
CVX,4,CNQ|DVN|FANG|SLB,FANG,0.05097416327143598
CVX,4,CNQ|DVN|FANG|SLB,SLB,0.2097164658749217
CVX,4,CNQ|DVN|SU|CVE,CNQ,0.45250312769337836
CVX,4,CNQ|DVN|SU|CVE,DVN,0.4993090149100877
CVX,4,CNQ|DVN|SU|CVE,SU,0.048187857396533945
CVX,4,CNQ|DVN|SU|CVE,CVE,4.284504393520699e-18
CVX,4,CNQ|DVN|SU|KMI,CNQ,0.0076825773070139025
CVX,4,CNQ|DVN|SU|KMI,DVN,0.33975084248346976
CVX,4,CNQ|DVN|SU|KMI,SU,0.3285009325485261
CVX,4,CNQ|DVN|SU|KMI,KMI,0.3240656476609902
CVX,4,CNQ|DVN|SU|PSX,CNQ,0.3378992598061493
CVX,4,CNQ|DVN|SU|PSX,DVN,0.3332126312237525
CVX,4,CNQ|DVN|SU|PSX,SU,1.1186404145384962e-16
CVX,4,CNQ|DVN|SU|PSX,PSX,0.3288881089700982
CVX,4,CNQ|DVN|SU|WMB,CNQ,0.0
CVX,4,CNQ|DVN|SU|WMB,DVN,0.36403552356415836
CVX,4,CNQ|DVN|SU|WMB,SU,0.33126186923310974
CVX,4,CNQ|DVN|SU|WMB,WMB,0.304702607202732
CVX,4,CNQ|DVN|SU|TRGP,CNQ,0.38993188155717823
CVX,4,CNQ|DVN|SU|TRGP,DVN,0.3810866849104126
CVX,4,CNQ|DVN|SU|TRGP,SU,0.01848937650699331
CVX,4,CNQ|DVN|SU|TRGP,TRGP,0.2104920570254157
CVX,4,CNQ|DVN|SU|OKE,CNQ,0.15861117285075338
CVX,4,CNQ|DVN|SU|OKE,DVN,0.3506675420397171
CVX,4,CNQ|DVN|SU|OKE,SU,0.22096140512346693
CVX,4,CNQ|DVN|SU|OKE,OKE,0.2697598799860626
CVX,4,CNQ|DVN|SU|MPC,CNQ,0.37970080275188567
CVX,4,CNQ|DVN|SU|MPC,DVN,0.3572910181281335
CVX,4,CNQ|DVN|SU|MPC,SU,0.0
CVX,4,CNQ|DVN|SU|MPC,MPC,0.2630081791199809
CVX,4,CNQ|DVN|SU|SLB,CNQ,0.2581962862833195
CVX,4,CNQ|DVN|SU|SLB,DVN,0.39204232358203545
CVX,4,CNQ|DVN|SU|SLB,SU,0.13227959935052486
CVX,4,CNQ|DVN|SU|SLB,SLB,0.2174817907841201
CVX,4,CNQ|DVN|CVE|KMI,CNQ,0.3649005043016562
CVX,4,CNQ|DVN|CVE|KMI,DVN,0.32512895444301027
CVX,4,CNQ|DVN|CVE|KMI,CVE,1.2687706516922165e-17
CVX,4,CNQ|DVN|CVE|KMI,KMI,0.3099705412553336
CVX,4,CNQ|DVN|CVE|PSX,CNQ,0.3378993659520412
CVX,4,CNQ|DVN|CVE|PSX,DVN,0.3332127853297007
CVX,4,CNQ|DVN|CVE|PSX,CVE,0.0
CVX,4,CNQ|DVN|CVE|PSX,PSX,0.3288878487182581
CVX,4,CNQ|DVN|CVE|WMB,CNQ,0.3593916958669946
CVX,4,CNQ|DVN|CVE|WMB,DVN,0.35492176221214705
CVX,4,CNQ|DVN|CVE|WMB,CVE,0.0
CVX,4,CNQ|DVN|CVE|WMB,WMB,0.28568654192085835
CVX,4,CNQ|DVN|CVE|TRGP,CNQ,0.40959962612008743
CVX,4,CNQ|DVN|CVE|TRGP,DVN,0.3797241871496526
CVX,4,CNQ|DVN|CVE|TRGP,CVE,0.0
CVX,4,CNQ|DVN|CVE|TRGP,TRGP,0.21067618673026
CVX,4,CNQ|DVN|CVE|OKE,CNQ,0.39771532741597565
CVX,4,CNQ|DVN|CVE|OKE,DVN,0.34012474558907757
CVX,4,CNQ|DVN|CVE|OKE,CVE,0.0
CVX,4,CNQ|DVN|CVE|OKE,OKE,0.2621599269949467
CVX,4,CNQ|DVN|CVE|MPC,CNQ,0.37970123563152486
CVX,4,CNQ|DVN|CVE|MPC,DVN,0.35729045222285677
CVX,4,CNQ|DVN|CVE|MPC,CVE,6.418138047935285e-17
CVX,4,CNQ|DVN|CVE|MPC,MPC,0.2630083121456184
CVX,4,CNQ|DVN|CVE|SLB,CNQ,0.4006327157025203
CVX,4,CNQ|DVN|CVE|SLB,DVN,0.38425793549918
CVX,4,CNQ|DVN|CVE|SLB,CVE,6.114688080991125e-17
CVX,4,CNQ|DVN|CVE|SLB,SLB,0.21510934879829965
CVX,4,CNQ|DVN|KMI|PSX,CNQ,0.28652542359061417
CVX,4,CNQ|DVN|KMI|PSX,DVN,0.26037904488059854
CVX,4,CNQ|DVN|KMI|PSX,KMI,0.2015667912292582
CVX,4,CNQ|DVN|KMI|PSX,PSX,0.251528740299529
CVX,4,CNQ|DVN|KMI|WMB,CNQ,0.3649000544318525
CVX,4,CNQ|DVN|KMI|WMB,DVN,0.32512927680864456
CVX,4,CNQ|DVN|KMI|WMB,KMI,0.3099706687595029
CVX,4,CNQ|DVN|KMI|WMB,WMB,3.142831047492356e-17
CVX,4,CNQ|DVN|KMI|TRGP,CNQ,0.3649002013561546
CVX,4,CNQ|DVN|KMI|TRGP,DVN,0.3251294357466072
CVX,4,CNQ|DVN|KMI|TRGP,KMI,0.3099703628972382
CVX,4,CNQ|DVN|KMI|TRGP,TRGP,3.461531495235972e-17
CVX,4,CNQ|DVN|KMI|OKE,CNQ,0.3648991917505053
CVX,4,CNQ|DVN|KMI|OKE,DVN,0.3251302020725592
CVX,4,CNQ|DVN|KMI|OKE,KMI,0.30997060617693556
CVX,4,CNQ|DVN|KMI|OKE,OKE,3.9401432021018595e-17
CVX,4,CNQ|DVN|KMI|MPC,CNQ,0.3081117022044092
CVX,4,CNQ|DVN|KMI|MPC,DVN,0.26526083335599593
CVX,4,CNQ|DVN|KMI|MPC,KMI,0.24007037504946024
CVX,4,CNQ|DVN|KMI|MPC,MPC,0.18655708939013466
CVX,4,CNQ|DVN|KMI|SLB,CNQ,0.2854497831391828
CVX,4,CNQ|DVN|KMI|SLB,DVN,0.24057362663357842
CVX,4,CNQ|DVN|KMI|SLB,KMI,0.2892271927361576
CVX,4,CNQ|DVN|KMI|SLB,SLB,0.1847493974910812
CVX,4,CNQ|DVN|PSX|WMB,CNQ,0.27036756354684927
CVX,4,CNQ|DVN|PSX|WMB,DVN,0.26743052243845294
CVX,4,CNQ|DVN|PSX|WMB,PSX,0.2737511688815778
CVX,4,CNQ|DVN|PSX|WMB,WMB,0.18845074513311985
CVX,4,CNQ|DVN|PSX|TRGP,CNQ,0.293913008201217
CVX,4,CNQ|DVN|PSX|TRGP,DVN,0.2762167820439763
CVX,4,CNQ|DVN|PSX|TRGP,PSX,0.3069366508786901
CVX,4,CNQ|DVN|PSX|TRGP,TRGP,0.12293355887611662
CVX,4,CNQ|DVN|PSX|OKE,CNQ,0.3027134799900214
CVX,4,CNQ|DVN|PSX|OKE,DVN,0.2693729086192068
CVX,4,CNQ|DVN|PSX|OKE,PSX,0.2791807737935026
CVX,4,CNQ|DVN|PSX|OKE,OKE,0.14873283759726927
CVX,4,CNQ|DVN|PSX|MPC,CNQ,0.3378990275097495
CVX,4,CNQ|DVN|PSX|MPC,DVN,0.3332124652793634
CVX,4,CNQ|DVN|PSX|MPC,PSX,0.32888850721088725
CVX,4,CNQ|DVN|PSX|MPC,MPC,0.0
CVX,4,CNQ|DVN|PSX|SLB,CNQ,0.2969005781016763
CVX,4,CNQ|DVN|PSX|SLB,DVN,0.2869904964556399
CVX,4,CNQ|DVN|PSX|SLB,PSX,0.2920484154240953
CVX,4,CNQ|DVN|PSX|SLB,SLB,0.12406051001858849
CVX,4,CNQ|DVN|WMB|TRGP,CNQ,0.3593911263257999
CVX,4,CNQ|DVN|WMB|TRGP,DVN,0.3549214172862678
CVX,4,CNQ|DVN|WMB|TRGP,WMB,0.28568745638793247
CVX,4,CNQ|DVN|WMB|TRGP,TRGP,0.0
CVX,4,CNQ|DVN|WMB|OKE,CNQ,0.36087150025294523
CVX,4,CNQ|DVN|WMB|OKE,DVN,0.35016737343079907
CVX,4,CNQ|DVN|WMB|OKE,WMB,0.257824149374992
CVX,4,CNQ|DVN|WMB|OKE,OKE,0.031136976941263796
CVX,4,CNQ|DVN|WMB|MPC,CNQ,0.2939772515634132
CVX,4,CNQ|DVN|WMB|MPC,DVN,0.27723901245081206
CVX,4,CNQ|DVN|WMB|MPC,WMB,0.22014316373574397
CVX,4,CNQ|DVN|WMB|MPC,MPC,0.20864057225003074
CVX,4,CNQ|DVN|WMB|SLB,CNQ,0.29026030624942895
CVX,4,CNQ|DVN|WMB|SLB,DVN,0.27850166598041937
CVX,4,CNQ|DVN|WMB|SLB,WMB,0.25474711896654845
CVX,4,CNQ|DVN|WMB|SLB,SLB,0.17649090880360327
CVX,4,CNQ|DVN|TRGP|OKE,CNQ,0.39771579323116824
CVX,4,CNQ|DVN|TRGP|OKE,DVN,0.3401239575180605
CVX,4,CNQ|DVN|TRGP|OKE,TRGP,3.554573763152671e-18
CVX,4,CNQ|DVN|TRGP|OKE,OKE,0.26216024925077114
CVX,4,CNQ|DVN|TRGP|MPC,CNQ,0.3487572971079236
CVX,4,CNQ|DVN|TRGP|MPC,DVN,0.31762355856140195
CVX,4,CNQ|DVN|TRGP|MPC,TRGP,0.09865068804636488
CVX,4,CNQ|DVN|TRGP|MPC,MPC,0.23496845628430962
CVX,4,CNQ|DVN|TRGP|SLB,CNQ,0.29502642599937384
CVX,4,CNQ|DVN|TRGP|SLB,DVN,0.25482120219021925
CVX,4,CNQ|DVN|TRGP|SLB,TRGP,0.2253768396564501
CVX,4,CNQ|DVN|TRGP|SLB,SLB,0.22477553215395676
CVX,4,CNQ|DVN|OKE|MPC,CNQ,0.3321180161431865
CVX,4,CNQ|DVN|OKE|MPC,DVN,0.2783274041171782
CVX,4,CNQ|DVN|OKE|MPC,OKE,0.18175946216056352
CVX,4,CNQ|DVN|OKE|MPC,MPC,0.20779511757907168
CVX,4,CNQ|DVN|OKE|SLB,CNQ,0.3154828964820726
CVX,4,CNQ|DVN|OKE|SLB,DVN,0.2547491597275036
CVX,4,CNQ|DVN|OKE|SLB,OKE,0.23938776389617636
CVX,4,CNQ|DVN|OKE|SLB,SLB,0.19038017989424744
CVX,4,CNQ|DVN|MPC|SLB,CNQ,0.31073944864459996
CVX,4,CNQ|DVN|MPC|SLB,DVN,0.2831832719566833
CVX,4,CNQ|DVN|MPC|SLB,MPC,0.23417478522621474
CVX,4,CNQ|DVN|MPC|SLB,SLB,0.17190249417250195
CVX,4,CNQ|FANG|SU|CVE,CNQ,0.5026387334160785
CVX,4,CNQ|FANG|SU|CVE,FANG,0.4906950096929602
CVX,4,CNQ|FANG|SU|CVE,SU,0.006666256890961433
CVX,4,CNQ|FANG|SU|CVE,CVE,0.0
CVX,4,CNQ|FANG|SU|KMI,CNQ,0.0
CVX,4,CNQ|FANG|SU|KMI,FANG,0.35214606487112954
CVX,4,CNQ|FANG|SU|KMI,SU,0.31261719659566317
CVX,4,CNQ|FANG|SU|KMI,KMI,0.3352367385332073
CVX,4,CNQ|FANG|SU|PSX,CNQ,0.36598808665530386
CVX,4,CNQ|FANG|SU|PSX,FANG,0.3130762982239024
CVX,4,CNQ|FANG|SU|PSX,SU,4.0547255426826544e-17
CVX,4,CNQ|FANG|SU|PSX,PSX,0.3209356151207937
CVX,4,CNQ|FANG|SU|WMB,CNQ,0.0
CVX,4,CNQ|FANG|SU|WMB,FANG,0.37486890466285927
CVX,4,CNQ|FANG|SU|WMB,SU,0.30408009980672424
CVX,4,CNQ|FANG|SU|WMB,WMB,0.32105099553041655
CVX,4,CNQ|FANG|SU|TRGP,CNQ,0.3232253857658393
CVX,4,CNQ|FANG|SU|TRGP,FANG,0.3906228387671473
CVX,4,CNQ|FANG|SU|TRGP,SU,0.026948475395061695
CVX,4,CNQ|FANG|SU|TRGP,TRGP,0.2592033000719517
CVX,4,CNQ|FANG|SU|OKE,CNQ,0.14193818775528322
CVX,4,CNQ|FANG|SU|OKE,FANG,0.3565398412894102
CVX,4,CNQ|FANG|SU|OKE,SU,0.21951534047977264
CVX,4,CNQ|FANG|SU|OKE,OKE,0.282006630475534
CVX,4,CNQ|FANG|SU|MPC,CNQ,0.38775565782394333
CVX,4,CNQ|FANG|SU|MPC,FANG,0.3512559883524377
CVX,4,CNQ|FANG|SU|MPC,SU,2.965737634045163e-17
CVX,4,CNQ|FANG|SU|MPC,MPC,0.26098835382361896
CVX,4,CNQ|FANG|SU|SLB,CNQ,0.35877016057352457
CVX,4,CNQ|FANG|SU|SLB,FANG,0.37649759026872415
CVX,4,CNQ|FANG|SU|SLB,SU,0.06965707657581255
CVX,4,CNQ|FANG|SU|SLB,SLB,0.19507517258193882
CVX,4,CNQ|FANG|CVE|KMI,CNQ,0.338244340860876
CVX,4,CNQ|FANG|CVE|KMI,FANG,0.3403984629255681
CVX,4,CNQ|FANG|CVE|KMI,CVE,4.292339460211167e-19
CVX,4,CNQ|FANG|CVE|KMI,KMI,0.321357196213556
CVX,4,CNQ|FANG|CVE|PSX,CNQ,0.36598810196155923
CVX,4,CNQ|FANG|CVE|PSX,FANG,0.3130762856963743
CVX,4,CNQ|FANG|CVE|PSX,CVE,0.0
CVX,4,CNQ|FANG|CVE|PSX,PSX,0.3209356123420666
CVX,4,CNQ|FANG|CVE|WMB,CNQ,0.3265880928789021
CVX,4,CNQ|FANG|CVE|WMB,FANG,0.3689001538704529
CVX,4,CNQ|FANG|CVE|WMB,CVE,5.535360310306853e-19
CVX,4,CNQ|FANG|CVE|WMB,WMB,0.30451175325064495
CVX,4,CNQ|FANG|CVE|TRGP,CNQ,0.3519383380617767
CVX,4,CNQ|FANG|CVE|TRGP,FANG,0.3889861266656236
CVX,4,CNQ|FANG|CVE|TRGP,CVE,5.2353412403893795e-17
CVX,4,CNQ|FANG|CVE|TRGP,TRGP,0.25907553527259963
CVX,4,CNQ|FANG|CVE|OKE,CNQ,0.37920728542251947
CVX,4,CNQ|FANG|CVE|OKE,FANG,0.34720046856218717
CVX,4,CNQ|FANG|CVE|OKE,CVE,0.0
CVX,4,CNQ|FANG|CVE|OKE,OKE,0.2735922460152934
CVX,4,CNQ|FANG|CVE|MPC,CNQ,0.3877556684000348
CVX,4,CNQ|FANG|CVE|MPC,FANG,0.35125600595211653
CVX,4,CNQ|FANG|CVE|MPC,CVE,0.0
CVX,4,CNQ|FANG|CVE|MPC,MPC,0.26098832564784874
CVX,4,CNQ|FANG|CVE|SLB,CNQ,0.4332423444293857
CVX,4,CNQ|FANG|CVE|SLB,FANG,0.37283625695355105
CVX,4,CNQ|FANG|CVE|SLB,CVE,2.1863995599354265e-16
CVX,4,CNQ|FANG|CVE|SLB,SLB,0.19392139861706306
CVX,4,CNQ|FANG|KMI|PSX,CNQ,0.2862858845206287
CVX,4,CNQ|FANG|KMI|PSX,FANG,0.25854566494504727
CVX,4,CNQ|FANG|KMI|PSX,KMI,0.22840484546468648
CVX,4,CNQ|FANG|KMI|PSX,PSX,0.22676360506963755
CVX,4,CNQ|FANG|KMI|WMB,CNQ,0.33824432713589936
CVX,4,CNQ|FANG|KMI|WMB,FANG,0.340398474077053
CVX,4,CNQ|FANG|KMI|WMB,KMI,0.32135719878704766
CVX,4,CNQ|FANG|KMI|WMB,WMB,5.133946061288089e-17
CVX,4,CNQ|FANG|KMI|TRGP,CNQ,0.33824432455056685
CVX,4,CNQ|FANG|KMI|TRGP,FANG,0.3403984604621285
CVX,4,CNQ|FANG|KMI|TRGP,KMI,0.32135721498730485
CVX,4,CNQ|FANG|KMI|TRGP,TRGP,0.0
CVX,4,CNQ|FANG|KMI|OKE,CNQ,0.3382440919998167
CVX,4,CNQ|FANG|KMI|OKE,FANG,0.3403987212438485
CVX,4,CNQ|FANG|KMI|OKE,KMI,0.32135718675633484
CVX,4,CNQ|FANG|KMI|OKE,OKE,0.0
CVX,4,CNQ|FANG|KMI|MPC,CNQ,0.29276616492476165
CVX,4,CNQ|FANG|KMI|MPC,FANG,0.2793202178421432
CVX,4,CNQ|FANG|KMI|MPC,KMI,0.2562052229561365
CVX,4,CNQ|FANG|KMI|MPC,MPC,0.17170839427695875
CVX,4,CNQ|FANG|KMI|SLB,CNQ,0.2839869330327482
CVX,4,CNQ|FANG|KMI|SLB,FANG,0.2513078004695551
CVX,4,CNQ|FANG|KMI|SLB,KMI,0.3049988033225987
CVX,4,CNQ|FANG|KMI|SLB,SLB,0.15970646317509812
CVX,4,CNQ|FANG|PSX|WMB,CNQ,0.26664841542039774
CVX,4,CNQ|FANG|PSX|WMB,FANG,0.265259077658468
CVX,4,CNQ|FANG|PSX|WMB,PSX,0.25034290176463203
CVX,4,CNQ|FANG|PSX|WMB,WMB,0.21774960515650216
CVX,4,CNQ|FANG|PSX|TRGP,CNQ,0.2769499106813622
CVX,4,CNQ|FANG|PSX|TRGP,FANG,0.26668010035374123
CVX,4,CNQ|FANG|PSX|TRGP,PSX,0.280263238069413
CVX,4,CNQ|FANG|PSX|TRGP,TRGP,0.17610675089548353
CVX,4,CNQ|FANG|PSX|OKE,CNQ,0.3099150182706818
CVX,4,CNQ|FANG|PSX|OKE,FANG,0.25537619329557926
CVX,4,CNQ|FANG|PSX|OKE,PSX,0.25930573981123356
CVX,4,CNQ|FANG|PSX|OKE,OKE,0.17540304862250536
CVX,4,CNQ|FANG|PSX|MPC,CNQ,0.36598744516525594
CVX,4,CNQ|FANG|PSX|MPC,FANG,0.3130768717035328
CVX,4,CNQ|FANG|PSX|MPC,PSX,0.32093568313121124
CVX,4,CNQ|FANG|PSX|MPC,MPC,9.976777569234777e-18
CVX,4,CNQ|FANG|PSX|SLB,CNQ,0.3327800551768966
CVX,4,CNQ|FANG|PSX|SLB,FANG,0.2582410015631544
CVX,4,CNQ|FANG|PSX|SLB,PSX,0.2926111321460481
CVX,4,CNQ|FANG|PSX|SLB,SLB,0.11636781111390089
CVX,4,CNQ|FANG|WMB|TRGP,CNQ,0.3265878089861142
CVX,4,CNQ|FANG|WMB|TRGP,FANG,0.36890021976014087
CVX,4,CNQ|FANG|WMB|TRGP,WMB,0.304511971253745
CVX,4,CNQ|FANG|WMB|TRGP,TRGP,0.0
CVX,4,CNQ|FANG|WMB|OKE,CNQ,0.3265876520041298
CVX,4,CNQ|FANG|WMB|OKE,FANG,0.36890080436584016
CVX,4,CNQ|FANG|WMB|OKE,WMB,0.30451154363003
CVX,4,CNQ|FANG|WMB|OKE,OKE,0.0
CVX,4,CNQ|FANG|WMB|MPC,CNQ,0.2745662203170194
CVX,4,CNQ|FANG|WMB|MPC,FANG,0.2913448522473015
CVX,4,CNQ|FANG|WMB|MPC,WMB,0.24086396550732012
CVX,4,CNQ|FANG|WMB|MPC,MPC,0.19322496192835908
CVX,4,CNQ|FANG|WMB|SLB,CNQ,0.2842423823189087
CVX,4,CNQ|FANG|WMB|SLB,FANG,0.2908457561672196
CVX,4,CNQ|FANG|WMB|SLB,WMB,0.27968788093104047
CVX,4,CNQ|FANG|WMB|SLB,SLB,0.14522398058283126
CVX,4,CNQ|FANG|TRGP|OKE,CNQ,0.372892912097731
CVX,4,CNQ|FANG|TRGP|OKE,FANG,0.34754584064971805
CVX,4,CNQ|FANG|TRGP|OKE,TRGP,0.026268098490228313
CVX,4,CNQ|FANG|TRGP|OKE,OKE,0.2532931487623227
CVX,4,CNQ|FANG|TRGP|MPC,CNQ,0.3164182001529607
CVX,4,CNQ|FANG|TRGP|MPC,FANG,0.31824485183342544
CVX,4,CNQ|FANG|TRGP|MPC,TRGP,0.15929869211685516
CVX,4,CNQ|FANG|TRGP|MPC,MPC,0.20603825589675864
CVX,4,CNQ|FANG|TRGP|SLB,CNQ,0.2736055675017659
CVX,4,CNQ|FANG|TRGP|SLB,FANG,0.2696551541949941
CVX,4,CNQ|FANG|TRGP|SLB,TRGP,0.2608313924197365
CVX,4,CNQ|FANG|TRGP|SLB,SLB,0.19590788588350339
CVX,4,CNQ|FANG|OKE|MPC,CNQ,0.323715170838448
CVX,4,CNQ|FANG|OKE|MPC,FANG,0.28237000188160233
CVX,4,CNQ|FANG|OKE|MPC,OKE,0.19770913474543425
CVX,4,CNQ|FANG|OKE|MPC,MPC,0.1962056925345155
CVX,4,CNQ|FANG|OKE|SLB,CNQ,0.3206638152313775
CVX,4,CNQ|FANG|OKE|SLB,FANG,0.2538381815328853
CVX,4,CNQ|FANG|OKE|SLB,OKE,0.2570642848567101
CVX,4,CNQ|FANG|OKE|SLB,SLB,0.16843371837902707
CVX,4,CNQ|FANG|MPC|SLB,CNQ,0.3350274801398156
CVX,4,CNQ|FANG|MPC|SLB,FANG,0.2665882304813662
CVX,4,CNQ|FANG|MPC|SLB,MPC,0.24098607038052847
CVX,4,CNQ|FANG|MPC|SLB,SLB,0.15739821899828976
CVX,4,CNQ|SU|CVE|KMI,CNQ,0.3040292227787733
CVX,4,CNQ|SU|CVE|KMI,SU,0.0
CVX,4,CNQ|SU|CVE|KMI,CVE,0.24497919493865686
CVX,4,CNQ|SU|CVE|KMI,KMI,0.4509915822825699
CVX,4,CNQ|SU|CVE|PSX,CNQ,0.5636692909691119
CVX,4,CNQ|SU|CVE|PSX,SU,0.0
CVX,4,CNQ|SU|CVE|PSX,CVE,1.481020167615199e-16
CVX,4,CNQ|SU|CVE|PSX,PSX,0.4363307090308882
CVX,4,CNQ|SU|CVE|WMB,CNQ,0.32468240825432265
CVX,4,CNQ|SU|CVE|WMB,SU,0.14720336236821616
CVX,4,CNQ|SU|CVE|WMB,CVE,0.0914243529699015
CVX,4,CNQ|SU|CVE|WMB,WMB,0.43668987640755963
CVX,4,CNQ|SU|CVE|TRGP,CNQ,0.6005847773658204
CVX,4,CNQ|SU|CVE|TRGP,SU,3.8163916471489756e-17
CVX,4,CNQ|SU|CVE|TRGP,CVE,0.0
CVX,4,CNQ|SU|CVE|TRGP,TRGP,0.3994152226341797
CVX,4,CNQ|SU|CVE|OKE,CNQ,0.5782607594744873
CVX,4,CNQ|SU|CVE|OKE,SU,8.868434957752525e-19
CVX,4,CNQ|SU|CVE|OKE,CVE,0.016113410140090535
CVX,4,CNQ|SU|CVE|OKE,OKE,0.4056258303854221
CVX,4,CNQ|SU|CVE|MPC,CNQ,0.6213717242884538
CVX,4,CNQ|SU|CVE|MPC,SU,6.342582709040201e-17
CVX,4,CNQ|SU|CVE|MPC,CVE,4.2378752417027155e-17
CVX,4,CNQ|SU|CVE|MPC,MPC,0.3786282757115462
CVX,4,CNQ|SU|CVE|SLB,CNQ,0.6516877103522322
CVX,4,CNQ|SU|CVE|SLB,SU,6.957867441925725e-17
CVX,4,CNQ|SU|CVE|SLB,CVE,0.0
CVX,4,CNQ|SU|CVE|SLB,SLB,0.348312289647768
CVX,4,CNQ|SU|KMI|PSX,CNQ,0.42597424260104466
CVX,4,CNQ|SU|KMI|PSX,SU,3.5119283012363775e-17
CVX,4,CNQ|SU|KMI|PSX,KMI,0.2755565049657557
CVX,4,CNQ|SU|KMI|PSX,PSX,0.29846925243319966
CVX,4,CNQ|SU|KMI|WMB,CNQ,0.4430405152760581
CVX,4,CNQ|SU|KMI|WMB,SU,0.11663813318967725
CVX,4,CNQ|SU|KMI|WMB,KMI,0.4403213515342648
CVX,4,CNQ|SU|KMI|WMB,WMB,0.0
CVX,4,CNQ|SU|KMI|TRGP,CNQ,0.44304051103272285
CVX,4,CNQ|SU|KMI|TRGP,SU,0.11663816086052858
CVX,4,CNQ|SU|KMI|TRGP,KMI,0.44032132810674846
CVX,4,CNQ|SU|KMI|TRGP,TRGP,0.0
CVX,4,CNQ|SU|KMI|OKE,CNQ,0.4430405263780962
CVX,4,CNQ|SU|KMI|OKE,SU,0.11663812355792959
CVX,4,CNQ|SU|KMI|OKE,KMI,0.4403213500639743
CVX,4,CNQ|SU|KMI|OKE,OKE,0.0
CVX,4,CNQ|SU|KMI|MPC,CNQ,0.44606524074517867
CVX,4,CNQ|SU|KMI|MPC,SU,1.049097950777734e-17
CVX,4,CNQ|SU|KMI|MPC,KMI,0.31445381654020943
CVX,4,CNQ|SU|KMI|MPC,MPC,0.23948094271461187
CVX,4,CNQ|SU|KMI|SLB,CNQ,0.10605777734124429
CVX,4,CNQ|SU|KMI|SLB,SU,0.263428187163623
CVX,4,CNQ|SU|KMI|SLB,KMI,0.3764487493965521
CVX,4,CNQ|SU|KMI|SLB,SLB,0.2540652860985808
CVX,4,CNQ|SU|PSX|WMB,CNQ,0.4073187938636789
CVX,4,CNQ|SU|PSX|WMB,SU,1.8817853362790987e-16
CVX,4,CNQ|SU|PSX|WMB,PSX,0.3298477032721659
CVX,4,CNQ|SU|PSX|WMB,WMB,0.262833502864155
CVX,4,CNQ|SU|PSX|TRGP,CNQ,0.40457325149656853
CVX,4,CNQ|SU|PSX|TRGP,SU,2.6805458758693765e-16
CVX,4,CNQ|SU|PSX|TRGP,PSX,0.3586562463141228
CVX,4,CNQ|SU|PSX|TRGP,TRGP,0.23677050218930826
CVX,4,CNQ|SU|PSX|OKE,CNQ,0.4374272585064325
CVX,4,CNQ|SU|PSX|OKE,SU,0.0
CVX,4,CNQ|SU|PSX|OKE,PSX,0.32320152963343224
CVX,4,CNQ|SU|PSX|OKE,OKE,0.2393712118601352
CVX,4,CNQ|SU|PSX|MPC,CNQ,0.5636692952839552
CVX,4,CNQ|SU|PSX|MPC,SU,2.2387928053762417e-17
CVX,4,CNQ|SU|PSX|MPC,PSX,0.43633070471604496
CVX,4,CNQ|SU|PSX|MPC,MPC,0.0
CVX,4,CNQ|SU|PSX|SLB,CNQ,0.44882919204617006
CVX,4,CNQ|SU|PSX|SLB,SU,0.0
CVX,4,CNQ|SU|PSX|SLB,PSX,0.3541599610495422
CVX,4,CNQ|SU|PSX|SLB,SLB,0.1970108469042879
CVX,4,CNQ|SU|WMB|TRGP,CNQ,0.3720713459154087
CVX,4,CNQ|SU|WMB|TRGP,SU,0.1882983314667862
CVX,4,CNQ|SU|WMB|TRGP,WMB,0.4159822252068647
CVX,4,CNQ|SU|WMB|TRGP,TRGP,0.023648097410940486
CVX,4,CNQ|SU|WMB|OKE,CNQ,0.4241915065657023
CVX,4,CNQ|SU|WMB|OKE,SU,0.13556006914907887
CVX,4,CNQ|SU|WMB|OKE,WMB,0.23071882181186898
CVX,4,CNQ|SU|WMB|OKE,OKE,0.2095296024733498
CVX,4,CNQ|SU|WMB|MPC,CNQ,0.43276592298515015
CVX,4,CNQ|SU|WMB|MPC,SU,0.0
CVX,4,CNQ|SU|WMB|MPC,WMB,0.2968490051048984
CVX,4,CNQ|SU|WMB|MPC,MPC,0.27038507190995165
CVX,4,CNQ|SU|WMB|SLB,CNQ,0.0673075263578185
CVX,4,CNQ|SU|WMB|SLB,SU,0.3197783562243665
CVX,4,CNQ|SU|WMB|SLB,WMB,0.35819192423762924
CVX,4,CNQ|SU|WMB|SLB,SLB,0.2547221931801858
CVX,4,CNQ|SU|TRGP|OKE,CNQ,0.5919455768645165
CVX,4,CNQ|SU|TRGP|OKE,SU,2.848148285142585e-19
CVX,4,CNQ|SU|TRGP|OKE,TRGP,0.012688559660131571
CVX,4,CNQ|SU|TRGP|OKE,OKE,0.39536586347535196
CVX,4,CNQ|SU|TRGP|MPC,CNQ,0.48893254184333257
CVX,4,CNQ|SU|TRGP|MPC,SU,0.0
CVX,4,CNQ|SU|TRGP|MPC,TRGP,0.22614177660292065
CVX,4,CNQ|SU|TRGP|MPC,MPC,0.2849256815537468
CVX,4,CNQ|SU|TRGP|SLB,CNQ,0.3672489575751263
CVX,4,CNQ|SU|TRGP|SLB,SU,0.0
CVX,4,CNQ|SU|TRGP|SLB,TRGP,0.33709133710225964
CVX,4,CNQ|SU|TRGP|SLB,SLB,0.2956597053226142
CVX,4,CNQ|SU|OKE|MPC,CNQ,0.4694054321162339
CVX,4,CNQ|SU|OKE|MPC,SU,1.4549016419888167e-16
CVX,4,CNQ|SU|OKE|MPC,OKE,0.273496754065607
CVX,4,CNQ|SU|OKE|MPC,MPC,0.2570978138181591
CVX,4,CNQ|SU|OKE|SLB,CNQ,0.2554116365496146
CVX,4,CNQ|SU|OKE|SLB,SU,0.1533343213887257
CVX,4,CNQ|SU|OKE|SLB,OKE,0.3342881818095645
CVX,4,CNQ|SU|OKE|SLB,SLB,0.2569658602520951
CVX,4,CNQ|SU|MPC|SLB,CNQ,0.4501374050006652
CVX,4,CNQ|SU|MPC|SLB,SU,0.0
CVX,4,CNQ|SU|MPC|SLB,MPC,0.3026865057869252
CVX,4,CNQ|SU|MPC|SLB,SLB,0.24717608921240988
CVX,4,CNQ|CVE|KMI|PSX,CNQ,0.2751301831238991
CVX,4,CNQ|CVE|KMI|PSX,CVE,0.1429968356975855
CVX,4,CNQ|CVE|KMI|PSX,KMI,0.2886065848378067
CVX,4,CNQ|CVE|KMI|PSX,PSX,0.2932663963407088
CVX,4,CNQ|CVE|KMI|WMB,CNQ,0.30402922985243536
CVX,4,CNQ|CVE|KMI|WMB,CVE,0.24497918894272655
CVX,4,CNQ|CVE|KMI|WMB,KMI,0.4509915812048379
CVX,4,CNQ|CVE|KMI|WMB,WMB,2.5827051089935277e-16
CVX,4,CNQ|CVE|KMI|TRGP,CNQ,0.30402688450337756
CVX,4,CNQ|CVE|KMI|TRGP,CVE,0.2449818546628756
CVX,4,CNQ|CVE|KMI|TRGP,KMI,0.4509912608337469
CVX,4,CNQ|CVE|KMI|TRGP,TRGP,4.0139197304486784e-17
CVX,4,CNQ|CVE|KMI|OKE,CNQ,0.30402922983894726
CVX,4,CNQ|CVE|KMI|OKE,CVE,0.24497918716270917
CVX,4,CNQ|CVE|KMI|OKE,KMI,0.4509915829983437
CVX,4,CNQ|CVE|KMI|OKE,OKE,0.0
CVX,4,CNQ|CVE|KMI|MPC,CNQ,0.4460652464959795
CVX,4,CNQ|CVE|KMI|MPC,CVE,0.0
CVX,4,CNQ|CVE|KMI|MPC,KMI,0.3144537000842997
CVX,4,CNQ|CVE|KMI|MPC,MPC,0.23948105341972079
CVX,4,CNQ|CVE|KMI|SLB,CNQ,0.2822522458168742
CVX,4,CNQ|CVE|KMI|SLB,CVE,0.10365538003709132
CVX,4,CNQ|CVE|KMI|SLB,KMI,0.3714199903924609
CVX,4,CNQ|CVE|KMI|SLB,SLB,0.24267238375357358
CVX,4,CNQ|CVE|PSX|WMB,CNQ,0.32993731669290904
CVX,4,CNQ|CVE|PSX|WMB,CVE,0.07368166732560685
CVX,4,CNQ|CVE|PSX|WMB,PSX,0.3284774458280947
CVX,4,CNQ|CVE|PSX|WMB,WMB,0.2679035701533894
CVX,4,CNQ|CVE|PSX|TRGP,CNQ,0.404573530207233
CVX,4,CNQ|CVE|PSX|TRGP,CVE,6.106768736524604e-17
CVX,4,CNQ|CVE|PSX|TRGP,PSX,0.3586560136150069
CVX,4,CNQ|CVE|PSX|TRGP,TRGP,0.2367704561777601
CVX,4,CNQ|CVE|PSX|OKE,CNQ,0.4374272263504851
CVX,4,CNQ|CVE|PSX|OKE,CVE,4.069146278609659e-18
CVX,4,CNQ|CVE|PSX|OKE,PSX,0.32320133651497124
CVX,4,CNQ|CVE|PSX|OKE,OKE,0.23937143713454367
CVX,4,CNQ|CVE|PSX|MPC,CNQ,0.5636692876696253
CVX,4,CNQ|CVE|PSX|MPC,CVE,0.0
CVX,4,CNQ|CVE|PSX|MPC,PSX,0.43633071233037457
CVX,4,CNQ|CVE|PSX|MPC,MPC,2.0542666633324226e-17
CVX,4,CNQ|CVE|PSX|SLB,CNQ,0.44882858971830686
CVX,4,CNQ|CVE|PSX|SLB,CVE,2.3955997572482936e-17
CVX,4,CNQ|CVE|PSX|SLB,PSX,0.35416069956116075
CVX,4,CNQ|CVE|PSX|SLB,SLB,0.19701071072053244
CVX,4,CNQ|CVE|WMB|TRGP,CNQ,0.4357179797496086
CVX,4,CNQ|CVE|WMB|TRGP,CVE,0.13627007836369953
CVX,4,CNQ|CVE|WMB|TRGP,WMB,0.4280119418866919
CVX,4,CNQ|CVE|WMB|TRGP,TRGP,0.0
CVX,4,CNQ|CVE|WMB|OKE,CNQ,0.47944231292370987
CVX,4,CNQ|CVE|WMB|OKE,CVE,0.08562514370425157
CVX,4,CNQ|CVE|WMB|OKE,WMB,0.22502666365243348
CVX,4,CNQ|CVE|WMB|OKE,OKE,0.20990587971960498
CVX,4,CNQ|CVE|WMB|MPC,CNQ,0.4327655603976554
CVX,4,CNQ|CVE|WMB|MPC,CVE,0.0
CVX,4,CNQ|CVE|WMB|MPC,WMB,0.296849433742886
CVX,4,CNQ|CVE|WMB|MPC,MPC,0.2703850058594587
CVX,4,CNQ|CVE|WMB|SLB,CNQ,0.4138554283412355
CVX,4,CNQ|CVE|WMB|SLB,CVE,0.001525280429919148
CVX,4,CNQ|CVE|WMB|SLB,WMB,0.33548438773219325
CVX,4,CNQ|CVE|WMB|SLB,SLB,0.24913490349665213
CVX,4,CNQ|CVE|TRGP|OKE,CNQ,0.5842998726861179
CVX,4,CNQ|CVE|TRGP|OKE,CVE,0.008085689148452965
CVX,4,CNQ|CVE|TRGP|OKE,TRGP,0.00967548533374934
CVX,4,CNQ|CVE|TRGP|OKE,OKE,0.3979389528316798
CVX,4,CNQ|CVE|TRGP|MPC,CNQ,0.4889325038401153
CVX,4,CNQ|CVE|TRGP|MPC,CVE,0.0
CVX,4,CNQ|CVE|TRGP|MPC,TRGP,0.226141822944929
CVX,4,CNQ|CVE|TRGP|MPC,MPC,0.28492567321495577
CVX,4,CNQ|CVE|TRGP|SLB,CNQ,0.3672489470565816
CVX,4,CNQ|CVE|TRGP|SLB,CVE,3.4047759864307484e-17
CVX,4,CNQ|CVE|TRGP|SLB,TRGP,0.3370913514906229
CVX,4,CNQ|CVE|TRGP|SLB,SLB,0.29565970145279546
CVX,4,CNQ|CVE|OKE|MPC,CNQ,0.46940543301112503
CVX,4,CNQ|CVE|OKE|MPC,CVE,0.0
CVX,4,CNQ|CVE|OKE|MPC,OKE,0.2734967562436076
CVX,4,CNQ|CVE|OKE|MPC,MPC,0.2570978107452675
CVX,4,CNQ|CVE|OKE|SLB,CNQ,0.4197164771791244
CVX,4,CNQ|CVE|OKE|SLB,CVE,2.9006643278723515e-17
CVX,4,CNQ|CVE|OKE|SLB,OKE,0.3271069804997588
CVX,4,CNQ|CVE|OKE|SLB,SLB,0.2531765423211168
CVX,4,CNQ|CVE|MPC|SLB,CNQ,0.45013719212055675
CVX,4,CNQ|CVE|MPC|SLB,CVE,3.244189127543174e-17
CVX,4,CNQ|CVE|MPC|SLB,MPC,0.30268659786095603
CVX,4,CNQ|CVE|MPC|SLB,SLB,0.2471762100184871
CVX,4,CNQ|KMI|PSX|WMB,CNQ,0.42597418750804794
CVX,4,CNQ|KMI|PSX|WMB,KMI,0.27555659338782745
CVX,4,CNQ|KMI|PSX|WMB,PSX,0.29846921910412466
CVX,4,CNQ|KMI|PSX|WMB,WMB,0.0
CVX,4,CNQ|KMI|PSX|TRGP,CNQ,0.42279719154194517
CVX,4,CNQ|KMI|PSX|TRGP,KMI,0.2675965132202554
CVX,4,CNQ|KMI|PSX|TRGP,PSX,0.2989586451035404
CVX,4,CNQ|KMI|PSX|TRGP,TRGP,0.010647650134259024
CVX,4,CNQ|KMI|PSX|OKE,CNQ,0.42597366478610504
CVX,4,CNQ|KMI|PSX|OKE,KMI,0.27555688549762314
CVX,4,CNQ|KMI|PSX|OKE,PSX,0.29846944971627193
CVX,4,CNQ|KMI|PSX|OKE,OKE,1.4712962293807197e-18
CVX,4,CNQ|KMI|PSX|MPC,CNQ,0.4259740406798899
CVX,4,CNQ|KMI|PSX|MPC,KMI,0.2755568075726455
CVX,4,CNQ|KMI|PSX|MPC,PSX,0.29846915174746474
CVX,4,CNQ|KMI|PSX|MPC,MPC,0.0
CVX,4,CNQ|KMI|PSX|SLB,CNQ,0.3306945800283587
CVX,4,CNQ|KMI|PSX|SLB,KMI,0.2598091910038511
CVX,4,CNQ|KMI|PSX|SLB,PSX,0.23254384665629332
CVX,4,CNQ|KMI|PSX|SLB,SLB,0.17695238231149693
CVX,4,CNQ|KMI|WMB|TRGP,CNQ,0.5666533520699496
CVX,4,CNQ|KMI|WMB|TRGP,KMI,0.4333466479300505
CVX,4,CNQ|KMI|WMB|TRGP,WMB,0.0
CVX,4,CNQ|KMI|WMB|TRGP,TRGP,1.1546753136970622e-17
CVX,4,CNQ|KMI|WMB|OKE,CNQ,0.5666533506534599
CVX,4,CNQ|KMI|WMB|OKE,KMI,0.4333466493465401
CVX,4,CNQ|KMI|WMB|OKE,WMB,2.6347335609530682e-17
CVX,4,CNQ|KMI|WMB|OKE,OKE,3.144186300207963e-18
CVX,4,CNQ|KMI|WMB|MPC,CNQ,0.4460650866312293
CVX,4,CNQ|KMI|WMB|MPC,KMI,0.31445365196616226
CVX,4,CNQ|KMI|WMB|MPC,WMB,0.0
CVX,4,CNQ|KMI|WMB|MPC,MPC,0.23948126140260856
CVX,4,CNQ|KMI|WMB|SLB,CNQ,0.3896825310067138
CVX,4,CNQ|KMI|WMB|SLB,KMI,0.3624763310747833
CVX,4,CNQ|KMI|WMB|SLB,WMB,1.5628011986726018e-16
CVX,4,CNQ|KMI|WMB|SLB,SLB,0.2478411379185029
CVX,4,CNQ|KMI|TRGP|OKE,CNQ,0.5666533514623637
CVX,4,CNQ|KMI|TRGP|OKE,KMI,0.43334664853763616
CVX,4,CNQ|KMI|TRGP|OKE,TRGP,1.537578136211575e-17
CVX,4,CNQ|KMI|TRGP|OKE,OKE,1.1709383462843448e-17
CVX,4,CNQ|KMI|TRGP|MPC,CNQ,0.4460646051895145
CVX,4,CNQ|KMI|TRGP|MPC,KMI,0.3144544021747185
CVX,4,CNQ|KMI|TRGP|MPC,TRGP,3.338410955013374e-17
CVX,4,CNQ|KMI|TRGP|MPC,MPC,0.23948099263576697
CVX,4,CNQ|KMI|TRGP|SLB,CNQ,0.38550227222977773
CVX,4,CNQ|KMI|TRGP|SLB,KMI,0.35257023953177064
CVX,4,CNQ|KMI|TRGP|SLB,TRGP,0.013440293724916523
CVX,4,CNQ|KMI|TRGP|SLB,SLB,0.24848719451353518
CVX,4,CNQ|KMI|OKE|MPC,CNQ,0.4460644377469376
CVX,4,CNQ|KMI|OKE|MPC,KMI,0.31445417411248583
CVX,4,CNQ|KMI|OKE|MPC,OKE,0.0
CVX,4,CNQ|KMI|OKE|MPC,MPC,0.23948138814057654
CVX,4,CNQ|KMI|OKE|SLB,CNQ,0.38968330163633225
CVX,4,CNQ|KMI|OKE|SLB,KMI,0.3624763380758303
CVX,4,CNQ|KMI|OKE|SLB,OKE,2.939236090707944e-17
CVX,4,CNQ|KMI|OKE|SLB,SLB,0.24784036028783746
CVX,4,CNQ|KMI|MPC|SLB,CNQ,0.32242124887261076
CVX,4,CNQ|KMI|MPC|SLB,KMI,0.27906751552598325
CVX,4,CNQ|KMI|MPC|SLB,MPC,0.19155515603268114
CVX,4,CNQ|KMI|MPC|SLB,SLB,0.2069560795687249
CVX,4,CNQ|PSX|WMB|TRGP,CNQ,0.4004516946901857
CVX,4,CNQ|PSX|WMB|TRGP,PSX,0.3293369317081205
CVX,4,CNQ|PSX|WMB|TRGP,WMB,0.23806881058189786
CVX,4,CNQ|PSX|WMB|TRGP,TRGP,0.03214256301979591
CVX,4,CNQ|PSX|WMB|OKE,CNQ,0.407594078216402
CVX,4,CNQ|PSX|WMB|OKE,PSX,0.3264892531980678
CVX,4,CNQ|PSX|WMB|OKE,WMB,0.23463500973472062
CVX,4,CNQ|PSX|WMB|OKE,OKE,0.031281658850809684
CVX,4,CNQ|PSX|WMB|MPC,CNQ,0.4073175790952711
CVX,4,CNQ|PSX|WMB|MPC,PSX,0.32984847925886035
CVX,4,CNQ|PSX|WMB|MPC,WMB,0.26283394164586854
CVX,4,CNQ|PSX|WMB|MPC,MPC,1.5282168434362087e-17
CVX,4,CNQ|PSX|WMB|SLB,CNQ,0.3296257006412186
CVX,4,CNQ|PSX|WMB|SLB,PSX,0.273680745434171
CVX,4,CNQ|PSX|WMB|SLB,WMB,0.23463767227036816
CVX,4,CNQ|PSX|WMB|SLB,SLB,0.16205588165424234
CVX,4,CNQ|PSX|TRGP|OKE,CNQ,0.41812687782928537
CVX,4,CNQ|PSX|TRGP|OKE,PSX,0.3266838350263527
CVX,4,CNQ|PSX|TRGP|OKE,TRGP,0.07580579272236608
CVX,4,CNQ|PSX|TRGP|OKE,OKE,0.17938349442199591
CVX,4,CNQ|PSX|TRGP|MPC,CNQ,0.4045730305715425
CVX,4,CNQ|PSX|TRGP|MPC,PSX,0.35865616425558255
CVX,4,CNQ|PSX|TRGP|MPC,TRGP,0.23677080517287502
CVX,4,CNQ|PSX|TRGP|MPC,MPC,0.0
CVX,4,CNQ|PSX|TRGP|SLB,CNQ,0.29566177128147464
CVX,4,CNQ|PSX|TRGP|SLB,PSX,0.2799807039160395
CVX,4,CNQ|PSX|TRGP|SLB,TRGP,0.23187384325373336
CVX,4,CNQ|PSX|TRGP|SLB,SLB,0.1924836815487524
CVX,4,CNQ|PSX|OKE|MPC,CNQ,0.4374265848512189
CVX,4,CNQ|PSX|OKE|MPC,PSX,0.3232014280915716
CVX,4,CNQ|PSX|OKE|MPC,OKE,0.23937198705720958
CVX,4,CNQ|PSX|OKE|MPC,MPC,0.0
CVX,4,CNQ|PSX|OKE|SLB,CNQ,0.34769968655579
CVX,4,CNQ|PSX|OKE|SLB,PSX,0.2610550579764006
CVX,4,CNQ|PSX|OKE|SLB,OKE,0.21780468146504448
CVX,4,CNQ|PSX|OKE|SLB,SLB,0.17344057400276497
CVX,4,CNQ|PSX|MPC|SLB,CNQ,0.448828476929633
CVX,4,CNQ|PSX|MPC|SLB,PSX,0.3541609386464288
CVX,4,CNQ|PSX|MPC|SLB,MPC,0.0
CVX,4,CNQ|PSX|MPC|SLB,SLB,0.19701058442393832
CVX,4,CNQ|WMB|TRGP|OKE,CNQ,0.5696840997275852
CVX,4,CNQ|WMB|TRGP|OKE,WMB,0.20950898011161992
CVX,4,CNQ|WMB|TRGP|OKE,TRGP,0.0
CVX,4,CNQ|WMB|TRGP|OKE,OKE,0.2208069201607949
CVX,4,CNQ|WMB|TRGP|MPC,CNQ,0.4327655480839495
CVX,4,CNQ|WMB|TRGP|MPC,WMB,0.2968494603805142
CVX,4,CNQ|WMB|TRGP|MPC,TRGP,5.1005478582346784e-18
CVX,4,CNQ|WMB|TRGP|MPC,MPC,0.27038499153553636
CVX,4,CNQ|WMB|TRGP|SLB,CNQ,0.37603366330333515
CVX,4,CNQ|WMB|TRGP|SLB,WMB,0.2204131730121152
CVX,4,CNQ|WMB|TRGP|SLB,TRGP,0.14265691645856823
CVX,4,CNQ|WMB|TRGP|SLB,SLB,0.2608962472259814
CVX,4,CNQ|WMB|OKE|MPC,CNQ,0.43336131205821654
CVX,4,CNQ|WMB|OKE|MPC,WMB,0.2632761759413161
CVX,4,CNQ|WMB|OKE|MPC,OKE,0.03731776759912622
CVX,4,CNQ|WMB|OKE|MPC,MPC,0.2660447444013411
CVX,4,CNQ|WMB|OKE|SLB,CNQ,0.40707830545379203
CVX,4,CNQ|WMB|OKE|SLB,WMB,0.14014541608616093
CVX,4,CNQ|WMB|OKE|SLB,OKE,0.20570481045090888
CVX,4,CNQ|WMB|OKE|SLB,SLB,0.24707146800913812
CVX,4,CNQ|WMB|MPC|SLB,CNQ,0.32514560729967446
CVX,4,CNQ|WMB|MPC|SLB,WMB,0.24934243823723104
CVX,4,CNQ|WMB|MPC|SLB,MPC,0.22659275058963996
CVX,4,CNQ|WMB|MPC|SLB,SLB,0.19891920387345466
CVX,4,CNQ|TRGP|OKE|MPC,CNQ,0.4694044332794949
CVX,4,CNQ|TRGP|OKE|MPC,TRGP,3.89601274419088e-17
CVX,4,CNQ|TRGP|OKE|MPC,OKE,0.27349717734758155
CVX,4,CNQ|TRGP|OKE|MPC,MPC,0.2570983893729234
CVX,4,CNQ|TRGP|OKE|SLB,CNQ,0.38922616700445456
CVX,4,CNQ|TRGP|OKE|SLB,TRGP,0.10765498260716899
CVX,4,CNQ|TRGP|OKE|SLB,OKE,0.24200715866880443
CVX,4,CNQ|TRGP|OKE|SLB,SLB,0.261111691719572
CVX,4,CNQ|TRGP|MPC|SLB,CNQ,0.3252445501250182
CVX,4,CNQ|TRGP|MPC|SLB,TRGP,0.2183646303072013
CVX,4,CNQ|TRGP|MPC|SLB,MPC,0.21353387899283224
CVX,4,CNQ|TRGP|MPC|SLB,SLB,0.24285694057494808
CVX,4,CNQ|OKE|MPC|SLB,CNQ,0.34652966663248164
CVX,4,CNQ|OKE|MPC|SLB,OKE,0.2324428516638761
CVX,4,CNQ|OKE|MPC|SLB,MPC,0.21072933302539115
CVX,4,CNQ|OKE|MPC|SLB,SLB,0.21029814867825117
CVX,4,DVN|FANG|SU|CVE,DVN,0.297615488857974
CVX,4,DVN|FANG|SU|CVE,FANG,0.263865742342452
CVX,4,DVN|FANG|SU|CVE,SU,0.4385187687995739
CVX,4,DVN|FANG|SU|CVE,CVE,9.848790890904652e-17
CVX,4,DVN|FANG|SU|KMI,DVN,0.0
CVX,4,DVN|FANG|SU|KMI,FANG,0.35214651627609367
CVX,4,DVN|FANG|SU|KMI,SU,0.31261649185537177
CVX,4,DVN|FANG|SU|KMI,KMI,0.33523699186853456
CVX,4,DVN|FANG|SU|PSX,DVN,0.3615688106861523
CVX,4,DVN|FANG|SU|PSX,FANG,0.03099666517865436
CVX,4,DVN|FANG|SU|PSX,SU,0.28372697549561837
CVX,4,DVN|FANG|SU|PSX,PSX,0.3237075486395749
CVX,4,DVN|FANG|SU|WMB,DVN,0.0
CVX,4,DVN|FANG|SU|WMB,FANG,0.37486968284900957
CVX,4,DVN|FANG|SU|WMB,SU,0.3040795873002564
CVX,4,DVN|FANG|SU|WMB,WMB,0.321050729850734
CVX,4,DVN|FANG|SU|TRGP,DVN,3.918882633766746e-17
CVX,4,DVN|FANG|SU|TRGP,FANG,0.41899464736893405
CVX,4,DVN|FANG|SU|TRGP,SU,0.3106682404190277
CVX,4,DVN|FANG|SU|TRGP,TRGP,0.2703371122120383
CVX,4,DVN|FANG|SU|OKE,DVN,0.06156364151651898
CVX,4,DVN|FANG|SU|OKE,FANG,0.3124686705313772
CVX,4,DVN|FANG|SU|OKE,SU,0.34218366593346033
CVX,4,DVN|FANG|SU|OKE,OKE,0.2837840220186435
CVX,4,DVN|FANG|SU|MPC,DVN,0.256369462933413
CVX,4,DVN|FANG|SU|MPC,FANG,0.1860149598414541
CVX,4,DVN|FANG|SU|MPC,SU,0.31523515784998496
CVX,4,DVN|FANG|SU|MPC,MPC,0.242380419375148
CVX,4,DVN|FANG|SU|SLB,DVN,0.3759956680766872
CVX,4,DVN|FANG|SU|SLB,FANG,0.04377245587771518
CVX,4,DVN|FANG|SU|SLB,SU,0.3586304156619059
CVX,4,DVN|FANG|SU|SLB,SLB,0.22160146038369186
CVX,4,DVN|FANG|CVE|KMI,DVN,0.0
CVX,4,DVN|FANG|CVE|KMI,FANG,0.33173433460293716
CVX,4,DVN|FANG|CVE|KMI,CVE,0.29170342434250784
CVX,4,DVN|FANG|CVE|KMI,KMI,0.37656224105455505
CVX,4,DVN|FANG|CVE|PSX,DVN,0.3242700168743279
CVX,4,DVN|FANG|CVE|PSX,FANG,0.0449652827592731
CVX,4,DVN|FANG|CVE|PSX,CVE,0.25720129003743275
CVX,4,DVN|FANG|CVE|PSX,PSX,0.37356341032896623
CVX,4,DVN|FANG|CVE|WMB,DVN,2.1697595976866157e-17
CVX,4,DVN|FANG|CVE|WMB,FANG,0.3776367769674661
CVX,4,DVN|FANG|CVE|WMB,CVE,0.2611388114572334
CVX,4,DVN|FANG|CVE|WMB,WMB,0.36122441157530055
CVX,4,DVN|FANG|CVE|TRGP,DVN,0.0
CVX,4,DVN|FANG|CVE|TRGP,FANG,0.450566844991104
CVX,4,DVN|FANG|CVE|TRGP,CVE,0.22727589334241502
CVX,4,DVN|FANG|CVE|TRGP,TRGP,0.32215726166648123
CVX,4,DVN|FANG|CVE|OKE,DVN,0.0
CVX,4,DVN|FANG|CVE|OKE,FANG,0.361283615650711
CVX,4,DVN|FANG|CVE|OKE,CVE,0.30773886002334255
CVX,4,DVN|FANG|CVE|OKE,OKE,0.3309775243259465
CVX,4,DVN|FANG|CVE|MPC,DVN,0.21235883834581665
CVX,4,DVN|FANG|CVE|MPC,FANG,0.23078388317310197
CVX,4,DVN|FANG|CVE|MPC,CVE,0.2634426412967785
CVX,4,DVN|FANG|CVE|MPC,MPC,0.29341463718430283
CVX,4,DVN|FANG|CVE|SLB,DVN,0.35991549727139793
CVX,4,DVN|FANG|CVE|SLB,FANG,0.08746889400696616
CVX,4,DVN|FANG|CVE|SLB,CVE,0.296621399995722
CVX,4,DVN|FANG|CVE|SLB,SLB,0.2559942087259138
CVX,4,DVN|FANG|KMI|PSX,DVN,0.20853885507451822
CVX,4,DVN|FANG|KMI|PSX,FANG,0.22185706843809705
CVX,4,DVN|FANG|KMI|PSX,KMI,0.2785636081438554
CVX,4,DVN|FANG|KMI|PSX,PSX,0.2910404683435293
CVX,4,DVN|FANG|KMI|WMB,DVN,0.03846852033480848
CVX,4,DVN|FANG|KMI|WMB,FANG,0.5203898041689548
CVX,4,DVN|FANG|KMI|WMB,KMI,0.36147192375108067
CVX,4,DVN|FANG|KMI|WMB,WMB,0.07966975174515617
CVX,4,DVN|FANG|KMI|TRGP,DVN,6.4035690812425106e-18
CVX,4,DVN|FANG|KMI|TRGP,FANG,0.5379939516296046
CVX,4,DVN|FANG|KMI|TRGP,KMI,0.37252111797733306
CVX,4,DVN|FANG|KMI|TRGP,TRGP,0.08948493039306234
CVX,4,DVN|FANG|KMI|OKE,DVN,0.04914138979976231
CVX,4,DVN|FANG|KMI|OKE,FANG,0.5129154050229944
CVX,4,DVN|FANG|KMI|OKE,KMI,0.43794320517724356
CVX,4,DVN|FANG|KMI|OKE,OKE,0.0
CVX,4,DVN|FANG|KMI|MPC,DVN,0.06955001392483504
CVX,4,DVN|FANG|KMI|MPC,FANG,0.3763753082541647
CVX,4,DVN|FANG|KMI|MPC,KMI,0.3291067114281729
CVX,4,DVN|FANG|KMI|MPC,MPC,0.2249679663928275
CVX,4,DVN|FANG|KMI|SLB,DVN,0.15568608952067434
CVX,4,DVN|FANG|KMI|SLB,FANG,0.2363696112591724
CVX,4,DVN|FANG|KMI|SLB,KMI,0.37483618099031724
CVX,4,DVN|FANG|KMI|SLB,SLB,0.2331081182298361
CVX,4,DVN|FANG|PSX|WMB,DVN,0.17761583243792622
CVX,4,DVN|FANG|PSX|WMB,FANG,0.2353204063420871
CVX,4,DVN|FANG|PSX|WMB,PSX,0.30414181639670296
CVX,4,DVN|FANG|PSX|WMB,WMB,0.28292194482328376
CVX,4,DVN|FANG|PSX|TRGP,DVN,0.050274064326964
CVX,4,DVN|FANG|PSX|TRGP,FANG,0.3439960838043754
CVX,4,DVN|FANG|PSX|TRGP,PSX,0.3295454371100324
CVX,4,DVN|FANG|PSX|TRGP,TRGP,0.27618441475862826
CVX,4,DVN|FANG|PSX|OKE,DVN,0.29586985802946003
CVX,4,DVN|FANG|PSX|OKE,FANG,0.14791598472013168
CVX,4,DVN|FANG|PSX|OKE,PSX,0.3369918045292228
CVX,4,DVN|FANG|PSX|OKE,OKE,0.21922235272118562
CVX,4,DVN|FANG|PSX|MPC,DVN,0.5130567416406407
CVX,4,DVN|FANG|PSX|MPC,FANG,0.05187676131798774
CVX,4,DVN|FANG|PSX|MPC,PSX,0.4350664970413716
CVX,4,DVN|FANG|PSX|MPC,MPC,0.0
CVX,4,DVN|FANG|PSX|SLB,DVN,0.44645160875692413
CVX,4,DVN|FANG|PSX|SLB,FANG,3.1795605136676706e-17
CVX,4,DVN|FANG|PSX|SLB,PSX,0.3615735362906669
CVX,4,DVN|FANG|PSX|SLB,SLB,0.19197485495240904
CVX,4,DVN|FANG|WMB|TRGP,DVN,0.0
CVX,4,DVN|FANG|WMB|TRGP,FANG,0.5478121848569947
CVX,4,DVN|FANG|WMB|TRGP,WMB,0.3729413510687851
CVX,4,DVN|FANG|WMB|TRGP,TRGP,0.07924646407422029
CVX,4,DVN|FANG|WMB|OKE,DVN,0.012665367972857906
CVX,4,DVN|FANG|WMB|OKE,FANG,0.5513007277265802
CVX,4,DVN|FANG|WMB|OKE,WMB,0.43603390430056194
CVX,4,DVN|FANG|WMB|OKE,OKE,0.0
CVX,4,DVN|FANG|WMB|MPC,DVN,0.03440008051904086
CVX,4,DVN|FANG|WMB|MPC,FANG,0.39812523217530577
CVX,4,DVN|FANG|WMB|MPC,WMB,0.3289503983024129
CVX,4,DVN|FANG|WMB|MPC,MPC,0.23852428900324046
CVX,4,DVN|FANG|WMB|SLB,DVN,0.1340738655854797
CVX,4,DVN|FANG|WMB|SLB,FANG,0.29492120421323137
CVX,4,DVN|FANG|WMB|SLB,WMB,0.36229052298545883
CVX,4,DVN|FANG|WMB|SLB,SLB,0.20871440721583007
CVX,4,DVN|FANG|TRGP|OKE,DVN,4.529551037089734e-17
CVX,4,DVN|FANG|TRGP|OKE,FANG,0.5540775933700447
CVX,4,DVN|FANG|TRGP|OKE,TRGP,0.2603627388023699
CVX,4,DVN|FANG|TRGP|OKE,OKE,0.18555966782758548
CVX,4,DVN|FANG|TRGP|MPC,DVN,1.0756894913655987e-17
CVX,4,DVN|FANG|TRGP|MPC,FANG,0.4713313279682192
CVX,4,DVN|FANG|TRGP|MPC,TRGP,0.28748069328146575
CVX,4,DVN|FANG|TRGP|MPC,MPC,0.241187978750315
CVX,4,DVN|FANG|TRGP|SLB,DVN,9.821347023413612e-18
CVX,4,DVN|FANG|TRGP|SLB,FANG,0.3621153085059328
CVX,4,DVN|FANG|TRGP|SLB,TRGP,0.3773248925070811
CVX,4,DVN|FANG|TRGP|SLB,SLB,0.260559798986986
CVX,4,DVN|FANG|OKE|MPC,DVN,0.15267904152149672
CVX,4,DVN|FANG|OKE|MPC,FANG,0.32066314425615144
CVX,4,DVN|FANG|OKE|MPC,OKE,0.2668372456342229
CVX,4,DVN|FANG|OKE|MPC,MPC,0.25982056858812896
CVX,4,DVN|FANG|OKE|SLB,DVN,0.24881560272466016
CVX,4,DVN|FANG|OKE|SLB,FANG,0.167533803466792
CVX,4,DVN|FANG|OKE|SLB,OKE,0.3266597080823541
CVX,4,DVN|FANG|OKE|SLB,SLB,0.2569908857261937
CVX,4,DVN|FANG|MPC|SLB,DVN,0.4433907299487481
CVX,4,DVN|FANG|MPC|SLB,FANG,0.0
CVX,4,DVN|FANG|MPC|SLB,MPC,0.30420363581128473
CVX,4,DVN|FANG|MPC|SLB,SLB,0.2524056342399672
CVX,4,DVN|SU|CVE|KMI,DVN,0.34031358517578153
CVX,4,DVN|SU|CVE|KMI,SU,0.3352010743542694
CVX,4,DVN|SU|CVE|KMI,CVE,2.0344376140332687e-16
CVX,4,DVN|SU|CVE|KMI,KMI,0.324485340469949
CVX,4,DVN|SU|CVE|PSX,DVN,0.38984689182876836
CVX,4,DVN|SU|CVE|PSX,SU,0.28402838144787157
CVX,4,DVN|SU|CVE|PSX,CVE,0.0
CVX,4,DVN|SU|CVE|PSX,PSX,0.3261247267233602
CVX,4,DVN|SU|CVE|WMB,DVN,0.36403505739886194
CVX,4,DVN|SU|CVE|WMB,SU,0.3312622465159535
CVX,4,DVN|SU|CVE|WMB,CVE,0.0
CVX,4,DVN|SU|CVE|WMB,WMB,0.3047026960851847
CVX,4,DVN|SU|CVE|TRGP,DVN,0.41928924429336795
CVX,4,DVN|SU|CVE|TRGP,SU,0.3634020228012732
CVX,4,DVN|SU|CVE|TRGP,CVE,0.0
CVX,4,DVN|SU|CVE|TRGP,TRGP,0.2173087329053589
CVX,4,DVN|SU|CVE|OKE,DVN,0.3628277485781979
CVX,4,DVN|SU|CVE|OKE,SU,0.35990082491758824
CVX,4,DVN|SU|CVE|OKE,CVE,1.601959531824168e-16
CVX,4,DVN|SU|CVE|OKE,OKE,0.2772714265042137
CVX,4,DVN|SU|CVE|MPC,DVN,0.43008293371488115
CVX,4,DVN|SU|CVE|MPC,SU,0.3211470426196165
CVX,4,DVN|SU|CVE|MPC,CVE,0.0
CVX,4,DVN|SU|CVE|MPC,MPC,0.24877002366550222
CVX,4,DVN|SU|CVE|SLB,DVN,0.4148730490646811
CVX,4,DVN|SU|CVE|SLB,SU,0.35892400265788116
CVX,4,DVN|SU|CVE|SLB,CVE,1.2370778551795128e-16
CVX,4,DVN|SU|CVE|SLB,SLB,0.22620294827743775
CVX,4,DVN|SU|KMI|PSX,DVN,0.2894528086055398
CVX,4,DVN|SU|KMI|PSX,SU,0.2501668688564413
CVX,4,DVN|SU|KMI|PSX,KMI,0.22660504416990288
CVX,4,DVN|SU|KMI|PSX,PSX,0.23377527836811585
CVX,4,DVN|SU|KMI|WMB,DVN,0.340314252861902
CVX,4,DVN|SU|KMI|WMB,SU,0.33520062365280506
CVX,4,DVN|SU|KMI|WMB,KMI,0.32448512348529307
CVX,4,DVN|SU|KMI|WMB,WMB,0.0
CVX,4,DVN|SU|KMI|TRGP,DVN,0.34031435981416686
CVX,4,DVN|SU|KMI|TRGP,SU,0.3352004882787385
CVX,4,DVN|SU|KMI|TRGP,KMI,0.32448515190709476
CVX,4,DVN|SU|KMI|TRGP,TRGP,0.0
CVX,4,DVN|SU|KMI|OKE,DVN,0.3403138150769565
CVX,4,DVN|SU|KMI|OKE,SU,0.33520086876164085
CVX,4,DVN|SU|KMI|OKE,KMI,0.3244853161614025
CVX,4,DVN|SU|KMI|OKE,OKE,5.580967740560576e-17
CVX,4,DVN|SU|KMI|MPC,DVN,0.30035424196791277
CVX,4,DVN|SU|KMI|MPC,SU,0.271815743534103
CVX,4,DVN|SU|KMI|MPC,KMI,0.26917532605356237
CVX,4,DVN|SU|KMI|MPC,MPC,0.158654688444422
CVX,4,DVN|SU|KMI|SLB,DVN,0.24719016446968028
CVX,4,DVN|SU|KMI|SLB,SU,0.26822649041104485
CVX,4,DVN|SU|KMI|SLB,KMI,0.2982681986260932
CVX,4,DVN|SU|KMI|SLB,SLB,0.18631514649318176
CVX,4,DVN|SU|PSX|WMB,DVN,0.29249353992126426
CVX,4,DVN|SU|PSX|WMB,SU,0.2338968533278072
CVX,4,DVN|SU|PSX|WMB,PSX,0.2576103729750608
CVX,4,DVN|SU|PSX|WMB,WMB,0.21599923377586772
CVX,4,DVN|SU|PSX|TRGP,DVN,0.31810628380572814
CVX,4,DVN|SU|PSX|TRGP,SU,0.23923858969068537
CVX,4,DVN|SU|PSX|TRGP,PSX,0.3025835456907555
CVX,4,DVN|SU|PSX|TRGP,TRGP,0.14007158081283097
CVX,4,DVN|SU|PSX|OKE,DVN,0.30393705873737076
CVX,4,DVN|SU|PSX|OKE,SU,0.2581294684627651
CVX,4,DVN|SU|PSX|OKE,PSX,0.26547678794392304
CVX,4,DVN|SU|PSX|OKE,OKE,0.17245668485594098
CVX,4,DVN|SU|PSX|MPC,DVN,0.3898471093228047
CVX,4,DVN|SU|PSX|MPC,SU,0.2840283284007353
CVX,4,DVN|SU|PSX|MPC,PSX,0.32612456227645986
CVX,4,DVN|SU|PSX|MPC,MPC,7.403279717239399e-17
CVX,4,DVN|SU|PSX|SLB,DVN,0.32690137803414876
CVX,4,DVN|SU|PSX|SLB,SU,0.24791386136669155
CVX,4,DVN|SU|PSX|SLB,PSX,0.28289837138947865
CVX,4,DVN|SU|PSX|SLB,SLB,0.14228638920968104
CVX,4,DVN|SU|WMB|TRGP,DVN,0.36403556865811265
CVX,4,DVN|SU|WMB|TRGP,SU,0.3312618389372792
CVX,4,DVN|SU|WMB|TRGP,WMB,0.3047025924046081
CVX,4,DVN|SU|WMB|TRGP,TRGP,4.103027596499831e-17
CVX,4,DVN|SU|WMB|OKE,DVN,0.3640353749329792
CVX,4,DVN|SU|WMB|OKE,SU,0.3312621013839769
CVX,4,DVN|SU|WMB|OKE,WMB,0.30470252368304407
CVX,4,DVN|SU|WMB|OKE,OKE,0.0
CVX,4,DVN|SU|WMB|MPC,DVN,0.30878669862942804
CVX,4,DVN|SU|WMB|MPC,SU,0.2559851017947315
CVX,4,DVN|SU|WMB|MPC,WMB,0.25220511120479727
CVX,4,DVN|SU|WMB|MPC,MPC,0.1830230883710432
CVX,4,DVN|SU|WMB|SLB,DVN,0.2823027629734891
CVX,4,DVN|SU|WMB|SLB,SU,0.27355058996195053
CVX,4,DVN|SU|WMB|SLB,WMB,0.26808945847022464
CVX,4,DVN|SU|WMB|SLB,SLB,0.17605718859433583
CVX,4,DVN|SU|TRGP|OKE,DVN,0.36282774605535784
CVX,4,DVN|SU|TRGP|OKE,SU,0.3599008233337827
CVX,4,DVN|SU|TRGP|OKE,TRGP,6.038032012854917e-17
CVX,4,DVN|SU|TRGP|OKE,OKE,0.2772714306108594
CVX,4,DVN|SU|TRGP|MPC,DVN,0.37107996426571394
CVX,4,DVN|SU|TRGP|MPC,SU,0.28773683474415085
CVX,4,DVN|SU|TRGP|MPC,TRGP,0.1272084646242289
CVX,4,DVN|SU|TRGP|MPC,MPC,0.2139747363659064
CVX,4,DVN|SU|TRGP|SLB,DVN,0.2755529408300976
CVX,4,DVN|SU|TRGP|SLB,SU,0.2635986770741856
CVX,4,DVN|SU|TRGP|SLB,TRGP,0.22794987971291703
CVX,4,DVN|SU|TRGP|SLB,SLB,0.23289850238279963
CVX,4,DVN|SU|OKE|MPC,DVN,0.3202336004968353
CVX,4,DVN|SU|OKE|MPC,SU,0.2862217811800052
CVX,4,DVN|SU|OKE|MPC,OKE,0.211818612815042
CVX,4,DVN|SU|OKE|MPC,MPC,0.18172600550811752
CVX,4,DVN|SU|OKE|SLB,DVN,0.2668829118698177
CVX,4,DVN|SU|OKE|SLB,SU,0.2894426906800989
CVX,4,DVN|SU|OKE|SLB,OKE,0.24895652027109988
CVX,4,DVN|SU|OKE|SLB,SLB,0.19471787717898353
CVX,4,DVN|SU|MPC|SLB,DVN,0.3310889875944924
CVX,4,DVN|SU|MPC|SLB,SU,0.2582424016256575
CVX,4,DVN|SU|MPC|SLB,MPC,0.21851534510928552
CVX,4,DVN|SU|MPC|SLB,SLB,0.19215326567056465
CVX,4,DVN|CVE|KMI|PSX,DVN,0.24481892309215836
CVX,4,DVN|CVE|KMI|PSX,CVE,0.2411766950926014
CVX,4,DVN|CVE|KMI|PSX,KMI,0.24936947356044997
CVX,4,DVN|CVE|KMI|PSX,PSX,0.26463490825479025
CVX,4,DVN|CVE|KMI|WMB,DVN,0.3028534985666514
CVX,4,DVN|CVE|KMI|WMB,CVE,0.3194338617177593
CVX,4,DVN|CVE|KMI|WMB,KMI,0.3777126397155893
CVX,4,DVN|CVE|KMI|WMB,WMB,0.0
CVX,4,DVN|CVE|KMI|TRGP,DVN,0.3028535307590562
CVX,4,DVN|CVE|KMI|TRGP,CVE,0.31943378470464723
CVX,4,DVN|CVE|KMI|TRGP,KMI,0.37771268453629664
CVX,4,DVN|CVE|KMI|TRGP,TRGP,0.0
CVX,4,DVN|CVE|KMI|OKE,DVN,0.3028536072742783
CVX,4,DVN|CVE|KMI|OKE,CVE,0.3194335789214724
CVX,4,DVN|CVE|KMI|OKE,KMI,0.3777128138042492
CVX,4,DVN|CVE|KMI|OKE,OKE,0.0
CVX,4,DVN|CVE|KMI|MPC,DVN,0.2648263082390147
CVX,4,DVN|CVE|KMI|MPC,CVE,0.2483027058498941
CVX,4,DVN|CVE|KMI|MPC,KMI,0.3013520670657709
CVX,4,DVN|CVE|KMI|MPC,MPC,0.18551891884532032
CVX,4,DVN|CVE|KMI|SLB,DVN,0.22056901594113915
CVX,4,DVN|CVE|KMI|SLB,CVE,0.23827502977975296
CVX,4,DVN|CVE|KMI|SLB,KMI,0.33996980107680225
CVX,4,DVN|CVE|KMI|SLB,SLB,0.20118615320230562
CVX,4,DVN|CVE|PSX|WMB,DVN,0.26240027520576303
CVX,4,DVN|CVE|PSX|WMB,CVE,0.2115396088582252
CVX,4,DVN|CVE|PSX|WMB,PSX,0.2926303019690233
CVX,4,DVN|CVE|PSX|WMB,WMB,0.23342981396698856
CVX,4,DVN|CVE|PSX|TRGP,DVN,0.29756132031263066
CVX,4,DVN|CVE|PSX|TRGP,CVE,0.2007334848939926
CVX,4,DVN|CVE|PSX|TRGP,PSX,0.34438367807681697
CVX,4,DVN|CVE|PSX|TRGP,TRGP,0.1573215167165598
CVX,4,DVN|CVE|PSX|OKE,DVN,0.27005239937432496
CVX,4,DVN|CVE|PSX|OKE,CVE,0.23645617136558444
CVX,4,DVN|CVE|PSX|OKE,PSX,0.30446165687463106
CVX,4,DVN|CVE|PSX|OKE,OKE,0.18902977238545954
CVX,4,DVN|CVE|PSX|MPC,DVN,0.3654092363498087
CVX,4,DVN|CVE|PSX|MPC,CVE,0.2573925036532945
CVX,4,DVN|CVE|PSX|MPC,PSX,0.37719825999689655
CVX,4,DVN|CVE|PSX|MPC,MPC,1.3500773442991568e-16
CVX,4,DVN|CVE|PSX|SLB,DVN,0.31243624996448954
CVX,4,DVN|CVE|PSX|SLB,CVE,0.21100550958880185
CVX,4,DVN|CVE|PSX|SLB,PSX,0.3283938585911082
CVX,4,DVN|CVE|PSX|SLB,SLB,0.14816438185560044
CVX,4,DVN|CVE|WMB|TRGP,DVN,0.3531702554597184
CVX,4,DVN|CVE|WMB|TRGP,CVE,0.2918009086598928
CVX,4,DVN|CVE|WMB|TRGP,WMB,0.35502883588038875
CVX,4,DVN|CVE|WMB|TRGP,TRGP,0.0
CVX,4,DVN|CVE|WMB|OKE,DVN,0.35215320273126144
CVX,4,DVN|CVE|WMB|OKE,CVE,0.2920454975856347
CVX,4,DVN|CVE|WMB|OKE,WMB,0.34906959541636906
CVX,4,DVN|CVE|WMB|OKE,OKE,0.006731704266734845
CVX,4,DVN|CVE|WMB|MPC,DVN,0.29142855400867324
CVX,4,DVN|CVE|WMB|MPC,CVE,0.21234308978823607
CVX,4,DVN|CVE|WMB|MPC,WMB,0.27957197489845337
CVX,4,DVN|CVE|WMB|MPC,MPC,0.21665638130463735
CVX,4,DVN|CVE|WMB|SLB,DVN,0.2761936480439171
CVX,4,DVN|CVE|WMB|SLB,CVE,0.2197662779985344
CVX,4,DVN|CVE|WMB|SLB,WMB,0.3081816859016728
CVX,4,DVN|CVE|WMB|SLB,SLB,0.19585838805587583
CVX,4,DVN|CVE|TRGP|OKE,DVN,0.34480554701667804
CVX,4,DVN|CVE|TRGP|OKE,CVE,0.32585913610790834
CVX,4,DVN|CVE|TRGP|OKE,TRGP,1.0963994469259664e-17
CVX,4,DVN|CVE|TRGP|OKE,OKE,0.3293353168754137
CVX,4,DVN|CVE|TRGP|MPC,DVN,0.368066295547825
CVX,4,DVN|CVE|TRGP|MPC,CVE,0.221120675051376
CVX,4,DVN|CVE|TRGP|MPC,TRGP,0.1526105535764296
CVX,4,DVN|CVE|TRGP|MPC,MPC,0.2582024758243694
CVX,4,DVN|CVE|TRGP|SLB,DVN,0.28010941832262337
CVX,4,DVN|CVE|TRGP|SLB,CVE,0.16706525954559587
CVX,4,DVN|CVE|TRGP|SLB,TRGP,0.2833524406987318
CVX,4,DVN|CVE|TRGP|SLB,SLB,0.26947288143304904
CVX,4,DVN|CVE|OKE|MPC,DVN,0.29930767487004306
CVX,4,DVN|CVE|OKE|MPC,CVE,0.24398665427424596
CVX,4,DVN|CVE|OKE|MPC,OKE,0.2380976320395117
CVX,4,DVN|CVE|OKE|MPC,MPC,0.21860803881619933
CVX,4,DVN|CVE|OKE|SLB,DVN,0.25440194512371694
CVX,4,DVN|CVE|OKE|SLB,CVE,0.2385611468388691
CVX,4,DVN|CVE|OKE|SLB,OKE,0.2894733901670923
CVX,4,DVN|CVE|OKE|SLB,SLB,0.21756351787032174
CVX,4,DVN|CVE|MPC|SLB,DVN,0.3332270686902366
CVX,4,DVN|CVE|MPC|SLB,CVE,0.19118643877967356
CVX,4,DVN|CVE|MPC|SLB,MPC,0.26293405097112615
CVX,4,DVN|CVE|MPC|SLB,SLB,0.2126524415589637
CVX,4,DVN|KMI|PSX|WMB,DVN,0.40436845349609796
CVX,4,DVN|KMI|PSX|WMB,KMI,6.14945919706622e-19
CVX,4,DVN|KMI|PSX|WMB,PSX,0.33082608229175786
CVX,4,DVN|KMI|PSX|WMB,WMB,0.2648054642121441
CVX,4,DVN|KMI|PSX|TRGP,DVN,0.41859266441747484
CVX,4,DVN|KMI|PSX|TRGP,KMI,0.25582886377493447
CVX,4,DVN|KMI|PSX|TRGP,PSX,0.31740401020453635
CVX,4,DVN|KMI|PSX|TRGP,TRGP,0.008174461603054392
CVX,4,DVN|KMI|PSX|OKE,DVN,0.4211943673455193
CVX,4,DVN|KMI|PSX|OKE,KMI,0.2617530448367434
CVX,4,DVN|KMI|PSX|OKE,PSX,0.3170525878177374
CVX,4,DVN|KMI|PSX|OKE,OKE,1.391886890575629e-18
CVX,4,DVN|KMI|PSX|MPC,DVN,0.42119363485774997
CVX,4,DVN|KMI|PSX|MPC,KMI,0.2617539311441794
CVX,4,DVN|KMI|PSX|MPC,PSX,0.31705243399807054
CVX,4,DVN|KMI|PSX|MPC,MPC,5.778247007932023e-17
CVX,4,DVN|KMI|PSX|SLB,DVN,0.31844882245965805
CVX,4,DVN|KMI|PSX|SLB,KMI,0.25240916314525375
CVX,4,DVN|KMI|PSX|SLB,PSX,0.2481082531034543
CVX,4,DVN|KMI|PSX|SLB,SLB,0.1810337612916339
CVX,4,DVN|KMI|WMB|TRGP,DVN,0.568776136812786
CVX,4,DVN|KMI|WMB|TRGP,KMI,0.431223863187214
CVX,4,DVN|KMI|WMB|TRGP,WMB,0.0
CVX,4,DVN|KMI|WMB|TRGP,TRGP,0.0
CVX,4,DVN|KMI|WMB|OKE,DVN,0.5687761366190421
CVX,4,DVN|KMI|WMB|OKE,KMI,0.43122386338095786
CVX,4,DVN|KMI|WMB|OKE,WMB,0.0
CVX,4,DVN|KMI|WMB|OKE,OKE,1.0879968800892037e-16
CVX,4,DVN|KMI|WMB|MPC,DVN,0.42972227336587865
CVX,4,DVN|KMI|WMB|MPC,KMI,0.17069072899718993
CVX,4,DVN|KMI|WMB|MPC,WMB,0.14507251584383163
CVX,4,DVN|KMI|WMB|MPC,MPC,0.25451448179309977
CVX,4,DVN|KMI|WMB|SLB,DVN,0.3744565800257547
CVX,4,DVN|KMI|WMB|SLB,KMI,0.36464933407596556
CVX,4,DVN|KMI|WMB|SLB,WMB,2.1404099060642542e-17
CVX,4,DVN|KMI|WMB|SLB,SLB,0.2608940858982796
CVX,4,DVN|KMI|TRGP|OKE,DVN,0.5687761345124177
CVX,4,DVN|KMI|TRGP|OKE,KMI,0.4312238654875824
CVX,4,DVN|KMI|TRGP|OKE,TRGP,0.0
CVX,4,DVN|KMI|TRGP|OKE,OKE,5.854691731421724e-18
CVX,4,DVN|KMI|TRGP|MPC,DVN,0.4380341678021892
CVX,4,DVN|KMI|TRGP|MPC,KMI,0.3125368642996055
CVX,4,DVN|KMI|TRGP|MPC,TRGP,2.828248304838029e-17
CVX,4,DVN|KMI|TRGP|MPC,MPC,0.2494289678982053
CVX,4,DVN|KMI|TRGP|SLB,DVN,0.366715662225258
CVX,4,DVN|KMI|TRGP|SLB,KMI,0.3483996489808565
CVX,4,DVN|KMI|TRGP|SLB,TRGP,0.02267996259907506
CVX,4,DVN|KMI|TRGP|SLB,SLB,0.2622047261948105
CVX,4,DVN|KMI|OKE|MPC,DVN,0.43803404807692675
CVX,4,DVN|KMI|OKE|MPC,KMI,0.3125367834235575
CVX,4,DVN|KMI|OKE|MPC,OKE,0.0
CVX,4,DVN|KMI|OKE|MPC,MPC,0.24942916849951585
CVX,4,DVN|KMI|OKE|SLB,DVN,0.37445620554968667
CVX,4,DVN|KMI|OKE|SLB,KMI,0.36464937202836734
CVX,4,DVN|KMI|OKE|SLB,OKE,1.0174136245945029e-17
CVX,4,DVN|KMI|OKE|SLB,SLB,0.26089442242194605
CVX,4,DVN|KMI|MPC|SLB,DVN,0.30128102508744253
CVX,4,DVN|KMI|MPC|SLB,KMI,0.2804793724277221
CVX,4,DVN|KMI|MPC|SLB,MPC,0.19948804523628025
CVX,4,DVN|KMI|MPC|SLB,SLB,0.2187515572485552
CVX,4,DVN|PSX|WMB|TRGP,DVN,0.4043690097938378
CVX,4,DVN|PSX|WMB|TRGP,PSX,0.3308261973158209
CVX,4,DVN|PSX|WMB|TRGP,WMB,0.2648047928903413
CVX,4,DVN|PSX|WMB|TRGP,TRGP,0.0
CVX,4,DVN|PSX|WMB|OKE,DVN,0.40436885230268466
CVX,4,DVN|PSX|WMB|OKE,PSX,0.3308263381363451
CVX,4,DVN|PSX|WMB|OKE,WMB,0.2648048095609704
CVX,4,DVN|PSX|WMB|OKE,OKE,0.0
CVX,4,DVN|PSX|WMB|MPC,DVN,0.40436899168331647
CVX,4,DVN|PSX|WMB|MPC,PSX,0.3308261699441724
CVX,4,DVN|PSX|WMB|MPC,WMB,0.2648048383725111
CVX,4,DVN|PSX|WMB|MPC,MPC,1.5386512305551976e-17
CVX,4,DVN|PSX|WMB|SLB,DVN,0.3257495312559174
CVX,4,DVN|PSX|WMB|SLB,PSX,0.2775295004377185
CVX,4,DVN|PSX|WMB|SLB,WMB,0.23904585507470683
CVX,4,DVN|PSX|WMB|SLB,SLB,0.1576751132316573
CVX,4,DVN|PSX|TRGP|OKE,DVN,0.40523073845897656
CVX,4,DVN|PSX|TRGP|OKE,PSX,0.35583686202345943
CVX,4,DVN|PSX|TRGP|OKE,TRGP,0.127976615770708
CVX,4,DVN|PSX|TRGP|OKE,OKE,0.11095578374685597
CVX,4,DVN|PSX|TRGP|MPC,DVN,0.40310816577217123
CVX,4,DVN|PSX|TRGP|MPC,PSX,0.3732199304669878
CVX,4,DVN|PSX|TRGP|MPC,TRGP,0.223671903760841
CVX,4,DVN|PSX|TRGP|MPC,MPC,0.0
CVX,4,DVN|PSX|TRGP|SLB,DVN,0.28279722126457413
CVX,4,DVN|PSX|TRGP|SLB,PSX,0.2922727254124655
CVX,4,DVN|PSX|TRGP|SLB,TRGP,0.22871094040706813
CVX,4,DVN|PSX|TRGP|SLB,SLB,0.1962191129158923
CVX,4,DVN|PSX|OKE|MPC,DVN,0.43665533093803766
CVX,4,DVN|PSX|OKE|MPC,PSX,0.35257966172944105
CVX,4,DVN|PSX|OKE|MPC,OKE,0.2107650073325214
CVX,4,DVN|PSX|OKE|MPC,MPC,4.840475656203106e-18
CVX,4,DVN|PSX|OKE|SLB,DVN,0.3358185373527793
CVX,4,DVN|PSX|OKE|SLB,PSX,0.2840917625355743
CVX,4,DVN|PSX|OKE|SLB,OKE,0.19868608755355716
CVX,4,DVN|PSX|OKE|SLB,SLB,0.18140361255808934
CVX,4,DVN|PSX|MPC|SLB,DVN,0.4464516016681105
CVX,4,DVN|PSX|MPC|SLB,PSX,0.36157355478796266
CVX,4,DVN|PSX|MPC|SLB,MPC,2.0381412655951382e-17
CVX,4,DVN|PSX|MPC|SLB,SLB,0.1919748435439269
CVX,4,DVN|WMB|TRGP|OKE,DVN,0.5764028950412234
CVX,4,DVN|WMB|TRGP|OKE,WMB,0.42359710495877656
CVX,4,DVN|WMB|TRGP|OKE,TRGP,0.0
CVX,4,DVN|WMB|TRGP|OKE,OKE,9.269928574751063e-18
CVX,4,DVN|WMB|TRGP|MPC,DVN,0.4267343207369649
CVX,4,DVN|WMB|TRGP|MPC,WMB,0.30862092966359733
CVX,4,DVN|WMB|TRGP|MPC,TRGP,1.7665666208376484e-17
CVX,4,DVN|WMB|TRGP|MPC,MPC,0.2646447495994379
CVX,4,DVN|WMB|TRGP|SLB,DVN,0.38294839594293734
CVX,4,DVN|WMB|TRGP|SLB,WMB,0.2811072915615074
CVX,4,DVN|WMB|TRGP|SLB,TRGP,0.08065749289950032
CVX,4,DVN|WMB|TRGP|SLB,SLB,0.2552868195960548
CVX,4,DVN|WMB|OKE|MPC,DVN,0.4267341813068495
CVX,4,DVN|WMB|OKE|MPC,WMB,0.30862089170825585
CVX,4,DVN|WMB|OKE|MPC,OKE,0.0
CVX,4,DVN|WMB|OKE|MPC,MPC,0.26464492698489483
CVX,4,DVN|WMB|OKE|SLB,DVN,0.40606299333812124
CVX,4,DVN|WMB|OKE|SLB,WMB,0.31703592596366204
CVX,4,DVN|WMB|OKE|SLB,OKE,0.02976361299985414
CVX,4,DVN|WMB|OKE|SLB,SLB,0.2471374676983624
CVX,4,DVN|WMB|MPC|SLB,DVN,0.3143589751672664
CVX,4,DVN|WMB|MPC|SLB,WMB,0.2608831879472975
CVX,4,DVN|WMB|MPC|SLB,MPC,0.22424868629590752
CVX,4,DVN|WMB|MPC|SLB,SLB,0.2005091505895287
CVX,4,DVN|TRGP|OKE|MPC,DVN,0.46450572814605895
CVX,4,DVN|TRGP|OKE|MPC,TRGP,8.066188877584295e-18
CVX,4,DVN|TRGP|OKE|MPC,OKE,0.2567265048244902
CVX,4,DVN|TRGP|OKE|MPC,MPC,0.2787677670294509
CVX,4,DVN|TRGP|OKE|SLB,DVN,0.35421648521131033
CVX,4,DVN|TRGP|OKE|SLB,TRGP,0.17383063392643133
CVX,4,DVN|TRGP|OKE|SLB,OKE,0.1851372861372361
CVX,4,DVN|TRGP|OKE|SLB,SLB,0.28681559472502216
CVX,4,DVN|TRGP|MPC|SLB,DVN,0.3044024989924703
CVX,4,DVN|TRGP|MPC|SLB,TRGP,0.22182188996549587
CVX,4,DVN|TRGP|MPC|SLB,MPC,0.21984141892738063
CVX,4,DVN|TRGP|MPC|SLB,SLB,0.25393419211465335
CVX,4,DVN|OKE|MPC|SLB,DVN,0.32343294749649115
CVX,4,DVN|OKE|MPC|SLB,OKE,0.22284531350307532
CVX,4,DVN|OKE|MPC|SLB,MPC,0.22616708517875206
CVX,4,DVN|OKE|MPC|SLB,SLB,0.22755465382168144
CVX,4,FANG|SU|CVE|KMI,FANG,0.3521457561492574
CVX,4,FANG|SU|CVE|KMI,SU,0.31261734501770766
CVX,4,FANG|SU|CVE|KMI,CVE,0.0
CVX,4,FANG|SU|CVE|KMI,KMI,0.3352368988330351
CVX,4,FANG|SU|CVE|PSX,FANG,0.3741006658141069
CVX,4,FANG|SU|CVE|PSX,SU,0.31024601533016377
CVX,4,FANG|SU|CVE|PSX,CVE,1.2142979628542924e-16
CVX,4,FANG|SU|CVE|PSX,PSX,0.31565331885572917
CVX,4,FANG|SU|CVE|WMB,FANG,0.3748695143965401
CVX,4,FANG|SU|CVE|WMB,SU,0.304079787668152
CVX,4,FANG|SU|CVE|WMB,CVE,1.9231671309172076e-17
CVX,4,FANG|SU|CVE|WMB,WMB,0.3210506979353079
CVX,4,FANG|SU|CVE|TRGP,FANG,0.41899483529902914
CVX,4,FANG|SU|CVE|TRGP,SU,0.3106688715624279
CVX,4,FANG|SU|CVE|TRGP,CVE,1.6073297207097603e-17
CVX,4,FANG|SU|CVE|TRGP,TRGP,0.270336293138543
CVX,4,FANG|SU|CVE|OKE,FANG,0.36669324001549297
CVX,4,FANG|SU|CVE|OKE,SU,0.34382941672880807
CVX,4,FANG|SU|CVE|OKE,CVE,0.0
CVX,4,FANG|SU|CVE|OKE,OKE,0.289477343255699
CVX,4,FANG|SU|CVE|MPC,FANG,0.4240110859352146
CVX,4,FANG|SU|CVE|MPC,SU,0.3289699391789928
CVX,4,FANG|SU|CVE|MPC,CVE,0.0
CVX,4,FANG|SU|CVE|MPC,MPC,0.24701897488579272
CVX,4,FANG|SU|CVE|SLB,FANG,0.4062014963548928
CVX,4,FANG|SU|CVE|SLB,SU,0.3874735446011343
CVX,4,FANG|SU|CVE|SLB,CVE,5.022587739862781e-18
CVX,4,FANG|SU|CVE|SLB,SLB,0.2063249590439729
CVX,4,FANG|SU|KMI|PSX,FANG,0.28806389789950326
CVX,4,FANG|SU|KMI|PSX,SU,0.25162685747478797
CVX,4,FANG|SU|KMI|PSX,KMI,0.2553539595982248
CVX,4,FANG|SU|KMI|PSX,PSX,0.20495528502748395
CVX,4,FANG|SU|KMI|WMB,FANG,0.3521460398013838
CVX,4,FANG|SU|KMI|WMB,SU,0.3126172512216065
CVX,4,FANG|SU|KMI|WMB,KMI,0.3352367089770097
CVX,4,FANG|SU|KMI|WMB,WMB,2.2626896999122532e-17
CVX,4,FANG|SU|KMI|TRGP,FANG,0.35214591484789304
CVX,4,FANG|SU|KMI|TRGP,SU,0.312617324512253
CVX,4,FANG|SU|KMI|TRGP,KMI,0.33523676063985397
CVX,4,FANG|SU|KMI|TRGP,TRGP,0.0
CVX,4,FANG|SU|KMI|OKE,FANG,0.35214577148105974
CVX,4,FANG|SU|KMI|OKE,SU,0.3126168969775283
CVX,4,FANG|SU|KMI|OKE,KMI,0.33523733154141194
CVX,4,FANG|SU|KMI|OKE,OKE,0.0
CVX,4,FANG|SU|KMI|MPC,FANG,0.3116568805350091
CVX,4,FANG|SU|KMI|MPC,SU,0.2597850964808941
CVX,4,FANG|SU|KMI|MPC,KMI,0.2855687275631043
CVX,4,FANG|SU|KMI|MPC,MPC,0.1429892954209926
CVX,4,FANG|SU|KMI|SLB,FANG,0.2571741939235599
CVX,4,FANG|SU|KMI|SLB,SU,0.26695498854294203
CVX,4,FANG|SU|KMI|SLB,KMI,0.31480149147730546
CVX,4,FANG|SU|KMI|SLB,SLB,0.1610693260561927
CVX,4,FANG|SU|PSX|WMB,FANG,0.2908650818814646
CVX,4,FANG|SU|PSX|WMB,SU,0.23244465540845707
CVX,4,FANG|SU|PSX|WMB,PSX,0.23062531138500636
CVX,4,FANG|SU|PSX|WMB,WMB,0.24606495132507195
CVX,4,FANG|SU|PSX|TRGP,FANG,0.30619683135291226
CVX,4,FANG|SU|PSX|TRGP,SU,0.2225094827730127
CVX,4,FANG|SU|PSX|TRGP,PSX,0.27199918198195905
CVX,4,FANG|SU|PSX|TRGP,TRGP,0.19929450389211598
CVX,4,FANG|SU|PSX|OKE,FANG,0.29072772924941614
CVX,4,FANG|SU|PSX|OKE,SU,0.2655311483761665
CVX,4,FANG|SU|PSX|OKE,PSX,0.24155451032575542
CVX,4,FANG|SU|PSX|OKE,OKE,0.20218661204866203
CVX,4,FANG|SU|PSX|MPC,FANG,0.37410104092249696
CVX,4,FANG|SU|PSX|MPC,SU,0.3102460426224666
CVX,4,FANG|SU|PSX|MPC,PSX,0.3156529164550365
CVX,4,FANG|SU|PSX|MPC,MPC,1.316543309917359e-17
CVX,4,FANG|SU|PSX|SLB,FANG,0.3023348141423384
CVX,4,FANG|SU|PSX|SLB,SU,0.2800002154725244
CVX,4,FANG|SU|PSX|SLB,PSX,0.28225857607401067
CVX,4,FANG|SU|PSX|SLB,SLB,0.1354063943111265
CVX,4,FANG|SU|WMB|TRGP,FANG,0.37486928781553525
CVX,4,FANG|SU|WMB|TRGP,SU,0.30407998916523477
CVX,4,FANG|SU|WMB|TRGP,WMB,0.3210507230192301
CVX,4,FANG|SU|WMB|TRGP,TRGP,0.0
CVX,4,FANG|SU|WMB|OKE,FANG,0.3748693422941624
CVX,4,FANG|SU|WMB|OKE,SU,0.30407996721452
CVX,4,FANG|SU|WMB|OKE,WMB,0.3210506904913177
CVX,4,FANG|SU|WMB|OKE,OKE,0.0
CVX,4,FANG|SU|WMB|MPC,FANG,0.32028771517485066
CVX,4,FANG|SU|WMB|MPC,SU,0.24079230699664528
CVX,4,FANG|SU|WMB|MPC,WMB,0.27199894875658825
CVX,4,FANG|SU|WMB|MPC,MPC,0.1669210290719159
CVX,4,FANG|SU|WMB|SLB,FANG,0.29421022292556215
CVX,4,FANG|SU|WMB|SLB,SU,0.2687841497730892
CVX,4,FANG|SU|WMB|SLB,WMB,0.29279484823852087
CVX,4,FANG|SU|WMB|SLB,SLB,0.14421077906282778
CVX,4,FANG|SU|TRGP|OKE,FANG,0.36669332859153414
CVX,4,FANG|SU|TRGP|OKE,SU,0.34382946946482257
CVX,4,FANG|SU|TRGP|OKE,TRGP,0.0
CVX,4,FANG|SU|TRGP|OKE,OKE,0.28947720194364335
CVX,4,FANG|SU|TRGP|MPC,FANG,0.366445351287358
CVX,4,FANG|SU|TRGP|MPC,SU,0.2575520866429452
CVX,4,FANG|SU|TRGP|MPC,TRGP,0.19341729330001325
CVX,4,FANG|SU|TRGP|MPC,MPC,0.18258526876968365
CVX,4,FANG|SU|TRGP|SLB,FANG,0.28615438971616924
CVX,4,FANG|SU|TRGP|SLB,SU,0.2437214765352349
CVX,4,FANG|SU|TRGP|SLB,TRGP,0.267260666743668
CVX,4,FANG|SU|TRGP|SLB,SLB,0.20286346700492788
CVX,4,FANG|SU|OKE|MPC,FANG,0.3220057465204176
CVX,4,FANG|SU|OKE|MPC,SU,0.2795986135273069
CVX,4,FANG|SU|OKE|MPC,OKE,0.22937338292503778
CVX,4,FANG|SU|OKE|MPC,MPC,0.1690222570272377
CVX,4,FANG|SU|OKE|SLB,FANG,0.2651319206920535
CVX,4,FANG|SU|OKE|SLB,SU,0.2936159682007119
CVX,4,FANG|SU|OKE|SLB,OKE,0.2685495893923266
CVX,4,FANG|SU|OKE|SLB,SLB,0.17270252171490802
CVX,4,FANG|SU|MPC|SLB,FANG,0.31659833093790374
CVX,4,FANG|SU|MPC|SLB,SU,0.2797992889678192
CVX,4,FANG|SU|MPC|SLB,MPC,0.2260840360295689
CVX,4,FANG|SU|MPC|SLB,SLB,0.1775183440647083
CVX,4,FANG|CVE|KMI|PSX,FANG,0.24849026009344896
CVX,4,FANG|CVE|KMI|PSX,CVE,0.24366032141939428
CVX,4,FANG|CVE|KMI|PSX,KMI,0.2708026899569952
CVX,4,FANG|CVE|KMI|PSX,PSX,0.23704672853016157
CVX,4,FANG|CVE|KMI|WMB,FANG,0.3317343336701119
CVX,4,FANG|CVE|KMI|WMB,CVE,0.2917034792822604
CVX,4,FANG|CVE|KMI|WMB,KMI,0.3765621870476278
CVX,4,FANG|CVE|KMI|WMB,WMB,0.0
CVX,4,FANG|CVE|KMI|TRGP,FANG,0.33173369838182687
CVX,4,FANG|CVE|KMI|TRGP,CVE,0.29170397695127237
CVX,4,FANG|CVE|KMI|TRGP,KMI,0.37656232466690065
CVX,4,FANG|CVE|KMI|TRGP,TRGP,6.943393766439517e-17
CVX,4,FANG|CVE|KMI|OKE,FANG,0.33173430554254524
CVX,4,FANG|CVE|KMI|OKE,CVE,0.2917034743835665
CVX,4,FANG|CVE|KMI|OKE,KMI,0.3765622200738881
CVX,4,FANG|CVE|KMI|OKE,OKE,1.1429015557302274e-17
CVX,4,FANG|CVE|KMI|MPC,FANG,0.2877695582925901
CVX,4,FANG|CVE|KMI|MPC,CVE,0.23512268530372793
CVX,4,FANG|CVE|KMI|MPC,KMI,0.31022795357205535
CVX,4,FANG|CVE|KMI|MPC,MPC,0.16687980283162668
CVX,4,FANG|CVE|KMI|SLB,FANG,0.23867798497183018
CVX,4,FANG|CVE|KMI|SLB,CVE,0.23885451292810314
CVX,4,FANG|CVE|KMI|SLB,KMI,0.3498213705487535
CVX,4,FANG|CVE|KMI|SLB,SLB,0.17264613155131314
CVX,4,FANG|CVE|PSX|WMB,FANG,0.2646116288988758
CVX,4,FANG|CVE|PSX|WMB,CVE,0.21235380351471664
CVX,4,FANG|CVE|PSX|WMB,PSX,0.26542918828491036
CVX,4,FANG|CVE|PSX|WMB,WMB,0.25760537930149735
CVX,4,FANG|CVE|PSX|TRGP,FANG,0.294897975978646
CVX,4,FANG|CVE|PSX|TRGP,CVE,0.1834696332835933
CVX,4,FANG|CVE|PSX|TRGP,PSX,0.3108204932338838
CVX,4,FANG|CVE|PSX|TRGP,TRGP,0.21081189750387683
CVX,4,FANG|CVE|PSX|OKE,FANG,0.25770505029904806
CVX,4,FANG|CVE|PSX|OKE,CVE,0.248255903900682
CVX,4,FANG|CVE|PSX|OKE,PSX,0.2813767813409552
CVX,4,FANG|CVE|PSX|OKE,OKE,0.21266226445931477
CVX,4,FANG|CVE|PSX|MPC,FANG,0.33899877914207777
CVX,4,FANG|CVE|PSX|MPC,CVE,0.2942950693563003
CVX,4,FANG|CVE|PSX|MPC,PSX,0.36670615150162206
CVX,4,FANG|CVE|PSX|MPC,MPC,0.0
CVX,4,FANG|CVE|PSX|SLB,FANG,0.27486942679033805
CVX,4,FANG|CVE|PSX|SLB,CVE,0.25800219602787333
CVX,4,FANG|CVE|PSX|SLB,PSX,0.3294182858773295
CVX,4,FANG|CVE|PSX|SLB,SLB,0.13771009130445896
CVX,4,FANG|CVE|WMB|TRGP,FANG,0.3776366119815393
CVX,4,FANG|CVE|WMB|TRGP,CVE,0.2611390467031266
CVX,4,FANG|CVE|WMB|TRGP,WMB,0.36122434131533415
CVX,4,FANG|CVE|WMB|TRGP,TRGP,1.0456939371209558e-17
CVX,4,FANG|CVE|WMB|OKE,FANG,0.3776358870236526
CVX,4,FANG|CVE|WMB|OKE,CVE,0.2611398865787112
CVX,4,FANG|CVE|WMB|OKE,WMB,0.3612242263976363
CVX,4,FANG|CVE|WMB|OKE,OKE,6.938470387433601e-18
CVX,4,FANG|CVE|WMB|MPC,FANG,0.3124449348715911
CVX,4,FANG|CVE|WMB|MPC,CVE,0.19751594856083785
CVX,4,FANG|CVE|WMB|MPC,WMB,0.2935282889873097
CVX,4,FANG|CVE|WMB|MPC,MPC,0.19651082758026142
CVX,4,FANG|CVE|WMB|SLB,FANG,0.2943002546802395
CVX,4,FANG|CVE|WMB|SLB,CVE,0.21909835207721673
CVX,4,FANG|CVE|WMB|SLB,WMB,0.3273811873930423
CVX,4,FANG|CVE|WMB|SLB,SLB,0.15922020584950156
CVX,4,FANG|CVE|TRGP|OKE,FANG,0.36128340729541475
CVX,4,FANG|CVE|TRGP|OKE,CVE,0.3077393867635911
CVX,4,FANG|CVE|TRGP|OKE,TRGP,3.531015659307161e-18
CVX,4,FANG|CVE|TRGP|OKE,OKE,0.3309772059409943
CVX,4,FANG|CVE|TRGP|MPC,FANG,0.3767864593302324
CVX,4,FANG|CVE|TRGP|MPC,CVE,0.18722022778927247
CVX,4,FANG|CVE|TRGP|MPC,TRGP,0.21549562103632286
CVX,4,FANG|CVE|TRGP|MPC,MPC,0.22049769184417217
CVX,4,FANG|CVE|TRGP|SLB,FANG,0.3044706110854554
CVX,4,FANG|CVE|TRGP|SLB,CVE,0.14649816561810647
CVX,4,FANG|CVE|TRGP|SLB,TRGP,0.3169166887199718
CVX,4,FANG|CVE|TRGP|SLB,SLB,0.2321145345764663
CVX,4,FANG|CVE|OKE|MPC,FANG,0.30848720647949657
CVX,4,FANG|CVE|OKE|MPC,CVE,0.23958447248000064
CVX,4,FANG|CVE|OKE|MPC,OKE,0.24956372232616342
CVX,4,FANG|CVE|OKE|MPC,MPC,0.20236459871433946
CVX,4,FANG|CVE|OKE|SLB,FANG,0.2567814116438818
CVX,4,FANG|CVE|OKE|SLB,CVE,0.2484482050189858
CVX,4,FANG|CVE|OKE|SLB,OKE,0.3035048820101508
CVX,4,FANG|CVE|OKE|SLB,SLB,0.19126550132698159
CVX,4,FANG|CVE|MPC|SLB,FANG,0.31019259567035773
CVX,4,FANG|CVE|MPC|SLB,CVE,0.22836109374986696
CVX,4,FANG|CVE|MPC|SLB,MPC,0.2677262163537242
CVX,4,FANG|CVE|MPC|SLB,SLB,0.19372009422605124
CVX,4,FANG|KMI|PSX|WMB,FANG,0.3990722269370114
CVX,4,FANG|KMI|PSX|WMB,KMI,0.0
CVX,4,FANG|KMI|PSX|WMB,PSX,0.29408268094057144
CVX,4,FANG|KMI|PSX|WMB,WMB,0.3068450921224173
CVX,4,FANG|KMI|PSX|TRGP,FANG,0.391225131906569
CVX,4,FANG|KMI|PSX|TRGP,KMI,0.2189146807730538
CVX,4,FANG|KMI|PSX|TRGP,PSX,0.2808493131295807
CVX,4,FANG|KMI|PSX|TRGP,TRGP,0.10901087419079668
CVX,4,FANG|KMI|PSX|OKE,FANG,0.41591302005810915
CVX,4,FANG|KMI|PSX|OKE,KMI,0.30604483800409493
CVX,4,FANG|KMI|PSX|OKE,PSX,0.2780421419377959
CVX,4,FANG|KMI|PSX|OKE,OKE,4.661010550503601e-17
CVX,4,FANG|KMI|PSX|MPC,FANG,0.4159137214156573
CVX,4,FANG|KMI|PSX|MPC,KMI,0.3060447620814049
CVX,4,FANG|KMI|PSX|MPC,PSX,0.2780415165029378
CVX,4,FANG|KMI|PSX|MPC,MPC,0.0
CVX,4,FANG|KMI|PSX|SLB,FANG,0.31125667848130895
CVX,4,FANG|KMI|PSX|SLB,KMI,0.2926378596232805
CVX,4,FANG|KMI|PSX|SLB,PSX,0.22911340409058914
CVX,4,FANG|KMI|PSX|SLB,SLB,0.16699205780482143
CVX,4,FANG|KMI|WMB|TRGP,FANG,0.5380590401813332
CVX,4,FANG|KMI|WMB|TRGP,KMI,0.3669900492941189
CVX,4,FANG|KMI|WMB|TRGP,WMB,0.006593460132413757
CVX,4,FANG|KMI|WMB|TRGP,TRGP,0.08835745039213419
CVX,4,FANG|KMI|WMB|OKE,FANG,0.5547415710510131
CVX,4,FANG|KMI|WMB|OKE,KMI,0.35703236983116005
CVX,4,FANG|KMI|WMB|OKE,WMB,0.08822605911782683
CVX,4,FANG|KMI|WMB|OKE,OKE,2.5880244670407893e-17
CVX,4,FANG|KMI|WMB|MPC,FANG,0.4301913810079224
CVX,4,FANG|KMI|WMB|MPC,KMI,0.12919650466132743
CVX,4,FANG|KMI|WMB|MPC,WMB,0.2096992544338555
CVX,4,FANG|KMI|WMB|MPC,MPC,0.23091285989689458
CVX,4,FANG|KMI|WMB|SLB,FANG,0.38183538880063433
CVX,4,FANG|KMI|WMB|SLB,KMI,0.39217316008182823
CVX,4,FANG|KMI|WMB|SLB,WMB,9.688616960578864e-17
CVX,4,FANG|KMI|WMB|SLB,SLB,0.22599145111753746
CVX,4,FANG|KMI|TRGP|OKE,FANG,0.537993768482148
CVX,4,FANG|KMI|TRGP|OKE,KMI,0.37252307931417245
CVX,4,FANG|KMI|TRGP|OKE,TRGP,0.08948315220367967
CVX,4,FANG|KMI|TRGP|OKE,OKE,0.0
CVX,4,FANG|KMI|TRGP|MPC,FANG,0.4392213037939144
CVX,4,FANG|KMI|TRGP|MPC,KMI,0.3364339462004543
CVX,4,FANG|KMI|TRGP|MPC,TRGP,0.0
CVX,4,FANG|KMI|TRGP|MPC,MPC,0.22434475000563117
CVX,4,FANG|KMI|TRGP|SLB,FANG,0.35671202057217793
CVX,4,FANG|KMI|TRGP|SLB,KMI,0.30688517162017165
CVX,4,FANG|KMI|TRGP|SLB,TRGP,0.1076322725039369
CVX,4,FANG|KMI|TRGP|SLB,SLB,0.22877053530371352
CVX,4,FANG|KMI|OKE|MPC,FANG,0.4392214713328578
CVX,4,FANG|KMI|OKE|MPC,KMI,0.3364338406132725
CVX,4,FANG|KMI|OKE|MPC,OKE,0.0
CVX,4,FANG|KMI|OKE|MPC,MPC,0.2243446880538696
CVX,4,FANG|KMI|OKE|SLB,FANG,0.381835587468155
CVX,4,FANG|KMI|OKE|SLB,KMI,0.39217342021326534
CVX,4,FANG|KMI|OKE|SLB,OKE,0.0
CVX,4,FANG|KMI|OKE|SLB,SLB,0.22599099231857966
CVX,4,FANG|KMI|MPC|SLB,FANG,0.304898783145617
CVX,4,FANG|KMI|MPC|SLB,KMI,0.30766660716008615
CVX,4,FANG|KMI|MPC|SLB,MPC,0.19296069288567905
CVX,4,FANG|KMI|MPC|SLB,SLB,0.19447391680861775
CVX,4,FANG|PSX|WMB|TRGP,FANG,0.38722508249663795
CVX,4,FANG|PSX|WMB|TRGP,PSX,0.2932167297223731
CVX,4,FANG|PSX|WMB|TRGP,WMB,0.2533967155313143
CVX,4,FANG|PSX|WMB|TRGP,TRGP,0.06616147224967445
CVX,4,FANG|PSX|WMB|OKE,FANG,0.3990720580361341
CVX,4,FANG|PSX|WMB|OKE,PSX,0.2940828410913242
CVX,4,FANG|PSX|WMB|OKE,WMB,0.3068451008725415
CVX,4,FANG|PSX|WMB|OKE,OKE,2.4270776191506315e-17
CVX,4,FANG|PSX|WMB|MPC,FANG,0.3990721557552256
CVX,4,FANG|PSX|WMB|MPC,PSX,0.29408266659663407
CVX,4,FANG|PSX|WMB|MPC,WMB,0.30684517764814045
CVX,4,FANG|PSX|WMB|MPC,MPC,0.0
CVX,4,FANG|PSX|WMB|SLB,FANG,0.32092139528626884
CVX,4,FANG|PSX|WMB|SLB,PSX,0.2596708191209101
CVX,4,FANG|PSX|WMB|SLB,WMB,0.2824661284042524
CVX,4,FANG|PSX|WMB|SLB,SLB,0.13694165718856866
CVX,4,FANG|PSX|TRGP|OKE,FANG,0.38599465570394054
CVX,4,FANG|PSX|TRGP|OKE,PSX,0.3209794700269734
CVX,4,FANG|PSX|TRGP|OKE,TRGP,0.25542694936713434
CVX,4,FANG|PSX|TRGP|OKE,OKE,0.03759892490195163
CVX,4,FANG|PSX|TRGP|MPC,FANG,0.387681476505254
CVX,4,FANG|PSX|TRGP|MPC,PSX,0.3258337157300637
CVX,4,FANG|PSX|TRGP|MPC,TRGP,0.2864848077646822
CVX,4,FANG|PSX|TRGP|MPC,MPC,2.2145411708167665e-17
CVX,4,FANG|PSX|TRGP|SLB,FANG,0.2738635903718801
CVX,4,FANG|PSX|TRGP|SLB,PSX,0.26916356283750886
CVX,4,FANG|PSX|TRGP|SLB,TRGP,0.27858236738614583
CVX,4,FANG|PSX|TRGP|SLB,SLB,0.17839047940446534
CVX,4,FANG|PSX|OKE|MPC,FANG,0.4214921306671733
CVX,4,FANG|PSX|OKE|MPC,PSX,0.32212008131786063
CVX,4,FANG|PSX|OKE|MPC,OKE,0.25638778801496614
CVX,4,FANG|PSX|OKE|MPC,MPC,0.0
CVX,4,FANG|PSX|OKE|SLB,FANG,0.3148035286789968
CVX,4,FANG|PSX|OKE|SLB,PSX,0.2708378903974015
CVX,4,FANG|PSX|OKE|SLB,OKE,0.24248741056311598
CVX,4,FANG|PSX|OKE|SLB,SLB,0.17187117036048577
CVX,4,FANG|PSX|MPC|SLB,FANG,0.434706630004181
CVX,4,FANG|PSX|MPC|SLB,PSX,0.37466165593143574
CVX,4,FANG|PSX|MPC|SLB,MPC,0.0
CVX,4,FANG|PSX|MPC|SLB,SLB,0.19063171406438326
CVX,4,FANG|WMB|TRGP|OKE,FANG,0.5478120778788514
CVX,4,FANG|WMB|TRGP|OKE,WMB,0.37294147259002436
CVX,4,FANG|WMB|TRGP|OKE,TRGP,0.07924644953112406
CVX,4,FANG|WMB|TRGP|OKE,OKE,1.1630397640511984e-17
CVX,4,FANG|WMB|TRGP|MPC,FANG,0.4289201889706669
CVX,4,FANG|WMB|TRGP|MPC,WMB,0.33284635248902106
CVX,4,FANG|WMB|TRGP|MPC,TRGP,0.0
CVX,4,FANG|WMB|TRGP|MPC,MPC,0.23823345854031194
CVX,4,FANG|WMB|TRGP|SLB,FANG,0.37911071122350076
CVX,4,FANG|WMB|TRGP|SLB,WMB,0.2465663712290945
CVX,4,FANG|WMB|TRGP|SLB,TRGP,0.1573311890813815
CVX,4,FANG|WMB|TRGP|SLB,SLB,0.21699172846602324
CVX,4,FANG|WMB|OKE|MPC,FANG,0.4289201168850596
CVX,4,FANG|WMB|OKE|MPC,WMB,0.3328463334417653
CVX,4,FANG|WMB|OKE|MPC,OKE,0.0
CVX,4,FANG|WMB|OKE|MPC,MPC,0.2382335496731752
CVX,4,FANG|WMB|OKE|SLB,FANG,0.41996493073078056
CVX,4,FANG|WMB|OKE|SLB,WMB,0.37928419428666205
CVX,4,FANG|WMB|OKE|SLB,OKE,0.0
CVX,4,FANG|WMB|OKE|SLB,SLB,0.2007508749825575
CVX,4,FANG|WMB|MPC|SLB,FANG,0.32089570851635735
CVX,4,FANG|WMB|MPC|SLB,WMB,0.2934815031525828
CVX,4,FANG|WMB|MPC|SLB,MPC,0.21601187810533276
CVX,4,FANG|WMB|MPC|SLB,SLB,0.169610910225727
CVX,4,FANG|TRGP|OKE|MPC,FANG,0.44972988077785564
CVX,4,FANG|TRGP|OKE|MPC,TRGP,0.126843433672573
CVX,4,FANG|TRGP|OKE|MPC,OKE,0.1828442318200666
CVX,4,FANG|TRGP|OKE|MPC,MPC,0.24058245372950474
CVX,4,FANG|TRGP|OKE|SLB,FANG,0.3556612376496317
CVX,4,FANG|TRGP|OKE|SLB,TRGP,0.27858991657894866
CVX,4,FANG|TRGP|OKE|SLB,OKE,0.11391061591089924
CVX,4,FANG|TRGP|OKE|SLB,SLB,0.25183822986052046
CVX,4,FANG|TRGP|MPC|SLB,FANG,0.30584075690447654
CVX,4,FANG|TRGP|MPC|SLB,TRGP,0.2725432001275829
CVX,4,FANG|TRGP|MPC|SLB,MPC,0.1967267922677496
CVX,4,FANG|TRGP|MPC|SLB,SLB,0.22488925070019106
CVX,4,FANG|OKE|MPC|SLB,FANG,0.31481925608593886
CVX,4,FANG|OKE|MPC|SLB,OKE,0.2538070843777266
CVX,4,FANG|OKE|MPC|SLB,MPC,0.2237496194136938
CVX,4,FANG|OKE|MPC|SLB,SLB,0.20762404012264074
CVX,4,SU|CVE|KMI|PSX,SU,0.0
CVX,4,SU|CVE|KMI|PSX,CVE,0.381671153850211
CVX,4,SU|CVE|KMI|PSX,KMI,0.3227295127057101
CVX,4,SU|CVE|KMI|PSX,PSX,0.2955993334440789
CVX,4,SU|CVE|KMI|WMB,SU,0.19647851751260922
CVX,4,SU|CVE|KMI|WMB,CVE,0.32441044604751074
CVX,4,SU|CVE|KMI|WMB,KMI,0.4791110364398799
CVX,4,SU|CVE|KMI|WMB,WMB,0.0
CVX,4,SU|CVE|KMI|TRGP,SU,0.19647891134251935
CVX,4,SU|CVE|KMI|TRGP,CVE,0.3244106715937299
CVX,4,SU|CVE|KMI|TRGP,KMI,0.47911041706375074
CVX,4,SU|CVE|KMI|TRGP,TRGP,2.2393433543035565e-18
CVX,4,SU|CVE|KMI|OKE,SU,0.196478381252451
CVX,4,SU|CVE|KMI|OKE,CVE,0.3244112720792359
CVX,4,SU|CVE|KMI|OKE,KMI,0.47911034666831315
CVX,4,SU|CVE|KMI|OKE,OKE,0.0
CVX,4,SU|CVE|KMI|MPC,SU,0.10399420264245636
CVX,4,SU|CVE|KMI|MPC,CVE,0.30327979866989174
CVX,4,SU|CVE|KMI|MPC,KMI,0.3810975375771727
CVX,4,SU|CVE|KMI|MPC,MPC,0.21162846111047923
CVX,4,SU|CVE|KMI|SLB,SU,0.3238490543348762
CVX,4,SU|CVE|KMI|SLB,CVE,0.03510117816106208
CVX,4,SU|CVE|KMI|SLB,KMI,0.3850445026101908
CVX,4,SU|CVE|KMI|SLB,SLB,0.25600526489387093
CVX,4,SU|CVE|PSX|WMB,SU,0.029387279781264774
CVX,4,SU|CVE|PSX|WMB,CVE,0.33018144013257045
CVX,4,SU|CVE|PSX|WMB,PSX,0.3344224994700509
CVX,4,SU|CVE|PSX|WMB,WMB,0.3060087806161139
CVX,4,SU|CVE|PSX|TRGP,SU,0.18863927601725114
CVX,4,SU|CVE|PSX|TRGP,CVE,0.1570647554783123
CVX,4,SU|CVE|PSX|TRGP,PSX,0.38004685411570727
CVX,4,SU|CVE|PSX|TRGP,TRGP,0.27424911438872934
CVX,4,SU|CVE|PSX|OKE,SU,0.07251745477992168
CVX,4,SU|CVE|PSX|OKE,CVE,0.3163364293351171
CVX,4,SU|CVE|PSX|OKE,PSX,0.33316534749920895
CVX,4,SU|CVE|PSX|OKE,OKE,0.27798076838575236
CVX,4,SU|CVE|PSX|MPC,SU,1.9107793564826715e-16
CVX,4,SU|CVE|PSX|MPC,CVE,0.5109518968885247
CVX,4,SU|CVE|PSX|MPC,PSX,0.489048103111475
CVX,4,SU|CVE|PSX|MPC,MPC,1.51273308209946e-16
CVX,4,SU|CVE|PSX|SLB,SU,0.18639958052424685
CVX,4,SU|CVE|PSX|SLB,CVE,0.21285350500205566
CVX,4,SU|CVE|PSX|SLB,PSX,0.3742413372958743
CVX,4,SU|CVE|PSX|SLB,SLB,0.22650557717782327
CVX,4,SU|CVE|WMB|TRGP,SU,0.3927605249508173
CVX,4,SU|CVE|WMB|TRGP,CVE,0.13816748470351778
CVX,4,SU|CVE|WMB|TRGP,WMB,0.46907199034566494
CVX,4,SU|CVE|WMB|TRGP,TRGP,1.698470465834323e-17
CVX,4,SU|CVE|WMB|OKE,SU,0.4024129634325567
CVX,4,SU|CVE|WMB|OKE,CVE,0.1183871532886756
CVX,4,SU|CVE|WMB|OKE,WMB,0.30346833644619875
CVX,4,SU|CVE|WMB|OKE,OKE,0.17573154683256903
CVX,4,SU|CVE|WMB|MPC,SU,0.23274479670506634
CVX,4,SU|CVE|WMB|MPC,CVE,0.15557726701865113
CVX,4,SU|CVE|WMB|MPC,WMB,0.3623739896027365
CVX,4,SU|CVE|WMB|MPC,MPC,0.2493039466735461
CVX,4,SU|CVE|WMB|SLB,SU,0.37871185266600443
CVX,4,SU|CVE|WMB|SLB,CVE,0.0
CVX,4,SU|CVE|WMB|SLB,WMB,0.3641317233740452
CVX,4,SU|CVE|WMB|SLB,SLB,0.25715642395995053
CVX,4,SU|CVE|TRGP|OKE,SU,0.4429788285922045
CVX,4,SU|CVE|TRGP|OKE,CVE,0.1046397517159973
CVX,4,SU|CVE|TRGP|OKE,TRGP,0.0
CVX,4,SU|CVE|TRGP|OKE,OKE,0.4523814196917982
CVX,4,SU|CVE|TRGP|MPC,SU,0.41858120633922025
CVX,4,SU|CVE|TRGP|MPC,CVE,0.0
CVX,4,SU|CVE|TRGP|MPC,TRGP,0.30982246232642674
CVX,4,SU|CVE|TRGP|MPC,MPC,0.2715963313343531
CVX,4,SU|CVE|TRGP|SLB,SU,0.32070311022474074
CVX,4,SU|CVE|TRGP|SLB,CVE,0.0
CVX,4,SU|CVE|TRGP|SLB,TRGP,0.36040966277149233
CVX,4,SU|CVE|TRGP|SLB,SLB,0.31888722700376704
CVX,4,SU|CVE|OKE|MPC,SU,0.2886956337329169
CVX,4,SU|CVE|OKE|MPC,CVE,0.13613823178148546
CVX,4,SU|CVE|OKE|MPC,OKE,0.33926862556208287
CVX,4,SU|CVE|OKE|MPC,MPC,0.23589750892351477
CVX,4,SU|CVE|OKE|SLB,SU,0.3798800183194773
CVX,4,SU|CVE|OKE|SLB,CVE,0.0
CVX,4,SU|CVE|OKE|SLB,OKE,0.35148715441864026
CVX,4,SU|CVE|OKE|SLB,SLB,0.2686328272618825
CVX,4,SU|CVE|MPC|SLB,SU,0.3917837445018029
CVX,4,SU|CVE|MPC|SLB,CVE,0.0
CVX,4,SU|CVE|MPC|SLB,MPC,0.30330903262568937
CVX,4,SU|CVE|MPC|SLB,SLB,0.3049072228725078
CVX,4,SU|KMI|PSX|WMB,SU,0.3799055082479282
CVX,4,SU|KMI|PSX|WMB,KMI,0.293549572708148
CVX,4,SU|KMI|PSX|WMB,PSX,0.2872845528849963
CVX,4,SU|KMI|PSX|WMB,WMB,0.03926036615892748
CVX,4,SU|KMI|PSX|TRGP,SU,0.3829333272009429
CVX,4,SU|KMI|PSX|TRGP,KMI,0.33048218511863137
CVX,4,SU|KMI|PSX|TRGP,PSX,0.2844025205110475
CVX,4,SU|KMI|PSX|TRGP,TRGP,0.0021819671693783234
CVX,4,SU|KMI|PSX|OKE,SU,0.38361010825156056
CVX,4,SU|KMI|PSX|OKE,KMI,0.3321603691001118
CVX,4,SU|KMI|PSX|OKE,PSX,0.2842295226483275
CVX,4,SU|KMI|PSX|OKE,OKE,1.6883484221146342e-18
CVX,4,SU|KMI|PSX|MPC,SU,0.38361030930239287
CVX,4,SU|KMI|PSX|MPC,KMI,0.3321599399724632
CVX,4,SU|KMI|PSX|MPC,PSX,0.2842297507251439
CVX,4,SU|KMI|PSX|MPC,MPC,4.3294606791245867e-17
CVX,4,SU|KMI|PSX|SLB,SU,0.2924356931786674
CVX,4,SU|KMI|PSX|SLB,KMI,0.29686263361098153
CVX,4,SU|KMI|PSX|SLB,PSX,0.2089882766959985
CVX,4,SU|KMI|PSX|SLB,SLB,0.20171339651435263
CVX,4,SU|KMI|WMB|TRGP,SU,0.5207043307028965
CVX,4,SU|KMI|WMB|TRGP,KMI,0.4792956692971036
CVX,4,SU|KMI|WMB|TRGP,WMB,0.0
CVX,4,SU|KMI|WMB|TRGP,TRGP,6.103719417914488e-18
CVX,4,SU|KMI|WMB|OKE,SU,0.5207043316641271
CVX,4,SU|KMI|WMB|OKE,KMI,0.4792956683358728
CVX,4,SU|KMI|WMB|OKE,WMB,5.4568109149654684e-17
CVX,4,SU|KMI|WMB|OKE,OKE,3.1265680149050734e-17
CVX,4,SU|KMI|WMB|MPC,SU,0.405670437246378
CVX,4,SU|KMI|WMB|MPC,KMI,0.3800367689616112
CVX,4,SU|KMI|WMB|MPC,WMB,0.0
CVX,4,SU|KMI|WMB|MPC,MPC,0.2142927937920109
CVX,4,SU|KMI|WMB|SLB,SU,0.3571713034941051
CVX,4,SU|KMI|WMB|SLB,KMI,0.38404010982933334
CVX,4,SU|KMI|WMB|SLB,WMB,1.190081290892292e-18
CVX,4,SU|KMI|WMB|SLB,SLB,0.2587885866765615
CVX,4,SU|KMI|TRGP|OKE,SU,0.5207035726395045
CVX,4,SU|KMI|TRGP|OKE,KMI,0.4792964273604955
CVX,4,SU|KMI|TRGP|OKE,TRGP,2.3337800606716786e-18
CVX,4,SU|KMI|TRGP|OKE,OKE,8.673617379884035e-18
CVX,4,SU|KMI|TRGP|MPC,SU,0.40567064627798016
CVX,4,SU|KMI|TRGP|MPC,KMI,0.3800368712466249
CVX,4,SU|KMI|TRGP|MPC,TRGP,0.0
CVX,4,SU|KMI|TRGP|MPC,MPC,0.21429248247539495
CVX,4,SU|KMI|TRGP|SLB,SU,0.3571713036470764
CVX,4,SU|KMI|TRGP|SLB,KMI,0.38404013713369717
CVX,4,SU|KMI|TRGP|SLB,TRGP,8.803186951034342e-19
CVX,4,SU|KMI|TRGP|SLB,SLB,0.25878855921922655
CVX,4,SU|KMI|OKE|MPC,SU,0.40567071346249833
CVX,4,SU|KMI|OKE|MPC,KMI,0.38003686194034286
CVX,4,SU|KMI|OKE|MPC,OKE,0.0
CVX,4,SU|KMI|OKE|MPC,MPC,0.2142924245971589
CVX,4,SU|KMI|OKE|SLB,SU,0.3571709058876182
CVX,4,SU|KMI|OKE|SLB,KMI,0.3840403361625961
CVX,4,SU|KMI|OKE|SLB,OKE,3.9564697208011555e-17
CVX,4,SU|KMI|OKE|SLB,SLB,0.25878875794978573
CVX,4,SU|KMI|MPC|SLB,SU,0.2860194676442043
CVX,4,SU|KMI|MPC|SLB,KMI,0.3176970204366711
CVX,4,SU|KMI|MPC|SLB,MPC,0.16542381667930597
CVX,4,SU|KMI|MPC|SLB,SLB,0.2308596952398187
CVX,4,SU|PSX|WMB|TRGP,SU,0.35912788424592934
CVX,4,SU|PSX|WMB|TRGP,PSX,0.3180540629215923
CVX,4,SU|PSX|WMB|TRGP,WMB,0.3211116854475825
CVX,4,SU|PSX|WMB|TRGP,TRGP,0.001706367384895851
CVX,4,SU|PSX|WMB|OKE,SU,0.35953504029691985
CVX,4,SU|PSX|WMB|OKE,PSX,0.3165492550376947
CVX,4,SU|PSX|WMB|OKE,WMB,0.30965996455768546
CVX,4,SU|PSX|WMB|OKE,OKE,0.014255740107700102
CVX,4,SU|PSX|WMB|MPC,SU,0.359535136263612
CVX,4,SU|PSX|WMB|MPC,PSX,0.31802649204512673
CVX,4,SU|PSX|WMB|MPC,WMB,0.32243837169126105
CVX,4,SU|PSX|WMB|MPC,MPC,6.716208983433103e-17
CVX,4,SU|PSX|WMB|SLB,SU,0.2870954222764297
CVX,4,SU|PSX|WMB|SLB,PSX,0.2541956178729823
CVX,4,SU|PSX|WMB|SLB,WMB,0.275060565972925
CVX,4,SU|PSX|WMB|SLB,SLB,0.18364839387766285
CVX,4,SU|PSX|TRGP|OKE,SU,0.3682585281176894
CVX,4,SU|PSX|TRGP|OKE,PSX,0.3202974731935505
CVX,4,SU|PSX|TRGP|OKE,TRGP,0.07465258750201151
CVX,4,SU|PSX|TRGP|OKE,OKE,0.23679141118674857
CVX,4,SU|PSX|TRGP|MPC,SU,0.3370411368089892
CVX,4,SU|PSX|TRGP|MPC,PSX,0.3688147517062543
CVX,4,SU|PSX|TRGP|MPC,TRGP,0.29414411148475667
CVX,4,SU|PSX|TRGP|MPC,MPC,0.0
CVX,4,SU|PSX|TRGP|SLB,SU,0.236195550658218
CVX,4,SU|PSX|TRGP|SLB,PSX,0.2724381244686775
CVX,4,SU|PSX|TRGP|SLB,TRGP,0.26789778919672075
CVX,4,SU|PSX|TRGP|SLB,SLB,0.2234685356763838
CVX,4,SU|PSX|OKE|MPC,SU,0.3881696078805701
CVX,4,SU|PSX|OKE|MPC,PSX,0.31486316383021185
CVX,4,SU|PSX|OKE|MPC,OKE,0.2969672282892181
CVX,4,SU|PSX|OKE|MPC,MPC,0.0
CVX,4,SU|PSX|OKE|SLB,SU,0.3011399415216305
CVX,4,SU|PSX|OKE|SLB,PSX,0.24181540269183976
CVX,4,SU|PSX|OKE|SLB,OKE,0.25574781026743215
CVX,4,SU|PSX|OKE|SLB,SLB,0.20129684551909757
CVX,4,SU|PSX|MPC|SLB,SU,0.39346604910588695
CVX,4,SU|PSX|MPC|SLB,PSX,0.3588061683878163
CVX,4,SU|PSX|MPC|SLB,MPC,0.0
CVX,4,SU|PSX|MPC|SLB,SLB,0.24772778250629682
CVX,4,SU|WMB|TRGP|OKE,SU,0.5173652826758972
CVX,4,SU|WMB|TRGP|OKE,WMB,0.30102210734014234
CVX,4,SU|WMB|TRGP|OKE,TRGP,3.3658759983280946e-17
CVX,4,SU|WMB|TRGP|OKE,OKE,0.18161260998396048
CVX,4,SU|WMB|TRGP|MPC,SU,0.38473956910880414
CVX,4,SU|WMB|TRGP|MPC,WMB,0.3668427864815011
CVX,4,SU|WMB|TRGP|MPC,TRGP,3.0070781358270933e-17
CVX,4,SU|WMB|TRGP|MPC,MPC,0.2484176444096947
CVX,4,SU|WMB|TRGP|SLB,SU,0.35199863128333164
CVX,4,SU|WMB|TRGP|SLB,WMB,0.28780698183583653
CVX,4,SU|WMB|TRGP|SLB,TRGP,0.09440880579932176
CVX,4,SU|WMB|TRGP|SLB,SLB,0.2657855810815101
CVX,4,SU|WMB|OKE|MPC,SU,0.385069523071213
CVX,4,SU|WMB|OKE|MPC,WMB,0.34186349458398857
CVX,4,SU|WMB|OKE|MPC,OKE,0.02788080224963884
CVX,4,SU|WMB|OKE|MPC,MPC,0.24518618009515966
CVX,4,SU|WMB|OKE|SLB,SU,0.36950596937519703
CVX,4,SU|WMB|OKE|SLB,WMB,0.19847651784208903
CVX,4,SU|WMB|OKE|SLB,OKE,0.17553897026701706
CVX,4,SU|WMB|OKE|SLB,SLB,0.2564785425156969
CVX,4,SU|WMB|MPC|SLB,SU,0.28288623078900055
CVX,4,SU|WMB|MPC|SLB,WMB,0.2927210358828414
CVX,4,SU|WMB|MPC|SLB,MPC,0.20366087997236482
CVX,4,SU|WMB|MPC|SLB,SLB,0.22073185335579326
CVX,4,SU|TRGP|OKE|MPC,SU,0.4214622184535897
CVX,4,SU|TRGP|OKE|MPC,TRGP,6.085444682077477e-17
CVX,4,SU|TRGP|OKE|MPC,OKE,0.3442234823537023
CVX,4,SU|TRGP|OKE|MPC,MPC,0.23431429919270796
CVX,4,SU|TRGP|OKE|SLB,SU,0.3564127560479183
CVX,4,SU|TRGP|OKE|SLB,TRGP,0.08536068879805155
CVX,4,SU|TRGP|OKE|SLB,OKE,0.2834168939261202
CVX,4,SU|TRGP|OKE|SLB,SLB,0.2748096612279101
CVX,4,SU|TRGP|MPC|SLB,SU,0.26148859750001363
CVX,4,SU|TRGP|MPC|SLB,TRGP,0.26633271238046197
CVX,4,SU|TRGP|MPC|SLB,MPC,0.19313310019265506
CVX,4,SU|TRGP|MPC|SLB,SLB,0.27904558992686945
CVX,4,SU|OKE|MPC|SLB,SU,0.3006686124087055
CVX,4,SU|OKE|MPC|SLB,OKE,0.2746664600626733
CVX,4,SU|OKE|MPC|SLB,MPC,0.18617878131346327
CVX,4,SU|OKE|MPC|SLB,SLB,0.23848614621515782
CVX,4,CVE|KMI|PSX|WMB,CVE,0.38167072009125524
CVX,4,CVE|KMI|PSX|WMB,KMI,0.32273014472666917
CVX,4,CVE|KMI|PSX|WMB,PSX,0.29559913518207565
CVX,4,CVE|KMI|PSX|WMB,WMB,2.6807322231177724e-17
CVX,4,CVE|KMI|PSX|TRGP,CVE,0.3816707267239584
CVX,4,CVE|KMI|PSX|TRGP,KMI,0.3227301490338696
CVX,4,CVE|KMI|PSX|TRGP,PSX,0.29559912424217205
CVX,4,CVE|KMI|PSX|TRGP,TRGP,2.259036870327219e-17
CVX,4,CVE|KMI|PSX|OKE,CVE,0.3816707262247401
CVX,4,CVE|KMI|PSX|OKE,KMI,0.32273013341022144
CVX,4,CVE|KMI|PSX|OKE,PSX,0.2955991403650386
CVX,4,CVE|KMI|PSX|OKE,OKE,0.0
CVX,4,CVE|KMI|PSX|MPC,CVE,0.3816707278485502
CVX,4,CVE|KMI|PSX|MPC,KMI,0.3227301322612637
CVX,4,CVE|KMI|PSX|MPC,PSX,0.29559913989018605
CVX,4,CVE|KMI|PSX|MPC,MPC,4.6822287258323214e-17
CVX,4,CVE|KMI|PSX|SLB,CVE,0.29293510953798413
CVX,4,CVE|KMI|PSX|SLB,KMI,0.29859663329813774
CVX,4,CVE|KMI|PSX|SLB,PSX,0.2331139429365132
CVX,4,CVE|KMI|PSX|SLB,SLB,0.17535431422736497
CVX,4,CVE|KMI|WMB|TRGP,CVE,0.5098405966012365
CVX,4,CVE|KMI|WMB|TRGP,KMI,0.49015940339876346
CVX,4,CVE|KMI|WMB|TRGP,WMB,0.0
CVX,4,CVE|KMI|WMB|TRGP,TRGP,1.448494102440634e-16
CVX,4,CVE|KMI|WMB|OKE,CVE,0.5098405962604078
CVX,4,CVE|KMI|WMB|OKE,KMI,0.49015940373959216
CVX,4,CVE|KMI|WMB|OKE,WMB,9.243642824056757e-17
CVX,4,CVE|KMI|WMB|OKE,OKE,0.0
CVX,4,CVE|KMI|WMB|MPC,CVE,0.39951994431390697
CVX,4,CVE|KMI|WMB|MPC,KMI,0.38513165518287823
CVX,4,CVE|KMI|WMB|MPC,WMB,0.0
CVX,4,CVE|KMI|WMB|MPC,MPC,0.21534840050321485
CVX,4,CVE|KMI|WMB|SLB,CVE,0.34834709592037727
CVX,4,CVE|KMI|WMB|SLB,KMI,0.40716655943139846
CVX,4,CVE|KMI|WMB|SLB,WMB,1.0271121518405646e-17
CVX,4,CVE|KMI|WMB|SLB,SLB,0.24448634464822422
CVX,4,CVE|KMI|TRGP|OKE,CVE,0.509840596995306
CVX,4,CVE|KMI|TRGP|OKE,KMI,0.49015940300469385
CVX,4,CVE|KMI|TRGP|OKE,TRGP,4.3682149739349186e-17
CVX,4,CVE|KMI|TRGP|OKE,OKE,3.3054613733651816e-17
CVX,4,CVE|KMI|TRGP|MPC,CVE,0.3995202603296648
CVX,4,CVE|KMI|TRGP|MPC,KMI,0.3851317298635495
CVX,4,CVE|KMI|TRGP|MPC,TRGP,0.0
CVX,4,CVE|KMI|TRGP|MPC,MPC,0.21534800980678576
CVX,4,CVE|KMI|TRGP|SLB,CVE,0.3483472090815342
CVX,4,CVE|KMI|TRGP|SLB,KMI,0.4071667580376467
CVX,4,CVE|KMI|TRGP|SLB,TRGP,7.846913223363838e-18
CVX,4,CVE|KMI|TRGP|SLB,SLB,0.24448603288081905
CVX,4,CVE|KMI|OKE|MPC,CVE,0.3995201910098621
CVX,4,CVE|KMI|OKE|MPC,KMI,0.38513150123440054
CVX,4,CVE|KMI|OKE|MPC,OKE,5.828857226530468e-17
CVX,4,CVE|KMI|OKE|MPC,MPC,0.21534830775573738
CVX,4,CVE|KMI|OKE|SLB,CVE,0.3483471066090144
CVX,4,CVE|KMI|OKE|SLB,KMI,0.40716656310994875
CVX,4,CVE|KMI|OKE|SLB,OKE,3.457900834091354e-17
CVX,4,CVE|KMI|OKE|SLB,SLB,0.24448633028103697
CVX,4,CVE|KMI|MPC|SLB,CVE,0.27650510363776337
CVX,4,CVE|KMI|MPC|SLB,KMI,0.3307127390753117
CVX,4,CVE|KMI|MPC|SLB,MPC,0.1761403620620736
CVX,4,CVE|KMI|MPC|SLB,SLB,0.21664179522485139
CVX,4,CVE|PSX|WMB|TRGP,CVE,0.3572557955031162
CVX,4,CVE|PSX|WMB|TRGP,PSX,0.33696735419609525
CVX,4,CVE|PSX|WMB|TRGP,WMB,0.3057768503007885
CVX,4,CVE|PSX|WMB|TRGP,TRGP,2.0796352920987582e-17
CVX,4,CVE|PSX|WMB|OKE,CVE,0.357255714089219
CVX,4,CVE|PSX|WMB|OKE,PSX,0.3369673798721
CVX,4,CVE|PSX|WMB|OKE,WMB,0.305776906038681
CVX,4,CVE|PSX|WMB|OKE,OKE,3.774325873405959e-18
CVX,4,CVE|PSX|WMB|MPC,CVE,0.35725583008706285
CVX,4,CVE|PSX|WMB|MPC,PSX,0.3369673532588733
CVX,4,CVE|PSX|WMB|MPC,WMB,0.30577681665406375
CVX,4,CVE|PSX|WMB|MPC,MPC,7.375041756360308e-17
CVX,4,CVE|PSX|WMB|SLB,CVE,0.2831528312962423
CVX,4,CVE|PSX|WMB|SLB,PSX,0.28246361373567996
CVX,4,CVE|PSX|WMB|SLB,WMB,0.27274304575650765
CVX,4,CVE|PSX|WMB|SLB,SLB,0.16164050921157017
CVX,4,CVE|PSX|TRGP|OKE,CVE,0.3835655536834493
CVX,4,CVE|PSX|TRGP|OKE,PSX,0.3399880454224339
CVX,4,CVE|PSX|TRGP|OKE,TRGP,0.0
CVX,4,CVE|PSX|TRGP|OKE,OKE,0.2764464008941169
CVX,4,CVE|PSX|TRGP|MPC,CVE,0.33871701327072096
CVX,4,CVE|PSX|TRGP|MPC,PSX,0.4000863642951567
CVX,4,CVE|PSX|TRGP|MPC,TRGP,0.26119662243412217
CVX,4,CVE|PSX|TRGP|MPC,MPC,6.368586620520908e-17
CVX,4,CVE|PSX|TRGP|SLB,CVE,0.21808633807105735
CVX,4,CVE|PSX|TRGP|SLB,PSX,0.3057430853960104
CVX,4,CVE|PSX|TRGP|SLB,TRGP,0.2611388139424546
CVX,4,CVE|PSX|TRGP|SLB,SLB,0.21503176259047765
CVX,4,CVE|PSX|OKE|MPC,CVE,0.3835656890793883
CVX,4,CVE|PSX|OKE|MPC,PSX,0.33998810606561075
CVX,4,CVE|PSX|OKE|MPC,OKE,0.27644620485500077
CVX,4,CVE|PSX|OKE|MPC,MPC,8.812618133506426e-17
CVX,4,CVE|PSX|OKE|SLB,CVE,0.29448790259038515
CVX,4,CVE|PSX|OKE|SLB,PSX,0.27510127760417286
CVX,4,CVE|PSX|OKE|SLB,OKE,0.2497660285016964
CVX,4,CVE|PSX|OKE|SLB,SLB,0.18064479130374558
CVX,4,CVE|PSX|MPC|SLB,CVE,0.39025369265689747
CVX,4,CVE|PSX|MPC|SLB,PSX,0.39466230934382673
CVX,4,CVE|PSX|MPC|SLB,MPC,0.0
CVX,4,CVE|PSX|MPC|SLB,SLB,0.21508399799927583
CVX,4,CVE|WMB|TRGP|OKE,CVE,0.5061282067334716
CVX,4,CVE|WMB|TRGP|OKE,WMB,0.3278205858387212
CVX,4,CVE|WMB|TRGP|OKE,TRGP,1.3563379765705501e-17
CVX,4,CVE|WMB|TRGP|OKE,OKE,0.16605120742780724
CVX,4,CVE|WMB|TRGP|MPC,CVE,0.3731160763246509
CVX,4,CVE|WMB|TRGP|MPC,WMB,0.36592050236156026
CVX,4,CVE|WMB|TRGP|MPC,TRGP,3.141835783779332e-17
CVX,4,CVE|WMB|TRGP|MPC,MPC,0.2609634213137889
CVX,4,CVE|WMB|TRGP|SLB,CVE,0.34954929398294793
CVX,4,CVE|WMB|TRGP|SLB,WMB,0.363947261716594
CVX,4,CVE|WMB|TRGP|SLB,TRGP,0.03028066563148552
CVX,4,CVE|WMB|TRGP|SLB,SLB,0.25622277866897253
CVX,4,CVE|WMB|OKE|MPC,CVE,0.3731191231960349
CVX,4,CVE|WMB|OKE|MPC,WMB,0.3612914154680547
CVX,4,CVE|WMB|OKE|MPC,OKE,0.00519830574806953
CVX,4,CVE|WMB|OKE|MPC,MPC,0.26039115558784104
CVX,4,CVE|WMB|OKE|SLB,CVE,0.3501046289567166
CVX,4,CVE|WMB|OKE|SLB,WMB,0.22749528692653428
CVX,4,CVE|WMB|OKE|SLB,OKE,0.17005099107069485
CVX,4,CVE|WMB|OKE|SLB,SLB,0.2523490930460542
CVX,4,CVE|WMB|MPC|SLB,CVE,0.26323764926035353
CVX,4,CVE|WMB|MPC|SLB,WMB,0.30220395640408276
CVX,4,CVE|WMB|MPC|SLB,MPC,0.22202608242352753
CVX,4,CVE|WMB|MPC|SLB,SLB,0.21253231191203623
CVX,4,CVE|TRGP|OKE|MPC,CVE,0.4078434031007505
CVX,4,CVE|TRGP|OKE|MPC,TRGP,0.0
CVX,4,CVE|TRGP|OKE|MPC,OKE,0.34038820688082616
CVX,4,CVE|TRGP|OKE|MPC,MPC,0.25176839001842344
CVX,4,CVE|TRGP|OKE|SLB,CVE,0.3496528263501787
CVX,4,CVE|TRGP|OKE|SLB,TRGP,0.028533842431658095
CVX,4,CVE|TRGP|OKE|SLB,OKE,0.3512539114598698
CVX,4,CVE|TRGP|OKE|SLB,SLB,0.27055941975829345
CVX,4,CVE|TRGP|MPC|SLB,CVE,0.21820938123128628
CVX,4,CVE|TRGP|MPC|SLB,TRGP,0.2720940283548508
CVX,4,CVE|TRGP|MPC|SLB,MPC,0.22321311992983495
CVX,4,CVE|TRGP|MPC|SLB,SLB,0.286483470484028
CVX,4,CVE|OKE|MPC|SLB,CVE,0.27813101037703275
CVX,4,CVE|OKE|MPC|SLB,OKE,0.28128214366072574
CVX,4,CVE|OKE|MPC|SLB,MPC,0.20795167089392047
CVX,4,CVE|OKE|MPC|SLB,SLB,0.23263517506832085
CVX,4,KMI|PSX|WMB|TRGP,KMI,0.0
CVX,4,KMI|PSX|WMB|TRGP,PSX,0.4754443941716436
CVX,4,KMI|PSX|WMB|TRGP,WMB,0.2552933180903251
CVX,4,KMI|PSX|WMB|TRGP,TRGP,0.26926228773803135
CVX,4,KMI|PSX|WMB|OKE,KMI,1.2659119154952332e-17
CVX,4,KMI|PSX|WMB|OKE,PSX,0.502894571593829
CVX,4,KMI|PSX|WMB|OKE,WMB,0.4828102280561331
CVX,4,KMI|PSX|WMB|OKE,OKE,0.014295200350037758
CVX,4,KMI|PSX|WMB|MPC,KMI,5.762961906260028e-17
CVX,4,KMI|PSX|WMB|MPC,PSX,0.5043758158826984
CVX,4,KMI|PSX|WMB|MPC,WMB,0.4956241841173015
CVX,4,KMI|PSX|WMB|MPC,MPC,4.1287773980963616e-17
CVX,4,KMI|PSX|WMB|SLB,KMI,0.3860848782075902
CVX,4,KMI|PSX|WMB|SLB,PSX,0.30723631899080545
CVX,4,KMI|PSX|WMB|SLB,WMB,1.757169849079046e-18
CVX,4,KMI|PSX|WMB|SLB,SLB,0.3066788028016044
CVX,4,KMI|PSX|TRGP|OKE,KMI,0.20345809453808805
CVX,4,KMI|PSX|TRGP|OKE,PSX,0.4682655771211266
CVX,4,KMI|PSX|TRGP|OKE,TRGP,0.32827632834078546
CVX,4,KMI|PSX|TRGP|OKE,OKE,0.0
CVX,4,KMI|PSX|TRGP|MPC,KMI,0.20345787491730885
CVX,4,KMI|PSX|TRGP|MPC,PSX,0.4682652877885798
CVX,4,KMI|PSX|TRGP|MPC,TRGP,0.3282768372941116
CVX,4,KMI|PSX|TRGP|MPC,MPC,0.0
CVX,4,KMI|PSX|TRGP|SLB,KMI,0.17426599703601228
CVX,4,KMI|PSX|TRGP|SLB,PSX,0.29742289502219305
CVX,4,KMI|PSX|TRGP|SLB,TRGP,0.242676124567937
CVX,4,KMI|PSX|TRGP|SLB,SLB,0.28563498337385756
CVX,4,KMI|PSX|OKE|MPC,KMI,0.3978278805126172
CVX,4,KMI|PSX|OKE|MPC,PSX,0.4945318720207876
CVX,4,KMI|PSX|OKE|MPC,OKE,0.10764024746659513
CVX,4,KMI|PSX|OKE|MPC,MPC,4.597303126317268e-17
CVX,4,KMI|PSX|OKE|SLB,KMI,0.3860849697808365
CVX,4,KMI|PSX|OKE|SLB,PSX,0.3072361177460775
CVX,4,KMI|PSX|OKE|SLB,OKE,1.1242244792432701e-18
CVX,4,KMI|PSX|OKE|SLB,SLB,0.30667891247308604
CVX,4,KMI|PSX|MPC|SLB,KMI,0.3839575952140405
CVX,4,KMI|PSX|MPC|SLB,PSX,0.18117597079221562
CVX,4,KMI|PSX|MPC|SLB,MPC,0.12055495683182826
CVX,4,KMI|PSX|MPC|SLB,SLB,0.3143114771619157
CVX,4,KMI|WMB|TRGP|OKE,KMI,0.5322053273893995
CVX,4,KMI|WMB|TRGP|OKE,WMB,5.2309327211736695e-17
CVX,4,KMI|WMB|TRGP|OKE,TRGP,0.46779467261060037
CVX,4,KMI|WMB|TRGP|OKE,OKE,3.9700119111970084e-17
CVX,4,KMI|WMB|TRGP|MPC,KMI,0.0828993656628135
CVX,4,KMI|WMB|TRGP|MPC,WMB,0.42039476035208057
CVX,4,KMI|WMB|TRGP|MPC,TRGP,0.06889314062164993
CVX,4,KMI|WMB|TRGP|MPC,MPC,0.4278127333634559
CVX,4,KMI|WMB|TRGP|SLB,KMI,0.3180475791939056
CVX,4,KMI|WMB|TRGP|SLB,WMB,3.3432549246804845e-17
CVX,4,KMI|WMB|TRGP|SLB,TRGP,0.2717738527614669
CVX,4,KMI|WMB|TRGP|SLB,SLB,0.41017856804462743
CVX,4,KMI|WMB|OKE|MPC,KMI,0.0616590356240097
CVX,4,KMI|WMB|OKE|MPC,WMB,0.49480187790125607
CVX,4,KMI|WMB|OKE|MPC,OKE,0.0
CVX,4,KMI|WMB|OKE|MPC,MPC,0.44353908647473417
CVX,4,KMI|WMB|OKE|SLB,KMI,0.5615408915598186
CVX,4,KMI|WMB|OKE|SLB,WMB,1.394758332266821e-16
CVX,4,KMI|WMB|OKE|SLB,OKE,0.0
CVX,4,KMI|WMB|OKE|SLB,SLB,0.4384591084401813
CVX,4,KMI|WMB|MPC|SLB,KMI,0.3941333488142107
CVX,4,KMI|WMB|MPC|SLB,WMB,0.0
CVX,4,KMI|WMB|MPC|SLB,MPC,0.2722956963351011
CVX,4,KMI|WMB|MPC|SLB,SLB,0.33357095485068816
CVX,4,KMI|TRGP|OKE|MPC,KMI,0.439630440761885
CVX,4,KMI|TRGP|OKE|MPC,TRGP,0.15576179150009653
CVX,4,KMI|TRGP|OKE|MPC,OKE,1.1891495546503122e-17
CVX,4,KMI|TRGP|OKE|MPC,MPC,0.4046077677380184
CVX,4,KMI|TRGP|OKE|SLB,KMI,0.3180478830454294
CVX,4,KMI|TRGP|OKE|SLB,TRGP,0.27177344558217237
CVX,4,KMI|TRGP|OKE|SLB,OKE,0.0
CVX,4,KMI|TRGP|OKE|SLB,SLB,0.41017867137239833
CVX,4,KMI|TRGP|MPC|SLB,KMI,0.30285311144528543
CVX,4,KMI|TRGP|MPC|SLB,TRGP,0.11851463433273214
CVX,4,KMI|TRGP|MPC|SLB,MPC,0.24805653178883885
CVX,4,KMI|TRGP|MPC|SLB,SLB,0.33057572243314365
CVX,4,KMI|OKE|MPC|SLB,KMI,0.39413282489429
CVX,4,KMI|OKE|MPC|SLB,OKE,0.0
CVX,4,KMI|OKE|MPC|SLB,MPC,0.27229607786148285
CVX,4,KMI|OKE|MPC|SLB,SLB,0.33357109724422723
CVX,4,PSX|WMB|TRGP|OKE,PSX,0.4754441606214262
CVX,4,PSX|WMB|TRGP|OKE,WMB,0.25529500587247117
CVX,4,PSX|WMB|TRGP|OKE,TRGP,0.2692608335061025
CVX,4,PSX|WMB|TRGP|OKE,OKE,1.3271312217580378e-17
CVX,4,PSX|WMB|TRGP|MPC,PSX,0.4754440461853945
CVX,4,PSX|WMB|TRGP|MPC,WMB,0.25529285169135124
CVX,4,PSX|WMB|TRGP|MPC,TRGP,0.2692631021232544
CVX,4,PSX|WMB|TRGP|MPC,MPC,4.054069092148532e-17
CVX,4,PSX|WMB|TRGP|SLB,PSX,0.3217296887146524
CVX,4,PSX|WMB|TRGP|SLB,WMB,0.1222892259795592
CVX,4,PSX|WMB|TRGP|SLB,TRGP,0.27951659281929647
CVX,4,PSX|WMB|TRGP|SLB,SLB,0.27646449248649196
CVX,4,PSX|WMB|OKE|MPC,PSX,0.5028946664592501
CVX,4,PSX|WMB|OKE|MPC,WMB,0.4828102695042813
CVX,4,PSX|WMB|OKE|MPC,OKE,0.01429506403646863
CVX,4,PSX|WMB|OKE|MPC,MPC,0.0
CVX,4,PSX|WMB|OKE|SLB,PSX,0.3460555503372326
CVX,4,PSX|WMB|OKE|SLB,WMB,0.31765812835162727
CVX,4,PSX|WMB|OKE|SLB,OKE,0.060918822822658376
CVX,4,PSX|WMB|OKE|SLB,SLB,0.27536749848848174
CVX,4,PSX|WMB|MPC|SLB,PSX,0.2945426180847254
CVX,4,PSX|WMB|MPC|SLB,WMB,0.37070264810215947
CVX,4,PSX|WMB|MPC|SLB,MPC,0.0567326370632472
CVX,4,PSX|WMB|MPC|SLB,SLB,0.27802209674986783
CVX,4,PSX|TRGP|OKE|MPC,PSX,0.4948817826779889
CVX,4,PSX|TRGP|OKE|MPC,TRGP,0.41433385430820524
CVX,4,PSX|TRGP|OKE|MPC,OKE,0.09078436301380571
CVX,4,PSX|TRGP|OKE|MPC,MPC,2.0839932766123816e-16
CVX,4,PSX|TRGP|OKE|SLB,PSX,0.3262299799730088
CVX,4,PSX|TRGP|OKE|SLB,TRGP,0.3614164724346962
CVX,4,PSX|TRGP|OKE|SLB,OKE,0.02317269918376134
CVX,4,PSX|TRGP|OKE|SLB,SLB,0.2891808484085338
CVX,4,PSX|TRGP|MPC|SLB,PSX,0.3290130124174032
CVX,4,PSX|TRGP|MPC|SLB,TRGP,0.38067642588882117
CVX,4,PSX|TRGP|MPC|SLB,MPC,0.0
CVX,4,PSX|TRGP|MPC|SLB,SLB,0.29031056169377584
CVX,4,PSX|OKE|MPC|SLB,PSX,0.32226207715987604
CVX,4,PSX|OKE|MPC|SLB,OKE,0.35163905824173225
CVX,4,PSX|OKE|MPC|SLB,MPC,0.020227904334265186
CVX,4,PSX|OKE|MPC|SLB,SLB,0.3058709602641266
CVX,4,WMB|TRGP|OKE|MPC,WMB,0.5035469500413422
CVX,4,WMB|TRGP|OKE|MPC,TRGP,0.06311275091956985
CVX,4,WMB|TRGP|OKE|MPC,OKE,0.0
CVX,4,WMB|TRGP|OKE|MPC,MPC,0.433340299039088
CVX,4,WMB|TRGP|OKE|SLB,WMB,0.14673898136331992
CVX,4,WMB|TRGP|OKE|SLB,TRGP,0.3717208618927477
CVX,4,WMB|TRGP|OKE|SLB,OKE,0.06294356041232507
CVX,4,WMB|TRGP|OKE|SLB,SLB,0.4185965963316074
CVX,4,WMB|TRGP|MPC|SLB,WMB,0.2567289536843113
CVX,4,WMB|TRGP|MPC|SLB,TRGP,0.14932318363403124
CVX,4,WMB|TRGP|MPC|SLB,MPC,0.2741145936011862
CVX,4,WMB|TRGP|MPC|SLB,SLB,0.3198332690804712
CVX,4,WMB|OKE|MPC|SLB,WMB,0.33560142217143596
CVX,4,WMB|OKE|MPC|SLB,OKE,0.04785426239718719
CVX,4,WMB|OKE|MPC|SLB,MPC,0.30358998420541566
CVX,4,WMB|OKE|MPC|SLB,SLB,0.3129543312259612
CVX,4,TRGP|OKE|MPC|SLB,TRGP,0.2376539792740071
CVX,4,TRGP|OKE|MPC|SLB,OKE,0.16194976704372502
CVX,4,TRGP|OKE|MPC|SLB,MPC,0.2551390452006275
CVX,4,TRGP|OKE|MPC|SLB,SLB,0.34525720848164043
