date,ticker_1,ticker_2,window,rolling_correlation
1980-01-03,XOM,CVX,252,
1980-01-04,XOM,CVX,252,
1980-01-07,XOM,CVX,252,
1980-01-08,XOM,CVX,252,
1980-01-09,XOM,CVX,252,
1980-01-10,XOM,CVX,252,
1980-01-11,XOM,CVX,252,
1980-01-14,XOM,CVX,252,
1980-01-15,XOM,CVX,252,
1980-01-16,XOM,CVX,252,
1980-01-17,XOM,CVX,252,
1980-01-18,XOM,CVX,252,
1980-01-21,XOM,CVX,252,
1980-01-22,XOM,CVX,252,
1980-01-23,XOM,CVX,252,
1980-01-24,XOM,CVX,252,
1980-01-25,XOM,CVX,252,
1980-01-28,XOM,CVX,252,
1980-01-29,XOM,CVX,252,
1980-01-30,XOM,CVX,252,
1980-01-31,XOM,CVX,252,
1980-02-01,XOM,CVX,252,
1980-02-04,XOM,CVX,252,
1980-02-05,XOM,CVX,252,
1980-02-06,XOM,CVX,252,
1980-02-07,XOM,CVX,252,
1980-02-08,XOM,CVX,252,
1980-02-11,XOM,CVX,252,
1980-02-12,XOM,CVX,252,
1980-02-13,XOM,CVX,252,
1980-02-14,XOM,CVX,252,
1980-02-15,XOM,CVX,252,
1980-02-19,XOM,CVX,252,
1980-02-20,XOM,CVX,252,
1980-02-21,XOM,CVX,252,
1980-02-22,XOM,CVX,252,
1980-02-25,XOM,CVX,252,
1980-02-26,XOM,CVX,252,
1980-02-27,XOM,CVX,252,
1980-02-28,XOM,CVX,252,
1980-02-29,XOM,CVX,252,
1980-03-03,XOM,CVX,252,
1980-03-04,XOM,CVX,252,
1980-03-05,XOM,CVX,252,
1980-03-06,XOM,CVX,252,
1980-03-07,XOM,CVX,252,
1980-03-10,XOM,CVX,252,
1980-03-11,XOM,CVX,252,
1980-03-12,XOM,CVX,252,
1980-03-13,XOM,CVX,252,
1980-03-14,XOM,CVX,252,
1980-03-17,XOM,CVX,252,
1980-03-18,XOM,CVX,252,
1980-03-19,XOM,CVX,252,
1980-03-20,XOM,CVX,252,
1980-03-21,XOM,CVX,252,
1980-03-24,XOM,CVX,252,
1980-03-25,XOM,CVX,252,
1980-03-26,XOM,CVX,252,
1980-03-27,XOM,CVX,252,
1980-03-28,XOM,CVX,252,
1980-03-31,XOM,CVX,252,
1980-04-01,XOM,CVX,252,
1980-04-02,XOM,CVX,252,
1980-04-03,XOM,CVX,252,
1980-04-07,XOM,CVX,252,
1980-04-08,XOM,CVX,252,
1980-04-09,XOM,CVX,252,
1980-04-10,XOM,CVX,252,
1980-04-11,XOM,CVX,252,
1980-04-14,XOM,CVX,252,
1980-04-15,XOM,CVX,252,
1980-04-16,XOM,CVX,252,
1980-04-17,XOM,CVX,252,
1980-04-18,XOM,CVX,252,
1980-04-21,XOM,CVX,252,
1980-04-22,XOM,CVX,252,
1980-04-23,XOM,CVX,252,
1980-04-24,XOM,CVX,252,
1980-04-25,XOM,CVX,252,
1980-04-28,XOM,CVX,252,
1980-04-29,XOM,CVX,252,
1980-04-30,XOM,CVX,252,
1980-05-01,XOM,CVX,252,
1980-05-02,XOM,CVX,252,
1980-05-05,XOM,CVX,252,
1980-05-06,XOM,CVX,252,
1980-05-07,XOM,CVX,252,
1980-05-08,XOM,CVX,252,
1980-05-09,XOM,CVX,252,
1980-05-12,XOM,CVX,252,
1980-05-13,XOM,CVX,252,
1980-05-14,XOM,CVX,252,
1980-05-15,XOM,CVX,252,
1980-05-16,XOM,CVX,252,
1980-05-19,XOM,CVX,252,
1980-05-20,XOM,CVX,252,
1980-05-21,XOM,CVX,252,
1980-05-22,XOM,CVX,252,
1980-05-23,XOM,CVX,252,
1980-05-27,XOM,CVX,252,
1980-05-28,XOM,CVX,252,
1980-05-29,XOM,CVX,252,
1980-05-30,XOM,CVX,252,
1980-06-02,XOM,CVX,252,
1980-06-03,XOM,CVX,252,
1980-06-04,XOM,CVX,252,
1980-06-05,XOM,CVX,252,
1980-06-06,XOM,CVX,252,
1980-06-09,XOM,CVX,252,
1980-06-10,XOM,CVX,252,
1980-06-11,XOM,CVX,252,
1980-06-12,XOM,CVX,252,
1980-06-13,XOM,CVX,252,
1980-06-16,XOM,CVX,252,
1980-06-17,XOM,CVX,252,
1980-06-18,XOM,CVX,252,
1980-06-19,XOM,CVX,252,
1980-06-20,XOM,CVX,252,
1980-06-23,XOM,CVX,252,
1980-06-24,XOM,CVX,252,
1980-06-25,XOM,CVX,252,
1980-06-26,XOM,CVX,252,
1980-06-27,XOM,CVX,252,
1980-06-30,XOM,CVX,252,
1980-07-01,XOM,CVX,252,
1980-07-02,XOM,CVX,252,
1980-07-03,XOM,CVX,252,
1980-07-07,XOM,CVX,252,
1980-07-08,XOM,CVX,252,
1980-07-09,XOM,CVX,252,
1980-07-10,XOM,CVX,252,
1980-07-11,XOM,CVX,252,
1980-07-14,XOM,CVX,252,
1980-07-15,XOM,CVX,252,
1980-07-16,XOM,CVX,252,
1980-07-17,XOM,CVX,252,
1980-07-18,XOM,CVX,252,
1980-07-21,XOM,CVX,252,
1980-07-22,XOM,CVX,252,
1980-07-23,XOM,CVX,252,
1980-07-24,XOM,CVX,252,
1980-07-25,XOM,CVX,252,
1980-07-28,XOM,CVX,252,
1980-07-29,XOM,CVX,252,
1980-07-30,XOM,CVX,252,
1980-07-31,XOM,CVX,252,
1980-08-01,XOM,CVX,252,
1980-08-04,XOM,CVX,252,
1980-08-05,XOM,CVX,252,
1980-08-06,XOM,CVX,252,
1980-08-07,XOM,CVX,252,
1980-08-08,XOM,CVX,252,
1980-08-11,XOM,CVX,252,
1980-08-12,XOM,CVX,252,
1980-08-13,XOM,CVX,252,
1980-08-14,XOM,CVX,252,
1980-08-15,XOM,CVX,252,
1980-08-18,XOM,CVX,252,
1980-08-19,XOM,CVX,252,
1980-08-20,XOM,CVX,252,
1980-08-21,XOM,CVX,252,
1980-08-22,XOM,CVX,252,
1980-08-25,XOM,CVX,252,
1980-08-26,XOM,CVX,252,
1980-08-27,XOM,CVX,252,
1980-08-28,XOM,CVX,252,
1980-08-29,XOM,CVX,252,
1980-09-02,XOM,CVX,252,
1980-09-03,XOM,CVX,252,
1980-09-04,XOM,CVX,252,
1980-09-05,XOM,CVX,252,
1980-09-08,XOM,CVX,252,
1980-09-09,XOM,CVX,252,
1980-09-10,XOM,CVX,252,
1980-09-11,XOM,CVX,252,
1980-09-12,XOM,CVX,252,
1980-09-15,XOM,CVX,252,
1980-09-16,XOM,CVX,252,
1980-09-17,XOM,CVX,252,
1980-09-18,XOM,CVX,252,
1980-09-19,XOM,CVX,252,
1980-09-22,XOM,CVX,252,
1980-09-23,XOM,CVX,252,
1980-09-24,XOM,CVX,252,
1980-09-25,XOM,CVX,252,
1980-09-26,XOM,CVX,252,
1980-09-29,XOM,CVX,252,
1980-09-30,XOM,CVX,252,
1980-10-01,XOM,CVX,252,
1980-10-02,XOM,CVX,252,
1980-10-03,XOM,CVX,252,
1980-10-06,XOM,CVX,252,
1980-10-07,XOM,CVX,252,
1980-10-08,XOM,CVX,252,
1980-10-09,XOM,CVX,252,
1980-10-10,XOM,CVX,252,
1980-10-13,XOM,CVX,252,
1980-10-14,XOM,CVX,252,
1980-10-15,XOM,CVX,252,
1980-10-16,XOM,CVX,252,
1980-10-17,XOM,CVX,252,
1980-10-20,XOM,CVX,252,
1980-10-21,XOM,CVX,252,
1980-10-22,XOM,CVX,252,
1980-10-23,XOM,CVX,252,
1980-10-24,XOM,CVX,252,
1980-10-27,XOM,CVX,252,
1980-10-28,XOM,CVX,252,
1980-10-29,XOM,CVX,252,
1980-10-30,XOM,CVX,252,
1980-10-31,XOM,CVX,252,
1980-11-03,XOM,CVX,252,
1980-11-05,XOM,CVX,252,
1980-11-06,XOM,CVX,252,
1980-11-07,XOM,CVX,252,
1980-11-10,XOM,CVX,252,
1980-11-11,XOM,CVX,252,
1980-11-12,XOM,CVX,252,
1980-11-13,XOM,CVX,252,
1980-11-14,XOM,CVX,252,
1980-11-17,XOM,CVX,252,
1980-11-18,XOM,CVX,252,
1980-11-19,XOM,CVX,252,
1980-11-20,XOM,CVX,252,
1980-11-21,XOM,CVX,252,
1980-11-24,XOM,CVX,252,
1980-11-25,XOM,CVX,252,
1980-11-26,XOM,CVX,252,
1980-11-28,XOM,CVX,252,
1980-12-01,XOM,CVX,252,
1980-12-02,XOM,CVX,252,
1980-12-03,XOM,CVX,252,
1980-12-04,XOM,CVX,252,
1980-12-05,XOM,CVX,252,
1980-12-08,XOM,CVX,252,
1980-12-09,XOM,CVX,252,
1980-12-10,XOM,CVX,252,
1980-12-11,XOM,CVX,252,
1980-12-12,XOM,CVX,252,
1980-12-15,XOM,CVX,252,
1980-12-16,XOM,CVX,252,
1980-12-17,XOM,CVX,252,
1980-12-18,XOM,CVX,252,
1980-12-19,XOM,CVX,252,
1980-12-22,XOM,CVX,252,
1980-12-23,XOM,CVX,252,
1980-12-24,XOM,CVX,252,
1980-12-26,XOM,CVX,252,
1980-12-29,XOM,CVX,252,
1980-12-30,XOM,CVX,252,
1980-12-31,XOM,CVX,252,0.6397553958140123
1981-01-02,XOM,CVX,252,0.6434206595037687
1981-01-05,XOM,CVX,252,0.6437364625501611
1981-01-06,XOM,CVX,252,0.644450260721235
1981-01-07,XOM,CVX,252,0.6463561202184452
1981-01-08,XOM,CVX,252,0.649820483037467
1981-01-09,XOM,CVX,252,0.6499948550033209
1981-01-12,XOM,CVX,252,0.6498569522864185
1981-01-13,XOM,CVX,252,0.6485708325795786
1981-01-14,XOM,CVX,252,0.6448390266926178
1981-01-15,XOM,CVX,252,0.6467388987489825
1981-01-16,XOM,CVX,252,0.6454662213968319
1981-01-19,XOM,CVX,252,0.6524307720711763
1981-01-20,XOM,CVX,252,0.6562027447214226
1981-01-21,XOM,CVX,252,0.6568036676351741
1981-01-22,XOM,CVX,252,0.6587502780281511
1981-01-23,XOM,CVX,252,0.6567951439297969
1981-01-26,XOM,CVX,252,0.6556185495218609
1981-01-27,XOM,CVX,252,0.6571867802969124
1981-01-28,XOM,CVX,252,0.6587331006472168
1981-01-29,XOM,CVX,252,0.6580081738503094
1981-01-30,XOM,CVX,252,0.65433199169997
1981-02-02,XOM,CVX,252,0.6561800471882163
1981-02-03,XOM,CVX,252,0.6563919160001987
1981-02-04,XOM,CVX,252,0.6566091286362269
1981-02-05,XOM,CVX,252,0.6498036583205868
1981-02-06,XOM,CVX,252,0.6446075405838205
1981-02-09,XOM,CVX,252,0.6361543001433482
1981-02-10,XOM,CVX,252,0.639105799602845
1981-02-11,XOM,CVX,252,0.6406122186005919
1981-02-12,XOM,CVX,252,0.6422141931050139
1981-02-13,XOM,CVX,252,0.6391886202157935
1981-02-17,XOM,CVX,252,0.6391241989137875
1981-02-18,XOM,CVX,252,0.6362928063557672
1981-02-19,XOM,CVX,252,0.6343838456883457
1981-02-20,XOM,CVX,252,0.633849405251553
1981-02-23,XOM,CVX,252,0.631406986541761
1981-02-24,XOM,CVX,252,0.6302053686080489
1981-02-25,XOM,CVX,252,0.6311167092777311
1981-02-26,XOM,CVX,252,0.6308793078510174
1981-02-27,XOM,CVX,252,0.6334069869437783
1981-03-02,XOM,CVX,252,0.6337373626216141
1981-03-03,XOM,CVX,252,0.633047282907476
1981-03-04,XOM,CVX,252,0.6334248273225755
1981-03-05,XOM,CVX,252,0.6365151774442831
1981-03-06,XOM,CVX,252,0.6332331320220164
1981-03-09,XOM,CVX,252,0.6286862402415612
1981-03-10,XOM,CVX,252,0.624664553994979
1981-03-11,XOM,CVX,252,0.3057832687729094
1981-03-12,XOM,CVX,252,0.3116468402332667
1981-03-13,XOM,CVX,252,0.312325569597232
1981-03-16,XOM,CVX,252,0.3125488138448777
1981-03-17,XOM,CVX,252,0.31037178087839956
1981-03-18,XOM,CVX,252,0.308876540014661
1981-03-19,XOM,CVX,252,0.3093554485315073
1981-03-20,XOM,CVX,252,0.30768461813203346
1981-03-23,XOM,CVX,252,0.3113755232447955
1981-03-24,XOM,CVX,252,0.30721577657184784
1981-03-25,XOM,CVX,252,0.3135416050573129
1981-03-26,XOM,CVX,252,0.3141021290086008
1981-03-27,XOM,CVX,252,0.31260465532489734
1981-03-30,XOM,CVX,252,0.3128519555014503
1981-03-31,XOM,CVX,252,0.31222003644959373
1981-04-01,XOM,CVX,252,0.3128161742845637
1981-04-02,XOM,CVX,252,0.31364444291189425
1981-04-03,XOM,CVX,252,0.31391863970478473
1981-04-06,XOM,CVX,252,0.30994876112628483
1981-04-07,XOM,CVX,252,0.31144801560105634
1981-04-08,XOM,CVX,252,0.30378043307348995
1981-04-09,XOM,CVX,252,0.30484141879472476
1981-04-10,XOM,CVX,252,0.3053264382291347
1981-04-13,XOM,CVX,252,0.3058921282410709
1981-04-14,XOM,CVX,252,0.30543135488210327
1981-04-15,XOM,CVX,252,0.30516477380714063
1981-04-16,XOM,CVX,252,0.30522878275840265
1981-04-20,XOM,CVX,252,0.3046633559585523
1981-04-21,XOM,CVX,252,0.306651592206716
1981-04-22,XOM,CVX,252,0.2983940803738171
1981-04-23,XOM,CVX,252,0.29819375205075105
1981-04-24,XOM,CVX,252,0.29929709601705556
1981-04-27,XOM,CVX,252,0.3004983689166423
1981-04-28,XOM,CVX,252,0.3002298654234472
1981-04-29,XOM,CVX,252,0.29955825773114275
1981-04-30,XOM,CVX,252,0.2989155703667877
1981-05-01,XOM,CVX,252,0.29885185974528794
1981-05-04,XOM,CVX,252,0.29850084802365595
1981-05-05,XOM,CVX,252,0.30096723231394884
1981-05-06,XOM,CVX,252,0.30121531806811125
1981-05-07,XOM,CVX,252,0.3061528653849407
1981-05-08,XOM,CVX,252,0.3057746684034616
1981-05-11,XOM,CVX,252,0.30919510344515283
1981-05-12,XOM,CVX,252,0.30913853748304776
1981-05-13,XOM,CVX,252,0.3098170261964592
1981-05-14,XOM,CVX,252,0.3096700722320983
1981-05-15,XOM,CVX,252,0.3103995179133237
1981-05-18,XOM,CVX,252,0.3089381075439938
1981-05-19,XOM,CVX,252,0.3095315387818341
1981-05-20,XOM,CVX,252,0.3096661287886368
1981-05-21,XOM,CVX,252,0.30944568241698817
1981-05-22,XOM,CVX,252,0.3079304425616243
1981-05-26,XOM,CVX,252,0.3091330869663517
1981-05-27,XOM,CVX,252,0.3071399190226718
1981-05-28,XOM,CVX,252,0.3073520594008254
1981-05-29,XOM,CVX,252,0.30703573542102747
1981-06-01,XOM,CVX,252,0.3061784278781549
1981-06-02,XOM,CVX,252,0.30634666729501914
1981-06-03,XOM,CVX,252,0.30627287955689925
1981-06-04,XOM,CVX,252,0.304285918095583
1981-06-05,XOM,CVX,252,0.30573299847074553
1981-06-08,XOM,CVX,252,0.30595496078442214
1981-06-09,XOM,CVX,252,0.30516887115432695
1981-06-10,XOM,CVX,252,0.3048687559092136
1981-06-11,XOM,CVX,252,0.3020091133550854
1981-06-12,XOM,CVX,252,0.30188577963167945
1981-06-15,XOM,CVX,252,0.2998636491986269
1981-06-16,XOM,CVX,252,0.3000787195581077
1981-06-17,XOM,CVX,252,0.3066309584402788
1981-06-18,XOM,CVX,252,0.3064789106628353
1981-06-19,XOM,CVX,252,0.30724692839772333
1981-06-22,XOM,CVX,252,0.3072868805844632
1981-06-23,XOM,CVX,252,0.305720849435478
1981-06-24,XOM,CVX,252,0.30645447865778447
1981-06-25,XOM,CVX,252,0.30691146099235056
1981-06-26,XOM,CVX,252,0.3068483594932147
1981-06-29,XOM,CVX,252,0.30766976618063363
1981-06-30,XOM,CVX,252,0.30318007386783774
1981-07-01,XOM,CVX,252,0.3026482900210812
1981-07-02,XOM,CVX,252,0.30126164875251954
1981-07-06,XOM,CVX,252,0.3000151998408554
1981-07-07,XOM,CVX,252,0.30092691771798014
1981-07-08,XOM,CVX,252,0.3022920615890795
1981-07-09,XOM,CVX,252,0.3022269547621775
1981-07-10,XOM,CVX,252,0.30044445377260937
1981-07-13,XOM,CVX,252,0.2992457190165589
1981-07-14,XOM,CVX,252,0.2980571634130771
1981-07-15,XOM,CVX,252,0.2959767152227135
1981-07-16,XOM,CVX,252,0.2959710087662883
1981-07-17,XOM,CVX,252,0.293024136736012
1981-07-20,XOM,CVX,252,0.29385419453177053
1981-07-21,XOM,CVX,252,0.29411540089198884
1981-07-22,XOM,CVX,252,0.2938565086726035
1981-07-23,XOM,CVX,252,0.293231363695218
1981-07-24,XOM,CVX,252,0.294625956288547
1981-07-27,XOM,CVX,252,0.2963780449182898
1981-07-28,XOM,CVX,252,0.2962076247622496
1981-07-29,XOM,CVX,252,0.29495181653239005
1981-07-30,XOM,CVX,252,0.2912336347479352
1981-07-31,XOM,CVX,252,0.2906967169264864
1981-08-03,XOM,CVX,252,0.2918078363674257
1981-08-04,XOM,CVX,252,0.2912517103935793
1981-08-05,XOM,CVX,252,0.2925021727846578
1981-08-06,XOM,CVX,252,0.2913968986154582
1981-08-07,XOM,CVX,252,0.2945460120827023
1981-08-10,XOM,CVX,252,0.29467481879601914
1981-08-11,XOM,CVX,252,0.2951823679536746
1981-08-12,XOM,CVX,252,0.29412592789043585
1981-08-13,XOM,CVX,252,0.292952017594628
1981-08-14,XOM,CVX,252,0.291899216631661
1981-08-17,XOM,CVX,252,0.2906726467423454
1981-08-18,XOM,CVX,252,0.2915597955033361
1981-08-19,XOM,CVX,252,0.2915411535541146
1981-08-20,XOM,CVX,252,0.29188727409381426
1981-08-21,XOM,CVX,252,0.2928848679762277
1981-08-24,XOM,CVX,252,0.2996982068649596
1981-08-25,XOM,CVX,252,0.29852665501873876
1981-08-26,XOM,CVX,252,0.29852572814439726
1981-08-27,XOM,CVX,252,0.2984769524812258
1981-08-28,XOM,CVX,252,0.2986452684648606
1981-08-31,XOM,CVX,252,0.2974443645521208
1981-09-01,XOM,CVX,252,0.29797498588243354
1981-09-02,XOM,CVX,252,0.29692412538157986
1981-09-03,XOM,CVX,252,0.29718253036814324
1981-09-04,XOM,CVX,252,0.29835313370909905
1981-09-08,XOM,CVX,252,0.29711664744421956
1981-09-09,XOM,CVX,252,0.2976210976492216
1981-09-10,XOM,CVX,252,0.3019732475345175
1981-09-11,XOM,CVX,252,0.30261674171238245
1981-09-14,XOM,CVX,252,0.30211966628710557
1981-09-15,XOM,CVX,252,0.29678389500320196
1981-09-16,XOM,CVX,252,0.2974566325903617
1981-09-17,XOM,CVX,252,0.29855788983063786
1981-09-18,XOM,CVX,252,0.29754709705015825
1981-09-21,XOM,CVX,252,0.2969424246595494
1981-09-22,XOM,CVX,252,0.29628891489237313
1981-09-23,XOM,CVX,252,0.29576258112637094
1981-09-24,XOM,CVX,252,0.2938274771125869
1981-09-25,XOM,CVX,252,0.29467216921086076
1981-09-28,XOM,CVX,252,0.3000172409044489
1981-09-29,XOM,CVX,252,0.29902946928997853
1981-09-30,XOM,CVX,252,0.2981516628450589
1981-10-01,XOM,CVX,252,0.290836098679813
1981-10-02,XOM,CVX,252,0.2931923328471547
1981-10-05,XOM,CVX,252,0.29277908013878773
1981-10-06,XOM,CVX,252,0.29067713407542833
1981-10-07,XOM,CVX,252,0.29079957813136137
1981-10-08,XOM,CVX,252,0.290807838331962
1981-10-09,XOM,CVX,252,0.29091208033402954
1981-10-12,XOM,CVX,252,0.29159564796973264
1981-10-13,XOM,CVX,252,0.28967223978932805
1981-10-14,XOM,CVX,252,0.287187637939596
1981-10-15,XOM,CVX,252,0.287388919039965
1981-10-16,XOM,CVX,252,0.28710938527814406
1981-10-19,XOM,CVX,252,0.28738107928069206
1981-10-20,XOM,CVX,252,0.2862985413759625
1981-10-21,XOM,CVX,252,0.2870352013873927
1981-10-22,XOM,CVX,252,0.28723400059710674
1981-10-23,XOM,CVX,252,0.28649729495734344
1981-10-26,XOM,CVX,252,0.28656579504496066
1981-10-27,XOM,CVX,252,0.2856176613044414
1981-10-28,XOM,CVX,252,0.28565078467885396
1981-10-29,XOM,CVX,252,0.28465056879761363
1981-10-30,XOM,CVX,252,0.283534649218752
1981-11-02,XOM,CVX,252,0.283898777262396
1981-11-03,XOM,CVX,252,0.27572723516164305
1981-11-04,XOM,CVX,252,0.27433009139669123
1981-11-05,XOM,CVX,252,0.2710180055978807
1981-11-06,XOM,CVX,252,0.27011111727585757
1981-11-09,XOM,CVX,252,0.26924101078505597
1981-11-10,XOM,CVX,252,0.26714313361367614
1981-11-11,XOM,CVX,252,0.2676219027563546
1981-11-12,XOM,CVX,252,0.26805063283781394
1981-11-13,XOM,CVX,252,0.26810836477729144
1981-11-16,XOM,CVX,252,0.265851228428467
1981-11-17,XOM,CVX,252,0.2642246823450742
1981-11-18,XOM,CVX,252,0.265528632441606
1981-11-19,XOM,CVX,252,0.2653548245437934
1981-11-20,XOM,CVX,252,0.2652366205318624
1981-11-23,XOM,CVX,252,0.26580679643273264
1981-11-24,XOM,CVX,252,0.26749730964809315
1981-11-25,XOM,CVX,252,0.2638460274295764
1981-11-27,XOM,CVX,252,0.26472081663951463
1981-11-30,XOM,CVX,252,0.25990552707468656
1981-12-01,XOM,CVX,252,0.26215464446012476
1981-12-02,XOM,CVX,252,0.2621259675388175
1981-12-03,XOM,CVX,252,0.2614229492075877
1981-12-04,XOM,CVX,252,0.2578629366494216
1981-12-07,XOM,CVX,252,0.2577476020188956
1981-12-08,XOM,CVX,252,0.25558598584416664
1981-12-09,XOM,CVX,252,0.2581076065248655
1981-12-10,XOM,CVX,252,0.2605636683774174
1981-12-11,XOM,CVX,252,0.2603660946890897
1981-12-14,XOM,CVX,252,0.2610466553077754
1981-12-15,XOM,CVX,252,0.25573171102929004
1981-12-16,XOM,CVX,252,0.25044711488414545
1981-12-17,XOM,CVX,252,0.24975656453659695
1981-12-18,XOM,CVX,252,0.2500729239704291
1981-12-21,XOM,CVX,252,0.25055061803399714
1981-12-22,XOM,CVX,252,0.24978219689356917
1981-12-23,XOM,CVX,252,0.25017738799783557
1981-12-24,XOM,CVX,252,0.24964734406712863
1981-12-28,XOM,CVX,252,0.24961252709614715
1981-12-29,XOM,CVX,252,0.2500845529080285
1981-12-30,XOM,CVX,252,0.25036608419858203
1981-12-31,XOM,CVX,252,0.2500087520933558
1982-01-04,XOM,CVX,252,0.25131915879241734
1982-01-05,XOM,CVX,252,0.25334344251129165
1982-01-06,XOM,CVX,252,0.2519697070031987
1982-01-07,XOM,CVX,252,0.2494288872998709
1982-01-08,XOM,CVX,252,0.24886725045631566
1982-01-11,XOM,CVX,252,0.24953371408923028
1982-01-12,XOM,CVX,252,0.25087206419947083
1982-01-13,XOM,CVX,252,0.2528106511369191
1982-01-14,XOM,CVX,252,0.25019996496947844
1982-01-15,XOM,CVX,252,0.24982177332018746
1982-01-18,XOM,CVX,252,0.24976641307226097
1982-01-19,XOM,CVX,252,0.24591225398315772
1982-01-20,XOM,CVX,252,0.24680388407261364
1982-01-21,XOM,CVX,252,0.24514238836847618
1982-01-22,XOM,CVX,252,0.24603412894134152
1982-01-25,XOM,CVX,252,0.2463309558905164
1982-01-26,XOM,CVX,252,0.24401482835329194
1982-01-27,XOM,CVX,252,0.24274175175896817
1982-01-28,XOM,CVX,252,0.24357994959252482
1982-01-29,XOM,CVX,252,0.2447525359356703
1982-02-01,XOM,CVX,252,0.24573327824340066
1982-02-02,XOM,CVX,252,0.24566322908737434
1982-02-03,XOM,CVX,252,0.24605249029814913
1982-02-04,XOM,CVX,252,0.2454719813709073
1982-02-05,XOM,CVX,252,0.24584052606011528
1982-02-08,XOM,CVX,252,0.25003624662811474
1982-02-09,XOM,CVX,252,0.24902303125632338
1982-02-10,XOM,CVX,252,0.2501337358473106
1982-02-11,XOM,CVX,252,0.25091759328466345
1982-02-12,XOM,CVX,252,0.25256515799793605
1982-02-16,XOM,CVX,252,0.2527740498990798
1982-02-17,XOM,CVX,252,0.2535274928902134
1982-02-18,XOM,CVX,252,0.25003047736420075
1982-02-19,XOM,CVX,252,0.2498652219743714
1982-02-22,XOM,CVX,252,0.2491473823252014
1982-02-23,XOM,CVX,252,0.24940663221678255
1982-02-24,XOM,CVX,252,0.2508406380747006
1982-02-25,XOM,CVX,252,0.25082131487036174
1982-02-26,XOM,CVX,252,0.24865406289151276
1982-03-01,XOM,CVX,252,0.248113318255291
1982-03-02,XOM,CVX,252,0.24974186193940998
1982-03-03,XOM,CVX,252,0.2504850023184998
1982-03-04,XOM,CVX,252,0.24838544904385093
1982-03-05,XOM,CVX,252,0.2467119732609819
1982-03-08,XOM,CVX,252,0.24748413124201654
1982-03-09,XOM,CVX,252,0.2525837278276501
1982-03-10,XOM,CVX,252,0.5460608937932929
1982-03-11,XOM,CVX,252,0.5350186614048941
1982-03-12,XOM,CVX,252,0.5283066900866751
1982-03-15,XOM,CVX,252,0.5301958703472368
1982-03-16,XOM,CVX,252,0.529546545445085
1982-03-17,XOM,CVX,252,0.5293607473351266
1982-03-18,XOM,CVX,252,0.5273799168415698
1982-03-19,XOM,CVX,252,0.5313673260644546
1982-03-22,XOM,CVX,252,0.525080734468389
1982-03-23,XOM,CVX,252,0.5253756185169862
1982-03-24,XOM,CVX,252,0.5173445147288106
1982-03-25,XOM,CVX,252,0.5130105871664253
1982-03-26,XOM,CVX,252,0.5149286969498741
1982-03-29,XOM,CVX,252,0.5142468651360865
1982-03-30,XOM,CVX,252,0.51451462017949
1982-03-31,XOM,CVX,252,0.5149577441645863
1982-04-01,XOM,CVX,252,0.5188141221056268
1982-04-02,XOM,CVX,252,0.5208833240628039
1982-04-05,XOM,CVX,252,0.5247988682769589
1982-04-06,XOM,CVX,252,0.523938123537467
1982-04-07,XOM,CVX,252,0.5241514481172526
1982-04-08,XOM,CVX,252,0.521703444463441
1982-04-12,XOM,CVX,252,0.5206205556925813
1982-04-13,XOM,CVX,252,0.5186534132527634
1982-04-14,XOM,CVX,252,0.5199706763212699
1982-04-15,XOM,CVX,252,0.5180922163498514
1982-04-16,XOM,CVX,252,0.518986960166583
1982-04-19,XOM,CVX,252,0.5192773377076836
1982-04-20,XOM,CVX,252,0.5191443999643915
1982-04-21,XOM,CVX,252,0.5224769393228592
1982-04-22,XOM,CVX,252,0.5262680275026268
1982-04-23,XOM,CVX,252,0.5323140293102037
1982-04-26,XOM,CVX,252,0.5289449020196153
1982-04-27,XOM,CVX,252,0.5278195411243118
1982-04-28,XOM,CVX,252,0.5272578030785972
1982-04-29,XOM,CVX,252,0.5320176572488716
1982-04-30,XOM,CVX,252,0.530915209964282
1982-05-03,XOM,CVX,252,0.5310087394396439
1982-05-04,XOM,CVX,252,0.5275627975231639
1982-05-05,XOM,CVX,252,0.5296302319161157
1982-05-06,XOM,CVX,252,0.5373999891601977
1982-05-07,XOM,CVX,252,0.493692061494991
1982-05-10,XOM,CVX,252,0.47737725974579126
1982-05-11,XOM,CVX,252,0.47737740439711823
1982-05-12,XOM,CVX,252,0.47497896732437034
1982-05-13,XOM,CVX,252,0.47538686369322813
1982-05-14,XOM,CVX,252,0.47528686085113586
1982-05-17,XOM,CVX,252,0.478777457764713
1982-05-18,XOM,CVX,252,0.47771422763977806
1982-05-19,XOM,CVX,252,0.4753493936205542
1982-05-20,XOM,CVX,252,0.4759337648425063
1982-05-21,XOM,CVX,252,0.4761097334785332
1982-05-24,XOM,CVX,252,0.4705052434014794
1982-05-25,XOM,CVX,252,0.46708957175830335
1982-05-26,XOM,CVX,252,0.46702384791379153
1982-05-27,XOM,CVX,252,0.4592675808232973
1982-05-28,XOM,CVX,252,0.46284521503319276
1982-06-01,XOM,CVX,252,0.4618959156957469
1982-06-02,XOM,CVX,252,0.4618959156957469
1982-06-03,XOM,CVX,252,0.46038774196242876
1982-06-04,XOM,CVX,252,0.4559057425447667
1982-06-07,XOM,CVX,252,0.4543350892513825
1982-06-08,XOM,CVX,252,0.45629853199104664
1982-06-09,XOM,CVX,252,0.45593031118992783
1982-06-10,XOM,CVX,252,0.4572458007573916
1982-06-11,XOM,CVX,252,0.45714790848345715
1982-06-14,XOM,CVX,252,0.4624807283026447
1982-06-15,XOM,CVX,252,0.46293785557394207
1982-06-16,XOM,CVX,252,0.44860249610442327
1982-06-17,XOM,CVX,252,0.4458657279275039
1982-06-18,XOM,CVX,252,0.4427942369657808
1982-06-21,XOM,CVX,252,0.4416752559047792
1982-06-22,XOM,CVX,252,0.4453701372739417
1982-06-23,XOM,CVX,252,0.44757687209045804
1982-06-24,XOM,CVX,252,0.4454889373713193
1982-06-25,XOM,CVX,252,0.44473593200988304
1982-06-28,XOM,CVX,252,0.44575106527934905
1982-06-29,XOM,CVX,252,0.44448210438513847
1982-06-30,XOM,CVX,252,0.44767121437631296
1982-07-01,XOM,CVX,252,0.4537498157723193
1982-07-02,XOM,CVX,252,0.45389120124093535
1982-07-06,XOM,CVX,252,0.4504830152264231
1982-07-07,XOM,CVX,252,0.44913903581408793
1982-07-08,XOM,CVX,252,0.4475311978039043
1982-07-09,XOM,CVX,252,0.4449426589960264
1982-07-12,XOM,CVX,252,0.4497817041248224
1982-07-13,XOM,CVX,252,0.44950692373078927
1982-07-14,XOM,CVX,252,0.44833705426285136
1982-07-15,XOM,CVX,252,0.4487737210556149
1982-07-16,XOM,CVX,252,0.4521728708029327
1982-07-19,XOM,CVX,252,0.4501776914424013
1982-07-20,XOM,CVX,252,0.44130444703625493
1982-07-21,XOM,CVX,252,0.4417555190300383
1982-07-22,XOM,CVX,252,0.43759328814882253
1982-07-23,XOM,CVX,252,0.4264533844629991
1982-07-26,XOM,CVX,252,0.42104424613007463
1982-07-27,XOM,CVX,252,0.4206662929516372
1982-07-28,XOM,CVX,252,0.42662109938204695
1982-07-29,XOM,CVX,252,0.4255414541419108
1982-07-30,XOM,CVX,252,0.42536448187540343
1982-08-02,XOM,CVX,252,0.41957198016437997
1982-08-03,XOM,CVX,252,0.4198468830823838
1982-08-04,XOM,CVX,252,0.41687594641878223
1982-08-05,XOM,CVX,252,0.41729151283319704
1982-08-06,XOM,CVX,252,0.4173680361730636
1982-08-09,XOM,CVX,252,0.40209716247704314
1982-08-10,XOM,CVX,252,0.39954131084648403
1982-08-11,XOM,CVX,252,0.3992529660655848
1982-08-12,XOM,CVX,252,0.40173005920634997
1982-08-13,XOM,CVX,252,0.4050819069108443
1982-08-16,XOM,CVX,252,0.40649268365783403
1982-08-17,XOM,CVX,252,0.4225506703472563
1982-08-18,XOM,CVX,252,0.42204505587514
1982-08-19,XOM,CVX,252,0.418463193860262
1982-08-20,XOM,CVX,252,0.41770891851147024
1982-08-23,XOM,CVX,252,0.41186228296624966
1982-08-24,XOM,CVX,252,0.4198890483544954
1982-08-25,XOM,CVX,252,0.4530329014867421
1982-08-26,XOM,CVX,252,0.4525055266371369
1982-08-27,XOM,CVX,252,0.4572809148621908
1982-08-30,XOM,CVX,252,0.45852579434313173
1982-08-31,XOM,CVX,252,0.44617563560472645
1982-09-01,XOM,CVX,252,0.4444509080304337
1982-09-02,XOM,CVX,252,0.4494421719206038
1982-09-03,XOM,CVX,252,0.457486678044777
1982-09-07,XOM,CVX,252,0.4543385470017189
1982-09-08,XOM,CVX,252,0.458602035728187
1982-09-09,XOM,CVX,252,0.44723153513163677
1982-09-10,XOM,CVX,252,0.44444349080335627
1982-09-13,XOM,CVX,252,0.4445169053770814
1982-09-14,XOM,CVX,252,0.45295135833847794
1982-09-15,XOM,CVX,252,0.4538500394965074
1982-09-16,XOM,CVX,252,0.4518496546332201
1982-09-17,XOM,CVX,252,0.4545294097938523
1982-09-20,XOM,CVX,252,0.4603374846284173
1982-09-21,XOM,CVX,252,0.4617721614476883
1982-09-22,XOM,CVX,252,0.46805365499146373
1982-09-23,XOM,CVX,252,0.4652445406964428
1982-09-24,XOM,CVX,252,0.4627229308540734
1982-09-27,XOM,CVX,252,0.4483412433622777
1982-09-28,XOM,CVX,252,0.4508424469165763
1982-09-29,XOM,CVX,252,0.4501328777360925
1982-09-30,XOM,CVX,252,0.4491521858765898
1982-10-01,XOM,CVX,252,0.44485605103915754
1982-10-04,XOM,CVX,252,0.45111334424769084
1982-10-05,XOM,CVX,252,0.4493573121384797
1982-10-06,XOM,CVX,252,0.4557576733769059
1982-10-07,XOM,CVX,252,0.4439704861376919
1982-10-08,XOM,CVX,252,0.4444350206276115
1982-10-11,XOM,CVX,252,0.4474089894808065
1982-10-12,XOM,CVX,252,0.4437662971132135
1982-10-13,XOM,CVX,252,0.4619914030681768
1982-10-14,XOM,CVX,252,0.46237249634696
1982-10-15,XOM,CVX,252,0.45311992580070903
1982-10-18,XOM,CVX,252,0.45625319989850666
1982-10-19,XOM,CVX,252,0.45553561049193625
1982-10-20,XOM,CVX,252,0.456705594741065
1982-10-21,XOM,CVX,252,0.4575673117359914
1982-10-22,XOM,CVX,252,0.45591609702061725
1982-10-25,XOM,CVX,252,0.48435493950523734
1982-10-26,XOM,CVX,252,0.4850600667883991
1982-10-27,XOM,CVX,252,0.48464828381894515
1982-10-28,XOM,CVX,252,0.48848172464191286
1982-10-29,XOM,CVX,252,0.48971087397842256
1982-11-01,XOM,CVX,252,0.4918229513800048
1982-11-02,XOM,CVX,252,0.5041449765034187
1982-11-03,XOM,CVX,252,0.5082917795289661
1982-11-04,XOM,CVX,252,0.5129649761599997
1982-11-05,XOM,CVX,252,0.5076926539902071
1982-11-08,XOM,CVX,252,0.5093297205652644
1982-11-09,XOM,CVX,252,0.5096170283388283
1982-11-10,XOM,CVX,252,0.5086249333156097
1982-11-11,XOM,CVX,252,0.5067039136395554
1982-11-12,XOM,CVX,252,0.5126430877908227
1982-11-15,XOM,CVX,252,0.5064164566169903
1982-11-16,XOM,CVX,252,0.5070736727664921
1982-11-17,XOM,CVX,252,0.5126644078388364
1982-11-18,XOM,CVX,252,0.5125042626130444
1982-11-19,XOM,CVX,252,0.5142046499475729
1982-11-22,XOM,CVX,252,0.5114803407509882
1982-11-23,XOM,CVX,252,0.5132097247778518
1982-11-24,XOM,CVX,252,0.5131100771729857
1982-11-26,XOM,CVX,252,0.5125234279996695
1982-11-29,XOM,CVX,252,0.5112259884172816
1982-11-30,XOM,CVX,252,0.5069263081056388
1982-12-01,XOM,CVX,252,0.5073628205852481
1982-12-02,XOM,CVX,252,0.5071546517402684
1982-12-03,XOM,CVX,252,0.5068538069930608
1982-12-06,XOM,CVX,252,0.5024438419084891
1982-12-07,XOM,CVX,252,0.5073103192593176
1982-12-08,XOM,CVX,252,0.5063499726115439
1982-12-09,XOM,CVX,252,0.5053197370397631
1982-12-10,XOM,CVX,252,0.5091084903977552
1982-12-13,XOM,CVX,252,0.5067786688340299
1982-12-14,XOM,CVX,252,0.5091694279464527
1982-12-15,XOM,CVX,252,0.5032754681984907
1982-12-16,XOM,CVX,252,0.5036835242611033
1982-12-17,XOM,CVX,252,0.5021766209592997
1982-12-20,XOM,CVX,252,0.5022541831893295
1982-12-21,XOM,CVX,252,0.5024476119791341
1982-12-22,XOM,CVX,252,0.5025656582417445
1982-12-23,XOM,CVX,252,0.5023604077645722
1982-12-27,XOM,CVX,252,0.4977166067560044
1982-12-28,XOM,CVX,252,0.4967630587624397
1982-12-29,XOM,CVX,252,0.4959354373485572
1982-12-30,XOM,CVX,252,0.497169392811973
1982-12-31,XOM,CVX,252,0.4951046318458791
1983-01-03,XOM,CVX,252,0.4940287812516485
1983-01-04,XOM,CVX,252,0.5057083436905242
1983-01-05,XOM,CVX,252,0.509542297581321
1983-01-06,XOM,CVX,252,0.5111009944646715
1983-01-07,XOM,CVX,252,0.5080511234879749
1983-01-10,XOM,CVX,252,0.5049252983686195
1983-01-11,XOM,CVX,252,0.506663784756551
1983-01-12,XOM,CVX,252,0.5042001769011083
1983-01-13,XOM,CVX,252,0.505096895313619
1983-01-14,XOM,CVX,252,0.5052516302524492
1983-01-17,XOM,CVX,252,0.5071013316959079
1983-01-18,XOM,CVX,252,0.5048979733823975
1983-01-19,XOM,CVX,252,0.5078571502999168
1983-01-20,XOM,CVX,252,0.5084881409567499
1983-01-21,XOM,CVX,252,0.5083085689871796
1983-01-24,XOM,CVX,252,0.5241705957292951
1983-01-25,XOM,CVX,252,0.5235447971147767
1983-01-26,XOM,CVX,252,0.5193465254328059
1983-01-27,XOM,CVX,252,0.5204468029197235
1983-01-28,XOM,CVX,252,0.5166587109150738
1983-01-31,XOM,CVX,252,0.5185157640338923
1983-02-01,XOM,CVX,252,0.5165719921051198
1983-02-02,XOM,CVX,252,0.5184814477547834
1983-02-03,XOM,CVX,252,0.522134812058598
1983-02-04,XOM,CVX,252,0.5115663712444586
1983-02-07,XOM,CVX,252,0.5161295238903941
1983-02-08,XOM,CVX,252,0.516324240328726
1983-02-09,XOM,CVX,252,0.5133632603370343
1983-02-10,XOM,CVX,252,0.5211194528497111
1983-02-11,XOM,CVX,252,0.5205150192587523
1983-02-14,XOM,CVX,252,0.5212751356500612
1983-02-15,XOM,CVX,252,0.5210335891324055
1983-02-16,XOM,CVX,252,0.5219356337207653
1983-02-17,XOM,CVX,252,0.5201813043535457
1983-02-18,XOM,CVX,252,0.5201932758789758
1983-02-22,XOM,CVX,252,0.5245752622914756
1983-02-23,XOM,CVX,252,0.5251817797227128
1983-02-24,XOM,CVX,252,0.5323732467177248
1983-02-25,XOM,CVX,252,0.532283431529414
1983-02-28,XOM,CVX,252,0.5331589798404265
1983-03-01,XOM,CVX,252,0.5342176375274525
1983-03-02,XOM,CVX,252,0.5287075218829745
1983-03-03,XOM,CVX,252,0.5306589587479601
1983-03-04,XOM,CVX,252,0.5297941115464198
1983-03-07,XOM,CVX,252,0.5266801144670072
1983-03-08,XOM,CVX,252,0.5296309450730297
1983-03-09,XOM,CVX,252,0.5299957237596606
1983-03-10,XOM,CVX,252,0.5303488420711541
1983-03-11,XOM,CVX,252,0.5268200094676206
1983-03-14,XOM,CVX,252,0.5248869398907011
1983-03-15,XOM,CVX,252,0.524557827289441
1983-03-16,XOM,CVX,252,0.5279716387359966
1983-03-17,XOM,CVX,252,0.5266926368530324
1983-03-18,XOM,CVX,252,0.5263843322160484
1983-03-21,XOM,CVX,252,0.5273933127114891
1983-03-22,XOM,CVX,252,0.5306580218403247
1983-03-23,XOM,CVX,252,0.5320702259996354
1983-03-24,XOM,CVX,252,0.5304608424364174
1983-03-25,XOM,CVX,252,0.5304417165735436
1983-03-28,XOM,CVX,252,0.531192247092319
1983-03-29,XOM,CVX,252,0.5307909240721514
1983-03-30,XOM,CVX,252,0.52974301214105
1983-03-31,XOM,CVX,252,0.5322444938646509
1983-04-04,XOM,CVX,252,0.5313347990948089
1983-04-05,XOM,CVX,252,0.534249969757571
1983-04-06,XOM,CVX,252,0.5336943714807633
1983-04-07,XOM,CVX,252,0.5328663470993538
1983-04-08,XOM,CVX,252,0.5365198782629044
1983-04-11,XOM,CVX,252,0.5381418743301468
1983-04-12,XOM,CVX,252,0.5375395351546627
1983-04-13,XOM,CVX,252,0.5332340359520965
1983-04-14,XOM,CVX,252,0.5308606536447119
1983-04-15,XOM,CVX,252,0.530753713237224
1983-04-18,XOM,CVX,252,0.5272153596504604
1983-04-19,XOM,CVX,252,0.5267688219379503
1983-04-20,XOM,CVX,252,0.5250188668067134
1983-04-21,XOM,CVX,252,0.5211344126235546
1983-04-22,XOM,CVX,252,0.5197558813406953
1983-04-25,XOM,CVX,252,0.5197436910348936
1983-04-26,XOM,CVX,252,0.5305047076027782
1983-04-27,XOM,CVX,252,0.5298436833003111
1983-04-28,XOM,CVX,252,0.5300589704576554
1983-04-29,XOM,CVX,252,0.5314098658366923
1983-05-02,XOM,CVX,252,0.5300442527604776
1983-05-03,XOM,CVX,252,0.5300588249713282
1983-05-04,XOM,CVX,252,0.5242289826800627
1983-05-05,XOM,CVX,252,0.5566058482319944
1983-05-06,XOM,CVX,252,0.5576786645156393
1983-05-09,XOM,CVX,252,0.5569452268387705
1983-05-10,XOM,CVX,252,0.55643158694157
1983-05-11,XOM,CVX,252,0.5565768997894849
1983-05-12,XOM,CVX,252,0.5555276180024352
1983-05-13,XOM,CVX,252,0.5546959774375029
1983-05-16,XOM,CVX,252,0.5537195884531005
1983-05-17,XOM,CVX,252,0.5553288965712563
1983-05-18,XOM,CVX,252,0.5536243338808674
1983-05-19,XOM,CVX,252,0.5553336960072145
1983-05-20,XOM,CVX,252,0.5534873208966244
1983-05-23,XOM,CVX,252,0.5612183714769153
1983-05-24,XOM,CVX,252,0.5616595497215401
1983-05-25,XOM,CVX,252,0.562807143400021
1983-05-26,XOM,CVX,252,0.5633441599598777
1983-05-27,XOM,CVX,252,0.5634741284326231
1983-05-31,XOM,CVX,252,0.5642533832142996
1983-06-01,XOM,CVX,252,0.5643721687439702
1983-06-02,XOM,CVX,252,0.5636815411181353
1983-06-03,XOM,CVX,252,0.5622015977885264
1983-06-06,XOM,CVX,252,0.5617675367504138
1983-06-07,XOM,CVX,252,0.5656534042206789
1983-06-08,XOM,CVX,252,0.5659320545285127
1983-06-09,XOM,CVX,252,0.566126434809815
1983-06-10,XOM,CVX,252,0.5653110133522209
1983-06-13,XOM,CVX,252,0.5667859665614706
1983-06-14,XOM,CVX,252,0.5649108196219621
1983-06-15,XOM,CVX,252,0.5654331152082172
1983-06-16,XOM,CVX,252,0.5685011570831545
1983-06-17,XOM,CVX,252,0.5666195209651284
1983-06-20,XOM,CVX,252,0.566586343282482
1983-06-21,XOM,CVX,252,0.5654792899490618
1983-06-22,XOM,CVX,252,0.5642491126528438
1983-06-23,XOM,CVX,252,0.5651348376306141
1983-06-24,XOM,CVX,252,0.5641370083815826
1983-06-27,XOM,CVX,252,0.5680284221302668
1983-06-28,XOM,CVX,252,0.5659569079899807
1983-06-29,XOM,CVX,252,0.5641947086709471
1983-06-30,XOM,CVX,252,0.5633618053815176
1983-07-01,XOM,CVX,252,0.5608699456532824
1983-07-05,XOM,CVX,252,0.5607877530112799
1983-07-06,XOM,CVX,252,0.5631459007917362
1983-07-07,XOM,CVX,252,0.5640324571595703
1983-07-08,XOM,CVX,252,0.5624052050366509
1983-07-11,XOM,CVX,252,0.5608625314429128
1983-07-12,XOM,CVX,252,0.5679715896595193
1983-07-13,XOM,CVX,252,0.5672502311380786
1983-07-14,XOM,CVX,252,0.5666951017371078
1983-07-15,XOM,CVX,252,0.5670800389205919
1983-07-18,XOM,CVX,252,0.5748314540948954
1983-07-19,XOM,CVX,252,0.575671787518464
1983-07-20,XOM,CVX,252,0.5807328516478878
1983-07-21,XOM,CVX,252,0.5874911355579916
1983-07-22,XOM,CVX,252,0.5872526281458127
1983-07-25,XOM,CVX,252,0.5878090494373658
1983-07-26,XOM,CVX,252,0.5862851245884095
1983-07-27,XOM,CVX,252,0.5870858155390746
1983-07-28,XOM,CVX,252,0.5845877705457053
1983-07-29,XOM,CVX,252,0.5882780047562711
1983-08-01,XOM,CVX,252,0.5846635681719621
1983-08-02,XOM,CVX,252,0.5838835167883819
1983-08-03,XOM,CVX,252,0.5836981488367591
1983-08-04,XOM,CVX,252,0.5837328442013514
1983-08-05,XOM,CVX,252,0.5922772966069054
1983-08-08,XOM,CVX,252,0.5934005366017137
1983-08-09,XOM,CVX,252,0.5817073366109573
1983-08-10,XOM,CVX,252,0.5842624056929651
1983-08-11,XOM,CVX,252,0.583189225294377
1983-08-12,XOM,CVX,252,0.58300981507735
1983-08-15,XOM,CVX,252,0.5785517677957246
1983-08-16,XOM,CVX,252,0.5793873136403975
1983-08-17,XOM,CVX,252,0.5845911543518364
1983-08-18,XOM,CVX,252,0.5866560538580442
1983-08-19,XOM,CVX,252,0.5820783174214835
1983-08-22,XOM,CVX,252,0.5804858415550819
1983-08-23,XOM,CVX,252,0.5626433483778074
1983-08-24,XOM,CVX,252,0.5654468244117922
1983-08-25,XOM,CVX,252,0.5631996091007517
1983-08-26,XOM,CVX,252,0.5641923286752923
1983-08-29,XOM,CVX,252,0.5755619279059612
1983-08-30,XOM,CVX,252,0.5779081703773172
1983-08-31,XOM,CVX,252,0.5761210580842822
1983-09-01,XOM,CVX,252,0.5692354795041484
1983-09-02,XOM,CVX,252,0.5676426645321759
1983-09-06,XOM,CVX,252,0.5651967623502911
1983-09-07,XOM,CVX,252,0.5648599558347865
1983-09-08,XOM,CVX,252,0.5655401600470878
1983-09-09,XOM,CVX,252,0.5625063078831618
1983-09-12,XOM,CVX,252,0.5691889835945103
1983-09-13,XOM,CVX,252,0.5695479867402087
1983-09-14,XOM,CVX,252,0.5694754271558706
1983-09-15,XOM,CVX,252,0.5705245541827421
1983-09-16,XOM,CVX,252,0.570960733784843
1983-09-19,XOM,CVX,252,0.5686340450659697
1983-09-20,XOM,CVX,252,0.5634183414781936
1983-09-21,XOM,CVX,252,0.5639919073876194
1983-09-22,XOM,CVX,252,0.5602936919137955
1983-09-23,XOM,CVX,252,0.55431013901664
1983-09-26,XOM,CVX,252,0.5535505738555535
1983-09-27,XOM,CVX,252,0.5543932429677957
1983-09-28,XOM,CVX,252,0.5579780903241099
1983-09-29,XOM,CVX,252,0.5563756489353688
1983-09-30,XOM,CVX,252,0.5568291587770482
1983-10-03,XOM,CVX,252,0.5586686778984422
1983-10-04,XOM,CVX,252,0.556134391779177
1983-10-05,XOM,CVX,252,0.5646870857442291
1983-10-06,XOM,CVX,252,0.5655034084861013
1983-10-07,XOM,CVX,252,0.5647092791367042
1983-10-10,XOM,CVX,252,0.5737100373893119
1983-10-11,XOM,CVX,252,0.5651837398376002
1983-10-12,XOM,CVX,252,0.565202586439395
1983-10-13,XOM,CVX,252,0.5741370874721342
1983-10-14,XOM,CVX,252,0.5730456774795569
1983-10-17,XOM,CVX,252,0.5725502330986345
1983-10-18,XOM,CVX,252,0.5716438874414391
1983-10-19,XOM,CVX,252,0.5709633099494371
1983-10-20,XOM,CVX,252,0.5713439744977441
1983-10-21,XOM,CVX,252,0.5471073317985891
1983-10-24,XOM,CVX,252,0.546224943037144
1983-10-25,XOM,CVX,252,0.5465367391697341
1983-10-26,XOM,CVX,252,0.5454677301711611
1983-10-27,XOM,CVX,252,0.5489572811081479
1983-10-28,XOM,CVX,252,0.5461282553724021
1983-10-31,XOM,CVX,252,0.5442959657901406
1983-11-01,XOM,CVX,252,0.5421079696588955
1983-11-02,XOM,CVX,252,0.5421930249497374
1983-11-03,XOM,CVX,252,0.5491471686041071
1983-11-04,XOM,CVX,252,0.5434789046828701
1983-11-07,XOM,CVX,252,0.5426804725614123
1983-11-08,XOM,CVX,252,0.5435035377873005
1983-11-09,XOM,CVX,252,0.543312248850382
1983-11-10,XOM,CVX,252,0.536309836990123
1983-11-11,XOM,CVX,252,0.543991695283517
1983-11-14,XOM,CVX,252,0.5386282273475556
1983-11-15,XOM,CVX,252,0.5341248417566269
1983-11-16,XOM,CVX,252,0.531569911328165
1983-11-17,XOM,CVX,252,0.5223984439698378
1983-11-18,XOM,CVX,252,0.5276696893153456
1983-11-21,XOM,CVX,252,0.523480265262174
1983-11-22,XOM,CVX,252,0.5249951888540894
1983-11-23,XOM,CVX,252,0.5254920715673422
1983-11-25,XOM,CVX,252,0.5249005596102927
1983-11-28,XOM,CVX,252,0.534237663710455
1983-11-29,XOM,CVX,252,0.5348191483196924
1983-11-30,XOM,CVX,252,0.5385071635830282
1983-12-01,XOM,CVX,252,0.53706886391537
1983-12-02,XOM,CVX,252,0.5431954702905886
1983-12-05,XOM,CVX,252,0.5439868238003644
1983-12-06,XOM,CVX,252,0.545339223516237
1983-12-07,XOM,CVX,252,0.547539554708417
1983-12-08,XOM,CVX,252,0.5422589353258016
1983-12-09,XOM,CVX,252,0.5442747615925474
1983-12-12,XOM,CVX,252,0.5401245101981824
1983-12-13,XOM,CVX,252,0.5471279518229634
1983-12-14,XOM,CVX,252,0.5480832164109056
1983-12-15,XOM,CVX,252,0.5511873646590558
1983-12-16,XOM,CVX,252,0.5497981827806885
1983-12-19,XOM,CVX,252,0.5496227142288543
1983-12-20,XOM,CVX,252,0.5541195484467081
1983-12-21,XOM,CVX,252,0.5537425794221733
1983-12-22,XOM,CVX,252,0.5590949198143838
1983-12-23,XOM,CVX,252,0.55940595717398
1983-12-27,XOM,CVX,252,0.5614584229496538
1983-12-28,XOM,CVX,252,0.5632451617500521
1983-12-29,XOM,CVX,252,0.5634322258726954
1983-12-30,XOM,CVX,252,0.5598260426969531
1984-01-03,XOM,CVX,252,0.5491984594489423
1984-01-04,XOM,CVX,252,0.5473587024490478
1984-01-05,XOM,CVX,252,0.5445735266020345
1984-01-06,XOM,CVX,252,0.5461320109368493
1984-01-09,XOM,CVX,252,0.5490498198587154
1984-01-10,XOM,CVX,252,0.5485298359897489
1984-01-11,XOM,CVX,252,0.5514723763348338
1984-01-12,XOM,CVX,252,0.5508487973258474
1984-01-13,XOM,CVX,252,0.548728180645286
1984-01-16,XOM,CVX,252,0.5490662652897152
1984-01-17,XOM,CVX,252,0.5495740190441603
1984-01-18,XOM,CVX,252,0.5457874166355338
1984-01-19,XOM,CVX,252,0.5511742983560617
1984-01-20,XOM,CVX,252,0.5503765663263277
1984-01-23,XOM,CVX,252,0.530339973476934
1984-01-24,XOM,CVX,252,0.5300906747275754
1984-01-25,XOM,CVX,252,0.5368726889278213
1984-01-26,XOM,CVX,252,0.5362471223192116
1984-01-27,XOM,CVX,252,0.5348329416100189
1984-01-30,XOM,CVX,252,0.5370769842487181
1984-01-31,XOM,CVX,252,0.5391893144104344
1984-02-01,XOM,CVX,252,0.5374717986351919
1984-02-02,XOM,CVX,252,0.5269578627925713
1984-02-03,XOM,CVX,252,0.5404933196280842
1984-02-06,XOM,CVX,252,0.5537863877457706
1984-02-07,XOM,CVX,252,0.5512253104660696
1984-02-08,XOM,CVX,252,0.5580970842461696
1984-02-09,XOM,CVX,252,0.5473146703023929
1984-02-10,XOM,CVX,252,0.5460335023801011
1984-02-13,XOM,CVX,252,0.5450943872437166
1984-02-14,XOM,CVX,252,0.5461962015240113
1984-02-15,XOM,CVX,252,0.5463970801084171
1984-02-16,XOM,CVX,252,0.548920010319857
1984-02-17,XOM,CVX,252,0.5500485920489403
1984-02-21,XOM,CVX,252,0.5384024682029072
1984-02-22,XOM,CVX,252,0.5368650344038955
1984-02-23,XOM,CVX,252,0.5307349423142563
1984-02-24,XOM,CVX,252,0.5299035870000013
1984-02-27,XOM,CVX,252,0.5366990711324754
1984-02-28,XOM,CVX,252,0.5324665743926389
1984-02-29,XOM,CVX,252,0.5415570846981121
1984-03-01,XOM,CVX,252,0.5306847299116095
1984-03-02,XOM,CVX,252,0.5321287424371133
1984-03-05,XOM,CVX,252,0.529665117254001
1984-03-06,XOM,CVX,252,0.5148257846472982
1984-03-07,XOM,CVX,252,0.5129359333141705
1984-03-08,XOM,CVX,252,0.513525007375404
1984-03-09,XOM,CVX,252,0.5161580871310117
1984-03-12,XOM,CVX,252,0.5157364048290105
1984-03-13,XOM,CVX,252,0.5140852227251091
1984-03-14,XOM,CVX,252,0.5092941041040944
1984-03-15,XOM,CVX,252,0.5114285373491267
1984-03-16,XOM,CVX,252,0.5115557543731525
1984-03-19,XOM,CVX,252,0.5134750663962018
1984-03-20,XOM,CVX,252,0.5071084789089508
1984-03-21,XOM,CVX,252,0.505211671055238
1984-03-22,XOM,CVX,252,0.5064346018380705
1984-03-23,XOM,CVX,252,0.5065954159658019
1984-03-26,XOM,CVX,252,0.5082680653005012
1984-03-27,XOM,CVX,252,0.5093341810816734
1984-03-28,XOM,CVX,252,0.5098746269257092
1984-03-29,XOM,CVX,252,0.5013663534595626
1984-03-30,XOM,CVX,252,0.4961862100044796
1984-04-02,XOM,CVX,252,0.491882236461456
1984-04-03,XOM,CVX,252,0.49417785139878173
1984-04-04,XOM,CVX,252,0.4923673668034515
1984-04-05,XOM,CVX,252,0.4884733093166649
1984-04-06,XOM,CVX,252,0.4857963380243778
1984-04-09,XOM,CVX,252,0.48623707727447146
1984-04-10,XOM,CVX,252,0.4944255281754849
1984-04-11,XOM,CVX,252,0.4977063515835296
1984-04-12,XOM,CVX,252,0.4968073387744647
1984-04-13,XOM,CVX,252,0.5025344741545602
1984-04-16,XOM,CVX,252,0.5029588424568953
1984-04-17,XOM,CVX,252,0.5012089192004572
1984-04-18,XOM,CVX,252,0.49715194179769434
1984-04-19,XOM,CVX,252,0.49875263375905005
1984-04-23,XOM,CVX,252,0.4879524271441699
1984-04-24,XOM,CVX,252,0.47467583160675275
1984-04-25,XOM,CVX,252,0.4748002838053485
1984-04-26,XOM,CVX,252,0.47591241042552573
1984-04-27,XOM,CVX,252,0.4734091715663399
1984-04-30,XOM,CVX,252,0.4786074736875025
1984-05-01,XOM,CVX,252,0.4749311500566961
1984-05-02,XOM,CVX,252,0.4783340075194247
1984-05-03,XOM,CVX,252,0.46978939571995837
1984-05-04,XOM,CVX,252,0.4664528520990527
1984-05-07,XOM,CVX,252,0.46857524475520623
1984-05-08,XOM,CVX,252,0.4556820720925999
1984-05-09,XOM,CVX,252,0.45806619492230655
1984-05-10,XOM,CVX,252,0.4595785548856829
1984-05-11,XOM,CVX,252,0.45742302923399447
1984-05-14,XOM,CVX,252,0.45991280295190534
1984-05-15,XOM,CVX,252,0.45867727165906585
1984-05-16,XOM,CVX,252,0.46117613771997884
1984-05-17,XOM,CVX,252,0.4586414465258604
1984-05-18,XOM,CVX,252,0.4614034188190721
1984-05-21,XOM,CVX,252,0.45730521728790935
1984-05-22,XOM,CVX,252,0.4547790634038818
1984-05-23,XOM,CVX,252,0.4531947539919045
1984-05-24,XOM,CVX,252,0.44983235871306826
1984-05-25,XOM,CVX,252,0.4505277836496141
1984-05-29,XOM,CVX,252,0.44720441624228935
1984-05-30,XOM,CVX,252,0.4398970652481084
1984-05-31,XOM,CVX,252,0.4378321041387272
1984-06-01,XOM,CVX,252,0.4420447880734986
1984-06-04,XOM,CVX,252,0.44264123538718125
1984-06-05,XOM,CVX,252,0.4361787185521972
1984-06-06,XOM,CVX,252,0.4357100667179683
1984-06-07,XOM,CVX,252,0.43531403296673554
1984-06-08,XOM,CVX,252,0.43484609786400025
1984-06-11,XOM,CVX,252,0.4291900028985561
1984-06-12,XOM,CVX,252,0.4303368960036642
1984-06-13,XOM,CVX,252,0.4290344856170394
1984-06-14,XOM,CVX,252,0.41818785902985856
1984-06-15,XOM,CVX,252,0.42374257200935145
1984-06-18,XOM,CVX,252,0.42961835201246257
1984-06-19,XOM,CVX,252,0.429267300030996
1984-06-20,XOM,CVX,252,0.4311804855905116
1984-06-21,XOM,CVX,252,0.4329821495402474
1984-06-22,XOM,CVX,252,0.43417540633505564
1984-06-25,XOM,CVX,252,0.43057239978868306
1984-06-26,XOM,CVX,252,0.4326738733590836
1984-06-27,XOM,CVX,252,0.4319729486446177
1984-06-28,XOM,CVX,252,0.435370441003216
1984-06-29,XOM,CVX,252,0.44127252794923
1984-07-02,XOM,CVX,252,0.43582719888464705
1984-07-03,XOM,CVX,252,0.43207795873630583
1984-07-05,XOM,CVX,252,0.430953457337442
1984-07-06,XOM,CVX,252,0.42684368844383996
1984-07-09,XOM,CVX,252,0.42920367797952247
1984-07-10,XOM,CVX,252,0.4248798481562636
1984-07-11,XOM,CVX,252,0.4263778822674105
1984-07-12,XOM,CVX,252,0.4263044624387201
1984-07-13,XOM,CVX,252,0.42801110109205287
1984-07-16,XOM,CVX,252,0.4268782951836964
1984-07-17,XOM,CVX,252,0.4257646996391442
1984-07-18,XOM,CVX,252,0.4223638678980973
1984-07-19,XOM,CVX,252,0.42129123981814715
1984-07-20,XOM,CVX,252,0.4212686713226803
1984-07-23,XOM,CVX,252,0.41990505680762025
1984-07-24,XOM,CVX,252,0.4196263781871696
1984-07-25,XOM,CVX,252,0.4163626988642934
1984-07-26,XOM,CVX,252,0.41927823398229747
1984-07-27,XOM,CVX,252,0.4313569674824837
1984-07-30,XOM,CVX,252,0.4221559470139498
1984-07-31,XOM,CVX,252,0.4210065161621615
1984-08-01,XOM,CVX,252,0.4238983803684821
1984-08-02,XOM,CVX,252,0.42606733466581487
1984-08-03,XOM,CVX,252,0.4382873799975816
1984-08-06,XOM,CVX,252,0.43820771289063287
1984-08-07,XOM,CVX,252,0.4576934330340462
1984-08-08,XOM,CVX,252,0.4517934188227885
1984-08-09,XOM,CVX,252,0.45824263899673334
1984-08-10,XOM,CVX,252,0.45821516768772663
1984-08-13,XOM,CVX,252,0.4559593964254508
1984-08-14,XOM,CVX,252,0.4531298743919069
1984-08-15,XOM,CVX,252,0.43994553808707887
1984-08-16,XOM,CVX,252,0.4349470363044769
1984-08-17,XOM,CVX,252,0.4312064604685111
1984-08-20,XOM,CVX,252,0.43057575776178836
1984-08-21,XOM,CVX,252,0.4354573569448086
1984-08-22,XOM,CVX,252,0.43226993713391876
1984-08-23,XOM,CVX,252,0.43033469288375914
1984-08-24,XOM,CVX,252,0.4304041780616785
1984-08-27,XOM,CVX,252,0.42747002743032025
1984-08-28,XOM,CVX,252,0.42776551365538085
1984-08-29,XOM,CVX,252,0.4281828874014885
1984-08-30,XOM,CVX,252,0.42779819166068256
1984-08-31,XOM,CVX,252,0.43092877048657985
1984-09-04,XOM,CVX,252,0.4305090711939853
1984-09-05,XOM,CVX,252,0.4279767554221956
1984-09-06,XOM,CVX,252,0.42817110448556
1984-09-07,XOM,CVX,252,0.4317039657891892
1984-09-10,XOM,CVX,252,0.42155028720426363
1984-09-11,XOM,CVX,252,0.41970373642376657
1984-09-12,XOM,CVX,252,0.4213524770355887
1984-09-13,XOM,CVX,252,0.4194522296658739
1984-09-14,XOM,CVX,252,0.4183228904248763
1984-09-17,XOM,CVX,252,0.4211341285773039
1984-09-18,XOM,CVX,252,0.4233179442726468
1984-09-19,XOM,CVX,252,0.42183691238966237
1984-09-20,XOM,CVX,252,0.4256814296380464
1984-09-21,XOM,CVX,252,0.4427118741149403
1984-09-24,XOM,CVX,252,0.443309639586155
1984-09-25,XOM,CVX,252,0.4478301102857604
1984-09-26,XOM,CVX,252,0.4480706381036002
1984-09-27,XOM,CVX,252,0.45062100657983745
1984-09-28,XOM,CVX,252,0.44874326415736626
1984-10-01,XOM,CVX,252,0.4485497038753479
1984-10-02,XOM,CVX,252,0.44724506211685655
1984-10-03,XOM,CVX,252,0.44535783784409433
1984-10-04,XOM,CVX,252,0.44111624214054224
1984-10-05,XOM,CVX,252,0.43982731123574864
1984-10-08,XOM,CVX,252,0.4283901952307207
1984-10-09,XOM,CVX,252,0.428480418658447
1984-10-10,XOM,CVX,252,0.4252304932799352
1984-10-11,XOM,CVX,252,0.4248074395826091
1984-10-12,XOM,CVX,252,0.4211329336633757
1984-10-15,XOM,CVX,252,0.42065634773347343
1984-10-16,XOM,CVX,252,0.4231227670921767
1984-10-17,XOM,CVX,252,0.44355031913493614
1984-10-18,XOM,CVX,252,0.4463303912652189
1984-10-19,XOM,CVX,252,0.4438217132126908
1984-10-22,XOM,CVX,252,0.4459114407961814
1984-10-23,XOM,CVX,252,0.4465679063960105
1984-10-24,XOM,CVX,252,0.4445181039467812
1984-10-25,XOM,CVX,252,0.44423668395842825
1984-10-26,XOM,CVX,252,0.4457010798513877
1984-10-29,XOM,CVX,252,0.44484522323132547
1984-10-30,XOM,CVX,252,0.4462776818859665
1984-10-31,XOM,CVX,252,0.44999369297167585
1984-11-01,XOM,CVX,252,0.4518175066802322
1984-11-02,XOM,CVX,252,0.4543199200656445
1984-11-05,XOM,CVX,252,0.4539169400703474
1984-11-06,XOM,CVX,252,0.4554774359731078
1984-11-07,XOM,CVX,252,0.454902019277619
1984-11-08,XOM,CVX,252,0.4540909564645568
1984-11-09,XOM,CVX,252,0.456266788060313
1984-11-12,XOM,CVX,252,0.46089357599424613
1984-11-13,XOM,CVX,252,0.46341213209870813
1984-11-14,XOM,CVX,252,0.46642342919379126
1984-11-15,XOM,CVX,252,0.47422813405383846
1984-11-16,XOM,CVX,252,0.4714309803401738
1984-11-19,XOM,CVX,252,0.47147663930969363
1984-11-20,XOM,CVX,252,0.47116796664353894
1984-11-21,XOM,CVX,252,0.4702906021478014
1984-11-23,XOM,CVX,252,0.47042855816924056
1984-11-26,XOM,CVX,252,0.4750378935612501
1984-11-27,XOM,CVX,252,0.4735918434574341
1984-11-28,XOM,CVX,252,0.465139981116652
1984-11-29,XOM,CVX,252,0.46661503908589536
1984-11-30,XOM,CVX,252,0.4680202526059699
1984-12-03,XOM,CVX,252,0.46190234383569956
1984-12-04,XOM,CVX,252,0.46067948264922665
1984-12-05,XOM,CVX,252,0.458756956569613
1984-12-06,XOM,CVX,252,0.4585988383105624
1984-12-07,XOM,CVX,252,0.45380154302837733
1984-12-10,XOM,CVX,252,0.4600706284799928
1984-12-11,XOM,CVX,252,0.4611050504238872
1984-12-12,XOM,CVX,252,0.46133996108935366
1984-12-13,XOM,CVX,252,0.46484723549694823
1984-12-14,XOM,CVX,252,0.46229931540776265
1984-12-17,XOM,CVX,252,0.46342715758573094
1984-12-18,XOM,CVX,252,0.45865928927312466
1984-12-19,XOM,CVX,252,0.4737829532858496
1984-12-20,XOM,CVX,252,0.47113893065729134
1984-12-21,XOM,CVX,252,0.47249818267911264
1984-12-24,XOM,CVX,252,0.47412369320517617
1984-12-26,XOM,CVX,252,0.470309984689398
1984-12-27,XOM,CVX,252,0.46779153470479634
1984-12-28,XOM,CVX,252,0.46867820779198793
1984-12-31,XOM,CVX,252,0.4662973430057873
1985-01-02,XOM,CVX,252,0.4663756394376056
1985-01-03,XOM,CVX,252,0.4666971553078261
1985-01-04,XOM,CVX,252,0.4670405773283606
1985-01-07,XOM,CVX,252,0.4659959318506628
1985-01-08,XOM,CVX,252,0.46579998242549125
1985-01-09,XOM,CVX,252,0.46605890472917344
1985-01-10,XOM,CVX,252,0.46685121042976657
1985-01-11,XOM,CVX,252,0.46931448633556283
1985-01-14,XOM,CVX,252,0.47308711657379765
1985-01-15,XOM,CVX,252,0.4727797714764077
1985-01-16,XOM,CVX,252,0.4773488964165584
1985-01-17,XOM,CVX,252,0.4742383399627367
1985-01-18,XOM,CVX,252,0.47373791866739196
1985-01-21,XOM,CVX,252,0.49007816904762763
1985-01-22,XOM,CVX,252,0.4930331950269834
1985-01-23,XOM,CVX,252,0.4926674956792888
1985-01-24,XOM,CVX,252,0.49214161047424526
1985-01-25,XOM,CVX,252,0.502451244280924
1985-01-28,XOM,CVX,252,0.501462275878915
1985-01-29,XOM,CVX,252,0.5077160807939344
1985-01-30,XOM,CVX,252,0.5138593203159665
1985-01-31,XOM,CVX,252,0.5208580946144566
1985-02-01,XOM,CVX,252,0.5204992019448847
1985-02-04,XOM,CVX,252,0.5054281084137029
1985-02-05,XOM,CVX,252,0.5030309233218622
1985-02-06,XOM,CVX,252,0.5001123510998279
1985-02-07,XOM,CVX,252,0.499890632140867
1985-02-08,XOM,CVX,252,0.49551057208700616
1985-02-11,XOM,CVX,252,0.4956068891023681
1985-02-12,XOM,CVX,252,0.4953736246602104
1985-02-13,XOM,CVX,252,0.4968492057121935
1985-02-14,XOM,CVX,252,0.49944053766116037
1985-02-15,XOM,CVX,252,0.49962205334356746
1985-02-19,XOM,CVX,252,0.4982485911829858
1985-02-20,XOM,CVX,252,0.4898243853533803
1985-02-21,XOM,CVX,252,0.48862433432837415
1985-02-22,XOM,CVX,252,0.48860811996763104
1985-02-25,XOM,CVX,252,0.46809637083684236
1985-02-26,XOM,CVX,252,0.4656882659535461
1985-02-27,XOM,CVX,252,0.4636456284357867
1985-02-28,XOM,CVX,252,0.4742377694955743
1985-03-01,XOM,CVX,252,0.47919214085273826
1985-03-04,XOM,CVX,252,0.47480943951313664
1985-03-05,XOM,CVX,252,0.48127383548066993
1985-03-06,XOM,CVX,252,0.4796056323493649
1985-03-07,XOM,CVX,252,0.47930592872528605
1985-03-08,XOM,CVX,252,0.47880670331404546
1985-03-11,XOM,CVX,252,0.47337224223056323
1985-03-12,XOM,CVX,252,0.4732268789078856
1985-03-13,XOM,CVX,252,0.46997683344125846
1985-03-14,XOM,CVX,252,0.46761579519128993
1985-03-15,XOM,CVX,252,0.4705174313713279
1985-03-18,XOM,CVX,252,0.46729412751092286
1985-03-19,XOM,CVX,252,0.4718289083143489
1985-03-20,XOM,CVX,252,0.47286488863997334
1985-03-21,XOM,CVX,252,0.47003434678866
1985-03-22,XOM,CVX,252,0.46866730497846926
1985-03-25,XOM,CVX,252,0.46771522643513025
1985-03-26,XOM,CVX,252,0.4650853745294577
1985-03-27,XOM,CVX,252,0.4605742280085491
1985-03-28,XOM,CVX,252,0.46447741586532487
1985-03-29,XOM,CVX,252,0.4705693132289962
1985-04-01,XOM,CVX,252,0.4708419856087304
1985-04-02,XOM,CVX,252,0.46895548574081203
1985-04-03,XOM,CVX,252,0.4714286367569692
1985-04-04,XOM,CVX,252,0.46944337496697136
1985-04-08,XOM,CVX,252,0.46949650077150235
1985-04-09,XOM,CVX,252,0.46919024815462196
1985-04-10,XOM,CVX,252,0.4677725775702913
1985-04-11,XOM,CVX,252,0.4667430344926385
1985-04-12,XOM,CVX,252,0.4679322990014969
1985-04-15,XOM,CVX,252,0.46806389723583053
1985-04-16,XOM,CVX,252,0.46718509112281303
1985-04-17,XOM,CVX,252,0.46539758500764955
1985-04-18,XOM,CVX,252,0.46585000449559083
1985-04-19,XOM,CVX,252,0.46655625016257984
1985-04-22,XOM,CVX,252,0.4692836779194746
1985-04-23,XOM,CVX,252,0.4598778953538764
1985-04-24,XOM,CVX,252,0.45213773141280683
1985-04-25,XOM,CVX,252,0.4504344802241486
1985-04-26,XOM,CVX,252,0.4555726041713508
1985-04-29,XOM,CVX,252,0.452517420160077
1985-04-30,XOM,CVX,252,0.45550832184696843
1985-05-01,XOM,CVX,252,0.45182125158505365
1985-05-02,XOM,CVX,252,0.453990619262289
1985-05-03,XOM,CVX,252,0.45567815790349203
1985-05-06,XOM,CVX,252,0.453188736013378
1985-05-07,XOM,CVX,252,0.4693672349190486
1985-05-08,XOM,CVX,252,0.47445749609344195
1985-05-09,XOM,CVX,252,0.4745856955904374
1985-05-10,XOM,CVX,252,0.47646015312145884
1985-05-13,XOM,CVX,252,0.4779496349621103
1985-05-14,XOM,CVX,252,0.4777927264204987
1985-05-15,XOM,CVX,252,0.477552677051954
1985-05-16,XOM,CVX,252,0.4720167548166771
1985-05-17,XOM,CVX,252,0.4699288557758483
1985-05-20,XOM,CVX,252,0.4692651811076144
1985-05-21,XOM,CVX,252,0.4699629286670638
1985-05-22,XOM,CVX,252,0.4702309263018779
1985-05-23,XOM,CVX,252,0.4730478684715961
1985-05-24,XOM,CVX,252,0.46654638933047543
1985-05-28,XOM,CVX,252,0.4689088904630915
1985-05-29,XOM,CVX,252,0.477524215082475
1985-05-30,XOM,CVX,252,0.4808932303547904
1985-05-31,XOM,CVX,252,0.47866406839213943
1985-06-03,XOM,CVX,252,0.4756415456255754
1985-06-04,XOM,CVX,252,0.47397946891160725
1985-06-05,XOM,CVX,252,0.4670558329712699
1985-06-06,XOM,CVX,252,0.46707486722126895
1985-06-07,XOM,CVX,252,0.4624946446628583
1985-06-10,XOM,CVX,252,0.4592654292254872
1985-06-11,XOM,CVX,252,0.4583845877533127
1985-06-12,XOM,CVX,252,0.45924140264823105
1985-06-13,XOM,CVX,252,0.46208313995793276
1985-06-14,XOM,CVX,252,0.4633615706626261
1985-06-17,XOM,CVX,252,0.4552690255673316
1985-06-18,XOM,CVX,252,0.4549895445115081
1985-06-19,XOM,CVX,252,0.45675896553054396
1985-06-20,XOM,CVX,252,0.4529329645064186
1985-06-21,XOM,CVX,252,0.4567865775586774
1985-06-24,XOM,CVX,252,0.45710173385512604
1985-06-25,XOM,CVX,252,0.45738036660204706
1985-06-26,XOM,CVX,252,0.4571685915817657
1985-06-27,XOM,CVX,252,0.4554765717588949
1985-06-28,XOM,CVX,252,0.45385776915286397
1985-07-01,XOM,CVX,252,0.45797300959363835
1985-07-02,XOM,CVX,252,0.4553074069484263
1985-07-03,XOM,CVX,252,0.45649722051075803
1985-07-05,XOM,CVX,252,0.45439085916496885
1985-07-08,XOM,CVX,252,0.4524951461851686
1985-07-09,XOM,CVX,252,0.4530014500917946
1985-07-10,XOM,CVX,252,0.45214310736904956
1985-07-11,XOM,CVX,252,0.45385144830849394
1985-07-12,XOM,CVX,252,0.45380107514747897
1985-07-15,XOM,CVX,252,0.45491804231881194
1985-07-16,XOM,CVX,252,0.4547729714644484
1985-07-17,XOM,CVX,252,0.4546701138344913
1985-07-18,XOM,CVX,252,0.45618695496320183
1985-07-19,XOM,CVX,252,0.4564926733412386
1985-07-22,XOM,CVX,252,0.4588179207627389
1985-07-23,XOM,CVX,252,0.4604051839802393
1985-07-24,XOM,CVX,252,0.4748646522879446
1985-07-25,XOM,CVX,252,0.47613523246156386
1985-07-26,XOM,CVX,252,0.46262216036957227
1985-07-29,XOM,CVX,252,0.4787343296511199
1985-07-30,XOM,CVX,252,0.47394770617247856
1985-07-31,XOM,CVX,252,0.47084848962694725
1985-08-01,XOM,CVX,252,0.4708677186186926
1985-08-02,XOM,CVX,252,0.4547991643388968
1985-08-05,XOM,CVX,252,0.4536579914307233
1985-08-06,XOM,CVX,252,0.45787031538753986
1985-08-07,XOM,CVX,252,0.4506220062988554
1985-08-08,XOM,CVX,252,0.44504063191107485
1985-08-09,XOM,CVX,252,0.4445603489357378
1985-08-12,XOM,CVX,252,0.44502857601000856
1985-08-13,XOM,CVX,252,0.4466864917595212
1985-08-14,XOM,CVX,252,0.4529250051181025
1985-08-15,XOM,CVX,252,0.4520533661265938
1985-08-16,XOM,CVX,252,0.45439900848450526
1985-08-19,XOM,CVX,252,0.4534242297451849
1985-08-20,XOM,CVX,252,0.4482067727354517
1985-08-21,XOM,CVX,252,0.44616121492949884
1985-08-22,XOM,CVX,252,0.44834790953782133
1985-08-23,XOM,CVX,252,0.44825463189380516
1985-08-26,XOM,CVX,252,0.4503585613906961
1985-08-27,XOM,CVX,252,0.4500359556247995
1985-08-28,XOM,CVX,252,0.44932167325646816
1985-08-29,XOM,CVX,252,0.4509359759874569
1985-08-30,XOM,CVX,252,0.4482900854095127
1985-09-03,XOM,CVX,252,0.44877337426853153
1985-09-04,XOM,CVX,252,0.4514494396328205
1985-09-05,XOM,CVX,252,0.45180268373209853
1985-09-06,XOM,CVX,252,0.4511660318390663
1985-09-09,XOM,CVX,252,0.4537686886091437
1985-09-10,XOM,CVX,252,0.45577173995222864
1985-09-11,XOM,CVX,252,0.45524741501235544
1985-09-12,XOM,CVX,252,0.4538108147810091
1985-09-13,XOM,CVX,252,0.4560131681851766
1985-09-16,XOM,CVX,252,0.45792703862243117
1985-09-17,XOM,CVX,252,0.4578398408451361
1985-09-18,XOM,CVX,252,0.45713239127424765
1985-09-19,XOM,CVX,252,0.4584331409413085
1985-09-20,XOM,CVX,252,0.44900219781019307
1985-09-23,XOM,CVX,252,0.4468231289781072
1985-09-24,XOM,CVX,252,0.44287806554381404
1985-09-25,XOM,CVX,252,0.44772436184823
1985-09-26,XOM,CVX,252,0.4566658664652532
1985-09-30,XOM,CVX,252,0.4612988682995005
1985-10-01,XOM,CVX,252,0.4715595647055583
1985-10-02,XOM,CVX,252,0.47261230224407186
1985-10-03,XOM,CVX,252,0.476124872559653
1985-10-04,XOM,CVX,252,0.47918596855598306
1985-10-07,XOM,CVX,252,0.4792715377587367
1985-10-08,XOM,CVX,252,0.47969261362455456
1985-10-09,XOM,CVX,252,0.47972737215018507
1985-10-10,XOM,CVX,252,0.4825013198619481
1985-10-11,XOM,CVX,252,0.48369253051584576
1985-10-14,XOM,CVX,252,0.4848472044773751
1985-10-15,XOM,CVX,252,0.48516698890101445
1985-10-16,XOM,CVX,252,0.483031514825445
1985-10-17,XOM,CVX,252,0.4623753040172608
1985-10-18,XOM,CVX,252,0.4658861904160375
1985-10-21,XOM,CVX,252,0.46900285137125347
1985-10-22,XOM,CVX,252,0.46891241103303916
1985-10-23,XOM,CVX,252,0.46839100588658766
1985-10-24,XOM,CVX,252,0.4652673356789213
1985-10-25,XOM,CVX,252,0.4641411189004071
1985-10-28,XOM,CVX,252,0.4660694541971339
1985-10-29,XOM,CVX,252,0.4673484228741793
1985-10-30,XOM,CVX,252,0.46258860603268825
1985-10-31,XOM,CVX,252,0.46058667556407373
1985-11-01,XOM,CVX,252,0.4555699590877555
1985-11-04,XOM,CVX,252,0.45657837841472065
1985-11-05,XOM,CVX,252,0.46571343760893336
1985-11-06,XOM,CVX,252,0.4656145143264156
1985-11-07,XOM,CVX,252,0.4651089213454497
1985-11-08,XOM,CVX,252,0.4669842657798161
1985-11-11,XOM,CVX,252,0.47070816142989674
1985-11-12,XOM,CVX,252,0.4707599779547581
1985-11-13,XOM,CVX,252,0.472971410759611
1985-11-14,XOM,CVX,252,0.47717555331246275
1985-11-15,XOM,CVX,252,0.4796861735904231
1985-11-18,XOM,CVX,252,0.4776182836007095
1985-11-19,XOM,CVX,252,0.47721318335257257
1985-11-20,XOM,CVX,252,0.4754494386660307
1985-11-21,XOM,CVX,252,0.47648405761084184
1985-11-22,XOM,CVX,252,0.4775952503841901
1985-11-25,XOM,CVX,252,0.471833607980177
1985-11-26,XOM,CVX,252,0.47220884165903076
1985-11-27,XOM,CVX,252,0.47476986921292813
1985-11-29,XOM,CVX,252,0.47908734877196624
1985-12-02,XOM,CVX,252,0.48459261624315014
1985-12-03,XOM,CVX,252,0.4899398149409742
1985-12-04,XOM,CVX,252,0.48573892006680386
1985-12-05,XOM,CVX,252,0.48231106070511925
1985-12-06,XOM,CVX,252,0.4828201059835335
1985-12-09,XOM,CVX,252,0.49637706859531017
1985-12-10,XOM,CVX,252,0.5198809883611412
1985-12-11,XOM,CVX,252,0.5183896554395986
1985-12-12,XOM,CVX,252,0.5213488625131858
1985-12-13,XOM,CVX,252,0.5245293372495452
1985-12-16,XOM,CVX,252,0.530771194264161
1985-12-17,XOM,CVX,252,0.5303947460726482
1985-12-18,XOM,CVX,252,0.5289120422147027
1985-12-19,XOM,CVX,252,0.5168433316106931
1985-12-20,XOM,CVX,252,0.519889950484538
1985-12-23,XOM,CVX,252,0.5231823017196333
1985-12-24,XOM,CVX,252,0.5196907054130104
1985-12-26,XOM,CVX,252,0.5208228712509783
1985-12-27,XOM,CVX,252,0.521064312757647
1985-12-30,XOM,CVX,252,0.5209402286914524
1985-12-31,XOM,CVX,252,0.5227190050738948
1986-01-02,XOM,CVX,252,0.5223275137771002
1986-01-03,XOM,CVX,252,0.5233338234001288
1986-01-06,XOM,CVX,252,0.5221443978182324
1986-01-07,XOM,CVX,252,0.5256619386150879
1986-01-08,XOM,CVX,252,0.5400337118028748
1986-01-09,XOM,CVX,252,0.537861500958528
1986-01-10,XOM,CVX,252,0.5360544111561262
1986-01-13,XOM,CVX,252,0.5367514456673176
1986-01-14,XOM,CVX,252,0.5328275033117482
1986-01-15,XOM,CVX,252,0.5316081957443233
1986-01-16,XOM,CVX,252,0.535360542585255
1986-01-17,XOM,CVX,252,0.5352958379444838
1986-01-20,XOM,CVX,252,0.5378576003125662
1986-01-21,XOM,CVX,252,0.5295024601757127
1986-01-22,XOM,CVX,252,0.5304678678313131
1986-01-23,XOM,CVX,252,0.5311141171293472
1986-01-24,XOM,CVX,252,0.5331064743114573
1986-01-27,XOM,CVX,252,0.5182390924306332
1986-01-28,XOM,CVX,252,0.517196480244424
1986-01-29,XOM,CVX,252,0.5103648335848803
1986-01-30,XOM,CVX,252,0.5012345110823919
1986-01-31,XOM,CVX,252,0.503986263660409
1986-02-03,XOM,CVX,252,0.5008277660702218
1986-02-04,XOM,CVX,252,0.5211010698847535
1986-02-05,XOM,CVX,252,0.5208828826056012
1986-02-06,XOM,CVX,252,0.5209612672639439
1986-02-07,XOM,CVX,252,0.5221924100146738
1986-02-10,XOM,CVX,252,0.5265941268916956
1986-02-11,XOM,CVX,252,0.5218962762824787
1986-02-12,XOM,CVX,252,0.5216525692668167
1986-02-13,XOM,CVX,252,0.5230357222308285
1986-02-14,XOM,CVX,252,0.5244547666868685
1986-02-18,XOM,CVX,252,0.5237340442783949
1986-02-19,XOM,CVX,252,0.5286883824353916
1986-02-20,XOM,CVX,252,0.5365282432376963
1986-02-21,XOM,CVX,252,0.5433253380656443
1986-02-24,XOM,CVX,252,0.5458348282566284
1986-02-25,XOM,CVX,252,0.5590849978878918
1986-02-26,XOM,CVX,252,0.5568321891333704
1986-02-27,XOM,CVX,252,0.5652760909667738
1986-02-28,XOM,CVX,252,0.5654026907928497
1986-03-03,XOM,CVX,252,0.5541287905970613
1986-03-04,XOM,CVX,252,0.5603398615720057
1986-03-05,XOM,CVX,252,0.5628200043396461
1986-03-06,XOM,CVX,252,0.5638095171922913
1986-03-07,XOM,CVX,252,0.5613828095425446
1986-03-10,XOM,CVX,252,0.5612354570784834
1986-03-11,XOM,CVX,252,0.5855849944789026
1986-03-12,XOM,CVX,252,0.5912326219677392
1986-03-13,XOM,CVX,252,0.5966313119136395
1986-03-14,XOM,CVX,252,0.5970455767586318
1986-03-17,XOM,CVX,252,0.5988104424495402
1986-03-18,XOM,CVX,252,0.6006469833579221
1986-03-19,XOM,CVX,252,0.5999789928875164
1986-03-20,XOM,CVX,252,0.6008526401987039
1986-03-21,XOM,CVX,252,0.603694796117536
1986-03-24,XOM,CVX,252,0.6025281613614198
1986-03-25,XOM,CVX,252,0.6018731728617539
1986-03-26,XOM,CVX,252,0.6048744776045459
1986-03-27,XOM,CVX,252,0.6072471390386762
1986-03-31,XOM,CVX,252,0.608691467339466
1986-04-01,XOM,CVX,252,0.6081118565254877
1986-04-02,XOM,CVX,252,0.6099682881419187
1986-04-03,XOM,CVX,252,0.6125508629648473
1986-04-04,XOM,CVX,252,0.6116107986991881
1986-04-07,XOM,CVX,252,0.6112482579687794
1986-04-08,XOM,CVX,252,0.6099841968401587
1986-04-09,XOM,CVX,252,0.6107131046192298
1986-04-10,XOM,CVX,252,0.612037239412577
1986-04-11,XOM,CVX,252,0.6107707114934796
1986-04-14,XOM,CVX,252,0.6110018510392796
1986-04-15,XOM,CVX,252,0.6087953625837995
1986-04-16,XOM,CVX,252,0.6085059587621295
1986-04-17,XOM,CVX,252,0.6019567426665547
1986-04-18,XOM,CVX,252,0.6028068439266978
1986-04-21,XOM,CVX,252,0.6067545069201203
1986-04-22,XOM,CVX,252,0.6121390596347294
1986-04-23,XOM,CVX,252,0.6144605301459283
1986-04-24,XOM,CVX,252,0.6234559765666813
1986-04-25,XOM,CVX,252,0.6176005680001939
1986-04-28,XOM,CVX,252,0.6142786911941391
1986-04-29,XOM,CVX,252,0.6182737490785698
1986-04-30,XOM,CVX,252,0.6193765048480635
1986-05-01,XOM,CVX,252,0.6223410683077589
1986-05-02,XOM,CVX,252,0.6266065843568868
1986-05-05,XOM,CVX,252,0.6272338107440163
1986-05-06,XOM,CVX,252,0.6281095083328593
1986-05-07,XOM,CVX,252,0.618840530337048
1986-05-08,XOM,CVX,252,0.6169347946807978
1986-05-09,XOM,CVX,252,0.6137676301863866
1986-05-12,XOM,CVX,252,0.6139131931747742
1986-05-13,XOM,CVX,252,0.6144122173218102
1986-05-14,XOM,CVX,252,0.6153869045980936
1986-05-15,XOM,CVX,252,0.6187792125133955
1986-05-16,XOM,CVX,252,0.6213345441281868
1986-05-19,XOM,CVX,252,0.6234407398074262
1986-05-20,XOM,CVX,252,0.6232569234611594
1986-05-21,XOM,CVX,252,0.621726245408166
1986-05-22,XOM,CVX,252,0.6230456557382363
1986-05-23,XOM,CVX,252,0.6199254055294393
1986-05-27,XOM,CVX,252,0.6268572771502806
1986-05-28,XOM,CVX,252,0.6258827117343467
1986-05-29,XOM,CVX,252,0.6257757122718923
1986-05-30,XOM,CVX,252,0.6260271406733504
1986-06-02,XOM,CVX,252,0.6246236276365864
1986-06-03,XOM,CVX,252,0.6275183670266762
1986-06-04,XOM,CVX,252,0.6295452986796948
1986-06-05,XOM,CVX,252,0.6345939632931829
1986-06-06,XOM,CVX,252,0.634501656631899
1986-06-09,XOM,CVX,252,0.637780017068899
1986-06-10,XOM,CVX,252,0.6411858449463077
1986-06-11,XOM,CVX,252,0.6410472812745567
1986-06-12,XOM,CVX,252,0.6399870787984323
1986-06-13,XOM,CVX,252,0.6399733523113303
1986-06-16,XOM,CVX,252,0.6391002174021354
1986-06-17,XOM,CVX,252,0.6417161356235244
1986-06-18,XOM,CVX,252,0.6428677853520318
1986-06-19,XOM,CVX,252,0.6417361871440502
1986-06-20,XOM,CVX,252,0.641552383354116
1986-06-23,XOM,CVX,252,0.6399169389290577
1986-06-24,XOM,CVX,252,0.6394442125152201
1986-06-25,XOM,CVX,252,0.6389369905710789
1986-06-26,XOM,CVX,252,0.6391764314368362
1986-06-27,XOM,CVX,252,0.6356235926545507
1986-06-30,XOM,CVX,252,0.6357542774517725
1986-07-01,XOM,CVX,252,0.6371076162332548
1986-07-02,XOM,CVX,252,0.6388513035097934
1986-07-03,XOM,CVX,252,0.6384648979645439
1986-07-07,XOM,CVX,252,0.6454631629616143
1986-07-08,XOM,CVX,252,0.6458136062068723
1986-07-09,XOM,CVX,252,0.639287093354652
1986-07-10,XOM,CVX,252,0.6396045196879848
1986-07-11,XOM,CVX,252,0.6391694007604466
1986-07-14,XOM,CVX,252,0.6414180101969473
1986-07-15,XOM,CVX,252,0.6435650248243492
1986-07-16,XOM,CVX,252,0.6460548325367529
1986-07-17,XOM,CVX,252,0.6438164563627631
1986-07-18,XOM,CVX,252,0.6434080050053457
1986-07-21,XOM,CVX,252,0.6435141860216165
1986-07-22,XOM,CVX,252,0.6413965230698034
1986-07-23,XOM,CVX,252,0.6411102754760786
1986-07-24,XOM,CVX,252,0.6340947919651089
1986-07-25,XOM,CVX,252,0.6340420795817919
1986-07-28,XOM,CVX,252,0.637968520647069
1986-07-29,XOM,CVX,252,0.6387084673361356
1986-07-30,XOM,CVX,252,0.6521783042525547
1986-07-31,XOM,CVX,252,0.6544870318765273
1986-08-01,XOM,CVX,252,0.6510493527292374
1986-08-04,XOM,CVX,252,0.659538909627459
1986-08-05,XOM,CVX,252,0.6665097700480487
1986-08-06,XOM,CVX,252,0.6655991241285579
1986-08-07,XOM,CVX,252,0.6637472177397349
1986-08-08,XOM,CVX,252,0.6631533487865545
1986-08-11,XOM,CVX,252,0.663559788629942
1986-08-12,XOM,CVX,252,0.6640956675281918
1986-08-13,XOM,CVX,252,0.6651120869499915
1986-08-14,XOM,CVX,252,0.6649886417322014
1986-08-15,XOM,CVX,252,0.6671843259400472
1986-08-18,XOM,CVX,252,0.6699451237674948
1986-08-19,XOM,CVX,252,0.6708601041406218
1986-08-20,XOM,CVX,252,0.6718132575241238
1986-08-21,XOM,CVX,252,0.6727952368618878
1986-08-22,XOM,CVX,252,0.672056928522806
1986-08-25,XOM,CVX,252,0.6721625589985749
1986-08-26,XOM,CVX,252,0.6805882024923496
1986-08-27,XOM,CVX,252,0.6820770928590364
1986-08-28,XOM,CVX,252,0.6824335220355114
1986-08-29,XOM,CVX,252,0.6811444421951723
1986-09-02,XOM,CVX,252,0.6806535065449099
1986-09-03,XOM,CVX,252,0.6823445367485136
1986-09-04,XOM,CVX,252,0.6854265884386476
1986-09-05,XOM,CVX,252,0.6840025892116599
1986-09-08,XOM,CVX,252,0.6847723699606892
1986-09-09,XOM,CVX,252,0.6858143622858385
1986-09-10,XOM,CVX,252,0.6860201999503716
1986-09-11,XOM,CVX,252,0.696713530853762
1986-09-12,XOM,CVX,252,0.6969209990672773
1986-09-15,XOM,CVX,252,0.695503130730873
1986-09-16,XOM,CVX,252,0.6955001151003232
1986-09-17,XOM,CVX,252,0.6970929716901266
1986-09-18,XOM,CVX,252,0.6958902410909947
1986-09-19,XOM,CVX,252,0.6890854447944276
1986-09-22,XOM,CVX,252,0.6900244523500434
1986-09-23,XOM,CVX,252,0.6909003916903091
1986-09-24,XOM,CVX,252,0.6886450192833504
1986-09-25,XOM,CVX,252,0.6852946575202868
1986-09-26,XOM,CVX,252,0.6829001396352299
1986-09-29,XOM,CVX,252,0.6826060908303572
1986-09-30,XOM,CVX,252,0.6810039831056274
1986-10-01,XOM,CVX,252,0.680986374460223
1986-10-02,XOM,CVX,252,0.6808911080049715
1986-10-03,XOM,CVX,252,0.6798711109642493
1986-10-06,XOM,CVX,252,0.6790670702115145
1986-10-07,XOM,CVX,252,0.6791568282486694
1986-10-08,XOM,CVX,252,0.6785392122887528
1986-10-09,XOM,CVX,252,0.6785044771652556
1986-10-10,XOM,CVX,252,0.6788515753691005
1986-10-13,XOM,CVX,252,0.6785913601553133
1986-10-14,XOM,CVX,252,0.6798678449828625
1986-10-15,XOM,CVX,252,0.6811725033259496
1986-10-16,XOM,CVX,252,0.6837904359045349
1986-10-17,XOM,CVX,252,0.6818372660463363
1986-10-20,XOM,CVX,252,0.6829567790086442
1986-10-21,XOM,CVX,252,0.6825671631434682
1986-10-22,XOM,CVX,252,0.6821612889519534
1986-10-23,XOM,CVX,252,0.6825137686384335
1986-10-24,XOM,CVX,252,0.682601289843404
1986-10-27,XOM,CVX,252,0.6817757439314568
1986-10-28,XOM,CVX,252,0.6820732656089727
1986-10-29,XOM,CVX,252,0.6823579016545687
1986-10-30,XOM,CVX,252,0.6889280852703215
1986-10-31,XOM,CVX,252,0.6905248775354467
1986-11-03,XOM,CVX,252,0.6771858902336108
1986-11-04,XOM,CVX,252,0.6764060117149301
1986-11-05,XOM,CVX,252,0.671736754670784
1986-11-06,XOM,CVX,252,0.6724570415517493
1986-11-07,XOM,CVX,252,0.6704575169905342
1986-11-10,XOM,CVX,252,0.6669745826183673
1986-11-11,XOM,CVX,252,0.6675403289468276
1986-11-12,XOM,CVX,252,0.6656728869403663
1986-11-13,XOM,CVX,252,0.6635729577926819
1986-11-14,XOM,CVX,252,0.6619115378806405
1986-11-17,XOM,CVX,252,0.6620765664642788
1986-11-18,XOM,CVX,252,0.6671867393073617
1986-11-19,XOM,CVX,252,0.6672563817368939
1986-11-20,XOM,CVX,252,0.6684029529418997
1986-11-21,XOM,CVX,252,0.6683380265046904
1986-11-24,XOM,CVX,252,0.6686136027501346
1986-11-25,XOM,CVX,252,0.6687302538593897
1986-11-26,XOM,CVX,252,0.6688719598816961
1986-11-28,XOM,CVX,252,0.665646065364155
1986-12-01,XOM,CVX,252,0.6631943029101861
1986-12-02,XOM,CVX,252,0.6642596732873106
1986-12-03,XOM,CVX,252,0.6715215828627611
1986-12-04,XOM,CVX,252,0.6754306323339497
1986-12-05,XOM,CVX,252,0.674880036641732
1986-12-08,XOM,CVX,252,0.6708823160259766
1986-12-09,XOM,CVX,252,0.6562707935803198
1986-12-10,XOM,CVX,252,0.658333618876593
1986-12-11,XOM,CVX,252,0.6556007504745496
1986-12-12,XOM,CVX,252,0.6541986547105513
1986-12-15,XOM,CVX,252,0.6516874213762541
1986-12-16,XOM,CVX,252,0.6513799225644429
1986-12-17,XOM,CVX,252,0.654093112807689
1986-12-18,XOM,CVX,252,0.6542111264846825
1986-12-19,XOM,CVX,252,0.6514536812673295
1986-12-22,XOM,CVX,252,0.6492658938030871
1986-12-23,XOM,CVX,252,0.6465649513968197
1986-12-24,XOM,CVX,252,0.6459758920992964
1986-12-26,XOM,CVX,252,0.6462024232500652
1986-12-29,XOM,CVX,252,0.644666861094068
1986-12-30,XOM,CVX,252,0.6427626302727519
1986-12-31,XOM,CVX,252,0.6407757806665367
1987-01-02,XOM,CVX,252,0.6409941180484114
1987-01-05,XOM,CVX,252,0.643062914741542
1987-01-06,XOM,CVX,252,0.6421724515763557
1987-01-07,XOM,CVX,252,0.6322297675525155
1987-01-08,XOM,CVX,252,0.631707718890331
1987-01-09,XOM,CVX,252,0.6323145128987359
1987-01-12,XOM,CVX,252,0.6353558580415463
1987-01-13,XOM,CVX,252,0.6353825685497678
1987-01-14,XOM,CVX,252,0.6375813568303331
1987-01-15,XOM,CVX,252,0.6339077203274437
1987-01-16,XOM,CVX,252,0.6329622180915405
1987-01-19,XOM,CVX,252,0.6318120826956796
1987-01-20,XOM,CVX,252,0.6276294716600518
1987-01-21,XOM,CVX,252,0.6292103650119921
1987-01-22,XOM,CVX,252,0.6316478023034795
1987-01-23,XOM,CVX,252,0.6320447510781183
1987-01-26,XOM,CVX,252,0.6386018476408141
1987-01-27,XOM,CVX,252,0.640382638634479
1987-01-28,XOM,CVX,252,0.6399148660241142
1987-01-29,XOM,CVX,252,0.6432148619407728
1987-01-30,XOM,CVX,252,0.6415368896087139
1987-02-02,XOM,CVX,252,0.6433632511859688
1987-02-03,XOM,CVX,252,0.6296153304189043
1987-02-04,XOM,CVX,252,0.6247886737796308
1987-02-05,XOM,CVX,252,0.6254465889510681
1987-02-06,XOM,CVX,252,0.6252052071844928
1987-02-09,XOM,CVX,252,0.6242582616743367
1987-02-10,XOM,CVX,252,0.6273662277570651
1987-02-11,XOM,CVX,252,0.6272768569772451
1987-02-12,XOM,CVX,252,0.6273541421830623
1987-02-13,XOM,CVX,252,0.6250991212592487
1987-02-17,XOM,CVX,252,0.6270040309745529
1987-02-18,XOM,CVX,252,0.6175127723101362
1987-02-19,XOM,CVX,252,0.6212882241660515
1987-02-20,XOM,CVX,252,0.6188900627474245
1987-02-23,XOM,CVX,252,0.6180957209827806
1987-02-24,XOM,CVX,252,0.616800083612295
1987-02-25,XOM,CVX,252,0.615766941309303
1987-02-26,XOM,CVX,252,0.6085885473996518
1987-02-27,XOM,CVX,252,0.6086869565784642
1987-03-02,XOM,CVX,252,0.6142070105976271
1987-03-03,XOM,CVX,252,0.619230630561021
1987-03-04,XOM,CVX,252,0.6175450352463965
1987-03-05,XOM,CVX,252,0.617143519071867
1987-03-06,XOM,CVX,252,0.6176261996445305
1987-03-09,XOM,CVX,252,0.6183490398705186
1987-03-10,XOM,CVX,252,0.6069316941502597
1987-03-11,XOM,CVX,252,0.6038925949762765
1987-03-12,XOM,CVX,252,0.6011700143402818
1987-03-13,XOM,CVX,252,0.6005741896406297
1987-03-16,XOM,CVX,252,0.5944256041102586
1987-03-17,XOM,CVX,252,0.5999174179333743
1987-03-18,XOM,CVX,252,0.6013489690138675
1987-03-19,XOM,CVX,252,0.6007890011399621
1987-03-20,XOM,CVX,252,0.6007889808962581
1987-03-23,XOM,CVX,252,0.6035120242358747
1987-03-24,XOM,CVX,252,0.603470558131514
1987-03-25,XOM,CVX,252,0.6038354759151946
1987-03-26,XOM,CVX,252,0.6038511403635425
1987-03-27,XOM,CVX,252,0.6054429123762908
1987-03-30,XOM,CVX,252,0.6087813967009741
1987-03-31,XOM,CVX,252,0.6080518089587891
1987-04-01,XOM,CVX,252,0.6128771926867047
1987-04-02,XOM,CVX,252,0.6125073248314908
1987-04-03,XOM,CVX,252,0.6150633131372255
1987-04-06,XOM,CVX,252,0.6164102887383665
1987-04-07,XOM,CVX,252,0.6171893440782465
1987-04-08,XOM,CVX,252,0.6153798844784275
1987-04-09,XOM,CVX,252,0.6135568448176133
1987-04-10,XOM,CVX,252,0.6155302238820963
1987-04-13,XOM,CVX,252,0.6187402643341322
1987-04-14,XOM,CVX,252,0.6201378397087776
1987-04-15,XOM,CVX,252,0.6298621177495928
1987-04-16,XOM,CVX,252,0.6301564095427621
1987-04-20,XOM,CVX,252,0.6262869685641428
1987-04-21,XOM,CVX,252,0.6341755313918328
1987-04-22,XOM,CVX,252,0.6413010614833855
1987-04-23,XOM,CVX,252,0.634679873189886
1987-04-24,XOM,CVX,252,0.6429404587368848
1987-04-27,XOM,CVX,252,0.6434816532643108
1987-04-28,XOM,CVX,252,0.636703503766153
1987-04-29,XOM,CVX,252,0.6362481913610069
1987-04-30,XOM,CVX,252,0.6380824016108932
1987-05-01,XOM,CVX,252,0.6361957780237009
1987-05-04,XOM,CVX,252,0.6373600040637677
1987-05-05,XOM,CVX,252,0.6356555177738682
1987-05-06,XOM,CVX,252,0.638576658199361
1987-05-07,XOM,CVX,252,0.630505671987477
1987-05-08,XOM,CVX,252,0.6333133819633493
1987-05-11,XOM,CVX,252,0.6258036843864523
1987-05-12,XOM,CVX,252,0.622006205820781
1987-05-13,XOM,CVX,252,0.6221348447505508
1987-05-14,XOM,CVX,252,0.6191781180814554
1987-05-15,XOM,CVX,252,0.6284385659900773
1987-05-18,XOM,CVX,252,0.6290890805618699
1987-05-19,XOM,CVX,252,0.6324270615353241
1987-05-20,XOM,CVX,252,0.6322777972535463
1987-05-21,XOM,CVX,252,0.6314634789254846
1987-05-22,XOM,CVX,252,0.6338446959918225
1987-05-26,XOM,CVX,252,0.6355318121828785
1987-05-27,XOM,CVX,252,0.6353887334665828
1987-05-28,XOM,CVX,252,0.6355246471646532
1987-05-29,XOM,CVX,252,0.6327889845654344
1987-06-01,XOM,CVX,252,0.6341324454249844
1987-06-02,XOM,CVX,252,0.6334817981877648
1987-06-03,XOM,CVX,252,0.6323036876231811
1987-06-04,XOM,CVX,252,0.6328351975832048
1987-06-05,XOM,CVX,252,0.6336663486113214
1987-06-08,XOM,CVX,252,0.6354633437214654
1987-06-09,XOM,CVX,252,0.6356993689543613
1987-06-10,XOM,CVX,252,0.6353978177401816
1987-06-11,XOM,CVX,252,0.6354985108637227
1987-06-12,XOM,CVX,252,0.6350283990257913
1987-06-15,XOM,CVX,252,0.6348371736028753
1987-06-16,XOM,CVX,252,0.6329145979655353
1987-06-17,XOM,CVX,252,0.6334678115876937
1987-06-18,XOM,CVX,252,0.6336886886768459
1987-06-19,XOM,CVX,252,0.6340723215247343
1987-06-22,XOM,CVX,252,0.6318793502929685
1987-06-23,XOM,CVX,252,0.6321008378056915
1987-06-24,XOM,CVX,252,0.632239952692142
1987-06-25,XOM,CVX,252,0.6323166652330122
1987-06-26,XOM,CVX,252,0.6351025807515939
1987-06-29,XOM,CVX,252,0.6378949073121621
1987-06-30,XOM,CVX,252,0.6386877689994886
1987-07-01,XOM,CVX,252,0.6403667179549558
1987-07-02,XOM,CVX,252,0.6410737198271997
1987-07-06,XOM,CVX,252,0.6383289943266922
1987-07-07,XOM,CVX,252,0.6398002503518992
1987-07-08,XOM,CVX,252,0.6437672602479839
1987-07-09,XOM,CVX,252,0.6434092483028471
1987-07-10,XOM,CVX,252,0.6425805233998415
1987-07-13,XOM,CVX,252,0.6396033297078553
1987-07-14,XOM,CVX,252,0.6382843565910017
1987-07-15,XOM,CVX,252,0.6377370563013944
1987-07-16,XOM,CVX,252,0.6393134002589885
1987-07-17,XOM,CVX,252,0.6400178444949809
1987-07-20,XOM,CVX,252,0.639912485165986
1987-07-21,XOM,CVX,252,0.6423552817467197
1987-07-22,XOM,CVX,252,0.6428430656108439
1987-07-23,XOM,CVX,252,0.6427083590833712
1987-07-24,XOM,CVX,252,0.6434519127196322
1987-07-27,XOM,CVX,252,0.6417563205829445
1987-07-28,XOM,CVX,252,0.6404535761499766
1987-07-29,XOM,CVX,252,0.6335615321776215
1987-07-30,XOM,CVX,252,0.6283370893338133
1987-07-31,XOM,CVX,252,0.630270160668063
1987-08-03,XOM,CVX,252,0.6299470341644005
1987-08-04,XOM,CVX,252,0.6233111933868813
1987-08-05,XOM,CVX,252,0.6235359740854086
1987-08-06,XOM,CVX,252,0.6311680558330759
1987-08-07,XOM,CVX,252,0.6305431674278216
1987-08-10,XOM,CVX,252,0.6246402734156747
1987-08-11,XOM,CVX,252,0.622293560653156
1987-08-12,XOM,CVX,252,0.619467808389456
1987-08-13,XOM,CVX,252,0.6214350573434896
1987-08-14,XOM,CVX,252,0.6158197834661041
1987-08-17,XOM,CVX,252,0.6133036904453038
1987-08-18,XOM,CVX,252,0.610439821218852
1987-08-19,XOM,CVX,252,0.6100737599726922
1987-08-20,XOM,CVX,252,0.6112182851105094
1987-08-21,XOM,CVX,252,0.6113081757076215
1987-08-24,XOM,CVX,252,0.6131471744821441
1987-08-25,XOM,CVX,252,0.602751314792101
1987-08-26,XOM,CVX,252,0.5989758120495079
1987-08-27,XOM,CVX,252,0.5987064724628213
1987-08-28,XOM,CVX,252,0.5983089400725953
1987-08-31,XOM,CVX,252,0.601001539298116
1987-09-01,XOM,CVX,252,0.602446872389255
1987-09-02,XOM,CVX,252,0.5992031726780213
1987-09-03,XOM,CVX,252,0.6002424153660669
1987-09-04,XOM,CVX,252,0.6005388374723385
1987-09-08,XOM,CVX,252,0.5978828000121726
1987-09-09,XOM,CVX,252,0.5954497106980899
1987-09-10,XOM,CVX,252,0.5788618112356751
1987-09-11,XOM,CVX,252,0.5775498659228354
1987-09-14,XOM,CVX,252,0.5784488225003055
1987-09-15,XOM,CVX,252,0.5784526288371271
1987-09-16,XOM,CVX,252,0.5799420643855575
1987-09-17,XOM,CVX,252,0.5831869482448704
1987-09-18,XOM,CVX,252,0.5898052521484602
1987-09-21,XOM,CVX,252,0.586762625533494
1987-09-22,XOM,CVX,252,0.6196394191567891
1987-09-23,XOM,CVX,252,0.6211266045978064
1987-09-24,XOM,CVX,252,0.621784758259231
1987-09-25,XOM,CVX,252,0.6196018472695507
1987-09-28,XOM,CVX,252,0.620094251776976
1987-09-29,XOM,CVX,252,0.617539480464451
1987-09-30,XOM,CVX,252,0.615521208284145
1987-10-01,XOM,CVX,252,0.6191502540682053
1987-10-02,XOM,CVX,252,0.6190083518023344
1987-10-05,XOM,CVX,252,0.6214563452958838
1987-10-06,XOM,CVX,252,0.6296989453909965
1987-10-07,XOM,CVX,252,0.6316331515472257
1987-10-08,XOM,CVX,252,0.6339462434031514
1987-10-09,XOM,CVX,252,0.6267414716605944
1987-10-12,XOM,CVX,252,0.6271676105114989
1987-10-13,XOM,CVX,252,0.6265286044670797
1987-10-14,XOM,CVX,252,0.6317900771873319
1987-10-15,XOM,CVX,252,0.6286483421098263
1987-10-16,XOM,CVX,252,0.6069884109985284
1987-10-19,XOM,CVX,252,0.7484486997772145
1987-10-20,XOM,CVX,252,0.7594398910606044
1987-10-21,XOM,CVX,252,0.7388659363358966
1987-10-22,XOM,CVX,252,0.7388408900315654
1987-10-23,XOM,CVX,252,0.7265971681419501
1987-10-26,XOM,CVX,252,0.7404358307614656
1987-10-27,XOM,CVX,252,0.7440559528392672
1987-10-28,XOM,CVX,252,0.724905900042864
1987-10-29,XOM,CVX,252,0.723776056298432
1987-10-30,XOM,CVX,252,0.7260373212014424
1987-11-02,XOM,CVX,252,0.7311281152435378
1987-11-03,XOM,CVX,252,0.7301096205542412
1987-11-04,XOM,CVX,252,0.7308450591833574
1987-11-05,XOM,CVX,252,0.7307387263219817
1987-11-06,XOM,CVX,252,0.7311519887343755
1987-11-09,XOM,CVX,252,0.7302201816262713
1987-11-10,XOM,CVX,252,0.7300684577256075
1987-11-11,XOM,CVX,252,0.7298628841046426
1987-11-12,XOM,CVX,252,0.7309392059001777
1987-11-13,XOM,CVX,252,0.7311777828848937
1987-11-16,XOM,CVX,252,0.7301213286231892
1987-11-17,XOM,CVX,252,0.7284212877941388
1987-11-18,XOM,CVX,252,0.7268974298547228
1987-11-19,XOM,CVX,252,0.7285385636152709
1987-11-20,XOM,CVX,252,0.7269367052625926
1987-11-23,XOM,CVX,252,0.7247466930644149
1987-11-24,XOM,CVX,252,0.7247068452870462
1987-11-25,XOM,CVX,252,0.7263887812063006
1987-11-27,XOM,CVX,252,0.727707793869946
1987-11-30,XOM,CVX,252,0.7332502279561528
1987-12-01,XOM,CVX,252,0.7326730668534834
1987-12-02,XOM,CVX,252,0.7315360608743097
1987-12-03,XOM,CVX,252,0.7288364747235574
1987-12-04,XOM,CVX,252,0.7289752154450932
1987-12-07,XOM,CVX,252,0.7291772232572099
1987-12-08,XOM,CVX,252,0.7335161822245021
1987-12-09,XOM,CVX,252,0.7337933335219681
1987-12-10,XOM,CVX,252,0.7367179419232247
1987-12-11,XOM,CVX,252,0.737528528267628
1987-12-14,XOM,CVX,252,0.7385070993067671
1987-12-15,XOM,CVX,252,0.7389220155796531
1987-12-16,XOM,CVX,252,0.7394558610114973
1987-12-17,XOM,CVX,252,0.7406991541850657
1987-12-18,XOM,CVX,252,0.7426912305484898
1987-12-21,XOM,CVX,252,0.7431003340467334
1987-12-22,XOM,CVX,252,0.7442603016813808
1987-12-23,XOM,CVX,252,0.7435630677725392
1987-12-24,XOM,CVX,252,0.7432424519309352
1987-12-28,XOM,CVX,252,0.7458756150428203
1987-12-29,XOM,CVX,252,0.7458226831598381
1987-12-30,XOM,CVX,252,0.746080061358832
1987-12-31,XOM,CVX,252,0.7455713484595841
1988-01-04,XOM,CVX,252,0.7493385113655546
1988-01-05,XOM,CVX,252,0.7491961691598037
1988-01-06,XOM,CVX,252,0.7482972005383927
1988-01-07,XOM,CVX,252,0.7501898695266147
1988-01-08,XOM,CVX,252,0.7571078226456386
1988-01-11,XOM,CVX,252,0.7539401029513366
1988-01-12,XOM,CVX,252,0.7520202073904866
1988-01-13,XOM,CVX,252,0.7520194855554904
1988-01-14,XOM,CVX,252,0.749476581424764
1988-01-15,XOM,CVX,252,0.7478841115696033
1988-01-18,XOM,CVX,252,0.746987754989241
1988-01-19,XOM,CVX,252,0.7463575549543744
1988-01-20,XOM,CVX,252,0.7483019409603936
1988-01-21,XOM,CVX,252,0.747691587938879
1988-01-22,XOM,CVX,252,0.7493498473752737
1988-01-25,XOM,CVX,252,0.7497542952447122
1988-01-26,XOM,CVX,252,0.749791285218227
1988-01-27,XOM,CVX,252,0.7495190205914756
1988-01-28,XOM,CVX,252,0.7489674654063304
1988-01-29,XOM,CVX,252,0.7502362572782144
1988-02-01,XOM,CVX,252,0.7511673376747698
1988-02-02,XOM,CVX,252,0.7514939399748336
1988-02-03,XOM,CVX,252,0.7558979993625818
1988-02-04,XOM,CVX,252,0.7559069088991615
1988-02-05,XOM,CVX,252,0.7551130594179045
1988-02-08,XOM,CVX,252,0.7560994727075246
1988-02-09,XOM,CVX,252,0.7571580307307776
1988-02-10,XOM,CVX,252,0.7580291788509883
1988-02-11,XOM,CVX,252,0.7563854080901656
1988-02-12,XOM,CVX,252,0.7573470154964944
1988-02-16,XOM,CVX,252,0.757691729897553
1988-02-17,XOM,CVX,252,0.7596159505690956
1988-02-18,XOM,CVX,252,0.7589387107469936
1988-02-19,XOM,CVX,252,0.7583544726537753
1988-02-22,XOM,CVX,252,0.7575873656900176
1988-02-23,XOM,CVX,252,0.7572817982596836
1988-02-24,XOM,CVX,252,0.7582917361206466
1988-02-25,XOM,CVX,252,0.7593315130232441
1988-02-26,XOM,CVX,252,0.7591166044337686
1988-02-29,XOM,CVX,252,0.7606279753802728
1988-03-01,XOM,CVX,252,0.7607845805468806
1988-03-02,XOM,CVX,252,0.7607776167813799
1988-03-03,XOM,CVX,252,0.7604821066146809
1988-03-04,XOM,CVX,252,0.7609956518276856
1988-03-07,XOM,CVX,252,0.7607510142842653
1988-03-08,XOM,CVX,252,0.7605023108029434
1988-03-09,XOM,CVX,252,0.7608702469121793
1988-03-10,XOM,CVX,252,0.7606956901814798
1988-03-11,XOM,CVX,252,0.7610834758027774
1988-03-14,XOM,CVX,252,0.7628732943732526
1988-03-15,XOM,CVX,252,0.7619079274690955
1988-03-16,XOM,CVX,252,0.7623194808765669
1988-03-17,XOM,CVX,252,0.7624658311478915
1988-03-18,XOM,CVX,252,0.7623799066467476
1988-03-21,XOM,CVX,252,0.7615724690362851
1988-03-22,XOM,CVX,252,0.7614308791154777
1988-03-23,XOM,CVX,252,0.7611140214377644
1988-03-24,XOM,CVX,252,0.7622889084799609
1988-03-25,XOM,CVX,252,0.7631386207303444
1988-03-28,XOM,CVX,252,0.7612346766995318
1988-03-29,XOM,CVX,252,0.7598647913986718
1988-03-30,XOM,CVX,252,0.7554508055665327
1988-03-31,XOM,CVX,252,0.7555381336757823
1988-04-04,XOM,CVX,252,0.7557912213736603
1988-04-05,XOM,CVX,252,0.7555564279392549
1988-04-06,XOM,CVX,252,0.758350764670203
1988-04-07,XOM,CVX,252,0.7588334818640712
1988-04-08,XOM,CVX,252,0.7599766602060419
1988-04-11,XOM,CVX,252,0.7598919588826022
1988-04-12,XOM,CVX,252,0.7595342981724834
1988-04-13,XOM,CVX,252,0.7595190995970125
1988-04-14,XOM,CVX,252,0.7631353875972404
1988-04-15,XOM,CVX,252,0.7628827028085894
1988-04-18,XOM,CVX,252,0.7632513046312599
1988-04-19,XOM,CVX,252,0.7634155743202246
1988-04-20,XOM,CVX,252,0.7624730076899736
1988-04-21,XOM,CVX,252,0.7638271224429285
1988-04-22,XOM,CVX,252,0.7642360224743654
1988-04-25,XOM,CVX,252,0.7645360304731675
1988-04-26,XOM,CVX,252,0.7667225286007673
1988-04-27,XOM,CVX,252,0.7663931411020397
1988-04-28,XOM,CVX,252,0.765730199590335
1988-04-29,XOM,CVX,252,0.7659710698112188
1988-05-02,XOM,CVX,252,0.7659522454941524
1988-05-03,XOM,CVX,252,0.7663615999660429
1988-05-04,XOM,CVX,252,0.7682095005053574
1988-05-05,XOM,CVX,252,0.769680701610483
1988-05-06,XOM,CVX,252,0.7697169628253843
1988-05-09,XOM,CVX,252,0.7719241309039842
1988-05-10,XOM,CVX,252,0.7726734596559984
1988-05-11,XOM,CVX,252,0.7726909802982701
1988-05-12,XOM,CVX,252,0.7726886592295903
1988-05-13,XOM,CVX,252,0.7706092273452209
1988-05-16,XOM,CVX,252,0.7693825243427244
1988-05-17,XOM,CVX,252,0.7692071266484732
1988-05-18,XOM,CVX,252,0.7699845144165212
1988-05-19,XOM,CVX,252,0.7700211905565656
1988-05-20,XOM,CVX,252,0.7699099590793829
1988-05-23,XOM,CVX,252,0.7693807357357543
1988-05-24,XOM,CVX,252,0.7693246958634465
1988-05-25,XOM,CVX,252,0.7691933650475713
1988-05-26,XOM,CVX,252,0.7696857863063203
1988-05-27,XOM,CVX,252,0.7700822061193638
1988-05-31,XOM,CVX,252,0.7717397751040184
1988-06-01,XOM,CVX,252,0.7710290166156213
1988-06-02,XOM,CVX,252,0.7706343580076074
1988-06-03,XOM,CVX,252,0.7703161581483119
1988-06-06,XOM,CVX,252,0.770148653698934
1988-06-07,XOM,CVX,252,0.7702151946377903
1988-06-08,XOM,CVX,252,0.7711724747127423
1988-06-09,XOM,CVX,252,0.7713122677008738
1988-06-10,XOM,CVX,252,0.7715180723251142
1988-06-13,XOM,CVX,252,0.7710608233856019
1988-06-14,XOM,CVX,252,0.7717646051867377
1988-06-15,XOM,CVX,252,0.7718658312205359
1988-06-16,XOM,CVX,252,0.7720993822234868
1988-06-17,XOM,CVX,252,0.772006543417848
1988-06-20,XOM,CVX,252,0.772334479517056
1988-06-21,XOM,CVX,252,0.7722253779113231
1988-06-22,XOM,CVX,252,0.772111257671962
1988-06-23,XOM,CVX,252,0.7715665724150566
1988-06-24,XOM,CVX,252,0.7711286413547422
1988-06-27,XOM,CVX,252,0.7716326951508147
1988-06-28,XOM,CVX,252,0.7718843569119915
1988-06-29,XOM,CVX,252,0.7718867249887995
1988-06-30,XOM,CVX,252,0.7712805082547638
1988-07-01,XOM,CVX,252,0.7709033253586927
1988-07-05,XOM,CVX,252,0.7710294870733853
1988-07-06,XOM,CVX,252,0.770224415050939
1988-07-07,XOM,CVX,252,0.7702421040549908
1988-07-08,XOM,CVX,252,0.7703241570003712
1988-07-11,XOM,CVX,252,0.7683177583119444
1988-07-12,XOM,CVX,252,0.7682958432331591
1988-07-13,XOM,CVX,252,0.7684635623766126
1988-07-14,XOM,CVX,252,0.7683901716018721
1988-07-15,XOM,CVX,252,0.7687221855132379
1988-07-18,XOM,CVX,252,0.7679729765165647
1988-07-19,XOM,CVX,252,0.7688214930847297
1988-07-20,XOM,CVX,252,0.7685385864473258
1988-07-21,XOM,CVX,252,0.769342661347915
1988-07-22,XOM,CVX,252,0.7695672504187434
1988-07-25,XOM,CVX,252,0.768785791091074
1988-07-26,XOM,CVX,252,0.7695948521326935
1988-07-27,XOM,CVX,252,0.7686343000359236
1988-07-28,XOM,CVX,252,0.770087622795246
1988-07-29,XOM,CVX,252,0.7704255239545531
1988-08-01,XOM,CVX,252,0.7695405259291416
1988-08-02,XOM,CVX,252,0.7708276775747361
1988-08-03,XOM,CVX,252,0.7708896312685569
1988-08-04,XOM,CVX,252,0.7708899502261328
1988-08-05,XOM,CVX,252,0.7710100864148601
1988-08-08,XOM,CVX,252,0.7721021955710213
1988-08-09,XOM,CVX,252,0.7725600895861773
1988-08-10,XOM,CVX,252,0.773121500721554
1988-08-11,XOM,CVX,252,0.7744813724624048
1988-08-12,XOM,CVX,252,0.7752506659183868
1988-08-15,XOM,CVX,252,0.7759207407441
1988-08-16,XOM,CVX,252,0.7756949988559217
1988-08-17,XOM,CVX,252,0.7749595623396701
1988-08-18,XOM,CVX,252,0.7747188165963891
1988-08-19,XOM,CVX,252,0.7746038765410543
1988-08-22,XOM,CVX,252,0.7746959546381408
1988-08-23,XOM,CVX,252,0.7747031665003192
1988-08-24,XOM,CVX,252,0.7757033491193055
1988-08-25,XOM,CVX,252,0.7757595002971407
1988-08-26,XOM,CVX,252,0.7766398280438078
1988-08-29,XOM,CVX,252,0.7766347057371057
1988-08-30,XOM,CVX,252,0.7761083925020735
1988-08-31,XOM,CVX,252,0.7760596981179975
1988-09-01,XOM,CVX,252,0.7763033856358923
1988-09-02,XOM,CVX,252,0.7770357298173223
1988-09-06,XOM,CVX,252,0.7778928873492423
1988-09-07,XOM,CVX,252,0.7784438647197083
1988-09-08,XOM,CVX,252,0.7784699132988018
1988-09-09,XOM,CVX,252,0.7786676840666406
1988-09-12,XOM,CVX,252,0.7785514034348051
1988-09-13,XOM,CVX,252,0.7783332888362706
1988-09-14,XOM,CVX,252,0.7777647418918134
1988-09-15,XOM,CVX,252,0.7773790368546795
1988-09-16,XOM,CVX,252,0.7763929378319016
1988-09-19,XOM,CVX,252,0.7777345846355543
1988-09-20,XOM,CVX,252,0.7742135102378002
1988-09-21,XOM,CVX,252,0.7741852261584494
1988-09-22,XOM,CVX,252,0.7745284110769914
1988-09-23,XOM,CVX,252,0.7742497151560964
1988-09-26,XOM,CVX,252,0.7740342346401411
1988-09-27,XOM,CVX,252,0.7743668456878016
1988-09-28,XOM,CVX,252,0.7747037476958082
1988-09-29,XOM,CVX,252,0.7743423699042755
1988-09-30,XOM,CVX,252,0.7743581633009056
1988-10-03,XOM,CVX,252,0.7744094986622155
1988-10-04,XOM,CVX,252,0.7731960460141676
1988-10-05,XOM,CVX,252,0.7728117048289983
1988-10-06,XOM,CVX,252,0.7727160600706889
1988-10-07,XOM,CVX,252,0.7749311288142656
1988-10-10,XOM,CVX,252,0.7745213927597726
1988-10-11,XOM,CVX,252,0.7733417252860432
1988-10-12,XOM,CVX,252,0.7708506041546441
1988-10-13,XOM,CVX,252,0.7707498394519279
1988-10-14,XOM,CVX,252,0.7758433320641028
1988-10-17,XOM,CVX,252,0.6984361431975703
1988-10-18,XOM,CVX,252,0.6810468684709746
1988-10-19,XOM,CVX,252,0.7104194597722548
1988-10-20,XOM,CVX,252,0.7104774305295932
1988-10-21,XOM,CVX,252,0.7260255034220018
1988-10-24,XOM,CVX,252,0.6993738400331748
1988-10-25,XOM,CVX,252,0.6914882158591237
1988-10-26,XOM,CVX,252,0.7222822809985219
1988-10-27,XOM,CVX,252,0.7240853698015252
1988-10-28,XOM,CVX,252,0.7205363837165385
1988-10-31,XOM,CVX,252,0.7221054021545137
1988-11-01,XOM,CVX,252,0.7230613753842534
1988-11-02,XOM,CVX,252,0.7243528281829625
1988-11-03,XOM,CVX,252,0.7230573402428264
1988-11-04,XOM,CVX,252,0.7219938900751262
1988-11-07,XOM,CVX,252,0.7233895420050052
1988-11-08,XOM,CVX,252,0.7245191507736337
1988-11-09,XOM,CVX,252,0.7247557470951133
1988-11-10,XOM,CVX,252,0.7233442390362411
1988-11-11,XOM,CVX,252,0.7287294563272079
1988-11-14,XOM,CVX,252,0.729870216298896
1988-11-15,XOM,CVX,252,0.7305299645654266
1988-11-16,XOM,CVX,252,0.7300948048268749
1988-11-17,XOM,CVX,252,0.7262664350604702
1988-11-18,XOM,CVX,252,0.7283626272611379
1988-11-21,XOM,CVX,252,0.7323685071266685
1988-11-22,XOM,CVX,252,0.7326879047848674
1988-11-23,XOM,CVX,252,0.7294896438737839
1988-11-25,XOM,CVX,252,0.7271202233053029
1988-11-28,XOM,CVX,252,0.7142138668254877
1988-11-29,XOM,CVX,252,0.7144088348214341
1988-11-30,XOM,CVX,252,0.7163479109433486
1988-12-01,XOM,CVX,252,0.7226014990675859
1988-12-02,XOM,CVX,252,0.7237192061462023
1988-12-05,XOM,CVX,252,0.7235240837970576
1988-12-06,XOM,CVX,252,0.7138560076592434
1988-12-07,XOM,CVX,252,0.7126348788093062
1988-12-08,XOM,CVX,252,0.7053027424104176
1988-12-09,XOM,CVX,252,0.6998269044533051
1988-12-12,XOM,CVX,252,0.6987681634640304
1988-12-13,XOM,CVX,252,0.692814892835472
1988-12-14,XOM,CVX,252,0.6893301649916005
1988-12-15,XOM,CVX,252,0.6852483148551072
1988-12-16,XOM,CVX,252,0.6815373698460377
1988-12-19,XOM,CVX,252,0.6814373560110886
1988-12-20,XOM,CVX,252,0.6794318303060825
1988-12-21,XOM,CVX,252,0.6803213926350381
1988-12-22,XOM,CVX,252,0.6805281073872254
1988-12-23,XOM,CVX,252,0.6727309586233438
1988-12-27,XOM,CVX,252,0.6729256618151505
1988-12-28,XOM,CVX,252,0.6713821206443142
1988-12-29,XOM,CVX,252,0.6711428268849944
1988-12-30,XOM,CVX,252,0.6571553479583362
1989-01-03,XOM,CVX,252,0.6559371188143289
1989-01-04,XOM,CVX,252,0.660961389358477
1989-01-05,XOM,CVX,252,0.6592211793512778
1989-01-06,XOM,CVX,252,0.6278031274995256
1989-01-09,XOM,CVX,252,0.6365230889195892
1989-01-10,XOM,CVX,252,0.6438445148809866
1989-01-11,XOM,CVX,252,0.6442642637975537
1989-01-12,XOM,CVX,252,0.6539159047942822
1989-01-13,XOM,CVX,252,0.660201989617082
1989-01-16,XOM,CVX,252,0.6628323367956827
1989-01-17,XOM,CVX,252,0.6653958987885374
1989-01-18,XOM,CVX,252,0.6578889597374346
1989-01-19,XOM,CVX,252,0.6577846893419071
1989-01-20,XOM,CVX,252,0.6549970375813917
1989-01-23,XOM,CVX,252,0.6489328481449858
1989-01-24,XOM,CVX,252,0.6446038426814303
1989-01-25,XOM,CVX,252,0.6466362022114633
1989-01-26,XOM,CVX,252,0.6500598959665879
1989-01-27,XOM,CVX,252,0.6466059230198336
1989-01-30,XOM,CVX,252,0.6424430248485671
1989-01-31,XOM,CVX,252,0.6434524224981882
1989-02-01,XOM,CVX,252,0.6437800115479863
1989-02-02,XOM,CVX,252,0.6435432887394735
1989-02-03,XOM,CVX,252,0.6459563467046086
1989-02-06,XOM,CVX,252,0.6463231550904001
1989-02-07,XOM,CVX,252,0.6456676583060985
1989-02-08,XOM,CVX,252,0.6464821923405555
1989-02-09,XOM,CVX,252,0.6479846145242262
1989-02-10,XOM,CVX,252,0.65085196596684
1989-02-13,XOM,CVX,252,0.6461173789023315
1989-02-14,XOM,CVX,252,0.650017473418845
1989-02-15,XOM,CVX,252,0.6493560585644914
1989-02-16,XOM,CVX,252,0.6518369966254409
1989-02-17,XOM,CVX,252,0.6508544705490581
1989-02-21,XOM,CVX,252,0.6491736192435925
1989-02-22,XOM,CVX,252,0.6498005748188087
1989-02-23,XOM,CVX,252,0.6486456324089338
1989-02-24,XOM,CVX,252,0.6529677685305347
1989-02-27,XOM,CVX,252,0.6484440738035604
1989-02-28,XOM,CVX,252,0.6486936154007267
1989-03-01,XOM,CVX,252,0.6475952217799879
1989-03-02,XOM,CVX,252,0.6505278804479658
1989-03-03,XOM,CVX,252,0.6502418708449855
1989-03-06,XOM,CVX,252,0.655689455302607
1989-03-07,XOM,CVX,252,0.651690814705795
1989-03-08,XOM,CVX,252,0.6497536273753467
1989-03-09,XOM,CVX,252,0.6499190725314419
1989-03-10,XOM,CVX,252,0.6486031557798511
1989-03-13,XOM,CVX,252,0.6492113971739686
1989-03-14,XOM,CVX,252,0.6495583976482718
1989-03-15,XOM,CVX,252,0.6487580270043688
1989-03-16,XOM,CVX,252,0.649679851652367
1989-03-17,XOM,CVX,252,0.6502602218716349
1989-03-20,XOM,CVX,252,0.6530056558463309
1989-03-21,XOM,CVX,252,0.6521805855807279
1989-03-22,XOM,CVX,252,0.6512111490833533
1989-03-23,XOM,CVX,252,0.6443564124496131
1989-03-27,XOM,CVX,252,0.637973655863408
1989-03-28,XOM,CVX,252,0.6441360586033618
1989-03-29,XOM,CVX,252,0.6460369046974188
1989-03-30,XOM,CVX,252,0.656702351366936
1989-03-31,XOM,CVX,252,0.6584636969968072
1989-04-03,XOM,CVX,252,0.6545468797298761
1989-04-04,XOM,CVX,252,0.6561326020599424
1989-04-05,XOM,CVX,252,0.639855600898072
1989-04-06,XOM,CVX,252,0.6404098540545947
1989-04-07,XOM,CVX,252,0.644703080943496
1989-04-10,XOM,CVX,252,0.6434413454346546
1989-04-11,XOM,CVX,252,0.6407298268567236
1989-04-12,XOM,CVX,252,0.6401350336424669
1989-04-13,XOM,CVX,252,0.6130546688496952
1989-04-14,XOM,CVX,252,0.6139271359061677
1989-04-17,XOM,CVX,252,0.6136069624504293
1989-04-18,XOM,CVX,252,0.6130157332661714
1989-04-19,XOM,CVX,252,0.6124732981350223
1989-04-20,XOM,CVX,252,0.616367380847054
1989-04-21,XOM,CVX,252,0.6116664962490568
1989-04-24,XOM,CVX,252,0.6057238358544722
1989-04-25,XOM,CVX,252,0.6078509867576122
1989-04-26,XOM,CVX,252,0.6093926040354042
1989-04-27,XOM,CVX,252,0.6104922349635633
1989-04-28,XOM,CVX,252,0.6118693341676806
1989-05-01,XOM,CVX,252,0.6120122413557783
1989-05-02,XOM,CVX,252,0.6107446062366405
1989-05-03,XOM,CVX,252,0.6135205957828489
1989-05-04,XOM,CVX,252,0.6170013157526932
1989-05-05,XOM,CVX,252,0.6168462657082594
1989-05-08,XOM,CVX,252,0.6166512458305109
1989-05-09,XOM,CVX,252,0.6144030360629203
1989-05-10,XOM,CVX,252,0.6121781966629605
1989-05-11,XOM,CVX,252,0.6122808218778759
1989-05-12,XOM,CVX,252,0.6190670932575659
1989-05-15,XOM,CVX,252,0.6217617722541117
1989-05-16,XOM,CVX,252,0.6228341817341335
1989-05-17,XOM,CVX,252,0.6222914716132855
1989-05-18,XOM,CVX,252,0.6217607375560301
1989-05-19,XOM,CVX,252,0.6250103577797109
1989-05-22,XOM,CVX,252,0.6262952939590682
1989-05-23,XOM,CVX,252,0.6224516711456151
1989-05-24,XOM,CVX,252,0.6233136824176616
1989-05-25,XOM,CVX,252,0.6263004929684513
1989-05-26,XOM,CVX,252,0.6257370061744266
1989-05-30,XOM,CVX,252,0.6211234828362997
1989-05-31,XOM,CVX,252,0.6221442380749517
1989-06-01,XOM,CVX,252,0.6233380006357038
1989-06-02,XOM,CVX,252,0.6238814558004134
1989-06-05,XOM,CVX,252,0.6227675527647529
1989-06-06,XOM,CVX,252,0.6244594132208846
1989-06-07,XOM,CVX,252,0.6174361742619621
1989-06-08,XOM,CVX,252,0.618379466728689
1989-06-09,XOM,CVX,252,0.6171659474986242
1989-06-12,XOM,CVX,252,0.6202760616909812
1989-06-13,XOM,CVX,252,0.6235328521081709
1989-06-14,XOM,CVX,252,0.6233477609810829
1989-06-15,XOM,CVX,252,0.6245567290954575
1989-06-16,XOM,CVX,252,0.6253953278494238
1989-06-19,XOM,CVX,252,0.6217820287453457
1989-06-20,XOM,CVX,252,0.6217865929855164
1989-06-21,XOM,CVX,252,0.6228279432691127
1989-06-22,XOM,CVX,252,0.6223623452849932
1989-06-23,XOM,CVX,252,0.6240777602566087
1989-06-26,XOM,CVX,252,0.6117345674258976
1989-06-27,XOM,CVX,252,0.6078364338038795
1989-06-28,XOM,CVX,252,0.6062077620118151
1989-06-29,XOM,CVX,252,0.6093062008330299
1989-06-30,XOM,CVX,252,0.6111131354897276
1989-07-03,XOM,CVX,252,0.5981257782944999
1989-07-05,XOM,CVX,252,0.6030154712697425
1989-07-06,XOM,CVX,252,0.6031222746947034
1989-07-07,XOM,CVX,252,0.603499026426923
1989-07-10,XOM,CVX,252,0.6131149452630423
1989-07-11,XOM,CVX,252,0.6124300503511393
1989-07-12,XOM,CVX,252,0.6094420875931862
1989-07-13,XOM,CVX,252,0.6072502431164722
1989-07-14,XOM,CVX,252,0.6066523019847815
1989-07-17,XOM,CVX,252,0.611268486282015
1989-07-18,XOM,CVX,252,0.6094153481798815
1989-07-19,XOM,CVX,252,0.6079268822505248
1989-07-20,XOM,CVX,252,0.6023903459743816
1989-07-21,XOM,CVX,252,0.5961791759938673
1989-07-24,XOM,CVX,252,0.5996778144070317
1989-07-25,XOM,CVX,252,0.6029227289567811
1989-07-26,XOM,CVX,252,0.60683361503857
1989-07-27,XOM,CVX,252,0.5998567910794658
1989-07-28,XOM,CVX,252,0.5878747396260624
1989-07-31,XOM,CVX,252,0.5847751260128243
1989-08-01,XOM,CVX,252,0.5798858083619315
1989-08-02,XOM,CVX,252,0.5781446000374257
1989-08-03,XOM,CVX,252,0.5782576012799749
1989-08-04,XOM,CVX,252,0.5756413320556488
1989-08-07,XOM,CVX,252,0.5785773660327835
1989-08-08,XOM,CVX,252,0.5762547646427266
1989-08-09,XOM,CVX,252,0.5792104756929979
1989-08-10,XOM,CVX,252,0.580093609401683
1989-08-11,XOM,CVX,252,0.5827047873078985
1989-08-14,XOM,CVX,252,0.5781361588835645
1989-08-15,XOM,CVX,252,0.5779896327462057
1989-08-16,XOM,CVX,252,0.5807363117228614
1989-08-17,XOM,CVX,252,0.5805597486038545
1989-08-18,XOM,CVX,252,0.580688412872899
1989-08-21,XOM,CVX,252,0.5813071151463347
1989-08-22,XOM,CVX,252,0.5808736729596095
1989-08-23,XOM,CVX,252,0.5796315783857331
1989-08-24,XOM,CVX,252,0.5803760197475568
1989-08-25,XOM,CVX,252,0.5814584802241108
1989-08-28,XOM,CVX,252,0.5789512184098068
1989-08-29,XOM,CVX,252,0.5786884579699523
1989-08-30,XOM,CVX,252,0.5786799395621357
1989-08-31,XOM,CVX,252,0.5752364281120418
1989-09-01,XOM,CVX,252,0.5689848418074254
1989-09-05,XOM,CVX,252,0.5657825880693876
1989-09-06,XOM,CVX,252,0.5650875967202085
1989-09-07,XOM,CVX,252,0.5656524167403019
1989-09-08,XOM,CVX,252,0.5629176497743693
1989-09-11,XOM,CVX,252,0.5614206566764741
1989-09-12,XOM,CVX,252,0.5634266553789256
1989-09-13,XOM,CVX,252,0.5633166084603745
1989-09-14,XOM,CVX,252,0.5598291760566214
1989-09-15,XOM,CVX,252,0.5678102728032308
1989-09-18,XOM,CVX,252,0.5683548576279934
1989-09-19,XOM,CVX,252,0.5678038728759498
1989-09-20,XOM,CVX,252,0.567777776235528
1989-09-21,XOM,CVX,252,0.5657737784044662
1989-09-22,XOM,CVX,252,0.5701899499655046
1989-09-25,XOM,CVX,252,0.5726311671274998
1989-09-26,XOM,CVX,252,0.5701420851839843
1989-09-27,XOM,CVX,252,0.5678544321811599
1989-09-28,XOM,CVX,252,0.5669821507625228
1989-09-29,XOM,CVX,252,0.5521858679309645
1989-10-02,XOM,CVX,252,0.5448050391814445
1989-10-03,XOM,CVX,252,0.5395211909501543
1989-10-04,XOM,CVX,252,0.5332297444685178
1989-10-05,XOM,CVX,252,0.5247751472062033
1989-10-06,XOM,CVX,252,0.5163324150400797
1989-10-09,XOM,CVX,252,0.5129137085003332
1989-10-10,XOM,CVX,252,0.5137744679139683
1989-10-11,XOM,CVX,252,0.5186772067920037
1989-10-12,XOM,CVX,252,0.513066785171775
1989-10-13,XOM,CVX,252,0.5598071441695771
1989-10-16,XOM,CVX,252,0.5710667988822435
1989-10-17,XOM,CVX,252,0.5710475822573726
1989-10-18,XOM,CVX,252,0.569290569430556
1989-10-19,XOM,CVX,252,0.5699065212916928
1989-10-20,XOM,CVX,252,0.5726833444777035
1989-10-23,XOM,CVX,252,0.5707283955773362
1989-10-24,XOM,CVX,252,0.5714980394802228
1989-10-25,XOM,CVX,252,0.5682666073827278
1989-10-26,XOM,CVX,252,0.5677677504852896
1989-10-27,XOM,CVX,252,0.567451619973206
1989-10-30,XOM,CVX,252,0.5611245294253289
1989-10-31,XOM,CVX,252,0.5671024211937289
1989-11-01,XOM,CVX,252,0.5676317409323327
1989-11-02,XOM,CVX,252,0.5684233345727696
1989-11-03,XOM,CVX,252,0.5710505226225289
1989-11-06,XOM,CVX,252,0.5470232925117473
1989-11-07,XOM,CVX,252,0.5457887088213229
1989-11-08,XOM,CVX,252,0.5414014887830872
1989-11-09,XOM,CVX,252,0.5468295723148843
1989-11-10,XOM,CVX,252,0.5368605996180978
1989-11-13,XOM,CVX,252,0.5371014628838084
1989-11-14,XOM,CVX,252,0.5350171708836223
1989-11-15,XOM,CVX,252,0.5349515301803608
1989-11-16,XOM,CVX,252,0.532481290149806
1989-11-17,XOM,CVX,252,0.5305351462183988
1989-11-20,XOM,CVX,252,0.5333449438223865
1989-11-21,XOM,CVX,252,0.5305508687245204
1989-11-22,XOM,CVX,252,0.529583410745393
1989-11-24,XOM,CVX,252,0.5316378140058405
1989-11-27,XOM,CVX,252,0.5425896100490416
1989-11-28,XOM,CVX,252,0.5336575098250613
1989-11-29,XOM,CVX,252,0.5271356135821923
1989-11-30,XOM,CVX,252,0.5264421699296256
1989-12-01,XOM,CVX,252,0.5294959718731937
1989-12-04,XOM,CVX,252,0.5307258290667765
1989-12-05,XOM,CVX,252,0.5319099838790609
1989-12-06,XOM,CVX,252,0.5331345651411326
1989-12-07,XOM,CVX,252,0.48957019885802144
1989-12-08,XOM,CVX,252,0.4900187662100871
1989-12-11,XOM,CVX,252,0.4877755093190937
1989-12-12,XOM,CVX,252,0.49825330317599054
1989-12-13,XOM,CVX,252,0.5018190218859214
1989-12-14,XOM,CVX,252,0.4946617327146379
1989-12-15,XOM,CVX,252,0.491798021554013
1989-12-18,XOM,CVX,252,0.4907888013043746
1989-12-19,XOM,CVX,252,0.4935821994598105
1989-12-20,XOM,CVX,252,0.49105878531288927
1989-12-21,XOM,CVX,252,0.49217905367580767
1989-12-22,XOM,CVX,252,0.49168307613078255
1989-12-26,XOM,CVX,252,0.49315033829062555
1989-12-27,XOM,CVX,252,0.4939580667514625
1989-12-28,XOM,CVX,252,0.4948598106351254
1989-12-29,XOM,CVX,252,0.49106168619139245
1990-01-02,XOM,CVX,252,0.4913407649660325
1990-01-03,XOM,CVX,252,0.49186109499823527
1990-01-04,XOM,CVX,252,0.49238611541543315
1990-01-05,XOM,CVX,252,0.4931935379352301
1990-01-08,XOM,CVX,252,0.4940090532359039
1990-01-09,XOM,CVX,252,0.4947784973243734
1990-01-10,XOM,CVX,252,0.49313052492555176
1990-01-11,XOM,CVX,252,0.4934181356659111
1990-01-12,XOM,CVX,252,0.5032132291841362
1990-01-15,XOM,CVX,252,0.5038064748414296
1990-01-16,XOM,CVX,252,0.5002639785694359
1990-01-17,XOM,CVX,252,0.4994978648031921
1990-01-18,XOM,CVX,252,0.49960062344078954
1990-01-19,XOM,CVX,252,0.5015769933599177
1990-01-22,XOM,CVX,252,0.5156651586039352
1990-01-23,XOM,CVX,252,0.5186948938654167
1990-01-24,XOM,CVX,252,0.5181394804505127
1990-01-25,XOM,CVX,252,0.5162448684654585
1990-01-26,XOM,CVX,252,0.5122005206364234
1990-01-29,XOM,CVX,252,0.5118556843041809
1990-01-30,XOM,CVX,252,0.5108072910757293
1990-01-31,XOM,CVX,252,0.5070766336225306
1990-02-01,XOM,CVX,252,0.5068727298534735
1990-02-02,XOM,CVX,252,0.5064520212300004
1990-02-05,XOM,CVX,252,0.5075550422056958
1990-02-06,XOM,CVX,252,0.5062942326685944
1990-02-07,XOM,CVX,252,0.5083972757324436
1990-02-08,XOM,CVX,252,0.5078256291877478
1990-02-09,XOM,CVX,252,0.5020816538318662
1990-02-12,XOM,CVX,252,0.507094538217096
1990-02-13,XOM,CVX,252,0.5075347920658393
1990-02-14,XOM,CVX,252,0.506003296354106
1990-02-15,XOM,CVX,252,0.4980660818877416
1990-02-16,XOM,CVX,252,0.4985308941444202
1990-02-20,XOM,CVX,252,0.50043863954414
1990-02-21,XOM,CVX,252,0.4952887957273467
1990-02-22,XOM,CVX,252,0.49544286218977446
1990-02-23,XOM,CVX,252,0.4899510542905606
1990-02-26,XOM,CVX,252,0.49427029131427586
1990-02-27,XOM,CVX,252,0.4928978623457187
1990-02-28,XOM,CVX,252,0.49222358612410494
1990-03-01,XOM,CVX,252,0.48618806519025987
1990-03-02,XOM,CVX,252,0.4864314278032005
1990-03-05,XOM,CVX,252,0.48076920324326206
1990-03-06,XOM,CVX,252,0.48548599807098347
1990-03-07,XOM,CVX,252,0.4833043529140537
1990-03-08,XOM,CVX,252,0.4832589541200532
1990-03-09,XOM,CVX,252,0.48458530956839796
1990-03-12,XOM,CVX,252,0.4832631474667037
1990-03-13,XOM,CVX,252,0.4842950625427702
1990-03-14,XOM,CVX,252,0.4839459121675137
1990-03-15,XOM,CVX,252,0.4807494416316079
1990-03-16,XOM,CVX,252,0.48276270192871057
1990-03-19,XOM,CVX,252,0.4788695166022967
1990-03-20,XOM,CVX,252,0.48316027622470004
1990-03-21,XOM,CVX,252,0.4866714952005056
1990-03-22,XOM,CVX,252,0.4860397460236838
1990-03-23,XOM,CVX,252,0.48599099961527564
1990-03-26,XOM,CVX,252,0.4866923606500569
1990-03-27,XOM,CVX,252,0.4864999894104973
1990-03-28,XOM,CVX,252,0.4841474882840692
1990-03-29,XOM,CVX,252,0.48250903774919945
1990-03-30,XOM,CVX,252,0.48281787383923197
1990-04-02,XOM,CVX,252,0.48265371912725885
1990-04-03,XOM,CVX,252,0.48374853652542693
1990-04-04,XOM,CVX,252,0.4824355511547203
1990-04-05,XOM,CVX,252,0.48108194327903125
1990-04-06,XOM,CVX,252,0.4821887736887168
1990-04-09,XOM,CVX,252,0.48299622901945544
1990-04-10,XOM,CVX,252,0.4839315021792161
1990-04-11,XOM,CVX,252,0.4858391535608514
1990-04-12,XOM,CVX,252,0.4858215812773802
1990-04-16,XOM,CVX,252,0.48526538873958946
1990-04-17,XOM,CVX,252,0.4785206978100981
1990-04-18,XOM,CVX,252,0.47864236662192483
1990-04-19,XOM,CVX,252,0.47759318859497407
1990-04-20,XOM,CVX,252,0.47127372844143234
1990-04-23,XOM,CVX,252,0.47406377835925373
1990-04-24,XOM,CVX,252,0.4652535740803838
1990-04-25,XOM,CVX,252,0.46435542238440647
1990-04-26,XOM,CVX,252,0.46367545822838413
1990-04-27,XOM,CVX,252,0.4636552390790199
1990-04-30,XOM,CVX,252,0.46340726496469625
1990-05-01,XOM,CVX,252,0.46282921468971466
1990-05-02,XOM,CVX,252,0.4636725362575531
1990-05-03,XOM,CVX,252,0.46451638518320665
1990-05-04,XOM,CVX,252,0.4644661829057176
1990-05-07,XOM,CVX,252,0.4646710636117642
1990-05-08,XOM,CVX,252,0.4649220843376795
1990-05-09,XOM,CVX,252,0.4645688609223645
1990-05-10,XOM,CVX,252,0.461491900951201
1990-05-11,XOM,CVX,252,0.46163835755378535
1990-05-14,XOM,CVX,252,0.46094968064194025
1990-05-15,XOM,CVX,252,0.46131085359661284
1990-05-16,XOM,CVX,252,0.4610709882558687
1990-05-17,XOM,CVX,252,0.46170795820601274
1990-05-18,XOM,CVX,252,0.45819792068174736
1990-05-21,XOM,CVX,252,0.45799613059888933
1990-05-22,XOM,CVX,252,0.4612278007164594
1990-05-23,XOM,CVX,252,0.461736474403622
1990-05-24,XOM,CVX,252,0.4629645168507489
1990-05-25,XOM,CVX,252,0.463915657379055
1990-05-29,XOM,CVX,252,0.46613446844197354
1990-05-30,XOM,CVX,252,0.4662868648950012
1990-05-31,XOM,CVX,252,0.46621370121584477
1990-06-01,XOM,CVX,252,0.46638241401807495
1990-06-04,XOM,CVX,252,0.46770420343902896
1990-06-05,XOM,CVX,252,0.4662362616939952
1990-06-06,XOM,CVX,252,0.4683381943436756
1990-06-07,XOM,CVX,252,0.4645622998743028
1990-06-08,XOM,CVX,252,0.4653228890067391
1990-06-11,XOM,CVX,252,0.4672305822325008
1990-06-12,XOM,CVX,252,0.46696389728298193
1990-06-13,XOM,CVX,252,0.4668966412841293
1990-06-14,XOM,CVX,252,0.46296655909884665
1990-06-15,XOM,CVX,252,0.4593036397984723
1990-06-18,XOM,CVX,252,0.46274784148838966
1990-06-19,XOM,CVX,252,0.46302458111457456
1990-06-20,XOM,CVX,252,0.45917916284749316
1990-06-21,XOM,CVX,252,0.4565512492891122
1990-06-22,XOM,CVX,252,0.45520055098294687
1990-06-25,XOM,CVX,252,0.45805868950875506
1990-06-26,XOM,CVX,252,0.45675966202607704
1990-06-27,XOM,CVX,252,0.4629856013268122
1990-06-28,XOM,CVX,252,0.4605818879523536
1990-06-29,XOM,CVX,252,0.45813765178657584
1990-07-02,XOM,CVX,252,0.4585236457217931
1990-07-03,XOM,CVX,252,0.4584786123519136
1990-07-05,XOM,CVX,252,0.4597624430210989
1990-07-06,XOM,CVX,252,0.4561339040777116
1990-07-09,XOM,CVX,252,0.45604252386362587
1990-07-10,XOM,CVX,252,0.4563819363553406
1990-07-11,XOM,CVX,252,0.4638511189230566
1990-07-12,XOM,CVX,252,0.4752341584120111
1990-07-13,XOM,CVX,252,0.47326926063334096
1990-07-16,XOM,CVX,252,0.47293379836539884
1990-07-17,XOM,CVX,252,0.4712648410220217
1990-07-18,XOM,CVX,252,0.4710612874917619
1990-07-19,XOM,CVX,252,0.4742536593570772
1990-07-20,XOM,CVX,252,0.4669870417003861
1990-07-23,XOM,CVX,252,0.46897127150927104
1990-07-24,XOM,CVX,252,0.4713243182408808
1990-07-25,XOM,CVX,252,0.47218736747525203
1990-07-26,XOM,CVX,252,0.47697927327339723
1990-07-27,XOM,CVX,252,0.4767091324234905
1990-07-30,XOM,CVX,252,0.482822123879177
1990-07-31,XOM,CVX,252,0.4878984617186171
1990-08-01,XOM,CVX,252,0.48756967930986717
1990-08-02,XOM,CVX,252,0.49109651604640703
1990-08-03,XOM,CVX,252,0.4921027763366264
1990-08-06,XOM,CVX,252,0.4898381443039531
1990-08-07,XOM,CVX,252,0.49149122734257533
1990-08-08,XOM,CVX,252,0.49444269647983063
1990-08-09,XOM,CVX,252,0.4943631545950923
1990-08-10,XOM,CVX,252,0.4919280175317476
1990-08-13,XOM,CVX,252,0.49171373445083033
1990-08-14,XOM,CVX,252,0.4930041972416507
1990-08-15,XOM,CVX,252,0.4946398926655406
1990-08-16,XOM,CVX,252,0.49454132967672876
1990-08-17,XOM,CVX,252,0.49535722952383576
1990-08-20,XOM,CVX,252,0.49516609910822096
1990-08-21,XOM,CVX,252,0.49971318487291655
1990-08-22,XOM,CVX,252,0.49807475589253075
1990-08-23,XOM,CVX,252,0.5101303884527474
1990-08-24,XOM,CVX,252,0.5132192971851659
1990-08-27,XOM,CVX,252,0.5128204361109223
1990-08-28,XOM,CVX,252,0.5132669196521066
1990-08-29,XOM,CVX,252,0.5110063783499479
1990-08-30,XOM,CVX,252,0.5155892231708777
1990-08-31,XOM,CVX,252,0.514801318428557
1990-09-04,XOM,CVX,252,0.5163945882812191
1990-09-05,XOM,CVX,252,0.5190478859774549
1990-09-06,XOM,CVX,252,0.517422052898548
1990-09-07,XOM,CVX,252,0.51743624396444
1990-09-10,XOM,CVX,252,0.520012560878778
1990-09-11,XOM,CVX,252,0.5167715177364864
1990-09-12,XOM,CVX,252,0.5176746287381314
1990-09-13,XOM,CVX,252,0.5218711007396731
1990-09-14,XOM,CVX,252,0.5204500345383863
1990-09-17,XOM,CVX,252,0.5187281825028163
1990-09-18,XOM,CVX,252,0.5188537781255663
1990-09-19,XOM,CVX,252,0.518349516492518
1990-09-20,XOM,CVX,252,0.5183552533841764
1990-09-21,XOM,CVX,252,0.5179451324323933
1990-09-24,XOM,CVX,252,0.5163488673323768
1990-09-25,XOM,CVX,252,0.5163269711642627
1990-09-26,XOM,CVX,252,0.5189115096183478
1990-09-27,XOM,CVX,252,0.5183763257191553
1990-09-28,XOM,CVX,252,0.5248297128054354
1990-10-01,XOM,CVX,252,0.525884606729492
1990-10-02,XOM,CVX,252,0.5279238332347068
1990-10-03,XOM,CVX,252,0.5317484699860108
1990-10-04,XOM,CVX,252,0.5374134104861834
1990-10-05,XOM,CVX,252,0.5347380248568033
1990-10-08,XOM,CVX,252,0.5356469917744916
1990-10-09,XOM,CVX,252,0.5378741326406997
1990-10-10,XOM,CVX,252,0.5406484868530904
1990-10-11,XOM,CVX,252,0.5447247135877199
1990-10-12,XOM,CVX,252,0.5068050191242068
1990-10-15,XOM,CVX,252,0.49554712939719014
1990-10-16,XOM,CVX,252,0.4973440927143565
1990-10-17,XOM,CVX,252,0.49609390276873105
1990-10-18,XOM,CVX,252,0.496742061902758
1990-10-19,XOM,CVX,252,0.5023031337298751
1990-10-22,XOM,CVX,252,0.501908412754506
1990-10-23,XOM,CVX,252,0.5022524600791042
1990-10-24,XOM,CVX,252,0.505620824639567
1990-10-25,XOM,CVX,252,0.5048615604203651
1990-10-26,XOM,CVX,252,0.5058147142824793
1990-10-29,XOM,CVX,252,0.5115042133275547
1990-10-30,XOM,CVX,252,0.511095192859101
1990-10-31,XOM,CVX,252,0.5112698365589718
1990-11-01,XOM,CVX,252,0.5145884823469343
1990-11-02,XOM,CVX,252,0.5143484614409201
1990-11-05,XOM,CVX,252,0.5356226972895489
1990-11-06,XOM,CVX,252,0.5345265601340149
1990-11-07,XOM,CVX,252,0.5440299490824526
1990-11-08,XOM,CVX,252,0.5374220648420944
1990-11-09,XOM,CVX,252,0.5438467012015248
1990-11-12,XOM,CVX,252,0.5432541136166695
1990-11-13,XOM,CVX,252,0.545491890390657
1990-11-14,XOM,CVX,252,0.5521312728798603
1990-11-15,XOM,CVX,252,0.554052687348925
1990-11-16,XOM,CVX,252,0.5578796518658776
1990-11-19,XOM,CVX,252,0.5559014377437902
1990-11-20,XOM,CVX,252,0.5562694815636424
1990-11-21,XOM,CVX,252,0.5574864866681469
1990-11-23,XOM,CVX,252,0.5568953422570445
1990-11-26,XOM,CVX,252,0.549107333567648
1990-11-27,XOM,CVX,252,0.5552425299474983
1990-11-28,XOM,CVX,252,0.5618088750156285
1990-11-29,XOM,CVX,252,0.5617932516032722
1990-11-30,XOM,CVX,252,0.5566498064420379
1990-12-03,XOM,CVX,252,0.5579160746069619
1990-12-04,XOM,CVX,252,0.5549566915815406
1990-12-05,XOM,CVX,252,0.5542024008760343
1990-12-06,XOM,CVX,252,0.614605485949562
1990-12-07,XOM,CVX,252,0.6153161019329344
1990-12-10,XOM,CVX,252,0.6162380611932704
1990-12-11,XOM,CVX,252,0.6120263547433913
1990-12-12,XOM,CVX,252,0.6113968363145004
1990-12-13,XOM,CVX,252,0.6187847472145402
1990-12-14,XOM,CVX,252,0.6220554397712665
1990-12-17,XOM,CVX,252,0.6220276228766893
1990-12-18,XOM,CVX,252,0.6221262064604245
1990-12-19,XOM,CVX,252,0.6154727851050741
1990-12-20,XOM,CVX,252,0.612861237266429
1990-12-21,XOM,CVX,252,0.6114512412777405
1990-12-24,XOM,CVX,252,0.6087553866730194
1990-12-26,XOM,CVX,252,0.6087424379698709
1990-12-27,XOM,CVX,252,0.6091959010259304
1990-12-28,XOM,CVX,252,0.6107140648345671
1990-12-31,XOM,CVX,252,0.6136096704379108
1991-01-02,XOM,CVX,252,0.6110538957765496
1991-01-03,XOM,CVX,252,0.6044971591543443
1991-01-04,XOM,CVX,252,0.6036578055045861
1991-01-07,XOM,CVX,252,0.5997744022536873
1991-01-08,XOM,CVX,252,0.5991549091358734
1991-01-09,XOM,CVX,252,0.5999356989906802
1991-01-10,XOM,CVX,252,0.5999321466132811
1991-01-11,XOM,CVX,252,0.5928531092792393
1991-01-14,XOM,CVX,252,0.5918676045858571
1991-01-15,XOM,CVX,252,0.595421989848119
1991-01-16,XOM,CVX,252,0.5935868589708659
1991-01-17,XOM,CVX,252,0.5846815934384708
1991-01-18,XOM,CVX,252,0.5797500267801309
1991-01-21,XOM,CVX,252,0.5633950175297862
1991-01-22,XOM,CVX,252,0.5652597479945091
1991-01-23,XOM,CVX,252,0.5713278743988234
1991-01-24,XOM,CVX,252,0.5689731568273356
1991-01-25,XOM,CVX,252,0.5698554327374022
1991-01-28,XOM,CVX,252,0.570189358882155
1991-01-29,XOM,CVX,252,0.5728648960751052
1991-01-30,XOM,CVX,252,0.5774122692180698
1991-01-31,XOM,CVX,252,0.5754455479105693
1991-02-01,XOM,CVX,252,0.5758753195324818
1991-02-04,XOM,CVX,252,0.5682951672728572
1991-02-05,XOM,CVX,252,0.568094472673741
1991-02-06,XOM,CVX,252,0.5865176922835196
1991-02-07,XOM,CVX,252,0.5961779647691466
1991-02-08,XOM,CVX,252,0.5976059096009296
1991-02-11,XOM,CVX,252,0.5941770134423987
1991-02-12,XOM,CVX,252,0.599543732973311
1991-02-13,XOM,CVX,252,0.601405099047114
1991-02-14,XOM,CVX,252,0.6131397256874576
1991-02-15,XOM,CVX,252,0.6135921608142898
1991-02-19,XOM,CVX,252,0.6123565323962286
1991-02-20,XOM,CVX,252,0.6147726397347854
1991-02-21,XOM,CVX,252,0.613656044617276
1991-02-22,XOM,CVX,252,0.6158287159950666
1991-02-25,XOM,CVX,252,0.6094974102724733
1991-02-26,XOM,CVX,252,0.6090234026732483
1991-02-27,XOM,CVX,252,0.6216745259813109
1991-02-28,XOM,CVX,252,0.6219653587848957
1991-03-01,XOM,CVX,252,0.6226628687145384
1991-03-04,XOM,CVX,252,0.6223001672163083
1991-03-05,XOM,CVX,252,0.6203904307760758
1991-03-06,XOM,CVX,252,0.6230823239313787
1991-03-07,XOM,CVX,252,0.6231977220364614
1991-03-08,XOM,CVX,252,0.6222670924975107
1991-03-11,XOM,CVX,252,0.6202308105200486
1991-03-12,XOM,CVX,252,0.6210565039261402
1991-03-13,XOM,CVX,252,0.6206392412895433
1991-03-14,XOM,CVX,252,0.6224433596823312
1991-03-15,XOM,CVX,252,0.6195616952502523
1991-03-18,XOM,CVX,252,0.6224584997246866
1991-03-19,XOM,CVX,252,0.6143999784274788
1991-03-20,XOM,CVX,252,0.6142808931660696
1991-03-21,XOM,CVX,252,0.6141881891633292
1991-03-22,XOM,CVX,252,0.6134424940991511
1991-03-25,XOM,CVX,252,0.6125331545188891
1991-03-26,XOM,CVX,252,0.6138037235495994
1991-03-27,XOM,CVX,252,0.6204933503829467
1991-03-28,XOM,CVX,252,0.6178871339856998
1991-04-01,XOM,CVX,252,0.6202656803395428
1991-04-02,XOM,CVX,252,0.6229592287844422
1991-04-03,XOM,CVX,252,0.6219939625161539
1991-04-04,XOM,CVX,252,0.6229323631586682
1991-04-05,XOM,CVX,252,0.6234424387823088
1991-04-08,XOM,CVX,252,0.6231620004563444
1991-04-09,XOM,CVX,252,0.6241419006140396
1991-04-10,XOM,CVX,252,0.6235509846049733
1991-04-11,XOM,CVX,252,0.6267051902186911
1991-04-12,XOM,CVX,252,0.6314110174164473
1991-04-15,XOM,CVX,252,0.6297244326161484
1991-04-16,XOM,CVX,252,0.6306207545748106
1991-04-17,XOM,CVX,252,0.6306656652613132
1991-04-18,XOM,CVX,252,0.6316378523635199
1991-04-19,XOM,CVX,252,0.6321862952244763
1991-04-22,XOM,CVX,252,0.6292072635788529
1991-04-23,XOM,CVX,252,0.636421091235555
1991-04-24,XOM,CVX,252,0.6364195025687271
1991-04-25,XOM,CVX,252,0.6394246781380317
1991-04-26,XOM,CVX,252,0.6372751696604813
1991-04-29,XOM,CVX,252,0.6375643690092422
1991-04-30,XOM,CVX,252,0.6376421652383035
1991-05-01,XOM,CVX,252,0.6376952337012562
1991-05-02,XOM,CVX,252,0.6367655820293452
1991-05-03,XOM,CVX,252,0.6372741915188844
1991-05-06,XOM,CVX,252,0.6331027086065097
1991-05-07,XOM,CVX,252,0.6352973043039462
1991-05-08,XOM,CVX,252,0.6335603803742517
1991-05-09,XOM,CVX,252,0.6344811351628422
1991-05-10,XOM,CVX,252,0.641595467864981
1991-05-13,XOM,CVX,252,0.6448099154255191
1991-05-14,XOM,CVX,252,0.6501477021698491
1991-05-15,XOM,CVX,252,0.6502802572939073
1991-05-16,XOM,CVX,252,0.6484576460764736
1991-05-17,XOM,CVX,252,0.6484350622374428
1991-05-20,XOM,CVX,252,0.648554826263608
1991-05-21,XOM,CVX,252,0.6482844442070385
1991-05-22,XOM,CVX,252,0.6462422952244593
1991-05-23,XOM,CVX,252,0.6462662755797431
1991-05-24,XOM,CVX,252,0.6450423741000235
1991-05-28,XOM,CVX,252,0.6403620590363946
1991-05-29,XOM,CVX,252,0.6405109823159142
1991-05-30,XOM,CVX,252,0.6403508541576058
1991-05-31,XOM,CVX,252,0.6386532791519323
1991-06-03,XOM,CVX,252,0.6382073092927029
1991-06-04,XOM,CVX,252,0.6386591991057884
1991-06-05,XOM,CVX,252,0.6386977195521087
1991-06-06,XOM,CVX,252,0.6394855797143801
1991-06-07,XOM,CVX,252,0.6409308746564553
1991-06-10,XOM,CVX,252,0.6373877627898694
1991-06-11,XOM,CVX,252,0.6336204913280855
1991-06-12,XOM,CVX,252,0.636891040766322
1991-06-13,XOM,CVX,252,0.6365164096505685
1991-06-14,XOM,CVX,252,0.6424499825040808
1991-06-17,XOM,CVX,252,0.6428297587332178
1991-06-18,XOM,CVX,252,0.6442572289276616
1991-06-19,XOM,CVX,252,0.6482036330988437
1991-06-20,XOM,CVX,252,0.6522016598978787
1991-06-21,XOM,CVX,252,0.6515992674114074
1991-06-24,XOM,CVX,252,0.6497067710842519
1991-06-25,XOM,CVX,252,0.6496821919003094
1991-06-26,XOM,CVX,252,0.642629510443451
1991-06-27,XOM,CVX,252,0.6402113667565427
1991-06-28,XOM,CVX,252,0.6431126090006357
1991-07-01,XOM,CVX,252,0.6468387863961361
1991-07-02,XOM,CVX,252,0.6470866075737939
1991-07-03,XOM,CVX,252,0.6509275782233203
1991-07-05,XOM,CVX,252,0.6530362796034019
1991-07-08,XOM,CVX,252,0.6556442567711893
1991-07-09,XOM,CVX,252,0.6583913725746561
1991-07-10,XOM,CVX,252,0.6544264590417042
1991-07-11,XOM,CVX,252,0.6469748575025246
1991-07-12,XOM,CVX,252,0.6498933489625931
1991-07-15,XOM,CVX,252,0.6515476207596697
1991-07-16,XOM,CVX,252,0.6519112785064112
1991-07-17,XOM,CVX,252,0.6528640823937758
1991-07-18,XOM,CVX,252,0.64790069895782
1991-07-19,XOM,CVX,252,0.6620648224601398
1991-07-22,XOM,CVX,252,0.6609635616923145
1991-07-23,XOM,CVX,252,0.6564172741084567
1991-07-24,XOM,CVX,252,0.6554415946105763
1991-07-25,XOM,CVX,252,0.6530592671950887
1991-07-26,XOM,CVX,252,0.6533785365337328
1991-07-29,XOM,CVX,252,0.6485368938679095
1991-07-30,XOM,CVX,252,0.645352245330504
1991-07-31,XOM,CVX,252,0.6468393642265687
1991-08-01,XOM,CVX,252,0.6429656289410457
1991-08-02,XOM,CVX,252,0.6453835717744731
1991-08-05,XOM,CVX,252,0.6449771035571087
1991-08-06,XOM,CVX,252,0.646656365244139
1991-08-07,XOM,CVX,252,0.6398833972561782
1991-08-08,XOM,CVX,252,0.6418690886773478
1991-08-09,XOM,CVX,252,0.6473635309062464
1991-08-12,XOM,CVX,252,0.6484112842690514
1991-08-13,XOM,CVX,252,0.6477898685756954
1991-08-14,XOM,CVX,252,0.6478646319337924
1991-08-15,XOM,CVX,252,0.6447509875477596
1991-08-16,XOM,CVX,252,0.6431251109431838
1991-08-19,XOM,CVX,252,0.6416182599339395
1991-08-20,XOM,CVX,252,0.6367017511026477
1991-08-21,XOM,CVX,252,0.640668848575159
1991-08-22,XOM,CVX,252,0.6271367545699496
1991-08-23,XOM,CVX,252,0.6242555030005068
1991-08-26,XOM,CVX,252,0.6256608454259995
1991-08-27,XOM,CVX,252,0.6242545537273114
1991-08-28,XOM,CVX,252,0.6285030335106045
1991-08-29,XOM,CVX,252,0.6211206613634198
1991-08-30,XOM,CVX,252,0.6190040002666282
1991-09-03,XOM,CVX,252,0.6193169582305859
1991-09-04,XOM,CVX,252,0.6162249907053625
1991-09-05,XOM,CVX,252,0.618888887609597
1991-09-06,XOM,CVX,252,0.6187596368505154
1991-09-09,XOM,CVX,252,0.6172584996526965
1991-09-10,XOM,CVX,252,0.621054729709309
1991-09-11,XOM,CVX,252,0.620069490198112
1991-09-12,XOM,CVX,252,0.618008665590256
1991-09-13,XOM,CVX,252,0.6198274459668582
1991-09-16,XOM,CVX,252,0.6234729247740745
1991-09-17,XOM,CVX,252,0.6243767417226563
1991-09-18,XOM,CVX,252,0.6250353705020795
1991-09-19,XOM,CVX,252,0.6250760592933998
1991-09-20,XOM,CVX,252,0.6255734648584774
1991-09-23,XOM,CVX,252,0.6220854382423394
1991-09-24,XOM,CVX,252,0.6233582815850149
1991-09-25,XOM,CVX,252,0.6213391089505919
1991-09-26,XOM,CVX,252,0.6188557856122635
1991-09-27,XOM,CVX,252,0.6187232015740589
1991-09-30,XOM,CVX,252,0.6227210603371086
1991-10-01,XOM,CVX,252,0.6231669978148328
1991-10-02,XOM,CVX,252,0.6231387223274916
1991-10-03,XOM,CVX,252,0.6175589731367919
1991-10-04,XOM,CVX,252,0.6177806603352847
1991-10-07,XOM,CVX,252,0.6201970796910168
1991-10-08,XOM,CVX,252,0.6164978913830423
1991-10-09,XOM,CVX,252,0.6098286421253396
1991-10-10,XOM,CVX,252,0.6063150885091805
1991-10-11,XOM,CVX,252,0.6090758191250869
1991-10-14,XOM,CVX,252,0.611106580720138
1991-10-15,XOM,CVX,252,0.6089365839142034
1991-10-16,XOM,CVX,252,0.6125663334094478
1991-10-17,XOM,CVX,252,0.6121377530891827
1991-10-18,XOM,CVX,252,0.6036469510269091
1991-10-21,XOM,CVX,252,0.6026851294712354
1991-10-22,XOM,CVX,252,0.6030283392187518
1991-10-23,XOM,CVX,252,0.6033563734212806
1991-10-24,XOM,CVX,252,0.6026821842161711
1991-10-25,XOM,CVX,252,0.5986401849334518
1991-10-28,XOM,CVX,252,0.6025760457878524
1991-10-29,XOM,CVX,252,0.5971219504469099
1991-10-30,XOM,CVX,252,0.5972659235430401
1991-10-31,XOM,CVX,252,0.594609790993703
1991-11-01,XOM,CVX,252,0.5972003866811871
1991-11-04,XOM,CVX,252,0.6015899382004792
1991-11-05,XOM,CVX,252,0.6034877481004938
1991-11-06,XOM,CVX,252,0.5977751071920004
1991-11-07,XOM,CVX,252,0.6013026208470876
1991-11-08,XOM,CVX,252,0.595361789302105
1991-11-11,XOM,CVX,252,0.5954370415940283
1991-11-12,XOM,CVX,252,0.5950073508562049
1991-11-13,XOM,CVX,252,0.596663883860229
1991-11-14,XOM,CVX,252,0.5971596074033919
1991-11-15,XOM,CVX,252,0.6127089371383851
1991-11-18,XOM,CVX,252,0.6146643737174879
1991-11-19,XOM,CVX,252,0.6133127683165776
1991-11-20,XOM,CVX,252,0.614960457849952
1991-11-21,XOM,CVX,252,0.6167598708539186
1991-11-22,XOM,CVX,252,0.6242060919771698
1991-11-25,XOM,CVX,252,0.6252731291822021
1991-11-26,XOM,CVX,252,0.6254558619417921
1991-11-27,XOM,CVX,252,0.6240339328078612
1991-11-29,XOM,CVX,252,0.6223912310860681
1991-12-02,XOM,CVX,252,0.6245270339591837
1991-12-03,XOM,CVX,252,0.6255823957537827
1991-12-04,XOM,CVX,252,0.626780418472721
1991-12-05,XOM,CVX,252,0.6266644400443249
1991-12-06,XOM,CVX,252,0.6250522396143943
1991-12-09,XOM,CVX,252,0.6297434103933048
1991-12-10,XOM,CVX,252,0.6270627950080686
1991-12-11,XOM,CVX,252,0.6276076698827431
1991-12-12,XOM,CVX,252,0.6309935354492139
1991-12-13,XOM,CVX,252,0.63095297996386
1991-12-16,XOM,CVX,252,0.6307944484521683
1991-12-17,XOM,CVX,252,0.6308245450177494
1991-12-18,XOM,CVX,252,0.6427350307149421
1991-12-19,XOM,CVX,252,0.6461397545059564
1991-12-20,XOM,CVX,252,0.6484798551790406
1991-12-23,XOM,CVX,252,0.6469039980467818
1991-12-24,XOM,CVX,252,0.6436340098623378
1991-12-26,XOM,CVX,252,0.6424858254289267
1991-12-27,XOM,CVX,252,0.6427404862947111
1991-12-30,XOM,CVX,252,0.6430176162050598
1991-12-31,XOM,CVX,252,0.6388302391233686
1992-01-02,XOM,CVX,252,0.6434359302926803
1992-01-03,XOM,CVX,252,0.6437067166403727
1992-01-06,XOM,CVX,252,0.648406819489624
1992-01-07,XOM,CVX,252,0.6484668774538414
1992-01-08,XOM,CVX,252,0.6484542503294847
1992-01-09,XOM,CVX,252,0.6488379641342498
1992-01-10,XOM,CVX,252,0.648261794018296
1992-01-13,XOM,CVX,252,0.6471047557900539
1992-01-14,XOM,CVX,252,0.6507980792018544
1992-01-15,XOM,CVX,252,0.6535943254405255
1992-01-16,XOM,CVX,252,0.6627801663152777
1992-01-17,XOM,CVX,252,0.6633620876904383
1992-01-20,XOM,CVX,252,0.6649016083193731
1992-01-21,XOM,CVX,252,0.6655335128347576
1992-01-22,XOM,CVX,252,0.6657654889993693
1992-01-23,XOM,CVX,252,0.6653511254546502
1992-01-24,XOM,CVX,252,0.6599176394304963
1992-01-27,XOM,CVX,252,0.6576074287174523
1992-01-28,XOM,CVX,252,0.6562712250204453
1992-01-29,XOM,CVX,252,0.6608861611925875
1992-01-30,XOM,CVX,252,0.6638558580602039
1992-01-31,XOM,CVX,252,0.6595199154502204
1992-02-03,XOM,CVX,252,0.6677053082227339
1992-02-04,XOM,CVX,252,0.6660913910758727
1992-02-05,XOM,CVX,252,0.6448995552227081
1992-02-06,XOM,CVX,252,0.6431508875380364
1992-02-07,XOM,CVX,252,0.6388862154057766
1992-02-10,XOM,CVX,252,0.6328181577523098
1992-02-11,XOM,CVX,252,0.6276761598589432
1992-02-12,XOM,CVX,252,0.6317073771564667
1992-02-13,XOM,CVX,252,0.6262782314505698
1992-02-14,XOM,CVX,252,0.6284620033801966
1992-02-18,XOM,CVX,252,0.6343111374224307
1992-02-19,XOM,CVX,252,0.6342376680262956
1992-02-20,XOM,CVX,252,0.6355291667798623
1992-02-21,XOM,CVX,252,0.6304718118709963
1992-02-24,XOM,CVX,252,0.6316718482895347
1992-02-25,XOM,CVX,252,0.6346038515384966
1992-02-26,XOM,CVX,252,0.6230193507070296
1992-02-27,XOM,CVX,252,0.6224571918210481
1992-02-28,XOM,CVX,252,0.6212336814537504
1992-03-02,XOM,CVX,252,0.6221747037115659
1992-03-03,XOM,CVX,252,0.6122373066749551
1992-03-04,XOM,CVX,252,0.6140882095824263
1992-03-05,XOM,CVX,252,0.6128693179373195
1992-03-06,XOM,CVX,252,0.6130671553395898
1992-03-09,XOM,CVX,252,0.6139208705823821
1992-03-10,XOM,CVX,252,0.6105955301673676
1992-03-11,XOM,CVX,252,0.6079378198958181
1992-03-12,XOM,CVX,252,0.60917664806122
1992-03-13,XOM,CVX,252,0.6122137409411091
1992-03-16,XOM,CVX,252,0.6104099961225709
1992-03-17,XOM,CVX,252,0.6161258876785829
1992-03-18,XOM,CVX,252,0.6150523939022376
1992-03-19,XOM,CVX,252,0.6114221430206677
1992-03-20,XOM,CVX,252,0.6093365856351283
1992-03-23,XOM,CVX,252,0.6094235289120076
1992-03-24,XOM,CVX,252,0.6089508586933343
1992-03-25,XOM,CVX,252,0.6052491347623259
1992-03-26,XOM,CVX,252,0.6089752929985001
1992-03-27,XOM,CVX,252,0.6028148806205263
1992-03-30,XOM,CVX,252,0.5991073986515671
1992-03-31,XOM,CVX,252,0.5974052208009573
1992-04-01,XOM,CVX,252,0.5969686603101043
1992-04-02,XOM,CVX,252,0.5986061088163265
1992-04-03,XOM,CVX,252,0.6041365314970989
1992-04-06,XOM,CVX,252,0.6031400024432002
1992-04-07,XOM,CVX,252,0.6100958967448596
1992-04-08,XOM,CVX,252,0.6028649343294215
1992-04-09,XOM,CVX,252,0.5970993933444658
1992-04-10,XOM,CVX,252,0.6006558119719586
1992-04-13,XOM,CVX,252,0.6003220682758474
1992-04-14,XOM,CVX,252,0.6032106062784017
1992-04-15,XOM,CVX,252,0.6041783716487628
1992-04-16,XOM,CVX,252,0.6042236245672045
1992-04-20,XOM,CVX,252,0.605287442890865
1992-04-21,XOM,CVX,252,0.6025844850402378
1992-04-22,XOM,CVX,252,0.6051707237988813
1992-04-23,XOM,CVX,252,0.6054850764788938
1992-04-24,XOM,CVX,252,0.6045200638830549
1992-04-27,XOM,CVX,252,0.6031279814675775
1992-04-28,XOM,CVX,252,0.6033514899611767
1992-04-29,XOM,CVX,252,0.6018445472564453
1992-04-30,XOM,CVX,252,0.6048516447928087
1992-05-01,XOM,CVX,252,0.6062284463886692
1992-05-04,XOM,CVX,252,0.6134441388766158
1992-05-05,XOM,CVX,252,0.6127353840630883
1992-05-06,XOM,CVX,252,0.6154107132965043
1992-05-07,XOM,CVX,252,0.6179682748837915
1992-05-08,XOM,CVX,252,0.6057977626183253
1992-05-11,XOM,CVX,252,0.6063048124399179
1992-05-12,XOM,CVX,252,0.599803213109218
1992-05-13,XOM,CVX,252,0.5952017266661785
1992-05-14,XOM,CVX,252,0.5982364825431442
1992-05-15,XOM,CVX,252,0.6007997849919854
1992-05-18,XOM,CVX,252,0.5997386414149154
1992-05-19,XOM,CVX,252,0.5985915974200512
1992-05-20,XOM,CVX,252,0.602016172227014
1992-05-21,XOM,CVX,252,0.6024301866472555
1992-05-22,XOM,CVX,252,0.6063585468408743
1992-05-26,XOM,CVX,252,0.6374710053757336
1992-05-27,XOM,CVX,252,0.6435815213619963
1992-05-28,XOM,CVX,252,0.6436248092442135
1992-05-29,XOM,CVX,252,0.64427096570655
1992-06-01,XOM,CVX,252,0.6429974800422923
1992-06-02,XOM,CVX,252,0.6419793573586493
1992-06-03,XOM,CVX,252,0.6401595744565898
1992-06-04,XOM,CVX,252,0.63918832621575
1992-06-05,XOM,CVX,252,0.636573743391166
1992-06-08,XOM,CVX,252,0.6380744219301915
1992-06-09,XOM,CVX,252,0.6388006214705791
1992-06-10,XOM,CVX,252,0.6338636263079531
1992-06-11,XOM,CVX,252,0.6348700023703742
1992-06-12,XOM,CVX,252,0.6399833993909956
1992-06-15,XOM,CVX,252,0.6377096265024372
1992-06-16,XOM,CVX,252,0.6367968405200062
1992-06-17,XOM,CVX,252,0.6366928168923799
1992-06-18,XOM,CVX,252,0.639108943758407
1992-06-19,XOM,CVX,252,0.6363891847968585
1992-06-22,XOM,CVX,252,0.637293438844143
1992-06-23,XOM,CVX,252,0.6373156766486353
1992-06-24,XOM,CVX,252,0.6407821568579652
1992-06-25,XOM,CVX,252,0.6425727830786269
1992-06-26,XOM,CVX,252,0.6413660688321188
1992-06-29,XOM,CVX,252,0.639372677790579
1992-06-30,XOM,CVX,252,0.6395331946922732
1992-07-01,XOM,CVX,252,0.6340526274982083
1992-07-02,XOM,CVX,252,0.6350320378136224
1992-07-06,XOM,CVX,252,0.6306060998291655
1992-07-07,XOM,CVX,252,0.6281686432895889
1992-07-08,XOM,CVX,252,0.6266505079235998
1992-07-09,XOM,CVX,252,0.6251845154647175
1992-07-10,XOM,CVX,252,0.6226719764670081
1992-07-13,XOM,CVX,252,0.6209875901434689
1992-07-14,XOM,CVX,252,0.625872527924574
1992-07-15,XOM,CVX,252,0.6235243449873271
1992-07-16,XOM,CVX,252,0.6213126004022044
1992-07-17,XOM,CVX,252,0.621593837739149
1992-07-20,XOM,CVX,252,0.6222304317338067
1992-07-21,XOM,CVX,252,0.6208868485383672
1992-07-22,XOM,CVX,252,0.619399290367959
1992-07-23,XOM,CVX,252,0.6246310125107547
1992-07-24,XOM,CVX,252,0.6251129025300168
1992-07-27,XOM,CVX,252,0.6240836745237307
1992-07-28,XOM,CVX,252,0.6238328137573736
1992-07-29,XOM,CVX,252,0.6223796187917501
1992-07-30,XOM,CVX,252,0.625059421398844
1992-07-31,XOM,CVX,252,0.6240896507260455
1992-08-03,XOM,CVX,252,0.6235333265647713
1992-08-04,XOM,CVX,252,0.6228735596779944
1992-08-05,XOM,CVX,252,0.624785771288325
1992-08-06,XOM,CVX,252,0.6224141978188595
1992-08-07,XOM,CVX,252,0.6203753608489131
1992-08-10,XOM,CVX,252,0.6222980817907079
1992-08-11,XOM,CVX,252,0.6215575173552219
1992-08-12,XOM,CVX,252,0.6181425566369347
1992-08-13,XOM,CVX,252,0.6234672899855358
1992-08-14,XOM,CVX,252,0.6243046369700641
1992-08-17,XOM,CVX,252,0.6246525552334865
1992-08-18,XOM,CVX,252,0.6269497440250257
1992-08-19,XOM,CVX,252,0.6251744950661108
1992-08-20,XOM,CVX,252,0.6233602683557732
1992-08-21,XOM,CVX,252,0.6291198714757994
1992-08-24,XOM,CVX,252,0.6300482022462796
1992-08-25,XOM,CVX,252,0.6293710066539453
1992-08-26,XOM,CVX,252,0.6290956747432583
1992-08-27,XOM,CVX,252,0.6318303401737397
1992-08-28,XOM,CVX,252,0.6341497706881242
1992-08-31,XOM,CVX,252,0.6334111932498124
1992-09-01,XOM,CVX,252,0.6336190910579076
1992-09-02,XOM,CVX,252,0.6326354464022255
1992-09-03,XOM,CVX,252,0.6294370206762793
1992-09-04,XOM,CVX,252,0.6295424178655061
1992-09-08,XOM,CVX,252,0.6287201485479982
1992-09-09,XOM,CVX,252,0.6283911735156653
1992-09-10,XOM,CVX,252,0.6279797193217782
1992-09-11,XOM,CVX,252,0.6273254428239929
1992-09-14,XOM,CVX,252,0.6260013905583346
1992-09-15,XOM,CVX,252,0.6251361004047062
1992-09-16,XOM,CVX,252,0.6262389258119364
1992-09-17,XOM,CVX,252,0.6237674878763244
1992-09-18,XOM,CVX,252,0.6218516362718658
1992-09-21,XOM,CVX,252,0.6256412980744589
1992-09-22,XOM,CVX,252,0.6251615581656098
1992-09-23,XOM,CVX,252,0.6242954395462743
1992-09-24,XOM,CVX,252,0.6279364143620185
1992-09-25,XOM,CVX,252,0.6283406677323969
1992-09-28,XOM,CVX,252,0.6313875550995685
1992-09-29,XOM,CVX,252,0.6325112824413087
1992-09-30,XOM,CVX,252,0.6324438082022117
1992-10-01,XOM,CVX,252,0.6364299531735235
1992-10-02,XOM,CVX,252,0.6374557172189873
1992-10-05,XOM,CVX,252,0.6392948946078963
1992-10-06,XOM,CVX,252,0.6408484704797881
1992-10-07,XOM,CVX,252,0.6400685635434008
1992-10-08,XOM,CVX,252,0.6427136742232478
1992-10-09,XOM,CVX,252,0.6462970104971191
1992-10-12,XOM,CVX,252,0.6417628280517178
1992-10-13,XOM,CVX,252,0.6412136700930835
1992-10-14,XOM,CVX,252,0.6397196155269439
1992-10-15,XOM,CVX,252,0.6402443369764211
1992-10-16,XOM,CVX,252,0.6406649468155864
1992-10-19,XOM,CVX,252,0.6410844893470734
1992-10-20,XOM,CVX,252,0.6415984525940702
1992-10-21,XOM,CVX,252,0.6416621483671051
1992-10-22,XOM,CVX,252,0.6372211928036045
1992-10-23,XOM,CVX,252,0.6394336892065479
1992-10-26,XOM,CVX,252,0.636123052865237
1992-10-27,XOM,CVX,252,0.6364473426312125
1992-10-28,XOM,CVX,252,0.6365629579872109
1992-10-29,XOM,CVX,252,0.6369136033271442
1992-10-30,XOM,CVX,252,0.6385913158614115
1992-11-02,XOM,CVX,252,0.6335699040459039
1992-11-03,XOM,CVX,252,0.6358704423034862
1992-11-04,XOM,CVX,252,0.6323616498429153
1992-11-05,XOM,CVX,252,0.6307780473322212
1992-11-06,XOM,CVX,252,0.6281165812331518
1992-11-09,XOM,CVX,252,0.6288674509828264
1992-11-10,XOM,CVX,252,0.629409680489313
1992-11-11,XOM,CVX,252,0.629654994871271
1992-11-12,XOM,CVX,252,0.629159069368569
1992-11-13,XOM,CVX,252,0.6159129004844223
1992-11-16,XOM,CVX,252,0.614014925060266
1992-11-17,XOM,CVX,252,0.6155377754827293
1992-11-18,XOM,CVX,252,0.6154727687644846
1992-11-19,XOM,CVX,252,0.6136013654096295
1992-11-20,XOM,CVX,252,0.6069518765273088
1992-11-23,XOM,CVX,252,0.6090607668975484
1992-11-24,XOM,CVX,252,0.6091515424064553
1992-11-25,XOM,CVX,252,0.6106931546804165
1992-11-27,XOM,CVX,252,0.6121828658814998
1992-11-30,XOM,CVX,252,0.6100315270959942
1992-12-01,XOM,CVX,252,0.6135457957805452
1992-12-02,XOM,CVX,252,0.6145835132365106
1992-12-03,XOM,CVX,252,0.6123988316966517
1992-12-04,XOM,CVX,252,0.6119806448394488
1992-12-07,XOM,CVX,252,0.6079404936613754
1992-12-08,XOM,CVX,252,0.6111925355494181
1992-12-09,XOM,CVX,252,0.6106320408785864
1992-12-10,XOM,CVX,252,0.6083470047641764
1992-12-11,XOM,CVX,252,0.6085341852312066
1992-12-14,XOM,CVX,252,0.6080000253470477
1992-12-15,XOM,CVX,252,0.6079259700051998
1992-12-16,XOM,CVX,252,0.6077784876223503
1992-12-17,XOM,CVX,252,0.6077484391237776
1992-12-18,XOM,CVX,252,0.6077015694517381
1992-12-21,XOM,CVX,252,0.6106770198344664
1992-12-22,XOM,CVX,252,0.6154541840611492
1992-12-23,XOM,CVX,252,0.6163501063697568
1992-12-24,XOM,CVX,252,0.6164218768968898
1992-12-28,XOM,CVX,252,0.6166898076559917
1992-12-29,XOM,CVX,252,0.6226036828855054
1992-12-30,XOM,CVX,252,0.6231312028283014
1992-12-31,XOM,CVX,252,0.6233956526076797
1993-01-04,XOM,CVX,252,0.622391737603048
1993-01-05,XOM,CVX,252,0.6195764066981518
1993-01-06,XOM,CVX,252,0.617717868558364
1993-01-07,XOM,CVX,252,0.6153767214487765
1993-01-08,XOM,CVX,252,0.6145197403324474
1993-01-11,XOM,CVX,252,0.6142584096650291
1993-01-12,XOM,CVX,252,0.6108292089046446
1993-01-13,XOM,CVX,252,0.6101948341166378
1993-01-14,XOM,CVX,252,0.6093670224162868
1993-01-15,XOM,CVX,252,0.612699959189209
1993-01-18,XOM,CVX,252,0.61297291214004
1993-01-19,XOM,CVX,252,0.6106640101803157
1993-01-20,XOM,CVX,252,0.6022429558827851
1993-01-21,XOM,CVX,252,0.6029415638981512
1993-01-22,XOM,CVX,252,0.6125189751177001
1993-01-25,XOM,CVX,252,0.6305888559378203
1993-01-26,XOM,CVX,252,0.6317550267515374
1993-01-27,XOM,CVX,252,0.624418002745552
1993-01-28,XOM,CVX,252,0.6279248360638771
1993-01-29,XOM,CVX,252,0.6305203491063703
1993-02-01,XOM,CVX,252,0.6307702314949122
1993-02-02,XOM,CVX,252,0.6319800584741767
1993-02-03,XOM,CVX,252,0.6330518036814027
1993-02-04,XOM,CVX,252,0.6313455630818604
1993-02-05,XOM,CVX,252,0.6370852824013566
1993-02-08,XOM,CVX,252,0.6432129141984967
1993-02-09,XOM,CVX,252,0.6431303720197419
1993-02-10,XOM,CVX,252,0.6432717478930189
1993-02-11,XOM,CVX,252,0.6454780496208616
1993-02-12,XOM,CVX,252,0.6469869050177164
1993-02-16,XOM,CVX,252,0.6413750918398597
1993-02-17,XOM,CVX,252,0.6399645356065354
1993-02-18,XOM,CVX,252,0.6385250005589468
1993-02-19,XOM,CVX,252,0.6582714796937497
1993-02-22,XOM,CVX,252,0.6570758190108673
1993-02-23,XOM,CVX,252,0.6596616484502229
1993-02-24,XOM,CVX,252,0.6575227292144276
1993-02-25,XOM,CVX,252,0.6634701800767148
1993-02-26,XOM,CVX,252,0.6633811594776717
1993-03-01,XOM,CVX,252,0.6603673026965382
1993-03-02,XOM,CVX,252,0.6715360531374687
1993-03-03,XOM,CVX,252,0.6693853852854037
1993-03-04,XOM,CVX,252,0.6709542388523537
1993-03-05,XOM,CVX,252,0.6729972374983465
1993-03-08,XOM,CVX,252,0.6718870821510372
1993-03-09,XOM,CVX,252,0.6725750506725727
1993-03-10,XOM,CVX,252,0.6713470289359259
1993-03-11,XOM,CVX,252,0.6719225516727865
1993-03-12,XOM,CVX,252,0.669933239499637
1993-03-15,XOM,CVX,252,0.6674169431181181
1993-03-16,XOM,CVX,252,0.6682636965471263
1993-03-17,XOM,CVX,252,0.665390720203741
1993-03-18,XOM,CVX,252,0.6687605668421545
1993-03-19,XOM,CVX,252,0.6709049808790521
1993-03-22,XOM,CVX,252,0.6706801678694617
1993-03-23,XOM,CVX,252,0.6706813193660113
1993-03-24,XOM,CVX,252,0.6686220356430533
1993-03-25,XOM,CVX,252,0.6645817190831955
1993-03-26,XOM,CVX,252,0.6685169299421386
1993-03-29,XOM,CVX,252,0.6706418657734673
1993-03-30,XOM,CVX,252,0.6713068873641848
1993-03-31,XOM,CVX,252,0.670227615064396
1993-04-01,XOM,CVX,252,0.6707949110360991
1993-04-02,XOM,CVX,252,0.6648612760657031
1993-04-05,XOM,CVX,252,0.6669063979713713
1993-04-06,XOM,CVX,252,0.6622485440483885
1993-04-07,XOM,CVX,252,0.6658596215910187
1993-04-08,XOM,CVX,252,0.6657670888712522
1993-04-12,XOM,CVX,252,0.6638517654757696
1993-04-13,XOM,CVX,252,0.6630667417361418
1993-04-14,XOM,CVX,252,0.6609579452782962
1993-04-15,XOM,CVX,252,0.6623989343337399
1993-04-16,XOM,CVX,252,0.665854967213134
1993-04-19,XOM,CVX,252,0.6659596067107194
1993-04-20,XOM,CVX,252,0.6641076162121292
1993-04-21,XOM,CVX,252,0.661748715775455
1993-04-22,XOM,CVX,252,0.6597785476840959
1993-04-23,XOM,CVX,252,0.6658610008527598
1993-04-26,XOM,CVX,252,0.666404880629121
1993-04-27,XOM,CVX,252,0.6677718085131776
1993-04-28,XOM,CVX,252,0.6592426711949304
1993-04-29,XOM,CVX,252,0.6573672360170394
1993-04-30,XOM,CVX,252,0.6545811201611195
1993-05-03,XOM,CVX,252,0.6511141728703128
1993-05-04,XOM,CVX,252,0.6387584800398244
1993-05-05,XOM,CVX,252,0.636172907150756
1993-05-06,XOM,CVX,252,0.6358330804802859
1993-05-07,XOM,CVX,252,0.6360880362018995
1993-05-10,XOM,CVX,252,0.637848489918697
1993-05-11,XOM,CVX,252,0.6367057398875752
1993-05-12,XOM,CVX,252,0.641808181694934
1993-05-13,XOM,CVX,252,0.6426981147431959
1993-05-14,XOM,CVX,252,0.6363699261291429
1993-05-17,XOM,CVX,252,0.6357394079172478
1993-05-18,XOM,CVX,252,0.6373080557794599
1993-05-19,XOM,CVX,252,0.632685960244789
1993-05-20,XOM,CVX,252,0.6324048297135856
1993-05-21,XOM,CVX,252,0.628998894815649
1993-05-24,XOM,CVX,252,0.5911924732502664
1993-05-25,XOM,CVX,252,0.5797713641815724
1993-05-26,XOM,CVX,252,0.58002993136812
1993-05-27,XOM,CVX,252,0.5666733704254412
1993-05-28,XOM,CVX,252,0.5642330753278381
1993-06-01,XOM,CVX,252,0.5612187064395736
1993-06-02,XOM,CVX,252,0.562876930863616
1993-06-03,XOM,CVX,252,0.5628450915736396
1993-06-04,XOM,CVX,252,0.5646080368870955
1993-06-07,XOM,CVX,252,0.5639707028944595
1993-06-08,XOM,CVX,252,0.5647444822107311
1993-06-09,XOM,CVX,252,0.564917902640695
1993-06-10,XOM,CVX,252,0.5630046960633367
1993-06-11,XOM,CVX,252,0.5692376985186538
1993-06-14,XOM,CVX,252,0.5708780194810535
1993-06-15,XOM,CVX,252,0.5674306893417175
1993-06-16,XOM,CVX,252,0.5694022209313241
1993-06-17,XOM,CVX,252,0.562184656351959
1993-06-18,XOM,CVX,252,0.5728861795305698
1993-06-21,XOM,CVX,252,0.5708691955396863
1993-06-22,XOM,CVX,252,0.5696448948393733
1993-06-23,XOM,CVX,252,0.573871004233119
1993-06-24,XOM,CVX,252,0.5727640212477438
1993-06-25,XOM,CVX,252,0.5729859738400884
1993-06-28,XOM,CVX,252,0.5725374553079104
1993-06-29,XOM,CVX,252,0.5707614914896659
1993-06-30,XOM,CVX,252,0.5703294045078554
1993-07-01,XOM,CVX,252,0.5735635267004167
1993-07-02,XOM,CVX,252,0.5751717415279461
1993-07-06,XOM,CVX,252,0.5764193876494444
1993-07-07,XOM,CVX,252,0.5774515562223443
1993-07-08,XOM,CVX,252,0.5780322107000831
1993-07-09,XOM,CVX,252,0.5769132240106346
1993-07-12,XOM,CVX,252,0.5729147287072618
1993-07-13,XOM,CVX,252,0.5677055113872266
1993-07-14,XOM,CVX,252,0.5668917502729978
1993-07-15,XOM,CVX,252,0.5716694825853537
1993-07-16,XOM,CVX,252,0.5738066577442786
1993-07-19,XOM,CVX,252,0.5796363244969044
1993-07-20,XOM,CVX,252,0.5749326809167634
1993-07-21,XOM,CVX,252,0.5725037594810608
1993-07-22,XOM,CVX,252,0.5674391116455606
1993-07-23,XOM,CVX,252,0.5683832072036781
1993-07-26,XOM,CVX,252,0.5664990644520603
1993-07-27,XOM,CVX,252,0.5650198290328572
1993-07-28,XOM,CVX,252,0.5627100818709676
1993-07-29,XOM,CVX,252,0.5590411994224798
1993-07-30,XOM,CVX,252,0.5602023856117732
1993-08-02,XOM,CVX,252,0.5619006153405597
1993-08-03,XOM,CVX,252,0.5637868138934969
1993-08-04,XOM,CVX,252,0.5640285202472843
1993-08-05,XOM,CVX,252,0.5648156666182954
1993-08-06,XOM,CVX,252,0.5585982142391334
1993-08-09,XOM,CVX,252,0.5575562812194467
1993-08-10,XOM,CVX,252,0.5556166922513459
1993-08-11,XOM,CVX,252,0.5532910990406624
1993-08-12,XOM,CVX,252,0.5507883075836352
1993-08-13,XOM,CVX,252,0.5510471367960723
1993-08-16,XOM,CVX,252,0.5493196255752737
1993-08-17,XOM,CVX,252,0.5467333894766829
1993-08-18,XOM,CVX,252,0.5479193790569281
1993-08-19,XOM,CVX,252,0.5491968027512164
1993-08-20,XOM,CVX,252,0.5391180528539826
1993-08-23,XOM,CVX,252,0.5354722077241448
1993-08-24,XOM,CVX,252,0.5370420616852799
1993-08-25,XOM,CVX,252,0.538637377935944
1993-08-26,XOM,CVX,252,0.5392385468803552
1993-08-27,XOM,CVX,252,0.5400930133646722
1993-08-30,XOM,CVX,252,0.5400741756310737
1993-08-31,XOM,CVX,252,0.5402982632853166
1993-09-01,XOM,CVX,252,0.5388316250221453
1993-09-02,XOM,CVX,252,0.5406156820288643
1993-09-03,XOM,CVX,252,0.536334627071679
1993-09-07,XOM,CVX,252,0.5386571480248523
1993-09-08,XOM,CVX,252,0.5267060865133587
1993-09-09,XOM,CVX,252,0.5295407539366764
1993-09-10,XOM,CVX,252,0.5320937059835708
1993-09-13,XOM,CVX,252,0.5292033222826148
1993-09-14,XOM,CVX,252,0.5297851452269087
1993-09-15,XOM,CVX,252,0.5277711643492917
1993-09-16,XOM,CVX,252,0.5278832118750314
1993-09-17,XOM,CVX,252,0.532312903442487
1993-09-20,XOM,CVX,252,0.5317815647677573
1993-09-21,XOM,CVX,252,0.5298902643722576
1993-09-22,XOM,CVX,252,0.5314683264592186
1993-09-23,XOM,CVX,252,0.5320836755255205
1993-09-24,XOM,CVX,252,0.5315690527633674
1993-09-27,XOM,CVX,252,0.5211921872376997
1993-09-28,XOM,CVX,252,0.5176769093524549
1993-09-29,XOM,CVX,252,0.5235898279678062
1993-09-30,XOM,CVX,252,0.5162821537709203
1993-10-01,XOM,CVX,252,0.5159524313759711
1993-10-04,XOM,CVX,252,0.515316553837298
1993-10-05,XOM,CVX,252,0.5128316770094212
1993-10-06,XOM,CVX,252,0.5124747995368883
1993-10-07,XOM,CVX,252,0.51043372232326
1993-10-08,XOM,CVX,252,0.5049627929749488
1993-10-11,XOM,CVX,252,0.5077917797194536
1993-10-12,XOM,CVX,252,0.5087357251934538
1993-10-13,XOM,CVX,252,0.5117562760204526
1993-10-14,XOM,CVX,252,0.5123286429684634
1993-10-15,XOM,CVX,252,0.5120897936011173
1993-10-18,XOM,CVX,252,0.5086979239180699
1993-10-19,XOM,CVX,252,0.5069856996068788
1993-10-20,XOM,CVX,252,0.506901692130489
1993-10-21,XOM,CVX,252,0.5112815844703004
1993-10-22,XOM,CVX,252,0.5104449764656678
1993-10-25,XOM,CVX,252,0.5132815658717055
1993-10-26,XOM,CVX,252,0.513324309055041
1993-10-27,XOM,CVX,252,0.5128293558521072
1993-10-28,XOM,CVX,252,0.5119601134265459
1993-10-29,XOM,CVX,252,0.5052818173454048
1993-11-01,XOM,CVX,252,0.5066829804813622
1993-11-02,XOM,CVX,252,0.5002154824798641
1993-11-03,XOM,CVX,252,0.5051760213774648
1993-11-04,XOM,CVX,252,0.5062725077702689
1993-11-05,XOM,CVX,252,0.5051886360940832
1993-11-08,XOM,CVX,252,0.5052474566398294
1993-11-09,XOM,CVX,252,0.5040546379347053
1993-11-10,XOM,CVX,252,0.4995520224898848
1993-11-11,XOM,CVX,252,0.5013258392124216
1993-11-12,XOM,CVX,252,0.4998551851726725
1993-11-15,XOM,CVX,252,0.49986003574123267
1993-11-16,XOM,CVX,252,0.49930860975481767
1993-11-17,XOM,CVX,252,0.5047096019996608
1993-11-18,XOM,CVX,252,0.47104501028656637
1993-11-19,XOM,CVX,252,0.4717579012550182
1993-11-22,XOM,CVX,252,0.46754266220639756
1993-11-23,XOM,CVX,252,0.4669553288867492
1993-11-24,XOM,CVX,252,0.46601533974715437
1993-11-26,XOM,CVX,252,0.4847370721693725
1993-11-29,XOM,CVX,252,0.484723099158751
1993-11-30,XOM,CVX,252,0.4865909371671758
1993-12-01,XOM,CVX,252,0.4829659671608544
1993-12-02,XOM,CVX,252,0.48066114851912267
1993-12-03,XOM,CVX,252,0.48260604115445016
1993-12-06,XOM,CVX,252,0.4825900630193371
1993-12-07,XOM,CVX,252,0.48109212716110106
1993-12-08,XOM,CVX,252,0.4824398121462532
1993-12-09,XOM,CVX,252,0.48114647806650795
1993-12-10,XOM,CVX,252,0.48062267969795
1993-12-13,XOM,CVX,252,0.48124244309200487
1993-12-14,XOM,CVX,252,0.4796399254888001
1993-12-15,XOM,CVX,252,0.47739453807684223
1993-12-16,XOM,CVX,252,0.47658896575196746
1993-12-17,XOM,CVX,252,0.4773534064904435
1993-12-20,XOM,CVX,252,0.47400596839764286
1993-12-21,XOM,CVX,252,0.47137169602673373
1993-12-22,XOM,CVX,252,0.4674908670336818
1993-12-23,XOM,CVX,252,0.46734514509836167
1993-12-27,XOM,CVX,252,0.46906987781988596
1993-12-28,XOM,CVX,252,0.4692796825658642
1993-12-29,XOM,CVX,252,0.4710397989184695
1993-12-30,XOM,CVX,252,0.47085681803932
1993-12-31,XOM,CVX,252,0.47254082838995487
1994-01-03,XOM,CVX,252,0.47744539064405556
1994-01-04,XOM,CVX,252,0.4806230324949917
1994-01-05,XOM,CVX,252,0.4825701607295933
1994-01-06,XOM,CVX,252,0.4822994520411346
1994-01-07,XOM,CVX,252,0.4799526648901878
1994-01-10,XOM,CVX,252,0.48156967589079086
1994-01-11,XOM,CVX,252,0.48106565585177796
1994-01-12,XOM,CVX,252,0.47849198388710945
1994-01-13,XOM,CVX,252,0.4752762247461069
1994-01-14,XOM,CVX,252,0.47165155288253485
1994-01-17,XOM,CVX,252,0.4700638287069056
1994-01-18,XOM,CVX,252,0.47192011130452144
1994-01-19,XOM,CVX,252,0.4713892181624224
1994-01-20,XOM,CVX,252,0.4717904815732516
1994-01-21,XOM,CVX,252,0.4481522257373512
1994-01-24,XOM,CVX,252,0.44522178126718676
1994-01-25,XOM,CVX,252,0.44868130189631367
1994-01-26,XOM,CVX,252,0.44257478354489793
1994-01-27,XOM,CVX,252,0.4444710885635771
1994-01-28,XOM,CVX,252,0.4430725688606651
1994-01-31,XOM,CVX,252,0.44781348401039756
1994-02-01,XOM,CVX,252,0.44746951453181066
1994-02-02,XOM,CVX,252,0.44791774391675376
1994-02-03,XOM,CVX,252,0.4475243476470385
1994-02-04,XOM,CVX,252,0.4462219094238323
1994-02-07,XOM,CVX,252,0.44587770452957176
1994-02-08,XOM,CVX,252,0.4459606715416652
1994-02-09,XOM,CVX,252,0.44690658816951884
1994-02-10,XOM,CVX,252,0.44274143661559245
1994-02-11,XOM,CVX,252,0.43654409065670174
1994-02-14,XOM,CVX,252,0.43851220289961657
1994-02-15,XOM,CVX,252,0.4386578169404368
1994-02-16,XOM,CVX,252,0.41435469541713005
1994-02-17,XOM,CVX,252,0.4137307163719509
1994-02-18,XOM,CVX,252,0.4104905424416401
1994-02-22,XOM,CVX,252,0.41240929118661407
1994-02-23,XOM,CVX,252,0.4129686384589727
1994-02-24,XOM,CVX,252,0.4196243833194739
1994-02-25,XOM,CVX,252,0.4146197032873389
1994-02-28,XOM,CVX,252,0.40592212520968396
1994-03-01,XOM,CVX,252,0.40087341890375383
1994-03-02,XOM,CVX,252,0.4088408876436161
1994-03-03,XOM,CVX,252,0.4052367396610691
1994-03-04,XOM,CVX,252,0.40839039427118035
1994-03-07,XOM,CVX,252,0.40766028657185355
1994-03-08,XOM,CVX,252,0.4089440841630217
1994-03-09,XOM,CVX,252,0.4080382405093658
1994-03-10,XOM,CVX,252,0.40721072220644483
1994-03-11,XOM,CVX,252,0.4095486556755149
1994-03-14,XOM,CVX,252,0.40790303026682884
1994-03-15,XOM,CVX,252,0.4071683976575958
1994-03-16,XOM,CVX,252,0.4058224475641207
1994-03-17,XOM,CVX,252,0.4111767411540173
1994-03-18,XOM,CVX,252,0.41166944556667473
1994-03-21,XOM,CVX,252,0.41327942132234896
1994-03-22,XOM,CVX,252,0.41166020150786875
1994-03-23,XOM,CVX,252,0.4163887628979254
1994-03-24,XOM,CVX,252,0.4149847010169218
1994-03-25,XOM,CVX,252,0.4091288103355729
1994-03-28,XOM,CVX,252,0.41093562486461
1994-03-29,XOM,CVX,252,0.4119957652539326
1994-03-30,XOM,CVX,252,0.42942002803300006
1994-03-31,XOM,CVX,252,0.43218655967881886
1994-04-04,XOM,CVX,252,0.4181847569465386
1994-04-05,XOM,CVX,252,0.41525906619466296
1994-04-06,XOM,CVX,252,0.41485549142574984
1994-04-07,XOM,CVX,252,0.41537840916309554
1994-04-08,XOM,CVX,252,0.41715079003644756
1994-04-11,XOM,CVX,252,0.4200737925435963
1994-04-12,XOM,CVX,252,0.4198463295264852
1994-04-13,XOM,CVX,252,0.41625531107945224
1994-04-14,XOM,CVX,252,0.42557573306242336
1994-04-15,XOM,CVX,252,0.4230925267915819
1994-04-18,XOM,CVX,252,0.4283766758868738
1994-04-19,XOM,CVX,252,0.43119854422074294
1994-04-20,XOM,CVX,252,0.43130395608464456
1994-04-21,XOM,CVX,252,0.42812197664212553
1994-04-22,XOM,CVX,252,0.428350390119471
1994-04-25,XOM,CVX,252,0.4287898686398322
1994-04-26,XOM,CVX,252,0.4341063674138325
1994-04-28,XOM,CVX,252,0.442322791858156
1994-04-29,XOM,CVX,252,0.44210650890786474
1994-05-02,XOM,CVX,252,0.44784019440837214
1994-05-03,XOM,CVX,252,0.45966443859209627
1994-05-04,XOM,CVX,252,0.4642997914959542
1994-05-05,XOM,CVX,252,0.46517068287124974
1994-05-06,XOM,CVX,252,0.47709219531972424
1994-05-09,XOM,CVX,252,0.47597774891291017
1994-05-10,XOM,CVX,252,0.4767016671401026
1994-05-11,XOM,CVX,252,0.476151286365149
1994-05-12,XOM,CVX,252,0.4763558220282319
1994-05-13,XOM,CVX,252,0.47765879900258107
1994-05-16,XOM,CVX,252,0.47834521281284126
1994-05-17,XOM,CVX,252,0.47673886674321675
1994-05-18,XOM,CVX,252,0.4781143679094617
1994-05-19,XOM,CVX,252,0.47989792847684787
1994-05-20,XOM,CVX,252,0.4789003091573804
1994-05-23,XOM,CVX,252,0.4803909760163271
1994-05-24,XOM,CVX,252,0.47920908001581974
1994-05-25,XOM,CVX,252,0.47881179818085606
1994-05-26,XOM,CVX,252,0.4849767211176633
1994-05-27,XOM,CVX,252,0.4884032836354507
1994-05-31,XOM,CVX,252,0.4913290364713618
1994-06-01,XOM,CVX,252,0.48618160537528177
1994-06-02,XOM,CVX,252,0.48679409136566615
1994-06-03,XOM,CVX,252,0.4863622986555902
1994-06-06,XOM,CVX,252,0.4870557812311579
1994-06-07,XOM,CVX,252,0.4901122781573399
1994-06-08,XOM,CVX,252,0.49093265713737
1994-06-09,XOM,CVX,252,0.4935818359512669
1994-06-10,XOM,CVX,252,0.4802371276465376
1994-06-13,XOM,CVX,252,0.476525336186878
1994-06-14,XOM,CVX,252,0.48171051020112693
1994-06-15,XOM,CVX,252,0.46514760722334714
1994-06-16,XOM,CVX,252,0.4444385039378205
1994-06-17,XOM,CVX,252,0.4353858737109841
1994-06-20,XOM,CVX,252,0.43644488634863726
1994-06-21,XOM,CVX,252,0.4369373648697777
1994-06-22,XOM,CVX,252,0.431923008720979
1994-06-23,XOM,CVX,252,0.4336579858777633
1994-06-24,XOM,CVX,252,0.44342310711631483
1994-06-27,XOM,CVX,252,0.4375345284765356
1994-06-28,XOM,CVX,252,0.4399510301368064
1994-06-29,XOM,CVX,252,0.4392090018111619
1994-06-30,XOM,CVX,252,0.4331579235406774
1994-07-01,XOM,CVX,252,0.43290919679748985
1994-07-05,XOM,CVX,252,0.42719934100847146
1994-07-06,XOM,CVX,252,0.42714801897657473
1994-07-07,XOM,CVX,252,0.4246262761255056
1994-07-08,XOM,CVX,252,0.42844469326846857
1994-07-11,XOM,CVX,252,0.43375247486966223
1994-07-12,XOM,CVX,252,0.43219047878769634
1994-07-13,XOM,CVX,252,0.4328315003842039
1994-07-14,XOM,CVX,252,0.4284199222443312
1994-07-15,XOM,CVX,252,0.42385438939674314
1994-07-18,XOM,CVX,252,0.4158717541494573
1994-07-19,XOM,CVX,252,0.41957220398052536
1994-07-20,XOM,CVX,252,0.4211824969665276
1994-07-21,XOM,CVX,252,0.4211455735175967
1994-07-22,XOM,CVX,252,0.4158470695961456
1994-07-25,XOM,CVX,252,0.4143989593490374
1994-07-26,XOM,CVX,252,0.41404765023920587
1994-07-27,XOM,CVX,252,0.41585281457288314
1994-07-28,XOM,CVX,252,0.4187145204135893
1994-07-29,XOM,CVX,252,0.4208061587164627
1994-08-01,XOM,CVX,252,0.4157855878219977
1994-08-02,XOM,CVX,252,0.4146491654502126
1994-08-03,XOM,CVX,252,0.4117469957486084
1994-08-04,XOM,CVX,252,0.41069068139074955
1994-08-05,XOM,CVX,252,0.41522806507097576
1994-08-08,XOM,CVX,252,0.40984840560353364
1994-08-09,XOM,CVX,252,0.41274722819748677
1994-08-10,XOM,CVX,252,0.41736762417819046
1994-08-11,XOM,CVX,252,0.42125902624580414
1994-08-12,XOM,CVX,252,0.39733282633621175
1994-08-15,XOM,CVX,252,0.3996913516018288
1994-08-16,XOM,CVX,252,0.39486993891792677
1994-08-17,XOM,CVX,252,0.39417846098473813
1994-08-18,XOM,CVX,252,0.3953388135233163
1994-08-19,XOM,CVX,252,0.3945808439480864
1994-08-22,XOM,CVX,252,0.39493750667982785
1994-08-23,XOM,CVX,252,0.3943188526443824
1994-08-24,XOM,CVX,252,0.39994053341099634
1994-08-25,XOM,CVX,252,0.40151625765861376
1994-08-26,XOM,CVX,252,0.3946173696647527
1994-08-29,XOM,CVX,252,0.3947675595773262
1994-08-30,XOM,CVX,252,0.39185933975539045
1994-08-31,XOM,CVX,252,0.3929305752034407
1994-09-01,XOM,CVX,252,0.3925630233357657
1994-09-02,XOM,CVX,252,0.39515448551371507
1994-09-06,XOM,CVX,252,0.3925982124598518
1994-09-07,XOM,CVX,252,0.4028468000151094
1994-09-08,XOM,CVX,252,0.39920846740589266
1994-09-09,XOM,CVX,252,0.3965380006248598
1994-09-12,XOM,CVX,252,0.3956477415869416
1994-09-13,XOM,CVX,252,0.39472042424655635
1994-09-14,XOM,CVX,252,0.39530253427817724
1994-09-15,XOM,CVX,252,0.3973041792959195
1994-09-16,XOM,CVX,252,0.3811956496455966
1994-09-19,XOM,CVX,252,0.3882380581027676
1994-09-20,XOM,CVX,252,0.3925200733047192
1994-09-21,XOM,CVX,252,0.39260414991577036
1994-09-22,XOM,CVX,252,0.3877113763242746
1994-09-23,XOM,CVX,252,0.38686758300582286
1994-09-26,XOM,CVX,252,0.3903554134727526
1994-09-27,XOM,CVX,252,0.39038740479677414
1994-09-28,XOM,CVX,252,0.3812275499501213
1994-09-29,XOM,CVX,252,0.3888838481768155
1994-09-30,XOM,CVX,252,0.3854722804356093
1994-10-03,XOM,CVX,252,0.3826799180360507
1994-10-04,XOM,CVX,252,0.3876082656210689
1994-10-05,XOM,CVX,252,0.3900212073369963
1994-10-06,XOM,CVX,252,0.3893780212799315
1994-10-07,XOM,CVX,252,0.4024951368951049
1994-10-10,XOM,CVX,252,0.4025945295454796
1994-10-11,XOM,CVX,252,0.4043223958250585
1994-10-12,XOM,CVX,252,0.4040359874655992
1994-10-13,XOM,CVX,252,0.4028335337243952
1994-10-14,XOM,CVX,252,0.4030317126323637
1994-10-17,XOM,CVX,252,0.4058323428915556
1994-10-18,XOM,CVX,252,0.40537592328690025
1994-10-19,XOM,CVX,252,0.4055678036933409
1994-10-20,XOM,CVX,252,0.40536255306611674
1994-10-21,XOM,CVX,252,0.4058084730482928
1994-10-24,XOM,CVX,252,0.40194990571246714
1994-10-25,XOM,CVX,252,0.40296590849667074
1994-10-26,XOM,CVX,252,0.40677726575194056
1994-10-27,XOM,CVX,252,0.4136854275475007
1994-10-28,XOM,CVX,252,0.416358674425256
1994-10-31,XOM,CVX,252,0.41392466530906535
1994-11-01,XOM,CVX,252,0.4189645014518712
1994-11-02,XOM,CVX,252,0.416227251002032
1994-11-03,XOM,CVX,252,0.4192633066323438
1994-11-04,XOM,CVX,252,0.4230899323014678
1994-11-07,XOM,CVX,252,0.42184207883341446
1994-11-08,XOM,CVX,252,0.42149203687523384
1994-11-09,XOM,CVX,252,0.4272144544787537
1994-11-10,XOM,CVX,252,0.4286044546280671
1994-11-11,XOM,CVX,252,0.4306402465454644
1994-11-14,XOM,CVX,252,0.4301600298275656
1994-11-15,XOM,CVX,252,0.4304143468555302
1994-11-16,XOM,CVX,252,0.4242656185556257
1994-11-17,XOM,CVX,252,0.45506175183319525
1994-11-18,XOM,CVX,252,0.4573031995557868
1994-11-21,XOM,CVX,252,0.4492198593128489
1994-11-22,XOM,CVX,252,0.44481749722587627
1994-11-23,XOM,CVX,252,0.4456889916029597
1994-11-25,XOM,CVX,252,0.42548262277504045
1994-11-28,XOM,CVX,252,0.42523063780500386
1994-11-29,XOM,CVX,252,0.4206137872438355
1994-11-30,XOM,CVX,252,0.42264474002034635
1994-12-01,XOM,CVX,252,0.43088398484283585
1994-12-02,XOM,CVX,252,0.42229224489199796
1994-12-05,XOM,CVX,252,0.4174731337221994
1994-12-06,XOM,CVX,252,0.41861869675822694
1994-12-07,XOM,CVX,252,0.41262931156693244
1994-12-08,XOM,CVX,252,0.4123283210856468
1994-12-09,XOM,CVX,252,0.41198459369978063
1994-12-12,XOM,CVX,252,0.41325686986550136
1994-12-13,XOM,CVX,252,0.4092400780113539
1994-12-14,XOM,CVX,252,0.4113006186946004
1994-12-15,XOM,CVX,252,0.411035258024449
1994-12-16,XOM,CVX,252,0.4118574678066754
1994-12-19,XOM,CVX,252,0.414138324621579
1994-12-20,XOM,CVX,252,0.4137742317648427
1994-12-21,XOM,CVX,252,0.414700243940765
1994-12-22,XOM,CVX,252,0.41487821754850396
1994-12-23,XOM,CVX,252,0.41099591903351024
1994-12-27,XOM,CVX,252,0.4117319399506304
1994-12-28,XOM,CVX,252,0.41011901543931184
1994-12-29,XOM,CVX,252,0.410385001113394
1994-12-30,XOM,CVX,252,0.4054252699447811
1995-01-03,XOM,CVX,252,0.4035510468274065
1995-01-04,XOM,CVX,252,0.4018514505970103
1995-01-05,XOM,CVX,252,0.40040647885585867
1995-01-06,XOM,CVX,252,0.39839913436809765
1995-01-09,XOM,CVX,252,0.402291358686028
1995-01-10,XOM,CVX,252,0.40216872868456827
1995-01-11,XOM,CVX,252,0.4035853173185731
1995-01-12,XOM,CVX,252,0.40601401517639996
1995-01-13,XOM,CVX,252,0.4111033286223402
1995-01-16,XOM,CVX,252,0.4139327785462432
1995-01-17,XOM,CVX,252,0.4170645939160281
1995-01-18,XOM,CVX,252,0.4215863435415777
1995-01-19,XOM,CVX,252,0.4203840948831235
1995-01-20,XOM,CVX,252,0.4223370401437452
1995-01-23,XOM,CVX,252,0.4203928462268971
1995-01-24,XOM,CVX,252,0.4163564971504341
1995-01-25,XOM,CVX,252,0.4171521397803837
1995-01-26,XOM,CVX,252,0.4144862368114286
1995-01-27,XOM,CVX,252,0.41516205188368027
1995-01-30,XOM,CVX,252,0.4129764938039888
1995-01-31,XOM,CVX,252,0.40730456901492296
1995-02-01,XOM,CVX,252,0.4056472460879724
1995-02-02,XOM,CVX,252,0.40099115254082596
1995-02-03,XOM,CVX,252,0.40345849175953297
1995-02-06,XOM,CVX,252,0.4003166984975391
1995-02-07,XOM,CVX,252,0.3993129719841844
1995-02-08,XOM,CVX,252,0.4003936524305332
1995-02-09,XOM,CVX,252,0.39956240488816586
1995-02-10,XOM,CVX,252,0.39721846882731454
1995-02-13,XOM,CVX,252,0.40623480950303226
1995-02-14,XOM,CVX,252,0.40684035403345054
1995-02-15,XOM,CVX,252,0.40785189926704213
1995-02-16,XOM,CVX,252,0.4073841404010597
1995-02-17,XOM,CVX,252,0.4069200571957346
1995-02-21,XOM,CVX,252,0.40594617088766377
1995-02-22,XOM,CVX,252,0.40471446502401665
1995-02-23,XOM,CVX,252,0.4055920859125323
1995-02-24,XOM,CVX,252,0.3981936715748524
1995-02-27,XOM,CVX,252,0.40284635217481074
1995-02-28,XOM,CVX,252,0.40796215208370123
1995-03-01,XOM,CVX,252,0.4106916017144407
1995-03-02,XOM,CVX,252,0.40292009182308336
1995-03-03,XOM,CVX,252,0.4025265450017216
1995-03-06,XOM,CVX,252,0.4045310331328681
1995-03-07,XOM,CVX,252,0.4044711127450369
1995-03-08,XOM,CVX,252,0.40679651617595736
1995-03-09,XOM,CVX,252,0.40711374278562995
1995-03-10,XOM,CVX,252,0.40980869975549994
1995-03-13,XOM,CVX,252,0.4100774645189724
1995-03-14,XOM,CVX,252,0.409251427247715
1995-03-15,XOM,CVX,252,0.4095067823635364
1995-03-16,XOM,CVX,252,0.41222554977719
1995-03-17,XOM,CVX,252,0.4069104519668161
1995-03-20,XOM,CVX,252,0.40650276654040973
1995-03-21,XOM,CVX,252,0.40534485501076783
1995-03-22,XOM,CVX,252,0.4071367766822296
1995-03-23,XOM,CVX,252,0.40755502308602076
1995-03-24,XOM,CVX,252,0.40904904855167845
1995-03-27,XOM,CVX,252,0.40700980564266936
1995-03-28,XOM,CVX,252,0.40619912015260123
1995-03-29,XOM,CVX,252,0.40747034355163464
1995-03-30,XOM,CVX,252,0.38792994350936344
1995-03-31,XOM,CVX,252,0.3918021447803429
1995-04-03,XOM,CVX,252,0.3958888915996667
1995-04-04,XOM,CVX,252,0.4008266209849319
1995-04-05,XOM,CVX,252,0.3988227457300524
1995-04-06,XOM,CVX,252,0.40410906651842315
1995-04-07,XOM,CVX,252,0.4011298020288923
1995-04-10,XOM,CVX,252,0.398358893435304
1995-04-11,XOM,CVX,252,0.3986474101776663
1995-04-12,XOM,CVX,252,0.3988076901395986
1995-04-13,XOM,CVX,252,0.38805507230281255
1995-04-17,XOM,CVX,252,0.3895548267895613
1995-04-18,XOM,CVX,252,0.3921249033256022
1995-04-19,XOM,CVX,252,0.38711235228660656
1995-04-20,XOM,CVX,252,0.3970807930479491
1995-04-21,XOM,CVX,252,0.39698734431852145
1995-04-24,XOM,CVX,252,0.39669517634508705
1995-04-25,XOM,CVX,252,0.39514851461661243
1995-04-26,XOM,CVX,252,0.3907000681594053
1995-04-27,XOM,CVX,252,0.37669813115254785
1995-04-28,XOM,CVX,252,0.37665185207221713
1995-05-01,XOM,CVX,252,0.38382635234863555
1995-05-02,XOM,CVX,252,0.38421960467765615
1995-05-03,XOM,CVX,252,0.3815920672046043
1995-05-04,XOM,CVX,252,0.3808252769430923
1995-05-05,XOM,CVX,252,0.3642521477300256
1995-05-08,XOM,CVX,252,0.3628918706084715
1995-05-09,XOM,CVX,252,0.36289067139772674
1995-05-10,XOM,CVX,252,0.36278940430652734
1995-05-11,XOM,CVX,252,0.3621098250999509
1995-05-12,XOM,CVX,252,0.3632876363276367
1995-05-15,XOM,CVX,252,0.3686784296901895
1995-05-16,XOM,CVX,252,0.3723193543165419
1995-05-17,XOM,CVX,252,0.3722056913208759
1995-05-18,XOM,CVX,252,0.37432058112274835
1995-05-19,XOM,CVX,252,0.3763372663475242
1995-05-22,XOM,CVX,252,0.37377655939974525
1995-05-23,XOM,CVX,252,0.38259496109950786
1995-05-24,XOM,CVX,252,0.3822269908567349
1995-05-25,XOM,CVX,252,0.3827555369593451
1995-05-26,XOM,CVX,252,0.3882061921615578
1995-05-30,XOM,CVX,252,0.3908588693204204
1995-05-31,XOM,CVX,252,0.40087780670639056
1995-06-01,XOM,CVX,252,0.399833063087525
1995-06-02,XOM,CVX,252,0.4030489329649497
1995-06-05,XOM,CVX,252,0.4021187880269193
1995-06-06,XOM,CVX,252,0.40394850497986984
1995-06-07,XOM,CVX,252,0.40302456608685644
1995-06-08,XOM,CVX,252,0.4016881071035986
1995-06-09,XOM,CVX,252,0.4006348268625667
1995-06-12,XOM,CVX,252,0.39606323457512255
1995-06-13,XOM,CVX,252,0.39487008002223006
1995-06-14,XOM,CVX,252,0.4093779554787771
1995-06-15,XOM,CVX,252,0.43731655474077746
1995-06-16,XOM,CVX,252,0.433649330683312
1995-06-19,XOM,CVX,252,0.43464321242840925
1995-06-20,XOM,CVX,252,0.4479912577468963
1995-06-21,XOM,CVX,252,0.45151517239383643
1995-06-22,XOM,CVX,252,0.4517207995968242
1995-06-23,XOM,CVX,252,0.4435333450062209
1995-06-26,XOM,CVX,252,0.44284527294222115
1995-06-27,XOM,CVX,252,0.44305121663894026
1995-06-28,XOM,CVX,252,0.4542899528255385
1995-06-29,XOM,CVX,252,0.454405201042945
1995-06-30,XOM,CVX,252,0.45801185714093934
1995-07-03,XOM,CVX,252,0.4588283937990437
1995-07-05,XOM,CVX,252,0.4586728948747328
1995-07-06,XOM,CVX,252,0.4600819916394944
1995-07-07,XOM,CVX,252,0.4552689229243411
1995-07-10,XOM,CVX,252,0.45540506400898206
1995-07-11,XOM,CVX,252,0.45650319081484136
1995-07-12,XOM,CVX,252,0.4569567728120355
1995-07-13,XOM,CVX,252,0.4612615339509137
1995-07-14,XOM,CVX,252,0.46391839197039186
1995-07-17,XOM,CVX,252,0.46492174488234334
1995-07-18,XOM,CVX,252,0.4613253983941221
1995-07-19,XOM,CVX,252,0.460524651367881
1995-07-20,XOM,CVX,252,0.45007498436746873
1995-07-21,XOM,CVX,252,0.4514409151564833
1995-07-24,XOM,CVX,252,0.4443240058369807
1995-07-25,XOM,CVX,252,0.4453737122329209
1995-07-26,XOM,CVX,252,0.44750451274727104
1995-07-27,XOM,CVX,252,0.44539621799493706
1995-07-28,XOM,CVX,252,0.44361751449517006
1995-07-31,XOM,CVX,252,0.44925856298692735
1995-08-01,XOM,CVX,252,0.43828607469823755
1995-08-02,XOM,CVX,252,0.4382409479406642
1995-08-03,XOM,CVX,252,0.4384426486633641
1995-08-04,XOM,CVX,252,0.4384467862273905
1995-08-07,XOM,CVX,252,0.44002908873664887
1995-08-08,XOM,CVX,252,0.43972446027950857
1995-08-09,XOM,CVX,252,0.4407047301435376
1995-08-10,XOM,CVX,252,0.43574433436691473
1995-08-11,XOM,CVX,252,0.46587975042284924
1995-08-14,XOM,CVX,252,0.4633246248989551
1995-08-15,XOM,CVX,252,0.4720687638702021
1995-08-16,XOM,CVX,252,0.47323933159487236
1995-08-17,XOM,CVX,252,0.47191159330470905
1995-08-18,XOM,CVX,252,0.4722492324707765
1995-08-21,XOM,CVX,252,0.47322270453945464
1995-08-22,XOM,CVX,252,0.47129392406222287
1995-08-23,XOM,CVX,252,0.46507038990437766
1995-08-24,XOM,CVX,252,0.46118140456973944
1995-08-25,XOM,CVX,252,0.4691439724022289
1995-08-28,XOM,CVX,252,0.4662551998230162
1995-08-29,XOM,CVX,252,0.46865761682552126
1995-08-30,XOM,CVX,252,0.4682223124467815
1995-08-31,XOM,CVX,252,0.46950681197596383
1995-09-01,XOM,CVX,252,0.4737789490052404
1995-09-05,XOM,CVX,252,0.47623563243549216
1995-09-06,XOM,CVX,252,0.4764193384194144
1995-09-07,XOM,CVX,252,0.46477938918428924
1995-09-08,XOM,CVX,252,0.46458615746965604
1995-09-11,XOM,CVX,252,0.4689899689753156
1995-09-12,XOM,CVX,252,0.4739162423806223
1995-09-13,XOM,CVX,252,0.468205434058393
1995-09-14,XOM,CVX,252,0.46897798518596195
1995-09-15,XOM,CVX,252,0.4829400265397347
1995-09-18,XOM,CVX,252,0.478523950076929
1995-09-19,XOM,CVX,252,0.47420550851139787
1995-09-20,XOM,CVX,252,0.4720000099589653
1995-09-21,XOM,CVX,252,0.4799363871928651
1995-09-22,XOM,CVX,252,0.4808601492884332
1995-09-25,XOM,CVX,252,0.4795160365898102
1995-09-26,XOM,CVX,252,0.48464456350098534
1995-09-27,XOM,CVX,252,0.4855075466612791
1995-09-28,XOM,CVX,252,0.48571198739427535
1995-09-29,XOM,CVX,252,0.4886529407336853
1995-10-02,XOM,CVX,252,0.4883306623404434
1995-10-03,XOM,CVX,252,0.48494597691323926
1995-10-04,XOM,CVX,252,0.4926114758389946
1995-10-05,XOM,CVX,252,0.4946483188771351
1995-10-06,XOM,CVX,252,0.481851175126008
1995-10-09,XOM,CVX,252,0.47863980747361556
1995-10-10,XOM,CVX,252,0.4774332983017505
1995-10-11,XOM,CVX,252,0.4777452886396409
1995-10-12,XOM,CVX,252,0.4802580645182322
1995-10-13,XOM,CVX,252,0.47130222667079236
1995-10-16,XOM,CVX,252,0.4730782360155824
1995-10-17,XOM,CVX,252,0.4727492601867739
1995-10-18,XOM,CVX,252,0.47245784683359293
1995-10-19,XOM,CVX,252,0.47304441816230713
1995-10-20,XOM,CVX,252,0.4746187602304772
1995-10-23,XOM,CVX,252,0.4760894031078684
1995-10-24,XOM,CVX,252,0.47453937459331264
1995-10-25,XOM,CVX,252,0.46574011928843156
1995-10-26,XOM,CVX,252,0.4597349093047475
1995-10-27,XOM,CVX,252,0.45911021426953696
1995-10-30,XOM,CVX,252,0.45757985600672396
1995-10-31,XOM,CVX,252,0.45290896593753077
1995-11-01,XOM,CVX,252,0.45593692904794053
1995-11-02,XOM,CVX,252,0.45043558942372597
1995-11-03,XOM,CVX,252,0.45024565236962705
1995-11-06,XOM,CVX,252,0.4476543164992911
1995-11-07,XOM,CVX,252,0.44797111062656336
1995-11-08,XOM,CVX,252,0.4354665409256174
1995-11-09,XOM,CVX,252,0.4304382173115201
1995-11-10,XOM,CVX,252,0.43046245677953426
1995-11-13,XOM,CVX,252,0.43390194915171226
1995-11-14,XOM,CVX,252,0.43472870922286005
1995-11-15,XOM,CVX,252,0.4333054257762847
1995-11-16,XOM,CVX,252,0.43075200276082165
1995-11-17,XOM,CVX,252,0.4371950430136187
1995-11-20,XOM,CVX,252,0.44769891363057024
1995-11-21,XOM,CVX,252,0.452858454031497
1995-11-22,XOM,CVX,252,0.46073279818125945
1995-11-24,XOM,CVX,252,0.46123788669914995
1995-11-27,XOM,CVX,252,0.46176991712201604
1995-11-28,XOM,CVX,252,0.4624769072007522
1995-11-29,XOM,CVX,252,0.4613112911906414
1995-11-30,XOM,CVX,252,0.45422819762407385
1995-12-01,XOM,CVX,252,0.46370585287752564
1995-12-04,XOM,CVX,252,0.47370285552047203
1995-12-05,XOM,CVX,252,0.47422904274718536
1995-12-06,XOM,CVX,252,0.47843525310750207
1995-12-07,XOM,CVX,252,0.47794109992798883
1995-12-08,XOM,CVX,252,0.4802189284937182
1995-12-11,XOM,CVX,252,0.4955874714367961
1995-12-12,XOM,CVX,252,0.5029200285502665
1995-12-13,XOM,CVX,252,0.5056795451154835
1995-12-14,XOM,CVX,252,0.5245834984042725
1995-12-15,XOM,CVX,252,0.5195124642861605
1995-12-18,XOM,CVX,252,0.5320957159753039
1995-12-19,XOM,CVX,252,0.5332447425657457
1995-12-20,XOM,CVX,252,0.5237118976040939
1995-12-21,XOM,CVX,252,0.5251017152956399
1995-12-22,XOM,CVX,252,0.5255650952328123
1995-12-26,XOM,CVX,252,0.5252405239885546
1995-12-27,XOM,CVX,252,0.5250589662208801
1995-12-28,XOM,CVX,252,0.5243598507531405
1995-12-29,XOM,CVX,252,0.526464023223662
1996-01-02,XOM,CVX,252,0.5226147963487692
1996-01-03,XOM,CVX,252,0.5225105240763995
1996-01-04,XOM,CVX,252,0.5214509541752566
1996-01-05,XOM,CVX,252,0.5275517522992929
1996-01-08,XOM,CVX,252,0.5273636872597687
1996-01-09,XOM,CVX,252,0.5202806692541448
1996-01-10,XOM,CVX,252,0.5449302259635606
1996-01-11,XOM,CVX,252,0.5451491879551368
1996-01-12,XOM,CVX,252,0.5457339124593004
1996-01-15,XOM,CVX,252,0.5413212523760774
1996-01-16,XOM,CVX,252,0.5392199162114952
1996-01-17,XOM,CVX,252,0.5365815381325173
1996-01-18,XOM,CVX,252,0.534144489507447
1996-01-19,XOM,CVX,252,0.5316837210201287
1996-01-22,XOM,CVX,252,0.5361496112347762
1996-01-23,XOM,CVX,252,0.5534902047283068
1996-01-24,XOM,CVX,252,0.553530306882312
1996-01-25,XOM,CVX,252,0.5575205085652724
1996-01-26,XOM,CVX,252,0.5560810562750976
1996-01-29,XOM,CVX,252,0.5571784801243039
1996-01-30,XOM,CVX,252,0.5608512668307469
1996-01-31,XOM,CVX,252,0.5595942357383218
1996-02-01,XOM,CVX,252,0.5656505220005674
1996-02-02,XOM,CVX,252,0.5656294939672688
1996-02-05,XOM,CVX,252,0.5679343050165937
1996-02-06,XOM,CVX,252,0.5675515020487591
1996-02-07,XOM,CVX,252,0.5673441105093462
1996-02-08,XOM,CVX,252,0.5732279447314059
1996-02-09,XOM,CVX,252,0.5663424709627569
1996-02-12,XOM,CVX,252,0.5656852729512337
1996-02-13,XOM,CVX,252,0.5644087383262998
1996-02-14,XOM,CVX,252,0.5658304741837991
1996-02-15,XOM,CVX,252,0.5664934886369654
1996-02-16,XOM,CVX,252,0.5671028880691785
1996-02-20,XOM,CVX,252,0.5661941497469959
1996-02-21,XOM,CVX,252,0.5678828154525105
1996-02-22,XOM,CVX,252,0.5741302898472656
1996-02-23,XOM,CVX,252,0.5791465606982727
1996-02-26,XOM,CVX,252,0.5838351816456594
1996-02-27,XOM,CVX,252,0.5849992309236743
1996-02-28,XOM,CVX,252,0.5886530869537326
1996-02-29,XOM,CVX,252,0.5926614205139978
1996-03-01,XOM,CVX,252,0.5924737546877182
1996-03-04,XOM,CVX,252,0.5915108879690852
1996-03-05,XOM,CVX,252,0.5840758302748358
1996-03-06,XOM,CVX,252,0.584318881019765
1996-03-07,XOM,CVX,252,0.5817854567540975
1996-03-08,XOM,CVX,252,0.5970165419974703
1996-03-11,XOM,CVX,252,0.5957203811310458
1996-03-12,XOM,CVX,252,0.5965867019257821
1996-03-13,XOM,CVX,252,0.5975696743645615
1996-03-14,XOM,CVX,252,0.5990521395265689
1996-03-15,XOM,CVX,252,0.6058096935225731
1996-03-18,XOM,CVX,252,0.6176408689679451
1996-03-19,XOM,CVX,252,0.615061486308193
1996-03-20,XOM,CVX,252,0.6196835176973623
1996-03-21,XOM,CVX,252,0.6195215571613745
1996-03-22,XOM,CVX,252,0.6159008820559161
1996-03-25,XOM,CVX,252,0.6182248636865868
1996-03-26,XOM,CVX,252,0.6228326367570565
1996-03-27,XOM,CVX,252,0.61816104117793
1996-03-28,XOM,CVX,252,0.6170132604146036
1996-03-29,XOM,CVX,252,0.6221334225760258
1996-04-01,XOM,CVX,252,0.6232046727744999
1996-04-02,XOM,CVX,252,0.6225078669126268
1996-04-03,XOM,CVX,252,0.6243734448203095
1996-04-04,XOM,CVX,252,0.6199562768946937
1996-04-08,XOM,CVX,252,0.6254202410056897
1996-04-09,XOM,CVX,252,0.6254252570295492
1996-04-10,XOM,CVX,252,0.6271643948156626
1996-04-11,XOM,CVX,252,0.627304653265007
1996-04-12,XOM,CVX,252,0.62836777301511
1996-04-15,XOM,CVX,252,0.6332828037436345
1996-04-16,XOM,CVX,252,0.6320233453358017
1996-04-17,XOM,CVX,252,0.6321672532166047
1996-04-18,XOM,CVX,252,0.6290096609772703
1996-04-19,XOM,CVX,252,0.6285555548712692
1996-04-22,XOM,CVX,252,0.6288490718086208
1996-04-23,XOM,CVX,252,0.6388585604908942
1996-04-24,XOM,CVX,252,0.6370124488310596
1996-04-25,XOM,CVX,252,0.639289757213664
1996-04-26,XOM,CVX,252,0.6388682630629277
1996-04-29,XOM,CVX,252,0.6354291534374624
1996-04-30,XOM,CVX,252,0.6363707859095482
1996-05-01,XOM,CVX,252,0.6365682860334192
1996-05-02,XOM,CVX,252,0.6386656621571646
1996-05-03,XOM,CVX,252,0.6390702141339704
1996-05-06,XOM,CVX,252,0.6373087380332877
1996-05-07,XOM,CVX,252,0.6363931998466275
1996-05-08,XOM,CVX,252,0.6389982210399198
1996-05-09,XOM,CVX,252,0.6397156946397246
1996-05-10,XOM,CVX,252,0.6395254050226628
1996-05-13,XOM,CVX,252,0.6390785732741965
1996-05-14,XOM,CVX,252,0.6382128950579897
1996-05-15,XOM,CVX,252,0.6386509186002389
1996-05-16,XOM,CVX,252,0.6384909857634893
1996-05-17,XOM,CVX,252,0.6396842740512407
1996-05-20,XOM,CVX,252,0.6488716115999444
1996-05-21,XOM,CVX,252,0.6487133964026324
1996-05-22,XOM,CVX,252,0.6523875264374059
1996-05-23,XOM,CVX,252,0.6523221285136581
1996-05-24,XOM,CVX,252,0.6515909822660787
1996-05-28,XOM,CVX,252,0.6519222039629722
1996-05-29,XOM,CVX,252,0.6524377172458274
1996-05-30,XOM,CVX,252,0.6545014883470971
1996-05-31,XOM,CVX,252,0.6542724273639198
1996-06-03,XOM,CVX,252,0.6550217866532422
1996-06-04,XOM,CVX,252,0.6550774022490966
1996-06-05,XOM,CVX,252,0.6557214964569259
1996-06-06,XOM,CVX,252,0.6547611157289275
1996-06-07,XOM,CVX,252,0.6510110879268832
1996-06-10,XOM,CVX,252,0.6540266511326028
1996-06-11,XOM,CVX,252,0.653064558979698
1996-06-12,XOM,CVX,252,0.6517212942146026
1996-06-13,XOM,CVX,252,0.6515507096360483
1996-06-14,XOM,CVX,252,0.6537483548011049
1996-06-17,XOM,CVX,252,0.6533513416059805
1996-06-18,XOM,CVX,252,0.6482851405720981
1996-06-19,XOM,CVX,252,0.6467147574624917
1996-06-20,XOM,CVX,252,0.6461064547508888
1996-06-21,XOM,CVX,252,0.644879945254318
1996-06-24,XOM,CVX,252,0.6485064535272816
1996-06-25,XOM,CVX,252,0.6478667289780319
1996-06-26,XOM,CVX,252,0.6385182652729496
1996-06-27,XOM,CVX,252,0.6413496692984116
1996-06-28,XOM,CVX,252,0.6396650070791852
1996-07-01,XOM,CVX,252,0.6435263133939195
1996-07-02,XOM,CVX,252,0.6433161238947224
1996-07-03,XOM,CVX,252,0.6439117706366482
1996-07-05,XOM,CVX,252,0.6485844763364602
1996-07-08,XOM,CVX,252,0.6482447743952097
1996-07-09,XOM,CVX,252,0.65071809974684
1996-07-10,XOM,CVX,252,0.6504172526500975
1996-07-11,XOM,CVX,252,0.6507133442200724
1996-07-12,XOM,CVX,252,0.6506679772014635
1996-07-15,XOM,CVX,252,0.6531882263449255
1996-07-16,XOM,CVX,252,0.6592937256480076
1996-07-17,XOM,CVX,252,0.6629059800058184
1996-07-18,XOM,CVX,252,0.66933955562772
1996-07-19,XOM,CVX,252,0.6704075990642286
1996-07-22,XOM,CVX,252,0.6772603340983007
1996-07-23,XOM,CVX,252,0.6763449543117593
1996-07-24,XOM,CVX,252,0.6761662653233192
1996-07-25,XOM,CVX,252,0.6745186099538907
1996-07-26,XOM,CVX,252,0.6748826321733674
1996-07-29,XOM,CVX,252,0.6741156740592035
1996-07-30,XOM,CVX,252,0.6791667614655225
1996-07-31,XOM,CVX,252,0.6793709384194402
1996-08-01,XOM,CVX,252,0.6790977052701679
1996-08-02,XOM,CVX,252,0.6829685792909875
1996-08-05,XOM,CVX,252,0.6815867743452334
1996-08-06,XOM,CVX,252,0.6827332725965606
1996-08-07,XOM,CVX,252,0.6842009591835224
1996-08-08,XOM,CVX,252,0.6829679280024775
1996-08-09,XOM,CVX,252,0.6846363031657668
1996-08-12,XOM,CVX,252,0.6859668136031644
1996-08-13,XOM,CVX,252,0.6849435746965538
1996-08-14,XOM,CVX,252,0.6858009743495685
1996-08-15,XOM,CVX,252,0.6865001801550232
1996-08-16,XOM,CVX,252,0.6895962096236365
1996-08-19,XOM,CVX,252,0.6909769826956922
1996-08-20,XOM,CVX,252,0.6897247543961654
1996-08-21,XOM,CVX,252,0.6889164497238844
1996-08-22,XOM,CVX,252,0.6898722376063547
1996-08-23,XOM,CVX,252,0.6893848595406692
1996-08-26,XOM,CVX,252,0.6923399904304786
1996-08-27,XOM,CVX,252,0.6932434460544522
1996-08-28,XOM,CVX,252,0.6925466144705599
1996-08-29,XOM,CVX,252,0.6936772569895202
1996-08-30,XOM,CVX,252,0.6861482132712977
1996-09-03,XOM,CVX,252,0.6875418380488376
1996-09-04,XOM,CVX,252,0.6872460386281513
1996-09-05,XOM,CVX,252,0.6942649943457405
1996-09-06,XOM,CVX,252,0.6948829264484728
1996-09-09,XOM,CVX,252,0.6950241859145374
1996-09-10,XOM,CVX,252,0.6935989826539459
1996-09-11,XOM,CVX,252,0.6989532607532262
1996-09-12,XOM,CVX,252,0.6989320368641053
1996-09-13,XOM,CVX,252,0.698126986540722
1996-09-16,XOM,CVX,252,0.6971680891737626
1996-09-17,XOM,CVX,252,0.6963276749542102
1996-09-18,XOM,CVX,252,0.6950292525989706
1996-09-19,XOM,CVX,252,0.6932221182444108
1996-09-20,XOM,CVX,252,0.6931492860585409
1996-09-23,XOM,CVX,252,0.6933199310798481
1996-09-24,XOM,CVX,252,0.6916687510340054
1996-09-25,XOM,CVX,252,0.6916095401454476
1996-09-26,XOM,CVX,252,0.6921572353745906
1996-09-27,XOM,CVX,252,0.6916699525991344
1996-09-30,XOM,CVX,252,0.6891355716364727
1996-10-01,XOM,CVX,252,0.6869821945671766
1996-10-02,XOM,CVX,252,0.684118950423765
1996-10-03,XOM,CVX,252,0.6846028687466605
1996-10-04,XOM,CVX,252,0.68421002638793
1996-10-07,XOM,CVX,252,0.6851618695544843
1996-10-08,XOM,CVX,252,0.6835824328062384
1996-10-09,XOM,CVX,252,0.6840416420607124
1996-10-10,XOM,CVX,252,0.6839561254079392
1996-10-11,XOM,CVX,252,0.6906562538649313
1996-10-14,XOM,CVX,252,0.6929798524783599
1996-10-15,XOM,CVX,252,0.6942498286145931
1996-10-16,XOM,CVX,252,0.6939440855721283
1996-10-17,XOM,CVX,252,0.6935492120941655
1996-10-18,XOM,CVX,252,0.693304088770615
1996-10-21,XOM,CVX,252,0.6926997756936825
1996-10-22,XOM,CVX,252,0.6906188663552763
1996-10-23,XOM,CVX,252,0.693197307372344
1996-10-24,XOM,CVX,252,0.6945710851587208
1996-10-25,XOM,CVX,252,0.6947777711966776
1996-10-28,XOM,CVX,252,0.696841729174814
1996-10-29,XOM,CVX,252,0.6977577008584143
1996-10-30,XOM,CVX,252,0.6988466175461766
1996-10-31,XOM,CVX,252,0.7009217425153899
1996-11-01,XOM,CVX,252,0.7004044895100734
1996-11-04,XOM,CVX,252,0.7021732808884902
1996-11-05,XOM,CVX,252,0.7022105875120541
1996-11-06,XOM,CVX,252,0.7082345703947298
1996-11-07,XOM,CVX,252,0.7088892162238736
1996-11-08,XOM,CVX,252,0.7090532792504536
1996-11-11,XOM,CVX,252,0.7075242253467056
1996-11-12,XOM,CVX,252,0.7072775705026584
1996-11-13,XOM,CVX,252,0.7051483846651018
1996-11-14,XOM,CVX,252,0.7066535936176628
1996-11-15,XOM,CVX,252,0.7041271437256446
1996-11-18,XOM,CVX,252,0.7038209115096989
1996-11-19,XOM,CVX,252,0.7038562196167584
1996-11-20,XOM,CVX,252,0.7030153995197709
1996-11-21,XOM,CVX,252,0.7032030162231522
1996-11-22,XOM,CVX,252,0.7013907602098299
1996-11-25,XOM,CVX,252,0.6997173216814069
1996-11-26,XOM,CVX,252,0.6999356900531816
1996-11-27,XOM,CVX,252,0.7017308207253169
1996-11-29,XOM,CVX,252,0.7021564267879605
1996-12-02,XOM,CVX,252,0.7010059662321722
1996-12-03,XOM,CVX,252,0.6989831005096068
1996-12-04,XOM,CVX,252,0.7002116373996321
1996-12-05,XOM,CVX,252,0.7014323287770148
1996-12-06,XOM,CVX,252,0.6977342775647749
1996-12-09,XOM,CVX,252,0.6919235201203432
1996-12-10,XOM,CVX,252,0.6931554081959518
1996-12-11,XOM,CVX,252,0.6892930957989958
1996-12-12,XOM,CVX,252,0.6771176592964929
1996-12-13,XOM,CVX,252,0.6792592568715761
1996-12-16,XOM,CVX,252,0.6717135828549244
1996-12-17,XOM,CVX,252,0.6691722651281882
1996-12-18,XOM,CVX,252,0.6769875243809133
1996-12-19,XOM,CVX,252,0.6811873074053151
1996-12-20,XOM,CVX,252,0.6812020178553495
1996-12-23,XOM,CVX,252,0.6812454288923447
1996-12-24,XOM,CVX,252,0.6812439629529816
1996-12-26,XOM,CVX,252,0.6810233315570345
1996-12-27,XOM,CVX,252,0.6826654185514083
1996-12-30,XOM,CVX,252,0.6835461680479895
1996-12-31,XOM,CVX,252,0.6857828432464445
1997-01-02,XOM,CVX,252,0.687730422783295
1997-01-03,XOM,CVX,252,0.6858894819238643
1997-01-06,XOM,CVX,252,0.6870585579346428
1997-01-07,XOM,CVX,252,0.69168054464357
1997-01-08,XOM,CVX,252,0.6819493540861754
1997-01-09,XOM,CVX,252,0.6868395971906864
1997-01-10,XOM,CVX,252,0.6875251409047027
1997-01-13,XOM,CVX,252,0.6947504931691538
1997-01-14,XOM,CVX,252,0.6947735091557995
1997-01-15,XOM,CVX,252,0.6946655523893259
1997-01-16,XOM,CVX,252,0.6962806436896893
1997-01-17,XOM,CVX,252,0.6964531474701086
1997-01-20,XOM,CVX,252,0.6968753624516836
1997-01-21,XOM,CVX,252,0.6925874947853168
1997-01-22,XOM,CVX,252,0.683189897990507
1997-01-23,XOM,CVX,252,0.6849804098392819
1997-01-24,XOM,CVX,252,0.6788402830377306
1997-01-27,XOM,CVX,252,0.6732391828292226
1997-01-28,XOM,CVX,252,0.6763395036881049
1997-01-29,XOM,CVX,252,0.6834375788794429
1997-01-30,XOM,CVX,252,0.6830576918853144
1997-01-31,XOM,CVX,252,0.6830844181822786
1997-02-03,XOM,CVX,252,0.6829483913452892
1997-02-04,XOM,CVX,252,0.6836983828755114
1997-02-05,XOM,CVX,252,0.6839725211173242
1997-02-06,XOM,CVX,252,0.6811451659775731
1997-02-07,XOM,CVX,252,0.6879581859192082
1997-02-10,XOM,CVX,252,0.6893328517844235
1997-02-11,XOM,CVX,252,0.690512776950725
1997-02-12,XOM,CVX,252,0.6907565839471772
1997-02-13,XOM,CVX,252,0.6894420124905695
1997-02-14,XOM,CVX,252,0.6896709024506998
1997-02-18,XOM,CVX,252,0.6901611468175709
1997-02-19,XOM,CVX,252,0.6901118743893299
1997-02-20,XOM,CVX,252,0.6830810903836073
1997-02-21,XOM,CVX,252,0.6804632498679986
1997-02-24,XOM,CVX,252,0.678258411124729
1997-02-25,XOM,CVX,252,0.6763567156772431
1997-02-26,XOM,CVX,252,0.6757660977145576
1997-02-27,XOM,CVX,252,0.673978101926395
1997-02-28,XOM,CVX,252,0.6654613751396659
1997-03-03,XOM,CVX,252,0.6575319427869797
1997-03-04,XOM,CVX,252,0.6615004733115619
1997-03-05,XOM,CVX,252,0.6601306108755254
1997-03-06,XOM,CVX,252,0.6582564605273414
1997-03-07,XOM,CVX,252,0.64623017212269
1997-03-10,XOM,CVX,252,0.651082350754566
1997-03-11,XOM,CVX,252,0.6514524252971611
1997-03-12,XOM,CVX,252,0.6519084351805572
1997-03-13,XOM,CVX,252,0.6515527161142725
1997-03-14,XOM,CVX,252,0.6482138336278036
1997-03-17,XOM,CVX,252,0.6384830242857223
1997-03-18,XOM,CVX,252,0.6403735835740465
1997-03-19,XOM,CVX,252,0.6339333356419113
1997-03-20,XOM,CVX,252,0.6339069678302334
1997-03-21,XOM,CVX,252,0.6410598861653666
1997-03-24,XOM,CVX,252,0.6418457432939533
1997-03-25,XOM,CVX,252,0.6384167376998696
1997-03-26,XOM,CVX,252,0.6378893697143172
1997-03-27,XOM,CVX,252,0.6390521043540638
1997-03-31,XOM,CVX,252,0.6332180941761962
1997-04-01,XOM,CVX,252,0.6363794009578173
1997-04-02,XOM,CVX,252,0.6410305310432503
1997-04-03,XOM,CVX,252,0.6490854515827487
1997-04-04,XOM,CVX,252,0.6491946445073397
1997-04-07,XOM,CVX,252,0.6383781189304999
1997-04-08,XOM,CVX,252,0.6370859534856189
1997-04-09,XOM,CVX,252,0.6353430243538161
1997-04-10,XOM,CVX,252,0.6349489249158586
1997-04-11,XOM,CVX,252,0.641057991612058
1997-04-14,XOM,CVX,252,0.6418506601322463
1997-04-15,XOM,CVX,252,0.6418184154683464
1997-04-16,XOM,CVX,252,0.6406452329402614
1997-04-17,XOM,CVX,252,0.6430044151014638
1997-04-18,XOM,CVX,252,0.6430807301110565
1997-04-21,XOM,CVX,252,0.6428713980767242
1997-04-22,XOM,CVX,252,0.641898869918235
1997-04-23,XOM,CVX,252,0.6432870517863117
1997-04-24,XOM,CVX,252,0.6455646506418096
1997-04-25,XOM,CVX,252,0.6447775161725067
1997-04-28,XOM,CVX,252,0.6418897030806079
1997-04-29,XOM,CVX,252,0.6479659086735206
1997-04-30,XOM,CVX,252,0.6483971764894061
1997-05-01,XOM,CVX,252,0.6477193422454437
1997-05-02,XOM,CVX,252,0.6480693804949733
1997-05-05,XOM,CVX,252,0.6493053983312019
1997-05-06,XOM,CVX,252,0.6488116337074084
1997-05-07,XOM,CVX,252,0.645466703857524
1997-05-08,XOM,CVX,252,0.6440659301431758
1997-05-09,XOM,CVX,252,0.6439685362483187
1997-05-12,XOM,CVX,252,0.6484340532389383
1997-05-13,XOM,CVX,252,0.6473769644758218
1997-05-14,XOM,CVX,252,0.6465764858773212
1997-05-15,XOM,CVX,252,0.6485559088190685
1997-05-16,XOM,CVX,252,0.6466291235458775
1997-05-19,XOM,CVX,252,0.6379430577087214
1997-05-20,XOM,CVX,252,0.6356251820700882
1997-05-21,XOM,CVX,252,0.6315688788553903
1997-05-22,XOM,CVX,252,0.633114443118071
1997-05-23,XOM,CVX,252,0.6363906937514516
1997-05-27,XOM,CVX,252,0.6360169476097569
1997-05-28,XOM,CVX,252,0.6324753349182687
1997-05-29,XOM,CVX,252,0.629856378840598
1997-05-30,XOM,CVX,252,0.6246116299042945
1997-06-02,XOM,CVX,252,0.623092204482469
1997-06-03,XOM,CVX,252,0.6190612556638998
1997-06-04,XOM,CVX,252,0.6193839719054656
1997-06-05,XOM,CVX,252,0.6203839547427527
1997-06-06,XOM,CVX,252,0.6231158840674064
1997-06-09,XOM,CVX,252,0.6223828949918528
1997-06-10,XOM,CVX,252,0.6154023751801029
1997-06-11,XOM,CVX,252,0.6169933751342104
1997-06-12,XOM,CVX,252,0.6188609404238821
1997-06-13,XOM,CVX,252,0.6177616260586003
1997-06-16,XOM,CVX,252,0.6181922202672546
1997-06-17,XOM,CVX,252,0.6194548437545403
1997-06-18,XOM,CVX,252,0.6179472630393072
1997-06-19,XOM,CVX,252,0.6172828847649795
1997-06-20,XOM,CVX,252,0.6170019751386365
1997-06-23,XOM,CVX,252,0.6238655011817111
1997-06-24,XOM,CVX,252,0.6252042946343528
1997-06-25,XOM,CVX,252,0.6281192570846577
1997-06-26,XOM,CVX,252,0.6296891304118283
1997-06-27,XOM,CVX,252,0.631033041029774
1997-06-30,XOM,CVX,252,0.6330380740560063
1997-07-01,XOM,CVX,252,0.6368912142721014
1997-07-02,XOM,CVX,252,0.6376299890949144
1997-07-03,XOM,CVX,252,0.6341712400622134
1997-07-07,XOM,CVX,252,0.633488805458028
1997-07-08,XOM,CVX,252,0.6334196947044348
1997-07-09,XOM,CVX,252,0.6382829596386683
1997-07-10,XOM,CVX,252,0.6371158275053241
1997-07-11,XOM,CVX,252,0.6371055423992933
1997-07-14,XOM,CVX,252,0.6252377985428754
1997-07-15,XOM,CVX,252,0.616010757300131
1997-07-16,XOM,CVX,252,0.6138727496720437
1997-07-17,XOM,CVX,252,0.615106959358043
1997-07-18,XOM,CVX,252,0.6233094648002001
1997-07-21,XOM,CVX,252,0.6177627482396916
1997-07-22,XOM,CVX,252,0.6233632744140761
1997-07-23,XOM,CVX,252,0.6176087237424549
1997-07-24,XOM,CVX,252,0.6185443411889154
1997-07-25,XOM,CVX,252,0.6190126707030448
1997-07-28,XOM,CVX,252,0.6194998109711709
1997-07-29,XOM,CVX,252,0.6198078503009349
1997-07-30,XOM,CVX,252,0.6201288806265021
1997-07-31,XOM,CVX,252,0.6203911802607608
1997-08-01,XOM,CVX,252,0.6187353585328554
1997-08-04,XOM,CVX,252,0.6202483538013752
1997-08-05,XOM,CVX,252,0.6187998147280187
1997-08-06,XOM,CVX,252,0.6159170841455288
1997-08-07,XOM,CVX,252,0.618384709268039
1997-08-08,XOM,CVX,252,0.6112835481208002
1997-08-11,XOM,CVX,252,0.6140849814268869
1997-08-12,XOM,CVX,252,0.6128791301226724
1997-08-13,XOM,CVX,252,0.6183230389343141
1997-08-14,XOM,CVX,252,0.6186036394464299
1997-08-15,XOM,CVX,252,0.6191734261152281
1997-08-18,XOM,CVX,252,0.6134094890960315
1997-08-19,XOM,CVX,252,0.61301763159129
1997-08-20,XOM,CVX,252,0.612666724781328
1997-08-21,XOM,CVX,252,0.6128226727777726
1997-08-22,XOM,CVX,252,0.6124824280377447
1997-08-25,XOM,CVX,252,0.6120426712105292
1997-08-26,XOM,CVX,252,0.6119606553256356
1997-08-27,XOM,CVX,252,0.6165228025146495
1997-08-28,XOM,CVX,252,0.6166292429977351
1997-08-29,XOM,CVX,252,0.6227155791076533
1997-09-02,XOM,CVX,252,0.6314168108945374
1997-09-03,XOM,CVX,252,0.6315206525431493
1997-09-04,XOM,CVX,252,0.632088471030389
1997-09-05,XOM,CVX,252,0.6309658286271944
1997-09-08,XOM,CVX,252,0.6267125171512447
1997-09-09,XOM,CVX,252,0.6262214628680377
1997-09-10,XOM,CVX,252,0.6237632527054016
1997-09-11,XOM,CVX,252,0.6237279192325559
1997-09-12,XOM,CVX,252,0.6279515104771277
1997-09-15,XOM,CVX,252,0.6273770772980956
1997-09-16,XOM,CVX,252,0.6342603494084686
1997-09-17,XOM,CVX,252,0.6358849142481388
1997-09-18,XOM,CVX,252,0.6395669346511691
1997-09-19,XOM,CVX,252,0.6392507825019247
1997-09-22,XOM,CVX,252,0.6445017354940886
1997-09-23,XOM,CVX,252,0.6441450879192192
1997-09-24,XOM,CVX,252,0.6452438962464825
1997-09-25,XOM,CVX,252,0.6435631145258014
1997-09-26,XOM,CVX,252,0.6439249763304554
1997-09-29,XOM,CVX,252,0.6464675064313564
1997-09-30,XOM,CVX,252,0.6488655568300556
1997-10-01,XOM,CVX,252,0.652353501490625
1997-10-02,XOM,CVX,252,0.6530293968545219
1997-10-03,XOM,CVX,252,0.6528705186867862
1997-10-06,XOM,CVX,252,0.6571993625268782
1997-10-07,XOM,CVX,252,0.6581455699444223
1997-10-08,XOM,CVX,252,0.658720818353518
1997-10-09,XOM,CVX,252,0.6590905305648451
1997-10-10,XOM,CVX,252,0.6589855100331975
1997-10-13,XOM,CVX,252,0.6577445280863256
1997-10-14,XOM,CVX,252,0.6575408230676013
1997-10-15,XOM,CVX,252,0.6574010041103969
1997-10-16,XOM,CVX,252,0.6583781475453213
1997-10-17,XOM,CVX,252,0.6572828986139566
1997-10-20,XOM,CVX,252,0.659971564558037
1997-10-21,XOM,CVX,252,0.6621669168962808
1997-10-22,XOM,CVX,252,0.6629996262369348
1997-10-23,XOM,CVX,252,0.6674094382506693
1997-10-24,XOM,CVX,252,0.6665422677920138
1997-10-27,XOM,CVX,252,0.6804520892711607
1997-10-28,XOM,CVX,252,0.6843359195455465
1997-10-29,XOM,CVX,252,0.6858526249561572
1997-10-30,XOM,CVX,252,0.6840305029422642
1997-10-31,XOM,CVX,252,0.6827223580860354
1997-11-03,XOM,CVX,252,0.6795163160353027
1997-11-04,XOM,CVX,252,0.6788240070761955
1997-11-05,XOM,CVX,252,0.6802752971870989
1997-11-06,XOM,CVX,252,0.6804603178995032
1997-11-07,XOM,CVX,252,0.6808173601977325
1997-11-10,XOM,CVX,252,0.6805408626144617
1997-11-11,XOM,CVX,252,0.6801408962316665
1997-11-12,XOM,CVX,252,0.6820419456325405
1997-11-13,XOM,CVX,252,0.6817271740996155
1997-11-14,XOM,CVX,252,0.6835113780674724
1997-11-17,XOM,CVX,252,0.6814895987401718
1997-11-18,XOM,CVX,252,0.6816022838732075
1997-11-19,XOM,CVX,252,0.6815577739332288
1997-11-20,XOM,CVX,252,0.6813916072260705
1997-11-21,XOM,CVX,252,0.6812011077198156
1997-11-24,XOM,CVX,252,0.683617307448865
1997-11-25,XOM,CVX,252,0.6875746239406806
1997-11-26,XOM,CVX,252,0.6859451260990724
1997-11-28,XOM,CVX,252,0.6853953777057022
1997-12-01,XOM,CVX,252,0.6839408768567937
1997-12-02,XOM,CVX,252,0.6854040302660108
1997-12-03,XOM,CVX,252,0.6833429318311447
1997-12-04,XOM,CVX,252,0.6826044471444032
1997-12-05,XOM,CVX,252,0.6867063679807511
1997-12-08,XOM,CVX,252,0.685604240597555
1997-12-09,XOM,CVX,252,0.6857140735991939
1997-12-10,XOM,CVX,252,0.6869834532378717
1997-12-11,XOM,CVX,252,0.690864895054899
1997-12-12,XOM,CVX,252,0.6898376304807535
1997-12-15,XOM,CVX,252,0.6929338438126033
1997-12-16,XOM,CVX,252,0.6926761525329892
1997-12-17,XOM,CVX,252,0.6933241998275276
1997-12-18,XOM,CVX,252,0.6914490749059276
1997-12-19,XOM,CVX,252,0.688061608764061
1997-12-22,XOM,CVX,252,0.6872294239561277
1997-12-23,XOM,CVX,252,0.6872281407951495
1997-12-24,XOM,CVX,252,0.6865088600709539
1997-12-26,XOM,CVX,252,0.6859193515772289
1997-12-29,XOM,CVX,252,0.6874032494871551
1997-12-30,XOM,CVX,252,0.6864993377386402
1997-12-31,XOM,CVX,252,0.688123860054414
1998-01-02,XOM,CVX,252,0.6886401255461627
1998-01-05,XOM,CVX,252,0.6878460887760203
1998-01-06,XOM,CVX,252,0.6924987600734135
1998-01-07,XOM,CVX,252,0.6967348442164112
1998-01-08,XOM,CVX,252,0.695906383828504
1998-01-09,XOM,CVX,252,0.6976724733362504
1998-01-12,XOM,CVX,252,0.6947026912239688
1998-01-13,XOM,CVX,252,0.6965197934866553
1998-01-14,XOM,CVX,252,0.6970746803787091
1998-01-15,XOM,CVX,252,0.6924794438497356
1998-01-16,XOM,CVX,252,0.6930619107956789
1998-01-20,XOM,CVX,252,0.691946467512322
1998-01-21,XOM,CVX,252,0.6904412512305371
1998-01-22,XOM,CVX,252,0.6978191325172579
1998-01-23,XOM,CVX,252,0.6963888999934583
1998-01-26,XOM,CVX,252,0.7019362334150699
1998-01-27,XOM,CVX,252,0.7050850063759757
1998-01-28,XOM,CVX,252,0.7022444271619467
1998-01-29,XOM,CVX,252,0.6994929554363745
1998-01-30,XOM,CVX,252,0.7024507138857737
1998-02-02,XOM,CVX,252,0.7029008092570735
1998-02-03,XOM,CVX,252,0.7034388801737166
1998-02-04,XOM,CVX,252,0.7029213443679119
1998-02-05,XOM,CVX,252,0.7028595595304666
1998-02-06,XOM,CVX,252,0.7030005601537481
1998-02-09,XOM,CVX,252,0.7029619300912132
1998-02-10,XOM,CVX,252,0.7016750055916533
1998-02-11,XOM,CVX,252,0.7020694210726504
1998-02-12,XOM,CVX,252,0.701482946967627
1998-02-13,XOM,CVX,252,0.7023212676531841
1998-02-17,XOM,CVX,252,0.7023536230218953
1998-02-18,XOM,CVX,252,0.7049336084091874
1998-02-19,XOM,CVX,252,0.7045807370928491
1998-02-20,XOM,CVX,252,0.7074833366828956
1998-02-23,XOM,CVX,252,0.7114918346696675
1998-02-24,XOM,CVX,252,0.7093233768053558
1998-02-25,XOM,CVX,252,0.7098743394884346
1998-02-26,XOM,CVX,252,0.708911565432777
1998-02-27,XOM,CVX,252,0.7089725611493217
1998-03-02,XOM,CVX,252,0.7112904954136156
1998-03-03,XOM,CVX,252,0.7164181639624779
1998-03-04,XOM,CVX,252,0.7176154490059475
1998-03-05,XOM,CVX,252,0.7152929069908761
1998-03-06,XOM,CVX,252,0.7178544789622577
1998-03-09,XOM,CVX,252,0.7146610897066799
1998-03-10,XOM,CVX,252,0.7139979744440748
1998-03-11,XOM,CVX,252,0.7140473346104858
1998-03-12,XOM,CVX,252,0.7129936192020007
1998-03-13,XOM,CVX,252,0.7123318952237442
1998-03-16,XOM,CVX,252,0.711863206701589
1998-03-17,XOM,CVX,252,0.7122851409943487
1998-03-18,XOM,CVX,252,0.7142520602185394
1998-03-19,XOM,CVX,252,0.7151940785457964
1998-03-20,XOM,CVX,252,0.7199352675413913
1998-03-23,XOM,CVX,252,0.7174635819694698
1998-03-24,XOM,CVX,252,0.7144534575592263
1998-03-25,XOM,CVX,252,0.7142303441435148
1998-03-26,XOM,CVX,252,0.7169017908021545
1998-03-27,XOM,CVX,252,0.7184249214922354
1998-03-30,XOM,CVX,252,0.7184010565265324
1998-03-31,XOM,CVX,252,0.7144655933611183
1998-04-01,XOM,CVX,252,0.7139110342698777
1998-04-02,XOM,CVX,252,0.7115145806605389
1998-04-03,XOM,CVX,252,0.7131420733335381
1998-04-06,XOM,CVX,252,0.7182303843851817
1998-04-07,XOM,CVX,252,0.7170028957087152
1998-04-08,XOM,CVX,252,0.7194016055790027
1998-04-09,XOM,CVX,252,0.7201114302090129
1998-04-13,XOM,CVX,252,0.7115216062292116
1998-04-14,XOM,CVX,252,0.709233243011551
1998-04-15,XOM,CVX,252,0.7102703665015098
1998-04-16,XOM,CVX,252,0.7126741389920594
1998-04-17,XOM,CVX,252,0.7068171549546621
1998-04-20,XOM,CVX,252,0.7068618076997444
1998-04-21,XOM,CVX,252,0.706721058481288
1998-04-22,XOM,CVX,252,0.7031577079057616
1998-04-23,XOM,CVX,252,0.7030432197269947
1998-04-24,XOM,CVX,252,0.7016309310052288
1998-04-27,XOM,CVX,252,0.7031410250128085
1998-04-28,XOM,CVX,252,0.705228782081449
1998-04-29,XOM,CVX,252,0.6997858990106576
1998-04-30,XOM,CVX,252,0.6991980978423715
1998-05-01,XOM,CVX,252,0.7045990520048518
1998-05-04,XOM,CVX,252,0.704100033911386
1998-05-05,XOM,CVX,252,0.7041652116781953
1998-05-06,XOM,CVX,252,0.7040091004144244
1998-05-07,XOM,CVX,252,0.7059739763904278
1998-05-08,XOM,CVX,252,0.7069075815795386
1998-05-11,XOM,CVX,252,0.7071609624632845
1998-05-12,XOM,CVX,252,0.7030658338786133
1998-05-13,XOM,CVX,252,0.7036915509110556
1998-05-14,XOM,CVX,252,0.7028999691549349
1998-05-15,XOM,CVX,252,0.7008516189565132
1998-05-18,XOM,CVX,252,0.7029697119453258
1998-05-19,XOM,CVX,252,0.703446318138966
1998-05-20,XOM,CVX,252,0.7045710317017773
1998-05-21,XOM,CVX,252,0.704771603425599
1998-05-22,XOM,CVX,252,0.7041302295498855
1998-05-26,XOM,CVX,252,0.7031414424955819
1998-05-27,XOM,CVX,252,0.7033599135501396
1998-05-28,XOM,CVX,252,0.7043047604319919
1998-05-29,XOM,CVX,252,0.7050788360967266
1998-06-01,XOM,CVX,252,0.7068827202127547
1998-06-02,XOM,CVX,252,0.7071366804560746
1998-06-03,XOM,CVX,252,0.7082252301726926
1998-06-04,XOM,CVX,252,0.7095816858502727
1998-06-05,XOM,CVX,252,0.7118088890936789
1998-06-08,XOM,CVX,252,0.7126855305323397
1998-06-09,XOM,CVX,252,0.714218163732691
1998-06-10,XOM,CVX,252,0.7192839415824865
1998-06-11,XOM,CVX,252,0.7199884289572387
1998-06-12,XOM,CVX,252,0.719804526551193
1998-06-15,XOM,CVX,252,0.7210434893082669
1998-06-16,XOM,CVX,252,0.7217409452986993
1998-06-17,XOM,CVX,252,0.7232380991077447
1998-06-18,XOM,CVX,252,0.7237833954718262
1998-06-19,XOM,CVX,252,0.7246219398683167
1998-06-22,XOM,CVX,252,0.7250425137645263
1998-06-23,XOM,CVX,252,0.7236482290551582
1998-06-24,XOM,CVX,252,0.7225553383264857
1998-06-25,XOM,CVX,252,0.7242713678164193
1998-06-26,XOM,CVX,252,0.7244440778344651
1998-06-29,XOM,CVX,252,0.72423996863191
1998-06-30,XOM,CVX,252,0.7218818172102661
1998-07-01,XOM,CVX,252,0.7211141162757668
1998-07-02,XOM,CVX,252,0.7210265575102444
1998-07-06,XOM,CVX,252,0.7211894922248893
1998-07-07,XOM,CVX,252,0.7215331571381381
1998-07-08,XOM,CVX,252,0.7216454796276759
1998-07-09,XOM,CVX,252,0.7215878698793619
1998-07-10,XOM,CVX,252,0.7214877808588809
1998-07-13,XOM,CVX,252,0.7222147475239211
1998-07-14,XOM,CVX,252,0.7295041240872607
1998-07-15,XOM,CVX,252,0.7319404262495037
1998-07-16,XOM,CVX,252,0.7314689848064705
1998-07-17,XOM,CVX,252,0.729947659728943
1998-07-20,XOM,CVX,252,0.726618209556722
1998-07-21,XOM,CVX,252,0.7293901607445546
1998-07-22,XOM,CVX,252,0.728020149479212
1998-07-23,XOM,CVX,252,0.7357820491088398
1998-07-24,XOM,CVX,252,0.7356842907327044
1998-07-27,XOM,CVX,252,0.735742111414654
1998-07-28,XOM,CVX,252,0.731312405503715
1998-07-29,XOM,CVX,252,0.7294595224873265
1998-07-30,XOM,CVX,252,0.7264774405116952
1998-07-31,XOM,CVX,252,0.7297193301420974
1998-08-03,XOM,CVX,252,0.7311294730611004
1998-08-04,XOM,CVX,252,0.7329629429477007
1998-08-05,XOM,CVX,252,0.7316441584265473
1998-08-06,XOM,CVX,252,0.7343057358196234
1998-08-07,XOM,CVX,252,0.7314613838155811
1998-08-10,XOM,CVX,252,0.7304567457670408
1998-08-11,XOM,CVX,252,0.7246435339572237
1998-08-12,XOM,CVX,252,0.7237752407446861
1998-08-13,XOM,CVX,252,0.7199372383264787
1998-08-14,XOM,CVX,252,0.7198565504373705
1998-08-17,XOM,CVX,252,0.7189695907131579
1998-08-18,XOM,CVX,252,0.7257976914031645
1998-08-19,XOM,CVX,252,0.7269905223439161
1998-08-20,XOM,CVX,252,0.7274482328519237
1998-08-21,XOM,CVX,252,0.7278623411680504
1998-08-24,XOM,CVX,252,0.7271695715271336
1998-08-25,XOM,CVX,252,0.7269141687559457
1998-08-26,XOM,CVX,252,0.7248373159710306
1998-08-27,XOM,CVX,252,0.7235725825403098
1998-08-28,XOM,CVX,252,0.7209514773724008
1998-08-31,XOM,CVX,252,0.7204179468090415
1998-09-01,XOM,CVX,252,0.7156023774915184
1998-09-02,XOM,CVX,252,0.7166124552947185
1998-09-03,XOM,CVX,252,0.7144953163123092
1998-09-04,XOM,CVX,252,0.7186467363415853
1998-09-08,XOM,CVX,252,0.7233698531874297
1998-09-09,XOM,CVX,252,0.7223253639316571
1998-09-10,XOM,CVX,252,0.722030833727436
1998-09-11,XOM,CVX,252,0.7225224042085168
1998-09-14,XOM,CVX,252,0.721509279681468
1998-09-15,XOM,CVX,252,0.7215740406421256
1998-09-16,XOM,CVX,252,0.7145145616111345
1998-09-17,XOM,CVX,252,0.7156678717355662
1998-09-18,XOM,CVX,252,0.7088340981065624
1998-09-21,XOM,CVX,252,0.7080464011986985
1998-09-22,XOM,CVX,252,0.7062327417560137
1998-09-23,XOM,CVX,252,0.7148621492319809
1998-09-24,XOM,CVX,252,0.7150827174626058
1998-09-25,XOM,CVX,252,0.7107137345180028
1998-09-28,XOM,CVX,252,0.7081900794949509
1998-09-29,XOM,CVX,252,0.7140473508087504
1998-09-30,XOM,CVX,252,0.7093008253571695
1998-10-01,XOM,CVX,252,0.7075546384917192
1998-10-02,XOM,CVX,252,0.7128282473526287
1998-10-05,XOM,CVX,252,0.7139912396888669
1998-10-06,XOM,CVX,252,0.7084829296312489
1998-10-07,XOM,CVX,252,0.7073160300056288
1998-10-08,XOM,CVX,252,0.7063071545404782
1998-10-09,XOM,CVX,252,0.7061543050308152
1998-10-12,XOM,CVX,252,0.7034898060724031
1998-10-13,XOM,CVX,252,0.6971060836321252
1998-10-14,XOM,CVX,252,0.69722712314896
1998-10-15,XOM,CVX,252,0.6992192473554327
1998-10-16,XOM,CVX,252,0.6992509722186522
1998-10-19,XOM,CVX,252,0.6995624979936024
1998-10-20,XOM,CVX,252,0.6979119989573329
1998-10-21,XOM,CVX,252,0.6975252132002167
1998-10-22,XOM,CVX,252,0.7109267746116928
1998-10-23,XOM,CVX,252,0.7075895342267714
1998-10-26,XOM,CVX,252,0.7078929513781772
1998-10-27,XOM,CVX,252,0.7035844177747277
1998-10-28,XOM,CVX,252,0.6995007525537718
1998-10-29,XOM,CVX,252,0.6992026335897744
1998-10-30,XOM,CVX,252,0.6931065089433367
1998-11-02,XOM,CVX,252,0.6926822467655801
1998-11-03,XOM,CVX,252,0.6926917643668702
1998-11-04,XOM,CVX,252,0.6941071489656339
1998-11-05,XOM,CVX,252,0.6940694842367012
1998-11-06,XOM,CVX,252,0.6933452942881271
1998-11-09,XOM,CVX,252,0.6934701205443354
1998-11-10,XOM,CVX,252,0.6968822976532132
1998-11-11,XOM,CVX,252,0.6968619071480888
1998-11-12,XOM,CVX,252,0.7012177610806759
1998-11-13,XOM,CVX,252,0.7022946908971772
1998-11-16,XOM,CVX,252,0.6976620578616216
1998-11-17,XOM,CVX,252,0.7001639583945896
1998-11-18,XOM,CVX,252,0.7006884108891207
1998-11-19,XOM,CVX,252,0.7004432268863895
1998-11-20,XOM,CVX,252,0.6985261633973369
1998-11-23,XOM,CVX,252,0.6992949153929184
1998-11-24,XOM,CVX,252,0.6963088576331654
1998-11-25,XOM,CVX,252,0.6927825510176845
1998-11-27,XOM,CVX,252,0.6929277753083766
1998-11-30,XOM,CVX,252,0.6882003506782355
1998-12-01,XOM,CVX,252,0.6894520545267862
1998-12-02,XOM,CVX,252,0.6892016859190788
1998-12-03,XOM,CVX,252,0.6912402977522417
1998-12-04,XOM,CVX,252,0.6922712345084725
1998-12-07,XOM,CVX,252,0.6888591322112168
1998-12-08,XOM,CVX,252,0.6900484453788688
1998-12-09,XOM,CVX,252,0.6866454178752244
1998-12-10,XOM,CVX,252,0.6864458191106461
1998-12-11,XOM,CVX,252,0.6868481636594418
1998-12-14,XOM,CVX,252,0.6876574852115837
1998-12-15,XOM,CVX,252,0.6857728901337472
1998-12-16,XOM,CVX,252,0.6881691805195831
1998-12-17,XOM,CVX,252,0.6880904162019468
1998-12-18,XOM,CVX,252,0.6872658319749293
1998-12-21,XOM,CVX,252,0.6865456575992791
1998-12-22,XOM,CVX,252,0.6870981162054128
1998-12-23,XOM,CVX,252,0.6865331834062997
1998-12-24,XOM,CVX,252,0.6875942678882122
1998-12-28,XOM,CVX,252,0.6876943753991912
1998-12-29,XOM,CVX,252,0.6852871626336681
1998-12-30,XOM,CVX,252,0.6857150797567167
1998-12-31,XOM,CVX,252,0.6858795186676725
1999-01-04,XOM,CVX,252,0.6856964335519974
1999-01-05,XOM,CVX,252,0.6857651908211827
1999-01-06,XOM,CVX,252,0.6862841705164777
1999-01-07,XOM,CVX,252,0.6814008757321764
1999-01-08,XOM,CVX,252,0.6780047573789865
1999-01-11,XOM,CVX,252,0.6640644697372192
1999-01-12,XOM,CVX,252,0.663951489053216
1999-01-13,XOM,CVX,252,0.6625136929911708
1999-01-14,XOM,CVX,252,0.6627482529020524
1999-01-15,XOM,CVX,252,0.6665007926827307
1999-01-19,XOM,CVX,252,0.6663391434659884
1999-01-20,XOM,CVX,252,0.6671125905463406
1999-01-21,XOM,CVX,252,0.6672952238786545
1999-01-22,XOM,CVX,252,0.6649104598150237
1999-01-25,XOM,CVX,252,0.6638782983858901
1999-01-26,XOM,CVX,252,0.6617213725098818
1999-01-27,XOM,CVX,252,0.6639534208871488
1999-01-28,XOM,CVX,252,0.6647307804418294
1999-01-29,XOM,CVX,252,0.6656282956902004
1999-02-01,XOM,CVX,252,0.6628021381807074
1999-02-02,XOM,CVX,252,0.6566849106421604
1999-02-03,XOM,CVX,252,0.6575208728123481
1999-02-04,XOM,CVX,252,0.6556838769881236
1999-02-05,XOM,CVX,252,0.6585345874922307
1999-02-08,XOM,CVX,252,0.6606096203676989
1999-02-09,XOM,CVX,252,0.6613445430405394
1999-02-10,XOM,CVX,252,0.6596441148335797
1999-02-11,XOM,CVX,252,0.648881689200386
1999-02-12,XOM,CVX,252,0.6463471106723355
1999-02-16,XOM,CVX,252,0.6463807606685581
1999-02-17,XOM,CVX,252,0.6449864381221433
1999-02-18,XOM,CVX,252,0.6420625754484501
1999-02-19,XOM,CVX,252,0.6421786078739742
1999-02-22,XOM,CVX,252,0.6400690692151401
1999-02-23,XOM,CVX,252,0.6344072810971472
1999-02-24,XOM,CVX,252,0.6351014268754774
1999-02-25,XOM,CVX,252,0.6346684853725161
1999-02-26,XOM,CVX,252,0.6355758617281465
1999-03-01,XOM,CVX,252,0.6356710221627123
1999-03-02,XOM,CVX,252,0.6387011636923398
1999-03-03,XOM,CVX,252,0.6389738534560483
1999-03-04,XOM,CVX,252,0.6405515841489043
1999-03-05,XOM,CVX,252,0.6460529868837565
1999-03-08,XOM,CVX,252,0.6438745950727279
1999-03-09,XOM,CVX,252,0.6465826681052977
1999-03-10,XOM,CVX,252,0.6535977367122493
1999-03-11,XOM,CVX,252,0.6552773980027135
1999-03-12,XOM,CVX,252,0.6558315249839554
1999-03-15,XOM,CVX,252,0.6559733663027519
1999-03-16,XOM,CVX,252,0.653877654065975
1999-03-17,XOM,CVX,252,0.6528086046970982
1999-03-18,XOM,CVX,252,0.6510153016768535
1999-03-19,XOM,CVX,252,0.6447432312440655
1999-03-22,XOM,CVX,252,0.6393477105498488
1999-03-23,XOM,CVX,252,0.6408407510700077
1999-03-24,XOM,CVX,252,0.6456862519869846
1999-03-25,XOM,CVX,252,0.645356910680212
1999-03-26,XOM,CVX,252,0.6451436227806243
1999-03-29,XOM,CVX,252,0.6471549107132887
1999-03-30,XOM,CVX,252,0.6466920180148559
1999-03-31,XOM,CVX,252,0.6489523011569138
1999-04-01,XOM,CVX,252,0.6464642280989719
1999-04-05,XOM,CVX,252,0.6510714082726619
1999-04-06,XOM,CVX,252,0.6485782203225369
1999-04-07,XOM,CVX,252,0.6478899367157899
1999-04-08,XOM,CVX,252,0.649704107030101
1999-04-09,XOM,CVX,252,0.6473197094687875
1999-04-12,XOM,CVX,252,0.6473760602353793
1999-04-13,XOM,CVX,252,0.6528877873820913
1999-04-14,XOM,CVX,252,0.6536487537843368
1999-04-15,XOM,CVX,252,0.6620675302359444
1999-04-16,XOM,CVX,252,0.6630777171216368
1999-04-19,XOM,CVX,252,0.6709160354507471
1999-04-20,XOM,CVX,252,0.6719498749165892
1999-04-21,XOM,CVX,252,0.6704781533386128
1999-04-22,XOM,CVX,252,0.6700739278643784
1999-04-23,XOM,CVX,252,0.6701300067200204
1999-04-26,XOM,CVX,252,0.6711245456596733
1999-04-27,XOM,CVX,252,0.6688957206371449
1999-04-28,XOM,CVX,252,0.6741580068396213
1999-04-29,XOM,CVX,252,0.6721462023959907
1999-04-30,XOM,CVX,252,0.6738829726968993
1999-05-03,XOM,CVX,252,0.6703885593410276
1999-05-04,XOM,CVX,252,0.6685312056943357
1999-05-05,XOM,CVX,252,0.6678396924341519
1999-05-06,XOM,CVX,252,0.6709923835796735
1999-05-07,XOM,CVX,252,0.6642089112094355
1999-05-10,XOM,CVX,252,0.6632437659870629
1999-05-11,XOM,CVX,252,0.6596661426599599
1999-05-12,XOM,CVX,252,0.6661831366162079
1999-05-13,XOM,CVX,252,0.6661007499470482
1999-05-14,XOM,CVX,252,0.6666931584222128
1999-05-17,XOM,CVX,252,0.6668820113274233
1999-05-18,XOM,CVX,252,0.6670814924475676
1999-05-19,XOM,CVX,252,0.665355968794333
1999-05-20,XOM,CVX,252,0.6655065177603393
1999-05-21,XOM,CVX,252,0.6595285102398492
1999-05-24,XOM,CVX,252,0.659874761560208
1999-05-25,XOM,CVX,252,0.6573923359631259
1999-05-26,XOM,CVX,252,0.6595152404338266
1999-05-27,XOM,CVX,252,0.6578634798682762
1999-05-28,XOM,CVX,252,0.6560787345835453
1999-06-01,XOM,CVX,252,0.657833412554445
1999-06-02,XOM,CVX,252,0.6591168553424842
1999-06-03,XOM,CVX,252,0.6600293875303882
1999-06-04,XOM,CVX,252,0.6587814996590158
1999-06-07,XOM,CVX,252,0.6566558207383947
1999-06-08,XOM,CVX,252,0.654257156103597
1999-06-09,XOM,CVX,252,0.6533569823646793
1999-06-10,XOM,CVX,252,0.6524637180650841
1999-06-11,XOM,CVX,252,0.6519377843541131
1999-06-14,XOM,CVX,252,0.6527269948212389
1999-06-15,XOM,CVX,252,0.6524892595753092
1999-06-16,XOM,CVX,252,0.6503574019562608
1999-06-17,XOM,CVX,252,0.6440977041281699
1999-06-18,XOM,CVX,252,0.6448819970387417
1999-06-21,XOM,CVX,252,0.6476156890439956
1999-06-22,XOM,CVX,252,0.6475253430271736
1999-06-23,XOM,CVX,252,0.6471054829035093
1999-06-24,XOM,CVX,252,0.6480058970416502
1999-06-25,XOM,CVX,252,0.6477919424164347
1999-06-28,XOM,CVX,252,0.6478927346525928
1999-06-29,XOM,CVX,252,0.6507132212789553
1999-06-30,XOM,CVX,252,0.651312757136975
1999-07-01,XOM,CVX,252,0.6513369630325858
1999-07-02,XOM,CVX,252,0.650312288226037
1999-07-06,XOM,CVX,252,0.6509142202808044
1999-07-07,XOM,CVX,252,0.6510784331539163
1999-07-08,XOM,CVX,252,0.6515300070813078
1999-07-09,XOM,CVX,252,0.6493924281336703
1999-07-12,XOM,CVX,252,0.6488886976072118
1999-07-13,XOM,CVX,252,0.6490175018661504
1999-07-14,XOM,CVX,252,0.6477022200627235
1999-07-15,XOM,CVX,252,0.6488567315358527
1999-07-16,XOM,CVX,252,0.6475717661718856
1999-07-19,XOM,CVX,252,0.6491933006108557
1999-07-20,XOM,CVX,252,0.6499055855917114
1999-07-21,XOM,CVX,252,0.6508008430633331
1999-07-22,XOM,CVX,252,0.6495380088193136
1999-07-23,XOM,CVX,252,0.6461919009400883
1999-07-26,XOM,CVX,252,0.6475565729805489
1999-07-27,XOM,CVX,252,0.6466317126907828
1999-07-28,XOM,CVX,252,0.6495612030929606
1999-07-29,XOM,CVX,252,0.6509658969193906
1999-07-30,XOM,CVX,252,0.6514964215587153
1999-08-02,XOM,CVX,252,0.6465693275454765
1999-08-03,XOM,CVX,252,0.6456087015109536
1999-08-04,XOM,CVX,252,0.6430736710893381
1999-08-05,XOM,CVX,252,0.6464749686317958
1999-08-06,XOM,CVX,252,0.6414997275976272
1999-08-09,XOM,CVX,252,0.6432179304014154
1999-08-10,XOM,CVX,252,0.6476857742392577
1999-08-11,XOM,CVX,252,0.6475256296691208
1999-08-12,XOM,CVX,252,0.6492977454586013
1999-08-13,XOM,CVX,252,0.6500159893619992
1999-08-16,XOM,CVX,252,0.6497355848824206
1999-08-17,XOM,CVX,252,0.6488657794289636
1999-08-18,XOM,CVX,252,0.6483268050453268
1999-08-19,XOM,CVX,252,0.6477786600944234
1999-08-20,XOM,CVX,252,0.6482315731928237
1999-08-23,XOM,CVX,252,0.6480607999879664
1999-08-24,XOM,CVX,252,0.6472107597087053
1999-08-25,XOM,CVX,252,0.6454155526012707
1999-08-26,XOM,CVX,252,0.6497817887688562
1999-08-27,XOM,CVX,252,0.64818166584172
1999-08-30,XOM,CVX,252,0.6509211986534906
1999-08-31,XOM,CVX,252,0.6503084536388862
1999-09-01,XOM,CVX,252,0.6492330368196015
1999-09-02,XOM,CVX,252,0.6471032548066339
1999-09-03,XOM,CVX,252,0.6503463021658822
1999-09-07,XOM,CVX,252,0.6461620487620862
1999-09-08,XOM,CVX,252,0.6447683827809843
1999-09-09,XOM,CVX,252,0.6419530370625506
1999-09-10,XOM,CVX,252,0.644190302930258
1999-09-13,XOM,CVX,252,0.6461298435391498
1999-09-14,XOM,CVX,252,0.6446509383555724
1999-09-15,XOM,CVX,252,0.6437794341892574
1999-09-16,XOM,CVX,252,0.6455707954455717
1999-09-17,XOM,CVX,252,0.6438674837252881
1999-09-20,XOM,CVX,252,0.6480582956032066
1999-09-21,XOM,CVX,252,0.6509066157045081
1999-09-22,XOM,CVX,252,0.648770152289635
1999-09-23,XOM,CVX,252,0.6402370423917092
1999-09-24,XOM,CVX,252,0.6385933651447185
1999-09-27,XOM,CVX,252,0.6428083394538773
1999-09-28,XOM,CVX,252,0.6448899201311324
1999-09-29,XOM,CVX,252,0.6375817093014413
1999-09-30,XOM,CVX,252,0.6405442991254608
1999-10-01,XOM,CVX,252,0.6404293300108496
1999-10-04,XOM,CVX,252,0.6365161505691949
1999-10-05,XOM,CVX,252,0.6361044621102503
1999-10-06,XOM,CVX,252,0.643300927070976
1999-10-07,XOM,CVX,252,0.6453059504318417
1999-10-08,XOM,CVX,252,0.6453751068941717
1999-10-11,XOM,CVX,252,0.6456062956720707
1999-10-12,XOM,CVX,252,0.6474845238286114
1999-10-13,XOM,CVX,252,0.6535569897151027
1999-10-14,XOM,CVX,252,0.6532635947514293
1999-10-15,XOM,CVX,252,0.6452080594376486
1999-10-18,XOM,CVX,252,0.6453293681464107
1999-10-19,XOM,CVX,252,0.6455047467585583
1999-10-20,XOM,CVX,252,0.6474292086126331
1999-10-21,XOM,CVX,252,0.6470268897762944
1999-10-22,XOM,CVX,252,0.6310950824779842
1999-10-25,XOM,CVX,252,0.6386355185849036
1999-10-26,XOM,CVX,252,0.6415376477239673
1999-10-27,XOM,CVX,252,0.6369113213207657
1999-10-28,XOM,CVX,252,0.6375669973048356
1999-10-29,XOM,CVX,252,0.6370563267665922
1999-11-01,XOM,CVX,252,0.6432277194430892
1999-11-02,XOM,CVX,252,0.6433888090562487
1999-11-03,XOM,CVX,252,0.6433973202689092
1999-11-04,XOM,CVX,252,0.642087775648574
1999-11-05,XOM,CVX,252,0.6461494134531646
1999-11-08,XOM,CVX,252,0.6560765174324122
1999-11-09,XOM,CVX,252,0.6533654795369229
1999-11-10,XOM,CVX,252,0.6505409166202967
1999-11-11,XOM,CVX,252,0.6483160721150283
1999-11-12,XOM,CVX,252,0.6426209121250794
1999-11-15,XOM,CVX,252,0.642608673414732
1999-11-16,XOM,CVX,252,0.6465127517341233
1999-11-17,XOM,CVX,252,0.6459746051901801
1999-11-18,XOM,CVX,252,0.6429925691150565
1999-11-19,XOM,CVX,252,0.6448183553942476
1999-11-22,XOM,CVX,252,0.6448389800983959
1999-11-23,XOM,CVX,252,0.6466022241751144
1999-11-24,XOM,CVX,252,0.6483117623593903
1999-11-26,XOM,CVX,252,0.6496128676294487
1999-11-29,XOM,CVX,252,0.6463981490716807
1999-11-30,XOM,CVX,252,0.6515919234759223
1999-12-01,XOM,CVX,252,0.6581795900032806
1999-12-02,XOM,CVX,252,0.6581645150873184
1999-12-03,XOM,CVX,252,0.6577125428054051
1999-12-06,XOM,CVX,252,0.6557002629024025
1999-12-07,XOM,CVX,252,0.6564019829628914
1999-12-08,XOM,CVX,252,0.6554281244193659
1999-12-09,XOM,CVX,252,0.6598940934888955
1999-12-10,XOM,CVX,252,0.6607283708232911
1999-12-13,XOM,CVX,252,0.6596448772272114
1999-12-14,XOM,CVX,252,0.6588982178171398
1999-12-15,XOM,CVX,252,0.6604763976560808
1999-12-16,XOM,CVX,252,0.6585098813674569
1999-12-17,XOM,CVX,252,0.6591710190309625
1999-12-20,XOM,CVX,252,0.6598107863673823
1999-12-21,XOM,CVX,252,0.6642146563282926
1999-12-22,XOM,CVX,252,0.6637036079939057
1999-12-23,XOM,CVX,252,0.6662827619367813
1999-12-27,XOM,CVX,252,0.6682667656310367
1999-12-28,XOM,CVX,252,0.6608194215716129
1999-12-29,XOM,CVX,252,0.6614711472992665
1999-12-30,XOM,CVX,252,0.6610152745196042
1999-12-31,XOM,CVX,252,0.6592797087311605
2000-01-03,XOM,CVX,252,0.6633416751090393
2000-01-04,XOM,CVX,252,0.6612060340065316
2000-01-05,XOM,CVX,252,0.6579531188653093
2000-01-06,XOM,CVX,252,0.6658148538971063
2000-01-07,XOM,CVX,252,0.6640362494244242
2000-01-10,XOM,CVX,252,0.6740591942967181
2000-01-11,XOM,CVX,252,0.6721627406685367
2000-01-12,XOM,CVX,252,0.6717336108793822
2000-01-13,XOM,CVX,252,0.6710372298687162
2000-01-14,XOM,CVX,252,0.6717478564187807
2000-01-18,XOM,CVX,252,0.6722871105125862
2000-01-19,XOM,CVX,252,0.669276387999903
2000-01-20,XOM,CVX,252,0.6693127888130029
2000-01-21,XOM,CVX,252,0.6701646678707212
2000-01-24,XOM,CVX,252,0.6699696114816183
2000-01-25,XOM,CVX,252,0.6703388960747422
2000-01-26,XOM,CVX,252,0.6693940153768395
2000-01-27,XOM,CVX,252,0.6745942524358355
2000-01-28,XOM,CVX,252,0.6761308314661756
2000-01-31,XOM,CVX,252,0.672461989963946
2000-02-01,XOM,CVX,252,0.6768091026597954
2000-02-02,XOM,CVX,252,0.6749882333622776
2000-02-03,XOM,CVX,252,0.6781693645194647
2000-02-04,XOM,CVX,252,0.677202769465099
2000-02-07,XOM,CVX,252,0.6752905038389855
2000-02-08,XOM,CVX,252,0.6759072670109046
2000-02-09,XOM,CVX,252,0.6824066940379858
2000-02-10,XOM,CVX,252,0.687503001648421
2000-02-11,XOM,CVX,252,0.6930959363367403
2000-02-14,XOM,CVX,252,0.6874464309805539
2000-02-15,XOM,CVX,252,0.6948724333395824
2000-02-16,XOM,CVX,252,0.695165580313578
2000-02-17,XOM,CVX,252,0.6922755964981517
2000-02-18,XOM,CVX,252,0.6952230924059236
2000-02-22,XOM,CVX,252,0.6961097336661608
2000-02-23,XOM,CVX,252,0.695845631371348
2000-02-24,XOM,CVX,252,0.6985830136800494
2000-02-25,XOM,CVX,252,0.6969598607503088
2000-02-28,XOM,CVX,252,0.7012870624902601
2000-02-29,XOM,CVX,252,0.6993957681269771
2000-03-01,XOM,CVX,252,0.6994513073014217
2000-03-02,XOM,CVX,252,0.698631747097805
2000-03-03,XOM,CVX,252,0.697212025603609
2000-03-06,XOM,CVX,252,0.6963542042064466
2000-03-07,XOM,CVX,252,0.721810542570063
2000-03-08,XOM,CVX,252,0.7162961315951674
2000-03-09,XOM,CVX,252,0.7148036091199325
2000-03-10,XOM,CVX,252,0.7190720195388518
2000-03-13,XOM,CVX,252,0.7190884555963195
2000-03-14,XOM,CVX,252,0.7212751881413386
2000-03-15,XOM,CVX,252,0.7219219465147446
2000-03-16,XOM,CVX,252,0.7201429275005026
2000-03-17,XOM,CVX,252,0.7239276196034744
2000-03-20,XOM,CVX,252,0.7216259816642945
2000-03-21,XOM,CVX,252,0.7237689823933038
2000-03-22,XOM,CVX,252,0.7240176865871284
2000-03-23,XOM,CVX,252,0.7242130674567562
2000-03-24,XOM,CVX,252,0.7245508182875152
2000-03-27,XOM,CVX,252,0.7236913005384481
2000-03-28,XOM,CVX,252,0.7217946335361596
2000-03-29,XOM,CVX,252,0.7220825671383412
2000-03-30,XOM,CVX,252,0.7048315764702181
2000-03-31,XOM,CVX,252,0.7014063078958107
2000-04-03,XOM,CVX,252,0.6989422817222504
2000-04-04,XOM,CVX,252,0.6876187512496632
2000-04-05,XOM,CVX,252,0.6910315685071039
2000-04-06,XOM,CVX,252,0.6920378920021167
2000-04-07,XOM,CVX,252,0.6940788169971647
2000-04-10,XOM,CVX,252,0.6937950452714636
2000-04-11,XOM,CVX,252,0.6944410224353292
2000-04-12,XOM,CVX,252,0.6878868673799802
2000-04-13,XOM,CVX,252,0.6827735833715763
2000-04-14,XOM,CVX,252,0.6806822492096262
2000-04-17,XOM,CVX,252,0.6852332937226288
2000-04-18,XOM,CVX,252,0.6864412458749589
2000-04-19,XOM,CVX,252,0.68644000936146
2000-04-20,XOM,CVX,252,0.6882241635479579
2000-04-24,XOM,CVX,252,0.6858772657661063
2000-04-25,XOM,CVX,252,0.6869155535596488
2000-04-26,XOM,CVX,252,0.6779307578896333
2000-04-27,XOM,CVX,252,0.6791933040495363
2000-04-28,XOM,CVX,252,0.6834192809377296
2000-05-01,XOM,CVX,252,0.6808136248791995
2000-05-02,XOM,CVX,252,0.6796669396691293
2000-05-03,XOM,CVX,252,0.6806369844340439
2000-05-04,XOM,CVX,252,0.6790435431322024
2000-05-05,XOM,CVX,252,0.6837983707425762
2000-05-08,XOM,CVX,252,0.6849306141653791
2000-05-09,XOM,CVX,252,0.68893631516387
2000-05-10,XOM,CVX,252,0.6850370276228774
2000-05-11,XOM,CVX,252,0.6871387269412262
2000-05-12,XOM,CVX,252,0.6854493220388483
2000-05-15,XOM,CVX,252,0.6839658187969329
2000-05-16,XOM,CVX,252,0.6830290122483046
2000-05-17,XOM,CVX,252,0.6847549963910644
2000-05-18,XOM,CVX,252,0.6836712823453895
2000-05-19,XOM,CVX,252,0.6872338231755184
2000-05-22,XOM,CVX,252,0.6867328822322448
2000-05-23,XOM,CVX,252,0.6880111124462495
2000-05-24,XOM,CVX,252,0.6856792331045936
2000-05-25,XOM,CVX,252,0.6874188404407169
2000-05-26,XOM,CVX,252,0.6846126447100775
2000-05-30,XOM,CVX,252,0.6830135568541991
2000-05-31,XOM,CVX,252,0.6810903007655786
2000-06-01,XOM,CVX,252,0.680848054435608
2000-06-02,XOM,CVX,252,0.6758626517521427
2000-06-05,XOM,CVX,252,0.6758229983714031
2000-06-06,XOM,CVX,252,0.680744159552399
2000-06-07,XOM,CVX,252,0.680849992821379
2000-06-08,XOM,CVX,252,0.6806970633023286
2000-06-09,XOM,CVX,252,0.6806911304929117
2000-06-12,XOM,CVX,252,0.6790385149311778
2000-06-13,XOM,CVX,252,0.6771375611424777
2000-06-14,XOM,CVX,252,0.6790190945454266
2000-06-15,XOM,CVX,252,0.6831571990321632
2000-06-16,XOM,CVX,252,0.680104673011111
2000-06-19,XOM,CVX,252,0.6773289972009392
2000-06-20,XOM,CVX,252,0.6777197273465131
2000-06-21,XOM,CVX,252,0.6773678064886556
2000-06-22,XOM,CVX,252,0.6778731274481102
2000-06-23,XOM,CVX,252,0.6781932498392875
2000-06-26,XOM,CVX,252,0.677234084984147
2000-06-27,XOM,CVX,252,0.6746024111280452
2000-06-28,XOM,CVX,252,0.6748239055843246
2000-06-29,XOM,CVX,252,0.6743882775859027
2000-06-30,XOM,CVX,252,0.6772776642540556
2000-07-03,XOM,CVX,252,0.6782368717468666
2000-07-05,XOM,CVX,252,0.6827286429231387
2000-07-06,XOM,CVX,252,0.6830344994676963
2000-07-07,XOM,CVX,252,0.6831908019446719
2000-07-10,XOM,CVX,252,0.6842611122632501
2000-07-11,XOM,CVX,252,0.6871027926152438
2000-07-12,XOM,CVX,252,0.6883118072069272
2000-07-13,XOM,CVX,252,0.6880947410292937
2000-07-14,XOM,CVX,252,0.6894774584641328
2000-07-17,XOM,CVX,252,0.6859620009087072
2000-07-18,XOM,CVX,252,0.6856435961458676
2000-07-19,XOM,CVX,252,0.6859709815576285
2000-07-20,XOM,CVX,252,0.6856785101306868
2000-07-21,XOM,CVX,252,0.6865176706145266
2000-07-24,XOM,CVX,252,0.6848714157499125
2000-07-25,XOM,CVX,252,0.6827714975203155
2000-07-26,XOM,CVX,252,0.6822513109467395
2000-07-27,XOM,CVX,252,0.6901046441061067
2000-07-28,XOM,CVX,252,0.6915865860907536
2000-07-31,XOM,CVX,252,0.6910173229162215
2000-08-01,XOM,CVX,252,0.6905321937456641
2000-08-02,XOM,CVX,252,0.6900915842345214
2000-08-03,XOM,CVX,252,0.6867737396218094
2000-08-04,XOM,CVX,252,0.6890845271517733
2000-08-07,XOM,CVX,252,0.6860416050536713
2000-08-08,XOM,CVX,252,0.686139640647735
2000-08-09,XOM,CVX,252,0.6860451174284641
2000-08-10,XOM,CVX,252,0.6858125941955037
2000-08-11,XOM,CVX,252,0.6863053823461099
2000-08-14,XOM,CVX,252,0.6865156067845443
2000-08-15,XOM,CVX,252,0.6871969777053853
2000-08-16,XOM,CVX,252,0.6881707924462275
2000-08-17,XOM,CVX,252,0.6898436902166099
2000-08-18,XOM,CVX,252,0.690245395733516
2000-08-21,XOM,CVX,252,0.6905093219021843
2000-08-22,XOM,CVX,252,0.6915609614097806
2000-08-23,XOM,CVX,252,0.6939424975596191
2000-08-24,XOM,CVX,252,0.693308564512551
2000-08-25,XOM,CVX,252,0.6937077918026295
2000-08-28,XOM,CVX,252,0.6927787849670883
2000-08-29,XOM,CVX,252,0.6922819875816768
2000-08-30,XOM,CVX,252,0.69279750012266
2000-08-31,XOM,CVX,252,0.6925799767995561
2000-09-01,XOM,CVX,252,0.6918034326847142
2000-09-05,XOM,CVX,252,0.6923871473667806
2000-09-06,XOM,CVX,252,0.6880268234370731
2000-09-07,XOM,CVX,252,0.6916468853501676
2000-09-08,XOM,CVX,252,0.6906316999904579
2000-09-11,XOM,CVX,252,0.6899470938928131
2000-09-12,XOM,CVX,252,0.6899239036899768
2000-09-13,XOM,CVX,252,0.6909794464216679
2000-09-14,XOM,CVX,252,0.6913413473046347
2000-09-15,XOM,CVX,252,0.694918174015642
2000-09-18,XOM,CVX,252,0.6947475362363547
2000-09-19,XOM,CVX,252,0.6946449949867035
2000-09-20,XOM,CVX,252,0.696174164348027
2000-09-21,XOM,CVX,252,0.6952303785097149
2000-09-22,XOM,CVX,252,0.6950267399185823
2000-09-25,XOM,CVX,252,0.6953589219116457
2000-09-26,XOM,CVX,252,0.6956285379545701
2000-09-27,XOM,CVX,252,0.697993818285371
2000-09-28,XOM,CVX,252,0.6974297496104679
2000-09-29,XOM,CVX,252,0.696839493897385
2000-10-02,XOM,CVX,252,0.6961708395504703
2000-10-03,XOM,CVX,252,0.6952436558163282
2000-10-04,XOM,CVX,252,0.694389012017673
2000-10-05,XOM,CVX,252,0.6934482658265609
2000-10-06,XOM,CVX,252,0.6924430140273412
2000-10-09,XOM,CVX,252,0.6934405665154556
2000-10-10,XOM,CVX,252,0.6949883792474364
2000-10-11,XOM,CVX,252,0.6947055263817445
2000-10-12,XOM,CVX,252,0.6947476568019718
2000-10-13,XOM,CVX,252,0.7041227007139395
2000-10-16,XOM,CVX,252,0.7061261438654383
2000-10-17,XOM,CVX,252,0.7055142724455976
2000-10-18,XOM,CVX,252,0.7033919268834714
2000-10-19,XOM,CVX,252,0.7042590295528824
2000-10-20,XOM,CVX,252,0.7046429016700193
2000-10-23,XOM,CVX,252,0.6987387116254034
2000-10-24,XOM,CVX,252,0.6953144847400835
2000-10-25,XOM,CVX,252,0.6974683356589224
2000-10-26,XOM,CVX,252,0.6986632423995117
2000-10-27,XOM,CVX,252,0.6971767494852192
2000-10-30,XOM,CVX,252,0.6983029900296633
2000-10-31,XOM,CVX,252,0.6985900216000885
2000-11-01,XOM,CVX,252,0.6992678687738222
2000-11-02,XOM,CVX,252,0.7024938521082573
2000-11-03,XOM,CVX,252,0.6981532945369027
2000-11-06,XOM,CVX,252,0.6917665701152759
2000-11-07,XOM,CVX,252,0.6928738980999575
2000-11-08,XOM,CVX,252,0.6939154413945535
2000-11-09,XOM,CVX,252,0.6955140593596243
2000-11-10,XOM,CVX,252,0.6943401065882565
2000-11-13,XOM,CVX,252,0.6933356626321173
2000-11-14,XOM,CVX,252,0.6917386436916906
2000-11-15,XOM,CVX,252,0.692668999599902
2000-11-16,XOM,CVX,252,0.6949595730891424
2000-11-17,XOM,CVX,252,0.6937918184979651
2000-11-20,XOM,CVX,252,0.6946609814559556
2000-11-21,XOM,CVX,252,0.6945238013811326
2000-11-22,XOM,CVX,252,0.693634793314836
2000-11-24,XOM,CVX,252,0.692739539499637
2000-11-27,XOM,CVX,252,0.692654552000986
2000-11-28,XOM,CVX,252,0.692017411770392
2000-11-29,XOM,CVX,252,0.6931887404662007
2000-11-30,XOM,CVX,252,0.6932740183511008
2000-12-01,XOM,CVX,252,0.6936163951883251
2000-12-04,XOM,CVX,252,0.6938123202587988
2000-12-05,XOM,CVX,252,0.6952638514093681
2000-12-06,XOM,CVX,252,0.6971504006933046
2000-12-07,XOM,CVX,252,0.6948506588099945
2000-12-08,XOM,CVX,252,0.6948739943826355
2000-12-11,XOM,CVX,252,0.6907766038041578
2000-12-12,XOM,CVX,252,0.6915970038360991
2000-12-13,XOM,CVX,252,0.692144595423598
2000-12-14,XOM,CVX,252,0.6952852861550867
2000-12-15,XOM,CVX,252,0.6950307838498817
2000-12-18,XOM,CVX,252,0.6972725144506137
2000-12-19,XOM,CVX,252,0.6970588658524347
2000-12-20,XOM,CVX,252,0.6995753908805121
2000-12-21,XOM,CVX,252,0.6979254383579572
2000-12-22,XOM,CVX,252,0.6984717644110264
2000-12-26,XOM,CVX,252,0.7064763632086777
2000-12-27,XOM,CVX,252,0.7064018261479618
2000-12-28,XOM,CVX,252,0.6985201045252436
2000-12-29,XOM,CVX,252,0.6980609386552286
2001-01-02,XOM,CVX,252,0.6962938403682584
2001-01-03,XOM,CVX,252,0.7031528684605509
2001-01-04,XOM,CVX,252,0.704032797508133
2001-01-05,XOM,CVX,252,0.6983112145184718
2001-01-08,XOM,CVX,252,0.7001149383655944
2001-01-09,XOM,CVX,252,0.7000101676567725
2001-01-10,XOM,CVX,252,0.7016405751653877
2001-01-11,XOM,CVX,252,0.702205239700644
2001-01-12,XOM,CVX,252,0.7005638822017296
2001-01-16,XOM,CVX,252,0.70016631721518
2001-01-17,XOM,CVX,252,0.7002382809338826
2001-01-18,XOM,CVX,252,0.7034620513443102
2001-01-19,XOM,CVX,252,0.7040536898684188
2001-01-22,XOM,CVX,252,0.7034838540184315
2001-01-23,XOM,CVX,252,0.7026135221292935
2001-01-24,XOM,CVX,252,0.7024040479805753
2001-01-25,XOM,CVX,252,0.6999684214352725
2001-01-26,XOM,CVX,252,0.696374186678759
2001-01-29,XOM,CVX,252,0.6949983268136372
2001-01-30,XOM,CVX,252,0.6969140533011517
2001-01-31,XOM,CVX,252,0.6985049488828242
2001-02-01,XOM,CVX,252,0.6992307576284872
2001-02-02,XOM,CVX,252,0.6985411874916404
2001-02-05,XOM,CVX,252,0.6962835127996645
2001-02-06,XOM,CVX,252,0.6923920635005254
2001-02-07,XOM,CVX,252,0.6901489876189477
2001-02-08,XOM,CVX,252,0.6863391716745163
2001-02-09,XOM,CVX,252,0.6909642502987885
2001-02-12,XOM,CVX,252,0.6875503035405323
2001-02-13,XOM,CVX,252,0.6932842327196098
2001-02-14,XOM,CVX,252,0.6865631073511306
2001-02-15,XOM,CVX,252,0.6861315185387389
2001-02-16,XOM,CVX,252,0.6893144369069243
2001-02-20,XOM,CVX,252,0.6874634553609464
2001-02-21,XOM,CVX,252,0.688296160147381
2001-02-22,XOM,CVX,252,0.6889183816084704
2001-02-23,XOM,CVX,252,0.68665170398053
2001-02-26,XOM,CVX,252,0.6874264761924034
2001-02-27,XOM,CVX,252,0.6775496366810564
2001-02-28,XOM,CVX,252,0.6787225870581074
2001-03-01,XOM,CVX,252,0.6783251490162104
2001-03-02,XOM,CVX,252,0.6797075112500823
2001-03-05,XOM,CVX,252,0.678384839545954
2001-03-06,XOM,CVX,252,0.680412737158319
2001-03-07,XOM,CVX,252,0.6448278737440067
2001-03-08,XOM,CVX,252,0.6464195692364614
2001-03-09,XOM,CVX,252,0.6463838537714485
2001-03-12,XOM,CVX,252,0.6384858542747806
2001-03-13,XOM,CVX,252,0.6380449696893506
2001-03-14,XOM,CVX,252,0.6371180761199421
2001-03-15,XOM,CVX,252,0.635982546617528
2001-03-16,XOM,CVX,252,0.6391079485578411
2001-03-19,XOM,CVX,252,0.6367876130550723
2001-03-20,XOM,CVX,252,0.635285956594695
2001-03-21,XOM,CVX,252,0.6310996112442153
2001-03-22,XOM,CVX,252,0.6312402914768137
2001-03-23,XOM,CVX,252,0.631485623904827
2001-03-26,XOM,CVX,252,0.6284634724251513
2001-03-27,XOM,CVX,252,0.6295220737702328
2001-03-28,XOM,CVX,252,0.6338379421673369
2001-03-29,XOM,CVX,252,0.6323205365122309
2001-03-30,XOM,CVX,252,0.6584975197418261
2001-04-02,XOM,CVX,252,0.6599147131068419
2001-04-03,XOM,CVX,252,0.6655398516305678
2001-04-04,XOM,CVX,252,0.682631229590376
2001-04-05,XOM,CVX,252,0.6814733355875817
2001-04-06,XOM,CVX,252,0.6776307419425444
2001-04-09,XOM,CVX,252,0.6722673030895723
2001-04-10,XOM,CVX,252,0.6736824325300963
2001-04-11,XOM,CVX,252,0.6757306629717494
2001-04-12,XOM,CVX,252,0.6751560254592345
2001-04-16,XOM,CVX,252,0.6810975154064011
2001-04-17,XOM,CVX,252,0.6795891089899001
2001-04-18,XOM,CVX,252,0.6730093084031052
2001-04-19,XOM,CVX,252,0.6731655228903257
2001-04-20,XOM,CVX,252,0.6741321706060451
2001-04-23,XOM,CVX,252,0.6735257055908885
2001-04-24,XOM,CVX,252,0.6771842832948719
2001-04-25,XOM,CVX,252,0.6800711521110618
2001-04-26,XOM,CVX,252,0.6802659420357837
2001-04-27,XOM,CVX,252,0.6809792927342576
2001-04-30,XOM,CVX,252,0.6737886689352734
2001-05-01,XOM,CVX,252,0.6740423729341997
2001-05-02,XOM,CVX,252,0.68260080241808
2001-05-03,XOM,CVX,252,0.6825387343539023
2001-05-04,XOM,CVX,252,0.6832242042494824
2001-05-07,XOM,CVX,252,0.6851431769981939
2001-05-08,XOM,CVX,252,0.6844336544777964
2001-05-09,XOM,CVX,252,0.6840577812777112
2001-05-10,XOM,CVX,252,0.6840456997885866
2001-05-11,XOM,CVX,252,0.681260361577879
2001-05-14,XOM,CVX,252,0.6837509984815465
2001-05-15,XOM,CVX,252,0.6865135250714203
2001-05-16,XOM,CVX,252,0.6863781432380178
2001-05-17,XOM,CVX,252,0.6847322489243128
2001-05-18,XOM,CVX,252,0.6863500738795462
2001-05-21,XOM,CVX,252,0.6886797745386612
2001-05-22,XOM,CVX,252,0.6856715973524518
2001-05-23,XOM,CVX,252,0.686181238698589
2001-05-24,XOM,CVX,252,0.6868473058914084
2001-05-25,XOM,CVX,252,0.6859452074525864
2001-05-29,XOM,CVX,252,0.6902631040090556
2001-05-30,XOM,CVX,252,0.6911403720928687
2001-05-31,XOM,CVX,252,0.6923125247845853
2001-06-01,XOM,CVX,252,0.6926587682977681
2001-06-04,XOM,CVX,252,0.7020814400527711
2001-06-05,XOM,CVX,252,0.7013140402270341
2001-06-06,XOM,CVX,252,0.698717236601239
2001-06-07,XOM,CVX,252,0.6987628143291807
2001-06-08,XOM,CVX,252,0.7001951802126154
2001-06-11,XOM,CVX,252,0.6997532768892115
2001-06-12,XOM,CVX,252,0.699329854057612
2001-06-13,XOM,CVX,252,0.7013900579393261
2001-06-14,XOM,CVX,252,0.7009672258086764
2001-06-15,XOM,CVX,252,0.7003322507467353
2001-06-18,XOM,CVX,252,0.7050332955592378
2001-06-19,XOM,CVX,252,0.705503822584148
2001-06-20,XOM,CVX,252,0.7052649584410664
2001-06-21,XOM,CVX,252,0.7025038565618403
2001-06-22,XOM,CVX,252,0.7010968379558826
2001-06-25,XOM,CVX,252,0.7008129982784238
2001-06-26,XOM,CVX,252,0.7020971088201792
2001-06-27,XOM,CVX,252,0.7028651721042505
2001-06-28,XOM,CVX,252,0.7006267910393071
2001-06-29,XOM,CVX,252,0.6994556400263575
2001-07-02,XOM,CVX,252,0.6963950913738913
2001-07-03,XOM,CVX,252,0.6954180515388831
2001-07-05,XOM,CVX,252,0.6871764153008937
2001-07-06,XOM,CVX,252,0.6862700865366216
2001-07-09,XOM,CVX,252,0.6857242133065605
2001-07-10,XOM,CVX,252,0.6862860818799875
2001-07-11,XOM,CVX,252,0.6812048244693417
2001-07-12,XOM,CVX,252,0.6794241769805721
2001-07-13,XOM,CVX,252,0.6794823307060703
2001-07-16,XOM,CVX,252,0.6771939877926512
2001-07-17,XOM,CVX,252,0.6833472032790767
2001-07-18,XOM,CVX,252,0.6823213625145315
2001-07-19,XOM,CVX,252,0.6806209465132211
2001-07-20,XOM,CVX,252,0.6807821089581112
2001-07-23,XOM,CVX,252,0.6811871421959028
2001-07-24,XOM,CVX,252,0.6883018450899107
2001-07-25,XOM,CVX,252,0.6957538581789227
2001-07-26,XOM,CVX,252,0.6969857920031737
2001-07-27,XOM,CVX,252,0.6837496651656935
2001-07-30,XOM,CVX,252,0.6825582854537542
2001-07-31,XOM,CVX,252,0.6849926706253605
2001-08-01,XOM,CVX,252,0.6850309294226717
2001-08-02,XOM,CVX,252,0.6862119438388014
2001-08-03,XOM,CVX,252,0.6886870937608176
2001-08-06,XOM,CVX,252,0.6896969665324415
2001-08-07,XOM,CVX,252,0.6952619373870125
2001-08-08,XOM,CVX,252,0.6949704000786713
2001-08-09,XOM,CVX,252,0.6975748049755287
2001-08-10,XOM,CVX,252,0.6984770067255804
2001-08-13,XOM,CVX,252,0.6984999594414092
2001-08-14,XOM,CVX,252,0.6978307048007116
2001-08-15,XOM,CVX,252,0.6974487577436868
2001-08-16,XOM,CVX,252,0.6964968002337639
2001-08-17,XOM,CVX,252,0.695385323934508
2001-08-20,XOM,CVX,252,0.6930598196486135
2001-08-21,XOM,CVX,252,0.6932515135036034
2001-08-22,XOM,CVX,252,0.693534664913122
2001-08-23,XOM,CVX,252,0.6918360158415068
2001-08-24,XOM,CVX,252,0.6889357750755963
2001-08-27,XOM,CVX,252,0.6896626433084051
2001-08-28,XOM,CVX,252,0.6904867800295598
2001-08-29,XOM,CVX,252,0.6899187282720143
2001-08-30,XOM,CVX,252,0.6890812216370823
2001-08-31,XOM,CVX,252,0.6899017808331321
2001-09-04,XOM,CVX,252,0.6893461863198909
2001-09-05,XOM,CVX,252,0.6884533756867562
2001-09-06,XOM,CVX,252,0.6936912140320919
2001-09-07,XOM,CVX,252,0.6936208110710371
2001-09-10,XOM,CVX,252,0.692930194690169
2001-09-17,XOM,CVX,252,0.6929508910262676
2001-09-18,XOM,CVX,252,0.697051787988643
2001-09-19,XOM,CVX,252,0.7016229697911236
2001-09-20,XOM,CVX,252,0.7013991594523068
2001-09-21,XOM,CVX,252,0.6871370256501745
2001-09-24,XOM,CVX,252,0.6784779868893474
2001-09-25,XOM,CVX,252,0.6698776924386792
2001-09-26,XOM,CVX,252,0.6691519307981078
2001-09-27,XOM,CVX,252,0.6919014511554266
2001-09-28,XOM,CVX,252,0.6947816408996254
2001-10-01,XOM,CVX,252,0.6951604249179666
2001-10-02,XOM,CVX,252,0.6973773192454372
2001-10-03,XOM,CVX,252,0.6936177633209988
2001-10-04,XOM,CVX,252,0.6967071749724031
2001-10-05,XOM,CVX,252,0.6970700818087957
2001-10-08,XOM,CVX,252,0.6954998570994267
2001-10-09,XOM,CVX,252,0.6943402044522357
2001-10-10,XOM,CVX,252,0.6966992881429676
2001-10-11,XOM,CVX,252,0.6971485602374827
2001-10-12,XOM,CVX,252,0.6929876025948662
2001-10-15,XOM,CVX,252,0.6922038135185075
2001-10-16,XOM,CVX,252,0.6910683638751238
2001-10-17,XOM,CVX,252,0.6918482347730284
2001-10-18,XOM,CVX,252,0.695512665519988
2001-10-19,XOM,CVX,252,0.6884609635432335
2001-10-22,XOM,CVX,252,0.6854709181085799
2001-10-23,XOM,CVX,252,0.6847197977582654
2001-10-24,XOM,CVX,252,0.6799008110709432
2001-10-25,XOM,CVX,252,0.6807226353439562
2001-10-26,XOM,CVX,252,0.6803275038017432
2001-10-29,XOM,CVX,252,0.6821195437340636
2001-10-30,XOM,CVX,252,0.6793397406657948
2001-10-31,XOM,CVX,252,0.6807208464363377
2001-11-01,XOM,CVX,252,0.6817389595483289
2001-11-02,XOM,CVX,252,0.6857406447854895
2001-11-05,XOM,CVX,252,0.6841876961928947
2001-11-06,XOM,CVX,252,0.6843592825645514
2001-11-07,XOM,CVX,252,0.6857659549350235
2001-11-08,XOM,CVX,252,0.6800815458694569
2001-11-09,XOM,CVX,252,0.6836641797129039
2001-11-12,XOM,CVX,252,0.682503077064927
2001-11-13,XOM,CVX,252,0.6838633383619772
2001-11-14,XOM,CVX,252,0.6900321810029629
2001-11-15,XOM,CVX,252,0.6969416011154116
2001-11-16,XOM,CVX,252,0.6964802087458962
2001-11-19,XOM,CVX,252,0.6986137438423012
2001-11-20,XOM,CVX,252,0.7033505477764811
2001-11-21,XOM,CVX,252,0.7032196592486264
2001-11-23,XOM,CVX,252,0.7032590895618058
2001-11-26,XOM,CVX,252,0.7045592807359571
2001-11-27,XOM,CVX,252,0.704071799374416
2001-11-28,XOM,CVX,252,0.7028239429752515
2001-11-29,XOM,CVX,252,0.7047635755169609
2001-11-30,XOM,CVX,252,0.7051762334687374
2001-12-03,XOM,CVX,252,0.707940271210182
2001-12-04,XOM,CVX,252,0.70790727559897
2001-12-05,XOM,CVX,252,0.6985952819230931
2001-12-06,XOM,CVX,252,0.6994575871598266
2001-12-07,XOM,CVX,252,0.7002434957620034
2001-12-10,XOM,CVX,252,0.702308364838556
2001-12-11,XOM,CVX,252,0.7019943244333074
2001-12-12,XOM,CVX,252,0.7001012025593769
2001-12-13,XOM,CVX,252,0.7033824657513094
2001-12-14,XOM,CVX,252,0.7016403852134251
2001-12-17,XOM,CVX,252,0.7096900539834007
2001-12-18,XOM,CVX,252,0.7097418474280721
2001-12-19,XOM,CVX,252,0.7109374216930934
2001-12-20,XOM,CVX,252,0.7075797757602625
2001-12-21,XOM,CVX,252,0.7068857739953032
2001-12-24,XOM,CVX,252,0.7016872528151963
2001-12-26,XOM,CVX,252,0.7018509762070185
2001-12-27,XOM,CVX,252,0.698702946557749
2001-12-28,XOM,CVX,252,0.6987337789302156
2001-12-31,XOM,CVX,252,0.6959484688449081
2002-01-02,XOM,CVX,252,0.6927502343123173
2002-01-03,XOM,CVX,252,0.6936201398134861
2002-01-04,XOM,CVX,252,0.7047963797568473
2002-01-07,XOM,CVX,252,0.7054301557836908
2002-01-08,XOM,CVX,252,0.7034980543429827
2002-01-09,XOM,CVX,252,0.6948075978850796
2002-01-10,XOM,CVX,252,0.6912696397484536
2002-01-11,XOM,CVX,252,0.6933045753235123
2002-01-14,XOM,CVX,252,0.6931157665282258
2002-01-15,XOM,CVX,252,0.6942179225907259
2002-01-16,XOM,CVX,252,0.6969850515892756
2002-01-17,XOM,CVX,252,0.6962997280749061
2002-01-18,XOM,CVX,252,0.6994009341565899
2002-01-22,XOM,CVX,252,0.6999733695039893
2002-01-23,XOM,CVX,252,0.7000797796808663
2002-01-24,XOM,CVX,252,0.699044151370182
2002-01-25,XOM,CVX,252,0.6994366765737474
2002-01-28,XOM,CVX,252,0.6990192454918291
2002-01-29,XOM,CVX,252,0.705864019142002
2002-01-30,XOM,CVX,252,0.6912996848884585
2002-01-31,XOM,CVX,252,0.6949485558426817
2002-02-01,XOM,CVX,252,0.6924646613861064
2002-02-04,XOM,CVX,252,0.6934160793029563
2002-02-05,XOM,CVX,252,0.6926958096486963
2002-02-06,XOM,CVX,252,0.6913977203621637
2002-02-07,XOM,CVX,252,0.6922967236428733
2002-02-08,XOM,CVX,252,0.6920902874402171
2002-02-11,XOM,CVX,252,0.6944357800521371
2002-02-12,XOM,CVX,252,0.7009628042094395
2002-02-13,XOM,CVX,252,0.7047331418240784
2002-02-14,XOM,CVX,252,0.7046520209715601
2002-02-15,XOM,CVX,252,0.7030675678462922
2002-02-19,XOM,CVX,252,0.7034954940866496
2002-02-20,XOM,CVX,252,0.7031909805278306
2002-02-21,XOM,CVX,252,0.7052118117501245
2002-02-22,XOM,CVX,252,0.707145485090116
2002-02-25,XOM,CVX,252,0.7059533844277562
2002-02-26,XOM,CVX,252,0.705196502746203
2002-02-27,XOM,CVX,252,0.7052521435886705
2002-02-28,XOM,CVX,252,0.7035124605496796
2002-03-01,XOM,CVX,252,0.7043945947316091
2002-03-04,XOM,CVX,252,0.7047104853932036
2002-03-05,XOM,CVX,252,0.7121446891062874
2002-03-06,XOM,CVX,252,0.7150171063051811
2002-03-07,XOM,CVX,252,0.7134122635252432
2002-03-08,XOM,CVX,252,0.7105355347629498
2002-03-11,XOM,CVX,252,0.7120845255005105
2002-03-12,XOM,CVX,252,0.7123455494871099
2002-03-13,XOM,CVX,252,0.710238980346521
2002-03-14,XOM,CVX,252,0.7085332099693984
2002-03-15,XOM,CVX,252,0.7086157203856014
2002-03-18,XOM,CVX,252,0.7098883946539134
2002-03-19,XOM,CVX,252,0.7101287612783894
2002-03-20,XOM,CVX,252,0.7099615907088408
2002-03-21,XOM,CVX,252,0.7109410337212171
2002-03-22,XOM,CVX,252,0.7088655477269056
2002-03-25,XOM,CVX,252,0.713355178383948
2002-03-26,XOM,CVX,252,0.7178548560098351
2002-03-27,XOM,CVX,252,0.7165757093607056
2002-03-28,XOM,CVX,252,0.7130696704158854
2002-04-01,XOM,CVX,252,0.7123017244236082
2002-04-02,XOM,CVX,252,0.7160209240263389
2002-04-03,XOM,CVX,252,0.7153434489770236
2002-04-04,XOM,CVX,252,0.7148549050255124
2002-04-05,XOM,CVX,252,0.7151978134769545
2002-04-08,XOM,CVX,252,0.7155332268511395
2002-04-09,XOM,CVX,252,0.7156820890725917
2002-04-10,XOM,CVX,252,0.7152706210976468
2002-04-11,XOM,CVX,252,0.7160408090842888
2002-04-12,XOM,CVX,252,0.7168246282452186
2002-04-15,XOM,CVX,252,0.7199168297433087
2002-04-16,XOM,CVX,252,0.7234404449370017
2002-04-17,XOM,CVX,252,0.7219196435496164
2002-04-18,XOM,CVX,252,0.7192647687994117
2002-04-19,XOM,CVX,252,0.7198926471410428
2002-04-22,XOM,CVX,252,0.7181695215190629
2002-04-23,XOM,CVX,252,0.7165747469910065
2002-04-24,XOM,CVX,252,0.7196870969808818
2002-04-25,XOM,CVX,252,0.7195683772258988
2002-04-26,XOM,CVX,252,0.7204240862324989
2002-04-29,XOM,CVX,252,0.7156163345471537
2002-04-30,XOM,CVX,252,0.7161455698494044
2002-05-01,XOM,CVX,252,0.7164901317715641
2002-05-02,XOM,CVX,252,0.7224533512011873
2002-05-03,XOM,CVX,252,0.7215119152421556
2002-05-06,XOM,CVX,252,0.7262035176483393
2002-05-07,XOM,CVX,252,0.7252639471452011
2002-05-08,XOM,CVX,252,0.7235245168900537
2002-05-09,XOM,CVX,252,0.7239294143207253
2002-05-10,XOM,CVX,252,0.7222100984341068
2002-05-13,XOM,CVX,252,0.7253220255983666
2002-05-14,XOM,CVX,252,0.724198374722314
2002-05-15,XOM,CVX,252,0.7244143688039774
2002-05-16,XOM,CVX,252,0.7258024095827468
2002-05-17,XOM,CVX,252,0.7258014476486114
2002-05-20,XOM,CVX,252,0.726061860445263
2002-05-21,XOM,CVX,252,0.7241601319660055
2002-05-22,XOM,CVX,252,0.7254351717219831
2002-05-23,XOM,CVX,252,0.7270043806604463
2002-05-24,XOM,CVX,252,0.7250327971642259
2002-05-28,XOM,CVX,252,0.7261220479899866
2002-05-29,XOM,CVX,252,0.7284278423636693
2002-05-30,XOM,CVX,252,0.7287429227127211
2002-05-31,XOM,CVX,252,0.7287744336283252
2002-06-03,XOM,CVX,252,0.7286851173100861
2002-06-04,XOM,CVX,252,0.731241159704112
2002-06-05,XOM,CVX,252,0.7316517695992453
2002-06-06,XOM,CVX,252,0.7323360068487438
2002-06-07,XOM,CVX,252,0.7323732282896283
2002-06-10,XOM,CVX,252,0.730831834879624
2002-06-11,XOM,CVX,252,0.7317903329956154
2002-06-12,XOM,CVX,252,0.7295159532176523
2002-06-13,XOM,CVX,252,0.7287009523119159
2002-06-14,XOM,CVX,252,0.7286032222411062
2002-06-17,XOM,CVX,252,0.7313967137241251
2002-06-18,XOM,CVX,252,0.7314910978692394
2002-06-19,XOM,CVX,252,0.7326366717486904
2002-06-20,XOM,CVX,252,0.7322196791160875
2002-06-21,XOM,CVX,252,0.7309176066610675
2002-06-24,XOM,CVX,252,0.7266991652151641
2002-06-25,XOM,CVX,252,0.7272426587082563
2002-06-26,XOM,CVX,252,0.7266141707768216
2002-06-27,XOM,CVX,252,0.7310392241387795
2002-06-28,XOM,CVX,252,0.7316899794707944
2002-07-01,XOM,CVX,252,0.7315954594204161
2002-07-02,XOM,CVX,252,0.7321678485037965
2002-07-03,XOM,CVX,252,0.7327774527575664
2002-07-05,XOM,CVX,252,0.7380040765779637
2002-07-08,XOM,CVX,252,0.7385386740090346
2002-07-09,XOM,CVX,252,0.7397501114735071
2002-07-10,XOM,CVX,252,0.7433638445514584
2002-07-11,XOM,CVX,252,0.7485959888217233
2002-07-12,XOM,CVX,252,0.7465591041968896
2002-07-15,XOM,CVX,252,0.7494923283463277
2002-07-16,XOM,CVX,252,0.7502977481626044
2002-07-17,XOM,CVX,252,0.7510892111742964
2002-07-18,XOM,CVX,252,0.7534606887360361
2002-07-19,XOM,CVX,252,0.7685931335929422
2002-07-22,XOM,CVX,252,0.7878426206204514
2002-07-23,XOM,CVX,252,0.762935418271367
2002-07-24,XOM,CVX,252,0.7748484557452344
2002-07-25,XOM,CVX,252,0.7751892530965804
2002-07-26,XOM,CVX,252,0.7765418124601329
2002-07-29,XOM,CVX,252,0.7792289487019053
2002-07-30,XOM,CVX,252,0.777187617156382
2002-07-31,XOM,CVX,252,0.778385180904928
2002-08-01,XOM,CVX,252,0.7918808975014827
2002-08-02,XOM,CVX,252,0.7925022624549949
2002-08-05,XOM,CVX,252,0.7962140678659391
2002-08-06,XOM,CVX,252,0.7989399064288679
2002-08-07,XOM,CVX,252,0.8002682658614684
2002-08-08,XOM,CVX,252,0.8045443894160694
2002-08-09,XOM,CVX,252,0.8048258284524964
2002-08-12,XOM,CVX,252,0.805064269316226
2002-08-13,XOM,CVX,252,0.8008207452402033
2002-08-14,XOM,CVX,252,0.803647705575671
2002-08-15,XOM,CVX,252,0.8047471144174513
2002-08-16,XOM,CVX,252,0.8046087257816796
2002-08-19,XOM,CVX,252,0.8042802176211261
2002-08-20,XOM,CVX,252,0.8062427089037483
2002-08-21,XOM,CVX,252,0.8055868562396783
2002-08-22,XOM,CVX,252,0.8061090847856771
2002-08-23,XOM,CVX,252,0.8043095220615798
2002-08-26,XOM,CVX,252,0.8055886577014997
2002-08-27,XOM,CVX,252,0.8035093838795877
2002-08-28,XOM,CVX,252,0.8032711619690598
2002-08-29,XOM,CVX,252,0.8031654590728037
2002-08-30,XOM,CVX,252,0.803409182455248
2002-09-03,XOM,CVX,252,0.8095294656596588
2002-09-04,XOM,CVX,252,0.8089736085365091
2002-09-05,XOM,CVX,252,0.809529597204773
2002-09-06,XOM,CVX,252,0.8103317103120244
2002-09-09,XOM,CVX,252,0.810539548357868
2002-09-10,XOM,CVX,252,0.8114669328285224
2002-09-11,XOM,CVX,252,0.8116764398353622
2002-09-12,XOM,CVX,252,0.8129500007682868
2002-09-13,XOM,CVX,252,0.8125670102854682
2002-09-16,XOM,CVX,252,0.8140409452817248
2002-09-17,XOM,CVX,252,0.8163626454973637
2002-09-18,XOM,CVX,252,0.8161548188589903
2002-09-19,XOM,CVX,252,0.8156010147581022
2002-09-20,XOM,CVX,252,0.8165279991941212
2002-09-23,XOM,CVX,252,0.8223434379346705
2002-09-24,XOM,CVX,252,0.8297629711553192
2002-09-25,XOM,CVX,252,0.8351273496544549
2002-09-26,XOM,CVX,252,0.83878038393843
2002-09-27,XOM,CVX,252,0.8337962956903467
2002-09-30,XOM,CVX,252,0.8345910816330855
2002-10-01,XOM,CVX,252,0.83845996676066
2002-10-02,XOM,CVX,252,0.8343337423902507
2002-10-03,XOM,CVX,252,0.8346253761777787
2002-10-04,XOM,CVX,252,0.8325135304145007
2002-10-07,XOM,CVX,252,0.8328481176960585
2002-10-08,XOM,CVX,252,0.8330863958480976
2002-10-09,XOM,CVX,252,0.8326722325358122
2002-10-10,XOM,CVX,252,0.8319733204575357
2002-10-11,XOM,CVX,252,0.8319884772360623
2002-10-14,XOM,CVX,252,0.8369036480762714
2002-10-15,XOM,CVX,252,0.8385702806568038
2002-10-16,XOM,CVX,252,0.8386738321017438
2002-10-17,XOM,CVX,252,0.8388649517093549
2002-10-18,XOM,CVX,252,0.8368778277338647
2002-10-21,XOM,CVX,252,0.8367658521227618
2002-10-22,XOM,CVX,252,0.8367150536813927
2002-10-23,XOM,CVX,252,0.836545353897796
2002-10-24,XOM,CVX,252,0.8386112256099796
2002-10-25,XOM,CVX,252,0.837436888391285
2002-10-28,XOM,CVX,252,0.835548358565166
2002-10-29,XOM,CVX,252,0.8386816406255574
2002-10-30,XOM,CVX,252,0.8431870554951348
2002-10-31,XOM,CVX,252,0.8345571298905863
2002-11-01,XOM,CVX,252,0.8348445863062596
2002-11-04,XOM,CVX,252,0.8348388539088374
2002-11-05,XOM,CVX,252,0.8354967378125184
2002-11-06,XOM,CVX,252,0.8351450280931211
2002-11-07,XOM,CVX,252,0.8351184556252645
2002-11-08,XOM,CVX,252,0.8351382925738728
2002-11-11,XOM,CVX,252,0.8336004784778251
2002-11-12,XOM,CVX,252,0.8335498986030224
2002-11-13,XOM,CVX,252,0.833421244826111
2002-11-14,XOM,CVX,252,0.8322735163851265
2002-11-15,XOM,CVX,252,0.8300175469715847
2002-11-18,XOM,CVX,252,0.8308228794010372
2002-11-19,XOM,CVX,252,0.8304073897759423
2002-11-20,XOM,CVX,252,0.8305301908308527
2002-11-21,XOM,CVX,252,0.8306137580723053
2002-11-22,XOM,CVX,252,0.8311951493329833
2002-11-25,XOM,CVX,252,0.830519398541634
2002-11-26,XOM,CVX,252,0.8324344826124829
2002-11-27,XOM,CVX,252,0.8317810510096005
2002-11-29,XOM,CVX,252,0.8313596451487548
2002-12-02,XOM,CVX,252,0.8314630383670442
2002-12-03,XOM,CVX,252,0.8320820200619559
2002-12-04,XOM,CVX,252,0.8313717559415209
2002-12-05,XOM,CVX,252,0.8311959321480984
2002-12-06,XOM,CVX,252,0.831782342083777
2002-12-09,XOM,CVX,252,0.8317127455153542
2002-12-10,XOM,CVX,252,0.8318285141398095
2002-12-11,XOM,CVX,252,0.8312839649556936
2002-12-12,XOM,CVX,252,0.8312848072073711
2002-12-13,XOM,CVX,252,0.8305736082292116
2002-12-16,XOM,CVX,252,0.8316972646646412
2002-12-17,XOM,CVX,252,0.8313806518708878
2002-12-18,XOM,CVX,252,0.8312864735755359
2002-12-19,XOM,CVX,252,0.830776094775594
2002-12-20,XOM,CVX,252,0.8307472422941301
2002-12-23,XOM,CVX,252,0.8311261393795182
2002-12-24,XOM,CVX,252,0.8315131120956314
2002-12-26,XOM,CVX,252,0.831120781450561
2002-12-27,XOM,CVX,252,0.831900905201634
2002-12-30,XOM,CVX,252,0.8315503558819847
2002-12-31,XOM,CVX,252,0.8311410447443757
2003-01-02,XOM,CVX,252,0.831738750760055
2003-01-03,XOM,CVX,252,0.8314489463029386
2003-01-06,XOM,CVX,252,0.8329779390081252
2003-01-07,XOM,CVX,252,0.8347340101753152
2003-01-08,XOM,CVX,252,0.8347964339746968
2003-01-09,XOM,CVX,252,0.8352193352482522
2003-01-10,XOM,CVX,252,0.8353412163235066
2003-01-13,XOM,CVX,252,0.8347159491402275
2003-01-14,XOM,CVX,252,0.8348110702928037
2003-01-15,XOM,CVX,252,0.8341613031890519
2003-01-16,XOM,CVX,252,0.8334946380247054
2003-01-17,XOM,CVX,252,0.8333541050570694
2003-01-21,XOM,CVX,252,0.8340256243670608
2003-01-22,XOM,CVX,252,0.8345968829136435
2003-01-23,XOM,CVX,252,0.8340050993305115
2003-01-24,XOM,CVX,252,0.8350548557609345
2003-01-27,XOM,CVX,252,0.8361434525035404
2003-01-28,XOM,CVX,252,0.8373747346978158
2003-01-29,XOM,CVX,252,0.8374318832381952
2003-01-30,XOM,CVX,252,0.8476890501580033
2003-01-31,XOM,CVX,252,0.8455860735198366
2003-02-03,XOM,CVX,252,0.8479962596409255
2003-02-04,XOM,CVX,252,0.8475456487799241
2003-02-05,XOM,CVX,252,0.8491467049634355
2003-02-06,XOM,CVX,252,0.8489587120866228
2003-02-07,XOM,CVX,252,0.848955091523614
2003-02-10,XOM,CVX,252,0.8483476713117015
2003-02-11,XOM,CVX,252,0.8487257408321796
2003-02-12,XOM,CVX,252,0.8489545574147044
2003-02-13,XOM,CVX,252,0.8481500040232796
2003-02-14,XOM,CVX,252,0.8484960995012
2003-02-18,XOM,CVX,252,0.8485230989155687
2003-02-19,XOM,CVX,252,0.8484516822860184
2003-02-20,XOM,CVX,252,0.848026355292509
2003-02-21,XOM,CVX,252,0.8481363329272417
2003-02-24,XOM,CVX,252,0.8472097650232151
2003-02-25,XOM,CVX,252,0.8469640207434331
2003-02-26,XOM,CVX,252,0.8473112403296578
2003-02-27,XOM,CVX,252,0.8474009852950234
2003-02-28,XOM,CVX,252,0.8485968954626236
2003-03-03,XOM,CVX,252,0.8482356743642908
2003-03-04,XOM,CVX,252,0.8477625078627735
2003-03-05,XOM,CVX,252,0.8485407552794312
2003-03-06,XOM,CVX,252,0.8482265348574846
2003-03-07,XOM,CVX,252,0.8492882539720579
2003-03-10,XOM,CVX,252,0.8498648405063453
2003-03-11,XOM,CVX,252,0.849278252672797
2003-03-12,XOM,CVX,252,0.8494034433013445
2003-03-13,XOM,CVX,252,0.8509494532137473
2003-03-14,XOM,CVX,252,0.8502067808448861
2003-03-17,XOM,CVX,252,0.8501769100109559
2003-03-18,XOM,CVX,252,0.849869645624432
2003-03-19,XOM,CVX,252,0.8498541800263831
2003-03-20,XOM,CVX,252,0.849870093036363
2003-03-21,XOM,CVX,252,0.8499945394167088
2003-03-24,XOM,CVX,252,0.8512698375334943
2003-03-25,XOM,CVX,252,0.8512161596710172
2003-03-26,XOM,CVX,252,0.8512119567032712
2003-03-27,XOM,CVX,252,0.8514054680443046
2003-03-28,XOM,CVX,252,0.8514039007367681
2003-03-31,XOM,CVX,252,0.8503453459257457
2003-04-01,XOM,CVX,252,0.8504892407134259
2003-04-02,XOM,CVX,252,0.850102596738309
2003-04-03,XOM,CVX,252,0.8507891379014779
2003-04-04,XOM,CVX,252,0.8509131267427107
2003-04-07,XOM,CVX,252,0.8506628796639507
2003-04-08,XOM,CVX,252,0.8500769348463403
2003-04-09,XOM,CVX,252,0.850075427407846
2003-04-10,XOM,CVX,252,0.849508992791492
2003-04-11,XOM,CVX,252,0.8486022775718596
2003-04-14,XOM,CVX,252,0.848704904077369
2003-04-15,XOM,CVX,252,0.8482644269268516
2003-04-16,XOM,CVX,252,0.8485794569000504
2003-04-17,XOM,CVX,252,0.84868943816414
2003-04-21,XOM,CVX,252,0.8476041376584302
2003-04-22,XOM,CVX,252,0.8473151605889865
2003-04-23,XOM,CVX,252,0.8485837580318297
2003-04-24,XOM,CVX,252,0.8474806326920332
2003-04-25,XOM,CVX,252,0.8477005499210858
2003-04-28,XOM,CVX,252,0.8473103303249189
2003-04-29,XOM,CVX,252,0.8502921694196042
2003-04-30,XOM,CVX,252,0.8487990463177159
2003-05-01,XOM,CVX,252,0.8485748869511275
2003-05-02,XOM,CVX,252,0.8466460793990416
2003-05-05,XOM,CVX,252,0.8367952453664675
2003-05-06,XOM,CVX,252,0.8348641368318894
2003-05-07,XOM,CVX,252,0.8347369769638201
2003-05-08,XOM,CVX,252,0.833152729478422
2003-05-09,XOM,CVX,252,0.8329309016363744
2003-05-12,XOM,CVX,252,0.8326612000174012
2003-05-13,XOM,CVX,252,0.8311299750583879
2003-05-14,XOM,CVX,252,0.8323084084084686
2003-05-15,XOM,CVX,252,0.8320343589384785
2003-05-16,XOM,CVX,252,0.8317436506493036
2003-05-19,XOM,CVX,252,0.8320275550012032
2003-05-20,XOM,CVX,252,0.8325008942363274
2003-05-21,XOM,CVX,252,0.8339249373753916
2003-05-22,XOM,CVX,252,0.8331760461614651
2003-05-23,XOM,CVX,252,0.8319473173398011
2003-05-27,XOM,CVX,252,0.8322643343133149
2003-05-28,XOM,CVX,252,0.8319015949472406
2003-05-29,XOM,CVX,252,0.8326143060100425
2003-05-30,XOM,CVX,252,0.8327317857918466
2003-06-02,XOM,CVX,252,0.8322008390351611
2003-06-03,XOM,CVX,252,0.8327185112485774
2003-06-04,XOM,CVX,252,0.8329266956938506
2003-06-05,XOM,CVX,252,0.8319497798197979
2003-06-06,XOM,CVX,252,0.83170781223835
2003-06-09,XOM,CVX,252,0.8312417337467833
2003-06-10,XOM,CVX,252,0.8309457777414082
2003-06-11,XOM,CVX,252,0.831561966618024
2003-06-12,XOM,CVX,252,0.8320020089525689
2003-06-13,XOM,CVX,252,0.8326255306767968
2003-06-16,XOM,CVX,252,0.8321495961498664
2003-06-17,XOM,CVX,252,0.8312608154325122
2003-06-18,XOM,CVX,252,0.8310429900821402
2003-06-19,XOM,CVX,252,0.8308757730779275
2003-06-20,XOM,CVX,252,0.8307092371233404
2003-06-23,XOM,CVX,252,0.8319455226935412
2003-06-24,XOM,CVX,252,0.8344081444475014
2003-06-25,XOM,CVX,252,0.8343604278431
2003-06-26,XOM,CVX,252,0.8345387384476781
2003-06-27,XOM,CVX,252,0.8340410758595456
2003-06-30,XOM,CVX,252,0.8334042822894269
2003-07-01,XOM,CVX,252,0.8337321411530023
2003-07-02,XOM,CVX,252,0.8335751051306255
2003-07-03,XOM,CVX,252,0.8336984102940332
2003-07-07,XOM,CVX,252,0.831188393342365
2003-07-08,XOM,CVX,252,0.8304981790236627
2003-07-09,XOM,CVX,252,0.828978100827992
2003-07-10,XOM,CVX,252,0.8279524110115704
2003-07-11,XOM,CVX,252,0.825813019484174
2003-07-14,XOM,CVX,252,0.8273689649298401
2003-07-15,XOM,CVX,252,0.8261371297494716
2003-07-16,XOM,CVX,252,0.8252238882330775
2003-07-17,XOM,CVX,252,0.8247646781949042
2003-07-18,XOM,CVX,252,0.8244425548356552
2003-07-21,XOM,CVX,252,0.8164550012870075
2003-07-22,XOM,CVX,252,0.8055254608490046
2003-07-23,XOM,CVX,252,0.826785196671974
2003-07-24,XOM,CVX,252,0.8197899376254756
2003-07-25,XOM,CVX,252,0.8211841235409114
2003-07-28,XOM,CVX,252,0.8212826743735864
2003-07-29,XOM,CVX,252,0.8192801976081144
2003-07-30,XOM,CVX,252,0.8183375787233291
2003-07-31,XOM,CVX,252,0.8161459598566079
2003-08-01,XOM,CVX,252,0.8016975400437847
2003-08-04,XOM,CVX,252,0.8006122208491695
2003-08-05,XOM,CVX,252,0.7960910115258543
2003-08-06,XOM,CVX,252,0.7932255327535498
2003-08-07,XOM,CVX,252,0.7920953236681811
2003-08-08,XOM,CVX,252,0.7863801813975155
2003-08-11,XOM,CVX,252,0.7862701894774141
2003-08-12,XOM,CVX,252,0.7860370255184143
2003-08-13,XOM,CVX,252,0.7918344621774724
2003-08-14,XOM,CVX,252,0.7889336882229269
2003-08-15,XOM,CVX,252,0.7876518473272255
2003-08-18,XOM,CVX,252,0.7871986948569701
2003-08-19,XOM,CVX,252,0.7879122478771023
2003-08-20,XOM,CVX,252,0.7859161930133215
2003-08-21,XOM,CVX,252,0.7867694973107101
2003-08-22,XOM,CVX,252,0.7867462907072046
2003-08-25,XOM,CVX,252,0.7893579901185868
2003-08-26,XOM,CVX,252,0.7889644770976743
2003-08-27,XOM,CVX,252,0.7912748854813763
2003-08-28,XOM,CVX,252,0.7922459910899154
2003-08-29,XOM,CVX,252,0.7916841233493495
2003-09-02,XOM,CVX,252,0.7920365741902161
2003-09-03,XOM,CVX,252,0.7797348843223187
2003-09-04,XOM,CVX,252,0.7799874667765015
2003-09-05,XOM,CVX,252,0.7800621594409162
2003-09-08,XOM,CVX,252,0.7797444547594579
2003-09-09,XOM,CVX,252,0.7797016815694068
2003-09-10,XOM,CVX,252,0.77789749757553
2003-09-11,XOM,CVX,252,0.7775998001871315
2003-09-12,XOM,CVX,252,0.7763840713584306
2003-09-15,XOM,CVX,252,0.7776066610469335
2003-09-16,XOM,CVX,252,0.7772900036477869
2003-09-17,XOM,CVX,252,0.7703042775502961
2003-09-18,XOM,CVX,252,0.7702447246646665
2003-09-19,XOM,CVX,252,0.7678510948432821
2003-09-22,XOM,CVX,252,0.7673412004094552
2003-09-23,XOM,CVX,252,0.7676342714842053
2003-09-24,XOM,CVX,252,0.7663970060371345
2003-09-25,XOM,CVX,252,0.7623102172402868
2003-09-26,XOM,CVX,252,0.751715931184491
2003-09-29,XOM,CVX,252,0.7446928422973061
2003-09-30,XOM,CVX,252,0.7400483462105332
2003-10-01,XOM,CVX,252,0.7292635285083165
2003-10-02,XOM,CVX,252,0.7347610560029875
2003-10-03,XOM,CVX,252,0.7340134817580879
2003-10-06,XOM,CVX,252,0.7365609852652611
2003-10-07,XOM,CVX,252,0.7376245566615182
2003-10-08,XOM,CVX,252,0.7367465518198848
2003-10-09,XOM,CVX,252,0.7410201005754058
2003-10-10,XOM,CVX,252,0.7350602687355319
2003-10-13,XOM,CVX,252,0.7349114342712838
2003-10-14,XOM,CVX,252,0.7345259942472088
2003-10-15,XOM,CVX,252,0.730199158263204
2003-10-16,XOM,CVX,252,0.7294808182631686
2003-10-17,XOM,CVX,252,0.729605566035212
2003-10-20,XOM,CVX,252,0.7320049886386076
2003-10-21,XOM,CVX,252,0.731982702465906
2003-10-22,XOM,CVX,252,0.7275761159159588
2003-10-23,XOM,CVX,252,0.7319232631127681
2003-10-24,XOM,CVX,252,0.7326647923317197
2003-10-27,XOM,CVX,252,0.7349074230243627
2003-10-28,XOM,CVX,252,0.7393070138553669
2003-10-29,XOM,CVX,252,0.7241190090269073
2003-10-30,XOM,CVX,252,0.7229077464391346
2003-10-31,XOM,CVX,252,0.7325698750766851
2003-11-03,XOM,CVX,252,0.7283437910547033
2003-11-04,XOM,CVX,252,0.7261866666113751
2003-11-05,XOM,CVX,252,0.7224786294270809
2003-11-06,XOM,CVX,252,0.7221850832617291
2003-11-07,XOM,CVX,252,0.7212400648430881
2003-11-10,XOM,CVX,252,0.7177725834628884
2003-11-11,XOM,CVX,252,0.7196602960743408
2003-11-12,XOM,CVX,252,0.7190096220127407
2003-11-13,XOM,CVX,252,0.7175756948267554
2003-11-14,XOM,CVX,252,0.7130233457597409
2003-11-17,XOM,CVX,252,0.7138966837816605
2003-11-18,XOM,CVX,252,0.7124817302735234
2003-11-19,XOM,CVX,252,0.714855300743792
2003-11-20,XOM,CVX,252,0.7154176083481785
2003-11-21,XOM,CVX,252,0.713826673339882
2003-11-24,XOM,CVX,252,0.7108745317418316
2003-11-25,XOM,CVX,252,0.7104175535359835
2003-11-26,XOM,CVX,252,0.7073780869326383
2003-11-28,XOM,CVX,252,0.7093913468314087
2003-12-01,XOM,CVX,252,0.7102563645941566
2003-12-02,XOM,CVX,252,0.7095740517089502
2003-12-03,XOM,CVX,252,0.70873498619501
2003-12-04,XOM,CVX,252,0.7130992095496441
2003-12-05,XOM,CVX,252,0.7113441484395427
2003-12-08,XOM,CVX,252,0.711370159959053
2003-12-09,XOM,CVX,252,0.7083613000713491
2003-12-10,XOM,CVX,252,0.7052338657448665
2003-12-11,XOM,CVX,252,0.7057553060500479
2003-12-12,XOM,CVX,252,0.705837597935419
2003-12-15,XOM,CVX,252,0.706792646854939
2003-12-16,XOM,CVX,252,0.7089160136275298
2003-12-17,XOM,CVX,252,0.7091815882870336
2003-12-18,XOM,CVX,252,0.7118432907479985
2003-12-19,XOM,CVX,252,0.7092899308576824
2003-12-22,XOM,CVX,252,0.7094842432867347
2003-12-23,XOM,CVX,252,0.708115758819691
2003-12-24,XOM,CVX,252,0.7083928952761618
2003-12-26,XOM,CVX,252,0.709239055544567
2003-12-29,XOM,CVX,252,0.7077256105006922
2003-12-30,XOM,CVX,252,0.7081980327777464
2003-12-31,XOM,CVX,252,0.7092583835468027
2004-01-02,XOM,CVX,252,0.707431686230139
2004-01-05,XOM,CVX,252,0.7120496287574359
2004-01-06,XOM,CVX,252,0.7072297246291136
2004-01-07,XOM,CVX,252,0.7012259709048428
2004-01-08,XOM,CVX,252,0.7007822114267261
2004-01-09,XOM,CVX,252,0.6997572130739474
2004-01-12,XOM,CVX,252,0.6930850501680849
2004-01-13,XOM,CVX,252,0.6926558908909983
2004-01-14,XOM,CVX,252,0.6910834817534309
2004-01-15,XOM,CVX,252,0.6923929515275085
2004-01-16,XOM,CVX,252,0.6924648977901816
2004-01-20,XOM,CVX,252,0.6934849723454805
2004-01-21,XOM,CVX,252,0.6889129679730223
2004-01-22,XOM,CVX,252,0.6853669021971304
2004-01-23,XOM,CVX,252,0.6863022799180379
2004-01-26,XOM,CVX,252,0.6804277225036423
2004-01-27,XOM,CVX,252,0.6690868095870882
2004-01-28,XOM,CVX,252,0.6661841745103851
2004-01-29,XOM,CVX,252,0.6660321528402495
2004-01-30,XOM,CVX,252,0.6647870278197855
2004-02-02,XOM,CVX,252,0.6722421909084578
2004-02-03,XOM,CVX,252,0.6698862112661078
2004-02-04,XOM,CVX,252,0.6695238193254438
2004-02-05,XOM,CVX,252,0.6686801861989076
2004-02-06,XOM,CVX,252,0.6678052770318269
2004-02-09,XOM,CVX,252,0.6663412021541436
2004-02-10,XOM,CVX,252,0.667251359942318
2004-02-11,XOM,CVX,252,0.668296098970979
2004-02-12,XOM,CVX,252,0.6651686598945942
2004-02-13,XOM,CVX,252,0.6685721330833811
2004-02-17,XOM,CVX,252,0.6681495322326011
2004-02-18,XOM,CVX,252,0.6696625911679008
2004-02-19,XOM,CVX,252,0.6697117911103326
2004-02-20,XOM,CVX,252,0.6700545753063506
2004-02-23,XOM,CVX,252,0.6717397033990188
2004-02-24,XOM,CVX,252,0.6737659279274582
2004-02-25,XOM,CVX,252,0.6722240876755521
2004-02-26,XOM,CVX,252,0.6706014879547564
2004-02-27,XOM,CVX,252,0.6702455412643721
2004-03-01,XOM,CVX,252,0.6698533851227398
2004-03-02,XOM,CVX,252,0.6720460145811232
2004-03-03,XOM,CVX,252,0.671521683110779
2004-03-04,XOM,CVX,252,0.6669161225300788
2004-03-05,XOM,CVX,252,0.6664653304157033
2004-03-08,XOM,CVX,252,0.6677641832279378
2004-03-09,XOM,CVX,252,0.6615000554265404
2004-03-10,XOM,CVX,252,0.6644640258205702
2004-03-11,XOM,CVX,252,0.6698821702268825
2004-03-12,XOM,CVX,252,0.6720762582324439
2004-03-15,XOM,CVX,252,0.6748095214613566
2004-03-16,XOM,CVX,252,0.6740897741069994
2004-03-17,XOM,CVX,252,0.6734038178544252
2004-03-18,XOM,CVX,252,0.6741791155490339
2004-03-19,XOM,CVX,252,0.6798671668688483
2004-03-22,XOM,CVX,252,0.6828041473572289
2004-03-23,XOM,CVX,252,0.677959067321818
2004-03-24,XOM,CVX,252,0.680798810336316
2004-03-25,XOM,CVX,252,0.6768383411218981
2004-03-26,XOM,CVX,252,0.6795227846325198
2004-03-29,XOM,CVX,252,0.6785411997485059
2004-03-30,XOM,CVX,252,0.6816461585089785
2004-03-31,XOM,CVX,252,0.6789269718302955
2004-04-01,XOM,CVX,252,0.6798141536310635
2004-04-02,XOM,CVX,252,0.6762277153763385
2004-04-05,XOM,CVX,252,0.6763942398875533
2004-04-06,XOM,CVX,252,0.6748193038798818
2004-04-07,XOM,CVX,252,0.6717574371265179
2004-04-08,XOM,CVX,252,0.6699484280405551
2004-04-12,XOM,CVX,252,0.6743170900227332
2004-04-13,XOM,CVX,252,0.6738269040456444
2004-04-14,XOM,CVX,252,0.6735815593664384
2004-04-15,XOM,CVX,252,0.674005964963636
2004-04-16,XOM,CVX,252,0.6724530180233711
2004-04-19,XOM,CVX,252,0.6714238201429037
2004-04-20,XOM,CVX,252,0.6818662354385459
2004-04-21,XOM,CVX,252,0.6808932730825935
2004-04-22,XOM,CVX,252,0.6805092378274182
2004-04-23,XOM,CVX,252,0.6797094427463534
2004-04-26,XOM,CVX,252,0.6776942635024346
2004-04-27,XOM,CVX,252,0.6782018299532007
2004-04-28,XOM,CVX,252,0.67912842064394
2004-04-29,XOM,CVX,252,0.6876880051423132
2004-04-30,XOM,CVX,252,0.686054859356765
2004-05-03,XOM,CVX,252,0.6893266337303234
2004-05-04,XOM,CVX,252,0.7236206336157857
2004-05-05,XOM,CVX,252,0.7254696198498052
2004-05-06,XOM,CVX,252,0.7292366559308061
2004-05-07,XOM,CVX,252,0.7343543661472948
2004-05-10,XOM,CVX,252,0.7441996351981305
2004-05-11,XOM,CVX,252,0.7484904643687821
2004-05-12,XOM,CVX,252,0.7497980105431864
2004-05-13,XOM,CVX,252,0.7481078840065023
2004-05-14,XOM,CVX,252,0.7488633447423096
2004-05-17,XOM,CVX,252,0.749265360319786
2004-05-18,XOM,CVX,252,0.7481953136819218
2004-05-19,XOM,CVX,252,0.7481400891913963
2004-05-20,XOM,CVX,252,0.7452723476751755
2004-05-21,XOM,CVX,252,0.7463728214982185
2004-05-24,XOM,CVX,252,0.7491842579663812
2004-05-25,XOM,CVX,252,0.7480179016140156
2004-05-26,XOM,CVX,252,0.7490217395823823
2004-05-27,XOM,CVX,252,0.7487262368510493
2004-05-28,XOM,CVX,252,0.7472556263001628
2004-06-01,XOM,CVX,252,0.7493400863394638
2004-06-02,XOM,CVX,252,0.7481829722169544
2004-06-03,XOM,CVX,252,0.7473822885029887
2004-06-04,XOM,CVX,252,0.75054466175726
2004-06-07,XOM,CVX,252,0.753106683327719
2004-06-08,XOM,CVX,252,0.7548801064712918
2004-06-09,XOM,CVX,252,0.7566868449716436
2004-06-10,XOM,CVX,252,0.7544608273809507
2004-06-14,XOM,CVX,252,0.7542318794688632
2004-06-15,XOM,CVX,252,0.7538161297543331
2004-06-16,XOM,CVX,252,0.7581438572319532
2004-06-17,XOM,CVX,252,0.7566278059149116
2004-06-18,XOM,CVX,252,0.7572863365506718
2004-06-21,XOM,CVX,252,0.7567558239213674
2004-06-22,XOM,CVX,252,0.7568494962868497
2004-06-23,XOM,CVX,252,0.7582450053337756
2004-06-24,XOM,CVX,252,0.7587582330510935
2004-06-25,XOM,CVX,252,0.7589374183216954
2004-06-28,XOM,CVX,252,0.7577448151483158
2004-06-29,XOM,CVX,252,0.7567458378776343
2004-06-30,XOM,CVX,252,0.7557839929487744
2004-07-01,XOM,CVX,252,0.7537409086881914
2004-07-02,XOM,CVX,252,0.7531757561239832
2004-07-06,XOM,CVX,252,0.75188298129804
2004-07-07,XOM,CVX,252,0.7572996050990828
2004-07-08,XOM,CVX,252,0.7602933559324359
2004-07-09,XOM,CVX,252,0.7643235011385243
2004-07-12,XOM,CVX,252,0.7630840096458054
2004-07-13,XOM,CVX,252,0.7636916296148117
2004-07-14,XOM,CVX,252,0.7628588409271311
2004-07-15,XOM,CVX,252,0.7634088050853188
2004-07-16,XOM,CVX,252,0.7648416150981384
2004-07-19,XOM,CVX,252,0.7655107566761721
2004-07-20,XOM,CVX,252,0.7624215275307243
2004-07-21,XOM,CVX,252,0.7622755494629848
2004-07-22,XOM,CVX,252,0.7620593850873838
2004-07-23,XOM,CVX,252,0.7623309113760376
2004-07-26,XOM,CVX,252,0.7628502238110217
2004-07-27,XOM,CVX,252,0.7612195076089211
2004-07-28,XOM,CVX,252,0.7612822097341296
2004-07-29,XOM,CVX,252,0.7595823884769369
2004-07-30,XOM,CVX,252,0.7594103641411424
2004-08-02,XOM,CVX,252,0.7576779523037385
2004-08-03,XOM,CVX,252,0.7588892270725467
2004-08-04,XOM,CVX,252,0.7648564732343887
2004-08-05,XOM,CVX,252,0.7671498535351984
2004-08-06,XOM,CVX,252,0.7719890993101165
2004-08-09,XOM,CVX,252,0.7707809543613332
2004-08-10,XOM,CVX,252,0.7706680860429732
2004-08-11,XOM,CVX,252,0.7703146286337349
2004-08-12,XOM,CVX,252,0.7702701609620286
2004-08-13,XOM,CVX,252,0.770288787046566
2004-08-16,XOM,CVX,252,0.768475903804023
2004-08-17,XOM,CVX,252,0.7719036444453153
2004-08-18,XOM,CVX,252,0.7708617152231027
2004-08-19,XOM,CVX,252,0.7645306462214407
2004-08-20,XOM,CVX,252,0.7638934558041399
2004-08-23,XOM,CVX,252,0.7644188906591256
2004-08-24,XOM,CVX,252,0.761878695788108
2004-08-25,XOM,CVX,252,0.7617113150681364
2004-08-26,XOM,CVX,252,0.7614503307424885
2004-08-27,XOM,CVX,252,0.7632144168937653
2004-08-30,XOM,CVX,252,0.7612284496640914
2004-08-31,XOM,CVX,252,0.766404153187452
2004-09-01,XOM,CVX,252,0.7664211560808275
2004-09-02,XOM,CVX,252,0.7671934406157285
2004-09-03,XOM,CVX,252,0.7677500780905093
2004-09-07,XOM,CVX,252,0.7674878135902194
2004-09-08,XOM,CVX,252,0.7661219385077446
2004-09-09,XOM,CVX,252,0.7658213062393037
2004-09-10,XOM,CVX,252,0.7650028074987493
2004-09-13,XOM,CVX,252,0.7625099155547973
2004-09-14,XOM,CVX,252,0.7612419912663098
2004-09-15,XOM,CVX,252,0.7610081837965251
2004-09-16,XOM,CVX,252,0.760674989830703
2004-09-17,XOM,CVX,252,0.7633007591890068
2004-09-20,XOM,CVX,252,0.7638710116803284
2004-09-21,XOM,CVX,252,0.7703672318071861
2004-09-22,XOM,CVX,252,0.7710938134921135
2004-09-23,XOM,CVX,252,0.7742801582331708
2004-09-24,XOM,CVX,252,0.7732230749808505
2004-09-27,XOM,CVX,252,0.7748912411435989
2004-09-28,XOM,CVX,252,0.7748054842207154
2004-09-29,XOM,CVX,252,0.7757827404649665
2004-09-30,XOM,CVX,252,0.7757718737178296
2004-10-01,XOM,CVX,252,0.7717160220858995
2004-10-04,XOM,CVX,252,0.7736553295590544
2004-10-05,XOM,CVX,252,0.7741465237093186
2004-10-06,XOM,CVX,252,0.7754685650383903
2004-10-07,XOM,CVX,252,0.7758138309093098
2004-10-08,XOM,CVX,252,0.7749794959520665
2004-10-11,XOM,CVX,252,0.774808709315588
2004-10-12,XOM,CVX,252,0.7760942386914917
2004-10-13,XOM,CVX,252,0.7797627120702196
2004-10-14,XOM,CVX,252,0.7792604058183672
2004-10-15,XOM,CVX,252,0.778306227867779
2004-10-18,XOM,CVX,252,0.7796219558847383
2004-10-19,XOM,CVX,252,0.779005774273209
2004-10-20,XOM,CVX,252,0.7810697822307744
2004-10-21,XOM,CVX,252,0.7814894586588768
2004-10-22,XOM,CVX,252,0.7825965243348422
2004-10-25,XOM,CVX,252,0.7825909505602034
2004-10-26,XOM,CVX,252,0.7878924906727981
2004-10-27,XOM,CVX,252,0.7880582126984131
2004-10-28,XOM,CVX,252,0.7884056867167174
2004-10-29,XOM,CVX,252,0.7889664409839162
2004-11-01,XOM,CVX,252,0.7902590797631941
2004-11-02,XOM,CVX,252,0.7996430171330157
2004-11-03,XOM,CVX,252,0.8031508986920793
2004-11-04,XOM,CVX,252,0.8072461841489601
2004-11-05,XOM,CVX,252,0.8072542820179018
2004-11-08,XOM,CVX,252,0.8053910369931829
2004-11-09,XOM,CVX,252,0.8079190176483326
2004-11-10,XOM,CVX,252,0.810467979554487
2004-11-11,XOM,CVX,252,0.8101030605194938
2004-11-12,XOM,CVX,252,0.8111813545236114
2004-11-15,XOM,CVX,252,0.8135294657534698
2004-11-16,XOM,CVX,252,0.8128201948196894
2004-11-17,XOM,CVX,252,0.8129450734586222
2004-11-18,XOM,CVX,252,0.8150667945042446
2004-11-19,XOM,CVX,252,0.8148362129760327
2004-11-22,XOM,CVX,252,0.8152788702828431
2004-11-23,XOM,CVX,252,0.81435211092671
2004-11-24,XOM,CVX,252,0.813647254675101
2004-11-26,XOM,CVX,252,0.8134203364987341
2004-11-29,XOM,CVX,252,0.8133006284608034
2004-11-30,XOM,CVX,252,0.8132507957605015
2004-12-01,XOM,CVX,252,0.8088052102470664
2004-12-02,XOM,CVX,252,0.8120286488944243
2004-12-03,XOM,CVX,252,0.8123805229045704
2004-12-06,XOM,CVX,252,0.8104678448651742
2004-12-07,XOM,CVX,252,0.8136419403422959
2004-12-08,XOM,CVX,252,0.81464571004746
2004-12-09,XOM,CVX,252,0.8144329379652169
2004-12-10,XOM,CVX,252,0.815320867998326
2004-12-13,XOM,CVX,252,0.8160585820191909
2004-12-14,XOM,CVX,252,0.8148893821937986
2004-12-15,XOM,CVX,252,0.8149414016763467
2004-12-16,XOM,CVX,252,0.8133277483200749
2004-12-17,XOM,CVX,252,0.8127969278831162
2004-12-20,XOM,CVX,252,0.8124565854869176
2004-12-21,XOM,CVX,252,0.812670786447397
2004-12-22,XOM,CVX,252,0.813633369390317
2004-12-23,XOM,CVX,252,0.8148502400575665
2004-12-27,XOM,CVX,252,0.8153830850970509
2004-12-28,XOM,CVX,252,0.8150240199390264
2004-12-29,XOM,CVX,252,0.8130506244198134
2004-12-30,XOM,CVX,252,0.8129701725498839
2004-12-31,XOM,CVX,252,0.8127476421323336
2005-01-03,XOM,CVX,252,0.8173615592538245
2005-01-04,XOM,CVX,252,0.815453557355048
2005-01-05,XOM,CVX,252,0.8128068562230343
2005-01-06,XOM,CVX,252,0.8135253598972358
2005-01-07,XOM,CVX,252,0.8141516643037229
2005-01-10,XOM,CVX,252,0.8133893788497079
2005-01-11,XOM,CVX,252,0.8194870343948858
2005-01-12,XOM,CVX,252,0.8213326595654127
2005-01-13,XOM,CVX,252,0.8223538386909293
2005-01-14,XOM,CVX,252,0.8210228499152211
2005-01-18,XOM,CVX,252,0.821239209885095
2005-01-19,XOM,CVX,252,0.8212984595355958
2005-01-20,XOM,CVX,252,0.8212669261434298
2005-01-21,XOM,CVX,252,0.8217543784460478
2005-01-24,XOM,CVX,252,0.8224770071971556
2005-01-25,XOM,CVX,252,0.8222029072676622
2005-01-26,XOM,CVX,252,0.824186815603984
2005-01-27,XOM,CVX,252,0.822317006762662
2005-01-28,XOM,CVX,252,0.8236994925785981
2005-01-31,XOM,CVX,252,0.8230888694902873
2005-02-01,XOM,CVX,252,0.8192069114503513
2005-02-02,XOM,CVX,252,0.8189803913352914
2005-02-03,XOM,CVX,252,0.8200797014636249
2005-02-04,XOM,CVX,252,0.8202050475913477
2005-02-07,XOM,CVX,252,0.8186601699638465
2005-02-08,XOM,CVX,252,0.8191230965338541
2005-02-09,XOM,CVX,252,0.8189789598346502
2005-02-10,XOM,CVX,252,0.8202788357740335
2005-02-11,XOM,CVX,252,0.8155899065093448
2005-02-14,XOM,CVX,252,0.8151100153925732
2005-02-15,XOM,CVX,252,0.8147806272039904
2005-02-16,XOM,CVX,252,0.8171547922838791
2005-02-17,XOM,CVX,252,0.8173178835920187
2005-02-18,XOM,CVX,252,0.8193181351240909
2005-02-22,XOM,CVX,252,0.8163828314120433
2005-02-23,XOM,CVX,252,0.8172649456377266
2005-02-24,XOM,CVX,252,0.8194106760963146
2005-02-25,XOM,CVX,252,0.8163003123949023
2005-02-28,XOM,CVX,252,0.81685026140026
2005-03-01,XOM,CVX,252,0.8207084088246742
2005-03-02,XOM,CVX,252,0.8201703825475685
2005-03-03,XOM,CVX,252,0.8195778911146369
2005-03-04,XOM,CVX,252,0.8196533851186502
2005-03-07,XOM,CVX,252,0.8198188216896446
2005-03-08,XOM,CVX,252,0.8200214306302889
2005-03-09,XOM,CVX,252,0.8274813738509126
2005-03-10,XOM,CVX,252,0.8256317791807546
2005-03-11,XOM,CVX,252,0.8198884226025354
2005-03-14,XOM,CVX,252,0.8179256779847341
2005-03-15,XOM,CVX,252,0.8188322356848513
2005-03-16,XOM,CVX,252,0.8183284792114666
2005-03-17,XOM,CVX,252,0.8203537162780018
2005-03-18,XOM,CVX,252,0.8216535839735116
2005-03-21,XOM,CVX,252,0.8199059451283771
2005-03-22,XOM,CVX,252,0.8204163666393277
2005-03-23,XOM,CVX,252,0.8222443821027352
2005-03-24,XOM,CVX,252,0.8175564179160978
2005-03-28,XOM,CVX,252,0.8215647483162732
2005-03-29,XOM,CVX,252,0.8217760550375393
2005-03-30,XOM,CVX,252,0.821687949649129
2005-03-31,XOM,CVX,252,0.8212436882582046
2005-04-01,XOM,CVX,252,0.823240473748754
2005-04-04,XOM,CVX,252,0.8021415916162192
2005-04-05,XOM,CVX,252,0.8030834413247391
2005-04-06,XOM,CVX,252,0.8028964067566627
2005-04-07,XOM,CVX,252,0.8004620417576744
2005-04-08,XOM,CVX,252,0.8053272428413086
2005-04-11,XOM,CVX,252,0.8067588998603289
2005-04-12,XOM,CVX,252,0.7998214486027775
2005-04-13,XOM,CVX,252,0.8031079697435437
2005-04-14,XOM,CVX,252,0.8043407295868265
2005-04-15,XOM,CVX,252,0.8080702349856003
2005-04-18,XOM,CVX,252,0.8071633364771335
2005-04-19,XOM,CVX,252,0.8078814909438465
2005-04-20,XOM,CVX,252,0.8089070782027498
2005-04-21,XOM,CVX,252,0.8121867738852618
2005-04-22,XOM,CVX,252,0.8137140749219984
2005-04-25,XOM,CVX,252,0.8145625492363621
2005-04-26,XOM,CVX,252,0.8159003680640048
2005-04-27,XOM,CVX,252,0.8170742303592556
2005-04-28,XOM,CVX,252,0.8116495745871686
2005-04-29,XOM,CVX,252,0.8117986397677148
2005-05-02,XOM,CVX,252,0.8136557500333383
2005-05-03,XOM,CVX,252,0.8117540972649845
2005-05-04,XOM,CVX,252,0.811773177530047
2005-05-05,XOM,CVX,252,0.8112779601293733
2005-05-06,XOM,CVX,252,0.8111265972571761
2005-05-09,XOM,CVX,252,0.8098641920372984
2005-05-10,XOM,CVX,252,0.8060065055773733
2005-05-11,XOM,CVX,252,0.8043084351438436
2005-05-12,XOM,CVX,252,0.8058738065649341
2005-05-13,XOM,CVX,252,0.8076888472473086
2005-05-16,XOM,CVX,252,0.8072426637793575
2005-05-17,XOM,CVX,252,0.8048577130207514
2005-05-18,XOM,CVX,252,0.804336474994948
2005-05-19,XOM,CVX,252,0.8049652804096027
2005-05-20,XOM,CVX,252,0.8057698383040317
2005-05-23,XOM,CVX,252,0.8068996294639239
2005-05-24,XOM,CVX,252,0.8067253124598862
2005-05-25,XOM,CVX,252,0.8060962334989576
2005-05-26,XOM,CVX,252,0.8060479851961884
2005-05-27,XOM,CVX,252,0.806318248909617
2005-05-31,XOM,CVX,252,0.8074072009773856
2005-06-01,XOM,CVX,252,0.8082974451205761
2005-06-02,XOM,CVX,252,0.808315246167653
2005-06-03,XOM,CVX,252,0.8078822001095844
2005-06-06,XOM,CVX,252,0.8062790556957401
2005-06-07,XOM,CVX,252,0.8054328819238666
2005-06-08,XOM,CVX,252,0.8038711122482479
2005-06-09,XOM,CVX,252,0.8053125876802817
2005-06-10,XOM,CVX,252,0.8045307520325935
2005-06-13,XOM,CVX,252,0.8042536724122522
2005-06-14,XOM,CVX,252,0.8041644495661195
2005-06-15,XOM,CVX,252,0.803823732724743
2005-06-16,XOM,CVX,252,0.8054671263814941
2005-06-17,XOM,CVX,252,0.8060972510278863
2005-06-20,XOM,CVX,252,0.8056656930699814
2005-06-21,XOM,CVX,252,0.8050957814269897
2005-06-22,XOM,CVX,252,0.8032194376576304
2005-06-23,XOM,CVX,252,0.8038482776919706
2005-06-24,XOM,CVX,252,0.8048526749179679
2005-06-27,XOM,CVX,252,0.8055370682631232
2005-06-28,XOM,CVX,252,0.8056417395869758
2005-06-29,XOM,CVX,252,0.8067879926632376
2005-06-30,XOM,CVX,252,0.8093135326292962
2005-07-01,XOM,CVX,252,0.8105373534788767
2005-07-05,XOM,CVX,252,0.8144789665875253
2005-07-06,XOM,CVX,252,0.8164130201429405
2005-07-07,XOM,CVX,252,0.8164711706900146
2005-07-08,XOM,CVX,252,0.8164063370809032
2005-07-11,XOM,CVX,252,0.8152772472189862
2005-07-12,XOM,CVX,252,0.8155232073490993
2005-07-13,XOM,CVX,252,0.815456202896286
2005-07-14,XOM,CVX,252,0.81594992412499
2005-07-15,XOM,CVX,252,0.8157925039460131
2005-07-18,XOM,CVX,252,0.8157181185990959
2005-07-19,XOM,CVX,252,0.816185756324422
2005-07-20,XOM,CVX,252,0.8160210708586554
2005-07-21,XOM,CVX,252,0.8163619107934892
2005-07-22,XOM,CVX,252,0.8163074376214381
2005-07-25,XOM,CVX,252,0.8165218503918187
2005-07-26,XOM,CVX,252,0.8167827284721331
2005-07-27,XOM,CVX,252,0.8160750162216114
2005-07-28,XOM,CVX,252,0.8165401064791895
2005-07-29,XOM,CVX,252,0.8179742732589278
2005-08-01,XOM,CVX,252,0.8191480857162614
2005-08-02,XOM,CVX,252,0.8185298052657678
2005-08-03,XOM,CVX,252,0.80993664467764
2005-08-04,XOM,CVX,252,0.8087337205322371
2005-08-05,XOM,CVX,252,0.8070811243460875
2005-08-08,XOM,CVX,252,0.8075119389261087
2005-08-09,XOM,CVX,252,0.8061803071297029
2005-08-10,XOM,CVX,252,0.8066161967697023
2005-08-11,XOM,CVX,252,0.803942419257575
2005-08-12,XOM,CVX,252,0.803570411093603
2005-08-15,XOM,CVX,252,0.8035550240392244
2005-08-16,XOM,CVX,252,0.80418339314044
2005-08-17,XOM,CVX,252,0.8061927926535588
2005-08-18,XOM,CVX,252,0.8094156823428207
2005-08-19,XOM,CVX,252,0.8100184078482149
2005-08-22,XOM,CVX,252,0.8099455371618735
2005-08-23,XOM,CVX,252,0.8101547714911785
2005-08-24,XOM,CVX,252,0.810111551818894
2005-08-25,XOM,CVX,252,0.8102465544478635
2005-08-26,XOM,CVX,252,0.8105697309221368
2005-08-29,XOM,CVX,252,0.811430145267362
2005-08-30,XOM,CVX,252,0.807949243163759
2005-08-31,XOM,CVX,252,0.8085571862960671
2005-09-01,XOM,CVX,252,0.8101107216317439
2005-09-02,XOM,CVX,252,0.8098262126255902
2005-09-06,XOM,CVX,252,0.8095422056746199
2005-09-07,XOM,CVX,252,0.8091866772572267
2005-09-08,XOM,CVX,252,0.8090264139672014
2005-09-09,XOM,CVX,252,0.8127824159321784
2005-09-12,XOM,CVX,252,0.8153505354342446
2005-09-13,XOM,CVX,252,0.8163222784435882
2005-09-14,XOM,CVX,252,0.8160405218123246
2005-09-15,XOM,CVX,252,0.8161762534227376
2005-09-16,XOM,CVX,252,0.8159564546614059
2005-09-19,XOM,CVX,252,0.8169623974711192
2005-09-20,XOM,CVX,252,0.8142160708632458
2005-09-21,XOM,CVX,252,0.8140345709238812
2005-09-22,XOM,CVX,252,0.8122861767178334
2005-09-23,XOM,CVX,252,0.8127862389426682
2005-09-26,XOM,CVX,252,0.8150957393360622
2005-09-27,XOM,CVX,252,0.8149938473971432
2005-09-28,XOM,CVX,252,0.8133662272279563
2005-09-29,XOM,CVX,252,0.8123468530907562
2005-09-30,XOM,CVX,252,0.8138497438817547
2005-10-03,XOM,CVX,252,0.8128815426853427
2005-10-04,XOM,CVX,252,0.8159307074733235
2005-10-05,XOM,CVX,252,0.815061200145528
2005-10-06,XOM,CVX,252,0.809254054597388
2005-10-07,XOM,CVX,252,0.8103581643188271
2005-10-10,XOM,CVX,252,0.8110456510881645
2005-10-11,XOM,CVX,252,0.8103954305870875
2005-10-12,XOM,CVX,252,0.8082970110173513
2005-10-13,XOM,CVX,252,0.8088084242758707
2005-10-14,XOM,CVX,252,0.8083795856317597
2005-10-17,XOM,CVX,252,0.8081564966138358
2005-10-18,XOM,CVX,252,0.8164373532167774
2005-10-19,XOM,CVX,252,0.816860402977284
2005-10-20,XOM,CVX,252,0.8218664009181045
2005-10-21,XOM,CVX,252,0.8215543086971481
2005-10-24,XOM,CVX,252,0.8238940490725746
2005-10-25,XOM,CVX,252,0.8232548545507541
2005-10-26,XOM,CVX,252,0.8244405422648471
2005-10-27,XOM,CVX,252,0.8243082375219937
2005-10-28,XOM,CVX,252,0.824426354339262
2005-10-31,XOM,CVX,252,0.8246960052297786
2005-11-01,XOM,CVX,252,0.8246033694608108
2005-11-02,XOM,CVX,252,0.8243821662714464
2005-11-03,XOM,CVX,252,0.824144549335167
2005-11-04,XOM,CVX,252,0.8237447011009591
2005-11-07,XOM,CVX,252,0.8261624844126833
2005-11-08,XOM,CVX,252,0.8258961532649693
2005-11-09,XOM,CVX,252,0.8229926305070131
2005-11-10,XOM,CVX,252,0.8232557065025397
2005-11-11,XOM,CVX,252,0.823500779593816
2005-11-14,XOM,CVX,252,0.8230335261455075
2005-11-15,XOM,CVX,252,0.8228172211437685
2005-11-16,XOM,CVX,252,0.8229838341519563
2005-11-17,XOM,CVX,252,0.8230533499208105
2005-11-18,XOM,CVX,252,0.8233979279585938
2005-11-21,XOM,CVX,252,0.8237197856962748
2005-11-22,XOM,CVX,252,0.8246341409875585
2005-11-23,XOM,CVX,252,0.8239124467568839
2005-11-25,XOM,CVX,252,0.8235195190101331
2005-11-28,XOM,CVX,252,0.8254069794897352
2005-11-29,XOM,CVX,252,0.8244768679997045
2005-11-30,XOM,CVX,252,0.8270126021003444
2005-12-01,XOM,CVX,252,0.8273936600527122
2005-12-02,XOM,CVX,252,0.8259283993319568
2005-12-05,XOM,CVX,252,0.8265051329705799
2005-12-06,XOM,CVX,252,0.826188547539444
2005-12-07,XOM,CVX,252,0.8266556078913301
2005-12-08,XOM,CVX,252,0.8268534336856268
2005-12-09,XOM,CVX,252,0.8275394790029782
2005-12-12,XOM,CVX,252,0.827546520535951
2005-12-13,XOM,CVX,252,0.8263525077515412
2005-12-14,XOM,CVX,252,0.8264278959866104
2005-12-15,XOM,CVX,252,0.8263536206992611
2005-12-16,XOM,CVX,252,0.8283960425487091
2005-12-19,XOM,CVX,252,0.8275571692602992
2005-12-20,XOM,CVX,252,0.8278841799000568
2005-12-21,XOM,CVX,252,0.82703637306802
2005-12-22,XOM,CVX,252,0.8261615951598521
2005-12-23,XOM,CVX,252,0.8257362273819024
2005-12-27,XOM,CVX,252,0.8275269665946441
2005-12-28,XOM,CVX,252,0.8277857222374764
2005-12-29,XOM,CVX,252,0.8278852176197486
2005-12-30,XOM,CVX,252,0.8276877808978739
2006-01-03,XOM,CVX,252,0.8309066491501943
2006-01-04,XOM,CVX,252,0.8305438617640138
2006-01-05,XOM,CVX,252,0.8315292558701485
2006-01-06,XOM,CVX,252,0.8321105074880695
2006-01-09,XOM,CVX,252,0.831875714121347
2006-01-10,XOM,CVX,252,0.8318874856455999
2006-01-11,XOM,CVX,252,0.8320340358710847
2006-01-12,XOM,CVX,252,0.8305037570889054
2006-01-13,XOM,CVX,252,0.829931428101859
2006-01-17,XOM,CVX,252,0.828721432906356
2006-01-18,XOM,CVX,252,0.8289139860579723
2006-01-19,XOM,CVX,252,0.828497745145711
2006-01-20,XOM,CVX,252,0.828630806978434
2006-01-23,XOM,CVX,252,0.8290373460463732
2006-01-24,XOM,CVX,252,0.8286759869524789
2006-01-25,XOM,CVX,252,0.8293665625112764
2006-01-26,XOM,CVX,252,0.8281831685617352
2006-01-27,XOM,CVX,252,0.8261861157712967
2006-01-30,XOM,CVX,252,0.8227572076303148
2006-01-31,XOM,CVX,252,0.8211115691980108
2006-02-01,XOM,CVX,252,0.8224713676154741
2006-02-02,XOM,CVX,252,0.8223386707223425
2006-02-03,XOM,CVX,252,0.821983912474542
2006-02-06,XOM,CVX,252,0.8208526527727081
2006-02-07,XOM,CVX,252,0.8230699513115078
2006-02-08,XOM,CVX,252,0.8230797216110641
2006-02-09,XOM,CVX,252,0.8228203552584765
2006-02-10,XOM,CVX,252,0.8224158370697489
2006-02-13,XOM,CVX,252,0.8249229512401501
2006-02-14,XOM,CVX,252,0.8246307524124619
2006-02-15,XOM,CVX,252,0.824661436166229
2006-02-16,XOM,CVX,252,0.8229042365518697
2006-02-17,XOM,CVX,252,0.8225614776722697
2006-02-21,XOM,CVX,252,0.8206608631944501
2006-02-22,XOM,CVX,252,0.8217865848482114
2006-02-23,XOM,CVX,252,0.820921374940155
2006-02-24,XOM,CVX,252,0.8206227888901195
2006-02-27,XOM,CVX,252,0.8229318178161963
2006-02-28,XOM,CVX,252,0.8232509797656727
2006-03-01,XOM,CVX,252,0.8227506832251424
2006-03-02,XOM,CVX,252,0.8211101680398597
2006-03-03,XOM,CVX,252,0.8223055344358001
2006-03-06,XOM,CVX,252,0.8230772942658419
2006-03-07,XOM,CVX,252,0.8227139899695232
2006-03-08,XOM,CVX,252,0.8227181635999037
2006-03-09,XOM,CVX,252,0.8202000840345994
2006-03-10,XOM,CVX,252,0.8202574889689969
2006-03-13,XOM,CVX,252,0.8213245927527743
2006-03-14,XOM,CVX,252,0.8230009662920791
2006-03-15,XOM,CVX,252,0.8223716027759651
2006-03-16,XOM,CVX,252,0.8226591901455599
2006-03-17,XOM,CVX,252,0.8222673813479894
2006-03-20,XOM,CVX,252,0.8214945435896674
2006-03-21,XOM,CVX,252,0.8212239277154779
2006-03-22,XOM,CVX,252,0.8201388067173139
2006-03-23,XOM,CVX,252,0.8195570409783348
2006-03-24,XOM,CVX,252,0.8184822182432362
2006-03-27,XOM,CVX,252,0.817979403996082
2006-03-28,XOM,CVX,252,0.8179633434982805
2006-03-29,XOM,CVX,252,0.8182147476376519
2006-03-30,XOM,CVX,252,0.8184402867630086
2006-03-31,XOM,CVX,252,0.8174478138374321
2006-04-03,XOM,CVX,252,0.8318616205383592
2006-04-04,XOM,CVX,252,0.8328072329642005
2006-04-05,XOM,CVX,252,0.8330959856548389
2006-04-06,XOM,CVX,252,0.8346825482454351
2006-04-07,XOM,CVX,252,0.8347718625915238
2006-04-10,XOM,CVX,252,0.8347695679967975
2006-04-11,XOM,CVX,252,0.8390409686990451
2006-04-12,XOM,CVX,252,0.837563747850696
2006-04-13,XOM,CVX,252,0.8374054264460921
2006-04-17,XOM,CVX,252,0.8348823521856991
2006-04-18,XOM,CVX,252,0.8376455413286821
2006-04-19,XOM,CVX,252,0.8366928336101717
2006-04-20,XOM,CVX,252,0.8337911843298007
2006-04-21,XOM,CVX,252,0.8328331786200515
2006-04-24,XOM,CVX,252,0.8328392663047061
2006-04-25,XOM,CVX,252,0.8327903941300636
2006-04-26,XOM,CVX,252,0.831459920261928
2006-04-27,XOM,CVX,252,0.8316714429168449
2006-04-28,XOM,CVX,252,0.8352015324235001
2006-05-01,XOM,CVX,252,0.8341509983056045
2006-05-02,XOM,CVX,252,0.8355737347869807
2006-05-03,XOM,CVX,252,0.8367344903142523
2006-05-04,XOM,CVX,252,0.8361516923904909
2006-05-05,XOM,CVX,252,0.8360966585330913
2006-05-08,XOM,CVX,252,0.8365197230010991
2006-05-09,XOM,CVX,252,0.8344188641930249
2006-05-10,XOM,CVX,252,0.833313064632461
2006-05-11,XOM,CVX,252,0.8331384963970423
2006-05-12,XOM,CVX,252,0.8339890742358478
2006-05-15,XOM,CVX,252,0.8325121145757238
2006-05-16,XOM,CVX,252,0.8327185389689883
2006-05-17,XOM,CVX,252,0.8351668603508059
2006-05-18,XOM,CVX,252,0.8353577427295478
2006-05-19,XOM,CVX,252,0.8331220897951207
2006-05-22,XOM,CVX,252,0.8320110926667278
2006-05-23,XOM,CVX,252,0.8311077933518111
2006-05-24,XOM,CVX,252,0.831304591901024
2006-05-25,XOM,CVX,252,0.833057443249429
2006-05-26,XOM,CVX,252,0.8326923940545323
2006-05-30,XOM,CVX,252,0.8344566480476376
2006-05-31,XOM,CVX,252,0.8339379830743142
2006-06-01,XOM,CVX,252,0.8328732027936182
2006-06-02,XOM,CVX,252,0.8331359996697062
2006-06-05,XOM,CVX,252,0.8355961555149085
2006-06-06,XOM,CVX,252,0.8352932371996992
2006-06-07,XOM,CVX,252,0.8381612898245571
2006-06-08,XOM,CVX,252,0.840449663850962
2006-06-09,XOM,CVX,252,0.8385439135825784
2006-06-12,XOM,CVX,252,0.8380882886605618
2006-06-13,XOM,CVX,252,0.8380111137321283
2006-06-14,XOM,CVX,252,0.8392314729900182
2006-06-15,XOM,CVX,252,0.8407597726235301
2006-06-16,XOM,CVX,252,0.8397503044952573
2006-06-19,XOM,CVX,252,0.8407061378246488
2006-06-20,XOM,CVX,252,0.8411207771804211
2006-06-21,XOM,CVX,252,0.842562107587571
2006-06-22,XOM,CVX,252,0.8432552094249903
2006-06-23,XOM,CVX,252,0.8428341425422354
2006-06-26,XOM,CVX,252,0.8429773944802486
2006-06-27,XOM,CVX,252,0.8431635219272477
2006-06-28,XOM,CVX,252,0.8445830589851694
2006-06-29,XOM,CVX,252,0.8458901552959167
2006-06-30,XOM,CVX,252,0.8444097639224692
2006-07-03,XOM,CVX,252,0.8440234791395738
2006-07-05,XOM,CVX,252,0.8406784575108472
2006-07-06,XOM,CVX,252,0.8378018571778454
2006-07-07,XOM,CVX,252,0.8375976757299598
2006-07-10,XOM,CVX,252,0.8376274728873472
2006-07-11,XOM,CVX,252,0.8396204152569018
2006-07-12,XOM,CVX,252,0.8394518709773626
2006-07-13,XOM,CVX,252,0.8394522283547612
2006-07-14,XOM,CVX,252,0.8396619797452564
2006-07-17,XOM,CVX,252,0.8403532938074298
2006-07-18,XOM,CVX,252,0.8409127981442112
2006-07-19,XOM,CVX,252,0.8402801989443565
2006-07-20,XOM,CVX,252,0.840377570527894
2006-07-21,XOM,CVX,252,0.8399426752935288
2006-07-24,XOM,CVX,252,0.8425467001545072
2006-07-25,XOM,CVX,252,0.8424045335851911
2006-07-26,XOM,CVX,252,0.8423032638846375
2006-07-27,XOM,CVX,252,0.8426187895861081
2006-07-28,XOM,CVX,252,0.831993010116469
2006-07-31,XOM,CVX,252,0.8287106068696499
2006-08-01,XOM,CVX,252,0.8286847551086517
2006-08-02,XOM,CVX,252,0.8279627666626446
2006-08-03,XOM,CVX,252,0.8352343327205648
2006-08-04,XOM,CVX,252,0.8361118761072479
2006-08-07,XOM,CVX,252,0.8361506492806967
2006-08-08,XOM,CVX,252,0.8352759181827891
2006-08-09,XOM,CVX,252,0.8363127960624632
2006-08-10,XOM,CVX,252,0.835438248941508
2006-08-11,XOM,CVX,252,0.8384315759488798
2006-08-14,XOM,CVX,252,0.8388542643418977
2006-08-15,XOM,CVX,252,0.8392232070203423
2006-08-16,XOM,CVX,252,0.8385582600366217
2006-08-17,XOM,CVX,252,0.8379473383753819
2006-08-18,XOM,CVX,252,0.8387621263966384
2006-08-21,XOM,CVX,252,0.8361043915413251
2006-08-22,XOM,CVX,252,0.8349896574452522
2006-08-23,XOM,CVX,252,0.8353565948093734
2006-08-24,XOM,CVX,252,0.8361608025653714
2006-08-25,XOM,CVX,252,0.8361400455987744
2006-08-28,XOM,CVX,252,0.836187931139856
2006-08-29,XOM,CVX,252,0.8363194033794903
2006-08-30,XOM,CVX,252,0.8376403084321892
2006-08-31,XOM,CVX,252,0.8377303848518081
2006-09-01,XOM,CVX,252,0.8366089699093398
2006-09-05,XOM,CVX,252,0.8352005505380826
2006-09-06,XOM,CVX,252,0.8366223489750328
2006-09-07,XOM,CVX,252,0.8367990543909064
2006-09-08,XOM,CVX,252,0.8375757442320524
2006-09-11,XOM,CVX,252,0.8383728380865657
2006-09-12,XOM,CVX,252,0.8380737117210837
2006-09-13,XOM,CVX,252,0.8379270323143718
2006-09-14,XOM,CVX,252,0.8382515166389586
2006-09-15,XOM,CVX,252,0.838203318083832
2006-09-18,XOM,CVX,252,0.8381196109215346
2006-09-19,XOM,CVX,252,0.8380420639420911
2006-09-20,XOM,CVX,252,0.8388729594547372
2006-09-21,XOM,CVX,252,0.8391164585935471
2006-09-22,XOM,CVX,252,0.8395012268632689
2006-09-25,XOM,CVX,252,0.8402156359743551
2006-09-26,XOM,CVX,252,0.8412429305944944
2006-09-27,XOM,CVX,252,0.841561036865005
2006-09-28,XOM,CVX,252,0.8426418596051277
2006-09-29,XOM,CVX,252,0.8423745695638717
2006-10-02,XOM,CVX,252,0.8414853703298084
2006-10-03,XOM,CVX,252,0.844992122229579
2006-10-04,XOM,CVX,252,0.8432511770830498
2006-10-05,XOM,CVX,252,0.8440479975997418
2006-10-06,XOM,CVX,252,0.8485674530621148
2006-10-09,XOM,CVX,252,0.847209914812804
2006-10-10,XOM,CVX,252,0.8476311434198205
2006-10-11,XOM,CVX,252,0.8481148483792423
2006-10-12,XOM,CVX,252,0.8491930311691785
2006-10-13,XOM,CVX,252,0.8480563828044664
2006-10-16,XOM,CVX,252,0.8490741793475315
2006-10-17,XOM,CVX,252,0.8489732944694467
2006-10-18,XOM,CVX,252,0.8415528433581289
2006-10-19,XOM,CVX,252,0.8405009141495482
2006-10-20,XOM,CVX,252,0.8342756006326423
2006-10-23,XOM,CVX,252,0.8347339851386862
2006-10-24,XOM,CVX,252,0.8280375812175932
2006-10-25,XOM,CVX,252,0.8285349515204264
2006-10-26,XOM,CVX,252,0.8260119926481844
2006-10-27,XOM,CVX,252,0.8252453724037652
2006-10-30,XOM,CVX,252,0.8245160318383208
2006-10-31,XOM,CVX,252,0.8246756473209028
2006-11-01,XOM,CVX,252,0.8248438819995128
2006-11-02,XOM,CVX,252,0.8228601382825141
2006-11-03,XOM,CVX,252,0.8226488373643501
2006-11-06,XOM,CVX,252,0.8231335605242747
2006-11-07,XOM,CVX,252,0.8225389565196523
2006-11-08,XOM,CVX,252,0.8218878078477385
2006-11-09,XOM,CVX,252,0.8266984609646815
2006-11-10,XOM,CVX,252,0.8266671320249266
2006-11-13,XOM,CVX,252,0.825596554361114
2006-11-14,XOM,CVX,252,0.8256814771267179
2006-11-15,XOM,CVX,252,0.8259496324417457
2006-11-16,XOM,CVX,252,0.8267561229532945
2006-11-17,XOM,CVX,252,0.8268425341767329
2006-11-20,XOM,CVX,252,0.8249340955713468
2006-11-21,XOM,CVX,252,0.8252967426993305
2006-11-22,XOM,CVX,252,0.8255357172999026
2006-11-24,XOM,CVX,252,0.8271044048298029
2006-11-27,XOM,CVX,252,0.8275937860363141
2006-11-28,XOM,CVX,252,0.8257968623370913
2006-11-29,XOM,CVX,252,0.8277507704390187
2006-11-30,XOM,CVX,252,0.8281262600561079
2006-12-01,XOM,CVX,252,0.8257561920720411
2006-12-04,XOM,CVX,252,0.8277924609428199
2006-12-05,XOM,CVX,252,0.8276044054727213
2006-12-06,XOM,CVX,252,0.824558122799372
2006-12-07,XOM,CVX,252,0.8237498348552021
2006-12-08,XOM,CVX,252,0.8236689751571066
2006-12-11,XOM,CVX,252,0.8205373567328934
2006-12-12,XOM,CVX,252,0.8196382991076333
2006-12-13,XOM,CVX,252,0.8220145318035259
2006-12-14,XOM,CVX,252,0.823633868718427
2006-12-15,XOM,CVX,252,0.8228833308365144
2006-12-18,XOM,CVX,252,0.8228957507806515
2006-12-19,XOM,CVX,252,0.8238160277558108
2006-12-20,XOM,CVX,252,0.8245692538946626
2006-12-21,XOM,CVX,252,0.8254401281145506
2006-12-22,XOM,CVX,252,0.8269285006648907
2006-12-26,XOM,CVX,252,0.8269006984796307
2006-12-27,XOM,CVX,252,0.8250823451659285
2006-12-28,XOM,CVX,252,0.8253097667563093
2006-12-29,XOM,CVX,252,0.825943975394744
2007-01-03,XOM,CVX,252,0.8319942290641231
2007-01-04,XOM,CVX,252,0.8252124143434714
2007-01-05,XOM,CVX,252,0.8253882129879397
2007-01-08,XOM,CVX,252,0.8204167633437334
2007-01-09,XOM,CVX,252,0.8193798332967849
2007-01-10,XOM,CVX,252,0.8209146249750888
2007-01-11,XOM,CVX,252,0.8198892755454981
2007-01-12,XOM,CVX,252,0.8221163358492191
2007-01-16,XOM,CVX,252,0.8239801772420993
2007-01-17,XOM,CVX,252,0.826295978193941
2007-01-18,XOM,CVX,252,0.8267261637049734
2007-01-19,XOM,CVX,252,0.8281600379978243
2007-01-22,XOM,CVX,252,0.8287173328091656
2007-01-23,XOM,CVX,252,0.8303687862290821
2007-01-24,XOM,CVX,252,0.8300318124525838
2007-01-25,XOM,CVX,252,0.8315521516443137
2007-01-26,XOM,CVX,252,0.830770825318133
2007-01-29,XOM,CVX,252,0.8314886975435396
2007-01-30,XOM,CVX,252,0.8367616772668756
2007-01-31,XOM,CVX,252,0.8425832305256714
2007-02-01,XOM,CVX,252,0.8452858483624363
2007-02-02,XOM,CVX,252,0.8429229182312314
2007-02-05,XOM,CVX,252,0.8427027021674844
2007-02-06,XOM,CVX,252,0.8427498528634831
2007-02-07,XOM,CVX,252,0.8427714349913005
2007-02-08,XOM,CVX,252,0.8413027853980185
2007-02-09,XOM,CVX,252,0.8413491178423752
2007-02-12,XOM,CVX,252,0.8418206751767912
2007-02-13,XOM,CVX,252,0.8416991932627335
2007-02-14,XOM,CVX,252,0.8416334174104929
2007-02-15,XOM,CVX,252,0.8416761587296996
2007-02-16,XOM,CVX,252,0.8411976970555124
2007-02-20,XOM,CVX,252,0.8412710798631612
2007-02-21,XOM,CVX,252,0.8420774966601884
2007-02-22,XOM,CVX,252,0.8425254406745248
2007-02-23,XOM,CVX,252,0.8419969715331498
2007-02-26,XOM,CVX,252,0.8422429243347971
2007-02-27,XOM,CVX,252,0.8487776333754687
2007-02-28,XOM,CVX,252,0.8484265590352569
2007-03-01,XOM,CVX,252,0.8484553507783397
2007-03-02,XOM,CVX,252,0.8485052751094386
2007-03-05,XOM,CVX,252,0.8501145102624512
2007-03-06,XOM,CVX,252,0.8510364103356431
2007-03-07,XOM,CVX,252,0.8500300707786951
2007-03-08,XOM,CVX,252,0.8504463881469289
2007-03-09,XOM,CVX,252,0.8492663918740915
2007-03-12,XOM,CVX,252,0.8477371228440518
2007-03-13,XOM,CVX,252,0.8500739804533343
2007-03-14,XOM,CVX,252,0.8503435823391675
2007-03-15,XOM,CVX,252,0.8471230988020496
2007-03-16,XOM,CVX,252,0.8477105129342761
2007-03-19,XOM,CVX,252,0.8493339802108697
2007-03-20,XOM,CVX,252,0.8491693279876337
2007-03-21,XOM,CVX,252,0.8500018484165334
2007-03-22,XOM,CVX,252,0.8509907817554818
2007-03-23,XOM,CVX,252,0.8518428797145907
2007-03-26,XOM,CVX,252,0.8519096737434549
2007-03-27,XOM,CVX,252,0.8546881330635532
2007-03-28,XOM,CVX,252,0.8554656803996983
2007-03-29,XOM,CVX,252,0.8555573077075947
2007-03-30,XOM,CVX,252,0.856445736500252
2007-04-02,XOM,CVX,252,0.856696241104506
2007-04-03,XOM,CVX,252,0.8568548543007091
2007-04-04,XOM,CVX,252,0.8569280666096023
2007-04-05,XOM,CVX,252,0.8566638296342186
2007-04-09,XOM,CVX,252,0.8564705409786353
2007-04-10,XOM,CVX,252,0.856106816940709
2007-04-11,XOM,CVX,252,0.8555421788733194
2007-04-12,XOM,CVX,252,0.8557515039183556
2007-04-13,XOM,CVX,252,0.856007352535696
2007-04-16,XOM,CVX,252,0.8560040643831642
2007-04-17,XOM,CVX,252,0.8559578161643716
2007-04-18,XOM,CVX,252,0.8558130572152727
2007-04-19,XOM,CVX,252,0.8542172620147321
2007-04-20,XOM,CVX,252,0.8563807068307958
2007-04-23,XOM,CVX,252,0.8571984862708979
2007-04-24,XOM,CVX,252,0.8565040692869581
2007-04-25,XOM,CVX,252,0.8569943658805054
2007-04-26,XOM,CVX,252,0.8556195000967848
2007-04-27,XOM,CVX,252,0.8565729177733274
2007-04-30,XOM,CVX,252,0.856294724336354
2007-05-01,XOM,CVX,252,0.8560796672273117
2007-05-02,XOM,CVX,252,0.8561496474676008
2007-05-03,XOM,CVX,252,0.8552042199029215
2007-05-04,XOM,CVX,252,0.8543538239822082
2007-05-07,XOM,CVX,252,0.855252789499162
2007-05-08,XOM,CVX,252,0.85550849138698
2007-05-09,XOM,CVX,252,0.855467590099014
2007-05-10,XOM,CVX,252,0.8592319943119452
2007-05-11,XOM,CVX,252,0.8618433877449659
2007-05-14,XOM,CVX,252,0.8608343432783053
2007-05-15,XOM,CVX,252,0.8592418631823568
2007-05-16,XOM,CVX,252,0.8599097338742694
2007-05-17,XOM,CVX,252,0.8597701511953131
2007-05-18,XOM,CVX,252,0.8603367615222521
2007-05-21,XOM,CVX,252,0.859998750350338
2007-05-22,XOM,CVX,252,0.862462696490336
2007-05-23,XOM,CVX,252,0.861930674536672
2007-05-24,XOM,CVX,252,0.8618980384293369
2007-05-25,XOM,CVX,252,0.8624253206488219
2007-05-29,XOM,CVX,252,0.8605955526899476
2007-05-30,XOM,CVX,252,0.8617628222787888
2007-05-31,XOM,CVX,252,0.8600483939489033
2007-06-01,XOM,CVX,252,0.8605994007024091
2007-06-04,XOM,CVX,252,0.8592485880824104
2007-06-05,XOM,CVX,252,0.8587926969490256
2007-06-06,XOM,CVX,252,0.8566878238670435
2007-06-07,XOM,CVX,252,0.8603808691282572
2007-06-08,XOM,CVX,252,0.8572937928272054
2007-06-11,XOM,CVX,252,0.8568064335044933
2007-06-12,XOM,CVX,252,0.8579438881038078
2007-06-13,XOM,CVX,252,0.8581947169662629
2007-06-14,XOM,CVX,252,0.8594794836974509
2007-06-15,XOM,CVX,252,0.8585813545139331
2007-06-18,XOM,CVX,252,0.8566057043681728
2007-06-19,XOM,CVX,252,0.8564719746867827
2007-06-20,XOM,CVX,252,0.8579429238425185
2007-06-21,XOM,CVX,252,0.8590040145326806
2007-06-22,XOM,CVX,252,0.8596465210617352
2007-06-25,XOM,CVX,252,0.8562406322545731
2007-06-26,XOM,CVX,252,0.856239589493867
2007-06-27,XOM,CVX,252,0.8562451153630816
2007-06-28,XOM,CVX,252,0.8565357555761939
2007-06-29,XOM,CVX,252,0.8549272754830524
2007-07-02,XOM,CVX,252,0.8541895656847428
2007-07-03,XOM,CVX,252,0.8546164562909061
2007-07-05,XOM,CVX,252,0.853909557714698
2007-07-06,XOM,CVX,252,0.8555263255462577
2007-07-09,XOM,CVX,252,0.8574570711335928
2007-07-10,XOM,CVX,252,0.857524308846766
2007-07-11,XOM,CVX,252,0.8572821836831732
2007-07-12,XOM,CVX,252,0.8590478388279021
2007-07-13,XOM,CVX,252,0.8587380139345414
2007-07-16,XOM,CVX,252,0.8588319451361263
2007-07-17,XOM,CVX,252,0.8589522112237841
2007-07-18,XOM,CVX,252,0.8599184114732892
2007-07-19,XOM,CVX,252,0.857461973633191
2007-07-20,XOM,CVX,252,0.857748360326769
2007-07-23,XOM,CVX,252,0.85620131936441
2007-07-24,XOM,CVX,252,0.8600716630534038
2007-07-25,XOM,CVX,252,0.8584543317365608
2007-07-26,XOM,CVX,252,0.8648651523986669
2007-07-27,XOM,CVX,252,0.8674818264306614
2007-07-30,XOM,CVX,252,0.8670346220815
2007-07-31,XOM,CVX,252,0.8797191898421947
2007-08-01,XOM,CVX,252,0.8813537746689556
2007-08-02,XOM,CVX,252,0.8810573359295607
2007-08-03,XOM,CVX,252,0.8856976921204256
2007-08-06,XOM,CVX,252,0.8861828328245489
2007-08-07,XOM,CVX,252,0.885706557689125
2007-08-08,XOM,CVX,252,0.885884897491266
2007-08-09,XOM,CVX,252,0.8905224677850365
2007-08-10,XOM,CVX,252,0.8882945120237363
2007-08-13,XOM,CVX,252,0.8890027311203024
2007-08-14,XOM,CVX,252,0.8888831344313302
2007-08-15,XOM,CVX,252,0.8894425944854101
2007-08-16,XOM,CVX,252,0.8854519631027101
2007-08-17,XOM,CVX,252,0.8880695405128771
2007-08-20,XOM,CVX,252,0.8880660510560505
2007-08-21,XOM,CVX,252,0.8871519489949375
2007-08-22,XOM,CVX,252,0.889376458947615
2007-08-23,XOM,CVX,252,0.8905528199609044
2007-08-24,XOM,CVX,252,0.8914542240718927
2007-08-27,XOM,CVX,252,0.890896468135373
2007-08-28,XOM,CVX,252,0.8924848240605585
2007-08-29,XOM,CVX,252,0.8941026640994914
2007-08-30,XOM,CVX,252,0.8939104287740465
2007-08-31,XOM,CVX,252,0.893992230784355
2007-09-04,XOM,CVX,252,0.8937703457663655
2007-09-05,XOM,CVX,252,0.8935394141939081
2007-09-06,XOM,CVX,252,0.8961247632385005
2007-09-07,XOM,CVX,252,0.8958455978109238
2007-09-10,XOM,CVX,252,0.8961720032381839
2007-09-11,XOM,CVX,252,0.8963462707069471
2007-09-12,XOM,CVX,252,0.894676014368434
2007-09-13,XOM,CVX,252,0.895169972485134
2007-09-14,XOM,CVX,252,0.8949622750132847
2007-09-17,XOM,CVX,252,0.8948088822950813
2007-09-18,XOM,CVX,252,0.896332954007992
2007-09-19,XOM,CVX,252,0.8959651124380771
2007-09-20,XOM,CVX,252,0.8956216042461174
2007-09-21,XOM,CVX,252,0.8946343515186534
2007-09-24,XOM,CVX,252,0.8951623321173217
2007-09-25,XOM,CVX,252,0.8867096288232088
2007-09-26,XOM,CVX,252,0.8867107584054462
2007-09-27,XOM,CVX,252,0.8856997791529292
2007-09-28,XOM,CVX,252,0.885320593642712
2007-10-01,XOM,CVX,252,0.8852370769911315
2007-10-02,XOM,CVX,252,0.8872613032329892
2007-10-03,XOM,CVX,252,0.8876905764456319
2007-10-04,XOM,CVX,252,0.8854313835258941
2007-10-05,XOM,CVX,252,0.8853692178005133
2007-10-08,XOM,CVX,252,0.8861358612548912
2007-10-09,XOM,CVX,252,0.8865311991419111
2007-10-10,XOM,CVX,252,0.8849833648884148
2007-10-11,XOM,CVX,252,0.8845175300114538
2007-10-12,XOM,CVX,252,0.8840838238311719
2007-10-15,XOM,CVX,252,0.8837386101369856
2007-10-16,XOM,CVX,252,0.8827229834093163
2007-10-17,XOM,CVX,252,0.8825890872794241
2007-10-18,XOM,CVX,252,0.8812331529381013
2007-10-19,XOM,CVX,252,0.883949211175899
2007-10-22,XOM,CVX,252,0.8845626062053271
2007-10-23,XOM,CVX,252,0.8846335986118793
2007-10-24,XOM,CVX,252,0.8847068011879634
2007-10-25,XOM,CVX,252,0.8840258488833216
2007-10-26,XOM,CVX,252,0.8839778808528819
2007-10-29,XOM,CVX,252,0.8853357988703638
2007-10-30,XOM,CVX,252,0.887456636055022
2007-10-31,XOM,CVX,252,0.8880246638996607
2007-11-01,XOM,CVX,252,0.8896821864834532
2007-11-02,XOM,CVX,252,0.8897607102372314
2007-11-05,XOM,CVX,252,0.8906114630085984
2007-11-06,XOM,CVX,252,0.891493308610184
2007-11-07,XOM,CVX,252,0.8936477499963714
2007-11-08,XOM,CVX,252,0.8945776034068085
2007-11-09,XOM,CVX,252,0.8960467554756159
2007-11-12,XOM,CVX,252,0.8972810630160426
2007-11-13,XOM,CVX,252,0.8979736279707957
2007-11-14,XOM,CVX,252,0.898920478287663
2007-11-15,XOM,CVX,252,0.8998410802513584
2007-11-16,XOM,CVX,252,0.8984275672029192
2007-11-19,XOM,CVX,252,0.8979666306699315
2007-11-20,XOM,CVX,252,0.8998979090779189
2007-11-21,XOM,CVX,252,0.8989649057758438
2007-11-23,XOM,CVX,252,0.8988285479571807
2007-11-26,XOM,CVX,252,0.9005007133088756
2007-11-27,XOM,CVX,252,0.9005147672109568
2007-11-28,XOM,CVX,252,0.9010778012309988
2007-11-29,XOM,CVX,252,0.9008204555860445
2007-11-30,XOM,CVX,252,0.9003116841847744
2007-12-03,XOM,CVX,252,0.9003755179743943
2007-12-04,XOM,CVX,252,0.9007113825717354
2007-12-05,XOM,CVX,252,0.9013553825795281
2007-12-06,XOM,CVX,252,0.9016497042887914
2007-12-07,XOM,CVX,252,0.9034414316464823
2007-12-10,XOM,CVX,252,0.9035404558083665
2007-12-11,XOM,CVX,252,0.9043511301548882
2007-12-12,XOM,CVX,252,0.9064237777565071
2007-12-13,XOM,CVX,252,0.9071019312460088
2007-12-14,XOM,CVX,252,0.9075345894326228
2007-12-17,XOM,CVX,252,0.9070255998247646
2007-12-18,XOM,CVX,252,0.9078252708804443
2007-12-19,XOM,CVX,252,0.9067684378990236
2007-12-20,XOM,CVX,252,0.9063408654522672
2007-12-21,XOM,CVX,252,0.9060727631010652
2007-12-24,XOM,CVX,252,0.9060921335310502
2007-12-26,XOM,CVX,252,0.9054662252482955
2007-12-27,XOM,CVX,252,0.9058064337810411
2007-12-28,XOM,CVX,252,0.9057890903051306
2007-12-31,XOM,CVX,252,0.906165106133029
2008-01-02,XOM,CVX,252,0.9059140630708519
2008-01-03,XOM,CVX,252,0.9032211050793224
2008-01-04,XOM,CVX,252,0.903771759485266
2008-01-07,XOM,CVX,252,0.9039583188209394
2008-01-08,XOM,CVX,252,0.9079892930936175
2008-01-09,XOM,CVX,252,0.9083700819688485
2008-01-10,XOM,CVX,252,0.9072929706343805
2008-01-11,XOM,CVX,252,0.9085849768591101
2008-01-14,XOM,CVX,252,0.9076493429731156
2008-01-15,XOM,CVX,252,0.9077955874252677
2008-01-16,XOM,CVX,252,0.9087134032471806
2008-01-17,XOM,CVX,252,0.9103977145331829
2008-01-18,XOM,CVX,252,0.9097409046895545
2008-01-22,XOM,CVX,252,0.9111400771007865
2008-01-23,XOM,CVX,252,0.9099028692448504
2008-01-24,XOM,CVX,252,0.9110488646504281
2008-01-25,XOM,CVX,252,0.9113519187572223
2008-01-28,XOM,CVX,252,0.9116049060404987
2008-01-29,XOM,CVX,252,0.9118316168738054
2008-01-30,XOM,CVX,252,0.9113704200208496
2008-01-31,XOM,CVX,252,0.9100755995953207
2008-02-01,XOM,CVX,252,0.9102392675490355
2008-02-04,XOM,CVX,252,0.9114705507484094
2008-02-05,XOM,CVX,252,0.9125269613510844
2008-02-06,XOM,CVX,252,0.9095686581340469
2008-02-07,XOM,CVX,252,0.9101990519438228
2008-02-08,XOM,CVX,252,0.909706172727086
2008-02-11,XOM,CVX,252,0.9100319571355383
2008-02-12,XOM,CVX,252,0.9100561119239579
2008-02-13,XOM,CVX,252,0.9101121082275356
2008-02-14,XOM,CVX,252,0.9097303921571189
2008-02-15,XOM,CVX,252,0.9092103013879578
2008-02-19,XOM,CVX,252,0.9098563301811762
2008-02-20,XOM,CVX,252,0.9099998391142095
2008-02-21,XOM,CVX,252,0.9102036995033439
2008-02-22,XOM,CVX,252,0.9103237126118378
2008-02-25,XOM,CVX,252,0.9110203114577144
2008-02-26,XOM,CVX,252,0.9111234267715704
2008-02-27,XOM,CVX,252,0.9080688297639001
2008-02-28,XOM,CVX,252,0.9074239641870362
2008-02-29,XOM,CVX,252,0.9085369097510595
2008-03-03,XOM,CVX,252,0.9082647393602985
2008-03-04,XOM,CVX,252,0.9082870746969993
2008-03-05,XOM,CVX,252,0.9058116950286099
2008-03-06,XOM,CVX,252,0.9035011318719168
2008-03-07,XOM,CVX,252,0.9044451652774211
2008-03-10,XOM,CVX,252,0.9048853848245199
2008-03-11,XOM,CVX,252,0.9076768926997795
2008-03-12,XOM,CVX,252,0.9070447464703032
2008-03-13,XOM,CVX,252,0.9069177825011333
2008-03-14,XOM,CVX,252,0.9081896538450379
2008-03-17,XOM,CVX,252,0.9068784616326104
2008-03-18,XOM,CVX,252,0.9069938660480642
2008-03-19,XOM,CVX,252,0.9102359831607134
2008-03-20,XOM,CVX,252,0.9093663027447306
2008-03-24,XOM,CVX,252,0.9093885188241703
2008-03-25,XOM,CVX,252,0.9076453574715427
2008-03-26,XOM,CVX,252,0.9073669508743313
2008-03-27,XOM,CVX,252,0.9074182010905837
2008-03-28,XOM,CVX,252,0.9063208515585943
2008-03-31,XOM,CVX,252,0.9039688699336493
2008-04-01,XOM,CVX,252,0.9034477856348634
2008-04-02,XOM,CVX,252,0.9031022845377056
2008-04-03,XOM,CVX,252,0.9028225859081515
2008-04-04,XOM,CVX,252,0.9028190243853231
2008-04-07,XOM,CVX,252,0.9028250009124748
2008-04-08,XOM,CVX,252,0.902908299849872
2008-04-09,XOM,CVX,252,0.9031388433143713
2008-04-10,XOM,CVX,252,0.9030996373037988
2008-04-11,XOM,CVX,252,0.9031711631240233
2008-04-14,XOM,CVX,252,0.9030183223647282
2008-04-15,XOM,CVX,252,0.903014909062176
2008-04-16,XOM,CVX,252,0.9035887202067459
2008-04-17,XOM,CVX,252,0.9034287621147487
2008-04-18,XOM,CVX,252,0.9031144362979091
2008-04-21,XOM,CVX,252,0.9021689042089306
2008-04-22,XOM,CVX,252,0.9010175918105341
2008-04-23,XOM,CVX,252,0.9006348418319589
2008-04-24,XOM,CVX,252,0.9006980318174308
2008-04-25,XOM,CVX,252,0.9012349131718801
2008-04-28,XOM,CVX,252,0.9012014373044872
2008-04-29,XOM,CVX,252,0.8946156784095836
2008-04-30,XOM,CVX,252,0.8949599273081199
2008-05-01,XOM,CVX,252,0.892094208490151
2008-05-02,XOM,CVX,252,0.8917626603093358
2008-05-05,XOM,CVX,252,0.8916689089985855
2008-05-06,XOM,CVX,252,0.8914737212010678
2008-05-07,XOM,CVX,252,0.891763189390164
2008-05-08,XOM,CVX,252,0.8914781408700508
2008-05-09,XOM,CVX,252,0.8907208174628626
2008-05-12,XOM,CVX,252,0.8897149127844972
2008-05-13,XOM,CVX,252,0.8903627440206743
2008-05-14,XOM,CVX,252,0.8902913939084649
2008-05-15,XOM,CVX,252,0.890644915710743
2008-05-16,XOM,CVX,252,0.891043082110186
2008-05-19,XOM,CVX,252,0.8910866670726568
2008-05-20,XOM,CVX,252,0.8909878243676561
2008-05-21,XOM,CVX,252,0.8904220531323526
2008-05-22,XOM,CVX,252,0.8918102478774794
2008-05-23,XOM,CVX,252,0.8923001849851178
2008-05-27,XOM,CVX,252,0.8921567796790836
2008-05-28,XOM,CVX,252,0.8922667937279386
2008-05-29,XOM,CVX,252,0.8920177529028254
2008-05-30,XOM,CVX,252,0.8912841574329029
2008-06-02,XOM,CVX,252,0.8901791061962872
2008-06-03,XOM,CVX,252,0.8911756885019027
2008-06-04,XOM,CVX,252,0.8886842570829545
2008-06-05,XOM,CVX,252,0.8912883518740486
2008-06-06,XOM,CVX,252,0.8875804465614808
2008-06-09,XOM,CVX,252,0.8877356397015947
2008-06-10,XOM,CVX,252,0.8873479864740905
2008-06-11,XOM,CVX,252,0.8871833897760794
2008-06-12,XOM,CVX,252,0.8879494839712644
2008-06-13,XOM,CVX,252,0.8879122303684519
2008-06-16,XOM,CVX,252,0.8876747273063789
2008-06-17,XOM,CVX,252,0.8877914991485818
2008-06-18,XOM,CVX,252,0.8879880918993719
2008-06-19,XOM,CVX,252,0.8874403738631407
2008-06-20,XOM,CVX,252,0.8867123229757693
2008-06-23,XOM,CVX,252,0.8872027368791273
2008-06-24,XOM,CVX,252,0.8894763558267321
2008-06-25,XOM,CVX,252,0.889564762318586
2008-06-26,XOM,CVX,252,0.8894652946187066
2008-06-27,XOM,CVX,252,0.889458711602839
2008-06-30,XOM,CVX,252,0.8897536079767948
2008-07-01,XOM,CVX,252,0.8894969585365584
2008-07-02,XOM,CVX,252,0.8896890945516246
2008-07-03,XOM,CVX,252,0.8899815121027869
2008-07-07,XOM,CVX,252,0.8900629980615362
2008-07-08,XOM,CVX,252,0.8904836436908627
2008-07-09,XOM,CVX,252,0.8911097660014199
2008-07-10,XOM,CVX,252,0.8922033203662539
2008-07-11,XOM,CVX,252,0.8829204667419032
2008-07-14,XOM,CVX,252,0.8830201085775061
2008-07-15,XOM,CVX,252,0.8854919102167293
2008-07-16,XOM,CVX,252,0.8843618211884057
2008-07-17,XOM,CVX,252,0.8835785940767935
2008-07-18,XOM,CVX,252,0.8841312759830315
2008-07-21,XOM,CVX,252,0.8842461816357582
2008-07-22,XOM,CVX,252,0.8837644607785449
2008-07-23,XOM,CVX,252,0.8826652815501048
2008-07-24,XOM,CVX,252,0.8823942528834176
2008-07-25,XOM,CVX,252,0.8796063187063425
2008-07-28,XOM,CVX,252,0.8774726993927244
2008-07-29,XOM,CVX,252,0.8779120989282996
2008-07-30,XOM,CVX,252,0.8809648798832614
2008-07-31,XOM,CVX,252,0.8824303124732906
2008-08-01,XOM,CVX,252,0.8824685383669028
2008-08-04,XOM,CVX,252,0.8787795248001172
2008-08-05,XOM,CVX,252,0.8741070714844306
2008-08-06,XOM,CVX,252,0.8705237586212062
2008-08-07,XOM,CVX,252,0.8709928700712026
2008-08-08,XOM,CVX,252,0.8681092228370338
2008-08-11,XOM,CVX,252,0.8693116848422614
2008-08-12,XOM,CVX,252,0.8687668485594747
2008-08-13,XOM,CVX,252,0.8684810235091035
2008-08-14,XOM,CVX,252,0.8670237012975978
2008-08-15,XOM,CVX,252,0.8684328938676225
2008-08-18,XOM,CVX,252,0.8657431169183952
2008-08-19,XOM,CVX,252,0.8663516784389299
2008-08-20,XOM,CVX,252,0.8665916671659554
2008-08-21,XOM,CVX,252,0.8675915947054665
2008-08-22,XOM,CVX,252,0.867480024631377
2008-08-25,XOM,CVX,252,0.8671905715603901
2008-08-26,XOM,CVX,252,0.8663328894136341
2008-08-27,XOM,CVX,252,0.865096185667458
2008-08-28,XOM,CVX,252,0.863687255994553
2008-08-29,XOM,CVX,252,0.8638978372222831
2008-09-02,XOM,CVX,252,0.8662597384551043
2008-09-03,XOM,CVX,252,0.8663506550242049
2008-09-04,XOM,CVX,252,0.8673155068500352
2008-09-05,XOM,CVX,252,0.8672776924902137
2008-09-08,XOM,CVX,252,0.8670883332586518
2008-09-09,XOM,CVX,252,0.8673238224440141
2008-09-10,XOM,CVX,252,0.8682960233145448
2008-09-11,XOM,CVX,252,0.8669274225563429
2008-09-12,XOM,CVX,252,0.8671007478318071
2008-09-15,XOM,CVX,252,0.8720299381372155
2008-09-16,XOM,CVX,252,0.8711639827645095
2008-09-17,XOM,CVX,252,0.8701219735370227
2008-09-18,XOM,CVX,252,0.872086461495824
2008-09-19,XOM,CVX,252,0.868183081339231
2008-09-22,XOM,CVX,252,0.8682512741455624
2008-09-23,XOM,CVX,252,0.868502627582522
2008-09-24,XOM,CVX,252,0.8730245953329406
2008-09-25,XOM,CVX,252,0.8740404925302321
2008-09-26,XOM,CVX,252,0.8737999129483638
2008-09-29,XOM,CVX,252,0.8839619961931505
2008-09-30,XOM,CVX,252,0.8870967364432578
2008-10-01,XOM,CVX,252,0.8854469942669465
2008-10-02,XOM,CVX,252,0.8843413784713987
2008-10-03,XOM,CVX,252,0.8843613035948218
2008-10-06,XOM,CVX,252,0.8820040781998861
2008-10-07,XOM,CVX,252,0.879126360749996
2008-10-08,XOM,CVX,252,0.8779438941112874
2008-10-09,XOM,CVX,252,0.896655252158453
2008-10-10,XOM,CVX,252,0.9039406952955774
2008-10-13,XOM,CVX,252,0.922854148562571
2008-10-14,XOM,CVX,252,0.9226413582820219
2008-10-15,XOM,CVX,252,0.9298048682055349
2008-10-16,XOM,CVX,252,0.9221203549480217
2008-10-17,XOM,CVX,252,0.9223285201861026
2008-10-20,XOM,CVX,252,0.9262875923489876
2008-10-21,XOM,CVX,252,0.9268582489694508
2008-10-22,XOM,CVX,252,0.9280823402073698
2008-10-23,XOM,CVX,252,0.9302610231325595
2008-10-24,XOM,CVX,252,0.930295020577401
2008-10-27,XOM,CVX,252,0.9305499611271018
2008-10-28,XOM,CVX,252,0.9354962455213174
2008-10-29,XOM,CVX,252,0.9346921714398332
2008-10-30,XOM,CVX,252,0.931798535209556
2008-10-31,XOM,CVX,252,0.9310866945700087
2008-11-03,XOM,CVX,252,0.9306272120979056
2008-11-04,XOM,CVX,252,0.9309526002893992
2008-11-05,XOM,CVX,252,0.9313313013342406
2008-11-06,XOM,CVX,252,0.9317411065314947
2008-11-07,XOM,CVX,252,0.9320369730867517
2008-11-10,XOM,CVX,252,0.9317710402455629
2008-11-11,XOM,CVX,252,0.931553333630224
2008-11-12,XOM,CVX,252,0.930719121648017
2008-11-13,XOM,CVX,252,0.932844606830677
2008-11-14,XOM,CVX,252,0.9328132883672826
2008-11-17,XOM,CVX,252,0.9322557159573097
2008-11-18,XOM,CVX,252,0.932580154948004
2008-11-19,XOM,CVX,252,0.9328441403579661
2008-11-20,XOM,CVX,252,0.9342727570177961
2008-11-21,XOM,CVX,252,0.936101000207189
2008-11-24,XOM,CVX,252,0.9361427219086851
2008-11-25,XOM,CVX,252,0.9335418006131703
2008-11-26,XOM,CVX,252,0.9337770265265752
2008-11-28,XOM,CVX,252,0.9337940888317994
2008-12-01,XOM,CVX,252,0.9353081578365007
2008-12-02,XOM,CVX,252,0.9358419932269986
2008-12-03,XOM,CVX,252,0.9344772826221147
2008-12-04,XOM,CVX,252,0.9346654596949431
2008-12-05,XOM,CVX,252,0.9330380442925676
2008-12-08,XOM,CVX,252,0.9334668037757707
2008-12-09,XOM,CVX,252,0.9332908490892065
2008-12-10,XOM,CVX,252,0.9331956273549535
2008-12-11,XOM,CVX,252,0.932816017934027
2008-12-12,XOM,CVX,252,0.932600937622437
2008-12-15,XOM,CVX,252,0.9326213855094115
2008-12-16,XOM,CVX,252,0.9311525547817397
2008-12-17,XOM,CVX,252,0.9312966546043803
2008-12-18,XOM,CVX,252,0.9319025765483893
2008-12-19,XOM,CVX,252,0.9320801843378506
2008-12-22,XOM,CVX,252,0.9315070375438296
2008-12-23,XOM,CVX,252,0.9314671419312481
2008-12-24,XOM,CVX,252,0.9315771866168802
2008-12-26,XOM,CVX,252,0.9314792448820731
2008-12-29,XOM,CVX,252,0.9314468927566596
2008-12-30,XOM,CVX,252,0.9309686010554336
2008-12-31,XOM,CVX,252,0.930911392018379
2009-01-02,XOM,CVX,252,0.9310561869055247
2009-01-05,XOM,CVX,252,0.931067586882473
2009-01-06,XOM,CVX,252,0.9299144507162932
2009-01-07,XOM,CVX,252,0.9297196498402349
2009-01-08,XOM,CVX,252,0.9295680286019522
2009-01-09,XOM,CVX,252,0.929756740505622
2009-01-12,XOM,CVX,252,0.9295405216816621
2009-01-13,XOM,CVX,252,0.9295832802090541
2009-01-14,XOM,CVX,252,0.9296530862643317
2009-01-15,XOM,CVX,252,0.9296042628341942
2009-01-16,XOM,CVX,252,0.9294071522882021
2009-01-20,XOM,CVX,252,0.928865395461501
2009-01-21,XOM,CVX,252,0.9291451128716287
2009-01-22,XOM,CVX,252,0.9293299984054283
2009-01-23,XOM,CVX,252,0.9288070658587114
2009-01-26,XOM,CVX,252,0.9287116663978454
2009-01-27,XOM,CVX,252,0.9286114554037551
2009-01-28,XOM,CVX,252,0.9281015306425984
2009-01-29,XOM,CVX,252,0.9282083854301366
2009-01-30,XOM,CVX,252,0.9284357623021957
2009-02-02,XOM,CVX,252,0.9283842348482845
2009-02-03,XOM,CVX,252,0.9284687140742557
2009-02-04,XOM,CVX,252,0.9284759424956288
2009-02-05,XOM,CVX,252,0.9290818165000365
2009-02-06,XOM,CVX,252,0.9290174688444187
2009-02-09,XOM,CVX,252,0.9291192895750642
2009-02-10,XOM,CVX,252,0.9295650508494225
2009-02-11,XOM,CVX,252,0.9286938093106576
2009-02-12,XOM,CVX,252,0.9280559070109945
2009-02-13,XOM,CVX,252,0.9280730617505244
2009-02-17,XOM,CVX,252,0.9288349679525617
2009-02-18,XOM,CVX,252,0.9286384602927551
2009-02-19,XOM,CVX,252,0.9285733362530695
2009-02-20,XOM,CVX,252,0.9284509290415528
2009-02-23,XOM,CVX,252,0.9286704156925696
2009-02-24,XOM,CVX,252,0.9288855534881778
2009-02-25,XOM,CVX,252,0.9277999934073053
2009-02-26,XOM,CVX,252,0.927696461997549
2009-02-27,XOM,CVX,252,0.9281389768805444
2009-03-02,XOM,CVX,252,0.9285183973365626
2009-03-03,XOM,CVX,252,0.9283145599562522
2009-03-04,XOM,CVX,252,0.9285092345090489
2009-03-05,XOM,CVX,252,0.9293724652838973
2009-03-06,XOM,CVX,252,0.9302940582909167
2009-03-09,XOM,CVX,252,0.9300515925106811
2009-03-10,XOM,CVX,252,0.9304780600504963
2009-03-11,XOM,CVX,252,0.9298780112737979
2009-03-12,XOM,CVX,252,0.9298825751243192
2009-03-13,XOM,CVX,252,0.9299021757360574
2009-03-16,XOM,CVX,252,0.9298614095116586
2009-03-17,XOM,CVX,252,0.9303364108868141
2009-03-18,XOM,CVX,252,0.929865823576416
2009-03-19,XOM,CVX,252,0.9286505790512383
2009-03-20,XOM,CVX,252,0.9290050843219886
2009-03-23,XOM,CVX,252,0.9300004971875194
2009-03-24,XOM,CVX,252,0.9301208417094299
2009-03-25,XOM,CVX,252,0.9302381298138507
2009-03-26,XOM,CVX,252,0.9301785273123518
2009-03-27,XOM,CVX,252,0.9305098478670157
2009-03-30,XOM,CVX,252,0.9309940112359066
2009-03-31,XOM,CVX,252,0.9308660513061849
2009-04-01,XOM,CVX,252,0.9310213903732879
2009-04-02,XOM,CVX,252,0.9309387569097369
2009-04-03,XOM,CVX,252,0.9309439614931456
2009-04-06,XOM,CVX,252,0.9309410733712133
2009-04-07,XOM,CVX,252,0.9310144278835939
2009-04-08,XOM,CVX,252,0.9310565904541548
2009-04-09,XOM,CVX,252,0.9310867092274355
2009-04-13,XOM,CVX,252,0.9310244044028338
2009-04-14,XOM,CVX,252,0.9307525125591894
2009-04-15,XOM,CVX,252,0.9307035654870909
2009-04-16,XOM,CVX,252,0.9306580925688213
2009-04-17,XOM,CVX,252,0.9304929933829881
2009-04-20,XOM,CVX,252,0.9305462852533223
2009-04-21,XOM,CVX,252,0.9307079915958665
2009-04-22,XOM,CVX,252,0.9309335067333421
2009-04-23,XOM,CVX,252,0.9309190260572086
2009-04-24,XOM,CVX,252,0.9309116158361891
2009-04-27,XOM,CVX,252,0.9307944815498909
2009-04-28,XOM,CVX,252,0.9307708834156105
2009-04-29,XOM,CVX,252,0.9323308236375124
2009-04-30,XOM,CVX,252,0.9323289980091345
2009-05-01,XOM,CVX,252,0.9332267091730218
2009-05-04,XOM,CVX,252,0.933218456004943
2009-05-05,XOM,CVX,252,0.9332324130742591
2009-05-06,XOM,CVX,252,0.9327902910049272
2009-05-07,XOM,CVX,252,0.9326730349915668
2009-05-08,XOM,CVX,252,0.9328921687394561
2009-05-11,XOM,CVX,252,0.9327023100759835
2009-05-12,XOM,CVX,252,0.9327648512754142
2009-05-13,XOM,CVX,252,0.9328069666236172
2009-05-14,XOM,CVX,252,0.9328006262227946
2009-05-15,XOM,CVX,252,0.9326681486143974
2009-05-18,XOM,CVX,252,0.9321202570379952
2009-05-19,XOM,CVX,252,0.9320313161892728
2009-05-20,XOM,CVX,252,0.9320794669928978
2009-05-21,XOM,CVX,252,0.9321620555514522
2009-05-22,XOM,CVX,252,0.9320876023735319
2009-05-26,XOM,CVX,252,0.9322452814073598
2009-05-27,XOM,CVX,252,0.9322145614334738
2009-05-28,XOM,CVX,252,0.9322338832527989
2009-05-29,XOM,CVX,252,0.9320287712498742
2009-06-01,XOM,CVX,252,0.9324883735805402
2009-06-02,XOM,CVX,252,0.9324881902278171
2009-06-03,XOM,CVX,252,0.9326317992252533
2009-06-04,XOM,CVX,252,0.9330697984170222
2009-06-05,XOM,CVX,252,0.9326730722328422
2009-06-08,XOM,CVX,252,0.9336663640213594
2009-06-09,XOM,CVX,252,0.9335845286724528
2009-06-10,XOM,CVX,252,0.9335065654684179
2009-06-11,XOM,CVX,252,0.9328992194373085
2009-06-12,XOM,CVX,252,0.9325767566470552
2009-06-15,XOM,CVX,252,0.9325204420736739
2009-06-16,XOM,CVX,252,0.9326234001082939
2009-06-17,XOM,CVX,252,0.9324337171204998
2009-06-18,XOM,CVX,252,0.9323719766491582
2009-06-19,XOM,CVX,252,0.9322622161253348
2009-06-22,XOM,CVX,252,0.9326067545025066
2009-06-23,XOM,CVX,252,0.9325510378288158
2009-06-24,XOM,CVX,252,0.9325676686256612
2009-06-25,XOM,CVX,252,0.9326086728814563
2009-06-26,XOM,CVX,252,0.9326123063453593
2009-06-29,XOM,CVX,252,0.9325715784128441
2009-06-30,XOM,CVX,252,0.9325682056237585
2009-07-01,XOM,CVX,252,0.9325471809710674
2009-07-02,XOM,CVX,252,0.9327222186475939
2009-07-06,XOM,CVX,252,0.9326988776616603
2009-07-07,XOM,CVX,252,0.9327394230223752
2009-07-08,XOM,CVX,252,0.9326623144644974
2009-07-09,XOM,CVX,252,0.9324473232469148
2009-07-10,XOM,CVX,252,0.9321905605752462
2009-07-13,XOM,CVX,252,0.9337660536145288
2009-07-14,XOM,CVX,252,0.9338548610009055
2009-07-15,XOM,CVX,252,0.9336221545395937
2009-07-16,XOM,CVX,252,0.9338076125774004
2009-07-17,XOM,CVX,252,0.9337913516660172
2009-07-20,XOM,CVX,252,0.9339713545465529
2009-07-21,XOM,CVX,252,0.9337965902963363
2009-07-22,XOM,CVX,252,0.9340219035896083
2009-07-23,XOM,CVX,252,0.9341265647884087
2009-07-24,XOM,CVX,252,0.9341718610774276
2009-07-27,XOM,CVX,252,0.9341995155704728
2009-07-28,XOM,CVX,252,0.9344093359678157
2009-07-29,XOM,CVX,252,0.934268526968667
2009-07-30,XOM,CVX,252,0.9332629299151805
2009-07-31,XOM,CVX,252,0.9321806828434185
2009-08-03,XOM,CVX,252,0.9321314455774201
2009-08-04,XOM,CVX,252,0.932925075267988
2009-08-05,XOM,CVX,252,0.9340983913268565
2009-08-06,XOM,CVX,252,0.9349967477971857
2009-08-07,XOM,CVX,252,0.9348740655895319
2009-08-10,XOM,CVX,252,0.9348870391297338
2009-08-11,XOM,CVX,252,0.9348188147678133
2009-08-12,XOM,CVX,252,0.9350257229294079
2009-08-13,XOM,CVX,252,0.9351553558559706
2009-08-14,XOM,CVX,252,0.9354736199832179
2009-08-17,XOM,CVX,252,0.935352462179593
2009-08-18,XOM,CVX,252,0.9353075459872695
2009-08-19,XOM,CVX,252,0.9352710103524079
2009-08-20,XOM,CVX,252,0.9353312262647172
2009-08-21,XOM,CVX,252,0.9352763173906227
2009-08-24,XOM,CVX,252,0.9353037582238019
2009-08-25,XOM,CVX,252,0.9351673853093366
2009-08-26,XOM,CVX,252,0.9354093379865775
2009-08-27,XOM,CVX,252,0.9353398857456041
2009-08-28,XOM,CVX,252,0.9352740288552661
2009-08-31,XOM,CVX,252,0.9352943865049668
2009-09-01,XOM,CVX,252,0.9349674014954958
2009-09-02,XOM,CVX,252,0.9349397322730972
2009-09-03,XOM,CVX,252,0.9348560661262784
2009-09-04,XOM,CVX,252,0.9348596139834592
2009-09-08,XOM,CVX,252,0.9349788492353633
2009-09-09,XOM,CVX,252,0.9354697438100464
2009-09-10,XOM,CVX,252,0.9350305708071391
2009-09-11,XOM,CVX,252,0.9353865992481599
2009-09-14,XOM,CVX,252,0.935420213340962
2009-09-15,XOM,CVX,252,0.9345825307262814
2009-09-16,XOM,CVX,252,0.9352992750045578
2009-09-17,XOM,CVX,252,0.9352787475869385
2009-09-18,XOM,CVX,252,0.9349583476071077
2009-09-21,XOM,CVX,252,0.936139384417309
2009-09-22,XOM,CVX,252,0.9361490901107785
2009-09-23,XOM,CVX,252,0.9361309794046853
2009-09-24,XOM,CVX,252,0.9361187970810292
2009-09-25,XOM,CVX,252,0.9360686026917332
2009-09-28,XOM,CVX,252,0.9361610885685361
2009-09-29,XOM,CVX,252,0.9346379017379614
2009-09-30,XOM,CVX,252,0.9341051634027139
2009-10-01,XOM,CVX,252,0.9346273587307364
2009-10-02,XOM,CVX,252,0.9350322021270902
2009-10-05,XOM,CVX,252,0.9352125654401778
2009-10-06,XOM,CVX,252,0.9361284449748987
2009-10-07,XOM,CVX,252,0.9372948205441011
2009-10-08,XOM,CVX,252,0.9377054859373979
2009-10-09,XOM,CVX,252,0.9333388825563694
2009-10-12,XOM,CVX,252,0.9310816387625181
2009-10-13,XOM,CVX,252,0.9222302255000242
2009-10-14,XOM,CVX,252,0.9224872408855035
2009-10-15,XOM,CVX,252,0.9162921500932663
2009-10-16,XOM,CVX,252,0.9242668003909812
2009-10-19,XOM,CVX,252,0.9244029065230083
2009-10-20,XOM,CVX,252,0.9199302777610117
2009-10-21,XOM,CVX,252,0.9192543313638445
2009-10-22,XOM,CVX,252,0.9180495871179241
2009-10-23,XOM,CVX,252,0.9157308308378158
2009-10-26,XOM,CVX,252,0.9161985704189434
2009-10-27,XOM,CVX,252,0.9157418428943839
2009-10-28,XOM,CVX,252,0.9074007131625064
2009-10-29,XOM,CVX,252,0.9065884478198993
2009-10-30,XOM,CVX,252,0.9097208895712612
2009-11-02,XOM,CVX,252,0.910714303555374
2009-11-03,XOM,CVX,252,0.9112341485303375
2009-11-04,XOM,CVX,252,0.9099639649600954
2009-11-05,XOM,CVX,252,0.9091400328209787
2009-11-06,XOM,CVX,252,0.9066821370053482
2009-11-09,XOM,CVX,252,0.905651691143234
2009-11-10,XOM,CVX,252,0.9055070764508836
2009-11-11,XOM,CVX,252,0.9056685102114775
2009-11-12,XOM,CVX,252,0.9048142896135648
2009-11-13,XOM,CVX,252,0.8964923645769667
2009-11-16,XOM,CVX,252,0.8964808846246923
2009-11-17,XOM,CVX,252,0.8979237063283934
2009-11-18,XOM,CVX,252,0.896899428246597
2009-11-19,XOM,CVX,252,0.895306404625714
2009-11-20,XOM,CVX,252,0.8897162809255151
2009-11-23,XOM,CVX,252,0.8824007679628755
2009-11-24,XOM,CVX,252,0.8801760493382061
2009-11-25,XOM,CVX,252,0.8867819920887412
2009-11-27,XOM,CVX,252,0.8853668927524257
2009-11-30,XOM,CVX,252,0.8851377844887742
2009-12-01,XOM,CVX,252,0.8762942664513176
2009-12-02,XOM,CVX,252,0.8733483960010291
2009-12-03,XOM,CVX,252,0.8778856900822078
2009-12-04,XOM,CVX,252,0.8751588792195624
2009-12-07,XOM,CVX,252,0.8791130265560533
2009-12-08,XOM,CVX,252,0.876598102718392
2009-12-09,XOM,CVX,252,0.8764077279660919
2009-12-10,XOM,CVX,252,0.8750353888738852
2009-12-11,XOM,CVX,252,0.8759081284367115
2009-12-14,XOM,CVX,252,0.8685787143784316
2009-12-15,XOM,CVX,252,0.8681409586834529
2009-12-16,XOM,CVX,252,0.8714006767232676
2009-12-17,XOM,CVX,252,0.8696467863982357
2009-12-18,XOM,CVX,252,0.8654188388969701
2009-12-21,XOM,CVX,252,0.8640819976917068
2009-12-22,XOM,CVX,252,0.8660720510091721
2009-12-23,XOM,CVX,252,0.8663353093819244
2009-12-24,XOM,CVX,252,0.8663870274275358
2009-12-28,XOM,CVX,252,0.866667258722772
2009-12-29,XOM,CVX,252,0.8663810177750978
2009-12-30,XOM,CVX,252,0.8672310495350132
2009-12-31,XOM,CVX,252,0.8676829974749465
2010-01-04,XOM,CVX,252,0.8668003095269797
2010-01-05,XOM,CVX,252,0.8668412933953609
2010-01-06,XOM,CVX,252,0.8701681234568155
2010-01-07,XOM,CVX,252,0.8696966249092907
2010-01-08,XOM,CVX,252,0.8698901596776423
2010-01-11,XOM,CVX,252,0.8694736945736464
2010-01-12,XOM,CVX,252,0.8699201509370095
2010-01-13,XOM,CVX,252,0.869681299233561
2010-01-14,XOM,CVX,252,0.8680424436610629
2010-01-15,XOM,CVX,252,0.867829054199482
2010-01-19,XOM,CVX,252,0.8677228532683162
2010-01-20,XOM,CVX,252,0.8695031238934025
2010-01-21,XOM,CVX,252,0.867301602455873
2010-01-22,XOM,CVX,252,0.8663812238409805
2010-01-25,XOM,CVX,252,0.8675185760955696
2010-01-26,XOM,CVX,252,0.8671086757753339
2010-01-27,XOM,CVX,252,0.8672588353368851
2010-01-28,XOM,CVX,252,0.8689372919568803
2010-01-29,XOM,CVX,252,0.867471108077484
2010-02-01,XOM,CVX,252,0.8680706964075272
2010-02-02,XOM,CVX,252,0.868640796503422
2010-02-03,XOM,CVX,252,0.8673167930060792
2010-02-04,XOM,CVX,252,0.8687149596792659
2010-02-05,XOM,CVX,252,0.8678159002015644
2010-02-08,XOM,CVX,252,0.8645606629205755
2010-02-09,XOM,CVX,252,0.8650040699934488
2010-02-10,XOM,CVX,252,0.8610945321387374
2010-02-11,XOM,CVX,252,0.8646155899347644
2010-02-12,XOM,CVX,252,0.8657804442889221
2010-02-16,XOM,CVX,252,0.8672544348553537
2010-02-17,XOM,CVX,252,0.8622069043843961
2010-02-18,XOM,CVX,252,0.8629062195230877
2010-02-19,XOM,CVX,252,0.8626903526791506
2010-02-22,XOM,CVX,252,0.8626166311037441
2010-02-23,XOM,CVX,252,0.8606824708477923
2010-02-24,XOM,CVX,252,0.8575757584189061
2010-02-25,XOM,CVX,252,0.8626023556274756
2010-02-26,XOM,CVX,252,0.8630174868366532
2010-03-01,XOM,CVX,252,0.8593545544012227
2010-03-02,XOM,CVX,252,0.8533822780846719
2010-03-03,XOM,CVX,252,0.8540937278250785
2010-03-04,XOM,CVX,252,0.8528327374901572
2010-03-05,XOM,CVX,252,0.8467302539601327
2010-03-08,XOM,CVX,252,0.8441392904487978
2010-03-09,XOM,CVX,252,0.8440251266686648
2010-03-10,XOM,CVX,252,0.8359832629483468
2010-03-11,XOM,CVX,252,0.8373382906781599
2010-03-12,XOM,CVX,252,0.8360944232314105
2010-03-15,XOM,CVX,252,0.8366215226608136
2010-03-16,XOM,CVX,252,0.8367754900601647
2010-03-17,XOM,CVX,252,0.8331932823060003
2010-03-18,XOM,CVX,252,0.8355672536524712
2010-03-19,XOM,CVX,252,0.8387820459198301
2010-03-22,XOM,CVX,252,0.8341734340942084
2010-03-23,XOM,CVX,252,0.8175335995492548
2010-03-24,XOM,CVX,252,0.818945122724955
2010-03-25,XOM,CVX,252,0.8184996511472589
2010-03-26,XOM,CVX,252,0.8190380295449439
2010-03-29,XOM,CVX,252,0.8180795543427996
2010-03-30,XOM,CVX,252,0.8161359593851457
2010-03-31,XOM,CVX,252,0.8176802112299602
2010-04-01,XOM,CVX,252,0.817104960705203
2010-04-05,XOM,CVX,252,0.8170559449228548
2010-04-06,XOM,CVX,252,0.8165644689714548
2010-04-07,XOM,CVX,252,0.8166571168423222
2010-04-08,XOM,CVX,252,0.814580922804013
2010-04-09,XOM,CVX,252,0.8153810143745635
2010-04-12,XOM,CVX,252,0.8136121334880346
2010-04-13,XOM,CVX,252,0.812152502095139
2010-04-14,XOM,CVX,252,0.813918659618543
2010-04-15,XOM,CVX,252,0.8111776021884745
2010-04-16,XOM,CVX,252,0.8104790976729387
2010-04-19,XOM,CVX,252,0.8117623287015826
2010-04-20,XOM,CVX,252,0.8092349727017482
2010-04-21,XOM,CVX,252,0.8082265188842999
2010-04-22,XOM,CVX,252,0.8066139226999673
2010-04-23,XOM,CVX,252,0.8062108467547889
2010-04-26,XOM,CVX,252,0.8051797572649263
2010-04-27,XOM,CVX,252,0.806329365455396
2010-04-28,XOM,CVX,252,0.8055079714404958
2010-04-29,XOM,CVX,252,0.7947872985550407
2010-04-30,XOM,CVX,252,0.792598016024575
2010-05-03,XOM,CVX,252,0.7906046489950718
2010-05-04,XOM,CVX,252,0.7939398441642741
2010-05-05,XOM,CVX,252,0.7937299414557637
2010-05-06,XOM,CVX,252,0.8019029647565042
2010-05-07,XOM,CVX,252,0.8026506855596647
2010-05-10,XOM,CVX,252,0.7987817023531587
2010-05-11,XOM,CVX,252,0.7986796009302477
2010-05-12,XOM,CVX,252,0.7972704575354386
2010-05-13,XOM,CVX,252,0.7946320654587878
2010-05-14,XOM,CVX,252,0.7960245469206835
2010-05-17,XOM,CVX,252,0.7943252568022103
2010-05-18,XOM,CVX,252,0.798653972987221
2010-05-19,XOM,CVX,252,0.7989095646477999
2010-05-20,XOM,CVX,252,0.8054812461301346
2010-05-21,XOM,CVX,252,0.8054262538258862
2010-05-24,XOM,CVX,252,0.8069436250129012
2010-05-25,XOM,CVX,252,0.8059524599327691
2010-05-26,XOM,CVX,252,0.8043629927348843
2010-05-27,XOM,CVX,252,0.8099419243590253
2010-05-28,XOM,CVX,252,0.8102685165943703
2010-06-01,XOM,CVX,252,0.8060918917712618
2010-06-02,XOM,CVX,252,0.811665425511369
2010-06-03,XOM,CVX,252,0.8075431607040913
2010-06-04,XOM,CVX,252,0.8125271844801196
2010-06-07,XOM,CVX,252,0.8128207449717916
2010-06-08,XOM,CVX,252,0.7966834934270294
2010-06-09,XOM,CVX,252,0.7949243243776192
2010-06-10,XOM,CVX,252,0.8017241769719446
2010-06-11,XOM,CVX,252,0.8046845486741595
2010-06-14,XOM,CVX,252,0.8056785477361837
2010-06-15,XOM,CVX,252,0.805836265836996
2010-06-16,XOM,CVX,252,0.8043335953706775
2010-06-17,XOM,CVX,252,0.8056413961536462
2010-06-18,XOM,CVX,252,0.8057736912092001
2010-06-21,XOM,CVX,252,0.8056284298175881
2010-06-22,XOM,CVX,252,0.8024055186460022
2010-06-23,XOM,CVX,252,0.8030384927920602
2010-06-24,XOM,CVX,252,0.8045692694810113
2010-06-25,XOM,CVX,252,0.8037312674895507
2010-06-28,XOM,CVX,252,0.8023059427630884
2010-06-29,XOM,CVX,252,0.8040569739240251
2010-06-30,XOM,CVX,252,0.803604074346174
2010-07-01,XOM,CVX,252,0.8040299623599347
2010-07-02,XOM,CVX,252,0.7994989759163887
2010-07-06,XOM,CVX,252,0.7977686178032272
2010-07-07,XOM,CVX,252,0.7968878641292855
2010-07-08,XOM,CVX,252,0.7973157524532607
2010-07-09,XOM,CVX,252,0.7945713076232009
2010-07-12,XOM,CVX,252,0.7943723411654433
2010-07-13,XOM,CVX,252,0.793987053528821
2010-07-14,XOM,CVX,252,0.7936829457325438
2010-07-15,XOM,CVX,252,0.7909331381230029
2010-07-16,XOM,CVX,252,0.7935097532323431
2010-07-19,XOM,CVX,252,0.7937101841712993
2010-07-20,XOM,CVX,252,0.7940016317621503
2010-07-21,XOM,CVX,252,0.7962352867569293
2010-07-22,XOM,CVX,252,0.7975404610525964
2010-07-23,XOM,CVX,252,0.7937869963068016
2010-07-26,XOM,CVX,252,0.7943860413922135
2010-07-27,XOM,CVX,252,0.7945577352247344
2010-07-28,XOM,CVX,252,0.7943064743247615
2010-07-29,XOM,CVX,252,0.7927070183091619
2010-07-30,XOM,CVX,252,0.794459883696229
2010-08-02,XOM,CVX,252,0.8030249667085686
2010-08-03,XOM,CVX,252,0.8039712569205427
2010-08-04,XOM,CVX,252,0.8038578923636143
2010-08-05,XOM,CVX,252,0.8035079920468103
2010-08-06,XOM,CVX,252,0.8032797154478951
2010-08-09,XOM,CVX,252,0.803944931241726
2010-08-10,XOM,CVX,252,0.8037984181464627
2010-08-11,XOM,CVX,252,0.8056930871514482
2010-08-12,XOM,CVX,252,0.8051569246856025
2010-08-13,XOM,CVX,252,0.8042760310344599
2010-08-16,XOM,CVX,252,0.8038425580535158
2010-08-17,XOM,CVX,252,0.8049089363021401
2010-08-18,XOM,CVX,252,0.8056946984751282
2010-08-19,XOM,CVX,252,0.8053351406995003
2010-08-20,XOM,CVX,252,0.8053565707548825
2010-08-23,XOM,CVX,252,0.8027223036927079
2010-08-24,XOM,CVX,252,0.8020099405402085
2010-08-25,XOM,CVX,252,0.8022743990770658
2010-08-26,XOM,CVX,252,0.8024971607404632
2010-08-27,XOM,CVX,252,0.8050331506148835
2010-08-30,XOM,CVX,252,0.8060958384922008
2010-08-31,XOM,CVX,252,0.8055471825605914
2010-09-01,XOM,CVX,252,0.8105595927844004
2010-09-02,XOM,CVX,252,0.8104560732857625
2010-09-03,XOM,CVX,252,0.8105846201463803
2010-09-07,XOM,CVX,252,0.8111530097587136
2010-09-08,XOM,CVX,252,0.809042345779381
2010-09-09,XOM,CVX,252,0.8088208367297937
2010-09-10,XOM,CVX,252,0.8082427791369896
2010-09-13,XOM,CVX,252,0.8071419248072721
2010-09-14,XOM,CVX,252,0.8071672083077125
2010-09-15,XOM,CVX,252,0.8093599258674602
2010-09-16,XOM,CVX,252,0.8087274873962826
2010-09-17,XOM,CVX,252,0.808363381713912
2010-09-20,XOM,CVX,252,0.8095743120405433
2010-09-21,XOM,CVX,252,0.8093322876846638
2010-09-22,XOM,CVX,252,0.809008255573525
2010-09-23,XOM,CVX,252,0.8082853402740893
2010-09-24,XOM,CVX,252,0.8093349507338715
2010-09-27,XOM,CVX,252,0.8093468814881389
2010-09-28,XOM,CVX,252,0.808663348855601
2010-09-29,XOM,CVX,252,0.8068665749442571
2010-09-30,XOM,CVX,252,0.8060642375677881
2010-10-01,XOM,CVX,252,0.8043584443180005
2010-10-04,XOM,CVX,252,0.8039894187660551
2010-10-05,XOM,CVX,252,0.8044983357055494
2010-10-06,XOM,CVX,252,0.8031110349287179
2010-10-07,XOM,CVX,252,0.8030373498110984
2010-10-08,XOM,CVX,252,0.8029848243984437
2010-10-11,XOM,CVX,252,0.8040167339312372
2010-10-12,XOM,CVX,252,0.8032901181228216
2010-10-13,XOM,CVX,252,0.8025277746077953
2010-10-14,XOM,CVX,252,0.8008551635219703
2010-10-15,XOM,CVX,252,0.7995840170241288
2010-10-18,XOM,CVX,252,0.799767902730415
2010-10-19,XOM,CVX,252,0.8012644081010108
2010-10-20,XOM,CVX,252,0.8019276437537844
2010-10-21,XOM,CVX,252,0.8022457863682444
2010-10-22,XOM,CVX,252,0.8036109303502622
2010-10-25,XOM,CVX,252,0.8029926981071693
2010-10-26,XOM,CVX,252,0.8039779988506377
2010-10-27,XOM,CVX,252,0.803961659372219
2010-10-28,XOM,CVX,252,0.802911221551971
2010-10-29,XOM,CVX,252,0.8005911694102585
2010-11-01,XOM,CVX,252,0.7945649998335476
2010-11-02,XOM,CVX,252,0.7951273823992245
2010-11-03,XOM,CVX,252,0.7954596141933596
2010-11-04,XOM,CVX,252,0.7980977027596361
2010-11-05,XOM,CVX,252,0.7959050845527318
2010-11-08,XOM,CVX,252,0.7960309379955397
2010-11-09,XOM,CVX,252,0.7905783751467068
2010-11-10,XOM,CVX,252,0.7916979252070001
2010-11-11,XOM,CVX,252,0.7922760458665934
2010-11-12,XOM,CVX,252,0.7914650892254501
2010-11-15,XOM,CVX,252,0.7930581563588839
2010-11-16,XOM,CVX,252,0.7917619319100258
2010-11-17,XOM,CVX,252,0.7920810355002031
2010-11-18,XOM,CVX,252,0.7935250166244691
2010-11-19,XOM,CVX,252,0.7938092240218064
2010-11-22,XOM,CVX,252,0.7939653471206565
2010-11-23,XOM,CVX,252,0.7937334050914041
2010-11-24,XOM,CVX,252,0.7946656418233273
2010-11-26,XOM,CVX,252,0.7949234108126375
2010-11-29,XOM,CVX,252,0.7921960463989365
2010-11-30,XOM,CVX,252,0.7912252112369043
2010-12-01,XOM,CVX,252,0.7927292622032074
2010-12-02,XOM,CVX,252,0.7896991713968077
2010-12-03,XOM,CVX,252,0.7883628523762244
2010-12-06,XOM,CVX,252,0.7896951990121394
2010-12-07,XOM,CVX,252,0.7889714093513374
2010-12-08,XOM,CVX,252,0.7874293834439927
2010-12-09,XOM,CVX,252,0.7877570484301226
2010-12-10,XOM,CVX,252,0.7888684248899189
2010-12-13,XOM,CVX,252,0.78770226330226
2010-12-14,XOM,CVX,252,0.8032768365256601
2010-12-15,XOM,CVX,252,0.8043078375049875
2010-12-16,XOM,CVX,252,0.807966333275889
2010-12-17,XOM,CVX,252,0.8085679468331494
2010-12-20,XOM,CVX,252,0.808541031484684
2010-12-21,XOM,CVX,252,0.8084721800423242
2010-12-22,XOM,CVX,252,0.8081707338739946
2010-12-23,XOM,CVX,252,0.8081862586142521
2010-12-27,XOM,CVX,252,0.8080947838928698
2010-12-28,XOM,CVX,252,0.8081438287955435
2010-12-29,XOM,CVX,252,0.8080454626311023
2010-12-30,XOM,CVX,252,0.8084204534059913
2010-12-31,XOM,CVX,252,0.8080866664242474
2011-01-03,XOM,CVX,252,0.8057176976724203
2011-01-04,XOM,CVX,252,0.8047226131101485
2011-01-05,XOM,CVX,252,0.8057301427495224
2011-01-06,XOM,CVX,252,0.8029789621038864
2011-01-07,XOM,CVX,252,0.8034869156170891
2011-01-10,XOM,CVX,252,0.8030052992807893
2011-01-11,XOM,CVX,252,0.8029341049636872
2011-01-12,XOM,CVX,252,0.8027451038107997
2011-01-13,XOM,CVX,252,0.802587629578057
2011-01-14,XOM,CVX,252,0.8021722511316038
2011-01-18,XOM,CVX,252,0.801984076260007
2011-01-19,XOM,CVX,252,0.8000647553657402
2011-01-20,XOM,CVX,252,0.7971864255373599
2011-01-21,XOM,CVX,252,0.7977289098721618
2011-01-24,XOM,CVX,252,0.7969716153372941
2011-01-25,XOM,CVX,252,0.7973948747775316
2011-01-26,XOM,CVX,252,0.7967782109186073
2011-01-27,XOM,CVX,252,0.7964576885240963
2011-01-28,XOM,CVX,252,0.7970286038535104
2011-01-31,XOM,CVX,252,0.7965406812483213
2011-02-01,XOM,CVX,252,0.7894553085342694
2011-02-02,XOM,CVX,252,0.7890623552363086
2011-02-03,XOM,CVX,252,0.784074807568332
2011-02-04,XOM,CVX,252,0.7840743371298363
2011-02-07,XOM,CVX,252,0.7893153820423395
2011-02-08,XOM,CVX,252,0.7877437629957842
2011-02-09,XOM,CVX,252,0.7870784388945893
2011-02-10,XOM,CVX,252,0.7870302901395329
2011-02-11,XOM,CVX,252,0.7901280598365837
2011-02-14,XOM,CVX,252,0.7861401811959903
2011-02-15,XOM,CVX,252,0.783878853988501
2011-02-16,XOM,CVX,252,0.7839997292614465
2011-02-17,XOM,CVX,252,0.7845525748790874
2011-02-18,XOM,CVX,252,0.7842110427700865
2011-02-22,XOM,CVX,252,0.78450594429468
2011-02-23,XOM,CVX,252,0.7866271589446775
2011-02-24,XOM,CVX,252,0.785573835495961
2011-02-25,XOM,CVX,252,0.7851454433132173
2011-02-28,XOM,CVX,252,0.783283606016301
2011-03-01,XOM,CVX,252,0.7841085073070404
2011-03-02,XOM,CVX,252,0.7841168797891485
2011-03-03,XOM,CVX,252,0.7842639804562089
2011-03-04,XOM,CVX,252,0.7830150651150681
2011-03-07,XOM,CVX,252,0.7833984015372766
2011-03-08,XOM,CVX,252,0.7836481079366998
2011-03-09,XOM,CVX,252,0.7839067445187341
2011-03-10,XOM,CVX,252,0.7900132217585663
2011-03-11,XOM,CVX,252,0.7901940600941268
2011-03-14,XOM,CVX,252,0.7902137171605849
2011-03-15,XOM,CVX,252,0.7871276611063257
2011-03-16,XOM,CVX,252,0.7885194406326703
2011-03-17,XOM,CVX,252,0.7916414305956437
2011-03-18,XOM,CVX,252,0.7914192625412119
2011-03-21,XOM,CVX,252,0.7942824401179297
2011-03-22,XOM,CVX,252,0.7943578649091012
2011-03-23,XOM,CVX,252,0.7940138350676577
2011-03-24,XOM,CVX,252,0.7938507501572555
2011-03-25,XOM,CVX,252,0.7945007495823354
2011-03-28,XOM,CVX,252,0.7938722944055873
2011-03-29,XOM,CVX,252,0.7917553969029204
2011-03-30,XOM,CVX,252,0.7916656741013888
2011-03-31,XOM,CVX,252,0.7914084360878829
2011-04-01,XOM,CVX,252,0.7912254835313796
2011-04-04,XOM,CVX,252,0.7915872360735476
2011-04-05,XOM,CVX,252,0.7913999852836655
2011-04-06,XOM,CVX,252,0.7915888965090563
2011-04-07,XOM,CVX,252,0.7906900962112309
2011-04-08,XOM,CVX,252,0.7920742306002365
2011-04-11,XOM,CVX,252,0.7925411072401144
2011-04-12,XOM,CVX,252,0.7965803926572718
2011-04-13,XOM,CVX,252,0.7997966672200676
2011-04-14,XOM,CVX,252,0.7994456017342004
2011-04-15,XOM,CVX,252,0.799899703489133
2011-04-18,XOM,CVX,252,0.8009144532220844
2011-04-19,XOM,CVX,252,0.8011784732969162
2011-04-20,XOM,CVX,252,0.8031765376860271
2011-04-21,XOM,CVX,252,0.802636581295829
2011-04-25,XOM,CVX,252,0.8025352839004185
2011-04-26,XOM,CVX,252,0.8024425840028373
2011-04-27,XOM,CVX,252,0.8030577821325405
2011-04-28,XOM,CVX,252,0.8116183466784641
2011-04-29,XOM,CVX,252,0.8110309860221265
2011-05-02,XOM,CVX,252,0.8142163398149038
2011-05-03,XOM,CVX,252,0.8131820632589866
2011-05-04,XOM,CVX,252,0.8136248069466472
2011-05-05,XOM,CVX,252,0.8089349242027503
2011-05-06,XOM,CVX,252,0.8088877829087343
2011-05-09,XOM,CVX,252,0.8092606631975826
2011-05-10,XOM,CVX,252,0.8094559535963528
2011-05-11,XOM,CVX,252,0.8117903368263589
2011-05-12,XOM,CVX,252,0.812555107444742
2011-05-13,XOM,CVX,252,0.8114125493093313
2011-05-16,XOM,CVX,252,0.8137933601015704
2011-05-17,XOM,CVX,252,0.8128744441635832
2011-05-18,XOM,CVX,252,0.8140214227594466
2011-05-19,XOM,CVX,252,0.8068837343599963
2011-05-20,XOM,CVX,252,0.8071981376080043
2011-05-23,XOM,CVX,252,0.8070772526308073
2011-05-24,XOM,CVX,252,0.8068065973980573
2011-05-25,XOM,CVX,252,0.8069816559972223
2011-05-26,XOM,CVX,252,0.799822625165929
2011-05-27,XOM,CVX,252,0.7999295376180943
2011-05-31,XOM,CVX,252,0.7974339559713335
2011-06-01,XOM,CVX,252,0.796578392875255
2011-06-02,XOM,CVX,252,0.8005267425137217
2011-06-03,XOM,CVX,252,0.7927336455264411
2011-06-06,XOM,CVX,252,0.7940672198438734
2011-06-07,XOM,CVX,252,0.8124441383092337
2011-06-08,XOM,CVX,252,0.8153804165527001
2011-06-09,XOM,CVX,252,0.8096434300715197
2011-06-10,XOM,CVX,252,0.8114102504157286
2011-06-13,XOM,CVX,252,0.8130267537522988
2011-06-14,XOM,CVX,252,0.813289569024085
2011-06-15,XOM,CVX,252,0.8164742426175318
2011-06-16,XOM,CVX,252,0.8168215449005486
2011-06-17,XOM,CVX,252,0.8172624218761015
2011-06-20,XOM,CVX,252,0.8175373960765713
2011-06-21,XOM,CVX,252,0.8153915642608195
2011-06-22,XOM,CVX,252,0.8144753914491051
2011-06-23,XOM,CVX,252,0.8142641268711114
2011-06-24,XOM,CVX,252,0.8148982355768774
2011-06-27,XOM,CVX,252,0.816123353030321
2011-06-28,XOM,CVX,252,0.8137254016610849
2011-06-29,XOM,CVX,252,0.8138674698910822
2011-06-30,XOM,CVX,252,0.8145255620847917
2011-07-01,XOM,CVX,252,0.8147068740988674
2011-07-05,XOM,CVX,252,0.8136047649758683
2011-07-06,XOM,CVX,252,0.8124671308206495
2011-07-07,XOM,CVX,252,0.8130816474694293
2011-07-08,XOM,CVX,252,0.8178220079678092
2011-07-11,XOM,CVX,252,0.8179081528036468
2011-07-12,XOM,CVX,252,0.818616966398407
2011-07-13,XOM,CVX,252,0.8186848865068291
2011-07-14,XOM,CVX,252,0.8187994458051469
2011-07-15,XOM,CVX,252,0.8159227925268789
2011-07-18,XOM,CVX,252,0.8155164547098259
2011-07-19,XOM,CVX,252,0.8159656521928539
2011-07-20,XOM,CVX,252,0.814853664449258
2011-07-21,XOM,CVX,252,0.8155181260161349
2011-07-22,XOM,CVX,252,0.8152331653906035
2011-07-25,XOM,CVX,252,0.8151177520554298
2011-07-26,XOM,CVX,252,0.8149724359621986
2011-07-27,XOM,CVX,252,0.8163280155444314
2011-07-28,XOM,CVX,252,0.8168604910832332
2011-07-29,XOM,CVX,252,0.8190347496591197
2011-08-01,XOM,CVX,252,0.8159111962598593
2011-08-02,XOM,CVX,252,0.8177770529240139
2011-08-03,XOM,CVX,252,0.8178019339345554
2011-08-04,XOM,CVX,252,0.8342389629275451
2011-08-05,XOM,CVX,252,0.8346610076555063
2011-08-08,XOM,CVX,252,0.8550192210659642
2011-08-09,XOM,CVX,252,0.8562102069381338
2011-08-10,XOM,CVX,252,0.8569008520309317
2011-08-11,XOM,CVX,252,0.8606565170369129
2011-08-12,XOM,CVX,252,0.8604217740749374
2011-08-15,XOM,CVX,252,0.8637141761434561
2011-08-16,XOM,CVX,252,0.864076604184897
2011-08-17,XOM,CVX,252,0.8634199861058106
2011-08-18,XOM,CVX,252,0.8690624516620191
2011-08-19,XOM,CVX,252,0.8662055946585601
2011-08-22,XOM,CVX,252,0.8670110811609925
2011-08-23,XOM,CVX,252,0.8717705406572974
2011-08-24,XOM,CVX,252,0.8717775797281427
2011-08-25,XOM,CVX,252,0.8722128711636237
2011-08-26,XOM,CVX,252,0.8712033174604037
2011-08-29,XOM,CVX,252,0.8714912921727763
2011-08-30,XOM,CVX,252,0.8715596191525719
2011-08-31,XOM,CVX,252,0.8689260627361006
2011-09-01,XOM,CVX,252,0.8691771181737369
2011-09-02,XOM,CVX,252,0.8703201874500196
2011-09-06,XOM,CVX,252,0.8699171657475594
2011-09-07,XOM,CVX,252,0.8732068638922236
2011-09-08,XOM,CVX,252,0.8735965830869288
2011-09-09,XOM,CVX,252,0.8774893374503472
2011-09-12,XOM,CVX,252,0.8781781144795959
2011-09-13,XOM,CVX,252,0.8781950815122015
2011-09-14,XOM,CVX,252,0.8787291235319418
2011-09-15,XOM,CVX,252,0.8795585070345538
2011-09-16,XOM,CVX,252,0.8795509437334034
2011-09-19,XOM,CVX,252,0.8795404485627242
2011-09-20,XOM,CVX,252,0.8778509662542844
2011-09-21,XOM,CVX,252,0.8800802331299199
2011-09-22,XOM,CVX,252,0.8839740817030147
2011-09-23,XOM,CVX,252,0.8842837091375432
2011-09-26,XOM,CVX,252,0.8825347570815733
2011-09-27,XOM,CVX,252,0.8830922781554342
2011-09-28,XOM,CVX,252,0.8845912100240462
2011-09-29,XOM,CVX,252,0.8862477403411327
2011-09-30,XOM,CVX,252,0.8867380788178646
2011-10-03,XOM,CVX,252,0.8874477092070824
2011-10-04,XOM,CVX,252,0.8875664458723188
2011-10-05,XOM,CVX,252,0.8860131057134973
2011-10-06,XOM,CVX,252,0.8860565089754217
2011-10-07,XOM,CVX,252,0.8860640336188874
2011-10-10,XOM,CVX,252,0.8890315228289056
2011-10-11,XOM,CVX,252,0.888781817999842
2011-10-12,XOM,CVX,252,0.8884671219655905
2011-10-13,XOM,CVX,252,0.8876044553473451
2011-10-14,XOM,CVX,252,0.8886209833163321
2011-10-17,XOM,CVX,252,0.8882740861912969
2011-10-18,XOM,CVX,252,0.8848225210053665
2011-10-19,XOM,CVX,252,0.8845746141801814
2011-10-20,XOM,CVX,252,0.8842730574228651
2011-10-21,XOM,CVX,252,0.8849863733799499
2011-10-24,XOM,CVX,252,0.8849597131188618
2011-10-25,XOM,CVX,252,0.8849512519034494
2011-10-26,XOM,CVX,252,0.885533818528889
2011-10-27,XOM,CVX,252,0.8852265725521568
2011-10-28,XOM,CVX,252,0.8898058461566406
2011-10-31,XOM,CVX,252,0.8966201925291661
2011-11-01,XOM,CVX,252,0.8981156133026555
2011-11-02,XOM,CVX,252,0.898811237226321
2011-11-03,XOM,CVX,252,0.8984495320670683
2011-11-04,XOM,CVX,252,0.8990771289480677
2011-11-07,XOM,CVX,252,0.8996503793797371
2011-11-08,XOM,CVX,252,0.9048727388136014
2011-11-09,XOM,CVX,252,0.9066549151023839
2011-11-10,XOM,CVX,252,0.9064818076481186
2011-11-11,XOM,CVX,252,0.906707079209265
2011-11-14,XOM,CVX,252,0.9067426876222909
2011-11-15,XOM,CVX,252,0.9000747559746604
2011-11-16,XOM,CVX,252,0.9003083172521553
2011-11-17,XOM,CVX,252,0.8999159106809427
2011-11-18,XOM,CVX,252,0.8964304532182643
2011-11-21,XOM,CVX,252,0.8963081753156915
2011-11-22,XOM,CVX,252,0.8929246199179995
2011-11-23,XOM,CVX,252,0.8932109683765009
2011-11-25,XOM,CVX,252,0.8930549090317017
2011-11-28,XOM,CVX,252,0.8945328270137731
2011-11-29,XOM,CVX,252,0.8956516894111057
2011-11-30,XOM,CVX,252,0.8986200536757816
2011-12-01,XOM,CVX,252,0.9009199052107991
2011-12-02,XOM,CVX,252,0.901407006006277
2011-12-05,XOM,CVX,252,0.9015131799406874
2011-12-06,XOM,CVX,252,0.9020742596923805
2011-12-07,XOM,CVX,252,0.9024661815651545
2011-12-08,XOM,CVX,252,0.9028288154192875
2011-12-09,XOM,CVX,252,0.9033018392854693
2011-12-12,XOM,CVX,252,0.9042855923443184
2011-12-13,XOM,CVX,252,0.9043496166214544
2011-12-14,XOM,CVX,252,0.9034447684161732
2011-12-15,XOM,CVX,252,0.9018121636819683
2011-12-16,XOM,CVX,252,0.9014039518852499
2011-12-19,XOM,CVX,252,0.901542477457323
2011-12-20,XOM,CVX,252,0.9030081154670031
2011-12-21,XOM,CVX,252,0.9035168903346901
2011-12-22,XOM,CVX,252,0.9033461185963089
2011-12-23,XOM,CVX,252,0.9035258645586327
2011-12-27,XOM,CVX,252,0.9035619037306745
2011-12-28,XOM,CVX,252,0.9038434888280646
2011-12-29,XOM,CVX,252,0.9041115316646939
2011-12-30,XOM,CVX,252,0.9041151970357172
2012-01-03,XOM,CVX,252,0.903242256134372
2012-01-04,XOM,CVX,252,0.9037130304046319
2012-01-05,XOM,CVX,252,0.9035057722704497
2012-01-06,XOM,CVX,252,0.9050455962200483
2012-01-09,XOM,CVX,252,0.9048796923508414
2012-01-10,XOM,CVX,252,0.9045244854133948
2012-01-11,XOM,CVX,252,0.9047463148461873
2012-01-12,XOM,CVX,252,0.9022563620715379
2012-01-13,XOM,CVX,252,0.9019845237504505
2012-01-17,XOM,CVX,252,0.9022963942715324
2012-01-18,XOM,CVX,252,0.9020452025439029
2012-01-19,XOM,CVX,252,0.9017886129210495
2012-01-20,XOM,CVX,252,0.9016162926844716
2012-01-23,XOM,CVX,252,0.9015876350526878
2012-01-24,XOM,CVX,252,0.9020699978331225
2012-01-25,XOM,CVX,252,0.9016368544769029
2012-01-26,XOM,CVX,252,0.901857485427487
2012-01-27,XOM,CVX,252,0.9013273642035582
2012-01-30,XOM,CVX,252,0.9011404907929578
2012-01-31,XOM,CVX,252,0.8987460957169796
2012-02-01,XOM,CVX,252,0.9031788357186219
2012-02-02,XOM,CVX,252,0.9024351712293184
2012-02-03,XOM,CVX,252,0.9031574969362979
2012-02-06,XOM,CVX,252,0.9032890512874445
2012-02-07,XOM,CVX,252,0.9030692709266619
2012-02-08,XOM,CVX,252,0.9031721438672436
2012-02-09,XOM,CVX,252,0.9036213434590802
2012-02-10,XOM,CVX,252,0.9037944647159678
2012-02-13,XOM,CVX,252,0.9038833968746812
2012-02-14,XOM,CVX,252,0.9048821907295651
2012-02-15,XOM,CVX,252,0.9069189879002441
2012-02-16,XOM,CVX,252,0.9073718635169207
2012-02-17,XOM,CVX,252,0.907375703370556
2012-02-21,XOM,CVX,252,0.9076838934518396
2012-02-22,XOM,CVX,252,0.9064652333845813
2012-02-23,XOM,CVX,252,0.9057991005091078
2012-02-24,XOM,CVX,252,0.9065621665046774
2012-02-27,XOM,CVX,252,0.9067812511311886
2012-02-28,XOM,CVX,252,0.9077612017834885
2012-02-29,XOM,CVX,252,0.9076394849946079
2012-03-01,XOM,CVX,252,0.9076490320988444
2012-03-02,XOM,CVX,252,0.907496501828556
2012-03-05,XOM,CVX,252,0.9067886313550103
2012-03-06,XOM,CVX,252,0.9062095387914653
2012-03-07,XOM,CVX,252,0.9064722270543166
2012-03-08,XOM,CVX,252,0.9054025390162781
2012-03-09,XOM,CVX,252,0.9044664216858987
2012-03-12,XOM,CVX,252,0.9034638443855112
2012-03-13,XOM,CVX,252,0.9035283493140841
2012-03-14,XOM,CVX,252,0.9052873705629653
2012-03-15,XOM,CVX,252,0.9052204762370868
2012-03-16,XOM,CVX,252,0.9043461320809827
2012-03-19,XOM,CVX,252,0.904907262949867
2012-03-20,XOM,CVX,252,0.9038151818092877
2012-03-21,XOM,CVX,252,0.9039877851555214
2012-03-22,XOM,CVX,252,0.9029908580187205
2012-03-23,XOM,CVX,252,0.9028001946585257
2012-03-26,XOM,CVX,252,0.9027532369454012
2012-03-27,XOM,CVX,252,0.9028997246156012
2012-03-28,XOM,CVX,252,0.9045305511624633
2012-03-29,XOM,CVX,252,0.9048996502296811
2012-03-30,XOM,CVX,252,0.9047476883205877
2012-04-02,XOM,CVX,252,0.9045374055021783
2012-04-03,XOM,CVX,252,0.9046348496937231
2012-04-04,XOM,CVX,252,0.9047444732236479
2012-04-05,XOM,CVX,252,0.9045894229471853
2012-04-09,XOM,CVX,252,0.9049042591202414
2012-04-10,XOM,CVX,252,0.9054725918952938
2012-04-11,XOM,CVX,252,0.9045977509885518
2012-04-12,XOM,CVX,252,0.9039127059021291
2012-04-13,XOM,CVX,252,0.9037135261084748
2012-04-16,XOM,CVX,252,0.9037477058794474
2012-04-17,XOM,CVX,252,0.9040610190085855
2012-04-18,XOM,CVX,252,0.903492814974733
2012-04-19,XOM,CVX,252,0.9034400559197979
2012-04-20,XOM,CVX,252,0.9027544389678723
2012-04-23,XOM,CVX,252,0.9027470649543714
2012-04-24,XOM,CVX,252,0.902883885523114
2012-04-25,XOM,CVX,252,0.9027674317347951
2012-04-26,XOM,CVX,252,0.8960786700969299
2012-04-27,XOM,CVX,252,0.896173999240966
2012-04-30,XOM,CVX,252,0.8961633174643737
2012-05-01,XOM,CVX,252,0.8959055101685977
2012-05-02,XOM,CVX,252,0.8956219369484847
2012-05-03,XOM,CVX,252,0.8955347641708784
2012-05-04,XOM,CVX,252,0.8954613000740235
2012-05-07,XOM,CVX,252,0.8954401347682154
2012-05-08,XOM,CVX,252,0.8955023148689353
2012-05-09,XOM,CVX,252,0.8956359835635321
2012-05-10,XOM,CVX,252,0.8939043391408793
2012-05-11,XOM,CVX,252,0.8934962453926469
2012-05-14,XOM,CVX,252,0.8933881425860641
2012-05-15,XOM,CVX,252,0.8932049877966042
2012-05-16,XOM,CVX,252,0.8933969289105426
2012-05-17,XOM,CVX,252,0.8928246723032448
2012-05-18,XOM,CVX,252,0.8922160147056101
2012-05-21,XOM,CVX,252,0.8920619530310989
2012-05-22,XOM,CVX,252,0.8918274768607006
2012-05-23,XOM,CVX,252,0.8916017626401941
2012-05-24,XOM,CVX,252,0.8915476440467057
2012-05-25,XOM,CVX,252,0.8916876775191909
2012-05-29,XOM,CVX,252,0.8902615356751411
2012-05-30,XOM,CVX,252,0.8911648513795759
2012-05-31,XOM,CVX,252,0.8870620296684432
2012-06-01,XOM,CVX,252,0.8867598806337764
2012-06-04,XOM,CVX,252,0.886703030799154
2012-06-05,XOM,CVX,252,0.886426235619045
2012-06-06,XOM,CVX,252,0.8882117981729069
2012-06-07,XOM,CVX,252,0.8884009781282537
2012-06-08,XOM,CVX,252,0.8885375009094018
2012-06-11,XOM,CVX,252,0.8883008073146845
2012-06-12,XOM,CVX,252,0.8881803631305349
2012-06-13,XOM,CVX,252,0.8878174315275619
2012-06-14,XOM,CVX,252,0.8875186408604626
2012-06-15,XOM,CVX,252,0.8875419514373153
2012-06-18,XOM,CVX,252,0.8872839121948448
2012-06-19,XOM,CVX,252,0.8863956498716715
2012-06-20,XOM,CVX,252,0.8855183512647752
2012-06-21,XOM,CVX,252,0.8876049316045803
2012-06-22,XOM,CVX,252,0.8870441719217272
2012-06-25,XOM,CVX,252,0.8873152781079132
2012-06-26,XOM,CVX,252,0.887720395384998
2012-06-27,XOM,CVX,252,0.8879365713962034
2012-06-28,XOM,CVX,252,0.8872194388077856
2012-06-29,XOM,CVX,252,0.8866609915466545
2012-07-02,XOM,CVX,252,0.8863092390481929
2012-07-03,XOM,CVX,252,0.8880423748220008
2012-07-05,XOM,CVX,252,0.888175827310938
2012-07-06,XOM,CVX,252,0.8881482435991681
2012-07-09,XOM,CVX,252,0.8880173938549509
2012-07-10,XOM,CVX,252,0.888162337408253
2012-07-11,XOM,CVX,252,0.8880207698853397
2012-07-12,XOM,CVX,252,0.887785688373195
2012-07-13,XOM,CVX,252,0.8875541945661223
2012-07-16,XOM,CVX,252,0.8864109783967989
2012-07-17,XOM,CVX,252,0.8865996693853613
2012-07-18,XOM,CVX,252,0.8864035552130565
2012-07-19,XOM,CVX,252,0.8859234033109229
2012-07-20,XOM,CVX,252,0.8849334639172508
2012-07-23,XOM,CVX,252,0.8853802141657493
2012-07-24,XOM,CVX,252,0.885206565325578
2012-07-25,XOM,CVX,252,0.8844762446107791
2012-07-26,XOM,CVX,252,0.884589264064889
2012-07-27,XOM,CVX,252,0.8867949527018468
2012-07-30,XOM,CVX,252,0.8875503058040841
2012-07-31,XOM,CVX,252,0.8887897049736426
2012-08-01,XOM,CVX,252,0.8880551877930059
2012-08-02,XOM,CVX,252,0.8883630450159501
2012-08-03,XOM,CVX,252,0.8833283003026782
2012-08-06,XOM,CVX,252,0.8833998983922879
2012-08-07,XOM,CVX,252,0.8734050430711868
2012-08-08,XOM,CVX,252,0.8727384494627792
2012-08-09,XOM,CVX,252,0.8724715829117482
2012-08-10,XOM,CVX,252,0.8710986537147452
2012-08-13,XOM,CVX,252,0.8719131231284091
2012-08-14,XOM,CVX,252,0.8696093221407788
2012-08-15,XOM,CVX,252,0.8692529536241069
2012-08-16,XOM,CVX,252,0.8696151833556206
2012-08-17,XOM,CVX,252,0.8644573524680955
2012-08-20,XOM,CVX,252,0.867170878953256
2012-08-21,XOM,CVX,252,0.8675044240783295
2012-08-22,XOM,CVX,252,0.863875169677274
2012-08-23,XOM,CVX,252,0.864175418508542
2012-08-24,XOM,CVX,252,0.864199062645496
2012-08-27,XOM,CVX,252,0.8641242844742967
2012-08-28,XOM,CVX,252,0.8633121993314944
2012-08-29,XOM,CVX,252,0.863294000979868
2012-08-30,XOM,CVX,252,0.8635256724109392
2012-08-31,XOM,CVX,252,0.8629654706071211
2012-09-04,XOM,CVX,252,0.8615767367590137
2012-09-05,XOM,CVX,252,0.861426057575142
2012-09-06,XOM,CVX,252,0.8588326763126575
2012-09-07,XOM,CVX,252,0.8588147173721566
2012-09-10,XOM,CVX,252,0.855837842618147
2012-09-11,XOM,CVX,252,0.8559149683460014
2012-09-12,XOM,CVX,252,0.8558897715910989
2012-09-13,XOM,CVX,252,0.856193685618994
2012-09-14,XOM,CVX,252,0.8548656068087955
2012-09-17,XOM,CVX,252,0.8548464361340022
2012-09-18,XOM,CVX,252,0.8546296885982219
2012-09-19,XOM,CVX,252,0.8554081569219147
2012-09-20,XOM,CVX,252,0.852189058633644
2012-09-21,XOM,CVX,252,0.845699077639144
2012-09-24,XOM,CVX,252,0.8457623015632438
2012-09-25,XOM,CVX,252,0.8490805686081568
2012-09-26,XOM,CVX,252,0.8480623460926568
2012-09-27,XOM,CVX,252,0.847442400424298
2012-09-28,XOM,CVX,252,0.8451401394741903
2012-10-01,XOM,CVX,252,0.8438071192322255
2012-10-02,XOM,CVX,252,0.8408319727814958
2012-10-03,XOM,CVX,252,0.8385145740080043
2012-10-04,XOM,CVX,252,0.8387637850435731
2012-10-05,XOM,CVX,252,0.838765958235893
2012-10-08,XOM,CVX,252,0.8388002125451637
2012-10-09,XOM,CVX,252,0.8330085838663289
2012-10-10,XOM,CVX,252,0.8291115624681186
2012-10-11,XOM,CVX,252,0.830290445027562
2012-10-12,XOM,CVX,252,0.8315295711625452
2012-10-15,XOM,CVX,252,0.8290916831294005
2012-10-16,XOM,CVX,252,0.8292731378177448
2012-10-17,XOM,CVX,252,0.8299837597472193
2012-10-18,XOM,CVX,252,0.8294917085132609
2012-10-19,XOM,CVX,252,0.8301924785635938
2012-10-22,XOM,CVX,252,0.828306471846267
2012-10-23,XOM,CVX,252,0.8318649923784176
2012-10-24,XOM,CVX,252,0.8307717489344082
2012-10-25,XOM,CVX,252,0.8290672984123197
2012-10-26,XOM,CVX,252,0.8292077107310584
2012-10-31,XOM,CVX,252,0.8277792040897818
2012-11-01,XOM,CVX,252,0.819557325964307
2012-11-02,XOM,CVX,252,0.8171691415328316
2012-11-05,XOM,CVX,252,0.8149382847605194
2012-11-06,XOM,CVX,252,0.8146511518911664
2012-11-07,XOM,CVX,252,0.8180708370439371
2012-11-08,XOM,CVX,252,0.8185115815781919
2012-11-09,XOM,CVX,252,0.8179719254221038
2012-11-12,XOM,CVX,252,0.8109380007616892
2012-11-13,XOM,CVX,252,0.8105912963095777
2012-11-14,XOM,CVX,252,0.8087582279304125
2012-11-15,XOM,CVX,252,0.8076405096713122
2012-11-16,XOM,CVX,252,0.8162586550392975
2012-11-19,XOM,CVX,252,0.8167673231143975
2012-11-20,XOM,CVX,252,0.8164332905476365
2012-11-21,XOM,CVX,252,0.8216119340853013
2012-11-23,XOM,CVX,252,0.8211197300659026
2012-11-26,XOM,CVX,252,0.8269377352320514
2012-11-27,XOM,CVX,252,0.8252290352297315
2012-11-28,XOM,CVX,252,0.8241645489285476
2012-11-29,XOM,CVX,252,0.8192373147844911
2012-11-30,XOM,CVX,252,0.8179393094221898
2012-12-03,XOM,CVX,252,0.803180675201151
2012-12-04,XOM,CVX,252,0.8028511920307612
2012-12-05,XOM,CVX,252,0.8030972791800133
2012-12-06,XOM,CVX,252,0.8019082413308912
2012-12-07,XOM,CVX,252,0.8026240584961977
2012-12-10,XOM,CVX,252,0.8025752826086985
2012-12-11,XOM,CVX,252,0.8005624452493243
2012-12-12,XOM,CVX,252,0.798233940243832
2012-12-13,XOM,CVX,252,0.7964892817436982
2012-12-14,XOM,CVX,252,0.7958907948353262
2012-12-17,XOM,CVX,252,0.7951257000760565
2012-12-18,XOM,CVX,252,0.7997290272811276
2012-12-19,XOM,CVX,252,0.7987664939509398
2012-12-20,XOM,CVX,252,0.7981501059930877
2012-12-21,XOM,CVX,252,0.7867655406119688
2012-12-24,XOM,CVX,252,0.7849273105720026
2012-12-26,XOM,CVX,252,0.7847313432209014
2012-12-27,XOM,CVX,252,0.7836454934172761
2012-12-28,XOM,CVX,252,0.7866921569285821
2012-12-31,XOM,CVX,252,0.7866582299534821
2013-01-02,XOM,CVX,252,0.7882773235568754
2013-01-03,XOM,CVX,252,0.7878858045080968
2013-01-04,XOM,CVX,252,0.7887278931835401
2013-01-07,XOM,CVX,252,0.7888166467373002
2013-01-08,XOM,CVX,252,0.7870735778318964
2013-01-09,XOM,CVX,252,0.7858930205644424
2013-01-10,XOM,CVX,252,0.786460930415562
2013-01-11,XOM,CVX,252,0.7873339447153775
2013-01-14,XOM,CVX,252,0.7852278242794539
2013-01-15,XOM,CVX,252,0.7899651126571009
2013-01-16,XOM,CVX,252,0.7904311597736736
2013-01-17,XOM,CVX,252,0.7906696336562296
2013-01-18,XOM,CVX,252,0.7918139200352087
2013-01-22,XOM,CVX,252,0.7922374064117315
2013-01-23,XOM,CVX,252,0.7926790576665129
2013-01-24,XOM,CVX,252,0.7926866520729343
2013-01-25,XOM,CVX,252,0.7927651947185753
2013-01-28,XOM,CVX,252,0.793346569313157
2013-01-29,XOM,CVX,252,0.7936501344889566
2013-01-30,XOM,CVX,252,0.7935468272225972
2013-01-31,XOM,CVX,252,0.7940325065811176
2013-02-01,XOM,CVX,252,0.797830827102617
2013-02-04,XOM,CVX,252,0.7994498291827696
2013-02-05,XOM,CVX,252,0.8028612536546194
2013-02-06,XOM,CVX,252,0.8007923994754442
2013-02-07,XOM,CVX,252,0.800424139578734
2013-02-08,XOM,CVX,252,0.8011109676945092
2013-02-11,XOM,CVX,252,0.801422369102697
2013-02-12,XOM,CVX,252,0.8010786034901778
2013-02-13,XOM,CVX,252,0.8000258683534367
2013-02-14,XOM,CVX,252,0.7993341316942024
2013-02-15,XOM,CVX,252,0.799241732178655
2013-02-19,XOM,CVX,252,0.7992768419386457
2013-02-20,XOM,CVX,252,0.7978720441521496
2013-02-21,XOM,CVX,252,0.7975891947398506
2013-02-22,XOM,CVX,252,0.7967744876086574
2013-02-25,XOM,CVX,252,0.8024104997756653
2013-02-26,XOM,CVX,252,0.8037311289574287
2013-02-27,XOM,CVX,252,0.804856768165872
2013-02-28,XOM,CVX,252,0.8052554896427299
2013-03-01,XOM,CVX,252,0.8052829138279004
2013-03-04,XOM,CVX,252,0.8033109440564217
2013-03-05,XOM,CVX,252,0.8030256273000013
2013-03-06,XOM,CVX,252,0.80293044906552
2013-03-07,XOM,CVX,252,0.8031972740829032
2013-03-08,XOM,CVX,252,0.8041489697748258
2013-03-11,XOM,CVX,252,0.8046284821482692
2013-03-12,XOM,CVX,252,0.8096699991606565
2013-03-13,XOM,CVX,252,0.809568748517454
2013-03-14,XOM,CVX,252,0.8117456217182748
2013-03-15,XOM,CVX,252,0.8112935416827771
2013-03-18,XOM,CVX,252,0.8116847905555595
2013-03-19,XOM,CVX,252,0.8120122486497775
2013-03-20,XOM,CVX,252,0.8114894484592868
2013-03-21,XOM,CVX,252,0.8111059628309553
2013-03-22,XOM,CVX,252,0.8115665365529272
2013-03-25,XOM,CVX,252,0.810954654904127
2013-03-26,XOM,CVX,252,0.8122426683373951
2013-03-27,XOM,CVX,252,0.8101366015512477
2013-03-28,XOM,CVX,252,0.8090230732623447
2013-04-01,XOM,CVX,252,0.8090518731063315
2013-04-02,XOM,CVX,252,0.8082325729950496
2013-04-03,XOM,CVX,252,0.8091428859780939
2013-04-04,XOM,CVX,252,0.8091315260554892
2013-04-05,XOM,CVX,252,0.8092589690323367
2013-04-08,XOM,CVX,252,0.8075233504558577
2013-04-09,XOM,CVX,252,0.8062305872153136
2013-04-10,XOM,CVX,252,0.8053126060967662
2013-04-11,XOM,CVX,252,0.8044239532661194
2013-04-12,XOM,CVX,252,0.8007803690827701
2013-04-15,XOM,CVX,252,0.8099854801198141
2013-04-16,XOM,CVX,252,0.8088328166809704
2013-04-17,XOM,CVX,252,0.8076951433240899
2013-04-18,XOM,CVX,252,0.8082298732771147
2013-04-19,XOM,CVX,252,0.8045727794916621
2013-04-22,XOM,CVX,252,0.8054525974246909
2013-04-23,XOM,CVX,252,0.8048705220772433
2013-04-24,XOM,CVX,252,0.8046052274997914
2013-04-25,XOM,CVX,252,0.7997665817934552
2013-04-26,XOM,CVX,252,0.7969925618444713
2013-04-29,XOM,CVX,252,0.796048731285584
2013-04-30,XOM,CVX,252,0.8129805886106415
2013-05-01,XOM,CVX,252,0.8146674158761731
2013-05-02,XOM,CVX,252,0.8159398028486545
2013-05-03,XOM,CVX,252,0.8163124634144614
2013-05-06,XOM,CVX,252,0.8139946027703372
2013-05-07,XOM,CVX,252,0.8122223892976184
2013-05-08,XOM,CVX,252,0.8105665545260571
2013-05-09,XOM,CVX,252,0.8105585063149473
2013-05-10,XOM,CVX,252,0.8098519337867879
2013-05-13,XOM,CVX,252,0.8089720773332145
2013-05-14,XOM,CVX,252,0.8127990409273507
2013-05-15,XOM,CVX,252,0.8130307656407292
2013-05-16,XOM,CVX,252,0.8125912840573865
2013-05-17,XOM,CVX,252,0.8121573802454354
2013-05-20,XOM,CVX,252,0.8130422143165318
2013-05-21,XOM,CVX,252,0.8129197473028119
2013-05-22,XOM,CVX,252,0.814497187237535
2013-05-23,XOM,CVX,252,0.8130729375741755
2013-05-24,XOM,CVX,252,0.813010703371812
2013-05-28,XOM,CVX,252,0.8137154870705748
2013-05-29,XOM,CVX,252,0.8133068767436673
2013-05-30,XOM,CVX,252,0.8128411073052503
2013-05-31,XOM,CVX,252,0.8195650458136056
2013-06-03,XOM,CVX,252,0.8147152450264858
2013-06-04,XOM,CVX,252,0.8242880491240862
2013-06-05,XOM,CVX,252,0.8254261169298681
2013-06-06,XOM,CVX,252,0.82132381530594
2013-06-07,XOM,CVX,252,0.8215654136335682
2013-06-10,XOM,CVX,252,0.8107993487523452
2013-06-11,XOM,CVX,252,0.8112352451548042
2013-06-12,XOM,CVX,252,0.8119945194084105
2013-06-13,XOM,CVX,252,0.81269975561057
2013-06-14,XOM,CVX,252,0.8132849962809385
2013-06-17,XOM,CVX,252,0.8132138981748789
2013-06-18,XOM,CVX,252,0.8107884179524061
2013-06-19,XOM,CVX,252,0.8102536477857076
2013-06-20,XOM,CVX,252,0.8149154899714551
2013-06-21,XOM,CVX,252,0.8169817755884256
2013-06-24,XOM,CVX,252,0.8202882124394308
2013-06-25,XOM,CVX,252,0.8101223456759198
2013-06-26,XOM,CVX,252,0.810576096280752
2013-06-27,XOM,CVX,252,0.8092642691281822
2013-06-28,XOM,CVX,252,0.8061926985851766
2013-07-01,XOM,CVX,252,0.804525069140744
2013-07-02,XOM,CVX,252,0.806027530545207
2013-07-03,XOM,CVX,252,0.8040060729451652
2013-07-05,XOM,CVX,252,0.8057479305470844
2013-07-08,XOM,CVX,252,0.8046858091167065
2013-07-09,XOM,CVX,252,0.8053471866611572
2013-07-10,XOM,CVX,252,0.804523384577795
2013-07-11,XOM,CVX,252,0.8053929592015547
2013-07-12,XOM,CVX,252,0.8050125287389
2013-07-15,XOM,CVX,252,0.8041275230608809
2013-07-16,XOM,CVX,252,0.804096682837712
2013-07-17,XOM,CVX,252,0.8042810946986488
2013-07-18,XOM,CVX,252,0.8080758539653766
2013-07-19,XOM,CVX,252,0.8086268099002962
2013-07-22,XOM,CVX,252,0.808148779824231
2013-07-23,XOM,CVX,252,0.8093974007536678
2013-07-24,XOM,CVX,252,0.8100443904468293
2013-07-25,XOM,CVX,252,0.8068185045104725
2013-07-26,XOM,CVX,252,0.8065143707419973
2013-07-29,XOM,CVX,252,0.8099353113628666
2013-07-30,XOM,CVX,252,0.8074607480193098
2013-07-31,XOM,CVX,252,0.8067791457762146
2013-08-01,XOM,CVX,252,0.8016035017872452
2013-08-02,XOM,CVX,252,0.8031800567666477
2013-08-05,XOM,CVX,252,0.8042439472905185
2013-08-06,XOM,CVX,252,0.8024132248564009
2013-08-07,XOM,CVX,252,0.799567705642219
2013-08-08,XOM,CVX,252,0.7984941272212089
2013-08-09,XOM,CVX,252,0.7984851295929609
2013-08-12,XOM,CVX,252,0.7988464695291642
2013-08-13,XOM,CVX,252,0.795926325984046
2013-08-14,XOM,CVX,252,0.7962866098214174
2013-08-15,XOM,CVX,252,0.796670684944877
2013-08-16,XOM,CVX,252,0.7967865643213772
2013-08-19,XOM,CVX,252,0.7981959478055648
2013-08-20,XOM,CVX,252,0.7977483956237436
2013-08-21,XOM,CVX,252,0.7979378628263029
2013-08-22,XOM,CVX,252,0.7983737909481619
2013-08-23,XOM,CVX,252,0.7985670728100566
2013-08-26,XOM,CVX,252,0.7989401405474825
2013-08-27,XOM,CVX,252,0.7985025374122853
2013-08-28,XOM,CVX,252,0.8038043773836064
2013-08-29,XOM,CVX,252,0.8047186324775552
2013-08-30,XOM,CVX,252,0.8044796225714771
2013-09-03,XOM,CVX,252,0.8044714492748825
2013-09-04,XOM,CVX,252,0.8034125748191123
2013-09-05,XOM,CVX,252,0.8031979324237435
2013-09-06,XOM,CVX,252,0.8037536469530968
2013-09-09,XOM,CVX,252,0.8053347576856376
2013-09-10,XOM,CVX,252,0.8001846088598946
2013-09-11,XOM,CVX,252,0.7997139306233871
2013-09-12,XOM,CVX,252,0.7982478893899707
2013-09-13,XOM,CVX,252,0.7980483979327705
2013-09-16,XOM,CVX,252,0.7978804840334581
2013-09-17,XOM,CVX,252,0.7947145185973536
2013-09-18,XOM,CVX,252,0.7957710896787304
2013-09-19,XOM,CVX,252,0.7960423362831544
2013-09-20,XOM,CVX,252,0.796149885073786
2013-09-23,XOM,CVX,252,0.7923569356457646
2013-09-24,XOM,CVX,252,0.7914308454320996
2013-09-25,XOM,CVX,252,0.7921543416242642
2013-09-26,XOM,CVX,252,0.791873562750577
2013-09-27,XOM,CVX,252,0.7920634143782783
2013-09-30,XOM,CVX,252,0.7927037848088696
2013-10-01,XOM,CVX,252,0.7921744966303752
2013-10-02,XOM,CVX,252,0.7913975910709374
2013-10-03,XOM,CVX,252,0.7891521595602711
2013-10-04,XOM,CVX,252,0.7872307584678455
2013-10-07,XOM,CVX,252,0.7914495154488871
2013-10-08,XOM,CVX,252,0.7910228924128108
2013-10-09,XOM,CVX,252,0.7911483464766671
2013-10-10,XOM,CVX,252,0.7896608999756446
2013-10-11,XOM,CVX,252,0.7910422904838321
2013-10-14,XOM,CVX,252,0.8024251737963202
2013-10-15,XOM,CVX,252,0.8022113755029688
2013-10-16,XOM,CVX,252,0.8036343585789553
2013-10-17,XOM,CVX,252,0.8033439501554712
2013-10-18,XOM,CVX,252,0.8022768932175852
2013-10-21,XOM,CVX,252,0.8008438928808539
2013-10-22,XOM,CVX,252,0.8020481551315531
2013-10-23,XOM,CVX,252,0.8008238031859853
2013-10-24,XOM,CVX,252,0.8010858542960777
2013-10-25,XOM,CVX,252,0.7940557312887918
2013-10-28,XOM,CVX,252,0.7949608095244167
2013-10-29,XOM,CVX,252,0.7946410819779972
2013-10-30,XOM,CVX,252,0.7931594636356025
2013-10-31,XOM,CVX,252,0.794825076829915
2013-11-01,XOM,CVX,252,0.7870095295882694
2013-11-04,XOM,CVX,252,0.7714927736050802
2013-11-05,XOM,CVX,252,0.7709883903390959
2013-11-06,XOM,CVX,252,0.7718980205394242
2013-11-07,XOM,CVX,252,0.7625204775249864
2013-11-08,XOM,CVX,252,0.7608193676953366
2013-11-11,XOM,CVX,252,0.7605941002414804
2013-11-12,XOM,CVX,252,0.7603466295052773
2013-11-13,XOM,CVX,252,0.7596804307441519
2013-11-14,XOM,CVX,252,0.7621097175782728
2013-11-15,XOM,CVX,252,0.7576215658536873
2013-11-18,XOM,CVX,252,0.7575912014835344
2013-11-19,XOM,CVX,252,0.7510345703451766
2013-11-20,XOM,CVX,252,0.7505118433298199
2013-11-21,XOM,CVX,252,0.7473907454532227
2013-11-22,XOM,CVX,252,0.7453895579427418
2013-11-25,XOM,CVX,252,0.7446455827975018
2013-11-26,XOM,CVX,252,0.7421607125532195
2013-11-27,XOM,CVX,252,0.7428551773748184
2013-11-29,XOM,CVX,252,0.7426915119208871
2013-12-02,XOM,CVX,252,0.7426811753812784
2013-12-03,XOM,CVX,252,0.7405400882552367
2013-12-04,XOM,CVX,252,0.73777614798213
2013-12-05,XOM,CVX,252,0.7379263825922043
2013-12-06,XOM,CVX,252,0.7403405824626086
2013-12-09,XOM,CVX,252,0.7393225615159015
2013-12-10,XOM,CVX,252,0.7389883028680534
2013-12-11,XOM,CVX,252,0.7414757818008971
2013-12-12,XOM,CVX,252,0.7300284051053657
2013-12-13,XOM,CVX,252,0.7296340425247264
2013-12-16,XOM,CVX,252,0.724130155562039
2013-12-17,XOM,CVX,252,0.7230591586460979
2013-12-18,XOM,CVX,252,0.7319377897128554
2013-12-19,XOM,CVX,252,0.7294050781236316
2013-12-20,XOM,CVX,252,0.7293409693358811
2013-12-23,XOM,CVX,252,0.7307886644384687
2013-12-24,XOM,CVX,252,0.7313919288322398
2013-12-26,XOM,CVX,252,0.7331886354194342
2013-12-27,XOM,CVX,252,0.7334338631974461
2013-12-30,XOM,CVX,252,0.7282999318749239
2013-12-31,XOM,CVX,252,0.7248327986876166
2014-01-02,XOM,CVX,252,0.7175338620236675
2014-01-03,XOM,CVX,252,0.7170567416109888
2014-01-06,XOM,CVX,252,0.7163145011032719
2014-01-07,XOM,CVX,252,0.7163675460910189
2014-01-08,XOM,CVX,252,0.7177317442669454
2014-01-09,XOM,CVX,252,0.7167926421103761
2014-01-10,XOM,CVX,252,0.6989542032296683
2014-01-13,XOM,CVX,252,0.7033260065594644
2014-01-14,XOM,CVX,252,0.7056876736535199
2014-01-15,XOM,CVX,252,0.7067336868581606
2014-01-16,XOM,CVX,252,0.7069921307074166
2014-01-17,XOM,CVX,252,0.7062224978964646
2014-01-21,XOM,CVX,252,0.6997338234735117
2014-01-22,XOM,CVX,252,0.699021818055299
2014-01-23,XOM,CVX,252,0.7009804921649302
2014-01-24,XOM,CVX,252,0.7070971297306099
2014-01-27,XOM,CVX,252,0.7067943335578739
2014-01-28,XOM,CVX,252,0.7073165051551225
2014-01-29,XOM,CVX,252,0.7070601104709257
2014-01-30,XOM,CVX,252,0.7005581317718401
2014-01-31,XOM,CVX,252,0.704027937401503
2014-02-03,XOM,CVX,252,0.7006647830101881
2014-02-04,XOM,CVX,252,0.6988104828811778
2014-02-05,XOM,CVX,252,0.6984365246121051
2014-02-06,XOM,CVX,252,0.7000854307820359
2014-02-07,XOM,CVX,252,0.6998671107000278
2014-02-10,XOM,CVX,252,0.6986964173434042
2014-02-11,XOM,CVX,252,0.7027092363783217
2014-02-12,XOM,CVX,252,0.7018928152535111
2014-02-13,XOM,CVX,252,0.7022877191977982
2014-02-14,XOM,CVX,252,0.6987792502073832
2014-02-18,XOM,CVX,252,0.6983319210745903
2014-02-19,XOM,CVX,252,0.6953430590193587
2014-02-20,XOM,CVX,252,0.6963610825189447
2014-02-21,XOM,CVX,252,0.6948494007719891
2014-02-24,XOM,CVX,252,0.6968518155020506
2014-02-25,XOM,CVX,252,0.689813728523622
2014-02-26,XOM,CVX,252,0.6859958846873199
2014-02-27,XOM,CVX,252,0.6835719736643765
2014-02-28,XOM,CVX,252,0.6827647370591449
2014-03-03,XOM,CVX,252,0.6829991951347743
2014-03-04,XOM,CVX,252,0.6855143883908429
2014-03-05,XOM,CVX,252,0.6811980316479149
2014-03-06,XOM,CVX,252,0.6813931107092046
2014-03-07,XOM,CVX,252,0.6818964569977882
2014-03-10,XOM,CVX,252,0.6824689174175554
2014-03-11,XOM,CVX,252,0.6850506997888245
2014-03-12,XOM,CVX,252,0.6844143636386729
2014-03-13,XOM,CVX,252,0.6851444854508026
2014-03-14,XOM,CVX,252,0.6849700276021868
2014-03-17,XOM,CVX,252,0.6860349846735425
2014-03-18,XOM,CVX,252,0.6855149210678464
2014-03-19,XOM,CVX,252,0.6875374966579992
2014-03-20,XOM,CVX,252,0.6881889639387112
2014-03-21,XOM,CVX,252,0.6883280202055109
2014-03-24,XOM,CVX,252,0.6875238673712241
2014-03-25,XOM,CVX,252,0.6867683938164458
2014-03-26,XOM,CVX,252,0.684768763978325
2014-03-27,XOM,CVX,252,0.6829324622360555
2014-03-28,XOM,CVX,252,0.6832017234426617
2014-03-31,XOM,CVX,252,0.6822027146987307
2014-04-01,XOM,CVX,252,0.6821281291491232
2014-04-02,XOM,CVX,252,0.6810915450218152
2014-04-03,XOM,CVX,252,0.6814657500951053
2014-04-04,XOM,CVX,252,0.6809912274547021
2014-04-07,XOM,CVX,252,0.6826910480163991
2014-04-08,XOM,CVX,252,0.683331115113912
2014-04-09,XOM,CVX,252,0.6821609354871102
2014-04-10,XOM,CVX,252,0.6800816589396851
2014-04-11,XOM,CVX,252,0.6798726255035616
2014-04-14,XOM,CVX,252,0.6687950957187361
2014-04-15,XOM,CVX,252,0.6700572461987158
2014-04-16,XOM,CVX,252,0.6730637500126145
2014-04-17,XOM,CVX,252,0.6715241148860854
2014-04-21,XOM,CVX,252,0.6722031839587708
2014-04-22,XOM,CVX,252,0.6716278846597972
2014-04-23,XOM,CVX,252,0.6702516943634317
2014-04-24,XOM,CVX,252,0.6709409643042713
2014-04-25,XOM,CVX,252,0.6757772655748642
2014-04-28,XOM,CVX,252,0.68019627383135
2014-04-29,XOM,CVX,252,0.6812503615329251
2014-04-30,XOM,CVX,252,0.6773631770900692
2014-05-01,XOM,CVX,252,0.6735643210487298
2014-05-02,XOM,CVX,252,0.6696484807852865
2014-05-05,XOM,CVX,252,0.6673495882281941
2014-05-06,XOM,CVX,252,0.6687598422964528
2014-05-07,XOM,CVX,252,0.6699024944835719
2014-05-08,XOM,CVX,252,0.6711388173733798
2014-05-09,XOM,CVX,252,0.6711279509407202
2014-05-12,XOM,CVX,252,0.6713752377486198
2014-05-13,XOM,CVX,252,0.6711771616914628
2014-05-14,XOM,CVX,252,0.6681723434051449
2014-05-15,XOM,CVX,252,0.6729080414338391
2014-05-16,XOM,CVX,252,0.6727242559034833
2014-05-19,XOM,CVX,252,0.6721591837205039
2014-05-20,XOM,CVX,252,0.6710001808098135
2014-05-21,XOM,CVX,252,0.6743643290716195
2014-05-22,XOM,CVX,252,0.6737976429632052
2014-05-23,XOM,CVX,252,0.675469419151034
2014-05-27,XOM,CVX,252,0.6754111620278095
2014-05-28,XOM,CVX,252,0.6744112564035869
2014-05-29,XOM,CVX,252,0.6739560858305802
2014-05-30,XOM,CVX,252,0.6711852059566298
2014-06-02,XOM,CVX,252,0.6655668124709508
2014-06-03,XOM,CVX,252,0.6637215976861369
2014-06-04,XOM,CVX,252,0.6624843004029268
2014-06-05,XOM,CVX,252,0.6600903692190565
2014-06-06,XOM,CVX,252,0.6651854937475228
2014-06-09,XOM,CVX,252,0.6631961469877224
2014-06-10,XOM,CVX,252,0.6648996871803511
2014-06-11,XOM,CVX,252,0.662809991068443
2014-06-12,XOM,CVX,252,0.658614579473186
2014-06-13,XOM,CVX,252,0.6558951580877068
2014-06-16,XOM,CVX,252,0.6533603283261998
2014-06-17,XOM,CVX,252,0.6508868870764604
2014-06-18,XOM,CVX,252,0.6500286630825135
2014-06-19,XOM,CVX,252,0.6441968437692902
2014-06-20,XOM,CVX,252,0.6332515263807138
2014-06-23,XOM,CVX,252,0.6332335369398143
2014-06-24,XOM,CVX,252,0.631990244280185
2014-06-25,XOM,CVX,252,0.6319748272809019
2014-06-26,XOM,CVX,252,0.6312892731145835
2014-06-27,XOM,CVX,252,0.6318231070098707
2014-06-30,XOM,CVX,252,0.6318881202357249
2014-07-01,XOM,CVX,252,0.6319872383493285
2014-07-02,XOM,CVX,252,0.6317093743220605
2014-07-03,XOM,CVX,252,0.6329849625558538
2014-07-07,XOM,CVX,252,0.6302426915265682
2014-07-08,XOM,CVX,252,0.6286568242549373
2014-07-09,XOM,CVX,252,0.6263691601204863
2014-07-10,XOM,CVX,252,0.6280055120709914
2014-07-11,XOM,CVX,252,0.6294882231560884
2014-07-14,XOM,CVX,252,0.6304199939458237
2014-07-15,XOM,CVX,252,0.6313272483641416
2014-07-16,XOM,CVX,252,0.6350583272473485
2014-07-17,XOM,CVX,252,0.6358935647872596
2014-07-18,XOM,CVX,252,0.6343432839962055
2014-07-21,XOM,CVX,252,0.6328862014391553
2014-07-22,XOM,CVX,252,0.6335415294876732
2014-07-23,XOM,CVX,252,0.6345527280392
2014-07-24,XOM,CVX,252,0.6336235145552821
2014-07-25,XOM,CVX,252,0.6383378903635518
2014-07-28,XOM,CVX,252,0.6380696347539816
2014-07-29,XOM,CVX,252,0.6344847766047618
2014-07-30,XOM,CVX,252,0.6339914305382635
2014-07-31,XOM,CVX,252,0.650944509388607
2014-08-01,XOM,CVX,252,0.6546904250745434
2014-08-04,XOM,CVX,252,0.6514663142572489
2014-08-05,XOM,CVX,252,0.6594546122826522
2014-08-06,XOM,CVX,252,0.6605379331381812
2014-08-07,XOM,CVX,252,0.6601365455061668
2014-08-08,XOM,CVX,252,0.6651483427452158
2014-08-11,XOM,CVX,252,0.664734985030582
2014-08-12,XOM,CVX,252,0.6640618929118999
2014-08-13,XOM,CVX,252,0.6671310671421922
2014-08-14,XOM,CVX,252,0.6664142007509101
2014-08-15,XOM,CVX,252,0.6652423059044233
2014-08-18,XOM,CVX,252,0.6649853233777228
2014-08-19,XOM,CVX,252,0.6604732278517503
2014-08-20,XOM,CVX,252,0.6602446462320396
2014-08-21,XOM,CVX,252,0.6584279037094589
2014-08-22,XOM,CVX,252,0.658981884310755
2014-08-25,XOM,CVX,252,0.6583539967319693
2014-08-26,XOM,CVX,252,0.6576952911103676
2014-08-27,XOM,CVX,252,0.6573916966203086
2014-08-28,XOM,CVX,252,0.6475633802303674
2014-08-29,XOM,CVX,252,0.6427890740151291
2014-09-02,XOM,CVX,252,0.6453739725618036
2014-09-03,XOM,CVX,252,0.6454502483042251
2014-09-04,XOM,CVX,252,0.6467789450717825
2014-09-05,XOM,CVX,252,0.6490442954466341
2014-09-08,XOM,CVX,252,0.6513093447544998
2014-09-09,XOM,CVX,252,0.6504211887575223
2014-09-10,XOM,CVX,252,0.6531120060568957
2014-09-11,XOM,CVX,252,0.6511780088639061
2014-09-12,XOM,CVX,252,0.6548676924642325
2014-09-15,XOM,CVX,252,0.6547678425687736
2014-09-16,XOM,CVX,252,0.6556341064670984
2014-09-17,XOM,CVX,252,0.6556426774472811
2014-09-18,XOM,CVX,252,0.6551747831982697
2014-09-19,XOM,CVX,252,0.6554140022727301
2014-09-22,XOM,CVX,252,0.655859032913351
2014-09-23,XOM,CVX,252,0.6611274378272657
2014-09-24,XOM,CVX,252,0.6607390533795394
2014-09-25,XOM,CVX,252,0.6647251804891419
2014-09-26,XOM,CVX,252,0.6657467033338037
2014-09-29,XOM,CVX,252,0.6671605742597794
2014-09-30,XOM,CVX,252,0.6656209350397748
2014-10-01,XOM,CVX,252,0.6687372380212764
2014-10-02,XOM,CVX,252,0.6674464902436577
2014-10-03,XOM,CVX,252,0.669266304677713
2014-10-06,XOM,CVX,252,0.671367811644881
2014-10-07,XOM,CVX,252,0.6744856851502673
2014-10-08,XOM,CVX,252,0.6772349955989255
2014-10-09,XOM,CVX,252,0.6910065963451332
2014-10-10,XOM,CVX,252,0.691734218878019
2014-10-13,XOM,CVX,252,0.6910352699653822
2014-10-14,XOM,CVX,252,0.6863609621093276
2014-10-15,XOM,CVX,252,0.6866881673374033
2014-10-16,XOM,CVX,252,0.6844043927451648
2014-10-17,XOM,CVX,252,0.6850184309954694
2014-10-20,XOM,CVX,252,0.6836213386686233
2014-10-21,XOM,CVX,252,0.6910425771081515
2014-10-22,XOM,CVX,252,0.6908558502241914
2014-10-23,XOM,CVX,252,0.6920158661929132
2014-10-24,XOM,CVX,252,0.6912984265025459
2014-10-27,XOM,CVX,252,0.6927655493403294
2014-10-28,XOM,CVX,252,0.6960611905291234
2014-10-29,XOM,CVX,252,0.695124527469661
2014-10-30,XOM,CVX,252,0.6958595508372641
2014-10-31,XOM,CVX,252,0.7055316504660936
2014-11-03,XOM,CVX,252,0.7144756586311773
2014-11-04,XOM,CVX,252,0.7245153446436083
2014-11-05,XOM,CVX,252,0.72465534908592
2014-11-06,XOM,CVX,252,0.7242468326242527
2014-11-07,XOM,CVX,252,0.7227228867884329
2014-11-10,XOM,CVX,252,0.7218427444914284
2014-11-11,XOM,CVX,252,0.7219215968103329
2014-11-12,XOM,CVX,252,0.7226537381866878
2014-11-13,XOM,CVX,252,0.7236030753574596
2014-11-14,XOM,CVX,252,0.7236309469417107
2014-11-17,XOM,CVX,252,0.7271704135465513
2014-11-18,XOM,CVX,252,0.7272412047479123
2014-11-19,XOM,CVX,252,0.7307092436948017
2014-11-20,XOM,CVX,252,0.7313567880384308
2014-11-21,XOM,CVX,252,0.7349540149554794
2014-11-24,XOM,CVX,252,0.7357523317923328
2014-11-25,XOM,CVX,252,0.7372695103345236
2014-11-26,XOM,CVX,252,0.7363648910112729
2014-11-28,XOM,CVX,252,0.7593537766735795
2014-12-01,XOM,CVX,252,0.7640496267567601
2014-12-02,XOM,CVX,252,0.7677112321886
2014-12-03,XOM,CVX,252,0.7666277089029562
2014-12-04,XOM,CVX,252,0.7681125707921342
2014-12-05,XOM,CVX,252,0.7679721823688972
2014-12-08,XOM,CVX,252,0.7723827311456096
2014-12-09,XOM,CVX,252,0.7722783346446904
2014-12-10,XOM,CVX,252,0.7755404292592658
2014-12-11,XOM,CVX,252,0.7738625698514795
2014-12-12,XOM,CVX,252,0.7855347627059717
2014-12-15,XOM,CVX,252,0.7815374641794939
2014-12-16,XOM,CVX,252,0.7822609956529286
2014-12-17,XOM,CVX,252,0.7907370856481772
2014-12-18,XOM,CVX,252,0.7911839157700462
2014-12-19,XOM,CVX,252,0.8000605197051575
2014-12-22,XOM,CVX,252,0.8001119826281126
2014-12-23,XOM,CVX,252,0.8016361462356674
2014-12-24,XOM,CVX,252,0.8012900214796085
2014-12-26,XOM,CVX,252,0.8006309823899165
2014-12-29,XOM,CVX,252,0.8005378189398252
2014-12-30,XOM,CVX,252,0.8002264911609854
2014-12-31,XOM,CVX,252,0.8003887205257241
2015-01-02,XOM,CVX,252,0.8010854665544496
2015-01-05,XOM,CVX,252,0.8073613726259674
2015-01-06,XOM,CVX,252,0.8072357581961699
2015-01-07,XOM,CVX,252,0.8053235849208489
2015-01-08,XOM,CVX,252,0.8085775953876679
2015-01-09,XOM,CVX,252,0.8062049562012317
2015-01-12,XOM,CVX,252,0.817998047306948
2015-01-13,XOM,CVX,252,0.8157424240733084
2015-01-14,XOM,CVX,252,0.8158280063882325
2015-01-15,XOM,CVX,252,0.8163061020926072
2015-01-16,XOM,CVX,252,0.8198009935617415
2015-01-20,XOM,CVX,252,0.8177729551867975
2015-01-21,XOM,CVX,252,0.8215656762522682
2015-01-22,XOM,CVX,252,0.8224376412475969
2015-01-23,XOM,CVX,252,0.8239731943752776
2015-01-26,XOM,CVX,252,0.8226557309134351
2015-01-27,XOM,CVX,252,0.8227039742397106
2015-01-28,XOM,CVX,252,0.8300939740111634
2015-01-29,XOM,CVX,252,0.8299988826330306
2015-01-30,XOM,CVX,252,0.8335430136959739
2015-02-02,XOM,CVX,252,0.8375109616714052
2015-02-03,XOM,CVX,252,0.8467299071859801
2015-02-04,XOM,CVX,252,0.8472003185763429
2015-02-05,XOM,CVX,252,0.8476698637040019
2015-02-06,XOM,CVX,252,0.8470307157149121
2015-02-09,XOM,CVX,252,0.8463500150298985
2015-02-10,XOM,CVX,252,0.847151060881749
2015-02-11,XOM,CVX,252,0.845960130743808
2015-02-12,XOM,CVX,252,0.8480019788571935
2015-02-13,XOM,CVX,252,0.8484577719531424
2015-02-17,XOM,CVX,252,0.8539704914537443
2015-02-18,XOM,CVX,252,0.8554250715383465
2015-02-19,XOM,CVX,252,0.8577884600663471
2015-02-20,XOM,CVX,252,0.8579054739327334
2015-02-23,XOM,CVX,252,0.8595419945393664
2015-02-24,XOM,CVX,252,0.8587149867607251
2015-02-25,XOM,CVX,252,0.859495846852965
2015-02-26,XOM,CVX,252,0.8614394121222785
2015-02-27,XOM,CVX,252,0.8614044289174599
2015-03-02,XOM,CVX,252,0.8623687640729157
2015-03-03,XOM,CVX,252,0.8625974287960495
2015-03-04,XOM,CVX,252,0.8627638715885384
2015-03-05,XOM,CVX,252,0.8689706449734474
2015-03-06,XOM,CVX,252,0.8695676817023335
2015-03-09,XOM,CVX,252,0.8701485649667741
2015-03-10,XOM,CVX,252,0.8703323626365651
2015-03-11,XOM,CVX,252,0.8691239690034764
2015-03-12,XOM,CVX,252,0.8674156788084744
2015-03-13,XOM,CVX,252,0.8673271490117612
2015-03-16,XOM,CVX,252,0.8679009367813358
2015-03-17,XOM,CVX,252,0.8665723623051588
2015-03-18,XOM,CVX,252,0.8693784738022414
2015-03-19,XOM,CVX,252,0.8702745532692534
2015-03-20,XOM,CVX,252,0.8669333544300224
2015-03-23,XOM,CVX,252,0.8611677683312257
2015-03-24,XOM,CVX,252,0.861696572158358
2015-03-25,XOM,CVX,252,0.8614651576174711
2015-03-26,XOM,CVX,252,0.8621024280418308
2015-03-27,XOM,CVX,252,0.8663595426280781
2015-03-30,XOM,CVX,252,0.8693385792128397
2015-03-31,XOM,CVX,252,0.8689721547569791
2015-04-01,XOM,CVX,252,0.8686819123838151
2015-04-02,XOM,CVX,252,0.8681603988149512
2015-04-06,XOM,CVX,252,0.8686933353731936
2015-04-07,XOM,CVX,252,0.8689211077086667
2015-04-08,XOM,CVX,252,0.8698541839460091
2015-04-09,XOM,CVX,252,0.8696854109408992
2015-04-10,XOM,CVX,252,0.8694412017054767
2015-04-13,XOM,CVX,252,0.8710730600896552
2015-04-14,XOM,CVX,252,0.8722348388694934
2015-04-15,XOM,CVX,252,0.8721900633620607
2015-04-16,XOM,CVX,252,0.8718710857907962
2015-04-17,XOM,CVX,252,0.8716170674456061
2015-04-20,XOM,CVX,252,0.8719475128374358
2015-04-21,XOM,CVX,252,0.8719398309485442
2015-04-22,XOM,CVX,252,0.8710225852395336
2015-04-23,XOM,CVX,252,0.8710668218368663
2015-04-24,XOM,CVX,252,0.8706510502404834
2015-04-27,XOM,CVX,252,0.8711832768505292
2015-04-28,XOM,CVX,252,0.8714263685248631
2015-04-29,XOM,CVX,252,0.8712560707833128
2015-04-30,XOM,CVX,252,0.8737381436063488
2015-05-01,XOM,CVX,252,0.8580512611801733
2015-05-04,XOM,CVX,252,0.8577446836842997
2015-05-05,XOM,CVX,252,0.8577505234147813
2015-05-06,XOM,CVX,252,0.8574841568954348
2015-05-07,XOM,CVX,252,0.8574212371035337
2015-05-08,XOM,CVX,252,0.8571047354684558
2015-05-11,XOM,CVX,252,0.857448549855223
2015-05-12,XOM,CVX,252,0.8574561413362192
2015-05-13,XOM,CVX,252,0.8569522983911277
2015-05-14,XOM,CVX,252,0.8573571097088372
2015-05-15,XOM,CVX,252,0.8570569101717563
2015-05-18,XOM,CVX,252,0.8571477928922849
2015-05-19,XOM,CVX,252,0.8541492529752442
2015-05-20,XOM,CVX,252,0.8541709869615274
2015-05-21,XOM,CVX,252,0.8534575077761752
2015-05-22,XOM,CVX,252,0.853448118072403
2015-05-26,XOM,CVX,252,0.8542108403639128
2015-05-27,XOM,CVX,252,0.8544509422767405
2015-05-28,XOM,CVX,252,0.8544281100223897
2015-05-29,XOM,CVX,252,0.8544672652646806
2015-06-01,XOM,CVX,252,0.8560223964231399
2015-06-02,XOM,CVX,252,0.8559742826605806
2015-06-03,XOM,CVX,252,0.8559757771730309
2015-06-04,XOM,CVX,252,0.8561874491944543
2015-06-05,XOM,CVX,252,0.8560855492916928
2015-06-08,XOM,CVX,252,0.8521864123762063
2015-06-09,XOM,CVX,252,0.8520980446174343
2015-06-10,XOM,CVX,252,0.8530058397881206
2015-06-11,XOM,CVX,252,0.8532337372581588
2015-06-12,XOM,CVX,252,0.8549442152159689
2015-06-15,XOM,CVX,252,0.8546255188119145
2015-06-16,XOM,CVX,252,0.8550285424173448
2015-06-17,XOM,CVX,252,0.8556001666668683
2015-06-18,XOM,CVX,252,0.8559681939429639
2015-06-19,XOM,CVX,252,0.8579646278520826
2015-06-22,XOM,CVX,252,0.8581480223184138
2015-06-23,XOM,CVX,252,0.8580289402338599
2015-06-24,XOM,CVX,252,0.8585376996546653
2015-06-25,XOM,CVX,252,0.8588111801583246
2015-06-26,XOM,CVX,252,0.8586679740829772
2015-06-29,XOM,CVX,252,0.8594951394854784
2015-06-30,XOM,CVX,252,0.8595921883948774
2015-07-01,XOM,CVX,252,0.8596043033675272
2015-07-02,XOM,CVX,252,0.8581079760407646
2015-07-06,XOM,CVX,252,0.858131077373289
2015-07-07,XOM,CVX,252,0.8586157184706934
2015-07-08,XOM,CVX,252,0.8594381970997804
2015-07-09,XOM,CVX,252,0.858514162470184
2015-07-10,XOM,CVX,252,0.8585471296724242
2015-07-13,XOM,CVX,252,0.8583765915725984
2015-07-14,XOM,CVX,252,0.858685239936647
2015-07-15,XOM,CVX,252,0.8582627060426903
2015-07-16,XOM,CVX,252,0.8576436671356017
2015-07-17,XOM,CVX,252,0.8577797156649763
2015-07-20,XOM,CVX,252,0.856756601849787
2015-07-21,XOM,CVX,252,0.8552947478298056
2015-07-22,XOM,CVX,252,0.8549291787121671
2015-07-23,XOM,CVX,252,0.8546387408373037
2015-07-24,XOM,CVX,252,0.8558736095745906
2015-07-27,XOM,CVX,252,0.855801093773512
2015-07-28,XOM,CVX,252,0.8604315207650678
2015-07-29,XOM,CVX,252,0.8616245930694536
2015-07-30,XOM,CVX,252,0.8618448275609674
2015-07-31,XOM,CVX,252,0.8720196303136776
2015-08-03,XOM,CVX,252,0.8719579273407039
2015-08-04,XOM,CVX,252,0.8727218417611089
2015-08-05,XOM,CVX,252,0.8696150692301793
2015-08-06,XOM,CVX,252,0.870106537038244
2015-08-07,XOM,CVX,252,0.8714662013525408
2015-08-10,XOM,CVX,252,0.8725378466047845
2015-08-11,XOM,CVX,252,0.872150199383
2015-08-12,XOM,CVX,252,0.8723212703912117
2015-08-13,XOM,CVX,252,0.871694592938016
2015-08-14,XOM,CVX,252,0.871483217936495
2015-08-17,XOM,CVX,252,0.8653919681536671
2015-08-18,XOM,CVX,252,0.8629713057985224
2015-08-19,XOM,CVX,252,0.8659079382117347
2015-08-20,XOM,CVX,252,0.8669520056702181
2015-08-21,XOM,CVX,252,0.8717832655067077
2015-08-24,XOM,CVX,252,0.8773705538381554
2015-08-25,XOM,CVX,252,0.8706756631704862
2015-08-26,XOM,CVX,252,0.8743601366255189
2015-08-27,XOM,CVX,252,0.87579256277594
2015-08-28,XOM,CVX,252,0.8687696296316025
2015-08-31,XOM,CVX,252,0.8690584262813493
2015-09-01,XOM,CVX,252,0.8702833557875377
2015-09-02,XOM,CVX,252,0.8675548143608859
2015-09-03,XOM,CVX,252,0.8673021175649803
2015-09-04,XOM,CVX,252,0.8681354130800224
2015-09-08,XOM,CVX,252,0.8672178587801526
2015-09-09,XOM,CVX,252,0.8683713888249118
2015-09-10,XOM,CVX,252,0.8685224768705756
2015-09-11,XOM,CVX,252,0.8687897757822968
2015-09-14,XOM,CVX,252,0.86876496584004
2015-09-15,XOM,CVX,252,0.8680685424312072
2015-09-16,XOM,CVX,252,0.8695182120184943
2015-09-17,XOM,CVX,252,0.8695682027864164
2015-09-18,XOM,CVX,252,0.870188938759619
2015-09-21,XOM,CVX,252,0.8699486704765499
2015-09-22,XOM,CVX,252,0.8700686889865856
2015-09-23,XOM,CVX,252,0.8699642754572996
2015-09-24,XOM,CVX,252,0.8700995876426614
2015-09-25,XOM,CVX,252,0.8700646473191912
2015-09-28,XOM,CVX,252,0.869322978507943
2015-09-29,XOM,CVX,252,0.8695117843096237
2015-09-30,XOM,CVX,252,0.8703445022181875
2015-10-01,XOM,CVX,252,0.8700363123215771
2015-10-02,XOM,CVX,252,0.8723260013310189
2015-10-05,XOM,CVX,252,0.8716818136821473
2015-10-06,XOM,CVX,252,0.8709734930669905
2015-10-07,XOM,CVX,252,0.8707647007318721
2015-10-08,XOM,CVX,252,0.8704040615440698
2015-10-09,XOM,CVX,252,0.868460851198173
2015-10-12,XOM,CVX,252,0.8678728003059917
2015-10-13,XOM,CVX,252,0.8677897800413257
2015-10-14,XOM,CVX,252,0.8697552380779774
2015-10-15,XOM,CVX,252,0.8696131027269909
2015-10-16,XOM,CVX,252,0.8699860818181497
2015-10-19,XOM,CVX,252,0.8699398884109062
2015-10-20,XOM,CVX,252,0.8705664911838185
2015-10-21,XOM,CVX,252,0.8694137129025644
2015-10-22,XOM,CVX,252,0.870014256935595
2015-10-23,XOM,CVX,252,0.8696239291718844
2015-10-26,XOM,CVX,252,0.871202238956938
2015-10-27,XOM,CVX,252,0.8705553477507069
2015-10-28,XOM,CVX,252,0.8704959633308847
2015-10-29,XOM,CVX,252,0.8707791005260431
2015-10-30,XOM,CVX,252,0.8709131857667304
2015-11-02,XOM,CVX,252,0.8725199542008041
2015-11-03,XOM,CVX,252,0.8727093905888296
2015-11-04,XOM,CVX,252,0.872827164489649
2015-11-05,XOM,CVX,252,0.8734044272516264
2015-11-06,XOM,CVX,252,0.8731124502545469
2015-11-09,XOM,CVX,252,0.8740787598259233
2015-11-10,XOM,CVX,252,0.8741303600028139
2015-11-11,XOM,CVX,252,0.8743467908312043
2015-11-12,XOM,CVX,252,0.8754747731915142
2015-11-13,XOM,CVX,252,0.875433390598847
2015-11-16,XOM,CVX,252,0.8785129377691083
2015-11-17,XOM,CVX,252,0.8781889058833262
2015-11-18,XOM,CVX,252,0.8784536316116235
2015-11-19,XOM,CVX,252,0.8780439902611195
2015-11-20,XOM,CVX,252,0.8774750506104586
2015-11-23,XOM,CVX,252,0.8773142867176112
2015-11-24,XOM,CVX,252,0.87748012631992
2015-11-25,XOM,CVX,252,0.8772179865436229
2015-11-27,XOM,CVX,252,0.877166203267723
2015-11-30,XOM,CVX,252,0.8724814546628721
2015-12-01,XOM,CVX,252,0.870920574312559
2015-12-02,XOM,CVX,252,0.8708167461332593
2015-12-03,XOM,CVX,252,0.8721981713122973
2015-12-04,XOM,CVX,252,0.8723143802401563
2015-12-07,XOM,CVX,252,0.8736917413341935
2015-12-08,XOM,CVX,252,0.8693741370802299
2015-12-09,XOM,CVX,252,0.8699847157045437
2015-12-10,XOM,CVX,252,0.868304923105369
2015-12-11,XOM,CVX,252,0.8690950478963789
2015-12-14,XOM,CVX,252,0.8698686818019151
2015-12-15,XOM,CVX,252,0.8742123194673461
2015-12-16,XOM,CVX,252,0.8748052702591022
2015-12-17,XOM,CVX,252,0.8723239358101834
2015-12-18,XOM,CVX,252,0.8709693787227591
2015-12-21,XOM,CVX,252,0.8686595410154786
2015-12-22,XOM,CVX,252,0.8686917724027774
2015-12-23,XOM,CVX,252,0.8709284263295917
2015-12-24,XOM,CVX,252,0.8712884505644417
2015-12-28,XOM,CVX,252,0.8711922216774348
2015-12-29,XOM,CVX,252,0.8712936694876121
2015-12-30,XOM,CVX,252,0.8715548705958359
2015-12-31,XOM,CVX,252,0.871464752216869
2016-01-04,XOM,CVX,252,0.8714457025423104
2016-01-05,XOM,CVX,252,0.8695687813821105
2016-01-06,XOM,CVX,252,0.8651843117418426
2016-01-07,XOM,CVX,252,0.8658897267611702
2016-01-08,XOM,CVX,252,0.8642630964619794
2016-01-11,XOM,CVX,252,0.8665955184093928
2016-01-12,XOM,CVX,252,0.8662333359627913
2016-01-13,XOM,CVX,252,0.8650418384340572
2016-01-14,XOM,CVX,252,0.8697350744616684
2016-01-15,XOM,CVX,252,0.8703178229504395
2016-01-19,XOM,CVX,252,0.8697440642679362
2016-01-20,XOM,CVX,252,0.8709064441525857
2016-01-21,XOM,CVX,252,0.8708176859994595
2016-01-22,XOM,CVX,252,0.8724030599596436
2016-01-25,XOM,CVX,252,0.8734759008760663
2016-01-26,XOM,CVX,252,0.8760435861606877
2016-01-27,XOM,CVX,252,0.8755753194602041
2016-01-28,XOM,CVX,252,0.8742794634334397
2016-01-29,XOM,CVX,252,0.8741495126854801
2016-02-01,XOM,CVX,252,0.8740574943567418
2016-02-02,XOM,CVX,252,0.8720621432616726
2016-02-03,XOM,CVX,252,0.8721669275522625
2016-02-04,XOM,CVX,252,0.8704191216252587
2016-02-05,XOM,CVX,252,0.8665537074036109
2016-02-08,XOM,CVX,252,0.8653742390253463
2016-02-09,XOM,CVX,252,0.8611001916136678
2016-02-10,XOM,CVX,252,0.8603540327176813
2016-02-11,XOM,CVX,252,0.8603569506720595
2016-02-12,XOM,CVX,252,0.8605302758248361
2016-02-16,XOM,CVX,252,0.8602332558410417
2016-02-17,XOM,CVX,252,0.8568216989690561
2016-02-18,XOM,CVX,252,0.8534751474841106
2016-02-19,XOM,CVX,252,0.8528187128246657
2016-02-22,XOM,CVX,252,0.8488547384349958
2016-02-23,XOM,CVX,252,0.8467313894381195
2016-02-24,XOM,CVX,252,0.8468405850050128
2016-02-25,XOM,CVX,252,0.8466851764533774
2016-02-26,XOM,CVX,252,0.8462438658462446
2016-02-29,XOM,CVX,252,0.8457224509447386
2016-03-01,XOM,CVX,252,0.8456002695227866
2016-03-02,XOM,CVX,252,0.8455767383782772
2016-03-03,XOM,CVX,252,0.8453417102969218
2016-03-04,XOM,CVX,252,0.8451179677064774
2016-03-07,XOM,CVX,252,0.8466263810047583
2016-03-08,XOM,CVX,252,0.8480223658598773
2016-03-09,XOM,CVX,252,0.8368795666408281
2016-03-10,XOM,CVX,252,0.8362066520711363
2016-03-11,XOM,CVX,252,0.8368746093958019
2016-03-14,XOM,CVX,252,0.8366217438713617
2016-03-15,XOM,CVX,252,0.836143719400918
2016-03-16,XOM,CVX,252,0.836103067789693
2016-03-17,XOM,CVX,252,0.8349345758540443
2016-03-18,XOM,CVX,252,0.8341165344606896
2016-03-21,XOM,CVX,252,0.835952401788274
2016-03-22,XOM,CVX,252,0.8371960684601861
2016-03-23,XOM,CVX,252,0.8361191188649499
2016-03-24,XOM,CVX,252,0.8359906072036222
2016-03-28,XOM,CVX,252,0.8359034396274534
2016-03-29,XOM,CVX,252,0.8357709936908373
2016-03-30,XOM,CVX,252,0.8345489043509786
2016-03-31,XOM,CVX,252,0.8333972558136488
2016-04-01,XOM,CVX,252,0.8337471717716658
2016-04-04,XOM,CVX,252,0.8333738484609663
2016-04-05,XOM,CVX,252,0.833085810135401
2016-04-06,XOM,CVX,252,0.8335091283655061
2016-04-07,XOM,CVX,252,0.8321217382604914
2016-04-08,XOM,CVX,252,0.832538522402266
2016-04-11,XOM,CVX,252,0.8326034348896165
2016-04-12,XOM,CVX,252,0.8329287896577462
2016-04-13,XOM,CVX,252,0.8320835261589923
2016-04-14,XOM,CVX,252,0.831676533715572
2016-04-15,XOM,CVX,252,0.8317916735247889
2016-04-18,XOM,CVX,252,0.8318990871242391
2016-04-19,XOM,CVX,252,0.8315587327919183
2016-04-20,XOM,CVX,252,0.8316417453011243
2016-04-21,XOM,CVX,252,0.8321156356721673
2016-04-22,XOM,CVX,252,0.8321867693484605
2016-04-25,XOM,CVX,252,0.8324512954824662
2016-04-26,XOM,CVX,252,0.8324658064296095
2016-04-27,XOM,CVX,252,0.8324836512085196
2016-04-28,XOM,CVX,252,0.8324823059638322
2016-04-29,XOM,CVX,252,0.832171956998713
2016-05-02,XOM,CVX,252,0.8399888997558734
2016-05-03,XOM,CVX,252,0.8408831820362205
2016-05-04,XOM,CVX,252,0.8408728123050098
2016-05-05,XOM,CVX,252,0.8408176438884142
2016-05-06,XOM,CVX,252,0.8409171962815125
2016-05-09,XOM,CVX,252,0.8399064223413881
2016-05-10,XOM,CVX,252,0.8396859820091935
2016-05-11,XOM,CVX,252,0.839576552854362
2016-05-12,XOM,CVX,252,0.8400852804423156
2016-05-13,XOM,CVX,252,0.8403585330932061
2016-05-16,XOM,CVX,252,0.840607636033729
2016-05-17,XOM,CVX,252,0.8405082271241473
2016-05-18,XOM,CVX,252,0.8418282332635099
2016-05-19,XOM,CVX,252,0.8410812525043245
2016-05-20,XOM,CVX,252,0.8409812917626878
2016-05-23,XOM,CVX,252,0.8409848719222146
2016-05-24,XOM,CVX,252,0.840300792146814
2016-05-25,XOM,CVX,252,0.8402567148916957
2016-05-26,XOM,CVX,252,0.8402235018810787
2016-05-27,XOM,CVX,252,0.8402720482650325
2016-05-31,XOM,CVX,252,0.8404530541327441
2016-06-01,XOM,CVX,252,0.8404476406073785
2016-06-02,XOM,CVX,252,0.8404472325861198
2016-06-03,XOM,CVX,252,0.8402815945432703
2016-06-06,XOM,CVX,252,0.8400726496723939
2016-06-07,XOM,CVX,252,0.842650772961737
2016-06-08,XOM,CVX,252,0.8426846099821484
2016-06-09,XOM,CVX,252,0.8425901569242971
2016-06-10,XOM,CVX,252,0.8427992490922768
2016-06-13,XOM,CVX,252,0.842297962966485
2016-06-14,XOM,CVX,252,0.8421524248014433
2016-06-15,XOM,CVX,252,0.8422058835780397
2016-06-16,XOM,CVX,252,0.8418871818524344
2016-06-17,XOM,CVX,252,0.8412393980942903
2016-06-20,XOM,CVX,252,0.8412159620912906
2016-06-21,XOM,CVX,252,0.8416455178164561
2016-06-22,XOM,CVX,252,0.8416560138332729
2016-06-23,XOM,CVX,252,0.841195310610625
2016-06-24,XOM,CVX,252,0.842065252593476
2016-06-27,XOM,CVX,252,0.842098216779428
2016-06-28,XOM,CVX,252,0.84103454313962
2016-06-29,XOM,CVX,252,0.8418577452107151
2016-06-30,XOM,CVX,252,0.8424208297685258
2016-07-01,XOM,CVX,252,0.8430534676903398
2016-07-05,XOM,CVX,252,0.8428408295129833
2016-07-06,XOM,CVX,252,0.8429230395530533
2016-07-07,XOM,CVX,252,0.8429485700598053
2016-07-08,XOM,CVX,252,0.843105790543605
2016-07-11,XOM,CVX,252,0.8430748490819729
2016-07-12,XOM,CVX,252,0.8433426532102081
2016-07-13,XOM,CVX,252,0.8432000442753114
2016-07-14,XOM,CVX,252,0.8433540500486277
2016-07-15,XOM,CVX,252,0.8433515364456259
2016-07-18,XOM,CVX,252,0.843591353006217
2016-07-19,XOM,CVX,252,0.8439860661272968
2016-07-20,XOM,CVX,252,0.8446877197283001
2016-07-21,XOM,CVX,252,0.8448609229278058
2016-07-22,XOM,CVX,252,0.844819263806207
2016-07-25,XOM,CVX,252,0.8452220137132743
2016-07-26,XOM,CVX,252,0.8449583380948931
2016-07-27,XOM,CVX,252,0.842960778279815
2016-07-28,XOM,CVX,252,0.842787281713132
2016-07-29,XOM,CVX,252,0.8398907651609284
2016-08-01,XOM,CVX,252,0.8370845313950875
2016-08-02,XOM,CVX,252,0.8363225325001319
2016-08-03,XOM,CVX,252,0.8366568020278153
2016-08-04,XOM,CVX,252,0.8375243262213646
2016-08-05,XOM,CVX,252,0.8372063416978839
2016-08-08,XOM,CVX,252,0.8364242030604694
2016-08-09,XOM,CVX,252,0.8352434806343916
2016-08-10,XOM,CVX,252,0.8354771002686818
2016-08-11,XOM,CVX,252,0.835277906067548
2016-08-12,XOM,CVX,252,0.8353851200499969
2016-08-15,XOM,CVX,252,0.8353664675245421
2016-08-16,XOM,CVX,252,0.8388470294661428
2016-08-17,XOM,CVX,252,0.8400947083847983
2016-08-18,XOM,CVX,252,0.8387548313579402
2016-08-19,XOM,CVX,252,0.8381492450234481
2016-08-22,XOM,CVX,252,0.834237212890469
2016-08-23,XOM,CVX,252,0.8286607125683586
2016-08-24,XOM,CVX,252,0.8329500910951781
2016-08-25,XOM,CVX,252,0.8305879356210268
2016-08-26,XOM,CVX,252,0.8275053570417918
2016-08-29,XOM,CVX,252,0.8326970762248844
2016-08-30,XOM,CVX,252,0.8328067914591433
2016-08-31,XOM,CVX,252,0.8303256995140419
2016-09-01,XOM,CVX,252,0.8331656020598897
2016-09-02,XOM,CVX,252,0.8335217308946764
2016-09-06,XOM,CVX,252,0.8328224307470893
2016-09-07,XOM,CVX,252,0.8337581395689148
2016-09-08,XOM,CVX,252,0.8323629426494084
2016-09-09,XOM,CVX,252,0.8342845642017593
2016-09-12,XOM,CVX,252,0.8343538789780096
2016-09-13,XOM,CVX,252,0.8363825530086001
2016-09-14,XOM,CVX,252,0.8371569124253416
2016-09-15,XOM,CVX,252,0.8360629793168082
2016-09-16,XOM,CVX,252,0.8367050881965601
2016-09-19,XOM,CVX,252,0.8355226424010247
2016-09-20,XOM,CVX,252,0.8345732068249871
2016-09-21,XOM,CVX,252,0.8343810952511981
2016-09-22,XOM,CVX,252,0.8343861227504434
2016-09-23,XOM,CVX,252,0.8340852653628351
2016-09-26,XOM,CVX,252,0.8340096060073074
2016-09-27,XOM,CVX,252,0.8344815110658966
2016-09-28,XOM,CVX,252,0.8349760858619834
2016-09-29,XOM,CVX,252,0.834045898885034
2016-09-30,XOM,CVX,252,0.8342373473408383
2016-10-03,XOM,CVX,252,0.8321980516272965
2016-10-04,XOM,CVX,252,0.8328125291913427
2016-10-05,XOM,CVX,252,0.8334113529979013
2016-10-06,XOM,CVX,252,0.8331970045321823
2016-10-07,XOM,CVX,252,0.8327821483139874
2016-10-10,XOM,CVX,252,0.8335712860007727
2016-10-11,XOM,CVX,252,0.8343980863787773
2016-10-12,XOM,CVX,252,0.8345929032343623
2016-10-13,XOM,CVX,252,0.8341931985562215
2016-10-14,XOM,CVX,252,0.8342219674985566
2016-10-17,XOM,CVX,252,0.834461622574872
2016-10-18,XOM,CVX,252,0.8341265357905001
2016-10-19,XOM,CVX,252,0.8341802049236502
2016-10-20,XOM,CVX,252,0.8338883333990373
2016-10-21,XOM,CVX,252,0.8330912180547323
2016-10-24,XOM,CVX,252,0.8325532565612388
2016-10-25,XOM,CVX,252,0.8306280816102164
2016-10-26,XOM,CVX,252,0.8312181062476114
2016-10-27,XOM,CVX,252,0.8298334801112449
2016-10-28,XOM,CVX,252,0.7987064458440296
2016-10-31,XOM,CVX,252,0.7928618116263325
2016-11-01,XOM,CVX,252,0.7876939603249627
2016-11-02,XOM,CVX,252,0.7856921758109155
2016-11-03,XOM,CVX,252,0.7850587644157321
2016-11-04,XOM,CVX,252,0.7839074449563425
2016-11-07,XOM,CVX,252,0.7850594042834534
2016-11-08,XOM,CVX,252,0.7837026691841505
2016-11-09,XOM,CVX,252,0.7830447648896586
2016-11-10,XOM,CVX,252,0.7819952594754966
2016-11-11,XOM,CVX,252,0.7796971043236779
2016-11-14,XOM,CVX,252,0.7788821006840767
2016-11-15,XOM,CVX,252,0.7743388106956475
2016-11-16,XOM,CVX,252,0.7721680797859504
2016-11-17,XOM,CVX,252,0.7716094886713801
2016-11-18,XOM,CVX,252,0.7712004915360281
2016-11-21,XOM,CVX,252,0.7715588411422001
2016-11-22,XOM,CVX,252,0.7713848751110148
2016-11-23,XOM,CVX,252,0.7708348176861562
2016-11-25,XOM,CVX,252,0.7706233300235033
2016-11-28,XOM,CVX,252,0.770883139412966
2016-11-29,XOM,CVX,252,0.7710533784715271
2016-11-30,XOM,CVX,252,0.7727225612813907
2016-12-01,XOM,CVX,252,0.7685417372105509
2016-12-02,XOM,CVX,252,0.767470407183563
2016-12-05,XOM,CVX,252,0.7671963910675502
2016-12-06,XOM,CVX,252,0.7635340405942089
2016-12-07,XOM,CVX,252,0.7661347955660947
2016-12-08,XOM,CVX,252,0.7655165720840761
2016-12-09,XOM,CVX,252,0.7675261726619658
2016-12-12,XOM,CVX,252,0.7645354670063791
2016-12-13,XOM,CVX,252,0.7590438470075133
2016-12-14,XOM,CVX,252,0.7530945142034312
2016-12-15,XOM,CVX,252,0.7540429921474329
2016-12-16,XOM,CVX,252,0.7523596787757908
2016-12-19,XOM,CVX,252,0.7518945307788432
2016-12-20,XOM,CVX,252,0.7520837869832336
2016-12-21,XOM,CVX,252,0.7520157743838611
2016-12-22,XOM,CVX,252,0.7458015919504075
2016-12-23,XOM,CVX,252,0.7447902037745603
2016-12-27,XOM,CVX,252,0.744462030368238
2016-12-28,XOM,CVX,252,0.7443481410951454
2016-12-29,XOM,CVX,252,0.7432778460917877
2016-12-30,XOM,CVX,252,0.7432609520222561
2017-01-03,XOM,CVX,252,0.7424788722049387
2017-01-04,XOM,CVX,252,0.7411552111765627
2017-01-05,XOM,CVX,252,0.744674307316625
2017-01-06,XOM,CVX,252,0.743013534005462
2017-01-09,XOM,CVX,252,0.7429101937577909
2017-01-10,XOM,CVX,252,0.7417541829089048
2017-01-11,XOM,CVX,252,0.7406537845529796
2017-01-12,XOM,CVX,252,0.7428944749686339
2017-01-13,XOM,CVX,252,0.7295982449340223
2017-01-17,XOM,CVX,252,0.7245261935787862
2017-01-18,XOM,CVX,252,0.721489052705329
2017-01-19,XOM,CVX,252,0.7121053701699663
2017-01-20,XOM,CVX,252,0.7083743646750859
2017-01-23,XOM,CVX,252,0.7014058728796716
2017-01-24,XOM,CVX,252,0.6920262278969092
2017-01-25,XOM,CVX,252,0.6805657688054968
2017-01-26,XOM,CVX,252,0.6786943902615349
2017-01-27,XOM,CVX,252,0.6687438675793526
2017-01-30,XOM,CVX,252,0.6696124258957358
2017-01-31,XOM,CVX,252,0.667459461747999
2017-02-01,XOM,CVX,252,0.6592725831471129
2017-02-02,XOM,CVX,252,0.642366704270729
2017-02-03,XOM,CVX,252,0.6449773156723473
2017-02-06,XOM,CVX,252,0.6524043920704949
2017-02-07,XOM,CVX,252,0.6509443085925111
2017-02-08,XOM,CVX,252,0.6574413979836793
2017-02-09,XOM,CVX,252,0.6589057218198293
2017-02-10,XOM,CVX,252,0.6596154944700258
2017-02-13,XOM,CVX,252,0.6546734469497606
2017-02-14,XOM,CVX,252,0.6546949125482823
2017-02-15,XOM,CVX,252,0.6574424542850723
2017-02-16,XOM,CVX,252,0.6670600391397011
2017-02-17,XOM,CVX,252,0.667477180244199
2017-02-21,XOM,CVX,252,0.6745525955370236
2017-02-22,XOM,CVX,252,0.6778837595768299
2017-02-23,XOM,CVX,252,0.677763112721087
2017-02-24,XOM,CVX,252,0.6793964853429054
2017-02-27,XOM,CVX,252,0.6800588586426197
2017-02-28,XOM,CVX,252,0.6774346110724527
2017-03-01,XOM,CVX,252,0.6757579715809404
2017-03-02,XOM,CVX,252,0.6732655774981507
2017-03-03,XOM,CVX,252,0.6723538565605172
2017-03-06,XOM,CVX,252,0.67147230783705
2017-03-07,XOM,CVX,252,0.6615299487621336
2017-03-08,XOM,CVX,252,0.6601176112731033
2017-03-09,XOM,CVX,252,0.6881100065732021
2017-03-10,XOM,CVX,252,0.6906436375178104
2017-03-13,XOM,CVX,252,0.6903142206433415
2017-03-14,XOM,CVX,252,0.6901522407456118
2017-03-15,XOM,CVX,252,0.6926362791999383
2017-03-16,XOM,CVX,252,0.6924048176196904
2017-03-17,XOM,CVX,252,0.6897611471215132
2017-03-20,XOM,CVX,252,0.6901540028973594
2017-03-21,XOM,CVX,252,0.6889882092538813
2017-03-22,XOM,CVX,252,0.6931739052419366
2017-03-23,XOM,CVX,252,0.6946327928577786
2017-03-24,XOM,CVX,252,0.6943730151374661
2017-03-27,XOM,CVX,252,0.6911501412832013
2017-03-28,XOM,CVX,252,0.6916205959968615
2017-03-29,XOM,CVX,252,0.6914845520166425
2017-03-30,XOM,CVX,252,0.6848020790970202
2017-03-31,XOM,CVX,252,0.6810250757037651
2017-04-03,XOM,CVX,252,0.6830740378729775
2017-04-04,XOM,CVX,252,0.6820989717036982
2017-04-05,XOM,CVX,252,0.6790567519156775
2017-04-06,XOM,CVX,252,0.6808214916715726
2017-04-07,XOM,CVX,252,0.6792708158564155
2017-04-10,XOM,CVX,252,0.6820253378067549
2017-04-11,XOM,CVX,252,0.6798764996319795
2017-04-12,XOM,CVX,252,0.680197335920379
2017-04-13,XOM,CVX,252,0.6841528572567936
2017-04-17,XOM,CVX,252,0.6836296993781223
2017-04-18,XOM,CVX,252,0.6824626464190096
2017-04-19,XOM,CVX,252,0.683886305309659
2017-04-20,XOM,CVX,252,0.6835588714624103
2017-04-21,XOM,CVX,252,0.6835054942710302
2017-04-24,XOM,CVX,252,0.6834953345146908
2017-04-25,XOM,CVX,252,0.6841729016550119
2017-04-26,XOM,CVX,252,0.6842552659898896
2017-04-27,XOM,CVX,252,0.6825509727423154
2017-04-28,XOM,CVX,252,0.6830801810630791
2017-05-01,XOM,CVX,252,0.6810818267998124
2017-05-02,XOM,CVX,252,0.679514176686404
2017-05-03,XOM,CVX,252,0.6784449036000465
2017-05-04,XOM,CVX,252,0.6814892067747446
2017-05-05,XOM,CVX,252,0.6822835937297179
2017-05-08,XOM,CVX,252,0.6830201002342461
2017-05-09,XOM,CVX,252,0.6871303922298606
2017-05-10,XOM,CVX,252,0.6861397538868611
2017-05-11,XOM,CVX,252,0.6838254014225408
2017-05-12,XOM,CVX,252,0.6826135919437232
2017-05-15,XOM,CVX,252,0.6806695231011749
2017-05-16,XOM,CVX,252,0.678132014517331
2017-05-17,XOM,CVX,252,0.6789883525146032
2017-05-18,XOM,CVX,252,0.6783763684570755
2017-05-19,XOM,CVX,252,0.6796300042449407
2017-05-22,XOM,CVX,252,0.6783633637458649
2017-05-23,XOM,CVX,252,0.6783374302153813
2017-05-24,XOM,CVX,252,0.6787685565796007
2017-05-25,XOM,CVX,252,0.6789466176586787
2017-05-26,XOM,CVX,252,0.6789038518013594
2017-05-30,XOM,CVX,252,0.679245760242253
2017-05-31,XOM,CVX,252,0.6782940581290017
2017-06-01,XOM,CVX,252,0.6783152552732992
2017-06-02,XOM,CVX,252,0.6797402170628858
2017-06-05,XOM,CVX,252,0.6790569037584262
2017-06-06,XOM,CVX,252,0.680293932155555
2017-06-07,XOM,CVX,252,0.6764186445699679
2017-06-08,XOM,CVX,252,0.6761463131860528
2017-06-09,XOM,CVX,252,0.6817292676620519
2017-06-12,XOM,CVX,252,0.682591778906583
2017-06-13,XOM,CVX,252,0.6830983953140466
2017-06-14,XOM,CVX,252,0.6853819208061663
2017-06-15,XOM,CVX,252,0.6848278899309878
2017-06-16,XOM,CVX,252,0.6886899467762458
2017-06-19,XOM,CVX,252,0.6912673524791435
2017-06-20,XOM,CVX,252,0.6914242563260719
2017-06-21,XOM,CVX,252,0.6926938708644005
2017-06-22,XOM,CVX,252,0.6925182146159568
2017-06-23,XOM,CVX,252,0.6932084330619809
2017-06-26,XOM,CVX,252,0.6852831584608784
2017-06-27,XOM,CVX,252,0.6853159511935462
2017-06-28,XOM,CVX,252,0.6835182176940524
2017-06-29,XOM,CVX,252,0.678684919105912
2017-06-30,XOM,CVX,252,0.676111285242093
2017-07-03,XOM,CVX,252,0.6815724795461123
2017-07-05,XOM,CVX,252,0.6842994306137932
2017-07-06,XOM,CVX,252,0.6838007076061522
2017-07-07,XOM,CVX,252,0.6811078788790796
2017-07-10,XOM,CVX,252,0.680558146252234
2017-07-11,XOM,CVX,252,0.6798667351575852
2017-07-12,XOM,CVX,252,0.6782062840649288
2017-07-13,XOM,CVX,252,0.6782000603359323
2017-07-14,XOM,CVX,252,0.6783383165868117
2017-07-17,XOM,CVX,252,0.6782921742227025
2017-07-18,XOM,CVX,252,0.6785975902593293
2017-07-19,XOM,CVX,252,0.6788942697704811
2017-07-20,XOM,CVX,252,0.6785994203737601
2017-07-21,XOM,CVX,252,0.6800084812319541
2017-07-24,XOM,CVX,252,0.6798843123944844
2017-07-25,XOM,CVX,252,0.6740101122275052
2017-07-26,XOM,CVX,252,0.6735835075649654
2017-07-27,XOM,CVX,252,0.67395900025414
2017-07-28,XOM,CVX,252,0.6535399303969814
2017-07-31,XOM,CVX,252,0.661341522122197
2017-08-01,XOM,CVX,252,0.6416145779554002
2017-08-02,XOM,CVX,252,0.6407064070657049
2017-08-03,XOM,CVX,252,0.6392615805401525
2017-08-04,XOM,CVX,252,0.6379116101477476
2017-08-07,XOM,CVX,252,0.6378028583391677
2017-08-08,XOM,CVX,252,0.6362980942297867
2017-08-09,XOM,CVX,252,0.6365341815415111
2017-08-10,XOM,CVX,252,0.634291384494795
2017-08-11,XOM,CVX,252,0.6356363481062679
2017-08-14,XOM,CVX,252,0.6343262845245333
2017-08-15,XOM,CVX,252,0.6348292371385305
2017-08-16,XOM,CVX,252,0.6357791563852975
2017-08-17,XOM,CVX,252,0.6371434657223556
2017-08-18,XOM,CVX,252,0.6356439791917445
2017-08-21,XOM,CVX,252,0.6333171265898155
2017-08-22,XOM,CVX,252,0.6345657337601485
2017-08-23,XOM,CVX,252,0.6342309288071752
2017-08-24,XOM,CVX,252,0.631901401614162
2017-08-25,XOM,CVX,252,0.6323262739907194
2017-08-28,XOM,CVX,252,0.6325597638996289
2017-08-29,XOM,CVX,252,0.6317668817589254
2017-08-30,XOM,CVX,252,0.631548561118132
2017-08-31,XOM,CVX,252,0.6310093605781655
2017-09-01,XOM,CVX,252,0.6308835252915971
2017-09-05,XOM,CVX,252,0.6307628994830548
2017-09-06,XOM,CVX,252,0.6348122251519565
2017-09-07,XOM,CVX,252,0.6355551199421123
2017-09-08,XOM,CVX,252,0.6334550585542288
2017-09-11,XOM,CVX,252,0.6216987530551481
2017-09-12,XOM,CVX,252,0.6206281029532716
2017-09-13,XOM,CVX,252,0.6074538576170269
2017-09-14,XOM,CVX,252,0.6061110184697385
2017-09-15,XOM,CVX,252,0.6051666164362255
2017-09-18,XOM,CVX,252,0.6009585622243921
2017-09-19,XOM,CVX,252,0.6007837247974944
2017-09-20,XOM,CVX,252,0.6012590739165982
2017-09-21,XOM,CVX,252,0.5977090367130793
2017-09-22,XOM,CVX,252,0.5971396951612243
2017-09-25,XOM,CVX,252,0.5978767703650447
2017-09-26,XOM,CVX,252,0.5973067094531882
2017-09-27,XOM,CVX,252,0.5960575235176399
2017-09-28,XOM,CVX,252,0.5700593586432914
2017-09-29,XOM,CVX,252,0.5692509534726828
2017-10-02,XOM,CVX,252,0.5660860623629104
2017-10-03,XOM,CVX,252,0.5659525653342268
2017-10-04,XOM,CVX,252,0.563150290919711
2017-10-05,XOM,CVX,252,0.5615912787660371
2017-10-06,XOM,CVX,252,0.5615698333481243
2017-10-09,XOM,CVX,252,0.5622798192780609
2017-10-10,XOM,CVX,252,0.5554562454157068
2017-10-11,XOM,CVX,252,0.5539449240433921
2017-10-12,XOM,CVX,252,0.5524751586210467
2017-10-13,XOM,CVX,252,0.5508061608659304
2017-10-16,XOM,CVX,252,0.5517387204149353
2017-10-17,XOM,CVX,252,0.5517195321051285
2017-10-18,XOM,CVX,252,0.5492953975463247
2017-10-19,XOM,CVX,252,0.5488552505266542
2017-10-20,XOM,CVX,252,0.5495644720721068
2017-10-23,XOM,CVX,252,0.5485626319566849
2017-10-24,XOM,CVX,252,0.5508913022962931
2017-10-25,XOM,CVX,252,0.5514389606430549
2017-10-26,XOM,CVX,252,0.5506308294405283
2017-10-27,XOM,CVX,252,0.5210327318127566
2017-10-30,XOM,CVX,252,0.6016644642445739
2017-10-31,XOM,CVX,252,0.6130874081981025
2017-11-01,XOM,CVX,252,0.6127898281852093
2017-11-02,XOM,CVX,252,0.6136108686947879
2017-11-03,XOM,CVX,252,0.6140962041418168
2017-11-06,XOM,CVX,252,0.615510728909122
2017-11-07,XOM,CVX,252,0.6065251390335945
2017-11-08,XOM,CVX,252,0.6062293825913767
2017-11-09,XOM,CVX,252,0.607586978753235
2017-11-10,XOM,CVX,252,0.6088918556406842
2017-11-13,XOM,CVX,252,0.605622079211459
2017-11-14,XOM,CVX,252,0.6058169358418688
2017-11-15,XOM,CVX,252,0.596261726934576
2017-11-16,XOM,CVX,252,0.6040108975525305
2017-11-17,XOM,CVX,252,0.603440323825288
2017-11-20,XOM,CVX,252,0.6040633699029786
2017-11-21,XOM,CVX,252,0.6025035952170132
2017-11-22,XOM,CVX,252,0.6026483396915071
2017-11-24,XOM,CVX,252,0.6029095770455585
2017-11-27,XOM,CVX,252,0.6036031896294869
2017-11-28,XOM,CVX,252,0.6041514553357692
2017-11-29,XOM,CVX,252,0.6034661804643187
2017-11-30,XOM,CVX,252,0.6001697672009147
2017-12-01,XOM,CVX,252,0.604476918394349
2017-12-04,XOM,CVX,252,0.6033651713954103
2017-12-05,XOM,CVX,252,0.6037685729267219
2017-12-06,XOM,CVX,252,0.6056113888565479
2017-12-07,XOM,CVX,252,0.604099592465772
2017-12-08,XOM,CVX,252,0.6038374198803432
2017-12-11,XOM,CVX,252,0.6034815242468992
2017-12-12,XOM,CVX,252,0.6013172925626833
2017-12-13,XOM,CVX,252,0.606349691668009
2017-12-14,XOM,CVX,252,0.6024839627789601
2017-12-15,XOM,CVX,252,0.6020214862976887
2017-12-18,XOM,CVX,252,0.6015678194374299
2017-12-19,XOM,CVX,252,0.6001401579233858
2017-12-20,XOM,CVX,252,0.6013364088234824
2017-12-21,XOM,CVX,252,0.6065869103937651
2017-12-22,XOM,CVX,252,0.6054804750610709
2017-12-26,XOM,CVX,252,0.6046202844065145
2017-12-27,XOM,CVX,252,0.6047309888818962
2017-12-28,XOM,CVX,252,0.6044271868552463
2017-12-29,XOM,CVX,252,0.6048395127354727
2018-01-02,XOM,CVX,252,0.6123262316411341
2018-01-03,XOM,CVX,252,0.6116299305857821
2018-01-04,XOM,CVX,252,0.6134558296078825
2018-01-05,XOM,CVX,252,0.614747043045283
2018-01-08,XOM,CVX,252,0.615336563657065
2018-01-09,XOM,CVX,252,0.6144679680776446
2018-01-10,XOM,CVX,252,0.6077353003921838
2018-01-11,XOM,CVX,252,0.6089765885131767
2018-01-12,XOM,CVX,252,0.6113232864170149
2018-01-16,XOM,CVX,252,0.6130753261860099
2018-01-17,XOM,CVX,252,0.6154786728473527
2018-01-18,XOM,CVX,252,0.6178042524136347
2018-01-19,XOM,CVX,252,0.6225112137394992
2018-01-22,XOM,CVX,252,0.6293610999880198
2018-01-23,XOM,CVX,252,0.6284558532354783
2018-01-24,XOM,CVX,252,0.6289494674860238
2018-01-25,XOM,CVX,252,0.6288219539923889
2018-01-26,XOM,CVX,252,0.6308787470463475
2018-01-29,XOM,CVX,252,0.6430601187545635
2018-01-30,XOM,CVX,252,0.6483305988153615
2018-01-31,XOM,CVX,252,0.6481149223576428
2018-02-01,XOM,CVX,252,0.6402679436004303
2018-02-02,XOM,CVX,252,0.6948266767994649
2018-02-05,XOM,CVX,252,0.7319313684518766
2018-02-06,XOM,CVX,252,0.6764857031158393
2018-02-07,XOM,CVX,252,0.6794733201893982
2018-02-08,XOM,CVX,252,0.6827886994643028
2018-02-09,XOM,CVX,252,0.683261261199928
2018-02-12,XOM,CVX,252,0.682602045127444
2018-02-13,XOM,CVX,252,0.681892813485891
2018-02-14,XOM,CVX,252,0.6819043561862386
2018-02-15,XOM,CVX,252,0.6820064211122443
2018-02-16,XOM,CVX,252,0.6786519642005977
2018-02-20,XOM,CVX,252,0.6800298742443378
2018-02-21,XOM,CVX,252,0.6834491878569378
2018-02-22,XOM,CVX,252,0.6820498086219219
2018-02-23,XOM,CVX,252,0.6887304717812872
2018-02-26,XOM,CVX,252,0.6914710471683232
2018-02-27,XOM,CVX,252,0.6913282271803219
2018-02-28,XOM,CVX,252,0.6950750590476062
2018-03-01,XOM,CVX,252,0.6928909844100056
2018-03-02,XOM,CVX,252,0.6927572396035214
2018-03-05,XOM,CVX,252,0.696685588578982
2018-03-06,XOM,CVX,252,0.6974615083350173
2018-03-07,XOM,CVX,252,0.6853163768821827
2018-03-08,XOM,CVX,252,0.6807356942393774
2018-03-09,XOM,CVX,252,0.6759736585842508
2018-03-12,XOM,CVX,252,0.6732334340460727
2018-03-13,XOM,CVX,252,0.6734983569555338
2018-03-14,XOM,CVX,252,0.6758175256995143
2018-03-15,XOM,CVX,252,0.6729639109097427
2018-03-16,XOM,CVX,252,0.6721920091057202
2018-03-19,XOM,CVX,252,0.6744139002223151
2018-03-20,XOM,CVX,252,0.6737182936069858
2018-03-21,XOM,CVX,252,0.6778390818658253
2018-03-22,XOM,CVX,252,0.6851992570273372
2018-03-23,XOM,CVX,252,0.6863679948569176
2018-03-26,XOM,CVX,252,0.6911387257389162
2018-03-27,XOM,CVX,252,0.6946024443127274
2018-03-28,XOM,CVX,252,0.6962695782973218
2018-03-29,XOM,CVX,252,0.6991663370527382
2018-04-02,XOM,CVX,252,0.7110891683382613
2018-04-03,XOM,CVX,252,0.7197892810788652
2018-04-04,XOM,CVX,252,0.7198654103435395
2018-04-05,XOM,CVX,252,0.7230920270673572
2018-04-06,XOM,CVX,252,0.7263432991407384
2018-04-09,XOM,CVX,252,0.7250383547088581
2018-04-10,XOM,CVX,252,0.7302415518904407
2018-04-11,XOM,CVX,252,0.7300841945163212
2018-04-12,XOM,CVX,252,0.7298933061192473
2018-04-13,XOM,CVX,252,0.7301507378404691
2018-04-16,XOM,CVX,252,0.72718434383528
2018-04-17,XOM,CVX,252,0.7262450476851859
2018-04-18,XOM,CVX,252,0.7277049554554247
2018-04-19,XOM,CVX,252,0.7268683537073034
2018-04-20,XOM,CVX,252,0.726871472686248
2018-04-23,XOM,CVX,252,0.7276628510310652
2018-04-24,XOM,CVX,252,0.7277347485629916
2018-04-25,XOM,CVX,252,0.7244885599767757
2018-04-26,XOM,CVX,252,0.7252908648817464
2018-04-27,XOM,CVX,252,0.6771546564337384
2018-04-30,XOM,CVX,252,0.6754635050832826
2018-05-01,XOM,CVX,252,0.6773203588708644
2018-05-02,XOM,CVX,252,0.6772093086137956
2018-05-03,XOM,CVX,252,0.6756443870209824
2018-05-04,XOM,CVX,252,0.6719159560405137
2018-05-07,XOM,CVX,252,0.6676788676239507
2018-05-08,XOM,CVX,252,0.6671562203845753
2018-05-09,XOM,CVX,252,0.6695094981548015
2018-05-10,XOM,CVX,252,0.6632165369230063
2018-05-11,XOM,CVX,252,0.6655568686086492
2018-05-14,XOM,CVX,252,0.6656447691225769
2018-05-15,XOM,CVX,252,0.6653414486487826
2018-05-16,XOM,CVX,252,0.6654873155549741
2018-05-17,XOM,CVX,252,0.6638898839119851
2018-05-18,XOM,CVX,252,0.665298315939935
2018-05-21,XOM,CVX,252,0.6672577788388308
2018-05-22,XOM,CVX,252,0.6691860022963759
2018-05-23,XOM,CVX,252,0.6692910518694252
2018-05-24,XOM,CVX,252,0.6728438371885879
2018-05-25,XOM,CVX,252,0.6777072113216347
2018-05-29,XOM,CVX,252,0.6778054483588735
2018-05-30,XOM,CVX,252,0.6869843064519137
2018-05-31,XOM,CVX,252,0.6866547641039588
2018-06-01,XOM,CVX,252,0.6849433500498633
2018-06-04,XOM,CVX,252,0.6848202946723405
2018-06-05,XOM,CVX,252,0.6849035584224419
2018-06-06,XOM,CVX,252,0.6829697275874342
2018-06-07,XOM,CVX,252,0.6827865256379825
2018-06-08,XOM,CVX,252,0.6808047058087148
2018-06-11,XOM,CVX,252,0.6743783121791848
2018-06-12,XOM,CVX,252,0.6733044568171229
2018-06-13,XOM,CVX,252,0.6721462481710633
2018-06-14,XOM,CVX,252,0.6693577363182606
2018-06-15,XOM,CVX,252,0.6727671045273751
2018-06-18,XOM,CVX,252,0.668976114999795
2018-06-19,XOM,CVX,252,0.6681901733566203
2018-06-20,XOM,CVX,252,0.6678439724452384
2018-06-21,XOM,CVX,252,0.6671629334656174
2018-06-22,XOM,CVX,252,0.6711730372156751
2018-06-25,XOM,CVX,252,0.675124212862606
2018-06-26,XOM,CVX,252,0.6761089596062502
2018-06-27,XOM,CVX,252,0.6778060401455003
2018-06-28,XOM,CVX,252,0.6773959840266943
2018-06-29,XOM,CVX,252,0.6781556318351303
2018-07-02,XOM,CVX,252,0.6800432872541692
2018-07-03,XOM,CVX,252,0.6772883214205463
2018-07-05,XOM,CVX,252,0.6742301687122385
2018-07-06,XOM,CVX,252,0.6734900915445506
2018-07-09,XOM,CVX,252,0.6742983479531354
2018-07-10,XOM,CVX,252,0.6753668585663268
2018-07-11,XOM,CVX,252,0.6769261148922583
2018-07-12,XOM,CVX,252,0.6765986236654793
2018-07-13,XOM,CVX,252,0.6754196108528162
2018-07-16,XOM,CVX,252,0.6762406845631067
2018-07-17,XOM,CVX,252,0.6759960869454429
2018-07-18,XOM,CVX,252,0.6758373885416926
2018-07-19,XOM,CVX,252,0.6756257403525038
2018-07-20,XOM,CVX,252,0.6738959017875455
2018-07-23,XOM,CVX,252,0.6721588553160838
2018-07-24,XOM,CVX,252,0.6757385126420181
2018-07-25,XOM,CVX,252,0.6759818528899921
2018-07-26,XOM,CVX,252,0.6731099305137022
2018-07-27,XOM,CVX,252,0.6497694106558178
2018-07-30,XOM,CVX,252,0.6603610635424938
2018-07-31,XOM,CVX,252,0.6595984073537567
2018-08-01,XOM,CVX,252,0.6611321270865023
2018-08-02,XOM,CVX,252,0.6624710189085705
2018-08-03,XOM,CVX,252,0.6629209616654974
2018-08-06,XOM,CVX,252,0.663863380925591
2018-08-07,XOM,CVX,252,0.6640947570363526
2018-08-08,XOM,CVX,252,0.6653240822443174
2018-08-09,XOM,CVX,252,0.6655254886647118
2018-08-10,XOM,CVX,252,0.6645763614195289
2018-08-13,XOM,CVX,252,0.6644811113641744
2018-08-14,XOM,CVX,252,0.6645655288835356
2018-08-15,XOM,CVX,252,0.6680695833632269
2018-08-16,XOM,CVX,252,0.6678410883248106
2018-08-17,XOM,CVX,252,0.6670961035445042
2018-08-20,XOM,CVX,252,0.6662220310670821
2018-08-21,XOM,CVX,252,0.6660398187322487
2018-08-22,XOM,CVX,252,0.6662894343261174
2018-08-23,XOM,CVX,252,0.6670006177652648
2018-08-24,XOM,CVX,252,0.6687999506116462
2018-08-27,XOM,CVX,252,0.6694350241774594
2018-08-28,XOM,CVX,252,0.6693032781113206
2018-08-29,XOM,CVX,252,0.6692340858030569
2018-08-30,XOM,CVX,252,0.6694310421943195
2018-08-31,XOM,CVX,252,0.6697773019637803
2018-09-04,XOM,CVX,252,0.6699124912489528
2018-09-05,XOM,CVX,252,0.6678237789416581
2018-09-06,XOM,CVX,252,0.6644812545126036
2018-09-07,XOM,CVX,252,0.6588501759922945
2018-09-10,XOM,CVX,252,0.6588962037115603
2018-09-11,XOM,CVX,252,0.6584683997152084
2018-09-12,XOM,CVX,252,0.6586896858157112
2018-09-13,XOM,CVX,252,0.6569332598461093
2018-09-14,XOM,CVX,252,0.6574722138733649
2018-09-17,XOM,CVX,252,0.6573176919702841
2018-09-18,XOM,CVX,252,0.6575594197476714
2018-09-19,XOM,CVX,252,0.659182214203189
2018-09-20,XOM,CVX,252,0.6592283466310699
2018-09-21,XOM,CVX,252,0.6598545432733864
2018-09-24,XOM,CVX,252,0.6616705204613456
2018-09-25,XOM,CVX,252,0.6610838527782691
2018-09-26,XOM,CVX,252,0.6620014047063797
2018-09-27,XOM,CVX,252,0.6623825185406628
2018-09-28,XOM,CVX,252,0.6625209880348057
2018-10-01,XOM,CVX,252,0.6635314544382286
2018-10-02,XOM,CVX,252,0.6635348228632866
2018-10-03,XOM,CVX,252,0.6627799677175787
2018-10-04,XOM,CVX,252,0.6628632136768922
2018-10-05,XOM,CVX,252,0.66252023495751
2018-10-08,XOM,CVX,252,0.6606601665425789
2018-10-09,XOM,CVX,252,0.6601608774313069
2018-10-10,XOM,CVX,252,0.6670390511926061
2018-10-11,XOM,CVX,252,0.6771194757009737
2018-10-12,XOM,CVX,252,0.6771769794530458
2018-10-15,XOM,CVX,252,0.677585848080492
2018-10-16,XOM,CVX,252,0.6775045935475299
2018-10-17,XOM,CVX,252,0.6771745631146834
2018-10-18,XOM,CVX,252,0.6784109403762797
2018-10-19,XOM,CVX,252,0.6783525430251178
2018-10-22,XOM,CVX,252,0.6788148341977829
2018-10-23,XOM,CVX,252,0.6815344110327352
2018-10-24,XOM,CVX,252,0.6876475225157002
2018-10-25,XOM,CVX,252,0.6883589902353722
2018-10-26,XOM,CVX,252,0.6876607611899352
2018-10-29,XOM,CVX,252,0.7033894884138401
2018-10-30,XOM,CVX,252,0.7066161281866917
2018-10-31,XOM,CVX,252,0.7090507780169717
2018-11-01,XOM,CVX,252,0.7064873903456566
2018-11-02,XOM,CVX,252,0.7083553117323989
2018-11-05,XOM,CVX,252,0.6951864402563392
2018-11-06,XOM,CVX,252,0.6948033718044594
2018-11-07,XOM,CVX,252,0.6963789407440165
2018-11-08,XOM,CVX,252,0.6976939699979664
2018-11-09,XOM,CVX,252,0.69751134792323
2018-11-12,XOM,CVX,252,0.6991446142634682
2018-11-13,XOM,CVX,252,0.7015046405285856
2018-11-14,XOM,CVX,252,0.7004284895158008
2018-11-15,XOM,CVX,252,0.7017246109361037
2018-11-16,XOM,CVX,252,0.7022337007754837
2018-11-19,XOM,CVX,252,0.7025340981610196
2018-11-20,XOM,CVX,252,0.708117414397881
2018-11-21,XOM,CVX,252,0.7085544623879133
2018-11-23,XOM,CVX,252,0.7144375961101235
2018-11-26,XOM,CVX,252,0.7150639774394414
2018-11-27,XOM,CVX,252,0.7149803888488024
2018-11-28,XOM,CVX,252,0.7173426313434523
2018-11-29,XOM,CVX,252,0.7173192930391376
2018-11-30,XOM,CVX,252,0.7159562196110765
2018-12-03,XOM,CVX,252,0.7171471142536566
2018-12-04,XOM,CVX,252,0.7215203169922979
2018-12-06,XOM,CVX,252,0.7223608157258911
2018-12-07,XOM,CVX,252,0.7219532484700085
2018-12-10,XOM,CVX,252,0.7215836704952564
2018-12-11,XOM,CVX,252,0.7215811474570467
2018-12-12,XOM,CVX,252,0.7205964735706892
2018-12-13,XOM,CVX,252,0.7198290391851236
2018-12-14,XOM,CVX,252,0.721794377157897
2018-12-17,XOM,CVX,252,0.7224285834708286
2018-12-18,XOM,CVX,252,0.7259957245794696
2018-12-19,XOM,CVX,252,0.7276288384580331
2018-12-20,XOM,CVX,252,0.7321732376896459
2018-12-21,XOM,CVX,252,0.732191319604065
2018-12-24,XOM,CVX,252,0.7378820291594864
2018-12-26,XOM,CVX,252,0.7518565546555314
2018-12-27,XOM,CVX,252,0.751579128056671
2018-12-28,XOM,CVX,252,0.7516759982707684
2018-12-31,XOM,CVX,252,0.7516920043700194
2019-01-02,XOM,CVX,252,0.7531919512170123
2019-01-03,XOM,CVX,252,0.7529205442915269
2019-01-04,XOM,CVX,252,0.7546414088917709
2019-01-07,XOM,CVX,252,0.7548612575636423
2019-01-08,XOM,CVX,252,0.7537162419154684
2019-01-09,XOM,CVX,252,0.7536201682333311
2019-01-10,XOM,CVX,252,0.7531988887305613
2019-01-11,XOM,CVX,252,0.754904162985891
2019-01-14,XOM,CVX,252,0.7555617283923733
2019-01-15,XOM,CVX,252,0.7552537378193862
2019-01-16,XOM,CVX,252,0.7548860141493337
2019-01-17,XOM,CVX,252,0.7555443297207644
2019-01-18,XOM,CVX,252,0.7562101689709996
2019-01-22,XOM,CVX,252,0.7573344870365327
2019-01-23,XOM,CVX,252,0.757133270506679
2019-01-24,XOM,CVX,252,0.7565312565441679
2019-01-25,XOM,CVX,252,0.7560487875765913
2019-01-28,XOM,CVX,252,0.7563314552326657
2019-01-29,XOM,CVX,252,0.7558613831712014
2019-01-30,XOM,CVX,252,0.7559457427432307
2019-01-31,XOM,CVX,252,0.7560522524231447
2019-02-01,XOM,CVX,252,0.76104254574062
2019-02-04,XOM,CVX,252,0.7582275876838944
2019-02-05,XOM,CVX,252,0.742980513202126
2019-02-06,XOM,CVX,252,0.7281870257568914
2019-02-07,XOM,CVX,252,0.7558004848983831
2019-02-08,XOM,CVX,252,0.753901026302478
2019-02-11,XOM,CVX,252,0.7533365566319866
2019-02-12,XOM,CVX,252,0.7543010100914708
2019-02-13,XOM,CVX,252,0.7545145953993652
2019-02-14,XOM,CVX,252,0.7545686165824196
2019-02-15,XOM,CVX,252,0.7546792167645029
2019-02-19,XOM,CVX,252,0.7543188598397332
2019-02-20,XOM,CVX,252,0.7549291825685469
2019-02-21,XOM,CVX,252,0.7548186051460062
2019-02-22,XOM,CVX,252,0.7537088993085708
2019-02-25,XOM,CVX,252,0.7535552407334496
2019-02-26,XOM,CVX,252,0.7508907727466
2019-02-27,XOM,CVX,252,0.7486613794027233
2019-02-28,XOM,CVX,252,0.7486376266492863
2019-03-01,XOM,CVX,252,0.7483284521669312
2019-03-04,XOM,CVX,252,0.7488384741841257
2019-03-05,XOM,CVX,252,0.7484875488790086
2019-03-06,XOM,CVX,252,0.7463244570490823
2019-03-07,XOM,CVX,252,0.7411807895610618
2019-03-08,XOM,CVX,252,0.7467342841980682
2019-03-11,XOM,CVX,252,0.7472697687582162
2019-03-12,XOM,CVX,252,0.7518207287416777
2019-03-13,XOM,CVX,252,0.7535516068421003
2019-03-14,XOM,CVX,252,0.7537517242149644
2019-03-15,XOM,CVX,252,0.7521246760129872
2019-03-18,XOM,CVX,252,0.7521884218192765
2019-03-19,XOM,CVX,252,0.7533788245833178
2019-03-20,XOM,CVX,252,0.7513747357200813
2019-03-21,XOM,CVX,252,0.7520781043197131
2019-03-22,XOM,CVX,252,0.7527262600954343
2019-03-25,XOM,CVX,252,0.7494292794934051
2019-03-26,XOM,CVX,252,0.7496937026324336
2019-03-27,XOM,CVX,252,0.7486786152633736
2019-03-28,XOM,CVX,252,0.7484812571095414
2019-03-29,XOM,CVX,252,0.7475135694900876
2019-04-01,XOM,CVX,252,0.7467130272546555
2019-04-02,XOM,CVX,252,0.7448854262244443
2019-04-03,XOM,CVX,252,0.7421768118477158
2019-04-04,XOM,CVX,252,0.7421916343915033
2019-04-05,XOM,CVX,252,0.7405438852712963
2019-04-08,XOM,CVX,252,0.7385354541793664
2019-04-09,XOM,CVX,252,0.7400595971524493
2019-04-10,XOM,CVX,252,0.7360726460500124
2019-04-11,XOM,CVX,252,0.7361024295828867
2019-04-12,XOM,CVX,252,0.7297334187501331
2019-04-15,XOM,CVX,252,0.7290835852980327
2019-04-16,XOM,CVX,252,0.7291508733117424
2019-04-17,XOM,CVX,252,0.7290051062044057
2019-04-18,XOM,CVX,252,0.7281395441858572
2019-04-22,XOM,CVX,252,0.7301285856519805
2019-04-23,XOM,CVX,252,0.7297697081951302
2019-04-24,XOM,CVX,252,0.732556185071445
2019-04-25,XOM,CVX,252,0.7316397778590669
2019-04-26,XOM,CVX,252,0.7317573831526336
2019-04-29,XOM,CVX,252,0.7293950083018913
2019-04-30,XOM,CVX,252,0.7622672033773649
2019-05-01,XOM,CVX,252,0.7651312953742887
2019-05-02,XOM,CVX,252,0.766457038157523
2019-05-03,XOM,CVX,252,0.7668268493627853
2019-05-06,XOM,CVX,252,0.7654857830791307
2019-05-07,XOM,CVX,252,0.7659982112583646
2019-05-08,XOM,CVX,252,0.7678741865062053
2019-05-09,XOM,CVX,252,0.7599664857604858
2019-05-10,XOM,CVX,252,0.7587456235021603
2019-05-13,XOM,CVX,252,0.7639753202158748
2019-05-14,XOM,CVX,252,0.7633591952683406
2019-05-15,XOM,CVX,252,0.7633187533203162
2019-05-16,XOM,CVX,252,0.7634507915276645
2019-05-17,XOM,CVX,252,0.7635572663665133
2019-05-20,XOM,CVX,252,0.764293464871856
2019-05-21,XOM,CVX,252,0.7640664179306771
2019-05-22,XOM,CVX,252,0.7635042808786513
2019-05-23,XOM,CVX,252,0.7658478460455926
2019-05-24,XOM,CVX,252,0.7659461730029175
2019-05-28,XOM,CVX,252,0.7620898096012703
2019-05-29,XOM,CVX,252,0.7598104420356956
2019-05-30,XOM,CVX,252,0.7592475586536578
2019-05-31,XOM,CVX,252,0.7548763783817652
2019-06-03,XOM,CVX,252,0.756587074469292
2019-06-04,XOM,CVX,252,0.7574658266067044
2019-06-05,XOM,CVX,252,0.7554191950157286
2019-06-06,XOM,CVX,252,0.7584110834694582
2019-06-07,XOM,CVX,252,0.7596139816156665
2019-06-10,XOM,CVX,252,0.7603864078037895
2019-06-11,XOM,CVX,252,0.7616601781534332
2019-06-12,XOM,CVX,252,0.7641562986975268
2019-06-13,XOM,CVX,252,0.7643800612859977
2019-06-14,XOM,CVX,252,0.765475280915066
2019-06-17,XOM,CVX,252,0.7662819995904626
2019-06-18,XOM,CVX,252,0.7652558958537482
2019-06-19,XOM,CVX,252,0.766169221260329
2019-06-20,XOM,CVX,252,0.7666894824248627
2019-06-21,XOM,CVX,252,0.7661425911030095
2019-06-24,XOM,CVX,252,0.7651462978446609
2019-06-25,XOM,CVX,252,0.7634001478722623
2019-06-26,XOM,CVX,252,0.7611134677628331
2019-06-27,XOM,CVX,252,0.7605326593927443
2019-06-28,XOM,CVX,252,0.76005766217869
2019-07-01,XOM,CVX,252,0.7603083499105805
2019-07-02,XOM,CVX,252,0.7610356111747532
2019-07-03,XOM,CVX,252,0.7597462080212897
2019-07-05,XOM,CVX,252,0.759377486921336
2019-07-08,XOM,CVX,252,0.7596529927856054
2019-07-09,XOM,CVX,252,0.7596416996462938
2019-07-10,XOM,CVX,252,0.7607804724655717
2019-07-11,XOM,CVX,252,0.7601390653104166
2019-07-12,XOM,CVX,252,0.7604324172175252
2019-07-15,XOM,CVX,252,0.760383880177892
2019-07-16,XOM,CVX,252,0.7614355277967032
2019-07-17,XOM,CVX,252,0.7611342159382155
2019-07-18,XOM,CVX,252,0.7597220013258339
2019-07-19,XOM,CVX,252,0.759785850238041
2019-07-22,XOM,CVX,252,0.7599126690076103
2019-07-23,XOM,CVX,252,0.7615580318242715
2019-07-24,XOM,CVX,252,0.7618786158867245
2019-07-25,XOM,CVX,252,0.7597741066593209
2019-07-26,XOM,CVX,252,0.7578957702544035
2019-07-29,XOM,CVX,252,0.760632432501258
2019-07-30,XOM,CVX,252,0.7820267011553927
2019-07-31,XOM,CVX,252,0.7851925968485487
2019-08-01,XOM,CVX,252,0.7877218929237626
2019-08-02,XOM,CVX,252,0.7868243837659986
2019-08-05,XOM,CVX,252,0.7883042628803715
2019-08-06,XOM,CVX,252,0.7882944756496059
2019-08-07,XOM,CVX,252,0.7882266577965757
2019-08-08,XOM,CVX,252,0.7927475450955377
2019-08-09,XOM,CVX,252,0.7908305265273428
2019-08-12,XOM,CVX,252,0.7909769131589596
2019-08-13,XOM,CVX,252,0.7914390767741718
2019-08-14,XOM,CVX,252,0.7985226574269492
2019-08-15,XOM,CVX,252,0.7988524099561467
2019-08-16,XOM,CVX,252,0.7966992855321978
2019-08-19,XOM,CVX,252,0.7975621062045257
2019-08-20,XOM,CVX,252,0.7977525213408759
2019-08-21,XOM,CVX,252,0.7989795095851276
2019-08-22,XOM,CVX,252,0.7989913954270721
2019-08-23,XOM,CVX,252,0.8010671166180038
2019-08-26,XOM,CVX,252,0.8010067994796087
2019-08-27,XOM,CVX,252,0.799738275099221
2019-08-28,XOM,CVX,252,0.7995174276252148
2019-08-29,XOM,CVX,252,0.7995224240206328
2019-08-30,XOM,CVX,252,0.7996685128003929
2019-09-03,XOM,CVX,252,0.7977928863280623
2019-09-04,XOM,CVX,252,0.7983671483542966
2019-09-05,XOM,CVX,252,0.7972862296449149
2019-09-06,XOM,CVX,252,0.7989987185274843
2019-09-09,XOM,CVX,252,0.8012944152372419
2019-09-10,XOM,CVX,252,0.8065283703792122
2019-09-11,XOM,CVX,252,0.8064603736527823
2019-09-12,XOM,CVX,252,0.8072453017012253
2019-09-13,XOM,CVX,252,0.8063559177551921
2019-09-16,XOM,CVX,252,0.8094992568548417
2019-09-17,XOM,CVX,252,0.8090080778420576
2019-09-18,XOM,CVX,252,0.8088622915471716
2019-09-19,XOM,CVX,252,0.8089037838297827
2019-09-20,XOM,CVX,252,0.8076630238076435
2019-09-23,XOM,CVX,252,0.8077530790082924
2019-09-24,XOM,CVX,252,0.8085466952138824
2019-09-25,XOM,CVX,252,0.8076611373798864
2019-09-26,XOM,CVX,252,0.8042583664038918
2019-09-27,XOM,CVX,252,0.7995355280878935
2019-09-30,XOM,CVX,252,0.7983025865748605
2019-10-01,XOM,CVX,252,0.8009579893401834
2019-10-02,XOM,CVX,252,0.8040783751720395
2019-10-03,XOM,CVX,252,0.8043873355940251
2019-10-04,XOM,CVX,252,0.8045543244307951
2019-10-07,XOM,CVX,252,0.804184372157943
2019-10-08,XOM,CVX,252,0.805192763627896
2019-10-09,XOM,CVX,252,0.8077237441323606
2019-10-10,XOM,CVX,252,0.8089700989030101
2019-10-11,XOM,CVX,252,0.8071386759778583
2019-10-14,XOM,CVX,252,0.8017770874486209
2019-10-15,XOM,CVX,252,0.8017449674304067
2019-10-16,XOM,CVX,252,0.8018585417837795
2019-10-17,XOM,CVX,252,0.8016728993495031
2019-10-18,XOM,CVX,252,0.8021988363631458
2019-10-21,XOM,CVX,252,0.8034835838883794
2019-10-22,XOM,CVX,252,0.8036444319693102
2019-10-23,XOM,CVX,252,0.8026649603468696
2019-10-24,XOM,CVX,252,0.8024817845822817
2019-10-25,XOM,CVX,252,0.7985279500800718
2019-10-28,XOM,CVX,252,0.7977059740182095
2019-10-29,XOM,CVX,252,0.7984852122945528
2019-10-30,XOM,CVX,252,0.8012117246818049
2019-10-31,XOM,CVX,252,0.7998010245676519
2019-11-01,XOM,CVX,252,0.7909834912401119
2019-11-04,XOM,CVX,252,0.798811843045448
2019-11-05,XOM,CVX,252,0.7955795455989135
2019-11-06,XOM,CVX,252,0.8115268304067064
2019-11-07,XOM,CVX,252,0.8130077961277395
2019-11-08,XOM,CVX,252,0.8117504057010244
2019-11-11,XOM,CVX,252,0.8108050957803222
2019-11-12,XOM,CVX,252,0.8087430986779068
2019-11-13,XOM,CVX,252,0.8044598593341221
2019-11-14,XOM,CVX,252,0.8028983110242092
2019-11-15,XOM,CVX,252,0.8026361575782114
2019-11-18,XOM,CVX,252,0.8025822026013743
2019-11-19,XOM,CVX,252,0.8024912078851493
2019-11-20,XOM,CVX,252,0.8024243868401331
2019-11-21,XOM,CVX,252,0.7985222882093186
2019-11-22,XOM,CVX,252,0.798195945091843
2019-11-25,XOM,CVX,252,0.7941087138596404
2019-11-26,XOM,CVX,252,0.7935448436027597
2019-11-27,XOM,CVX,252,0.7934770895425414
2019-11-29,XOM,CVX,252,0.7918911985448076
2019-12-02,XOM,CVX,252,0.7910686784408865
2019-12-03,XOM,CVX,252,0.7916253811181757
2019-12-04,XOM,CVX,252,0.791032239985501
2019-12-05,XOM,CVX,252,0.7882193959556453
2019-12-06,XOM,CVX,252,0.7886248320748125
2019-12-09,XOM,CVX,252,0.7879095368922059
2019-12-10,XOM,CVX,252,0.7864069203251264
2019-12-11,XOM,CVX,252,0.784805309146202
2019-12-12,XOM,CVX,252,0.7880528548959866
2019-12-13,XOM,CVX,252,0.7888407856168672
2019-12-16,XOM,CVX,252,0.7877356985835332
2019-12-17,XOM,CVX,252,0.7871353813615409
2019-12-18,XOM,CVX,252,0.7833461059900483
2019-12-19,XOM,CVX,252,0.7816840348476615
2019-12-20,XOM,CVX,252,0.777327750171373
2019-12-23,XOM,CVX,252,0.7770920222917816
2019-12-24,XOM,CVX,252,0.7699717644486559
2019-12-26,XOM,CVX,252,0.7529236839919571
2019-12-27,XOM,CVX,252,0.7543924167252065
2019-12-30,XOM,CVX,252,0.7542459890662502
2019-12-31,XOM,CVX,252,0.7543884183504999
2020-01-02,XOM,CVX,252,0.7519695572820075
2020-01-03,XOM,CVX,252,0.7498547365154165
2020-01-06,XOM,CVX,252,0.745624489836144
2020-01-07,XOM,CVX,252,0.7463549109358397
2020-01-08,XOM,CVX,252,0.7495224777924299
2020-01-09,XOM,CVX,252,0.7485030783701785
2020-01-10,XOM,CVX,252,0.7496896169514333
2020-01-13,XOM,CVX,252,0.7489419396664675
2020-01-14,XOM,CVX,252,0.7492160976106543
2020-01-15,XOM,CVX,252,0.7493118212326698
2020-01-16,XOM,CVX,252,0.7483707203519638
2020-01-17,XOM,CVX,252,0.747828155507915
2020-01-21,XOM,CVX,252,0.7486871972732672
2020-01-22,XOM,CVX,252,0.7467889213532138
2020-01-23,XOM,CVX,252,0.7454597321742251
2020-01-24,XOM,CVX,252,0.7490079302820957
2020-01-27,XOM,CVX,252,0.7508384184632679
2020-01-28,XOM,CVX,252,0.7497262489951603
2020-01-29,XOM,CVX,252,0.7508270266419638
2020-01-30,XOM,CVX,252,0.7506803741165864
2020-01-31,XOM,CVX,252,0.7610823400515384
2020-02-03,XOM,CVX,252,0.751867999435925
2020-02-04,XOM,CVX,252,0.7566223847953846
2020-02-05,XOM,CVX,252,0.7669324130894597
2020-02-06,XOM,CVX,252,0.7670725180763287
2020-02-07,XOM,CVX,252,0.7670338348871423
2020-02-10,XOM,CVX,252,0.7637469139301923
2020-02-11,XOM,CVX,252,0.765234493668888
2020-02-12,XOM,CVX,252,0.7638319689027658
2020-02-13,XOM,CVX,252,0.7635432554904485
2020-02-14,XOM,CVX,252,0.7636821718126106
2020-02-18,XOM,CVX,252,0.7610636253796726
2020-02-19,XOM,CVX,252,0.7618419227712132
2020-02-20,XOM,CVX,252,0.7621184739175925
2020-02-21,XOM,CVX,252,0.7619915519943201
2020-02-24,XOM,CVX,252,0.7742498346682967
2020-02-25,XOM,CVX,252,0.782924154072731
2020-02-26,XOM,CVX,252,0.7855968891148236
2020-02-27,XOM,CVX,252,0.7957584828529397
2020-02-28,XOM,CVX,252,0.7786442276862684
2020-03-02,XOM,CVX,252,0.7856051392955904
2020-03-03,XOM,CVX,252,0.7863290320078481
2020-03-04,XOM,CVX,252,0.7873348917533187
2020-03-05,XOM,CVX,252,0.7845417843102518
2020-03-06,XOM,CVX,252,0.7889468035272607
2020-03-09,XOM,CVX,252,0.8429947781540195
2020-03-10,XOM,CVX,252,0.846033364611248
2020-03-11,XOM,CVX,252,0.8469138359656817
2020-03-12,XOM,CVX,252,0.8592707416259732
2020-03-13,XOM,CVX,252,0.8430181986383701
2020-03-16,XOM,CVX,252,0.848208410389067
2020-03-17,XOM,CVX,252,0.8376649300408162
2020-03-18,XOM,CVX,252,0.8275904832175135
2020-03-19,XOM,CVX,252,0.8300603621035221
2020-03-20,XOM,CVX,252,0.8067623417500646
2020-03-23,XOM,CVX,252,0.8070764530687106
2020-03-24,XOM,CVX,252,0.8314883023782641
2020-03-25,XOM,CVX,252,0.8320605397966535
2020-03-26,XOM,CVX,252,0.8329789760160415
2020-03-27,XOM,CVX,252,0.8347382735285837
2020-03-30,XOM,CVX,252,0.8346123284864425
2020-03-31,XOM,CVX,252,0.8343198119502876
2020-04-01,XOM,CVX,252,0.8320551679591199
2020-04-02,XOM,CVX,252,0.8389564277464344
2020-04-03,XOM,CVX,252,0.8383473141595933
2020-04-06,XOM,CVX,252,0.8394460834136428
2020-04-07,XOM,CVX,252,0.8389718071276526
2020-04-08,XOM,CVX,252,0.8411081862745344
2020-04-09,XOM,CVX,252,0.8413326612482227
2020-04-13,XOM,CVX,252,0.8408545440086075
2020-04-14,XOM,CVX,252,0.8423017140342466
2020-04-15,XOM,CVX,252,0.8411529306715456
2020-04-16,XOM,CVX,252,0.8415548549741103
2020-04-17,XOM,CVX,252,0.8448230403600083
2020-04-20,XOM,CVX,252,0.8455704457696882
2020-04-21,XOM,CVX,252,0.8450948944813094
2020-04-22,XOM,CVX,252,0.8459049361893162
2020-04-23,XOM,CVX,252,0.8459423996424568
2020-04-24,XOM,CVX,252,0.8461130660915192
2020-04-27,XOM,CVX,252,0.8460238037050143
2020-04-28,XOM,CVX,252,0.8449593181039289
2020-04-29,XOM,CVX,252,0.8464291064897943
2020-04-30,XOM,CVX,252,0.8466088341981219
2020-05-01,XOM,CVX,252,0.8414597902713719
2020-05-04,XOM,CVX,252,0.8407368701206314
2020-05-05,XOM,CVX,252,0.84068684886082
2020-05-06,XOM,CVX,252,0.8409710551817773
2020-05-07,XOM,CVX,252,0.8407680274866289
2020-05-08,XOM,CVX,252,0.8419590592260462
2020-05-11,XOM,CVX,252,0.8418871372449367
2020-05-12,XOM,CVX,252,0.8420175756899557
2020-05-13,XOM,CVX,252,0.8409412725994665
2020-05-14,XOM,CVX,252,0.841091292192951
2020-05-15,XOM,CVX,252,0.8411238925489962
2020-05-18,XOM,CVX,252,0.840644991537316
2020-05-19,XOM,CVX,252,0.8412043132525713
2020-05-20,XOM,CVX,252,0.842012436572764
2020-05-21,XOM,CVX,252,0.8419379976399913
2020-05-22,XOM,CVX,252,0.8409800424593435
2020-05-26,XOM,CVX,252,0.8415952078627907
2020-05-27,XOM,CVX,252,0.8421981657882973
2020-05-28,XOM,CVX,252,0.8427350802023781
2020-05-29,XOM,CVX,252,0.8429089038124966
2020-06-01,XOM,CVX,252,0.8428080226696861
2020-06-02,XOM,CVX,252,0.8428130629679481
2020-06-03,XOM,CVX,252,0.8429482723271904
2020-06-04,XOM,CVX,252,0.8431201950797063
2020-06-05,XOM,CVX,252,0.841318035898981
2020-06-08,XOM,CVX,252,0.8414689801041145
2020-06-09,XOM,CVX,252,0.8415126011321304
2020-06-10,XOM,CVX,252,0.8418919192669436
2020-06-11,XOM,CVX,252,0.8458657327731629
2020-06-12,XOM,CVX,252,0.8462843552834461
2020-06-15,XOM,CVX,252,0.8460749693581711
2020-06-16,XOM,CVX,252,0.8465653116646699
2020-06-17,XOM,CVX,252,0.8467458089287108
2020-06-18,XOM,CVX,252,0.8467861492075986
2020-06-19,XOM,CVX,252,0.8468307532584652
2020-06-22,XOM,CVX,252,0.847071972928766
2020-06-23,XOM,CVX,252,0.8470816924145957
2020-06-24,XOM,CVX,252,0.8478329802859323
2020-06-25,XOM,CVX,252,0.848022847477059
2020-06-26,XOM,CVX,252,0.8484570125700904
2020-06-29,XOM,CVX,252,0.8484804134171919
2020-06-30,XOM,CVX,252,0.848570178945264
2020-07-01,XOM,CVX,252,0.848614809666382
2020-07-02,XOM,CVX,252,0.8487368150186866
2020-07-06,XOM,CVX,252,0.8487356021580736
2020-07-07,XOM,CVX,252,0.84908930621738
2020-07-08,XOM,CVX,252,0.8490921944987855
2020-07-09,XOM,CVX,252,0.8497890697268228
2020-07-10,XOM,CVX,252,0.8502563602487377
2020-07-13,XOM,CVX,252,0.8502572721607617
2020-07-14,XOM,CVX,252,0.8509071306973948
2020-07-15,XOM,CVX,252,0.8508936550394585
2020-07-16,XOM,CVX,252,0.8508945731643042
2020-07-17,XOM,CVX,252,0.8512003705849176
2020-07-20,XOM,CVX,252,0.8514029866175383
2020-07-21,XOM,CVX,252,0.8532891882690604
2020-07-22,XOM,CVX,252,0.852587970347274
2020-07-23,XOM,CVX,252,0.8525887327984688
2020-07-24,XOM,CVX,252,0.852584290166888
2020-07-27,XOM,CVX,252,0.8528521498248013
2020-07-28,XOM,CVX,252,0.85289373023069
2020-07-29,XOM,CVX,252,0.8529541525882212
2020-07-30,XOM,CVX,252,0.8536432209488609
2020-07-31,XOM,CVX,252,0.8519444394360529
2020-08-03,XOM,CVX,252,0.8521123366562707
2020-08-04,XOM,CVX,252,0.8520349080164984
2020-08-05,XOM,CVX,252,0.8521008973760238
2020-08-06,XOM,CVX,252,0.8520372498459821
2020-08-07,XOM,CVX,252,0.851505229849503
2020-08-10,XOM,CVX,252,0.8523641717888379
2020-08-11,XOM,CVX,252,0.8520854429598047
2020-08-12,XOM,CVX,252,0.8519705395103249
2020-08-13,XOM,CVX,252,0.8509429858990276
2020-08-14,XOM,CVX,252,0.85095060610033
2020-08-17,XOM,CVX,252,0.8509075462653864
2020-08-18,XOM,CVX,252,0.8505904089429521
2020-08-19,XOM,CVX,252,0.8506514207792651
2020-08-20,XOM,CVX,252,0.850681138592005
2020-08-21,XOM,CVX,252,0.8505073326161172
2020-08-24,XOM,CVX,252,0.8506794832882881
2020-08-25,XOM,CVX,252,0.8500014432535453
2020-08-26,XOM,CVX,252,0.8502268293889849
2020-08-27,XOM,CVX,252,0.8500807701037498
2020-08-28,XOM,CVX,252,0.8496722092382664
2020-08-31,XOM,CVX,252,0.8498384942380921
2020-09-01,XOM,CVX,252,0.8501713769109689
2020-09-02,XOM,CVX,252,0.850071637476998
2020-09-03,XOM,CVX,252,0.8501997986945908
2020-09-04,XOM,CVX,252,0.8502007067778143
2020-09-08,XOM,CVX,252,0.8504339415472167
2020-09-09,XOM,CVX,252,0.8499135430429114
2020-09-10,XOM,CVX,252,0.8501653384770197
2020-09-11,XOM,CVX,252,0.8501433670877444
2020-09-14,XOM,CVX,252,0.8503118742838497
2020-09-15,XOM,CVX,252,0.8501454729970878
2020-09-16,XOM,CVX,252,0.8502133822875712
2020-09-17,XOM,CVX,252,0.8502788942820735
2020-09-18,XOM,CVX,252,0.8501688932972699
2020-09-21,XOM,CVX,252,0.8504839408964243
2020-09-22,XOM,CVX,252,0.8501275058736973
2020-09-23,XOM,CVX,252,0.8507538659595324
2020-09-24,XOM,CVX,252,0.8508087235222547
2020-09-25,XOM,CVX,252,0.8512200771005455
2020-09-28,XOM,CVX,252,0.8522769164598608
2020-09-29,XOM,CVX,252,0.8528259581271839
2020-09-30,XOM,CVX,252,0.8526403737092974
2020-10-01,XOM,CVX,252,0.8521271689280712
2020-10-02,XOM,CVX,252,0.8518609135745183
2020-10-05,XOM,CVX,252,0.8522173301450656
2020-10-06,XOM,CVX,252,0.8523006595446811
2020-10-07,XOM,CVX,252,0.8520780821183706
2020-10-08,XOM,CVX,252,0.8501288178429333
2020-10-09,XOM,CVX,252,0.8501314724927558
2020-10-12,XOM,CVX,252,0.8499171207808343
2020-10-13,XOM,CVX,252,0.850001027820534
2020-10-14,XOM,CVX,252,0.8499840095788961
2020-10-15,XOM,CVX,252,0.8500512370278346
2020-10-16,XOM,CVX,252,0.8500758509036269
2020-10-19,XOM,CVX,252,0.8502676829116759
2020-10-20,XOM,CVX,252,0.8501205650719665
2020-10-21,XOM,CVX,252,0.8500914497180327
2020-10-22,XOM,CVX,252,0.8503644311564476
2020-10-23,XOM,CVX,252,0.8503331826955327
2020-10-26,XOM,CVX,252,0.8505422647146308
2020-10-27,XOM,CVX,252,0.8507396241318049
2020-10-28,XOM,CVX,252,0.8513671803781518
2020-10-29,XOM,CVX,252,0.8512705251558501
2020-10-30,XOM,CVX,252,0.8506450844672919
2020-11-02,XOM,CVX,252,0.8528815640813138
2020-11-03,XOM,CVX,252,0.8520079362901629
2020-11-04,XOM,CVX,252,0.8525078642844519
2020-11-05,XOM,CVX,252,0.8524047689260293
2020-11-06,XOM,CVX,252,0.8523664990295773
2020-11-09,XOM,CVX,252,0.8577816661621211
2020-11-10,XOM,CVX,252,0.8579312101199709
2020-11-11,XOM,CVX,252,0.8582729521523962
2020-11-12,XOM,CVX,252,0.8586695357243932
2020-11-13,XOM,CVX,252,0.8590362871287713
2020-11-16,XOM,CVX,252,0.8611438346181699
2020-11-17,XOM,CVX,252,0.8604154099907813
2020-11-18,XOM,CVX,252,0.8607513372677841
2020-11-19,XOM,CVX,252,0.8606892505771648
2020-11-20,XOM,CVX,252,0.8606668602812989
2020-11-23,XOM,CVX,252,0.862074423777522
2020-11-24,XOM,CVX,252,0.8626064563036396
2020-11-25,XOM,CVX,252,0.8630067553853578
2020-11-27,XOM,CVX,252,0.8629889475791511
2020-11-30,XOM,CVX,252,0.8637200164009664
2020-12-01,XOM,CVX,252,0.8637352033255289
2020-12-02,XOM,CVX,252,0.8638387563217683
2020-12-03,XOM,CVX,252,0.8637049032770614
2020-12-04,XOM,CVX,252,0.8642907025637334
2020-12-07,XOM,CVX,252,0.8643597044759322
2020-12-08,XOM,CVX,252,0.8635505101485861
2020-12-09,XOM,CVX,252,0.8627877741879744
2020-12-10,XOM,CVX,252,0.8633942358135481
2020-12-11,XOM,CVX,252,0.8631787206184327
2020-12-14,XOM,CVX,252,0.8636502989390828
2020-12-15,XOM,CVX,252,0.862918252184052
2020-12-16,XOM,CVX,252,0.8620804305393245
2020-12-17,XOM,CVX,252,0.8621017311449118
2020-12-18,XOM,CVX,252,0.8621622413061347
2020-12-21,XOM,CVX,252,0.8621260478806976
2020-12-22,XOM,CVX,252,0.8622315504958665
2020-12-23,XOM,CVX,252,0.8623510033584533
2020-12-24,XOM,CVX,252,0.8623496282747659
2020-12-28,XOM,CVX,252,0.8622305958813018
2020-12-29,XOM,CVX,252,0.8621506719483214
2020-12-30,XOM,CVX,252,0.8621700069866968
2020-12-31,XOM,CVX,252,0.8622933439875862
2021-01-04,XOM,CVX,252,0.8622943701391806
2021-01-05,XOM,CVX,252,0.8621114063243721
2021-01-06,XOM,CVX,252,0.8624616354804674
2021-01-07,XOM,CVX,252,0.8624236347692751
2021-01-08,XOM,CVX,252,0.8626046450556853
2021-01-11,XOM,CVX,252,0.8616554017055247
2021-01-12,XOM,CVX,252,0.8618808385632393
2021-01-13,XOM,CVX,252,0.8616734120422218
2021-01-14,XOM,CVX,252,0.8615616753519945
2021-01-15,XOM,CVX,252,0.8619451041882761
2021-01-19,XOM,CVX,252,0.8622169083155363
2021-01-20,XOM,CVX,252,0.8621194621653381
2021-01-21,XOM,CVX,252,0.862522224725956
2021-01-22,XOM,CVX,252,0.8624360620067945
2021-01-25,XOM,CVX,252,0.8624517076432411
2021-01-26,XOM,CVX,252,0.8626283355249434
2021-01-27,XOM,CVX,252,0.8627461170728291
2021-01-28,XOM,CVX,252,0.8627054693445513
2021-01-29,XOM,CVX,252,0.8629303335014397
2021-02-01,XOM,CVX,252,0.8622529388325465
2021-02-02,XOM,CVX,252,0.862454246490535
2021-02-03,XOM,CVX,252,0.8626622941003135
2021-02-04,XOM,CVX,252,0.8620182510655275
2021-02-05,XOM,CVX,252,0.8607137542015032
2021-02-08,XOM,CVX,252,0.8605041170090519
2021-02-09,XOM,CVX,252,0.860938370841396
2021-02-10,XOM,CVX,252,0.8609214220569859
2021-02-11,XOM,CVX,252,0.8603422899081744
2021-02-12,XOM,CVX,252,0.8602742565933141
2021-02-16,XOM,CVX,252,0.8603122746028838
2021-02-17,XOM,CVX,252,0.8606569907430645
2021-02-18,XOM,CVX,252,0.8606362145058534
2021-02-19,XOM,CVX,252,0.8606357014150643
2021-02-22,XOM,CVX,252,0.8608089112069157
2021-02-23,XOM,CVX,252,0.8603308800103914
2021-02-24,XOM,CVX,252,0.8601673500097785
2021-02-25,XOM,CVX,252,0.8598641359099872
2021-02-26,XOM,CVX,252,0.8600971932363749
2021-03-01,XOM,CVX,252,0.8622593020608442
2021-03-02,XOM,CVX,252,0.8619044129123421
2021-03-03,XOM,CVX,252,0.8627631855624939
2021-03-04,XOM,CVX,252,0.861495085701546
2021-03-05,XOM,CVX,252,0.8635854220923699
2021-03-08,XOM,CVX,252,0.8647927667265132
2021-03-09,XOM,CVX,252,0.8549328877498132
2021-03-10,XOM,CVX,252,0.8540661322578483
2021-03-11,XOM,CVX,252,0.8539166575165025
2021-03-12,XOM,CVX,252,0.8527327520783559
2021-03-15,XOM,CVX,252,0.856137617711097
2021-03-16,XOM,CVX,252,0.8520161314577405
2021-03-17,XOM,CVX,252,0.8565476070273004
2021-03-18,XOM,CVX,252,0.8707152057141306
2021-03-19,XOM,CVX,252,0.8699655447008214
2021-03-22,XOM,CVX,252,0.8846256743663208
2021-03-23,XOM,CVX,252,0.8870890155899972
2021-03-24,XOM,CVX,252,0.8898763112199324
2021-03-25,XOM,CVX,252,0.8889386660867133
2021-03-26,XOM,CVX,252,0.8955203302897027
2021-03-29,XOM,CVX,252,0.9012387169488801
2021-03-30,XOM,CVX,252,0.9036304078708131
2021-03-31,XOM,CVX,252,0.9037364950813914
2021-04-01,XOM,CVX,252,0.9081121135394079
2021-04-05,XOM,CVX,252,0.9084614219502771
2021-04-06,XOM,CVX,252,0.9086504435638088
2021-04-07,XOM,CVX,252,0.9123253405036557
2021-04-08,XOM,CVX,252,0.9126444712884892
2021-04-09,XOM,CVX,252,0.9109025351807867
2021-04-12,XOM,CVX,252,0.9107486341308733
2021-04-13,XOM,CVX,252,0.9114687192934887
2021-04-14,XOM,CVX,252,0.9116674268742807
2021-04-15,XOM,CVX,252,0.9118566865520387
2021-04-16,XOM,CVX,252,0.9112771575345157
2021-04-19,XOM,CVX,252,0.9064715841337142
2021-04-20,XOM,CVX,252,0.9054496280485286
2021-04-21,XOM,CVX,252,0.9065181599779244
2021-04-22,XOM,CVX,252,0.9063195070578806
2021-04-23,XOM,CVX,252,0.9058445139224486
2021-04-26,XOM,CVX,252,0.9058584688835656
2021-04-27,XOM,CVX,252,0.9082549873004137
2021-04-28,XOM,CVX,252,0.9096995630522767
2021-04-29,XOM,CVX,252,0.9082334947991212
2021-04-30,XOM,CVX,252,0.9084544425377309
2021-05-03,XOM,CVX,252,0.9125205885477002
2021-05-04,XOM,CVX,252,0.9126263537451977
2021-05-05,XOM,CVX,252,0.9140882288162877
2021-05-06,XOM,CVX,252,0.914150692791119
2021-05-07,XOM,CVX,252,0.9160835509373424
2021-05-10,XOM,CVX,252,0.9154823746857587
2021-05-11,XOM,CVX,252,0.9164396486075942
2021-05-12,XOM,CVX,252,0.9164829547079061
2021-05-13,XOM,CVX,252,0.9169328803268181
2021-05-14,XOM,CVX,252,0.917343714064449
2021-05-17,XOM,CVX,252,0.9172312158435851
2021-05-18,XOM,CVX,252,0.9165874047661068
2021-05-19,XOM,CVX,252,0.916305219357538
2021-05-20,XOM,CVX,252,0.9157721209180147
2021-05-21,XOM,CVX,252,0.9157121713067972
2021-05-24,XOM,CVX,252,0.9171144840148974
2021-05-25,XOM,CVX,252,0.916956110409783
2021-05-26,XOM,CVX,252,0.9167405281792537
2021-05-27,XOM,CVX,252,0.916447460932349
2021-05-28,XOM,CVX,252,0.9159541470894033
2021-06-01,XOM,CVX,252,0.9163735066728512
2021-06-02,XOM,CVX,252,0.9160225694782116
2021-06-03,XOM,CVX,252,0.9155393296597124
2021-06-04,XOM,CVX,252,0.9156064791551298
2021-06-07,XOM,CVX,252,0.9156436638208016
2021-06-08,XOM,CVX,252,0.9151877341031843
2021-06-09,XOM,CVX,252,0.9139912920875713
2021-06-10,XOM,CVX,252,0.9128893279717973
2021-06-11,XOM,CVX,252,0.9070337360487908
2021-06-14,XOM,CVX,252,0.9073605131101561
2021-06-15,XOM,CVX,252,0.9079541221458448
2021-06-16,XOM,CVX,252,0.9079607303784463
2021-06-17,XOM,CVX,252,0.9077612072332134
2021-06-18,XOM,CVX,252,0.9076997008562154
2021-06-21,XOM,CVX,252,0.9082194422670831
2021-06-22,XOM,CVX,252,0.9075015219500283
2021-06-23,XOM,CVX,252,0.9074574087416496
2021-06-24,XOM,CVX,252,0.9057416638457043
2021-06-25,XOM,CVX,252,0.9056657263958533
2021-06-28,XOM,CVX,252,0.9052264486871876
2021-06-29,XOM,CVX,252,0.9050350307415448
2021-06-30,XOM,CVX,252,0.9053499689972206
2021-07-01,XOM,CVX,252,0.904444537455197
2021-07-02,XOM,CVX,252,0.9044152333469281
2021-07-06,XOM,CVX,252,0.9047344391277178
2021-07-07,XOM,CVX,252,0.9042236960142626
2021-07-08,XOM,CVX,252,0.9042739777068355
2021-07-09,XOM,CVX,252,0.9029691253817231
2021-07-12,XOM,CVX,252,0.9022669181587153
2021-07-13,XOM,CVX,252,0.902304918770904
2021-07-14,XOM,CVX,252,0.9019553510799801
2021-07-15,XOM,CVX,252,0.9020375723575633
2021-07-16,XOM,CVX,252,0.9026598557928229
2021-07-19,XOM,CVX,252,0.9032128590143504
2021-07-20,XOM,CVX,252,0.9027395788685164
2021-07-21,XOM,CVX,252,0.9035285883507016
2021-07-22,XOM,CVX,252,0.9049274773161913
2021-07-23,XOM,CVX,252,0.904917753688855
2021-07-26,XOM,CVX,252,0.9052947869114354
2021-07-27,XOM,CVX,252,0.9050331138347723
2021-07-28,XOM,CVX,252,0.9052747711405381
2021-07-29,XOM,CVX,252,0.905268827454434
2021-07-30,XOM,CVX,252,0.9027238407463223
2021-08-02,XOM,CVX,252,0.9071867431549943
2021-08-03,XOM,CVX,252,0.9074591409543691
2021-08-04,XOM,CVX,252,0.9076428958924532
2021-08-05,XOM,CVX,252,0.9075637035064976
2021-08-06,XOM,CVX,252,0.9078632333860054
2021-08-09,XOM,CVX,252,0.9078781044496607
2021-08-10,XOM,CVX,252,0.908096254771279
2021-08-11,XOM,CVX,252,0.9084298113916591
2021-08-12,XOM,CVX,252,0.9091933206761492
2021-08-13,XOM,CVX,252,0.9097052512075562
2021-08-16,XOM,CVX,252,0.9098106287036761
2021-08-17,XOM,CVX,252,0.9110366832064555
2021-08-18,XOM,CVX,252,0.9122650215119867
2021-08-19,XOM,CVX,252,0.9127957771295011
2021-08-20,XOM,CVX,252,0.9126408101415149
2021-08-23,XOM,CVX,252,0.9134467842633267
2021-08-24,XOM,CVX,252,0.9129022979338927
2021-08-25,XOM,CVX,252,0.9136831758741021
2021-08-26,XOM,CVX,252,0.9136200713918583
2021-08-27,XOM,CVX,252,0.9140901720335939
2021-08-30,XOM,CVX,252,0.9143620816036353
2021-08-31,XOM,CVX,252,0.9141132841394494
2021-09-01,XOM,CVX,252,0.9141303493461483
2021-09-02,XOM,CVX,252,0.9147103544740719
2021-09-03,XOM,CVX,252,0.9150120732232185
2021-09-07,XOM,CVX,252,0.9150664327241944
2021-09-08,XOM,CVX,252,0.9155324346752685
2021-09-09,XOM,CVX,252,0.9172094401249077
2021-09-10,XOM,CVX,252,0.9166766711424186
2021-09-13,XOM,CVX,252,0.9169915694191807
2021-09-14,XOM,CVX,252,0.9170741263801107
2021-09-15,XOM,CVX,252,0.9171542157857128
2021-09-16,XOM,CVX,252,0.916717570103672
2021-09-17,XOM,CVX,252,0.9167244461287023
2021-09-20,XOM,CVX,252,0.9172677881862622
2021-09-21,XOM,CVX,252,0.9169889017390233
2021-09-22,XOM,CVX,252,0.9179561008277567
2021-09-23,XOM,CVX,252,0.9188650455513039
2021-09-24,XOM,CVX,252,0.9188546378266951
2021-09-27,XOM,CVX,252,0.9195097204608839
2021-09-28,XOM,CVX,252,0.9198249997001179
2021-09-29,XOM,CVX,252,0.9191542421329499
2021-09-30,XOM,CVX,252,0.9194271302202633
2021-10-01,XOM,CVX,252,0.9197917417087084
2021-10-04,XOM,CVX,252,0.9207591593900765
2021-10-05,XOM,CVX,252,0.9196793303957479
2021-10-06,XOM,CVX,252,0.9195548260673498
2021-10-07,XOM,CVX,252,0.9209556225751834
2021-10-08,XOM,CVX,252,0.92362654156865
2021-10-11,XOM,CVX,252,0.9235299653156044
2021-10-12,XOM,CVX,252,0.9239220029111372
2021-10-13,XOM,CVX,252,0.9234314024029787
2021-10-14,XOM,CVX,252,0.9234893374040156
2021-10-15,XOM,CVX,252,0.923490823739337
2021-10-18,XOM,CVX,252,0.923407162592957
2021-10-19,XOM,CVX,252,0.9230298589114729
2021-10-20,XOM,CVX,252,0.9226873623376414
2021-10-21,XOM,CVX,252,0.9227043366959307
2021-10-22,XOM,CVX,252,0.9218843713260605
2021-10-25,XOM,CVX,252,0.9217232043781314
2021-10-26,XOM,CVX,252,0.9197506905790596
2021-10-27,XOM,CVX,252,0.9198770946498692
2021-10-28,XOM,CVX,252,0.9183977427593273
2021-10-29,XOM,CVX,252,0.9174942357691238
2021-11-01,XOM,CVX,252,0.9184275592526264
2021-11-02,XOM,CVX,252,0.9173378970185821
2021-11-03,XOM,CVX,252,0.9176858664004005
2021-11-04,XOM,CVX,252,0.9178325058003178
2021-11-05,XOM,CVX,252,0.91810942477725
2021-11-08,XOM,CVX,252,0.9178303373455483
2021-11-09,XOM,CVX,252,0.906678543412478
2021-11-10,XOM,CVX,252,0.9105132268413316
2021-11-11,XOM,CVX,252,0.9104246052926138
2021-11-12,XOM,CVX,252,0.9096434360780926
2021-11-15,XOM,CVX,252,0.9081904309105588
2021-11-16,XOM,CVX,252,0.9070699402177371
2021-11-17,XOM,CVX,252,0.9090518807077598
2021-11-18,XOM,CVX,252,0.9076911109103193
2021-11-19,XOM,CVX,252,0.9079519989369712
2021-11-22,XOM,CVX,252,0.9087368097434708
2021-11-23,XOM,CVX,252,0.9055456354986677
2021-11-24,XOM,CVX,252,0.9020102123051545
2021-11-26,XOM,CVX,252,0.9024628493492487
2021-11-29,XOM,CVX,252,0.9023680344833692
2021-11-30,XOM,CVX,252,0.8994378966628076
2021-12-01,XOM,CVX,252,0.8993628475691882
2021-12-02,XOM,CVX,252,0.8986729048146147
2021-12-03,XOM,CVX,252,0.8990211570219395
2021-12-06,XOM,CVX,252,0.8977110523864795
2021-12-07,XOM,CVX,252,0.8977486194769441
2021-12-08,XOM,CVX,252,0.8997713484393137
2021-12-09,XOM,CVX,252,0.903649489866326
2021-12-10,XOM,CVX,252,0.9030681743513798
2021-12-13,XOM,CVX,252,0.9038546270769874
2021-12-14,XOM,CVX,252,0.9019848654281338
2021-12-15,XOM,CVX,252,0.9041487369208946
2021-12-16,XOM,CVX,252,0.9069199314398765
2021-12-17,XOM,CVX,252,0.9072590552911428
2021-12-20,XOM,CVX,252,0.9057017484316123
2021-12-21,XOM,CVX,252,0.9057281887806591
2021-12-22,XOM,CVX,252,0.9054952852281826
2021-12-23,XOM,CVX,252,0.905448950654442
2021-12-27,XOM,CVX,252,0.9051747466813554
2021-12-28,XOM,CVX,252,0.9056755629875556
2021-12-29,XOM,CVX,252,0.9059197133118382
2021-12-30,XOM,CVX,252,0.9059456429186193
2021-12-31,XOM,CVX,252,0.9055307095655327
2022-01-03,XOM,CVX,252,0.9045230526490649
2022-01-04,XOM,CVX,252,0.9037386840200378
2022-01-05,XOM,CVX,252,0.9036595901616782
2022-01-06,XOM,CVX,252,0.902995131534819
2022-01-07,XOM,CVX,252,0.9025587196680326
2022-01-10,XOM,CVX,252,0.9049295793460574
2022-01-11,XOM,CVX,252,0.9045780269576992
2022-01-12,XOM,CVX,252,0.905393389552022
2022-01-13,XOM,CVX,252,0.9048235727730091
2022-01-14,XOM,CVX,252,0.9026286813697044
2022-01-18,XOM,CVX,252,0.9019115437067448
2022-01-19,XOM,CVX,252,0.9017097226612771
2022-01-20,XOM,CVX,252,0.9009434978967988
2022-01-21,XOM,CVX,252,0.9017895711234436
2022-01-24,XOM,CVX,252,0.9014025265664007
2022-01-25,XOM,CVX,252,0.8997920523872127
2022-01-26,XOM,CVX,252,0.8989358373291245
2022-01-27,XOM,CVX,252,0.8984813314228411
2022-01-28,XOM,CVX,252,0.8888886105639228
2022-01-31,XOM,CVX,252,0.8901810672648384
2022-02-01,XOM,CVX,252,0.887647594638113
2022-02-02,XOM,CVX,252,0.8868610896636488
2022-02-03,XOM,CVX,252,0.8889576189910896
2022-02-04,XOM,CVX,252,0.8936808845332275
2022-02-07,XOM,CVX,252,0.8926868002667523
2022-02-08,XOM,CVX,252,0.8930924535333493
2022-02-09,XOM,CVX,252,0.8919716278194327
2022-02-10,XOM,CVX,252,0.8936554694011352
2022-02-11,XOM,CVX,252,0.8944891537279659
2022-02-14,XOM,CVX,252,0.894297849036541
2022-02-15,XOM,CVX,252,0.8960060782641599
2022-02-16,XOM,CVX,252,0.8956889588996219
2022-02-17,XOM,CVX,252,0.8956122773614952
2022-02-18,XOM,CVX,252,0.8938991098955341
2022-02-22,XOM,CVX,252,0.8938503782475223
2022-02-23,XOM,CVX,252,0.8901606078113801
2022-02-24,XOM,CVX,252,0.8899239861990912
2022-02-25,XOM,CVX,252,0.8878904091872099
2022-02-28,XOM,CVX,252,0.8850382790042887
2022-03-01,XOM,CVX,252,0.8788394995439601
2022-03-02,XOM,CVX,252,0.8780882297952757
2022-03-03,XOM,CVX,252,0.8819015949322692
2022-03-04,XOM,CVX,252,0.8786898328878809
2022-03-07,XOM,CVX,252,0.8796341096067197
2022-03-08,XOM,CVX,252,0.8661713685455407
2022-03-09,XOM,CVX,252,0.8646934779956276
2022-03-10,XOM,CVX,252,0.866185556367738
2022-03-11,XOM,CVX,252,0.866349111007917
2022-03-14,XOM,CVX,252,0.8679899433570858
2022-03-15,XOM,CVX,252,0.8729917843251382
2022-03-16,XOM,CVX,252,0.8730254178062735
2022-03-17,XOM,CVX,252,0.8703231877170576
2022-03-18,XOM,CVX,252,0.8693843642291483
2022-03-21,XOM,CVX,252,0.8674554452003146
2022-03-22,XOM,CVX,252,0.8674565805415626
2022-03-23,XOM,CVX,252,0.8673302268878714
2022-03-24,XOM,CVX,252,0.8675531497236337
2022-03-25,XOM,CVX,252,0.8671747882058973
2022-03-28,XOM,CVX,252,0.8679221316042298
2022-03-29,XOM,CVX,252,0.8673343911435318
2022-03-30,XOM,CVX,252,0.8666575911055373
2022-03-31,XOM,CVX,252,0.8682640829250069
2022-04-01,XOM,CVX,252,0.8678456335523101
2022-04-04,XOM,CVX,252,0.8681056297013093
2022-04-05,XOM,CVX,252,0.8681719579730255
2022-04-06,XOM,CVX,252,0.8680385201923033
2022-04-07,XOM,CVX,252,0.8683289042340331
2022-04-08,XOM,CVX,252,0.8688647041984574
2022-04-11,XOM,CVX,252,0.8706605779704835
2022-04-12,XOM,CVX,252,0.8705904706558202
2022-04-13,XOM,CVX,252,0.8707681071056242
2022-04-14,XOM,CVX,252,0.869787106273318
2022-04-18,XOM,CVX,252,0.8698592272747036
2022-04-19,XOM,CVX,252,0.8691040446662414
2022-04-20,XOM,CVX,252,0.8689029083355073
2022-04-21,XOM,CVX,252,0.8596344524595525
2022-04-22,XOM,CVX,252,0.8606370621832405
2022-04-25,XOM,CVX,252,0.861881255650437
2022-04-26,XOM,CVX,252,0.8613927118666234
2022-04-27,XOM,CVX,252,0.8553893383841196
2022-04-28,XOM,CVX,252,0.8563876792812444
2022-04-29,XOM,CVX,252,0.8554718947622737
2022-05-02,XOM,CVX,252,0.85443903496325
2022-05-03,XOM,CVX,252,0.8549470535012264
2022-05-04,XOM,CVX,252,0.8556393017046173
2022-05-05,XOM,CVX,252,0.856237202990937
2022-05-06,XOM,CVX,252,0.8557101155593965
2022-05-09,XOM,CVX,252,0.8664435257235068
2022-05-10,XOM,CVX,252,0.864872571945938
2022-05-11,XOM,CVX,252,0.8651804122001036
2022-05-12,XOM,CVX,252,0.8649520224369934
2022-05-13,XOM,CVX,252,0.8646575820173007
2022-05-16,XOM,CVX,252,0.8651627124582462
2022-05-17,XOM,CVX,252,0.8636029813914965
2022-05-18,XOM,CVX,252,0.8624328920886202
2022-05-19,XOM,CVX,252,0.8616210693249917
2022-05-20,XOM,CVX,252,0.8617390741619821
2022-05-23,XOM,CVX,252,0.8622503991389694
2022-05-24,XOM,CVX,252,0.8615257367154822
2022-05-25,XOM,CVX,252,0.8623206015385408
2022-05-26,XOM,CVX,252,0.8622606103041753
2022-05-27,XOM,CVX,252,0.8630129405116462
2022-05-31,XOM,CVX,252,0.8621431999060782
2022-06-01,XOM,CVX,252,0.8621359345548498
2022-06-02,XOM,CVX,252,0.8626054753957407
2022-06-03,XOM,CVX,252,0.8627280926959959
2022-06-06,XOM,CVX,252,0.8626223509199377
2022-06-07,XOM,CVX,252,0.8613961624843846
2022-06-08,XOM,CVX,252,0.8630172949439799
2022-06-09,XOM,CVX,252,0.8640120292100848
2022-06-10,XOM,CVX,252,0.8643470987664423
2022-06-13,XOM,CVX,252,0.8679570751700607
2022-06-14,XOM,CVX,252,0.8674925669308841
2022-06-15,XOM,CVX,252,0.8674808672772878
2022-06-16,XOM,CVX,252,0.8668407662803747
2022-06-17,XOM,CVX,252,0.8709157146449545
2022-06-21,XOM,CVX,252,0.8721758944739081
2022-06-22,XOM,CVX,252,0.8753752543655942
2022-06-23,XOM,CVX,252,0.8767879177950468
2022-06-24,XOM,CVX,252,0.877229619365279
2022-06-27,XOM,CVX,252,0.8777414662169819
2022-06-28,XOM,CVX,252,0.8770967432241054
2022-06-29,XOM,CVX,252,0.8773528966839136
2022-06-30,XOM,CVX,252,0.8775020020253645
2022-07-01,XOM,CVX,252,0.87814940167417
2022-07-05,XOM,CVX,252,0.879340629913804
2022-07-06,XOM,CVX,252,0.8789940999709794
2022-07-07,XOM,CVX,252,0.8791269844972904
2022-07-08,XOM,CVX,252,0.8788465036162421
2022-07-11,XOM,CVX,252,0.878566729277661
2022-07-12,XOM,CVX,252,0.8787348271208472
2022-07-13,XOM,CVX,252,0.8781156146064586
2022-07-14,XOM,CVX,252,0.8779085778308351
2022-07-15,XOM,CVX,252,0.8780085640593601
2022-07-18,XOM,CVX,252,0.8771960760336239
2022-07-19,XOM,CVX,252,0.8758303650864201
2022-07-20,XOM,CVX,252,0.8759183543323248
2022-07-21,XOM,CVX,252,0.8748243904699234
2022-07-22,XOM,CVX,252,0.8747284187549685
2022-07-25,XOM,CVX,252,0.875867150856911
2022-07-26,XOM,CVX,252,0.8752493480940008
2022-07-27,XOM,CVX,252,0.8755065935759574
2022-07-28,XOM,CVX,252,0.8755217683496525
2022-07-29,XOM,CVX,252,0.8696302323831933
2022-08-01,XOM,CVX,252,0.8709823947893199
2022-08-02,XOM,CVX,252,0.8709730684477842
2022-08-03,XOM,CVX,252,0.8719172207316922
2022-08-04,XOM,CVX,252,0.872238574489097
2022-08-05,XOM,CVX,252,0.8724283609765101
2022-08-08,XOM,CVX,252,0.8721859770896426
2022-08-09,XOM,CVX,252,0.8722547621696078
2022-08-10,XOM,CVX,252,0.8718211480107548
2022-08-11,XOM,CVX,252,0.8726651695594746
2022-08-12,XOM,CVX,252,0.872444911628585
2022-08-15,XOM,CVX,252,0.8728306406873214
2022-08-16,XOM,CVX,252,0.8725141634295105
2022-08-17,XOM,CVX,252,0.8725979290109441
2022-08-18,XOM,CVX,252,0.8723912275890152
2022-08-19,XOM,CVX,252,0.8711658467399221
2022-08-22,XOM,CVX,252,0.8710969813016651
2022-08-23,XOM,CVX,252,0.87187392958663
2022-08-24,XOM,CVX,252,0.8718910921137546
2022-08-25,XOM,CVX,252,0.8719679018491734
2022-08-26,XOM,CVX,252,0.8717711832004865
2022-08-29,XOM,CVX,252,0.8708704871829186
2022-08-30,XOM,CVX,252,0.8719912959780187
2022-08-31,XOM,CVX,252,0.871644489401488
2022-09-01,XOM,CVX,252,0.871857473828256
2022-09-02,XOM,CVX,252,0.8715908781127529
2022-09-06,XOM,CVX,252,0.871632018065877
2022-09-07,XOM,CVX,252,0.8716433408848205
2022-09-08,XOM,CVX,252,0.8715288669646728
2022-09-09,XOM,CVX,252,0.871485370378276
2022-09-12,XOM,CVX,252,0.8715146717836676
2022-09-13,XOM,CVX,252,0.8717419721273789
2022-09-14,XOM,CVX,252,0.8720279270147713
2022-09-15,XOM,CVX,252,0.8719346224042194
2022-09-16,XOM,CVX,252,0.8718597744688482
2022-09-19,XOM,CVX,252,0.8717879502883333
2022-09-20,XOM,CVX,252,0.8710258092612705
2022-09-21,XOM,CVX,252,0.8710827253229857
2022-09-22,XOM,CVX,252,0.8701934570202259
2022-09-23,XOM,CVX,252,0.8727690486874452
2022-09-26,XOM,CVX,252,0.8732664165049376
2022-09-27,XOM,CVX,252,0.871004360272538
2022-09-28,XOM,CVX,252,0.8724427855453493
2022-09-29,XOM,CVX,252,0.8723604962368282
2022-09-30,XOM,CVX,252,0.8719036193509342
2022-10-03,XOM,CVX,252,0.873793852576442
2022-10-04,XOM,CVX,252,0.8753652128811669
2022-10-05,XOM,CVX,252,0.8721750359082296
2022-10-06,XOM,CVX,252,0.8724195403120449
2022-10-07,XOM,CVX,252,0.8726654335771105
2022-10-10,XOM,CVX,252,0.8726694408330429
2022-10-11,XOM,CVX,252,0.8722565591013425
2022-10-12,XOM,CVX,252,0.8723582291702997
2022-10-13,XOM,CVX,252,0.8732517976687465
2022-10-14,XOM,CVX,252,0.8740915611912463
2022-10-17,XOM,CVX,252,0.8739920313411639
2022-10-18,XOM,CVX,252,0.8737582767199966
2022-10-19,XOM,CVX,252,0.8744508567478313
2022-10-20,XOM,CVX,252,0.8745957069002859
2022-10-21,XOM,CVX,252,0.8744815470595164
2022-10-24,XOM,CVX,252,0.8742973627185592
2022-10-25,XOM,CVX,252,0.8731696862917769
2022-10-26,XOM,CVX,252,0.8747598959338072
2022-10-27,XOM,CVX,252,0.874290208076529
2022-10-28,XOM,CVX,252,0.8738419681470941
2022-10-31,XOM,CVX,252,0.8741745145279023
2022-11-01,XOM,CVX,252,0.8753133321180359
2022-11-02,XOM,CVX,252,0.8758756058242615
2022-11-03,XOM,CVX,252,0.8759779007353136
2022-11-04,XOM,CVX,252,0.8760539166814418
2022-11-07,XOM,CVX,252,0.8761034062965798
2022-11-08,XOM,CVX,252,0.8761710229981212
2022-11-09,XOM,CVX,252,0.8783582732748186
2022-11-10,XOM,CVX,252,0.8780540934952589
2022-11-11,XOM,CVX,252,0.878849751105967
2022-11-14,XOM,CVX,252,0.8790670865376414
2022-11-15,XOM,CVX,252,0.8798465294135739
2022-11-16,XOM,CVX,252,0.8800264776958855
2022-11-17,XOM,CVX,252,0.8800658628678412
2022-11-18,XOM,CVX,252,0.88000630846324
2022-11-21,XOM,CVX,252,0.8808192523077414
2022-11-22,XOM,CVX,252,0.8813843158593164
2022-11-23,XOM,CVX,252,0.8809823982986799
2022-11-25,XOM,CVX,252,0.8810268282666573
2022-11-28,XOM,CVX,252,0.8815633734938061
2022-11-29,XOM,CVX,252,0.8812856347488921
2022-11-30,XOM,CVX,252,0.8809432818192571
2022-12-01,XOM,CVX,252,0.8810980352536125
2022-12-02,XOM,CVX,252,0.8807090032786665
2022-12-05,XOM,CVX,252,0.8814840828579747
2022-12-06,XOM,CVX,252,0.8823628244928501
2022-12-07,XOM,CVX,252,0.8822066599908719
2022-12-08,XOM,CVX,252,0.8822457744926794
2022-12-09,XOM,CVX,252,0.8802984060449204
2022-12-12,XOM,CVX,252,0.8799790168803092
2022-12-13,XOM,CVX,252,0.878952836049863
2022-12-14,XOM,CVX,252,0.8791394958959082
2022-12-15,XOM,CVX,252,0.879192753649077
2022-12-16,XOM,CVX,252,0.8794518864798182
2022-12-19,XOM,CVX,252,0.8788106891217664
2022-12-20,XOM,CVX,252,0.8798039470748245
2022-12-21,XOM,CVX,252,0.8797001555711796
2022-12-22,XOM,CVX,252,0.8800067468327549
2022-12-23,XOM,CVX,252,0.8805717540270385
2022-12-27,XOM,CVX,252,0.88070189659659
2022-12-28,XOM,CVX,252,0.8810128749298793
2022-12-29,XOM,CVX,252,0.8810118420919899
2022-12-30,XOM,CVX,252,0.8809836279339059
2023-01-03,XOM,CVX,252,0.8823988481823394
2023-01-04,XOM,CVX,252,0.8826156297624291
2023-01-05,XOM,CVX,252,0.8834185638483606
2023-01-06,XOM,CVX,252,0.8834716612768804
2023-01-09,XOM,CVX,252,0.8837877880720925
2023-01-10,XOM,CVX,252,0.8836381954848292
2023-01-11,XOM,CVX,252,0.8828085192830138
2023-01-12,XOM,CVX,252,0.8830428714146336
2023-01-13,XOM,CVX,252,0.8829629991711074
2023-01-17,XOM,CVX,252,0.8814739717146235
2023-01-18,XOM,CVX,252,0.8816793502421629
2023-01-19,XOM,CVX,252,0.8822283603452701
2023-01-20,XOM,CVX,252,0.882269451717813
2023-01-23,XOM,CVX,252,0.8823462378823733
2023-01-24,XOM,CVX,252,0.8818983521950116
2023-01-25,XOM,CVX,252,0.8820297626754032
2023-01-26,XOM,CVX,252,0.88309287493452
2023-01-27,XOM,CVX,252,0.8814983398883736
2023-01-30,XOM,CVX,252,0.8816139248110075
2023-01-31,XOM,CVX,252,0.8853829307019508
2023-02-01,XOM,CVX,252,0.8855101627530084
2023-02-02,XOM,CVX,252,0.8877149020107346
2023-02-03,XOM,CVX,252,0.8879048686453728
2023-02-06,XOM,CVX,252,0.8877642972825369
2023-02-07,XOM,CVX,252,0.8884300786899957
2023-02-08,XOM,CVX,252,0.8878664098144978
2023-02-09,XOM,CVX,252,0.8872178914169838
2023-02-10,XOM,CVX,252,0.8875888329374663
2023-02-13,XOM,CVX,252,0.8874985407888811
2023-02-14,XOM,CVX,252,0.8854877984127982
2023-02-15,XOM,CVX,252,0.8850606300991627
2023-02-16,XOM,CVX,252,0.8846385360238405
2023-02-17,XOM,CVX,252,0.8846772137109912
2023-02-21,XOM,CVX,252,0.8843382655178156
2023-02-22,XOM,CVX,252,0.8844441566471528
2023-02-23,XOM,CVX,252,0.8844552099069865
2023-02-24,XOM,CVX,252,0.885988359358796
2023-02-27,XOM,CVX,252,0.88603438448708
2023-02-28,XOM,CVX,252,0.8859722422776531
2023-03-01,XOM,CVX,252,0.8873786280756525
2023-03-02,XOM,CVX,252,0.8909998546239303
2023-03-03,XOM,CVX,252,0.8914832639261282
2023-03-06,XOM,CVX,252,0.89177154473016
2023-03-07,XOM,CVX,252,0.8927675091138377
2023-03-08,XOM,CVX,252,0.8924310566545393
2023-03-09,XOM,CVX,252,0.9006512258647437
2023-03-10,XOM,CVX,252,0.9032576605410334
2023-03-13,XOM,CVX,252,0.902454775321555
2023-03-14,XOM,CVX,252,0.9021974256303302
2023-03-15,XOM,CVX,252,0.9038159710430228
2023-03-16,XOM,CVX,252,0.9006742445674051
2023-03-17,XOM,CVX,252,0.9008163416042797
2023-03-20,XOM,CVX,252,0.9006061196224265
2023-03-21,XOM,CVX,252,0.9020976857336594
2023-03-22,XOM,CVX,252,0.9040900858311729
2023-03-23,XOM,CVX,252,0.9041840270592952
2023-03-24,XOM,CVX,252,0.9036516411615361
2023-03-27,XOM,CVX,252,0.903450325185871
2023-03-28,XOM,CVX,252,0.9032430851831854
2023-03-29,XOM,CVX,252,0.9032025170045864
2023-03-30,XOM,CVX,252,0.9031637928995094
2023-03-31,XOM,CVX,252,0.9032679001500659
2023-04-03,XOM,CVX,252,0.9043746927312911
2023-04-04,XOM,CVX,252,0.9043470541276174
2023-04-05,XOM,CVX,252,0.9039867618607134
2023-04-06,XOM,CVX,252,0.9041034281449352
2023-04-10,XOM,CVX,252,0.9036498439978169
2023-04-11,XOM,CVX,252,0.9034965679247714
2023-04-12,XOM,CVX,252,0.9030788259826815
2023-04-13,XOM,CVX,252,0.9021226493193374
2023-04-14,XOM,CVX,252,0.9017840876445101
2023-04-17,XOM,CVX,252,0.90171386934642
2023-04-18,XOM,CVX,252,0.900467217813424
2023-04-19,XOM,CVX,252,0.9004651193699615
2023-04-20,XOM,CVX,252,0.9003553060542029
2023-04-21,XOM,CVX,252,0.9002117540675904
2023-04-24,XOM,CVX,252,0.9057460441162438
2023-04-25,XOM,CVX,252,0.9054853957958475
2023-04-26,XOM,CVX,252,0.9052325597547778
2023-04-27,XOM,CVX,252,0.9053267535459701
2023-04-28,XOM,CVX,252,0.9088779769125505
2023-05-01,XOM,CVX,252,0.9062146184378526
2023-05-02,XOM,CVX,252,0.9075225225386709
2023-05-03,XOM,CVX,252,0.9079569878045686
2023-05-04,XOM,CVX,252,0.9069095429151631
2023-05-05,XOM,CVX,252,0.9064530179095746
2023-05-08,XOM,CVX,252,0.9063504701578636
2023-05-09,XOM,CVX,252,0.9067771813774601
2023-05-10,XOM,CVX,252,0.9018706290071866
2023-05-11,XOM,CVX,252,0.9012568588877077
2023-05-12,XOM,CVX,252,0.9009714525626233
2023-05-15,XOM,CVX,252,0.9010863975247889
2023-05-16,XOM,CVX,252,0.9014159864392847
2023-05-17,XOM,CVX,252,0.9013059908672129
2023-05-18,XOM,CVX,252,0.9009763621924815
2023-05-19,XOM,CVX,252,0.9010234432619462
2023-05-22,XOM,CVX,252,0.9017512235464009
2023-05-23,XOM,CVX,252,0.9007194472986049
2023-05-24,XOM,CVX,252,0.9000736584058943
2023-05-25,XOM,CVX,252,0.9003768219887016
2023-05-26,XOM,CVX,252,0.900022283294212
2023-05-30,XOM,CVX,252,0.9001017902693326
2023-05-31,XOM,CVX,252,0.9003040901692901
2023-06-01,XOM,CVX,252,0.9001740670239009
2023-06-02,XOM,CVX,252,0.9007118956858909
2023-06-05,XOM,CVX,252,0.9007321492924177
2023-06-06,XOM,CVX,252,0.900558544923293
2023-06-07,XOM,CVX,252,0.9009694617754902
2023-06-08,XOM,CVX,252,0.9026244434928072
2023-06-09,XOM,CVX,252,0.9025805243873616
2023-06-12,XOM,CVX,252,0.9022366441316695
2023-06-13,XOM,CVX,252,0.9018893387707672
2023-06-14,XOM,CVX,252,0.8996884195546874
2023-06-15,XOM,CVX,252,0.8997259853326913
2023-06-16,XOM,CVX,252,0.8997643579839016
2023-06-20,XOM,CVX,252,0.8999623713670495
2023-06-21,XOM,CVX,252,0.8973863553626359
2023-06-22,XOM,CVX,252,0.8955523741865229
2023-06-23,XOM,CVX,252,0.8936103159686657
2023-06-26,XOM,CVX,252,0.8928556273514254
2023-06-27,XOM,CVX,252,0.8923524401913849
2023-06-28,XOM,CVX,252,0.8919176089293901
2023-06-29,XOM,CVX,252,0.8919766019989672
2023-06-30,XOM,CVX,252,0.8924564366793668
2023-07-03,XOM,CVX,252,0.8927387066379296
2023-07-05,XOM,CVX,252,0.8929053280583308
2023-07-06,XOM,CVX,252,0.891788501669373
2023-07-07,XOM,CVX,252,0.8913059376649082
2023-07-10,XOM,CVX,252,0.8909947221695521
2023-07-11,XOM,CVX,252,0.8912143079850129
2023-07-12,XOM,CVX,252,0.8911032242091645
2023-07-13,XOM,CVX,252,0.8911404722260512
2023-07-14,XOM,CVX,252,0.8925744567244068
2023-07-17,XOM,CVX,252,0.8921304178434747
2023-07-18,XOM,CVX,252,0.8916873762340007
2023-07-19,XOM,CVX,252,0.8914880829322324
2023-07-20,XOM,CVX,252,0.8912447608320462
2023-07-21,XOM,CVX,252,0.8905792236115313
2023-07-24,XOM,CVX,252,0.8910470307899475
2023-07-25,XOM,CVX,252,0.8908873354631123
2023-07-26,XOM,CVX,252,0.889714380574399
2023-07-27,XOM,CVX,252,0.888710591434092
2023-07-28,XOM,CVX,252,0.8884713375665805
2023-07-31,XOM,CVX,252,0.889544777707333
2023-08-01,XOM,CVX,252,0.8955113026886449
2023-08-02,XOM,CVX,252,0.8950697467918903
2023-08-03,XOM,CVX,252,0.8935131838533377
2023-08-04,XOM,CVX,252,0.8925402921152038
2023-08-07,XOM,CVX,252,0.8916005071257127
2023-08-08,XOM,CVX,252,0.8911592211106463
2023-08-09,XOM,CVX,252,0.8902171089078816
2023-08-10,XOM,CVX,252,0.8899816908183064
2023-08-11,XOM,CVX,252,0.8903038224374876
2023-08-14,XOM,CVX,252,0.8893487238096074
2023-08-15,XOM,CVX,252,0.8905871144634729
2023-08-16,XOM,CVX,252,0.8891781542386287
2023-08-17,XOM,CVX,252,0.8898573237000142
2023-08-18,XOM,CVX,252,0.8896705807209425
2023-08-21,XOM,CVX,252,0.8888143268164033
2023-08-22,XOM,CVX,252,0.8889607067837098
2023-08-23,XOM,CVX,252,0.8883929120744721
2023-08-24,XOM,CVX,252,0.8867715742794426
2023-08-25,XOM,CVX,252,0.8864514930283734
2023-08-28,XOM,CVX,252,0.8865922445625186
2023-08-29,XOM,CVX,252,0.8862844176856016
2023-08-30,XOM,CVX,252,0.8868632063360447
2023-08-31,XOM,CVX,252,0.8862427094404128
2023-09-01,XOM,CVX,252,0.887115979767471
2023-09-05,XOM,CVX,252,0.8854416425207913
2023-09-06,XOM,CVX,252,0.8847874807156328
2023-09-07,XOM,CVX,252,0.8845877829484728
2023-09-08,XOM,CVX,252,0.8839536527618893
2023-09-11,XOM,CVX,252,0.883904786436276
2023-09-12,XOM,CVX,252,0.8843651541597208
2023-09-13,XOM,CVX,252,0.88418421590296
2023-09-14,XOM,CVX,252,0.8830145250539676
2023-09-15,XOM,CVX,252,0.8815019444733739
2023-09-18,XOM,CVX,252,0.8815838656724815
2023-09-19,XOM,CVX,252,0.8813301317486384
2023-09-20,XOM,CVX,252,0.8813080066665083
2023-09-21,XOM,CVX,252,0.8814516231809404
2023-09-22,XOM,CVX,252,0.8813745276547713
2023-09-25,XOM,CVX,252,0.8815492670496642
2023-09-26,XOM,CVX,252,0.8763575703206358
2023-09-27,XOM,CVX,252,0.8759308570615958
2023-09-28,XOM,CVX,252,0.878284239625553
2023-09-29,XOM,CVX,252,0.8765247890434165
2023-10-02,XOM,CVX,252,0.8770057791288971
2023-10-03,XOM,CVX,252,0.8770940407253256
2023-10-04,XOM,CVX,252,0.8731718232330865
2023-10-05,XOM,CVX,252,0.8652582325130747
2023-10-06,XOM,CVX,252,0.8718633205635258
2023-10-09,XOM,CVX,252,0.8731191122098332
2023-10-10,XOM,CVX,252,0.8728766733627115
2023-10-11,XOM,CVX,252,0.8745642157724204
2023-10-12,XOM,CVX,252,0.8750542129616384
2023-10-13,XOM,CVX,252,0.8751816619209983
2023-10-16,XOM,CVX,252,0.8736909143331862
2023-10-17,XOM,CVX,252,0.8726729650254718
2023-10-18,XOM,CVX,252,0.8727600136855382
2023-10-19,XOM,CVX,252,0.8731655405066655
2023-10-20,XOM,CVX,252,0.8720392888042162
2023-10-23,XOM,CVX,252,0.8687694557896654
2023-10-24,XOM,CVX,252,0.8668392604061717
2023-10-25,XOM,CVX,252,0.86681946961348
2023-10-26,XOM,CVX,252,0.8693645705768603
2023-10-27,XOM,CVX,252,0.8522012125869765
2023-10-30,XOM,CVX,252,0.8515812133325757
2023-10-31,XOM,CVX,252,0.8522928789277762
2023-11-01,XOM,CVX,252,0.8518466926891384
2023-11-02,XOM,CVX,252,0.8540983273633278
2023-11-03,XOM,CVX,252,0.8532109737779623
2023-11-06,XOM,CVX,252,0.8516738200554295
2023-11-07,XOM,CVX,252,0.8519824189221439
2023-11-08,XOM,CVX,252,0.8519925079666835
2023-11-09,XOM,CVX,252,0.8520365394429196
2023-11-10,XOM,CVX,252,0.8479144138580783
2023-11-13,XOM,CVX,252,0.8476388007896056
2023-11-14,XOM,CVX,252,0.8453606728595737
2023-11-15,XOM,CVX,252,0.8445910185644642
2023-11-16,XOM,CVX,252,0.8447758206993683
2023-11-17,XOM,CVX,252,0.845729346163743
2023-11-20,XOM,CVX,252,0.8456195088053392
2023-11-21,XOM,CVX,252,0.8455540622120361
2023-11-22,XOM,CVX,252,0.8449793268090012
2023-11-24,XOM,CVX,252,0.8431411172875228
2023-11-27,XOM,CVX,252,0.8431380748261958
2023-11-28,XOM,CVX,252,0.8425108153268819
2023-11-29,XOM,CVX,252,0.8405325445944832
2023-11-30,XOM,CVX,252,0.8406734102276814
2023-12-01,XOM,CVX,252,0.8404424983040609
2023-12-04,XOM,CVX,252,0.840102470944299
2023-12-05,XOM,CVX,252,0.8404431330722257
2023-12-06,XOM,CVX,252,0.837860498074246
2023-12-07,XOM,CVX,252,0.8355993892058061
2023-12-08,XOM,CVX,252,0.8362226576280347
2023-12-11,XOM,CVX,252,0.8360925383256699
2023-12-12,XOM,CVX,252,0.8403131195568776
2023-12-13,XOM,CVX,252,0.8406689301700725
2023-12-14,XOM,CVX,252,0.8427139848904435
2023-12-15,XOM,CVX,252,0.8425920079245226
2023-12-18,XOM,CVX,252,0.8423430278686231
2023-12-19,XOM,CVX,252,0.8428940965210678
2023-12-20,XOM,CVX,252,0.8429264380892908
2023-12-21,XOM,CVX,252,0.8424094506563646
2023-12-22,XOM,CVX,252,0.8420007875094782
2023-12-26,XOM,CVX,252,0.8409848892551041
2023-12-27,XOM,CVX,252,0.8391235220404479
2023-12-28,XOM,CVX,252,0.8391633704035918
2023-12-29,XOM,CVX,252,0.8385092496892401
2024-01-02,XOM,CVX,252,0.8356246667824695
2024-01-03,XOM,CVX,252,0.8348890721934015
2024-01-04,XOM,CVX,252,0.8320285634883962
2024-01-05,XOM,CVX,252,0.8333026078420975
2024-01-08,XOM,CVX,252,0.831647980128114
2024-01-09,XOM,CVX,252,0.8308447075353701
2024-01-10,XOM,CVX,252,0.8314416920078895
2024-01-11,XOM,CVX,252,0.8314974750603231
2024-01-12,XOM,CVX,252,0.8340000174218442
2024-01-16,XOM,CVX,252,0.8351048533334204
2024-01-17,XOM,CVX,252,0.8351929344120987
2024-01-18,XOM,CVX,252,0.837576941892238
2024-01-19,XOM,CVX,252,0.8365745790439993
2024-01-22,XOM,CVX,252,0.8364156349104626
2024-01-23,XOM,CVX,252,0.834705253250039
2024-01-24,XOM,CVX,252,0.8357306173062863
2024-01-25,XOM,CVX,252,0.8379396581808548
2024-01-26,XOM,CVX,252,0.8379604569779916
2024-01-29,XOM,CVX,252,0.8333615861912343
2024-01-30,XOM,CVX,252,0.8373178016630478
2024-01-31,XOM,CVX,252,0.8382602411744811
2024-02-01,XOM,CVX,252,0.8413167210758923
2024-02-02,XOM,CVX,252,0.831619814643776
2024-02-05,XOM,CVX,252,0.8321197386822784
2024-02-06,XOM,CVX,252,0.8318630667710135
2024-02-07,XOM,CVX,252,0.8319233020828376
2024-02-08,XOM,CVX,252,0.8302020844925659
2024-02-09,XOM,CVX,252,0.8329613098061052
2024-02-12,XOM,CVX,252,0.8344797717828069
2024-02-13,XOM,CVX,252,0.8345096946814171
2024-02-14,XOM,CVX,252,0.8340004245389193
2024-02-15,XOM,CVX,252,0.8397510875661656
2024-02-16,XOM,CVX,252,0.8401730861848264
2024-02-20,XOM,CVX,252,0.841203120068475
2024-02-21,XOM,CVX,252,0.8399591349968304
2024-02-22,XOM,CVX,252,0.8408910652335548
2024-02-23,XOM,CVX,252,0.8413290290463761
2024-02-26,XOM,CVX,252,0.8408239715679746
2024-02-27,XOM,CVX,252,0.8395254572830562
2024-02-28,XOM,CVX,252,0.8396864130317543
2024-02-29,XOM,CVX,252,0.8397712105035485
2024-03-01,XOM,CVX,252,0.8394037327884767
2024-03-04,XOM,CVX,252,0.8390599878810865
2024-03-05,XOM,CVX,252,0.8383821486963186
2024-03-06,XOM,CVX,252,0.8350699789576271
2024-03-07,XOM,CVX,252,0.834643064476686
2024-03-08,XOM,CVX,252,0.8347336776757162
2024-03-11,XOM,CVX,252,0.8344867265702341
2024-03-12,XOM,CVX,252,0.8344066894887907
2024-03-13,XOM,CVX,252,0.8347771081553327
2024-03-14,XOM,CVX,252,0.8358731600703929
2024-03-15,XOM,CVX,252,0.8285291363327264
2024-03-18,XOM,CVX,252,0.8285133547205339
2024-03-19,XOM,CVX,252,0.8281205342914565
2024-03-20,XOM,CVX,252,0.8264043912117075
2024-03-21,XOM,CVX,252,0.8228270162837783
2024-03-22,XOM,CVX,252,0.821049952751124
2024-03-25,XOM,CVX,252,0.82098019725961
2024-03-26,XOM,CVX,252,0.8219470419545533
2024-03-27,XOM,CVX,252,0.8222867217361635
2024-03-28,XOM,CVX,252,0.8221026661598583
2024-04-01,XOM,CVX,252,0.8222013539782485
2024-04-02,XOM,CVX,252,0.8208714967758237
2024-04-03,XOM,CVX,252,0.820797126814364
2024-04-04,XOM,CVX,252,0.8134281975707623
2024-04-05,XOM,CVX,252,0.8132042365753638
2024-04-08,XOM,CVX,252,0.8138563024750605
2024-04-09,XOM,CVX,252,0.8131183378495037
2024-04-10,XOM,CVX,252,0.8138721337355732
2024-04-11,XOM,CVX,252,0.8137898796742602
2024-04-12,XOM,CVX,252,0.8145491765628807
2024-04-15,XOM,CVX,252,0.8152355051772548
2024-04-16,XOM,CVX,252,0.8155002737877699
2024-04-17,XOM,CVX,252,0.8151285970823552
2024-04-18,XOM,CVX,252,0.8185648225830902
2024-04-19,XOM,CVX,252,0.8192617914455474
2024-04-22,XOM,CVX,252,0.81903959058104
2024-04-23,XOM,CVX,252,0.8195955625689854
2024-04-24,XOM,CVX,252,0.8185391451078485
2024-04-25,XOM,CVX,252,0.8171059779305547
2024-04-26,XOM,CVX,252,0.807589867634823
2024-04-29,XOM,CVX,252,0.8066294649847506
2024-04-30,XOM,CVX,252,0.8042280746724895
2024-05-01,XOM,CVX,252,0.8081572919283221
2024-05-02,XOM,CVX,252,0.800081757358649
2024-05-03,XOM,CVX,252,0.7981791870090174
2024-05-06,XOM,CVX,252,0.7995404237451303
2024-05-07,XOM,CVX,252,0.7961212518106033
2024-05-08,XOM,CVX,252,0.7967555648609312
2024-05-09,XOM,CVX,252,0.798414772685061
2024-05-10,XOM,CVX,252,0.7971470975785135
2024-05-13,XOM,CVX,252,0.7976791419447831
2024-05-14,XOM,CVX,252,0.7963888817499488
2024-05-15,XOM,CVX,252,0.7951784979678789
2024-05-16,XOM,CVX,252,0.792106962516314
2024-05-17,XOM,CVX,252,0.791605722834413
2024-05-20,XOM,CVX,252,0.7930326633579139
2024-05-21,XOM,CVX,252,0.7932851713932798
2024-05-22,XOM,CVX,252,0.7937731983175229
2024-05-23,XOM,CVX,252,0.7929528284160202
2024-05-24,XOM,CVX,252,0.7930500662331526
2024-05-28,XOM,CVX,252,0.7917389406600539
2024-05-29,XOM,CVX,252,0.7924445949492203
2024-05-30,XOM,CVX,252,0.791997017372117
2024-05-31,XOM,CVX,252,0.7938364065441493
2024-06-03,XOM,CVX,252,0.7966707946534628
2024-06-04,XOM,CVX,252,0.7941570475962852
2024-06-05,XOM,CVX,252,0.7927215655123848
2024-06-06,XOM,CVX,252,0.7931964556158244
2024-06-07,XOM,CVX,252,0.7891878060653996
2024-06-10,XOM,CVX,252,0.7891541763678847
2024-06-11,XOM,CVX,252,0.7889663423526752
2024-06-12,XOM,CVX,252,0.7892361439770041
2024-06-13,XOM,CVX,252,0.7901663158073366
2024-06-14,XOM,CVX,252,0.7893241466382328
2024-06-17,XOM,CVX,252,0.7877499660785006
2024-06-18,XOM,CVX,252,0.7869194844994223
2024-06-20,XOM,CVX,252,0.7863884654661729
2024-06-21,XOM,CVX,252,0.7864760774191633
2024-06-24,XOM,CVX,252,0.7904665903165046
2024-06-25,XOM,CVX,252,0.789388611330418
2024-06-26,XOM,CVX,252,0.7853552850147882
2024-06-27,XOM,CVX,252,0.7856777502813344
2024-06-28,XOM,CVX,252,0.7853460435887608
2024-07-01,XOM,CVX,252,0.7848849390593794
2024-07-02,XOM,CVX,252,0.7840403116080804
2024-07-03,XOM,CVX,252,0.7838640640683276
2024-07-05,XOM,CVX,252,0.7846088293133693
2024-07-08,XOM,CVX,252,0.7812535577799493
2024-07-09,XOM,CVX,252,0.7821033353179607
2024-07-10,XOM,CVX,252,0.7824849338488312
2024-07-11,XOM,CVX,252,0.7807266908953131
2024-07-12,XOM,CVX,252,0.7806943552333862
2024-07-15,XOM,CVX,252,0.7809398607577194
2024-07-16,XOM,CVX,252,0.776082192508441
2024-07-17,XOM,CVX,252,0.7771895424079113
2024-07-18,XOM,CVX,252,0.7776968207064343
2024-07-19,XOM,CVX,252,0.7795220059686839
2024-07-22,XOM,CVX,252,0.7790494537253287
2024-07-23,XOM,CVX,252,0.7814392939953466
2024-07-24,XOM,CVX,252,0.7800161274233738
2024-07-25,XOM,CVX,252,0.7816716026644971
2024-07-26,XOM,CVX,252,0.7813247878861949
2024-07-29,XOM,CVX,252,0.7835337018500955
2024-07-30,XOM,CVX,252,0.7853781255159217
2024-07-31,XOM,CVX,252,0.7808885304232215
2024-08-01,XOM,CVX,252,0.7724757228054244
2024-08-02,XOM,CVX,252,0.7654919118657004
2024-08-05,XOM,CVX,252,0.7705152905755843
2024-08-06,XOM,CVX,252,0.7708974412336621
2024-08-07,XOM,CVX,252,0.7678326900185288
2024-08-08,XOM,CVX,252,0.7695028569646937
2024-08-09,XOM,CVX,252,0.7714411674459811
2024-08-12,XOM,CVX,252,0.7713032460968097
2024-08-13,XOM,CVX,252,0.769975600940807
2024-08-14,XOM,CVX,252,0.7699383406691184
2024-08-15,XOM,CVX,252,0.7654216155554227
2024-08-16,XOM,CVX,252,0.7661148807186955
2024-08-19,XOM,CVX,252,0.764239228575551
2024-08-20,XOM,CVX,252,0.7631015276270523
2024-08-21,XOM,CVX,252,0.7623599578012165
2024-08-22,XOM,CVX,252,0.7620617605968819
2024-08-23,XOM,CVX,252,0.7642095326615936
2024-08-26,XOM,CVX,252,0.7625101804890412
2024-08-27,XOM,CVX,252,0.7632618603266467
2024-08-28,XOM,CVX,252,0.7631654794248512
2024-08-29,XOM,CVX,252,0.7642713553274323
2024-08-30,XOM,CVX,252,0.7644164018938794
2024-09-03,XOM,CVX,252,0.7671170993209361
2024-09-04,XOM,CVX,252,0.7658605673383554
2024-09-05,XOM,CVX,252,0.767843605282284
2024-09-06,XOM,CVX,252,0.7674765317368649
2024-09-09,XOM,CVX,252,0.7686739065187709
2024-09-10,XOM,CVX,252,0.7673798482088952
2024-09-11,XOM,CVX,252,0.7660332069771332
2024-09-12,XOM,CVX,252,0.7645651590686912
2024-09-13,XOM,CVX,252,0.7635620824595396
2024-09-16,XOM,CVX,252,0.7648105823571477
2024-09-17,XOM,CVX,252,0.7663029753593653
2024-09-18,XOM,CVX,252,0.7662721363291857
2024-09-19,XOM,CVX,252,0.766652553108666
2024-09-20,XOM,CVX,252,0.7654174594867126
2024-09-23,XOM,CVX,252,0.7660820117531143
2024-09-24,XOM,CVX,252,0.7662443367225563
2024-09-25,XOM,CVX,252,0.7679151066500197
2024-09-26,XOM,CVX,252,0.7694134068468613
2024-09-27,XOM,CVX,252,0.7710181830603985
2024-09-30,XOM,CVX,252,0.7718941435099497
2024-10-01,XOM,CVX,252,0.772809648204768
2024-10-02,XOM,CVX,252,0.7723585638999927
2024-10-03,XOM,CVX,252,0.7721004407391224
2024-10-04,XOM,CVX,252,0.7652016855155597
2024-10-07,XOM,CVX,252,0.7736595004827082
2024-10-08,XOM,CVX,252,0.7741263787986955
2024-10-09,XOM,CVX,252,0.7691758856586327
2024-10-10,XOM,CVX,252,0.7695826191615319
2024-10-11,XOM,CVX,252,0.7628932139743096
2024-10-14,XOM,CVX,252,0.7629681380820568
2024-10-15,XOM,CVX,252,0.7663486057485561
2024-10-16,XOM,CVX,252,0.7668110588084207
2024-10-17,XOM,CVX,252,0.7619620508765963
2024-10-18,XOM,CVX,252,0.7616848518579264
2024-10-21,XOM,CVX,252,0.7616873081771236
2024-10-22,XOM,CVX,252,0.7603892229669404
2024-10-23,XOM,CVX,252,0.7611937013496723
2024-10-24,XOM,CVX,252,0.7612869788270826
2024-10-25,XOM,CVX,252,0.7615586584406737
2024-10-28,XOM,CVX,252,0.7611224752400465
2024-10-29,XOM,CVX,252,0.7793078669009301
2024-10-30,XOM,CVX,252,0.780132901328161
2024-10-31,XOM,CVX,252,0.7799225621531874
2024-11-01,XOM,CVX,252,0.7573658635402233
2024-11-04,XOM,CVX,252,0.7452279019299828
2024-11-05,XOM,CVX,252,0.7441989756704533
2024-11-06,XOM,CVX,252,0.7472661779392477
2024-11-07,XOM,CVX,252,0.7446681891742172
2024-11-08,XOM,CVX,252,0.7433211779235523
2024-11-11,XOM,CVX,252,0.7434953135207679
2024-11-12,XOM,CVX,252,0.7428157951232018
2024-11-13,XOM,CVX,252,0.7419509968884209
2024-11-14,XOM,CVX,252,0.7383100457288725
2024-11-15,XOM,CVX,252,0.7389700490335254
2024-11-18,XOM,CVX,252,0.737944678594005
2024-11-19,XOM,CVX,252,0.735469879026797
2024-11-20,XOM,CVX,252,0.7364903792791387
2024-11-21,XOM,CVX,252,0.7353427376816576
2024-11-22,XOM,CVX,252,0.735416405444522
2024-11-25,XOM,CVX,252,0.7367474073395862
2024-11-26,XOM,CVX,252,0.7257530650014757
2024-11-27,XOM,CVX,252,0.7266315618630294
2024-11-29,XOM,CVX,252,0.7252369254556283
2024-12-02,XOM,CVX,252,0.7255786716263436
2024-12-03,XOM,CVX,252,0.7258873978630132
2024-12-04,XOM,CVX,252,0.7309373636162421
2024-12-05,XOM,CVX,252,0.7291725266020493
2024-12-06,XOM,CVX,252,0.729842777064454
2024-12-09,XOM,CVX,252,0.7264799082320103
2024-12-10,XOM,CVX,252,0.7255074190766393
2024-12-11,XOM,CVX,252,0.7257799877608064
2024-12-12,XOM,CVX,252,0.7235944893918904
2024-12-13,XOM,CVX,252,0.7233893830336585
2024-12-16,XOM,CVX,252,0.7217001491009171
2024-12-17,XOM,CVX,252,0.7217171698373199
2024-12-18,XOM,CVX,252,0.7234254210961939
2024-12-19,XOM,CVX,252,0.722197334590452
2024-12-20,XOM,CVX,252,0.7211552471695992
2024-12-23,XOM,CVX,252,0.7210135030321564
2024-12-24,XOM,CVX,252,0.7207335445158473
2024-12-26,XOM,CVX,252,0.7210860892943474
2024-12-27,XOM,CVX,252,0.7209909706306303
2024-12-30,XOM,CVX,252,0.7197392469347084
2024-12-31,XOM,CVX,252,0.7210494254536307
2025-01-02,XOM,CVX,252,0.7224397535624683
2025-01-03,XOM,CVX,252,0.722610764798407
2025-01-06,XOM,CVX,252,0.7218599891784362
2025-01-07,XOM,CVX,252,0.7227424347421203
2025-01-08,XOM,CVX,252,0.717845401881077
2025-01-10,XOM,CVX,252,0.7113950130597126
2025-01-13,XOM,CVX,252,0.7122480664519504
2025-01-14,XOM,CVX,252,0.7124805823374367
2025-01-15,XOM,CVX,252,0.7117956202661906
2025-01-16,XOM,CVX,252,0.706316441070917
2025-01-17,XOM,CVX,252,0.7067931417389551
2025-01-21,XOM,CVX,252,0.7069660709160716
2025-01-22,XOM,CVX,252,0.7083937112063686
2025-01-23,XOM,CVX,252,0.7077536707084041
2025-01-24,XOM,CVX,252,0.7089791665570551
2025-01-27,XOM,CVX,252,0.7073970263937107
2025-01-28,XOM,CVX,252,0.7020032773783101
2025-01-29,XOM,CVX,252,0.7009994181715707
2025-01-30,XOM,CVX,252,0.7011050998031189
2025-01-31,XOM,CVX,252,0.7064946691989451
2025-02-03,XOM,CVX,252,0.703653221613881
2025-02-04,XOM,CVX,252,0.7094387054934672
2025-02-05,XOM,CVX,252,0.7209005979591222
2025-02-06,XOM,CVX,252,0.7215020637887422
2025-02-07,XOM,CVX,252,0.7220399664468065
2025-02-10,XOM,CVX,252,0.7247632049240512
2025-02-11,XOM,CVX,252,0.723697734116705
2025-02-12,XOM,CVX,252,0.7222982060833981
2025-02-13,XOM,CVX,252,0.7223821088460861
2025-02-14,XOM,CVX,252,0.7213564565749073
2025-02-18,XOM,CVX,252,0.7212590585957392
2025-02-19,XOM,CVX,252,0.7143759278405655
2025-02-20,XOM,CVX,252,0.715234913535175
2025-02-21,XOM,CVX,252,0.7163310272666149
2025-02-24,XOM,CVX,252,0.7162714294570336
2025-02-25,XOM,CVX,252,0.7171078816340468
2025-02-26,XOM,CVX,252,0.7167761398991513
2025-02-27,XOM,CVX,252,0.7173795834108229
2025-02-28,XOM,CVX,252,0.7195690182069923
2025-03-03,XOM,CVX,252,0.7281013345302556
2025-03-04,XOM,CVX,252,0.728161215479453
2025-03-05,XOM,CVX,252,0.7279990679357975
2025-03-06,XOM,CVX,252,0.7283581388297093
2025-03-07,XOM,CVX,252,0.7296523699669838
2025-03-10,XOM,CVX,252,0.7322273526385883
2025-03-11,XOM,CVX,252,0.7357283488505791
2025-03-12,XOM,CVX,252,0.7351285967666606
2025-03-13,XOM,CVX,252,0.7340561397588851
2025-03-14,XOM,CVX,252,0.7380545565330385
2025-03-17,XOM,CVX,252,0.7380230208213063
2025-03-18,XOM,CVX,252,0.7350480254559407
2025-03-19,XOM,CVX,252,0.7368071661987641
2025-03-20,XOM,CVX,252,0.7379400656710383
2025-03-21,XOM,CVX,252,0.7375378665967592
2025-03-24,XOM,CVX,252,0.7389327141671467
2025-03-25,XOM,CVX,252,0.7391535025874987
2025-03-26,XOM,CVX,252,0.7401944602950975
2025-03-27,XOM,CVX,252,0.7394591542499434
2025-03-28,XOM,CVX,252,0.7390439174159733
2025-03-31,XOM,CVX,252,0.7390799639237343
2025-04-01,XOM,CVX,252,0.7382076461811884
2025-04-02,XOM,CVX,252,0.7373801230764864
2025-04-03,XOM,CVX,252,0.758994375054449
2025-04-04,XOM,CVX,252,0.7892200062516054
2025-04-07,XOM,CVX,252,0.789887175399689
2025-04-08,XOM,CVX,252,0.79204145344441
2025-04-09,XOM,CVX,252,0.8031762287159966
2025-04-10,XOM,CVX,252,0.815824893519877
2025-04-11,XOM,CVX,252,0.8109389026403481
2025-04-14,XOM,CVX,252,0.8107397903260739
2025-04-15,XOM,CVX,252,0.8103079040088612
2025-04-16,XOM,CVX,252,0.8102765854739717
2025-04-17,XOM,CVX,252,0.8111391561998973
2025-04-21,XOM,CVX,252,0.8111208826786804
2025-04-22,XOM,CVX,252,0.8138917849663705
2025-04-23,XOM,CVX,252,0.813361017393175
2025-04-24,XOM,CVX,252,0.8138588758656589
2025-04-25,XOM,CVX,252,0.8137817592593842
2025-04-28,XOM,CVX,252,0.8133616243477986
2025-04-29,XOM,CVX,252,0.8136742793643685
2025-04-30,XOM,CVX,252,0.822974694441097
2025-05-01,XOM,CVX,252,0.8237868776642717
2025-05-02,XOM,CVX,252,0.824256290601771
2025-05-05,XOM,CVX,252,0.825711581441713
2025-05-06,XOM,CVX,252,0.8246692018675615
2025-05-07,XOM,CVX,252,0.82461083904293
2025-05-08,XOM,CVX,252,0.8248154184789774
2025-05-09,XOM,CVX,252,0.8256081366263649
2025-05-12,XOM,CVX,252,0.8265958933084584
2025-05-13,XOM,CVX,252,0.8256252080886476
2025-05-14,XOM,CVX,252,0.8259017283449881
2025-05-15,XOM,CVX,252,0.8261133715412682
2025-05-16,XOM,CVX,252,0.8270459693508019
2025-05-19,XOM,CVX,252,0.8284526780851725
2025-05-20,XOM,CVX,252,0.8286200129436632
2025-05-21,XOM,CVX,252,0.8288022606044231
2025-05-22,XOM,CVX,252,0.8284691619006485
2025-05-23,XOM,CVX,252,0.8278906616733204
2025-05-27,XOM,CVX,252,0.8273343361542539
2025-05-28,XOM,CVX,252,0.8289493895981607
2025-05-29,XOM,CVX,252,0.8290318499401289
2025-05-30,XOM,CVX,252,0.8288346035298976
2025-06-02,XOM,CVX,252,0.828655561594245
2025-06-03,XOM,CVX,252,0.8288787103502246
2025-06-04,XOM,CVX,252,0.8275646950878823
2025-06-05,XOM,CVX,252,0.8256487176661389
2025-06-06,XOM,CVX,252,0.8273972412392775
2025-06-09,XOM,CVX,252,0.8283718441505343
2025-06-10,XOM,CVX,252,0.8292591630248869
2025-06-11,XOM,CVX,252,0.8301412718040008
2025-06-12,XOM,CVX,252,0.8300875242149726
2025-06-13,XOM,CVX,252,0.8290967609328467
2025-06-16,XOM,CVX,252,0.828651041838985
2025-06-17,XOM,CVX,252,0.8289788864840453
2025-06-18,XOM,CVX,252,0.8293135011606108
2025-06-20,XOM,CVX,252,0.8304581200993204
2025-06-23,XOM,CVX,252,0.8316501020877174
2025-06-24,XOM,CVX,252,0.8317066829140788
2025-06-25,XOM,CVX,252,0.8314662880115166
2025-06-26,XOM,CVX,252,0.8295698857263654
2025-06-27,XOM,CVX,252,0.8300887117354462
2025-06-30,XOM,CVX,252,0.8311662173617034
2025-07-01,XOM,CVX,252,0.8317316697429022
2025-07-02,XOM,CVX,252,0.8324808217159133
2025-07-03,XOM,CVX,252,0.8321640974100719
2025-07-07,XOM,CVX,252,0.8327636092710191
2025-07-08,XOM,CVX,252,0.835127390106413
2025-07-09,XOM,CVX,252,0.8346477177651828
2025-07-10,XOM,CVX,252,0.8355916339040343
2025-07-11,XOM,CVX,252,0.8354028949682817
2025-07-14,XOM,CVX,252,0.8354687082779246
2025-07-15,XOM,CVX,252,0.8363767811289755
2025-07-16,XOM,CVX,252,0.8364740448259295
2025-07-17,XOM,CVX,252,0.8342325249434605
2025-07-18,XOM,CVX,252,0.8305868221682293
2025-07-21,XOM,CVX,252,0.8299139059670363
2025-07-22,XOM,CVX,252,0.8299922756784425
2025-07-23,XOM,CVX,252,0.8295868813775616
2025-07-24,XOM,CVX,252,0.8294352167267268
2025-07-25,XOM,CVX,252,0.828627969853126
2025-07-28,XOM,CVX,252,0.8290847639347472
2025-07-29,XOM,CVX,252,0.8280979304896231
2025-07-30,XOM,CVX,252,0.8275655719227325
2025-07-31,XOM,CVX,252,0.8268193919714325
2025-08-01,XOM,CVX,252,0.8240615559062487
2025-08-04,XOM,CVX,252,0.8217772232688382
2025-08-05,XOM,CVX,252,0.8268014440167132
2025-08-06,XOM,CVX,252,0.831428206987872
2025-08-07,XOM,CVX,252,0.8301602540536188
2025-08-08,XOM,CVX,252,0.8303782816301503
2025-08-11,XOM,CVX,252,0.8335414387921916
2025-08-12,XOM,CVX,252,0.8330046396125194
2025-08-13,XOM,CVX,252,0.8332742270504676
2025-08-14,XOM,CVX,252,0.8332533895756601
2025-08-15,XOM,CVX,252,0.832824678050687
2025-08-18,XOM,CVX,252,0.8321870291293391
2025-08-19,XOM,CVX,252,0.8299841875149494
2025-08-20,XOM,CVX,252,0.8305530394901316
2025-08-21,XOM,CVX,252,0.8304641187485502
2025-08-22,XOM,CVX,252,0.8324344188569851
2025-08-25,XOM,CVX,252,0.8330951877274363
2025-08-26,XOM,CVX,252,0.8332138636011965
2025-08-27,XOM,CVX,252,0.8331169090561297
2025-08-28,XOM,CVX,252,0.8344299447395974
2025-08-29,XOM,CVX,252,0.8343104483144165
2025-09-02,XOM,CVX,252,0.8341742929839643
2025-09-03,XOM,CVX,252,0.8356252939544295
2025-09-04,XOM,CVX,252,0.8353899224525955
2025-09-05,XOM,CVX,252,0.8360535000056883
2025-09-08,XOM,CVX,252,0.8355715356012599
2025-09-09,XOM,CVX,252,0.8354440346268625
2025-09-10,XOM,CVX,252,0.8370980767241355
2025-09-11,XOM,CVX,252,0.8368265459298858
2025-09-12,XOM,CVX,252,0.8384814007219821
2025-09-15,XOM,CVX,252,0.8387645921645909
2025-09-16,XOM,CVX,252,0.8389388206660378
2025-09-17,XOM,CVX,252,0.8396842950645376
2025-09-18,XOM,CVX,252,0.8396190476872523
2025-09-19,XOM,CVX,252,0.8396171642055914
2025-09-22,XOM,CVX,252,0.8393718459091425
2025-09-23,XOM,CVX,252,0.8391697059638396
2025-09-24,XOM,CVX,252,0.8400288511945401
2025-09-25,XOM,CVX,252,0.8399525579829353
2025-09-26,XOM,CVX,252,0.8374797976954869
2025-09-29,XOM,CVX,252,0.8381055841941079
2025-09-30,XOM,CVX,252,0.8372968585871886
2025-10-01,XOM,CVX,252,0.8357100452001642
2025-10-02,XOM,CVX,252,0.8354412083140736
2025-10-03,XOM,CVX,252,0.8327592839619734
2025-10-06,XOM,CVX,252,0.8325100853101303
2025-10-07,XOM,CVX,252,0.8327039258806233
2025-10-08,XOM,CVX,252,0.8363065469933241
2025-10-09,XOM,CVX,252,0.836590432314544
2025-10-10,XOM,CVX,252,0.8373746531339223
2025-10-13,XOM,CVX,252,0.8381137335508465
2025-10-14,XOM,CVX,252,0.838002438698102
2025-10-15,XOM,CVX,252,0.8378665346099775
2025-10-16,XOM,CVX,252,0.8376840677257826
2025-10-17,XOM,CVX,252,0.8355613527252013
2025-10-20,XOM,CVX,252,0.8355773893198121
2025-10-21,XOM,CVX,252,0.837937810806958
2025-10-22,XOM,CVX,252,0.838089977560389
2025-10-23,XOM,CVX,252,0.8380588554234276
2025-10-24,XOM,CVX,252,0.8383505920953743
2025-10-27,XOM,CVX,252,0.8379418170457643
2025-10-28,XOM,CVX,252,0.8383091271698626
2025-10-29,XOM,CVX,252,0.8382505369765995
2025-10-30,XOM,CVX,252,0.8385251503150867
2025-10-31,XOM,CVX,252,0.8317673927976436
2025-11-03,XOM,CVX,252,0.8298510294951406
2025-11-04,XOM,CVX,252,0.8294779151850826
2025-11-05,XOM,CVX,252,0.844336183671187
2025-11-06,XOM,CVX,252,0.8489046632190397
2025-11-07,XOM,CVX,252,0.8491391254379558
2025-11-10,XOM,CVX,252,0.8484508744560353
2025-11-11,XOM,CVX,252,0.8482564947779716
2025-11-12,XOM,CVX,252,0.848851597975696
2025-11-13,XOM,CVX,252,0.8485702964065934
2025-11-14,XOM,CVX,252,0.8492860713839465
2025-11-17,XOM,CVX,252,0.8503136494480956
2025-11-18,XOM,CVX,252,0.8522404230202917
2025-11-19,XOM,CVX,252,0.8531238169965851
2025-11-20,XOM,CVX,252,0.8528538047249307
2025-11-21,XOM,CVX,252,0.8529675924624747
2025-11-24,XOM,CVX,252,0.8522005816468107
2025-11-25,XOM,CVX,252,0.8532221506333426
2025-11-26,XOM,CVX,252,0.8533828775378998
2025-11-28,XOM,CVX,252,0.8532811534842368
2025-12-01,XOM,CVX,252,0.8608386489939532
2025-12-02,XOM,CVX,252,0.8611310337444942
2025-12-03,XOM,CVX,252,0.8605015051008323
2025-12-04,XOM,CVX,252,0.8597206611345346
2025-12-05,XOM,CVX,252,0.8592984139631236
2025-12-08,XOM,CVX,252,0.8582655568675395
2025-12-09,XOM,CVX,252,0.8548462441354834
2025-12-10,XOM,CVX,252,0.8556291826868924
2025-12-11,XOM,CVX,252,0.8580710794591717
2025-12-12,XOM,CVX,252,0.8581481138052348
2025-12-15,XOM,CVX,252,0.8576105037580833
2025-12-16,XOM,CVX,252,0.8590124352328439
2025-12-17,XOM,CVX,252,0.85982775795088
2025-12-18,XOM,CVX,252,0.8586658576847557
2025-12-19,XOM,CVX,252,0.8586591412974846
2025-12-22,XOM,CVX,252,0.8589907388403251
2025-12-23,XOM,CVX,252,0.8592781248327508
2025-12-24,XOM,CVX,252,0.8597182068412832
2025-12-26,XOM,CVX,252,0.8597698767244253
2025-12-29,XOM,CVX,252,0.8599132089704479
2025-12-30,XOM,CVX,252,0.8597956012546587
2025-12-31,XOM,CVX,252,0.8594866654069113
2026-01-02,XOM,CVX,252,0.86028676755128
2026-01-05,XOM,CVX,252,0.8574172229484948
2026-01-06,XOM,CVX,252,0.8625501026874639
2026-01-07,XOM,CVX,252,0.8615993608441618
2026-01-08,XOM,CVX,252,0.8626104509566647
2026-01-09,XOM,CVX,252,0.8629832984721452
2026-01-12,XOM,CVX,252,0.8662970343062982
2026-01-13,XOM,CVX,252,0.8694959306711358
2026-01-14,XOM,CVX,252,0.8703409755313531
2026-01-15,XOM,CVX,252,0.8706257215488679
2026-01-16,XOM,CVX,252,0.8705464042944953
2026-01-20,XOM,CVX,252,0.8703945943257568
2026-01-21,XOM,CVX,252,0.8690115877937616
2026-01-22,XOM,CVX,252,0.8695763904303007
2026-01-23,XOM,CVX,252,0.868854386000777
2026-01-26,XOM,CVX,252,0.86902711099006
2026-01-27,XOM,CVX,252,0.870039784915584
2026-01-28,XOM,CVX,252,0.8699181823702415
2026-01-29,XOM,CVX,252,0.8700057498103317
2026-01-30,XOM,CVX,252,0.8660851826076055
2026-02-02,XOM,CVX,252,0.8666699502101088
2026-02-03,XOM,CVX,252,0.8666047710306384
2026-02-04,XOM,CVX,252,0.8669674513178266
2026-02-05,XOM,CVX,252,0.865933279416054
2026-02-06,XOM,CVX,252,0.865419710249217
2026-02-09,XOM,CVX,252,0.8656018110487715
2026-02-10,XOM,CVX,252,0.8654784802503833
2026-02-11,XOM,CVX,252,0.8654431086884045
2026-02-12,XOM,CVX,252,0.8657213913307046
2026-02-13,XOM,CVX,252,0.8637520554202667
2026-02-17,XOM,CVX,252,0.86349869216956
2026-02-18,XOM,CVX,252,0.8639559226063804
2026-02-19,XOM,CVX,252,0.8646719165925147
2026-02-20,XOM,CVX,252,0.8622097989098361
2026-02-23,XOM,CVX,252,0.8601856181155528
2026-02-24,XOM,CVX,252,0.8586488107831876
2026-02-25,XOM,CVX,252,0.8585365446854003
2026-02-26,XOM,CVX,252,0.8582919175338025
2026-02-27,XOM,CVX,252,0.8581644518766703
2026-03-02,XOM,CVX,252,0.8583604543844946
2026-03-03,XOM,CVX,252,0.8574114447402953
2026-03-04,XOM,CVX,252,0.8551345395211002
2026-03-05,XOM,CVX,252,0.8539457386123022
2026-03-06,XOM,CVX,252,0.8545174561843994
2026-03-09,XOM,CVX,252,0.8541876635821637
2026-03-10,XOM,CVX,252,0.8549177290364843
2026-03-11,XOM,CVX,252,0.8576919082487063
2026-03-12,XOM,CVX,252,0.8556953324118021
2026-03-13,XOM,CVX,252,0.8540258160853484
2026-03-16,XOM,CVX,252,0.8545769286174854
2026-03-17,XOM,CVX,252,0.8535686693796015
2026-03-18,XOM,CVX,252,0.8524869111317556
2026-03-19,XOM,CVX,252,0.8532651033536495
2026-03-20,XOM,CVX,252,0.8523660616120688
2026-03-23,XOM,CVX,252,0.8521759923825589
2026-03-24,XOM,CVX,252,0.8503647157389057
2026-03-25,XOM,CVX,252,0.8504659998613903
2026-03-26,XOM,CVX,252,0.8507445656990099
2026-03-27,XOM,CVX,252,0.8496349481590464
2026-03-30,XOM,CVX,252,0.8495059767307526
2026-03-31,XOM,CVX,252,0.8497257980288636
2026-04-01,XOM,CVX,252,0.8553515647464568
2026-04-02,XOM,CVX,252,0.8551120870381748
2026-04-06,XOM,CVX,252,0.8536072785332285
2026-04-07,XOM,CVX,252,0.8449628096141044
2026-04-08,XOM,CVX,252,0.8340067119518584
2026-04-09,XOM,CVX,252,0.8336925052640309
2026-04-10,XOM,CVX,252,0.8323064477479094
2026-04-13,XOM,CVX,252,0.8233753971519675
2026-04-14,XOM,CVX,252,0.8142237436996581
2026-04-15,XOM,CVX,252,0.8184806430241272
2026-04-16,XOM,CVX,252,0.8197270189301364
2026-04-17,XOM,CVX,252,0.8217241335471737
2026-04-20,XOM,CVX,252,0.8203199909882247
2026-04-21,XOM,CVX,252,0.8182645927585299
2026-04-22,XOM,CVX,252,0.8186701085036917
2026-04-23,XOM,CVX,252,0.8163519200177821
2026-04-24,XOM,CVX,252,0.8168069630267418
2026-04-27,XOM,CVX,252,0.8166268219778727
2026-04-28,XOM,CVX,252,0.8174186738329484
2026-04-29,XOM,CVX,252,0.8198262007000364
2026-04-30,XOM,CVX,252,0.8192442282130689
2026-05-01,XOM,CVX,252,0.8172153545675921
2026-05-04,XOM,CVX,252,0.8172573124569135
2026-05-05,XOM,CVX,252,0.8183260309603216
2026-05-06,XOM,CVX,252,0.8222531373024515
2026-05-07,XOM,CVX,252,0.8244497249284283
2026-05-08,XOM,CVX,252,0.824273118714382
2026-05-11,XOM,CVX,252,0.8239104108898903
2026-05-12,XOM,CVX,252,0.823668206958632
2026-05-13,XOM,CVX,252,0.8226462146677204
2026-05-14,XOM,CVX,252,0.8226181787566829
2026-05-15,XOM,CVX,252,0.8241299853017288
2026-05-18,XOM,CVX,252,0.8243233092037818
2026-05-19,XOM,CVX,252,0.8247286549130745
2026-05-20,XOM,CVX,252,0.8279864938719624
2026-05-21,XOM,CVX,252,0.8275336513354578
2026-05-22,XOM,CVX,252,0.8267172891985487
2026-05-26,XOM,CVX,252,0.830780295897271
2026-05-27,XOM,CVX,252,0.8320848494883939
2026-05-28,XOM,CVX,252,0.8314348109735936
2026-05-29,XOM,CVX,252,0.8304412605200809
2026-06-01,XOM,CVX,252,0.8319291723530061
2026-06-02,XOM,CVX,252,0.8314099030358435
2026-06-03,XOM,CVX,252,0.8315478913206452
2026-06-04,XOM,CVX,252,0.8316345220015724
2026-06-05,XOM,CVX,252,0.8307153051987822
2026-06-08,XOM,CVX,252,0.8309123547493732
2026-06-09,XOM,CVX,252,0.8302237640194057
2026-06-10,XOM,CVX,252,0.8303736795996874
2026-06-11,XOM,CVX,252,0.8312508730474013
2026-06-12,XOM,CVX,252,0.831045039909646
2026-06-15,XOM,CVX,252,0.8361213624405875
2026-06-16,XOM,CVX,252,0.8366701664725307
2026-06-17,XOM,CVX,252,0.8366942060795648
2026-06-18,XOM,CVX,252,0.8378324066418329
2026-06-22,XOM,CVX,252,0.837700729673218
2026-06-23,XOM,CVX,252,0.8375021425528677
2026-06-24,XOM,CVX,252,0.8374743384803502
2026-06-25,XOM,CVX,252,0.8355374448330027
2026-06-26,XOM,CVX,252,0.8357724532010606
2026-06-29,XOM,CVX,252,0.8347044053184317
2026-06-30,XOM,CVX,252,0.8309548579274503
2026-07-01,XOM,CVX,252,0.8313950791348079
2026-07-02,XOM,CVX,252,0.8292545462088106
2026-07-06,XOM,CVX,252,0.8286178002010509
2026-07-07,XOM,CVX,252,0.8327046002615596
2026-07-08,XOM,CVX,252,0.8305605877611796
2026-07-09,XOM,CVX,252,0.8286137524150526
2026-07-10,XOM,CVX,252,0.8288375256094236
2026-07-13,XOM,CVX,252,0.832246256566147
2026-07-14,XOM,CVX,252,0.8319726781108611
2026-07-15,XOM,CVX,252,0.8320157670789416
2026-07-16,XOM,CVX,252,0.8320274875967344
2026-07-17,XOM,CVX,252,0.8314871013733539
2026-07-20,XOM,CVX,252,0.8331871064708656
2026-07-21,XOM,CVX,252,0.8356110719236288
2026-07-22,XOM,CVX,252,0.8359000934065552
2026-07-23,XOM,CVX,252,0.8358075648174883
2026-07-24,XOM,CVX,252,0.835810896680486
2026-07-27,XOM,CVX,252,0.836464963950786
2026-07-28,XOM,CVX,252,0.8368872878553708
2026-07-29,XOM,CVX,252,0.8380885047533861
2026-07-30,XOM,CVX,252,0.8382970323424549
2026-07-31,XOM,CVX,252,0.8300606031817938
2026-08-03,XOM,CVX,252,0.8288617110835943
2026-08-04,XOM,CVX,252,0.8304644893482305
2026-08-05,XOM,CVX,252,0.8333124649369583
2026-08-06,XOM,CVX,252,0.8357727522388022
2026-08-07,XOM,CVX,252,0.8364168131508142
2026-08-10,XOM,CVX,252,0.8416570511761459
2026-08-11,XOM,CVX,252,0.8409662946812296
2026-08-12,XOM,CVX,252,0.8406551185236445
2026-08-13,XOM,CVX,252,0.83944244506277
2026-08-14,XOM,CVX,252,0.8393824142272199
2026-08-17,XOM,CVX,252,0.8397946505100313
2026-08-18,XOM,CVX,252,0.8407434790315734
2026-08-19,XOM,CVX,252,0.8398995380002752
2026-08-20,XOM,CVX,252,0.8415960229389606
2026-08-21,XOM,CVX,252,0.8414328832236513
2026-08-24,XOM,CVX,252,0.8420676049928271
