date,ticker_1,ticker_2,window,rolling_correlation
1982-01-04,COP,CVX,252,
1982-01-05,COP,CVX,252,
1982-01-06,COP,CVX,252,
1982-01-07,COP,CVX,252,
1982-01-08,COP,CVX,252,
1982-01-11,COP,CVX,252,
1982-01-12,COP,CVX,252,
1982-01-13,COP,CVX,252,
1982-01-14,COP,CVX,252,
1982-01-15,COP,CVX,252,
1982-01-18,COP,CVX,252,
1982-01-19,COP,CVX,252,
1982-01-20,COP,CVX,252,
1982-01-21,COP,CVX,252,
1982-01-22,COP,CVX,252,
1982-01-25,COP,CVX,252,
1982-01-26,COP,CVX,252,
1982-01-27,COP,CVX,252,
1982-01-28,COP,CVX,252,
1982-01-29,COP,CVX,252,
1982-02-01,COP,CVX,252,
1982-02-02,COP,CVX,252,
1982-02-03,COP,CVX,252,
1982-02-04,COP,CVX,252,
1982-02-05,COP,CVX,252,
1982-02-08,COP,CVX,252,
1982-02-09,COP,CVX,252,
1982-02-10,COP,CVX,252,
1982-02-11,COP,CVX,252,
1982-02-12,COP,CVX,252,
1982-02-16,COP,CVX,252,
1982-02-17,COP,CVX,252,
1982-02-18,COP,CVX,252,
1982-02-19,COP,CVX,252,
1982-02-22,COP,CVX,252,
1982-02-23,COP,CVX,252,
1982-02-24,COP,CVX,252,
1982-02-25,COP,CVX,252,
1982-02-26,COP,CVX,252,
1982-03-01,COP,CVX,252,
1982-03-02,COP,CVX,252,
1982-03-03,COP,CVX,252,
1982-03-04,COP,CVX,252,
1982-03-05,COP,CVX,252,
1982-03-08,COP,CVX,252,
1982-03-09,COP,CVX,252,
1982-03-10,COP,CVX,252,
1982-03-11,COP,CVX,252,
1982-03-12,COP,CVX,252,
1982-03-15,COP,CVX,252,
1982-03-16,COP,CVX,252,
1982-03-17,COP,CVX,252,
1982-03-18,COP,CVX,252,
1982-03-19,COP,CVX,252,
1982-03-22,COP,CVX,252,
1982-03-23,COP,CVX,252,
1982-03-24,COP,CVX,252,
1982-03-25,COP,CVX,252,
1982-03-26,COP,CVX,252,
1982-03-29,COP,CVX,252,
1982-03-30,COP,CVX,252,
1982-03-31,COP,CVX,252,
1982-04-01,COP,CVX,252,
1982-04-02,COP,CVX,252,
1982-04-05,COP,CVX,252,
1982-04-06,COP,CVX,252,
1982-04-07,COP,CVX,252,
1982-04-08,COP,CVX,252,
1982-04-12,COP,CVX,252,
1982-04-13,COP,CVX,252,
1982-04-14,COP,CVX,252,
1982-04-15,COP,CVX,252,
1982-04-16,COP,CVX,252,
1982-04-19,COP,CVX,252,
1982-04-20,COP,CVX,252,
1982-04-21,COP,CVX,252,
1982-04-22,COP,CVX,252,
1982-04-23,COP,CVX,252,
1982-04-26,COP,CVX,252,
1982-04-27,COP,CVX,252,
1982-04-28,COP,CVX,252,
1982-04-29,COP,CVX,252,
1982-04-30,COP,CVX,252,
1982-05-03,COP,CVX,252,
1982-05-04,COP,CVX,252,
1982-05-05,COP,CVX,252,
1982-05-06,COP,CVX,252,
1982-05-07,COP,CVX,252,
1982-05-10,COP,CVX,252,
1982-05-11,COP,CVX,252,
1982-05-12,COP,CVX,252,
1982-05-13,COP,CVX,252,
1982-05-14,COP,CVX,252,
1982-05-17,COP,CVX,252,
1982-05-18,COP,CVX,252,
1982-05-19,COP,CVX,252,
1982-05-20,COP,CVX,252,
1982-05-21,COP,CVX,252,
1982-05-24,COP,CVX,252,
1982-05-25,COP,CVX,252,
1982-05-26,COP,CVX,252,
1982-05-27,COP,CVX,252,
1982-05-28,COP,CVX,252,
1982-06-01,COP,CVX,252,
1982-06-02,COP,CVX,252,
1982-06-03,COP,CVX,252,
1982-06-04,COP,CVX,252,
1982-06-07,COP,CVX,252,
1982-06-08,COP,CVX,252,
1982-06-09,COP,CVX,252,
1982-06-10,COP,CVX,252,
1982-06-11,COP,CVX,252,
1982-06-14,COP,CVX,252,
1982-06-15,COP,CVX,252,
1982-06-16,COP,CVX,252,
1982-06-17,COP,CVX,252,
1982-06-18,COP,CVX,252,
1982-06-21,COP,CVX,252,
1982-06-22,COP,CVX,252,
1982-06-23,COP,CVX,252,
1982-06-24,COP,CVX,252,
1982-06-25,COP,CVX,252,
1982-06-28,COP,CVX,252,
1982-06-29,COP,CVX,252,
1982-06-30,COP,CVX,252,
1982-07-01,COP,CVX,252,
1982-07-02,COP,CVX,252,
1982-07-06,COP,CVX,252,
1982-07-07,COP,CVX,252,
1982-07-08,COP,CVX,252,
1982-07-09,COP,CVX,252,
1982-07-12,COP,CVX,252,
1982-07-13,COP,CVX,252,
1982-07-14,COP,CVX,252,
1982-07-15,COP,CVX,252,
1982-07-16,COP,CVX,252,
1982-07-19,COP,CVX,252,
1982-07-20,COP,CVX,252,
1982-07-21,COP,CVX,252,
1982-07-22,COP,CVX,252,
1982-07-23,COP,CVX,252,
1982-07-26,COP,CVX,252,
1982-07-27,COP,CVX,252,
1982-07-28,COP,CVX,252,
1982-07-29,COP,CVX,252,
1982-07-30,COP,CVX,252,
1982-08-02,COP,CVX,252,
1982-08-03,COP,CVX,252,
1982-08-04,COP,CVX,252,
1982-08-05,COP,CVX,252,
1982-08-06,COP,CVX,252,
1982-08-09,COP,CVX,252,
1982-08-10,COP,CVX,252,
1982-08-11,COP,CVX,252,
1982-08-12,COP,CVX,252,
1982-08-13,COP,CVX,252,
1982-08-16,COP,CVX,252,
1982-08-17,COP,CVX,252,
1982-08-18,COP,CVX,252,
1982-08-19,COP,CVX,252,
1982-08-20,COP,CVX,252,
1982-08-23,COP,CVX,252,
1982-08-24,COP,CVX,252,
1982-08-25,COP,CVX,252,
1982-08-26,COP,CVX,252,
1982-08-27,COP,CVX,252,
1982-08-30,COP,CVX,252,
1982-08-31,COP,CVX,252,
1982-09-01,COP,CVX,252,
1982-09-02,COP,CVX,252,
1982-09-03,COP,CVX,252,
1982-09-07,COP,CVX,252,
1982-09-08,COP,CVX,252,
1982-09-09,COP,CVX,252,
1982-09-10,COP,CVX,252,
1982-09-13,COP,CVX,252,
1982-09-14,COP,CVX,252,
1982-09-15,COP,CVX,252,
1982-09-16,COP,CVX,252,
1982-09-17,COP,CVX,252,
1982-09-20,COP,CVX,252,
1982-09-21,COP,CVX,252,
1982-09-22,COP,CVX,252,
1982-09-23,COP,CVX,252,
1982-09-24,COP,CVX,252,
1982-09-27,COP,CVX,252,
1982-09-28,COP,CVX,252,
1982-09-29,COP,CVX,252,
1982-09-30,COP,CVX,252,
1982-10-01,COP,CVX,252,
1982-10-04,COP,CVX,252,
1982-10-05,COP,CVX,252,
1982-10-06,COP,CVX,252,
1982-10-07,COP,CVX,252,
1982-10-08,COP,CVX,252,
1982-10-11,COP,CVX,252,
1982-10-12,COP,CVX,252,
1982-10-13,COP,CVX,252,
1982-10-14,COP,CVX,252,
1982-10-15,COP,CVX,252,
1982-10-18,COP,CVX,252,
1982-10-19,COP,CVX,252,
1982-10-20,COP,CVX,252,
1982-10-21,COP,CVX,252,
1982-10-22,COP,CVX,252,
1982-10-25,COP,CVX,252,
1982-10-26,COP,CVX,252,
1982-10-27,COP,CVX,252,
1982-10-28,COP,CVX,252,
1982-10-29,COP,CVX,252,
1982-11-01,COP,CVX,252,
1982-11-02,COP,CVX,252,
1982-11-03,COP,CVX,252,
1982-11-04,COP,CVX,252,
1982-11-05,COP,CVX,252,
1982-11-08,COP,CVX,252,
1982-11-09,COP,CVX,252,
1982-11-10,COP,CVX,252,
1982-11-11,COP,CVX,252,
1982-11-12,COP,CVX,252,
1982-11-15,COP,CVX,252,
1982-11-16,COP,CVX,252,
1982-11-17,COP,CVX,252,
1982-11-18,COP,CVX,252,
1982-11-19,COP,CVX,252,
1982-11-22,COP,CVX,252,
1982-11-23,COP,CVX,252,
1982-11-24,COP,CVX,252,
1982-11-26,COP,CVX,252,
1982-11-29,COP,CVX,252,
1982-11-30,COP,CVX,252,
1982-12-01,COP,CVX,252,
1982-12-02,COP,CVX,252,
1982-12-03,COP,CVX,252,
1982-12-06,COP,CVX,252,
1982-12-07,COP,CVX,252,
1982-12-08,COP,CVX,252,
1982-12-09,COP,CVX,252,
1982-12-10,COP,CVX,252,
1982-12-13,COP,CVX,252,
1982-12-14,COP,CVX,252,
1982-12-15,COP,CVX,252,
1982-12-16,COP,CVX,252,
1982-12-17,COP,CVX,252,
1982-12-20,COP,CVX,252,
1982-12-21,COP,CVX,252,
1982-12-22,COP,CVX,252,
1982-12-23,COP,CVX,252,
1982-12-27,COP,CVX,252,
1982-12-28,COP,CVX,252,
1982-12-29,COP,CVX,252,
1982-12-30,COP,CVX,252,0.5495123165920481
1982-12-31,COP,CVX,252,0.5488487651862828
1983-01-03,COP,CVX,252,0.5426982545975985
1983-01-04,COP,CVX,252,0.5469599291691897
1983-01-05,COP,CVX,252,0.5470336308189835
1983-01-06,COP,CVX,252,0.5478381379709953
1983-01-07,COP,CVX,252,0.5449701467349575
1983-01-10,COP,CVX,252,0.5446674035224647
1983-01-11,COP,CVX,252,0.5451078206013371
1983-01-12,COP,CVX,252,0.5436300297467214
1983-01-13,COP,CVX,252,0.5634887170114833
1983-01-14,COP,CVX,252,0.5631669767870585
1983-01-17,COP,CVX,252,0.5608561021182783
1983-01-18,COP,CVX,252,0.559487531070588
1983-01-19,COP,CVX,252,0.5615891360749842
1983-01-20,COP,CVX,252,0.5672817144767615
1983-01-21,COP,CVX,252,0.5678569144147377
1983-01-24,COP,CVX,252,0.581281671932424
1983-01-25,COP,CVX,252,0.5835456321104248
1983-01-26,COP,CVX,252,0.5834167906931375
1983-01-27,COP,CVX,252,0.5851765426123626
1983-01-28,COP,CVX,252,0.5818837855396397
1983-01-31,COP,CVX,252,0.5812889771078315
1983-02-01,COP,CVX,252,0.5846441302578232
1983-02-02,COP,CVX,252,0.5820633176873917
1983-02-03,COP,CVX,252,0.5858356676039186
1983-02-04,COP,CVX,252,0.5826089428730835
1983-02-07,COP,CVX,252,0.5810630664818878
1983-02-08,COP,CVX,252,0.5822111718813736
1983-02-09,COP,CVX,252,0.612856160969248
1983-02-10,COP,CVX,252,0.6241099410192431
1983-02-11,COP,CVX,252,0.6259673658834979
1983-02-14,COP,CVX,252,0.6253102462187019
1983-02-15,COP,CVX,252,0.6250253963054356
1983-02-16,COP,CVX,252,0.6228173659472758
1983-02-17,COP,CVX,252,0.6353246677121014
1983-02-18,COP,CVX,252,0.643340291445774
1983-02-22,COP,CVX,252,0.652593311443201
1983-02-23,COP,CVX,252,0.6548363926534795
1983-02-24,COP,CVX,252,0.6579734451033252
1983-02-25,COP,CVX,252,0.6575291258556863
1983-02-28,COP,CVX,252,0.6561202818731267
1983-03-01,COP,CVX,252,0.655870125250727
1983-03-02,COP,CVX,252,0.6519826873115054
1983-03-03,COP,CVX,252,0.6518718051354453
1983-03-04,COP,CVX,252,0.6533472743736172
1983-03-07,COP,CVX,252,0.6531905831203706
1983-03-08,COP,CVX,252,0.6597931342538116
1983-03-09,COP,CVX,252,0.6611334882865191
1983-03-10,COP,CVX,252,0.6621098022481716
1983-03-11,COP,CVX,252,0.6569643433311457
1983-03-14,COP,CVX,252,0.6563785718926197
1983-03-15,COP,CVX,252,0.6560440674774999
1983-03-16,COP,CVX,252,0.6563652038542503
1983-03-17,COP,CVX,252,0.6556762339900105
1983-03-18,COP,CVX,252,0.6555400868534972
1983-03-21,COP,CVX,252,0.6567713124765633
1983-03-22,COP,CVX,252,0.6653915498132854
1983-03-23,COP,CVX,252,0.6647640297924194
1983-03-24,COP,CVX,252,0.6681698975258001
1983-03-25,COP,CVX,252,0.6697270168327812
1983-03-28,COP,CVX,252,0.6700437762716557
1983-03-29,COP,CVX,252,0.6721218719727092
1983-03-30,COP,CVX,252,0.6722864754523465
1983-03-31,COP,CVX,252,0.6755205723153411
1983-04-04,COP,CVX,252,0.675612643789746
1983-04-05,COP,CVX,252,0.6783100534245574
1983-04-06,COP,CVX,252,0.677926720951658
1983-04-07,COP,CVX,252,0.6785150079611715
1983-04-08,COP,CVX,252,0.6800275735321292
1983-04-11,COP,CVX,252,0.6795546161904129
1983-04-12,COP,CVX,252,0.6811024436163154
1983-04-13,COP,CVX,252,0.6810500054520368
1983-04-14,COP,CVX,252,0.679788295498949
1983-04-15,COP,CVX,252,0.6816776278078059
1983-04-18,COP,CVX,252,0.6821846805057673
1983-04-19,COP,CVX,252,0.6853161451556666
1983-04-20,COP,CVX,252,0.6824194568027317
1983-04-21,COP,CVX,252,0.6824434622108649
1983-04-22,COP,CVX,252,0.6811592695855673
1983-04-25,COP,CVX,252,0.6843801662906778
1983-04-26,COP,CVX,252,0.690181528590591
1983-04-27,COP,CVX,252,0.6887703919511687
1983-04-28,COP,CVX,252,0.6884668032182539
1983-04-29,COP,CVX,252,0.6965265169981387
1983-05-02,COP,CVX,252,0.6966859873324169
1983-05-03,COP,CVX,252,0.6947915798587074
1983-05-04,COP,CVX,252,0.6924193540240089
1983-05-05,COP,CVX,252,0.6993233199217981
1983-05-06,COP,CVX,252,0.6992819466202773
1983-05-09,COP,CVX,252,0.6993779962575167
1983-05-10,COP,CVX,252,0.6988381540570369
1983-05-11,COP,CVX,252,0.699448953772035
1983-05-12,COP,CVX,252,0.7003498631927868
1983-05-13,COP,CVX,252,0.6996072504959451
1983-05-16,COP,CVX,252,0.701037927561236
1983-05-17,COP,CVX,252,0.7030771983178132
1983-05-18,COP,CVX,252,0.7050360434594265
1983-05-19,COP,CVX,252,0.7111825921856207
1983-05-20,COP,CVX,252,0.7161909606104457
1983-05-23,COP,CVX,252,0.7195695700341955
1983-05-24,COP,CVX,252,0.719626872577712
1983-05-25,COP,CVX,252,0.7195765513834672
1983-05-26,COP,CVX,252,0.7201129788375398
1983-05-27,COP,CVX,252,0.7182541844033422
1983-05-31,COP,CVX,252,0.7182496618753988
1983-06-01,COP,CVX,252,0.717582606143653
1983-06-02,COP,CVX,252,0.7174623660707926
1983-06-03,COP,CVX,252,0.7194210907229374
1983-06-06,COP,CVX,252,0.7196749248049795
1983-06-07,COP,CVX,252,0.7217252559384965
1983-06-08,COP,CVX,252,0.7228619518218814
1983-06-09,COP,CVX,252,0.7237540168331948
1983-06-10,COP,CVX,252,0.7235122488798568
1983-06-13,COP,CVX,252,0.7237534183782363
1983-06-14,COP,CVX,252,0.7246502762032015
1983-06-15,COP,CVX,252,0.7250175679520704
1983-06-16,COP,CVX,252,0.726012092095015
1983-06-17,COP,CVX,252,0.7284596224196369
1983-06-20,COP,CVX,252,0.7288424532652977
1983-06-21,COP,CVX,252,0.72887440067893
1983-06-22,COP,CVX,252,0.7356063818683727
1983-06-23,COP,CVX,252,0.7390542104180483
1983-06-24,COP,CVX,252,0.7392285527609541
1983-06-27,COP,CVX,252,0.738686241025088
1983-06-28,COP,CVX,252,0.7337206242853923
1983-06-29,COP,CVX,252,0.7366677692943178
1983-06-30,COP,CVX,252,0.7387577748849102
1983-07-01,COP,CVX,252,0.7381985622611735
1983-07-05,COP,CVX,252,0.7382510903095858
1983-07-06,COP,CVX,252,0.7393154062843948
1983-07-07,COP,CVX,252,0.739342779585791
1983-07-08,COP,CVX,252,0.7351270424364023
1983-07-11,COP,CVX,252,0.7355925670195107
1983-07-12,COP,CVX,252,0.7327098723303734
1983-07-13,COP,CVX,252,0.7334414397958018
1983-07-14,COP,CVX,252,0.7351424042212603
1983-07-15,COP,CVX,252,0.7372979026057108
1983-07-18,COP,CVX,252,0.7425991189784538
1983-07-19,COP,CVX,252,0.7439861190742276
1983-07-20,COP,CVX,252,0.7468880043764435
1983-07-21,COP,CVX,252,0.7501911516724469
1983-07-22,COP,CVX,252,0.7507302737347149
1983-07-25,COP,CVX,252,0.7487244388851109
1983-07-26,COP,CVX,252,0.7477951563938171
1983-07-27,COP,CVX,252,0.7534717428526575
1983-07-28,COP,CVX,252,0.7542245870091889
1983-07-29,COP,CVX,252,0.7562643770054263
1983-08-01,COP,CVX,252,0.7545753456103409
1983-08-02,COP,CVX,252,0.7541251119988414
1983-08-03,COP,CVX,252,0.7555152132213662
1983-08-04,COP,CVX,252,0.7557843877865383
1983-08-05,COP,CVX,252,0.7564473229523501
1983-08-08,COP,CVX,252,0.7575442325632638
1983-08-09,COP,CVX,252,0.7568213066699807
1983-08-10,COP,CVX,252,0.7579909588286319
1983-08-11,COP,CVX,252,0.7567927782953836
1983-08-12,COP,CVX,252,0.7563268924883051
1983-08-15,COP,CVX,252,0.7527298228596027
1983-08-16,COP,CVX,252,0.7572087332161315
1983-08-17,COP,CVX,252,0.761389864121985
1983-08-18,COP,CVX,252,0.756591707163054
1983-08-19,COP,CVX,252,0.7533180789879226
1983-08-22,COP,CVX,252,0.7536234885614276
1983-08-23,COP,CVX,252,0.745557539786363
1983-08-24,COP,CVX,252,0.7456197985384673
1983-08-25,COP,CVX,252,0.7448311467381984
1983-08-26,COP,CVX,252,0.7449312159729853
1983-08-29,COP,CVX,252,0.7524275617503324
1983-08-30,COP,CVX,252,0.7528607360547342
1983-08-31,COP,CVX,252,0.7562264304473906
1983-09-01,COP,CVX,252,0.7531219799921622
1983-09-02,COP,CVX,252,0.7516860359536021
1983-09-06,COP,CVX,252,0.7512769623599547
1983-09-07,COP,CVX,252,0.7497091236616582
1983-09-08,COP,CVX,252,0.7488194081258965
1983-09-09,COP,CVX,252,0.7484699049628186
1983-09-12,COP,CVX,252,0.7501002755808399
1983-09-13,COP,CVX,252,0.7486336414871129
1983-09-14,COP,CVX,252,0.748797323373735
1983-09-15,COP,CVX,252,0.7463512722994916
1983-09-16,COP,CVX,252,0.7468358649734217
1983-09-19,COP,CVX,252,0.7480733794724677
1983-09-20,COP,CVX,252,0.7457092503750362
1983-09-21,COP,CVX,252,0.7463940368728358
1983-09-22,COP,CVX,252,0.7460814632688079
1983-09-23,COP,CVX,252,0.7432127741310378
1983-09-26,COP,CVX,252,0.7430286937310808
1983-09-27,COP,CVX,252,0.7501377488985134
1983-09-28,COP,CVX,252,0.7507861961545845
1983-09-29,COP,CVX,252,0.7514146196558491
1983-09-30,COP,CVX,252,0.7520394003226668
1983-10-03,COP,CVX,252,0.7515471179412457
1983-10-04,COP,CVX,252,0.7509625513885257
1983-10-05,COP,CVX,252,0.752057229178346
1983-10-06,COP,CVX,252,0.7524879307046897
1983-10-07,COP,CVX,252,0.7557496026544965
1983-10-10,COP,CVX,252,0.7529408552872566
1983-10-11,COP,CVX,252,0.7483657786201846
1983-10-12,COP,CVX,252,0.7508881706759706
1983-10-13,COP,CVX,252,0.7482692433735142
1983-10-14,COP,CVX,252,0.7447792610652648
1983-10-17,COP,CVX,252,0.7445491415636504
1983-10-18,COP,CVX,252,0.7442021862325671
1983-10-19,COP,CVX,252,0.7438264883058193
1983-10-20,COP,CVX,252,0.7413276484220473
1983-10-21,COP,CVX,252,0.7290958116662112
1983-10-24,COP,CVX,252,0.7313253813821152
1983-10-25,COP,CVX,252,0.7308383227749847
1983-10-26,COP,CVX,252,0.7290740116334128
1983-10-27,COP,CVX,252,0.7289334593185726
1983-10-28,COP,CVX,252,0.727955248741233
1983-10-31,COP,CVX,252,0.7291371225431188
1983-11-01,COP,CVX,252,0.7268589004206613
1983-11-02,COP,CVX,252,0.7255100003573725
1983-11-03,COP,CVX,252,0.7265045028151396
1983-11-04,COP,CVX,252,0.724297073391535
1983-11-07,COP,CVX,252,0.7255396290255713
1983-11-08,COP,CVX,252,0.7246801909746476
1983-11-09,COP,CVX,252,0.7234453898833989
1983-11-10,COP,CVX,252,0.7183484263863368
1983-11-11,COP,CVX,252,0.7193740444129335
1983-11-14,COP,CVX,252,0.7221074831511403
1983-11-15,COP,CVX,252,0.721920175965357
1983-11-16,COP,CVX,252,0.723055704282169
1983-11-17,COP,CVX,252,0.7223875741188382
1983-11-18,COP,CVX,252,0.7230086694564227
1983-11-21,COP,CVX,252,0.7207383012425047
1983-11-22,COP,CVX,252,0.7210900963076023
1983-11-23,COP,CVX,252,0.7209582748129103
1983-11-25,COP,CVX,252,0.7202823249842617
1983-11-28,COP,CVX,252,0.7031075455850953
1983-11-29,COP,CVX,252,0.7033278278053213
1983-11-30,COP,CVX,252,0.7040319139411431
1983-12-01,COP,CVX,252,0.7095914014572162
1983-12-02,COP,CVX,252,0.7161287006874985
1983-12-05,COP,CVX,252,0.7207565062591506
1983-12-06,COP,CVX,252,0.7207439326367822
1983-12-07,COP,CVX,252,0.721621471035962
1983-12-08,COP,CVX,252,0.7194089138893383
1983-12-09,COP,CVX,252,0.7188377683526691
1983-12-12,COP,CVX,252,0.7129922885030222
1983-12-13,COP,CVX,252,0.7121238150911077
1983-12-14,COP,CVX,252,0.7129624128924618
1983-12-15,COP,CVX,252,0.7118673709710496
1983-12-16,COP,CVX,252,0.7117764069512575
1983-12-19,COP,CVX,252,0.7074492352138679
1983-12-20,COP,CVX,252,0.7046660741782784
1983-12-21,COP,CVX,252,0.7074978963286632
1983-12-22,COP,CVX,252,0.7073083008181318
1983-12-23,COP,CVX,252,0.7068013179303343
1983-12-27,COP,CVX,252,0.7075827464870048
1983-12-28,COP,CVX,252,0.709244827369533
1983-12-29,COP,CVX,252,0.7094780034275157
1983-12-30,COP,CVX,252,0.7133816497226387
1984-01-03,COP,CVX,252,0.7086581352453025
1984-01-04,COP,CVX,252,0.7104684630635564
1984-01-05,COP,CVX,252,0.7082566324064125
1984-01-06,COP,CVX,252,0.7109198449799288
1984-01-09,COP,CVX,252,0.7130015696980143
1984-01-10,COP,CVX,252,0.711478358650346
1984-01-11,COP,CVX,252,0.7125480378767904
1984-01-12,COP,CVX,252,0.705376610584202
1984-01-13,COP,CVX,252,0.7064329036326483
1984-01-16,COP,CVX,252,0.706504698464174
1984-01-17,COP,CVX,252,0.7064652754767251
1984-01-18,COP,CVX,252,0.7038779348524855
1984-01-19,COP,CVX,252,0.699666949062866
1984-01-20,COP,CVX,252,0.7027426701244877
1984-01-23,COP,CVX,252,0.6894770943563124
1984-01-24,COP,CVX,252,0.6826518514787105
1984-01-25,COP,CVX,252,0.6834496894085361
1984-01-26,COP,CVX,252,0.6812643861236362
1984-01-27,COP,CVX,252,0.6828884964702878
1984-01-30,COP,CVX,252,0.6801806503897446
1984-01-31,COP,CVX,252,0.6722147925873141
1984-02-01,COP,CVX,252,0.6761427301906633
1984-02-02,COP,CVX,252,0.6659500968573788
1984-02-03,COP,CVX,252,0.6687688837346597
1984-02-06,COP,CVX,252,0.668157166816477
1984-02-07,COP,CVX,252,0.665995908718398
1984-02-08,COP,CVX,252,0.677835669150679
1984-02-09,COP,CVX,252,0.6629125705499939
1984-02-10,COP,CVX,252,0.6608323151389236
1984-02-13,COP,CVX,252,0.6626412400361038
1984-02-14,COP,CVX,252,0.6557185560272171
1984-02-15,COP,CVX,252,0.6583293031164186
1984-02-16,COP,CVX,252,0.6510984294546402
1984-02-17,COP,CVX,252,0.6562898898903513
1984-02-21,COP,CVX,252,0.6466836061122297
1984-02-22,COP,CVX,252,0.6460800833200876
1984-02-23,COP,CVX,252,0.6411001558974825
1984-02-24,COP,CVX,252,0.6402572881327473
1984-02-27,COP,CVX,252,0.6326657048326175
1984-02-28,COP,CVX,252,0.6271408499414088
1984-02-29,COP,CVX,252,0.6334998996727115
1984-03-01,COP,CVX,252,0.6295468453592513
1984-03-02,COP,CVX,252,0.629637653101616
1984-03-05,COP,CVX,252,0.6209172472771637
1984-03-06,COP,CVX,252,0.6344535192418407
1984-03-07,COP,CVX,252,0.6323856281222215
1984-03-08,COP,CVX,252,0.6328720487816696
1984-03-09,COP,CVX,252,0.6304221265941279
1984-03-12,COP,CVX,252,0.6309313716871255
1984-03-13,COP,CVX,252,0.6281000449371456
1984-03-14,COP,CVX,252,0.6276478127872585
1984-03-15,COP,CVX,252,0.6306658125471197
1984-03-16,COP,CVX,252,0.629778588979453
1984-03-19,COP,CVX,252,0.6298691310584767
1984-03-20,COP,CVX,252,0.6288832934585233
1984-03-21,COP,CVX,252,0.6286200652636302
1984-03-22,COP,CVX,252,0.6276054446102094
1984-03-23,COP,CVX,252,0.6295231604063616
1984-03-26,COP,CVX,252,0.6302697406148037
1984-03-27,COP,CVX,252,0.631546334654215
1984-03-28,COP,CVX,252,0.6305411673230402
1984-03-29,COP,CVX,252,0.6188922381701462
1984-03-30,COP,CVX,252,0.6146269823711262
1984-04-02,COP,CVX,252,0.611921262201299
1984-04-03,COP,CVX,252,0.6112382341990584
1984-04-04,COP,CVX,252,0.6120064657126502
1984-04-05,COP,CVX,252,0.6055767428654266
1984-04-06,COP,CVX,252,0.6021615509707174
1984-04-09,COP,CVX,252,0.6029239667798201
1984-04-10,COP,CVX,252,0.6030593209513451
1984-04-11,COP,CVX,252,0.6050736830845312
1984-04-12,COP,CVX,252,0.6110423927970002
1984-04-13,COP,CVX,252,0.6096685406893922
1984-04-16,COP,CVX,252,0.6098058645662285
1984-04-17,COP,CVX,252,0.6120924686442464
1984-04-18,COP,CVX,252,0.6118403540310078
1984-04-19,COP,CVX,252,0.6138758439183988
1984-04-23,COP,CVX,252,0.6123578142961759
1984-04-24,COP,CVX,252,0.5969916469459201
1984-04-25,COP,CVX,252,0.5975914959078207
1984-04-26,COP,CVX,252,0.5952769543991309
1984-04-27,COP,CVX,252,0.5916764394298347
1984-04-30,COP,CVX,252,0.5845669087776092
1984-05-01,COP,CVX,252,0.5873769920500557
1984-05-02,COP,CVX,252,0.5818315377804141
1984-05-03,COP,CVX,252,0.569578873245486
1984-05-04,COP,CVX,252,0.5700682503013507
1984-05-07,COP,CVX,252,0.571183593201851
1984-05-08,COP,CVX,252,0.5747203787501567
1984-05-09,COP,CVX,252,0.5734953120006766
1984-05-10,COP,CVX,252,0.5694574362823462
1984-05-11,COP,CVX,252,0.5738340058275277
1984-05-14,COP,CVX,252,0.5682950246949351
1984-05-15,COP,CVX,252,0.5677363482263871
1984-05-16,COP,CVX,252,0.5646127415821844
1984-05-17,COP,CVX,252,0.5638012716231078
1984-05-18,COP,CVX,252,0.5653029011587976
1984-05-21,COP,CVX,252,0.5607469109589284
1984-05-22,COP,CVX,252,0.5594185223571989
1984-05-23,COP,CVX,252,0.5559674884908397
1984-05-24,COP,CVX,252,0.5550827136780248
1984-05-25,COP,CVX,252,0.5579914521755348
1984-05-29,COP,CVX,252,0.5584260044320482
1984-05-30,COP,CVX,252,0.5571041508851114
1984-05-31,COP,CVX,252,0.5561202041734361
1984-06-01,COP,CVX,252,0.557407406827237
1984-06-04,COP,CVX,252,0.5562542194556142
1984-06-05,COP,CVX,252,0.5520431045868481
1984-06-06,COP,CVX,252,0.5486908210484834
1984-06-07,COP,CVX,252,0.5484145151956922
1984-06-08,COP,CVX,252,0.5471057442233859
1984-06-11,COP,CVX,252,0.5435159906725134
1984-06-12,COP,CVX,252,0.5454213887221607
1984-06-13,COP,CVX,252,0.5453024287160387
1984-06-14,COP,CVX,252,0.5460798942956258
1984-06-15,COP,CVX,252,0.5443489288029729
1984-06-18,COP,CVX,252,0.5445599377749081
1984-06-19,COP,CVX,252,0.5423485647534392
1984-06-20,COP,CVX,252,0.5425533768045867
1984-06-21,COP,CVX,252,0.5372451108934811
1984-06-22,COP,CVX,252,0.5358876723472448
1984-06-25,COP,CVX,252,0.5373471386835872
1984-06-26,COP,CVX,252,0.5429330742928589
1984-06-27,COP,CVX,252,0.5438180907402598
1984-06-28,COP,CVX,252,0.5357112313438619
1984-06-29,COP,CVX,252,0.5377043247223411
1984-07-02,COP,CVX,252,0.5380739764160802
1984-07-03,COP,CVX,252,0.5309013638849953
1984-07-05,COP,CVX,252,0.5295555914063594
1984-07-06,COP,CVX,252,0.5305297701859983
1984-07-09,COP,CVX,252,0.5295600784326276
1984-07-10,COP,CVX,252,0.5285799069112085
1984-07-11,COP,CVX,252,0.5314329863367547
1984-07-12,COP,CVX,252,0.5239745440234633
1984-07-13,COP,CVX,252,0.5284372419691983
1984-07-16,COP,CVX,252,0.528675064898628
1984-07-17,COP,CVX,252,0.5272622644149785
1984-07-18,COP,CVX,252,0.5243125212011353
1984-07-19,COP,CVX,252,0.5228358781379514
1984-07-20,COP,CVX,252,0.5225219137865612
1984-07-23,COP,CVX,252,0.5218499229159458
1984-07-24,COP,CVX,252,0.5219210192162983
1984-07-25,COP,CVX,252,0.5202380958016741
1984-07-26,COP,CVX,252,0.5173418913774739
1984-07-27,COP,CVX,252,0.5171083593924888
1984-07-30,COP,CVX,252,0.5104101269387047
1984-07-31,COP,CVX,252,0.5105022281083221
1984-08-01,COP,CVX,252,0.509169691277911
1984-08-02,COP,CVX,252,0.5040994018856131
1984-08-03,COP,CVX,252,0.5045629233416818
1984-08-06,COP,CVX,252,0.49983683749720603
1984-08-07,COP,CVX,252,0.5024362865549472
1984-08-08,COP,CVX,252,0.5035321084578894
1984-08-09,COP,CVX,252,0.5086291378837271
1984-08-10,COP,CVX,252,0.5052491331837787
1984-08-13,COP,CVX,252,0.507994774915655
1984-08-14,COP,CVX,252,0.5078946977594574
1984-08-15,COP,CVX,252,0.5030227112169691
1984-08-16,COP,CVX,252,0.5088276695751178
1984-08-17,COP,CVX,252,0.5050047151846564
1984-08-20,COP,CVX,252,0.5030133788870265
1984-08-21,COP,CVX,252,0.5078183527691303
1984-08-22,COP,CVX,252,0.5018998708481462
1984-08-23,COP,CVX,252,0.5003885259915729
1984-08-24,COP,CVX,252,0.5001038830173522
1984-08-27,COP,CVX,252,0.4974014603248645
1984-08-28,COP,CVX,252,0.5005618828072493
1984-08-29,COP,CVX,252,0.49772311257773144
1984-08-30,COP,CVX,252,0.4988554732129204
1984-08-31,COP,CVX,252,0.5022924087953957
1984-09-04,COP,CVX,252,0.5024407091759009
1984-09-05,COP,CVX,252,0.504999125462248
1984-09-06,COP,CVX,252,0.5055406594149262
1984-09-07,COP,CVX,252,0.5059849853898609
1984-09-10,COP,CVX,252,0.5006178748428779
1984-09-11,COP,CVX,252,0.499609767073506
1984-09-12,COP,CVX,252,0.49969775343806816
1984-09-13,COP,CVX,252,0.5108142201226588
1984-09-14,COP,CVX,252,0.5040033638134614
1984-09-17,COP,CVX,252,0.49759630269126953
1984-09-18,COP,CVX,252,0.4961362311384335
1984-09-19,COP,CVX,252,0.4932901718943813
1984-09-20,COP,CVX,252,0.48010418668642085
1984-09-21,COP,CVX,252,0.48832585224301184
1984-09-24,COP,CVX,252,0.48700792632293416
1984-09-25,COP,CVX,252,0.4844966072320427
1984-09-26,COP,CVX,252,0.4844301237928939
1984-09-27,COP,CVX,252,0.48158983277395206
1984-09-28,COP,CVX,252,0.4803465939254257
1984-10-01,COP,CVX,252,0.4806250101245533
1984-10-02,COP,CVX,252,0.4783762057084506
1984-10-03,COP,CVX,252,0.4798751030287395
1984-10-04,COP,CVX,252,0.475416398659907
1984-10-05,COP,CVX,252,0.47424386896828097
1984-10-08,COP,CVX,252,0.46135936071406775
1984-10-09,COP,CVX,252,0.46235053694357564
1984-10-10,COP,CVX,252,0.4619003428284265
1984-10-11,COP,CVX,252,0.4635244781767808
1984-10-12,COP,CVX,252,0.4676928613427232
1984-10-15,COP,CVX,252,0.461436213579642
1984-10-16,COP,CVX,252,0.4646611747112512
1984-10-17,COP,CVX,252,0.4768949794484493
1984-10-18,COP,CVX,252,0.4813663766288706
1984-10-19,COP,CVX,252,0.4797494246649379
1984-10-22,COP,CVX,252,0.47797499024612383
1984-10-23,COP,CVX,252,0.4796618835006918
1984-10-24,COP,CVX,252,0.4835698518862516
1984-10-25,COP,CVX,252,0.4746626903938301
1984-10-26,COP,CVX,252,0.47344650811151834
1984-10-29,COP,CVX,252,0.4796774049658488
1984-10-30,COP,CVX,252,0.48230622442000065
1984-10-31,COP,CVX,252,0.4778141183506746
1984-11-01,COP,CVX,252,0.4797636969303174
1984-11-02,COP,CVX,252,0.48044237890838765
1984-11-05,COP,CVX,252,0.4769957833651475
1984-11-06,COP,CVX,252,0.483006785740707
1984-11-07,COP,CVX,252,0.4849684465653597
1984-11-08,COP,CVX,252,0.48469489184693715
1984-11-09,COP,CVX,252,0.4836953363750731
1984-11-12,COP,CVX,252,0.48637470008278344
1984-11-13,COP,CVX,252,0.4868971414063795
1984-11-14,COP,CVX,252,0.48685733531232345
1984-11-15,COP,CVX,252,0.49046979184018585
1984-11-16,COP,CVX,252,0.48817136452258386
1984-11-19,COP,CVX,252,0.49103103503737094
1984-11-20,COP,CVX,252,0.48402485520722144
1984-11-21,COP,CVX,252,0.48205052417820504
1984-11-23,COP,CVX,252,0.482086623804002
1984-11-26,COP,CVX,252,0.487344700034192
1984-11-27,COP,CVX,252,0.48757186643800104
1984-11-28,COP,CVX,252,0.4839382699339849
1984-11-29,COP,CVX,252,0.4842811766733135
1984-11-30,COP,CVX,252,0.4834656627824285
1984-12-03,COP,CVX,252,0.47104689462551935
1984-12-04,COP,CVX,252,0.4748182144075532
1984-12-05,COP,CVX,252,0.45428754446067143
1984-12-06,COP,CVX,252,0.4537673849761921
1984-12-07,COP,CVX,252,0.45193365016790704
1984-12-10,COP,CVX,252,0.4459461005258848
1984-12-11,COP,CVX,252,0.4455711973716691
1984-12-12,COP,CVX,252,0.43756394185338515
1984-12-13,COP,CVX,252,0.42645236217516275
1984-12-14,COP,CVX,252,0.42437354745586264
1984-12-17,COP,CVX,252,0.4283261959962783
1984-12-18,COP,CVX,252,0.42228795426585336
1984-12-19,COP,CVX,252,0.4164251347978765
1984-12-20,COP,CVX,252,0.40544991384890666
1984-12-21,COP,CVX,252,0.40671961582567173
1984-12-24,COP,CVX,252,0.28587607271886256
1984-12-26,COP,CVX,252,0.2771179163251261
1984-12-27,COP,CVX,252,0.27404154154932764
1984-12-28,COP,CVX,252,0.2749827858877937
1984-12-31,COP,CVX,252,0.2684944042737028
1985-01-02,COP,CVX,252,0.2712744728317849
1985-01-03,COP,CVX,252,0.2733108221533631
1985-01-04,COP,CVX,252,0.27042572179255425
1985-01-07,COP,CVX,252,0.26969486322553754
1985-01-08,COP,CVX,252,0.2674875408631358
1985-01-09,COP,CVX,252,0.267895451828734
1985-01-10,COP,CVX,252,0.2700462191855805
1985-01-11,COP,CVX,252,0.2693451375984494
1985-01-14,COP,CVX,252,0.2656945645821731
1985-01-15,COP,CVX,252,0.2649639126045926
1985-01-16,COP,CVX,252,0.26513081311718517
1985-01-17,COP,CVX,252,0.2626195098532504
1985-01-18,COP,CVX,252,0.26290155596913656
1985-01-21,COP,CVX,252,0.26870207502973725
1985-01-22,COP,CVX,252,0.27774242484206896
1985-01-23,COP,CVX,252,0.27367852120473257
1985-01-24,COP,CVX,252,0.2728470167914325
1985-01-25,COP,CVX,252,0.26259162941770603
1985-01-28,COP,CVX,252,0.2655328184333959
1985-01-29,COP,CVX,252,0.2636534409355251
1985-01-30,COP,CVX,252,0.25534056151386614
1985-01-31,COP,CVX,252,0.2603840103220288
1985-02-01,COP,CVX,252,0.2586870052105749
1985-02-04,COP,CVX,252,0.25780577701008905
1985-02-05,COP,CVX,252,0.2564037377683707
1985-02-06,COP,CVX,252,0.2545202071634131
1985-02-07,COP,CVX,252,0.2568663492920896
1985-02-08,COP,CVX,252,0.25636955933325273
1985-02-11,COP,CVX,252,0.2568319475246724
1985-02-12,COP,CVX,252,0.2552127287011843
1985-02-13,COP,CVX,252,0.25321765970711696
1985-02-14,COP,CVX,252,0.25970218948343354
1985-02-15,COP,CVX,252,0.2528390324180766
1985-02-19,COP,CVX,252,0.25092897581115586
1985-02-20,COP,CVX,252,0.25453579019534434
1985-02-21,COP,CVX,252,0.25100987759252924
1985-02-22,COP,CVX,252,0.2515487681298637
1985-02-25,COP,CVX,252,0.25145300058386333
1985-02-26,COP,CVX,252,0.2534653845827233
1985-02-27,COP,CVX,252,0.25363003456599054
1985-02-28,COP,CVX,252,0.25425540497280247
1985-03-01,COP,CVX,252,0.25256955890727617
1985-03-04,COP,CVX,252,0.24967968731644916
1985-03-05,COP,CVX,252,0.22946802664510618
1985-03-06,COP,CVX,252,0.22918965722412263
1985-03-07,COP,CVX,252,0.2283191695284692
1985-03-08,COP,CVX,252,0.22995067635039243
1985-03-11,COP,CVX,252,0.2346782474093881
1985-03-12,COP,CVX,252,0.23452535852717962
1985-03-13,COP,CVX,252,0.2337891910624248
1985-03-14,COP,CVX,252,0.23338527633305683
1985-03-15,COP,CVX,252,0.23136530283747525
1985-03-18,COP,CVX,252,0.19976542748551068
1985-03-19,COP,CVX,252,0.1787711556223485
1985-03-20,COP,CVX,252,0.1774286882389775
1985-03-21,COP,CVX,252,0.1763517984308698
1985-03-22,COP,CVX,252,0.17647147008655
1985-03-25,COP,CVX,252,0.1729815085409749
1985-03-26,COP,CVX,252,0.17007140800039555
1985-03-27,COP,CVX,252,0.1652060281358815
1985-03-28,COP,CVX,252,0.16399077662480546
1985-03-29,COP,CVX,252,0.16435308472641813
1985-04-01,COP,CVX,252,0.16446642853362814
1985-04-02,COP,CVX,252,0.16443574837848715
1985-04-03,COP,CVX,252,0.16296896866812258
1985-04-04,COP,CVX,252,0.15949975781613226
1985-04-08,COP,CVX,252,0.16001097164918074
1985-04-09,COP,CVX,252,0.15818154736197723
1985-04-10,COP,CVX,252,0.15716778261723757
1985-04-11,COP,CVX,252,0.15905703303864469
1985-04-12,COP,CVX,252,0.1496285797369796
1985-04-15,COP,CVX,252,0.14924664575455018
1985-04-16,COP,CVX,252,0.14801125540591367
1985-04-17,COP,CVX,252,0.1469764132139092
1985-04-18,COP,CVX,252,0.14507097959114718
1985-04-19,COP,CVX,252,0.14454826003434043
1985-04-22,COP,CVX,252,0.14348404834295023
1985-04-23,COP,CVX,252,0.14114383337950176
1985-04-24,COP,CVX,252,0.14062776406108074
1985-04-25,COP,CVX,252,0.1419971117421344
1985-04-26,COP,CVX,252,0.1435257263067802
1985-04-29,COP,CVX,252,0.14233808961634012
1985-04-30,COP,CVX,252,0.14057088431165612
1985-05-01,COP,CVX,252,0.1418949355178153
1985-05-02,COP,CVX,252,0.14332349907023256
1985-05-03,COP,CVX,252,0.14049091045530385
1985-05-06,COP,CVX,252,0.13723850530741896
1985-05-07,COP,CVX,252,0.12952912401475727
1985-05-08,COP,CVX,252,0.13064453275970264
1985-05-09,COP,CVX,252,0.1329920263121593
1985-05-10,COP,CVX,252,0.13003546220540954
1985-05-13,COP,CVX,252,0.1295164393837904
1985-05-14,COP,CVX,252,0.1297947629869958
1985-05-15,COP,CVX,252,0.12743765062149343
1985-05-16,COP,CVX,252,0.12691411059738913
1985-05-17,COP,CVX,252,0.1270427292583013
1985-05-20,COP,CVX,252,0.12835811660904708
1985-05-21,COP,CVX,252,0.12780092744955984
1985-05-22,COP,CVX,252,0.12795850162950267
1985-05-23,COP,CVX,252,0.12668495833274826
1985-05-24,COP,CVX,252,0.1205344831231858
1985-05-28,COP,CVX,252,0.12094253930170759
1985-05-29,COP,CVX,252,0.12222969571845317
1985-05-30,COP,CVX,252,0.12228791311711325
1985-05-31,COP,CVX,252,0.11946504569907597
1985-06-03,COP,CVX,252,0.12002013901795493
1985-06-04,COP,CVX,252,0.11929028517515756
1985-06-05,COP,CVX,252,0.12032867584342269
1985-06-06,COP,CVX,252,0.11955870248388088
1985-06-07,COP,CVX,252,0.11932512342219562
1985-06-10,COP,CVX,252,0.11879194301585491
1985-06-11,COP,CVX,252,0.11612168737727772
1985-06-12,COP,CVX,252,0.11507272853702293
1985-06-13,COP,CVX,252,0.10571605209874091
1985-06-14,COP,CVX,252,0.10173705802558095
1985-06-17,COP,CVX,252,0.10026775928876096
1985-06-18,COP,CVX,252,0.10016668207199346
1985-06-19,COP,CVX,252,0.09938699666997729
1985-06-20,COP,CVX,252,0.10216332777246456
1985-06-21,COP,CVX,252,0.10193386256492387
1985-06-24,COP,CVX,252,0.10193386256492387
1985-06-25,COP,CVX,252,0.1036685974450995
1985-06-26,COP,CVX,252,0.10381183115712633
1985-06-27,COP,CVX,252,0.10649656373175242
1985-06-28,COP,CVX,252,0.10586319243684376
1985-07-01,COP,CVX,252,0.10275952503577765
1985-07-02,COP,CVX,252,0.10321903217476984
1985-07-03,COP,CVX,252,0.10314493166675466
1985-07-05,COP,CVX,252,0.0604912056686959
1985-07-08,COP,CVX,252,0.060830435237710714
1985-07-09,COP,CVX,252,0.05903411259951459
1985-07-10,COP,CVX,252,0.05812104091885404
1985-07-11,COP,CVX,252,0.059987960378088394
1985-07-12,COP,CVX,252,0.057446430817549486
1985-07-15,COP,CVX,252,0.05774542709454295
1985-07-16,COP,CVX,252,0.05772116190866276
1985-07-17,COP,CVX,252,0.05675558686027654
1985-07-18,COP,CVX,252,0.05425941237143633
1985-07-19,COP,CVX,252,0.05532097476966696
1985-07-22,COP,CVX,252,0.053494378315192145
1985-07-23,COP,CVX,252,0.05292509109533886
1985-07-24,COP,CVX,252,0.05837616543695141
1985-07-25,COP,CVX,252,0.05916949953203618
1985-07-26,COP,CVX,252,0.05642720195231463
1985-07-29,COP,CVX,252,0.05773454970322262
1985-07-30,COP,CVX,252,0.05777679297302837
1985-07-31,COP,CVX,252,0.05750773590451759
1985-08-01,COP,CVX,252,0.05885938946993207
1985-08-02,COP,CVX,252,0.06004512062075976
1985-08-05,COP,CVX,252,0.060315083989882175
1985-08-06,COP,CVX,252,0.06072736381304485
1985-08-07,COP,CVX,252,0.05856326068514109
1985-08-08,COP,CVX,252,0.05663827931182742
1985-08-09,COP,CVX,252,0.05813424026569798
1985-08-12,COP,CVX,252,0.058000830842465434
1985-08-13,COP,CVX,252,0.057763868786067187
1985-08-14,COP,CVX,252,0.05682259963601429
1985-08-15,COP,CVX,252,0.05624040385801994
1985-08-16,COP,CVX,252,0.05700086372656806
1985-08-19,COP,CVX,252,0.05705085406474131
1985-08-20,COP,CVX,252,0.05685586651634637
1985-08-21,COP,CVX,252,0.05692182844554323
1985-08-22,COP,CVX,252,0.058063322539765226
1985-08-23,COP,CVX,252,0.05817378504235621
1985-08-26,COP,CVX,252,0.05940950493537968
1985-08-27,COP,CVX,252,0.05771432335427213
1985-08-28,COP,CVX,252,0.05920318332551482
1985-08-29,COP,CVX,252,0.05884419942148111
1985-08-30,COP,CVX,252,0.05837947374825842
1985-09-03,COP,CVX,252,0.05838513090857673
1985-09-04,COP,CVX,252,0.058499786819621265
1985-09-05,COP,CVX,252,0.05888866133645065
1985-09-06,COP,CVX,252,0.058822812308859496
1985-09-09,COP,CVX,252,0.05949680708650695
1985-09-10,COP,CVX,252,0.059904465034027396
1985-09-11,COP,CVX,252,0.05949089190520806
1985-09-12,COP,CVX,252,0.05286595169752494
1985-09-13,COP,CVX,252,0.05407076307592312
1985-09-16,COP,CVX,252,0.053476168344288935
1985-09-17,COP,CVX,252,0.0535430570375099
1985-09-18,COP,CVX,252,0.053667310243382296
1985-09-19,COP,CVX,252,0.05513762552866972
1985-09-20,COP,CVX,252,0.054080005303397474
1985-09-23,COP,CVX,252,0.05396289214349733
1985-09-24,COP,CVX,252,0.052966811332734044
1985-09-25,COP,CVX,252,0.051933983310176464
1985-09-26,COP,CVX,252,0.05724680332821411
1985-09-30,COP,CVX,252,0.0573773729222999
1985-10-01,COP,CVX,252,0.05891186329450944
1985-10-02,COP,CVX,252,0.05828447380618611
1985-10-03,COP,CVX,252,0.05707245617108644
1985-10-04,COP,CVX,252,0.05621732538429312
1985-10-07,COP,CVX,252,0.0572594701679312
1985-10-08,COP,CVX,252,0.05748855841502617
1985-10-09,COP,CVX,252,0.05771495107686599
1985-10-10,COP,CVX,252,0.05791138810105992
1985-10-11,COP,CVX,252,0.058242891581995845
1985-10-14,COP,CVX,252,0.05802354399397271
1985-10-15,COP,CVX,252,0.059304152767513225
1985-10-16,COP,CVX,252,0.058690915431406275
1985-10-17,COP,CVX,252,0.05365335966924768
1985-10-18,COP,CVX,252,0.053280965849234994
1985-10-21,COP,CVX,252,0.05413266733729366
1985-10-22,COP,CVX,252,0.054980656388065326
1985-10-23,COP,CVX,252,0.05484503775300267
1985-10-24,COP,CVX,252,0.05468824119522261
1985-10-25,COP,CVX,252,0.0551597437619616
1985-10-28,COP,CVX,252,0.054860155712248976
1985-10-29,COP,CVX,252,0.05239145762665679
1985-10-30,COP,CVX,252,0.05166353267266068
1985-10-31,COP,CVX,252,0.05310735856041765
1985-11-01,COP,CVX,252,0.051977393940358316
1985-11-04,COP,CVX,252,0.05179883692437784
1985-11-05,COP,CVX,252,0.05046142862437568
1985-11-06,COP,CVX,252,0.04910121823140259
1985-11-07,COP,CVX,252,0.049191671783787846
1985-11-08,COP,CVX,252,0.04916909279993567
1985-11-11,COP,CVX,252,0.04966927614253072
1985-11-12,COP,CVX,252,0.04911889840413759
1985-11-13,COP,CVX,252,0.04923400675292204
1985-11-14,COP,CVX,252,0.05127637971436686
1985-11-15,COP,CVX,252,0.04841761024557885
1985-11-18,COP,CVX,252,0.04807117511137628
1985-11-19,COP,CVX,252,0.04757946662709561
1985-11-20,COP,CVX,252,0.04707372571278047
1985-11-21,COP,CVX,252,0.04797443794355595
1985-11-22,COP,CVX,252,0.048059250084057245
1985-11-25,COP,CVX,252,0.04680473286841411
1985-11-26,COP,CVX,252,0.045671360969932226
1985-11-27,COP,CVX,252,0.04523546015334617
1985-11-29,COP,CVX,252,0.0434499824113875
1985-12-02,COP,CVX,252,0.04429155552536342
1985-12-03,COP,CVX,252,0.04713541775921627
1985-12-04,COP,CVX,252,0.04213137138056202
1985-12-05,COP,CVX,252,0.04053120386203276
1985-12-06,COP,CVX,252,0.04003297828362012
1985-12-09,COP,CVX,252,0.04831384465839954
1985-12-10,COP,CVX,252,0.060951674833589035
1985-12-11,COP,CVX,252,0.06155440998806144
1985-12-12,COP,CVX,252,0.06512721561995859
1985-12-13,COP,CVX,252,0.07044766352792062
1985-12-16,COP,CVX,252,0.07203178743233565
1985-12-17,COP,CVX,252,0.07219227569069164
1985-12-18,COP,CVX,252,0.07399106776871742
1985-12-19,COP,CVX,252,0.07420020534472484
1985-12-20,COP,CVX,252,0.07623684387246545
1985-12-23,COP,CVX,252,0.07649351925404163
1985-12-24,COP,CVX,252,0.09605799952400997
1985-12-26,COP,CVX,252,0.0978199310211426
1985-12-27,COP,CVX,252,0.0982421114937585
1985-12-30,COP,CVX,252,0.09809365264181064
1985-12-31,COP,CVX,252,0.09983930082798462
1986-01-02,COP,CVX,252,0.09767608611180911
1986-01-03,COP,CVX,252,0.09747700851166965
1986-01-06,COP,CVX,252,0.098244370253661
1986-01-07,COP,CVX,252,0.10053733573610169
1986-01-08,COP,CVX,252,0.10378653789558878
1986-01-09,COP,CVX,252,0.10482669051500866
1986-01-10,COP,CVX,252,0.10436598321988097
1986-01-13,COP,CVX,252,0.10472534867630588
1986-01-14,COP,CVX,252,0.1070847116711503
1986-01-15,COP,CVX,252,0.10722039644835277
1986-01-16,COP,CVX,252,0.10804696848780952
1986-01-17,COP,CVX,252,0.10796885352648929
1986-01-20,COP,CVX,252,0.1080144916811446
1986-01-21,COP,CVX,252,0.10711129899969313
1986-01-22,COP,CVX,252,0.10470468816813303
1986-01-23,COP,CVX,252,0.10509854190735
1986-01-24,COP,CVX,252,0.10640085108784224
1986-01-27,COP,CVX,252,0.11615233881178955
1986-01-28,COP,CVX,252,0.1124501508668847
1986-01-29,COP,CVX,252,0.11209884551411849
1986-01-30,COP,CVX,252,0.11523976468893861
1986-01-31,COP,CVX,252,0.1167473459073179
1986-02-03,COP,CVX,252,0.11758469430795664
1986-02-04,COP,CVX,252,0.12185621562659082
1986-02-05,COP,CVX,252,0.12093385740614743
1986-02-06,COP,CVX,252,0.1207984832642052
1986-02-07,COP,CVX,252,0.1213913898510596
1986-02-10,COP,CVX,252,0.12152323297508316
1986-02-11,COP,CVX,252,0.12242234087560747
1986-02-12,COP,CVX,252,0.12241276139544252
1986-02-13,COP,CVX,252,0.1219392528243834
1986-02-14,COP,CVX,252,0.12187480245507626
1986-02-18,COP,CVX,252,0.1217774362845625
1986-02-19,COP,CVX,252,0.1198475498597717
1986-02-20,COP,CVX,252,0.11816872574901606
1986-02-21,COP,CVX,252,0.12006122402734615
1986-02-24,COP,CVX,252,0.12298508704198886
1986-02-25,COP,CVX,252,0.12248592251877316
1986-02-26,COP,CVX,252,0.11998347037230239
1986-02-27,COP,CVX,252,0.10927406365906263
1986-02-28,COP,CVX,252,0.10966761044715305
1986-03-03,COP,CVX,252,0.11041229470010025
1986-03-04,COP,CVX,252,0.11307264209054088
1986-03-05,COP,CVX,252,0.11257662587453257
1986-03-06,COP,CVX,252,0.1136387599611341
1986-03-07,COP,CVX,252,0.11533813276604342
1986-03-10,COP,CVX,252,0.11529254568910573
1986-03-11,COP,CVX,252,0.12085454232411058
1986-03-12,COP,CVX,252,0.12343485069405931
1986-03-13,COP,CVX,252,0.12508888502469717
1986-03-14,COP,CVX,252,0.12509686876229578
1986-03-17,COP,CVX,252,0.12814860799725855
1986-03-18,COP,CVX,252,0.1357049069377386
1986-03-19,COP,CVX,252,0.14085386561045293
1986-03-20,COP,CVX,252,0.14141624438771133
1986-03-21,COP,CVX,252,0.14255687176776763
1986-03-24,COP,CVX,252,0.14254849474244502
1986-03-25,COP,CVX,252,0.14269513042661786
1986-03-26,COP,CVX,252,0.14290560008590564
1986-03-27,COP,CVX,252,0.14273077268117368
1986-03-31,COP,CVX,252,0.1437021204703621
1986-04-01,COP,CVX,252,0.1437858596742392
1986-04-02,COP,CVX,252,0.1456125819522616
1986-04-03,COP,CVX,252,0.14613834778802012
1986-04-04,COP,CVX,252,0.14611725646577864
1986-04-07,COP,CVX,252,0.14693334532075475
1986-04-08,COP,CVX,252,0.1468713712553144
1986-04-09,COP,CVX,252,0.1467419784414176
1986-04-10,COP,CVX,252,0.1477375580119087
1986-04-11,COP,CVX,252,0.14754558596609882
1986-04-14,COP,CVX,252,0.14833029076859264
1986-04-15,COP,CVX,252,0.14838547949760364
1986-04-16,COP,CVX,252,0.14852157220824727
1986-04-17,COP,CVX,252,0.14851931503410581
1986-04-18,COP,CVX,252,0.14781793590714598
1986-04-21,COP,CVX,252,0.14678320814640133
1986-04-22,COP,CVX,252,0.14675683076892856
1986-04-23,COP,CVX,252,0.14616966144302504
1986-04-24,COP,CVX,252,0.14598324301328677
1986-04-25,COP,CVX,252,0.14558619674541173
1986-04-28,COP,CVX,252,0.1459944525072141
1986-04-29,COP,CVX,252,0.14668657448814626
1986-04-30,COP,CVX,252,0.14877166205620376
1986-05-01,COP,CVX,252,0.14967664932821487
1986-05-02,COP,CVX,252,0.15140541673664581
1986-05-05,COP,CVX,252,0.15236391341770084
1986-05-06,COP,CVX,252,0.15356212894927807
1986-05-07,COP,CVX,252,0.15399138247998656
1986-05-08,COP,CVX,252,0.15614094978413795
1986-05-09,COP,CVX,252,0.1558187353926773
1986-05-12,COP,CVX,252,0.15588538829537246
1986-05-13,COP,CVX,252,0.15742065314260992
1986-05-14,COP,CVX,252,0.15760037072646385
1986-05-15,COP,CVX,252,0.15568178779436684
1986-05-16,COP,CVX,252,0.1558416898674844
1986-05-19,COP,CVX,252,0.15583711977933196
1986-05-20,COP,CVX,252,0.15617854352986027
1986-05-21,COP,CVX,252,0.15691996876698266
1986-05-22,COP,CVX,252,0.15786736527702755
1986-05-23,COP,CVX,252,0.15801613611048665
1986-05-27,COP,CVX,252,0.1605562493950975
1986-05-28,COP,CVX,252,0.16031845411644083
1986-05-29,COP,CVX,252,0.16030579969913267
1986-05-30,COP,CVX,252,0.16052715608919849
1986-06-02,COP,CVX,252,0.15924538199271915
1986-06-03,COP,CVX,252,0.158635707366809
1986-06-04,COP,CVX,252,0.1580531910955214
1986-06-05,COP,CVX,252,0.15725154098117222
1986-06-06,COP,CVX,252,0.1575054437205294
1986-06-09,COP,CVX,252,0.1583047660586047
1986-06-10,COP,CVX,252,0.1580474534140023
1986-06-11,COP,CVX,252,0.15794187883471777
1986-06-12,COP,CVX,252,0.15795457610298355
1986-06-13,COP,CVX,252,0.15799599931326178
1986-06-16,COP,CVX,252,0.1575574943719614
1986-06-17,COP,CVX,252,0.1576233976584863
1986-06-18,COP,CVX,252,0.15767217818079862
1986-06-19,COP,CVX,252,0.1578321191116856
1986-06-20,COP,CVX,252,0.1577006878352455
1986-06-23,COP,CVX,252,0.15869810062748252
1986-06-24,COP,CVX,252,0.1586668261071475
1986-06-25,COP,CVX,252,0.15835483906424025
1986-06-26,COP,CVX,252,0.15845879020968873
1986-06-27,COP,CVX,252,0.15701408400491965
1986-06-30,COP,CVX,252,0.15764527718694324
1986-07-01,COP,CVX,252,0.15776232424289485
1986-07-02,COP,CVX,252,0.1583274373790588
1986-07-03,COP,CVX,252,0.1585463675045287
1986-07-07,COP,CVX,252,0.4718608509243305
1986-07-08,COP,CVX,252,0.47093273384506545
1986-07-09,COP,CVX,252,0.4718789727112726
1986-07-10,COP,CVX,252,0.4732856832626782
1986-07-11,COP,CVX,252,0.47472822519050417
1986-07-14,COP,CVX,252,0.47862922367889427
1986-07-15,COP,CVX,252,0.4770556047469243
1986-07-16,COP,CVX,252,0.4775821821234613
1986-07-17,COP,CVX,252,0.4886853456848369
1986-07-18,COP,CVX,252,0.49314935971494867
1986-07-21,COP,CVX,252,0.49036459999712095
1986-07-22,COP,CVX,252,0.4979093723700056
1986-07-23,COP,CVX,252,0.5007138486800522
1986-07-24,COP,CVX,252,0.49405053140186295
1986-07-25,COP,CVX,252,0.4920526893966694
1986-07-28,COP,CVX,252,0.49377850355772107
1986-07-29,COP,CVX,252,0.49368532864638615
1986-07-30,COP,CVX,252,0.48667711978191164
1986-07-31,COP,CVX,252,0.4849026403596249
1986-08-01,COP,CVX,252,0.48400729222761824
1986-08-04,COP,CVX,252,0.4998362623407447
1986-08-05,COP,CVX,252,0.5113282875542045
1986-08-06,COP,CVX,252,0.5089038113229426
1986-08-07,COP,CVX,252,0.5080362285828958
1986-08-08,COP,CVX,252,0.5080757346998133
1986-08-11,COP,CVX,252,0.5068763948071058
1986-08-12,COP,CVX,252,0.5064917622413031
1986-08-13,COP,CVX,252,0.5074118687999604
1986-08-14,COP,CVX,252,0.5088110156305664
1986-08-15,COP,CVX,252,0.5165369516790937
1986-08-18,COP,CVX,252,0.5149482463442473
1986-08-19,COP,CVX,252,0.5181704569062109
1986-08-20,COP,CVX,252,0.5166492900571296
1986-08-21,COP,CVX,252,0.5182169984060605
1986-08-22,COP,CVX,252,0.5161658808426548
1986-08-25,COP,CVX,252,0.5161837262791333
1986-08-26,COP,CVX,252,0.5240272475395654
1986-08-27,COP,CVX,252,0.5247968761054785
1986-08-28,COP,CVX,252,0.5206828946341008
1986-08-29,COP,CVX,252,0.520426734799952
1986-09-02,COP,CVX,252,0.5200231533448811
1986-09-03,COP,CVX,252,0.520514268289671
1986-09-04,COP,CVX,252,0.5262963614730116
1986-09-05,COP,CVX,252,0.5259033278749684
1986-09-08,COP,CVX,252,0.5266607866217904
1986-09-09,COP,CVX,252,0.5271680932389591
1986-09-10,COP,CVX,252,0.5277204517433528
1986-09-11,COP,CVX,252,0.5251925708097073
1986-09-12,COP,CVX,252,0.527471636340409
1986-09-15,COP,CVX,252,0.5254168811516327
1986-09-16,COP,CVX,252,0.527680307770597
1986-09-17,COP,CVX,252,0.5212219786756533
1986-09-18,COP,CVX,252,0.5228929024700234
1986-09-19,COP,CVX,252,0.5201455931890635
1986-09-22,COP,CVX,252,0.5195374091066538
1986-09-23,COP,CVX,252,0.5185135585093603
1986-09-24,COP,CVX,252,0.518422411095209
1986-09-25,COP,CVX,252,0.5211433225099127
1986-09-26,COP,CVX,252,0.5144204553735339
1986-09-29,COP,CVX,252,0.5141493353659102
1986-09-30,COP,CVX,252,0.5192923171277565
1986-10-01,COP,CVX,252,0.52283758617168
1986-10-02,COP,CVX,252,0.5215252675047168
1986-10-03,COP,CVX,252,0.5225445095324166
1986-10-06,COP,CVX,252,0.5217917411803503
1986-10-07,COP,CVX,252,0.5216976454962295
1986-10-08,COP,CVX,252,0.5209996293580665
1986-10-09,COP,CVX,252,0.5215220402500873
1986-10-10,COP,CVX,252,0.5198372197322683
1986-10-13,COP,CVX,252,0.5202712998167748
1986-10-14,COP,CVX,252,0.5266927811438964
1986-10-15,COP,CVX,252,0.5294760705818402
1986-10-16,COP,CVX,252,0.5299588851860045
1986-10-17,COP,CVX,252,0.5295634196443334
1986-10-20,COP,CVX,252,0.527800283853363
1986-10-21,COP,CVX,252,0.5279727033489033
1986-10-22,COP,CVX,252,0.5278264579807644
1986-10-23,COP,CVX,252,0.5271876635223195
1986-10-24,COP,CVX,252,0.5265245477676965
1986-10-27,COP,CVX,252,0.5265811582870086
1986-10-28,COP,CVX,252,0.5283623903392918
1986-10-29,COP,CVX,252,0.5268169372110495
1986-10-30,COP,CVX,252,0.5349578480226499
1986-10-31,COP,CVX,252,0.5379006469832129
1986-11-03,COP,CVX,252,0.5388717070883685
1986-11-04,COP,CVX,252,0.5457340225779181
1986-11-05,COP,CVX,252,0.5460086236145503
1986-11-06,COP,CVX,252,0.5465125059720897
1986-11-07,COP,CVX,252,0.545149114548521
1986-11-10,COP,CVX,252,0.5468398371514966
1986-11-11,COP,CVX,252,0.5499645041991214
1986-11-12,COP,CVX,252,0.5498234575940855
1986-11-13,COP,CVX,252,0.5474316274799647
1986-11-14,COP,CVX,252,0.5496428768080092
1986-11-17,COP,CVX,252,0.5496398860085473
1986-11-18,COP,CVX,252,0.5569508870293942
1986-11-19,COP,CVX,252,0.5572540616049062
1986-11-20,COP,CVX,252,0.5560738512450005
1986-11-21,COP,CVX,252,0.5555276023977566
1986-11-24,COP,CVX,252,0.5548335181644152
1986-11-25,COP,CVX,252,0.5555082685488362
1986-11-26,COP,CVX,252,0.5562701179611498
1986-11-28,COP,CVX,252,0.5629796806016614
1986-12-01,COP,CVX,252,0.5612604387768303
1986-12-02,COP,CVX,252,0.5620174576818526
1986-12-03,COP,CVX,252,0.5609460054337749
1986-12-04,COP,CVX,252,0.561428685468948
1986-12-05,COP,CVX,252,0.5632406375028589
1986-12-08,COP,CVX,252,0.5523873950182524
1986-12-09,COP,CVX,252,0.5325389154027208
1986-12-10,COP,CVX,252,0.5312391687103974
1986-12-11,COP,CVX,252,0.5286271398132709
1986-12-12,COP,CVX,252,0.5294467611650777
1986-12-15,COP,CVX,252,0.529386259609949
1986-12-16,COP,CVX,252,0.5286977492711716
1986-12-17,COP,CVX,252,0.5307294205122544
1986-12-18,COP,CVX,252,0.529692835334169
1986-12-19,COP,CVX,252,0.5259542420181643
1986-12-22,COP,CVX,252,0.5261785829474992
1986-12-23,COP,CVX,252,0.5237497958269582
1986-12-24,COP,CVX,252,0.5238946896375968
1986-12-26,COP,CVX,252,0.5237249183461241
1986-12-29,COP,CVX,252,0.5234182817858959
1986-12-30,COP,CVX,252,0.521631744948387
1986-12-31,COP,CVX,252,0.5224419741372389
1987-01-02,COP,CVX,252,0.5241102903107878
1987-01-05,COP,CVX,252,0.5247670281850266
1987-01-06,COP,CVX,252,0.520022406569383
1987-01-07,COP,CVX,252,0.5120936510111215
1987-01-08,COP,CVX,252,0.5062146454288593
1987-01-09,COP,CVX,252,0.502123247406978
1987-01-12,COP,CVX,252,0.5088312470379805
1987-01-13,COP,CVX,252,0.5068234822115603
1987-01-14,COP,CVX,252,0.5094675436194226
1987-01-15,COP,CVX,252,0.5010841679698091
1987-01-16,COP,CVX,252,0.5008525543452932
1987-01-19,COP,CVX,252,0.500559469862857
1987-01-20,COP,CVX,252,0.49716605538961417
1987-01-21,COP,CVX,252,0.4904238943748403
1987-01-22,COP,CVX,252,0.4958261621136438
1987-01-23,COP,CVX,252,0.4989767272147937
1987-01-26,COP,CVX,252,0.48992398727722897
1987-01-27,COP,CVX,252,0.5010028750041999
1987-01-28,COP,CVX,252,0.507541571837349
1987-01-29,COP,CVX,252,0.5067285940961337
1987-01-30,COP,CVX,252,0.49773970663043354
1987-02-02,COP,CVX,252,0.4940888679039151
1987-02-03,COP,CVX,252,0.4799310111205838
1987-02-04,COP,CVX,252,0.5019459374789284
1987-02-05,COP,CVX,252,0.5025830848555863
1987-02-06,COP,CVX,252,0.5006890260062304
1987-02-09,COP,CVX,252,0.5086018809721649
1987-02-10,COP,CVX,252,0.500182588687297
1987-02-11,COP,CVX,252,0.49226420813698557
1987-02-12,COP,CVX,252,0.4986663861552344
1987-02-13,COP,CVX,252,0.500727812878172
1987-02-17,COP,CVX,252,0.4974074119506757
1987-02-18,COP,CVX,252,0.510449196259493
1987-02-19,COP,CVX,252,0.5137961862689987
1987-02-20,COP,CVX,252,0.5108421821433303
1987-02-23,COP,CVX,252,0.5087749111848979
1987-02-24,COP,CVX,252,0.5178915515641893
1987-02-25,COP,CVX,252,0.5346425765820176
1987-02-26,COP,CVX,252,0.5830084589767407
1987-02-27,COP,CVX,252,0.5837686409727639
1987-03-02,COP,CVX,252,0.5819169780924752
1987-03-03,COP,CVX,252,0.5834440786008784
1987-03-04,COP,CVX,252,0.584932445989129
1987-03-05,COP,CVX,252,0.5829715994018817
1987-03-06,COP,CVX,252,0.5814221228496623
1987-03-09,COP,CVX,252,0.5813993461433329
1987-03-10,COP,CVX,252,0.5713109639782326
1987-03-11,COP,CVX,252,0.5683233055400613
1987-03-12,COP,CVX,252,0.5655384856335267
1987-03-13,COP,CVX,252,0.5653253761197599
1987-03-16,COP,CVX,252,0.5628491930658275
1987-03-17,COP,CVX,252,0.569865664444316
1987-03-18,COP,CVX,252,0.5733877504468539
1987-03-19,COP,CVX,252,0.5723901703401093
1987-03-20,COP,CVX,252,0.571923793603476
1987-03-23,COP,CVX,252,0.5696088421761455
1987-03-24,COP,CVX,252,0.5706512805940686
1987-03-25,COP,CVX,252,0.5717676319270358
1987-03-26,COP,CVX,252,0.5694612744582446
1987-03-27,COP,CVX,252,0.5586812078677895
1987-03-30,COP,CVX,252,0.5590276650734805
1987-03-31,COP,CVX,252,0.5554363345052343
1987-04-01,COP,CVX,252,0.5550411332006618
1987-04-02,COP,CVX,252,0.5553451749946418
1987-04-03,COP,CVX,252,0.5578234598643852
1987-04-06,COP,CVX,252,0.5568038086579342
1987-04-07,COP,CVX,252,0.559926522102038
1987-04-08,COP,CVX,252,0.5542741516932951
1987-04-09,COP,CVX,252,0.5590128750380308
1987-04-10,COP,CVX,252,0.5579283151615804
1987-04-13,COP,CVX,252,0.5598772887857695
1987-04-14,COP,CVX,252,0.5634156941800481
1987-04-15,COP,CVX,252,0.5598444227320789
1987-04-16,COP,CVX,252,0.5582935073534095
1987-04-20,COP,CVX,252,0.563213730175486
1987-04-21,COP,CVX,252,0.5637478928639881
1987-04-22,COP,CVX,252,0.5654007475903754
1987-04-23,COP,CVX,252,0.568151054176439
1987-04-24,COP,CVX,252,0.5723855478337282
1987-04-27,COP,CVX,252,0.571511417739603
1987-04-28,COP,CVX,252,0.5718641403276189
1987-04-29,COP,CVX,252,0.5775415477575323
1987-04-30,COP,CVX,252,0.5556817450637694
1987-05-01,COP,CVX,252,0.5231624447000687
1987-05-04,COP,CVX,252,0.5208334081747117
1987-05-05,COP,CVX,252,0.5198740083400556
1987-05-06,COP,CVX,252,0.5238445916920781
1987-05-07,COP,CVX,252,0.5217038578480959
1987-05-08,COP,CVX,252,0.523041148781658
1987-05-11,COP,CVX,252,0.5222533585111291
1987-05-12,COP,CVX,252,0.5187336688084424
1987-05-13,COP,CVX,252,0.519272220346875
1987-05-14,COP,CVX,252,0.5235326785929499
1987-05-15,COP,CVX,252,0.5229459404189769
1987-05-18,COP,CVX,252,0.5235593481051535
1987-05-19,COP,CVX,252,0.5329460787243174
1987-05-20,COP,CVX,252,0.5253592057590791
1987-05-21,COP,CVX,252,0.5226890477758138
1987-05-22,COP,CVX,252,0.5203463482440962
1987-05-26,COP,CVX,252,0.519719305268131
1987-05-27,COP,CVX,252,0.5199113883270049
1987-05-28,COP,CVX,252,0.5199113883270049
1987-05-29,COP,CVX,252,0.5159080633860423
1987-06-01,COP,CVX,252,0.5228716015698035
1987-06-02,COP,CVX,252,0.5275470084879045
1987-06-03,COP,CVX,252,0.5283529052966971
1987-06-04,COP,CVX,252,0.5291346454528234
1987-06-05,COP,CVX,252,0.5303706392539527
1987-06-08,COP,CVX,252,0.5271946644734385
1987-06-09,COP,CVX,252,0.5274103181653053
1987-06-10,COP,CVX,252,0.5270794943350342
1987-06-11,COP,CVX,252,0.5269293669186237
1987-06-12,COP,CVX,252,0.5267113762347122
1987-06-15,COP,CVX,252,0.5274538963680949
1987-06-16,COP,CVX,252,0.5237275354817297
1987-06-17,COP,CVX,252,0.5251698812107899
1987-06-18,COP,CVX,252,0.5262491661587193
1987-06-19,COP,CVX,252,0.5276866805514909
1987-06-22,COP,CVX,252,0.5268291968273429
1987-06-23,COP,CVX,252,0.5265731812340619
1987-06-24,COP,CVX,252,0.5266062311258737
1987-06-25,COP,CVX,252,0.5260842798833772
1987-06-26,COP,CVX,252,0.5285106531958831
1987-06-29,COP,CVX,252,0.5290066385516248
1987-06-30,COP,CVX,252,0.529018681890901
1987-07-01,COP,CVX,252,0.5288373311952648
1987-07-02,COP,CVX,252,0.5303381513943937
1987-07-06,COP,CVX,252,0.5300589789168041
1987-07-07,COP,CVX,252,0.5310763359943613
1987-07-08,COP,CVX,252,0.5351674522492744
1987-07-09,COP,CVX,252,0.533110434857659
1987-07-10,COP,CVX,252,0.5311489167711694
1987-07-13,COP,CVX,252,0.5271754489104402
1987-07-14,COP,CVX,252,0.5275303106433212
1987-07-15,COP,CVX,252,0.5281180988858794
1987-07-16,COP,CVX,252,0.5252287317565814
1987-07-17,COP,CVX,252,0.5284836787515826
1987-07-20,COP,CVX,252,0.528685021006088
1987-07-21,COP,CVX,252,0.5325650832708654
1987-07-22,COP,CVX,252,0.5308180499885637
1987-07-23,COP,CVX,252,0.5277224343124827
1987-07-24,COP,CVX,252,0.5264491522437348
1987-07-27,COP,CVX,252,0.5233418036567443
1987-07-28,COP,CVX,252,0.5227819630898576
1987-07-29,COP,CVX,252,0.5263147263981065
1987-07-30,COP,CVX,252,0.5266222128108664
1987-07-31,COP,CVX,252,0.5270140606909264
1987-08-03,COP,CVX,252,0.5164860866843228
1987-08-04,COP,CVX,252,0.5107616245872643
1987-08-05,COP,CVX,252,0.5117527813831898
1987-08-06,COP,CVX,252,0.5107988755067074
1987-08-07,COP,CVX,252,0.5097639260336623
1987-08-10,COP,CVX,252,0.5092630962919774
1987-08-11,COP,CVX,252,0.5087503341446646
1987-08-12,COP,CVX,252,0.5083068143013862
1987-08-13,COP,CVX,252,0.5036898082374974
1987-08-14,COP,CVX,252,0.4950158806235951
1987-08-17,COP,CVX,252,0.4976490595751299
1987-08-18,COP,CVX,252,0.4930411064435706
1987-08-19,COP,CVX,252,0.49221599599295857
1987-08-20,COP,CVX,252,0.4906843799172311
1987-08-21,COP,CVX,252,0.4911921287878324
1987-08-24,COP,CVX,252,0.4938863467204958
1987-08-25,COP,CVX,252,0.4871449361832265
1987-08-26,COP,CVX,252,0.48956086758143136
1987-08-27,COP,CVX,252,0.4919999412074033
1987-08-28,COP,CVX,252,0.48781114410815646
1987-08-31,COP,CVX,252,0.48794298778462897
1987-09-01,COP,CVX,252,0.4923947618356084
1987-09-02,COP,CVX,252,0.4885290634184708
1987-09-03,COP,CVX,252,0.4887171898230561
1987-09-04,COP,CVX,252,0.4867626192239471
1987-09-08,COP,CVX,252,0.4880532783685327
1987-09-09,COP,CVX,252,0.4882716627153729
1987-09-10,COP,CVX,252,0.48965078656038763
1987-09-11,COP,CVX,252,0.4891147591043975
1987-09-14,COP,CVX,252,0.4912930137329242
1987-09-15,COP,CVX,252,0.4895942918534231
1987-09-16,COP,CVX,252,0.4908261157707905
1987-09-17,COP,CVX,252,0.49048493424771217
1987-09-18,COP,CVX,252,0.49257414758897544
1987-09-21,COP,CVX,252,0.4949100158533128
1987-09-22,COP,CVX,252,0.4823115243850277
1987-09-23,COP,CVX,252,0.47999854483427074
1987-09-24,COP,CVX,252,0.47754417409518535
1987-09-25,COP,CVX,252,0.47662660663246986
1987-09-28,COP,CVX,252,0.47831903318285524
1987-09-29,COP,CVX,252,0.47485269826755483
1987-09-30,COP,CVX,252,0.47195420202958754
1987-10-01,COP,CVX,252,0.47545583444427214
1987-10-02,COP,CVX,252,0.47705786294325153
1987-10-05,COP,CVX,252,0.4769378006630089
1987-10-06,COP,CVX,252,0.47612614666483294
1987-10-07,COP,CVX,252,0.47704522448944975
1987-10-08,COP,CVX,252,0.4802070206061264
1987-10-09,COP,CVX,252,0.4818788435927951
1987-10-12,COP,CVX,252,0.4814167752845692
1987-10-13,COP,CVX,252,0.47573495451678105
1987-10-14,COP,CVX,252,0.47854094882718945
1987-10-15,COP,CVX,252,0.47958577665727337
1987-10-16,COP,CVX,252,0.47951382045729624
1987-10-19,COP,CVX,252,0.6355579153411832
1987-10-20,COP,CVX,252,0.6411746867892808
1987-10-21,COP,CVX,252,0.6201329897651218
1987-10-22,COP,CVX,252,0.6226693987389708
1987-10-23,COP,CVX,252,0.6268222407704112
1987-10-26,COP,CVX,252,0.6501618878749217
1987-10-27,COP,CVX,252,0.6428986868826978
1987-10-28,COP,CVX,252,0.6142228438533335
1987-10-29,COP,CVX,252,0.6160472740891962
1987-10-30,COP,CVX,252,0.6168296621987311
1987-11-02,COP,CVX,252,0.6163428987332554
1987-11-03,COP,CVX,252,0.6170191082212879
1987-11-04,COP,CVX,252,0.6175096498991295
1987-11-05,COP,CVX,252,0.6168089037437999
1987-11-06,COP,CVX,252,0.614955038603268
1987-11-09,COP,CVX,252,0.6137959929856925
1987-11-10,COP,CVX,252,0.6123165511098997
1987-11-11,COP,CVX,252,0.6132200275072518
1987-11-12,COP,CVX,252,0.6133711157411349
1987-11-13,COP,CVX,252,0.6108899433510235
1987-11-16,COP,CVX,252,0.601198626597427
1987-11-17,COP,CVX,252,0.5962944326063359
1987-11-18,COP,CVX,252,0.5955493780193393
1987-11-19,COP,CVX,252,0.5985355404574003
1987-11-20,COP,CVX,252,0.5975894541528691
1987-11-23,COP,CVX,252,0.5984993098375262
1987-11-24,COP,CVX,252,0.5987972124165095
1987-11-25,COP,CVX,252,0.5899136510179924
1987-11-27,COP,CVX,252,0.5897472922498352
1987-11-30,COP,CVX,252,0.5965552732691954
1987-12-01,COP,CVX,252,0.5970003801873
1987-12-02,COP,CVX,252,0.5974049879494127
1987-12-03,COP,CVX,252,0.5979965074258964
1987-12-04,COP,CVX,252,0.5978290083008808
1987-12-07,COP,CVX,252,0.5974655074478172
1987-12-08,COP,CVX,252,0.6044539219808346
1987-12-09,COP,CVX,252,0.6043956424811601
1987-12-10,COP,CVX,252,0.6097410609413804
1987-12-11,COP,CVX,252,0.60688660818035
1987-12-14,COP,CVX,252,0.6012760840505187
1987-12-15,COP,CVX,252,0.6002806099611073
1987-12-16,COP,CVX,252,0.6000199292571706
1987-12-17,COP,CVX,252,0.6006489522221693
1987-12-18,COP,CVX,252,0.6056768088303418
1987-12-21,COP,CVX,252,0.6053271378410503
1987-12-22,COP,CVX,252,0.6057020634935069
1987-12-23,COP,CVX,252,0.6025528714618729
1987-12-24,COP,CVX,252,0.6032179966857575
1987-12-28,COP,CVX,252,0.6057150204465844
1987-12-29,COP,CVX,252,0.605046444479797
1987-12-30,COP,CVX,252,0.6066951278079583
1987-12-31,COP,CVX,252,0.6051363871774806
1988-01-04,COP,CVX,252,0.6020159188560317
1988-01-05,COP,CVX,252,0.6021251060674204
1988-01-06,COP,CVX,252,0.6030003878518699
1988-01-07,COP,CVX,252,0.6043545722562256
1988-01-08,COP,CVX,252,0.6164704232872019
1988-01-11,COP,CVX,252,0.6138952149066165
1988-01-12,COP,CVX,252,0.6141586654479158
1988-01-13,COP,CVX,252,0.6129281699791097
1988-01-14,COP,CVX,252,0.6148928482621249
1988-01-15,COP,CVX,252,0.615644156749297
1988-01-18,COP,CVX,252,0.6138828508649814
1988-01-19,COP,CVX,252,0.6138344834631689
1988-01-20,COP,CVX,252,0.6184339238435852
1988-01-21,COP,CVX,252,0.6182802314766783
1988-01-22,COP,CVX,252,0.6183901622157196
1988-01-25,COP,CVX,252,0.6225057572902003
1988-01-26,COP,CVX,252,0.6230049278703802
1988-01-27,COP,CVX,252,0.6218973093941798
1988-01-28,COP,CVX,252,0.6210013411869437
1988-01-29,COP,CVX,252,0.6197659874224332
1988-02-01,COP,CVX,252,0.6209043492166268
1988-02-02,COP,CVX,252,0.6223308773741779
1988-02-03,COP,CVX,252,0.6151215729989354
1988-02-04,COP,CVX,252,0.6145606015071444
1988-02-05,COP,CVX,252,0.6149633222138576
1988-02-08,COP,CVX,252,0.6127916515102607
1988-02-09,COP,CVX,252,0.6150553442822408
1988-02-10,COP,CVX,252,0.6200363023385776
1988-02-11,COP,CVX,252,0.6190721519235983
1988-02-12,COP,CVX,252,0.6179153658997826
1988-02-16,COP,CVX,252,0.6170574030016797
1988-02-17,COP,CVX,252,0.6147588715245406
1988-02-18,COP,CVX,252,0.6123005502605271
1988-02-19,COP,CVX,252,0.6066545032245366
1988-02-22,COP,CVX,252,0.60681924233829
1988-02-23,COP,CVX,252,0.6061769286037786
1988-02-24,COP,CVX,252,0.6094844924023304
1988-02-25,COP,CVX,252,0.6098739575722345
1988-02-26,COP,CVX,252,0.6084217859874026
1988-02-29,COP,CVX,252,0.6100243764245001
1988-03-01,COP,CVX,252,0.6082736940195662
1988-03-02,COP,CVX,252,0.6089127776986913
1988-03-03,COP,CVX,252,0.6081841120944392
1988-03-04,COP,CVX,252,0.6071424960501098
1988-03-07,COP,CVX,252,0.6067768588785245
1988-03-08,COP,CVX,252,0.6080852895705102
1988-03-09,COP,CVX,252,0.605263178078218
1988-03-10,COP,CVX,252,0.6036357651661869
1988-03-11,COP,CVX,252,0.6005403782006349
1988-03-14,COP,CVX,252,0.5993647046873016
1988-03-15,COP,CVX,252,0.5965921294798187
1988-03-16,COP,CVX,252,0.5952766887698642
1988-03-17,COP,CVX,252,0.5890843341108638
1988-03-18,COP,CVX,252,0.5889312750744368
1988-03-21,COP,CVX,252,0.5898881709899988
1988-03-22,COP,CVX,252,0.5883725636353339
1988-03-23,COP,CVX,252,0.5853902539764969
1988-03-24,COP,CVX,252,0.5885346739316903
1988-03-25,COP,CVX,252,0.5927986042752909
1988-03-28,COP,CVX,252,0.5927196389228372
1988-03-29,COP,CVX,252,0.5926865034137656
1988-03-30,COP,CVX,252,0.5917436172015101
1988-03-31,COP,CVX,252,0.5956150438862028
1988-04-04,COP,CVX,252,0.5951778316171539
1988-04-05,COP,CVX,252,0.5944257097620219
1988-04-06,COP,CVX,252,0.5983079313950918
1988-04-07,COP,CVX,252,0.6007202779673804
1988-04-08,COP,CVX,252,0.6025728782129064
1988-04-11,COP,CVX,252,0.6029342203201837
1988-04-12,COP,CVX,252,0.601620366702672
1988-04-13,COP,CVX,252,0.6002802495392312
1988-04-14,COP,CVX,252,0.6067703194080114
1988-04-15,COP,CVX,252,0.6080760304519051
1988-04-18,COP,CVX,252,0.607939732858422
1988-04-19,COP,CVX,252,0.6062449037404882
1988-04-20,COP,CVX,252,0.6064736012993601
1988-04-21,COP,CVX,252,0.6063623166720277
1988-04-22,COP,CVX,252,0.6045647722342125
1988-04-25,COP,CVX,252,0.6053619358936682
1988-04-26,COP,CVX,252,0.6057358144378996
1988-04-27,COP,CVX,252,0.6055366472753255
1988-04-28,COP,CVX,252,0.6158262345936659
1988-04-29,COP,CVX,252,0.6270699374488283
1988-05-02,COP,CVX,252,0.6281894000116903
1988-05-03,COP,CVX,252,0.6273286492742853
1988-05-04,COP,CVX,252,0.6263600279624395
1988-05-05,COP,CVX,252,0.6272922905330669
1988-05-06,COP,CVX,252,0.627267261333311
1988-05-09,COP,CVX,252,0.6280232918896916
1988-05-10,COP,CVX,252,0.6271651133816121
1988-05-11,COP,CVX,252,0.6283123966780947
1988-05-12,COP,CVX,252,0.6282855433571852
1988-05-13,COP,CVX,252,0.6290886417749775
1988-05-16,COP,CVX,252,0.628637497938164
1988-05-17,COP,CVX,252,0.6250977410140287
1988-05-18,COP,CVX,252,0.6287037053865424
1988-05-19,COP,CVX,252,0.6292560016099316
1988-05-20,COP,CVX,252,0.6302366460171567
1988-05-23,COP,CVX,252,0.6302645781015112
1988-05-24,COP,CVX,252,0.6304645653462441
1988-05-25,COP,CVX,252,0.6298475207562065
1988-05-26,COP,CVX,252,0.6319341663808733
1988-05-27,COP,CVX,252,0.6310522745662993
1988-05-31,COP,CVX,252,0.6317390361390529
1988-06-01,COP,CVX,252,0.6314902697105588
1988-06-02,COP,CVX,252,0.6314605050479162
1988-06-03,COP,CVX,252,0.6305904442586691
1988-06-06,COP,CVX,252,0.6323986691794987
1988-06-07,COP,CVX,252,0.6326012630076461
1988-06-08,COP,CVX,252,0.6324216886312313
1988-06-09,COP,CVX,252,0.6324828489041108
1988-06-10,COP,CVX,252,0.6325133275681547
1988-06-13,COP,CVX,252,0.6312347098626812
1988-06-14,COP,CVX,252,0.6331506619132636
1988-06-15,COP,CVX,252,0.6329495309171164
1988-06-16,COP,CVX,252,0.6335776178960256
1988-06-17,COP,CVX,252,0.6335084336073126
1988-06-20,COP,CVX,252,0.6337955144725251
1988-06-21,COP,CVX,252,0.6340468438214696
1988-06-22,COP,CVX,252,0.6338672568937631
1988-06-23,COP,CVX,252,0.6334938510805764
1988-06-24,COP,CVX,252,0.6339087172179796
1988-06-27,COP,CVX,252,0.631844775194311
1988-06-28,COP,CVX,252,0.631394587154112
1988-06-29,COP,CVX,252,0.631654486568596
1988-06-30,COP,CVX,252,0.6325067631791698
1988-07-01,COP,CVX,252,0.6331893603802744
1988-07-05,COP,CVX,252,0.6353037245240505
1988-07-06,COP,CVX,252,0.6349362488113589
1988-07-07,COP,CVX,252,0.635562599521353
1988-07-08,COP,CVX,252,0.6355734181534803
1988-07-11,COP,CVX,252,0.6344625957083886
1988-07-12,COP,CVX,252,0.634539259678308
1988-07-13,COP,CVX,252,0.6344855860025009
1988-07-14,COP,CVX,252,0.633624497015097
1988-07-15,COP,CVX,252,0.6336940889593486
1988-07-18,COP,CVX,252,0.6333501320290184
1988-07-19,COP,CVX,252,0.632523086026091
1988-07-20,COP,CVX,252,0.6327983750387248
1988-07-21,COP,CVX,252,0.6333020029829792
1988-07-22,COP,CVX,252,0.6346299164760433
1988-07-25,COP,CVX,252,0.6355037933542786
1988-07-26,COP,CVX,252,0.6365807941676361
1988-07-27,COP,CVX,252,0.6361010457416162
1988-07-28,COP,CVX,252,0.6362169651192517
1988-07-29,COP,CVX,252,0.63551398986845
1988-08-01,COP,CVX,252,0.6341538468523182
1988-08-02,COP,CVX,252,0.6334515953116178
1988-08-03,COP,CVX,252,0.6332905378871709
1988-08-04,COP,CVX,252,0.6334723550044555
1988-08-05,COP,CVX,252,0.6315040087547631
1988-08-08,COP,CVX,252,0.6304390468964951
1988-08-09,COP,CVX,252,0.6309282951226636
1988-08-10,COP,CVX,252,0.6312017105044848
1988-08-11,COP,CVX,252,0.6343047188692302
1988-08-12,COP,CVX,252,0.6350152827276733
1988-08-15,COP,CVX,252,0.6371061969587363
1988-08-16,COP,CVX,252,0.6373932364581257
1988-08-17,COP,CVX,252,0.6369562151284791
1988-08-18,COP,CVX,252,0.6369678301438279
1988-08-19,COP,CVX,252,0.6364722351577742
1988-08-22,COP,CVX,252,0.6358981384654624
1988-08-23,COP,CVX,252,0.6357982297274455
1988-08-24,COP,CVX,252,0.6353457027618787
1988-08-25,COP,CVX,252,0.6351341212851344
1988-08-26,COP,CVX,252,0.6375767710304941
1988-08-29,COP,CVX,252,0.63784357089536
1988-08-30,COP,CVX,252,0.6363158676545808
1988-08-31,COP,CVX,252,0.6355078007060522
1988-09-01,COP,CVX,252,0.6353319781431208
1988-09-02,COP,CVX,252,0.6360781290173734
1988-09-06,COP,CVX,252,0.6351118746922354
1988-09-07,COP,CVX,252,0.6349563458815571
1988-09-08,COP,CVX,252,0.6346505636760238
1988-09-09,COP,CVX,252,0.633747856727173
1988-09-12,COP,CVX,252,0.6327746515993841
1988-09-13,COP,CVX,252,0.6334900075801964
1988-09-14,COP,CVX,252,0.636909362997034
1988-09-15,COP,CVX,252,0.6370564479843865
1988-09-16,COP,CVX,252,0.6343981743914652
1988-09-19,COP,CVX,252,0.6341384564505331
1988-09-20,COP,CVX,252,0.6435474764180191
1988-09-21,COP,CVX,252,0.6450111115903828
1988-09-22,COP,CVX,252,0.6463609850265991
1988-09-23,COP,CVX,252,0.6467791255300332
1988-09-26,COP,CVX,252,0.6463383017546932
1988-09-27,COP,CVX,252,0.6468287514794534
1988-09-28,COP,CVX,252,0.6477606808615134
1988-09-29,COP,CVX,252,0.6471910613397237
1988-09-30,COP,CVX,252,0.646673352861098
1988-10-03,COP,CVX,252,0.6456876638493665
1988-10-04,COP,CVX,252,0.6408091773151441
1988-10-05,COP,CVX,252,0.6386837793325658
1988-10-06,COP,CVX,252,0.6376221024193358
1988-10-07,COP,CVX,252,0.635760066410414
1988-10-10,COP,CVX,252,0.6317578804593298
1988-10-11,COP,CVX,252,0.6318865060298654
1988-10-12,COP,CVX,252,0.6251730115168108
1988-10-13,COP,CVX,252,0.6217615335854513
1988-10-14,COP,CVX,252,0.6202964714253238
1988-10-17,COP,CVX,252,0.5222138971836826
1988-10-18,COP,CVX,252,0.5148644383805455
1988-10-19,COP,CVX,252,0.5282799018732314
1988-10-20,COP,CVX,252,0.5257017228418667
1988-10-21,COP,CVX,252,0.5217175701898236
1988-10-24,COP,CVX,252,0.48226413730654016
1988-10-25,COP,CVX,252,0.4870047958692271
1988-10-26,COP,CVX,252,0.5183148961137193
1988-10-27,COP,CVX,252,0.5114101290759627
1988-10-28,COP,CVX,252,0.5086802960206096
1988-10-31,COP,CVX,252,0.5087945656075944
1988-11-01,COP,CVX,252,0.504200788257911
1988-11-02,COP,CVX,252,0.5044094098404545
1988-11-03,COP,CVX,252,0.5038033400117353
1988-11-04,COP,CVX,252,0.508770965630813
1988-11-07,COP,CVX,252,0.5092066126619379
1988-11-08,COP,CVX,252,0.5090601480683151
1988-11-09,COP,CVX,252,0.5067033532927803
1988-11-10,COP,CVX,252,0.5065578038766457
1988-11-11,COP,CVX,252,0.5110830427395567
1988-11-14,COP,CVX,252,0.525390269348001
1988-11-15,COP,CVX,252,0.5265622814396473
1988-11-16,COP,CVX,252,0.5224155626580379
1988-11-17,COP,CVX,252,0.5165789624047242
1988-11-18,COP,CVX,252,0.5171669489597337
1988-11-21,COP,CVX,252,0.5165840385081393
1988-11-22,COP,CVX,252,0.5174148855010509
1988-11-23,COP,CVX,252,0.5285394622074581
1988-11-25,COP,CVX,252,0.5309707531569741
1988-11-28,COP,CVX,252,0.5179257895889251
1988-11-29,COP,CVX,252,0.5167366052071617
1988-11-30,COP,CVX,252,0.5168567337002539
1988-12-01,COP,CVX,252,0.5138201290102111
1988-12-02,COP,CVX,252,0.5142869960204072
1988-12-05,COP,CVX,252,0.5152754345639671
1988-12-06,COP,CVX,252,0.5028863223727332
1988-12-07,COP,CVX,252,0.5020012049220994
1988-12-08,COP,CVX,252,0.4913215762498549
1988-12-09,COP,CVX,252,0.49441690421975626
1988-12-12,COP,CVX,252,0.5025229389236254
1988-12-13,COP,CVX,252,0.5045016009408104
1988-12-14,COP,CVX,252,0.5027770007803749
1988-12-15,COP,CVX,252,0.502125214442028
1988-12-16,COP,CVX,252,0.4946428078885767
1988-12-19,COP,CVX,252,0.492576771372899
1988-12-20,COP,CVX,252,0.4927573988570784
1988-12-21,COP,CVX,252,0.48118497788029785
1988-12-22,COP,CVX,252,0.47895533084572894
1988-12-23,COP,CVX,252,0.4705311787622097
1988-12-27,COP,CVX,252,0.4723609071978492
1988-12-28,COP,CVX,252,0.46781885059940576
1988-12-29,COP,CVX,252,0.4697805296821014
1988-12-30,COP,CVX,252,0.4737511037639945
1989-01-03,COP,CVX,252,0.47702329215763106
1989-01-04,COP,CVX,252,0.47711692559855523
1989-01-05,COP,CVX,252,0.4817416188059524
1989-01-06,COP,CVX,252,0.44808865686448485
1989-01-09,COP,CVX,252,0.44656003052050997
1989-01-10,COP,CVX,252,0.44416431413804863
1989-01-11,COP,CVX,252,0.4464599192043345
1989-01-12,COP,CVX,252,0.4479551839498632
1989-01-13,COP,CVX,252,0.4464017708854999
1989-01-16,COP,CVX,252,0.4504918829477362
1989-01-17,COP,CVX,252,0.45027884619952835
1989-01-18,COP,CVX,252,0.44521348267802585
1989-01-19,COP,CVX,252,0.4427930173299664
1989-01-20,COP,CVX,252,0.4416179571470828
1989-01-23,COP,CVX,252,0.43310484130051086
1989-01-24,COP,CVX,252,0.42854912450746524
1989-01-25,COP,CVX,252,0.42572318496561334
1989-01-26,COP,CVX,252,0.41910218292545687
1989-01-27,COP,CVX,252,0.42259017225471074
1989-01-30,COP,CVX,252,0.41751999835054265
1989-01-31,COP,CVX,252,0.41680620409039304
1989-02-01,COP,CVX,252,0.4166208725764313
1989-02-02,COP,CVX,252,0.4166450088420316
1989-02-03,COP,CVX,252,0.41726521605729233
1989-02-06,COP,CVX,252,0.41290761511822327
1989-02-07,COP,CVX,252,0.413806620296147
1989-02-08,COP,CVX,252,0.4102273088572258
1989-02-09,COP,CVX,252,0.40836696070476175
1989-02-10,COP,CVX,252,0.40568128444931945
1989-02-13,COP,CVX,252,0.4122951496108234
1989-02-14,COP,CVX,252,0.41129671171349996
1989-02-15,COP,CVX,252,0.4153887995617552
1989-02-16,COP,CVX,252,0.42804230577438745
1989-02-17,COP,CVX,252,0.42993946578895514
1989-02-21,COP,CVX,252,0.42852530956970375
1989-02-22,COP,CVX,252,0.42115902867741833
1989-02-23,COP,CVX,252,0.41672196154688174
1989-02-24,COP,CVX,252,0.4179445702511632
1989-02-27,COP,CVX,252,0.4096348888242661
1989-02-28,COP,CVX,252,0.41266296268564967
1989-03-01,COP,CVX,252,0.4111276117991257
1989-03-02,COP,CVX,252,0.4115768412872909
1989-03-03,COP,CVX,252,0.41589922565441634
1989-03-06,COP,CVX,252,0.4223243106092435
1989-03-07,COP,CVX,252,0.41452336512708954
1989-03-08,COP,CVX,252,0.42049578995188525
1989-03-09,COP,CVX,252,0.42199913931291433
1989-03-10,COP,CVX,252,0.4254782065130585
1989-03-13,COP,CVX,252,0.43146096873625533
1989-03-14,COP,CVX,252,0.4316540730499251
1989-03-15,COP,CVX,252,0.4320828767240919
1989-03-16,COP,CVX,252,0.4460546632847566
1989-03-17,COP,CVX,252,0.44797533231290226
1989-03-20,COP,CVX,252,0.4478753435921065
1989-03-21,COP,CVX,252,0.4469553709121428
1989-03-22,COP,CVX,252,0.4563266020401317
1989-03-23,COP,CVX,252,0.4450567514442607
1989-03-27,COP,CVX,252,0.440124543869909
1989-03-28,COP,CVX,252,0.43940423577875865
1989-03-29,COP,CVX,252,0.44048013471302927
1989-03-30,COP,CVX,252,0.4429130059529288
1989-03-31,COP,CVX,252,0.43373682698604604
1989-04-03,COP,CVX,252,0.42898180287767645
1989-04-04,COP,CVX,252,0.4308269761970031
1989-04-05,COP,CVX,252,0.4106215095407467
1989-04-06,COP,CVX,252,0.41220103914802353
1989-04-07,COP,CVX,252,0.3970751365915977
1989-04-10,COP,CVX,252,0.39749701512205043
1989-04-11,COP,CVX,252,0.39904851631606625
1989-04-12,COP,CVX,252,0.3945995670950752
1989-04-13,COP,CVX,252,0.3621371632189017
1989-04-14,COP,CVX,252,0.36239487566714246
1989-04-17,COP,CVX,252,0.36165865796464686
1989-04-18,COP,CVX,252,0.37055538428396156
1989-04-19,COP,CVX,252,0.36726701546594126
1989-04-20,COP,CVX,252,0.3675418799880815
1989-04-21,COP,CVX,252,0.3659698167477392
1989-04-24,COP,CVX,252,0.3656050656146888
1989-04-25,COP,CVX,252,0.3657080421488859
1989-04-26,COP,CVX,252,0.36170107901328574
1989-04-27,COP,CVX,252,0.3576524064145352
1989-04-28,COP,CVX,252,0.36629327365365666
1989-05-01,COP,CVX,252,0.3614906505274248
1989-05-02,COP,CVX,252,0.36467312674529995
1989-05-03,COP,CVX,252,0.3650776833762296
1989-05-04,COP,CVX,252,0.3624486580930041
1989-05-05,COP,CVX,252,0.36358257528840165
1989-05-08,COP,CVX,252,0.3641167735594123
1989-05-09,COP,CVX,252,0.36625313956767974
1989-05-10,COP,CVX,252,0.35993697119966406
1989-05-11,COP,CVX,252,0.35993605244162874
1989-05-12,COP,CVX,252,0.35889637646586137
1989-05-15,COP,CVX,252,0.3591918039513762
1989-05-16,COP,CVX,252,0.35917572358663025
1989-05-17,COP,CVX,252,0.3526719752272308
1989-05-18,COP,CVX,252,0.3526807882727986
1989-05-19,COP,CVX,252,0.3449735710950011
1989-05-22,COP,CVX,252,0.34585720536673226
1989-05-23,COP,CVX,252,0.34255955116182557
1989-05-24,COP,CVX,252,0.3459409267087233
1989-05-25,COP,CVX,252,0.346460274309178
1989-05-26,COP,CVX,252,0.3460640897903066
1989-05-30,COP,CVX,252,0.33999805437633224
1989-05-31,COP,CVX,252,0.33933884592469943
1989-06-01,COP,CVX,252,0.3381503892196085
1989-06-02,COP,CVX,252,0.3397805928321434
1989-06-05,COP,CVX,252,0.34615989946855674
1989-06-06,COP,CVX,252,0.34508547961832114
1989-06-07,COP,CVX,252,0.3443297693261325
1989-06-08,COP,CVX,252,0.35068435627431205
1989-06-09,COP,CVX,252,0.35079224620720745
1989-06-12,COP,CVX,252,0.3535737687526364
1989-06-13,COP,CVX,252,0.35350082092227736
1989-06-14,COP,CVX,252,0.3525394139469764
1989-06-15,COP,CVX,252,0.3528581749674703
1989-06-16,COP,CVX,252,0.3531837833703003
1989-06-19,COP,CVX,252,0.34961314162684665
1989-06-20,COP,CVX,252,0.35082633032878024
1989-06-21,COP,CVX,252,0.3517482980814331
1989-06-22,COP,CVX,252,0.3521430608245465
1989-06-23,COP,CVX,252,0.3439954587132266
1989-06-26,COP,CVX,252,0.34380629801062257
1989-06-27,COP,CVX,252,0.3471795736866948
1989-06-28,COP,CVX,252,0.34443518587273986
1989-06-29,COP,CVX,252,0.33681475249725035
1989-06-30,COP,CVX,252,0.3384368769142588
1989-07-03,COP,CVX,252,0.3239745450834969
1989-07-05,COP,CVX,252,0.32168614219472114
1989-07-06,COP,CVX,252,0.3215788004908818
1989-07-07,COP,CVX,252,0.32347205901483034
1989-07-10,COP,CVX,252,0.32570695158991275
1989-07-11,COP,CVX,252,0.3261482661653119
1989-07-12,COP,CVX,252,0.32507391839330474
1989-07-13,COP,CVX,252,0.3275331345204552
1989-07-14,COP,CVX,252,0.32390440423243866
1989-07-17,COP,CVX,252,0.31654231082751033
1989-07-18,COP,CVX,252,0.31272863545312424
1989-07-19,COP,CVX,252,0.31155131838977174
1989-07-20,COP,CVX,252,0.30780158300029353
1989-07-21,COP,CVX,252,0.3083174109700032
1989-07-24,COP,CVX,252,0.30884894716914296
1989-07-25,COP,CVX,252,0.31062143716761037
1989-07-26,COP,CVX,252,0.3165657843045407
1989-07-27,COP,CVX,252,0.31062505902077897
1989-07-28,COP,CVX,252,0.30864226071958084
1989-07-31,COP,CVX,252,0.30825013463640405
1989-08-01,COP,CVX,252,0.3065516493255477
1989-08-02,COP,CVX,252,0.3045741603963467
1989-08-03,COP,CVX,252,0.3052137294813714
1989-08-04,COP,CVX,252,0.31342536978248753
1989-08-07,COP,CVX,252,0.3165664301420454
1989-08-08,COP,CVX,252,0.31576668784146183
1989-08-09,COP,CVX,252,0.30536073349053117
1989-08-10,COP,CVX,252,0.3055993030294297
1989-08-11,COP,CVX,252,0.3056172692877727
1989-08-14,COP,CVX,252,0.2917490964164545
1989-08-15,COP,CVX,252,0.2903360413047974
1989-08-16,COP,CVX,252,0.2926533687005462
1989-08-17,COP,CVX,252,0.29371769859600844
1989-08-18,COP,CVX,252,0.2949743979545654
1989-08-21,COP,CVX,252,0.2922515709205188
1989-08-22,COP,CVX,252,0.2919934746933933
1989-08-23,COP,CVX,252,0.28901207105788596
1989-08-24,COP,CVX,252,0.3052458215791364
1989-08-25,COP,CVX,252,0.30095047511366135
1989-08-28,COP,CVX,252,0.2781350349937894
1989-08-29,COP,CVX,252,0.2698849360372631
1989-08-30,COP,CVX,252,0.2691476915222735
1989-08-31,COP,CVX,252,0.2687884649230218
1989-09-01,COP,CVX,252,0.26686957296910263
1989-09-05,COP,CVX,252,0.26034682207311416
1989-09-06,COP,CVX,252,0.2588699489522088
1989-09-07,COP,CVX,252,0.2536892655286906
1989-09-08,COP,CVX,252,0.25483154891969323
1989-09-11,COP,CVX,252,0.256077120961489
1989-09-12,COP,CVX,252,0.256867997622465
1989-09-13,COP,CVX,252,0.2514924729457524
1989-09-14,COP,CVX,252,0.2592265458696613
1989-09-15,COP,CVX,252,0.2663221837029498
1989-09-18,COP,CVX,252,0.2706784278173363
1989-09-19,COP,CVX,252,0.26491663628738693
1989-09-20,COP,CVX,252,0.25920401564935497
1989-09-21,COP,CVX,252,0.255109810405909
1989-09-22,COP,CVX,252,0.253417975327716
1989-09-25,COP,CVX,252,0.25768565206013716
1989-09-26,COP,CVX,252,0.2562593576678591
1989-09-27,COP,CVX,252,0.24885215178267914
1989-09-28,COP,CVX,252,0.24424827412103658
1989-09-29,COP,CVX,252,0.23446562928534476
1989-10-02,COP,CVX,252,0.2253160295145142
1989-10-03,COP,CVX,252,0.246633907183727
1989-10-04,COP,CVX,252,0.24949227803394022
1989-10-05,COP,CVX,252,0.24318421575485424
1989-10-06,COP,CVX,252,0.2516187290610895
1989-10-09,COP,CVX,252,0.259377132298713
1989-10-10,COP,CVX,252,0.2498036891388865
1989-10-11,COP,CVX,252,0.24763581092170325
1989-10-12,COP,CVX,252,0.2568058390655641
1989-10-13,COP,CVX,252,0.3925347884847706
1989-10-16,COP,CVX,252,0.4324179819257451
1989-10-17,COP,CVX,252,0.43242922855522986
1989-10-18,COP,CVX,252,0.42727292872465045
1989-10-19,COP,CVX,252,0.43130555864093206
1989-10-20,COP,CVX,252,0.42875131447529746
1989-10-23,COP,CVX,252,0.4476544944982167
1989-10-24,COP,CVX,252,0.4513387585473048
1989-10-25,COP,CVX,252,0.4422999893041978
1989-10-26,COP,CVX,252,0.4401436236440753
1989-10-27,COP,CVX,252,0.43953540242285355
1989-10-30,COP,CVX,252,0.44115486565765305
1989-10-31,COP,CVX,252,0.44420492318981375
1989-11-01,COP,CVX,252,0.44373505487125253
1989-11-02,COP,CVX,252,0.44572557513177735
1989-11-03,COP,CVX,252,0.44158381859504026
1989-11-06,COP,CVX,252,0.4308781767664424
1989-11-07,COP,CVX,252,0.4306939160617268
1989-11-08,COP,CVX,252,0.42783407251624206
1989-11-09,COP,CVX,252,0.42562419173159927
1989-11-10,COP,CVX,252,0.41690216782102457
1989-11-13,COP,CVX,252,0.41763975368015577
1989-11-14,COP,CVX,252,0.41974319337198435
1989-11-15,COP,CVX,252,0.42862132659348473
1989-11-16,COP,CVX,252,0.42937669419210983
1989-11-17,COP,CVX,252,0.4297443759704727
1989-11-20,COP,CVX,252,0.43061079192455903
1989-11-21,COP,CVX,252,0.4270245324914677
1989-11-22,COP,CVX,252,0.4284147798175963
1989-11-24,COP,CVX,252,0.42288128360391164
1989-11-27,COP,CVX,252,0.43023729447860404
1989-11-28,COP,CVX,252,0.4234335932483645
1989-11-29,COP,CVX,252,0.4236560102262925
1989-11-30,COP,CVX,252,0.4282830017911798
1989-12-01,COP,CVX,252,0.42988954908869215
1989-12-04,COP,CVX,252,0.42995012004643457
1989-12-05,COP,CVX,252,0.4285625102252391
1989-12-06,COP,CVX,252,0.4292054951922722
1989-12-07,COP,CVX,252,0.4192043619830391
1989-12-08,COP,CVX,252,0.41916672689266415
1989-12-11,COP,CVX,252,0.417851713531549
1989-12-12,COP,CVX,252,0.42148794268382467
1989-12-13,COP,CVX,252,0.4215264074935193
1989-12-14,COP,CVX,252,0.4198743110042868
1989-12-15,COP,CVX,252,0.4195227799581961
1989-12-18,COP,CVX,252,0.41966713411754647
1989-12-19,COP,CVX,252,0.42060269382171067
1989-12-20,COP,CVX,252,0.42161344613391244
1989-12-21,COP,CVX,252,0.4215442135159645
1989-12-22,COP,CVX,252,0.42206476167498824
1989-12-26,COP,CVX,252,0.4179854185958679
1989-12-27,COP,CVX,252,0.41672930156529725
1989-12-28,COP,CVX,252,0.41616773742567553
1989-12-29,COP,CVX,252,0.41857860285221626
1990-01-02,COP,CVX,252,0.4200441219968083
1990-01-03,COP,CVX,252,0.4211807853302848
1990-01-04,COP,CVX,252,0.4209917928311335
1990-01-05,COP,CVX,252,0.42246048753992815
1990-01-08,COP,CVX,252,0.42389221885496864
1990-01-09,COP,CVX,252,0.42520232242776707
1990-01-10,COP,CVX,252,0.4230744809459029
1990-01-11,COP,CVX,252,0.4248567656402582
1990-01-12,COP,CVX,252,0.4324031133383547
1990-01-15,COP,CVX,252,0.4326923529355552
1990-01-16,COP,CVX,252,0.4315999774130974
1990-01-17,COP,CVX,252,0.4308172346513576
1990-01-18,COP,CVX,252,0.4312697506780302
1990-01-19,COP,CVX,252,0.4321507210283201
1990-01-22,COP,CVX,252,0.4356429510177983
1990-01-23,COP,CVX,252,0.4337324078001242
1990-01-24,COP,CVX,252,0.43776734605009837
1990-01-25,COP,CVX,252,0.4375108245870775
1990-01-26,COP,CVX,252,0.4448759984638043
1990-01-29,COP,CVX,252,0.4432382437537612
1990-01-30,COP,CVX,252,0.443703944806095
1990-01-31,COP,CVX,252,0.4472357774415863
1990-02-01,COP,CVX,252,0.4448849268892576
1990-02-02,COP,CVX,252,0.4442576861151339
1990-02-05,COP,CVX,252,0.44656737761351206
1990-02-06,COP,CVX,252,0.44542183897498766
1990-02-07,COP,CVX,252,0.4455877476770699
1990-02-08,COP,CVX,252,0.44874101475246986
1990-02-09,COP,CVX,252,0.45102367390136383
1990-02-12,COP,CVX,252,0.44979410966462036
1990-02-13,COP,CVX,252,0.449728291903443
1990-02-14,COP,CVX,252,0.4454100275251376
1990-02-15,COP,CVX,252,0.4447413885490104
1990-02-16,COP,CVX,252,0.4426268480407601
1990-02-20,COP,CVX,252,0.44355499700441825
1990-02-21,COP,CVX,252,0.44300995732217635
1990-02-22,COP,CVX,252,0.44207591648461186
1990-02-23,COP,CVX,252,0.4443446503995996
1990-02-26,COP,CVX,252,0.44374630139774685
1990-02-27,COP,CVX,252,0.4441342773756757
1990-02-28,COP,CVX,252,0.44412428769702555
1990-03-01,COP,CVX,252,0.4437753552068516
1990-03-02,COP,CVX,252,0.4418119179506692
1990-03-05,COP,CVX,252,0.4375764517117691
1990-03-06,COP,CVX,252,0.44140234300275644
1990-03-07,COP,CVX,252,0.4419069099618667
1990-03-08,COP,CVX,252,0.44207263161032784
1990-03-09,COP,CVX,252,0.4429735075889587
1990-03-12,COP,CVX,252,0.442103967161483
1990-03-13,COP,CVX,252,0.44268118059311473
1990-03-14,COP,CVX,252,0.441346605765796
1990-03-15,COP,CVX,252,0.44012307722455307
1990-03-16,COP,CVX,252,0.43602154511717506
1990-03-19,COP,CVX,252,0.4361754160396349
1990-03-20,COP,CVX,252,0.4368627290133934
1990-03-21,COP,CVX,252,0.43501342242280006
1990-03-22,COP,CVX,252,0.4343242512790181
1990-03-23,COP,CVX,252,0.43259112756096124
1990-03-26,COP,CVX,252,0.43194509876907894
1990-03-27,COP,CVX,252,0.43194844113435854
1990-03-28,COP,CVX,252,0.43144369810304417
1990-03-29,COP,CVX,252,0.4314770294829446
1990-03-30,COP,CVX,252,0.43097236789811927
1990-04-02,COP,CVX,252,0.42914153615784933
1990-04-03,COP,CVX,252,0.42783708723130387
1990-04-04,COP,CVX,252,0.4261272752312054
1990-04-05,COP,CVX,252,0.4256911780276451
1990-04-06,COP,CVX,252,0.42588069867799516
1990-04-09,COP,CVX,252,0.42561058164095245
1990-04-10,COP,CVX,252,0.4290764301526569
1990-04-11,COP,CVX,252,0.43103164605329636
1990-04-12,COP,CVX,252,0.4322761036104423
1990-04-16,COP,CVX,252,0.431526304340793
1990-04-17,COP,CVX,252,0.42917234133536775
1990-04-18,COP,CVX,252,0.4281578298737078
1990-04-19,COP,CVX,252,0.4275197300662166
1990-04-20,COP,CVX,252,0.4293346983075787
1990-04-23,COP,CVX,252,0.4292580697462514
1990-04-24,COP,CVX,252,0.4292690822825363
1990-04-25,COP,CVX,252,0.4325779065908394
1990-04-26,COP,CVX,252,0.4342609911182153
1990-04-27,COP,CVX,252,0.43458211913440187
1990-04-30,COP,CVX,252,0.43830817321410953
1990-05-01,COP,CVX,252,0.43833561574674595
1990-05-02,COP,CVX,252,0.43835260789975844
1990-05-03,COP,CVX,252,0.43806991238429477
1990-05-04,COP,CVX,252,0.4381776291568984
1990-05-07,COP,CVX,252,0.4382211759676247
1990-05-08,COP,CVX,252,0.43925288974145776
1990-05-09,COP,CVX,252,0.4385600017231696
1990-05-10,COP,CVX,252,0.4363278017633955
1990-05-11,COP,CVX,252,0.43867187747580083
1990-05-14,COP,CVX,252,0.4377271575373746
1990-05-15,COP,CVX,252,0.4369743602509203
1990-05-16,COP,CVX,252,0.43988999758475683
1990-05-17,COP,CVX,252,0.4403373995112789
1990-05-18,COP,CVX,252,0.4442892748944832
1990-05-21,COP,CVX,252,0.444372670761708
1990-05-22,COP,CVX,252,0.4454963458790454
1990-05-23,COP,CVX,252,0.44531155548719104
1990-05-24,COP,CVX,252,0.4472411155374109
1990-05-25,COP,CVX,252,0.44818026962081
1990-05-29,COP,CVX,252,0.45056450292308237
1990-05-30,COP,CVX,252,0.4474892939680334
1990-05-31,COP,CVX,252,0.4480547754101603
1990-06-01,COP,CVX,252,0.4489611507775321
1990-06-04,COP,CVX,252,0.4456671450593448
1990-06-05,COP,CVX,252,0.44630962653073025
1990-06-06,COP,CVX,252,0.448539037949315
1990-06-07,COP,CVX,252,0.44436392080524706
1990-06-08,COP,CVX,252,0.44457976832230767
1990-06-11,COP,CVX,252,0.44669304420437655
1990-06-12,COP,CVX,252,0.4465218940054532
1990-06-13,COP,CVX,252,0.44844859374908247
1990-06-14,COP,CVX,252,0.4448751504623628
1990-06-15,COP,CVX,252,0.43800029336136487
1990-06-18,COP,CVX,252,0.4413484096326814
1990-06-19,COP,CVX,252,0.440402401342806
1990-06-20,COP,CVX,252,0.43767121158984157
1990-06-21,COP,CVX,252,0.4386537156758666
1990-06-22,COP,CVX,252,0.4421872201017195
1990-06-25,COP,CVX,252,0.44260465092643425
1990-06-26,COP,CVX,252,0.43374400960728254
1990-06-27,COP,CVX,252,0.43921509563147354
1990-06-28,COP,CVX,252,0.4368346189654554
1990-06-29,COP,CVX,252,0.4347506671808471
1990-07-02,COP,CVX,252,0.4332592853289712
1990-07-03,COP,CVX,252,0.4337574961484024
1990-07-05,COP,CVX,252,0.43490920661835436
1990-07-06,COP,CVX,252,0.43395055715140946
1990-07-09,COP,CVX,252,0.4338122508697639
1990-07-10,COP,CVX,252,0.43246935511877466
1990-07-11,COP,CVX,252,0.43912788867391284
1990-07-12,COP,CVX,252,0.44490012100419185
1990-07-13,COP,CVX,252,0.446796045767532
1990-07-16,COP,CVX,252,0.4490211218610228
1990-07-17,COP,CVX,252,0.44667262668725405
1990-07-18,COP,CVX,252,0.44816109185381886
1990-07-19,COP,CVX,252,0.4521931409434685
1990-07-20,COP,CVX,252,0.4502337773693335
1990-07-23,COP,CVX,252,0.45049020687235947
1990-07-24,COP,CVX,252,0.45095553947591843
1990-07-25,COP,CVX,252,0.4515834103948981
1990-07-26,COP,CVX,252,0.4557189389036224
1990-07-27,COP,CVX,252,0.45529323430568674
1990-07-30,COP,CVX,252,0.4584863595901916
1990-07-31,COP,CVX,252,0.46120325792305494
1990-08-01,COP,CVX,252,0.46235514227675645
1990-08-02,COP,CVX,252,0.4656893031129574
1990-08-03,COP,CVX,252,0.4681665662013975
1990-08-06,COP,CVX,252,0.46360902024006534
1990-08-07,COP,CVX,252,0.4651418991713648
1990-08-08,COP,CVX,252,0.47664155995876395
1990-08-09,COP,CVX,252,0.47623189648225084
1990-08-10,COP,CVX,252,0.47914513634067685
1990-08-13,COP,CVX,252,0.4780869996923294
1990-08-14,COP,CVX,252,0.4783649408306775
1990-08-15,COP,CVX,252,0.4786191046142625
1990-08-16,COP,CVX,252,0.4765951372497542
1990-08-17,COP,CVX,252,0.47692715330320207
1990-08-20,COP,CVX,252,0.47791109838251805
1990-08-21,COP,CVX,252,0.48304232792152785
1990-08-22,COP,CVX,252,0.49148533716170245
1990-08-23,COP,CVX,252,0.5070080259392948
1990-08-24,COP,CVX,252,0.5123362468390449
1990-08-27,COP,CVX,252,0.530927025416948
1990-08-28,COP,CVX,252,0.5401104124987646
1990-08-29,COP,CVX,252,0.5409289014425179
1990-08-30,COP,CVX,252,0.5395107317977995
1990-08-31,COP,CVX,252,0.5392790650025646
1990-09-04,COP,CVX,252,0.5427449102709121
1990-09-05,COP,CVX,252,0.5451845468132122
1990-09-06,COP,CVX,252,0.5487545842047254
1990-09-07,COP,CVX,252,0.5488178346914939
1990-09-10,COP,CVX,252,0.5503508393639119
1990-09-11,COP,CVX,252,0.5503595064598691
1990-09-12,COP,CVX,252,0.5509810092172811
1990-09-13,COP,CVX,252,0.5446932036072322
1990-09-14,COP,CVX,252,0.5443000229260316
1990-09-17,COP,CVX,252,0.5435305585287906
1990-09-18,COP,CVX,252,0.5493484211845753
1990-09-19,COP,CVX,252,0.5546306926919172
1990-09-20,COP,CVX,252,0.5549094588102418
1990-09-21,COP,CVX,252,0.5547932526523017
1990-09-24,COP,CVX,252,0.553517153934924
1990-09-25,COP,CVX,252,0.5541939045758686
1990-09-26,COP,CVX,252,0.5612743346434155
1990-09-27,COP,CVX,252,0.5705251526161798
1990-09-28,COP,CVX,252,0.5799043563271629
1990-10-01,COP,CVX,252,0.5851269657181972
1990-10-02,COP,CVX,252,0.5810661498629216
1990-10-03,COP,CVX,252,0.5820903912585058
1990-10-04,COP,CVX,252,0.587991274940787
1990-10-05,COP,CVX,252,0.5837052444543763
1990-10-08,COP,CVX,252,0.5879439125420245
1990-10-09,COP,CVX,252,0.5878540231370187
1990-10-10,COP,CVX,252,0.5957979098599469
1990-10-11,COP,CVX,252,0.594132833971643
1990-10-12,COP,CVX,252,0.5259290462363317
1990-10-15,COP,CVX,252,0.4937581989327984
1990-10-16,COP,CVX,252,0.49673464270379863
1990-10-17,COP,CVX,252,0.5038928045567748
1990-10-18,COP,CVX,252,0.499676288163459
1990-10-19,COP,CVX,252,0.5098641373144319
1990-10-22,COP,CVX,252,0.4995637406610384
1990-10-23,COP,CVX,252,0.49953002279404995
1990-10-24,COP,CVX,252,0.5099235329424591
1990-10-25,COP,CVX,252,0.5069580849772872
1990-10-26,COP,CVX,252,0.5064983030375703
1990-10-29,COP,CVX,252,0.504852342949146
1990-10-30,COP,CVX,252,0.49590415592746334
1990-10-31,COP,CVX,252,0.4961625455335338
1990-11-01,COP,CVX,252,0.4982704235995904
1990-11-02,COP,CVX,252,0.4999108982591413
1990-11-05,COP,CVX,252,0.5119098455110855
1990-11-06,COP,CVX,252,0.5135113452514933
1990-11-07,COP,CVX,252,0.5224273963821546
1990-11-08,COP,CVX,252,0.5245292856766615
1990-11-09,COP,CVX,252,0.5318863153665612
1990-11-12,COP,CVX,252,0.5301647724849332
1990-11-13,COP,CVX,252,0.5286303287782916
1990-11-14,COP,CVX,252,0.5279358061604514
1990-11-15,COP,CVX,252,0.529944184211595
1990-11-16,COP,CVX,252,0.5310405898805994
1990-11-19,COP,CVX,252,0.5285434499393563
1990-11-20,COP,CVX,252,0.5298001340982991
1990-11-21,COP,CVX,252,0.5320021025845806
1990-11-23,COP,CVX,252,0.5333151332980027
1990-11-26,COP,CVX,252,0.5281991383440084
1990-11-27,COP,CVX,252,0.5364982888253381
1990-11-28,COP,CVX,252,0.5357805751716698
1990-11-29,COP,CVX,252,0.5361113352733613
1990-11-30,COP,CVX,252,0.5347582825912971
1990-12-03,COP,CVX,252,0.5319997426211727
1990-12-04,COP,CVX,252,0.5307998743453489
1990-12-05,COP,CVX,252,0.5313236207769721
1990-12-06,COP,CVX,252,0.5572090211239239
1990-12-07,COP,CVX,252,0.5580162311191046
1990-12-10,COP,CVX,252,0.5606447778152505
1990-12-11,COP,CVX,252,0.5551653893993468
1990-12-12,COP,CVX,252,0.5535056782365928
1990-12-13,COP,CVX,252,0.5446783167498509
1990-12-14,COP,CVX,252,0.5415157535332259
1990-12-17,COP,CVX,252,0.5422287315413465
1990-12-18,COP,CVX,252,0.538842173040429
1990-12-19,COP,CVX,252,0.5348741280297996
1990-12-20,COP,CVX,252,0.5346602197135114
1990-12-21,COP,CVX,252,0.5327113855174751
1990-12-24,COP,CVX,252,0.5384506939716209
1990-12-26,COP,CVX,252,0.5458945613133189
1990-12-27,COP,CVX,252,0.5478194666400008
1990-12-28,COP,CVX,252,0.5458561129369578
1990-12-31,COP,CVX,252,0.5440256510651333
1991-01-02,COP,CVX,252,0.5410853979489604
1991-01-03,COP,CVX,252,0.5428712681928999
1991-01-04,COP,CVX,252,0.5418369186037356
1991-01-07,COP,CVX,252,0.5403504725489318
1991-01-08,COP,CVX,252,0.5383529813841739
1991-01-09,COP,CVX,252,0.5400026557351444
1991-01-10,COP,CVX,252,0.5400565264646556
1991-01-11,COP,CVX,252,0.5338461086281325
1991-01-14,COP,CVX,252,0.5364617625059621
1991-01-15,COP,CVX,252,0.5379504986295213
1991-01-16,COP,CVX,252,0.5329778613185004
1991-01-17,COP,CVX,252,0.5336128044714942
1991-01-18,COP,CVX,252,0.5311550298627862
1991-01-21,COP,CVX,252,0.5259493424587853
1991-01-22,COP,CVX,252,0.5282311907243241
1991-01-23,COP,CVX,252,0.5367189508761939
1991-01-24,COP,CVX,252,0.544181186360243
1991-01-25,COP,CVX,252,0.5423976611877999
1991-01-28,COP,CVX,252,0.5447730840251152
1991-01-29,COP,CVX,252,0.5407631751027498
1991-01-30,COP,CVX,252,0.5357037037789293
1991-01-31,COP,CVX,252,0.5404628518726415
1991-02-01,COP,CVX,252,0.5354281490952018
1991-02-04,COP,CVX,252,0.535411909681396
1991-02-05,COP,CVX,252,0.5370849819995934
1991-02-06,COP,CVX,252,0.5570544609826401
1991-02-07,COP,CVX,252,0.5498457702706697
1991-02-08,COP,CVX,252,0.5524268116110014
1991-02-11,COP,CVX,252,0.556998342365043
1991-02-12,COP,CVX,252,0.5437226397285152
1991-02-13,COP,CVX,252,0.551652856264771
1991-02-14,COP,CVX,252,0.5528381777007966
1991-02-15,COP,CVX,252,0.549776635004088
1991-02-19,COP,CVX,252,0.5480844814470338
1991-02-20,COP,CVX,252,0.547169368085256
1991-02-21,COP,CVX,252,0.5472359455328261
1991-02-22,COP,CVX,252,0.5434457203075458
1991-02-25,COP,CVX,252,0.546471029892459
1991-02-26,COP,CVX,252,0.5496977442009061
1991-02-27,COP,CVX,252,0.5573923433620108
1991-02-28,COP,CVX,252,0.5575586792585238
1991-03-01,COP,CVX,252,0.5586806942765451
1991-03-04,COP,CVX,252,0.559513198633618
1991-03-05,COP,CVX,252,0.5554035048617219
1991-03-06,COP,CVX,252,0.553791435962263
1991-03-07,COP,CVX,252,0.5517306722242519
1991-03-08,COP,CVX,252,0.5511582559283159
1991-03-11,COP,CVX,252,0.5541298664870342
1991-03-12,COP,CVX,252,0.5521346884692299
1991-03-13,COP,CVX,252,0.5526992694191247
1991-03-14,COP,CVX,252,0.5491412487301123
1991-03-15,COP,CVX,252,0.5546772889819316
1991-03-18,COP,CVX,252,0.5538332143245632
1991-03-19,COP,CVX,252,0.561403390423008
1991-03-20,COP,CVX,252,0.5632888978357393
1991-03-21,COP,CVX,252,0.5642469576411387
1991-03-22,COP,CVX,252,0.5657576485703354
1991-03-25,COP,CVX,252,0.5681617242233614
1991-03-26,COP,CVX,252,0.5643541648271678
1991-03-27,COP,CVX,252,0.567300743990802
1991-03-28,COP,CVX,252,0.566566165436197
1991-04-01,COP,CVX,252,0.5686363209726882
1991-04-02,COP,CVX,252,0.5740185132615672
1991-04-03,COP,CVX,252,0.5737867580413964
1991-04-04,COP,CVX,252,0.5757944073577571
1991-04-05,COP,CVX,252,0.5754870948427767
1991-04-08,COP,CVX,252,0.576788930625545
1991-04-09,COP,CVX,252,0.5778346664870081
1991-04-10,COP,CVX,252,0.5776092911369006
1991-04-11,COP,CVX,252,0.5792333287700933
1991-04-12,COP,CVX,252,0.5736693744308352
1991-04-15,COP,CVX,252,0.5742234487923424
1991-04-16,COP,CVX,252,0.5748829162248498
1991-04-17,COP,CVX,252,0.5755674808275462
1991-04-18,COP,CVX,252,0.5764959717659973
1991-04-19,COP,CVX,252,0.5751631719548418
1991-04-22,COP,CVX,252,0.5749940216860375
1991-04-23,COP,CVX,252,0.5725267169507394
1991-04-24,COP,CVX,252,0.570163014556092
1991-04-25,COP,CVX,252,0.5711829805875228
1991-04-26,COP,CVX,252,0.5694087287821006
1991-04-29,COP,CVX,252,0.5689029809757689
1991-04-30,COP,CVX,252,0.5594613029699859
1991-05-01,COP,CVX,252,0.5594504964739526
1991-05-02,COP,CVX,252,0.5602855959989711
1991-05-03,COP,CVX,252,0.5590574901553566
1991-05-06,COP,CVX,252,0.5564111235134391
1991-05-07,COP,CVX,252,0.5549233820826488
1991-05-08,COP,CVX,252,0.5551250498209614
1991-05-09,COP,CVX,252,0.5585144343841951
1991-05-10,COP,CVX,252,0.5641821054210067
1991-05-13,COP,CVX,252,0.5664371826878355
1991-05-14,COP,CVX,252,0.572074699398376
1991-05-15,COP,CVX,252,0.5680167910384761
1991-05-16,COP,CVX,252,0.5664635607029839
1991-05-17,COP,CVX,252,0.5650383360451309
1991-05-20,COP,CVX,252,0.5651831001419978
1991-05-21,COP,CVX,252,0.5648913270886115
1991-05-22,COP,CVX,252,0.5649797757531123
1991-05-23,COP,CVX,252,0.5635975262409
1991-05-24,COP,CVX,252,0.563566404777888
1991-05-28,COP,CVX,252,0.559970207362237
1991-05-29,COP,CVX,252,0.5646557265683377
1991-05-30,COP,CVX,252,0.5613005866409537
1991-05-31,COP,CVX,252,0.5582910658323447
1991-06-03,COP,CVX,252,0.5561482638158767
1991-06-04,COP,CVX,252,0.5568433346158447
1991-06-05,COP,CVX,252,0.552887201827508
1991-06-06,COP,CVX,252,0.5555775983647459
1991-06-07,COP,CVX,252,0.55754722872613
1991-06-10,COP,CVX,252,0.5550521553235493
1991-06-11,COP,CVX,252,0.5527668640413621
1991-06-12,COP,CVX,252,0.5529436881987108
1991-06-13,COP,CVX,252,0.5523409907457358
1991-06-14,COP,CVX,252,0.5633515590907561
1991-06-17,COP,CVX,252,0.5638607251715168
1991-06-18,COP,CVX,252,0.5642096948715497
1991-06-19,COP,CVX,252,0.5670984884272318
1991-06-20,COP,CVX,252,0.5631294803901444
1991-06-21,COP,CVX,252,0.5628194983678826
1991-06-24,COP,CVX,252,0.562144891983815
1991-06-25,COP,CVX,252,0.5724159066721528
1991-06-26,COP,CVX,252,0.566737821655204
1991-06-27,COP,CVX,252,0.568076016018678
1991-06-28,COP,CVX,252,0.5709294858788806
1991-07-01,COP,CVX,252,0.573278595289061
1991-07-02,COP,CVX,252,0.5746108328786269
1991-07-03,COP,CVX,252,0.5748245220779712
1991-07-05,COP,CVX,252,0.5735081532393633
1991-07-08,COP,CVX,252,0.5703351298330144
1991-07-09,COP,CVX,252,0.5754848785243867
1991-07-10,COP,CVX,252,0.56929785099362
1991-07-11,COP,CVX,252,0.5615892128356742
1991-07-12,COP,CVX,252,0.5635404360138372
1991-07-15,COP,CVX,252,0.562424417729704
1991-07-16,COP,CVX,252,0.5681594574194373
1991-07-17,COP,CVX,252,0.5742211972265281
1991-07-18,COP,CVX,252,0.5682248711618747
1991-07-19,COP,CVX,252,0.5703651463404668
1991-07-22,COP,CVX,252,0.5674535596686318
1991-07-23,COP,CVX,252,0.5661585820635195
1991-07-24,COP,CVX,252,0.5656111405597041
1991-07-25,COP,CVX,252,0.5631271428792378
1991-07-26,COP,CVX,252,0.5603686673071648
1991-07-29,COP,CVX,252,0.5565145091235889
1991-07-30,COP,CVX,252,0.5555513147593084
1991-07-31,COP,CVX,252,0.5556391404395934
1991-08-01,COP,CVX,252,0.5507606066227585
1991-08-02,COP,CVX,252,0.5482822582876131
1991-08-05,COP,CVX,252,0.5530944135427244
1991-08-06,COP,CVX,252,0.5507743729380549
1991-08-07,COP,CVX,252,0.5415827162651838
1991-08-08,COP,CVX,252,0.5457463442774944
1991-08-09,COP,CVX,252,0.5422353606725667
1991-08-12,COP,CVX,252,0.5445425359274307
1991-08-13,COP,CVX,252,0.5445240205272918
1991-08-14,COP,CVX,252,0.5442560447427413
1991-08-15,COP,CVX,252,0.5435414534334169
1991-08-16,COP,CVX,252,0.5397506872187816
1991-08-19,COP,CVX,252,0.537926067708405
1991-08-20,COP,CVX,252,0.5303756305737456
1991-08-21,COP,CVX,252,0.5325906317723837
1991-08-22,COP,CVX,252,0.5155812554092227
1991-08-23,COP,CVX,252,0.5178501750498737
1991-08-26,COP,CVX,252,0.5184664731921292
1991-08-27,COP,CVX,252,0.5148707807773832
1991-08-28,COP,CVX,252,0.5179443742734632
1991-08-29,COP,CVX,252,0.5209679395132374
1991-08-30,COP,CVX,252,0.5194274187439502
1991-09-03,COP,CVX,252,0.5198999789111151
1991-09-04,COP,CVX,252,0.5154306894299704
1991-09-05,COP,CVX,252,0.5116899502013948
1991-09-06,COP,CVX,252,0.5121195666577243
1991-09-09,COP,CVX,252,0.49905940549519934
1991-09-10,COP,CVX,252,0.4962292920159712
1991-09-11,COP,CVX,252,0.4935847700829971
1991-09-12,COP,CVX,252,0.49763959990223194
1991-09-13,COP,CVX,252,0.49783930731845744
1991-09-16,COP,CVX,252,0.4970919469542766
1991-09-17,COP,CVX,252,0.4963145305138581
1991-09-18,COP,CVX,252,0.4951824554635797
1991-09-19,COP,CVX,252,0.49598074477602494
1991-09-20,COP,CVX,252,0.4971624430976567
1991-09-23,COP,CVX,252,0.4949454556177086
1991-09-24,COP,CVX,252,0.4946649911453668
1991-09-25,COP,CVX,252,0.490470162815156
1991-09-26,COP,CVX,252,0.47697572988853965
1991-09-27,COP,CVX,252,0.4745196248399933
1991-09-30,COP,CVX,252,0.4754984127701925
1991-10-01,COP,CVX,252,0.4780785843933595
1991-10-02,COP,CVX,252,0.47870154016870115
1991-10-03,COP,CVX,252,0.4756450533287722
1991-10-04,COP,CVX,252,0.4767126929598324
1991-10-07,COP,CVX,252,0.47574759005702116
1991-10-08,COP,CVX,252,0.4815517363612592
1991-10-09,COP,CVX,252,0.47501115878283423
1991-10-10,COP,CVX,252,0.4719870950845719
1991-10-11,COP,CVX,252,0.4703234716618046
1991-10-14,COP,CVX,252,0.4777629826266448
1991-10-15,COP,CVX,252,0.4775959226010596
1991-10-16,COP,CVX,252,0.4728571460597176
1991-10-17,COP,CVX,252,0.47160031593081164
1991-10-18,COP,CVX,252,0.4603499430508053
1991-10-21,COP,CVX,252,0.45892888800920784
1991-10-22,COP,CVX,252,0.46192269713353823
1991-10-23,COP,CVX,252,0.4600778979060627
1991-10-24,COP,CVX,252,0.4626501032174799
1991-10-25,COP,CVX,252,0.46590382268723596
1991-10-28,COP,CVX,252,0.4693956742445924
1991-10-29,COP,CVX,252,0.4761201904014325
1991-10-30,COP,CVX,252,0.47612784254031687
1991-10-31,COP,CVX,252,0.47402221413674067
1991-11-01,COP,CVX,252,0.47060918460979656
1991-11-04,COP,CVX,252,0.4683751580044227
1991-11-05,COP,CVX,252,0.4648296017553534
1991-11-06,COP,CVX,252,0.45887071830678405
1991-11-07,COP,CVX,252,0.4607595937680006
1991-11-08,COP,CVX,252,0.45281330290638083
1991-11-11,COP,CVX,252,0.4549050330971671
1991-11-12,COP,CVX,252,0.45400075868931844
1991-11-13,COP,CVX,252,0.455548300239327
1991-11-14,COP,CVX,252,0.4554325686389657
1991-11-15,COP,CVX,252,0.45854853322904626
1991-11-18,COP,CVX,252,0.4566907110402744
1991-11-19,COP,CVX,252,0.4567407060503204
1991-11-20,COP,CVX,252,0.46038329793109933
1991-11-21,COP,CVX,252,0.45206761132279316
1991-11-22,COP,CVX,252,0.44386952754142683
1991-11-25,COP,CVX,252,0.4426702538918476
1991-11-26,COP,CVX,252,0.44236376261332755
1991-11-27,COP,CVX,252,0.44031682365806474
1991-11-29,COP,CVX,252,0.43620906198070014
1991-12-02,COP,CVX,252,0.44203711654104305
1991-12-03,COP,CVX,252,0.4402732789717317
1991-12-04,COP,CVX,252,0.4401504897828345
1991-12-05,COP,CVX,252,0.43541831528248287
1991-12-06,COP,CVX,252,0.43180152579442205
1991-12-09,COP,CVX,252,0.4292725484484528
1991-12-10,COP,CVX,252,0.42907916570302307
1991-12-11,COP,CVX,252,0.4301796293753467
1991-12-12,COP,CVX,252,0.4394230033806645
1991-12-13,COP,CVX,252,0.44246411202509633
1991-12-16,COP,CVX,252,0.44058044023700516
1991-12-17,COP,CVX,252,0.44198532919714373
1991-12-18,COP,CVX,252,0.44508727936805603
1991-12-19,COP,CVX,252,0.442672495635785
1991-12-20,COP,CVX,252,0.44424553026789604
1991-12-23,COP,CVX,252,0.4445077194120467
1991-12-24,COP,CVX,252,0.4358738120833401
1991-12-26,COP,CVX,252,0.43459934334158906
1991-12-27,COP,CVX,252,0.43567876281215956
1991-12-30,COP,CVX,252,0.43577469038538924
1991-12-31,COP,CVX,252,0.4371361402383907
1992-01-02,COP,CVX,252,0.4300639581928004
1992-01-03,COP,CVX,252,0.4296033543685151
1992-01-06,COP,CVX,252,0.4342396581529377
1992-01-07,COP,CVX,252,0.4412670567884945
1992-01-08,COP,CVX,252,0.44081096743546105
1992-01-09,COP,CVX,252,0.4409334385634511
1992-01-10,COP,CVX,252,0.43768459075977467
1992-01-13,COP,CVX,252,0.43944519035436347
1992-01-14,COP,CVX,252,0.44231856230375477
1992-01-15,COP,CVX,252,0.444825164811374
1992-01-16,COP,CVX,252,0.4447979886086162
1992-01-17,COP,CVX,252,0.4412282880744021
1992-01-20,COP,CVX,252,0.442610855832397
1992-01-21,COP,CVX,252,0.4424229838746528
1992-01-22,COP,CVX,252,0.4383556441970579
1992-01-23,COP,CVX,252,0.43679190833404297
1992-01-24,COP,CVX,252,0.4347784751253402
1992-01-27,COP,CVX,252,0.4356778691302041
1992-01-28,COP,CVX,252,0.437061439441856
1992-01-29,COP,CVX,252,0.4337201236409448
1992-01-30,COP,CVX,252,0.4331785399366534
1992-01-31,COP,CVX,252,0.43518007095869765
1992-02-03,COP,CVX,252,0.43451363733237075
1992-02-04,COP,CVX,252,0.43547861711372404
1992-02-05,COP,CVX,252,0.4052202234121458
1992-02-06,COP,CVX,252,0.40948317274821067
1992-02-07,COP,CVX,252,0.41588435431797854
1992-02-10,COP,CVX,252,0.41654775380739906
1992-02-11,COP,CVX,252,0.4313319109040403
1992-02-12,COP,CVX,252,0.43001542254427444
1992-02-13,COP,CVX,252,0.41793158446654016
1992-02-14,COP,CVX,252,0.41755610485469263
1992-02-18,COP,CVX,252,0.42176292471273913
1992-02-19,COP,CVX,252,0.42162041916021004
1992-02-20,COP,CVX,252,0.4186254760422934
1992-02-21,COP,CVX,252,0.42367632137295547
1992-02-24,COP,CVX,252,0.4216047121054059
1992-02-25,COP,CVX,252,0.41636521310025437
1992-02-26,COP,CVX,252,0.4024908224947432
1992-02-27,COP,CVX,252,0.39964466597643006
1992-02-28,COP,CVX,252,0.39743516547780383
1992-03-02,COP,CVX,252,0.3955143280131293
1992-03-03,COP,CVX,252,0.3993899569318342
1992-03-04,COP,CVX,252,0.40238066801014544
1992-03-05,COP,CVX,252,0.4048056651654466
1992-03-06,COP,CVX,252,0.402874810184933
1992-03-09,COP,CVX,252,0.3990464334665256
1992-03-10,COP,CVX,252,0.39977524056772185
1992-03-11,COP,CVX,252,0.3974017991557446
1992-03-12,COP,CVX,252,0.4034948703326708
1992-03-13,COP,CVX,252,0.4053238330960386
1992-03-16,COP,CVX,252,0.40452988902558784
1992-03-17,COP,CVX,252,0.39729786225039226
1992-03-18,COP,CVX,252,0.39532281249886764
1992-03-19,COP,CVX,252,0.3913625582164709
1992-03-20,COP,CVX,252,0.39155532180636987
1992-03-23,COP,CVX,252,0.3885772772686451
1992-03-24,COP,CVX,252,0.392739557032437
1992-03-25,COP,CVX,252,0.3897348422026949
1992-03-26,COP,CVX,252,0.39057544125190435
1992-03-27,COP,CVX,252,0.3839544396206072
1992-03-30,COP,CVX,252,0.3788483040788825
1992-03-31,COP,CVX,252,0.37772854029555997
1992-04-01,COP,CVX,252,0.37648495017382166
1992-04-02,COP,CVX,252,0.37798714201964856
1992-04-03,COP,CVX,252,0.412923596029854
1992-04-06,COP,CVX,252,0.41540228913367505
1992-04-07,COP,CVX,252,0.43030485529620743
1992-04-08,COP,CVX,252,0.422299987844377
1992-04-09,COP,CVX,252,0.4252306467957929
1992-04-10,COP,CVX,252,0.4249249582547581
1992-04-13,COP,CVX,252,0.42152554883167986
1992-04-14,COP,CVX,252,0.42022024429578025
1992-04-15,COP,CVX,252,0.42169945150188537
1992-04-16,COP,CVX,252,0.4220422702782306
1992-04-20,COP,CVX,252,0.4184338203802739
1992-04-21,COP,CVX,252,0.41892357217337717
1992-04-22,COP,CVX,252,0.4243816491829869
1992-04-23,COP,CVX,252,0.42382219622395123
1992-04-24,COP,CVX,252,0.427714977155763
1992-04-27,COP,CVX,252,0.4291788126107674
1992-04-28,COP,CVX,252,0.4394990656962773
1992-04-29,COP,CVX,252,0.43772295946930123
1992-04-30,COP,CVX,252,0.4446276035964341
1992-05-01,COP,CVX,252,0.446688826313883
1992-05-04,COP,CVX,252,0.45289458620707923
1992-05-05,COP,CVX,252,0.44955126523896877
1992-05-06,COP,CVX,252,0.4492727033848319
1992-05-07,COP,CVX,252,0.4492819159440024
1992-05-08,COP,CVX,252,0.4353318919553412
1992-05-11,COP,CVX,252,0.43546461960273575
1992-05-12,COP,CVX,252,0.428087488008699
1992-05-13,COP,CVX,252,0.434165338303895
1992-05-14,COP,CVX,252,0.4335596874737491
1992-05-15,COP,CVX,252,0.43330570282018305
1992-05-18,COP,CVX,252,0.43632793055247693
1992-05-19,COP,CVX,252,0.43655845188865594
1992-05-20,COP,CVX,252,0.43554115788171927
1992-05-21,COP,CVX,252,0.4361964985963529
1992-05-22,COP,CVX,252,0.43676698658269764
1992-05-26,COP,CVX,252,0.4684075789044193
1992-05-27,COP,CVX,252,0.4753614665186473
1992-05-28,COP,CVX,252,0.4803315402888016
1992-05-29,COP,CVX,252,0.48317994841412687
1992-06-01,COP,CVX,252,0.48501098591603664
1992-06-02,COP,CVX,252,0.4854564874110219
1992-06-03,COP,CVX,252,0.4887708105281431
1992-06-04,COP,CVX,252,0.48434143815344716
1992-06-05,COP,CVX,252,0.48315367928612735
1992-06-08,COP,CVX,252,0.4835728503672802
1992-06-09,COP,CVX,252,0.4843434704380595
1992-06-10,COP,CVX,252,0.48242691045417563
1992-06-11,COP,CVX,252,0.48307783872305704
1992-06-12,COP,CVX,252,0.48228665326917153
1992-06-15,COP,CVX,252,0.48126116690121884
1992-06-16,COP,CVX,252,0.48342358618403314
1992-06-17,COP,CVX,252,0.484671654230426
1992-06-18,COP,CVX,252,0.4916391275547678
1992-06-19,COP,CVX,252,0.48738608556637825
1992-06-22,COP,CVX,252,0.49072960725047426
1992-06-23,COP,CVX,252,0.4895668304677164
1992-06-24,COP,CVX,252,0.48946780600730566
1992-06-25,COP,CVX,252,0.4881261627008363
1992-06-26,COP,CVX,252,0.48887194540595014
1992-06-29,COP,CVX,252,0.48407892880073494
1992-06-30,COP,CVX,252,0.489327881874061
1992-07-01,COP,CVX,252,0.48468849846687995
1992-07-02,COP,CVX,252,0.4847217333645061
1992-07-06,COP,CVX,252,0.48723132829343185
1992-07-07,COP,CVX,252,0.4688045712950642
1992-07-08,COP,CVX,252,0.470712104336979
1992-07-09,COP,CVX,252,0.47221489654985
1992-07-10,COP,CVX,252,0.4702813213427956
1992-07-13,COP,CVX,252,0.46902357709102954
1992-07-14,COP,CVX,252,0.46924025705741196
1992-07-15,COP,CVX,252,0.4590235833112778
1992-07-16,COP,CVX,252,0.45921963740743627
1992-07-17,COP,CVX,252,0.4598217687151391
1992-07-20,COP,CVX,252,0.461607475692375
1992-07-21,COP,CVX,252,0.45861504576997963
1992-07-22,COP,CVX,252,0.456176709542198
1992-07-23,COP,CVX,252,0.45599269559330385
1992-07-24,COP,CVX,252,0.460097654659741
1992-07-27,COP,CVX,252,0.45996145591940346
1992-07-28,COP,CVX,252,0.45878298866547196
1992-07-29,COP,CVX,252,0.4603861260936108
1992-07-30,COP,CVX,252,0.46143806519047703
1992-07-31,COP,CVX,252,0.46119038912963695
1992-08-03,COP,CVX,252,0.4610956483421537
1992-08-04,COP,CVX,252,0.4551789525093982
1992-08-05,COP,CVX,252,0.4554235792184559
1992-08-06,COP,CVX,252,0.45307483269079873
1992-08-07,COP,CVX,252,0.45093659985067497
1992-08-10,COP,CVX,252,0.44964401148598043
1992-08-11,COP,CVX,252,0.4528029259619569
1992-08-12,COP,CVX,252,0.4529051108917881
1992-08-13,COP,CVX,252,0.4576334397405803
1992-08-14,COP,CVX,252,0.45926891758492255
1992-08-17,COP,CVX,252,0.459930448024495
1992-08-18,COP,CVX,252,0.46068226314015764
1992-08-19,COP,CVX,252,0.45769847560733495
1992-08-20,COP,CVX,252,0.4603142389665664
1992-08-21,COP,CVX,252,0.4627289604841976
1992-08-24,COP,CVX,252,0.46018865222267985
1992-08-25,COP,CVX,252,0.46122878735317435
1992-08-26,COP,CVX,252,0.46089851933149983
1992-08-27,COP,CVX,252,0.4600780099151941
1992-08-28,COP,CVX,252,0.4512412843634251
1992-08-31,COP,CVX,252,0.4518585008647025
1992-09-01,COP,CVX,252,0.45095642526855806
1992-09-02,COP,CVX,252,0.4532914025469989
1992-09-03,COP,CVX,252,0.451514988820634
1992-09-04,COP,CVX,252,0.4618332548015824
1992-09-08,COP,CVX,252,0.4636495887388621
1992-09-09,COP,CVX,252,0.46392135702591736
1992-09-10,COP,CVX,252,0.4663334716499516
1992-09-11,COP,CVX,252,0.4671807395323045
1992-09-14,COP,CVX,252,0.4646472093490889
1992-09-15,COP,CVX,252,0.4642632083216834
1992-09-16,COP,CVX,252,0.4664523630432417
1992-09-17,COP,CVX,252,0.46438774105373565
1992-09-18,COP,CVX,252,0.4618266387035677
1992-09-21,COP,CVX,252,0.4642120778274189
1992-09-22,COP,CVX,252,0.46248002852214687
1992-09-23,COP,CVX,252,0.45909260230923415
1992-09-24,COP,CVX,252,0.4623268380043594
1992-09-25,COP,CVX,252,0.4653833244714793
1992-09-28,COP,CVX,252,0.4674374153649475
1992-09-29,COP,CVX,252,0.46619193383226504
1992-09-30,COP,CVX,252,0.4662068256940107
1992-10-01,COP,CVX,252,0.4681963742788591
1992-10-02,COP,CVX,252,0.46912939268015896
1992-10-05,COP,CVX,252,0.4706214520585682
1992-10-06,COP,CVX,252,0.4719600451519566
1992-10-07,COP,CVX,252,0.46560796047270153
1992-10-08,COP,CVX,252,0.4405696019279728
1992-10-09,COP,CVX,252,0.44513655886759557
1992-10-12,COP,CVX,252,0.438652515440375
1992-10-13,COP,CVX,252,0.4358454242777435
1992-10-14,COP,CVX,252,0.43838293250130184
1992-10-15,COP,CVX,252,0.43923838776994656
1992-10-16,COP,CVX,252,0.4359943319331652
1992-10-19,COP,CVX,252,0.43568383346081496
1992-10-20,COP,CVX,252,0.4361883670612233
1992-10-21,COP,CVX,252,0.4385176672564682
1992-10-22,COP,CVX,252,0.42960555998000566
1992-10-23,COP,CVX,252,0.42220732480883977
1992-10-26,COP,CVX,252,0.4184052863050141
1992-10-27,COP,CVX,252,0.4159462822938818
1992-10-28,COP,CVX,252,0.41607336171136067
1992-10-29,COP,CVX,252,0.41565328830201104
1992-10-30,COP,CVX,252,0.41844591312159457
1992-11-02,COP,CVX,252,0.41984401925900705
1992-11-03,COP,CVX,252,0.43117084134143746
1992-11-04,COP,CVX,252,0.43280941727695343
1992-11-05,COP,CVX,252,0.4263811515166769
1992-11-06,COP,CVX,252,0.429195033198021
1992-11-09,COP,CVX,252,0.42933556523827127
1992-11-10,COP,CVX,252,0.42772125703928043
1992-11-11,COP,CVX,252,0.4247878102091052
1992-11-12,COP,CVX,252,0.4194530086475071
1992-11-13,COP,CVX,252,0.4136656420528952
1992-11-16,COP,CVX,252,0.41509240626308413
1992-11-17,COP,CVX,252,0.4144617125693014
1992-11-18,COP,CVX,252,0.410193982536455
1992-11-19,COP,CVX,252,0.41656223498007244
1992-11-20,COP,CVX,252,0.42056806267211433
1992-11-23,COP,CVX,252,0.4231858014433864
1992-11-24,COP,CVX,252,0.4233793972140638
1992-11-25,COP,CVX,252,0.42548079511941495
1992-11-27,COP,CVX,252,0.42623227698766747
1992-11-30,COP,CVX,252,0.42190518019640216
1992-12-01,COP,CVX,252,0.4256129020769057
1992-12-02,COP,CVX,252,0.4283851220189712
1992-12-03,COP,CVX,252,0.42799223823213506
1992-12-04,COP,CVX,252,0.4304276511524413
1992-12-07,COP,CVX,252,0.43379533732275855
1992-12-08,COP,CVX,252,0.43575331099291537
1992-12-09,COP,CVX,252,0.435986992803223
1992-12-10,COP,CVX,252,0.4390351208187997
1992-12-11,COP,CVX,252,0.4363369793889885
1992-12-14,COP,CVX,252,0.4380069929059874
1992-12-15,COP,CVX,252,0.43833111582089296
1992-12-16,COP,CVX,252,0.43667897709828124
1992-12-17,COP,CVX,252,0.44016661589546513
1992-12-18,COP,CVX,252,0.4408701322248346
1992-12-21,COP,CVX,252,0.4398759211703281
1992-12-22,COP,CVX,252,0.4442539002337864
1992-12-23,COP,CVX,252,0.43976451364452324
1992-12-24,COP,CVX,252,0.4394856542118291
1992-12-28,COP,CVX,252,0.43625277471858737
1992-12-29,COP,CVX,252,0.43363973231543046
1992-12-30,COP,CVX,252,0.43313812937366397
1992-12-31,COP,CVX,252,0.43298287743349245
1993-01-04,COP,CVX,252,0.4288516474640131
1993-01-05,COP,CVX,252,0.4232127283908145
1993-01-06,COP,CVX,252,0.4232236992798756
1993-01-07,COP,CVX,252,0.4245143687717064
1993-01-08,COP,CVX,252,0.42476783630514836
1993-01-11,COP,CVX,252,0.42015597912386077
1993-01-12,COP,CVX,252,0.4143277853538576
1993-01-13,COP,CVX,252,0.4186754998637934
1993-01-14,COP,CVX,252,0.41875034691255253
1993-01-15,COP,CVX,252,0.42306398525307587
1993-01-18,COP,CVX,252,0.42339471703053283
1993-01-19,COP,CVX,252,0.4291326973106409
1993-01-20,COP,CVX,252,0.4210701602735657
1993-01-21,COP,CVX,252,0.4221717726310656
1993-01-22,COP,CVX,252,0.4262284873915497
1993-01-25,COP,CVX,252,0.4411047459912301
1993-01-26,COP,CVX,252,0.4423780908774122
1993-01-27,COP,CVX,252,0.44507083100511513
1993-01-28,COP,CVX,252,0.4504780879109823
1993-01-29,COP,CVX,252,0.45191172121390893
1993-02-01,COP,CVX,252,0.4537405904876566
1993-02-02,COP,CVX,252,0.45066913179049223
1993-02-03,COP,CVX,252,0.4501531645235352
1993-02-04,COP,CVX,252,0.45756224993472966
1993-02-05,COP,CVX,252,0.45185269546903767
1993-02-08,COP,CVX,252,0.4437627761140277
1993-02-09,COP,CVX,252,0.44259542103234617
1993-02-10,COP,CVX,252,0.43903879385532657
1993-02-11,COP,CVX,252,0.4519881682390806
1993-02-12,COP,CVX,252,0.4655067779749062
1993-02-16,COP,CVX,252,0.4627886812383592
1993-02-17,COP,CVX,252,0.4617616758450214
1993-02-18,COP,CVX,252,0.4660206872562758
1993-02-19,COP,CVX,252,0.4707111205681232
1993-02-22,COP,CVX,252,0.4760893923053129
1993-02-23,COP,CVX,252,0.4636901175577986
1993-02-24,COP,CVX,252,0.4674511312451185
1993-02-25,COP,CVX,252,0.4714850126884635
1993-02-26,COP,CVX,252,0.4706006038781642
1993-03-01,COP,CVX,252,0.4741808301073532
1993-03-02,COP,CVX,252,0.4772477324256605
1993-03-03,COP,CVX,252,0.4720408410482348
1993-03-04,COP,CVX,252,0.4712676847607053
1993-03-05,COP,CVX,252,0.4728849635900947
1993-03-08,COP,CVX,252,0.47272584846768106
1993-03-09,COP,CVX,252,0.4729018980595975
1993-03-10,COP,CVX,252,0.4701520835173155
1993-03-11,COP,CVX,252,0.4692213670809799
1993-03-12,COP,CVX,252,0.46796826313094475
1993-03-15,COP,CVX,252,0.46386756686337477
1993-03-16,COP,CVX,252,0.4645718714221341
1993-03-17,COP,CVX,252,0.4593481186870758
1993-03-18,COP,CVX,252,0.4635028690194793
1993-03-19,COP,CVX,252,0.464750098780075
1993-03-22,COP,CVX,252,0.46542658650397617
1993-03-23,COP,CVX,252,0.46539417502549807
1993-03-24,COP,CVX,252,0.45838096105232184
1993-03-25,COP,CVX,252,0.45160352401754456
1993-03-26,COP,CVX,252,0.45692613966359497
1993-03-29,COP,CVX,252,0.4589761768348529
1993-03-30,COP,CVX,252,0.4547207278581496
1993-03-31,COP,CVX,252,0.45212931372143655
1993-04-01,COP,CVX,252,0.4500299237076854
1993-04-02,COP,CVX,252,0.41062746248092374
1993-04-05,COP,CVX,252,0.4155606769604224
1993-04-06,COP,CVX,252,0.3962766506773273
1993-04-07,COP,CVX,252,0.39553971252107256
1993-04-08,COP,CVX,252,0.39692602350861395
1993-04-12,COP,CVX,252,0.39916794994265864
1993-04-13,COP,CVX,252,0.39871719680982215
1993-04-14,COP,CVX,252,0.39906115584092716
1993-04-15,COP,CVX,252,0.40408508428131107
1993-04-16,COP,CVX,252,0.405604656255306
1993-04-19,COP,CVX,252,0.40328695430297967
1993-04-20,COP,CVX,252,0.4048924747481855
1993-04-21,COP,CVX,252,0.41064546779222544
1993-04-22,COP,CVX,252,0.40992144773692313
1993-04-23,COP,CVX,252,0.4012583229360675
1993-04-26,COP,CVX,252,0.40049800830292626
1993-04-27,COP,CVX,252,0.3917840846358365
1993-04-28,COP,CVX,252,0.40541173209307735
1993-04-29,COP,CVX,252,0.3983142432720264
1993-04-30,COP,CVX,252,0.3944071250296932
1993-05-03,COP,CVX,252,0.3874933024722426
1993-05-04,COP,CVX,252,0.39435952272398356
1993-05-05,COP,CVX,252,0.3914334817529032
1993-05-06,COP,CVX,252,0.39019008513694553
1993-05-07,COP,CVX,252,0.3909470725949501
1993-05-10,COP,CVX,252,0.3968502163691544
1993-05-11,COP,CVX,252,0.39513538293319556
1993-05-12,COP,CVX,252,0.4029158189110803
1993-05-13,COP,CVX,252,0.4061651001573172
1993-05-14,COP,CVX,252,0.4114479410741198
1993-05-17,COP,CVX,252,0.4037302542784943
1993-05-18,COP,CVX,252,0.40068337375085333
1993-05-19,COP,CVX,252,0.4016300947511245
1993-05-20,COP,CVX,252,0.4009935069152414
1993-05-21,COP,CVX,252,0.39996567209791317
1993-05-24,COP,CVX,252,0.36196790579521854
1993-05-25,COP,CVX,252,0.3522231946108727
1993-05-26,COP,CVX,252,0.3494556848940259
1993-05-27,COP,CVX,252,0.35028024797613916
1993-05-28,COP,CVX,252,0.3506812433500351
1993-06-01,COP,CVX,252,0.3512409611182682
1993-06-02,COP,CVX,252,0.348541670737078
1993-06-03,COP,CVX,252,0.3484889698977254
1993-06-04,COP,CVX,252,0.34478560789408413
1993-06-07,COP,CVX,252,0.3439506924660703
1993-06-08,COP,CVX,252,0.34611978613234695
1993-06-09,COP,CVX,252,0.3467014002119271
1993-06-10,COP,CVX,252,0.34603401057995703
1993-06-11,COP,CVX,252,0.3678317689716177
1993-06-14,COP,CVX,252,0.3635505892531668
1993-06-15,COP,CVX,252,0.36112118694056544
1993-06-16,COP,CVX,252,0.3623130397276829
1993-06-17,COP,CVX,252,0.3565479832194447
1993-06-18,COP,CVX,252,0.35679125432312603
1993-06-21,COP,CVX,252,0.353280283458596
1993-06-22,COP,CVX,252,0.35529801725739546
1993-06-23,COP,CVX,252,0.3677940716620201
1993-06-24,COP,CVX,252,0.3677538277863956
1993-06-25,COP,CVX,252,0.36498710472927726
1993-06-28,COP,CVX,252,0.365304275814288
1993-06-29,COP,CVX,252,0.356247312745797
1993-06-30,COP,CVX,252,0.3529742209611281
1993-07-01,COP,CVX,252,0.3430275754705744
1993-07-02,COP,CVX,252,0.34651413828670957
1993-07-06,COP,CVX,252,0.35366341459195844
1993-07-07,COP,CVX,252,0.3494764112818355
1993-07-08,COP,CVX,252,0.35370466731756905
1993-07-09,COP,CVX,252,0.352884330682526
1993-07-12,COP,CVX,252,0.3541114494599412
1993-07-13,COP,CVX,252,0.3503946845689086
1993-07-14,COP,CVX,252,0.3483724157074312
1993-07-15,COP,CVX,252,0.3546005115508678
1993-07-16,COP,CVX,252,0.35010213429818277
1993-07-19,COP,CVX,252,0.3462535133492789
1993-07-20,COP,CVX,252,0.34547988565111226
1993-07-21,COP,CVX,252,0.34527874444436085
1993-07-22,COP,CVX,252,0.34595527824650263
1993-07-23,COP,CVX,252,0.34251243943878323
1993-07-26,COP,CVX,252,0.33279481336095906
1993-07-27,COP,CVX,252,0.33143706492309055
1993-07-28,COP,CVX,252,0.3337004408478122
1993-07-29,COP,CVX,252,0.3323025990085297
1993-07-30,COP,CVX,252,0.3316719561631426
1993-08-02,COP,CVX,252,0.3296932506799502
1993-08-03,COP,CVX,252,0.3341179972238983
1993-08-04,COP,CVX,252,0.3368929407497045
1993-08-05,COP,CVX,252,0.3350120999367485
1993-08-06,COP,CVX,252,0.3288072407903673
1993-08-09,COP,CVX,252,0.33406588525380926
1993-08-10,COP,CVX,252,0.32570463885304074
1993-08-11,COP,CVX,252,0.32362983632940795
1993-08-12,COP,CVX,252,0.32178719528950644
1993-08-13,COP,CVX,252,0.3233874309433083
1993-08-16,COP,CVX,252,0.3242974295783143
1993-08-17,COP,CVX,252,0.32421179394658983
1993-08-18,COP,CVX,252,0.32523228204133303
1993-08-19,COP,CVX,252,0.32328878838249814
1993-08-20,COP,CVX,252,0.3197005811321615
1993-08-23,COP,CVX,252,0.31991543916658194
1993-08-24,COP,CVX,252,0.3214315061001983
1993-08-25,COP,CVX,252,0.321970552614111
1993-08-26,COP,CVX,252,0.32411096425940294
1993-08-27,COP,CVX,252,0.334931226745178
1993-08-30,COP,CVX,252,0.333928780948064
1993-08-31,COP,CVX,252,0.33398322774614764
1993-09-01,COP,CVX,252,0.33662931365060567
1993-09-02,COP,CVX,252,0.33871578109128814
1993-09-03,COP,CVX,252,0.3388953296152171
1993-09-07,COP,CVX,252,0.3472216359748151
1993-09-08,COP,CVX,252,0.3480429775957034
1993-09-09,COP,CVX,252,0.34389067236600407
1993-09-10,COP,CVX,252,0.34080965177414096
1993-09-13,COP,CVX,252,0.3355988794168808
1993-09-14,COP,CVX,252,0.337381073594275
1993-09-15,COP,CVX,252,0.33571639666970476
1993-09-16,COP,CVX,252,0.33611731292147595
1993-09-17,COP,CVX,252,0.3389288575498112
1993-09-20,COP,CVX,252,0.33792440904577054
1993-09-21,COP,CVX,252,0.3362891818635855
1993-09-22,COP,CVX,252,0.3399010283954372
1993-09-23,COP,CVX,252,0.34024359258383313
1993-09-24,COP,CVX,252,0.3392448168680411
1993-09-27,COP,CVX,252,0.3431355905911212
1993-09-28,COP,CVX,252,0.34495485501761847
1993-09-29,COP,CVX,252,0.3610720765434044
1993-09-30,COP,CVX,252,0.36018779144535124
1993-10-01,COP,CVX,252,0.3600621647136951
1993-10-04,COP,CVX,252,0.33139145336864195
1993-10-05,COP,CVX,252,0.3355225595371847
1993-10-06,COP,CVX,252,0.3364168727731528
1993-10-07,COP,CVX,252,0.3577783340294792
1993-10-08,COP,CVX,252,0.3511261328059039
1993-10-11,COP,CVX,252,0.34417553626643377
1993-10-12,COP,CVX,252,0.3455740435892415
1993-10-13,COP,CVX,252,0.3483809443389742
1993-10-14,COP,CVX,252,0.34857973437651224
1993-10-15,COP,CVX,252,0.35222291381222304
1993-10-18,COP,CVX,252,0.3462957079386877
1993-10-19,COP,CVX,252,0.3443708278473528
1993-10-20,COP,CVX,252,0.34416755216736644
1993-10-21,COP,CVX,252,0.3506711888806031
1993-10-22,COP,CVX,252,0.3602347987880416
1993-10-25,COP,CVX,252,0.364164838017993
1993-10-26,COP,CVX,252,0.3611197854397441
1993-10-27,COP,CVX,252,0.3616738821572396
1993-10-28,COP,CVX,252,0.36193997174218867
1993-10-29,COP,CVX,252,0.3598048365434815
1993-11-01,COP,CVX,252,0.35683208082446255
1993-11-02,COP,CVX,252,0.34622135952422295
1993-11-03,COP,CVX,252,0.34555639957665335
1993-11-04,COP,CVX,252,0.3520278922494794
1993-11-05,COP,CVX,252,0.3526691127625131
1993-11-08,COP,CVX,252,0.35361685394656955
1993-11-09,COP,CVX,252,0.35821770812066656
1993-11-10,COP,CVX,252,0.3615446980362422
1993-11-11,COP,CVX,252,0.3707898743085612
1993-11-12,COP,CVX,252,0.3721425752107134
1993-11-15,COP,CVX,252,0.368354981390332
1993-11-16,COP,CVX,252,0.36826752284874736
1993-11-17,COP,CVX,252,0.38730044625238147
1993-11-18,COP,CVX,252,0.3739412468904281
1993-11-19,COP,CVX,252,0.3726097496360492
1993-11-22,COP,CVX,252,0.3715126353005726
1993-11-23,COP,CVX,252,0.3709662920586398
1993-11-24,COP,CVX,252,0.3704158019873467
1993-11-26,COP,CVX,252,0.3922849866403139
1993-11-29,COP,CVX,252,0.3924022208444347
1993-11-30,COP,CVX,252,0.39182389154356667
1993-12-01,COP,CVX,252,0.38653188956153656
1993-12-02,COP,CVX,252,0.37926633256317055
1993-12-03,COP,CVX,252,0.3788081489432042
1993-12-06,COP,CVX,252,0.37766710193925157
1993-12-07,COP,CVX,252,0.37649327619354556
1993-12-08,COP,CVX,252,0.378807201944551
1993-12-09,COP,CVX,252,0.3777898821911956
1993-12-10,COP,CVX,252,0.38128091531077785
1993-12-13,COP,CVX,252,0.3814507507115564
1993-12-14,COP,CVX,252,0.37555464964992924
1993-12-15,COP,CVX,252,0.3810000861455182
1993-12-16,COP,CVX,252,0.3808012049283078
1993-12-17,COP,CVX,252,0.3806412440803166
1993-12-20,COP,CVX,252,0.3761379394848094
1993-12-21,COP,CVX,252,0.3731394666385024
1993-12-22,COP,CVX,252,0.38209426205362335
1993-12-23,COP,CVX,252,0.38001163083510264
1993-12-27,COP,CVX,252,0.38317192498396624
1993-12-28,COP,CVX,252,0.3831864531787742
1993-12-29,COP,CVX,252,0.3800507895435659
1993-12-30,COP,CVX,252,0.3807243036955949
1993-12-31,COP,CVX,252,0.3808007706155352
1994-01-03,COP,CVX,252,0.38172177522684636
1994-01-04,COP,CVX,252,0.37960324482345087
1994-01-05,COP,CVX,252,0.38215081264201556
1994-01-06,COP,CVX,252,0.3824925795761094
1994-01-07,COP,CVX,252,0.37785683366956463
1994-01-10,COP,CVX,252,0.38032137964504603
1994-01-11,COP,CVX,252,0.3802967687342525
1994-01-12,COP,CVX,252,0.38231644820353594
1994-01-13,COP,CVX,252,0.38198581446490454
1994-01-14,COP,CVX,252,0.38166477211229
1994-01-17,COP,CVX,252,0.3816225303687853
1994-01-18,COP,CVX,252,0.38020624006262965
1994-01-19,COP,CVX,252,0.3793105407567054
1994-01-20,COP,CVX,252,0.3783226024564136
1994-01-21,COP,CVX,252,0.3657059448200712
1994-01-24,COP,CVX,252,0.3638923566971095
1994-01-25,COP,CVX,252,0.36390643621404634
1994-01-26,COP,CVX,252,0.3613029742887562
1994-01-27,COP,CVX,252,0.36245667579887664
1994-01-28,COP,CVX,252,0.3606083839073401
1994-01-31,COP,CVX,252,0.3672514817935898
1994-02-01,COP,CVX,252,0.3658762710832396
1994-02-02,COP,CVX,252,0.3627037129588426
1994-02-03,COP,CVX,252,0.361999943759757
1994-02-04,COP,CVX,252,0.36905843841431313
1994-02-07,COP,CVX,252,0.3691115081003449
1994-02-08,COP,CVX,252,0.37238906062407834
1994-02-09,COP,CVX,252,0.36627971064603815
1994-02-10,COP,CVX,252,0.35778078923689105
1994-02-11,COP,CVX,252,0.3480488447556316
1994-02-14,COP,CVX,252,0.3499008458939416
1994-02-15,COP,CVX,252,0.34940353726856843
1994-02-16,COP,CVX,252,0.3409006235344282
1994-02-17,COP,CVX,252,0.3268399033952998
1994-02-18,COP,CVX,252,0.33351698746437713
1994-02-22,COP,CVX,252,0.33155440735461333
1994-02-23,COP,CVX,252,0.33089052688536547
1994-02-24,COP,CVX,252,0.3366863172681528
1994-02-25,COP,CVX,252,0.335812112176383
1994-02-28,COP,CVX,252,0.32922195954363376
1994-03-01,COP,CVX,252,0.32527372187350956
1994-03-02,COP,CVX,252,0.32308754155484337
1994-03-03,COP,CVX,252,0.3187635034758502
1994-03-04,COP,CVX,252,0.3193234432883836
1994-03-07,COP,CVX,252,0.3190552974741223
1994-03-08,COP,CVX,252,0.3203687780316524
1994-03-09,COP,CVX,252,0.32003585301558696
1994-03-10,COP,CVX,252,0.3198794822887732
1994-03-11,COP,CVX,252,0.31993496236032043
1994-03-14,COP,CVX,252,0.31688347419350704
1994-03-15,COP,CVX,252,0.32083888947837497
1994-03-16,COP,CVX,252,0.3209367778177013
1994-03-17,COP,CVX,252,0.32571862494638754
1994-03-18,COP,CVX,252,0.32502213306297334
1994-03-21,COP,CVX,252,0.33140237815326634
1994-03-22,COP,CVX,252,0.33409680685833937
1994-03-23,COP,CVX,252,0.33912170484946413
1994-03-24,COP,CVX,252,0.33865808496937433
1994-03-25,COP,CVX,252,0.3299104585126283
1994-03-28,COP,CVX,252,0.3375732832771804
1994-03-29,COP,CVX,252,0.34032781080001895
1994-03-30,COP,CVX,252,0.3473618153031789
1994-03-31,COP,CVX,252,0.34875994350670103
1994-04-04,COP,CVX,252,0.33845510320815475
1994-04-05,COP,CVX,252,0.34236455148349704
1994-04-06,COP,CVX,252,0.34235710636956496
1994-04-07,COP,CVX,252,0.3433603473923264
1994-04-08,COP,CVX,252,0.3428855935867687
1994-04-11,COP,CVX,252,0.3429238166933035
1994-04-12,COP,CVX,252,0.3442872513556511
1994-04-13,COP,CVX,252,0.33954376797838587
1994-04-14,COP,CVX,252,0.3444824915298179
1994-04-15,COP,CVX,252,0.36328398650955396
1994-04-18,COP,CVX,252,0.364047250759213
1994-04-19,COP,CVX,252,0.3475480848907544
1994-04-20,COP,CVX,252,0.35018433533295373
1994-04-21,COP,CVX,252,0.34880456224673695
1994-04-22,COP,CVX,252,0.34799494246766044
1994-04-25,COP,CVX,252,0.3624312135054646
1994-04-26,COP,CVX,252,0.35599290022194363
1994-04-28,COP,CVX,252,0.36152421994542866
1994-04-29,COP,CVX,252,0.362896714757407
1994-05-02,COP,CVX,252,0.36425863226280397
1994-05-03,COP,CVX,252,0.3624158219781639
1994-05-04,COP,CVX,252,0.36620907945477343
1994-05-05,COP,CVX,252,0.36884140736286686
1994-05-06,COP,CVX,252,0.37239619512126315
1994-05-09,COP,CVX,252,0.36772415269938336
1994-05-10,COP,CVX,252,0.36764284312585727
1994-05-11,COP,CVX,252,0.35946004832319667
1994-05-12,COP,CVX,252,0.357833497789663
1994-05-13,COP,CVX,252,0.35165032091731163
1994-05-16,COP,CVX,252,0.35513022769833674
1994-05-17,COP,CVX,252,0.3572303961108047
1994-05-18,COP,CVX,252,0.3546004491087539
1994-05-19,COP,CVX,252,0.3536529196836719
1994-05-20,COP,CVX,252,0.35432724311111924
1994-05-23,COP,CVX,252,0.35500844726934716
1994-05-24,COP,CVX,252,0.35496913615761966
1994-05-25,COP,CVX,252,0.35388549963266436
1994-05-26,COP,CVX,252,0.34965807984176417
1994-05-27,COP,CVX,252,0.348475898160751
1994-05-31,COP,CVX,252,0.3438362406884117
1994-06-01,COP,CVX,252,0.34827721186313676
1994-06-02,COP,CVX,252,0.34898057705028207
1994-06-03,COP,CVX,252,0.3512088156881999
1994-06-06,COP,CVX,252,0.3513073697452374
1994-06-07,COP,CVX,252,0.3515191238505685
1994-06-08,COP,CVX,252,0.35010806484927304
1994-06-09,COP,CVX,252,0.3511285598558796
1994-06-10,COP,CVX,252,0.3336993757185846
1994-06-13,COP,CVX,252,0.33650065369781745
1994-06-14,COP,CVX,252,0.33170702438420957
1994-06-15,COP,CVX,252,0.33019361559845856
1994-06-16,COP,CVX,252,0.3297561810455777
1994-06-17,COP,CVX,252,0.3325579594951546
1994-06-20,COP,CVX,252,0.33234099462604977
1994-06-21,COP,CVX,252,0.33263480922228195
1994-06-22,COP,CVX,252,0.31845866072341156
1994-06-23,COP,CVX,252,0.31656584836788637
1994-06-24,COP,CVX,252,0.3373442728828397
1994-06-27,COP,CVX,252,0.3388932540581732
1994-06-28,COP,CVX,252,0.3401533802379707
1994-06-29,COP,CVX,252,0.3449665975254
1994-06-30,COP,CVX,252,0.3526416657034935
1994-07-01,COP,CVX,252,0.3520136097300208
1994-07-05,COP,CVX,252,0.3605768494574848
1994-07-06,COP,CVX,252,0.3622083712110766
1994-07-07,COP,CVX,252,0.3591089672314009
1994-07-08,COP,CVX,252,0.3624619600073193
1994-07-11,COP,CVX,252,0.3611444166021803
1994-07-12,COP,CVX,252,0.3566562886978213
1994-07-13,COP,CVX,252,0.35529225562465483
1994-07-14,COP,CVX,252,0.35172063017957417
1994-07-15,COP,CVX,252,0.35697317508349463
1994-07-18,COP,CVX,252,0.3610665263774156
1994-07-19,COP,CVX,252,0.3609015825103517
1994-07-20,COP,CVX,252,0.36207899091192536
1994-07-21,COP,CVX,252,0.36160660252039134
1994-07-22,COP,CVX,252,0.3635122420515325
1994-07-25,COP,CVX,252,0.3708592614906994
1994-07-26,COP,CVX,252,0.3684771125720535
1994-07-27,COP,CVX,252,0.3650510547458609
1994-07-28,COP,CVX,252,0.36083840144229457
1994-07-29,COP,CVX,252,0.36085088560953044
1994-08-01,COP,CVX,252,0.36208310831348617
1994-08-02,COP,CVX,252,0.3675972414064242
1994-08-03,COP,CVX,252,0.36663840523449537
1994-08-04,COP,CVX,252,0.36515603431092103
1994-08-05,COP,CVX,252,0.37243702633430525
1994-08-08,COP,CVX,252,0.36849863089604085
1994-08-09,COP,CVX,252,0.3716827522830438
1994-08-10,COP,CVX,252,0.3732896603749182
1994-08-11,COP,CVX,252,0.372510078651233
1994-08-12,COP,CVX,252,0.3683082774065044
1994-08-15,COP,CVX,252,0.36896190768281784
1994-08-16,COP,CVX,252,0.36956938598875594
1994-08-17,COP,CVX,252,0.36777860075057617
1994-08-18,COP,CVX,252,0.3684173994301297
1994-08-19,COP,CVX,252,0.36860169030452755
1994-08-22,COP,CVX,252,0.37018824012661616
1994-08-23,COP,CVX,252,0.3680587441350165
1994-08-24,COP,CVX,252,0.3666838134233792
1994-08-25,COP,CVX,252,0.36544179042989483
1994-08-26,COP,CVX,252,0.35717471839302795
1994-08-29,COP,CVX,252,0.35698864358121557
1994-08-30,COP,CVX,252,0.3544563388458093
1994-08-31,COP,CVX,252,0.3506022922133153
1994-09-01,COP,CVX,252,0.3521064380964172
1994-09-02,COP,CVX,252,0.35183657588460393
1994-09-06,COP,CVX,252,0.34545300238510157
1994-09-07,COP,CVX,252,0.3448447879071329
1994-09-08,COP,CVX,252,0.3477321468563018
1994-09-09,COP,CVX,252,0.3501965677563428
1994-09-12,COP,CVX,252,0.3545843344219779
1994-09-13,COP,CVX,252,0.35434707397121473
1994-09-14,COP,CVX,252,0.3536065417760941
1994-09-15,COP,CVX,252,0.35398792399485224
1994-09-16,COP,CVX,252,0.35428947342054223
1994-09-19,COP,CVX,252,0.35357465487645445
1994-09-20,COP,CVX,252,0.35576064773718064
1994-09-21,COP,CVX,252,0.35583498762134375
1994-09-22,COP,CVX,252,0.3559023761467191
1994-09-23,COP,CVX,252,0.3540806070929886
1994-09-26,COP,CVX,252,0.34845194005740054
1994-09-27,COP,CVX,252,0.3476423854285785
1994-09-28,COP,CVX,252,0.33117131089713203
1994-09-29,COP,CVX,252,0.33201515031953854
1994-09-30,COP,CVX,252,0.3316759736073693
1994-10-03,COP,CVX,252,0.35339017197853234
1994-10-04,COP,CVX,252,0.3523793096026669
1994-10-05,COP,CVX,252,0.35753989889979976
1994-10-06,COP,CVX,252,0.3560134845513276
1994-10-07,COP,CVX,252,0.36409146489903815
1994-10-10,COP,CVX,252,0.36876474322351077
1994-10-11,COP,CVX,252,0.369142080534961
1994-10-12,COP,CVX,252,0.3675604289802428
1994-10-13,COP,CVX,252,0.3671557563681733
1994-10-14,COP,CVX,252,0.3666539349044061
1994-10-17,COP,CVX,252,0.3725530244095915
1994-10-18,COP,CVX,252,0.36935673428644106
1994-10-19,COP,CVX,252,0.369806985422665
1994-10-20,COP,CVX,252,0.3700630006489518
1994-10-21,COP,CVX,252,0.36715545663490323
1994-10-24,COP,CVX,252,0.36327952211743675
1994-10-25,COP,CVX,252,0.37087202525574325
1994-10-26,COP,CVX,252,0.37286059594602644
1994-10-27,COP,CVX,252,0.37798847077486475
1994-10-28,COP,CVX,252,0.37978956153103843
1994-10-31,COP,CVX,252,0.3792678965161459
1994-11-01,COP,CVX,252,0.38107726208194154
1994-11-02,COP,CVX,252,0.3818928209814929
1994-11-03,COP,CVX,252,0.38160373911211254
1994-11-04,COP,CVX,252,0.3834494814616573
1994-11-07,COP,CVX,252,0.3827207821683367
1994-11-08,COP,CVX,252,0.38067498165315855
1994-11-09,COP,CVX,252,0.38592192931011
1994-11-10,COP,CVX,252,0.38074725882391947
1994-11-11,COP,CVX,252,0.37924242565999106
1994-11-14,COP,CVX,252,0.3845004124044704
1994-11-15,COP,CVX,252,0.3814877608200778
1994-11-16,COP,CVX,252,0.35739273529002435
1994-11-17,COP,CVX,252,0.36936720398675776
1994-11-18,COP,CVX,252,0.3719438828963938
1994-11-21,COP,CVX,252,0.3679371925111593
1994-11-22,COP,CVX,252,0.35281590177107597
1994-11-23,COP,CVX,252,0.3517900957272478
1994-11-25,COP,CVX,252,0.3302179838307831
1994-11-28,COP,CVX,252,0.329939524340269
1994-11-29,COP,CVX,252,0.3300804121184291
1994-11-30,COP,CVX,252,0.33287490359714683
1994-12-01,COP,CVX,252,0.3416727883848317
1994-12-02,COP,CVX,252,0.3424641031738695
1994-12-05,COP,CVX,252,0.3352308730287366
1994-12-06,COP,CVX,252,0.3364075387449949
1994-12-07,COP,CVX,252,0.33325437136136205
1994-12-08,COP,CVX,252,0.33470945202069524
1994-12-09,COP,CVX,252,0.33368275883021686
1994-12-12,COP,CVX,252,0.3344747184792845
1994-12-13,COP,CVX,252,0.3423887220641713
1994-12-14,COP,CVX,252,0.33757608029654923
1994-12-15,COP,CVX,252,0.33778043755878684
1994-12-16,COP,CVX,252,0.3396172630269199
1994-12-19,COP,CVX,252,0.3459878164224013
1994-12-20,COP,CVX,252,0.3461306775519344
1994-12-21,COP,CVX,252,0.3411991017180937
1994-12-22,COP,CVX,252,0.3420633475146381
1994-12-23,COP,CVX,252,0.34041259748082664
1994-12-27,COP,CVX,252,0.3418814654157625
1994-12-28,COP,CVX,252,0.34691262471530093
1994-12-29,COP,CVX,252,0.3472554295287054
1994-12-30,COP,CVX,252,0.3461862822376214
1995-01-03,COP,CVX,252,0.3433201801578038
1995-01-04,COP,CVX,252,0.3433073295682469
1995-01-05,COP,CVX,252,0.337350570417038
1995-01-06,COP,CVX,252,0.3372253487112379
1995-01-09,COP,CVX,252,0.3410330604158069
1995-01-10,COP,CVX,252,0.34109150453158865
1995-01-11,COP,CVX,252,0.3423713641162401
1995-01-12,COP,CVX,252,0.3410943821739981
1995-01-13,COP,CVX,252,0.3447563428587084
1995-01-16,COP,CVX,252,0.3454574323446723
1995-01-17,COP,CVX,252,0.34766815360265163
1995-01-18,COP,CVX,252,0.35579638487600546
1995-01-19,COP,CVX,252,0.3574844276281021
1995-01-20,COP,CVX,252,0.3591919663936531
1995-01-23,COP,CVX,252,0.35557676920899073
1995-01-24,COP,CVX,252,0.35401744580575395
1995-01-25,COP,CVX,252,0.35573750130753823
1995-01-26,COP,CVX,252,0.35309503291119065
1995-01-27,COP,CVX,252,0.3530868682887052
1995-01-30,COP,CVX,252,0.35698233580284316
1995-01-31,COP,CVX,252,0.34739211625823463
1995-02-01,COP,CVX,252,0.34552682422348413
1995-02-02,COP,CVX,252,0.34408900584755603
1995-02-03,COP,CVX,252,0.3468129175249789
1995-02-06,COP,CVX,252,0.34937043521309635
1995-02-07,COP,CVX,252,0.3502381729915172
1995-02-08,COP,CVX,252,0.35263017659273527
1995-02-09,COP,CVX,252,0.35794171819897164
1995-02-10,COP,CVX,252,0.3605887432525124
1995-02-13,COP,CVX,252,0.3745519038124544
1995-02-14,COP,CVX,252,0.37497788267935783
1995-02-15,COP,CVX,252,0.3752239924676503
1995-02-16,COP,CVX,252,0.37458551395572803
1995-02-17,COP,CVX,252,0.38539182740673567
1995-02-21,COP,CVX,252,0.38921483390405454
1995-02-22,COP,CVX,252,0.39037791517059284
1995-02-23,COP,CVX,252,0.39155000235795995
1995-02-24,COP,CVX,252,0.38586557526658855
1995-02-27,COP,CVX,252,0.3792899153926565
1995-02-28,COP,CVX,252,0.38377508349498296
1995-03-01,COP,CVX,252,0.38850901309819064
1995-03-02,COP,CVX,252,0.392517271342991
1995-03-03,COP,CVX,252,0.3984607068472303
1995-03-06,COP,CVX,252,0.4015353606314964
1995-03-07,COP,CVX,252,0.40011100897646573
1995-03-08,COP,CVX,252,0.4028820705545154
1995-03-09,COP,CVX,252,0.4031577573659656
1995-03-10,COP,CVX,252,0.40374260260555317
1995-03-13,COP,CVX,252,0.4091124391941646
1995-03-14,COP,CVX,252,0.4118072093004413
1995-03-15,COP,CVX,252,0.4109715921641702
1995-03-16,COP,CVX,252,0.4124196332872418
1995-03-17,COP,CVX,252,0.4038427253956935
1995-03-20,COP,CVX,252,0.40532259712283036
1995-03-21,COP,CVX,252,0.3979549257791726
1995-03-22,COP,CVX,252,0.4016541626607887
1995-03-23,COP,CVX,252,0.4019027158080061
1995-03-24,COP,CVX,252,0.4009157302276074
1995-03-27,COP,CVX,252,0.40874278372702666
1995-03-28,COP,CVX,252,0.4047171625004962
1995-03-29,COP,CVX,252,0.4048529718645113
1995-03-30,COP,CVX,252,0.39365978142005237
1995-03-31,COP,CVX,252,0.40506932879982577
1995-04-03,COP,CVX,252,0.402260989323077
1995-04-04,COP,CVX,252,0.39476234891670525
1995-04-05,COP,CVX,252,0.39453265390021575
1995-04-06,COP,CVX,252,0.39832381581190424
1995-04-07,COP,CVX,252,0.40232287012051704
1995-04-10,COP,CVX,252,0.404853216133866
1995-04-11,COP,CVX,252,0.40089585647996623
1995-04-12,COP,CVX,252,0.40125972774098706
1995-04-13,COP,CVX,252,0.39428899630432945
1995-04-17,COP,CVX,252,0.3710595919703985
1995-04-18,COP,CVX,252,0.36690237334628084
1995-04-19,COP,CVX,252,0.3796121446769166
1995-04-20,COP,CVX,252,0.3914049418801406
1995-04-21,COP,CVX,252,0.40222307883184055
1995-04-24,COP,CVX,252,0.4025391800175805
1995-04-25,COP,CVX,252,0.3912606891275305
1995-04-26,COP,CVX,252,0.388307834098518
1995-04-27,COP,CVX,252,0.36995671784762196
1995-04-28,COP,CVX,252,0.36970355988029713
1995-05-01,COP,CVX,252,0.37844368249165555
1995-05-02,COP,CVX,252,0.3790273632812118
1995-05-03,COP,CVX,252,0.37668393922448656
1995-05-04,COP,CVX,252,0.37281654207485637
1995-05-05,COP,CVX,252,0.3665700580267037
1995-05-08,COP,CVX,252,0.3664542103668793
1995-05-09,COP,CVX,252,0.36594302264305373
1995-05-10,COP,CVX,252,0.36487067722897576
1995-05-11,COP,CVX,252,0.3676521368947747
1995-05-12,COP,CVX,252,0.3720982801981934
1995-05-15,COP,CVX,252,0.37433749156589713
1995-05-16,COP,CVX,252,0.37638360913912755
1995-05-17,COP,CVX,252,0.37534266247714765
1995-05-18,COP,CVX,252,0.3808682740611238
1995-05-19,COP,CVX,252,0.37952792676947156
1995-05-22,COP,CVX,252,0.3779473074916391
1995-05-23,COP,CVX,252,0.3751355354681715
1995-05-24,COP,CVX,252,0.37896302693586176
1995-05-25,COP,CVX,252,0.38229031522964757
1995-05-26,COP,CVX,252,0.38661356368400523
1995-05-30,COP,CVX,252,0.3822453859952104
1995-05-31,COP,CVX,252,0.37859601702806933
1995-06-01,COP,CVX,252,0.37685590560006826
1995-06-02,COP,CVX,252,0.3828328522399679
1995-06-05,COP,CVX,252,0.38325511357336983
1995-06-06,COP,CVX,252,0.3852598137486697
1995-06-07,COP,CVX,252,0.38732829000366564
1995-06-08,COP,CVX,252,0.385895209271738
1995-06-09,COP,CVX,252,0.38710282243472205
1995-06-12,COP,CVX,252,0.3852313212665337
1995-06-13,COP,CVX,252,0.39688466435924286
1995-06-14,COP,CVX,252,0.39661325635520983
1995-06-15,COP,CVX,252,0.39611661675298265
1995-06-16,COP,CVX,252,0.39393062278632396
1995-06-19,COP,CVX,252,0.3939004378728739
1995-06-20,COP,CVX,252,0.39444733418977085
1995-06-21,COP,CVX,252,0.40641116660840604
1995-06-22,COP,CVX,252,0.4056173225919861
1995-06-23,COP,CVX,252,0.3769296573586278
1995-06-26,COP,CVX,252,0.3816122338297099
1995-06-27,COP,CVX,252,0.3833178327636661
1995-06-28,COP,CVX,252,0.38247408866182997
1995-06-29,COP,CVX,252,0.38141238420793194
1995-06-30,COP,CVX,252,0.37770611466918075
1995-07-03,COP,CVX,252,0.37334632909809073
1995-07-05,COP,CVX,252,0.37138423582507335
1995-07-06,COP,CVX,252,0.37478742915591323
1995-07-07,COP,CVX,252,0.37147796903509356
1995-07-10,COP,CVX,252,0.3740228827212231
1995-07-11,COP,CVX,252,0.37838120019250143
1995-07-12,COP,CVX,252,0.3830144467310565
1995-07-13,COP,CVX,252,0.3812371983617671
1995-07-14,COP,CVX,252,0.38220324299920894
1995-07-17,COP,CVX,252,0.38384001931175343
1995-07-18,COP,CVX,252,0.38163101480146494
1995-07-19,COP,CVX,252,0.3844835317593065
1995-07-20,COP,CVX,252,0.3815570975098023
1995-07-21,COP,CVX,252,0.37941919002401575
1995-07-24,COP,CVX,252,0.37576512110923393
1995-07-25,COP,CVX,252,0.3789703601622492
1995-07-26,COP,CVX,252,0.3841972725474827
1995-07-27,COP,CVX,252,0.38984926302514755
1995-07-28,COP,CVX,252,0.39057759231250844
1995-07-31,COP,CVX,252,0.3934906253989118
1995-08-01,COP,CVX,252,0.3860191994325086
1995-08-02,COP,CVX,252,0.3857865664884043
1995-08-03,COP,CVX,252,0.3893494779908748
1995-08-04,COP,CVX,252,0.3877702026324805
1995-08-07,COP,CVX,252,0.39009904307760035
1995-08-08,COP,CVX,252,0.39085889151623604
1995-08-09,COP,CVX,252,0.38769148597283554
1995-08-10,COP,CVX,252,0.3873694848724773
1995-08-11,COP,CVX,252,0.3952858598788401
1995-08-14,COP,CVX,252,0.39376590180518956
1995-08-15,COP,CVX,252,0.39364439450019634
1995-08-16,COP,CVX,252,0.3982307348599086
1995-08-17,COP,CVX,252,0.3970596139805467
1995-08-18,COP,CVX,252,0.39692860301347865
1995-08-21,COP,CVX,252,0.396000225796353
1995-08-22,COP,CVX,252,0.39665409494798404
1995-08-23,COP,CVX,252,0.39664847367042944
1995-08-24,COP,CVX,252,0.39663268952172304
1995-08-25,COP,CVX,252,0.41231018683686255
1995-08-28,COP,CVX,252,0.4130161744286299
1995-08-29,COP,CVX,252,0.41740976329814594
1995-08-30,COP,CVX,252,0.4207064787049262
1995-08-31,COP,CVX,252,0.4173718347465227
1995-09-01,COP,CVX,252,0.4235774825098913
1995-09-05,COP,CVX,252,0.4270292528025463
1995-09-06,COP,CVX,252,0.43083992564026724
1995-09-07,COP,CVX,252,0.4279170257852112
1995-09-08,COP,CVX,252,0.42637824877546776
1995-09-11,COP,CVX,252,0.42531621019511806
1995-09-12,COP,CVX,252,0.4274879641839422
1995-09-13,COP,CVX,252,0.42854170880537656
1995-09-14,COP,CVX,252,0.424895926530871
1995-09-15,COP,CVX,252,0.4249914827148398
1995-09-18,COP,CVX,252,0.4307732386685337
1995-09-19,COP,CVX,252,0.43060080888299096
1995-09-20,COP,CVX,252,0.4310880817914753
1995-09-21,COP,CVX,252,0.43076724999681565
1995-09-22,COP,CVX,252,0.43388853647387604
1995-09-25,COP,CVX,252,0.4332963265833888
1995-09-26,COP,CVX,252,0.4372193237679354
1995-09-27,COP,CVX,252,0.43947153142245626
1995-09-28,COP,CVX,252,0.44010194527562396
1995-09-29,COP,CVX,252,0.4396592951096463
1995-10-02,COP,CVX,252,0.43966751068382687
1995-10-03,COP,CVX,252,0.43549313812934365
1995-10-04,COP,CVX,252,0.44388934649229644
1995-10-05,COP,CVX,252,0.4478095227245511
1995-10-06,COP,CVX,252,0.4384848430577857
1995-10-09,COP,CVX,252,0.4417902674129834
1995-10-10,COP,CVX,252,0.4422617003704831
1995-10-11,COP,CVX,252,0.4432211543318367
1995-10-12,COP,CVX,252,0.4411624953405963
1995-10-13,COP,CVX,252,0.43978833620891855
1995-10-16,COP,CVX,252,0.4431615169299228
1995-10-17,COP,CVX,252,0.4469723942975766
1995-10-18,COP,CVX,252,0.4483491569856181
1995-10-19,COP,CVX,252,0.44834443336900975
1995-10-20,COP,CVX,252,0.449819698788662
1995-10-23,COP,CVX,252,0.4490758642341078
1995-10-24,COP,CVX,252,0.4495538052103145
1995-10-25,COP,CVX,252,0.44115827836462307
1995-10-26,COP,CVX,252,0.4335250490875055
1995-10-27,COP,CVX,252,0.43474583261843347
1995-10-30,COP,CVX,252,0.4365913808293153
1995-10-31,COP,CVX,252,0.4320835631549209
1995-11-01,COP,CVX,252,0.4332270121038805
1995-11-02,COP,CVX,252,0.43208328303496873
1995-11-03,COP,CVX,252,0.4307299250783845
1995-11-06,COP,CVX,252,0.4317005941156435
1995-11-07,COP,CVX,252,0.4280302026143013
1995-11-08,COP,CVX,252,0.4157813655010103
1995-11-09,COP,CVX,252,0.418078846232005
1995-11-10,COP,CVX,252,0.41849912220082125
1995-11-13,COP,CVX,252,0.42209345272447707
1995-11-14,COP,CVX,252,0.42234607621936077
1995-11-15,COP,CVX,252,0.43021940459033986
1995-11-16,COP,CVX,252,0.44135456049090543
1995-11-17,COP,CVX,252,0.43889880604032666
1995-11-20,COP,CVX,252,0.44381265382405594
1995-11-21,COP,CVX,252,0.4706955257721599
1995-11-22,COP,CVX,252,0.47157196562703
1995-11-24,COP,CVX,252,0.46724123893772534
1995-11-27,COP,CVX,252,0.46806132037522097
1995-11-28,COP,CVX,252,0.4663046493213362
1995-11-29,COP,CVX,252,0.46527395550649486
1995-11-30,COP,CVX,252,0.4648091808585101
1995-12-01,COP,CVX,252,0.46035629815654355
1995-12-04,COP,CVX,252,0.4638545271088809
1995-12-05,COP,CVX,252,0.4628169209459375
1995-12-06,COP,CVX,252,0.4644817376735258
1995-12-07,COP,CVX,252,0.4647303694684292
1995-12-08,COP,CVX,252,0.46495902026910124
1995-12-11,COP,CVX,252,0.47229664212270256
1995-12-12,COP,CVX,252,0.470267018130976
1995-12-13,COP,CVX,252,0.46922410621646954
1995-12-14,COP,CVX,252,0.47350635665385515
1995-12-15,COP,CVX,252,0.4724201408458711
1995-12-18,COP,CVX,252,0.4761897535508317
1995-12-19,COP,CVX,252,0.47584675623361095
1995-12-20,COP,CVX,252,0.47517958151883216
1995-12-21,COP,CVX,252,0.475253104218211
1995-12-22,COP,CVX,252,0.47599151760967556
1995-12-26,COP,CVX,252,0.4733998650894126
1995-12-27,COP,CVX,252,0.4650022043808092
1995-12-28,COP,CVX,252,0.4629080508601407
1995-12-29,COP,CVX,252,0.46213830467570916
1996-01-02,COP,CVX,252,0.4604614956809482
1996-01-03,COP,CVX,252,0.462344919387582
1996-01-04,COP,CVX,252,0.464210157692762
1996-01-05,COP,CVX,252,0.462715245248508
1996-01-08,COP,CVX,252,0.4650454869621795
1996-01-09,COP,CVX,252,0.46509763710725516
1996-01-10,COP,CVX,252,0.49350184168186073
1996-01-11,COP,CVX,252,0.4919711126673421
1996-01-12,COP,CVX,252,0.4906667846772223
1996-01-15,COP,CVX,252,0.489009324160891
1996-01-16,COP,CVX,252,0.48655287150761567
1996-01-17,COP,CVX,252,0.47991818170613704
1996-01-18,COP,CVX,252,0.48018357558922625
1996-01-19,COP,CVX,252,0.47831882152121136
1996-01-22,COP,CVX,252,0.4829086951614758
1996-01-23,COP,CVX,252,0.4821509582640972
1996-01-24,COP,CVX,252,0.47966273011202637
1996-01-25,COP,CVX,252,0.48491400866486556
1996-01-26,COP,CVX,252,0.48396401191385713
1996-01-29,COP,CVX,252,0.4802432194852343
1996-01-30,COP,CVX,252,0.487233113912201
1996-01-31,COP,CVX,252,0.49161433022433937
1996-02-01,COP,CVX,252,0.49657250160949307
1996-02-02,COP,CVX,252,0.4969629655574061
1996-02-05,COP,CVX,252,0.4891023468211903
1996-02-06,COP,CVX,252,0.48688541160778404
1996-02-07,COP,CVX,252,0.48329152927957963
1996-02-08,COP,CVX,252,0.4780615735008199
1996-02-09,COP,CVX,252,0.486369252835747
1996-02-12,COP,CVX,252,0.48860405050757966
1996-02-13,COP,CVX,252,0.488366393820104
1996-02-14,COP,CVX,252,0.4902116472524886
1996-02-15,COP,CVX,252,0.4914597456553746
1996-02-16,COP,CVX,252,0.49187819662250026
1996-02-20,COP,CVX,252,0.48995859715106643
1996-02-21,COP,CVX,252,0.49184850612069986
1996-02-22,COP,CVX,252,0.4969441687472469
1996-02-23,COP,CVX,252,0.49631227945739176
1996-02-26,COP,CVX,252,0.5012260234601729
1996-02-27,COP,CVX,252,0.49684657023805034
1996-02-28,COP,CVX,252,0.49705643900028473
1996-02-29,COP,CVX,252,0.48924253984697097
1996-03-01,COP,CVX,252,0.490723206779555
1996-03-04,COP,CVX,252,0.48316002007012127
1996-03-05,COP,CVX,252,0.4806968815122605
1996-03-06,COP,CVX,252,0.4783121459934063
1996-03-07,COP,CVX,252,0.47999115742337306
1996-03-08,COP,CVX,252,0.4898302721328611
1996-03-11,COP,CVX,252,0.4937185103301441
1996-03-12,COP,CVX,252,0.4940493463877685
1996-03-13,COP,CVX,252,0.4958986349932015
1996-03-14,COP,CVX,252,0.498918122615938
1996-03-15,COP,CVX,252,0.5036279827110444
1996-03-18,COP,CVX,252,0.5064108096249291
1996-03-19,COP,CVX,252,0.5061330032601435
1996-03-20,COP,CVX,252,0.5067609488636599
1996-03-21,COP,CVX,252,0.5050253748515228
1996-03-22,COP,CVX,252,0.5056983186316016
1996-03-25,COP,CVX,252,0.5050704264604283
1996-03-26,COP,CVX,252,0.5076463508242965
1996-03-27,COP,CVX,252,0.5059684147856893
1996-03-28,COP,CVX,252,0.5073307646995557
1996-03-29,COP,CVX,252,0.501031681398725
1996-04-01,COP,CVX,252,0.5075845459774062
1996-04-02,COP,CVX,252,0.5149754888508936
1996-04-03,COP,CVX,252,0.504604101871659
1996-04-04,COP,CVX,252,0.5001181848434038
1996-04-08,COP,CVX,252,0.5002716718048618
1996-04-09,COP,CVX,252,0.4973231545288338
1996-04-10,COP,CVX,252,0.5028514235485859
1996-04-11,COP,CVX,252,0.5026575067002715
1996-04-12,COP,CVX,252,0.504356137183192
1996-04-15,COP,CVX,252,0.5113750435769269
1996-04-16,COP,CVX,252,0.5100607351461217
1996-04-17,COP,CVX,252,0.5122984928349782
1996-04-18,COP,CVX,252,0.5045968592178666
1996-04-19,COP,CVX,252,0.5045705487139373
1996-04-22,COP,CVX,252,0.5046827797697764
1996-04-23,COP,CVX,252,0.5133855997476502
1996-04-24,COP,CVX,252,0.5117829979510001
1996-04-25,COP,CVX,252,0.5185553155510679
1996-04-26,COP,CVX,252,0.5198723512641181
1996-04-29,COP,CVX,252,0.5169229136296958
1996-04-30,COP,CVX,252,0.5168342250922404
1996-05-01,COP,CVX,252,0.5177036286833159
1996-05-02,COP,CVX,252,0.5208194662742647
1996-05-03,COP,CVX,252,0.5216741230905507
1996-05-06,COP,CVX,252,0.5238746001680681
1996-05-07,COP,CVX,252,0.5289970426444135
1996-05-08,COP,CVX,252,0.532531454427672
1996-05-09,COP,CVX,252,0.5320780434847389
1996-05-10,COP,CVX,252,0.5320795990022041
1996-05-13,COP,CVX,252,0.5276837618625654
1996-05-14,COP,CVX,252,0.5276290020738912
1996-05-15,COP,CVX,252,0.5246765171598959
1996-05-16,COP,CVX,252,0.5236354628981997
1996-05-17,COP,CVX,252,0.52622199915059
1996-05-20,COP,CVX,252,0.5365422809526972
1996-05-21,COP,CVX,252,0.5355137177993533
1996-05-22,COP,CVX,252,0.5352444218864143
1996-05-23,COP,CVX,252,0.5330750711306332
1996-05-24,COP,CVX,252,0.5306456436336439
1996-05-28,COP,CVX,252,0.5378777808191932
1996-05-29,COP,CVX,252,0.5405120458176228
1996-05-30,COP,CVX,252,0.5417128863885406
1996-05-31,COP,CVX,252,0.5382036471485941
1996-06-03,COP,CVX,252,0.538975695337051
1996-06-04,COP,CVX,252,0.5384396947994317
1996-06-05,COP,CVX,252,0.5343381221866603
1996-06-06,COP,CVX,252,0.5315338262421776
1996-06-07,COP,CVX,252,0.5305518266835965
1996-06-10,COP,CVX,252,0.5319710047217344
1996-06-11,COP,CVX,252,0.527413233544312
1996-06-12,COP,CVX,252,0.5270222085938573
1996-06-13,COP,CVX,252,0.527360198096252
1996-06-14,COP,CVX,252,0.5276689253795486
1996-06-17,COP,CVX,252,0.5278208044616787
1996-06-18,COP,CVX,252,0.5286775225037759
1996-06-19,COP,CVX,252,0.5262683531407271
1996-06-20,COP,CVX,252,0.5293239019777394
1996-06-21,COP,CVX,252,0.5305141208161388
1996-06-24,COP,CVX,252,0.5267419549670219
1996-06-25,COP,CVX,252,0.5250956689026678
1996-06-26,COP,CVX,252,0.5263139953013787
1996-06-27,COP,CVX,252,0.528551149555185
1996-06-28,COP,CVX,252,0.5260672250980525
1996-07-01,COP,CVX,252,0.5294626065375021
1996-07-02,COP,CVX,252,0.5294172103154932
1996-07-03,COP,CVX,252,0.5299876113504397
1996-07-05,COP,CVX,252,0.5297099855160238
1996-07-08,COP,CVX,252,0.5282939032526885
1996-07-09,COP,CVX,252,0.5299382686962418
1996-07-10,COP,CVX,252,0.5285316513145866
1996-07-11,COP,CVX,252,0.5291433272840487
1996-07-12,COP,CVX,252,0.5270768020592954
1996-07-15,COP,CVX,252,0.5270670249250592
1996-07-16,COP,CVX,252,0.5349726691161563
1996-07-17,COP,CVX,252,0.5375032779024708
1996-07-18,COP,CVX,252,0.5375229634631619
1996-07-19,COP,CVX,252,0.5380998343513882
1996-07-22,COP,CVX,252,0.5423255406440386
1996-07-23,COP,CVX,252,0.542621530341128
1996-07-24,COP,CVX,252,0.5393790337260449
1996-07-25,COP,CVX,252,0.5396744944179204
1996-07-26,COP,CVX,252,0.5406424867827032
1996-07-29,COP,CVX,252,0.5396802946323765
1996-07-30,COP,CVX,252,0.5427091910747925
1996-07-31,COP,CVX,252,0.5424055511653421
1996-08-01,COP,CVX,252,0.5419036593716114
1996-08-02,COP,CVX,252,0.5383390496389969
1996-08-05,COP,CVX,252,0.5386632361334622
1996-08-06,COP,CVX,252,0.537961013329846
1996-08-07,COP,CVX,252,0.5418827374790925
1996-08-08,COP,CVX,252,0.5419735037462888
1996-08-09,COP,CVX,252,0.5400269828969502
1996-08-12,COP,CVX,252,0.5407988213356296
1996-08-13,COP,CVX,252,0.5392191096364037
1996-08-14,COP,CVX,252,0.5364223251822835
1996-08-15,COP,CVX,252,0.5375537748002799
1996-08-16,COP,CVX,252,0.5420940920183918
1996-08-19,COP,CVX,252,0.5437140287645337
1996-08-20,COP,CVX,252,0.5424741994565769
1996-08-21,COP,CVX,252,0.5425336140621627
1996-08-22,COP,CVX,252,0.5437541903067795
1996-08-23,COP,CVX,252,0.5430645621060113
1996-08-26,COP,CVX,252,0.5434458880236629
1996-08-27,COP,CVX,252,0.544187362557937
1996-08-28,COP,CVX,252,0.5446260032364818
1996-08-29,COP,CVX,252,0.5467077575445521
1996-08-30,COP,CVX,252,0.543623650684849
1996-09-03,COP,CVX,252,0.543318863387606
1996-09-04,COP,CVX,252,0.542825363504839
1996-09-05,COP,CVX,252,0.5436836917826798
1996-09-06,COP,CVX,252,0.5456615261740507
1996-09-09,COP,CVX,252,0.5471926539889799
1996-09-10,COP,CVX,252,0.5455587425915681
1996-09-11,COP,CVX,252,0.5497606451213045
1996-09-12,COP,CVX,252,0.5541305115819607
1996-09-13,COP,CVX,252,0.5531443658916001
1996-09-16,COP,CVX,252,0.5508883831566876
1996-09-17,COP,CVX,252,0.548378161045376
1996-09-18,COP,CVX,252,0.5476996868905043
1996-09-19,COP,CVX,252,0.5434390573756822
1996-09-20,COP,CVX,252,0.5430754634484972
1996-09-23,COP,CVX,252,0.543095432082997
1996-09-24,COP,CVX,252,0.5403653832858176
1996-09-25,COP,CVX,252,0.5403685022475164
1996-09-26,COP,CVX,252,0.5403366324151725
1996-09-27,COP,CVX,252,0.5401809728563145
1996-09-30,COP,CVX,252,0.547006316890323
1996-10-01,COP,CVX,252,0.5427349012048235
1996-10-02,COP,CVX,252,0.5390872701780042
1996-10-03,COP,CVX,252,0.5362570847851882
1996-10-04,COP,CVX,252,0.5356057942165781
1996-10-07,COP,CVX,252,0.5354563257630631
1996-10-08,COP,CVX,252,0.5321320710701832
1996-10-09,COP,CVX,252,0.5328335427699649
1996-10-10,COP,CVX,252,0.5343277392266162
1996-10-11,COP,CVX,252,0.5367647455330978
1996-10-14,COP,CVX,252,0.5361472724853127
1996-10-15,COP,CVX,252,0.5352345167843989
1996-10-16,COP,CVX,252,0.528345422226929
1996-10-17,COP,CVX,252,0.5278825190557529
1996-10-18,COP,CVX,252,0.5281838452159482
1996-10-21,COP,CVX,252,0.5285492578166011
1996-10-22,COP,CVX,252,0.5266725338881797
1996-10-23,COP,CVX,252,0.5312906966872157
1996-10-24,COP,CVX,252,0.5300422177333638
1996-10-25,COP,CVX,252,0.5272097433895856
1996-10-28,COP,CVX,252,0.5334907941166518
1996-10-29,COP,CVX,252,0.5330130183682361
1996-10-30,COP,CVX,252,0.5325098055366903
1996-10-31,COP,CVX,252,0.5335396790726953
1996-11-01,COP,CVX,252,0.5341019666326838
1996-11-04,COP,CVX,252,0.5338614262848721
1996-11-05,COP,CVX,252,0.5386344993805922
1996-11-06,COP,CVX,252,0.5449333071110549
1996-11-07,COP,CVX,252,0.547314046144735
1996-11-08,COP,CVX,252,0.547379641556527
1996-11-11,COP,CVX,252,0.5457112054348013
1996-11-12,COP,CVX,252,0.5501709129490308
1996-11-13,COP,CVX,252,0.5498129182761539
1996-11-14,COP,CVX,252,0.5441072655483835
1996-11-15,COP,CVX,252,0.5463415991984335
1996-11-18,COP,CVX,252,0.5463715780562918
1996-11-19,COP,CVX,252,0.5484145940495129
1996-11-20,COP,CVX,252,0.5510343527717392
1996-11-21,COP,CVX,252,0.5488141810757636
1996-11-22,COP,CVX,252,0.5456646561276743
1996-11-25,COP,CVX,252,0.5473817951800978
1996-11-26,COP,CVX,252,0.5466308465105538
1996-11-27,COP,CVX,252,0.5480751836132461
1996-11-29,COP,CVX,252,0.5524588337376474
1996-12-02,COP,CVX,252,0.5583593407911127
1996-12-03,COP,CVX,252,0.5558641151502696
1996-12-04,COP,CVX,252,0.5563393198870084
1996-12-05,COP,CVX,252,0.5552495517550675
1996-12-06,COP,CVX,252,0.5564590408139019
1996-12-09,COP,CVX,252,0.5511011015874885
1996-12-10,COP,CVX,252,0.5549054635111748
1996-12-11,COP,CVX,252,0.5574368051676263
1996-12-12,COP,CVX,252,0.5620357321954111
1996-12-13,COP,CVX,252,0.5591766063689173
1996-12-16,COP,CVX,252,0.5596869488441458
1996-12-17,COP,CVX,252,0.5542434091919597
1996-12-18,COP,CVX,252,0.5446991581636885
1996-12-19,COP,CVX,252,0.5483319371320202
1996-12-20,COP,CVX,252,0.5420575321512293
1996-12-23,COP,CVX,252,0.5443057613184636
1996-12-24,COP,CVX,252,0.5516059594138315
1996-12-26,COP,CVX,252,0.5542264615572904
1996-12-27,COP,CVX,252,0.5554771188638102
1996-12-30,COP,CVX,252,0.5573122081529094
1996-12-31,COP,CVX,252,0.5635860934153654
1997-01-02,COP,CVX,252,0.559320851841607
1997-01-03,COP,CVX,252,0.5598812334489246
1997-01-06,COP,CVX,252,0.5525772515397838
1997-01-07,COP,CVX,252,0.5532762464130727
1997-01-08,COP,CVX,252,0.5303615796739205
1997-01-09,COP,CVX,252,0.5384447377402747
1997-01-10,COP,CVX,252,0.5373340484032844
1997-01-13,COP,CVX,252,0.5443743688296042
1997-01-14,COP,CVX,252,0.5428324727361221
1997-01-15,COP,CVX,252,0.5438325612030874
1997-01-16,COP,CVX,252,0.5433726949299343
1997-01-17,COP,CVX,252,0.544008150010846
1997-01-20,COP,CVX,252,0.5443313710107518
1997-01-21,COP,CVX,252,0.5493025899833587
1997-01-22,COP,CVX,252,0.5484922841575863
1997-01-23,COP,CVX,252,0.5460561131847701
1997-01-24,COP,CVX,252,0.5446653269700137
1997-01-27,COP,CVX,252,0.5445249469560396
1997-01-28,COP,CVX,252,0.5458881607246306
1997-01-29,COP,CVX,252,0.5528853983084757
1997-01-30,COP,CVX,252,0.5496069513141618
1997-01-31,COP,CVX,252,0.5494704140838951
1997-02-03,COP,CVX,252,0.5518864529738384
1997-02-04,COP,CVX,252,0.5533063198179249
1997-02-05,COP,CVX,252,0.5545985705323049
1997-02-06,COP,CVX,252,0.5608148423750321
1997-02-07,COP,CVX,252,0.5527195060501817
1997-02-10,COP,CVX,252,0.5508227329434909
1997-02-11,COP,CVX,252,0.5445246509300845
1997-02-12,COP,CVX,252,0.5488473706069352
1997-02-13,COP,CVX,252,0.5479403033336115
1997-02-14,COP,CVX,252,0.5486335959418926
1997-02-18,COP,CVX,252,0.5485133992594426
1997-02-19,COP,CVX,252,0.5483933023674861
1997-02-20,COP,CVX,252,0.5331739749812715
1997-02-21,COP,CVX,252,0.5340108751761834
1997-02-24,COP,CVX,252,0.5350076926310069
1997-02-25,COP,CVX,252,0.5302656327665904
1997-02-26,COP,CVX,252,0.5351697137820194
1997-02-27,COP,CVX,252,0.5445160415277088
1997-02-28,COP,CVX,252,0.5342811026517618
1997-03-03,COP,CVX,252,0.5391647703181327
1997-03-04,COP,CVX,252,0.5420720428179351
1997-03-05,COP,CVX,252,0.5437110057173636
1997-03-06,COP,CVX,252,0.5369601068540021
1997-03-07,COP,CVX,252,0.5272073008405548
1997-03-10,COP,CVX,252,0.5209141907114107
1997-03-11,COP,CVX,252,0.5205757167294731
1997-03-12,COP,CVX,252,0.5207921212269329
1997-03-13,COP,CVX,252,0.5189747192436677
1997-03-14,COP,CVX,252,0.5171468399265482
1997-03-17,COP,CVX,252,0.5105618473699128
1997-03-18,COP,CVX,252,0.5097951042062796
1997-03-19,COP,CVX,252,0.5094735976509622
1997-03-20,COP,CVX,252,0.5111988016503904
1997-03-21,COP,CVX,252,0.5128038194215526
1997-03-24,COP,CVX,252,0.50647754001205
1997-03-25,COP,CVX,252,0.498648419688729
1997-03-26,COP,CVX,252,0.5008872672759149
1997-03-27,COP,CVX,252,0.509329855637468
1997-03-31,COP,CVX,252,0.5123743992519052
1997-04-01,COP,CVX,252,0.5137040024716238
1997-04-02,COP,CVX,252,0.5034521560864597
1997-04-03,COP,CVX,252,0.5194067276730922
1997-04-04,COP,CVX,252,0.5150993942010941
1997-04-07,COP,CVX,252,0.5123083757601398
1997-04-08,COP,CVX,252,0.5128827896896647
1997-04-09,COP,CVX,252,0.5081067403754989
1997-04-10,COP,CVX,252,0.5105427503710963
1997-04-11,COP,CVX,252,0.5085304721489233
1997-04-14,COP,CVX,252,0.5021748779955297
1997-04-15,COP,CVX,252,0.5064035107343995
1997-04-16,COP,CVX,252,0.5000113613160864
1997-04-17,COP,CVX,252,0.49580959418093135
1997-04-18,COP,CVX,252,0.4991967629483296
1997-04-21,COP,CVX,252,0.4989319263723732
1997-04-22,COP,CVX,252,0.47834359820674033
1997-04-23,COP,CVX,252,0.477481846360802
1997-04-24,COP,CVX,252,0.47146946575565196
1997-04-25,COP,CVX,252,0.4719205634465202
1997-04-28,COP,CVX,252,0.46983366718074066
1997-04-29,COP,CVX,252,0.47402200872150096
1997-04-30,COP,CVX,252,0.47441763399580084
1997-05-01,COP,CVX,252,0.473259810726474
1997-05-02,COP,CVX,252,0.47681478346942846
1997-05-05,COP,CVX,252,0.4777774802265085
1997-05-06,COP,CVX,252,0.47552488278444127
1997-05-07,COP,CVX,252,0.4715404060305825
1997-05-08,COP,CVX,252,0.4729414018497397
1997-05-09,COP,CVX,252,0.4723061906442648
1997-05-12,COP,CVX,252,0.47972558647787045
1997-05-13,COP,CVX,252,0.47809620519630314
1997-05-14,COP,CVX,252,0.4799069836410047
1997-05-15,COP,CVX,252,0.47533996089078223
1997-05-16,COP,CVX,252,0.472628483648586
1997-05-19,COP,CVX,252,0.4594887236428321
1997-05-20,COP,CVX,252,0.46323819029523344
1997-05-21,COP,CVX,252,0.4635099588272299
1997-05-22,COP,CVX,252,0.46544044141582464
1997-05-23,COP,CVX,252,0.4617593435751573
1997-05-27,COP,CVX,252,0.4631298465553936
1997-05-28,COP,CVX,252,0.45933384967268504
1997-05-29,COP,CVX,252,0.4608312947987958
1997-05-30,COP,CVX,252,0.44862867897875225
1997-06-02,COP,CVX,252,0.4448888585041027
1997-06-03,COP,CVX,252,0.44375674486393935
1997-06-04,COP,CVX,252,0.4497552563955877
1997-06-05,COP,CVX,252,0.45273588066860604
1997-06-06,COP,CVX,252,0.4538793244033382
1997-06-09,COP,CVX,252,0.4544856355238748
1997-06-10,COP,CVX,252,0.4562494106450512
1997-06-11,COP,CVX,252,0.4572976748776718
1997-06-12,COP,CVX,252,0.4520134797645025
1997-06-13,COP,CVX,252,0.4554038768837749
1997-06-16,COP,CVX,252,0.4548090591225444
1997-06-17,COP,CVX,252,0.45522080674099247
1997-06-18,COP,CVX,252,0.44628304720875367
1997-06-19,COP,CVX,252,0.44277492801273677
1997-06-20,COP,CVX,252,0.44284359047614313
1997-06-23,COP,CVX,252,0.4465486766353866
1997-06-24,COP,CVX,252,0.44812386306841273
1997-06-25,COP,CVX,252,0.44800946131033853
1997-06-26,COP,CVX,252,0.4484163857064356
1997-06-27,COP,CVX,252,0.45382331283296556
1997-06-30,COP,CVX,252,0.45741129120348756
1997-07-01,COP,CVX,252,0.45997335646028664
1997-07-02,COP,CVX,252,0.4557243580404903
1997-07-03,COP,CVX,252,0.4560254660454206
1997-07-07,COP,CVX,252,0.45761373151488033
1997-07-08,COP,CVX,252,0.4562753229546021
1997-07-09,COP,CVX,252,0.4650951386384648
1997-07-10,COP,CVX,252,0.4659822202823086
1997-07-11,COP,CVX,252,0.46520800245440375
1997-07-14,COP,CVX,252,0.44910388960241787
1997-07-15,COP,CVX,252,0.44216688301717705
1997-07-16,COP,CVX,252,0.4412182123124686
1997-07-17,COP,CVX,252,0.4454400902400171
1997-07-18,COP,CVX,252,0.4543404277245764
1997-07-21,COP,CVX,252,0.4517401502506255
1997-07-22,COP,CVX,252,0.4571581257602951
1997-07-23,COP,CVX,252,0.4572748228001599
1997-07-24,COP,CVX,252,0.4570181277097877
1997-07-25,COP,CVX,252,0.4558339211062226
1997-07-28,COP,CVX,252,0.456982517270923
1997-07-29,COP,CVX,252,0.45361695898044757
1997-07-30,COP,CVX,252,0.4549917895547409
1997-07-31,COP,CVX,252,0.45350978095504313
1997-08-01,COP,CVX,252,0.4568037483915674
1997-08-04,COP,CVX,252,0.4548848993718207
1997-08-05,COP,CVX,252,0.4560498542403728
1997-08-06,COP,CVX,252,0.45540300808085316
1997-08-07,COP,CVX,252,0.4292680217547439
1997-08-08,COP,CVX,252,0.43105390669726296
1997-08-11,COP,CVX,252,0.43379185095489914
1997-08-12,COP,CVX,252,0.43490331720383724
1997-08-13,COP,CVX,252,0.43947733026814617
1997-08-14,COP,CVX,252,0.43982368808236777
1997-08-15,COP,CVX,252,0.4416346266212497
1997-08-18,COP,CVX,252,0.4429129134958575
1997-08-19,COP,CVX,252,0.44456492369511885
1997-08-20,COP,CVX,252,0.44374529331648144
1997-08-21,COP,CVX,252,0.44287231186563386
1997-08-22,COP,CVX,252,0.4437372923548084
1997-08-25,COP,CVX,252,0.44602251578343094
1997-08-26,COP,CVX,252,0.4445667241066589
1997-08-27,COP,CVX,252,0.4451970391512974
1997-08-28,COP,CVX,252,0.4438111539045903
1997-08-29,COP,CVX,252,0.44136185683263285
1997-09-02,COP,CVX,252,0.44436489040318433
1997-09-03,COP,CVX,252,0.4439956608333392
1997-09-04,COP,CVX,252,0.4424288964506799
1997-09-05,COP,CVX,252,0.44412531816130113
1997-09-08,COP,CVX,252,0.4429377048216081
1997-09-09,COP,CVX,252,0.4444750298615615
1997-09-10,COP,CVX,252,0.4392320313067472
1997-09-11,COP,CVX,252,0.43931908112327944
1997-09-12,COP,CVX,252,0.4401477199647129
1997-09-15,COP,CVX,252,0.44060042607330285
1997-09-16,COP,CVX,252,0.44358189461280134
1997-09-17,COP,CVX,252,0.44474152398730793
1997-09-18,COP,CVX,252,0.4521228551291241
1997-09-19,COP,CVX,252,0.4493616609127284
1997-09-22,COP,CVX,252,0.4556736099921544
1997-09-23,COP,CVX,252,0.4557862393622671
1997-09-24,COP,CVX,252,0.4518165169890441
1997-09-25,COP,CVX,252,0.4449067029216175
1997-09-26,COP,CVX,252,0.4450779596723855
1997-09-29,COP,CVX,252,0.4448275649219791
1997-09-30,COP,CVX,252,0.4481725273610496
1997-10-01,COP,CVX,252,0.44558737813381843
1997-10-02,COP,CVX,252,0.4465858293476924
1997-10-03,COP,CVX,252,0.4442262399455647
1997-10-06,COP,CVX,252,0.4423133766163553
1997-10-07,COP,CVX,252,0.443705139240506
1997-10-08,COP,CVX,252,0.44439937385561434
1997-10-09,COP,CVX,252,0.44421840363405063
1997-10-10,COP,CVX,252,0.4446595213252118
1997-10-13,COP,CVX,252,0.4433033581503164
1997-10-14,COP,CVX,252,0.44428229787685225
1997-10-15,COP,CVX,252,0.4478340276993701
1997-10-16,COP,CVX,252,0.4486792390492134
1997-10-17,COP,CVX,252,0.44635478142230617
1997-10-20,COP,CVX,252,0.45015842597032807
1997-10-21,COP,CVX,252,0.4508608721561634
1997-10-22,COP,CVX,252,0.4528348959978538
1997-10-23,COP,CVX,252,0.45596324391409415
1997-10-24,COP,CVX,252,0.4563506854640469
1997-10-27,COP,CVX,252,0.46702163853707124
1997-10-28,COP,CVX,252,0.47297969121231215
1997-10-29,COP,CVX,252,0.4726619855576788
1997-10-30,COP,CVX,252,0.46988912958928014
1997-10-31,COP,CVX,252,0.46958543040524786
1997-11-03,COP,CVX,252,0.4790881549863305
1997-11-04,COP,CVX,252,0.47797232351890256
1997-11-05,COP,CVX,252,0.4725515657899921
1997-11-06,COP,CVX,252,0.47226038517064356
1997-11-07,COP,CVX,252,0.4710458862026258
1997-11-10,COP,CVX,252,0.46932346986780754
1997-11-11,COP,CVX,252,0.46916912708965824
1997-11-12,COP,CVX,252,0.46923742507941263
1997-11-13,COP,CVX,252,0.4691284251680064
1997-11-14,COP,CVX,252,0.4727439814221306
1997-11-17,COP,CVX,252,0.47124169367757457
1997-11-18,COP,CVX,252,0.46840170659362723
1997-11-19,COP,CVX,252,0.4683006922137312
1997-11-20,COP,CVX,252,0.47428637787138617
1997-11-21,COP,CVX,252,0.4765584029727837
1997-11-24,COP,CVX,252,0.4802691487659879
1997-11-25,COP,CVX,252,0.48193562979200166
1997-11-26,COP,CVX,252,0.48187267439421855
1997-11-28,COP,CVX,252,0.4810366390635664
1997-12-01,COP,CVX,252,0.4805897412266382
1997-12-02,COP,CVX,252,0.479170546255196
1997-12-03,COP,CVX,252,0.4783071285019052
1997-12-04,COP,CVX,252,0.4788760968317655
1997-12-05,COP,CVX,252,0.4816595302131419
1997-12-08,COP,CVX,252,0.4811395212939963
1997-12-09,COP,CVX,252,0.4799816029751521
1997-12-10,COP,CVX,252,0.4786684197577907
1997-12-11,COP,CVX,252,0.4709606828178951
1997-12-12,COP,CVX,252,0.47844794121412665
1997-12-15,COP,CVX,252,0.47598826727854404
1997-12-16,COP,CVX,252,0.48058090764049155
1997-12-17,COP,CVX,252,0.48688879599579465
1997-12-18,COP,CVX,252,0.4844291703709135
1997-12-19,COP,CVX,252,0.4897693156085278
1997-12-22,COP,CVX,252,0.4880570123439534
1997-12-23,COP,CVX,252,0.48970376545924704
1997-12-24,COP,CVX,252,0.4903528334769714
1997-12-26,COP,CVX,252,0.48992353544888734
1997-12-29,COP,CVX,252,0.493626982679183
1997-12-30,COP,CVX,252,0.48806552958352795
1997-12-31,COP,CVX,252,0.48482755703459995
1998-01-02,COP,CVX,252,0.48194502798398553
1998-01-05,COP,CVX,252,0.49242119228680276
1998-01-06,COP,CVX,252,0.49971305920621323
1998-01-07,COP,CVX,252,0.49829527813870583
1998-01-08,COP,CVX,252,0.49775746359261824
1998-01-09,COP,CVX,252,0.5049675937566542
1998-01-12,COP,CVX,252,0.5010582785263075
1998-01-13,COP,CVX,252,0.5061390510482104
1998-01-14,COP,CVX,252,0.5066096569858095
1998-01-15,COP,CVX,252,0.5047911970168285
1998-01-16,COP,CVX,252,0.5057159002412663
1998-01-20,COP,CVX,252,0.5060142539045164
1998-01-21,COP,CVX,252,0.5061729998713654
1998-01-22,COP,CVX,252,0.5101221041042017
1998-01-23,COP,CVX,252,0.5121649485299355
1998-01-26,COP,CVX,252,0.5148839365632897
1998-01-27,COP,CVX,252,0.5163310322002186
1998-01-28,COP,CVX,252,0.5133749785593651
1998-01-29,COP,CVX,252,0.5037890082643467
1998-01-30,COP,CVX,252,0.4944209421530691
1998-02-02,COP,CVX,252,0.49520873011395933
1998-02-03,COP,CVX,252,0.4952545075007245
1998-02-04,COP,CVX,252,0.49512018517725237
1998-02-05,COP,CVX,252,0.4902041493859569
1998-02-06,COP,CVX,252,0.4904284769211935
1998-02-09,COP,CVX,252,0.49277371335853787
1998-02-10,COP,CVX,252,0.4839761243181442
1998-02-11,COP,CVX,252,0.4875768908068856
1998-02-12,COP,CVX,252,0.4832352147351332
1998-02-13,COP,CVX,252,0.4835607249834066
1998-02-17,COP,CVX,252,0.48247778727999224
1998-02-18,COP,CVX,252,0.4832272554370734
1998-02-19,COP,CVX,252,0.48227414968482396
1998-02-20,COP,CVX,252,0.4914741697867691
1998-02-23,COP,CVX,252,0.4960640542779803
1998-02-24,COP,CVX,252,0.4895347044450745
1998-02-25,COP,CVX,252,0.49529118473654277
1998-02-26,COP,CVX,252,0.4940043271855314
1998-02-27,COP,CVX,252,0.49298704902671875
1998-03-02,COP,CVX,252,0.4945093384592525
1998-03-03,COP,CVX,252,0.4955621550433101
1998-03-04,COP,CVX,252,0.49554791039272805
1998-03-05,COP,CVX,252,0.4942254424062207
1998-03-06,COP,CVX,252,0.4981341988467931
1998-03-09,COP,CVX,252,0.504115872997029
1998-03-10,COP,CVX,252,0.508921079344261
1998-03-11,COP,CVX,252,0.5095641840358647
1998-03-12,COP,CVX,252,0.5108332303209763
1998-03-13,COP,CVX,252,0.5095980589245229
1998-03-16,COP,CVX,252,0.5095409180360088
1998-03-17,COP,CVX,252,0.5133961797474209
1998-03-18,COP,CVX,252,0.5164390537760271
1998-03-19,COP,CVX,252,0.5152708699758447
1998-03-20,COP,CVX,252,0.5236985553355712
1998-03-23,COP,CVX,252,0.5208330514421687
1998-03-24,COP,CVX,252,0.5289819584965585
1998-03-25,COP,CVX,252,0.5344582465557682
1998-03-26,COP,CVX,252,0.5343008623988613
1998-03-27,COP,CVX,252,0.5270033300216973
1998-03-30,COP,CVX,252,0.5268237956742733
1998-03-31,COP,CVX,252,0.527386559900622
1998-04-01,COP,CVX,252,0.529545660210901
1998-04-02,COP,CVX,252,0.5258009343396857
1998-04-03,COP,CVX,252,0.5313190733364309
1998-04-06,COP,CVX,252,0.5331425304390254
1998-04-07,COP,CVX,252,0.5353546916678767
1998-04-08,COP,CVX,252,0.5410481544796389
1998-04-09,COP,CVX,252,0.5400278875196892
1998-04-13,COP,CVX,252,0.5396709734156688
1998-04-14,COP,CVX,252,0.5413498635375262
1998-04-15,COP,CVX,252,0.5425514651551884
1998-04-16,COP,CVX,252,0.5458884535777636
1998-04-17,COP,CVX,252,0.5475668098167265
1998-04-20,COP,CVX,252,0.544765156087802
1998-04-21,COP,CVX,252,0.5438601379197425
1998-04-22,COP,CVX,252,0.5535710414343851
1998-04-23,COP,CVX,252,0.5518817351466777
1998-04-24,COP,CVX,252,0.5607934312104059
1998-04-27,COP,CVX,252,0.5619449505563299
1998-04-28,COP,CVX,252,0.5639556624066645
1998-04-29,COP,CVX,252,0.5622947861950883
1998-04-30,COP,CVX,252,0.5571043442519872
1998-05-01,COP,CVX,252,0.5578805992516742
1998-05-04,COP,CVX,252,0.5560171269331682
1998-05-05,COP,CVX,252,0.5547067498564018
1998-05-06,COP,CVX,252,0.5542149326321691
1998-05-07,COP,CVX,252,0.5559520818463551
1998-05-08,COP,CVX,252,0.5543923037146091
1998-05-11,COP,CVX,252,0.5514359481879925
1998-05-12,COP,CVX,252,0.5471766065319906
1998-05-13,COP,CVX,252,0.5487021620505019
1998-05-14,COP,CVX,252,0.552979451370118
1998-05-15,COP,CVX,252,0.5536849039961779
1998-05-18,COP,CVX,252,0.5560772423059505
1998-05-19,COP,CVX,252,0.549091629977093
1998-05-20,COP,CVX,252,0.5471907994128733
1998-05-21,COP,CVX,252,0.546935273495475
1998-05-22,COP,CVX,252,0.5470405143433281
1998-05-26,COP,CVX,252,0.5530559136338442
1998-05-27,COP,CVX,252,0.5522773354121207
1998-05-28,COP,CVX,252,0.5522793360485261
1998-05-29,COP,CVX,252,0.5516595506462153
1998-06-01,COP,CVX,252,0.5626155048919258
1998-06-02,COP,CVX,252,0.5646744106861082
1998-06-03,COP,CVX,252,0.5647109013703769
1998-06-04,COP,CVX,252,0.5658089759639902
1998-06-05,COP,CVX,252,0.5716646469837596
1998-06-08,COP,CVX,252,0.5730213634611954
1998-06-09,COP,CVX,252,0.573509274293068
1998-06-10,COP,CVX,252,0.5757648235894929
1998-06-11,COP,CVX,252,0.5781339735459844
1998-06-12,COP,CVX,252,0.5759148040715235
1998-06-15,COP,CVX,252,0.5734346511401509
1998-06-16,COP,CVX,252,0.5751493542937975
1998-06-17,COP,CVX,252,0.5800090435047469
1998-06-18,COP,CVX,252,0.5871742775635842
1998-06-19,COP,CVX,252,0.5917852643235071
1998-06-22,COP,CVX,252,0.5919003229798129
1998-06-23,COP,CVX,252,0.5874846231261466
1998-06-24,COP,CVX,252,0.5867272823969236
1998-06-25,COP,CVX,252,0.586488757323014
1998-06-26,COP,CVX,252,0.5865992706249873
1998-06-29,COP,CVX,252,0.5868347060238028
1998-06-30,COP,CVX,252,0.5828151887336028
1998-07-01,COP,CVX,252,0.5822853973848828
1998-07-02,COP,CVX,252,0.5862342879172827
1998-07-06,COP,CVX,252,0.5853846733225696
1998-07-07,COP,CVX,252,0.5888907016419748
1998-07-08,COP,CVX,252,0.5895082375009433
1998-07-09,COP,CVX,252,0.5877745417249224
1998-07-10,COP,CVX,252,0.58654825479398
1998-07-13,COP,CVX,252,0.5878554052265542
1998-07-14,COP,CVX,252,0.6041630515521514
1998-07-15,COP,CVX,252,0.6019854634305903
1998-07-16,COP,CVX,252,0.600740754141111
1998-07-17,COP,CVX,252,0.597909478463166
1998-07-20,COP,CVX,252,0.5913556342049436
1998-07-21,COP,CVX,252,0.5891821753028058
1998-07-22,COP,CVX,252,0.5857216865392344
1998-07-23,COP,CVX,252,0.592869364018568
1998-07-24,COP,CVX,252,0.5936485158975988
1998-07-27,COP,CVX,252,0.5785291245411754
1998-07-28,COP,CVX,252,0.5775619820050092
1998-07-29,COP,CVX,252,0.5787870442026839
1998-07-30,COP,CVX,252,0.5780435457685617
1998-07-31,COP,CVX,252,0.5863459202321485
1998-08-03,COP,CVX,252,0.5888591748693108
1998-08-04,COP,CVX,252,0.5887509650916789
1998-08-05,COP,CVX,252,0.5881917410896608
1998-08-06,COP,CVX,252,0.5914379405551506
1998-08-07,COP,CVX,252,0.6109420235511577
1998-08-10,COP,CVX,252,0.6142563852247497
1998-08-11,COP,CVX,252,0.6229871302471471
1998-08-12,COP,CVX,252,0.6224166206278998
1998-08-13,COP,CVX,252,0.6049258077518604
1998-08-14,COP,CVX,252,0.5996137190936095
1998-08-17,COP,CVX,252,0.5973514920158368
1998-08-18,COP,CVX,252,0.596509692410002
1998-08-19,COP,CVX,252,0.5963370379943409
1998-08-20,COP,CVX,252,0.5975928844394338
1998-08-21,COP,CVX,252,0.5965311232374589
1998-08-24,COP,CVX,252,0.5988224452411294
1998-08-25,COP,CVX,252,0.5968344314413734
1998-08-26,COP,CVX,252,0.6005477620993538
1998-08-27,COP,CVX,252,0.5995749240810981
1998-08-28,COP,CVX,252,0.5978698396620257
1998-08-31,COP,CVX,252,0.6013074681051612
1998-09-01,COP,CVX,252,0.5960420546778541
1998-09-02,COP,CVX,252,0.5986483017872756
1998-09-03,COP,CVX,252,0.6007025401619502
1998-09-04,COP,CVX,252,0.6015532146785268
1998-09-08,COP,CVX,252,0.6066892341284573
1998-09-09,COP,CVX,252,0.6033349574079075
1998-09-10,COP,CVX,252,0.5976291097146645
1998-09-11,COP,CVX,252,0.6049396096538252
1998-09-14,COP,CVX,252,0.6039605149447866
1998-09-15,COP,CVX,252,0.6038952235848496
1998-09-16,COP,CVX,252,0.6043855131111651
1998-09-17,COP,CVX,252,0.6021023797539655
1998-09-18,COP,CVX,252,0.5958290228757191
1998-09-21,COP,CVX,252,0.5972070761500822
1998-09-22,COP,CVX,252,0.594924638748335
1998-09-23,COP,CVX,252,0.6066927486157798
1998-09-24,COP,CVX,252,0.6109951712325703
1998-09-25,COP,CVX,252,0.6166217466616871
1998-09-28,COP,CVX,252,0.6048705449813602
1998-09-29,COP,CVX,252,0.606684232278411
1998-09-30,COP,CVX,252,0.6191733251935464
1998-10-01,COP,CVX,252,0.6192970493322502
1998-10-02,COP,CVX,252,0.6295487080472028
1998-10-05,COP,CVX,252,0.628839520272987
1998-10-06,COP,CVX,252,0.6277650577299517
1998-10-07,COP,CVX,252,0.6285066965068081
1998-10-08,COP,CVX,252,0.6284889567539892
1998-10-09,COP,CVX,252,0.627533766059038
1998-10-12,COP,CVX,252,0.6258854407673443
1998-10-13,COP,CVX,252,0.627525417095322
1998-10-14,COP,CVX,252,0.6227989972637233
1998-10-15,COP,CVX,252,0.623766007790027
1998-10-16,COP,CVX,252,0.6216449028086956
1998-10-19,COP,CVX,252,0.6237114941420113
1998-10-20,COP,CVX,252,0.6230548480080387
1998-10-21,COP,CVX,252,0.6236759690014929
1998-10-22,COP,CVX,252,0.6229981561425636
1998-10-23,COP,CVX,252,0.6224605069568364
1998-10-26,COP,CVX,252,0.6219333696181254
1998-10-27,COP,CVX,252,0.617786122044076
1998-10-28,COP,CVX,252,0.6150976220237853
1998-10-29,COP,CVX,252,0.6165899156405105
1998-10-30,COP,CVX,252,0.6201844831866363
1998-11-02,COP,CVX,252,0.6174550619387923
1998-11-03,COP,CVX,252,0.6100928846269248
1998-11-04,COP,CVX,252,0.6106086947805273
1998-11-05,COP,CVX,252,0.6146828968728676
1998-11-06,COP,CVX,252,0.6136761215742214
1998-11-09,COP,CVX,252,0.6151604432020246
1998-11-10,COP,CVX,252,0.6177704543148299
1998-11-11,COP,CVX,252,0.617347232127119
1998-11-12,COP,CVX,252,0.6232660935030794
1998-11-13,COP,CVX,252,0.622999236804309
1998-11-16,COP,CVX,252,0.6158927329570505
1998-11-17,COP,CVX,252,0.6164461377893096
1998-11-18,COP,CVX,252,0.6157026143103402
1998-11-19,COP,CVX,252,0.6157054406815201
1998-11-20,COP,CVX,252,0.6116348175817187
1998-11-23,COP,CVX,252,0.6105660168728605
1998-11-24,COP,CVX,252,0.6092750814661239
1998-11-25,COP,CVX,252,0.6092072771533822
1998-11-27,COP,CVX,252,0.6109569527744617
1998-11-30,COP,CVX,252,0.6140267173439363
1998-12-01,COP,CVX,252,0.6159889224176311
1998-12-02,COP,CVX,252,0.6118539316332137
1998-12-03,COP,CVX,252,0.6125434590945996
1998-12-04,COP,CVX,252,0.6098128721457562
1998-12-07,COP,CVX,252,0.6073596218852573
1998-12-08,COP,CVX,252,0.60739061548229
1998-12-09,COP,CVX,252,0.6094159211316497
1998-12-10,COP,CVX,252,0.6113488290478245
1998-12-11,COP,CVX,252,0.6125380974106431
1998-12-14,COP,CVX,252,0.610261695122046
1998-12-15,COP,CVX,252,0.604264150309981
1998-12-16,COP,CVX,252,0.605390072820267
1998-12-17,COP,CVX,252,0.6051858018740462
1998-12-18,COP,CVX,252,0.6052578823095102
1998-12-21,COP,CVX,252,0.6037263038999366
1998-12-22,COP,CVX,252,0.6038437072279504
1998-12-23,COP,CVX,252,0.6038707457431505
1998-12-24,COP,CVX,252,0.6030359861242366
1998-12-28,COP,CVX,252,0.6031524012596711
1998-12-29,COP,CVX,252,0.6011370394832604
1998-12-30,COP,CVX,252,0.6005995951516818
1998-12-31,COP,CVX,252,0.6040773809450106
1999-01-04,COP,CVX,252,0.6046874956834035
1999-01-05,COP,CVX,252,0.6034156554601792
1999-01-06,COP,CVX,252,0.6025854568147418
1999-01-07,COP,CVX,252,0.5995841992430456
1999-01-08,COP,CVX,252,0.5970666478061956
1999-01-11,COP,CVX,252,0.5910246443969612
1999-01-12,COP,CVX,252,0.5903368249113911
1999-01-13,COP,CVX,252,0.5876850953873937
1999-01-14,COP,CVX,252,0.5889249307867505
1999-01-15,COP,CVX,252,0.5903927995065159
1999-01-19,COP,CVX,252,0.5866718031457735
1999-01-20,COP,CVX,252,0.5852754051341383
1999-01-21,COP,CVX,252,0.58274707788683
1999-01-22,COP,CVX,252,0.5825490095514778
1999-01-25,COP,CVX,252,0.5815051982155665
1999-01-26,COP,CVX,252,0.5811496758943889
1999-01-27,COP,CVX,252,0.5861561504110261
1999-01-28,COP,CVX,252,0.5865391513088538
1999-01-29,COP,CVX,252,0.5893885514485208
1999-02-01,COP,CVX,252,0.5970039132164262
1999-02-02,COP,CVX,252,0.5957400175000551
1999-02-03,COP,CVX,252,0.5968392664368584
1999-02-04,COP,CVX,252,0.5944892619338918
1999-02-05,COP,CVX,252,0.6006188573285066
1999-02-08,COP,CVX,252,0.5971708520597729
1999-02-09,COP,CVX,252,0.597958457323923
1999-02-10,COP,CVX,252,0.5956067689071077
1999-02-11,COP,CVX,252,0.5909766838266962
1999-02-12,COP,CVX,252,0.5907054886811635
1999-02-16,COP,CVX,252,0.5902166255060374
1999-02-17,COP,CVX,252,0.5894580582811411
1999-02-18,COP,CVX,252,0.5901925937971529
1999-02-19,COP,CVX,252,0.5897696742596158
1999-02-22,COP,CVX,252,0.5905625947848808
1999-02-23,COP,CVX,252,0.5882145659034865
1999-02-24,COP,CVX,252,0.5923184219883091
1999-02-25,COP,CVX,252,0.591880787360141
1999-02-26,COP,CVX,252,0.5905971614693231
1999-03-01,COP,CVX,252,0.5892783981296658
1999-03-02,COP,CVX,252,0.5926822643814077
1999-03-03,COP,CVX,252,0.5936287126118283
1999-03-04,COP,CVX,252,0.5949187129303459
1999-03-05,COP,CVX,252,0.5958642569825956
1999-03-08,COP,CVX,252,0.593517581610511
1999-03-09,COP,CVX,252,0.5921285230050235
1999-03-10,COP,CVX,252,0.5980815431358916
1999-03-11,COP,CVX,252,0.6009261907930598
1999-03-12,COP,CVX,252,0.6001537686878984
1999-03-15,COP,CVX,252,0.5995502911326576
1999-03-16,COP,CVX,252,0.5988449669308954
1999-03-17,COP,CVX,252,0.5967888186931586
1999-03-18,COP,CVX,252,0.5959114217298734
1999-03-19,COP,CVX,252,0.5947688673934975
1999-03-22,COP,CVX,252,0.5902655113583409
1999-03-23,COP,CVX,252,0.5913241513996561
1999-03-24,COP,CVX,252,0.5869187075866216
1999-03-25,COP,CVX,252,0.5858000081558344
1999-03-26,COP,CVX,252,0.584904046946547
1999-03-29,COP,CVX,252,0.5923490400745359
1999-03-30,COP,CVX,252,0.5928970615029321
1999-03-31,COP,CVX,252,0.593306185281906
1999-04-01,COP,CVX,252,0.5932667213039224
1999-04-05,COP,CVX,252,0.5902092163864124
1999-04-06,COP,CVX,252,0.5902634894044134
1999-04-07,COP,CVX,252,0.589788449212478
1999-04-08,COP,CVX,252,0.5888831338129544
1999-04-09,COP,CVX,252,0.5874318243321849
1999-04-12,COP,CVX,252,0.587888605483974
1999-04-13,COP,CVX,252,0.5887350570450606
1999-04-14,COP,CVX,252,0.587425443576607
1999-04-15,COP,CVX,252,0.5936966356783582
1999-04-16,COP,CVX,252,0.5939430982540346
1999-04-19,COP,CVX,252,0.5856774451601058
1999-04-20,COP,CVX,252,0.5890626902623579
1999-04-21,COP,CVX,252,0.5901417039751964
1999-04-22,COP,CVX,252,0.5909709489664947
1999-04-23,COP,CVX,252,0.5930436656552103
1999-04-26,COP,CVX,252,0.5915038679575205
1999-04-27,COP,CVX,252,0.5915164662937527
1999-04-28,COP,CVX,252,0.5961471475980408
1999-04-29,COP,CVX,252,0.5928030333047617
1999-04-30,COP,CVX,252,0.5954031449508499
1999-05-03,COP,CVX,252,0.5974003729985048
1999-05-04,COP,CVX,252,0.5976981150105631
1999-05-05,COP,CVX,252,0.5979288628240609
1999-05-06,COP,CVX,252,0.5975883152217603
1999-05-07,COP,CVX,252,0.594439566986538
1999-05-10,COP,CVX,252,0.5947934356830499
1999-05-11,COP,CVX,252,0.5974962705971302
1999-05-12,COP,CVX,252,0.6015247986644803
1999-05-13,COP,CVX,252,0.6012650119589796
1999-05-14,COP,CVX,252,0.6003754564657107
1999-05-17,COP,CVX,252,0.6020334113581784
1999-05-18,COP,CVX,252,0.5994558151119975
1999-05-19,COP,CVX,252,0.6036349113042984
1999-05-20,COP,CVX,252,0.6050693799709443
1999-05-21,COP,CVX,252,0.6034868961688947
1999-05-24,COP,CVX,252,0.6007166984234141
1999-05-25,COP,CVX,252,0.5994530242047552
1999-05-26,COP,CVX,252,0.6011131983801815
1999-05-27,COP,CVX,252,0.6016850490840756
1999-05-28,COP,CVX,252,0.6003131721349514
1999-06-01,COP,CVX,252,0.5963208681358959
1999-06-02,COP,CVX,252,0.5968041644952831
1999-06-03,COP,CVX,252,0.5961141042706655
1999-06-04,COP,CVX,252,0.5951118520919624
1999-06-07,COP,CVX,252,0.5919010485288743
1999-06-08,COP,CVX,252,0.5891069937225208
1999-06-09,COP,CVX,252,0.5887087704651628
1999-06-10,COP,CVX,252,0.5883858363496149
1999-06-11,COP,CVX,252,0.5859836970804996
1999-06-14,COP,CVX,252,0.5919535634610674
1999-06-15,COP,CVX,252,0.5934845293575581
1999-06-16,COP,CVX,252,0.5913986584507241
1999-06-17,COP,CVX,252,0.5881144139927489
1999-06-18,COP,CVX,252,0.5877959206750024
1999-06-21,COP,CVX,252,0.5911050524125762
1999-06-22,COP,CVX,252,0.5912584252787678
1999-06-23,COP,CVX,252,0.5947598900024276
1999-06-24,COP,CVX,252,0.5954915669458051
1999-06-25,COP,CVX,252,0.5974111680877932
1999-06-28,COP,CVX,252,0.5955661545653178
1999-06-29,COP,CVX,252,0.5866016757686974
1999-06-30,COP,CVX,252,0.5880305632743401
1999-07-01,COP,CVX,252,0.5852639136528636
1999-07-02,COP,CVX,252,0.5849083021918706
1999-07-06,COP,CVX,252,0.5876868341463122
1999-07-07,COP,CVX,252,0.5836786815713796
1999-07-08,COP,CVX,252,0.583033548041783
1999-07-09,COP,CVX,252,0.5815646808269948
1999-07-12,COP,CVX,252,0.5822142075285601
1999-07-13,COP,CVX,252,0.5811568831028702
1999-07-14,COP,CVX,252,0.579072260130243
1999-07-15,COP,CVX,252,0.5808767221995452
1999-07-16,COP,CVX,252,0.5770647361450062
1999-07-19,COP,CVX,252,0.5773166565724974
1999-07-20,COP,CVX,252,0.5799101072239784
1999-07-21,COP,CVX,252,0.5816300673407191
1999-07-22,COP,CVX,252,0.5820949266752592
1999-07-23,COP,CVX,252,0.5767408065704718
1999-07-26,COP,CVX,252,0.5765605288486415
1999-07-27,COP,CVX,252,0.5869302841309048
1999-07-28,COP,CVX,252,0.5854426187378391
1999-07-29,COP,CVX,252,0.5854758753775955
1999-07-30,COP,CVX,252,0.5853449205165152
1999-08-02,COP,CVX,252,0.5805455024724988
1999-08-03,COP,CVX,252,0.5781076298264752
1999-08-04,COP,CVX,252,0.5794683599364004
1999-08-05,COP,CVX,252,0.5807134596361384
1999-08-06,COP,CVX,252,0.5775100373316143
1999-08-09,COP,CVX,252,0.578602806210965
1999-08-10,COP,CVX,252,0.5753657391179603
1999-08-11,COP,CVX,252,0.5661838651262823
1999-08-12,COP,CVX,252,0.5658952247159562
1999-08-13,COP,CVX,252,0.5745518548576237
1999-08-16,COP,CVX,252,0.5778858524854324
1999-08-17,COP,CVX,252,0.5756345664239284
1999-08-18,COP,CVX,252,0.5757412252291946
1999-08-19,COP,CVX,252,0.5752928874853918
1999-08-20,COP,CVX,252,0.5753546122201512
1999-08-23,COP,CVX,252,0.5769310518984297
1999-08-24,COP,CVX,252,0.5744404256339475
1999-08-25,COP,CVX,252,0.5755051288678833
1999-08-26,COP,CVX,252,0.5750606463131089
1999-08-27,COP,CVX,252,0.5745950455400748
1999-08-30,COP,CVX,252,0.5762776689739981
1999-08-31,COP,CVX,252,0.5743100133216279
1999-09-01,COP,CVX,252,0.5736963315748552
1999-09-02,COP,CVX,252,0.5700193636342253
1999-09-03,COP,CVX,252,0.571071324441859
1999-09-07,COP,CVX,252,0.5663398365522312
1999-09-08,COP,CVX,252,0.5608727180042141
1999-09-09,COP,CVX,252,0.5621898976337728
1999-09-10,COP,CVX,252,0.5640445139224793
1999-09-13,COP,CVX,252,0.5598473199268739
1999-09-14,COP,CVX,252,0.5597350926868626
1999-09-15,COP,CVX,252,0.5600572405120475
1999-09-16,COP,CVX,252,0.5601611032678648
1999-09-17,COP,CVX,252,0.5598329138156124
1999-09-20,COP,CVX,252,0.5487658087221153
1999-09-21,COP,CVX,252,0.5531199300097925
1999-09-22,COP,CVX,252,0.5495340789300387
1999-09-23,COP,CVX,252,0.5383957704765775
1999-09-24,COP,CVX,252,0.5275088805125125
1999-09-27,COP,CVX,252,0.5221501769206803
1999-09-28,COP,CVX,252,0.5340300387563434
1999-09-29,COP,CVX,252,0.5294375602005034
1999-09-30,COP,CVX,252,0.516172259414653
1999-10-01,COP,CVX,252,0.5169892782900066
1999-10-04,COP,CVX,252,0.5038545037672959
1999-10-05,COP,CVX,252,0.5082337058350063
1999-10-06,COP,CVX,252,0.5140554728411998
1999-10-07,COP,CVX,252,0.5134397483096533
1999-10-08,COP,CVX,252,0.5121315620467036
1999-10-11,COP,CVX,252,0.5141357698877272
1999-10-12,COP,CVX,252,0.5149251826551251
1999-10-13,COP,CVX,252,0.5123419604442915
1999-10-14,COP,CVX,252,0.5165786602102067
1999-10-15,COP,CVX,252,0.5159930168333515
1999-10-18,COP,CVX,252,0.5189906499204356
1999-10-19,COP,CVX,252,0.5184156027259627
1999-10-20,COP,CVX,252,0.5188460541266365
1999-10-21,COP,CVX,252,0.5167814696114807
1999-10-22,COP,CVX,252,0.5119782782869442
1999-10-25,COP,CVX,252,0.5161972795370907
1999-10-26,COP,CVX,252,0.5209104044430369
1999-10-27,COP,CVX,252,0.5193206489088084
1999-10-28,COP,CVX,252,0.5186584924376448
1999-10-29,COP,CVX,252,0.5145849635155714
1999-11-01,COP,CVX,252,0.5121544294242162
1999-11-02,COP,CVX,252,0.5128512347168208
1999-11-03,COP,CVX,252,0.5150934449657044
1999-11-04,COP,CVX,252,0.5150494600059312
1999-11-05,COP,CVX,252,0.5140533013126061
1999-11-08,COP,CVX,252,0.5255435026303739
1999-11-09,COP,CVX,252,0.5234360305956102
1999-11-10,COP,CVX,252,0.5238918682970113
1999-11-11,COP,CVX,252,0.5221591432947649
1999-11-12,COP,CVX,252,0.5173170927818858
1999-11-15,COP,CVX,252,0.5174562893688394
1999-11-16,COP,CVX,252,0.5251779218342038
1999-11-17,COP,CVX,252,0.5240911486143288
1999-11-18,COP,CVX,252,0.5266843304315293
1999-11-19,COP,CVX,252,0.525729806363709
1999-11-22,COP,CVX,252,0.5295112147327458
1999-11-23,COP,CVX,252,0.5322986505011361
1999-11-24,COP,CVX,252,0.5314582138025356
1999-11-26,COP,CVX,252,0.5317350846019641
1999-11-29,COP,CVX,252,0.5262635302571544
1999-11-30,COP,CVX,252,0.5216752956520784
1999-12-01,COP,CVX,252,0.5212077881808436
1999-12-02,COP,CVX,252,0.5296651546774382
1999-12-03,COP,CVX,252,0.5291368869407831
1999-12-06,COP,CVX,252,0.5321667999253817
1999-12-07,COP,CVX,252,0.5328433805128584
1999-12-08,COP,CVX,252,0.5338690304565139
1999-12-09,COP,CVX,252,0.5304611599502909
1999-12-10,COP,CVX,252,0.5300223015965659
1999-12-13,COP,CVX,252,0.5272389338854642
1999-12-14,COP,CVX,252,0.5286622738927441
1999-12-15,COP,CVX,252,0.5357614060865408
1999-12-16,COP,CVX,252,0.5344228789199363
1999-12-17,COP,CVX,252,0.537061453679885
1999-12-20,COP,CVX,252,0.5388212344662576
1999-12-21,COP,CVX,252,0.5412868293765981
1999-12-22,COP,CVX,252,0.5424887391040771
1999-12-23,COP,CVX,252,0.5414160117616182
1999-12-27,COP,CVX,252,0.5400082677416675
1999-12-28,COP,CVX,252,0.541335227419953
1999-12-29,COP,CVX,252,0.5406078649582103
1999-12-30,COP,CVX,252,0.5399494763165507
1999-12-31,COP,CVX,252,0.5397756777651849
2000-01-03,COP,CVX,252,0.5491445214181435
2000-01-04,COP,CVX,252,0.5471368821303632
2000-01-05,COP,CVX,252,0.5353207501439701
2000-01-06,COP,CVX,252,0.5474603434687102
2000-01-07,COP,CVX,252,0.5466566459021115
2000-01-10,COP,CVX,252,0.5469608567353675
2000-01-11,COP,CVX,252,0.547970553317538
2000-01-12,COP,CVX,252,0.5481385018674855
2000-01-13,COP,CVX,252,0.5461405825688291
2000-01-14,COP,CVX,252,0.5464460780597991
2000-01-18,COP,CVX,252,0.5518569561859742
2000-01-19,COP,CVX,252,0.5537573115653265
2000-01-20,COP,CVX,252,0.554950427210724
2000-01-21,COP,CVX,252,0.5532700041740077
2000-01-24,COP,CVX,252,0.5512588354360654
2000-01-25,COP,CVX,252,0.5502923117191666
2000-01-26,COP,CVX,252,0.5438126944356219
2000-01-27,COP,CVX,252,0.5451924622407553
2000-01-28,COP,CVX,252,0.5466562241214533
2000-01-31,COP,CVX,252,0.5474596221587862
2000-02-01,COP,CVX,252,0.5479718448357862
2000-02-02,COP,CVX,252,0.547048344586044
2000-02-03,COP,CVX,252,0.5510459979291219
2000-02-04,COP,CVX,252,0.5477162701918846
2000-02-07,COP,CVX,252,0.5503772975570935
2000-02-08,COP,CVX,252,0.5481921164269294
2000-02-09,COP,CVX,252,0.5599160691526444
2000-02-10,COP,CVX,252,0.5613410336079684
2000-02-11,COP,CVX,252,0.5622021566915931
2000-02-14,COP,CVX,252,0.562219763456643
2000-02-15,COP,CVX,252,0.5638735790167833
2000-02-16,COP,CVX,252,0.5638542769830038
2000-02-17,COP,CVX,252,0.5645177610604676
2000-02-18,COP,CVX,252,0.5655994595722238
2000-02-22,COP,CVX,252,0.5643578493915524
2000-02-23,COP,CVX,252,0.5705590446642506
2000-02-24,COP,CVX,252,0.5744411448779145
2000-02-25,COP,CVX,252,0.573040547773679
2000-02-28,COP,CVX,252,0.5702701254487218
2000-02-29,COP,CVX,252,0.568315127554784
2000-03-01,COP,CVX,252,0.5661834625028732
2000-03-02,COP,CVX,252,0.5629434397282567
2000-03-03,COP,CVX,252,0.561854039657605
2000-03-06,COP,CVX,252,0.5628477139938711
2000-03-07,COP,CVX,252,0.5790453034887889
2000-03-08,COP,CVX,252,0.5708713275798226
2000-03-09,COP,CVX,252,0.5646820372665893
2000-03-10,COP,CVX,252,0.5653311430629017
2000-03-13,COP,CVX,252,0.566469148306426
2000-03-14,COP,CVX,252,0.5634021888142419
2000-03-15,COP,CVX,252,0.5659411990097762
2000-03-16,COP,CVX,252,0.5487515206362678
2000-03-17,COP,CVX,252,0.5491305240701014
2000-03-20,COP,CVX,252,0.5482850945691263
2000-03-21,COP,CVX,252,0.5555400677803138
2000-03-22,COP,CVX,252,0.5606091290409007
2000-03-23,COP,CVX,252,0.5604772390853007
2000-03-24,COP,CVX,252,0.5615180754869057
2000-03-27,COP,CVX,252,0.5544963504506529
2000-03-28,COP,CVX,252,0.5542617069364559
2000-03-29,COP,CVX,252,0.5598146527420411
2000-03-30,COP,CVX,252,0.5656789480472589
2000-03-31,COP,CVX,252,0.5667260958470816
2000-04-03,COP,CVX,252,0.566496764324026
2000-04-04,COP,CVX,252,0.5663695182122266
2000-04-05,COP,CVX,252,0.5672613341987173
2000-04-06,COP,CVX,252,0.5686938108934139
2000-04-07,COP,CVX,252,0.5687044448693548
2000-04-10,COP,CVX,252,0.5682865573914234
2000-04-11,COP,CVX,252,0.5723238947973313
2000-04-12,COP,CVX,252,0.5640022550800997
2000-04-13,COP,CVX,252,0.5627321507502017
2000-04-14,COP,CVX,252,0.5664581776662
2000-04-17,COP,CVX,252,0.5682909950905102
2000-04-18,COP,CVX,252,0.5662791571787602
2000-04-19,COP,CVX,252,0.5643034592787073
2000-04-20,COP,CVX,252,0.5613718862285733
2000-04-24,COP,CVX,252,0.5547303882978727
2000-04-25,COP,CVX,252,0.5528205182534632
2000-04-26,COP,CVX,252,0.5448792404427626
2000-04-27,COP,CVX,252,0.5439238348939143
2000-04-28,COP,CVX,252,0.5492491448647293
2000-05-01,COP,CVX,252,0.548008310187619
2000-05-02,COP,CVX,252,0.5435450644995762
2000-05-03,COP,CVX,252,0.5427734549818661
2000-05-04,COP,CVX,252,0.5434196934546464
2000-05-05,COP,CVX,252,0.5449672732069507
2000-05-08,COP,CVX,252,0.5447560327553066
2000-05-09,COP,CVX,252,0.5433189718269779
2000-05-10,COP,CVX,252,0.5390592304905946
2000-05-11,COP,CVX,252,0.5420932638467761
2000-05-12,COP,CVX,252,0.5415252321312412
2000-05-15,COP,CVX,252,0.5398770816591603
2000-05-16,COP,CVX,252,0.5386935883941361
2000-05-17,COP,CVX,252,0.5354480101426232
2000-05-18,COP,CVX,252,0.5334541341741917
2000-05-19,COP,CVX,252,0.5331581219735522
2000-05-22,COP,CVX,252,0.5362671151382562
2000-05-23,COP,CVX,252,0.536533654692793
2000-05-24,COP,CVX,252,0.5342201038731055
2000-05-25,COP,CVX,252,0.5330036793683447
2000-05-26,COP,CVX,252,0.5359708232122583
2000-05-30,COP,CVX,252,0.536845278005052
2000-05-31,COP,CVX,252,0.5375723702217469
2000-06-01,COP,CVX,252,0.5385235994092786
2000-06-02,COP,CVX,252,0.5355635945366887
2000-06-05,COP,CVX,252,0.5354570709489783
2000-06-06,COP,CVX,252,0.5394798543824263
2000-06-07,COP,CVX,252,0.5395105352180621
2000-06-08,COP,CVX,252,0.5391225839041288
2000-06-09,COP,CVX,252,0.5395594316547823
2000-06-12,COP,CVX,252,0.5392827999411423
2000-06-13,COP,CVX,252,0.5365306684289208
2000-06-14,COP,CVX,252,0.5364459036983936
2000-06-15,COP,CVX,252,0.5353307763158115
2000-06-16,COP,CVX,252,0.5303974385425032
2000-06-19,COP,CVX,252,0.5274670465058688
2000-06-20,COP,CVX,252,0.5274390217808921
2000-06-21,COP,CVX,252,0.5258952321317882
2000-06-22,COP,CVX,252,0.5268306432044751
2000-06-23,COP,CVX,252,0.5247500990205126
2000-06-26,COP,CVX,252,0.5267824375745177
2000-06-27,COP,CVX,252,0.5352746271846023
2000-06-28,COP,CVX,252,0.534922611803241
2000-06-29,COP,CVX,252,0.5376902252772058
2000-06-30,COP,CVX,252,0.5409550906581608
2000-07-03,COP,CVX,252,0.5378873884578028
2000-07-05,COP,CVX,252,0.5520924992935592
2000-07-06,COP,CVX,252,0.5508011758323622
2000-07-07,COP,CVX,252,0.5515769734100469
2000-07-10,COP,CVX,252,0.5513745565074661
2000-07-11,COP,CVX,252,0.5588118100170333
2000-07-12,COP,CVX,252,0.5607144723617463
2000-07-13,COP,CVX,252,0.562344424376911
2000-07-14,COP,CVX,252,0.5660541187197234
2000-07-17,COP,CVX,252,0.5665943548500196
2000-07-18,COP,CVX,252,0.5640301537514474
2000-07-19,COP,CVX,252,0.5640993100194418
2000-07-20,COP,CVX,252,0.5639896136235127
2000-07-21,COP,CVX,252,0.5660143313221099
2000-07-24,COP,CVX,252,0.5655629652491714
2000-07-25,COP,CVX,252,0.5652224730904735
2000-07-26,COP,CVX,252,0.5666025676020179
2000-07-27,COP,CVX,252,0.5738719149628865
2000-07-28,COP,CVX,252,0.5732288907772826
2000-07-31,COP,CVX,252,0.5683133717831661
2000-08-01,COP,CVX,252,0.5685482847167843
2000-08-02,COP,CVX,252,0.5689825967010309
2000-08-03,COP,CVX,252,0.5677069181207469
2000-08-04,COP,CVX,252,0.568853912540806
2000-08-07,COP,CVX,252,0.5689437174264194
2000-08-08,COP,CVX,252,0.568344554291795
2000-08-09,COP,CVX,252,0.5694203582835126
2000-08-10,COP,CVX,252,0.5710925480849455
2000-08-11,COP,CVX,252,0.5709614907840059
2000-08-14,COP,CVX,252,0.5707818009706983
2000-08-15,COP,CVX,252,0.5698605303108616
2000-08-16,COP,CVX,252,0.571382755704355
2000-08-17,COP,CVX,252,0.5753635376575541
2000-08-18,COP,CVX,252,0.5765574551345208
2000-08-21,COP,CVX,252,0.5764295802578735
2000-08-22,COP,CVX,252,0.5760213605429781
2000-08-23,COP,CVX,252,0.579937650173733
2000-08-24,COP,CVX,252,0.5801666837651283
2000-08-25,COP,CVX,252,0.5806307475158513
2000-08-28,COP,CVX,252,0.5797725356508295
2000-08-29,COP,CVX,252,0.5797253611754489
2000-08-30,COP,CVX,252,0.5814287868389328
2000-08-31,COP,CVX,252,0.5802589291368413
2000-09-01,COP,CVX,252,0.5795001704198594
2000-09-05,COP,CVX,252,0.5818003534939509
2000-09-06,COP,CVX,252,0.5823757251754351
2000-09-07,COP,CVX,252,0.5829389883741612
2000-09-08,COP,CVX,252,0.5866258802888558
2000-09-11,COP,CVX,252,0.5877623025151314
2000-09-12,COP,CVX,252,0.5850800579185015
2000-09-13,COP,CVX,252,0.5849545539954463
2000-09-14,COP,CVX,252,0.5851564829790217
2000-09-15,COP,CVX,252,0.5888343642385445
2000-09-18,COP,CVX,252,0.6004399483942909
2000-09-19,COP,CVX,252,0.5996424627473651
2000-09-20,COP,CVX,252,0.5980510380851654
2000-09-21,COP,CVX,252,0.5998522619459661
2000-09-22,COP,CVX,252,0.6106669775158293
2000-09-25,COP,CVX,252,0.6159238852173748
2000-09-26,COP,CVX,252,0.6144871504168411
2000-09-27,COP,CVX,252,0.619101006545
2000-09-28,COP,CVX,252,0.6202132638439372
2000-09-29,COP,CVX,252,0.6201996309215648
2000-10-02,COP,CVX,252,0.6191861002604218
2000-10-03,COP,CVX,252,0.6177600206180032
2000-10-04,COP,CVX,252,0.6171530416329839
2000-10-05,COP,CVX,252,0.6163565297772996
2000-10-06,COP,CVX,252,0.6171424066081542
2000-10-09,COP,CVX,252,0.6183258321568555
2000-10-10,COP,CVX,252,0.6205300687493516
2000-10-11,COP,CVX,252,0.6206709933698987
2000-10-12,COP,CVX,252,0.62031239445584
2000-10-13,COP,CVX,252,0.6262896562307493
2000-10-16,COP,CVX,252,0.6271941156090342
2000-10-17,COP,CVX,252,0.6279799767895992
2000-10-18,COP,CVX,252,0.6272378595594936
2000-10-19,COP,CVX,252,0.6293999530587099
2000-10-20,COP,CVX,252,0.6314670303013943
2000-10-23,COP,CVX,252,0.6295196429336797
2000-10-24,COP,CVX,252,0.6256764534071952
2000-10-25,COP,CVX,252,0.6259776983785549
2000-10-26,COP,CVX,252,0.6234674618516133
2000-10-27,COP,CVX,252,0.6256877821921213
2000-10-30,COP,CVX,252,0.6256526056326033
2000-10-31,COP,CVX,252,0.627724077183641
2000-11-01,COP,CVX,252,0.6283837437273008
2000-11-02,COP,CVX,252,0.6310747710147253
2000-11-03,COP,CVX,252,0.6297264517408241
2000-11-06,COP,CVX,252,0.6221700817009526
2000-11-07,COP,CVX,252,0.6233109941213192
2000-11-08,COP,CVX,252,0.6229363784654546
2000-11-09,COP,CVX,252,0.6244345222513945
2000-11-10,COP,CVX,252,0.6226937363883831
2000-11-13,COP,CVX,252,0.6208473239261203
2000-11-14,COP,CVX,252,0.6194001091133707
2000-11-15,COP,CVX,252,0.6209715085687612
2000-11-16,COP,CVX,252,0.6200679886283841
2000-11-17,COP,CVX,252,0.6203033832045836
2000-11-20,COP,CVX,252,0.6178221821553959
2000-11-21,COP,CVX,252,0.6169950785421614
2000-11-22,COP,CVX,252,0.6170926169414053
2000-11-24,COP,CVX,252,0.6175428729905704
2000-11-27,COP,CVX,252,0.6177574326208282
2000-11-28,COP,CVX,252,0.615937733376894
2000-11-29,COP,CVX,252,0.6228322833298969
2000-11-30,COP,CVX,252,0.6166257201452285
2000-12-01,COP,CVX,252,0.6171220570593721
2000-12-04,COP,CVX,252,0.6167759498931182
2000-12-05,COP,CVX,252,0.6140298593431194
2000-12-06,COP,CVX,252,0.6149831411562381
2000-12-07,COP,CVX,252,0.6147134920155225
2000-12-08,COP,CVX,252,0.6136387322403871
2000-12-11,COP,CVX,252,0.6133632104457366
2000-12-12,COP,CVX,252,0.6125405494067309
2000-12-13,COP,CVX,252,0.6108337530694373
2000-12-14,COP,CVX,252,0.6167565605895855
2000-12-15,COP,CVX,252,0.6140091972744922
2000-12-18,COP,CVX,252,0.6148317840840837
2000-12-19,COP,CVX,252,0.6141065191742527
2000-12-20,COP,CVX,252,0.615586396195494
2000-12-21,COP,CVX,252,0.6157745635299098
2000-12-22,COP,CVX,252,0.6192249786727193
2000-12-26,COP,CVX,252,0.621889085700164
2000-12-27,COP,CVX,252,0.621349071725671
2000-12-28,COP,CVX,252,0.6200462513163296
2000-12-29,COP,CVX,252,0.6221912272676824
2001-01-02,COP,CVX,252,0.6164070192098814
2001-01-03,COP,CVX,252,0.6211371871315167
2001-01-04,COP,CVX,252,0.6287915194307364
2001-01-05,COP,CVX,252,0.6245386487007512
2001-01-08,COP,CVX,252,0.6257789138790256
2001-01-09,COP,CVX,252,0.6281095115665748
2001-01-10,COP,CVX,252,0.6273675973009477
2001-01-11,COP,CVX,252,0.6283456772289964
2001-01-12,COP,CVX,252,0.6277801799750209
2001-01-16,COP,CVX,252,0.6253831844841127
2001-01-17,COP,CVX,252,0.624692271624688
2001-01-18,COP,CVX,252,0.6244782664515952
2001-01-19,COP,CVX,252,0.6256810100742949
2001-01-22,COP,CVX,252,0.6264026436516587
2001-01-23,COP,CVX,252,0.6285535570648481
2001-01-24,COP,CVX,252,0.6287658042515143
2001-01-25,COP,CVX,252,0.6304586287837907
2001-01-26,COP,CVX,252,0.6294772257545931
2001-01-29,COP,CVX,252,0.6267029393409858
2001-01-30,COP,CVX,252,0.6258743168044092
2001-01-31,COP,CVX,252,0.6267998577716546
2001-02-01,COP,CVX,252,0.6262013876745474
2001-02-02,COP,CVX,252,0.6247210143443203
2001-02-05,COP,CVX,252,0.6026390189538643
2001-02-06,COP,CVX,252,0.6031093471310313
2001-02-07,COP,CVX,252,0.5988933718712767
2001-02-08,COP,CVX,252,0.5956791340558689
2001-02-09,COP,CVX,252,0.5999242689317441
2001-02-12,COP,CVX,252,0.5995266300074625
2001-02-13,COP,CVX,252,0.5982065658729269
2001-02-14,COP,CVX,252,0.5986291809691111
2001-02-15,COP,CVX,252,0.5986579973661423
2001-02-16,COP,CVX,252,0.5983405560705113
2001-02-20,COP,CVX,252,0.5965486096999563
2001-02-21,COP,CVX,252,0.5976474432989547
2001-02-22,COP,CVX,252,0.5917164578671666
2001-02-23,COP,CVX,252,0.5877730640885145
2001-02-26,COP,CVX,252,0.5895739401646777
2001-02-27,COP,CVX,252,0.5945382950600911
2001-02-28,COP,CVX,252,0.5934057852176937
2001-03-01,COP,CVX,252,0.592738440635831
2001-03-02,COP,CVX,252,0.5966470129819437
2001-03-05,COP,CVX,252,0.5972756730357393
2001-03-06,COP,CVX,252,0.5984699207421406
2001-03-07,COP,CVX,252,0.588076837006744
2001-03-08,COP,CVX,252,0.5899124092779835
2001-03-09,COP,CVX,252,0.5947710228107954
2001-03-12,COP,CVX,252,0.5952733319581448
2001-03-13,COP,CVX,252,0.5966550041949811
2001-03-14,COP,CVX,252,0.6037614971992927
2001-03-15,COP,CVX,252,0.6019956017291702
2001-03-16,COP,CVX,252,0.6161080332078478
2001-03-19,COP,CVX,252,0.6170549561952606
2001-03-20,COP,CVX,252,0.6165663848332821
2001-03-21,COP,CVX,252,0.6097883183926215
2001-03-22,COP,CVX,252,0.6110650053639127
2001-03-23,COP,CVX,252,0.6076029665027377
2001-03-26,COP,CVX,252,0.6074774785364768
2001-03-27,COP,CVX,252,0.60772384678439
2001-03-28,COP,CVX,252,0.608363781816992
2001-03-29,COP,CVX,252,0.6039125194923806
2001-03-30,COP,CVX,252,0.6025369248847656
2001-04-02,COP,CVX,252,0.6033089577823344
2001-04-03,COP,CVX,252,0.6039162631943952
2001-04-04,COP,CVX,252,0.6062547651071262
2001-04-05,COP,CVX,252,0.609001767060102
2001-04-06,COP,CVX,252,0.6076793505951843
2001-04-09,COP,CVX,252,0.6100005172256109
2001-04-10,COP,CVX,252,0.6112306974806591
2001-04-11,COP,CVX,252,0.6101639855918348
2001-04-12,COP,CVX,252,0.6104101280305921
2001-04-16,COP,CVX,252,0.6158353595424109
2001-04-17,COP,CVX,252,0.6213524659074401
2001-04-18,COP,CVX,252,0.6146898019888579
2001-04-19,COP,CVX,252,0.6176465285163897
2001-04-20,COP,CVX,252,0.6177611911457345
2001-04-23,COP,CVX,252,0.6218401753033262
2001-04-24,COP,CVX,252,0.6293220807397957
2001-04-25,COP,CVX,252,0.6309193242047779
2001-04-26,COP,CVX,252,0.6313588008043499
2001-04-27,COP,CVX,252,0.6359067563937733
2001-04-30,COP,CVX,252,0.6311743433538082
2001-05-01,COP,CVX,252,0.6299254630816563
2001-05-02,COP,CVX,252,0.6464705465770735
2001-05-03,COP,CVX,252,0.6483660105313934
2001-05-04,COP,CVX,252,0.649290396918964
2001-05-07,COP,CVX,252,0.6513819146258042
2001-05-08,COP,CVX,252,0.6510558453840873
2001-05-09,COP,CVX,252,0.6541134350004798
2001-05-10,COP,CVX,252,0.6545513454085531
2001-05-11,COP,CVX,252,0.6519071447088223
2001-05-14,COP,CVX,252,0.6523910812330177
2001-05-15,COP,CVX,252,0.6539618834444306
2001-05-16,COP,CVX,252,0.655886432916873
2001-05-17,COP,CVX,252,0.6587358943837354
2001-05-18,COP,CVX,252,0.6629175051101115
2001-05-21,COP,CVX,252,0.6667551733789436
2001-05-22,COP,CVX,252,0.6656783150674734
2001-05-23,COP,CVX,252,0.6658278046679484
2001-05-24,COP,CVX,252,0.6654577225598103
2001-05-25,COP,CVX,252,0.6657691874154107
2001-05-29,COP,CVX,252,0.6631016506366604
2001-05-30,COP,CVX,252,0.6657049923951205
2001-05-31,COP,CVX,252,0.6654637171391419
2001-06-01,COP,CVX,252,0.665557488916889
2001-06-04,COP,CVX,252,0.6685968830917529
2001-06-05,COP,CVX,252,0.6687761994764706
2001-06-06,COP,CVX,252,0.6695975009160733
2001-06-07,COP,CVX,252,0.6689978414505277
2001-06-08,COP,CVX,252,0.6694983622116619
2001-06-11,COP,CVX,252,0.6685182691998766
2001-06-12,COP,CVX,252,0.667891920800028
2001-06-13,COP,CVX,252,0.67084929122351
2001-06-14,COP,CVX,252,0.6745573802737288
2001-06-15,COP,CVX,252,0.6744543609249743
2001-06-18,COP,CVX,252,0.6810022403364078
2001-06-19,COP,CVX,252,0.6793568861275999
2001-06-20,COP,CVX,252,0.6799671390225416
2001-06-21,COP,CVX,252,0.6799873585208643
2001-06-22,COP,CVX,252,0.6786553003504421
2001-06-25,COP,CVX,252,0.676858970379031
2001-06-26,COP,CVX,252,0.6764219124149436
2001-06-27,COP,CVX,252,0.6813457588326615
2001-06-28,COP,CVX,252,0.6780993204371111
2001-06-29,COP,CVX,252,0.6798186949531159
2001-07-02,COP,CVX,252,0.6771761698709159
2001-07-03,COP,CVX,252,0.6771935210075916
2001-07-05,COP,CVX,252,0.6660250294188355
2001-07-06,COP,CVX,252,0.6698741357051916
2001-07-09,COP,CVX,252,0.6703421435591775
2001-07-10,COP,CVX,252,0.6698086585322448
2001-07-11,COP,CVX,252,0.6639582465763547
2001-07-12,COP,CVX,252,0.6587687711459974
2001-07-13,COP,CVX,252,0.656791019366749
2001-07-16,COP,CVX,252,0.6581132000212486
2001-07-17,COP,CVX,252,0.658686770519453
2001-07-18,COP,CVX,252,0.660838229757023
2001-07-19,COP,CVX,252,0.6604331793014495
2001-07-20,COP,CVX,252,0.6624704370711562
2001-07-23,COP,CVX,252,0.6577752497814672
2001-07-24,COP,CVX,252,0.6625259975833633
2001-07-25,COP,CVX,252,0.6726719261326214
2001-07-26,COP,CVX,252,0.6734425412529096
2001-07-27,COP,CVX,252,0.6674585025334019
2001-07-30,COP,CVX,252,0.669165236672912
2001-07-31,COP,CVX,252,0.6781496072032144
2001-08-01,COP,CVX,252,0.6781951038474847
2001-08-02,COP,CVX,252,0.6773945846545388
2001-08-03,COP,CVX,252,0.6781080825665524
2001-08-06,COP,CVX,252,0.6779415535912862
2001-08-07,COP,CVX,252,0.6778767868632819
2001-08-08,COP,CVX,252,0.6784595140573535
2001-08-09,COP,CVX,252,0.6787961433545608
2001-08-10,COP,CVX,252,0.6784490077765413
2001-08-13,COP,CVX,252,0.6798812619601908
2001-08-14,COP,CVX,252,0.6808405585365211
2001-08-15,COP,CVX,252,0.6867718872069798
2001-08-16,COP,CVX,252,0.6854552883010512
2001-08-17,COP,CVX,252,0.682529126373432
2001-08-20,COP,CVX,252,0.6813778911921138
2001-08-21,COP,CVX,252,0.6802044673714271
2001-08-22,COP,CVX,252,0.6792250064595008
2001-08-23,COP,CVX,252,0.6742872477667765
2001-08-24,COP,CVX,252,0.6720383917344246
2001-08-27,COP,CVX,252,0.6720094693931916
2001-08-28,COP,CVX,252,0.6725440738174112
2001-08-29,COP,CVX,252,0.6736110286506667
2001-08-30,COP,CVX,252,0.672674304558292
2001-08-31,COP,CVX,252,0.6753251226219144
2001-09-04,COP,CVX,252,0.6745314685806258
2001-09-05,COP,CVX,252,0.6739351180092591
2001-09-06,COP,CVX,252,0.6760715171252146
2001-09-07,COP,CVX,252,0.6763772004055767
2001-09-10,COP,CVX,252,0.6760129495584066
2001-09-17,COP,CVX,252,0.6713609063616544
2001-09-18,COP,CVX,252,0.6822503413449544
2001-09-19,COP,CVX,252,0.6898316105773512
2001-09-20,COP,CVX,252,0.6875088984866565
2001-09-21,COP,CVX,252,0.6841445885124565
2001-09-24,COP,CVX,252,0.6922664628068139
2001-09-25,COP,CVX,252,0.6907220530181089
2001-09-26,COP,CVX,252,0.6976522779965364
2001-09-27,COP,CVX,252,0.7007866270142268
2001-09-28,COP,CVX,252,0.7017611817585829
2001-10-01,COP,CVX,252,0.7034949818772652
2001-10-02,COP,CVX,252,0.7048715683729164
2001-10-03,COP,CVX,252,0.701497570938257
2001-10-04,COP,CVX,252,0.7006426357608229
2001-10-05,COP,CVX,252,0.7006124234748629
2001-10-08,COP,CVX,252,0.7002614781288009
2001-10-09,COP,CVX,252,0.7003359876594416
2001-10-10,COP,CVX,252,0.7024089674744461
2001-10-11,COP,CVX,252,0.7040082755982724
2001-10-12,COP,CVX,252,0.6951933196340823
2001-10-15,COP,CVX,252,0.6957936592538699
2001-10-16,COP,CVX,252,0.6950048214546946
2001-10-17,COP,CVX,252,0.6957577800693437
2001-10-18,COP,CVX,252,0.7023135904485737
2001-10-19,COP,CVX,252,0.6966889391250425
2001-10-22,COP,CVX,252,0.6950801858430506
2001-10-23,COP,CVX,252,0.6874308851430282
2001-10-24,COP,CVX,252,0.6872147525819954
2001-10-25,COP,CVX,252,0.6882025764536589
2001-10-26,COP,CVX,252,0.6879482544032068
2001-10-29,COP,CVX,252,0.6880411670598308
2001-10-30,COP,CVX,252,0.6824575022028947
2001-10-31,COP,CVX,252,0.682148559615899
2001-11-01,COP,CVX,252,0.6862980194361412
2001-11-02,COP,CVX,252,0.6924852323341202
2001-11-05,COP,CVX,252,0.6918971047864285
2001-11-06,COP,CVX,252,0.6901840331393663
2001-11-07,COP,CVX,252,0.6900366823937526
2001-11-08,COP,CVX,252,0.6864530457455243
2001-11-09,COP,CVX,252,0.689606992823872
2001-11-12,COP,CVX,252,0.6901088289341177
2001-11-13,COP,CVX,252,0.6901451626686472
2001-11-14,COP,CVX,252,0.6961854968429064
2001-11-15,COP,CVX,252,0.7013478699502065
2001-11-16,COP,CVX,252,0.7020428282395283
2001-11-19,COP,CVX,252,0.6987210351104478
2001-11-20,COP,CVX,252,0.6998020183088083
2001-11-21,COP,CVX,252,0.6999366092650299
2001-11-23,COP,CVX,252,0.7001177073725013
2001-11-26,COP,CVX,252,0.7016351460888725
2001-11-27,COP,CVX,252,0.7022154262034267
2001-11-28,COP,CVX,252,0.7009098011023837
2001-11-29,COP,CVX,252,0.7017268113104825
2001-11-30,COP,CVX,252,0.7018483580414526
2001-12-03,COP,CVX,252,0.7021042526238459
2001-12-04,COP,CVX,252,0.7044151068994245
2001-12-05,COP,CVX,252,0.6968981083635293
2001-12-06,COP,CVX,252,0.7041178729079131
2001-12-07,COP,CVX,252,0.7043911709117485
2001-12-10,COP,CVX,252,0.7051316121238934
2001-12-11,COP,CVX,252,0.7094942683731472
2001-12-12,COP,CVX,252,0.7080641815705919
2001-12-13,COP,CVX,252,0.7099536271839236
2001-12-14,COP,CVX,252,0.7061338241241214
2001-12-17,COP,CVX,252,0.7025549151551692
2001-12-18,COP,CVX,252,0.7027413754049474
2001-12-19,COP,CVX,252,0.7046685750597724
2001-12-20,COP,CVX,252,0.6982446868557687
2001-12-21,COP,CVX,252,0.7002650424714519
2001-12-24,COP,CVX,252,0.697417650660929
2001-12-26,COP,CVX,252,0.6981215340548851
2001-12-27,COP,CVX,252,0.6948379976785025
2001-12-28,COP,CVX,252,0.695099360052295
2001-12-31,COP,CVX,252,0.6930401773663213
2002-01-02,COP,CVX,252,0.6894164507571169
2002-01-03,COP,CVX,252,0.6911376962720492
2002-01-04,COP,CVX,252,0.694411104499163
2002-01-07,COP,CVX,252,0.6927138707385414
2002-01-08,COP,CVX,252,0.6923858994276927
2002-01-09,COP,CVX,252,0.6897969501210026
2002-01-10,COP,CVX,252,0.6891919872538796
2002-01-11,COP,CVX,252,0.6867056337217884
2002-01-14,COP,CVX,252,0.6858872662890022
2002-01-15,COP,CVX,252,0.685326062650681
2002-01-16,COP,CVX,252,0.6876202935336118
2002-01-17,COP,CVX,252,0.6872265237960691
2002-01-18,COP,CVX,252,0.6885374050518044
2002-01-22,COP,CVX,252,0.691809953549984
2002-01-23,COP,CVX,252,0.6921665990058433
2002-01-24,COP,CVX,252,0.6921686955793646
2002-01-25,COP,CVX,252,0.6922562180106716
2002-01-28,COP,CVX,252,0.692420041585825
2002-01-29,COP,CVX,252,0.6938120761648132
2002-01-30,COP,CVX,252,0.6837652399944544
2002-01-31,COP,CVX,252,0.681906689359113
2002-02-01,COP,CVX,252,0.6819784732073121
2002-02-04,COP,CVX,252,0.6863550980286358
2002-02-05,COP,CVX,252,0.6846602235569609
2002-02-06,COP,CVX,252,0.6833522766826106
2002-02-07,COP,CVX,252,0.6846526835028908
2002-02-08,COP,CVX,252,0.6855652108055678
2002-02-11,COP,CVX,252,0.7224873347183248
2002-02-12,COP,CVX,252,0.722957099839738
2002-02-13,COP,CVX,252,0.7293434347507659
2002-02-14,COP,CVX,252,0.7302439251964629
2002-02-15,COP,CVX,252,0.7286378604948511
2002-02-19,COP,CVX,252,0.7280870753716623
2002-02-20,COP,CVX,252,0.7305464500475206
2002-02-21,COP,CVX,252,0.732391634065086
2002-02-22,COP,CVX,252,0.734113864485988
2002-02-25,COP,CVX,252,0.7335385208820974
2002-02-26,COP,CVX,252,0.7330546705946516
2002-02-27,COP,CVX,252,0.7291222390055947
2002-02-28,COP,CVX,252,0.7257219098738056
2002-03-01,COP,CVX,252,0.7258055770617409
2002-03-04,COP,CVX,252,0.7261066032306953
2002-03-05,COP,CVX,252,0.7273737182482571
2002-03-06,COP,CVX,252,0.7330926354514007
2002-03-07,COP,CVX,252,0.7331211521173228
2002-03-08,COP,CVX,252,0.7310789917038044
2002-03-11,COP,CVX,252,0.7327923821046602
2002-03-12,COP,CVX,252,0.7327722034483796
2002-03-13,COP,CVX,252,0.7321331569121876
2002-03-14,COP,CVX,252,0.7300547754237261
2002-03-15,COP,CVX,252,0.729985222738231
2002-03-18,COP,CVX,252,0.7304272599474956
2002-03-19,COP,CVX,252,0.7289763532971675
2002-03-20,COP,CVX,252,0.7291173820334245
2002-03-21,COP,CVX,252,0.7293225029066003
2002-03-22,COP,CVX,252,0.7309553250944784
2002-03-25,COP,CVX,252,0.7311774962726978
2002-03-26,COP,CVX,252,0.7323147850348394
2002-03-27,COP,CVX,252,0.7331558339018862
2002-03-28,COP,CVX,252,0.7296524620363093
2002-04-01,COP,CVX,252,0.7322480993912036
2002-04-02,COP,CVX,252,0.7308495254753652
2002-04-03,COP,CVX,252,0.7323140988442028
2002-04-04,COP,CVX,252,0.7330305565534871
2002-04-05,COP,CVX,252,0.7329890792337321
2002-04-08,COP,CVX,252,0.7328095948696424
2002-04-09,COP,CVX,252,0.733392033851828
2002-04-10,COP,CVX,252,0.7330523382004496
2002-04-11,COP,CVX,252,0.7322333471465599
2002-04-12,COP,CVX,252,0.7327896972051361
2002-04-15,COP,CVX,252,0.7338491593111455
2002-04-16,COP,CVX,252,0.732069609913647
2002-04-17,COP,CVX,252,0.7309414189665957
2002-04-18,COP,CVX,252,0.7292053388521803
2002-04-19,COP,CVX,252,0.7299312518351594
2002-04-22,COP,CVX,252,0.7277687897893488
2002-04-23,COP,CVX,252,0.7280411771068482
2002-04-24,COP,CVX,252,0.7293261780392717
2002-04-25,COP,CVX,252,0.7294840470505007
2002-04-26,COP,CVX,252,0.729999552363374
2002-04-29,COP,CVX,252,0.727267059067027
2002-04-30,COP,CVX,252,0.7272331045370777
2002-05-01,COP,CVX,252,0.7264777633135749
2002-05-02,COP,CVX,252,0.7286654616967981
2002-05-03,COP,CVX,252,0.7287861335620303
2002-05-06,COP,CVX,252,0.7309948507694036
2002-05-07,COP,CVX,252,0.7304625757574965
2002-05-08,COP,CVX,252,0.7223317748117583
2002-05-09,COP,CVX,252,0.722106226487617
2002-05-10,COP,CVX,252,0.7204310151863943
2002-05-13,COP,CVX,252,0.721058401956224
2002-05-14,COP,CVX,252,0.7216476235285743
2002-05-15,COP,CVX,252,0.7205631066153838
2002-05-16,COP,CVX,252,0.7211435344939047
2002-05-17,COP,CVX,252,0.7217232460892725
2002-05-20,COP,CVX,252,0.7239470120461506
2002-05-21,COP,CVX,252,0.7231487979973092
2002-05-22,COP,CVX,252,0.7258632979866244
2002-05-23,COP,CVX,252,0.7275242149130409
2002-05-24,COP,CVX,252,0.724635298864536
2002-05-28,COP,CVX,252,0.7245633663651245
2002-05-29,COP,CVX,252,0.7258177271117683
2002-05-30,COP,CVX,252,0.7263243639328096
2002-05-31,COP,CVX,252,0.7268677979833815
2002-06-03,COP,CVX,252,0.727888282678887
2002-06-04,COP,CVX,252,0.7283767976626448
2002-06-05,COP,CVX,252,0.7286161322263942
2002-06-06,COP,CVX,252,0.7281154458858894
2002-06-07,COP,CVX,252,0.7292457379401729
2002-06-10,COP,CVX,252,0.7303622205108075
2002-06-11,COP,CVX,252,0.7300717047166227
2002-06-12,COP,CVX,252,0.7287603813808388
2002-06-13,COP,CVX,252,0.7298341668834434
2002-06-14,COP,CVX,252,0.7297659704388599
2002-06-17,COP,CVX,252,0.7341777172204473
2002-06-18,COP,CVX,252,0.7341853648045332
2002-06-19,COP,CVX,252,0.7337999060238412
2002-06-20,COP,CVX,252,0.7324159828563696
2002-06-21,COP,CVX,252,0.7325509384099246
2002-06-24,COP,CVX,252,0.7319550186510655
2002-06-25,COP,CVX,252,0.7317121708507437
2002-06-26,COP,CVX,252,0.7302039903335906
2002-06-27,COP,CVX,252,0.7302632604393398
2002-06-28,COP,CVX,252,0.7307478990841345
2002-07-01,COP,CVX,252,0.7335485725266522
2002-07-02,COP,CVX,252,0.7338228116575237
2002-07-03,COP,CVX,252,0.727687400101744
2002-07-05,COP,CVX,252,0.7321366487751565
2002-07-08,COP,CVX,252,0.7295135386802828
2002-07-09,COP,CVX,252,0.7306968975544577
2002-07-10,COP,CVX,252,0.734533613384561
2002-07-11,COP,CVX,252,0.7382104104003898
2002-07-12,COP,CVX,252,0.7377779666600505
2002-07-15,COP,CVX,252,0.7396390537875696
2002-07-16,COP,CVX,252,0.7408167569196841
2002-07-17,COP,CVX,252,0.740170888092656
2002-07-18,COP,CVX,252,0.74651521300311
2002-07-19,COP,CVX,252,0.7508091495216058
2002-07-22,COP,CVX,252,0.7614292981154165
2002-07-23,COP,CVX,252,0.7598414660779044
2002-07-24,COP,CVX,252,0.7676087677359786
2002-07-25,COP,CVX,252,0.7668627760068135
2002-07-26,COP,CVX,252,0.7667510672961821
2002-07-29,COP,CVX,252,0.7781262533540411
2002-07-30,COP,CVX,252,0.7733767742818105
2002-07-31,COP,CVX,252,0.7689491973012814
2002-08-01,COP,CVX,252,0.776994928651304
2002-08-02,COP,CVX,252,0.7751532866570134
2002-08-05,COP,CVX,252,0.7802773276981327
2002-08-06,COP,CVX,252,0.7850038195829713
2002-08-07,COP,CVX,252,0.7857074403097695
2002-08-08,COP,CVX,252,0.7906704171384296
2002-08-09,COP,CVX,252,0.7917527354367302
2002-08-12,COP,CVX,252,0.7916253648582718
2002-08-13,COP,CVX,252,0.7880415158883515
2002-08-14,COP,CVX,252,0.7909603899640482
2002-08-15,COP,CVX,252,0.7906882413530117
2002-08-16,COP,CVX,252,0.7904335377385999
2002-08-19,COP,CVX,252,0.7902136925021733
2002-08-20,COP,CVX,252,0.7908458166387656
2002-08-21,COP,CVX,252,0.7896863199842485
2002-08-22,COP,CVX,252,0.7906587219767903
2002-08-23,COP,CVX,252,0.7894004402511434
2002-08-26,COP,CVX,252,0.7892735241735099
2002-08-27,COP,CVX,252,0.7895858052193429
2002-08-28,COP,CVX,252,0.7915956671477683
2002-08-29,COP,CVX,252,0.7911650128362118
2002-08-30,COP,CVX,252,0.7909554933729948
2002-09-03,COP,CVX,252,0.7722994582290488
2002-09-04,COP,CVX,252,0.7656105770644119
2002-09-05,COP,CVX,252,0.7655800654089597
2002-09-06,COP,CVX,252,0.7622358592711567
2002-09-09,COP,CVX,252,0.7632652597606725
2002-09-10,COP,CVX,252,0.7642987241383675
2002-09-11,COP,CVX,252,0.7625752076812609
2002-09-12,COP,CVX,252,0.7622071289258757
2002-09-13,COP,CVX,252,0.7627719608536573
2002-09-16,COP,CVX,252,0.7617738797337683
2002-09-17,COP,CVX,252,0.7670024589552743
2002-09-18,COP,CVX,252,0.7649964749939906
2002-09-19,COP,CVX,252,0.7616315251470346
2002-09-20,COP,CVX,252,0.7592383525524621
2002-09-23,COP,CVX,252,0.7599222454078709
2002-09-24,COP,CVX,252,0.7560577537072493
2002-09-25,COP,CVX,252,0.7564926441747118
2002-09-26,COP,CVX,252,0.7574182138177405
2002-09-27,COP,CVX,252,0.7555852640327692
2002-09-30,COP,CVX,252,0.7572492547095299
2002-10-01,COP,CVX,252,0.7617824586515675
2002-10-02,COP,CVX,252,0.7607155201067665
2002-10-03,COP,CVX,252,0.7604780041198443
2002-10-04,COP,CVX,252,0.7610704696540048
2002-10-07,COP,CVX,252,0.7611062315425287
2002-10-08,COP,CVX,252,0.7578947152189831
2002-10-09,COP,CVX,252,0.7574374253442546
2002-10-10,COP,CVX,252,0.7541017769856486
2002-10-11,COP,CVX,252,0.7544327733709217
2002-10-14,COP,CVX,252,0.7592298455147867
2002-10-15,COP,CVX,252,0.7586101342486726
2002-10-16,COP,CVX,252,0.7583931611832385
2002-10-17,COP,CVX,252,0.7581450902740464
2002-10-18,COP,CVX,252,0.7527995348557657
2002-10-21,COP,CVX,252,0.7530236672379764
2002-10-22,COP,CVX,252,0.7565507429231972
2002-10-23,COP,CVX,252,0.7631069010528764
2002-10-24,COP,CVX,252,0.761021063954328
2002-10-25,COP,CVX,252,0.760297938863881
2002-10-28,COP,CVX,252,0.7597502225185533
2002-10-29,COP,CVX,252,0.7613153929120122
2002-10-30,COP,CVX,252,0.76738662492363
2002-10-31,COP,CVX,252,0.7571973259326582
2002-11-01,COP,CVX,252,0.7536162221834224
2002-11-04,COP,CVX,252,0.7516166825576329
2002-11-05,COP,CVX,252,0.7529309046049538
2002-11-06,COP,CVX,252,0.7535173042989619
2002-11-07,COP,CVX,252,0.7496318379869139
2002-11-08,COP,CVX,252,0.7500079978727132
2002-11-11,COP,CVX,252,0.7471825347885273
2002-11-12,COP,CVX,252,0.7471867036765519
2002-11-13,COP,CVX,252,0.7463379982958691
2002-11-14,COP,CVX,252,0.7452350399691335
2002-11-15,COP,CVX,252,0.7415483712401845
2002-11-18,COP,CVX,252,0.741964093434329
2002-11-19,COP,CVX,252,0.7476079015169632
2002-11-20,COP,CVX,252,0.7457858201888232
2002-11-21,COP,CVX,252,0.7447204687266421
2002-11-22,COP,CVX,252,0.745576777272173
2002-11-25,COP,CVX,252,0.7422573033284735
2002-11-26,COP,CVX,252,0.7437684327142181
2002-11-27,COP,CVX,252,0.744652869942444
2002-11-29,COP,CVX,252,0.7443825231006626
2002-12-02,COP,CVX,252,0.7440744116386109
2002-12-03,COP,CVX,252,0.7434316202801918
2002-12-04,COP,CVX,252,0.7434509967629386
2002-12-05,COP,CVX,252,0.7453941568377872
2002-12-06,COP,CVX,252,0.7457321381294594
2002-12-09,COP,CVX,252,0.7447621840375718
2002-12-10,COP,CVX,252,0.7453763231983869
2002-12-11,COP,CVX,252,0.7453969940763124
2002-12-12,COP,CVX,252,0.7451480360082955
2002-12-13,COP,CVX,252,0.7434821517433209
2002-12-16,COP,CVX,252,0.7475259826157242
2002-12-17,COP,CVX,252,0.7525111159157402
2002-12-18,COP,CVX,252,0.7524642400241545
2002-12-19,COP,CVX,252,0.7516512269448252
2002-12-20,COP,CVX,252,0.7515369434028434
2002-12-23,COP,CVX,252,0.7515186146683802
2002-12-24,COP,CVX,252,0.7523260038910231
2002-12-26,COP,CVX,252,0.75075624217264
2002-12-27,COP,CVX,252,0.7539407338810634
2002-12-30,COP,CVX,252,0.7547377586525088
2002-12-31,COP,CVX,252,0.7547946782695361
2003-01-02,COP,CVX,252,0.7561097990914664
2003-01-03,COP,CVX,252,0.7561725449271038
2003-01-06,COP,CVX,252,0.7580426094660989
2003-01-07,COP,CVX,252,0.7589929454975087
2003-01-08,COP,CVX,252,0.760124818065402
2003-01-09,COP,CVX,252,0.7601536544708629
2003-01-10,COP,CVX,252,0.75883715133489
2003-01-13,COP,CVX,252,0.7590609624402458
2003-01-14,COP,CVX,252,0.7601667220958314
2003-01-15,COP,CVX,252,0.7595603177370821
2003-01-16,COP,CVX,252,0.7584991440221964
2003-01-17,COP,CVX,252,0.758515398580203
2003-01-21,COP,CVX,252,0.7593367793023018
2003-01-22,COP,CVX,252,0.7581538194500415
2003-01-23,COP,CVX,252,0.7570787850007515
2003-01-24,COP,CVX,252,0.7585168124550339
2003-01-27,COP,CVX,252,0.7601566193932519
2003-01-28,COP,CVX,252,0.7615656428362944
2003-01-29,COP,CVX,252,0.7608223440144951
2003-01-30,COP,CVX,252,0.7708741799297142
2003-01-31,COP,CVX,252,0.7706876618629195
2003-02-03,COP,CVX,252,0.7719264379578739
2003-02-04,COP,CVX,252,0.7703723963079271
2003-02-05,COP,CVX,252,0.771564804646962
2003-02-06,COP,CVX,252,0.7715496820276789
2003-02-07,COP,CVX,252,0.7706046360993899
2003-02-10,COP,CVX,252,0.7694749847628899
2003-02-11,COP,CVX,252,0.7692050387417225
2003-02-12,COP,CVX,252,0.7694902660674466
2003-02-13,COP,CVX,252,0.7697223402966215
2003-02-14,COP,CVX,252,0.7703146555802148
2003-02-18,COP,CVX,252,0.769888375456695
2003-02-19,COP,CVX,252,0.7706556567960053
2003-02-20,COP,CVX,252,0.771476437199542
2003-02-21,COP,CVX,252,0.7706807815746121
2003-02-24,COP,CVX,252,0.7686302820796427
2003-02-25,COP,CVX,252,0.7692487943951914
2003-02-26,COP,CVX,252,0.7693667965219784
2003-02-27,COP,CVX,252,0.7723228575209906
2003-02-28,COP,CVX,252,0.7752103063674131
2003-03-03,COP,CVX,252,0.7750346652040694
2003-03-04,COP,CVX,252,0.7745337164603987
2003-03-05,COP,CVX,252,0.7718414998908512
2003-03-06,COP,CVX,252,0.771185643366639
2003-03-07,COP,CVX,252,0.7702738475064357
2003-03-10,COP,CVX,252,0.7707951099131575
2003-03-11,COP,CVX,252,0.7701265292316091
2003-03-12,COP,CVX,252,0.7703440523311121
2003-03-13,COP,CVX,252,0.7707709312840516
2003-03-14,COP,CVX,252,0.7712877569574086
2003-03-17,COP,CVX,252,0.771580929197424
2003-03-18,COP,CVX,252,0.7701002048326885
2003-03-19,COP,CVX,252,0.7700348762409909
2003-03-20,COP,CVX,252,0.7689675123789734
2003-03-21,COP,CVX,252,0.769386354608791
2003-03-24,COP,CVX,252,0.7692743823802038
2003-03-25,COP,CVX,252,0.7700178085467784
2003-03-26,COP,CVX,252,0.7699598995558198
2003-03-27,COP,CVX,252,0.7658958068992917
2003-03-28,COP,CVX,252,0.7648530696043256
2003-03-31,COP,CVX,252,0.7666452831543531
2003-04-01,COP,CVX,252,0.7678227749161256
2003-04-02,COP,CVX,252,0.7675568864021808
2003-04-03,COP,CVX,252,0.766872250058611
2003-04-04,COP,CVX,252,0.7673504607866064
2003-04-07,COP,CVX,252,0.7665217733740617
2003-04-08,COP,CVX,252,0.7667503899936979
2003-04-09,COP,CVX,252,0.7663991083640387
2003-04-10,COP,CVX,252,0.7659951289910248
2003-04-11,COP,CVX,252,0.7634352654850803
2003-04-14,COP,CVX,252,0.7627509197389403
2003-04-15,COP,CVX,252,0.7624151663161233
2003-04-16,COP,CVX,252,0.7624966502584092
2003-04-17,COP,CVX,252,0.7627104987813395
2003-04-21,COP,CVX,252,0.7614986377064656
2003-04-22,COP,CVX,252,0.7615045626466682
2003-04-23,COP,CVX,252,0.7614479684109497
2003-04-24,COP,CVX,252,0.761292721939858
2003-04-25,COP,CVX,252,0.7611331762192741
2003-04-28,COP,CVX,252,0.7612289148600532
2003-04-29,COP,CVX,252,0.7623040338660837
2003-04-30,COP,CVX,252,0.7625109731248887
2003-05-01,COP,CVX,252,0.7625992135430367
2003-05-02,COP,CVX,252,0.7638383885860395
2003-05-05,COP,CVX,252,0.760205806680557
2003-05-06,COP,CVX,252,0.7585073952658571
2003-05-07,COP,CVX,252,0.7579905914262322
2003-05-08,COP,CVX,252,0.7545239811547408
2003-05-09,COP,CVX,252,0.7534946639353596
2003-05-12,COP,CVX,252,0.7539382067442917
2003-05-13,COP,CVX,252,0.7532151047268467
2003-05-14,COP,CVX,252,0.7531422541003026
2003-05-15,COP,CVX,252,0.7526728311700379
2003-05-16,COP,CVX,252,0.7522461066222246
2003-05-19,COP,CVX,252,0.752665925833904
2003-05-20,COP,CVX,252,0.7526577080796336
2003-05-21,COP,CVX,252,0.7537089939086781
2003-05-22,COP,CVX,252,0.753307429603991
2003-05-23,COP,CVX,252,0.7533564990560527
2003-05-27,COP,CVX,252,0.7559735722739085
2003-05-28,COP,CVX,252,0.7554148483247031
2003-05-29,COP,CVX,252,0.7553596315006924
2003-05-30,COP,CVX,252,0.7557228715736405
2003-06-02,COP,CVX,252,0.756595145756587
2003-06-03,COP,CVX,252,0.75666112330856
2003-06-04,COP,CVX,252,0.7570748882565638
2003-06-05,COP,CVX,252,0.7562587463861496
2003-06-06,COP,CVX,252,0.756147268704511
2003-06-09,COP,CVX,252,0.7559174164923051
2003-06-10,COP,CVX,252,0.7558164914433261
2003-06-11,COP,CVX,252,0.7566576936538493
2003-06-12,COP,CVX,252,0.7566183949835612
2003-06-13,COP,CVX,252,0.7562534959279575
2003-06-16,COP,CVX,252,0.7558337511786587
2003-06-17,COP,CVX,252,0.7535003352789706
2003-06-18,COP,CVX,252,0.7535495031902514
2003-06-19,COP,CVX,252,0.7533500591670789
2003-06-20,COP,CVX,252,0.7534604611247075
2003-06-23,COP,CVX,252,0.754260539370215
2003-06-24,COP,CVX,252,0.7542188592403535
2003-06-25,COP,CVX,252,0.7547880328401709
2003-06-26,COP,CVX,252,0.7552197387332122
2003-06-27,COP,CVX,252,0.7542276751822956
2003-06-30,COP,CVX,252,0.7537725116363548
2003-07-01,COP,CVX,252,0.7538174380410535
2003-07-02,COP,CVX,252,0.7543653057934948
2003-07-03,COP,CVX,252,0.7550290402702593
2003-07-07,COP,CVX,252,0.7485543176568688
2003-07-08,COP,CVX,252,0.7479699970683485
2003-07-09,COP,CVX,252,0.7473343638129541
2003-07-10,COP,CVX,252,0.7453995348508217
2003-07-11,COP,CVX,252,0.7436357051846617
2003-07-14,COP,CVX,252,0.7429264605360074
2003-07-15,COP,CVX,252,0.7414149363260263
2003-07-16,COP,CVX,252,0.740758187402397
2003-07-17,COP,CVX,252,0.7402008020590607
2003-07-18,COP,CVX,252,0.7398541379187757
2003-07-21,COP,CVX,252,0.7342878398746487
2003-07-22,COP,CVX,252,0.7207921647176564
2003-07-23,COP,CVX,252,0.7217774868991226
2003-07-24,COP,CVX,252,0.7125318457947158
2003-07-25,COP,CVX,252,0.7130886644299511
2003-07-28,COP,CVX,252,0.7119851936136669
2003-07-29,COP,CVX,252,0.6999136486243845
2003-07-30,COP,CVX,252,0.7013967178668457
2003-07-31,COP,CVX,252,0.697297694682169
2003-08-01,COP,CVX,252,0.6817758400182931
2003-08-04,COP,CVX,252,0.682614186684286
2003-08-05,COP,CVX,252,0.6720777848689022
2003-08-06,COP,CVX,252,0.6625682875111627
2003-08-07,COP,CVX,252,0.6629011770472768
2003-08-08,COP,CVX,252,0.6536177142733824
2003-08-11,COP,CVX,252,0.6519675380709172
2003-08-12,COP,CVX,252,0.6527126101087745
2003-08-13,COP,CVX,252,0.6566904853553331
2003-08-14,COP,CVX,252,0.6511905174793466
2003-08-15,COP,CVX,252,0.6520833049583604
2003-08-18,COP,CVX,252,0.6507424739873627
2003-08-19,COP,CVX,252,0.6509798859653122
2003-08-20,COP,CVX,252,0.6475406913238491
2003-08-21,COP,CVX,252,0.6473857233460334
2003-08-22,COP,CVX,252,0.6457080209483896
2003-08-25,COP,CVX,252,0.6465001753068963
2003-08-26,COP,CVX,252,0.6465182637579111
2003-08-27,COP,CVX,252,0.6465463052556852
2003-08-28,COP,CVX,252,0.6472883160140827
2003-08-29,COP,CVX,252,0.6477403760022299
2003-09-02,COP,CVX,252,0.6488236702051624
2003-09-03,COP,CVX,252,0.6739213876450617
2003-09-04,COP,CVX,252,0.6839574855461339
2003-09-05,COP,CVX,252,0.6846792442453717
2003-09-08,COP,CVX,252,0.6914102385427494
2003-09-09,COP,CVX,252,0.6900456844329876
2003-09-10,COP,CVX,252,0.6885087065270871
2003-09-11,COP,CVX,252,0.6906408190433213
2003-09-12,COP,CVX,252,0.6903780332390238
2003-09-15,COP,CVX,252,0.6906358515471692
2003-09-16,COP,CVX,252,0.6920058518311152
2003-09-17,COP,CVX,252,0.6835400640016218
2003-09-18,COP,CVX,252,0.684143261554947
2003-09-19,COP,CVX,252,0.6834778371209139
2003-09-22,COP,CVX,252,0.6913922227668817
2003-09-23,COP,CVX,252,0.6910194801726776
2003-09-24,COP,CVX,252,0.6891509570348677
2003-09-25,COP,CVX,252,0.6878939864189373
2003-09-26,COP,CVX,252,0.6849090249285525
2003-09-29,COP,CVX,252,0.6771373147150157
2003-09-30,COP,CVX,252,0.6697131122136202
2003-10-01,COP,CVX,252,0.6577759862051029
2003-10-02,COP,CVX,252,0.6554771884766918
2003-10-03,COP,CVX,252,0.6547747011482724
2003-10-06,COP,CVX,252,0.6503257395590779
2003-10-07,COP,CVX,252,0.6512139857186217
2003-10-08,COP,CVX,252,0.6577335090980294
2003-10-09,COP,CVX,252,0.6554807666636702
2003-10-10,COP,CVX,252,0.6549443578294811
2003-10-13,COP,CVX,252,0.6556017198723945
2003-10-14,COP,CVX,252,0.6568598881847945
2003-10-15,COP,CVX,252,0.6541300066637533
2003-10-16,COP,CVX,252,0.6537498559826738
2003-10-17,COP,CVX,252,0.6535869399219973
2003-10-20,COP,CVX,252,0.6543215182804551
2003-10-21,COP,CVX,252,0.6537412507523735
2003-10-22,COP,CVX,252,0.6450283661763111
2003-10-23,COP,CVX,252,0.6427257515531996
2003-10-24,COP,CVX,252,0.6460938119113475
2003-10-27,COP,CVX,252,0.6467288841704647
2003-10-28,COP,CVX,252,0.6459829353847941
2003-10-29,COP,CVX,252,0.6361547915091823
2003-10-30,COP,CVX,252,0.6355592093982634
2003-10-31,COP,CVX,252,0.6549149313268054
2003-11-03,COP,CVX,252,0.6620075684374961
2003-11-04,COP,CVX,252,0.6601090835120776
2003-11-05,COP,CVX,252,0.655410993631586
2003-11-06,COP,CVX,252,0.6577424228710276
2003-11-07,COP,CVX,252,0.6681007752090251
2003-11-10,COP,CVX,252,0.6678868328637438
2003-11-11,COP,CVX,252,0.6630331662818841
2003-11-12,COP,CVX,252,0.6631549615862489
2003-11-13,COP,CVX,252,0.6629314873541668
2003-11-14,COP,CVX,252,0.6565930707319101
2003-11-17,COP,CVX,252,0.656202439558763
2003-11-18,COP,CVX,252,0.6569003080081213
2003-11-19,COP,CVX,252,0.6557333452822317
2003-11-20,COP,CVX,252,0.6550929305443475
2003-11-21,COP,CVX,252,0.6587840559879815
2003-11-24,COP,CVX,252,0.6542573937677642
2003-11-25,COP,CVX,252,0.6602126669429949
2003-11-26,COP,CVX,252,0.6529101567830153
2003-11-28,COP,CVX,252,0.6513031012213208
2003-12-01,COP,CVX,252,0.6522844924503634
2003-12-02,COP,CVX,252,0.6508561181873601
2003-12-03,COP,CVX,252,0.6493421085614866
2003-12-04,COP,CVX,252,0.6536444111423392
2003-12-05,COP,CVX,252,0.6547764475311525
2003-12-08,COP,CVX,252,0.6547286928324986
2003-12-09,COP,CVX,252,0.6551505604599022
2003-12-10,COP,CVX,252,0.6531923587937389
2003-12-11,COP,CVX,252,0.652899711994486
2003-12-12,COP,CVX,252,0.652267173920283
2003-12-15,COP,CVX,252,0.6558415802932646
2003-12-16,COP,CVX,252,0.6554077265652217
2003-12-17,COP,CVX,252,0.6592853841729449
2003-12-18,COP,CVX,252,0.6652952607278126
2003-12-19,COP,CVX,252,0.6645354604963972
2003-12-22,COP,CVX,252,0.6659112176828146
2003-12-23,COP,CVX,252,0.6665851020483892
2003-12-24,COP,CVX,252,0.6663757564585326
2003-12-26,COP,CVX,252,0.6699298668229688
2003-12-29,COP,CVX,252,0.665973208149527
2003-12-30,COP,CVX,252,0.6648185996410162
2003-12-31,COP,CVX,252,0.664649531371181
2004-01-02,COP,CVX,252,0.6605352441476009
2004-01-05,COP,CVX,252,0.6661444950568822
2004-01-06,COP,CVX,252,0.6626209778564681
2004-01-07,COP,CVX,252,0.6552031903951633
2004-01-08,COP,CVX,252,0.654591330547573
2004-01-09,COP,CVX,252,0.6546403654981073
2004-01-12,COP,CVX,252,0.655342667984511
2004-01-13,COP,CVX,252,0.6593761006857578
2004-01-14,COP,CVX,252,0.659031827423316
2004-01-15,COP,CVX,252,0.662761038069175
2004-01-16,COP,CVX,252,0.6635058571511774
2004-01-20,COP,CVX,252,0.6665756354520026
2004-01-21,COP,CVX,252,0.6634287040806395
2004-01-22,COP,CVX,252,0.6677906580036503
2004-01-23,COP,CVX,252,0.6700768697574083
2004-01-26,COP,CVX,252,0.6625380758743938
2004-01-27,COP,CVX,252,0.6529745628905189
2004-01-28,COP,CVX,252,0.6536198076369772
2004-01-29,COP,CVX,252,0.6537182554380998
2004-01-30,COP,CVX,252,0.6497864301740689
2004-02-02,COP,CVX,252,0.6502122375343491
2004-02-03,COP,CVX,252,0.6445826291310077
2004-02-04,COP,CVX,252,0.6484172176007782
2004-02-05,COP,CVX,252,0.6474546804967863
2004-02-06,COP,CVX,252,0.6461998956612058
2004-02-09,COP,CVX,252,0.6465334332588503
2004-02-10,COP,CVX,252,0.6506478835201951
2004-02-11,COP,CVX,252,0.6517078370375146
2004-02-12,COP,CVX,252,0.6489736681615569
2004-02-13,COP,CVX,252,0.6482164555479596
2004-02-17,COP,CVX,252,0.6472745295916104
2004-02-18,COP,CVX,252,0.6511486029563063
2004-02-19,COP,CVX,252,0.6508026536888544
2004-02-20,COP,CVX,252,0.6461655711107589
2004-02-23,COP,CVX,252,0.6494314648820403
2004-02-24,COP,CVX,252,0.6514701485882258
2004-02-25,COP,CVX,252,0.6532540376989604
2004-02-26,COP,CVX,252,0.6543656319756903
2004-02-27,COP,CVX,252,0.6550076491328394
2004-03-01,COP,CVX,252,0.6617781808923666
2004-03-02,COP,CVX,252,0.6664553103346025
2004-03-03,COP,CVX,252,0.6670009408995555
2004-03-04,COP,CVX,252,0.6752853516543184
2004-03-05,COP,CVX,252,0.6747325446512988
2004-03-08,COP,CVX,252,0.6798809184292629
2004-03-09,COP,CVX,252,0.6755323332508472
2004-03-10,COP,CVX,252,0.679600314428977
2004-03-11,COP,CVX,252,0.6825554776231428
2004-03-12,COP,CVX,252,0.6846799051351729
2004-03-15,COP,CVX,252,0.6856999154389105
2004-03-16,COP,CVX,252,0.6850890819243014
2004-03-17,COP,CVX,252,0.6885904594589856
2004-03-18,COP,CVX,252,0.6890568344115989
2004-03-19,COP,CVX,252,0.6961402608982846
2004-03-22,COP,CVX,252,0.698694516585614
2004-03-23,COP,CVX,252,0.6950662276947718
2004-03-24,COP,CVX,252,0.6967374575978775
2004-03-25,COP,CVX,252,0.6999936054355125
2004-03-26,COP,CVX,252,0.710980967093447
2004-03-29,COP,CVX,252,0.7141099004998012
2004-03-30,COP,CVX,252,0.720164204279421
2004-03-31,COP,CVX,252,0.7200125664089758
2004-04-01,COP,CVX,252,0.7144463659659337
2004-04-02,COP,CVX,252,0.7125024393729176
2004-04-05,COP,CVX,252,0.712883395837114
2004-04-06,COP,CVX,252,0.7115807363995686
2004-04-07,COP,CVX,252,0.711664569100091
2004-04-08,COP,CVX,252,0.7094653742407854
2004-04-12,COP,CVX,252,0.7126241677045573
2004-04-13,COP,CVX,252,0.7152251113572713
2004-04-14,COP,CVX,252,0.71464774137109
2004-04-15,COP,CVX,252,0.714986081203058
2004-04-16,COP,CVX,252,0.7137698852035897
2004-04-19,COP,CVX,252,0.71305571843301
2004-04-20,COP,CVX,252,0.722805795567059
2004-04-21,COP,CVX,252,0.7225027727430574
2004-04-22,COP,CVX,252,0.723679190136375
2004-04-23,COP,CVX,252,0.7206511285243059
2004-04-26,COP,CVX,252,0.7194073684327937
2004-04-27,COP,CVX,252,0.7190696409558945
2004-04-28,COP,CVX,252,0.7161502302449528
2004-04-29,COP,CVX,252,0.720595125380055
2004-04-30,COP,CVX,252,0.7179658616188204
2004-05-03,COP,CVX,252,0.7152640144272456
2004-05-04,COP,CVX,252,0.7263545537751959
2004-05-05,COP,CVX,252,0.728448093857926
2004-05-06,COP,CVX,252,0.732925743847838
2004-05-07,COP,CVX,252,0.7444705066937498
2004-05-10,COP,CVX,252,0.7517227971979803
2004-05-11,COP,CVX,252,0.7539915924075126
2004-05-12,COP,CVX,252,0.7521323262412074
2004-05-13,COP,CVX,252,0.7508740726535788
2004-05-14,COP,CVX,252,0.751124391034837
2004-05-17,COP,CVX,252,0.7502899449743852
2004-05-18,COP,CVX,252,0.7532947770773525
2004-05-19,COP,CVX,252,0.7526740156860295
2004-05-20,COP,CVX,252,0.7507811779648461
2004-05-21,COP,CVX,252,0.7503072647682101
2004-05-24,COP,CVX,252,0.7461442815310998
2004-05-25,COP,CVX,252,0.7437826152885882
2004-05-26,COP,CVX,252,0.7452837599940751
2004-05-27,COP,CVX,252,0.7462513314120911
2004-05-28,COP,CVX,252,0.7440840979866375
2004-06-01,COP,CVX,252,0.7409037567825135
2004-06-02,COP,CVX,252,0.7403876211655652
2004-06-03,COP,CVX,252,0.7410369517333321
2004-06-04,COP,CVX,252,0.7443892048385575
2004-06-07,COP,CVX,252,0.7499693827196758
2004-06-08,COP,CVX,252,0.7504853451006086
2004-06-09,COP,CVX,252,0.7509113064571118
2004-06-10,COP,CVX,252,0.75034972400733
2004-06-14,COP,CVX,252,0.7514230045322404
2004-06-15,COP,CVX,252,0.752083045993536
2004-06-16,COP,CVX,252,0.7556631937138352
2004-06-17,COP,CVX,252,0.7570627103719633
2004-06-18,COP,CVX,252,0.7568266824488331
2004-06-21,COP,CVX,252,0.7574275610510904
2004-06-22,COP,CVX,252,0.7576577516039953
2004-06-23,COP,CVX,252,0.7589042426281458
2004-06-24,COP,CVX,252,0.7595807946597463
2004-06-25,COP,CVX,252,0.7604898403735294
2004-06-28,COP,CVX,252,0.7618661316898874
2004-06-29,COP,CVX,252,0.7619983533818211
2004-06-30,COP,CVX,252,0.7626099863622707
2004-07-01,COP,CVX,252,0.7615374414345754
2004-07-02,COP,CVX,252,0.7617810715284649
2004-07-06,COP,CVX,252,0.7609358735077426
2004-07-07,COP,CVX,252,0.7756573528570068
2004-07-08,COP,CVX,252,0.777901499601944
2004-07-09,COP,CVX,252,0.777864678224814
2004-07-12,COP,CVX,252,0.7775269639832111
2004-07-13,COP,CVX,252,0.776728029055246
2004-07-14,COP,CVX,252,0.7804046637058862
2004-07-15,COP,CVX,252,0.7776813293886021
2004-07-16,COP,CVX,252,0.7781051445675824
2004-07-19,COP,CVX,252,0.7783910438449363
2004-07-20,COP,CVX,252,0.7756967002005779
2004-07-21,COP,CVX,252,0.776226411866263
2004-07-22,COP,CVX,252,0.7758850948658438
2004-07-23,COP,CVX,252,0.7756090864907138
2004-07-26,COP,CVX,252,0.775156850619097
2004-07-27,COP,CVX,252,0.7759662132670785
2004-07-28,COP,CVX,252,0.7758746323624249
2004-07-29,COP,CVX,252,0.7759356435993712
2004-07-30,COP,CVX,252,0.7754713182880986
2004-08-02,COP,CVX,252,0.7744600797600553
2004-08-03,COP,CVX,252,0.767327397139536
2004-08-04,COP,CVX,252,0.7746192506552859
2004-08-05,COP,CVX,252,0.7757732666747597
2004-08-06,COP,CVX,252,0.7818059083914324
2004-08-09,COP,CVX,252,0.7803580693342427
2004-08-10,COP,CVX,252,0.7800750405900893
2004-08-11,COP,CVX,252,0.7751882887517808
2004-08-12,COP,CVX,252,0.7750698772667944
2004-08-13,COP,CVX,252,0.7773631674226514
2004-08-16,COP,CVX,252,0.7783124476572519
2004-08-17,COP,CVX,252,0.7822787367149603
2004-08-18,COP,CVX,252,0.7818669549355275
2004-08-19,COP,CVX,252,0.7746763692168092
2004-08-20,COP,CVX,252,0.7756026814403777
2004-08-23,COP,CVX,252,0.7764040112004061
2004-08-24,COP,CVX,252,0.7718303297323045
2004-08-25,COP,CVX,252,0.7710608193880994
2004-08-26,COP,CVX,252,0.7714020274224683
2004-08-27,COP,CVX,252,0.7725541440622902
2004-08-30,COP,CVX,252,0.7712061881518139
2004-08-31,COP,CVX,252,0.7744432957443247
2004-09-01,COP,CVX,252,0.7745567857138381
2004-09-02,COP,CVX,252,0.7750154998175697
2004-09-03,COP,CVX,252,0.7752378288282953
2004-09-07,COP,CVX,252,0.7740912412255508
2004-09-08,COP,CVX,252,0.7728371672223825
2004-09-09,COP,CVX,252,0.7775175476299663
2004-09-10,COP,CVX,252,0.776849500472638
2004-09-13,COP,CVX,252,0.7739485482752493
2004-09-14,COP,CVX,252,0.7751779459124227
2004-09-15,COP,CVX,252,0.7751101690099562
2004-09-16,COP,CVX,252,0.7752690455216731
2004-09-17,COP,CVX,252,0.7737423417352645
2004-09-20,COP,CVX,252,0.7738742625844055
2004-09-21,COP,CVX,252,0.7803883618098681
2004-09-22,COP,CVX,252,0.7809381938510184
2004-09-23,COP,CVX,252,0.7790821665134462
2004-09-24,COP,CVX,252,0.7789866664955395
2004-09-27,COP,CVX,252,0.7692425776430549
2004-09-28,COP,CVX,252,0.7662716484231717
2004-09-29,COP,CVX,252,0.7678222879603422
2004-09-30,COP,CVX,252,0.76736330469374
2004-10-01,COP,CVX,252,0.7677590033397159
2004-10-04,COP,CVX,252,0.7697990475741353
2004-10-05,COP,CVX,252,0.7703100131198612
2004-10-06,COP,CVX,252,0.7725160980098137
2004-10-07,COP,CVX,252,0.7709198703097219
2004-10-08,COP,CVX,252,0.7691940486225556
2004-10-11,COP,CVX,252,0.7701014867140568
2004-10-12,COP,CVX,252,0.7708622006529209
2004-10-13,COP,CVX,252,0.7753254831521854
2004-10-14,COP,CVX,252,0.7758729478842706
2004-10-15,COP,CVX,252,0.774917383260493
2004-10-18,COP,CVX,252,0.7761630156282256
2004-10-19,COP,CVX,252,0.7761481975112406
2004-10-20,COP,CVX,252,0.7795335969187029
2004-10-21,COP,CVX,252,0.7795181876129481
2004-10-22,COP,CVX,252,0.7762574718051484
2004-10-25,COP,CVX,252,0.7763842515646826
2004-10-26,COP,CVX,252,0.7788890269639075
2004-10-27,COP,CVX,252,0.7794020149136469
2004-10-28,COP,CVX,252,0.7807351728954102
2004-10-29,COP,CVX,252,0.7818016185657611
2004-11-01,COP,CVX,252,0.7830812010269779
2004-11-02,COP,CVX,252,0.7903193890399699
2004-11-03,COP,CVX,252,0.7930383571970999
2004-11-04,COP,CVX,252,0.7952271047449961
2004-11-05,COP,CVX,252,0.7966546853913183
2004-11-08,COP,CVX,252,0.798563648790896
2004-11-09,COP,CVX,252,0.7978324497921511
2004-11-10,COP,CVX,252,0.796855780679202
2004-11-11,COP,CVX,252,0.8015867305730364
2004-11-12,COP,CVX,252,0.7977772666847012
2004-11-15,COP,CVX,252,0.7971870395884977
2004-11-16,COP,CVX,252,0.7973955871550922
2004-11-17,COP,CVX,252,0.796670790333568
2004-11-18,COP,CVX,252,0.7957222162025825
2004-11-19,COP,CVX,252,0.7973118713651343
2004-11-22,COP,CVX,252,0.7985807732904439
2004-11-23,COP,CVX,252,0.795614059179512
2004-11-24,COP,CVX,252,0.7954000852834601
2004-11-26,COP,CVX,252,0.7962399193096645
2004-11-29,COP,CVX,252,0.7971024384808258
2004-11-30,COP,CVX,252,0.7959693980081295
2004-12-01,COP,CVX,252,0.7989557349231567
2004-12-02,COP,CVX,252,0.8032725954575494
2004-12-03,COP,CVX,252,0.8047571196025706
2004-12-06,COP,CVX,252,0.8028454406287129
2004-12-07,COP,CVX,252,0.804351018865015
2004-12-08,COP,CVX,252,0.8052880720350224
2004-12-09,COP,CVX,252,0.8052217629212334
2004-12-10,COP,CVX,252,0.8052691304524202
2004-12-13,COP,CVX,252,0.8046560818955977
2004-12-14,COP,CVX,252,0.8004618243416641
2004-12-15,COP,CVX,252,0.7957700736135027
2004-12-16,COP,CVX,252,0.7961535565520694
2004-12-17,COP,CVX,252,0.7951693658910954
2004-12-20,COP,CVX,252,0.7918966162007578
2004-12-21,COP,CVX,252,0.7914325337972477
2004-12-22,COP,CVX,252,0.792226067318123
2004-12-23,COP,CVX,252,0.791860745953588
2004-12-27,COP,CVX,252,0.7935759905206281
2004-12-28,COP,CVX,252,0.7934193728993842
2004-12-29,COP,CVX,252,0.7955407120094159
2004-12-30,COP,CVX,252,0.7955812471533721
2004-12-31,COP,CVX,252,0.795586421791084
2005-01-03,COP,CVX,252,0.801468218323321
2005-01-04,COP,CVX,252,0.7992330673291151
2005-01-05,COP,CVX,252,0.7991996409271339
2005-01-06,COP,CVX,252,0.8005487877364867
2005-01-07,COP,CVX,252,0.8010341234782322
2005-01-10,COP,CVX,252,0.8011427411997073
2005-01-11,COP,CVX,252,0.8022399803126679
2005-01-12,COP,CVX,252,0.8039642346819871
2005-01-13,COP,CVX,252,0.7981611751975292
2005-01-14,COP,CVX,252,0.796560640341771
2005-01-18,COP,CVX,252,0.7970569350771533
2005-01-19,COP,CVX,252,0.7959941801897024
2005-01-20,COP,CVX,252,0.7972094116116718
2005-01-21,COP,CVX,252,0.7969659763982715
2005-01-24,COP,CVX,252,0.797725002928331
2005-01-25,COP,CVX,252,0.797297538446328
2005-01-26,COP,CVX,252,0.7979165472329475
2005-01-27,COP,CVX,252,0.7968011613478608
2005-01-28,COP,CVX,252,0.7963898683045498
2005-01-31,COP,CVX,252,0.7965888359494638
2005-02-01,COP,CVX,252,0.798546038675048
2005-02-02,COP,CVX,252,0.7983653594538914
2005-02-03,COP,CVX,252,0.7977664436472829
2005-02-04,COP,CVX,252,0.797437396474844
2005-02-07,COP,CVX,252,0.797030814383551
2005-02-08,COP,CVX,252,0.7972252962910586
2005-02-09,COP,CVX,252,0.7957890444695702
2005-02-10,COP,CVX,252,0.7980276926347479
2005-02-11,COP,CVX,252,0.7958646387660202
2005-02-14,COP,CVX,252,0.7955342792046026
2005-02-15,COP,CVX,252,0.7950620967083475
2005-02-16,COP,CVX,252,0.7975632134668865
2005-02-17,COP,CVX,252,0.7961113802379007
2005-02-18,COP,CVX,252,0.7980901531882968
2005-02-22,COP,CVX,252,0.7987958635754002
2005-02-23,COP,CVX,252,0.7993180480098916
2005-02-24,COP,CVX,252,0.8007879963772493
2005-02-25,COP,CVX,252,0.8017545240225994
2005-02-28,COP,CVX,252,0.7996164690706887
2005-03-01,COP,CVX,252,0.7996858802044827
2005-03-02,COP,CVX,252,0.7988625473402753
2005-03-03,COP,CVX,252,0.7961492727946945
2005-03-04,COP,CVX,252,0.7964560848686203
2005-03-07,COP,CVX,252,0.7962103188405952
2005-03-08,COP,CVX,252,0.7919951542022705
2005-03-09,COP,CVX,252,0.7969860892613775
2005-03-10,COP,CVX,252,0.794584309867267
2005-03-11,COP,CVX,252,0.7927199756287784
2005-03-14,COP,CVX,252,0.7915541436493106
2005-03-15,COP,CVX,252,0.7922968288318681
2005-03-16,COP,CVX,252,0.7922940462753546
2005-03-17,COP,CVX,252,0.7940478613779586
2005-03-18,COP,CVX,252,0.795388820090136
2005-03-21,COP,CVX,252,0.7943181787763173
2005-03-22,COP,CVX,252,0.796030781001484
2005-03-23,COP,CVX,252,0.7982433011371557
2005-03-24,COP,CVX,252,0.7964871018228133
2005-03-28,COP,CVX,252,0.7948159186841802
2005-03-29,COP,CVX,252,0.7948120003910784
2005-03-30,COP,CVX,252,0.7951529033714669
2005-03-31,COP,CVX,252,0.7887693328923169
2005-04-01,COP,CVX,252,0.7904640708391444
2005-04-04,COP,CVX,252,0.7724217679242047
2005-04-05,COP,CVX,252,0.7752368283018638
2005-04-06,COP,CVX,252,0.7776097527795688
2005-04-07,COP,CVX,252,0.7739301152256075
2005-04-08,COP,CVX,252,0.7740713731876098
2005-04-11,COP,CVX,252,0.7750666254738456
2005-04-12,COP,CVX,252,0.7760214883923915
2005-04-13,COP,CVX,252,0.7798222314246903
2005-04-14,COP,CVX,252,0.7799639339330477
2005-04-15,COP,CVX,252,0.7858502901805227
2005-04-18,COP,CVX,252,0.7846741394466974
2005-04-19,COP,CVX,252,0.7857518153649546
2005-04-20,COP,CVX,252,0.7827209106211355
2005-04-21,COP,CVX,252,0.7843544787902267
2005-04-22,COP,CVX,252,0.785131980091396
2005-04-25,COP,CVX,252,0.7857787177215206
2005-04-26,COP,CVX,252,0.786987845032257
2005-04-27,COP,CVX,252,0.7911680993595038
2005-04-28,COP,CVX,252,0.7922952068265491
2005-04-29,COP,CVX,252,0.7931496866252843
2005-05-02,COP,CVX,252,0.7960901579711029
2005-05-03,COP,CVX,252,0.7935994308485156
2005-05-04,COP,CVX,252,0.7936287288861933
2005-05-05,COP,CVX,252,0.7927853332335463
2005-05-06,COP,CVX,252,0.7915605446889429
2005-05-09,COP,CVX,252,0.7906526078604388
2005-05-10,COP,CVX,252,0.7894616386390592
2005-05-11,COP,CVX,252,0.7882645564617732
2005-05-12,COP,CVX,252,0.7930180811837809
2005-05-13,COP,CVX,252,0.7952741887999702
2005-05-16,COP,CVX,252,0.7963902190883632
2005-05-17,COP,CVX,252,0.7983228448019801
2005-05-18,COP,CVX,252,0.796364497844522
2005-05-19,COP,CVX,252,0.7976708983143258
2005-05-20,COP,CVX,252,0.7973634907875674
2005-05-23,COP,CVX,252,0.798892587458647
2005-05-24,COP,CVX,252,0.8012070503334903
2005-05-25,COP,CVX,252,0.8004241643532077
2005-05-26,COP,CVX,252,0.7990934494489348
2005-05-27,COP,CVX,252,0.7998879847062225
2005-05-31,COP,CVX,252,0.7975874292400162
2005-06-01,COP,CVX,252,0.7994059130500649
2005-06-02,COP,CVX,252,0.7994303206296427
2005-06-03,COP,CVX,252,0.7998868014833644
2005-06-06,COP,CVX,252,0.7990319972612088
2005-06-07,COP,CVX,252,0.7963999580879226
2005-06-08,COP,CVX,252,0.7954712600166233
2005-06-09,COP,CVX,252,0.7974374752013254
2005-06-10,COP,CVX,252,0.7958321513191441
2005-06-13,COP,CVX,252,0.795086285250115
2005-06-14,COP,CVX,252,0.7946042385852742
2005-06-15,COP,CVX,252,0.7941259093665598
2005-06-16,COP,CVX,252,0.7957911456901948
2005-06-17,COP,CVX,252,0.797085210146523
2005-06-20,COP,CVX,252,0.7946373944790627
2005-06-21,COP,CVX,252,0.7927805605520114
2005-06-22,COP,CVX,252,0.7909752377354657
2005-06-23,COP,CVX,252,0.7904555386963206
2005-06-24,COP,CVX,252,0.7878525318786546
2005-06-27,COP,CVX,252,0.7879164674651046
2005-06-28,COP,CVX,252,0.7873296524830534
2005-06-29,COP,CVX,252,0.7873023357923049
2005-06-30,COP,CVX,252,0.7872921156107903
2005-07-01,COP,CVX,252,0.7890791802851486
2005-07-05,COP,CVX,252,0.7928849645297703
2005-07-06,COP,CVX,252,0.7958509180457641
2005-07-07,COP,CVX,252,0.7961786132308156
2005-07-08,COP,CVX,252,0.7965277127082964
2005-07-11,COP,CVX,252,0.7956425240619327
2005-07-12,COP,CVX,252,0.795670854342155
2005-07-13,COP,CVX,252,0.7955309358771452
2005-07-14,COP,CVX,252,0.795168743524485
2005-07-15,COP,CVX,252,0.7951117958879733
2005-07-18,COP,CVX,252,0.7951146797184818
2005-07-19,COP,CVX,252,0.79668333867941
2005-07-20,COP,CVX,252,0.7961752461793332
2005-07-21,COP,CVX,252,0.7966557986873471
2005-07-22,COP,CVX,252,0.797358946049369
2005-07-25,COP,CVX,252,0.798435448555388
2005-07-26,COP,CVX,252,0.7988404547123321
2005-07-27,COP,CVX,252,0.7992230583335805
2005-07-28,COP,CVX,252,0.7989984214732339
2005-07-29,COP,CVX,252,0.7998995207772085
2005-08-01,COP,CVX,252,0.8005388157586417
2005-08-02,COP,CVX,252,0.8063769714455334
2005-08-03,COP,CVX,252,0.7995648933445544
2005-08-04,COP,CVX,252,0.7990777052304705
2005-08-05,COP,CVX,252,0.796396197256257
2005-08-08,COP,CVX,252,0.797092506877817
2005-08-09,COP,CVX,252,0.7970950013211412
2005-08-10,COP,CVX,252,0.8010946528777018
2005-08-11,COP,CVX,252,0.8001685280960923
2005-08-12,COP,CVX,252,0.799509234866944
2005-08-15,COP,CVX,252,0.7987620622066325
2005-08-16,COP,CVX,252,0.7990516376355988
2005-08-17,COP,CVX,252,0.7987066964448708
2005-08-18,COP,CVX,252,0.8029479428212888
2005-08-19,COP,CVX,252,0.8030772241450772
2005-08-22,COP,CVX,252,0.8022719710063557
2005-08-23,COP,CVX,252,0.8048120087267632
2005-08-24,COP,CVX,252,0.8047184087982212
2005-08-25,COP,CVX,252,0.8044690988207157
2005-08-26,COP,CVX,252,0.8042960349373437
2005-08-29,COP,CVX,252,0.8030693872100918
2005-08-30,COP,CVX,252,0.8036432707550296
2005-08-31,COP,CVX,252,0.8039023858838356
2005-09-01,COP,CVX,252,0.8049856558367369
2005-09-02,COP,CVX,252,0.80177687562286
2005-09-06,COP,CVX,252,0.8017704738847393
2005-09-07,COP,CVX,252,0.8018657556118568
2005-09-08,COP,CVX,252,0.8000386996921061
2005-09-09,COP,CVX,252,0.8021209613046814
2005-09-12,COP,CVX,252,0.8042958080842879
2005-09-13,COP,CVX,252,0.8051109312670761
2005-09-14,COP,CVX,252,0.8038679019989463
2005-09-15,COP,CVX,252,0.8038708651604278
2005-09-16,COP,CVX,252,0.8054424718265087
2005-09-19,COP,CVX,252,0.8059425215346686
2005-09-20,COP,CVX,252,0.801946316586267
2005-09-21,COP,CVX,252,0.8002002498428636
2005-09-22,COP,CVX,252,0.8015269988248617
2005-09-23,COP,CVX,252,0.8015276365369255
2005-09-26,COP,CVX,252,0.8079551365299299
2005-09-27,COP,CVX,252,0.808930003347272
2005-09-28,COP,CVX,252,0.8086538626855864
2005-09-29,COP,CVX,252,0.8105646984965523
2005-09-30,COP,CVX,252,0.8115393134032515
2005-10-03,COP,CVX,252,0.8116718121714765
2005-10-04,COP,CVX,252,0.8146998252640554
2005-10-05,COP,CVX,252,0.809083835444413
2005-10-06,COP,CVX,252,0.8100655952546267
2005-10-07,COP,CVX,252,0.8116512075593623
2005-10-10,COP,CVX,252,0.8113987368983341
2005-10-11,COP,CVX,252,0.8119192392095611
2005-10-12,COP,CVX,252,0.810879771893713
2005-10-13,COP,CVX,252,0.813471708539555
2005-10-14,COP,CVX,252,0.8111036776791375
2005-10-17,COP,CVX,252,0.8113051289517083
2005-10-18,COP,CVX,252,0.8182163978252658
2005-10-19,COP,CVX,252,0.8189087353106337
2005-10-20,COP,CVX,252,0.8271775718291882
2005-10-21,COP,CVX,252,0.8280461595108863
2005-10-24,COP,CVX,252,0.8305422642460232
2005-10-25,COP,CVX,252,0.8301723521899985
2005-10-26,COP,CVX,252,0.8261992307170126
2005-10-27,COP,CVX,252,0.8278605138584105
2005-10-28,COP,CVX,252,0.8273014077543717
2005-10-31,COP,CVX,252,0.8192551510615399
2005-11-01,COP,CVX,252,0.8199173600810123
2005-11-02,COP,CVX,252,0.8182723363465031
2005-11-03,COP,CVX,252,0.8182715835701592
2005-11-04,COP,CVX,252,0.8205830925394197
2005-11-07,COP,CVX,252,0.8198610389721913
2005-11-08,COP,CVX,252,0.8203816176292092
2005-11-09,COP,CVX,252,0.8216611060764013
2005-11-10,COP,CVX,252,0.8209519525633876
2005-11-11,COP,CVX,252,0.823342544164778
2005-11-14,COP,CVX,252,0.824064830783342
2005-11-15,COP,CVX,252,0.8236029235575533
2005-11-16,COP,CVX,252,0.8254325786962643
2005-11-17,COP,CVX,252,0.8202077429259703
2005-11-18,COP,CVX,252,0.8155523605164322
2005-11-21,COP,CVX,252,0.8150955281655977
2005-11-22,COP,CVX,252,0.8160558590499922
2005-11-23,COP,CVX,252,0.8161215864216461
2005-11-25,COP,CVX,252,0.8161176697385744
2005-11-28,COP,CVX,252,0.8183646633004251
2005-11-29,COP,CVX,252,0.8181924595067059
2005-11-30,COP,CVX,252,0.8166029774657072
2005-12-01,COP,CVX,252,0.8176915198588135
2005-12-02,COP,CVX,252,0.815491205920735
2005-12-05,COP,CVX,252,0.8157529442396347
2005-12-06,COP,CVX,252,0.8150825983328994
2005-12-07,COP,CVX,252,0.8151662586381967
2005-12-08,COP,CVX,252,0.8152736574593814
2005-12-09,COP,CVX,252,0.8159064852391278
2005-12-12,COP,CVX,252,0.8048173215623553
2005-12-13,COP,CVX,252,0.8036975521414328
2005-12-14,COP,CVX,252,0.805281233625588
2005-12-15,COP,CVX,252,0.8046087143201452
2005-12-16,COP,CVX,252,0.806251673924039
2005-12-19,COP,CVX,252,0.7987622215266739
2005-12-20,COP,CVX,252,0.7989750145094308
2005-12-21,COP,CVX,252,0.7986285492526519
2005-12-22,COP,CVX,252,0.7988458649606568
2005-12-23,COP,CVX,252,0.7981791303964999
2005-12-27,COP,CVX,252,0.8001937786705601
2005-12-28,COP,CVX,252,0.8004188799849303
2005-12-29,COP,CVX,252,0.800327066869267
2005-12-30,COP,CVX,252,0.8004253536585582
2006-01-03,COP,CVX,252,0.8011274917864557
2006-01-04,COP,CVX,252,0.8009538959378903
2006-01-05,COP,CVX,252,0.8009448588398818
2006-01-06,COP,CVX,252,0.8016942637179527
2006-01-09,COP,CVX,252,0.8015798052835807
2006-01-10,COP,CVX,252,0.8011193148822272
2006-01-11,COP,CVX,252,0.8002580912478179
2006-01-12,COP,CVX,252,0.7995552940314908
2006-01-13,COP,CVX,252,0.8022312065127346
2006-01-17,COP,CVX,252,0.8036359232770585
2006-01-18,COP,CVX,252,0.8036423946659871
2006-01-19,COP,CVX,252,0.8033748871276036
2006-01-20,COP,CVX,252,0.8012419269914245
2006-01-23,COP,CVX,252,0.799726208454249
2006-01-24,COP,CVX,252,0.7994193824853815
2006-01-25,COP,CVX,252,0.8002101468796983
2006-01-26,COP,CVX,252,0.795847927898904
2006-01-27,COP,CVX,252,0.7954481168130302
2006-01-30,COP,CVX,252,0.7955117922873138
2006-01-31,COP,CVX,252,0.7936225896927667
2006-02-01,COP,CVX,252,0.7926650163409977
2006-02-02,COP,CVX,252,0.7927210888365546
2006-02-03,COP,CVX,252,0.7942741351450064
2006-02-06,COP,CVX,252,0.791546756467369
2006-02-07,COP,CVX,252,0.7928699136826776
2006-02-08,COP,CVX,252,0.7927832487721502
2006-02-09,COP,CVX,252,0.7939209426133537
2006-02-10,COP,CVX,252,0.7921413252287494
2006-02-13,COP,CVX,252,0.7934484811476462
2006-02-14,COP,CVX,252,0.7935671786378968
2006-02-15,COP,CVX,252,0.7924754261275763
2006-02-16,COP,CVX,252,0.7897882477760017
2006-02-17,COP,CVX,252,0.7916299880153164
2006-02-21,COP,CVX,252,0.7911742972294534
2006-02-22,COP,CVX,252,0.7917516945379428
2006-02-23,COP,CVX,252,0.7914459216762725
2006-02-24,COP,CVX,252,0.7904788496278871
2006-02-27,COP,CVX,252,0.7901588283108167
2006-02-28,COP,CVX,252,0.7918957496475567
2006-03-01,COP,CVX,252,0.7910803543613725
2006-03-02,COP,CVX,252,0.7889590623637245
2006-03-03,COP,CVX,252,0.7903284988773848
2006-03-06,COP,CVX,252,0.7917311799587213
2006-03-07,COP,CVX,252,0.7920586464012367
2006-03-08,COP,CVX,252,0.7941836213088975
2006-03-09,COP,CVX,252,0.7921962515752264
2006-03-10,COP,CVX,252,0.792817118533936
2006-03-13,COP,CVX,252,0.7935269181826834
2006-03-14,COP,CVX,252,0.7929231400527625
2006-03-15,COP,CVX,252,0.7920691062739055
2006-03-16,COP,CVX,252,0.7909457926316134
2006-03-17,COP,CVX,252,0.7910017303325165
2006-03-20,COP,CVX,252,0.7901997434766302
2006-03-21,COP,CVX,252,0.7897869666436343
2006-03-22,COP,CVX,252,0.7875693587901165
2006-03-23,COP,CVX,252,0.7867490733126721
2006-03-24,COP,CVX,252,0.7865368426051252
2006-03-27,COP,CVX,252,0.7870906032711678
2006-03-28,COP,CVX,252,0.7854550836916951
2006-03-29,COP,CVX,252,0.785989918896671
2006-03-30,COP,CVX,252,0.7877335692717671
2006-03-31,COP,CVX,252,0.786916411232756
2006-04-03,COP,CVX,252,0.8006530499835455
2006-04-04,COP,CVX,252,0.7999538750537875
2006-04-05,COP,CVX,252,0.7994621336898584
2006-04-06,COP,CVX,252,0.8012243274741564
2006-04-07,COP,CVX,252,0.8027922576510775
2006-04-10,COP,CVX,252,0.8024928510880487
2006-04-11,COP,CVX,252,0.8005143477455022
2006-04-12,COP,CVX,252,0.7972310179823692
2006-04-13,COP,CVX,252,0.7972224002954397
2006-04-17,COP,CVX,252,0.7932686364170756
2006-04-18,COP,CVX,252,0.7961536175722366
2006-04-19,COP,CVX,252,0.7954679153538162
2006-04-20,COP,CVX,252,0.7968120566570255
2006-04-21,COP,CVX,252,0.7987788093782962
2006-04-24,COP,CVX,252,0.7964080031797349
2006-04-25,COP,CVX,252,0.7963944921404611
2006-04-26,COP,CVX,252,0.7951538023381105
2006-04-27,COP,CVX,252,0.7930395752710214
2006-04-28,COP,CVX,252,0.7930455279416058
2006-05-01,COP,CVX,252,0.7918055911795686
2006-05-02,COP,CVX,252,0.7919025502488016
2006-05-03,COP,CVX,252,0.7929835553515566
2006-05-04,COP,CVX,252,0.7917875287729417
2006-05-05,COP,CVX,252,0.7916737336911438
2006-05-08,COP,CVX,252,0.7920626607834069
2006-05-09,COP,CVX,252,0.7903496343923668
2006-05-10,COP,CVX,252,0.7896139020148514
2006-05-11,COP,CVX,252,0.7892607709870427
2006-05-12,COP,CVX,252,0.7874134082957115
2006-05-15,COP,CVX,252,0.7875295637437507
2006-05-16,COP,CVX,252,0.784965760748636
2006-05-17,COP,CVX,252,0.7859581175031952
2006-05-18,COP,CVX,252,0.7864804953387051
2006-05-19,COP,CVX,252,0.7854342494270211
2006-05-22,COP,CVX,252,0.7857243497740347
2006-05-23,COP,CVX,252,0.7845019059273599
2006-05-24,COP,CVX,252,0.7848158945700098
2006-05-25,COP,CVX,252,0.7856384781546042
2006-05-26,COP,CVX,252,0.7865914538416994
2006-05-30,COP,CVX,252,0.7869559399310307
2006-05-31,COP,CVX,252,0.7903590376207694
2006-06-01,COP,CVX,252,0.7893197846538985
2006-06-02,COP,CVX,252,0.7899958992966079
2006-06-05,COP,CVX,252,0.7923830866806055
2006-06-06,COP,CVX,252,0.7930004371662647
2006-06-07,COP,CVX,252,0.793654852057732
2006-06-08,COP,CVX,252,0.7937971296698346
2006-06-09,COP,CVX,252,0.7918009923152979
2006-06-12,COP,CVX,252,0.791605432445792
2006-06-13,COP,CVX,252,0.792893127091652
2006-06-14,COP,CVX,252,0.7944914046830801
2006-06-15,COP,CVX,252,0.7971246177913285
2006-06-16,COP,CVX,252,0.7961209068773686
2006-06-19,COP,CVX,252,0.7966229496781074
2006-06-20,COP,CVX,252,0.7979715188088773
2006-06-21,COP,CVX,252,0.7991862893451793
2006-06-22,COP,CVX,252,0.8003898731758592
2006-06-23,COP,CVX,252,0.8009502689867765
2006-06-26,COP,CVX,252,0.802888570980281
2006-06-27,COP,CVX,252,0.8027752240018093
2006-06-28,COP,CVX,252,0.8048319406367994
2006-06-29,COP,CVX,252,0.8060590962833102
2006-06-30,COP,CVX,252,0.8070604882767828
2006-07-03,COP,CVX,252,0.806173897562449
2006-07-05,COP,CVX,252,0.8031787771746411
2006-07-06,COP,CVX,252,0.8023969649458995
2006-07-07,COP,CVX,252,0.8022841345376762
2006-07-10,COP,CVX,252,0.8017924600605494
2006-07-11,COP,CVX,252,0.8021078051484823
2006-07-12,COP,CVX,252,0.8017105293541877
2006-07-13,COP,CVX,252,0.8008475792845219
2006-07-14,COP,CVX,252,0.7983887913702931
2006-07-17,COP,CVX,252,0.8008530242582226
2006-07-18,COP,CVX,252,0.8006160565482034
2006-07-19,COP,CVX,252,0.7996627262643514
2006-07-20,COP,CVX,252,0.8003863667504822
2006-07-21,COP,CVX,252,0.8006415596160086
2006-07-24,COP,CVX,252,0.8023663991831312
2006-07-25,COP,CVX,252,0.8021178668865183
2006-07-26,COP,CVX,252,0.8022276542307443
2006-07-27,COP,CVX,252,0.8019548838678159
2006-07-28,COP,CVX,252,0.7965198512763461
2006-07-31,COP,CVX,252,0.795122743096143
2006-08-01,COP,CVX,252,0.7946963383301374
2006-08-02,COP,CVX,252,0.7929511913448594
2006-08-03,COP,CVX,252,0.7959222772392858
2006-08-04,COP,CVX,252,0.7957328101527656
2006-08-07,COP,CVX,252,0.7890942082238203
2006-08-08,COP,CVX,252,0.7880474614978936
2006-08-09,COP,CVX,252,0.7875825798054995
2006-08-10,COP,CVX,252,0.7870249030000566
2006-08-11,COP,CVX,252,0.7875195381044967
2006-08-14,COP,CVX,252,0.7886272891099221
2006-08-15,COP,CVX,252,0.788575746867112
2006-08-16,COP,CVX,252,0.785991542709426
2006-08-17,COP,CVX,252,0.7833414501468109
2006-08-18,COP,CVX,252,0.781574933444696
2006-08-21,COP,CVX,252,0.7807586371745118
2006-08-22,COP,CVX,252,0.780380155467601
2006-08-23,COP,CVX,252,0.7809930432991183
2006-08-24,COP,CVX,252,0.7796594010516976
2006-08-25,COP,CVX,252,0.7795449420187767
2006-08-28,COP,CVX,252,0.7794981271770759
2006-08-29,COP,CVX,252,0.7807511892684901
2006-08-30,COP,CVX,252,0.7799873056369184
2006-08-31,COP,CVX,252,0.7779267429281562
2006-09-01,COP,CVX,252,0.776159562084447
2006-09-05,COP,CVX,252,0.7738723966327388
2006-09-06,COP,CVX,252,0.7751055055712325
2006-09-07,COP,CVX,252,0.7748653395664777
2006-09-08,COP,CVX,252,0.7770476248498235
2006-09-11,COP,CVX,252,0.7758308779658836
2006-09-12,COP,CVX,252,0.7765428055692866
2006-09-13,COP,CVX,252,0.7769016188905294
2006-09-14,COP,CVX,252,0.7779539360380654
2006-09-15,COP,CVX,252,0.7780959417582691
2006-09-18,COP,CVX,252,0.777825731821075
2006-09-19,COP,CVX,252,0.7775080849396103
2006-09-20,COP,CVX,252,0.7787887319466902
2006-09-21,COP,CVX,252,0.7807100242393337
2006-09-22,COP,CVX,252,0.7805038630521195
2006-09-25,COP,CVX,252,0.778972909093876
2006-09-26,COP,CVX,252,0.7793256687743122
2006-09-27,COP,CVX,252,0.7797314221058547
2006-09-28,COP,CVX,252,0.7793079522754832
2006-09-29,COP,CVX,252,0.7786904051500393
2006-10-02,COP,CVX,252,0.7781848526973869
2006-10-03,COP,CVX,252,0.7812693465692986
2006-10-04,COP,CVX,252,0.7787432990112022
2006-10-05,COP,CVX,252,0.779917193410286
2006-10-06,COP,CVX,252,0.7803129597833793
2006-10-09,COP,CVX,252,0.7791929260360468
2006-10-10,COP,CVX,252,0.7798204917567251
2006-10-11,COP,CVX,252,0.7791003526016651
2006-10-12,COP,CVX,252,0.779261337258784
2006-10-13,COP,CVX,252,0.7750031282666637
2006-10-16,COP,CVX,252,0.7782621364850252
2006-10-17,COP,CVX,252,0.7780068128858705
2006-10-18,COP,CVX,252,0.7710772554006672
2006-10-19,COP,CVX,252,0.7699659454765705
2006-10-20,COP,CVX,252,0.7582947605090947
2006-10-23,COP,CVX,252,0.7577322517640318
2006-10-24,COP,CVX,252,0.753718626812805
2006-10-25,COP,CVX,252,0.7534914536828246
2006-10-26,COP,CVX,252,0.7577817329170162
2006-10-27,COP,CVX,252,0.755162889633206
2006-10-30,COP,CVX,252,0.7563663593744628
2006-10-31,COP,CVX,252,0.766118882054911
2006-11-01,COP,CVX,252,0.7657483886516787
2006-11-02,COP,CVX,252,0.7646429082929012
2006-11-03,COP,CVX,252,0.7646218460665885
2006-11-06,COP,CVX,252,0.7607376443515592
2006-11-07,COP,CVX,252,0.7592488828941539
2006-11-08,COP,CVX,252,0.7589032269150706
2006-11-09,COP,CVX,252,0.7587495320189697
2006-11-10,COP,CVX,252,0.7588986361130279
2006-11-13,COP,CVX,252,0.7579556364893514
2006-11-14,COP,CVX,252,0.7576771494838564
2006-11-15,COP,CVX,252,0.7577391543579708
2006-11-16,COP,CVX,252,0.7587922085806534
2006-11-17,COP,CVX,252,0.7647427872038046
2006-11-20,COP,CVX,252,0.7694035662379048
2006-11-21,COP,CVX,252,0.7703786182759907
2006-11-22,COP,CVX,252,0.7690177218158819
2006-11-24,COP,CVX,252,0.7683878620424828
2006-11-27,COP,CVX,252,0.7684156952812244
2006-11-28,COP,CVX,252,0.7649628050937733
2006-11-29,COP,CVX,252,0.7672010807982048
2006-11-30,COP,CVX,252,0.7681045171557844
2006-12-01,COP,CVX,252,0.7638324235352077
2006-12-04,COP,CVX,252,0.7657199127434711
2006-12-05,COP,CVX,252,0.7655705502857029
2006-12-06,COP,CVX,252,0.763089436041711
2006-12-07,COP,CVX,252,0.7610724406346205
2006-12-08,COP,CVX,252,0.7558162620675513
2006-12-11,COP,CVX,252,0.7528350864563236
2006-12-12,COP,CVX,252,0.7657974647311698
2006-12-13,COP,CVX,252,0.7700122200882866
2006-12-14,COP,CVX,252,0.7727842483757312
2006-12-15,COP,CVX,252,0.7742948712530939
2006-12-18,COP,CVX,252,0.7664363406959182
2006-12-19,COP,CVX,252,0.7762744958137381
2006-12-20,COP,CVX,252,0.7765197152815719
2006-12-21,COP,CVX,252,0.7767232255939657
2006-12-22,COP,CVX,252,0.7770797283947344
2006-12-26,COP,CVX,252,0.7772761840999715
2006-12-27,COP,CVX,252,0.7740765105046515
2006-12-28,COP,CVX,252,0.7733885662889013
2006-12-29,COP,CVX,252,0.7737454533044946
2007-01-03,COP,CVX,252,0.78168735567057
2007-01-04,COP,CVX,252,0.7753613078018625
2007-01-05,COP,CVX,252,0.7740953655110395
2007-01-08,COP,CVX,252,0.7746100306991796
2007-01-09,COP,CVX,252,0.7736934094838703
2007-01-10,COP,CVX,252,0.7760582362985017
2007-01-11,COP,CVX,252,0.7738005526944868
2007-01-12,COP,CVX,252,0.7776831772891245
2007-01-16,COP,CVX,252,0.7783445202639752
2007-01-17,COP,CVX,252,0.779162175143416
2007-01-18,COP,CVX,252,0.7757954595128701
2007-01-19,COP,CVX,252,0.7772807786555614
2007-01-22,COP,CVX,252,0.7771864993366575
2007-01-23,COP,CVX,252,0.7810104645480227
2007-01-24,COP,CVX,252,0.7824588928136241
2007-01-25,COP,CVX,252,0.7842514912679271
2007-01-26,COP,CVX,252,0.7826044723545152
2007-01-29,COP,CVX,252,0.7882263859039566
2007-01-30,COP,CVX,252,0.7898840238879089
2007-01-31,COP,CVX,252,0.7883580442302957
2007-02-01,COP,CVX,252,0.7903376659390622
2007-02-02,COP,CVX,252,0.7905048703754968
2007-02-05,COP,CVX,252,0.7905942747927613
2007-02-06,COP,CVX,252,0.7887831494222444
2007-02-07,COP,CVX,252,0.7918575955548575
2007-02-08,COP,CVX,252,0.7903777760877932
2007-02-09,COP,CVX,252,0.789732534753863
2007-02-12,COP,CVX,252,0.7897447126647904
2007-02-13,COP,CVX,252,0.7899368200026708
2007-02-14,COP,CVX,252,0.7897507506053575
2007-02-15,COP,CVX,252,0.7905029286502621
2007-02-16,COP,CVX,252,0.7910651719420646
2007-02-20,COP,CVX,252,0.7931249833963472
2007-02-21,COP,CVX,252,0.7905742181257848
2007-02-22,COP,CVX,252,0.7904807228864043
2007-02-23,COP,CVX,252,0.789781102349675
2007-02-26,COP,CVX,252,0.7897599551458797
2007-02-27,COP,CVX,252,0.7965527749982658
2007-02-28,COP,CVX,252,0.7957666532710507
2007-03-01,COP,CVX,252,0.7901253765716649
2007-03-02,COP,CVX,252,0.7903457452230886
2007-03-05,COP,CVX,252,0.7936679945703741
2007-03-06,COP,CVX,252,0.7950535871329171
2007-03-07,COP,CVX,252,0.7929422708344875
2007-03-08,COP,CVX,252,0.7922727413110026
2007-03-09,COP,CVX,252,0.7924258884768329
2007-03-12,COP,CVX,252,0.7911739194774017
2007-03-13,COP,CVX,252,0.791638925955184
2007-03-14,COP,CVX,252,0.7902067439933177
2007-03-15,COP,CVX,252,0.7846584853188993
2007-03-16,COP,CVX,252,0.7861744154439302
2007-03-19,COP,CVX,252,0.7850970632808386
2007-03-20,COP,CVX,252,0.7847696914696856
2007-03-21,COP,CVX,252,0.7848109758128107
2007-03-22,COP,CVX,252,0.786712490613688
2007-03-23,COP,CVX,252,0.7892173862348032
2007-03-26,COP,CVX,252,0.7894521817106651
2007-03-27,COP,CVX,252,0.7893233530015248
2007-03-28,COP,CVX,252,0.7889499631765903
2007-03-29,COP,CVX,252,0.7899897074120729
2007-03-30,COP,CVX,252,0.7897319937611611
2007-04-02,COP,CVX,252,0.7880456057449784
2007-04-03,COP,CVX,252,0.7864900806882094
2007-04-04,COP,CVX,252,0.786993809129838
2007-04-05,COP,CVX,252,0.7865305575514333
2007-04-09,COP,CVX,252,0.7857303214676744
2007-04-10,COP,CVX,252,0.7875914472622719
2007-04-11,COP,CVX,252,0.7864019828600795
2007-04-12,COP,CVX,252,0.7862170660960437
2007-04-13,COP,CVX,252,0.787950709588884
2007-04-16,COP,CVX,252,0.7889330309889961
2007-04-17,COP,CVX,252,0.7889937710781393
2007-04-18,COP,CVX,252,0.7888082504747721
2007-04-19,COP,CVX,252,0.7854642153883207
2007-04-20,COP,CVX,252,0.7877223725089092
2007-04-23,COP,CVX,252,0.7874363536678801
2007-04-24,COP,CVX,252,0.7846439428297032
2007-04-25,COP,CVX,252,0.7886406016000918
2007-04-26,COP,CVX,252,0.7882591098677141
2007-04-27,COP,CVX,252,0.7885608509573515
2007-04-30,COP,CVX,252,0.7887956437519935
2007-05-01,COP,CVX,252,0.7879166029619787
2007-05-02,COP,CVX,252,0.7887462387917733
2007-05-03,COP,CVX,252,0.7875394010744082
2007-05-04,COP,CVX,252,0.7856274199682783
2007-05-07,COP,CVX,252,0.7871796730748821
2007-05-08,COP,CVX,252,0.7867132886255682
2007-05-09,COP,CVX,252,0.7873182780577229
2007-05-10,COP,CVX,252,0.7888733666247093
2007-05-11,COP,CVX,252,0.7900577640910864
2007-05-14,COP,CVX,252,0.7904670771651429
2007-05-15,COP,CVX,252,0.7878943288781703
2007-05-16,COP,CVX,252,0.7869192839356842
2007-05-17,COP,CVX,252,0.787797219067597
2007-05-18,COP,CVX,252,0.787229279595737
2007-05-21,COP,CVX,252,0.7855387832364099
2007-05-22,COP,CVX,252,0.7856436979336852
2007-05-23,COP,CVX,252,0.7814051754507024
2007-05-24,COP,CVX,252,0.7833633106895911
2007-05-25,COP,CVX,252,0.784357958990911
2007-05-29,COP,CVX,252,0.7820347428771751
2007-05-30,COP,CVX,252,0.7838697916478121
2007-05-31,COP,CVX,252,0.7800420326153555
2007-06-01,COP,CVX,252,0.7784911592677137
2007-06-04,COP,CVX,252,0.7785777026927988
2007-06-05,COP,CVX,252,0.7778880321556241
2007-06-06,COP,CVX,252,0.7748627220483167
2007-06-07,COP,CVX,252,0.7753292306004564
2007-06-08,COP,CVX,252,0.7729626494785398
2007-06-11,COP,CVX,252,0.7728627183112293
2007-06-12,COP,CVX,252,0.7732770098677488
2007-06-13,COP,CVX,252,0.7749216595417031
2007-06-14,COP,CVX,252,0.7745811144805836
2007-06-15,COP,CVX,252,0.77316509613031
2007-06-18,COP,CVX,252,0.7686286730276984
2007-06-19,COP,CVX,252,0.7681251816577476
2007-06-20,COP,CVX,252,0.7681953895596403
2007-06-21,COP,CVX,252,0.7698437214914852
2007-06-22,COP,CVX,252,0.7696322519261221
2007-06-25,COP,CVX,252,0.7631376128895149
2007-06-26,COP,CVX,252,0.7599797550010707
2007-06-27,COP,CVX,252,0.7603300715003044
2007-06-28,COP,CVX,252,0.7593280518813177
2007-06-29,COP,CVX,252,0.7535620262807153
2007-07-02,COP,CVX,252,0.7521678138302311
2007-07-03,COP,CVX,252,0.7518678923422057
2007-07-05,COP,CVX,252,0.751223617810852
2007-07-06,COP,CVX,252,0.7503262253001657
2007-07-09,COP,CVX,252,0.7529532706197374
2007-07-10,COP,CVX,252,0.7522672301545986
2007-07-11,COP,CVX,252,0.7540522520469695
2007-07-12,COP,CVX,252,0.7588001936233832
2007-07-13,COP,CVX,252,0.7572123487085802
2007-07-16,COP,CVX,252,0.7589465628726113
2007-07-17,COP,CVX,252,0.7621876322865265
2007-07-18,COP,CVX,252,0.7589550192366254
2007-07-19,COP,CVX,252,0.7592537740807915
2007-07-20,COP,CVX,252,0.759852046435004
2007-07-23,COP,CVX,252,0.7577134585771407
2007-07-24,COP,CVX,252,0.7632113513242308
2007-07-25,COP,CVX,252,0.7598476332577665
2007-07-26,COP,CVX,252,0.7638734474569729
2007-07-27,COP,CVX,252,0.7653047757047482
2007-07-30,COP,CVX,252,0.7664502568351733
2007-07-31,COP,CVX,252,0.7719055459861613
2007-08-01,COP,CVX,252,0.7737637587673117
2007-08-02,COP,CVX,252,0.7735989489561474
2007-08-03,COP,CVX,252,0.7796081776984565
2007-08-06,COP,CVX,252,0.7804103249122848
2007-08-07,COP,CVX,252,0.7813128085211264
2007-08-08,COP,CVX,252,0.7899265618072585
2007-08-09,COP,CVX,252,0.7936484851406026
2007-08-10,COP,CVX,252,0.7876380887115848
2007-08-13,COP,CVX,252,0.7827788301666826
2007-08-14,COP,CVX,252,0.782715237341831
2007-08-15,COP,CVX,252,0.7830974372797804
2007-08-16,COP,CVX,252,0.7826531118485639
2007-08-17,COP,CVX,252,0.7847452369248903
2007-08-20,COP,CVX,252,0.7874628875027249
2007-08-21,COP,CVX,252,0.7890309533019249
2007-08-22,COP,CVX,252,0.7905703309492982
2007-08-23,COP,CVX,252,0.7910375026359993
2007-08-24,COP,CVX,252,0.7910108673201761
2007-08-27,COP,CVX,252,0.7932460750016245
2007-08-28,COP,CVX,252,0.7963771041420495
2007-08-29,COP,CVX,252,0.7994930054648306
2007-08-30,COP,CVX,252,0.7983860329877034
2007-08-31,COP,CVX,252,0.798258102340604
2007-09-04,COP,CVX,252,0.7996300397114295
2007-09-05,COP,CVX,252,0.7991664978782773
2007-09-06,COP,CVX,252,0.8029347096142139
2007-09-07,COP,CVX,252,0.8029880098107399
2007-09-10,COP,CVX,252,0.803595592178298
2007-09-11,COP,CVX,252,0.8029236293746893
2007-09-12,COP,CVX,252,0.8005371188215432
2007-09-13,COP,CVX,252,0.7995666117897289
2007-09-14,COP,CVX,252,0.7985300059564358
2007-09-17,COP,CVX,252,0.7977013642025318
2007-09-18,COP,CVX,252,0.8005202062874078
2007-09-19,COP,CVX,252,0.7997326055800749
2007-09-20,COP,CVX,252,0.7989332902392255
2007-09-21,COP,CVX,252,0.7975968562291694
2007-09-24,COP,CVX,252,0.7962209513921086
2007-09-25,COP,CVX,252,0.7980700466305264
2007-09-26,COP,CVX,252,0.7996531552242081
2007-09-27,COP,CVX,252,0.7985258056390389
2007-09-28,COP,CVX,252,0.7981991810510402
2007-10-01,COP,CVX,252,0.7971405072137522
2007-10-02,COP,CVX,252,0.7991312511873353
2007-10-03,COP,CVX,252,0.8001833704161392
2007-10-04,COP,CVX,252,0.7968581480400865
2007-10-05,COP,CVX,252,0.7963491691074305
2007-10-08,COP,CVX,252,0.7972107560652709
2007-10-09,COP,CVX,252,0.7981942731208538
2007-10-10,COP,CVX,252,0.7951197448440175
2007-10-11,COP,CVX,252,0.7954362942309505
2007-10-12,COP,CVX,252,0.7947917979567672
2007-10-15,COP,CVX,252,0.7940201330196784
2007-10-16,COP,CVX,252,0.7965855731552338
2007-10-17,COP,CVX,252,0.7959644679810398
2007-10-18,COP,CVX,252,0.7937854462735275
2007-10-19,COP,CVX,252,0.7984198850140394
2007-10-22,COP,CVX,252,0.7978988603904283
2007-10-23,COP,CVX,252,0.7976198188992689
2007-10-24,COP,CVX,252,0.7908868540364902
2007-10-25,COP,CVX,252,0.7916699417136038
2007-10-26,COP,CVX,252,0.7913336832246145
2007-10-29,COP,CVX,252,0.7913490933443116
2007-10-30,COP,CVX,252,0.7937876837017664
2007-10-31,COP,CVX,252,0.7927505657432743
2007-11-01,COP,CVX,252,0.7945256254397843
2007-11-02,COP,CVX,252,0.790560853775443
2007-11-05,COP,CVX,252,0.7914964660216082
2007-11-06,COP,CVX,252,0.7904295579264642
2007-11-07,COP,CVX,252,0.795826428709716
2007-11-08,COP,CVX,252,0.7978493537799827
2007-11-09,COP,CVX,252,0.7993732605501056
2007-11-12,COP,CVX,252,0.8007970693577964
2007-11-13,COP,CVX,252,0.8008395277502001
2007-11-14,COP,CVX,252,0.8019660510495793
2007-11-15,COP,CVX,252,0.803100789835466
2007-11-16,COP,CVX,252,0.8031048297794626
2007-11-19,COP,CVX,252,0.8014925616217701
2007-11-20,COP,CVX,252,0.8037417561216175
2007-11-21,COP,CVX,252,0.8049171869580616
2007-11-23,COP,CVX,252,0.8046867059328503
2007-11-26,COP,CVX,252,0.8090758328872387
2007-11-27,COP,CVX,252,0.8079245555131669
2007-11-28,COP,CVX,252,0.8092084167053447
2007-11-29,COP,CVX,252,0.8088204168170483
2007-11-30,COP,CVX,252,0.8084437194268838
2007-12-03,COP,CVX,252,0.8080641925412934
2007-12-04,COP,CVX,252,0.8089673732675975
2007-12-05,COP,CVX,252,0.8105519747627824
2007-12-06,COP,CVX,252,0.8121093584668316
2007-12-07,COP,CVX,252,0.8140748317018646
2007-12-10,COP,CVX,252,0.8153725734574706
2007-12-11,COP,CVX,252,0.8216394834333378
2007-12-12,COP,CVX,252,0.8246445830719755
2007-12-13,COP,CVX,252,0.8252915601093149
2007-12-14,COP,CVX,252,0.8257783626822766
2007-12-17,COP,CVX,252,0.8250906812349711
2007-12-18,COP,CVX,252,0.8256384572970251
2007-12-19,COP,CVX,252,0.8289387215023123
2007-12-20,COP,CVX,252,0.8296299625803477
2007-12-21,COP,CVX,252,0.8302507697565222
2007-12-24,COP,CVX,252,0.8301703263803732
2007-12-26,COP,CVX,252,0.8285901944055776
2007-12-27,COP,CVX,252,0.8281866527797823
2007-12-28,COP,CVX,252,0.8281830794509869
2007-12-31,COP,CVX,252,0.8282356705395602
2008-01-02,COP,CVX,252,0.8276940451461852
2008-01-03,COP,CVX,252,0.8226579310669577
2008-01-04,COP,CVX,252,0.8240530969490147
2008-01-07,COP,CVX,252,0.8262058219473184
2008-01-08,COP,CVX,252,0.8263580773186097
2008-01-09,COP,CVX,252,0.827016865210553
2008-01-10,COP,CVX,252,0.8253227877786817
2008-01-11,COP,CVX,252,0.8306827017205396
2008-01-14,COP,CVX,252,0.8288850995513043
2008-01-15,COP,CVX,252,0.8316752370971641
2008-01-16,COP,CVX,252,0.832061527807356
2008-01-17,COP,CVX,252,0.8393849898287191
2008-01-18,COP,CVX,252,0.8362859241844719
2008-01-22,COP,CVX,252,0.8378607690203863
2008-01-23,COP,CVX,252,0.8366983289474719
2008-01-24,COP,CVX,252,0.8389629747536438
2008-01-25,COP,CVX,252,0.8357057843153238
2008-01-28,COP,CVX,252,0.8357514108826577
2008-01-29,COP,CVX,252,0.830918568990657
2008-01-30,COP,CVX,252,0.8305783710146
2008-01-31,COP,CVX,252,0.8310309223149884
2008-02-01,COP,CVX,252,0.8298622106051359
2008-02-04,COP,CVX,252,0.8301822470876474
2008-02-05,COP,CVX,252,0.8322463657383689
2008-02-06,COP,CVX,252,0.8347354891617669
2008-02-07,COP,CVX,252,0.8351674565672957
2008-02-08,COP,CVX,252,0.8352124382974666
2008-02-11,COP,CVX,252,0.8362406883167588
2008-02-12,COP,CVX,252,0.8338426192617961
2008-02-13,COP,CVX,252,0.8352480808592918
2008-02-14,COP,CVX,252,0.8352588928613139
2008-02-15,COP,CVX,252,0.8343618121144057
2008-02-19,COP,CVX,252,0.8353543129245531
2008-02-20,COP,CVX,252,0.835250051413459
2008-02-21,COP,CVX,252,0.8371616271940603
2008-02-22,COP,CVX,252,0.8371414760259467
2008-02-25,COP,CVX,252,0.8380164969039811
2008-02-26,COP,CVX,252,0.8372731987433786
2008-02-27,COP,CVX,252,0.8323025749315359
2008-02-28,COP,CVX,252,0.8326740530904913
2008-02-29,COP,CVX,252,0.8387710312379294
2008-03-03,COP,CVX,252,0.83831862413318
2008-03-04,COP,CVX,252,0.836883361535131
2008-03-05,COP,CVX,252,0.8359004648199116
2008-03-06,COP,CVX,252,0.8352189726329715
2008-03-07,COP,CVX,252,0.836414711748551
2008-03-10,COP,CVX,252,0.8365640059895442
2008-03-11,COP,CVX,252,0.8387317890818631
2008-03-12,COP,CVX,252,0.8391837328485546
2008-03-13,COP,CVX,252,0.8394452798695261
2008-03-14,COP,CVX,252,0.8436135483792572
2008-03-17,COP,CVX,252,0.8437539157009896
2008-03-18,COP,CVX,252,0.8462854765050768
2008-03-19,COP,CVX,252,0.8528469688327254
2008-03-20,COP,CVX,252,0.8531676928425335
2008-03-24,COP,CVX,252,0.8524028482965279
2008-03-25,COP,CVX,252,0.849741681803812
2008-03-26,COP,CVX,252,0.8482398000337066
2008-03-27,COP,CVX,252,0.8483879981444098
2008-03-28,COP,CVX,252,0.8483708965787854
2008-03-31,COP,CVX,252,0.849479953438957
2008-04-01,COP,CVX,252,0.8497674126214804
2008-04-02,COP,CVX,252,0.8512245914375252
2008-04-03,COP,CVX,252,0.8518288161782944
2008-04-04,COP,CVX,252,0.8519649012543224
2008-04-07,COP,CVX,252,0.8519866496593989
2008-04-08,COP,CVX,252,0.8524092276273103
2008-04-09,COP,CVX,252,0.8517181770754703
2008-04-10,COP,CVX,252,0.8517151931237964
2008-04-11,COP,CVX,252,0.8521136938836625
2008-04-14,COP,CVX,252,0.8518573882307019
2008-04-15,COP,CVX,252,0.8526113105384866
2008-04-16,COP,CVX,252,0.8533608610550587
2008-04-17,COP,CVX,252,0.8534627784827853
2008-04-18,COP,CVX,252,0.8537066897120437
2008-04-21,COP,CVX,252,0.8519262314703275
2008-04-22,COP,CVX,252,0.8514391714578142
2008-04-23,COP,CVX,252,0.8508951688560438
2008-04-24,COP,CVX,252,0.8511597198326402
2008-04-25,COP,CVX,252,0.85106578159515
2008-04-28,COP,CVX,252,0.8504580814335615
2008-04-29,COP,CVX,252,0.8498951036451973
2008-04-30,COP,CVX,252,0.8503472638752076
2008-05-01,COP,CVX,252,0.8481011859220408
2008-05-02,COP,CVX,252,0.8480538446270582
2008-05-05,COP,CVX,252,0.8483082515095534
2008-05-06,COP,CVX,252,0.8486931278672601
2008-05-07,COP,CVX,252,0.8490017848522257
2008-05-08,COP,CVX,252,0.8494298577918585
2008-05-09,COP,CVX,252,0.8487190221190835
2008-05-12,COP,CVX,252,0.848555709593332
2008-05-13,COP,CVX,252,0.8484243990872525
2008-05-14,COP,CVX,252,0.8484391347007325
2008-05-15,COP,CVX,252,0.8482697543584964
2008-05-16,COP,CVX,252,0.8507574945449228
2008-05-19,COP,CVX,252,0.8495760641452323
2008-05-20,COP,CVX,252,0.8507711777760656
2008-05-21,COP,CVX,252,0.8509555648730357
2008-05-22,COP,CVX,252,0.8535619748250683
2008-05-23,COP,CVX,252,0.8527084238379208
2008-05-27,COP,CVX,252,0.852357182073838
2008-05-28,COP,CVX,252,0.8521316713083629
2008-05-29,COP,CVX,252,0.8519607104369779
2008-05-30,COP,CVX,252,0.8506644881755822
2008-06-02,COP,CVX,252,0.8506633066193549
2008-06-03,COP,CVX,252,0.8511112150686164
2008-06-04,COP,CVX,252,0.8520994643219582
2008-06-05,COP,CVX,252,0.8556107154976194
2008-06-06,COP,CVX,252,0.8547394028495812
2008-06-09,COP,CVX,252,0.8549265170175757
2008-06-10,COP,CVX,252,0.8560986975394166
2008-06-11,COP,CVX,252,0.8558424668641194
2008-06-12,COP,CVX,252,0.8562490866220518
2008-06-13,COP,CVX,252,0.85618439762171
2008-06-16,COP,CVX,252,0.8560025558298084
2008-06-17,COP,CVX,252,0.856139883409839
2008-06-18,COP,CVX,252,0.856195905516871
2008-06-19,COP,CVX,252,0.8549827110780484
2008-06-20,COP,CVX,252,0.8542902313060591
2008-06-23,COP,CVX,252,0.8554263671207771
2008-06-24,COP,CVX,252,0.8597606556213111
2008-06-25,COP,CVX,252,0.8616748852409583
2008-06-26,COP,CVX,252,0.8616041187680235
2008-06-27,COP,CVX,252,0.8609707829731027
2008-06-30,COP,CVX,252,0.8630610316896538
2008-07-01,COP,CVX,252,0.8629754513129555
2008-07-02,COP,CVX,252,0.8622089389301871
2008-07-03,COP,CVX,252,0.8624496551668019
2008-07-07,COP,CVX,252,0.8633900287363153
2008-07-08,COP,CVX,252,0.8632596529902398
2008-07-09,COP,CVX,252,0.863965679044131
2008-07-10,COP,CVX,252,0.864648913947954
2008-07-11,COP,CVX,252,0.8614226601038393
2008-07-14,COP,CVX,252,0.8628750230772378
2008-07-15,COP,CVX,252,0.8668868340616868
2008-07-16,COP,CVX,252,0.8660476800315751
2008-07-17,COP,CVX,252,0.8655928382360704
2008-07-18,COP,CVX,252,0.8654230771648271
2008-07-21,COP,CVX,252,0.86492607855931
2008-07-22,COP,CVX,252,0.8663539848870511
2008-07-23,COP,CVX,252,0.866011814414402
2008-07-24,COP,CVX,252,0.865540731342211
2008-07-25,COP,CVX,252,0.8642937723756532
2008-07-28,COP,CVX,252,0.8636693825848034
2008-07-29,COP,CVX,252,0.8602260270450613
2008-07-30,COP,CVX,252,0.8653172134317885
2008-07-31,COP,CVX,252,0.8672912560926664
2008-08-01,COP,CVX,252,0.8676909022047758
2008-08-04,COP,CVX,252,0.8664275559987051
2008-08-05,COP,CVX,252,0.8656951071378394
2008-08-06,COP,CVX,252,0.8659015955858759
2008-08-07,COP,CVX,252,0.8658272655969347
2008-08-08,COP,CVX,252,0.8638818480316481
2008-08-11,COP,CVX,252,0.8689154400099982
2008-08-12,COP,CVX,252,0.8725159726558914
2008-08-13,COP,CVX,252,0.8740050524459362
2008-08-14,COP,CVX,252,0.8647539615334423
2008-08-15,COP,CVX,252,0.866008173267621
2008-08-18,COP,CVX,252,0.8659174999647641
2008-08-19,COP,CVX,252,0.8663853541336846
2008-08-20,COP,CVX,252,0.8675684073270188
2008-08-21,COP,CVX,252,0.866755779520964
2008-08-22,COP,CVX,252,0.8656918713684382
2008-08-25,COP,CVX,252,0.864712293277894
2008-08-26,COP,CVX,252,0.8648758277459648
2008-08-27,COP,CVX,252,0.863934690579662
2008-08-28,COP,CVX,252,0.8618135716143216
2008-08-29,COP,CVX,252,0.862777084840284
2008-09-02,COP,CVX,252,0.8653482712981653
2008-09-03,COP,CVX,252,0.8646429568572512
2008-09-04,COP,CVX,252,0.866960501113871
2008-09-05,COP,CVX,252,0.8675982998044858
2008-09-08,COP,CVX,252,0.8652088847362224
2008-09-09,COP,CVX,252,0.8548339972423205
2008-09-10,COP,CVX,252,0.8559008558222868
2008-09-11,COP,CVX,252,0.8553485108993696
2008-09-12,COP,CVX,252,0.855782361440294
2008-09-15,COP,CVX,252,0.8610520040819516
2008-09-16,COP,CVX,252,0.860741942164327
2008-09-17,COP,CVX,252,0.8598464338257631
2008-09-18,COP,CVX,252,0.8620971164782743
2008-09-19,COP,CVX,252,0.868329245802932
2008-09-22,COP,CVX,252,0.8683342737796853
2008-09-23,COP,CVX,252,0.8690332496232762
2008-09-24,COP,CVX,252,0.8685387037101774
2008-09-25,COP,CVX,252,0.8696208474189513
2008-09-26,COP,CVX,252,0.8696632936408717
2008-09-29,COP,CVX,252,0.8768186910644704
2008-09-30,COP,CVX,252,0.8804805947765819
2008-10-01,COP,CVX,252,0.8768467172330668
2008-10-02,COP,CVX,252,0.8780763971714165
2008-10-03,COP,CVX,252,0.8768192136543831
2008-10-06,COP,CVX,252,0.8765995325354978
2008-10-07,COP,CVX,252,0.8796880693784793
2008-10-08,COP,CVX,252,0.8783104067681337
2008-10-09,COP,CVX,252,0.8955713385375067
2008-10-10,COP,CVX,252,0.9030761655655047
2008-10-13,COP,CVX,252,0.9120458744875413
2008-10-14,COP,CVX,252,0.9090929887249972
2008-10-15,COP,CVX,252,0.9179364396583165
2008-10-16,COP,CVX,252,0.919188025566119
2008-10-17,COP,CVX,252,0.9184840612952268
2008-10-20,COP,CVX,252,0.9211460576393444
2008-10-21,COP,CVX,252,0.9213444095641965
2008-10-22,COP,CVX,252,0.9237838811102166
2008-10-23,COP,CVX,252,0.9245778842297562
2008-10-24,COP,CVX,252,0.9251113783767666
2008-10-27,COP,CVX,252,0.924979950736307
2008-10-28,COP,CVX,252,0.9262774874109596
2008-10-29,COP,CVX,252,0.9263007485650894
2008-10-30,COP,CVX,252,0.9265913028967684
2008-10-31,COP,CVX,252,0.9265956298147645
2008-11-03,COP,CVX,252,0.9276498371033236
2008-11-04,COP,CVX,252,0.9286234875642282
2008-11-05,COP,CVX,252,0.9291516030841432
2008-11-06,COP,CVX,252,0.9300975810922837
2008-11-07,COP,CVX,252,0.9306539589732306
2008-11-10,COP,CVX,252,0.9296257418669731
2008-11-11,COP,CVX,252,0.92904620183434
2008-11-12,COP,CVX,252,0.9313681938232677
2008-11-13,COP,CVX,252,0.9333989298682975
2008-11-14,COP,CVX,252,0.9337131225064815
2008-11-17,COP,CVX,252,0.9334641683823474
2008-11-18,COP,CVX,252,0.9329564233234657
2008-11-19,COP,CVX,252,0.9318969659582507
2008-11-20,COP,CVX,252,0.9340849621878052
2008-11-21,COP,CVX,252,0.9359539670480898
2008-11-24,COP,CVX,252,0.936457349267005
2008-11-25,COP,CVX,252,0.9369494965431583
2008-11-26,COP,CVX,252,0.9369324982248384
2008-11-28,COP,CVX,252,0.9361393849820072
2008-12-01,COP,CVX,252,0.9375557922713166
2008-12-02,COP,CVX,252,0.9373586731720447
2008-12-03,COP,CVX,252,0.936922340335541
2008-12-04,COP,CVX,252,0.9363776940506762
2008-12-05,COP,CVX,252,0.9364523720236025
2008-12-08,COP,CVX,252,0.9369439435953679
2008-12-09,COP,CVX,252,0.9345213596216079
2008-12-10,COP,CVX,252,0.9347735782153298
2008-12-11,COP,CVX,252,0.9339972188113234
2008-12-12,COP,CVX,252,0.933455906120809
2008-12-15,COP,CVX,252,0.932760749237337
2008-12-16,COP,CVX,252,0.9315096510626973
2008-12-17,COP,CVX,252,0.9311189919394299
2008-12-18,COP,CVX,252,0.9311540393739335
2008-12-19,COP,CVX,252,0.9306998607415513
2008-12-22,COP,CVX,252,0.9307339591850539
2008-12-23,COP,CVX,252,0.9303104688778294
2008-12-24,COP,CVX,252,0.9303690996236461
2008-12-26,COP,CVX,252,0.9305297312647748
2008-12-29,COP,CVX,252,0.930499571990391
2008-12-30,COP,CVX,252,0.9302018846922365
2008-12-31,COP,CVX,252,0.9302522264917048
2009-01-02,COP,CVX,252,0.9301540118496829
2009-01-05,COP,CVX,252,0.9302569150993396
2009-01-06,COP,CVX,252,0.9302048982546615
2009-01-07,COP,CVX,252,0.93060091131248
2009-01-08,COP,CVX,252,0.9304233957986688
2009-01-09,COP,CVX,252,0.9303992550230933
2009-01-12,COP,CVX,252,0.9305675931031961
2009-01-13,COP,CVX,252,0.9306212338809668
2009-01-14,COP,CVX,252,0.9306141360327672
2009-01-15,COP,CVX,252,0.929543597586442
2009-01-16,COP,CVX,252,0.9291724468205789
2009-01-20,COP,CVX,252,0.9296101677853107
2009-01-21,COP,CVX,252,0.928880753035124
2009-01-22,COP,CVX,252,0.9289727538636129
2009-01-23,COP,CVX,252,0.9287137948737647
2009-01-26,COP,CVX,252,0.929063232187963
2009-01-27,COP,CVX,252,0.9293719607351213
2009-01-28,COP,CVX,252,0.9303428716704988
2009-01-29,COP,CVX,252,0.9306890406529724
2009-01-30,COP,CVX,252,0.9307662493984905
2009-02-02,COP,CVX,252,0.9296542024454997
2009-02-03,COP,CVX,252,0.9296229144587049
2009-02-04,COP,CVX,252,0.9295688763751351
2009-02-05,COP,CVX,252,0.9295009514554042
2009-02-06,COP,CVX,252,0.9295589957596182
2009-02-09,COP,CVX,252,0.9290203149466032
2009-02-10,COP,CVX,252,0.9294655967204836
2009-02-11,COP,CVX,252,0.9297482916727989
2009-02-12,COP,CVX,252,0.9292984377479877
2009-02-13,COP,CVX,252,0.9292301815803845
2009-02-17,COP,CVX,252,0.9299157225512931
2009-02-18,COP,CVX,252,0.9296631045085161
2009-02-19,COP,CVX,252,0.9295784232814205
2009-02-20,COP,CVX,252,0.9287588201850052
2009-02-23,COP,CVX,252,0.9289315299949807
2009-02-24,COP,CVX,252,0.9291574249571174
2009-02-25,COP,CVX,252,0.9294599803441258
2009-02-26,COP,CVX,252,0.9293907666223076
2009-02-27,COP,CVX,252,0.9292619366609657
2009-03-02,COP,CVX,252,0.9297202180273488
2009-03-03,COP,CVX,252,0.929707159502551
2009-03-04,COP,CVX,252,0.9297272229139404
2009-03-05,COP,CVX,252,0.930070251054714
2009-03-06,COP,CVX,252,0.9289535097238253
2009-03-09,COP,CVX,252,0.9276323463058763
2009-03-10,COP,CVX,252,0.9275249243758203
2009-03-11,COP,CVX,252,0.9273845442078343
2009-03-12,COP,CVX,252,0.9239743933758479
2009-03-13,COP,CVX,252,0.923731570640734
2009-03-16,COP,CVX,252,0.9239817570302682
2009-03-17,COP,CVX,252,0.924302324657463
2009-03-18,COP,CVX,252,0.9242950037789729
2009-03-19,COP,CVX,252,0.9236152267014351
2009-03-20,COP,CVX,252,0.9225185180338633
2009-03-23,COP,CVX,252,0.9235991318778874
2009-03-24,COP,CVX,252,0.9234550076333611
2009-03-25,COP,CVX,252,0.9238172856699267
2009-03-26,COP,CVX,252,0.9237307872286528
2009-03-27,COP,CVX,252,0.9231408059056173
2009-03-30,COP,CVX,252,0.9233158174925341
2009-03-31,COP,CVX,252,0.9232569994135775
2009-04-01,COP,CVX,252,0.9233239423995235
2009-04-02,COP,CVX,252,0.9235111258738041
2009-04-03,COP,CVX,252,0.923030991776755
2009-04-06,COP,CVX,252,0.922692936414714
2009-04-07,COP,CVX,252,0.9226878079257075
2009-04-08,COP,CVX,252,0.9227302507618595
2009-04-09,COP,CVX,252,0.9226762014971343
2009-04-13,COP,CVX,252,0.922492603404354
2009-04-14,COP,CVX,252,0.9224751254326159
2009-04-15,COP,CVX,252,0.9225098929174076
2009-04-16,COP,CVX,252,0.922085066105096
2009-04-17,COP,CVX,252,0.9219825992471978
2009-04-20,COP,CVX,252,0.9218635940166842
2009-04-21,COP,CVX,252,0.9221150757683185
2009-04-22,COP,CVX,252,0.9221812620978544
2009-04-23,COP,CVX,252,0.9221621064335153
2009-04-24,COP,CVX,252,0.9220097480379323
2009-04-27,COP,CVX,252,0.9217234552268045
2009-04-28,COP,CVX,252,0.9216296507653101
2009-04-29,COP,CVX,252,0.9218386016813424
2009-04-30,COP,CVX,252,0.9216997889696313
2009-05-01,COP,CVX,252,0.9216429482190657
2009-05-04,COP,CVX,252,0.9201397695387877
2009-05-05,COP,CVX,252,0.920165387171043
2009-05-06,COP,CVX,252,0.9202876037283281
2009-05-07,COP,CVX,252,0.9203195099735111
2009-05-08,COP,CVX,252,0.9196126666443197
2009-05-11,COP,CVX,252,0.9199219188752916
2009-05-12,COP,CVX,252,0.9198366585229273
2009-05-13,COP,CVX,252,0.9198941832651265
2009-05-14,COP,CVX,252,0.9198131320987039
2009-05-15,COP,CVX,252,0.9198558476896993
2009-05-18,COP,CVX,252,0.9185493525107135
2009-05-19,COP,CVX,252,0.9184791400950564
2009-05-20,COP,CVX,252,0.9180689416699003
2009-05-21,COP,CVX,252,0.9180510965189417
2009-05-22,COP,CVX,252,0.9181111504049653
2009-05-26,COP,CVX,252,0.9182070331423495
2009-05-27,COP,CVX,252,0.9182125493370741
2009-05-28,COP,CVX,252,0.9184198610778538
2009-05-29,COP,CVX,252,0.918320351163411
2009-06-01,COP,CVX,252,0.9191660260159025
2009-06-02,COP,CVX,252,0.9191773046762377
2009-06-03,COP,CVX,252,0.91828386973613
2009-06-04,COP,CVX,252,0.9179861625066105
2009-06-05,COP,CVX,252,0.9173774887883948
2009-06-08,COP,CVX,252,0.9174994467793294
2009-06-09,COP,CVX,252,0.9176342950758603
2009-06-10,COP,CVX,252,0.9174995623500427
2009-06-11,COP,CVX,252,0.9165548639867094
2009-06-12,COP,CVX,252,0.91496883218566
2009-06-15,COP,CVX,252,0.9150459121218023
2009-06-16,COP,CVX,252,0.9143741967307715
2009-06-17,COP,CVX,252,0.9144033320006597
2009-06-18,COP,CVX,252,0.9142067142076666
2009-06-19,COP,CVX,252,0.9141790069211502
2009-06-22,COP,CVX,252,0.914155038982853
2009-06-23,COP,CVX,252,0.913625134519056
2009-06-24,COP,CVX,252,0.9133265207906847
2009-06-25,COP,CVX,252,0.9132626230480333
2009-06-26,COP,CVX,252,0.9130910096825455
2009-06-29,COP,CVX,252,0.9133663077345298
2009-06-30,COP,CVX,252,0.9134579358483457
2009-07-01,COP,CVX,252,0.9134578252493134
2009-07-02,COP,CVX,252,0.9137869290552671
2009-07-06,COP,CVX,252,0.9137293501127624
2009-07-07,COP,CVX,252,0.9137630531297375
2009-07-08,COP,CVX,252,0.9135205129417175
2009-07-09,COP,CVX,252,0.9131996675059313
2009-07-10,COP,CVX,252,0.9127856182658203
2009-07-13,COP,CVX,252,0.9134510466486722
2009-07-14,COP,CVX,252,0.9133278900177101
2009-07-15,COP,CVX,252,0.9131762414396628
2009-07-16,COP,CVX,252,0.9133368319693882
2009-07-17,COP,CVX,252,0.9133887843627309
2009-07-20,COP,CVX,252,0.913352682426452
2009-07-21,COP,CVX,252,0.9135058084375569
2009-07-22,COP,CVX,252,0.9134581510725669
2009-07-23,COP,CVX,252,0.9133680453673615
2009-07-24,COP,CVX,252,0.913298980298914
2009-07-27,COP,CVX,252,0.9133178864492297
2009-07-28,COP,CVX,252,0.9133032984991497
2009-07-29,COP,CVX,252,0.9139200791127522
2009-07-30,COP,CVX,252,0.9132613160207627
2009-07-31,COP,CVX,252,0.9128436937930089
2009-08-03,COP,CVX,252,0.9126738056139004
2009-08-04,COP,CVX,252,0.9125912741786479
2009-08-05,COP,CVX,252,0.9126949681694932
2009-08-06,COP,CVX,252,0.9126322385112406
2009-08-07,COP,CVX,252,0.9126941192843221
2009-08-10,COP,CVX,252,0.9126881099559893
2009-08-11,COP,CVX,252,0.9126544338533887
2009-08-12,COP,CVX,252,0.9126750917056518
2009-08-13,COP,CVX,252,0.9122843433654588
2009-08-14,COP,CVX,252,0.9141390726997032
2009-08-17,COP,CVX,252,0.9136634061276641
2009-08-18,COP,CVX,252,0.9137097635239798
2009-08-19,COP,CVX,252,0.913704319177485
2009-08-20,COP,CVX,252,0.9135938050322595
2009-08-21,COP,CVX,252,0.9141099949546252
2009-08-24,COP,CVX,252,0.9143466752154887
2009-08-25,COP,CVX,252,0.9146140518791941
2009-08-26,COP,CVX,252,0.9145992386312509
2009-08-27,COP,CVX,252,0.9145384444364086
2009-08-28,COP,CVX,252,0.9145631729911545
2009-08-31,COP,CVX,252,0.914582473884147
2009-09-01,COP,CVX,252,0.9143005007247865
2009-09-02,COP,CVX,252,0.9141929589552068
2009-09-03,COP,CVX,252,0.9139544383746725
2009-09-04,COP,CVX,252,0.9138936040985642
2009-09-08,COP,CVX,252,0.9144962111554346
2009-09-09,COP,CVX,252,0.91761577161582
2009-09-10,COP,CVX,252,0.9177124014834747
2009-09-11,COP,CVX,252,0.9178527568413982
2009-09-14,COP,CVX,252,0.9177156651893655
2009-09-15,COP,CVX,252,0.9168372111896538
2009-09-16,COP,CVX,252,0.9174959063532134
2009-09-17,COP,CVX,252,0.9175090136121419
2009-09-18,COP,CVX,252,0.9170876382580057
2009-09-21,COP,CVX,252,0.9163558722626319
2009-09-22,COP,CVX,252,0.9163644843220229
2009-09-23,COP,CVX,252,0.9165466008878818
2009-09-24,COP,CVX,252,0.9166158002415515
2009-09-25,COP,CVX,252,0.9164288873316275
2009-09-28,COP,CVX,252,0.9164789566059965
2009-09-29,COP,CVX,252,0.915088522683551
2009-09-30,COP,CVX,252,0.9142820925237233
2009-10-01,COP,CVX,252,0.9139007398349083
2009-10-02,COP,CVX,252,0.9115142919899302
2009-10-05,COP,CVX,252,0.9121338819061963
2009-10-06,COP,CVX,252,0.9122567356802807
2009-10-07,COP,CVX,252,0.9105953560058154
2009-10-08,COP,CVX,252,0.9106698594482596
2009-10-09,COP,CVX,252,0.9038070361462363
2009-10-12,COP,CVX,252,0.9001949563926006
2009-10-13,COP,CVX,252,0.8942400823187023
2009-10-14,COP,CVX,252,0.89543593600753
2009-10-15,COP,CVX,252,0.8870793211714002
2009-10-16,COP,CVX,252,0.8857689095243951
2009-10-19,COP,CVX,252,0.8868285394042948
2009-10-20,COP,CVX,252,0.8833724461997354
2009-10-21,COP,CVX,252,0.8825078384070542
2009-10-22,COP,CVX,252,0.8784414701211037
2009-10-23,COP,CVX,252,0.8794292795045283
2009-10-26,COP,CVX,252,0.8782360151312295
2009-10-27,COP,CVX,252,0.8776762751356614
2009-10-28,COP,CVX,252,0.8754905882869269
2009-10-29,COP,CVX,252,0.8760610687617522
2009-10-30,COP,CVX,252,0.8761093038555754
2009-11-02,COP,CVX,252,0.8760642010399504
2009-11-03,COP,CVX,252,0.8756844658182334
2009-11-04,COP,CVX,252,0.8722671070851812
2009-11-05,COP,CVX,252,0.8713499934630266
2009-11-06,COP,CVX,252,0.8675368510105393
2009-11-09,COP,CVX,252,0.865735142095021
2009-11-10,COP,CVX,252,0.8673093784807112
2009-11-11,COP,CVX,252,0.867902930887185
2009-11-12,COP,CVX,252,0.8617470685960992
2009-11-13,COP,CVX,252,0.85596179858031
2009-11-16,COP,CVX,252,0.8549362562232767
2009-11-17,COP,CVX,252,0.8553160947290296
2009-11-18,COP,CVX,252,0.8540462844313859
2009-11-19,COP,CVX,252,0.853149506649951
2009-11-20,COP,CVX,252,0.8438651067385332
2009-11-23,COP,CVX,252,0.8309072207614263
2009-11-24,COP,CVX,252,0.8275427114036651
2009-11-25,COP,CVX,252,0.8262504847722788
2009-11-27,COP,CVX,252,0.8233094932678594
2009-11-30,COP,CVX,252,0.8243885128022572
2009-12-01,COP,CVX,252,0.8140687746653771
2009-12-02,COP,CVX,252,0.8141052544408242
2009-12-03,COP,CVX,252,0.815286092433702
2009-12-04,COP,CVX,252,0.8114939072824371
2009-12-07,COP,CVX,252,0.8101789720691064
2009-12-08,COP,CVX,252,0.8056839114240164
2009-12-09,COP,CVX,252,0.8122480585434814
2009-12-10,COP,CVX,252,0.8096317363766893
2009-12-11,COP,CVX,252,0.8116655916495183
2009-12-14,COP,CVX,252,0.8121470893148055
2009-12-15,COP,CVX,252,0.8134622741574788
2009-12-16,COP,CVX,252,0.8153153258071447
2009-12-17,COP,CVX,252,0.8163659141186368
2009-12-18,COP,CVX,252,0.8153063128760715
2009-12-21,COP,CVX,252,0.8163781859733462
2009-12-22,COP,CVX,252,0.8153532126757249
2009-12-23,COP,CVX,252,0.8162795264013527
2009-12-24,COP,CVX,252,0.8172799177865543
2009-12-28,COP,CVX,252,0.8171147125697997
2009-12-29,COP,CVX,252,0.8174591400385569
2009-12-30,COP,CVX,252,0.8162750280382697
2009-12-31,COP,CVX,252,0.815698694753757
2010-01-04,COP,CVX,252,0.8143005000423528
2010-01-05,COP,CVX,252,0.8143788127359682
2010-01-06,COP,CVX,252,0.8142998957477867
2010-01-07,COP,CVX,252,0.8110615284109493
2010-01-08,COP,CVX,252,0.8111425212460227
2010-01-11,COP,CVX,252,0.8096668496312478
2010-01-12,COP,CVX,252,0.8078052742140304
2010-01-13,COP,CVX,252,0.8065034034954939
2010-01-14,COP,CVX,252,0.8038321437150587
2010-01-15,COP,CVX,252,0.8080551643016773
2010-01-19,COP,CVX,252,0.8076063735228065
2010-01-20,COP,CVX,252,0.8006672267593877
2010-01-21,COP,CVX,252,0.7963216808169323
2010-01-22,COP,CVX,252,0.7967828855601933
2010-01-25,COP,CVX,252,0.797299303506279
2010-01-26,COP,CVX,252,0.7975918011093651
2010-01-27,COP,CVX,252,0.7976242125296198
2010-01-28,COP,CVX,252,0.7965059848396264
2010-01-29,COP,CVX,252,0.7902873782722379
2010-02-01,COP,CVX,252,0.791638898034175
2010-02-02,COP,CVX,252,0.796048365724136
2010-02-03,COP,CVX,252,0.7951836628746528
2010-02-04,COP,CVX,252,0.7974763078243505
2010-02-05,COP,CVX,252,0.7963980442654827
2010-02-08,COP,CVX,252,0.7957636621022609
2010-02-09,COP,CVX,252,0.7982299935588955
2010-02-10,COP,CVX,252,0.7929043119769185
2010-02-11,COP,CVX,252,0.7929460825844615
2010-02-12,COP,CVX,252,0.7932261624857087
2010-02-16,COP,CVX,252,0.7948344440308724
2010-02-17,COP,CVX,252,0.7866031279955533
2010-02-18,COP,CVX,252,0.7868692747388996
2010-02-19,COP,CVX,252,0.7871503331855524
2010-02-22,COP,CVX,252,0.786056671347506
2010-02-23,COP,CVX,252,0.7826018493130404
2010-02-24,COP,CVX,252,0.7784584445633043
2010-02-25,COP,CVX,252,0.7770907378084873
2010-02-26,COP,CVX,252,0.77691243682814
2010-03-01,COP,CVX,252,0.7747508522082149
2010-03-02,COP,CVX,252,0.7647768860743985
2010-03-03,COP,CVX,252,0.7648168548640887
2010-03-04,COP,CVX,252,0.7621967060584768
2010-03-05,COP,CVX,252,0.7562149325094591
2010-03-08,COP,CVX,252,0.7634348653896255
2010-03-09,COP,CVX,252,0.7678315475190083
2010-03-10,COP,CVX,252,0.7636134406497317
2010-03-11,COP,CVX,252,0.7639802618436278
2010-03-12,COP,CVX,252,0.7815305937265677
2010-03-15,COP,CVX,252,0.7821698286497469
2010-03-16,COP,CVX,252,0.7826587096300539
2010-03-17,COP,CVX,252,0.778595333830212
2010-03-18,COP,CVX,252,0.7774915723672983
2010-03-19,COP,CVX,252,0.7776025080244369
2010-03-22,COP,CVX,252,0.7816595690876889
2010-03-23,COP,CVX,252,0.7645703268872028
2010-03-24,COP,CVX,252,0.7662353424341048
2010-03-25,COP,CVX,252,0.7656428400511165
2010-03-26,COP,CVX,252,0.7627900830329042
2010-03-29,COP,CVX,252,0.7648619790881086
2010-03-30,COP,CVX,252,0.7607127239723996
2010-03-31,COP,CVX,252,0.7600805171036257
2010-04-01,COP,CVX,252,0.7599087361046057
2010-04-05,COP,CVX,252,0.7561213513739725
2010-04-06,COP,CVX,252,0.7575778243335107
2010-04-07,COP,CVX,252,0.7584399476359759
2010-04-08,COP,CVX,252,0.7545094592766233
2010-04-09,COP,CVX,252,0.75688917948468
2010-04-12,COP,CVX,252,0.7566639153729455
2010-04-13,COP,CVX,252,0.757005525838004
2010-04-14,COP,CVX,252,0.755813424270626
2010-04-15,COP,CVX,252,0.7549320076323348
2010-04-16,COP,CVX,252,0.757285515742697
2010-04-19,COP,CVX,252,0.7578112556869528
2010-04-20,COP,CVX,252,0.7505457795551497
2010-04-21,COP,CVX,252,0.7493613381916012
2010-04-22,COP,CVX,252,0.7479078914987707
2010-04-23,COP,CVX,252,0.7442955568176204
2010-04-26,COP,CVX,252,0.7426004819058688
2010-04-27,COP,CVX,252,0.7430433061962508
2010-04-28,COP,CVX,252,0.7451779771758013
2010-04-29,COP,CVX,252,0.7429260604015046
2010-04-30,COP,CVX,252,0.7414465670408361
2010-05-03,COP,CVX,252,0.7417792712419995
2010-05-04,COP,CVX,252,0.7532573495850079
2010-05-05,COP,CVX,252,0.7516262571388667
2010-05-06,COP,CVX,252,0.7524261693621762
2010-05-07,COP,CVX,252,0.752588609905271
2010-05-10,COP,CVX,252,0.75133028253103
2010-05-11,COP,CVX,252,0.7430969734369257
2010-05-12,COP,CVX,252,0.7437990614202663
2010-05-13,COP,CVX,252,0.743028896578868
2010-05-14,COP,CVX,252,0.7449143548348682
2010-05-17,COP,CVX,252,0.7397015367484294
2010-05-18,COP,CVX,252,0.7467425142082381
2010-05-19,COP,CVX,252,0.7473615060327378
2010-05-20,COP,CVX,252,0.7591435986768613
2010-05-21,COP,CVX,252,0.7587797971006917
2010-05-24,COP,CVX,252,0.76024770434037
2010-05-25,COP,CVX,252,0.758997639141064
2010-05-26,COP,CVX,252,0.7581932111946003
2010-05-27,COP,CVX,252,0.7649162285704681
2010-05-28,COP,CVX,252,0.7655807532878349
2010-06-01,COP,CVX,252,0.7612297625080321
2010-06-02,COP,CVX,252,0.7651308669208691
2010-06-03,COP,CVX,252,0.7669774260313926
2010-06-04,COP,CVX,252,0.7746211662898752
2010-06-07,COP,CVX,252,0.7745452792033545
2010-06-08,COP,CVX,252,0.7685267277553908
2010-06-09,COP,CVX,252,0.7681511012266299
2010-06-10,COP,CVX,252,0.7779449438135632
2010-06-11,COP,CVX,252,0.7849916773576228
2010-06-14,COP,CVX,252,0.7940241314287481
2010-06-15,COP,CVX,252,0.7922452790077158
2010-06-16,COP,CVX,252,0.7955818929093086
2010-06-17,COP,CVX,252,0.7944293374302835
2010-06-18,COP,CVX,252,0.7949477627578329
2010-06-21,COP,CVX,252,0.7952021730093303
2010-06-22,COP,CVX,252,0.7916009176689771
2010-06-23,COP,CVX,252,0.7942470994965608
2010-06-24,COP,CVX,252,0.7972693053312548
2010-06-25,COP,CVX,252,0.800255425465453
2010-06-28,COP,CVX,252,0.8000161280897368
2010-06-29,COP,CVX,252,0.8018443689858992
2010-06-30,COP,CVX,252,0.8021536445474492
2010-07-01,COP,CVX,252,0.8024431482280436
2010-07-02,COP,CVX,252,0.8001420848680646
2010-07-06,COP,CVX,252,0.8000793555148247
2010-07-07,COP,CVX,252,0.8021079269156048
2010-07-08,COP,CVX,252,0.8035098740235453
2010-07-09,COP,CVX,252,0.8050846040671797
2010-07-12,COP,CVX,252,0.8052094768105356
2010-07-13,COP,CVX,252,0.8053129191768665
2010-07-14,COP,CVX,252,0.8063755041717175
2010-07-15,COP,CVX,252,0.80416366967809
2010-07-16,COP,CVX,252,0.8061523596119152
2010-07-19,COP,CVX,252,0.8057463969418147
2010-07-20,COP,CVX,252,0.8065532247141785
2010-07-21,COP,CVX,252,0.8068784781076318
2010-07-22,COP,CVX,252,0.8080497767733636
2010-07-23,COP,CVX,252,0.8074240710548073
2010-07-26,COP,CVX,252,0.8080739357531646
2010-07-27,COP,CVX,252,0.8071523371874794
2010-07-28,COP,CVX,252,0.8070653520830028
2010-07-29,COP,CVX,252,0.8054247102973117
2010-07-30,COP,CVX,252,0.8048629252799717
2010-08-02,COP,CVX,252,0.8076917754934295
2010-08-03,COP,CVX,252,0.8062083616825777
2010-08-04,COP,CVX,252,0.8057821816121977
2010-08-05,COP,CVX,252,0.8055691465924556
2010-08-06,COP,CVX,252,0.8049967260614878
2010-08-09,COP,CVX,252,0.8053467121024772
2010-08-10,COP,CVX,252,0.805782448566147
2010-08-11,COP,CVX,252,0.807422016762222
2010-08-12,COP,CVX,252,0.8076130583637756
2010-08-13,COP,CVX,252,0.8074327920901708
2010-08-16,COP,CVX,252,0.8067275988883992
2010-08-17,COP,CVX,252,0.808641600114826
2010-08-18,COP,CVX,252,0.8088818232766912
2010-08-19,COP,CVX,252,0.809424793926037
2010-08-20,COP,CVX,252,0.8101806331332017
2010-08-23,COP,CVX,252,0.8089196678769449
2010-08-24,COP,CVX,252,0.806899068510243
2010-08-25,COP,CVX,252,0.8068595881166695
2010-08-26,COP,CVX,252,0.8070890880859609
2010-08-27,COP,CVX,252,0.8083594794265998
2010-08-30,COP,CVX,252,0.8092325461600556
2010-08-31,COP,CVX,252,0.8079529702147802
2010-09-01,COP,CVX,252,0.8093974298059405
2010-09-02,COP,CVX,252,0.8104587783768202
2010-09-03,COP,CVX,252,0.8111140404449871
2010-09-07,COP,CVX,252,0.8112435588781628
2010-09-08,COP,CVX,252,0.8091985552079577
2010-09-09,COP,CVX,252,0.8089846587855662
2010-09-10,COP,CVX,252,0.8054726236830237
2010-09-13,COP,CVX,252,0.8051658273706295
2010-09-14,COP,CVX,252,0.8053521253363249
2010-09-15,COP,CVX,252,0.8066993039980289
2010-09-16,COP,CVX,252,0.8064606230973249
2010-09-17,COP,CVX,252,0.8065717698931973
2010-09-20,COP,CVX,252,0.8089275427628948
2010-09-21,COP,CVX,252,0.8085637167426138
2010-09-22,COP,CVX,252,0.8085228798251669
2010-09-23,COP,CVX,252,0.8077796072026279
2010-09-24,COP,CVX,252,0.80867738187795
2010-09-27,COP,CVX,252,0.8086720438554795
2010-09-28,COP,CVX,252,0.808530931827438
2010-09-29,COP,CVX,252,0.8081239608203205
2010-09-30,COP,CVX,252,0.8082082317544027
2010-10-01,COP,CVX,252,0.8168645127415306
2010-10-04,COP,CVX,252,0.8287880942272317
2010-10-05,COP,CVX,252,0.8295243444225733
2010-10-06,COP,CVX,252,0.8292475640521114
2010-10-07,COP,CVX,252,0.8341977247557473
2010-10-08,COP,CVX,252,0.8347473281081447
2010-10-11,COP,CVX,252,0.8431300922988673
2010-10-12,COP,CVX,252,0.8426462613568481
2010-10-13,COP,CVX,252,0.8432369014483473
2010-10-14,COP,CVX,252,0.8477735473827732
2010-10-15,COP,CVX,252,0.8459300262272424
2010-10-18,COP,CVX,252,0.8459996229619633
2010-10-19,COP,CVX,252,0.8470985362456716
2010-10-20,COP,CVX,252,0.8480546609514942
2010-10-21,COP,CVX,252,0.8478247719670858
2010-10-22,COP,CVX,252,0.8480084908793165
2010-10-25,COP,CVX,252,0.8473337798499523
2010-10-26,COP,CVX,252,0.84614481716259
2010-10-27,COP,CVX,252,0.8462060033496737
2010-10-28,COP,CVX,252,0.8466686619690026
2010-10-29,COP,CVX,252,0.8404926786180759
2010-11-01,COP,CVX,252,0.8389126842210667
2010-11-02,COP,CVX,252,0.8392355712296025
2010-11-03,COP,CVX,252,0.8403467330780782
2010-11-04,COP,CVX,252,0.8450454335479816
2010-11-05,COP,CVX,252,0.8436060591421035
2010-11-08,COP,CVX,252,0.8424891717918574
2010-11-09,COP,CVX,252,0.8429769974546628
2010-11-10,COP,CVX,252,0.8436995857965053
2010-11-11,COP,CVX,252,0.8420719530515012
2010-11-12,COP,CVX,252,0.8414434986131145
2010-11-15,COP,CVX,252,0.8430608536846057
2010-11-16,COP,CVX,252,0.8436061471099986
2010-11-17,COP,CVX,252,0.8438684235138983
2010-11-18,COP,CVX,252,0.8446259760818715
2010-11-19,COP,CVX,252,0.8434284489389449
2010-11-22,COP,CVX,252,0.8433390938852433
2010-11-23,COP,CVX,252,0.8479586885745918
2010-11-24,COP,CVX,252,0.8485224738640426
2010-11-26,COP,CVX,252,0.8490014834851912
2010-11-29,COP,CVX,252,0.8479054557678742
2010-11-30,COP,CVX,252,0.8481441317770331
2010-12-01,COP,CVX,252,0.8493176475360588
2010-12-02,COP,CVX,252,0.850253593909906
2010-12-03,COP,CVX,252,0.849840706331589
2010-12-06,COP,CVX,252,0.8509027863394797
2010-12-07,COP,CVX,252,0.8491517915759813
2010-12-08,COP,CVX,252,0.8479318028484166
2010-12-09,COP,CVX,252,0.8475858162114971
2010-12-10,COP,CVX,252,0.8474618929674324
2010-12-13,COP,CVX,252,0.8480638585057805
2010-12-14,COP,CVX,252,0.8488703091102565
2010-12-15,COP,CVX,252,0.8497405958819045
2010-12-16,COP,CVX,252,0.8498247669979742
2010-12-17,COP,CVX,252,0.8494585839624557
2010-12-20,COP,CVX,252,0.8496929406434311
2010-12-21,COP,CVX,252,0.8496984762168791
2010-12-22,COP,CVX,252,0.8498711623309559
2010-12-23,COP,CVX,252,0.8490460712554798
2010-12-27,COP,CVX,252,0.8485313784606672
2010-12-28,COP,CVX,252,0.8481587357803436
2010-12-29,COP,CVX,252,0.8479109293679805
2010-12-30,COP,CVX,252,0.8479118043985803
2010-12-31,COP,CVX,252,0.848596271353791
2011-01-03,COP,CVX,252,0.8460512386124447
2011-01-04,COP,CVX,252,0.8465591780812005
2011-01-05,COP,CVX,252,0.8468768008143984
2011-01-06,COP,CVX,252,0.8470747351753538
2011-01-07,COP,CVX,252,0.8472082141167446
2011-01-10,COP,CVX,252,0.8484546344210684
2011-01-11,COP,CVX,252,0.8505544998987048
2011-01-12,COP,CVX,252,0.8524201224991855
2011-01-13,COP,CVX,252,0.8506995203890422
2011-01-14,COP,CVX,252,0.850984816878622
2011-01-18,COP,CVX,252,0.8511434061607377
2011-01-19,COP,CVX,252,0.8511852436592998
2011-01-20,COP,CVX,252,0.851081024193647
2011-01-21,COP,CVX,252,0.8488546868215548
2011-01-24,COP,CVX,252,0.8489499517976302
2011-01-25,COP,CVX,252,0.8482227873063238
2011-01-26,COP,CVX,252,0.8457971193027768
2011-01-27,COP,CVX,252,0.8489643944675429
2011-01-28,COP,CVX,252,0.8399208593643843
2011-01-31,COP,CVX,252,0.8388458055406177
2011-02-01,COP,CVX,252,0.8374844149213758
2011-02-02,COP,CVX,252,0.8391574634646637
2011-02-03,COP,CVX,252,0.8349397131408945
2011-02-04,COP,CVX,252,0.834886989864696
2011-02-07,COP,CVX,252,0.834243751504375
2011-02-08,COP,CVX,252,0.832969146670296
2011-02-09,COP,CVX,252,0.8341495485619651
2011-02-10,COP,CVX,252,0.8329355435318759
2011-02-11,COP,CVX,252,0.8300760836974271
2011-02-14,COP,CVX,252,0.8275001302925896
2011-02-15,COP,CVX,252,0.8282162630522754
2011-02-16,COP,CVX,252,0.8275551308491634
2011-02-17,COP,CVX,252,0.827415146678258
2011-02-18,COP,CVX,252,0.8288682981112313
2011-02-22,COP,CVX,252,0.8248726814485242
2011-02-23,COP,CVX,252,0.8265279140587307
2011-02-24,COP,CVX,252,0.8252789200086728
2011-02-25,COP,CVX,252,0.8260117359577533
2011-02-28,COP,CVX,252,0.8257765543677895
2011-03-01,COP,CVX,252,0.8254361597157703
2011-03-02,COP,CVX,252,0.825455128437531
2011-03-03,COP,CVX,252,0.8252192270440374
2011-03-04,COP,CVX,252,0.8232687050170101
2011-03-07,COP,CVX,252,0.8235873464274996
2011-03-08,COP,CVX,252,0.8206685885210858
2011-03-09,COP,CVX,252,0.821901839150756
2011-03-10,COP,CVX,252,0.8266503147221114
2011-03-11,COP,CVX,252,0.8279284179526518
2011-03-14,COP,CVX,252,0.8257370291417357
2011-03-15,COP,CVX,252,0.8235587346411358
2011-03-16,COP,CVX,252,0.8244665348829467
2011-03-17,COP,CVX,252,0.8278505768699926
2011-03-18,COP,CVX,252,0.824008337947413
2011-03-21,COP,CVX,252,0.825932330071135
2011-03-22,COP,CVX,252,0.8258086944091673
2011-03-23,COP,CVX,252,0.8257054022939999
2011-03-24,COP,CVX,252,0.8256583790535024
2011-03-25,COP,CVX,252,0.8284520379440594
2011-03-28,COP,CVX,252,0.8294756619082224
2011-03-29,COP,CVX,252,0.8248086502799902
2011-03-30,COP,CVX,252,0.8240243637135501
2011-03-31,COP,CVX,252,0.8236987099244646
2011-04-01,COP,CVX,252,0.8223824624094158
2011-04-04,COP,CVX,252,0.8224612308190183
2011-04-05,COP,CVX,252,0.8222800686693533
2011-04-06,COP,CVX,252,0.8231967552743004
2011-04-07,COP,CVX,252,0.8212542634863695
2011-04-08,COP,CVX,252,0.8209156664317009
2011-04-11,COP,CVX,252,0.820500782679309
2011-04-12,COP,CVX,252,0.8270421210447165
2011-04-13,COP,CVX,252,0.8270619369349339
2011-04-14,COP,CVX,252,0.8266255519489167
2011-04-15,COP,CVX,252,0.8267115012860082
2011-04-18,COP,CVX,252,0.8277134453864057
2011-04-19,COP,CVX,252,0.827758931465513
2011-04-20,COP,CVX,252,0.8293500153013303
2011-04-21,COP,CVX,252,0.8281692287862302
2011-04-25,COP,CVX,252,0.8283176605273523
2011-04-26,COP,CVX,252,0.8299407893559577
2011-04-27,COP,CVX,252,0.8280254069156695
2011-04-28,COP,CVX,252,0.8236598216372594
2011-04-29,COP,CVX,252,0.8243602711926659
2011-05-02,COP,CVX,252,0.8256082946371428
2011-05-03,COP,CVX,252,0.8239239638867327
2011-05-04,COP,CVX,252,0.8249036952099655
2011-05-05,COP,CVX,252,0.8242290105297221
2011-05-06,COP,CVX,252,0.8236451332542171
2011-05-09,COP,CVX,252,0.8199653849110747
2011-05-10,COP,CVX,252,0.8209290514227207
2011-05-11,COP,CVX,252,0.8231265470466972
2011-05-12,COP,CVX,252,0.8196796223931428
2011-05-13,COP,CVX,252,0.818505214541176
2011-05-16,COP,CVX,252,0.821366600517863
2011-05-17,COP,CVX,252,0.8206440184592575
2011-05-18,COP,CVX,252,0.8215125956461387
2011-05-19,COP,CVX,252,0.8141082620284099
2011-05-20,COP,CVX,252,0.812516892968033
2011-05-23,COP,CVX,252,0.8123518848315087
2011-05-24,COP,CVX,252,0.8130633690070086
2011-05-25,COP,CVX,252,0.8124790139263754
2011-05-26,COP,CVX,252,0.804687546996819
2011-05-27,COP,CVX,252,0.8040935198655547
2011-05-31,COP,CVX,252,0.8003378082598119
2011-06-01,COP,CVX,252,0.7966230991939495
2011-06-02,COP,CVX,252,0.7955324160725709
2011-06-03,COP,CVX,252,0.788328484758621
2011-06-06,COP,CVX,252,0.7906141934142189
2011-06-07,COP,CVX,252,0.7987896502798778
2011-06-08,COP,CVX,252,0.7987700570900026
2011-06-09,COP,CVX,252,0.7883194434869448
2011-06-10,COP,CVX,252,0.789714836030162
2011-06-13,COP,CVX,252,0.7921039809569972
2011-06-14,COP,CVX,252,0.7925032607841783
2011-06-15,COP,CVX,252,0.7948737399800664
2011-06-16,COP,CVX,252,0.7956726621272057
2011-06-17,COP,CVX,252,0.7962514374787879
2011-06-20,COP,CVX,252,0.7966484060502841
2011-06-21,COP,CVX,252,0.7950164296507151
2011-06-22,COP,CVX,252,0.7937533817845446
2011-06-23,COP,CVX,252,0.7898823038103288
2011-06-24,COP,CVX,252,0.7909407299693847
2011-06-27,COP,CVX,252,0.7917356940562442
2011-06-28,COP,CVX,252,0.7891926892878962
2011-06-29,COP,CVX,252,0.7890575856461756
2011-06-30,COP,CVX,252,0.7898340053186548
2011-07-01,COP,CVX,252,0.7900130749405829
2011-07-05,COP,CVX,252,0.7888123228873827
2011-07-06,COP,CVX,252,0.7838499144546486
2011-07-07,COP,CVX,252,0.7841559479972313
2011-07-08,COP,CVX,252,0.7840089822027757
2011-07-11,COP,CVX,252,0.785647308956204
2011-07-12,COP,CVX,252,0.7836015773744711
2011-07-13,COP,CVX,252,0.7831677368097797
2011-07-14,COP,CVX,252,0.7787888784492927
2011-07-15,COP,CVX,252,0.776644494674271
2011-07-18,COP,CVX,252,0.7758944057995735
2011-07-19,COP,CVX,252,0.7730736128355947
2011-07-20,COP,CVX,252,0.7724437458258099
2011-07-21,COP,CVX,252,0.7720853135161814
2011-07-22,COP,CVX,252,0.7730976195143301
2011-07-25,COP,CVX,252,0.7731398279402495
2011-07-26,COP,CVX,252,0.7742640737142669
2011-07-27,COP,CVX,252,0.7733066076218709
2011-07-28,COP,CVX,252,0.7734981579836633
2011-07-29,COP,CVX,252,0.7750067910823978
2011-08-01,COP,CVX,252,0.7710985658890042
2011-08-02,COP,CVX,252,0.7747152012969442
2011-08-03,COP,CVX,252,0.774896163517616
2011-08-04,COP,CVX,252,0.7912258517459183
2011-08-05,COP,CVX,252,0.7917291869287709
2011-08-08,COP,CVX,252,0.8228439694006996
2011-08-09,COP,CVX,252,0.8277488897289793
2011-08-10,COP,CVX,252,0.8286710709700893
2011-08-11,COP,CVX,252,0.834026493544049
2011-08-12,COP,CVX,252,0.8341140979207794
2011-08-15,COP,CVX,252,0.834757061240875
2011-08-16,COP,CVX,252,0.8350214877570683
2011-08-17,COP,CVX,252,0.8347956434143128
2011-08-18,COP,CVX,252,0.840910679532503
2011-08-19,COP,CVX,252,0.8403653980294211
2011-08-22,COP,CVX,252,0.8403234472094769
2011-08-23,COP,CVX,252,0.8450185277386277
2011-08-24,COP,CVX,252,0.845031022855254
2011-08-25,COP,CVX,252,0.8459306841984646
2011-08-26,COP,CVX,252,0.8452511556858059
2011-08-29,COP,CVX,252,0.8451499233472364
2011-08-30,COP,CVX,252,0.8455619367789126
2011-08-31,COP,CVX,252,0.8432403506148956
2011-09-01,COP,CVX,252,0.8431609491352433
2011-09-02,COP,CVX,252,0.8445933060609293
2011-09-06,COP,CVX,252,0.8448481426682162
2011-09-07,COP,CVX,252,0.845718138253537
2011-09-08,COP,CVX,252,0.8457139139811489
2011-09-09,COP,CVX,252,0.8499954124784764
2011-09-12,COP,CVX,252,0.8496434166128987
2011-09-13,COP,CVX,252,0.849279979199879
2011-09-14,COP,CVX,252,0.8502984143051057
2011-09-15,COP,CVX,252,0.8505734360084558
2011-09-16,COP,CVX,252,0.8508511967643574
2011-09-19,COP,CVX,252,0.8502598243482666
2011-09-20,COP,CVX,252,0.8488394189675944
2011-09-21,COP,CVX,252,0.8512762905073078
2011-09-22,COP,CVX,252,0.8531944836655946
2011-09-23,COP,CVX,252,0.8521883799654347
2011-09-26,COP,CVX,252,0.8527405709487365
2011-09-27,COP,CVX,252,0.8494330316666483
2011-09-28,COP,CVX,252,0.8500805586355069
2011-09-29,COP,CVX,252,0.8503815573686776
2011-09-30,COP,CVX,252,0.8510346918034184
2011-10-03,COP,CVX,252,0.8534222442441338
2011-10-04,COP,CVX,252,0.8526941954094523
2011-10-05,COP,CVX,252,0.8544613533554485
2011-10-06,COP,CVX,252,0.8542626496436238
2011-10-07,COP,CVX,252,0.8546063516520712
2011-10-10,COP,CVX,252,0.8585907431359989
2011-10-11,COP,CVX,252,0.8583338980910677
2011-10-12,COP,CVX,252,0.8584819830500432
2011-10-13,COP,CVX,252,0.8584466716940907
2011-10-14,COP,CVX,252,0.8609561788539681
2011-10-17,COP,CVX,252,0.8605755728182711
2011-10-18,COP,CVX,252,0.8540120224196831
2011-10-19,COP,CVX,252,0.8525179949361653
2011-10-20,COP,CVX,252,0.8529004834734631
2011-10-21,COP,CVX,252,0.8539688822073116
2011-10-24,COP,CVX,252,0.8545051529758318
2011-10-25,COP,CVX,252,0.8553446403033993
2011-10-26,COP,CVX,252,0.8556016315863969
2011-10-27,COP,CVX,252,0.8573043021156973
2011-10-28,COP,CVX,252,0.8541057949548301
2011-10-31,COP,CVX,252,0.8555678589464818
2011-11-01,COP,CVX,252,0.8569576640811712
2011-11-02,COP,CVX,252,0.8575903739472348
2011-11-03,COP,CVX,252,0.8562885841612788
2011-11-04,COP,CVX,252,0.8571317774906958
2011-11-07,COP,CVX,252,0.858362656054695
2011-11-08,COP,CVX,252,0.8588268108691381
2011-11-09,COP,CVX,252,0.8607699344208443
2011-11-10,COP,CVX,252,0.8625581440651848
2011-11-11,COP,CVX,252,0.862510403380302
2011-11-14,COP,CVX,252,0.8625095490346557
2011-11-15,COP,CVX,252,0.8550697218962565
2011-11-16,COP,CVX,252,0.8543839904079104
2011-11-17,COP,CVX,252,0.8536788902768261
2011-11-18,COP,CVX,252,0.8517830533153745
2011-11-21,COP,CVX,252,0.8501682854097624
2011-11-22,COP,CVX,252,0.8474622083872186
2011-11-23,COP,CVX,252,0.8474371631730843
2011-11-25,COP,CVX,252,0.847491751820472
2011-11-28,COP,CVX,252,0.84625335258437
2011-11-29,COP,CVX,252,0.8463928522910358
2011-11-30,COP,CVX,252,0.8508118497744127
2011-12-01,COP,CVX,252,0.8483913472394726
2011-12-02,COP,CVX,252,0.847422847546338
2011-12-05,COP,CVX,252,0.8472626662349886
2011-12-06,COP,CVX,252,0.8460030628607401
2011-12-07,COP,CVX,252,0.8461620529679518
2011-12-08,COP,CVX,252,0.847179434425351
2011-12-09,COP,CVX,252,0.8476220192078814
2011-12-12,COP,CVX,252,0.8473268805709966
2011-12-13,COP,CVX,252,0.8461807700502569
2011-12-14,COP,CVX,252,0.846648490205873
2011-12-15,COP,CVX,252,0.8464151405777055
2011-12-16,COP,CVX,252,0.8457747587518453
2011-12-19,COP,CVX,252,0.8465034272421212
2011-12-20,COP,CVX,252,0.8481040877827046
2011-12-21,COP,CVX,252,0.8482983728620361
2011-12-22,COP,CVX,252,0.8484815112732432
2011-12-23,COP,CVX,252,0.8489920825340139
2011-12-27,COP,CVX,252,0.8490415525085091
2011-12-28,COP,CVX,252,0.8496542514563417
2011-12-29,COP,CVX,252,0.8500284232873083
2011-12-30,COP,CVX,252,0.8496297191923868
2012-01-03,COP,CVX,252,0.8490712086921832
2012-01-04,COP,CVX,252,0.8490158952303994
2012-01-05,COP,CVX,252,0.8491833627065611
2012-01-06,COP,CVX,252,0.8491531943268688
2012-01-09,COP,CVX,252,0.8490172861937211
2012-01-10,COP,CVX,252,0.8486315914736375
2012-01-11,COP,CVX,252,0.8484715316526195
2012-01-12,COP,CVX,252,0.8488888277101192
2012-01-13,COP,CVX,252,0.8489360787334271
2012-01-17,COP,CVX,252,0.8489136125018407
2012-01-18,COP,CVX,252,0.848408967523203
2012-01-19,COP,CVX,252,0.8482801992439272
2012-01-20,COP,CVX,252,0.8483737595187675
2012-01-23,COP,CVX,252,0.847803504745975
2012-01-24,COP,CVX,252,0.8477562230469922
2012-01-25,COP,CVX,252,0.8462143841638514
2012-01-26,COP,CVX,252,0.8482997142887565
2012-01-27,COP,CVX,252,0.8454578065493545
2012-01-30,COP,CVX,252,0.8514984493745037
2012-01-31,COP,CVX,252,0.8511079940238145
2012-02-01,COP,CVX,252,0.8492182885371387
2012-02-02,COP,CVX,252,0.8493901998105385
2012-02-03,COP,CVX,252,0.8496997933973057
2012-02-06,COP,CVX,252,0.8499433638444913
2012-02-07,COP,CVX,252,0.8496465193645191
2012-02-08,COP,CVX,252,0.8495806669426479
2012-02-09,COP,CVX,252,0.8489433752988124
2012-02-10,COP,CVX,252,0.847455951487024
2012-02-13,COP,CVX,252,0.850908313145771
2012-02-14,COP,CVX,252,0.8515115728745795
2012-02-15,COP,CVX,252,0.8514192092846224
2012-02-16,COP,CVX,252,0.8518171064750427
2012-02-17,COP,CVX,252,0.8521635292736561
2012-02-21,COP,CVX,252,0.8514746339183459
2012-02-22,COP,CVX,252,0.8518309264419314
2012-02-23,COP,CVX,252,0.8512978912148885
2012-02-24,COP,CVX,252,0.8520545781914518
2012-02-27,COP,CVX,252,0.852093962115467
2012-02-28,COP,CVX,252,0.8514462084174306
2012-02-29,COP,CVX,252,0.851736396596871
2012-03-01,COP,CVX,252,0.850416139572622
2012-03-02,COP,CVX,252,0.8506102076313329
2012-03-05,COP,CVX,252,0.8511993221731713
2012-03-06,COP,CVX,252,0.850658426377754
2012-03-07,COP,CVX,252,0.8527276657577243
2012-03-08,COP,CVX,252,0.8534524659098834
2012-03-09,COP,CVX,252,0.8514455548719515
2012-03-12,COP,CVX,252,0.8514802746832016
2012-03-13,COP,CVX,252,0.8527662032987232
2012-03-14,COP,CVX,252,0.8542583284052007
2012-03-15,COP,CVX,252,0.8536463357266869
2012-03-16,COP,CVX,252,0.8525505412393282
2012-03-19,COP,CVX,252,0.8556550124264665
2012-03-20,COP,CVX,252,0.8544788735887348
2012-03-21,COP,CVX,252,0.8544058882685328
2012-03-22,COP,CVX,252,0.8564142236027894
2012-03-23,COP,CVX,252,0.8581101376846327
2012-03-26,COP,CVX,252,0.8584061250333054
2012-03-27,COP,CVX,252,0.8584043154891253
2012-03-28,COP,CVX,252,0.8616844710059249
2012-03-29,COP,CVX,252,0.8626788444084733
2012-03-30,COP,CVX,252,0.862796060465835
2012-04-02,COP,CVX,252,0.8635744521569783
2012-04-03,COP,CVX,252,0.8636713063956947
2012-04-04,COP,CVX,252,0.8626637474449352
2012-04-05,COP,CVX,252,0.863113507731296
2012-04-09,COP,CVX,252,0.8629085475578964
2012-04-10,COP,CVX,252,0.8635240791748335
2012-04-11,COP,CVX,252,0.8636400281662368
2012-04-12,COP,CVX,252,0.8617981907428989
2012-04-13,COP,CVX,252,0.8627305027736599
2012-04-16,COP,CVX,252,0.8625272202775605
2012-04-17,COP,CVX,252,0.861355777706662
2012-04-18,COP,CVX,252,0.860128209316963
2012-04-19,COP,CVX,252,0.8600601327246471
2012-04-20,COP,CVX,252,0.8590507818953314
2012-04-23,COP,CVX,252,0.858998748980847
2012-04-24,COP,CVX,252,0.8581352624747858
2012-04-25,COP,CVX,252,0.8554046710478175
2012-04-26,COP,CVX,252,0.8583215885203983
2012-04-27,COP,CVX,252,0.8634764472096689
2012-04-30,COP,CVX,252,0.8639872151800779
2012-05-01,COP,CVX,252,0.8638384940656588
2012-05-02,COP,CVX,252,0.8624471291877551
2012-05-03,COP,CVX,252,0.8621815243825425
2012-05-04,COP,CVX,252,0.86226855401984
2012-05-07,COP,CVX,252,0.8626582453917494
2012-05-08,COP,CVX,252,0.8590323891357882
2012-05-09,COP,CVX,252,0.8596688832410279
2012-05-10,COP,CVX,252,0.8595055652140944
2012-05-11,COP,CVX,252,0.8616699019994527
2012-05-14,COP,CVX,252,0.8617524093297206
2012-05-15,COP,CVX,252,0.862185559930387
2012-05-16,COP,CVX,252,0.8622703911068922
2012-05-17,COP,CVX,252,0.8610140677442726
2012-05-18,COP,CVX,252,0.8606223259504859
2012-05-21,COP,CVX,252,0.8614648092844165
2012-05-22,COP,CVX,252,0.8613430139868669
2012-05-23,COP,CVX,252,0.8603247060527434
2012-05-24,COP,CVX,252,0.860228561008453
2012-05-25,COP,CVX,252,0.8595910537151775
2012-05-29,COP,CVX,252,0.8598645595518104
2012-05-30,COP,CVX,252,0.8611406188628732
2012-05-31,COP,CVX,252,0.8611341008955822
2012-06-01,COP,CVX,252,0.8624270362854398
2012-06-04,COP,CVX,252,0.862573763422763
2012-06-05,COP,CVX,252,0.8615291357036559
2012-06-06,COP,CVX,252,0.8636275292268146
2012-06-07,COP,CVX,252,0.8636859817773614
2012-06-08,COP,CVX,252,0.8634031268226519
2012-06-11,COP,CVX,252,0.862690408996279
2012-06-12,COP,CVX,252,0.8624771346208867
2012-06-13,COP,CVX,252,0.8619206506475919
2012-06-14,COP,CVX,252,0.8613020155956292
2012-06-15,COP,CVX,252,0.8614496528389601
2012-06-18,COP,CVX,252,0.8618950287690123
2012-06-19,COP,CVX,252,0.8618053587406153
2012-06-20,COP,CVX,252,0.8594549784394293
2012-06-21,COP,CVX,252,0.8615313424571185
2012-06-22,COP,CVX,252,0.8619811917480542
2012-06-25,COP,CVX,252,0.8618355948695219
2012-06-26,COP,CVX,252,0.8621859951522576
2012-06-27,COP,CVX,252,0.8623880072632871
2012-06-28,COP,CVX,252,0.8619971448910431
2012-06-29,COP,CVX,252,0.862197246629541
2012-07-02,COP,CVX,252,0.861794433371311
2012-07-03,COP,CVX,252,0.8626794817871127
2012-07-05,COP,CVX,252,0.8627846067894563
2012-07-06,COP,CVX,252,0.8627785378258247
2012-07-09,COP,CVX,252,0.8628356309379149
2012-07-10,COP,CVX,252,0.8619447941259806
2012-07-11,COP,CVX,252,0.8619671699457838
2012-07-12,COP,CVX,252,0.8616627343115428
2012-07-13,COP,CVX,252,0.8640377401485695
2012-07-16,COP,CVX,252,0.8638849707435603
2012-07-17,COP,CVX,252,0.8646056186232652
2012-07-18,COP,CVX,252,0.8652949008838107
2012-07-19,COP,CVX,252,0.8652553192100714
2012-07-20,COP,CVX,252,0.8639439525031207
2012-07-23,COP,CVX,252,0.8640824058212292
2012-07-24,COP,CVX,252,0.8638572487404657
2012-07-25,COP,CVX,252,0.8607248362658682
2012-07-26,COP,CVX,252,0.8620306609511803
2012-07-27,COP,CVX,252,0.8621248782001856
2012-07-30,COP,CVX,252,0.8616388953080908
2012-07-31,COP,CVX,252,0.8624077464574581
2012-08-01,COP,CVX,252,0.8616923468846298
2012-08-02,COP,CVX,252,0.8620970232255702
2012-08-03,COP,CVX,252,0.8564659893827441
2012-08-06,COP,CVX,252,0.8564328632909364
2012-08-07,COP,CVX,252,0.8418602536067601
2012-08-08,COP,CVX,252,0.8381816602228702
2012-08-09,COP,CVX,252,0.8354256407854715
2012-08-10,COP,CVX,252,0.8315159568922558
2012-08-13,COP,CVX,252,0.8317276166831931
2012-08-14,COP,CVX,252,0.8304356095313392
2012-08-15,COP,CVX,252,0.8301017202202186
2012-08-16,COP,CVX,252,0.8301655920132833
2012-08-17,COP,CVX,252,0.8234913798084258
2012-08-20,COP,CVX,252,0.8234293475020608
2012-08-21,COP,CVX,252,0.8236439849004589
2012-08-22,COP,CVX,252,0.8188118779942469
2012-08-23,COP,CVX,252,0.8191285483756469
2012-08-24,COP,CVX,252,0.8180968372622719
2012-08-27,COP,CVX,252,0.8177979599314324
2012-08-28,COP,CVX,252,0.8178010561821268
2012-08-29,COP,CVX,252,0.8179381774443015
2012-08-30,COP,CVX,252,0.8179648900426957
2012-08-31,COP,CVX,252,0.8183357789214483
2012-09-04,COP,CVX,252,0.8169075791735171
2012-09-05,COP,CVX,252,0.8135995197093164
2012-09-06,COP,CVX,252,0.8124886932922121
2012-09-07,COP,CVX,252,0.8131515773016097
2012-09-10,COP,CVX,252,0.8097178988504389
2012-09-11,COP,CVX,252,0.810103921595471
2012-09-12,COP,CVX,252,0.8106681951760958
2012-09-13,COP,CVX,252,0.8111466712438572
2012-09-14,COP,CVX,252,0.8103416105487532
2012-09-17,COP,CVX,252,0.8102695224477265
2012-09-18,COP,CVX,252,0.8096402456652184
2012-09-19,COP,CVX,252,0.8109176314102247
2012-09-20,COP,CVX,252,0.8064340359366107
2012-09-21,COP,CVX,252,0.8010714958671813
2012-09-24,COP,CVX,252,0.8000351627979185
2012-09-25,COP,CVX,252,0.7997695364989628
2012-09-26,COP,CVX,252,0.8028748631815926
2012-09-27,COP,CVX,252,0.8016516255929854
2012-09-28,COP,CVX,252,0.8004753147412937
2012-10-01,COP,CVX,252,0.7990757498016313
2012-10-02,COP,CVX,252,0.7943079638092073
2012-10-03,COP,CVX,252,0.7937091760292864
2012-10-04,COP,CVX,252,0.7903873032890182
2012-10-05,COP,CVX,252,0.7909319494994717
2012-10-08,COP,CVX,252,0.7908806665303351
2012-10-09,COP,CVX,252,0.783096081897774
2012-10-10,COP,CVX,252,0.7772153793914055
2012-10-11,COP,CVX,252,0.7781013698924271
2012-10-12,COP,CVX,252,0.7785542633845031
2012-10-15,COP,CVX,252,0.7750080172597203
2012-10-16,COP,CVX,252,0.7751695506200537
2012-10-17,COP,CVX,252,0.7800669967554154
2012-10-18,COP,CVX,252,0.7810281612924128
2012-10-19,COP,CVX,252,0.781246025679456
2012-10-22,COP,CVX,252,0.7792933360832307
2012-10-23,COP,CVX,252,0.7808470620639955
2012-10-24,COP,CVX,252,0.7790030504379843
2012-10-25,COP,CVX,252,0.777294952217229
2012-10-26,COP,CVX,252,0.7744829967632131
2012-10-31,COP,CVX,252,0.7804314459066174
2012-11-01,COP,CVX,252,0.7749434374544573
2012-11-02,COP,CVX,252,0.7713277977500431
2012-11-05,COP,CVX,252,0.7683200577032626
2012-11-06,COP,CVX,252,0.7676450762236008
2012-11-07,COP,CVX,252,0.7715039228164926
2012-11-08,COP,CVX,252,0.7721029444263201
2012-11-09,COP,CVX,252,0.7714477645791648
2012-11-12,COP,CVX,252,0.762562775877237
2012-11-13,COP,CVX,252,0.762002509876716
2012-11-14,COP,CVX,252,0.7621114479229939
2012-11-15,COP,CVX,252,0.7617750907182983
2012-11-16,COP,CVX,252,0.7722724984172248
2012-11-19,COP,CVX,252,0.7746485152682091
2012-11-20,COP,CVX,252,0.774657803494393
2012-11-21,COP,CVX,252,0.777133509858385
2012-11-23,COP,CVX,252,0.7796003915674634
2012-11-26,COP,CVX,252,0.7830819896345972
2012-11-27,COP,CVX,252,0.7816972421249782
2012-11-28,COP,CVX,252,0.7821976139905441
2012-11-29,COP,CVX,252,0.7821369087675433
2012-11-30,COP,CVX,252,0.7810450904250399
2012-12-03,COP,CVX,252,0.763265731784341
2012-12-04,COP,CVX,252,0.7667356315666861
2012-12-05,COP,CVX,252,0.7687740768646898
2012-12-06,COP,CVX,252,0.7684168475960078
2012-12-07,COP,CVX,252,0.7727420774674784
2012-12-10,COP,CVX,252,0.7728930808622325
2012-12-11,COP,CVX,252,0.7699888401995698
2012-12-12,COP,CVX,252,0.7686792281970621
2012-12-13,COP,CVX,252,0.7680134805695221
2012-12-14,COP,CVX,252,0.7707898429547297
2012-12-17,COP,CVX,252,0.768057469464461
2012-12-18,COP,CVX,252,0.7693050124633343
2012-12-19,COP,CVX,252,0.7705063528316065
2012-12-20,COP,CVX,252,0.7697651138552387
2012-12-21,COP,CVX,252,0.7633684265796924
2012-12-24,COP,CVX,252,0.7619182452564117
2012-12-26,COP,CVX,252,0.761144774256563
2012-12-27,COP,CVX,252,0.7603526958910564
2012-12-28,COP,CVX,252,0.7621967278768296
2012-12-31,COP,CVX,252,0.7618620082816416
2013-01-02,COP,CVX,252,0.7635410324100862
2013-01-03,COP,CVX,252,0.7645702180543409
2013-01-04,COP,CVX,252,0.7641148074601589
2013-01-07,COP,CVX,252,0.7645301061046657
2013-01-08,COP,CVX,252,0.763311160335447
2013-01-09,COP,CVX,252,0.7625130064488356
2013-01-10,COP,CVX,252,0.7628830159855446
2013-01-11,COP,CVX,252,0.7605692375420433
2013-01-14,COP,CVX,252,0.758950161713925
2013-01-15,COP,CVX,252,0.7561521543532859
2013-01-16,COP,CVX,252,0.7603229291668743
2013-01-17,COP,CVX,252,0.7601782154072184
2013-01-18,COP,CVX,252,0.7610852426880502
2013-01-22,COP,CVX,252,0.7613625871245655
2013-01-23,COP,CVX,252,0.7618678770268985
2013-01-24,COP,CVX,252,0.7624498263181677
2013-01-25,COP,CVX,252,0.7627792034253952
2013-01-28,COP,CVX,252,0.7677827593066219
2013-01-29,COP,CVX,252,0.7681546835977909
2013-01-30,COP,CVX,252,0.7749651746613181
2013-01-31,COP,CVX,252,0.759756447088769
2013-02-01,COP,CVX,252,0.760888923645303
2013-02-04,COP,CVX,252,0.7669972355715368
2013-02-05,COP,CVX,252,0.7649365571210743
2013-02-06,COP,CVX,252,0.7651537829266759
2013-02-07,COP,CVX,252,0.763270204376735
2013-02-08,COP,CVX,252,0.763865739976507
2013-02-11,COP,CVX,252,0.7639899487393028
2013-02-12,COP,CVX,252,0.7644860036416795
2013-02-13,COP,CVX,252,0.7696910844035841
2013-02-14,COP,CVX,252,0.769214756470909
2013-02-15,COP,CVX,252,0.7702833972403209
2013-02-19,COP,CVX,252,0.768006851335964
2013-02-20,COP,CVX,252,0.7712557315825948
2013-02-21,COP,CVX,252,0.7710062445643635
2013-02-22,COP,CVX,252,0.7711572825386299
2013-02-25,COP,CVX,252,0.7769862989691337
2013-02-26,COP,CVX,252,0.7777458945945322
2013-02-27,COP,CVX,252,0.7770127052963697
2013-02-28,COP,CVX,252,0.7763786868589932
2013-03-01,COP,CVX,252,0.7770253475676316
2013-03-04,COP,CVX,252,0.773412585870462
2013-03-05,COP,CVX,252,0.7752807765980015
2013-03-06,COP,CVX,252,0.7756817878284588
2013-03-07,COP,CVX,252,0.7756012863621505
2013-03-08,COP,CVX,252,0.7751003736474584
2013-03-11,COP,CVX,252,0.774872486901711
2013-03-12,COP,CVX,252,0.7736608455332851
2013-03-13,COP,CVX,252,0.7738129278043281
2013-03-14,COP,CVX,252,0.7749478691758135
2013-03-15,COP,CVX,252,0.7748230703055947
2013-03-18,COP,CVX,252,0.7742067303220806
2013-03-19,COP,CVX,252,0.7739709287167227
2013-03-20,COP,CVX,252,0.773670310520173
2013-03-21,COP,CVX,252,0.7731962723935305
2013-03-22,COP,CVX,252,0.7728022090696595
2013-03-25,COP,CVX,252,0.7739674749931238
2013-03-26,COP,CVX,252,0.7714109180755216
2013-03-27,COP,CVX,252,0.7705288222929159
2013-03-28,COP,CVX,252,0.7693084064630296
2013-04-01,COP,CVX,252,0.7691860218562317
2013-04-02,COP,CVX,252,0.7685025667227764
2013-04-03,COP,CVX,252,0.7713476538994612
2013-04-04,COP,CVX,252,0.7702302048269936
2013-04-05,COP,CVX,252,0.7696701628356506
2013-04-08,COP,CVX,252,0.7681682715109107
2013-04-09,COP,CVX,252,0.7706989607931377
2013-04-10,COP,CVX,252,0.7704234010637496
2013-04-11,COP,CVX,252,0.76892670746917
2013-04-12,COP,CVX,252,0.7669650374971414
2013-04-15,COP,CVX,252,0.7748125673471399
2013-04-16,COP,CVX,252,0.7736262531805933
2013-04-17,COP,CVX,252,0.7730695063390458
2013-04-18,COP,CVX,252,0.7735582805239007
2013-04-19,COP,CVX,252,0.7759013398721273
2013-04-22,COP,CVX,252,0.7760641057814981
2013-04-23,COP,CVX,252,0.7762057699874919
2013-04-24,COP,CVX,252,0.7765385903477015
2013-04-25,COP,CVX,252,0.7769185182564137
2013-04-26,COP,CVX,252,0.7793745861014686
2013-04-29,COP,CVX,252,0.7856202519469919
2013-04-30,COP,CVX,252,0.784254084455967
2013-05-01,COP,CVX,252,0.7842353506810942
2013-05-02,COP,CVX,252,0.7866249759154512
2013-05-03,COP,CVX,252,0.7858645855925017
2013-05-06,COP,CVX,252,0.7878009553826159
2013-05-07,COP,CVX,252,0.7857349587350135
2013-05-08,COP,CVX,252,0.7818234669636973
2013-05-09,COP,CVX,252,0.7825440826347431
2013-05-10,COP,CVX,252,0.7897438324596374
2013-05-13,COP,CVX,252,0.7887638687190457
2013-05-14,COP,CVX,252,0.7893546877260965
2013-05-15,COP,CVX,252,0.7897435690328061
2013-05-16,COP,CVX,252,0.7890850236978911
2013-05-17,COP,CVX,252,0.7881437887586047
2013-05-20,COP,CVX,252,0.7891898639192066
2013-05-21,COP,CVX,252,0.7900345342343305
2013-05-22,COP,CVX,252,0.791180902989267
2013-05-23,COP,CVX,252,0.7899446045665084
2013-05-24,COP,CVX,252,0.7896909056733462
2013-05-28,COP,CVX,252,0.7916999845314378
2013-05-29,COP,CVX,252,0.7925028669900188
2013-05-30,COP,CVX,252,0.7944244773805472
2013-05-31,COP,CVX,252,0.7949755493133026
2013-06-03,COP,CVX,252,0.7914221541471764
2013-06-04,COP,CVX,252,0.7920780106128874
2013-06-05,COP,CVX,252,0.7876307318266623
2013-06-06,COP,CVX,252,0.7849827319554459
2013-06-07,COP,CVX,252,0.7872484042110498
2013-06-10,COP,CVX,252,0.7778090478812567
2013-06-11,COP,CVX,252,0.7776378067177381
2013-06-12,COP,CVX,252,0.7793303938845084
2013-06-13,COP,CVX,252,0.7812624259539801
2013-06-14,COP,CVX,252,0.7819146361990774
2013-06-17,COP,CVX,252,0.7817253223714763
2013-06-18,COP,CVX,252,0.7813668690672702
2013-06-19,COP,CVX,252,0.7810010710363178
2013-06-20,COP,CVX,252,0.7847154297246065
2013-06-21,COP,CVX,252,0.7838360319855026
2013-06-24,COP,CVX,252,0.7891889446410719
2013-06-25,COP,CVX,252,0.7810276006709397
2013-06-26,COP,CVX,252,0.7817823898244433
2013-06-27,COP,CVX,252,0.7809575645565463
2013-06-28,COP,CVX,252,0.7793721270472532
2013-07-01,COP,CVX,252,0.7777824332467068
2013-07-02,COP,CVX,252,0.7776164423070528
2013-07-03,COP,CVX,252,0.7737937603578081
2013-07-05,COP,CVX,252,0.7746943945912207
2013-07-08,COP,CVX,252,0.7736884752533768
2013-07-09,COP,CVX,252,0.7710127544809438
2013-07-10,COP,CVX,252,0.7699012115026008
2013-07-11,COP,CVX,252,0.7697778789057959
2013-07-12,COP,CVX,252,0.7697898877175975
2013-07-15,COP,CVX,252,0.769307072169444
2013-07-16,COP,CVX,252,0.7707723854985747
2013-07-17,COP,CVX,252,0.7696848894897658
2013-07-18,COP,CVX,252,0.7694961875393251
2013-07-19,COP,CVX,252,0.7706388599388814
2013-07-22,COP,CVX,252,0.7704426421363106
2013-07-23,COP,CVX,252,0.7704851990930321
2013-07-24,COP,CVX,252,0.7727949581718114
2013-07-25,COP,CVX,252,0.7697363260003995
2013-07-26,COP,CVX,252,0.7696476940013186
2013-07-29,COP,CVX,252,0.7778439376989678
2013-07-30,COP,CVX,252,0.7742283242929007
2013-07-31,COP,CVX,252,0.7734726559639709
2013-08-01,COP,CVX,252,0.7721956296788252
2013-08-02,COP,CVX,252,0.757609353921189
2013-08-05,COP,CVX,252,0.7562793005600139
2013-08-06,COP,CVX,252,0.7546744669467544
2013-08-07,COP,CVX,252,0.7498684747900347
2013-08-08,COP,CVX,252,0.7480516801540554
2013-08-09,COP,CVX,252,0.7479761448136325
2013-08-12,COP,CVX,252,0.7498232023991543
2013-08-13,COP,CVX,252,0.7506849248981017
2013-08-14,COP,CVX,252,0.7500364512428835
2013-08-15,COP,CVX,252,0.7470491459196434
2013-08-16,COP,CVX,252,0.7472049077537657
2013-08-19,COP,CVX,252,0.747826399800394
2013-08-20,COP,CVX,252,0.7471475419688314
2013-08-21,COP,CVX,252,0.7474340322290226
2013-08-22,COP,CVX,252,0.7479622376307054
2013-08-23,COP,CVX,252,0.747686059435695
2013-08-26,COP,CVX,252,0.7479210503442257
2013-08-27,COP,CVX,252,0.7468411900573114
2013-08-28,COP,CVX,252,0.7458893784149526
2013-08-29,COP,CVX,252,0.7471017121396253
2013-08-30,COP,CVX,252,0.747395901682818
2013-09-03,COP,CVX,252,0.7469144020888955
2013-09-04,COP,CVX,252,0.7456006955973971
2013-09-05,COP,CVX,252,0.744258057007468
2013-09-06,COP,CVX,252,0.7424140313603664
2013-09-09,COP,CVX,252,0.7477851292469134
2013-09-10,COP,CVX,252,0.7431490174206811
2013-09-11,COP,CVX,252,0.7428027060797041
2013-09-12,COP,CVX,252,0.7432902092589357
2013-09-13,COP,CVX,252,0.7431893945808025
2013-09-16,COP,CVX,252,0.743066904746536
2013-09-17,COP,CVX,252,0.739531549599433
2013-09-18,COP,CVX,252,0.7405288407656011
2013-09-19,COP,CVX,252,0.7398392027203701
2013-09-20,COP,CVX,252,0.7398290411297838
2013-09-23,COP,CVX,252,0.7376599610901047
2013-09-24,COP,CVX,252,0.7378426924229216
2013-09-25,COP,CVX,252,0.7381018615362468
2013-09-26,COP,CVX,252,0.7396154804162343
2013-09-27,COP,CVX,252,0.7379199075984826
2013-09-30,COP,CVX,252,0.7387340674704885
2013-10-01,COP,CVX,252,0.7371570857828761
2013-10-02,COP,CVX,252,0.7357464436263942
2013-10-03,COP,CVX,252,0.7311632573794393
2013-10-04,COP,CVX,252,0.730122536133611
2013-10-07,COP,CVX,252,0.7284692647077373
2013-10-08,COP,CVX,252,0.7287623365752395
2013-10-09,COP,CVX,252,0.7290873969476992
2013-10-10,COP,CVX,252,0.7208263169162554
2013-10-11,COP,CVX,252,0.721919604446499
2013-10-14,COP,CVX,252,0.7345627055729388
2013-10-15,COP,CVX,252,0.7351078362635124
2013-10-16,COP,CVX,252,0.7351234638360616
2013-10-17,COP,CVX,252,0.7346205271087296
2013-10-18,COP,CVX,252,0.732920933463147
2013-10-21,COP,CVX,252,0.7313204314359458
2013-10-22,COP,CVX,252,0.7317841812918444
2013-10-23,COP,CVX,252,0.7295926430157624
2013-10-24,COP,CVX,252,0.7283571726006102
2013-10-25,COP,CVX,252,0.724170611611822
2013-10-28,COP,CVX,252,0.7241902900047482
2013-10-29,COP,CVX,252,0.7226019348339903
2013-10-30,COP,CVX,252,0.7244056586783519
2013-10-31,COP,CVX,252,0.7300014539685453
2013-11-01,COP,CVX,252,0.7268263311776694
2013-11-04,COP,CVX,252,0.7264507947938065
2013-11-05,COP,CVX,252,0.7252248851551781
2013-11-06,COP,CVX,252,0.7275638055999476
2013-11-07,COP,CVX,252,0.7207605498388905
2013-11-08,COP,CVX,252,0.7189300598630777
2013-11-11,COP,CVX,252,0.7191021060546827
2013-11-12,COP,CVX,252,0.7206043694404717
2013-11-13,COP,CVX,252,0.7195928741903117
2013-11-14,COP,CVX,252,0.7182197945642715
2013-11-15,COP,CVX,252,0.7163014134527892
2013-11-18,COP,CVX,252,0.7098992391819434
2013-11-19,COP,CVX,252,0.7046633764661168
2013-11-20,COP,CVX,252,0.7049975813183588
2013-11-21,COP,CVX,252,0.7067527735448046
2013-11-22,COP,CVX,252,0.7056748088497563
2013-11-25,COP,CVX,252,0.7045494898799874
2013-11-26,COP,CVX,252,0.7008314496538866
2013-11-27,COP,CVX,252,0.6983301568470056
2013-11-29,COP,CVX,252,0.6985514757599235
2013-12-02,COP,CVX,252,0.6985157547730272
2013-12-03,COP,CVX,252,0.7021874836007286
2013-12-04,COP,CVX,252,0.7022968106680192
2013-12-05,COP,CVX,252,0.7032878194800637
2013-12-06,COP,CVX,252,0.7023104977420112
2013-12-09,COP,CVX,252,0.6980208971500886
2013-12-10,COP,CVX,252,0.6975556041311004
2013-12-11,COP,CVX,252,0.701056730825458
2013-12-12,COP,CVX,252,0.6968500724057003
2013-12-13,COP,CVX,252,0.6956911300174643
2013-12-16,COP,CVX,252,0.6957866846685752
2013-12-17,COP,CVX,252,0.6966850569318527
2013-12-18,COP,CVX,252,0.6872102330976426
2013-12-19,COP,CVX,252,0.6803574424714984
2013-12-20,COP,CVX,252,0.676599106274153
2013-12-23,COP,CVX,252,0.6753049925343168
2013-12-24,COP,CVX,252,0.6760150148639228
2013-12-26,COP,CVX,252,0.6756448755393898
2013-12-27,COP,CVX,252,0.675732059607349
2013-12-30,COP,CVX,252,0.6728746608553675
2013-12-31,COP,CVX,252,0.6699547063086333
2014-01-02,COP,CVX,252,0.6648906027118202
2014-01-03,COP,CVX,252,0.6650493846202405
2014-01-06,COP,CVX,252,0.6636374606798261
2014-01-07,COP,CVX,252,0.6613467463754346
2014-01-08,COP,CVX,252,0.6629891682061441
2014-01-09,COP,CVX,252,0.6633439228001483
2014-01-10,COP,CVX,252,0.6639065570154559
2014-01-13,COP,CVX,252,0.6732061204011502
2014-01-14,COP,CVX,252,0.6738159844287211
2014-01-15,COP,CVX,252,0.6735084239403951
2014-01-16,COP,CVX,252,0.6732898303397472
2014-01-17,COP,CVX,252,0.6715386055590032
2014-01-21,COP,CVX,252,0.673007652531946
2014-01-22,COP,CVX,252,0.6723272449902755
2014-01-23,COP,CVX,252,0.6715929577162608
2014-01-24,COP,CVX,252,0.6773040886564033
2014-01-27,COP,CVX,252,0.6742255405350964
2014-01-28,COP,CVX,252,0.6745288465319176
2014-01-29,COP,CVX,252,0.6730746367574079
2014-01-30,COP,CVX,252,0.6715538697652493
2014-01-31,COP,CVX,252,0.6764673862761081
2014-02-03,COP,CVX,252,0.6726987090842135
2014-02-04,COP,CVX,252,0.6703936616186339
2014-02-05,COP,CVX,252,0.6727814735501516
2014-02-06,COP,CVX,252,0.6759044880197483
2014-02-07,COP,CVX,252,0.6779277648700083
2014-02-10,COP,CVX,252,0.6778805919756455
2014-02-11,COP,CVX,252,0.6818995646630386
2014-02-12,COP,CVX,252,0.6812650217242338
2014-02-13,COP,CVX,252,0.68195942212308
2014-02-14,COP,CVX,252,0.6835081075959362
2014-02-18,COP,CVX,252,0.683315191914849
2014-02-19,COP,CVX,252,0.6810128609420099
2014-02-20,COP,CVX,252,0.6778683897902413
2014-02-21,COP,CVX,252,0.6770681179676769
2014-02-24,COP,CVX,252,0.6805084371178863
2014-02-25,COP,CVX,252,0.6722237546700833
2014-02-26,COP,CVX,252,0.6669576186339776
2014-02-27,COP,CVX,252,0.6677626453071019
2014-02-28,COP,CVX,252,0.6677996342793044
2014-03-03,COP,CVX,252,0.6690518700174609
2014-03-04,COP,CVX,252,0.6748428256509705
2014-03-05,COP,CVX,252,0.6752506628675154
2014-03-06,COP,CVX,252,0.6747574645854038
2014-03-07,COP,CVX,252,0.675059432385436
2014-03-10,COP,CVX,252,0.676648292642108
2014-03-11,COP,CVX,252,0.6772390946781099
2014-03-12,COP,CVX,252,0.6767485813391299
2014-03-13,COP,CVX,252,0.6766736530252141
2014-03-14,COP,CVX,252,0.6732459381364856
2014-03-17,COP,CVX,252,0.6747001193289008
2014-03-18,COP,CVX,252,0.6770100152600776
2014-03-19,COP,CVX,252,0.6782836288401293
2014-03-20,COP,CVX,252,0.6781006279129094
2014-03-21,COP,CVX,252,0.6779447067420429
2014-03-24,COP,CVX,252,0.6791475062538449
2014-03-25,COP,CVX,252,0.6797247088702212
2014-03-26,COP,CVX,252,0.679663692509612
2014-03-27,COP,CVX,252,0.6783096569636131
2014-03-28,COP,CVX,252,0.6787118668559939
2014-03-31,COP,CVX,252,0.6778391754455881
2014-04-01,COP,CVX,252,0.6772089067324727
2014-04-02,COP,CVX,252,0.6750643792568379
2014-04-03,COP,CVX,252,0.6764501503419296
2014-04-04,COP,CVX,252,0.6759559932830517
2014-04-07,COP,CVX,252,0.679333171454551
2014-04-08,COP,CVX,252,0.6787853072323253
2014-04-09,COP,CVX,252,0.6800695630358178
2014-04-10,COP,CVX,252,0.6911953197887531
2014-04-11,COP,CVX,252,0.6880338156242575
2014-04-14,COP,CVX,252,0.6734016479018817
2014-04-15,COP,CVX,252,0.6768342053405261
2014-04-16,COP,CVX,252,0.6759795227941622
2014-04-17,COP,CVX,252,0.6779052908777716
2014-04-21,COP,CVX,252,0.6766510530564591
2014-04-22,COP,CVX,252,0.6779879995367348
2014-04-23,COP,CVX,252,0.6759512048997073
2014-04-24,COP,CVX,252,0.6736802386361631
2014-04-25,COP,CVX,252,0.673775480472894
2014-04-28,COP,CVX,252,0.6707467657095301
2014-04-29,COP,CVX,252,0.6683973064251729
2014-04-30,COP,CVX,252,0.6680895441634327
2014-05-01,COP,CVX,252,0.6630621265432355
2014-05-02,COP,CVX,252,0.6519832437754064
2014-05-05,COP,CVX,252,0.6493923992805112
2014-05-06,COP,CVX,252,0.6496501473300056
2014-05-07,COP,CVX,252,0.6538863315924396
2014-05-08,COP,CVX,252,0.6569436460211793
2014-05-09,COP,CVX,252,0.656111842895282
2014-05-12,COP,CVX,252,0.6552481482648763
2014-05-13,COP,CVX,252,0.65500671368694
2014-05-14,COP,CVX,252,0.6493438553528369
2014-05-15,COP,CVX,252,0.6485740925290797
2014-05-16,COP,CVX,252,0.6485021938761768
2014-05-19,COP,CVX,252,0.6475255752662155
2014-05-20,COP,CVX,252,0.64519319922425
2014-05-21,COP,CVX,252,0.6464610861108878
2014-05-22,COP,CVX,252,0.6449985355041273
2014-05-23,COP,CVX,252,0.6453222675766209
2014-05-27,COP,CVX,252,0.6433091320326115
2014-05-28,COP,CVX,252,0.6416599000035791
2014-05-29,COP,CVX,252,0.6419339186681564
2014-05-30,COP,CVX,252,0.6422405720432436
2014-06-02,COP,CVX,252,0.637136020596161
2014-06-03,COP,CVX,252,0.6350380431150945
2014-06-04,COP,CVX,252,0.6337473335832343
2014-06-05,COP,CVX,252,0.634193755646499
2014-06-06,COP,CVX,252,0.6378297036945471
2014-06-09,COP,CVX,252,0.6370395098969587
2014-06-10,COP,CVX,252,0.6408157834538049
2014-06-11,COP,CVX,252,0.6396707641135518
2014-06-12,COP,CVX,252,0.6369322208536469
2014-06-13,COP,CVX,252,0.6332945323287427
2014-06-16,COP,CVX,252,0.6314795844280169
2014-06-17,COP,CVX,252,0.6298869287882831
2014-06-18,COP,CVX,252,0.6300713445738594
2014-06-19,COP,CVX,252,0.6288722209820017
2014-06-20,COP,CVX,252,0.6176891673080733
2014-06-23,COP,CVX,252,0.6193594217310615
2014-06-24,COP,CVX,252,0.6148116350486514
2014-06-25,COP,CVX,252,0.6105748954024294
2014-06-26,COP,CVX,252,0.6091566847286024
2014-06-27,COP,CVX,252,0.6096994878302091
2014-06-30,COP,CVX,252,0.6095524348537356
2014-07-01,COP,CVX,252,0.6083253469396475
2014-07-02,COP,CVX,252,0.6094931003283415
2014-07-03,COP,CVX,252,0.6101162813752509
2014-07-07,COP,CVX,252,0.6097548558633804
2014-07-08,COP,CVX,252,0.6088915523185524
2014-07-09,COP,CVX,252,0.6036652629077651
2014-07-10,COP,CVX,252,0.6035824870504719
2014-07-11,COP,CVX,252,0.6059988758157363
2014-07-14,COP,CVX,252,0.6070397469612636
2014-07-15,COP,CVX,252,0.6032926493942457
2014-07-16,COP,CVX,252,0.6072316175382861
2014-07-17,COP,CVX,252,0.608559245652813
2014-07-18,COP,CVX,252,0.6076841837390304
2014-07-21,COP,CVX,252,0.6030338379263446
2014-07-22,COP,CVX,252,0.6061600547221782
2014-07-23,COP,CVX,252,0.6074806435054164
2014-07-24,COP,CVX,252,0.6017393752695538
2014-07-25,COP,CVX,252,0.6039863797178895
2014-07-28,COP,CVX,252,0.6038316530254684
2014-07-29,COP,CVX,252,0.6025871835900178
2014-07-30,COP,CVX,252,0.6020940310143598
2014-07-31,COP,CVX,252,0.6163939907757569
2014-08-01,COP,CVX,252,0.6204569841605205
2014-08-04,COP,CVX,252,0.6353558207579574
2014-08-05,COP,CVX,252,0.6494182384823217
2014-08-06,COP,CVX,252,0.6504074662632243
2014-08-07,COP,CVX,252,0.6501658783437325
2014-08-08,COP,CVX,252,0.6581841680558335
2014-08-11,COP,CVX,252,0.6574502382658427
2014-08-12,COP,CVX,252,0.6571607473783155
2014-08-13,COP,CVX,252,0.6568471376979587
2014-08-14,COP,CVX,252,0.6585028740557644
2014-08-15,COP,CVX,252,0.66189524882815
2014-08-18,COP,CVX,252,0.6562649882383281
2014-08-19,COP,CVX,252,0.6550676397622818
2014-08-20,COP,CVX,252,0.6543890703256225
2014-08-21,COP,CVX,252,0.6539129329301615
2014-08-22,COP,CVX,252,0.6545399490053373
2014-08-25,COP,CVX,252,0.6546964323545345
2014-08-26,COP,CVX,252,0.653292410606219
2014-08-27,COP,CVX,252,0.6536971650703269
2014-08-28,COP,CVX,252,0.652653829502404
2014-08-29,COP,CVX,252,0.6511309617085026
2014-09-02,COP,CVX,252,0.6546041049406292
2014-09-03,COP,CVX,252,0.6549132157568647
2014-09-04,COP,CVX,252,0.6576902274838442
2014-09-05,COP,CVX,252,0.6582259794350402
2014-09-08,COP,CVX,252,0.6614134901932965
2014-09-09,COP,CVX,252,0.6595013112908668
2014-09-10,COP,CVX,252,0.6607246311968167
2014-09-11,COP,CVX,252,0.6585937351122085
2014-09-12,COP,CVX,252,0.6610703929705521
2014-09-15,COP,CVX,252,0.6634035289905601
2014-09-16,COP,CVX,252,0.6635069037660545
2014-09-17,COP,CVX,252,0.6635162183091762
2014-09-18,COP,CVX,252,0.6617691349150749
2014-09-19,COP,CVX,252,0.6632003549350839
2014-09-22,COP,CVX,252,0.66597960028138
2014-09-23,COP,CVX,252,0.6685474908882528
2014-09-24,COP,CVX,252,0.6687944574574685
2014-09-25,COP,CVX,252,0.6722918373878167
2014-09-26,COP,CVX,252,0.6729952170317344
2014-09-29,COP,CVX,252,0.6743156463018316
2014-09-30,COP,CVX,252,0.674876714309405
2014-10-01,COP,CVX,252,0.6803808582562855
2014-10-02,COP,CVX,252,0.6820655172058309
2014-10-03,COP,CVX,252,0.6873230126571166
2014-10-06,COP,CVX,252,0.6898303557871753
2014-10-07,COP,CVX,252,0.6931937270246928
2014-10-08,COP,CVX,252,0.6920564624542627
2014-10-09,COP,CVX,252,0.705288933658277
2014-10-10,COP,CVX,252,0.7142207260917063
2014-10-13,COP,CVX,252,0.71692802834246
2014-10-14,COP,CVX,252,0.7235825820140498
2014-10-15,COP,CVX,252,0.7231262168947559
2014-10-16,COP,CVX,252,0.723121752162862
2014-10-17,COP,CVX,252,0.7230839123019617
2014-10-20,COP,CVX,252,0.7199494017812801
2014-10-21,COP,CVX,252,0.7287903737409825
2014-10-22,COP,CVX,252,0.7301572120545616
2014-10-23,COP,CVX,252,0.7297141484885972
2014-10-24,COP,CVX,252,0.7302781996837102
2014-10-27,COP,CVX,252,0.7316586909636413
2014-10-28,COP,CVX,252,0.7361071768294754
2014-10-29,COP,CVX,252,0.7350336709605293
2014-10-30,COP,CVX,252,0.7328211638865995
2014-10-31,COP,CVX,252,0.7331221293721122
2014-11-03,COP,CVX,252,0.7411607115268515
2014-11-04,COP,CVX,252,0.7424035491092879
2014-11-05,COP,CVX,252,0.7474477353530123
2014-11-06,COP,CVX,252,0.7459253800918172
2014-11-07,COP,CVX,252,0.743875778256376
2014-11-10,COP,CVX,252,0.7430112604227683
2014-11-11,COP,CVX,252,0.7429909522320819
2014-11-12,COP,CVX,252,0.7425885296076656
2014-11-13,COP,CVX,252,0.7443217600856311
2014-11-14,COP,CVX,252,0.7448535523842582
2014-11-17,COP,CVX,252,0.7459357598189323
2014-11-18,COP,CVX,252,0.7504077120323188
2014-11-19,COP,CVX,252,0.7537286367746311
2014-11-20,COP,CVX,252,0.7541494152498922
2014-11-21,COP,CVX,252,0.7525417440239621
2014-11-24,COP,CVX,252,0.7523814194520563
2014-11-25,COP,CVX,252,0.7563089397267786
2014-11-26,COP,CVX,252,0.7587404960457235
2014-11-28,COP,CVX,252,0.7896003863209573
2014-12-01,COP,CVX,252,0.7941669265007394
2014-12-02,COP,CVX,252,0.7970964287291159
2014-12-03,COP,CVX,252,0.7892770563711805
2014-12-04,COP,CVX,252,0.7906279405065613
2014-12-05,COP,CVX,252,0.7915744359537826
2014-12-08,COP,CVX,252,0.8032642691011195
2014-12-09,COP,CVX,252,0.8056852360793294
2014-12-10,COP,CVX,252,0.808541921627812
2014-12-11,COP,CVX,252,0.8074487067056557
2014-12-12,COP,CVX,252,0.8119266264017474
2014-12-15,COP,CVX,252,0.8135835500607905
2014-12-16,COP,CVX,252,0.8123952823421602
2014-12-17,COP,CVX,252,0.8235320279902894
2014-12-18,COP,CVX,252,0.8330312816721442
2014-12-19,COP,CVX,252,0.8346320916514324
2014-12-22,COP,CVX,252,0.8363484860951274
2014-12-23,COP,CVX,252,0.838174418450602
2014-12-24,COP,CVX,252,0.8376088879122688
2014-12-26,COP,CVX,252,0.8381852345327467
2014-12-29,COP,CVX,252,0.8381326149390367
2014-12-30,COP,CVX,252,0.8379528613579612
2014-12-31,COP,CVX,252,0.8381585017473655
2015-01-02,COP,CVX,252,0.8377008627426759
2015-01-05,COP,CVX,252,0.8456573322405282
2015-01-06,COP,CVX,252,0.8306034865906308
2015-01-07,COP,CVX,252,0.8306958207030024
2015-01-08,COP,CVX,252,0.8328720792963655
2015-01-09,COP,CVX,252,0.8283361641189847
2015-01-12,COP,CVX,252,0.8316078483354968
2015-01-13,COP,CVX,252,0.8306618557536818
2015-01-14,COP,CVX,252,0.830434663820814
2015-01-15,COP,CVX,252,0.8310207061746978
2015-01-16,COP,CVX,252,0.8335468631453193
2015-01-20,COP,CVX,252,0.8329407637180237
2015-01-21,COP,CVX,252,0.8338264441331322
2015-01-22,COP,CVX,252,0.8340738089413884
2015-01-23,COP,CVX,252,0.8342843736333426
2015-01-26,COP,CVX,252,0.8341511884535986
2015-01-27,COP,CVX,252,0.8355298734169475
2015-01-28,COP,CVX,252,0.8425591787040408
2015-01-29,COP,CVX,252,0.841302557415524
2015-01-30,COP,CVX,252,0.8411139969683963
2015-02-02,COP,CVX,252,0.8554890914568125
2015-02-03,COP,CVX,252,0.8586203766034446
2015-02-04,COP,CVX,252,0.8577396849247182
2015-02-05,COP,CVX,252,0.8574087782487396
2015-02-06,COP,CVX,252,0.8569073746118421
2015-02-09,COP,CVX,252,0.8567110521832232
2015-02-10,COP,CVX,252,0.8565179638430382
2015-02-11,COP,CVX,252,0.8559748571632674
2015-02-12,COP,CVX,252,0.8560298587163302
2015-02-13,COP,CVX,252,0.8571866393091583
2015-02-17,COP,CVX,252,0.85693616122737
2015-02-18,COP,CVX,252,0.858348472245861
2015-02-19,COP,CVX,252,0.8580659446876477
2015-02-20,COP,CVX,252,0.8591086662838119
2015-02-23,COP,CVX,252,0.8610648435516478
2015-02-24,COP,CVX,252,0.8608887155907822
2015-02-25,COP,CVX,252,0.8613879951855788
2015-02-26,COP,CVX,252,0.8630407194497693
2015-02-27,COP,CVX,252,0.8628684170745946
2015-03-02,COP,CVX,252,0.8634492229046693
2015-03-03,COP,CVX,252,0.8618376405192154
2015-03-04,COP,CVX,252,0.8613015154357605
2015-03-05,COP,CVX,252,0.8609825557477471
2015-03-06,COP,CVX,252,0.8611399325232805
2015-03-09,COP,CVX,252,0.8585553527873085
2015-03-10,COP,CVX,252,0.8587457372997748
2015-03-11,COP,CVX,252,0.8592463534719142
2015-03-12,COP,CVX,252,0.8588286170465185
2015-03-13,COP,CVX,252,0.8578324121937633
2015-03-16,COP,CVX,252,0.8585913953076981
2015-03-17,COP,CVX,252,0.8579563086899272
2015-03-18,COP,CVX,252,0.8585082462557887
2015-03-19,COP,CVX,252,0.8585444516711823
2015-03-20,COP,CVX,252,0.8590206108583438
2015-03-23,COP,CVX,252,0.8596762445416813
2015-03-24,COP,CVX,252,0.8596193290836648
2015-03-25,COP,CVX,252,0.858981737218841
2015-03-26,COP,CVX,252,0.8585632826805643
2015-03-27,COP,CVX,252,0.8591801418323801
2015-03-30,COP,CVX,252,0.859192405127194
2015-03-31,COP,CVX,252,0.8604104585032407
2015-04-01,COP,CVX,252,0.8589454459764863
2015-04-02,COP,CVX,252,0.8589841918363571
2015-04-06,COP,CVX,252,0.8590268888324628
2015-04-07,COP,CVX,252,0.8583078012009205
2015-04-08,COP,CVX,252,0.8585484536798562
2015-04-09,COP,CVX,252,0.8527065344438388
2015-04-10,COP,CVX,252,0.8520839581343138
2015-04-13,COP,CVX,252,0.8506013404944156
2015-04-14,COP,CVX,252,0.8533884967777698
2015-04-15,COP,CVX,252,0.854074794861162
2015-04-16,COP,CVX,252,0.8533619662311794
2015-04-17,COP,CVX,252,0.8531221402031118
2015-04-20,COP,CVX,252,0.8531364309605606
2015-04-21,COP,CVX,252,0.8536630194700154
2015-04-22,COP,CVX,252,0.8537384434017858
2015-04-23,COP,CVX,252,0.8543988135014667
2015-04-24,COP,CVX,252,0.8544306269350609
2015-04-27,COP,CVX,252,0.8542953105525802
2015-04-28,COP,CVX,252,0.8556026251437373
2015-04-29,COP,CVX,252,0.8556786997627248
2015-04-30,COP,CVX,252,0.8554959581572854
2015-05-01,COP,CVX,252,0.8559844327528966
2015-05-04,COP,CVX,252,0.8593650252388048
2015-05-05,COP,CVX,252,0.8590224420684749
2015-05-06,COP,CVX,252,0.8592934766603099
2015-05-07,COP,CVX,252,0.8588071194396615
2015-05-08,COP,CVX,252,0.8587030675406736
2015-05-11,COP,CVX,252,0.8587112879434191
2015-05-12,COP,CVX,252,0.859086797698218
2015-05-13,COP,CVX,252,0.8590766563429068
2015-05-14,COP,CVX,252,0.8590008934602615
2015-05-15,COP,CVX,252,0.8595355702460934
2015-05-18,COP,CVX,252,0.8568885664332978
2015-05-19,COP,CVX,252,0.857657162187193
2015-05-20,COP,CVX,252,0.857878400074788
2015-05-21,COP,CVX,252,0.857404648025705
2015-05-22,COP,CVX,252,0.8576178652343392
2015-05-26,COP,CVX,252,0.8584135501313631
2015-05-27,COP,CVX,252,0.8596187172302533
2015-05-28,COP,CVX,252,0.8603276216027701
2015-05-29,COP,CVX,252,0.8603610728732047
2015-06-01,COP,CVX,252,0.860223542616409
2015-06-02,COP,CVX,252,0.8597483917619219
2015-06-03,COP,CVX,252,0.8597393892862293
2015-06-04,COP,CVX,252,0.8599129857006504
2015-06-05,COP,CVX,252,0.8602712627581169
2015-06-08,COP,CVX,252,0.8571941426005626
2015-06-09,COP,CVX,252,0.8569625587917095
2015-06-10,COP,CVX,252,0.8573379308831854
2015-06-11,COP,CVX,252,0.857029186455497
2015-06-12,COP,CVX,252,0.8567116433922674
2015-06-15,COP,CVX,252,0.8570617832225802
2015-06-16,COP,CVX,252,0.8567559714978304
2015-06-17,COP,CVX,252,0.8567656555917953
2015-06-18,COP,CVX,252,0.8564291670651882
2015-06-19,COP,CVX,252,0.8569306558480418
2015-06-22,COP,CVX,252,0.8567861857776565
2015-06-23,COP,CVX,252,0.8557210036995367
2015-06-24,COP,CVX,252,0.8554809522331256
2015-06-25,COP,CVX,252,0.8571850781859617
2015-06-26,COP,CVX,252,0.8574149347887492
2015-06-29,COP,CVX,252,0.8584024201512707
2015-06-30,COP,CVX,252,0.8579827674034852
2015-07-01,COP,CVX,252,0.856072314675665
2015-07-02,COP,CVX,252,0.8552418201039881
2015-07-06,COP,CVX,252,0.8550423819824254
2015-07-07,COP,CVX,252,0.8551983705028466
2015-07-08,COP,CVX,252,0.8562918367590755
2015-07-09,COP,CVX,252,0.858220202436994
2015-07-10,COP,CVX,252,0.8589446697032852
2015-07-13,COP,CVX,252,0.85858513219729
2015-07-14,COP,CVX,252,0.8588229220265403
2015-07-15,COP,CVX,252,0.8605867860305981
2015-07-16,COP,CVX,252,0.8592217452808293
2015-07-17,COP,CVX,252,0.8596832024774924
2015-07-20,COP,CVX,252,0.859249054725451
2015-07-21,COP,CVX,252,0.8588093863598761
2015-07-22,COP,CVX,252,0.8582531889261732
2015-07-23,COP,CVX,252,0.8573635695722007
2015-07-24,COP,CVX,252,0.8608885650957615
2015-07-27,COP,CVX,252,0.8618250008366458
2015-07-28,COP,CVX,252,0.8640122314632848
2015-07-29,COP,CVX,252,0.8643396302478132
2015-07-30,COP,CVX,252,0.8633527924073902
2015-07-31,COP,CVX,252,0.8613645223168509
2015-08-03,COP,CVX,252,0.8577702214324199
2015-08-04,COP,CVX,252,0.8582231092102117
2015-08-05,COP,CVX,252,0.8571115832854123
2015-08-06,COP,CVX,252,0.8575792089423714
2015-08-07,COP,CVX,252,0.8590679886953773
2015-08-10,COP,CVX,252,0.8598637878405396
2015-08-11,COP,CVX,252,0.8598434409124469
2015-08-12,COP,CVX,252,0.8601348984959951
2015-08-13,COP,CVX,252,0.8591830130171303
2015-08-14,COP,CVX,252,0.8586884428622241
2015-08-17,COP,CVX,252,0.856507884595854
2015-08-18,COP,CVX,252,0.8585061144313701
2015-08-19,COP,CVX,252,0.8609133361825443
2015-08-20,COP,CVX,252,0.8612634417020323
2015-08-21,COP,CVX,252,0.8624818194525391
2015-08-24,COP,CVX,252,0.8678791033023404
2015-08-25,COP,CVX,252,0.8669193575545163
2015-08-26,COP,CVX,252,0.8674549837515
2015-08-27,COP,CVX,252,0.8731833672925692
2015-08-28,COP,CVX,252,0.8727998800844139
2015-08-31,COP,CVX,252,0.8645671605072754
2015-09-01,COP,CVX,252,0.8654581786916823
2015-09-02,COP,CVX,252,0.8649069371528134
2015-09-03,COP,CVX,252,0.8647993622193904
2015-09-04,COP,CVX,252,0.865318945393349
2015-09-08,COP,CVX,252,0.8626155951964604
2015-09-09,COP,CVX,252,0.8621433134472298
2015-09-10,COP,CVX,252,0.8628234488852148
2015-09-11,COP,CVX,252,0.860008605526819
2015-09-14,COP,CVX,252,0.8590500623262151
2015-09-15,COP,CVX,252,0.8586585293196795
2015-09-16,COP,CVX,252,0.8595370636434986
2015-09-17,COP,CVX,252,0.8594467743941575
2015-09-18,COP,CVX,252,0.8600382121069998
2015-09-21,COP,CVX,252,0.8600018406558781
2015-09-22,COP,CVX,252,0.859410419974181
2015-09-23,COP,CVX,252,0.859888438078588
2015-09-24,COP,CVX,252,0.8589942163923638
2015-09-25,COP,CVX,252,0.8555898080390418
2015-09-28,COP,CVX,252,0.8566548628294032
2015-09-29,COP,CVX,252,0.8566935792175815
2015-09-30,COP,CVX,252,0.8581901013678516
2015-10-01,COP,CVX,252,0.857081522875358
2015-10-02,COP,CVX,252,0.860720415602649
2015-10-05,COP,CVX,252,0.862724795050781
2015-10-06,COP,CVX,252,0.8651567620932128
2015-10-07,COP,CVX,252,0.8643137931371646
2015-10-08,COP,CVX,252,0.8651152967520681
2015-10-09,COP,CVX,252,0.8636486499011303
2015-10-12,COP,CVX,252,0.8640320939411631
2015-10-13,COP,CVX,252,0.8641356017439404
2015-10-14,COP,CVX,252,0.8630568670866761
2015-10-15,COP,CVX,252,0.8633679994838047
2015-10-16,COP,CVX,252,0.8631610896507085
2015-10-19,COP,CVX,252,0.8632530637279447
2015-10-20,COP,CVX,252,0.8641977513802028
2015-10-21,COP,CVX,252,0.8634512900730575
2015-10-22,COP,CVX,252,0.8647206543820416
2015-10-23,COP,CVX,252,0.8652131266276103
2015-10-26,COP,CVX,252,0.8666062568597916
2015-10-27,COP,CVX,252,0.866746095774238
2015-10-28,COP,CVX,252,0.8673209076146438
2015-10-29,COP,CVX,252,0.8675045284654855
2015-10-30,COP,CVX,252,0.866225415277008
2015-11-02,COP,CVX,252,0.8669859450403593
2015-11-03,COP,CVX,252,0.868030706751815
2015-11-04,COP,CVX,252,0.8679312323298798
2015-11-05,COP,CVX,252,0.8645917155689995
2015-11-06,COP,CVX,252,0.8643206259550154
2015-11-09,COP,CVX,252,0.8651919447252441
2015-11-10,COP,CVX,252,0.8645825965252812
2015-11-11,COP,CVX,252,0.864544550710862
2015-11-12,COP,CVX,252,0.8655453541501967
2015-11-13,COP,CVX,252,0.864720199278064
2015-11-16,COP,CVX,252,0.8679655554831482
2015-11-17,COP,CVX,252,0.8681132192399309
2015-11-18,COP,CVX,252,0.8684746094926695
2015-11-19,COP,CVX,252,0.8687706820869808
2015-11-20,COP,CVX,252,0.8685318084440286
2015-11-23,COP,CVX,252,0.8685646801725575
2015-11-24,COP,CVX,252,0.8676896334224887
2015-11-25,COP,CVX,252,0.8671671367718109
2015-11-27,COP,CVX,252,0.8666900667019729
2015-11-30,COP,CVX,252,0.8609751942392543
2015-12-01,COP,CVX,252,0.8600625397074267
2015-12-02,COP,CVX,252,0.8603204899066438
2015-12-03,COP,CVX,252,0.863855059585631
2015-12-04,COP,CVX,252,0.8618960732943389
2015-12-07,COP,CVX,252,0.8628983097983325
2015-12-08,COP,CVX,252,0.8605372495378338
2015-12-09,COP,CVX,252,0.8600850636490277
2015-12-10,COP,CVX,252,0.8597444637076279
2015-12-11,COP,CVX,252,0.8598865764478419
2015-12-14,COP,CVX,252,0.8609213927740922
2015-12-15,COP,CVX,252,0.8599585742452923
2015-12-16,COP,CVX,252,0.8558296016960932
2015-12-17,COP,CVX,252,0.8542195844065051
2015-12-18,COP,CVX,252,0.851270022199089
2015-12-21,COP,CVX,252,0.8518372181961931
2015-12-22,COP,CVX,252,0.8519071259787571
2015-12-23,COP,CVX,252,0.8543618609292951
2015-12-24,COP,CVX,252,0.8540233750634332
2015-12-28,COP,CVX,252,0.8546277235939033
2015-12-29,COP,CVX,252,0.8548931163265068
2015-12-30,COP,CVX,252,0.854969739774047
2015-12-31,COP,CVX,252,0.854774582838441
2016-01-04,COP,CVX,252,0.8532657172126549
2016-01-05,COP,CVX,252,0.8501111527138063
2016-01-06,COP,CVX,252,0.8606631726535906
2016-01-07,COP,CVX,252,0.8618680564518257
2016-01-08,COP,CVX,252,0.8610161300990328
2016-01-11,COP,CVX,252,0.8601494242293016
2016-01-12,COP,CVX,252,0.8516261551699916
2016-01-13,COP,CVX,252,0.8506120600675047
2016-01-14,COP,CVX,252,0.855698535585302
2016-01-15,COP,CVX,252,0.8550599132796658
2016-01-19,COP,CVX,252,0.8483826023378845
2016-01-20,COP,CVX,252,0.8508408129066255
2016-01-21,COP,CVX,252,0.8494642872854649
2016-01-22,COP,CVX,252,0.8496210993016892
2016-01-25,COP,CVX,252,0.843499904384763
2016-01-26,COP,CVX,252,0.8444639173896349
2016-01-27,COP,CVX,252,0.8393997491354319
2016-01-28,COP,CVX,252,0.8387886292727995
2016-01-29,COP,CVX,252,0.8383581570548377
2016-02-01,COP,CVX,252,0.8387827276715282
2016-02-02,COP,CVX,252,0.8400054387913745
2016-02-03,COP,CVX,252,0.8422452702068861
2016-02-04,COP,CVX,252,0.8161189861616159
2016-02-05,COP,CVX,252,0.814175855988163
2016-02-08,COP,CVX,252,0.8172560463757443
2016-02-09,COP,CVX,252,0.8169214997765126
2016-02-10,COP,CVX,252,0.8128013031580936
2016-02-11,COP,CVX,252,0.8127658060595856
2016-02-12,COP,CVX,252,0.8141201134833917
2016-02-16,COP,CVX,252,0.8130648651457134
2016-02-17,COP,CVX,252,0.8148757777082045
2016-02-18,COP,CVX,252,0.8133799478232343
2016-02-19,COP,CVX,252,0.813604275809849
2016-02-22,COP,CVX,252,0.8152174741921949
2016-02-23,COP,CVX,252,0.8176683651014385
2016-02-24,COP,CVX,252,0.8176912638609534
2016-02-25,COP,CVX,252,0.8175605627465202
2016-02-26,COP,CVX,252,0.8104594521509465
2016-02-29,COP,CVX,252,0.810438591860747
2016-03-01,COP,CVX,252,0.8102474317446303
2016-03-02,COP,CVX,252,0.807184806314249
2016-03-03,COP,CVX,252,0.8011841000624785
2016-03-04,COP,CVX,252,0.7930659577987889
2016-03-07,COP,CVX,252,0.7908431312888575
2016-03-08,COP,CVX,252,0.790263390636319
2016-03-09,COP,CVX,252,0.7856254237575158
2016-03-10,COP,CVX,252,0.7850170119563368
2016-03-11,COP,CVX,252,0.784101510334129
2016-03-14,COP,CVX,252,0.7847586789160742
2016-03-15,COP,CVX,252,0.7844645615525272
2016-03-16,COP,CVX,252,0.7827072557207508
2016-03-17,COP,CVX,252,0.7825171724642147
2016-03-18,COP,CVX,252,0.7822626305366459
2016-03-21,COP,CVX,252,0.781880250149041
2016-03-22,COP,CVX,252,0.7820400279602892
2016-03-23,COP,CVX,252,0.7827222865994706
2016-03-24,COP,CVX,252,0.7825202655173463
2016-03-28,COP,CVX,252,0.7827223298237852
2016-03-29,COP,CVX,252,0.7826639970733205
2016-03-30,COP,CVX,252,0.7819641910988404
2016-03-31,COP,CVX,252,0.7811499046534056
2016-04-01,COP,CVX,252,0.7819159475453911
2016-04-04,COP,CVX,252,0.7820913574795629
2016-04-05,COP,CVX,252,0.7813159171123284
2016-04-06,COP,CVX,252,0.7829497611880645
2016-04-07,COP,CVX,252,0.7826144120811644
2016-04-08,COP,CVX,252,0.7852900070161882
2016-04-11,COP,CVX,252,0.7847555151455785
2016-04-12,COP,CVX,252,0.7858072253233996
2016-04-13,COP,CVX,252,0.7846366347940611
2016-04-14,COP,CVX,252,0.7841111952881452
2016-04-15,COP,CVX,252,0.7842301199796169
2016-04-18,COP,CVX,252,0.7845830757218253
2016-04-19,COP,CVX,252,0.784740297776555
2016-04-20,COP,CVX,252,0.7842339619426015
2016-04-21,COP,CVX,252,0.7839339223847384
2016-04-22,COP,CVX,252,0.7830823477133138
2016-04-25,COP,CVX,252,0.782498916567542
2016-04-26,COP,CVX,252,0.7812115444247826
2016-04-27,COP,CVX,252,0.7802945149691453
2016-04-28,COP,CVX,252,0.7801548577310509
2016-04-29,COP,CVX,252,0.7801573155403618
2016-05-02,COP,CVX,252,0.7779367280719153
2016-05-03,COP,CVX,252,0.7789268806242374
2016-05-04,COP,CVX,252,0.7780460031943338
2016-05-05,COP,CVX,252,0.7775607587135704
2016-05-06,COP,CVX,252,0.7769852166528689
2016-05-09,COP,CVX,252,0.777444950613529
2016-05-10,COP,CVX,252,0.776950099940306
2016-05-11,COP,CVX,252,0.7758821114938278
2016-05-12,COP,CVX,252,0.7756669172643427
2016-05-13,COP,CVX,252,0.7760867914239404
2016-05-16,COP,CVX,252,0.7766604190206322
2016-05-17,COP,CVX,252,0.7779981251817703
2016-05-18,COP,CVX,252,0.7777795334004569
2016-05-19,COP,CVX,252,0.7777357040019431
2016-05-20,COP,CVX,252,0.7777954940988971
2016-05-23,COP,CVX,252,0.7776230559341443
2016-05-24,COP,CVX,252,0.7767915435666457
2016-05-25,COP,CVX,252,0.7774072682337222
2016-05-26,COP,CVX,252,0.7774119799201678
2016-05-27,COP,CVX,252,0.7768935597492699
2016-05-31,COP,CVX,252,0.7771226460360371
2016-06-01,COP,CVX,252,0.7772597790456114
2016-06-02,COP,CVX,252,0.7765567398758163
2016-06-03,COP,CVX,252,0.7763505744100646
2016-06-06,COP,CVX,252,0.7753781054407979
2016-06-07,COP,CVX,252,0.7777892727183008
2016-06-08,COP,CVX,252,0.7778031234935496
2016-06-09,COP,CVX,252,0.7771221181446413
2016-06-10,COP,CVX,252,0.7758913713658229
2016-06-13,COP,CVX,252,0.7755636035115904
2016-06-14,COP,CVX,252,0.7743670945357908
2016-06-15,COP,CVX,252,0.774530399921649
2016-06-16,COP,CVX,252,0.7738270169378713
2016-06-17,COP,CVX,252,0.7735466113111686
2016-06-20,COP,CVX,252,0.7736836407198462
2016-06-21,COP,CVX,252,0.7736939486941626
2016-06-22,COP,CVX,252,0.7743743574295827
2016-06-23,COP,CVX,252,0.7755907343801656
2016-06-24,COP,CVX,252,0.777067757760139
2016-06-27,COP,CVX,252,0.7763127309471288
2016-06-28,COP,CVX,252,0.7763006349223104
2016-06-29,COP,CVX,252,0.7769404565119519
2016-06-30,COP,CVX,252,0.7759046040227594
2016-07-01,COP,CVX,252,0.7761358667088945
2016-07-05,COP,CVX,252,0.7741285706809808
2016-07-06,COP,CVX,252,0.7740656533025322
2016-07-07,COP,CVX,252,0.7733374584760591
2016-07-08,COP,CVX,252,0.7738508030162072
2016-07-11,COP,CVX,252,0.7737854320462941
2016-07-12,COP,CVX,252,0.774092810661158
2016-07-13,COP,CVX,252,0.7734002944407706
2016-07-14,COP,CVX,252,0.7729574998085069
2016-07-15,COP,CVX,252,0.7731212771262486
2016-07-18,COP,CVX,252,0.7729027889854858
2016-07-19,COP,CVX,252,0.7724524647385859
2016-07-20,COP,CVX,252,0.7725882976118413
2016-07-21,COP,CVX,252,0.7722773521055967
2016-07-22,COP,CVX,252,0.772042064431543
2016-07-25,COP,CVX,252,0.7697801603052883
2016-07-26,COP,CVX,252,0.7680705650407382
2016-07-27,COP,CVX,252,0.7668675048268313
2016-07-28,COP,CVX,252,0.7662857040209103
2016-07-29,COP,CVX,252,0.7665237780716978
2016-08-01,COP,CVX,252,0.7678572611293704
2016-08-02,COP,CVX,252,0.7700133504905488
2016-08-03,COP,CVX,252,0.7705429263187326
2016-08-04,COP,CVX,252,0.7703103524447112
2016-08-05,COP,CVX,252,0.7695309932302711
2016-08-08,COP,CVX,252,0.7684613868785806
2016-08-09,COP,CVX,252,0.7672891476775988
2016-08-10,COP,CVX,252,0.7677239719444364
2016-08-11,COP,CVX,252,0.7677718671459076
2016-08-12,COP,CVX,252,0.7672315738289361
2016-08-15,COP,CVX,252,0.7672142561639608
2016-08-16,COP,CVX,252,0.7676610854638934
2016-08-17,COP,CVX,252,0.7677590714797391
2016-08-18,COP,CVX,252,0.765924997452268
2016-08-19,COP,CVX,252,0.7658348164498977
2016-08-22,COP,CVX,252,0.7653052922196425
2016-08-23,COP,CVX,252,0.7600806085284488
2016-08-24,COP,CVX,252,0.760504420831002
2016-08-25,COP,CVX,252,0.7607138030498344
2016-08-26,COP,CVX,252,0.7571081641878928
2016-08-29,COP,CVX,252,0.757723303709
2016-08-30,COP,CVX,252,0.760333853109939
2016-08-31,COP,CVX,252,0.7604410147009979
2016-09-01,COP,CVX,252,0.7609921761156234
2016-09-02,COP,CVX,252,0.7610973156719884
2016-09-06,COP,CVX,252,0.7599668454976606
2016-09-07,COP,CVX,252,0.761208317986208
2016-09-08,COP,CVX,252,0.7618893878798345
2016-09-09,COP,CVX,252,0.7620525672593953
2016-09-12,COP,CVX,252,0.7632597269099716
2016-09-13,COP,CVX,252,0.7655979934481364
2016-09-14,COP,CVX,252,0.7661767564503154
2016-09-15,COP,CVX,252,0.7639954251941689
2016-09-16,COP,CVX,252,0.7628711336863895
2016-09-19,COP,CVX,252,0.7607585126588338
2016-09-20,COP,CVX,252,0.7607768523325357
2016-09-21,COP,CVX,252,0.7623126698591316
2016-09-22,COP,CVX,252,0.761265833442691
2016-09-23,COP,CVX,252,0.7619458173879542
2016-09-26,COP,CVX,252,0.7632598793913877
2016-09-27,COP,CVX,252,0.7615976836246796
2016-09-28,COP,CVX,252,0.7648556369686839
2016-09-29,COP,CVX,252,0.7581522161445118
2016-09-30,COP,CVX,252,0.7571395750446115
2016-10-03,COP,CVX,252,0.7520269137483913
2016-10-04,COP,CVX,252,0.750337170657746
2016-10-05,COP,CVX,252,0.747945535631683
2016-10-06,COP,CVX,252,0.7478103439625019
2016-10-07,COP,CVX,252,0.7472363360387032
2016-10-10,COP,CVX,252,0.7465372252641375
2016-10-11,COP,CVX,252,0.746630248432837
2016-10-12,COP,CVX,252,0.745801147978396
2016-10-13,COP,CVX,252,0.7467495923977141
2016-10-14,COP,CVX,252,0.7461483070534157
2016-10-17,COP,CVX,252,0.7456786111249748
2016-10-18,COP,CVX,252,0.7442460589374421
2016-10-19,COP,CVX,252,0.7436515320893986
2016-10-20,COP,CVX,252,0.7435276728547066
2016-10-21,COP,CVX,252,0.7416520574386232
2016-10-24,COP,CVX,252,0.7398918003471157
2016-10-25,COP,CVX,252,0.7382398825244597
2016-10-26,COP,CVX,252,0.7375104440380237
2016-10-27,COP,CVX,252,0.7234255702719993
2016-10-28,COP,CVX,252,0.722558001392607
2016-10-31,COP,CVX,252,0.7185816794007316
2016-11-01,COP,CVX,252,0.7176597087614914
2016-11-02,COP,CVX,252,0.7156967258731597
2016-11-03,COP,CVX,252,0.715897034997242
2016-11-04,COP,CVX,252,0.7190613851103314
2016-11-07,COP,CVX,252,0.7202282025613629
2016-11-08,COP,CVX,252,0.7196192401454906
2016-11-09,COP,CVX,252,0.7187262135570768
2016-11-10,COP,CVX,252,0.7171618507695141
2016-11-11,COP,CVX,252,0.7164217694320474
2016-11-14,COP,CVX,252,0.7171226967309867
2016-11-15,COP,CVX,252,0.7141046792900134
2016-11-16,COP,CVX,252,0.7125873430380019
2016-11-17,COP,CVX,252,0.7122461484619896
2016-11-18,COP,CVX,252,0.71217696218144
2016-11-21,COP,CVX,252,0.7125461773192103
2016-11-22,COP,CVX,252,0.712289685784241
2016-11-23,COP,CVX,252,0.7113324110340737
2016-11-25,COP,CVX,252,0.7109737672765472
2016-11-28,COP,CVX,252,0.7107781919373075
2016-11-29,COP,CVX,252,0.7112633219481486
2016-11-30,COP,CVX,252,0.7090971815567765
2016-12-01,COP,CVX,252,0.7046349122248549
2016-12-02,COP,CVX,252,0.7040539572720691
2016-12-05,COP,CVX,252,0.7048923088076302
2016-12-06,COP,CVX,252,0.6995816842614435
2016-12-07,COP,CVX,252,0.6981361632554427
2016-12-08,COP,CVX,252,0.6983268116451674
2016-12-09,COP,CVX,252,0.6980401175394778
2016-12-12,COP,CVX,252,0.6986641613216783
2016-12-13,COP,CVX,252,0.6967342573785086
2016-12-14,COP,CVX,252,0.6992170723994754
2016-12-15,COP,CVX,252,0.7019001654993904
2016-12-16,COP,CVX,252,0.6982061645140855
2016-12-19,COP,CVX,252,0.6975508627539243
2016-12-20,COP,CVX,252,0.6969129366711162
2016-12-21,COP,CVX,252,0.6962534962647846
2016-12-22,COP,CVX,252,0.6898676618364057
2016-12-23,COP,CVX,252,0.6906859931938484
2016-12-27,COP,CVX,252,0.6887605121011743
2016-12-28,COP,CVX,252,0.6884955301679198
2016-12-29,COP,CVX,252,0.687427192056447
2016-12-30,COP,CVX,252,0.6875417914666153
2017-01-03,COP,CVX,252,0.6890860363225303
2017-01-04,COP,CVX,252,0.688561677448926
2017-01-05,COP,CVX,252,0.6845230179012641
2017-01-06,COP,CVX,252,0.6839827217192908
2017-01-09,COP,CVX,252,0.6840003655001949
2017-01-10,COP,CVX,252,0.6810067609739245
2017-01-11,COP,CVX,252,0.6872425871657765
2017-01-12,COP,CVX,252,0.6851831084828098
2017-01-13,COP,CVX,252,0.6784708293078408
2017-01-17,COP,CVX,252,0.6747060091487208
2017-01-18,COP,CVX,252,0.667998614040463
2017-01-19,COP,CVX,252,0.6625332619795169
2017-01-20,COP,CVX,252,0.6564999786335616
2017-01-23,COP,CVX,252,0.6567572980098073
2017-01-24,COP,CVX,252,0.6454974436152255
2017-01-25,COP,CVX,252,0.6435738290685076
2017-01-26,COP,CVX,252,0.6487070897926833
2017-01-27,COP,CVX,252,0.6443578109217468
2017-01-30,COP,CVX,252,0.6477300567481612
2017-01-31,COP,CVX,252,0.643902742618503
2017-02-01,COP,CVX,252,0.6348303904695657
2017-02-02,COP,CVX,252,0.6252491161941945
2017-02-03,COP,CVX,252,0.646342640836922
2017-02-06,COP,CVX,252,0.6396882906840909
2017-02-07,COP,CVX,252,0.6335608347591123
2017-02-08,COP,CVX,252,0.632980118424514
2017-02-09,COP,CVX,252,0.6368534314173022
2017-02-10,COP,CVX,252,0.6371211996786279
2017-02-13,COP,CVX,252,0.6322908301689338
2017-02-14,COP,CVX,252,0.632182549839029
2017-02-15,COP,CVX,252,0.6288443911503623
2017-02-16,COP,CVX,252,0.6320746021750948
2017-02-17,COP,CVX,252,0.6326110239075625
2017-02-21,COP,CVX,252,0.626467193197126
2017-02-22,COP,CVX,252,0.6200433635804061
2017-02-23,COP,CVX,252,0.6201245360638163
2017-02-24,COP,CVX,252,0.6202296160832699
2017-02-27,COP,CVX,252,0.629483173543804
2017-02-28,COP,CVX,252,0.6292094801317638
2017-03-01,COP,CVX,252,0.6327783107907442
2017-03-02,COP,CVX,252,0.6330142929331347
2017-03-03,COP,CVX,252,0.6377942198540552
2017-03-06,COP,CVX,252,0.6443890135097142
2017-03-07,COP,CVX,252,0.6515163637078887
2017-03-08,COP,CVX,252,0.6489528243114387
2017-03-09,COP,CVX,252,0.6636106551790275
2017-03-10,COP,CVX,252,0.662670253319607
2017-03-13,COP,CVX,252,0.6606636340928886
2017-03-14,COP,CVX,252,0.6619127980514884
2017-03-15,COP,CVX,252,0.663368815918807
2017-03-16,COP,CVX,252,0.6611761864341321
2017-03-17,COP,CVX,252,0.6587719519933569
2017-03-20,COP,CVX,252,0.6593949712542263
2017-03-21,COP,CVX,252,0.6575835249893947
2017-03-22,COP,CVX,252,0.65545275995727
2017-03-23,COP,CVX,252,0.6488178404758959
2017-03-24,COP,CVX,252,0.6494485421190115
2017-03-27,COP,CVX,252,0.644812505742852
2017-03-28,COP,CVX,252,0.646503407350091
2017-03-29,COP,CVX,252,0.6477636095860781
2017-03-30,COP,CVX,252,0.6215389179325166
2017-03-31,COP,CVX,252,0.6208316588900565
2017-04-03,COP,CVX,252,0.6186673385524424
2017-04-04,COP,CVX,252,0.6191345647648213
2017-04-05,COP,CVX,252,0.6121746547929295
2017-04-06,COP,CVX,252,0.6127962112190322
2017-04-07,COP,CVX,252,0.6108014695196986
2017-04-10,COP,CVX,252,0.6124594004754145
2017-04-11,COP,CVX,252,0.6032904962923887
2017-04-12,COP,CVX,252,0.6028215553163601
2017-04-13,COP,CVX,252,0.6021645190985195
2017-04-17,COP,CVX,252,0.6013543627494629
2017-04-18,COP,CVX,252,0.5983229160719247
2017-04-19,COP,CVX,252,0.5935076579444397
2017-04-20,COP,CVX,252,0.5944125240863422
2017-04-21,COP,CVX,252,0.5943419707603037
2017-04-24,COP,CVX,252,0.5935307088338091
2017-04-25,COP,CVX,252,0.5943268338231465
2017-04-26,COP,CVX,252,0.5942401512740647
2017-04-27,COP,CVX,252,0.5971040165380307
2017-04-28,COP,CVX,252,0.5958399677852967
2017-05-01,COP,CVX,252,0.5964962685531644
2017-05-02,COP,CVX,252,0.603900533432686
2017-05-03,COP,CVX,252,0.5977729210355535
2017-05-04,COP,CVX,252,0.6004955774366726
2017-05-05,COP,CVX,252,0.603368494561364
2017-05-08,COP,CVX,252,0.6050336134069466
2017-05-09,COP,CVX,252,0.6037516793926977
2017-05-10,COP,CVX,252,0.6050604451569622
2017-05-11,COP,CVX,252,0.6065484396446365
2017-05-12,COP,CVX,252,0.6075713995583972
2017-05-15,COP,CVX,252,0.6065372426242976
2017-05-16,COP,CVX,252,0.6030198781902795
2017-05-17,COP,CVX,252,0.6041084424114816
2017-05-18,COP,CVX,252,0.603893290157172
2017-05-19,COP,CVX,252,0.6061337553539557
2017-05-22,COP,CVX,252,0.606654156156247
2017-05-23,COP,CVX,252,0.6067404387747395
2017-05-24,COP,CVX,252,0.6080099953392907
2017-05-25,COP,CVX,252,0.6065109396509014
2017-05-26,COP,CVX,252,0.6055852729198585
2017-05-30,COP,CVX,252,0.6076621986439577
2017-05-31,COP,CVX,252,0.6066959634351566
2017-06-01,COP,CVX,252,0.6065529860273491
2017-06-02,COP,CVX,252,0.6090433020794398
2017-06-05,COP,CVX,252,0.6090616172796247
2017-06-06,COP,CVX,252,0.6098442684318609
2017-06-07,COP,CVX,252,0.6028114438868064
2017-06-08,COP,CVX,252,0.6019529076055863
2017-06-09,COP,CVX,252,0.6092416833112775
2017-06-12,COP,CVX,252,0.61101960911425
2017-06-13,COP,CVX,252,0.6113296322686779
2017-06-14,COP,CVX,252,0.6165486696504165
2017-06-15,COP,CVX,252,0.615762797646397
2017-06-16,COP,CVX,252,0.6206082349025372
2017-06-19,COP,CVX,252,0.6202204959901906
2017-06-20,COP,CVX,252,0.6202204326162688
2017-06-21,COP,CVX,252,0.6222298154875504
2017-06-22,COP,CVX,252,0.620924543251753
2017-06-23,COP,CVX,252,0.6149318574104504
2017-06-26,COP,CVX,252,0.6051018285084987
2017-06-27,COP,CVX,252,0.6004323686710059
2017-06-28,COP,CVX,252,0.5975406437915329
2017-06-29,COP,CVX,252,0.591198843718129
2017-06-30,COP,CVX,252,0.5954171669498551
2017-07-03,COP,CVX,252,0.6016688794474737
2017-07-05,COP,CVX,252,0.6077742071041065
2017-07-06,COP,CVX,252,0.609208379362482
2017-07-07,COP,CVX,252,0.6093407409208172
2017-07-10,COP,CVX,252,0.6063599692369941
2017-07-11,COP,CVX,252,0.6063969306411211
2017-07-12,COP,CVX,252,0.6019558405255622
2017-07-13,COP,CVX,252,0.6029841739109957
2017-07-14,COP,CVX,252,0.6031082265116755
2017-07-17,COP,CVX,252,0.6034722626067278
2017-07-18,COP,CVX,252,0.6034674770140303
2017-07-19,COP,CVX,252,0.6053731846549184
2017-07-20,COP,CVX,252,0.6056610470630149
2017-07-21,COP,CVX,252,0.6072634546742032
2017-07-24,COP,CVX,252,0.6079149651711306
2017-07-25,COP,CVX,252,0.6112764596032354
2017-07-26,COP,CVX,252,0.6128290896283305
2017-07-27,COP,CVX,252,0.6141041438889354
2017-07-28,COP,CVX,252,0.6152944776614335
2017-07-31,COP,CVX,252,0.6138701007870653
2017-08-01,COP,CVX,252,0.6009841079885331
2017-08-02,COP,CVX,252,0.5980784959308252
2017-08-03,COP,CVX,252,0.5985207299164524
2017-08-04,COP,CVX,252,0.5990503319396102
2017-08-07,COP,CVX,252,0.5996439432454671
2017-08-08,COP,CVX,252,0.599186777292788
2017-08-09,COP,CVX,252,0.5993170041507271
2017-08-10,COP,CVX,252,0.5987511203647005
2017-08-11,COP,CVX,252,0.5966255323070279
2017-08-14,COP,CVX,252,0.5976216347346264
2017-08-15,COP,CVX,252,0.5969381511395103
2017-08-16,COP,CVX,252,0.5994432972825884
2017-08-17,COP,CVX,252,0.6003569651563259
2017-08-18,COP,CVX,252,0.6000608357199335
2017-08-21,COP,CVX,252,0.6012523538645824
2017-08-22,COP,CVX,252,0.601532939161642
2017-08-23,COP,CVX,252,0.6031983060892896
2017-08-24,COP,CVX,252,0.6017632492282452
2017-08-25,COP,CVX,252,0.6018764450152981
2017-08-28,COP,CVX,252,0.6017428152194096
2017-08-29,COP,CVX,252,0.602028531882992
2017-08-30,COP,CVX,252,0.600899197571451
2017-08-31,COP,CVX,252,0.5977870951131773
2017-09-01,COP,CVX,252,0.5984532597912212
2017-09-05,COP,CVX,252,0.5980282238320833
2017-09-06,COP,CVX,252,0.600738397314214
2017-09-07,COP,CVX,252,0.6003930606269035
2017-09-08,COP,CVX,252,0.5988002640466886
2017-09-11,COP,CVX,252,0.5955292272110704
2017-09-12,COP,CVX,252,0.5949075286307325
2017-09-13,COP,CVX,252,0.5857403095153368
2017-09-14,COP,CVX,252,0.5831169042298233
2017-09-15,COP,CVX,252,0.583920840794926
2017-09-18,COP,CVX,252,0.5865211276665773
2017-09-19,COP,CVX,252,0.5884818231288949
2017-09-20,COP,CVX,252,0.5870382346973706
2017-09-21,COP,CVX,252,0.5824052660119126
2017-09-22,COP,CVX,252,0.5833235954776843
2017-09-25,COP,CVX,252,0.5821447399145305
2017-09-26,COP,CVX,252,0.5830015652978194
2017-09-27,COP,CVX,252,0.5836723186353449
2017-09-28,COP,CVX,252,0.5617719158829115
2017-09-29,COP,CVX,252,0.5756908661292541
2017-10-02,COP,CVX,252,0.5809218258945178
2017-10-03,COP,CVX,252,0.5775089648758963
2017-10-04,COP,CVX,252,0.575844209910185
2017-10-05,COP,CVX,252,0.5741900763160943
2017-10-06,COP,CVX,252,0.577786258112926
2017-10-09,COP,CVX,252,0.5777383785251268
2017-10-10,COP,CVX,252,0.5800020390505847
2017-10-11,COP,CVX,252,0.5777917508047713
2017-10-12,COP,CVX,252,0.579391342247501
2017-10-13,COP,CVX,252,0.5752944821657708
2017-10-16,COP,CVX,252,0.5768511091682067
2017-10-17,COP,CVX,252,0.5785420281257191
2017-10-18,COP,CVX,252,0.5761658620934671
2017-10-19,COP,CVX,252,0.5763642238737429
2017-10-20,COP,CVX,252,0.5763007314217587
2017-10-23,COP,CVX,252,0.5768753061114222
2017-10-24,COP,CVX,252,0.5815230532257208
2017-10-25,COP,CVX,252,0.5834506183033011
2017-10-26,COP,CVX,252,0.5791214269223736
2017-10-27,COP,CVX,252,0.5907832740080506
2017-10-30,COP,CVX,252,0.5912773353659585
2017-10-31,COP,CVX,252,0.6015682300184528
2017-11-01,COP,CVX,252,0.6030852653726143
2017-11-02,COP,CVX,252,0.601168978779884
2017-11-03,COP,CVX,252,0.6002782266519725
2017-11-06,COP,CVX,252,0.5999991546518761
2017-11-07,COP,CVX,252,0.5946376614554552
2017-11-08,COP,CVX,252,0.5939024329205443
2017-11-09,COP,CVX,252,0.5955667120779663
2017-11-10,COP,CVX,252,0.5980631369449452
2017-11-13,COP,CVX,252,0.5952265387009383
2017-11-14,COP,CVX,252,0.5943247089266078
2017-11-15,COP,CVX,252,0.5895274581607267
2017-11-16,COP,CVX,252,0.594274997234432
2017-11-17,COP,CVX,252,0.594527179416479
2017-11-20,COP,CVX,252,0.5920275765042481
2017-11-21,COP,CVX,252,0.589907483496844
2017-11-22,COP,CVX,252,0.5910687902097527
2017-11-24,COP,CVX,252,0.5910880472723322
2017-11-27,COP,CVX,252,0.5936017845163912
2017-11-28,COP,CVX,252,0.5946742420915998
2017-11-29,COP,CVX,252,0.592173024068232
2017-11-30,COP,CVX,252,0.5850778229997595
2017-12-01,COP,CVX,252,0.5921227631768351
2017-12-04,COP,CVX,252,0.5868192390074974
2017-12-05,COP,CVX,252,0.5872263986983426
2017-12-06,COP,CVX,252,0.5942622740739167
2017-12-07,COP,CVX,252,0.59748639213077
2017-12-08,COP,CVX,252,0.5975860897156802
2017-12-11,COP,CVX,252,0.596946899647198
2017-12-12,COP,CVX,252,0.5936999047597936
2017-12-13,COP,CVX,252,0.594946201967735
2017-12-14,COP,CVX,252,0.5888538046245002
2017-12-15,COP,CVX,252,0.5887015168648841
2017-12-18,COP,CVX,252,0.5887961031159211
2017-12-19,COP,CVX,252,0.5890654498993126
2017-12-20,COP,CVX,252,0.5921678779035289
2017-12-21,COP,CVX,252,0.6015861614449347
2017-12-22,COP,CVX,252,0.6015010679248282
2017-12-26,COP,CVX,252,0.6025430010335057
2017-12-27,COP,CVX,252,0.6033409690571123
2017-12-28,COP,CVX,252,0.6031814240177992
2017-12-29,COP,CVX,252,0.6034062215164919
2018-01-02,COP,CVX,252,0.6021395742215252
2018-01-03,COP,CVX,252,0.6035803633297888
2018-01-04,COP,CVX,252,0.6021453711221172
2018-01-05,COP,CVX,252,0.6021109731476426
2018-01-08,COP,CVX,252,0.602408798317308
2018-01-09,COP,CVX,252,0.5980417821549447
2018-01-10,COP,CVX,252,0.5972162036975079
2018-01-11,COP,CVX,252,0.6024896784216375
2018-01-12,COP,CVX,252,0.6071857357525139
2018-01-16,COP,CVX,252,0.6104067748055378
2018-01-17,COP,CVX,252,0.6098970866948882
2018-01-18,COP,CVX,252,0.6100989172889136
2018-01-19,COP,CVX,252,0.6097129099984113
2018-01-22,COP,CVX,252,0.61300465844745
2018-01-23,COP,CVX,252,0.6126412775976784
2018-01-24,COP,CVX,252,0.6122732818125927
2018-01-25,COP,CVX,252,0.6126731160498735
2018-01-26,COP,CVX,252,0.6130705158881725
2018-01-29,COP,CVX,252,0.6078263666351278
2018-01-30,COP,CVX,252,0.6041933078513959
2018-01-31,COP,CVX,252,0.612055982106189
2018-02-01,COP,CVX,252,0.6116347974597595
2018-02-02,COP,CVX,252,0.6109104362002565
2018-02-05,COP,CVX,252,0.6157165816114176
2018-02-06,COP,CVX,252,0.5978134165968698
2018-02-07,COP,CVX,252,0.5954177239299727
2018-02-08,COP,CVX,252,0.6069320376421261
2018-02-09,COP,CVX,252,0.5991343140007086
2018-02-12,COP,CVX,252,0.597093005779269
2018-02-13,COP,CVX,252,0.5997081649323395
2018-02-14,COP,CVX,252,0.5949363749988547
2018-02-15,COP,CVX,252,0.5946885633463652
2018-02-16,COP,CVX,252,0.590746834446581
2018-02-20,COP,CVX,252,0.5891460389515706
2018-02-21,COP,CVX,252,0.591327786964002
2018-02-22,COP,CVX,252,0.5897389946307341
2018-02-23,COP,CVX,252,0.5985242448421988
2018-02-26,COP,CVX,252,0.5909552147927695
2018-02-27,COP,CVX,252,0.5923428825348692
2018-02-28,COP,CVX,252,0.5961558185466866
2018-03-01,COP,CVX,252,0.5929653345514319
2018-03-02,COP,CVX,252,0.5923903196187086
2018-03-05,COP,CVX,252,0.590776188964635
2018-03-06,COP,CVX,252,0.5921349407227237
2018-03-07,COP,CVX,252,0.5905862320189921
2018-03-08,COP,CVX,252,0.5836992291689681
2018-03-09,COP,CVX,252,0.5907137811444577
2018-03-12,COP,CVX,252,0.5951181432858416
2018-03-13,COP,CVX,252,0.5972236544693338
2018-03-14,COP,CVX,252,0.5923643177335629
2018-03-15,COP,CVX,252,0.5896863997280984
2018-03-16,COP,CVX,252,0.5883141711989573
2018-03-19,COP,CVX,252,0.5914573307790902
2018-03-20,COP,CVX,252,0.5915859543569789
2018-03-21,COP,CVX,252,0.6019840768573269
2018-03-22,COP,CVX,252,0.6021833546343536
2018-03-23,COP,CVX,252,0.5960959059524473
2018-03-26,COP,CVX,252,0.6007296900235328
2018-03-27,COP,CVX,252,0.6041171978391969
2018-03-28,COP,CVX,252,0.6022608989203708
2018-03-29,COP,CVX,252,0.601694221724089
2018-04-02,COP,CVX,252,0.6511227136509175
2018-04-03,COP,CVX,252,0.6569569500057174
2018-04-04,COP,CVX,252,0.6585546306507459
2018-04-05,COP,CVX,252,0.6596081018997954
2018-04-06,COP,CVX,252,0.6639877565833371
2018-04-09,COP,CVX,252,0.6648803394768956
2018-04-10,COP,CVX,252,0.6696519400309614
2018-04-11,COP,CVX,252,0.6691363334452441
2018-04-12,COP,CVX,252,0.6692505042714765
2018-04-13,COP,CVX,252,0.6694407274221341
2018-04-16,COP,CVX,252,0.6677055090569942
2018-04-17,COP,CVX,252,0.6682731725449771
2018-04-18,COP,CVX,252,0.6634894927067368
2018-04-19,COP,CVX,252,0.6617763149477779
2018-04-20,COP,CVX,252,0.6630593594826001
2018-04-23,COP,CVX,252,0.6607286246674927
2018-04-24,COP,CVX,252,0.6610136782049232
2018-04-25,COP,CVX,252,0.6602911306983059
2018-04-26,COP,CVX,252,0.6611222287571902
2018-04-27,COP,CVX,252,0.6379130655130059
2018-04-30,COP,CVX,252,0.6351565855027742
2018-05-01,COP,CVX,252,0.6342440650526635
2018-05-02,COP,CVX,252,0.6330880228468249
2018-05-03,COP,CVX,252,0.6329667620043625
2018-05-04,COP,CVX,252,0.6265138686529774
2018-05-07,COP,CVX,252,0.6255447383274251
2018-05-08,COP,CVX,252,0.626535165954801
2018-05-09,COP,CVX,252,0.6251564431715776
2018-05-10,COP,CVX,252,0.6225858614778339
2018-05-11,COP,CVX,252,0.6228194010020657
2018-05-14,COP,CVX,252,0.6227241694640188
2018-05-15,COP,CVX,252,0.620909443188911
2018-05-16,COP,CVX,252,0.6219943247542749
2018-05-17,COP,CVX,252,0.6203487955321778
2018-05-18,COP,CVX,252,0.6226891751648047
2018-05-21,COP,CVX,252,0.6220777244208032
2018-05-22,COP,CVX,252,0.6226075526199396
2018-05-23,COP,CVX,252,0.6201841477174965
2018-05-24,COP,CVX,252,0.6213142988652938
2018-05-25,COP,CVX,252,0.6352029228260112
2018-05-29,COP,CVX,252,0.6351981208239826
2018-05-30,COP,CVX,252,0.6425829287045091
2018-05-31,COP,CVX,252,0.6431576808856628
2018-06-01,COP,CVX,252,0.6411622207703084
2018-06-04,COP,CVX,252,0.6400163994700738
2018-06-05,COP,CVX,252,0.639506887299335
2018-06-06,COP,CVX,252,0.6389990665448295
2018-06-07,COP,CVX,252,0.6437056150715093
2018-06-08,COP,CVX,252,0.6451735510939767
2018-06-11,COP,CVX,252,0.6400936382145302
2018-06-12,COP,CVX,252,0.637815114858742
2018-06-13,COP,CVX,252,0.6388992156455247
2018-06-14,COP,CVX,252,0.6354051665040962
2018-06-15,COP,CVX,252,0.6405609516827924
2018-06-18,COP,CVX,252,0.6392320813750886
2018-06-19,COP,CVX,252,0.6392624675814775
2018-06-20,COP,CVX,252,0.6355153052474399
2018-06-21,COP,CVX,252,0.6385232193234996
2018-06-22,COP,CVX,252,0.6432152820998255
2018-06-25,COP,CVX,252,0.6476952383199204
2018-06-26,COP,CVX,252,0.6481790693563265
2018-06-27,COP,CVX,252,0.6502070578535492
2018-06-28,COP,CVX,252,0.6504426057802833
2018-06-29,COP,CVX,252,0.6506727383657276
2018-07-02,COP,CVX,252,0.6529820692772051
2018-07-03,COP,CVX,252,0.6491710348740771
2018-07-05,COP,CVX,252,0.6464612728199556
2018-07-06,COP,CVX,252,0.6454201353059651
2018-07-09,COP,CVX,252,0.64706965090309
2018-07-10,COP,CVX,252,0.6483197227671111
2018-07-11,COP,CVX,252,0.6535649418287739
2018-07-12,COP,CVX,252,0.654578226655211
2018-07-13,COP,CVX,252,0.6541275660911656
2018-07-16,COP,CVX,252,0.6549553871109747
2018-07-17,COP,CVX,252,0.6551659937636451
2018-07-18,COP,CVX,252,0.6549454381652107
2018-07-19,COP,CVX,252,0.6536646811372255
2018-07-20,COP,CVX,252,0.6541499612073002
2018-07-23,COP,CVX,252,0.6523696867808428
2018-07-24,COP,CVX,252,0.6527915228749909
2018-07-25,COP,CVX,252,0.6519517521455204
2018-07-26,COP,CVX,252,0.6514091597223296
2018-07-27,COP,CVX,252,0.6462413877121489
2018-07-30,COP,CVX,252,0.6459829225127849
2018-07-31,COP,CVX,252,0.6460195955455964
2018-08-01,COP,CVX,252,0.6539310028463258
2018-08-02,COP,CVX,252,0.6568550692715922
2018-08-03,COP,CVX,252,0.6553447040842182
2018-08-06,COP,CVX,252,0.6550406024549725
2018-08-07,COP,CVX,252,0.6553936533122873
2018-08-08,COP,CVX,252,0.6564716024075211
2018-08-09,COP,CVX,252,0.6548348377954291
2018-08-10,COP,CVX,252,0.6540409389272778
2018-08-13,COP,CVX,252,0.6544660296532939
2018-08-14,COP,CVX,252,0.6533183825820192
2018-08-15,COP,CVX,252,0.6690995496300982
2018-08-16,COP,CVX,252,0.6690120261549801
2018-08-17,COP,CVX,252,0.6681505635626837
2018-08-20,COP,CVX,252,0.6676838329637405
2018-08-21,COP,CVX,252,0.6672296765627579
2018-08-22,COP,CVX,252,0.6677335002644663
2018-08-23,COP,CVX,252,0.6676601223692633
2018-08-24,COP,CVX,252,0.6705913056976048
2018-08-27,COP,CVX,252,0.6697756241795612
2018-08-28,COP,CVX,252,0.6697975351071431
2018-08-29,COP,CVX,252,0.6690806743437868
2018-08-30,COP,CVX,252,0.6701473541839256
2018-08-31,COP,CVX,252,0.6700582293715313
2018-09-04,COP,CVX,252,0.6686376210769577
2018-09-05,COP,CVX,252,0.6686954211533742
2018-09-06,COP,CVX,252,0.6752752022335604
2018-09-07,COP,CVX,252,0.675510012565236
2018-09-10,COP,CVX,252,0.6736444682380698
2018-09-11,COP,CVX,252,0.6734149380591211
2018-09-12,COP,CVX,252,0.6735868866406821
2018-09-13,COP,CVX,252,0.6727846040291378
2018-09-14,COP,CVX,252,0.6733900831559851
2018-09-17,COP,CVX,252,0.6737438800794106
2018-09-18,COP,CVX,252,0.673806065937532
2018-09-19,COP,CVX,252,0.673273764655099
2018-09-20,COP,CVX,252,0.6744048462222691
2018-09-21,COP,CVX,252,0.67520803969977
2018-09-24,COP,CVX,252,0.6754009227349498
2018-09-25,COP,CVX,252,0.6756273204814122
2018-09-26,COP,CVX,252,0.6763914263578245
2018-09-27,COP,CVX,252,0.6770013196571765
2018-09-28,COP,CVX,252,0.6773996405191998
2018-10-01,COP,CVX,252,0.6800509281333094
2018-10-02,COP,CVX,252,0.676351305327679
2018-10-03,COP,CVX,252,0.6807652761640032
2018-10-04,COP,CVX,252,0.6808899343278109
2018-10-05,COP,CVX,252,0.6805809182124485
2018-10-08,COP,CVX,252,0.6790692360313378
2018-10-09,COP,CVX,252,0.6803776287602334
2018-10-10,COP,CVX,252,0.6909594016687176
2018-10-11,COP,CVX,252,0.6968664923594051
2018-10-12,COP,CVX,252,0.6935170725969835
2018-10-15,COP,CVX,252,0.6940071010588944
2018-10-16,COP,CVX,252,0.6940677859629366
2018-10-17,COP,CVX,252,0.6927460958535209
2018-10-18,COP,CVX,252,0.694555107995939
2018-10-19,COP,CVX,252,0.6939870712305842
2018-10-22,COP,CVX,252,0.6942446350669808
2018-10-23,COP,CVX,252,0.7019041319609743
2018-10-24,COP,CVX,252,0.7084393040115008
2018-10-25,COP,CVX,252,0.7093027990575913
2018-10-26,COP,CVX,252,0.7134576794135251
2018-10-29,COP,CVX,252,0.724561880263705
2018-10-30,COP,CVX,252,0.7269323877670367
2018-10-31,COP,CVX,252,0.72986264314251
2018-11-01,COP,CVX,252,0.7314540569023809
2018-11-02,COP,CVX,252,0.7065166248687063
2018-11-05,COP,CVX,252,0.7064005500502861
2018-11-06,COP,CVX,252,0.7055366027732284
2018-11-07,COP,CVX,252,0.7054126507502332
2018-11-08,COP,CVX,252,0.7040355012535607
2018-11-09,COP,CVX,252,0.7041238432196071
2018-11-12,COP,CVX,252,0.7067839723060522
2018-11-13,COP,CVX,252,0.7091596392106346
2018-11-14,COP,CVX,252,0.7114501176195803
2018-11-15,COP,CVX,252,0.7127858905192616
2018-11-16,COP,CVX,252,0.7132662867688618
2018-11-19,COP,CVX,252,0.7134061734261755
2018-11-20,COP,CVX,252,0.7184926917695625
2018-11-21,COP,CVX,252,0.7198012433416946
2018-11-23,COP,CVX,252,0.722855566593739
2018-11-26,COP,CVX,252,0.7234628700791869
2018-11-27,COP,CVX,252,0.7238565775430664
2018-11-28,COP,CVX,252,0.7242246846137258
2018-11-29,COP,CVX,252,0.7241610408672137
2018-11-30,COP,CVX,252,0.7246207754997598
2018-12-03,COP,CVX,252,0.7246342926406669
2018-12-04,COP,CVX,252,0.731709324325122
2018-12-06,COP,CVX,252,0.7316545421094505
2018-12-07,COP,CVX,252,0.731555261834259
2018-12-10,COP,CVX,252,0.7316373592318579
2018-12-11,COP,CVX,252,0.7326575259102572
2018-12-12,COP,CVX,252,0.7325561618574482
2018-12-13,COP,CVX,252,0.7330953297089923
2018-12-14,COP,CVX,252,0.735393574612542
2018-12-17,COP,CVX,252,0.7374381153065495
2018-12-18,COP,CVX,252,0.7391388414840262
2018-12-19,COP,CVX,252,0.7394351937430013
2018-12-20,COP,CVX,252,0.741220133237771
2018-12-21,COP,CVX,252,0.7416427995342365
2018-12-24,COP,CVX,252,0.743421016163375
2018-12-26,COP,CVX,252,0.7608366822357252
2018-12-27,COP,CVX,252,0.7606697961822919
2018-12-28,COP,CVX,252,0.7610026057969551
2018-12-31,COP,CVX,252,0.7611078456429055
2019-01-02,COP,CVX,252,0.7618663705538053
2019-01-03,COP,CVX,252,0.7637586512500909
2019-01-04,COP,CVX,252,0.7652764806956152
2019-01-07,COP,CVX,252,0.7640924566205409
2019-01-08,COP,CVX,252,0.7625688168253593
2019-01-09,COP,CVX,252,0.7628797490146974
2019-01-10,COP,CVX,252,0.7623693527028738
2019-01-11,COP,CVX,252,0.7630280836437011
2019-01-14,COP,CVX,252,0.7612893877695946
2019-01-15,COP,CVX,252,0.7610450463295345
2019-01-16,COP,CVX,252,0.7605602177305825
2019-01-17,COP,CVX,252,0.7606511050127202
2019-01-18,COP,CVX,252,0.7606002037873978
2019-01-22,COP,CVX,252,0.7619534834882009
2019-01-23,COP,CVX,252,0.7609361900971355
2019-01-24,COP,CVX,252,0.759712569078868
2019-01-25,COP,CVX,252,0.7587183373640064
2019-01-28,COP,CVX,252,0.7587979151994819
2019-01-29,COP,CVX,252,0.7589153771715168
2019-01-30,COP,CVX,252,0.7586757997605789
2019-01-31,COP,CVX,252,0.7582925969524217
2019-02-01,COP,CVX,252,0.757014087996153
2019-02-04,COP,CVX,252,0.7577449081561776
2019-02-05,COP,CVX,252,0.75987011185616
2019-02-06,COP,CVX,252,0.7590410164597373
2019-02-07,COP,CVX,252,0.769940242347688
2019-02-08,COP,CVX,252,0.7706567878018935
2019-02-11,COP,CVX,252,0.7660937808318348
2019-02-12,COP,CVX,252,0.7713726531947089
2019-02-13,COP,CVX,252,0.7728240478634845
2019-02-14,COP,CVX,252,0.7708043822648943
2019-02-15,COP,CVX,252,0.7766180834590786
2019-02-19,COP,CVX,252,0.7777070742576171
2019-02-20,COP,CVX,252,0.7781372779045599
2019-02-21,COP,CVX,252,0.7795032670758119
2019-02-22,COP,CVX,252,0.7780103940004098
2019-02-25,COP,CVX,252,0.777241762985097
2019-02-26,COP,CVX,252,0.7740284377952559
2019-02-27,COP,CVX,252,0.779058366133264
2019-02-28,COP,CVX,252,0.7779311658126613
2019-03-01,COP,CVX,252,0.7772458716644797
2019-03-04,COP,CVX,252,0.7769792483873247
2019-03-05,COP,CVX,252,0.7738378008635314
2019-03-06,COP,CVX,252,0.7747233280157121
2019-03-07,COP,CVX,252,0.7745093808874595
2019-03-08,COP,CVX,252,0.7694625510790051
2019-03-11,COP,CVX,252,0.7687090769159579
2019-03-12,COP,CVX,252,0.7665723657772617
2019-03-13,COP,CVX,252,0.7656383202875809
2019-03-14,COP,CVX,252,0.7659318128675031
2019-03-15,COP,CVX,252,0.7670016249467956
2019-03-18,COP,CVX,252,0.7669043896497406
2019-03-19,COP,CVX,252,0.7685916305869817
2019-03-20,COP,CVX,252,0.7672404142470135
2019-03-21,COP,CVX,252,0.7679287536234294
2019-03-22,COP,CVX,252,0.7681016898585703
2019-03-25,COP,CVX,252,0.7692109743968853
2019-03-26,COP,CVX,252,0.7742319825837648
2019-03-27,COP,CVX,252,0.7730245150896905
2019-03-28,COP,CVX,252,0.7728535912397388
2019-03-29,COP,CVX,252,0.7740279266113046
2019-04-01,COP,CVX,252,0.7748579639977252
2019-04-02,COP,CVX,252,0.7718506802606894
2019-04-03,COP,CVX,252,0.7696682939297842
2019-04-04,COP,CVX,252,0.7684492983030343
2019-04-05,COP,CVX,252,0.7691305596300397
2019-04-08,COP,CVX,252,0.7677701359175502
2019-04-09,COP,CVX,252,0.7677681347876859
2019-04-10,COP,CVX,252,0.7634089382932984
2019-04-11,COP,CVX,252,0.7626387951670884
2019-04-12,COP,CVX,252,0.7289243189201899
2019-04-15,COP,CVX,252,0.72790104709081
2019-04-16,COP,CVX,252,0.7258186333895158
2019-04-17,COP,CVX,252,0.7252462335771532
2019-04-18,COP,CVX,252,0.7282515327510709
2019-04-22,COP,CVX,252,0.7292488724245304
2019-04-23,COP,CVX,252,0.7286835398620897
2019-04-24,COP,CVX,252,0.7331002640528245
2019-04-25,COP,CVX,252,0.7332374922592634
2019-04-26,COP,CVX,252,0.7335006038753743
2019-04-29,COP,CVX,252,0.732401579016345
2019-04-30,COP,CVX,252,0.7479338498581466
2019-05-01,COP,CVX,252,0.7501497186724452
2019-05-02,COP,CVX,252,0.751187463875278
2019-05-03,COP,CVX,252,0.7521102335103704
2019-05-06,COP,CVX,252,0.7509795925051364
2019-05-07,COP,CVX,252,0.7519935982584212
2019-05-08,COP,CVX,252,0.7507758800139747
2019-05-09,COP,CVX,252,0.7438114061372113
2019-05-10,COP,CVX,252,0.7433252711935718
2019-05-13,COP,CVX,252,0.7441157420718978
2019-05-14,COP,CVX,252,0.7445995209645832
2019-05-15,COP,CVX,252,0.7441134593766167
2019-05-16,COP,CVX,252,0.7446027879466712
2019-05-17,COP,CVX,252,0.744574166929387
2019-05-20,COP,CVX,252,0.7442462603219201
2019-05-21,COP,CVX,252,0.7429580538766803
2019-05-22,COP,CVX,252,0.7424073436042428
2019-05-23,COP,CVX,252,0.7437465091293284
2019-05-24,COP,CVX,252,0.7457100877260627
2019-05-28,COP,CVX,252,0.7454427948854451
2019-05-29,COP,CVX,252,0.7374745191236322
2019-05-30,COP,CVX,252,0.7391657250910254
2019-05-31,COP,CVX,252,0.7332544651401196
2019-06-03,COP,CVX,252,0.7324775389738847
2019-06-04,COP,CVX,252,0.73223060995565
2019-06-05,COP,CVX,252,0.7256085782735009
2019-06-06,COP,CVX,252,0.7275154728313037
2019-06-07,COP,CVX,252,0.7276737739187153
2019-06-10,COP,CVX,252,0.7256427977405122
2019-06-11,COP,CVX,252,0.7260390267101895
2019-06-12,COP,CVX,252,0.7253070275081672
2019-06-13,COP,CVX,252,0.7257246830826587
2019-06-14,COP,CVX,252,0.7257601179224564
2019-06-17,COP,CVX,252,0.726461039507664
2019-06-18,COP,CVX,252,0.7247417410199231
2019-06-19,COP,CVX,252,0.7234202389907113
2019-06-20,COP,CVX,252,0.724178835447786
2019-06-21,COP,CVX,252,0.7255630048197077
2019-06-24,COP,CVX,252,0.7222348835490264
2019-06-25,COP,CVX,252,0.7200867916297832
2019-06-26,COP,CVX,252,0.7085256593607864
2019-06-27,COP,CVX,252,0.7072450309375976
2019-06-28,COP,CVX,252,0.7041414474511043
2019-07-01,COP,CVX,252,0.7031594679153053
2019-07-02,COP,CVX,252,0.7047631151938557
2019-07-03,COP,CVX,252,0.7039327307532139
2019-07-05,COP,CVX,252,0.7034450940670713
2019-07-08,COP,CVX,252,0.7031888601175827
2019-07-09,COP,CVX,252,0.7034638580077383
2019-07-10,COP,CVX,252,0.7038684576276133
2019-07-11,COP,CVX,252,0.7032256028230994
2019-07-12,COP,CVX,252,0.7012469229716187
2019-07-15,COP,CVX,252,0.7006313293468638
2019-07-16,COP,CVX,252,0.7017301425815303
2019-07-17,COP,CVX,252,0.7008440194405736
2019-07-18,COP,CVX,252,0.7010909184946714
2019-07-19,COP,CVX,252,0.7013279382891561
2019-07-22,COP,CVX,252,0.7018437290235959
2019-07-23,COP,CVX,252,0.7014031470111385
2019-07-24,COP,CVX,252,0.701397295002711
2019-07-25,COP,CVX,252,0.701346342303615
2019-07-26,COP,CVX,252,0.7000963328473557
2019-07-29,COP,CVX,252,0.7002298426872748
2019-07-30,COP,CVX,252,0.7013450183704834
2019-07-31,COP,CVX,252,0.7008230227439008
2019-08-01,COP,CVX,252,0.700157708091553
2019-08-02,COP,CVX,252,0.6933127612897814
2019-08-05,COP,CVX,252,0.6963939944293485
2019-08-06,COP,CVX,252,0.6954831813919536
2019-08-07,COP,CVX,252,0.6949943341024715
2019-08-08,COP,CVX,252,0.6996288607303083
2019-08-09,COP,CVX,252,0.6989715664974876
2019-08-12,COP,CVX,252,0.7015618249560117
2019-08-13,COP,CVX,252,0.7018876642598825
2019-08-14,COP,CVX,252,0.7077894188370347
2019-08-15,COP,CVX,252,0.7089152791454412
2019-08-16,COP,CVX,252,0.6975286886063108
2019-08-19,COP,CVX,252,0.6965756101877016
2019-08-20,COP,CVX,252,0.6974490964247623
2019-08-21,COP,CVX,252,0.6963750392014232
2019-08-22,COP,CVX,252,0.6963843039267369
2019-08-23,COP,CVX,252,0.6994366841555099
2019-08-26,COP,CVX,252,0.6997315185414471
2019-08-27,COP,CVX,252,0.6991649986187156
2019-08-28,COP,CVX,252,0.6998981416196904
2019-08-29,COP,CVX,252,0.6999930133761623
2019-08-30,COP,CVX,252,0.7009626881785733
2019-09-03,COP,CVX,252,0.7002585236632113
2019-09-04,COP,CVX,252,0.701317665960785
2019-09-05,COP,CVX,252,0.7016691824824418
2019-09-06,COP,CVX,252,0.7017666952277845
2019-09-09,COP,CVX,252,0.6975029103419573
2019-09-10,COP,CVX,252,0.6998880465149008
2019-09-11,COP,CVX,252,0.6984141302616166
2019-09-12,COP,CVX,252,0.697302846874906
2019-09-13,COP,CVX,252,0.6957870545533206
2019-09-16,COP,CVX,252,0.6911222687221826
2019-09-17,COP,CVX,252,0.6896513272964562
2019-09-18,COP,CVX,252,0.6879883586734811
2019-09-19,COP,CVX,252,0.6876363279874678
2019-09-20,COP,CVX,252,0.6876498442227259
2019-09-23,COP,CVX,252,0.6865096082192949
2019-09-24,COP,CVX,252,0.6864487869065293
2019-09-25,COP,CVX,252,0.6857262559996643
2019-09-26,COP,CVX,252,0.6890022310803073
2019-09-27,COP,CVX,252,0.6863355397427294
2019-09-30,COP,CVX,252,0.6854606603291796
2019-10-01,COP,CVX,252,0.6887167302739654
2019-10-02,COP,CVX,252,0.6916112531416814
2019-10-03,COP,CVX,252,0.6942602603839855
2019-10-04,COP,CVX,252,0.6937101036570396
2019-10-07,COP,CVX,252,0.6902050116326559
2019-10-08,COP,CVX,252,0.6906818352853401
2019-10-09,COP,CVX,252,0.6919592918948664
2019-10-10,COP,CVX,252,0.6920836932746188
2019-10-11,COP,CVX,252,0.6842312457602402
2019-10-14,COP,CVX,252,0.6804046657036817
2019-10-15,COP,CVX,252,0.6836346761348995
2019-10-16,COP,CVX,252,0.684237231337254
2019-10-17,COP,CVX,252,0.6840141777063464
2019-10-18,COP,CVX,252,0.6848374110354414
2019-10-21,COP,CVX,252,0.6868836467622264
2019-10-22,COP,CVX,252,0.6876495393011016
2019-10-23,COP,CVX,252,0.6874265485888819
2019-10-24,COP,CVX,252,0.6813036903231177
2019-10-25,COP,CVX,252,0.674126586043001
2019-10-28,COP,CVX,252,0.6731042659979303
2019-10-29,COP,CVX,252,0.6694678197199042
2019-10-30,COP,CVX,252,0.6708586865971862
2019-10-31,COP,CVX,252,0.6679706924909823
2019-11-01,COP,CVX,252,0.6632607504950072
2019-11-04,COP,CVX,252,0.6584990495643924
2019-11-05,COP,CVX,252,0.6798703620755407
2019-11-06,COP,CVX,252,0.6816014353158197
2019-11-07,COP,CVX,252,0.6842002202166954
2019-11-08,COP,CVX,252,0.6845095114556825
2019-11-11,COP,CVX,252,0.6843903681852916
2019-11-12,COP,CVX,252,0.6837816309277006
2019-11-13,COP,CVX,252,0.6783586146906955
2019-11-14,COP,CVX,252,0.6764722567266249
2019-11-15,COP,CVX,252,0.6747815067714694
2019-11-18,COP,CVX,252,0.6759249637684528
2019-11-19,COP,CVX,252,0.6697004500209355
2019-11-20,COP,CVX,252,0.6683654660859838
2019-11-21,COP,CVX,252,0.6636177431840605
2019-11-22,COP,CVX,252,0.6621601268823759
2019-11-25,COP,CVX,252,0.657196213904107
2019-11-26,COP,CVX,252,0.6565234747199259
2019-11-27,COP,CVX,252,0.6566406384641988
2019-11-29,COP,CVX,252,0.6559455265163562
2019-12-02,COP,CVX,252,0.6550280244145178
2019-12-03,COP,CVX,252,0.6560128937149681
2019-12-04,COP,CVX,252,0.654824152020659
2019-12-05,COP,CVX,252,0.650142825395592
2019-12-06,COP,CVX,252,0.6526303918610352
2019-12-09,COP,CVX,252,0.6523613916440529
2019-12-10,COP,CVX,252,0.6518166064891904
2019-12-11,COP,CVX,252,0.6503371048361577
2019-12-12,COP,CVX,252,0.6511997136474614
2019-12-13,COP,CVX,252,0.650656201242973
2019-12-16,COP,CVX,252,0.6473473955411967
2019-12-17,COP,CVX,252,0.6436433106926396
2019-12-18,COP,CVX,252,0.6417314334455387
2019-12-19,COP,CVX,252,0.641442957128067
2019-12-20,COP,CVX,252,0.6394019288768917
2019-12-23,COP,CVX,252,0.6397133957833564
2019-12-24,COP,CVX,252,0.6297233341882287
2019-12-26,COP,CVX,252,0.5977920401380975
2019-12-27,COP,CVX,252,0.5969992028360676
2019-12-30,COP,CVX,252,0.5967122187088509
2019-12-31,COP,CVX,252,0.5972412331511204
2020-01-02,COP,CVX,252,0.5957112772868723
2020-01-03,COP,CVX,252,0.5926191035748279
2020-01-06,COP,CVX,252,0.5871765381080242
2020-01-07,COP,CVX,252,0.5883018023219706
2020-01-08,COP,CVX,252,0.5925812158428215
2020-01-09,COP,CVX,252,0.5879074758057766
2020-01-10,COP,CVX,252,0.5899471829427725
2020-01-13,COP,CVX,252,0.5885434676735423
2020-01-14,COP,CVX,252,0.5876810815597727
2020-01-15,COP,CVX,252,0.5875477757890513
2020-01-16,COP,CVX,252,0.5870914669249152
2020-01-17,COP,CVX,252,0.5858363027573749
2020-01-21,COP,CVX,252,0.5869778496174807
2020-01-22,COP,CVX,252,0.582273207020183
2020-01-23,COP,CVX,252,0.5833031672459702
2020-01-24,COP,CVX,252,0.5854521228419086
2020-01-27,COP,CVX,252,0.5896469560323919
2020-01-28,COP,CVX,252,0.5880551191319334
2020-01-29,COP,CVX,252,0.5887548653795555
2020-01-30,COP,CVX,252,0.5889041934802624
2020-01-31,COP,CVX,252,0.5886622135823273
2020-02-03,COP,CVX,252,0.5889519323431465
2020-02-04,COP,CVX,252,0.573276506897373
2020-02-05,COP,CVX,252,0.5838665079047582
2020-02-06,COP,CVX,252,0.5841700359950224
2020-02-07,COP,CVX,252,0.5843154463328633
2020-02-10,COP,CVX,252,0.5830314941137187
2020-02-11,COP,CVX,252,0.5858035048918421
2020-02-12,COP,CVX,252,0.5858985299653537
2020-02-13,COP,CVX,252,0.5858853244858181
2020-02-14,COP,CVX,252,0.5881565833012542
2020-02-18,COP,CVX,252,0.5865522031533001
2020-02-19,COP,CVX,252,0.5871194137991831
2020-02-20,COP,CVX,252,0.5862731199224827
2020-02-21,COP,CVX,252,0.5865227821992829
2020-02-24,COP,CVX,252,0.5956990919904116
2020-02-25,COP,CVX,252,0.6092139181711862
2020-02-26,COP,CVX,252,0.6184127930516077
2020-02-27,COP,CVX,252,0.6379215049169409
2020-02-28,COP,CVX,252,0.6311326881536286
2020-03-02,COP,CVX,252,0.62926272479192
2020-03-03,COP,CVX,252,0.6322091723768914
2020-03-04,COP,CVX,252,0.6382412972388672
2020-03-05,COP,CVX,252,0.6407645071750945
2020-03-06,COP,CVX,252,0.6448249459309882
2020-03-09,COP,CVX,252,0.7975743931962115
2020-03-10,COP,CVX,252,0.7930532283125153
2020-03-11,COP,CVX,252,0.7934403577662259
2020-03-12,COP,CVX,252,0.8128469293107167
2020-03-13,COP,CVX,252,0.8248194067434729
2020-03-16,COP,CVX,252,0.8474417964528317
2020-03-17,COP,CVX,252,0.8473281046534606
2020-03-18,COP,CVX,252,0.8242710062930435
2020-03-19,COP,CVX,252,0.8211888222509832
2020-03-20,COP,CVX,252,0.8225329572396163
2020-03-23,COP,CVX,252,0.82713270921726
2020-03-24,COP,CVX,252,0.8559416826012737
2020-03-25,COP,CVX,252,0.8539891694004782
2020-03-26,COP,CVX,252,0.8482772162094473
2020-03-27,COP,CVX,252,0.8519494025653951
2020-03-30,COP,CVX,252,0.849121218378484
2020-03-31,COP,CVX,252,0.8469858959552555
2020-04-01,COP,CVX,252,0.8476240823823998
2020-04-02,COP,CVX,252,0.8544000872599286
2020-04-03,COP,CVX,252,0.8545769309626651
2020-04-06,COP,CVX,252,0.846805096055293
2020-04-07,COP,CVX,252,0.8468192678072041
2020-04-08,COP,CVX,252,0.8489076758684326
2020-04-09,COP,CVX,252,0.8495652223588745
2020-04-13,COP,CVX,252,0.8492829890679154
2020-04-14,COP,CVX,252,0.856011690692964
2020-04-15,COP,CVX,252,0.856201200599709
2020-04-16,COP,CVX,252,0.8569467654201279
2020-04-17,COP,CVX,252,0.8609934415634931
2020-04-20,COP,CVX,252,0.8603242877787541
2020-04-21,COP,CVX,252,0.860371174577587
2020-04-22,COP,CVX,252,0.8610198796171801
2020-04-23,COP,CVX,252,0.8612622469508301
2020-04-24,COP,CVX,252,0.8612804405888418
2020-04-27,COP,CVX,252,0.8617046172143321
2020-04-28,COP,CVX,252,0.8606119359384724
2020-04-29,COP,CVX,252,0.8615799927526694
2020-04-30,COP,CVX,252,0.8607974301019121
2020-05-01,COP,CVX,252,0.8599582708342757
2020-05-04,COP,CVX,252,0.8601936977161354
2020-05-05,COP,CVX,252,0.8604489253197417
2020-05-06,COP,CVX,252,0.8599788823358908
2020-05-07,COP,CVX,252,0.860606467756952
2020-05-08,COP,CVX,252,0.8620048134837489
2020-05-11,COP,CVX,252,0.8620680274916991
2020-05-12,COP,CVX,252,0.8619975634430938
2020-05-13,COP,CVX,252,0.8622680605039913
2020-05-14,COP,CVX,252,0.8620933210902209
2020-05-15,COP,CVX,252,0.8608353688027303
2020-05-18,COP,CVX,252,0.8621713234800624
2020-05-19,COP,CVX,252,0.8621252587606468
2020-05-20,COP,CVX,252,0.8627058528122205
2020-05-21,COP,CVX,252,0.8627139739314598
2020-05-22,COP,CVX,252,0.8631124530370318
2020-05-26,COP,CVX,252,0.8623291796008643
2020-05-27,COP,CVX,252,0.8622102959387076
2020-05-28,COP,CVX,252,0.8629685588501181
2020-05-29,COP,CVX,252,0.8619455931278662
2020-06-01,COP,CVX,252,0.8621411295600446
2020-06-02,COP,CVX,252,0.8624000572768704
2020-06-03,COP,CVX,252,0.8628820857578816
2020-06-04,COP,CVX,252,0.8644181051893867
2020-06-05,COP,CVX,252,0.8649437269919389
2020-06-08,COP,CVX,252,0.8652085275188971
2020-06-09,COP,CVX,252,0.8651997008213471
2020-06-10,COP,CVX,252,0.865880021435974
2020-06-11,COP,CVX,252,0.8682419952469251
2020-06-12,COP,CVX,252,0.8686784531497953
2020-06-15,COP,CVX,252,0.8686813475192734
2020-06-16,COP,CVX,252,0.8691029405230245
2020-06-17,COP,CVX,252,0.8691941974970309
2020-06-18,COP,CVX,252,0.8692021530249077
2020-06-19,COP,CVX,252,0.8692126593175081
2020-06-22,COP,CVX,252,0.8691232070485418
2020-06-23,COP,CVX,252,0.8690750650924288
2020-06-24,COP,CVX,252,0.8697062243998273
2020-06-25,COP,CVX,252,0.8718315733929901
2020-06-26,COP,CVX,252,0.8724194367426479
2020-06-29,COP,CVX,252,0.8727903282221999
2020-06-30,COP,CVX,252,0.8731271634146356
2020-07-01,COP,CVX,252,0.8733246065434671
2020-07-02,COP,CVX,252,0.8731523515556238
2020-07-06,COP,CVX,252,0.8732427275367256
2020-07-07,COP,CVX,252,0.8733875760772283
2020-07-08,COP,CVX,252,0.8733182147278691
2020-07-09,COP,CVX,252,0.8737926270932285
2020-07-10,COP,CVX,252,0.8741704781190804
2020-07-13,COP,CVX,252,0.8741503111816662
2020-07-14,COP,CVX,252,0.8748619059510588
2020-07-15,COP,CVX,252,0.8748877152488349
2020-07-16,COP,CVX,252,0.8748895304296732
2020-07-17,COP,CVX,252,0.8748142508757782
2020-07-20,COP,CVX,252,0.8748016108710344
2020-07-21,COP,CVX,252,0.8755672463298929
2020-07-22,COP,CVX,252,0.875449372412802
2020-07-23,COP,CVX,252,0.8754487155149259
2020-07-24,COP,CVX,252,0.8754534384754955
2020-07-27,COP,CVX,252,0.8749988233659005
2020-07-28,COP,CVX,252,0.875305441641386
2020-07-29,COP,CVX,252,0.8756809574585849
2020-07-30,COP,CVX,252,0.8763795310193071
2020-07-31,COP,CVX,252,0.8760948212874563
2020-08-03,COP,CVX,252,0.8766981254691727
2020-08-04,COP,CVX,252,0.8768648514458576
2020-08-05,COP,CVX,252,0.8771096914875247
2020-08-06,COP,CVX,252,0.8772868505803192
2020-08-07,COP,CVX,252,0.8767363150712014
2020-08-10,COP,CVX,252,0.8771941467644978
2020-08-11,COP,CVX,252,0.8772222643037069
2020-08-12,COP,CVX,252,0.8763747494549757
2020-08-13,COP,CVX,252,0.8758465130783407
2020-08-14,COP,CVX,252,0.8759024662951066
2020-08-17,COP,CVX,252,0.8759220539591922
2020-08-18,COP,CVX,252,0.8764928886853518
2020-08-19,COP,CVX,252,0.8766167638472965
2020-08-20,COP,CVX,252,0.8770856863491499
2020-08-21,COP,CVX,252,0.8767276279449677
2020-08-24,COP,CVX,252,0.8766477725413506
2020-08-25,COP,CVX,252,0.8765852517165259
2020-08-26,COP,CVX,252,0.8765885706342617
2020-08-27,COP,CVX,252,0.8764365640310483
2020-08-28,COP,CVX,252,0.876425765185368
2020-08-31,COP,CVX,252,0.876408980022853
2020-09-01,COP,CVX,252,0.876528739180951
2020-09-02,COP,CVX,252,0.87613194385683
2020-09-03,COP,CVX,252,0.8761521932946233
2020-09-04,COP,CVX,252,0.8761488782054956
2020-09-08,COP,CVX,252,0.8767189003469122
2020-09-09,COP,CVX,252,0.8765897095590017
2020-09-10,COP,CVX,252,0.8770386363847886
2020-09-11,COP,CVX,252,0.8771280650910254
2020-09-14,COP,CVX,252,0.8770414980648318
2020-09-15,COP,CVX,252,0.879505284763563
2020-09-16,COP,CVX,252,0.8801859530875957
2020-09-17,COP,CVX,252,0.8801366739645272
2020-09-18,COP,CVX,252,0.8801560886534016
2020-09-21,COP,CVX,252,0.880278705875575
2020-09-22,COP,CVX,252,0.8804387286831127
2020-09-23,COP,CVX,252,0.880740283872277
2020-09-24,COP,CVX,252,0.8802732107402864
2020-09-25,COP,CVX,252,0.8800521866902283
2020-09-28,COP,CVX,252,0.8793805060917289
2020-09-29,COP,CVX,252,0.8798845612837274
2020-09-30,COP,CVX,252,0.8796605735125098
2020-10-01,COP,CVX,252,0.8792196322997035
2020-10-02,COP,CVX,252,0.8792253151638546
2020-10-05,COP,CVX,252,0.8794666113710563
2020-10-06,COP,CVX,252,0.8796898806619843
2020-10-07,COP,CVX,252,0.8798257105885613
2020-10-08,COP,CVX,252,0.8798489542695342
2020-10-09,COP,CVX,252,0.8797607935722376
2020-10-12,COP,CVX,252,0.8797587266982592
2020-10-13,COP,CVX,252,0.8798592180994086
2020-10-14,COP,CVX,252,0.8798834333985802
2020-10-15,COP,CVX,252,0.879705302965357
2020-10-16,COP,CVX,252,0.8792124867026131
2020-10-19,COP,CVX,252,0.8793759201143256
2020-10-20,COP,CVX,252,0.8793548419239345
2020-10-21,COP,CVX,252,0.8773293248648029
2020-10-22,COP,CVX,252,0.8778538900634807
2020-10-23,COP,CVX,252,0.8767913161012113
2020-10-26,COP,CVX,252,0.8754914867572821
2020-10-27,COP,CVX,252,0.8751363951040777
2020-10-28,COP,CVX,252,0.8764016878392287
2020-10-29,COP,CVX,252,0.8763443104703116
2020-10-30,COP,CVX,252,0.8754681704580434
2020-11-02,COP,CVX,252,0.8770825450895204
2020-11-03,COP,CVX,252,0.8776690220398667
2020-11-04,COP,CVX,252,0.8765530021780057
2020-11-05,COP,CVX,252,0.8763159154805112
2020-11-06,COP,CVX,252,0.8761935230749125
2020-11-09,COP,CVX,252,0.880617609293845
2020-11-10,COP,CVX,252,0.8813874266708247
2020-11-11,COP,CVX,252,0.8815423182451305
2020-11-12,COP,CVX,252,0.8821878841804112
2020-11-13,COP,CVX,252,0.8825077587818098
2020-11-16,COP,CVX,252,0.884203612766453
2020-11-17,COP,CVX,252,0.8833816825965064
2020-11-18,COP,CVX,252,0.8822171941233052
2020-11-19,COP,CVX,252,0.8827437941934617
2020-11-20,COP,CVX,252,0.8826772256270929
2020-11-23,COP,CVX,252,0.8838910271145155
2020-11-24,COP,CVX,252,0.8845330632663807
2020-11-25,COP,CVX,252,0.8841633936721475
2020-11-27,COP,CVX,252,0.8841351195315836
2020-11-30,COP,CVX,252,0.8845817611972386
2020-12-01,COP,CVX,252,0.884585020183104
2020-12-02,COP,CVX,252,0.8847087581928023
2020-12-03,COP,CVX,252,0.8840882559549618
2020-12-04,COP,CVX,252,0.8842212472728237
2020-12-07,COP,CVX,252,0.8845813125364663
2020-12-08,COP,CVX,252,0.884456783251437
2020-12-09,COP,CVX,252,0.8842980645349297
2020-12-10,COP,CVX,252,0.8847256710072161
2020-12-11,COP,CVX,252,0.8847568788933438
2020-12-14,COP,CVX,252,0.8849394856805552
2020-12-15,COP,CVX,252,0.8849128823933842
2020-12-16,COP,CVX,252,0.8852425749377072
2020-12-17,COP,CVX,252,0.8852468064877251
2020-12-18,COP,CVX,252,0.8852957422648536
2020-12-21,COP,CVX,252,0.8853396191997256
2020-12-22,COP,CVX,252,0.8854723515614036
2020-12-23,COP,CVX,252,0.8855343521431691
2020-12-24,COP,CVX,252,0.8854723545966533
2020-12-28,COP,CVX,252,0.8854816245562267
2020-12-29,COP,CVX,252,0.88548040853327
2020-12-30,COP,CVX,252,0.8853622175012423
2020-12-31,COP,CVX,252,0.8852217520074106
2021-01-04,COP,CVX,252,0.885112590231955
2021-01-05,COP,CVX,252,0.8852439072931824
2021-01-06,COP,CVX,252,0.8857829378571399
2021-01-07,COP,CVX,252,0.885444689099777
2021-01-08,COP,CVX,252,0.8856692994123339
2021-01-11,COP,CVX,252,0.8856216638877599
2021-01-12,COP,CVX,252,0.885467198459396
2021-01-13,COP,CVX,252,0.885444989759674
2021-01-14,COP,CVX,252,0.8854761684741386
2021-01-15,COP,CVX,252,0.8858200175447718
2021-01-19,COP,CVX,252,0.886016848573571
2021-01-20,COP,CVX,252,0.8854869796646861
2021-01-21,COP,CVX,252,0.8859709297899659
2021-01-22,COP,CVX,252,0.8859314624803607
2021-01-25,COP,CVX,252,0.8858775466967014
2021-01-26,COP,CVX,252,0.8859539486985146
2021-01-27,COP,CVX,252,0.8859759126082708
2021-01-28,COP,CVX,252,0.8859971579460671
2021-01-29,COP,CVX,252,0.8857096633167467
2021-02-01,COP,CVX,252,0.8859727295949659
2021-02-02,COP,CVX,252,0.8860085397168287
2021-02-03,COP,CVX,252,0.887955326871212
2021-02-04,COP,CVX,252,0.8873816020983192
2021-02-05,COP,CVX,252,0.887357269905721
2021-02-08,COP,CVX,252,0.8872574453933891
2021-02-09,COP,CVX,252,0.8872930749443434
2021-02-10,COP,CVX,252,0.8871584557790314
2021-02-11,COP,CVX,252,0.8871944220708461
2021-02-12,COP,CVX,252,0.8871702402879001
2021-02-16,COP,CVX,252,0.8872427231786595
2021-02-17,COP,CVX,252,0.8868746616551888
2021-02-18,COP,CVX,252,0.8866141448503093
2021-02-19,COP,CVX,252,0.8866247516727445
2021-02-22,COP,CVX,252,0.8866853262512437
2021-02-23,COP,CVX,252,0.8864679405753016
2021-02-24,COP,CVX,252,0.8864296575688255
2021-02-25,COP,CVX,252,0.8861404903666396
2021-02-26,COP,CVX,252,0.8862742953353379
2021-03-01,COP,CVX,252,0.887376051213798
2021-03-02,COP,CVX,252,0.8876105616366416
2021-03-03,COP,CVX,252,0.8874256073247081
2021-03-04,COP,CVX,252,0.8871763213582866
2021-03-05,COP,CVX,252,0.8878278226509184
2021-03-08,COP,CVX,252,0.8882193869717241
2021-03-09,COP,CVX,252,0.8826694443749459
2021-03-10,COP,CVX,252,0.8837117470144744
2021-03-11,COP,CVX,252,0.8849463638350609
2021-03-12,COP,CVX,252,0.883325658044471
2021-03-15,COP,CVX,252,0.8805855911705114
2021-03-16,COP,CVX,252,0.8693955282663147
2021-03-17,COP,CVX,252,0.8695032499613723
2021-03-18,COP,CVX,252,0.8805101588007892
2021-03-19,COP,CVX,252,0.8846350011867197
2021-03-22,COP,CVX,252,0.884150910069222
2021-03-23,COP,CVX,252,0.8813014131248235
2021-03-24,COP,CVX,252,0.8605864304978722
2021-03-25,COP,CVX,252,0.8632136441036683
2021-03-26,COP,CVX,252,0.8727613915296292
2021-03-29,COP,CVX,252,0.869502387478013
2021-03-30,COP,CVX,252,0.8745574162705606
2021-03-31,COP,CVX,252,0.8769599158673315
2021-04-01,COP,CVX,252,0.8773236372779128
2021-04-05,COP,CVX,252,0.8690292300944132
2021-04-06,COP,CVX,252,0.8683225123126345
2021-04-07,COP,CVX,252,0.8825248549437291
2021-04-08,COP,CVX,252,0.8826188491293442
2021-04-09,COP,CVX,252,0.8804502585216517
2021-04-12,COP,CVX,252,0.8800717399569388
2021-04-13,COP,CVX,252,0.8808445306303573
2021-04-14,COP,CVX,252,0.8810604012448338
2021-04-15,COP,CVX,252,0.8810777116835526
2021-04-16,COP,CVX,252,0.880271042393443
2021-04-19,COP,CVX,252,0.873528611913694
2021-04-20,COP,CVX,252,0.8751665134205523
2021-04-21,COP,CVX,252,0.874693919214554
2021-04-22,COP,CVX,252,0.8735723976469479
2021-04-23,COP,CVX,252,0.8729956179092858
2021-04-26,COP,CVX,252,0.8728548297373216
2021-04-27,COP,CVX,252,0.8726677038770254
2021-04-28,COP,CVX,252,0.8749630603280187
2021-04-29,COP,CVX,252,0.8720779614311125
2021-04-30,COP,CVX,252,0.8750657521751604
2021-05-03,COP,CVX,252,0.8763857632453571
2021-05-04,COP,CVX,252,0.8757207397081401
2021-05-05,COP,CVX,252,0.8760255703546406
2021-05-06,COP,CVX,252,0.877471845646733
2021-05-07,COP,CVX,252,0.8765861287564756
2021-05-10,COP,CVX,252,0.8765102654901127
2021-05-11,COP,CVX,252,0.876557522555293
2021-05-12,COP,CVX,252,0.8765717254263091
2021-05-13,COP,CVX,252,0.8757106518172351
2021-05-14,COP,CVX,252,0.8770429440154961
2021-05-17,COP,CVX,252,0.8795371965738258
2021-05-18,COP,CVX,252,0.8767658252688393
2021-05-19,COP,CVX,252,0.8776418359475568
2021-05-20,COP,CVX,252,0.8771145486314154
2021-05-21,COP,CVX,252,0.8770557685766436
2021-05-24,COP,CVX,252,0.8771989889534085
2021-05-25,COP,CVX,252,0.8797141127452851
2021-05-26,COP,CVX,252,0.8799261494787943
2021-05-27,COP,CVX,252,0.8785509353054195
2021-05-28,COP,CVX,252,0.8805865960652763
2021-06-01,COP,CVX,252,0.8813538163441348
2021-06-02,COP,CVX,252,0.8813069865605071
2021-06-03,COP,CVX,252,0.8809869841221807
2021-06-04,COP,CVX,252,0.8809134899408617
2021-06-07,COP,CVX,252,0.8789854256150367
2021-06-08,COP,CVX,252,0.8784729831127658
2021-06-09,COP,CVX,252,0.8784043960080374
2021-06-10,COP,CVX,252,0.8766967263765696
2021-06-11,COP,CVX,252,0.8726007952873699
2021-06-14,COP,CVX,252,0.8717078568528058
2021-06-15,COP,CVX,252,0.8714698073249204
2021-06-16,COP,CVX,252,0.8704250344707105
2021-06-17,COP,CVX,252,0.870872964291175
2021-06-18,COP,CVX,252,0.8702686903740418
2021-06-21,COP,CVX,252,0.8709807245429663
2021-06-22,COP,CVX,252,0.871694009235463
2021-06-23,COP,CVX,252,0.8718254470918417
2021-06-24,COP,CVX,252,0.8695411911571016
2021-06-25,COP,CVX,252,0.8691629881252885
2021-06-28,COP,CVX,252,0.8684018256959438
2021-06-29,COP,CVX,252,0.8681288696526541
2021-06-30,COP,CVX,252,0.8675472294362377
2021-07-01,COP,CVX,252,0.8670985839422002
2021-07-02,COP,CVX,252,0.8673874527740528
2021-07-06,COP,CVX,252,0.8678955239518842
2021-07-07,COP,CVX,252,0.8676232207918767
2021-07-08,COP,CVX,252,0.8676689250154366
2021-07-09,COP,CVX,252,0.8652723259906906
2021-07-12,COP,CVX,252,0.8643279293671503
2021-07-13,COP,CVX,252,0.864388175651959
2021-07-14,COP,CVX,252,0.8637918424032186
2021-07-15,COP,CVX,252,0.8638393753952379
2021-07-16,COP,CVX,252,0.8645523329727182
2021-07-19,COP,CVX,252,0.8653214667819227
2021-07-20,COP,CVX,252,0.8653655600268358
2021-07-21,COP,CVX,252,0.8662498637528872
2021-07-22,COP,CVX,252,0.8665642532106312
2021-07-23,COP,CVX,252,0.8661588877529022
2021-07-26,COP,CVX,252,0.8667325745079895
2021-07-27,COP,CVX,252,0.8684581577769881
2021-07-28,COP,CVX,252,0.8681764630042521
2021-07-29,COP,CVX,252,0.8678419101705289
2021-07-30,COP,CVX,252,0.865314484673305
2021-08-02,COP,CVX,252,0.8669972729563996
2021-08-03,COP,CVX,252,0.8696175992160227
2021-08-04,COP,CVX,252,0.8699387466938756
2021-08-05,COP,CVX,252,0.8699611204354811
2021-08-06,COP,CVX,252,0.8700461439348568
2021-08-09,COP,CVX,252,0.8710029844068164
2021-08-10,COP,CVX,252,0.870502079608805
2021-08-11,COP,CVX,252,0.8705847558447869
2021-08-12,COP,CVX,252,0.8722269706138042
2021-08-13,COP,CVX,252,0.8721807344770746
2021-08-16,COP,CVX,252,0.8723043017702924
2021-08-17,COP,CVX,252,0.8725299496397751
2021-08-18,COP,CVX,252,0.8728477089847461
2021-08-19,COP,CVX,252,0.872698728440009
2021-08-20,COP,CVX,252,0.8722232822181578
2021-08-23,COP,CVX,252,0.8740471605752729
2021-08-24,COP,CVX,252,0.8743039759375791
2021-08-25,COP,CVX,252,0.8749039278655467
2021-08-26,COP,CVX,252,0.8749559938829081
2021-08-27,COP,CVX,252,0.8755031751974516
2021-08-30,COP,CVX,252,0.8754936719132251
2021-08-31,COP,CVX,252,0.87565295981491
2021-09-01,COP,CVX,252,0.875710608297584
2021-09-02,COP,CVX,252,0.8775072427262239
2021-09-03,COP,CVX,252,0.8773920461434436
2021-09-07,COP,CVX,252,0.8774017699327682
2021-09-08,COP,CVX,252,0.8756798451607063
2021-09-09,COP,CVX,252,0.8754397802165089
2021-09-10,COP,CVX,252,0.8748002782772859
2021-09-13,COP,CVX,252,0.8756750725429966
2021-09-14,COP,CVX,252,0.8763895311834125
2021-09-15,COP,CVX,252,0.8782271077281153
2021-09-16,COP,CVX,252,0.8771658641639741
2021-09-17,COP,CVX,252,0.8784621154022433
2021-09-20,COP,CVX,252,0.8790390679771187
2021-09-21,COP,CVX,252,0.8750085731343434
2021-09-22,COP,CVX,252,0.876294212717828
2021-09-23,COP,CVX,252,0.8759285766634882
2021-09-24,COP,CVX,252,0.8768970297463357
2021-09-27,COP,CVX,252,0.8772298567137743
2021-09-28,COP,CVX,252,0.880864464136448
2021-09-29,COP,CVX,252,0.87977947209939
2021-09-30,COP,CVX,252,0.8790825068118464
2021-10-01,COP,CVX,252,0.8801032207202497
2021-10-04,COP,CVX,252,0.8795939205143759
2021-10-05,COP,CVX,252,0.8787525530140896
2021-10-06,COP,CVX,252,0.879341079847002
2021-10-07,COP,CVX,252,0.8783300086508584
2021-10-08,COP,CVX,252,0.8782136120366889
2021-10-11,COP,CVX,252,0.878383209534809
2021-10-12,COP,CVX,252,0.8781943644556016
2021-10-13,COP,CVX,252,0.8775125011967353
2021-10-14,COP,CVX,252,0.8773983605910967
2021-10-15,COP,CVX,252,0.8776137612836264
2021-10-18,COP,CVX,252,0.8784995027437967
2021-10-19,COP,CVX,252,0.8771906406668715
2021-10-20,COP,CVX,252,0.8774129593361617
2021-10-21,COP,CVX,252,0.8821701389016043
2021-10-22,COP,CVX,252,0.8813011243079554
2021-10-25,COP,CVX,252,0.8844352907235694
2021-10-26,COP,CVX,252,0.886953633118583
2021-10-27,COP,CVX,252,0.8889119886603388
2021-10-28,COP,CVX,252,0.8869846274102368
2021-10-29,COP,CVX,252,0.8867344783829515
2021-11-01,COP,CVX,252,0.8897955497270106
2021-11-02,COP,CVX,252,0.887899521944527
2021-11-03,COP,CVX,252,0.8891979267687428
2021-11-04,COP,CVX,252,0.8924106856911254
2021-11-05,COP,CVX,252,0.8928908998269105
2021-11-08,COP,CVX,252,0.8929097191062872
2021-11-09,COP,CVX,252,0.879192879925739
2021-11-10,COP,CVX,252,0.8763065069859924
2021-11-11,COP,CVX,252,0.87574379095185
2021-11-12,COP,CVX,252,0.8748053268819457
2021-11-15,COP,CVX,252,0.8715281575434665
2021-11-16,COP,CVX,252,0.8666555853584248
2021-11-17,COP,CVX,252,0.8695444186860276
2021-11-18,COP,CVX,252,0.8769953744099007
2021-11-19,COP,CVX,252,0.878650437028985
2021-11-22,COP,CVX,252,0.8791291155420607
2021-11-23,COP,CVX,252,0.8747490394115016
2021-11-24,COP,CVX,252,0.8757304330340827
2021-11-26,COP,CVX,252,0.8796429496909337
2021-11-29,COP,CVX,252,0.8794768031175643
2021-11-30,COP,CVX,252,0.8756089109637246
2021-12-01,COP,CVX,252,0.8762657497317097
2021-12-02,COP,CVX,252,0.8779932383706527
2021-12-03,COP,CVX,252,0.8811358796036657
2021-12-06,COP,CVX,252,0.8790836488837943
2021-12-07,COP,CVX,252,0.8781738101254698
2021-12-08,COP,CVX,252,0.8784887267978193
2021-12-09,COP,CVX,252,0.8784972015818907
2021-12-10,COP,CVX,252,0.8778793864916028
2021-12-13,COP,CVX,252,0.8787282611824615
2021-12-14,COP,CVX,252,0.8784757909132345
2021-12-15,COP,CVX,252,0.8787818789442717
2021-12-16,COP,CVX,252,0.8787476443291495
2021-12-17,COP,CVX,252,0.8803770726076526
2021-12-20,COP,CVX,252,0.8798934100504476
2021-12-21,COP,CVX,252,0.8799108988568389
2021-12-22,COP,CVX,252,0.8789172983049998
2021-12-23,COP,CVX,252,0.878461115930449
2021-12-27,COP,CVX,252,0.8792644506516355
2021-12-28,COP,CVX,252,0.8792262014530325
2021-12-29,COP,CVX,252,0.8791564106637109
2021-12-30,COP,CVX,252,0.879446771733957
2021-12-31,COP,CVX,252,0.8800938362279327
2022-01-03,COP,CVX,252,0.8813132197496553
2022-01-04,COP,CVX,252,0.8804700916200006
2022-01-05,COP,CVX,252,0.8763723824027718
2022-01-06,COP,CVX,252,0.8759356750286498
2022-01-07,COP,CVX,252,0.8769944876250941
2022-01-10,COP,CVX,252,0.8769999388053052
2022-01-11,COP,CVX,252,0.8777934027099531
2022-01-12,COP,CVX,252,0.8768984748599304
2022-01-13,COP,CVX,252,0.8774968151545594
2022-01-14,COP,CVX,252,0.8745417458987507
2022-01-18,COP,CVX,252,0.8752072394696443
2022-01-19,COP,CVX,252,0.8782656039352696
2022-01-20,COP,CVX,252,0.8747733272035007
2022-01-21,COP,CVX,252,0.874556668997239
2022-01-24,COP,CVX,252,0.8748526984460228
2022-01-25,COP,CVX,252,0.8762709928734278
2022-01-26,COP,CVX,252,0.8757812407589921
2022-01-27,COP,CVX,252,0.876432187367482
2022-01-28,COP,CVX,252,0.8718099374222544
2022-01-31,COP,CVX,252,0.8707126295052389
2022-02-01,COP,CVX,252,0.871739367811695
2022-02-02,COP,CVX,252,0.8718639699531631
2022-02-03,COP,CVX,252,0.8732832080147397
2022-02-04,COP,CVX,252,0.8732804329896157
2022-02-07,COP,CVX,252,0.8716794450024957
2022-02-08,COP,CVX,252,0.8725337946153412
2022-02-09,COP,CVX,252,0.8736227126366376
2022-02-10,COP,CVX,252,0.8736411774335513
2022-02-11,COP,CVX,252,0.874109640164561
2022-02-14,COP,CVX,252,0.8739758650851036
2022-02-15,COP,CVX,252,0.8774856330868798
2022-02-16,COP,CVX,252,0.8783852521603401
2022-02-17,COP,CVX,252,0.8770458490192482
2022-02-18,COP,CVX,252,0.8748415920320365
2022-02-22,COP,CVX,252,0.8745453235181722
2022-02-23,COP,CVX,252,0.8687262456972378
2022-02-24,COP,CVX,252,0.8693896607298882
2022-02-25,COP,CVX,252,0.8703584746802241
2022-02-28,COP,CVX,252,0.8726810988732695
2022-03-01,COP,CVX,252,0.8700718172405565
2022-03-02,COP,CVX,252,0.8670493151752174
2022-03-03,COP,CVX,252,0.8662251708442004
2022-03-04,COP,CVX,252,0.8639931595878224
2022-03-07,COP,CVX,252,0.862722610449057
2022-03-08,COP,CVX,252,0.8260182275393947
2022-03-09,COP,CVX,252,0.826684666310811
2022-03-10,COP,CVX,252,0.8288415937903595
2022-03-11,COP,CVX,252,0.8290751991058175
2022-03-14,COP,CVX,252,0.8288461854772059
2022-03-15,COP,CVX,252,0.8183771022863308
2022-03-16,COP,CVX,252,0.8183978034327741
2022-03-17,COP,CVX,252,0.8135459451075965
2022-03-18,COP,CVX,252,0.8133297662953799
2022-03-21,COP,CVX,252,0.8139852006576576
2022-03-22,COP,CVX,252,0.8138401432070614
2022-03-23,COP,CVX,252,0.8125887904218682
2022-03-24,COP,CVX,252,0.8125724671305626
2022-03-25,COP,CVX,252,0.8123293291691923
2022-03-28,COP,CVX,252,0.8138258717157054
2022-03-29,COP,CVX,252,0.8141696285786095
2022-03-30,COP,CVX,252,0.814000580368954
2022-03-31,COP,CVX,252,0.8140491738678446
2022-04-01,COP,CVX,252,0.8140694959589964
2022-04-04,COP,CVX,252,0.8155137165763037
2022-04-05,COP,CVX,252,0.8155299484496911
2022-04-06,COP,CVX,252,0.8137690149212019
2022-04-07,COP,CVX,252,0.8141964436698567
2022-04-08,COP,CVX,252,0.8147951752853219
2022-04-11,COP,CVX,252,0.8174985456842306
2022-04-12,COP,CVX,252,0.8170982119633818
2022-04-13,COP,CVX,252,0.8154926143024988
2022-04-14,COP,CVX,252,0.8149678781444893
2022-04-18,COP,CVX,252,0.8155971820029969
2022-04-19,COP,CVX,252,0.8154108012237755
2022-04-20,COP,CVX,252,0.815046846430897
2022-04-21,COP,CVX,252,0.8175932435423167
2022-04-22,COP,CVX,252,0.819151339310509
2022-04-25,COP,CVX,252,0.8209498619981295
2022-04-26,COP,CVX,252,0.8207194936892473
2022-04-27,COP,CVX,252,0.8175105223641641
2022-04-28,COP,CVX,252,0.8219547788861666
2022-04-29,COP,CVX,252,0.8190989548039994
2022-05-02,COP,CVX,252,0.8161753787781687
2022-05-03,COP,CVX,252,0.8172895805607358
2022-05-04,COP,CVX,252,0.8184159389756703
2022-05-05,COP,CVX,252,0.8187252469558333
2022-05-06,COP,CVX,252,0.8207164731287144
2022-05-09,COP,CVX,252,0.8344561715532165
2022-05-10,COP,CVX,252,0.8337742626986384
2022-05-11,COP,CVX,252,0.8339687384589771
2022-05-12,COP,CVX,252,0.8338598899181752
2022-05-13,COP,CVX,252,0.8331080498532087
2022-05-16,COP,CVX,252,0.8342602919705886
2022-05-17,COP,CVX,252,0.8348111638663339
2022-05-18,COP,CVX,252,0.8341393625543804
2022-05-19,COP,CVX,252,0.8339826254327576
2022-05-20,COP,CVX,252,0.8339540849189743
2022-05-23,COP,CVX,252,0.8353516069233006
2022-05-24,COP,CVX,252,0.8345184744383506
2022-05-25,COP,CVX,252,0.8348660740831405
2022-05-26,COP,CVX,252,0.8356196071865413
2022-05-27,COP,CVX,252,0.8358628748825118
2022-05-31,COP,CVX,252,0.8349549534333461
2022-06-01,COP,CVX,252,0.8342347629671675
2022-06-02,COP,CVX,252,0.8349817632340053
2022-06-03,COP,CVX,252,0.8345495686082911
2022-06-06,COP,CVX,252,0.8348182617140036
2022-06-07,COP,CVX,252,0.8347563981577818
2022-06-08,COP,CVX,252,0.8337726498897706
2022-06-09,COP,CVX,252,0.8349232433608944
2022-06-10,COP,CVX,252,0.835300736006665
2022-06-13,COP,CVX,252,0.8381220415631391
2022-06-14,COP,CVX,252,0.838369141248157
2022-06-15,COP,CVX,252,0.8391162413813593
2022-06-16,COP,CVX,252,0.8435151889843565
2022-06-17,COP,CVX,252,0.84864102358773
2022-06-21,COP,CVX,252,0.8502258807617284
2022-06-22,COP,CVX,252,0.854435678064502
2022-06-23,COP,CVX,252,0.8573645053193569
2022-06-24,COP,CVX,252,0.8575210165637782
2022-06-27,COP,CVX,252,0.8579642776191643
2022-06-28,COP,CVX,252,0.8575590968923081
2022-06-29,COP,CVX,252,0.8583226991768367
2022-06-30,COP,CVX,252,0.8593547945672614
2022-07-01,COP,CVX,252,0.8594875876524097
2022-07-05,COP,CVX,252,0.8586853028091805
2022-07-06,COP,CVX,252,0.8582639377153891
2022-07-07,COP,CVX,252,0.858577457367199
2022-07-08,COP,CVX,252,0.858557677268483
2022-07-11,COP,CVX,252,0.8585232515905868
2022-07-12,COP,CVX,252,0.8593472010476262
2022-07-13,COP,CVX,252,0.8592774209736944
2022-07-14,COP,CVX,252,0.8588841210597234
2022-07-15,COP,CVX,252,0.858957131172069
2022-07-18,COP,CVX,252,0.8583917471099667
2022-07-19,COP,CVX,252,0.8585286279494101
2022-07-20,COP,CVX,252,0.8587633668564677
2022-07-21,COP,CVX,252,0.8570623796276677
2022-07-22,COP,CVX,252,0.8572443907883853
2022-07-25,COP,CVX,252,0.8593446124464291
2022-07-26,COP,CVX,252,0.8588952938783734
2022-07-27,COP,CVX,252,0.859093041332243
2022-07-28,COP,CVX,252,0.8591082333581197
2022-07-29,COP,CVX,252,0.8453016692692915
2022-08-01,COP,CVX,252,0.8459428442221945
2022-08-02,COP,CVX,252,0.8460360241533518
2022-08-03,COP,CVX,252,0.8473624816924803
2022-08-04,COP,CVX,252,0.8458097309726959
2022-08-05,COP,CVX,252,0.846016240663449
2022-08-08,COP,CVX,252,0.8456367747168858
2022-08-09,COP,CVX,252,0.845403924932636
2022-08-10,COP,CVX,252,0.8451387405706043
2022-08-11,COP,CVX,252,0.8458765327446852
2022-08-12,COP,CVX,252,0.8445901941008541
2022-08-15,COP,CVX,252,0.8447738726015513
2022-08-16,COP,CVX,252,0.8445672304976035
2022-08-17,COP,CVX,252,0.8446228936680944
2022-08-18,COP,CVX,252,0.8449754373447225
2022-08-19,COP,CVX,252,0.8441170099411051
2022-08-22,COP,CVX,252,0.8440864308138656
2022-08-23,COP,CVX,252,0.843691445267882
2022-08-24,COP,CVX,252,0.8435228196027096
2022-08-25,COP,CVX,252,0.8435634609413262
2022-08-26,COP,CVX,252,0.8429410277722879
2022-08-29,COP,CVX,252,0.8428059468573276
2022-08-30,COP,CVX,252,0.8437205364041852
2022-08-31,COP,CVX,252,0.8435509963635833
2022-09-01,COP,CVX,252,0.8436828642215244
2022-09-02,COP,CVX,252,0.8433350689262815
2022-09-06,COP,CVX,252,0.8432680086500072
2022-09-07,COP,CVX,252,0.843602225219336
2022-09-08,COP,CVX,252,0.843364237596648
2022-09-09,COP,CVX,252,0.8446095284010998
2022-09-12,COP,CVX,252,0.844936837984525
2022-09-13,COP,CVX,252,0.8448146740824479
2022-09-14,COP,CVX,252,0.8455386925731867
2022-09-15,COP,CVX,252,0.8455310073485464
2022-09-16,COP,CVX,252,0.8461505368974592
2022-09-19,COP,CVX,252,0.845985637676548
2022-09-20,COP,CVX,252,0.8450933809481442
2022-09-21,COP,CVX,252,0.8491033453887646
2022-09-22,COP,CVX,252,0.8476758425366187
2022-09-23,COP,CVX,252,0.8551106109568575
2022-09-26,COP,CVX,252,0.8548074365986374
2022-09-27,COP,CVX,252,0.8542106333583738
2022-09-28,COP,CVX,252,0.856115472927722
2022-09-29,COP,CVX,252,0.855484690205262
2022-09-30,COP,CVX,252,0.856567194465948
2022-10-03,COP,CVX,252,0.859771939984555
2022-10-04,COP,CVX,252,0.8621585199204633
2022-10-05,COP,CVX,252,0.8623834674942173
2022-10-06,COP,CVX,252,0.8628143417924059
2022-10-07,COP,CVX,252,0.8623390562345782
2022-10-10,COP,CVX,252,0.8622457536279787
2022-10-11,COP,CVX,252,0.8618335880142638
2022-10-12,COP,CVX,252,0.8619533008728649
2022-10-13,COP,CVX,252,0.8645063890091733
2022-10-14,COP,CVX,252,0.8658935386408391
2022-10-17,COP,CVX,252,0.8658770371565427
2022-10-18,COP,CVX,252,0.8653524406671804
2022-10-19,COP,CVX,252,0.8659070450801759
2022-10-20,COP,CVX,252,0.8659762267905224
2022-10-21,COP,CVX,252,0.8658621567717083
2022-10-24,COP,CVX,252,0.8656934142884447
2022-10-25,COP,CVX,252,0.8642519809348067
2022-10-26,COP,CVX,252,0.8644224417785966
2022-10-27,COP,CVX,252,0.8637885734636055
2022-10-28,COP,CVX,252,0.8634833716876126
2022-10-31,COP,CVX,252,0.8644634752808792
2022-11-01,COP,CVX,252,0.8644832414806141
2022-11-02,COP,CVX,252,0.8642404369474632
2022-11-03,COP,CVX,252,0.8616010541122252
2022-11-04,COP,CVX,252,0.8596066023240101
2022-11-07,COP,CVX,252,0.8600274687048928
2022-11-08,COP,CVX,252,0.8600467397167966
2022-11-09,COP,CVX,252,0.86290550720971
2022-11-10,COP,CVX,252,0.8631123159854875
2022-11-11,COP,CVX,252,0.8642006890350812
2022-11-14,COP,CVX,252,0.8641935731693009
2022-11-15,COP,CVX,252,0.8655788021875683
2022-11-16,COP,CVX,252,0.865849726400969
2022-11-17,COP,CVX,252,0.8655106465466884
2022-11-18,COP,CVX,252,0.8665327648118571
2022-11-21,COP,CVX,252,0.8658808545988692
2022-11-22,COP,CVX,252,0.8663438102242114
2022-11-23,COP,CVX,252,0.8658116942851998
2022-11-25,COP,CVX,252,0.8657456183002354
2022-11-28,COP,CVX,252,0.8653235681048193
2022-11-29,COP,CVX,252,0.864790503204294
2022-11-30,COP,CVX,252,0.8630184091352341
2022-12-01,COP,CVX,252,0.8629420070712579
2022-12-02,COP,CVX,252,0.8624187645074981
2022-12-05,COP,CVX,252,0.8629337665054702
2022-12-06,COP,CVX,252,0.8635921007932029
2022-12-07,COP,CVX,252,0.8631206082441358
2022-12-08,COP,CVX,252,0.8615959111326125
2022-12-09,COP,CVX,252,0.8621578191321411
2022-12-12,COP,CVX,252,0.86254091025801
2022-12-13,COP,CVX,252,0.8616154954047732
2022-12-14,COP,CVX,252,0.8618014354992064
2022-12-15,COP,CVX,252,0.861866140522729
2022-12-16,COP,CVX,252,0.8620989663751517
2022-12-19,COP,CVX,252,0.8608308898556325
2022-12-20,COP,CVX,252,0.8610831734684505
2022-12-21,COP,CVX,252,0.8605306896183909
2022-12-22,COP,CVX,252,0.8608373044982418
2022-12-23,COP,CVX,252,0.8619644271577568
2022-12-27,COP,CVX,252,0.8615679216568756
2022-12-28,COP,CVX,252,0.861909532116975
2022-12-29,COP,CVX,252,0.8619610861330003
2022-12-30,COP,CVX,252,0.8618970632756835
2023-01-03,COP,CVX,252,0.8633236877200247
2023-01-04,COP,CVX,252,0.8624411570852043
2023-01-05,COP,CVX,252,0.862985215374137
2023-01-06,COP,CVX,252,0.8646498097908293
2023-01-09,COP,CVX,252,0.866076680784983
2023-01-10,COP,CVX,252,0.8659658280969015
2023-01-11,COP,CVX,252,0.8658687695569975
2023-01-12,COP,CVX,252,0.8653950199142714
2023-01-13,COP,CVX,252,0.8659588953297009
2023-01-17,COP,CVX,252,0.8634609951867794
2023-01-18,COP,CVX,252,0.8635542892593406
2023-01-19,COP,CVX,252,0.8636402273237883
2023-01-20,COP,CVX,252,0.8637278326904076
2023-01-23,COP,CVX,252,0.8638147265669026
2023-01-24,COP,CVX,252,0.8638385436477787
2023-01-25,COP,CVX,252,0.8621058452167113
2023-01-26,COP,CVX,252,0.8602446965707401
2023-01-27,COP,CVX,252,0.8547857254016871
2023-01-30,COP,CVX,252,0.8547668338988222
2023-01-31,COP,CVX,252,0.858087227887854
2023-02-01,COP,CVX,252,0.8586295041301018
2023-02-02,COP,CVX,252,0.8552989362346609
2023-02-03,COP,CVX,252,0.8528428314500811
2023-02-06,COP,CVX,252,0.8525926345127146
2023-02-07,COP,CVX,252,0.8533948909771937
2023-02-08,COP,CVX,252,0.8529672180841091
2023-02-09,COP,CVX,252,0.8527205122286783
2023-02-10,COP,CVX,252,0.852694236529115
2023-02-13,COP,CVX,252,0.8523983440381604
2023-02-14,COP,CVX,252,0.8520703310433405
2023-02-15,COP,CVX,252,0.8518839466269112
2023-02-16,COP,CVX,252,0.8522027427430365
2023-02-17,COP,CVX,252,0.8530294016125382
2023-02-21,COP,CVX,252,0.8520494811001146
2023-02-22,COP,CVX,252,0.8524773017602744
2023-02-23,COP,CVX,252,0.8526289554087253
2023-02-24,COP,CVX,252,0.8539844715565401
2023-02-27,COP,CVX,252,0.8539390527306433
2023-02-28,COP,CVX,252,0.852960777697236
2023-03-01,COP,CVX,252,0.8515576377173569
2023-03-02,COP,CVX,252,0.8521568375553921
2023-03-03,COP,CVX,252,0.8529611322360434
2023-03-06,COP,CVX,252,0.8544601375130427
2023-03-07,COP,CVX,252,0.854429461177956
2023-03-08,COP,CVX,252,0.8549691784176394
2023-03-09,COP,CVX,252,0.8765052893175294
2023-03-10,COP,CVX,252,0.8758900375929219
2023-03-13,COP,CVX,252,0.8734753488820761
2023-03-14,COP,CVX,252,0.8737631249516995
2023-03-15,COP,CVX,252,0.876238048812066
2023-03-16,COP,CVX,252,0.882326480797165
2023-03-17,COP,CVX,252,0.8825249509565753
2023-03-20,COP,CVX,252,0.8829088432702189
2023-03-21,COP,CVX,252,0.8837490544122439
2023-03-22,COP,CVX,252,0.8831595130268942
2023-03-23,COP,CVX,252,0.8832613418726512
2023-03-24,COP,CVX,252,0.8818777085524165
2023-03-27,COP,CVX,252,0.8819340383541185
2023-03-28,COP,CVX,252,0.8815844565042791
2023-03-29,COP,CVX,252,0.8815122040150645
2023-03-30,COP,CVX,252,0.8807097667195946
2023-03-31,COP,CVX,252,0.8805702482162459
2023-04-03,COP,CVX,252,0.8811417860520829
2023-04-04,COP,CVX,252,0.8809225591991392
2023-04-05,COP,CVX,252,0.880878960068812
2023-04-06,COP,CVX,252,0.8815233555413728
2023-04-10,COP,CVX,252,0.8820956554371134
2023-04-11,COP,CVX,252,0.8819221998313109
2023-04-12,COP,CVX,252,0.8816346951915989
2023-04-13,COP,CVX,252,0.8811451586338478
2023-04-14,COP,CVX,252,0.8807848184234569
2023-04-17,COP,CVX,252,0.8812921519121187
2023-04-18,COP,CVX,252,0.8816070375747452
2023-04-19,COP,CVX,252,0.8813865339094056
2023-04-20,COP,CVX,252,0.8811301675775118
2023-04-21,COP,CVX,252,0.8810226000951409
2023-04-24,COP,CVX,252,0.8808919369172837
2023-04-25,COP,CVX,252,0.8805147336985406
2023-04-26,COP,CVX,252,0.8803585788357611
2023-04-27,COP,CVX,252,0.880416036434922
2023-04-28,COP,CVX,252,0.8816495146824617
2023-05-01,COP,CVX,252,0.8801226194069616
2023-05-02,COP,CVX,252,0.8812024575658866
2023-05-03,COP,CVX,252,0.8828107486091752
2023-05-04,COP,CVX,252,0.8816440536001843
2023-05-05,COP,CVX,252,0.881055115498095
2023-05-08,COP,CVX,252,0.8807045512903827
2023-05-09,COP,CVX,252,0.8796021048045718
2023-05-10,COP,CVX,252,0.8729925593919382
2023-05-11,COP,CVX,252,0.8730084285279955
2023-05-12,COP,CVX,252,0.8728978257148607
2023-05-15,COP,CVX,252,0.8728563533818487
2023-05-16,COP,CVX,252,0.8726548419919454
2023-05-17,COP,CVX,252,0.8723797170949922
2023-05-18,COP,CVX,252,0.872374696079398
2023-05-19,COP,CVX,252,0.8720827738550433
2023-05-22,COP,CVX,252,0.868986585219276
2023-05-23,COP,CVX,252,0.8664581178154664
2023-05-24,COP,CVX,252,0.8654524734246913
2023-05-25,COP,CVX,252,0.8658650691505525
2023-05-26,COP,CVX,252,0.8656068606367429
2023-05-30,COP,CVX,252,0.8656698307276391
2023-05-31,COP,CVX,252,0.8658305333656804
2023-06-01,COP,CVX,252,0.8652328239680579
2023-06-02,COP,CVX,252,0.8663025932100158
2023-06-05,COP,CVX,252,0.866326622029743
2023-06-06,COP,CVX,252,0.8665804317544474
2023-06-07,COP,CVX,252,0.8672218719322581
2023-06-08,COP,CVX,252,0.8672577437689183
2023-06-09,COP,CVX,252,0.8677899765365665
2023-06-12,COP,CVX,252,0.867300505746544
2023-06-13,COP,CVX,252,0.8671243083652498
2023-06-14,COP,CVX,252,0.8657700995289908
2023-06-15,COP,CVX,252,0.8658968185455126
2023-06-16,COP,CVX,252,0.864861001030095
2023-06-20,COP,CVX,252,0.86164417081028
2023-06-21,COP,CVX,252,0.858553079349461
2023-06-22,COP,CVX,252,0.8560206724777615
2023-06-23,COP,CVX,252,0.8523822465175481
2023-06-26,COP,CVX,252,0.8496235989747626
2023-06-27,COP,CVX,252,0.8493525204182882
2023-06-28,COP,CVX,252,0.8489437404250788
2023-06-29,COP,CVX,252,0.8485465792580523
2023-06-30,COP,CVX,252,0.8479680565181332
2023-07-03,COP,CVX,252,0.8473835035772724
2023-07-05,COP,CVX,252,0.8471406965736743
2023-07-06,COP,CVX,252,0.8498212826678685
2023-07-07,COP,CVX,252,0.8489302822114655
2023-07-10,COP,CVX,252,0.848380221545487
2023-07-11,COP,CVX,252,0.8492318998319593
2023-07-12,COP,CVX,252,0.8492185380768494
2023-07-13,COP,CVX,252,0.8457151170221607
2023-07-14,COP,CVX,252,0.8469931862631247
2023-07-17,COP,CVX,252,0.8464677793140228
2023-07-18,COP,CVX,252,0.8451839505163535
2023-07-19,COP,CVX,252,0.8448957193002395
2023-07-20,COP,CVX,252,0.8432303722457466
2023-07-21,COP,CVX,252,0.8429049033614718
2023-07-24,COP,CVX,252,0.8431257225011572
2023-07-25,COP,CVX,252,0.8429316317965937
2023-07-26,COP,CVX,252,0.8403316086372735
2023-07-27,COP,CVX,252,0.8403073753236113
2023-07-28,COP,CVX,252,0.8398085194353871
2023-07-31,COP,CVX,252,0.83862000536556
2023-08-01,COP,CVX,252,0.8536170927367045
2023-08-02,COP,CVX,252,0.8531565277801597
2023-08-03,COP,CVX,252,0.8531374188495777
2023-08-04,COP,CVX,252,0.8515784365792417
2023-08-07,COP,CVX,252,0.8522580447742558
2023-08-08,COP,CVX,252,0.8513440644776
2023-08-09,COP,CVX,252,0.8516158717450153
2023-08-10,COP,CVX,252,0.8505153744763518
2023-08-11,COP,CVX,252,0.8506064949641241
2023-08-14,COP,CVX,252,0.8494071431170953
2023-08-15,COP,CVX,252,0.8495436010195994
2023-08-16,COP,CVX,252,0.8494251852612023
2023-08-17,COP,CVX,252,0.8498375765619003
2023-08-18,COP,CVX,252,0.8496427307098834
2023-08-21,COP,CVX,252,0.8490968013992115
2023-08-22,COP,CVX,252,0.8498610034759667
2023-08-23,COP,CVX,252,0.8499542842232817
2023-08-24,COP,CVX,252,0.8490751258339764
2023-08-25,COP,CVX,252,0.8492222576222453
2023-08-28,COP,CVX,252,0.8491304736993807
2023-08-29,COP,CVX,252,0.849438162414038
2023-08-30,COP,CVX,252,0.8491691928457817
2023-08-31,COP,CVX,252,0.8481383034103847
2023-09-01,COP,CVX,252,0.8491584027965322
2023-09-05,COP,CVX,252,0.8482938231461428
2023-09-06,COP,CVX,252,0.8478018100646383
2023-09-07,COP,CVX,252,0.8474986572468324
2023-09-08,COP,CVX,252,0.8470826760228989
2023-09-11,COP,CVX,252,0.8475804999051371
2023-09-12,COP,CVX,252,0.8468074798504946
2023-09-13,COP,CVX,252,0.8462906529498215
2023-09-14,COP,CVX,252,0.8456996691407497
2023-09-15,COP,CVX,252,0.8446403436847696
2023-09-18,COP,CVX,252,0.8441576459247981
2023-09-19,COP,CVX,252,0.8433888343631913
2023-09-20,COP,CVX,252,0.8430956043425661
2023-09-21,COP,CVX,252,0.8432455768383226
2023-09-22,COP,CVX,252,0.8428935689183287
2023-09-25,COP,CVX,252,0.8434683532572195
2023-09-26,COP,CVX,252,0.8315954498524127
2023-09-27,COP,CVX,252,0.8335821247030083
2023-09-28,COP,CVX,252,0.8336968673412833
2023-09-29,COP,CVX,252,0.8308738554166585
2023-10-02,COP,CVX,252,0.832468670342622
2023-10-03,COP,CVX,252,0.8322577467086243
2023-10-04,COP,CVX,252,0.8256808592090423
2023-10-05,COP,CVX,252,0.8211401480830246
2023-10-06,COP,CVX,252,0.8169291037395469
2023-10-09,COP,CVX,252,0.8188862950810822
2023-10-10,COP,CVX,252,0.8201092801137446
2023-10-11,COP,CVX,252,0.8131341689715348
2023-10-12,COP,CVX,252,0.8133600723783229
2023-10-13,COP,CVX,252,0.8143897612777342
2023-10-16,COP,CVX,252,0.8083462768979497
2023-10-17,COP,CVX,252,0.8039617226649676
2023-10-18,COP,CVX,252,0.8042353673275591
2023-10-19,COP,CVX,252,0.8052968400208836
2023-10-20,COP,CVX,252,0.8048256815469182
2023-10-23,COP,CVX,252,0.8037238765483435
2023-10-24,COP,CVX,252,0.8016061597364712
2023-10-25,COP,CVX,252,0.8012545676047723
2023-10-26,COP,CVX,252,0.8038960800583563
2023-10-27,COP,CVX,252,0.7741134684513173
2023-10-30,COP,CVX,252,0.7736681518695978
2023-10-31,COP,CVX,252,0.7737532682209759
2023-11-01,COP,CVX,252,0.7754456279038141
2023-11-02,COP,CVX,252,0.7794698060184195
2023-11-03,COP,CVX,252,0.7799079667218232
2023-11-06,COP,CVX,252,0.7827286792189327
2023-11-07,COP,CVX,252,0.7874319835961978
2023-11-08,COP,CVX,252,0.7865956370306644
2023-11-09,COP,CVX,252,0.786627396712445
2023-11-10,COP,CVX,252,0.7803839087626485
2023-11-13,COP,CVX,252,0.7786187218722891
2023-11-14,COP,CVX,252,0.775341157731924
2023-11-15,COP,CVX,252,0.7749968397337446
2023-11-16,COP,CVX,252,0.7757698469739608
2023-11-17,COP,CVX,252,0.7766443704130974
2023-11-20,COP,CVX,252,0.7767683505509807
2023-11-21,COP,CVX,252,0.777209052670815
2023-11-22,COP,CVX,252,0.7771148328727729
2023-11-24,COP,CVX,252,0.7743374392181469
2023-11-27,COP,CVX,252,0.7747038382488695
2023-11-28,COP,CVX,252,0.7744505472248815
2023-11-29,COP,CVX,252,0.773154768343388
2023-11-30,COP,CVX,252,0.7729374693968443
2023-12-01,COP,CVX,252,0.7744325272986424
2023-12-04,COP,CVX,252,0.7741269527925423
2023-12-05,COP,CVX,252,0.7744070981467067
2023-12-06,COP,CVX,252,0.7709393106619225
2023-12-07,COP,CVX,252,0.7681946830312245
2023-12-08,COP,CVX,252,0.7691097783197457
2023-12-11,COP,CVX,252,0.7730949051167402
2023-12-12,COP,CVX,252,0.7721570425888428
2023-12-13,COP,CVX,252,0.7712863759035383
2023-12-14,COP,CVX,252,0.7728100186797633
2023-12-15,COP,CVX,252,0.7727895620789363
2023-12-18,COP,CVX,252,0.7728943042579876
2023-12-19,COP,CVX,252,0.7726203266538926
2023-12-20,COP,CVX,252,0.7722826152890567
2023-12-21,COP,CVX,252,0.7711717373245981
2023-12-22,COP,CVX,252,0.7711121970256708
2023-12-26,COP,CVX,252,0.7705830534124372
2023-12-27,COP,CVX,252,0.7662330721908006
2023-12-28,COP,CVX,252,0.7665902579123156
2023-12-29,COP,CVX,252,0.7656791171142687
2024-01-02,COP,CVX,252,0.7651187126123734
2024-01-03,COP,CVX,252,0.7661327560848249
2024-01-04,COP,CVX,252,0.761426852139465
2024-01-05,COP,CVX,252,0.7624527680208378
2024-01-08,COP,CVX,252,0.7605106488169587
2024-01-09,COP,CVX,252,0.7604081386945363
2024-01-10,COP,CVX,252,0.7605204719941354
2024-01-11,COP,CVX,252,0.7599881981081644
2024-01-12,COP,CVX,252,0.75996956366616
2024-01-16,COP,CVX,252,0.7617191216736429
2024-01-17,COP,CVX,252,0.7617789361502051
2024-01-18,COP,CVX,252,0.7669473748274794
2024-01-19,COP,CVX,252,0.7663914550279937
2024-01-22,COP,CVX,252,0.7661141776956998
2024-01-23,COP,CVX,252,0.7654396654520914
2024-01-24,COP,CVX,252,0.76691227533833
2024-01-25,COP,CVX,252,0.7692545884649709
2024-01-26,COP,CVX,252,0.7724499212697336
2024-01-29,COP,CVX,252,0.7691500517123994
2024-01-30,COP,CVX,252,0.778909842250462
2024-01-31,COP,CVX,252,0.7781734328443365
2024-02-01,COP,CVX,252,0.7784548399634769
2024-02-02,COP,CVX,252,0.7677058103642862
2024-02-05,COP,CVX,252,0.7722528072358589
2024-02-06,COP,CVX,252,0.7772054590475476
2024-02-07,COP,CVX,252,0.7771619249332147
2024-02-08,COP,CVX,252,0.7742232100376808
2024-02-09,COP,CVX,252,0.7766407508644323
2024-02-12,COP,CVX,252,0.775931008415467
2024-02-13,COP,CVX,252,0.7748318825202355
2024-02-14,COP,CVX,252,0.7754298471228876
2024-02-15,COP,CVX,252,0.7735103114505927
2024-02-16,COP,CVX,252,0.7727729659650291
2024-02-20,COP,CVX,252,0.77202502416521
2024-02-21,COP,CVX,252,0.7686917755841735
2024-02-22,COP,CVX,252,0.7723159195499248
2024-02-23,COP,CVX,252,0.7725470141629202
2024-02-26,COP,CVX,252,0.7715464704138031
2024-02-27,COP,CVX,252,0.7716277107585273
2024-02-28,COP,CVX,252,0.7715974782308301
2024-02-29,COP,CVX,252,0.7706126537460516
2024-03-01,COP,CVX,252,0.7714385216612957
2024-03-04,COP,CVX,252,0.7745679430395043
2024-03-05,COP,CVX,252,0.775050671935805
2024-03-06,COP,CVX,252,0.7730919920492386
2024-03-07,COP,CVX,252,0.772402062130187
2024-03-08,COP,CVX,252,0.7723483762407887
2024-03-11,COP,CVX,252,0.7726631624125054
2024-03-12,COP,CVX,252,0.7728450294067897
2024-03-13,COP,CVX,252,0.7774254999698578
2024-03-14,COP,CVX,252,0.7783095141641013
2024-03-15,COP,CVX,252,0.7676861510173222
2024-03-18,COP,CVX,252,0.7678639671323179
2024-03-19,COP,CVX,252,0.7672467240986923
2024-03-20,COP,CVX,252,0.7651605397367677
2024-03-21,COP,CVX,252,0.7600155948633671
2024-03-22,COP,CVX,252,0.7591666506142053
2024-03-25,COP,CVX,252,0.7592356071579868
2024-03-26,COP,CVX,252,0.7628596172258023
2024-03-27,COP,CVX,252,0.7625308618320712
2024-03-28,COP,CVX,252,0.7618340913988862
2024-04-01,COP,CVX,252,0.7618930842046137
2024-04-02,COP,CVX,252,0.763716029024469
2024-04-03,COP,CVX,252,0.7641549532336688
2024-04-04,COP,CVX,252,0.7586745049001127
2024-04-05,COP,CVX,252,0.7597732694472217
2024-04-08,COP,CVX,252,0.7595550292367447
2024-04-09,COP,CVX,252,0.758144215514488
2024-04-10,COP,CVX,252,0.7587462723197153
2024-04-11,COP,CVX,252,0.7583914623886003
2024-04-12,COP,CVX,252,0.7593285058751624
2024-04-15,COP,CVX,252,0.7588082263355398
2024-04-16,COP,CVX,252,0.7595737173881894
2024-04-17,COP,CVX,252,0.759844448525342
2024-04-18,COP,CVX,252,0.7584594082415697
2024-04-19,COP,CVX,252,0.759104693605047
2024-04-22,COP,CVX,252,0.757858875376103
2024-04-23,COP,CVX,252,0.7584206311796473
2024-04-24,COP,CVX,252,0.7567208260008195
2024-04-25,COP,CVX,252,0.7555362570571605
2024-04-26,COP,CVX,252,0.75386196756772
2024-04-29,COP,CVX,252,0.753538627299215
2024-04-30,COP,CVX,252,0.7587158535607141
2024-05-01,COP,CVX,252,0.7592378590274558
2024-05-02,COP,CVX,252,0.7453900073792259
2024-05-03,COP,CVX,252,0.7424664653371222
2024-05-06,COP,CVX,252,0.7453313801256283
2024-05-07,COP,CVX,252,0.7411609803772089
2024-05-08,COP,CVX,252,0.7417780086389691
2024-05-09,COP,CVX,252,0.7403970058996672
2024-05-10,COP,CVX,252,0.7391791441942291
2024-05-13,COP,CVX,252,0.7389057661309456
2024-05-14,COP,CVX,252,0.7396285223229084
2024-05-15,COP,CVX,252,0.7400819547955815
2024-05-16,COP,CVX,252,0.7367737696562672
2024-05-17,COP,CVX,252,0.736194264308522
2024-05-20,COP,CVX,252,0.736572509294568
2024-05-21,COP,CVX,252,0.7365728382262028
2024-05-22,COP,CVX,252,0.7463265004277556
2024-05-23,COP,CVX,252,0.7504110681220392
2024-05-24,COP,CVX,252,0.7500794254794154
2024-05-28,COP,CVX,252,0.7483036795616246
2024-05-29,COP,CVX,252,0.7487403190035298
2024-05-30,COP,CVX,252,0.7432243820339054
2024-05-31,COP,CVX,252,0.7447620536461718
2024-06-03,COP,CVX,252,0.7485182423377795
2024-06-04,COP,CVX,252,0.7450269806387845
2024-06-05,COP,CVX,252,0.7445941374366383
2024-06-06,COP,CVX,252,0.7442775751518745
2024-06-07,COP,CVX,252,0.7401830543227287
2024-06-10,COP,CVX,252,0.7400697927031196
2024-06-11,COP,CVX,252,0.7399275530926309
2024-06-12,COP,CVX,252,0.7403817538558132
2024-06-13,COP,CVX,252,0.7408191738906309
2024-06-14,COP,CVX,252,0.7395165497481031
2024-06-17,COP,CVX,252,0.7390808642193716
2024-06-18,COP,CVX,252,0.7408223445790617
2024-06-20,COP,CVX,252,0.738842517172666
2024-06-21,COP,CVX,252,0.7379037364675444
2024-06-24,COP,CVX,252,0.7409800530401165
2024-06-25,COP,CVX,252,0.7404070544147818
2024-06-26,COP,CVX,252,0.7402372533360779
2024-06-27,COP,CVX,252,0.7401899405025694
2024-06-28,COP,CVX,252,0.7396499003973779
2024-07-01,COP,CVX,252,0.7395404800700212
2024-07-02,COP,CVX,252,0.7392569338590164
2024-07-03,COP,CVX,252,0.7393697843826049
2024-07-05,COP,CVX,252,0.7411588822369843
2024-07-08,COP,CVX,252,0.7373793965239568
2024-07-09,COP,CVX,252,0.7391928272376503
2024-07-10,COP,CVX,252,0.7397485352234565
2024-07-11,COP,CVX,252,0.7362022379678499
2024-07-12,COP,CVX,252,0.7346777233055114
2024-07-15,COP,CVX,252,0.7418648760349941
2024-07-16,COP,CVX,252,0.7365425587881511
2024-07-17,COP,CVX,252,0.7357124338637526
2024-07-18,COP,CVX,252,0.7386734485187652
2024-07-19,COP,CVX,252,0.7406370613121317
2024-07-22,COP,CVX,252,0.7413588134332817
2024-07-23,COP,CVX,252,0.7418073659131728
2024-07-24,COP,CVX,252,0.7400021797734646
2024-07-25,COP,CVX,252,0.737636535779998
2024-07-26,COP,CVX,252,0.7393376002235036
2024-07-29,COP,CVX,252,0.7391234085662411
2024-07-30,COP,CVX,252,0.7391294110088177
2024-07-31,COP,CVX,252,0.7384810139047929
2024-08-01,COP,CVX,252,0.74033454503145
2024-08-02,COP,CVX,252,0.7426792186666046
2024-08-05,COP,CVX,252,0.7424785092026046
2024-08-06,COP,CVX,252,0.7384371090811467
2024-08-07,COP,CVX,252,0.7358242499182933
2024-08-08,COP,CVX,252,0.7379304769471194
2024-08-09,COP,CVX,252,0.7382121988276258
2024-08-12,COP,CVX,252,0.7364169380953157
2024-08-13,COP,CVX,252,0.7342727717338086
2024-08-14,COP,CVX,252,0.7342766940900064
2024-08-15,COP,CVX,252,0.7354183964892582
2024-08-16,COP,CVX,252,0.7352288861938955
2024-08-19,COP,CVX,252,0.733577234441493
2024-08-20,COP,CVX,252,0.7348763882961793
2024-08-21,COP,CVX,252,0.7345086474427114
2024-08-22,COP,CVX,252,0.7341356972359551
2024-08-23,COP,CVX,252,0.7353287434369012
2024-08-26,COP,CVX,252,0.7342841015191593
2024-08-27,COP,CVX,252,0.7346117432744724
2024-08-28,COP,CVX,252,0.7342221637952437
2024-08-29,COP,CVX,252,0.7347575687681399
2024-08-30,COP,CVX,252,0.7343385597199146
2024-09-03,COP,CVX,252,0.7378484234563494
2024-09-04,COP,CVX,252,0.7358108807756019
2024-09-05,COP,CVX,252,0.7362695941434299
2024-09-06,COP,CVX,252,0.7373501361946274
2024-09-09,COP,CVX,252,0.7358228743119946
2024-09-10,COP,CVX,252,0.7370136171869904
2024-09-11,COP,CVX,252,0.7341008504719183
2024-09-12,COP,CVX,252,0.7314971223292674
2024-09-13,COP,CVX,252,0.7316689725396501
2024-09-16,COP,CVX,252,0.7326674399370923
2024-09-17,COP,CVX,252,0.7321109493593366
2024-09-18,COP,CVX,252,0.7320308183051016
2024-09-19,COP,CVX,252,0.7329399981208256
2024-09-20,COP,CVX,252,0.7328696186037538
2024-09-23,COP,CVX,252,0.7306309362098294
2024-09-24,COP,CVX,252,0.7305677401872133
2024-09-25,COP,CVX,252,0.7330423684973693
2024-09-26,COP,CVX,252,0.7328460733093218
2024-09-27,COP,CVX,252,0.7334598939485308
2024-09-30,COP,CVX,252,0.7334399152613787
2024-10-01,COP,CVX,252,0.7334006022748372
2024-10-02,COP,CVX,252,0.7329895540788375
2024-10-03,COP,CVX,252,0.7312195565024608
2024-10-04,COP,CVX,252,0.7232944675186841
2024-10-07,COP,CVX,252,0.7234731606821703
2024-10-08,COP,CVX,252,0.7307503227848116
2024-10-09,COP,CVX,252,0.7267722925959151
2024-10-10,COP,CVX,252,0.7279388690241382
2024-10-11,COP,CVX,252,0.7324679990042147
2024-10-14,COP,CVX,252,0.7317560943788565
2024-10-15,COP,CVX,252,0.7351047004861043
2024-10-16,COP,CVX,252,0.7346578032757952
2024-10-17,COP,CVX,252,0.7362335255919952
2024-10-18,COP,CVX,252,0.7358341029455322
2024-10-21,COP,CVX,252,0.7354623096558479
2024-10-22,COP,CVX,252,0.7341728991507878
2024-10-23,COP,CVX,252,0.7318472342358286
2024-10-24,COP,CVX,252,0.7321430796032333
2024-10-25,COP,CVX,252,0.7330477374848509
2024-10-28,COP,CVX,252,0.7323000213083255
2024-10-29,COP,CVX,252,0.7748496534705006
2024-10-30,COP,CVX,252,0.7743756475544689
2024-10-31,COP,CVX,252,0.7516893742803907
2024-11-01,COP,CVX,252,0.7304035305915886
2024-11-04,COP,CVX,252,0.7214669787551335
2024-11-05,COP,CVX,252,0.7204694327023625
2024-11-06,COP,CVX,252,0.7271796662737499
2024-11-07,COP,CVX,252,0.7245377039855201
2024-11-08,COP,CVX,252,0.7246102455946656
2024-11-11,COP,CVX,252,0.7240048791192968
2024-11-12,COP,CVX,252,0.7242714505994181
2024-11-13,COP,CVX,252,0.7243101855219681
2024-11-14,COP,CVX,252,0.7246731266266297
2024-11-15,COP,CVX,252,0.7252939574150556
2024-11-18,COP,CVX,252,0.7229656130195651
2024-11-19,COP,CVX,252,0.7204299818923658
2024-11-20,COP,CVX,252,0.7206041926173085
2024-11-21,COP,CVX,252,0.7187551985079612
2024-11-22,COP,CVX,252,0.7186338236491934
2024-11-25,COP,CVX,252,0.7133627640233602
2024-11-26,COP,CVX,252,0.7132359610390167
2024-11-27,COP,CVX,252,0.7127050407000649
2024-11-29,COP,CVX,252,0.7112470624518447
2024-12-02,COP,CVX,252,0.7102020640439979
2024-12-03,COP,CVX,252,0.7113307408851659
2024-12-04,COP,CVX,252,0.7151821144334317
2024-12-05,COP,CVX,252,0.7145442530526318
2024-12-06,COP,CVX,252,0.7161295368130322
2024-12-09,COP,CVX,252,0.714963496573096
2024-12-10,COP,CVX,252,0.7138917680055665
2024-12-11,COP,CVX,252,0.7137739360567649
2024-12-12,COP,CVX,252,0.7140179736188017
2024-12-13,COP,CVX,252,0.7134038969445323
2024-12-16,COP,CVX,252,0.7078162545335013
2024-12-17,COP,CVX,252,0.7084491171573138
2024-12-18,COP,CVX,252,0.7124611073378369
2024-12-19,COP,CVX,252,0.7098970318494555
2024-12-20,COP,CVX,252,0.7098701186748118
2024-12-23,COP,CVX,252,0.7087866825184943
2024-12-24,COP,CVX,252,0.7091736088357037
2024-12-26,COP,CVX,252,0.7083906776017492
2024-12-27,COP,CVX,252,0.7083056086541109
2024-12-30,COP,CVX,252,0.7059449675759366
2024-12-31,COP,CVX,252,0.7073102048118695
2025-01-02,COP,CVX,252,0.7086151362760963
2025-01-03,COP,CVX,252,0.7065915215137933
2025-01-06,COP,CVX,252,0.7062253607219345
2025-01-07,COP,CVX,252,0.7081173397072069
2025-01-08,COP,CVX,252,0.7078986443443894
2025-01-10,COP,CVX,252,0.7049375943691727
2025-01-13,COP,CVX,252,0.706087702057897
2025-01-14,COP,CVX,252,0.7067647493243531
2025-01-15,COP,CVX,252,0.7069687746580953
2025-01-16,COP,CVX,252,0.7019487726286877
2025-01-17,COP,CVX,252,0.700907017626264
2025-01-21,COP,CVX,252,0.7022924426746409
2025-01-22,COP,CVX,252,0.7033659544740548
2025-01-23,COP,CVX,252,0.7020207398476859
2025-01-24,COP,CVX,252,0.7003030867668768
2025-01-27,COP,CVX,252,0.6990512326064157
2025-01-28,COP,CVX,252,0.6960771167068265
2025-01-29,COP,CVX,252,0.6957220053400384
2025-01-30,COP,CVX,252,0.6956365517497175
2025-01-31,COP,CVX,252,0.6989956714110148
2025-02-03,COP,CVX,252,0.6964756061951032
2025-02-04,COP,CVX,252,0.7003295463497693
2025-02-05,COP,CVX,252,0.7126337792204184
2025-02-06,COP,CVX,252,0.712787887838627
2025-02-07,COP,CVX,252,0.710671247796665
2025-02-10,COP,CVX,252,0.7120298533742467
2025-02-11,COP,CVX,252,0.7116052750661679
2025-02-12,COP,CVX,252,0.7106677202362749
2025-02-13,COP,CVX,252,0.7071153742502335
2025-02-14,COP,CVX,252,0.7061257666474109
2025-02-18,COP,CVX,252,0.706155274704384
2025-02-19,COP,CVX,252,0.7059951693071902
2025-02-20,COP,CVX,252,0.7065761905476855
2025-02-21,COP,CVX,252,0.705130451100097
2025-02-24,COP,CVX,252,0.7061807370217246
2025-02-25,COP,CVX,252,0.7072060351266369
2025-02-26,COP,CVX,252,0.707525159595343
2025-02-27,COP,CVX,252,0.7091685787799207
2025-02-28,COP,CVX,252,0.7107004950401952
2025-03-03,COP,CVX,252,0.7219100421795432
2025-03-04,COP,CVX,252,0.7223817793675757
2025-03-05,COP,CVX,252,0.7228551612949395
2025-03-06,COP,CVX,252,0.717478777028109
2025-03-07,COP,CVX,252,0.7209701233739473
2025-03-10,COP,CVX,252,0.7229557247123893
2025-03-11,COP,CVX,252,0.7004345436876863
2025-03-12,COP,CVX,252,0.6911561344393004
2025-03-13,COP,CVX,252,0.6857910584857927
2025-03-14,COP,CVX,252,0.6897940483451467
2025-03-17,COP,CVX,252,0.6881225160640709
2025-03-18,COP,CVX,252,0.6877990760061832
2025-03-19,COP,CVX,252,0.6875892215851451
2025-03-20,COP,CVX,252,0.6877999432192462
2025-03-21,COP,CVX,252,0.6872651688627593
2025-03-24,COP,CVX,252,0.6888217452191686
2025-03-25,COP,CVX,252,0.6895830086074185
2025-03-26,COP,CVX,252,0.6897493893284454
2025-03-27,COP,CVX,252,0.6886511717702654
2025-03-28,COP,CVX,252,0.6891178427151162
2025-03-31,COP,CVX,252,0.6880860470960939
2025-04-01,COP,CVX,252,0.6881682120859179
2025-04-02,COP,CVX,252,0.6839900504506489
2025-04-03,COP,CVX,252,0.7199479741671329
2025-04-04,COP,CVX,252,0.7559114978913458
2025-04-07,COP,CVX,252,0.7541688776175296
2025-04-08,COP,CVX,252,0.7568792441130066
2025-04-09,COP,CVX,252,0.7776480236652917
2025-04-10,COP,CVX,252,0.7979892129298127
2025-04-11,COP,CVX,252,0.7945657912789273
2025-04-14,COP,CVX,252,0.7947386161074623
2025-04-15,COP,CVX,252,0.7948036581609422
2025-04-16,COP,CVX,252,0.7949217510884566
2025-04-17,COP,CVX,252,0.7962868596099063
2025-04-21,COP,CVX,252,0.7956070709736254
2025-04-22,COP,CVX,252,0.7978176081687556
2025-04-23,COP,CVX,252,0.7971447545899744
2025-04-24,COP,CVX,252,0.7989369343794388
2025-04-25,COP,CVX,252,0.7988509835393253
2025-04-28,COP,CVX,252,0.7995804504609191
2025-04-29,COP,CVX,252,0.7996133106459281
2025-04-30,COP,CVX,252,0.8012632559371635
2025-05-01,COP,CVX,252,0.8004412824534742
2025-05-02,COP,CVX,252,0.7977628209075576
2025-05-05,COP,CVX,252,0.7990544969894672
2025-05-06,COP,CVX,252,0.8017442119893757
2025-05-07,COP,CVX,252,0.801828059459741
2025-05-08,COP,CVX,252,0.8018586836649932
2025-05-09,COP,CVX,252,0.8009169621401003
2025-05-12,COP,CVX,252,0.8026337736059592
2025-05-13,COP,CVX,252,0.8034707224761639
2025-05-14,COP,CVX,252,0.8034038733776421
2025-05-15,COP,CVX,252,0.8036640463021272
2025-05-16,COP,CVX,252,0.8036130804802515
2025-05-19,COP,CVX,252,0.8039281075986604
2025-05-20,COP,CVX,252,0.8040494497548808
2025-05-21,COP,CVX,252,0.8039363374474167
2025-05-22,COP,CVX,252,0.803714499080562
2025-05-23,COP,CVX,252,0.8017447057898995
2025-05-27,COP,CVX,252,0.8010750079058032
2025-05-28,COP,CVX,252,0.8012102685290482
2025-05-29,COP,CVX,252,0.8019066919332831
2025-05-30,COP,CVX,252,0.801391927031413
2025-06-02,COP,CVX,252,0.8013391850445104
2025-06-03,COP,CVX,252,0.804423664761601
2025-06-04,COP,CVX,252,0.8037935337175485
2025-06-05,COP,CVX,252,0.8033928885672665
2025-06-06,COP,CVX,252,0.8041679123297134
2025-06-09,COP,CVX,252,0.8045498660172564
2025-06-10,COP,CVX,252,0.8057899879907382
2025-06-11,COP,CVX,252,0.8059348854324825
2025-06-12,COP,CVX,252,0.8053970825224219
2025-06-13,COP,CVX,252,0.8049928888989443
2025-06-16,COP,CVX,252,0.8030907619785554
2025-06-17,COP,CVX,252,0.8017539097132027
2025-06-18,COP,CVX,252,0.8018156050600908
2025-06-20,COP,CVX,252,0.8020370934184128
2025-06-23,COP,CVX,252,0.803180073298344
2025-06-24,COP,CVX,252,0.8038787271672059
2025-06-25,COP,CVX,252,0.8044378877608568
2025-06-26,COP,CVX,252,0.8024043267352687
2025-06-27,COP,CVX,252,0.8025914136492718
2025-06-30,COP,CVX,252,0.8025377755014071
2025-07-01,COP,CVX,252,0.8034614528963112
2025-07-02,COP,CVX,252,0.8044278382950116
2025-07-03,COP,CVX,252,0.8039524637560751
2025-07-07,COP,CVX,252,0.8041422039323802
2025-07-08,COP,CVX,252,0.8064616994693079
2025-07-09,COP,CVX,252,0.80545307698388
2025-07-10,COP,CVX,252,0.8056259436993726
2025-07-11,COP,CVX,252,0.8053827709378116
2025-07-14,COP,CVX,252,0.8048843271438011
2025-07-15,COP,CVX,252,0.8054156499365706
2025-07-16,COP,CVX,252,0.8058382927068202
2025-07-17,COP,CVX,252,0.805864730906662
2025-07-18,COP,CVX,252,0.806373621460635
2025-07-21,COP,CVX,252,0.8073957458319256
2025-07-22,COP,CVX,252,0.8061930525992691
2025-07-23,COP,CVX,252,0.8064821810536145
2025-07-24,COP,CVX,252,0.8052623949032437
2025-07-25,COP,CVX,252,0.8053060134621028
2025-07-28,COP,CVX,252,0.8054565512816954
2025-07-29,COP,CVX,252,0.807048179864327
2025-07-30,COP,CVX,252,0.806786986741562
2025-07-31,COP,CVX,252,0.8069388534106561
2025-08-01,COP,CVX,252,0.805588152414195
2025-08-04,COP,CVX,252,0.8054267798880964
2025-08-05,COP,CVX,252,0.8083462550088647
2025-08-06,COP,CVX,252,0.8074268947059638
2025-08-07,COP,CVX,252,0.808789801998578
2025-08-08,COP,CVX,252,0.8118746929039696
2025-08-11,COP,CVX,252,0.8130529691283594
2025-08-12,COP,CVX,252,0.8128996294336412
2025-08-13,COP,CVX,252,0.8131352581192817
2025-08-14,COP,CVX,252,0.8146293077948755
2025-08-15,COP,CVX,252,0.8137562977770316
2025-08-18,COP,CVX,252,0.813760856903222
2025-08-19,COP,CVX,252,0.8126831479780164
2025-08-20,COP,CVX,252,0.8129299877252277
2025-08-21,COP,CVX,252,0.8113829820074936
2025-08-22,COP,CVX,252,0.8116518681805905
2025-08-25,COP,CVX,252,0.8109964479114931
2025-08-26,COP,CVX,252,0.8110860342676249
2025-08-27,COP,CVX,252,0.8108483330246704
2025-08-28,COP,CVX,252,0.8110100403056133
2025-08-29,COP,CVX,252,0.8108962403094602
2025-09-02,COP,CVX,252,0.8107787134013845
2025-09-03,COP,CVX,252,0.8124838683229147
2025-09-04,COP,CVX,252,0.8117908645198216
2025-09-05,COP,CVX,252,0.8116420089588157
2025-09-08,COP,CVX,252,0.8105641948238994
2025-09-09,COP,CVX,252,0.8104460880649782
2025-09-10,COP,CVX,252,0.8114355758380732
2025-09-11,COP,CVX,252,0.8128150577551655
2025-09-12,COP,CVX,252,0.8125758256729836
2025-09-15,COP,CVX,252,0.8127622048632744
2025-09-16,COP,CVX,252,0.8135552839773672
2025-09-17,COP,CVX,252,0.8131063779275708
2025-09-18,COP,CVX,252,0.8126417240612991
2025-09-19,COP,CVX,252,0.8132987780317997
2025-09-22,COP,CVX,252,0.8132250555484266
2025-09-23,COP,CVX,252,0.8134592956001386
2025-09-24,COP,CVX,252,0.8142420067986814
2025-09-25,COP,CVX,252,0.8156494693776061
2025-09-26,COP,CVX,252,0.8137351527967022
2025-09-29,COP,CVX,252,0.8134761642871347
2025-09-30,COP,CVX,252,0.8131119006805917
2025-10-01,COP,CVX,252,0.8111061962601747
2025-10-02,COP,CVX,252,0.8113594691174556
2025-10-03,COP,CVX,252,0.8107541145374703
2025-10-06,COP,CVX,252,0.8105660989777601
2025-10-07,COP,CVX,252,0.8114859694881832
2025-10-08,COP,CVX,252,0.8139532678377931
2025-10-09,COP,CVX,252,0.8145266051204414
2025-10-10,COP,CVX,252,0.814031797420522
2025-10-13,COP,CVX,252,0.8140671168532018
2025-10-14,COP,CVX,252,0.813566654889598
2025-10-15,COP,CVX,252,0.8149198637846903
2025-10-16,COP,CVX,252,0.8153986151009319
2025-10-17,COP,CVX,252,0.8120221726698104
2025-10-20,COP,CVX,252,0.8123529267140613
2025-10-21,COP,CVX,252,0.812577720579716
2025-10-22,COP,CVX,252,0.8128236277234828
2025-10-23,COP,CVX,252,0.811608620372989
2025-10-24,COP,CVX,252,0.8113229070580728
2025-10-27,COP,CVX,252,0.8108344095100372
2025-10-28,COP,CVX,252,0.8108114788842372
2025-10-29,COP,CVX,252,0.8108302290982853
2025-10-30,COP,CVX,252,0.810180723177161
2025-10-31,COP,CVX,252,0.8080686147137834
2025-11-03,COP,CVX,252,0.8056349342488173
2025-11-04,COP,CVX,252,0.8161879243610934
2025-11-05,COP,CVX,252,0.8271390695375418
2025-11-06,COP,CVX,252,0.8246318309283579
2025-11-07,COP,CVX,252,0.8253330156476546
2025-11-10,COP,CVX,252,0.8226350512925915
2025-11-11,COP,CVX,252,0.8206991076901394
2025-11-12,COP,CVX,252,0.8211561048747265
2025-11-13,COP,CVX,252,0.8208077104194842
2025-11-14,COP,CVX,252,0.8211334899205895
2025-11-17,COP,CVX,252,0.8224391273421696
2025-11-18,COP,CVX,252,0.8227612246945192
2025-11-19,COP,CVX,252,0.8232319723036597
2025-11-20,COP,CVX,252,0.8230583325550702
2025-11-21,COP,CVX,252,0.8230378862659044
2025-11-24,COP,CVX,252,0.8232757337575864
2025-11-25,COP,CVX,252,0.8243683163705102
2025-11-26,COP,CVX,252,0.8246024056094005
2025-11-28,COP,CVX,252,0.8281147990684223
2025-12-01,COP,CVX,252,0.8286258055197597
2025-12-02,COP,CVX,252,0.8289571506332082
2025-12-03,COP,CVX,252,0.8289351420587774
2025-12-04,COP,CVX,252,0.830765260552993
2025-12-05,COP,CVX,252,0.8279626423157861
2025-12-08,COP,CVX,252,0.8270930363785404
2025-12-09,COP,CVX,252,0.8267051135952767
2025-12-10,COP,CVX,252,0.8292624465968361
2025-12-11,COP,CVX,252,0.8301669739375278
2025-12-12,COP,CVX,252,0.8303490818453129
2025-12-15,COP,CVX,252,0.8300570891780976
2025-12-16,COP,CVX,252,0.8310199066106969
2025-12-17,COP,CVX,252,0.8315835954056547
2025-12-18,COP,CVX,252,0.8335062578401976
2025-12-19,COP,CVX,252,0.8332467270625746
2025-12-22,COP,CVX,252,0.8328898213157649
2025-12-23,COP,CVX,252,0.8337420194586389
2025-12-24,COP,CVX,252,0.8344578722011344
2025-12-26,COP,CVX,252,0.835021743164887
2025-12-29,COP,CVX,252,0.8350364563514538
2025-12-30,COP,CVX,252,0.8352706023178479
2025-12-31,COP,CVX,252,0.8351567609707382
2026-01-02,COP,CVX,252,0.8370556079322924
2026-01-05,COP,CVX,252,0.8326479228896425
2026-01-06,COP,CVX,252,0.8284881376435681
2026-01-07,COP,CVX,252,0.8273816182826758
2026-01-08,COP,CVX,252,0.8290238551103721
2026-01-09,COP,CVX,252,0.8237245079600763
2026-01-12,COP,CVX,252,0.8221607597033744
2026-01-13,COP,CVX,252,0.8238459911753815
2026-01-14,COP,CVX,252,0.8243161252018293
2026-01-15,COP,CVX,252,0.8244722163688518
2026-01-16,COP,CVX,252,0.8242945132197993
2026-01-20,COP,CVX,252,0.8235730649797139
2026-01-21,COP,CVX,252,0.8244371668602349
2026-01-22,COP,CVX,252,0.8244549618343888
2026-01-23,COP,CVX,252,0.8234780850705702
2026-01-26,COP,CVX,252,0.8240517849073038
2026-01-27,COP,CVX,252,0.8251526501021843
2026-01-28,COP,CVX,252,0.8249694706479793
2026-01-29,COP,CVX,252,0.8249522424810705
2026-01-30,COP,CVX,252,0.8228166303944318
2026-02-02,COP,CVX,252,0.8237390579853706
2026-02-03,COP,CVX,252,0.8276780310949748
2026-02-04,COP,CVX,252,0.8285375964416948
2026-02-05,COP,CVX,252,0.8285421676350359
2026-02-06,COP,CVX,252,0.8283572605883814
2026-02-09,COP,CVX,252,0.8286636654930044
2026-02-10,COP,CVX,252,0.8302253604521734
2026-02-11,COP,CVX,252,0.8317319145078779
2026-02-12,COP,CVX,252,0.8298780220831512
2026-02-13,COP,CVX,252,0.8290924197855821
2026-02-17,COP,CVX,252,0.8309860229705798
2026-02-18,COP,CVX,252,0.8319594667651634
2026-02-19,COP,CVX,252,0.8319949672786547
2026-02-20,COP,CVX,252,0.8323619928946564
2026-02-23,COP,CVX,252,0.8317622276271671
2026-02-24,COP,CVX,252,0.832610943268194
2026-02-25,COP,CVX,252,0.8325588781440207
2026-02-26,COP,CVX,252,0.832076540345595
2026-02-27,COP,CVX,252,0.8323982136850063
2026-03-02,COP,CVX,252,0.8318391530253603
2026-03-03,COP,CVX,252,0.8311900215774011
2026-03-04,COP,CVX,252,0.8281781270703648
2026-03-05,COP,CVX,252,0.827490076861343
2026-03-06,COP,CVX,252,0.827351850706813
2026-03-09,COP,CVX,252,0.8291733617550492
2026-03-10,COP,CVX,252,0.8293771089515762
2026-03-11,COP,CVX,252,0.830299998391403
2026-03-12,COP,CVX,252,0.8441443147209755
2026-03-13,COP,CVX,252,0.8486994289212535
2026-03-16,COP,CVX,252,0.8508442938970269
2026-03-17,COP,CVX,252,0.8498535359249013
2026-03-18,COP,CVX,252,0.850171003575061
2026-03-19,COP,CVX,252,0.8504775052089515
2026-03-20,COP,CVX,252,0.8514595505326097
2026-03-23,COP,CVX,252,0.849909226417401
2026-03-24,COP,CVX,252,0.8499561959807385
2026-03-25,COP,CVX,252,0.8497907153787204
2026-03-26,COP,CVX,252,0.8495909181620864
2026-03-27,COP,CVX,252,0.8488221528935138
2026-03-30,COP,CVX,252,0.8489457625217719
2026-03-31,COP,CVX,252,0.8479239177885658
2026-04-01,COP,CVX,252,0.8462735034080628
2026-04-02,COP,CVX,252,0.8464383399201582
2026-04-06,COP,CVX,252,0.8481645362487872
2026-04-07,COP,CVX,252,0.8355820918616895
2026-04-08,COP,CVX,252,0.8224063839755188
2026-04-09,COP,CVX,252,0.8245184744733872
2026-04-10,COP,CVX,252,0.8225017933263213
2026-04-13,COP,CVX,252,0.8065503860039303
2026-04-14,COP,CVX,252,0.7862008732982333
2026-04-15,COP,CVX,252,0.7889748133841668
2026-04-16,COP,CVX,252,0.7901852691448484
2026-04-17,COP,CVX,252,0.7925615707403317
2026-04-20,COP,CVX,252,0.7919989228424108
2026-04-21,COP,CVX,252,0.7911311573547329
2026-04-22,COP,CVX,252,0.7909220179183765
2026-04-23,COP,CVX,252,0.7895257190890446
2026-04-24,COP,CVX,252,0.7909437022640794
2026-04-27,COP,CVX,252,0.7898960031227816
2026-04-28,COP,CVX,252,0.7910615614681715
2026-04-29,COP,CVX,252,0.7925561311187965
2026-04-30,COP,CVX,252,0.788680267432412
2026-05-01,COP,CVX,252,0.7871341753179796
2026-05-04,COP,CVX,252,0.7885613802286146
2026-05-05,COP,CVX,252,0.788011274123407
2026-05-06,COP,CVX,252,0.7889500181347836
2026-05-07,COP,CVX,252,0.7899274842313041
2026-05-08,COP,CVX,252,0.7901239420054111
2026-05-11,COP,CVX,252,0.7909129288036382
2026-05-12,COP,CVX,252,0.7919652606707398
2026-05-13,COP,CVX,252,0.7896770346874781
2026-05-14,COP,CVX,252,0.7900344505627626
2026-05-15,COP,CVX,252,0.7921447687589788
2026-05-18,COP,CVX,252,0.792042108872805
2026-05-19,COP,CVX,252,0.7911847020957773
2026-05-20,COP,CVX,252,0.7913363620509315
2026-05-21,COP,CVX,252,0.790607226375633
2026-05-22,COP,CVX,252,0.7897607042583913
2026-05-26,COP,CVX,252,0.7930350330758882
2026-05-27,COP,CVX,252,0.7962470556585725
2026-05-28,COP,CVX,252,0.7963054143715975
2026-05-29,COP,CVX,252,0.7959753125983288
2026-06-01,COP,CVX,252,0.7959399641202253
2026-06-02,COP,CVX,252,0.7964384451954883
2026-06-03,COP,CVX,252,0.7967332217570613
2026-06-04,COP,CVX,252,0.7957093595869985
2026-06-05,COP,CVX,252,0.7943753437765925
2026-06-08,COP,CVX,252,0.7946288165406241
2026-06-09,COP,CVX,252,0.7944862979686601
2026-06-10,COP,CVX,252,0.7955697715594628
2026-06-11,COP,CVX,252,0.7967098793439111
2026-06-12,COP,CVX,252,0.7968014143059838
2026-06-15,COP,CVX,252,0.8021833946650047
2026-06-16,COP,CVX,252,0.8028840493678635
2026-06-17,COP,CVX,252,0.8034931855408813
2026-06-18,COP,CVX,252,0.8072076590228623
2026-06-22,COP,CVX,252,0.8076658155813059
2026-06-23,COP,CVX,252,0.8074234859919552
2026-06-24,COP,CVX,252,0.8079683232826792
2026-06-25,COP,CVX,252,0.8056725380617472
2026-06-26,COP,CVX,252,0.805624981515823
2026-06-29,COP,CVX,252,0.8064382178577069
2026-06-30,COP,CVX,252,0.8047551225001303
2026-07-01,COP,CVX,252,0.8045202019651793
2026-07-02,COP,CVX,252,0.8035648023909115
2026-07-06,COP,CVX,252,0.8027204568031444
2026-07-07,COP,CVX,252,0.8078160951752285
2026-07-08,COP,CVX,252,0.807987949563721
2026-07-09,COP,CVX,252,0.8058648645750409
2026-07-10,COP,CVX,252,0.8063826790164684
2026-07-13,COP,CVX,252,0.8090032624134671
2026-07-14,COP,CVX,252,0.8091431972033747
2026-07-15,COP,CVX,252,0.8092550982263411
2026-07-16,COP,CVX,252,0.8095408508379833
2026-07-17,COP,CVX,252,0.8099018830134687
2026-07-20,COP,CVX,252,0.8095843253350078
2026-07-21,COP,CVX,252,0.8092432935889908
2026-07-22,COP,CVX,252,0.809448687920863
2026-07-23,COP,CVX,252,0.8111665674766173
2026-07-24,COP,CVX,252,0.810106186792098
2026-07-27,COP,CVX,252,0.8138655274627323
2026-07-28,COP,CVX,252,0.8141560797172841
2026-07-29,COP,CVX,252,0.8159705179431864
2026-07-30,COP,CVX,252,0.8158418737108267
2026-07-31,COP,CVX,252,0.8153208827417772
2026-08-03,COP,CVX,252,0.8145700145924769
2026-08-04,COP,CVX,252,0.8173356614770774
2026-08-05,COP,CVX,252,0.8189139762720311
2026-08-06,COP,CVX,252,0.8200252651888641
2026-08-07,COP,CVX,252,0.8166972774112613
2026-08-10,COP,CVX,252,0.8213228790949435
2026-08-11,COP,CVX,252,0.8207819754659892
2026-08-12,COP,CVX,252,0.8203845410704297
2026-08-13,COP,CVX,252,0.8162581733486425
2026-08-14,COP,CVX,252,0.8164208053153427
2026-08-17,COP,CVX,252,0.8167034567803434
2026-08-18,COP,CVX,252,0.8182603730946051
2026-08-19,COP,CVX,252,0.8182019956149861
2026-08-20,COP,CVX,252,0.8138576269984026
2026-08-21,COP,CVX,252,0.8136617130605716
2026-08-24,COP,CVX,252,0.8159867727563431
