date,ticker_1,ticker_2,window,rolling_correlation
2002-12-17,TS,BP,252,
2002-12-18,TS,BP,252,
2002-12-19,TS,BP,252,
2002-12-20,TS,BP,252,
2002-12-23,TS,BP,252,
2002-12-24,TS,BP,252,
2002-12-26,TS,BP,252,
2002-12-27,TS,BP,252,
2002-12-30,TS,BP,252,
2002-12-31,TS,BP,252,
2003-01-02,TS,BP,252,
2003-01-03,TS,BP,252,
2003-01-06,TS,BP,252,
2003-01-07,TS,BP,252,
2003-01-08,TS,BP,252,
2003-01-09,TS,BP,252,
2003-01-10,TS,BP,252,
2003-01-13,TS,BP,252,
2003-01-14,TS,BP,252,
2003-01-15,TS,BP,252,
2003-01-16,TS,BP,252,
2003-01-17,TS,BP,252,
2003-01-21,TS,BP,252,
2003-01-22,TS,BP,252,
2003-01-23,TS,BP,252,
2003-01-24,TS,BP,252,
2003-01-27,TS,BP,252,
2003-01-28,TS,BP,252,
2003-01-29,TS,BP,252,
2003-01-30,TS,BP,252,
2003-01-31,TS,BP,252,
2003-02-03,TS,BP,252,
2003-02-04,TS,BP,252,
2003-02-05,TS,BP,252,
2003-02-06,TS,BP,252,
2003-02-07,TS,BP,252,
2003-02-10,TS,BP,252,
2003-02-11,TS,BP,252,
2003-02-12,TS,BP,252,
2003-02-13,TS,BP,252,
2003-02-14,TS,BP,252,
2003-02-18,TS,BP,252,
2003-02-19,TS,BP,252,
2003-02-20,TS,BP,252,
2003-02-21,TS,BP,252,
2003-02-24,TS,BP,252,
2003-02-25,TS,BP,252,
2003-02-26,TS,BP,252,
2003-02-27,TS,BP,252,
2003-02-28,TS,BP,252,
2003-03-03,TS,BP,252,
2003-03-04,TS,BP,252,
2003-03-05,TS,BP,252,
2003-03-06,TS,BP,252,
2003-03-07,TS,BP,252,
2003-03-10,TS,BP,252,
2003-03-11,TS,BP,252,
2003-03-12,TS,BP,252,
2003-03-13,TS,BP,252,
2003-03-14,TS,BP,252,
2003-03-17,TS,BP,252,
2003-03-18,TS,BP,252,
2003-03-19,TS,BP,252,
2003-03-20,TS,BP,252,
2003-03-21,TS,BP,252,
2003-03-24,TS,BP,252,
2003-03-25,TS,BP,252,
2003-03-26,TS,BP,252,
2003-03-27,TS,BP,252,
2003-03-28,TS,BP,252,
2003-03-31,TS,BP,252,
2003-04-01,TS,BP,252,
2003-04-02,TS,BP,252,
2003-04-03,TS,BP,252,
2003-04-04,TS,BP,252,
2003-04-07,TS,BP,252,
2003-04-08,TS,BP,252,
2003-04-09,TS,BP,252,
2003-04-10,TS,BP,252,
2003-04-11,TS,BP,252,
2003-04-14,TS,BP,252,
2003-04-15,TS,BP,252,
2003-04-16,TS,BP,252,
2003-04-17,TS,BP,252,
2003-04-21,TS,BP,252,
2003-04-22,TS,BP,252,
2003-04-23,TS,BP,252,
2003-04-24,TS,BP,252,
2003-04-25,TS,BP,252,
2003-04-28,TS,BP,252,
2003-04-29,TS,BP,252,
2003-04-30,TS,BP,252,
2003-05-01,TS,BP,252,
2003-05-02,TS,BP,252,
2003-05-05,TS,BP,252,
2003-05-06,TS,BP,252,
2003-05-07,TS,BP,252,
2003-05-08,TS,BP,252,
2003-05-09,TS,BP,252,
2003-05-12,TS,BP,252,
2003-05-13,TS,BP,252,
2003-05-14,TS,BP,252,
2003-05-15,TS,BP,252,
2003-05-16,TS,BP,252,
2003-05-19,TS,BP,252,
2003-05-20,TS,BP,252,
2003-05-21,TS,BP,252,
2003-05-22,TS,BP,252,
2003-05-23,TS,BP,252,
2003-05-27,TS,BP,252,
2003-05-28,TS,BP,252,
2003-05-29,TS,BP,252,
2003-05-30,TS,BP,252,
2003-06-02,TS,BP,252,
2003-06-03,TS,BP,252,
2003-06-04,TS,BP,252,
2003-06-05,TS,BP,252,
2003-06-06,TS,BP,252,
2003-06-09,TS,BP,252,
2003-06-10,TS,BP,252,
2003-06-11,TS,BP,252,
2003-06-12,TS,BP,252,
2003-06-13,TS,BP,252,
2003-06-16,TS,BP,252,
2003-06-17,TS,BP,252,
2003-06-18,TS,BP,252,
2003-06-19,TS,BP,252,
2003-06-20,TS,BP,252,
2003-06-23,TS,BP,252,
2003-06-24,TS,BP,252,
2003-06-25,TS,BP,252,
2003-06-26,TS,BP,252,
2003-06-27,TS,BP,252,
2003-06-30,TS,BP,252,
2003-07-01,TS,BP,252,
2003-07-02,TS,BP,252,
2003-07-03,TS,BP,252,
2003-07-07,TS,BP,252,
2003-07-08,TS,BP,252,
2003-07-09,TS,BP,252,
2003-07-10,TS,BP,252,
2003-07-11,TS,BP,252,
2003-07-14,TS,BP,252,
2003-07-15,TS,BP,252,
2003-07-16,TS,BP,252,
2003-07-17,TS,BP,252,
2003-07-18,TS,BP,252,
2003-07-21,TS,BP,252,
2003-07-22,TS,BP,252,
2003-07-23,TS,BP,252,
2003-07-24,TS,BP,252,
2003-07-25,TS,BP,252,
2003-07-28,TS,BP,252,
2003-07-29,TS,BP,252,
2003-07-30,TS,BP,252,
2003-07-31,TS,BP,252,
2003-08-01,TS,BP,252,
2003-08-04,TS,BP,252,
2003-08-05,TS,BP,252,
2003-08-06,TS,BP,252,
2003-08-07,TS,BP,252,
2003-08-08,TS,BP,252,
2003-08-11,TS,BP,252,
2003-08-12,TS,BP,252,
2003-08-13,TS,BP,252,
2003-08-14,TS,BP,252,
2003-08-15,TS,BP,252,
2003-08-18,TS,BP,252,
2003-08-19,TS,BP,252,
2003-08-20,TS,BP,252,
2003-08-21,TS,BP,252,
2003-08-22,TS,BP,252,
2003-08-25,TS,BP,252,
2003-08-26,TS,BP,252,
2003-08-27,TS,BP,252,
2003-08-28,TS,BP,252,
2003-08-29,TS,BP,252,
2003-09-02,TS,BP,252,
2003-09-03,TS,BP,252,
2003-09-04,TS,BP,252,
2003-09-05,TS,BP,252,
2003-09-08,TS,BP,252,
2003-09-09,TS,BP,252,
2003-09-10,TS,BP,252,
2003-09-11,TS,BP,252,
2003-09-12,TS,BP,252,
2003-09-15,TS,BP,252,
2003-09-16,TS,BP,252,
2003-09-17,TS,BP,252,
2003-09-18,TS,BP,252,
2003-09-19,TS,BP,252,
2003-09-22,TS,BP,252,
2003-09-23,TS,BP,252,
2003-09-24,TS,BP,252,
2003-09-25,TS,BP,252,
2003-09-26,TS,BP,252,
2003-09-29,TS,BP,252,
2003-09-30,TS,BP,252,
2003-10-01,TS,BP,252,
2003-10-02,TS,BP,252,
2003-10-03,TS,BP,252,
2003-10-06,TS,BP,252,
2003-10-07,TS,BP,252,
2003-10-08,TS,BP,252,
2003-10-09,TS,BP,252,
2003-10-10,TS,BP,252,
2003-10-13,TS,BP,252,
2003-10-14,TS,BP,252,
2003-10-15,TS,BP,252,
2003-10-16,TS,BP,252,
2003-10-17,TS,BP,252,
2003-10-20,TS,BP,252,
2003-10-21,TS,BP,252,
2003-10-22,TS,BP,252,
2003-10-23,TS,BP,252,
2003-10-24,TS,BP,252,
2003-10-27,TS,BP,252,
2003-10-28,TS,BP,252,
2003-10-29,TS,BP,252,
2003-10-30,TS,BP,252,
2003-10-31,TS,BP,252,
2003-11-03,TS,BP,252,
2003-11-04,TS,BP,252,
2003-11-05,TS,BP,252,
2003-11-06,TS,BP,252,
2003-11-07,TS,BP,252,
2003-11-10,TS,BP,252,
2003-11-11,TS,BP,252,
2003-11-12,TS,BP,252,
2003-11-13,TS,BP,252,
2003-11-14,TS,BP,252,
2003-11-17,TS,BP,252,
2003-11-18,TS,BP,252,
2003-11-19,TS,BP,252,
2003-11-20,TS,BP,252,
2003-11-21,TS,BP,252,
2003-11-24,TS,BP,252,
2003-11-25,TS,BP,252,
2003-11-26,TS,BP,252,
2003-11-28,TS,BP,252,
2003-12-01,TS,BP,252,
2003-12-02,TS,BP,252,
2003-12-03,TS,BP,252,
2003-12-04,TS,BP,252,
2003-12-05,TS,BP,252,
2003-12-08,TS,BP,252,
2003-12-09,TS,BP,252,
2003-12-10,TS,BP,252,
2003-12-11,TS,BP,252,
2003-12-12,TS,BP,252,
2003-12-15,TS,BP,252,
2003-12-16,TS,BP,252,0.0761427011645095
2003-12-17,TS,BP,252,0.07137133458985583
2003-12-18,TS,BP,252,0.0883035409132279
2003-12-19,TS,BP,252,0.08789332291729336
2003-12-22,TS,BP,252,0.08472074293235218
2003-12-23,TS,BP,252,0.08371664942008135
2003-12-24,TS,BP,252,0.08401146173625
2003-12-26,TS,BP,252,0.08480936211769173
2003-12-29,TS,BP,252,0.08459295583216545
2003-12-30,TS,BP,252,0.09089318838538259
2003-12-31,TS,BP,252,0.09114673367446299
2004-01-02,TS,BP,252,0.08761502917149591
2004-01-05,TS,BP,252,0.09818315900334819
2004-01-06,TS,BP,252,0.09287955922965867
2004-01-07,TS,BP,252,0.1424960205100394
2004-01-08,TS,BP,252,0.15430990610571063
2004-01-09,TS,BP,252,0.1497368507127505
2004-01-12,TS,BP,252,0.13154255485505265
2004-01-13,TS,BP,252,0.1278503900853409
2004-01-14,TS,BP,252,0.11966787135378672
2004-01-15,TS,BP,252,0.12086700240658771
2004-01-16,TS,BP,252,0.11772532133994279
2004-01-20,TS,BP,252,0.11871118768996676
2004-01-21,TS,BP,252,0.09735273722095186
2004-01-22,TS,BP,252,0.0907103372990385
2004-01-23,TS,BP,252,0.0812212789934881
2004-01-26,TS,BP,252,0.06599649915299095
2004-01-27,TS,BP,252,0.05838583151978913
2004-01-28,TS,BP,252,0.05951407564103116
2004-01-29,TS,BP,252,0.0682600399413502
2004-01-30,TS,BP,252,0.0699108853314743
2004-02-02,TS,BP,252,0.07860765088568367
2004-02-03,TS,BP,252,0.08833968942370868
2004-02-04,TS,BP,252,0.08727153498503791
2004-02-05,TS,BP,252,0.08705812231542509
2004-02-06,TS,BP,252,0.09108875320454435
2004-02-09,TS,BP,252,0.09052736914978744
2004-02-10,TS,BP,252,0.10884710194482039
2004-02-11,TS,BP,252,0.10838779636872942
2004-02-12,TS,BP,252,0.11158725378653155
2004-02-13,TS,BP,252,0.11128005578159918
2004-02-17,TS,BP,252,0.1218971913214968
2004-02-18,TS,BP,252,0.1218129807859048
2004-02-19,TS,BP,252,0.12278400671309173
2004-02-20,TS,BP,252,0.12300676339253003
2004-02-23,TS,BP,252,0.11969099522191805
2004-02-24,TS,BP,252,0.12006142143162052
2004-02-25,TS,BP,252,0.11671786259621483
2004-02-26,TS,BP,252,0.12098541898825736
2004-02-27,TS,BP,252,0.12099852947156835
2004-03-01,TS,BP,252,0.12844988608401528
2004-03-02,TS,BP,252,0.1257648087063626
2004-03-03,TS,BP,252,0.12519676440343996
2004-03-04,TS,BP,252,0.1255059336517459
2004-03-05,TS,BP,252,0.12373491989196013
2004-03-08,TS,BP,252,0.12000064915254269
2004-03-09,TS,BP,252,0.12077046072247515
2004-03-10,TS,BP,252,0.12357181943599058
2004-03-11,TS,BP,252,0.14705273811223155
2004-03-12,TS,BP,252,0.15192906387764465
2004-03-15,TS,BP,252,0.14586094573177427
2004-03-16,TS,BP,252,0.12854571422543812
2004-03-17,TS,BP,252,0.12949234665415027
2004-03-18,TS,BP,252,0.13038268363267896
2004-03-19,TS,BP,252,0.13103596663817968
2004-03-22,TS,BP,252,0.12736203120260114
2004-03-23,TS,BP,252,0.12530040919130864
2004-03-24,TS,BP,252,0.12339764441844239
2004-03-25,TS,BP,252,0.1242740556348289
2004-03-26,TS,BP,252,0.11921910291610334
2004-03-29,TS,BP,252,0.10422899712668209
2004-03-30,TS,BP,252,0.12146210392195736
2004-03-31,TS,BP,252,0.12328079446968057
2004-04-01,TS,BP,252,0.11803008649922275
2004-04-02,TS,BP,252,0.12482718540409625
2004-04-05,TS,BP,252,0.12290866634500823
2004-04-06,TS,BP,252,0.12272999008382175
2004-04-07,TS,BP,252,0.12311558564202803
2004-04-08,TS,BP,252,0.12369762408691959
2004-04-12,TS,BP,252,0.1226852986777657
2004-04-13,TS,BP,252,0.12681969746937374
2004-04-14,TS,BP,252,0.13305434819757198
2004-04-15,TS,BP,252,0.13498873647882784
2004-04-16,TS,BP,252,0.14336706358998194
2004-04-19,TS,BP,252,0.1460368325035574
2004-04-20,TS,BP,252,0.15306865058553737
2004-04-21,TS,BP,252,0.15672903308127184
2004-04-22,TS,BP,252,0.16259746478880843
2004-04-23,TS,BP,252,0.16300606564230816
2004-04-26,TS,BP,252,0.1761610270718269
2004-04-27,TS,BP,252,0.19541738726992275
2004-04-28,TS,BP,252,0.20441232073589044
2004-04-29,TS,BP,252,0.21108745574720536
2004-04-30,TS,BP,252,0.20057136772758244
2004-05-03,TS,BP,252,0.19591151152668146
2004-05-04,TS,BP,252,0.1959406802997793
2004-05-05,TS,BP,252,0.1939795836410346
2004-05-06,TS,BP,252,0.193283123281025
2004-05-07,TS,BP,252,0.19865660792012915
2004-05-10,TS,BP,252,0.20785041442514376
2004-05-11,TS,BP,252,0.21841677622909628
2004-05-12,TS,BP,252,0.2215429378113857
2004-05-13,TS,BP,252,0.21873739500040554
2004-05-14,TS,BP,252,0.2281214721323519
2004-05-17,TS,BP,252,0.23084847093876137
2004-05-18,TS,BP,252,0.218455616935904
2004-05-19,TS,BP,252,0.22259534135079298
2004-05-20,TS,BP,252,0.2205205524187338
2004-05-21,TS,BP,252,0.22056070494589064
2004-05-24,TS,BP,252,0.23361817841323332
2004-05-25,TS,BP,252,0.2596912494485649
2004-05-26,TS,BP,252,0.2616821104203671
2004-05-27,TS,BP,252,0.26217571264662315
2004-05-28,TS,BP,252,0.2648716075263469
2004-06-01,TS,BP,252,0.2669997132915715
2004-06-02,TS,BP,252,0.26930013761646326
2004-06-03,TS,BP,252,0.2697579751061822
2004-06-04,TS,BP,252,0.2739003016900306
2004-06-07,TS,BP,252,0.2760239782451932
2004-06-08,TS,BP,252,0.27483455085078606
2004-06-09,TS,BP,252,0.28043209324455265
2004-06-10,TS,BP,252,0.2789312392470945
2004-06-14,TS,BP,252,0.28431949428202224
2004-06-15,TS,BP,252,0.2962696005691453
2004-06-16,TS,BP,252,0.29165281287876677
2004-06-17,TS,BP,252,0.30039150370550444
2004-06-18,TS,BP,252,0.3007113611352266
2004-06-21,TS,BP,252,0.30110954856919847
2004-06-22,TS,BP,252,0.30150834209168315
2004-06-23,TS,BP,252,0.30043982258917035
2004-06-24,TS,BP,252,0.3033611753735006
2004-06-25,TS,BP,252,0.3035723852385532
2004-06-28,TS,BP,252,0.30240837948140686
2004-06-29,TS,BP,252,0.30383800101123754
2004-06-30,TS,BP,252,0.3030710845376206
2004-07-01,TS,BP,252,0.3006847486751404
2004-07-02,TS,BP,252,0.2966249058779217
2004-07-06,TS,BP,252,0.294888251327534
2004-07-07,TS,BP,252,0.29442838585938286
2004-07-08,TS,BP,252,0.29638697156157584
2004-07-09,TS,BP,252,0.2979474066086077
2004-07-12,TS,BP,252,0.2961283067832868
2004-07-13,TS,BP,252,0.2967026912560849
2004-07-14,TS,BP,252,0.297649544238338
2004-07-15,TS,BP,252,0.2946470669225889
2004-07-16,TS,BP,252,0.2999108840318463
2004-07-19,TS,BP,252,0.3038743928541017
2004-07-20,TS,BP,252,0.3058898674649618
2004-07-21,TS,BP,252,0.30658564539178185
2004-07-22,TS,BP,252,0.30612203815810796
2004-07-23,TS,BP,252,0.3062058234133308
2004-07-26,TS,BP,252,0.3054487103303962
2004-07-27,TS,BP,252,0.30724866668381084
2004-07-28,TS,BP,252,0.3095205756501773
2004-07-29,TS,BP,252,0.3077373042021125
2004-07-30,TS,BP,252,0.3080105112833307
2004-08-02,TS,BP,252,0.3068387105342797
2004-08-03,TS,BP,252,0.306827795287608
2004-08-04,TS,BP,252,0.2907472125569247
2004-08-05,TS,BP,252,0.29265144946566884
2004-08-06,TS,BP,252,0.2721721153078558
2004-08-09,TS,BP,252,0.2803190180730765
2004-08-10,TS,BP,252,0.28203717867875466
2004-08-11,TS,BP,252,0.2863099071220726
2004-08-12,TS,BP,252,0.28854940318399225
2004-08-13,TS,BP,252,0.288669037247485
2004-08-16,TS,BP,252,0.2913693883276601
2004-08-17,TS,BP,252,0.29010553038552583
2004-08-18,TS,BP,252,0.293018573204767
2004-08-19,TS,BP,252,0.2866359274916733
2004-08-20,TS,BP,252,0.2873658016879004
2004-08-23,TS,BP,252,0.3045764385859885
2004-08-24,TS,BP,252,0.3053407451988822
2004-08-25,TS,BP,252,0.3046939179603165
2004-08-26,TS,BP,252,0.30382237408713797
2004-08-27,TS,BP,252,0.30765311016616276
2004-08-30,TS,BP,252,0.30940472600719743
2004-08-31,TS,BP,252,0.31166391054429726
2004-09-01,TS,BP,252,0.3140425732950106
2004-09-02,TS,BP,252,0.3133075242793855
2004-09-03,TS,BP,252,0.3144618500818522
2004-09-07,TS,BP,252,0.31211191981288217
2004-09-08,TS,BP,252,0.3152954409199063
2004-09-09,TS,BP,252,0.31588628341465613
2004-09-10,TS,BP,252,0.31375767105253094
2004-09-13,TS,BP,252,0.31198848217387326
2004-09-14,TS,BP,252,0.31198306415365257
2004-09-15,TS,BP,252,0.31352548731209157
2004-09-16,TS,BP,252,0.3139798415419645
2004-09-17,TS,BP,252,0.2985131595851117
2004-09-20,TS,BP,252,0.299664391406072
2004-09-21,TS,BP,252,0.2935319788458261
2004-09-22,TS,BP,252,0.2917342038509564
2004-09-23,TS,BP,252,0.28727211428747396
2004-09-24,TS,BP,252,0.2850275499355198
2004-09-27,TS,BP,252,0.28819876149977003
2004-09-28,TS,BP,252,0.2893170049495717
2004-09-29,TS,BP,252,0.2940899926572552
2004-09-30,TS,BP,252,0.29525338992835576
2004-10-01,TS,BP,252,0.2898716471063677
2004-10-04,TS,BP,252,0.2874451347971194
2004-10-05,TS,BP,252,0.28640470674629986
2004-10-06,TS,BP,252,0.29044902339304945
2004-10-07,TS,BP,252,0.2969928993299963
2004-10-08,TS,BP,252,0.3017020703627407
2004-10-11,TS,BP,252,0.3017357592589907
2004-10-12,TS,BP,252,0.3049602555030471
2004-10-13,TS,BP,252,0.310184185825917
2004-10-14,TS,BP,252,0.30166897066987175
2004-10-15,TS,BP,252,0.30218404859372056
2004-10-18,TS,BP,252,0.3028242632011144
2004-10-19,TS,BP,252,0.30449465686230265
2004-10-20,TS,BP,252,0.2990976258905148
2004-10-21,TS,BP,252,0.2981609714638414
2004-10-22,TS,BP,252,0.2995526323856021
2004-10-25,TS,BP,252,0.29896032843854864
2004-10-26,TS,BP,252,0.28964386550214816
2004-10-27,TS,BP,252,0.2931646595933876
2004-10-28,TS,BP,252,0.2900827332637144
2004-10-29,TS,BP,252,0.28934131443516214
2004-11-01,TS,BP,252,0.2878122475486966
2004-11-02,TS,BP,252,0.29306252940529726
2004-11-03,TS,BP,252,0.29555461807836103
2004-11-04,TS,BP,252,0.2983575382345227
2004-11-05,TS,BP,252,0.2980560979403556
2004-11-08,TS,BP,252,0.2970700714620926
2004-11-09,TS,BP,252,0.2959654217593785
2004-11-10,TS,BP,252,0.2936011716783478
2004-11-11,TS,BP,252,0.2939643243669581
2004-11-12,TS,BP,252,0.30448702946784356
2004-11-15,TS,BP,252,0.31112253923463573
2004-11-16,TS,BP,252,0.3046429544761439
2004-11-17,TS,BP,252,0.3038916152255272
2004-11-18,TS,BP,252,0.30532707248177327
2004-11-19,TS,BP,252,0.3061610779914175
2004-11-22,TS,BP,252,0.30762284059009765
2004-11-23,TS,BP,252,0.3074803609680211
2004-11-24,TS,BP,252,0.31044757662573613
2004-11-26,TS,BP,252,0.31394063580345527
2004-11-29,TS,BP,252,0.3142801723057483
2004-11-30,TS,BP,252,0.313099540417105
2004-12-01,TS,BP,252,0.3141908495694776
2004-12-02,TS,BP,252,0.3158867942122819
2004-12-03,TS,BP,252,0.31632959695760265
2004-12-06,TS,BP,252,0.3168275187401449
2004-12-07,TS,BP,252,0.31982573317835244
2004-12-08,TS,BP,252,0.31213130411971335
2004-12-09,TS,BP,252,0.3144098471946678
2004-12-10,TS,BP,252,0.3149881757489027
2004-12-13,TS,BP,252,0.31733807373971
2004-12-14,TS,BP,252,0.31654425143380105
2004-12-15,TS,BP,252,0.315903146930592
2004-12-16,TS,BP,252,0.3237758967482073
2004-12-17,TS,BP,252,0.3270429795719266
2004-12-20,TS,BP,252,0.31744463560053343
2004-12-21,TS,BP,252,0.31583026136641784
2004-12-22,TS,BP,252,0.3175870258434785
2004-12-23,TS,BP,252,0.31652391681684533
2004-12-27,TS,BP,252,0.3182659034256204
2004-12-28,TS,BP,252,0.3179825540479699
2004-12-29,TS,BP,252,0.3175133317721543
2004-12-30,TS,BP,252,0.31753932314914524
2004-12-31,TS,BP,252,0.31663775215205214
2005-01-03,TS,BP,252,0.32679183382131044
2005-01-04,TS,BP,252,0.32118130684406443
2005-01-05,TS,BP,252,0.31971321662518876
2005-01-06,TS,BP,252,0.3013061981747796
2005-01-07,TS,BP,252,0.3015002788339996
2005-01-10,TS,BP,252,0.3023069561934517
2005-01-11,TS,BP,252,0.31923018189285673
2005-01-12,TS,BP,252,0.3119643974780275
2005-01-13,TS,BP,252,0.3181047171350338
2005-01-14,TS,BP,252,0.3164832862455891
2005-01-18,TS,BP,252,0.3171296674927435
2005-01-19,TS,BP,252,0.3107989610387207
2005-01-20,TS,BP,252,0.3297705231553299
2005-01-21,TS,BP,252,0.3304024331439035
2005-01-24,TS,BP,252,0.3366721454923424
2005-01-25,TS,BP,252,0.34201031481552924
2005-01-26,TS,BP,252,0.3426558902306619
2005-01-27,TS,BP,252,0.3423430206923461
2005-01-28,TS,BP,252,0.3375860045427837
2005-01-31,TS,BP,252,0.3395066772664011
2005-02-01,TS,BP,252,0.3402539411200791
2005-02-02,TS,BP,252,0.3382926295182492
2005-02-03,TS,BP,252,0.3377809409120883
2005-02-04,TS,BP,252,0.3367106981511455
2005-02-07,TS,BP,252,0.33680206862649653
2005-02-08,TS,BP,252,0.3388259714277304
2005-02-09,TS,BP,252,0.3276209886465824
2005-02-10,TS,BP,252,0.3209502028046706
2005-02-11,TS,BP,252,0.32113991111029366
2005-02-14,TS,BP,252,0.32132182531795694
2005-02-15,TS,BP,252,0.31634462245286127
2005-02-16,TS,BP,252,0.3212647163230856
2005-02-17,TS,BP,252,0.3228963682793439
2005-02-18,TS,BP,252,0.3230884247442328
2005-02-22,TS,BP,252,0.3230114833868164
2005-02-23,TS,BP,252,0.32296476348449943
2005-02-24,TS,BP,252,0.32338042538828116
2005-02-25,TS,BP,252,0.3363336913423925
2005-02-28,TS,BP,252,0.33530228595571115
2005-03-01,TS,BP,252,0.3329483536533606
2005-03-02,TS,BP,252,0.33491622360120316
2005-03-03,TS,BP,252,0.33100091798122605
2005-03-04,TS,BP,252,0.3329911725257195
2005-03-07,TS,BP,252,0.32697130554043063
2005-03-08,TS,BP,252,0.32406528894968467
2005-03-09,TS,BP,252,0.3353844571115533
2005-03-10,TS,BP,252,0.33693823628237896
2005-03-11,TS,BP,252,0.33083811673679286
2005-03-14,TS,BP,252,0.329264310930015
2005-03-15,TS,BP,252,0.3336492466566471
2005-03-16,TS,BP,252,0.33265588051712386
2005-03-17,TS,BP,252,0.33308440609944096
2005-03-18,TS,BP,252,0.33257833848859225
2005-03-21,TS,BP,252,0.3355257063653946
2005-03-22,TS,BP,252,0.3357491046088043
2005-03-23,TS,BP,252,0.3484500817495002
2005-03-24,TS,BP,252,0.34544285228605176
2005-03-28,TS,BP,252,0.3463316295508708
2005-03-29,TS,BP,252,0.349297628825733
2005-03-30,TS,BP,252,0.3647631984917863
2005-03-31,TS,BP,252,0.3569293918930352
2005-04-01,TS,BP,252,0.3576827716203802
2005-04-04,TS,BP,252,0.3583762135266176
2005-04-05,TS,BP,252,0.3543771418484985
2005-04-06,TS,BP,252,0.3576397696816508
2005-04-07,TS,BP,252,0.3570155062529961
2005-04-08,TS,BP,252,0.3573106810789738
2005-04-11,TS,BP,252,0.35520614750239493
2005-04-12,TS,BP,252,0.3627663238078313
2005-04-13,TS,BP,252,0.3734008423980078
2005-04-14,TS,BP,252,0.37349947604122663
2005-04-15,TS,BP,252,0.3796208534902047
2005-04-18,TS,BP,252,0.37991547375941587
2005-04-19,TS,BP,252,0.3937818367823923
2005-04-20,TS,BP,252,0.3943956672288734
2005-04-21,TS,BP,252,0.39657849175757315
2005-04-22,TS,BP,252,0.3970230288395385
2005-04-25,TS,BP,252,0.39925979220721625
2005-04-26,TS,BP,252,0.39984236935585493
2005-04-27,TS,BP,252,0.4073355389205758
2005-04-28,TS,BP,252,0.4028202583263635
2005-04-29,TS,BP,252,0.39701753803115797
2005-05-02,TS,BP,252,0.408888610780341
2005-05-03,TS,BP,252,0.392482826655503
2005-05-04,TS,BP,252,0.3970164105325895
2005-05-05,TS,BP,252,0.4026134400158432
2005-05-06,TS,BP,252,0.40477891140604116
2005-05-09,TS,BP,252,0.4011582333241087
2005-05-10,TS,BP,252,0.3981346443545099
2005-05-11,TS,BP,252,0.3972912850053174
2005-05-12,TS,BP,252,0.40109447360238726
2005-05-13,TS,BP,252,0.40065406192998
2005-05-16,TS,BP,252,0.40026775397019027
2005-05-17,TS,BP,252,0.3991144178273838
2005-05-18,TS,BP,252,0.4102474562950653
2005-05-19,TS,BP,252,0.40658856241029495
2005-05-20,TS,BP,252,0.40765866600734346
2005-05-23,TS,BP,252,0.4082843413215901
2005-05-24,TS,BP,252,0.40132375681508353
2005-05-25,TS,BP,252,0.3841579802575553
2005-05-26,TS,BP,252,0.3840774160755063
2005-05-27,TS,BP,252,0.38393714500458664
2005-05-31,TS,BP,252,0.3873256913826679
2005-06-01,TS,BP,252,0.38779853819709653
2005-06-02,TS,BP,252,0.38890112920287756
2005-06-03,TS,BP,252,0.3880870179087031
2005-06-06,TS,BP,252,0.38534189423577414
2005-06-07,TS,BP,252,0.38515715798434647
2005-06-08,TS,BP,252,0.3872853501733079
2005-06-09,TS,BP,252,0.3795346514265463
2005-06-10,TS,BP,252,0.3789739858529031
2005-06-13,TS,BP,252,0.3748386955164164
2005-06-14,TS,BP,252,0.3704004119329428
2005-06-15,TS,BP,252,0.3739325520842776
2005-06-16,TS,BP,252,0.374664996364462
2005-06-17,TS,BP,252,0.378127298262835
2005-06-20,TS,BP,252,0.37708264193060254
2005-06-21,TS,BP,252,0.37799583784256113
2005-06-22,TS,BP,252,0.3796788972440563
2005-06-23,TS,BP,252,0.37900677188763754
2005-06-24,TS,BP,252,0.3802720145895581
2005-06-27,TS,BP,252,0.38137971094687795
2005-06-28,TS,BP,252,0.38109701150970515
2005-06-29,TS,BP,252,0.3824993318758193
2005-06-30,TS,BP,252,0.3872481139834297
2005-07-01,TS,BP,252,0.39098719981867647
2005-07-05,TS,BP,252,0.4023726476408611
2005-07-06,TS,BP,252,0.3975944694485831
2005-07-07,TS,BP,252,0.3963910406357746
2005-07-08,TS,BP,252,0.39818766356444074
2005-07-11,TS,BP,252,0.3966581683421742
2005-07-12,TS,BP,252,0.3965189120431655
2005-07-13,TS,BP,252,0.3956782343549191
2005-07-14,TS,BP,252,0.40478837068899365
2005-07-15,TS,BP,252,0.40149037031682333
2005-07-18,TS,BP,252,0.39933652521365615
2005-07-19,TS,BP,252,0.39913945033932174
2005-07-20,TS,BP,252,0.39719580645166436
2005-07-21,TS,BP,252,0.3969951876366672
2005-07-22,TS,BP,252,0.39829159799576197
2005-07-25,TS,BP,252,0.39386029898728675
2005-07-26,TS,BP,252,0.3923803081721436
2005-07-27,TS,BP,252,0.3979165666563502
2005-07-28,TS,BP,252,0.4006186717214816
2005-07-29,TS,BP,252,0.40002489165098803
2005-08-01,TS,BP,252,0.4022154669579695
2005-08-02,TS,BP,252,0.4052305869189787
2005-08-03,TS,BP,252,0.4186383532232975
2005-08-04,TS,BP,252,0.41515641605850906
2005-08-05,TS,BP,252,0.43426055825883264
2005-08-08,TS,BP,252,0.42461602664716
2005-08-09,TS,BP,252,0.41967151515713136
2005-08-10,TS,BP,252,0.41875516956176434
2005-08-11,TS,BP,252,0.41629384071521475
2005-08-12,TS,BP,252,0.4159976892589805
2005-08-15,TS,BP,252,0.4143106326219776
2005-08-16,TS,BP,252,0.4239151161042422
2005-08-17,TS,BP,252,0.42485152074531884
2005-08-18,TS,BP,252,0.42895108469969384
2005-08-19,TS,BP,252,0.42706942821879945
2005-08-22,TS,BP,252,0.41782982549536263
2005-08-23,TS,BP,252,0.41701689081647764
2005-08-24,TS,BP,252,0.4173528175616809
2005-08-25,TS,BP,252,0.416061114600782
2005-08-26,TS,BP,252,0.4067440860468188
2005-08-29,TS,BP,252,0.4056611508125386
2005-08-30,TS,BP,252,0.4055347362297241
2005-08-31,TS,BP,252,0.4061756359116751
2005-09-01,TS,BP,252,0.413598531351417
2005-09-02,TS,BP,252,0.41273332083136177
2005-09-06,TS,BP,252,0.4130293166580027
2005-09-07,TS,BP,252,0.4148076262252598
2005-09-08,TS,BP,252,0.41463595002565573
2005-09-09,TS,BP,252,0.4099401222981115
2005-09-12,TS,BP,252,0.4149217858347744
2005-09-13,TS,BP,252,0.4153165679170343
2005-09-14,TS,BP,252,0.4154004697595325
2005-09-15,TS,BP,252,0.41546723234676664
2005-09-16,TS,BP,252,0.43160915855327786
2005-09-19,TS,BP,252,0.4313185236186735
2005-09-20,TS,BP,252,0.43794334025182036
2005-09-21,TS,BP,252,0.4371441037257178
2005-09-22,TS,BP,252,0.43964496109306966
2005-09-23,TS,BP,252,0.432961090169223
2005-09-26,TS,BP,252,0.4330575831270931
2005-09-27,TS,BP,252,0.42651774250569685
2005-09-28,TS,BP,252,0.4295175524337992
2005-09-29,TS,BP,252,0.42943624112955436
2005-09-30,TS,BP,252,0.4298365141101174
2005-10-03,TS,BP,252,0.4284600416542095
2005-10-04,TS,BP,252,0.4443776338936869
2005-10-05,TS,BP,252,0.45542271565524545
2005-10-06,TS,BP,252,0.4604297638896036
2005-10-07,TS,BP,252,0.45948865695291985
2005-10-10,TS,BP,252,0.45251174201165384
2005-10-11,TS,BP,252,0.45025746311984255
2005-10-12,TS,BP,252,0.4505171917001295
2005-10-13,TS,BP,252,0.4655342768134943
2005-10-14,TS,BP,252,0.467631490577786
2005-10-17,TS,BP,252,0.466097058242592
2005-10-18,TS,BP,252,0.48192818349351263
2005-10-19,TS,BP,252,0.49079906659072337
2005-10-20,TS,BP,252,0.5049552365017493
2005-10-21,TS,BP,252,0.5058927297404089
2005-10-24,TS,BP,252,0.5067473296682433
2005-10-25,TS,BP,252,0.5095216886473416
2005-10-26,TS,BP,252,0.5089346707388035
2005-10-27,TS,BP,252,0.5163179953648246
2005-10-28,TS,BP,252,0.5205881511412036
2005-10-31,TS,BP,252,0.520092361429478
2005-11-01,TS,BP,252,0.5189574155272274
2005-11-02,TS,BP,252,0.5240422314309021
2005-11-03,TS,BP,252,0.5254032076139047
2005-11-04,TS,BP,252,0.5297109529933136
2005-11-07,TS,BP,252,0.5306954137904158
2005-11-08,TS,BP,252,0.5305104426714244
2005-11-09,TS,BP,252,0.534054801339767
2005-11-10,TS,BP,252,0.5390793305536878
2005-11-11,TS,BP,252,0.5339487945599187
2005-11-14,TS,BP,252,0.534830958235149
2005-11-15,TS,BP,252,0.5399985248113001
2005-11-16,TS,BP,252,0.5384202471030383
2005-11-17,TS,BP,252,0.5386567663778952
2005-11-18,TS,BP,252,0.535533902604807
2005-11-21,TS,BP,252,0.539371791202121
2005-11-22,TS,BP,252,0.541102940117276
2005-11-23,TS,BP,252,0.5408987654535188
2005-11-25,TS,BP,252,0.5388647500346324
2005-11-28,TS,BP,252,0.5452998854829989
2005-11-29,TS,BP,252,0.5456189438779008
2005-11-30,TS,BP,252,0.5448354703570776
2005-12-01,TS,BP,252,0.546892066012122
2005-12-02,TS,BP,252,0.5422981522289511
2005-12-05,TS,BP,252,0.5431016206482431
2005-12-06,TS,BP,252,0.5413124527413748
2005-12-07,TS,BP,252,0.5446781391107663
2005-12-08,TS,BP,252,0.5488425289282106
2005-12-09,TS,BP,252,0.5531090289916321
2005-12-12,TS,BP,252,0.5515560689089872
2005-12-13,TS,BP,252,0.5525237598331189
2005-12-14,TS,BP,252,0.5520747704561434
2005-12-15,TS,BP,252,0.5476283117030133
2005-12-16,TS,BP,252,0.5487043853103695
2005-12-19,TS,BP,252,0.5498846794453472
2005-12-20,TS,BP,252,0.5511188068620451
2005-12-21,TS,BP,252,0.5508340126582941
2005-12-22,TS,BP,252,0.5513966996689145
2005-12-23,TS,BP,252,0.5513024735816306
2005-12-27,TS,BP,252,0.5560723655227591
2005-12-28,TS,BP,252,0.5565390656214458
2005-12-29,TS,BP,252,0.5563358047471602
2005-12-30,TS,BP,252,0.556620375015433
2006-01-03,TS,BP,252,0.5645932751796544
2006-01-04,TS,BP,252,0.5647489084200742
2006-01-05,TS,BP,252,0.565355751354703
2006-01-06,TS,BP,252,0.5663608096942191
2006-01-09,TS,BP,252,0.5663191307697447
2006-01-10,TS,BP,252,0.565926802707004
2006-01-11,TS,BP,252,0.5650915880507247
2006-01-12,TS,BP,252,0.5706158221852188
2006-01-13,TS,BP,252,0.5728325854724149
2006-01-17,TS,BP,252,0.574121904078536
2006-01-18,TS,BP,252,0.5740920627525186
2006-01-19,TS,BP,252,0.5613400117446017
2006-01-20,TS,BP,252,0.5592849121142254
2006-01-23,TS,BP,252,0.5600645162388979
2006-01-24,TS,BP,252,0.5622957503108537
2006-01-25,TS,BP,252,0.5635699448204791
2006-01-26,TS,BP,252,0.5629461395491377
2006-01-27,TS,BP,252,0.5655307939795403
2006-01-30,TS,BP,252,0.5613015700493156
2006-01-31,TS,BP,252,0.5615345309901095
2006-02-01,TS,BP,252,0.5654352117893617
2006-02-02,TS,BP,252,0.5717201861181226
2006-02-03,TS,BP,252,0.5728467070318161
2006-02-06,TS,BP,252,0.5752757934446932
2006-02-07,TS,BP,252,0.5868087463125672
2006-02-08,TS,BP,252,0.5793764456766302
2006-02-09,TS,BP,252,0.5787298381588005
2006-02-10,TS,BP,252,0.5852544353167802
2006-02-13,TS,BP,252,0.5824959793214832
2006-02-14,TS,BP,252,0.5826075115258829
2006-02-15,TS,BP,252,0.5800289521184434
2006-02-16,TS,BP,252,0.5821255472428156
2006-02-17,TS,BP,252,0.5814826174693456
2006-02-21,TS,BP,252,0.5827457532745782
2006-02-22,TS,BP,252,0.5866617059502137
2006-02-23,TS,BP,252,0.586911785163463
2006-02-24,TS,BP,252,0.5893729283410167
2006-02-27,TS,BP,252,0.5843087547030776
2006-02-28,TS,BP,252,0.5855709756606315
2006-03-01,TS,BP,252,0.586786642024604
2006-03-02,TS,BP,252,0.5766493370283464
2006-03-03,TS,BP,252,0.582015858830781
2006-03-06,TS,BP,252,0.584348586833547
2006-03-07,TS,BP,252,0.5872704956589806
2006-03-08,TS,BP,252,0.5897443995590297
2006-03-09,TS,BP,252,0.5848302310778489
2006-03-10,TS,BP,252,0.5845339150633919
2006-03-13,TS,BP,252,0.5842380935399765
2006-03-14,TS,BP,252,0.5889036937390709
2006-03-15,TS,BP,252,0.5880930871515225
2006-03-16,TS,BP,252,0.5880377340897354
2006-03-17,TS,BP,252,0.5877720643328995
2006-03-20,TS,BP,252,0.5877740851690842
2006-03-21,TS,BP,252,0.5874844898640816
2006-03-22,TS,BP,252,0.5926597280414583
2006-03-23,TS,BP,252,0.5887834801231209
2006-03-24,TS,BP,252,0.5911253272348761
2006-03-27,TS,BP,252,0.5906089366160535
2006-03-28,TS,BP,252,0.5924547877051938
2006-03-29,TS,BP,252,0.5927074710082638
2006-03-30,TS,BP,252,0.5926710180194786
2006-03-31,TS,BP,252,0.5932159122809217
2006-04-03,TS,BP,252,0.5944688049461687
2006-04-04,TS,BP,252,0.5956571610513901
2006-04-05,TS,BP,252,0.5965409546974443
2006-04-06,TS,BP,252,0.5963265143664682
2006-04-07,TS,BP,252,0.5916621411214743
2006-04-10,TS,BP,252,0.5966988294585888
2006-04-11,TS,BP,252,0.5931231890626805
2006-04-12,TS,BP,252,0.5864356284629922
2006-04-13,TS,BP,252,0.5846063044684612
2006-04-17,TS,BP,252,0.5831590443303621
2006-04-18,TS,BP,252,0.5804662811280122
2006-04-19,TS,BP,252,0.5740028096943037
2006-04-20,TS,BP,252,0.574830735587774
2006-04-21,TS,BP,252,0.5784633103851441
2006-04-24,TS,BP,252,0.5726558910264751
2006-04-25,TS,BP,252,0.5747065092297705
2006-04-26,TS,BP,252,0.5764227596999797
2006-04-27,TS,BP,252,0.5685894536701072
2006-04-28,TS,BP,252,0.5674810504057441
2006-05-01,TS,BP,252,0.5685530369505702
2006-05-02,TS,BP,252,0.5666484072698322
2006-05-03,TS,BP,252,0.584162749253839
2006-05-04,TS,BP,252,0.5810537350871361
2006-05-05,TS,BP,252,0.5851559524739538
2006-05-08,TS,BP,252,0.5867904608665184
2006-05-09,TS,BP,252,0.5858088268786673
2006-05-10,TS,BP,252,0.5793771369186669
2006-05-11,TS,BP,252,0.5806200748501839
2006-05-12,TS,BP,252,0.5812882571558614
2006-05-15,TS,BP,252,0.5858569050987663
2006-05-16,TS,BP,252,0.5862147717020916
2006-05-17,TS,BP,252,0.597961705612506
2006-05-18,TS,BP,252,0.5973773385107027
2006-05-19,TS,BP,252,0.5980876184367139
2006-05-22,TS,BP,252,0.5994001837829755
2006-05-23,TS,BP,252,0.5993603509677521
2006-05-24,TS,BP,252,0.6013614792065116
2006-05-25,TS,BP,252,0.6080935827811371
2006-05-26,TS,BP,252,0.6057286011449896
2006-05-30,TS,BP,252,0.6092142775480115
2006-05-31,TS,BP,252,0.6067154268176929
2006-06-01,TS,BP,252,0.6065196675453419
2006-06-02,TS,BP,252,0.6061990499478845
2006-06-05,TS,BP,252,0.608335402155592
2006-06-06,TS,BP,252,0.6090073449537698
2006-06-07,TS,BP,252,0.6141399386817996
2006-06-08,TS,BP,252,0.6131947756998583
2006-06-09,TS,BP,252,0.6188159200742338
2006-06-12,TS,BP,252,0.6218963380963889
2006-06-13,TS,BP,252,0.6072606805872279
2006-06-14,TS,BP,252,0.608252537781396
2006-06-15,TS,BP,252,0.6141618336755371
2006-06-16,TS,BP,252,0.6139514736030456
2006-06-19,TS,BP,252,0.6159506589456244
2006-06-20,TS,BP,252,0.6170839898905468
2006-06-21,TS,BP,252,0.6193214160855625
2006-06-22,TS,BP,252,0.6190102789350653
2006-06-23,TS,BP,252,0.6195169310217556
2006-06-26,TS,BP,252,0.619456176649198
2006-06-27,TS,BP,252,0.6198848406840294
2006-06-28,TS,BP,252,0.6206310940046456
2006-06-29,TS,BP,252,0.6237595314469989
2006-06-30,TS,BP,252,0.6233742471045502
2006-07-03,TS,BP,252,0.6246445769072708
2006-07-05,TS,BP,252,0.6242775122661905
2006-07-06,TS,BP,252,0.627660130016095
2006-07-07,TS,BP,252,0.6229951520151499
2006-07-10,TS,BP,252,0.6230454917112292
2006-07-11,TS,BP,252,0.6246810833738347
2006-07-12,TS,BP,252,0.6265279178930687
2006-07-13,TS,BP,252,0.6183755329361974
2006-07-14,TS,BP,252,0.6173847857135536
2006-07-17,TS,BP,252,0.621558935534973
2006-07-18,TS,BP,252,0.6223528926669154
2006-07-19,TS,BP,252,0.620149820417398
2006-07-20,TS,BP,252,0.6241258999207072
2006-07-21,TS,BP,252,0.6250509470562124
2006-07-24,TS,BP,252,0.6277993319440464
2006-07-25,TS,BP,252,0.6303924946545179
2006-07-26,TS,BP,252,0.6303300263518337
2006-07-27,TS,BP,252,0.6245178491154835
2006-07-28,TS,BP,252,0.6253388262517178
2006-07-31,TS,BP,252,0.6251792419043433
2006-08-01,TS,BP,252,0.6244581793670919
2006-08-02,TS,BP,252,0.622805844439842
2006-08-03,TS,BP,252,0.622461082656202
2006-08-04,TS,BP,252,0.619562823397298
2006-08-07,TS,BP,252,0.6196568185490315
2006-08-08,TS,BP,252,0.6297357708837076
2006-08-09,TS,BP,252,0.6281564817379841
2006-08-10,TS,BP,252,0.6282209232296682
2006-08-11,TS,BP,252,0.6297668674725916
2006-08-14,TS,BP,252,0.6299685937843503
2006-08-15,TS,BP,252,0.6316487570235086
2006-08-16,TS,BP,252,0.6211348616165774
2006-08-17,TS,BP,252,0.6192426594633715
2006-08-18,TS,BP,252,0.618141237374093
2006-08-21,TS,BP,252,0.6195245163095435
2006-08-22,TS,BP,252,0.6226295715732342
2006-08-23,TS,BP,252,0.6236618128612768
2006-08-24,TS,BP,252,0.6230977166368623
2006-08-25,TS,BP,252,0.6237931728419005
2006-08-28,TS,BP,252,0.6291799455928441
2006-08-29,TS,BP,252,0.6279297162917614
2006-08-30,TS,BP,252,0.6249685472911364
2006-08-31,TS,BP,252,0.6236033256507248
2006-09-01,TS,BP,252,0.6191865481603025
2006-09-05,TS,BP,252,0.6189253247431753
2006-09-06,TS,BP,252,0.6199449773109224
2006-09-07,TS,BP,252,0.6187951790532106
2006-09-08,TS,BP,252,0.619461397348708
2006-09-11,TS,BP,252,0.628039226742199
2006-09-12,TS,BP,252,0.6266661649330572
2006-09-13,TS,BP,252,0.6278540213487579
2006-09-14,TS,BP,252,0.6278259307325992
2006-09-15,TS,BP,252,0.6291079292623634
2006-09-18,TS,BP,252,0.6293637435925764
2006-09-19,TS,BP,252,0.6300552526269786
2006-09-20,TS,BP,252,0.6310359231487538
2006-09-21,TS,BP,252,0.6282682717310546
2006-09-22,TS,BP,252,0.6293323646751338
2006-09-25,TS,BP,252,0.6342768386879897
2006-09-26,TS,BP,252,0.6350561793517588
2006-09-27,TS,BP,252,0.636738126036939
2006-09-28,TS,BP,252,0.6335228672921853
2006-09-29,TS,BP,252,0.6337053253278974
2006-10-02,TS,BP,252,0.6344852933638405
2006-10-03,TS,BP,252,0.6403403238474252
2006-10-04,TS,BP,252,0.6331578806306726
2006-10-05,TS,BP,252,0.6281740692438473
2006-10-06,TS,BP,252,0.6260983008879263
2006-10-09,TS,BP,252,0.627127061998631
2006-10-10,TS,BP,252,0.6331857687913403
2006-10-11,TS,BP,252,0.6341532634572007
2006-10-12,TS,BP,252,0.6343601761580138
2006-10-13,TS,BP,252,0.6319057681425453
2006-10-16,TS,BP,252,0.6332203071537305
2006-10-17,TS,BP,252,0.6332606774337419
2006-10-18,TS,BP,252,0.6195651206947602
2006-10-19,TS,BP,252,0.617178322258825
2006-10-20,TS,BP,252,0.6100743811962136
2006-10-23,TS,BP,252,0.6087642635162306
2006-10-24,TS,BP,252,0.6088193672847682
2006-10-25,TS,BP,252,0.6154968317895018
2006-10-26,TS,BP,252,0.6152050124974405
2006-10-27,TS,BP,252,0.6123692360085965
2006-10-30,TS,BP,252,0.6109070697032781
2006-10-31,TS,BP,252,0.6113573067633021
2006-11-01,TS,BP,252,0.6113098320392306
2006-11-02,TS,BP,252,0.6045910770594614
2006-11-03,TS,BP,252,0.6028226614760701
2006-11-06,TS,BP,252,0.6024589958124442
2006-11-07,TS,BP,252,0.6020525678367108
2006-11-08,TS,BP,252,0.6041387656856817
2006-11-09,TS,BP,252,0.6007343864397429
2006-11-10,TS,BP,252,0.5968960192870332
2006-11-13,TS,BP,252,0.5961553189967245
2006-11-14,TS,BP,252,0.5977278500497089
2006-11-15,TS,BP,252,0.5980748837472138
2006-11-16,TS,BP,252,0.6009679078596101
2006-11-17,TS,BP,252,0.6010501326135793
2006-11-20,TS,BP,252,0.6035640795239169
2006-11-21,TS,BP,252,0.6029072109338586
2006-11-22,TS,BP,252,0.5995325266436914
2006-11-24,TS,BP,252,0.599173289345557
2006-11-27,TS,BP,252,0.5982606663221508
2006-11-28,TS,BP,252,0.5937681374336803
2006-11-29,TS,BP,252,0.5956232419963778
2006-11-30,TS,BP,252,0.5955504355591034
2006-12-01,TS,BP,252,0.5949687776600197
2006-12-04,TS,BP,252,0.5973878351326244
2006-12-05,TS,BP,252,0.5969224428405978
2006-12-06,TS,BP,252,0.5973959572034419
2006-12-07,TS,BP,252,0.594458444742143
2006-12-08,TS,BP,252,0.591174934960572
2006-12-11,TS,BP,252,0.5880864178408364
2006-12-12,TS,BP,252,0.5883169924321467
2006-12-13,TS,BP,252,0.582343438534567
2006-12-14,TS,BP,252,0.5830353177680209
2006-12-15,TS,BP,252,0.5810105640036651
2006-12-18,TS,BP,252,0.5834832507285244
2006-12-19,TS,BP,252,0.5839914904647645
2006-12-20,TS,BP,252,0.5843579264157268
2006-12-21,TS,BP,252,0.5843342274857715
2006-12-22,TS,BP,252,0.5843988971988212
2006-12-26,TS,BP,252,0.5836374300888802
2006-12-27,TS,BP,252,0.5803029994545952
2006-12-28,TS,BP,252,0.5800218554453778
2006-12-29,TS,BP,252,0.5799283865798809
2007-01-03,TS,BP,252,0.5824585157727626
2007-01-04,TS,BP,252,0.5726531756253774
2007-01-05,TS,BP,252,0.5734861642268787
2007-01-08,TS,BP,252,0.5712842573417003
2007-01-09,TS,BP,252,0.5748291040302493
2007-01-10,TS,BP,252,0.5627648570397935
2007-01-11,TS,BP,252,0.5617861118329547
2007-01-12,TS,BP,252,0.5702050226704297
2007-01-16,TS,BP,252,0.5766874459583992
2007-01-17,TS,BP,252,0.5735358979447686
2007-01-18,TS,BP,252,0.5715116242967598
2007-01-19,TS,BP,252,0.5732110848192044
2007-01-22,TS,BP,252,0.5853671863118364
2007-01-23,TS,BP,252,0.5874642482613395
2007-01-24,TS,BP,252,0.5865751884455477
2007-01-25,TS,BP,252,0.5894772247308537
2007-01-26,TS,BP,252,0.5894309724498884
2007-01-29,TS,BP,252,0.5925378376094728
2007-01-30,TS,BP,252,0.5903853113165861
2007-01-31,TS,BP,252,0.5947520267225886
2007-02-01,TS,BP,252,0.594906926337498
2007-02-02,TS,BP,252,0.5921185536524262
2007-02-05,TS,BP,252,0.5871335273086166
2007-02-06,TS,BP,252,0.5843280489972685
2007-02-07,TS,BP,252,0.5823727632817217
2007-02-08,TS,BP,252,0.5710707483849122
2007-02-09,TS,BP,252,0.5791404081459829
2007-02-12,TS,BP,252,0.5806306379384807
2007-02-13,TS,BP,252,0.5820513614529542
2007-02-14,TS,BP,252,0.5853792093686793
2007-02-15,TS,BP,252,0.5845979287860172
2007-02-16,TS,BP,252,0.5874613320257788
2007-02-20,TS,BP,252,0.5837386627061373
2007-02-21,TS,BP,252,0.5840681140407047
2007-02-22,TS,BP,252,0.5827704229852514
2007-02-23,TS,BP,252,0.5790575409181009
2007-02-26,TS,BP,252,0.5792683246450716
2007-02-27,TS,BP,252,0.5922725777355918
2007-02-28,TS,BP,252,0.5905581482753507
2007-03-01,TS,BP,252,0.5913517581288923
2007-03-02,TS,BP,252,0.5880191718974408
2007-03-05,TS,BP,252,0.603115263126586
2007-03-06,TS,BP,252,0.6051492841450025
2007-03-07,TS,BP,252,0.596682409228233
2007-03-08,TS,BP,252,0.5981663590722142
2007-03-09,TS,BP,252,0.5972745744810634
2007-03-12,TS,BP,252,0.5974095912245061
2007-03-13,TS,BP,252,0.6011816943187965
2007-03-14,TS,BP,252,0.6009293031689987
2007-03-15,TS,BP,252,0.5985284207447762
2007-03-16,TS,BP,252,0.599841810092178
2007-03-19,TS,BP,252,0.60122428247792
2007-03-20,TS,BP,252,0.6008217330864325
2007-03-21,TS,BP,252,0.6051138928847536
2007-03-22,TS,BP,252,0.6002631686553099
2007-03-23,TS,BP,252,0.6003995106852399
2007-03-26,TS,BP,252,0.5993288353346946
2007-03-27,TS,BP,252,0.5973491494930816
2007-03-28,TS,BP,252,0.5978293424702698
2007-03-29,TS,BP,252,0.5975737602187164
2007-03-30,TS,BP,252,0.5979859040238095
2007-04-02,TS,BP,252,0.5982419601210547
2007-04-03,TS,BP,252,0.5979135871017414
2007-04-04,TS,BP,252,0.5963757814717797
2007-04-05,TS,BP,252,0.5950433731392994
2007-04-09,TS,BP,252,0.593796695564354
2007-04-10,TS,BP,252,0.5965570982526062
2007-04-11,TS,BP,252,0.6002757812902031
2007-04-12,TS,BP,252,0.5977538050520934
2007-04-13,TS,BP,252,0.598393999032483
2007-04-16,TS,BP,252,0.6000861201480523
2007-04-17,TS,BP,252,0.5994496399191821
2007-04-18,TS,BP,252,0.5979822348446503
2007-04-19,TS,BP,252,0.5991617356713441
2007-04-20,TS,BP,252,0.5985028617783463
2007-04-23,TS,BP,252,0.5963213541194793
2007-04-24,TS,BP,252,0.5915138754142455
2007-04-25,TS,BP,252,0.5987541945563323
2007-04-26,TS,BP,252,0.5980018164649971
2007-04-27,TS,BP,252,0.5956414599082551
2007-04-30,TS,BP,252,0.6009281392448818
2007-05-01,TS,BP,252,0.6064397006912484
2007-05-02,TS,BP,252,0.6063903646945832
2007-05-03,TS,BP,252,0.6076390759144451
2007-05-04,TS,BP,252,0.6041236337052047
2007-05-07,TS,BP,252,0.5966221290924099
2007-05-08,TS,BP,252,0.5945282615988352
2007-05-09,TS,BP,252,0.5921344314104056
2007-05-10,TS,BP,252,0.5969322240419095
2007-05-11,TS,BP,252,0.6036042815001155
2007-05-14,TS,BP,252,0.6008055113366544
2007-05-15,TS,BP,252,0.5972405777489856
2007-05-16,TS,BP,252,0.5940017542908655
2007-05-17,TS,BP,252,0.5924258489542141
2007-05-18,TS,BP,252,0.5796179872893947
2007-05-21,TS,BP,252,0.5801533743004254
2007-05-22,TS,BP,252,0.579678435317886
2007-05-23,TS,BP,252,0.5780314791162571
2007-05-24,TS,BP,252,0.5803887264475063
2007-05-25,TS,BP,252,0.5784843245856162
2007-05-29,TS,BP,252,0.5708204989911274
2007-05-30,TS,BP,252,0.5742815227802769
2007-05-31,TS,BP,252,0.5628316512719505
2007-06-01,TS,BP,252,0.5629421615240376
2007-06-04,TS,BP,252,0.5612907028942564
2007-06-05,TS,BP,252,0.5613289749125355
2007-06-06,TS,BP,252,0.5607940355904018
2007-06-07,TS,BP,252,0.560786124493156
2007-06-08,TS,BP,252,0.5544401941858984
2007-06-11,TS,BP,252,0.5554044896793673
2007-06-12,TS,BP,252,0.553650003795524
2007-06-13,TS,BP,252,0.5517432099146156
2007-06-14,TS,BP,252,0.5730411643447106
2007-06-15,TS,BP,252,0.5724749105183577
2007-06-18,TS,BP,252,0.561960691720624
2007-06-19,TS,BP,252,0.5619398565232236
2007-06-20,TS,BP,252,0.5588170595669174
2007-06-21,TS,BP,252,0.5592556311422568
2007-06-22,TS,BP,252,0.5534158785178854
2007-06-25,TS,BP,252,0.5531576718008043
2007-06-26,TS,BP,252,0.5521151978117756
2007-06-27,TS,BP,252,0.5535145205203396
2007-06-28,TS,BP,252,0.5519191035120952
2007-06-29,TS,BP,252,0.5492214745818811
2007-07-02,TS,BP,252,0.5447000350155324
2007-07-03,TS,BP,252,0.5438978955506482
2007-07-05,TS,BP,252,0.5409197079802384
2007-07-06,TS,BP,252,0.5433434800811362
2007-07-09,TS,BP,252,0.5444872743204079
2007-07-10,TS,BP,252,0.5524475256085369
2007-07-11,TS,BP,252,0.5532057165206887
2007-07-12,TS,BP,252,0.5525413103604103
2007-07-13,TS,BP,252,0.5467116068100304
2007-07-16,TS,BP,252,0.5646341570485899
2007-07-17,TS,BP,252,0.5635503753055331
2007-07-18,TS,BP,252,0.5564502514417746
2007-07-19,TS,BP,252,0.5562117619090852
2007-07-20,TS,BP,252,0.5628635994200512
2007-07-23,TS,BP,252,0.5596731704275628
2007-07-24,TS,BP,252,0.5668514171469081
2007-07-25,TS,BP,252,0.5603579013772908
2007-07-26,TS,BP,252,0.5632444550977868
2007-07-27,TS,BP,252,0.5601845957518634
2007-07-30,TS,BP,252,0.5678910128368633
2007-07-31,TS,BP,252,0.5684038678973802
2007-08-01,TS,BP,252,0.570189613341337
2007-08-02,TS,BP,252,0.571326818562657
2007-08-03,TS,BP,252,0.5692950441919864
2007-08-06,TS,BP,252,0.5700617802675475
2007-08-07,TS,BP,252,0.5794107290543566
2007-08-08,TS,BP,252,0.5785088456833739
2007-08-09,TS,BP,252,0.5806575699588125
2007-08-10,TS,BP,252,0.5875202050098671
2007-08-13,TS,BP,252,0.5874198813312734
2007-08-14,TS,BP,252,0.588691549255762
2007-08-15,TS,BP,252,0.5921933862352659
2007-08-16,TS,BP,252,0.5884403910200582
2007-08-17,TS,BP,252,0.6082676777081791
2007-08-20,TS,BP,252,0.6114410918236085
2007-08-21,TS,BP,252,0.6096373389225561
2007-08-22,TS,BP,252,0.6122092156968296
2007-08-23,TS,BP,252,0.6135258427415976
2007-08-24,TS,BP,252,0.6122761184781564
2007-08-27,TS,BP,252,0.6135739432097812
2007-08-28,TS,BP,252,0.622464538596851
2007-08-29,TS,BP,252,0.6282080776618217
2007-08-30,TS,BP,252,0.6280539166856686
2007-08-31,TS,BP,252,0.6316878340465444
2007-09-04,TS,BP,252,0.6306307072546159
2007-09-05,TS,BP,252,0.6319436265593845
2007-09-06,TS,BP,252,0.6324158418371099
2007-09-07,TS,BP,252,0.6294405274017191
2007-09-10,TS,BP,252,0.6279133670770429
2007-09-11,TS,BP,252,0.6303134742213135
2007-09-12,TS,BP,252,0.6277931017026019
2007-09-13,TS,BP,252,0.6276574628023198
2007-09-14,TS,BP,252,0.6259739631584036
2007-09-17,TS,BP,252,0.6254288630007218
2007-09-18,TS,BP,252,0.6303117566341758
2007-09-19,TS,BP,252,0.6275999883954956
2007-09-20,TS,BP,252,0.6250544498271491
2007-09-21,TS,BP,252,0.6256096096957742
2007-09-24,TS,BP,252,0.6277468891258079
2007-09-25,TS,BP,252,0.6221444940762654
2007-09-26,TS,BP,252,0.6220338423930107
2007-09-27,TS,BP,252,0.622648081640207
2007-09-28,TS,BP,252,0.622298252912191
2007-10-01,TS,BP,252,0.6209633229144923
2007-10-02,TS,BP,252,0.622314333012133
2007-10-03,TS,BP,252,0.6244432001853241
2007-10-04,TS,BP,252,0.6153838013860995
2007-10-05,TS,BP,252,0.615266026270909
2007-10-08,TS,BP,252,0.616701850053442
2007-10-09,TS,BP,252,0.6139075988629398
2007-10-10,TS,BP,252,0.6140295656795086
2007-10-11,TS,BP,252,0.614393220900442
2007-10-12,TS,BP,252,0.5930452106652262
2007-10-15,TS,BP,252,0.5906330870589693
2007-10-16,TS,BP,252,0.5869575384104453
2007-10-17,TS,BP,252,0.5802782035025901
2007-10-18,TS,BP,252,0.5803215222972106
2007-10-19,TS,BP,252,0.5914589069723337
2007-10-22,TS,BP,252,0.5919045037458743
2007-10-23,TS,BP,252,0.5951463933284434
2007-10-24,TS,BP,252,0.5956118751129179
2007-10-25,TS,BP,252,0.59520450840038
2007-10-26,TS,BP,252,0.5999102527160095
2007-10-29,TS,BP,252,0.5994164988701991
2007-10-30,TS,BP,252,0.6003497423397125
2007-10-31,TS,BP,252,0.6004849354521075
2007-11-01,TS,BP,252,0.6055802246954665
2007-11-02,TS,BP,252,0.5993600412870072
2007-11-05,TS,BP,252,0.6029163384267315
2007-11-06,TS,BP,252,0.604438860761998
2007-11-07,TS,BP,252,0.6067016634671305
2007-11-08,TS,BP,252,0.6078067054783135
2007-11-09,TS,BP,252,0.6075236667417808
2007-11-12,TS,BP,252,0.6234217274008591
2007-11-13,TS,BP,252,0.6284744901740411
2007-11-14,TS,BP,252,0.6281305594247708
2007-11-15,TS,BP,252,0.624176598040658
2007-11-16,TS,BP,252,0.6262090555904183
2007-11-19,TS,BP,252,0.6290929035858877
2007-11-20,TS,BP,252,0.6296005290898807
2007-11-21,TS,BP,252,0.6313489205103211
2007-11-23,TS,BP,252,0.6295514881835208
2007-11-26,TS,BP,252,0.6329358530253756
2007-11-27,TS,BP,252,0.6331868179689338
2007-11-28,TS,BP,252,0.6359228835455292
2007-11-29,TS,BP,252,0.6355108131740417
2007-11-30,TS,BP,252,0.6344816424570474
2007-12-03,TS,BP,252,0.632727301973831
2007-12-04,TS,BP,252,0.6352202152602856
2007-12-05,TS,BP,252,0.636370144439118
2007-12-06,TS,BP,252,0.6358970642554153
2007-12-07,TS,BP,252,0.6355733116436592
2007-12-10,TS,BP,252,0.636098510658252
2007-12-11,TS,BP,252,0.63748082298163
2007-12-12,TS,BP,252,0.636280022216731
2007-12-13,TS,BP,252,0.6357567109315184
2007-12-14,TS,BP,252,0.6504812224859452
2007-12-17,TS,BP,252,0.6515238657600559
2007-12-18,TS,BP,252,0.6546910398090132
2007-12-19,TS,BP,252,0.6518285521707273
2007-12-20,TS,BP,252,0.6499379454496916
2007-12-21,TS,BP,252,0.6510976637113022
2007-12-24,TS,BP,252,0.651031630378043
2007-12-26,TS,BP,252,0.6507229963455822
2007-12-27,TS,BP,252,0.6507530451534566
2007-12-28,TS,BP,252,0.6497548970665009
2007-12-31,TS,BP,252,0.6489591271388782
2008-01-02,TS,BP,252,0.6490983015955494
2008-01-03,TS,BP,252,0.6467906259218709
2008-01-04,TS,BP,252,0.647190722288575
2008-01-07,TS,BP,252,0.6347980134696681
2008-01-08,TS,BP,252,0.6365577344566623
2008-01-09,TS,BP,252,0.6300356898298689
2008-01-10,TS,BP,252,0.6473874575872822
2008-01-11,TS,BP,252,0.6505377938076309
2008-01-14,TS,BP,252,0.6328932613767526
2008-01-15,TS,BP,252,0.6417505973563423
2008-01-16,TS,BP,252,0.6384507155082412
2008-01-17,TS,BP,252,0.6441399895048115
2008-01-18,TS,BP,252,0.6418911869893623
2008-01-22,TS,BP,252,0.6281780870006562
2008-01-23,TS,BP,252,0.6158887595345605
2008-01-24,TS,BP,252,0.6173957280450398
2008-01-25,TS,BP,252,0.6145560264725902
2008-01-28,TS,BP,252,0.6117274735595103
2008-01-29,TS,BP,252,0.6066740465459673
2008-01-30,TS,BP,252,0.6083079487561318
2008-01-31,TS,BP,252,0.6024093136680934
2008-02-01,TS,BP,252,0.6020952705294123
2008-02-04,TS,BP,252,0.602442666869694
2008-02-05,TS,BP,252,0.6057808739727515
2008-02-06,TS,BP,252,0.6050665321566068
2008-02-07,TS,BP,252,0.6060959775718749
2008-02-08,TS,BP,252,0.6067888417891807
2008-02-11,TS,BP,252,0.6052839839742106
2008-02-12,TS,BP,252,0.6057291076464689
2008-02-13,TS,BP,252,0.6017462246521909
2008-02-14,TS,BP,252,0.6017751402618704
2008-02-15,TS,BP,252,0.6016224637975528
2008-02-19,TS,BP,252,0.5994409022042771
2008-02-20,TS,BP,252,0.5945852984742743
2008-02-21,TS,BP,252,0.5819214838461821
2008-02-22,TS,BP,252,0.584372858218267
2008-02-25,TS,BP,252,0.5887728344020264
2008-02-26,TS,BP,252,0.5889002020798896
2008-02-27,TS,BP,252,0.5750287380027873
2008-02-28,TS,BP,252,0.5764149735815476
2008-02-29,TS,BP,252,0.5745953098571916
2008-03-03,TS,BP,252,0.5740183114948895
2008-03-04,TS,BP,252,0.5645138693655629
2008-03-05,TS,BP,252,0.5692370161538276
2008-03-06,TS,BP,252,0.5714842490336295
2008-03-07,TS,BP,252,0.5672827653284975
2008-03-10,TS,BP,252,0.5652178138146583
2008-03-11,TS,BP,252,0.5690912716631729
2008-03-12,TS,BP,252,0.5642357305906098
2008-03-13,TS,BP,252,0.5610532413305983
2008-03-14,TS,BP,252,0.5621762319180768
2008-03-17,TS,BP,252,0.5705237298124853
2008-03-18,TS,BP,252,0.5738130844285856
2008-03-19,TS,BP,252,0.5948682253159422
2008-03-20,TS,BP,252,0.5915177248227151
2008-03-24,TS,BP,252,0.5966406324085842
2008-03-25,TS,BP,252,0.5982519241143045
2008-03-26,TS,BP,252,0.5988884734658798
2008-03-27,TS,BP,252,0.600172510149233
2008-03-28,TS,BP,252,0.5986590082938533
2008-03-31,TS,BP,252,0.5987775959864164
2008-04-01,TS,BP,252,0.5977266933858177
2008-04-02,TS,BP,252,0.5950897953986105
2008-04-03,TS,BP,252,0.594191149796038
2008-04-04,TS,BP,252,0.593368912804418
2008-04-07,TS,BP,252,0.5930641092906919
2008-04-08,TS,BP,252,0.5940339267157034
2008-04-09,TS,BP,252,0.5904920777246734
2008-04-10,TS,BP,252,0.5911039582402432
2008-04-11,TS,BP,252,0.5893363031857203
2008-04-14,TS,BP,252,0.586095656199626
2008-04-15,TS,BP,252,0.5859233565302555
2008-04-16,TS,BP,252,0.5929707555736013
2008-04-17,TS,BP,252,0.5926632050457887
2008-04-18,TS,BP,252,0.5934223524323006
2008-04-21,TS,BP,252,0.5931254672230792
2008-04-22,TS,BP,252,0.5917287341150321
2008-04-23,TS,BP,252,0.5909001538045792
2008-04-24,TS,BP,252,0.5935025387448093
2008-04-25,TS,BP,252,0.5859767692806472
2008-04-28,TS,BP,252,0.5867835357661506
2008-04-29,TS,BP,252,0.5613112397048555
2008-04-30,TS,BP,252,0.5616918580100427
2008-05-01,TS,BP,252,0.5590336247416807
2008-05-02,TS,BP,252,0.5582365617018838
2008-05-05,TS,BP,252,0.5583878363848893
2008-05-06,TS,BP,252,0.5664415352609566
2008-05-07,TS,BP,252,0.5674318717559336
2008-05-08,TS,BP,252,0.568103407597038
2008-05-09,TS,BP,252,0.5658235635926798
2008-05-12,TS,BP,252,0.5668864591131926
2008-05-13,TS,BP,252,0.5667455057908036
2008-05-14,TS,BP,252,0.5685905596387134
2008-05-15,TS,BP,252,0.5702911434920609
2008-05-16,TS,BP,252,0.5726797688318437
2008-05-19,TS,BP,252,0.5710430837924182
2008-05-20,TS,BP,252,0.5703693212558933
2008-05-21,TS,BP,252,0.5680855370755811
2008-05-22,TS,BP,252,0.5687023591253404
2008-05-23,TS,BP,252,0.5672337960248315
2008-05-27,TS,BP,252,0.569549437087212
2008-05-28,TS,BP,252,0.564408260956575
2008-05-29,TS,BP,252,0.5644105409455328
2008-05-30,TS,BP,252,0.5706639924046456
2008-06-02,TS,BP,252,0.5693571003834458
2008-06-03,TS,BP,252,0.569942403484255
2008-06-04,TS,BP,252,0.5731606088673045
2008-06-05,TS,BP,252,0.5787863268393921
2008-06-06,TS,BP,252,0.5786407985261844
2008-06-09,TS,BP,252,0.5775185705581443
2008-06-10,TS,BP,252,0.5818110295718626
2008-06-11,TS,BP,252,0.5791158700339064
2008-06-12,TS,BP,252,0.5777364073299514
2008-06-13,TS,BP,252,0.5768227061820734
2008-06-16,TS,BP,252,0.5762324600685326
2008-06-17,TS,BP,252,0.5764916475494277
2008-06-18,TS,BP,252,0.5765600868915794
2008-06-19,TS,BP,252,0.5442858191646848
2008-06-20,TS,BP,252,0.5439869536740247
2008-06-23,TS,BP,252,0.5451117220976138
2008-06-24,TS,BP,252,0.5467420533298138
2008-06-25,TS,BP,252,0.5478571797262365
2008-06-26,TS,BP,252,0.5454325993191146
2008-06-27,TS,BP,252,0.5412137411697008
2008-06-30,TS,BP,252,0.544516729231254
2008-07-01,TS,BP,252,0.5454788934248858
2008-07-02,TS,BP,252,0.5558457392275498
2008-07-03,TS,BP,252,0.5517295277872762
2008-07-07,TS,BP,252,0.5509868827813243
2008-07-08,TS,BP,252,0.5505524364760528
2008-07-09,TS,BP,252,0.5472127050327905
2008-07-10,TS,BP,252,0.5475415313551579
2008-07-11,TS,BP,252,0.5472314045227046
2008-07-14,TS,BP,252,0.5487487966584873
2008-07-15,TS,BP,252,0.5536490192273067
2008-07-16,TS,BP,252,0.5545455988995988
2008-07-17,TS,BP,252,0.5517457487219581
2008-07-18,TS,BP,252,0.5440906840911078
2008-07-21,TS,BP,252,0.5436484828660209
2008-07-22,TS,BP,252,0.54119507360193
2008-07-23,TS,BP,252,0.5382419481483307
2008-07-24,TS,BP,252,0.5410362040082647
2008-07-25,TS,BP,252,0.5408810075452359
2008-07-28,TS,BP,252,0.5434865346548894
2008-07-29,TS,BP,252,0.531192722621036
2008-07-30,TS,BP,252,0.5291382828064717
2008-07-31,TS,BP,252,0.5303919147609208
2008-08-01,TS,BP,252,0.5297061912744226
2008-08-04,TS,BP,252,0.5323005920921768
2008-08-05,TS,BP,252,0.5328586128685842
2008-08-06,TS,BP,252,0.5368723596489017
2008-08-07,TS,BP,252,0.5351648852844211
2008-08-08,TS,BP,252,0.5362558289309537
2008-08-11,TS,BP,252,0.5256573216054541
2008-08-12,TS,BP,252,0.524481807848928
2008-08-13,TS,BP,252,0.5206261441406811
2008-08-14,TS,BP,252,0.5144664971289982
2008-08-15,TS,BP,252,0.5178065242894679
2008-08-18,TS,BP,252,0.5120637101411534
2008-08-19,TS,BP,252,0.5099689627118597
2008-08-20,TS,BP,252,0.5094716730763248
2008-08-21,TS,BP,252,0.5080287683971733
2008-08-22,TS,BP,252,0.5104348717112953
2008-08-25,TS,BP,252,0.510454945971781
2008-08-26,TS,BP,252,0.5100784553633831
2008-08-27,TS,BP,252,0.5097600993053483
2008-08-28,TS,BP,252,0.5055621692473489
2008-08-29,TS,BP,252,0.5063483188367264
2008-09-02,TS,BP,252,0.5264859476393343
2008-09-03,TS,BP,252,0.524009523416974
2008-09-04,TS,BP,252,0.52260127953634
2008-09-05,TS,BP,252,0.5209260956453386
2008-09-08,TS,BP,252,0.521208974841429
2008-09-09,TS,BP,252,0.5338067368172197
2008-09-10,TS,BP,252,0.5357431043495411
2008-09-11,TS,BP,252,0.5325099638940766
2008-09-12,TS,BP,252,0.5374269416170043
2008-09-15,TS,BP,252,0.5529178489607153
2008-09-16,TS,BP,252,0.5535202999779429
2008-09-17,TS,BP,252,0.5509857215120296
2008-09-18,TS,BP,252,0.5511146939991317
2008-09-19,TS,BP,252,0.5763709764864338
2008-09-22,TS,BP,252,0.57631435887665
2008-09-23,TS,BP,252,0.5787414406063929
2008-09-24,TS,BP,252,0.5812292921334095
2008-09-25,TS,BP,252,0.5808720496839439
2008-09-26,TS,BP,252,0.5821508716840245
2008-09-29,TS,BP,252,0.6374628194227303
2008-09-30,TS,BP,252,0.6403261671387848
2008-10-01,TS,BP,252,0.6397878285078951
2008-10-02,TS,BP,252,0.6563328582307696
2008-10-03,TS,BP,252,0.6570570601749257
2008-10-06,TS,BP,252,0.6655425357467912
2008-10-07,TS,BP,252,0.6674304498085523
2008-10-08,TS,BP,252,0.6658240311700899
2008-10-09,TS,BP,252,0.6689991177011735
2008-10-10,TS,BP,252,0.6651224489934242
2008-10-13,TS,BP,252,0.7161306762513553
2008-10-14,TS,BP,252,0.7138722201183293
2008-10-15,TS,BP,252,0.7492581025477008
2008-10-16,TS,BP,252,0.7431501542433344
2008-10-17,TS,BP,252,0.7403556555551224
2008-10-20,TS,BP,252,0.7165444163045241
2008-10-21,TS,BP,252,0.7250897153668138
2008-10-22,TS,BP,252,0.7387583295036155
2008-10-23,TS,BP,252,0.7388421160041245
2008-10-24,TS,BP,252,0.7433901017308613
2008-10-27,TS,BP,252,0.7471083374548863
2008-10-28,TS,BP,252,0.7675466895444619
2008-10-29,TS,BP,252,0.7687019377483095
2008-10-30,TS,BP,252,0.7679998066758107
2008-10-31,TS,BP,252,0.7674166246080436
2008-11-03,TS,BP,252,0.7660756003402841
2008-11-04,TS,BP,252,0.7712182653190713
2008-11-05,TS,BP,252,0.7735216530016211
2008-11-06,TS,BP,252,0.7746777742570439
2008-11-07,TS,BP,252,0.7758754256056251
2008-11-10,TS,BP,252,0.7736579286298093
2008-11-11,TS,BP,252,0.7728777559460603
2008-11-12,TS,BP,252,0.7646695371670403
2008-11-13,TS,BP,252,0.7687746852490791
2008-11-14,TS,BP,252,0.7694886433879623
2008-11-17,TS,BP,252,0.7685131170832608
2008-11-18,TS,BP,252,0.7639634846064219
2008-11-19,TS,BP,252,0.7663869081332382
2008-11-20,TS,BP,252,0.7717946775037173
2008-11-21,TS,BP,252,0.7566171885659291
2008-11-24,TS,BP,252,0.7614709409810813
2008-11-25,TS,BP,252,0.7560174835185456
2008-11-26,TS,BP,252,0.7560321376471717
2008-11-28,TS,BP,252,0.7559603397292748
2008-12-01,TS,BP,252,0.7612964417342053
2008-12-02,TS,BP,252,0.7635379910289583
2008-12-03,TS,BP,252,0.7624738591798149
2008-12-04,TS,BP,252,0.7637815140661378
2008-12-05,TS,BP,252,0.7638161974024603
2008-12-08,TS,BP,252,0.7596057381992928
2008-12-09,TS,BP,252,0.7578780445776039
2008-12-10,TS,BP,252,0.7547472643281882
2008-12-11,TS,BP,252,0.755033973276075
2008-12-12,TS,BP,252,0.7551696511129661
2008-12-15,TS,BP,252,0.7548851046850389
2008-12-16,TS,BP,252,0.7556120211937751
2008-12-17,TS,BP,252,0.755714163881415
2008-12-18,TS,BP,252,0.7571049048778502
2008-12-19,TS,BP,252,0.7566627958890585
2008-12-22,TS,BP,252,0.7564855118970792
2008-12-23,TS,BP,252,0.7564113714469384
2008-12-24,TS,BP,252,0.7564200368676257
2008-12-26,TS,BP,252,0.7565149095967292
2008-12-29,TS,BP,252,0.7558122390030072
2008-12-30,TS,BP,252,0.7560835055332583
2008-12-31,TS,BP,252,0.7559440937294665
2009-01-02,TS,BP,252,0.7570767049366353
2009-01-05,TS,BP,252,0.756810498389453
2009-01-06,TS,BP,252,0.7541819336427196
2009-01-07,TS,BP,252,0.7554431969852439
2009-01-08,TS,BP,252,0.7569655671270055
2009-01-09,TS,BP,252,0.7582337922786059
2009-01-12,TS,BP,252,0.758632689333118
2009-01-13,TS,BP,252,0.7591890469827867
2009-01-14,TS,BP,252,0.7596047191101947
2009-01-15,TS,BP,252,0.7604677544484529
2009-01-16,TS,BP,252,0.7597332006529708
2009-01-20,TS,BP,252,0.7622503454700507
2009-01-21,TS,BP,252,0.7646260451665831
2009-01-22,TS,BP,252,0.7665912720195776
2009-01-23,TS,BP,252,0.7657976831972383
2009-01-26,TS,BP,252,0.7642871082229337
2009-01-27,TS,BP,252,0.7650437724725817
2009-01-28,TS,BP,252,0.7660928590823832
2009-01-29,TS,BP,252,0.766199684296541
2009-01-30,TS,BP,252,0.7666099108220477
2009-02-02,TS,BP,252,0.7661758220231949
2009-02-03,TS,BP,252,0.7655630998087855
2009-02-04,TS,BP,252,0.7657688224145626
2009-02-05,TS,BP,252,0.767695892120807
2009-02-06,TS,BP,252,0.7684552340212918
2009-02-09,TS,BP,252,0.7684569722208433
2009-02-10,TS,BP,252,0.7702630445442505
2009-02-11,TS,BP,252,0.7701209276115286
2009-02-12,TS,BP,252,0.7704911053103481
2009-02-13,TS,BP,252,0.7700100522125134
2009-02-17,TS,BP,252,0.7714983242784078
2009-02-18,TS,BP,252,0.771896099694384
2009-02-19,TS,BP,252,0.7728454313729346
2009-02-20,TS,BP,252,0.7755691670755177
2009-02-23,TS,BP,252,0.7763380114998248
2009-02-24,TS,BP,252,0.7772402374084089
2009-02-25,TS,BP,252,0.7759782775486024
2009-02-26,TS,BP,252,0.7768499503578159
2009-02-27,TS,BP,252,0.7759922245228876
2009-03-02,TS,BP,252,0.7815454896853785
2009-03-03,TS,BP,252,0.7817908367255211
2009-03-04,TS,BP,252,0.7848577181394053
2009-03-05,TS,BP,252,0.7848402921388814
2009-03-06,TS,BP,252,0.7863890695008092
2009-03-09,TS,BP,252,0.7851757228540953
2009-03-10,TS,BP,252,0.7861347064047564
2009-03-11,TS,BP,252,0.7860699853607938
2009-03-12,TS,BP,252,0.7867092692753855
2009-03-13,TS,BP,252,0.7869158654418088
2009-03-16,TS,BP,252,0.7868028080422619
2009-03-17,TS,BP,252,0.7864840382563695
2009-03-18,TS,BP,252,0.786307536685827
2009-03-19,TS,BP,252,0.7843227717636897
2009-03-20,TS,BP,252,0.7844934558434364
2009-03-23,TS,BP,252,0.7867003236390551
2009-03-24,TS,BP,252,0.7862268463856268
2009-03-25,TS,BP,252,0.7854564375237584
2009-03-26,TS,BP,252,0.7853258212815498
2009-03-27,TS,BP,252,0.7861078289208334
2009-03-30,TS,BP,252,0.7864007167224373
2009-03-31,TS,BP,252,0.7863519207139944
2009-04-01,TS,BP,252,0.7868953617380041
2009-04-02,TS,BP,252,0.7878200023650508
2009-04-03,TS,BP,252,0.7875785575858418
2009-04-06,TS,BP,252,0.7873868865529494
2009-04-07,TS,BP,252,0.7878615215013892
2009-04-08,TS,BP,252,0.788159757116266
2009-04-09,TS,BP,252,0.7877228703516688
2009-04-13,TS,BP,252,0.7870714992582294
2009-04-14,TS,BP,252,0.7878269787873039
2009-04-15,TS,BP,252,0.7878165049926406
2009-04-16,TS,BP,252,0.7873149844754492
2009-04-17,TS,BP,252,0.7873958738204289
2009-04-20,TS,BP,252,0.7878027937410058
2009-04-21,TS,BP,252,0.7884160274560936
2009-04-22,TS,BP,252,0.787690813584739
2009-04-23,TS,BP,252,0.7855179995762939
2009-04-24,TS,BP,252,0.7860273938098251
2009-04-27,TS,BP,252,0.7873212967277783
2009-04-28,TS,BP,252,0.786618956414845
2009-04-29,TS,BP,252,0.792302877613086
2009-04-30,TS,BP,252,0.7923757914010822
2009-05-01,TS,BP,252,0.7931098978672585
2009-05-04,TS,BP,252,0.7936207007233554
2009-05-05,TS,BP,252,0.7936312368553767
2009-05-06,TS,BP,252,0.7941382716447675
2009-05-07,TS,BP,252,0.7941361800507939
2009-05-08,TS,BP,252,0.7940307502699995
2009-05-11,TS,BP,252,0.794313392515455
2009-05-12,TS,BP,252,0.7942495991246323
2009-05-13,TS,BP,252,0.7947792540174613
2009-05-14,TS,BP,252,0.7946593702759749
2009-05-15,TS,BP,252,0.7944633762062147
2009-05-18,TS,BP,252,0.7952896465162909
2009-05-19,TS,BP,252,0.7953608232739051
2009-05-20,TS,BP,252,0.7955524242052158
2009-05-21,TS,BP,252,0.7958645511643068
2009-05-22,TS,BP,252,0.7957970666643496
2009-05-26,TS,BP,252,0.7961440730334798
2009-05-27,TS,BP,252,0.7959634985163488
2009-05-28,TS,BP,252,0.7972563178467895
2009-05-29,TS,BP,252,0.7972996713622793
2009-06-01,TS,BP,252,0.7978311007575475
2009-06-02,TS,BP,252,0.7983640794997184
2009-06-03,TS,BP,252,0.7991314955735993
2009-06-04,TS,BP,252,0.7988147975753395
2009-06-05,TS,BP,252,0.7989698840540261
2009-06-08,TS,BP,252,0.797413726437528
2009-06-09,TS,BP,252,0.7977163818307108
2009-06-10,TS,BP,252,0.7974732610628068
2009-06-11,TS,BP,252,0.7980424968914097
2009-06-12,TS,BP,252,0.7980936249927194
2009-06-15,TS,BP,252,0.7987559264557048
2009-06-16,TS,BP,252,0.7988547785923674
2009-06-17,TS,BP,252,0.7989194360283297
2009-06-18,TS,BP,252,0.7985439227057693
2009-06-19,TS,BP,252,0.8060226158338251
2009-06-22,TS,BP,252,0.8071349133611014
2009-06-23,TS,BP,252,0.8066335753720268
2009-06-24,TS,BP,252,0.805939908914039
2009-06-25,TS,BP,252,0.805944493352592
2009-06-26,TS,BP,252,0.8065224804274315
2009-06-29,TS,BP,252,0.8080651937259521
2009-06-30,TS,BP,252,0.8077604329305054
2009-07-01,TS,BP,252,0.8077541771656056
2009-07-02,TS,BP,252,0.8070888810712519
2009-07-06,TS,BP,252,0.8082825635615379
2009-07-07,TS,BP,252,0.8085064413558956
2009-07-08,TS,BP,252,0.808743625072664
2009-07-09,TS,BP,252,0.8097070340592021
2009-07-10,TS,BP,252,0.8097636170318689
2009-07-13,TS,BP,252,0.8102273262993652
2009-07-14,TS,BP,252,0.8103490706293767
2009-07-15,TS,BP,252,0.8108365838775646
2009-07-16,TS,BP,252,0.810998630722088
2009-07-17,TS,BP,252,0.8115925222669278
2009-07-20,TS,BP,252,0.8131637387999786
2009-07-21,TS,BP,252,0.8138156083603804
2009-07-22,TS,BP,252,0.8142896062990876
2009-07-23,TS,BP,252,0.8144450020800491
2009-07-24,TS,BP,252,0.8142662430052082
2009-07-27,TS,BP,252,0.813899162144863
2009-07-28,TS,BP,252,0.8138585350771401
2009-07-29,TS,BP,252,0.8172441993869579
2009-07-30,TS,BP,252,0.8174926322791605
2009-07-31,TS,BP,252,0.8170501367767874
2009-08-03,TS,BP,252,0.8176489674363525
2009-08-04,TS,BP,252,0.8174766651288039
2009-08-05,TS,BP,252,0.8170521326032807
2009-08-06,TS,BP,252,0.8169857611430034
2009-08-07,TS,BP,252,0.817408992375533
2009-08-10,TS,BP,252,0.8171346970387889
2009-08-11,TS,BP,252,0.8204985363735409
2009-08-12,TS,BP,252,0.8208462450648929
2009-08-13,TS,BP,252,0.8217362924319175
2009-08-14,TS,BP,252,0.8228467072700549
2009-08-17,TS,BP,252,0.823121969606932
2009-08-18,TS,BP,252,0.8232793144178435
2009-08-19,TS,BP,252,0.8241341703582521
2009-08-20,TS,BP,252,0.8248287800585863
2009-08-21,TS,BP,252,0.824978979073228
2009-08-24,TS,BP,252,0.8247105850484784
2009-08-25,TS,BP,252,0.8246945334057787
2009-08-26,TS,BP,252,0.8247435721105142
2009-08-27,TS,BP,252,0.8243699732296895
2009-08-28,TS,BP,252,0.8243751853025166
2009-08-31,TS,BP,252,0.824433504499967
2009-09-01,TS,BP,252,0.8232172888107383
2009-09-02,TS,BP,252,0.8218723352160572
2009-09-03,TS,BP,252,0.8226885938442485
2009-09-04,TS,BP,252,0.8233365576374744
2009-09-08,TS,BP,252,0.8231546446064353
2009-09-09,TS,BP,252,0.8223936850328457
2009-09-10,TS,BP,252,0.8214897079702811
2009-09-11,TS,BP,252,0.8229008880846604
2009-09-14,TS,BP,252,0.8219761278703086
2009-09-15,TS,BP,252,0.8199749968004447
2009-09-16,TS,BP,252,0.8198685835768219
2009-09-17,TS,BP,252,0.819848236272835
2009-09-18,TS,BP,252,0.819871669272658
2009-09-21,TS,BP,252,0.8176579371555929
2009-09-22,TS,BP,252,0.817821573584238
2009-09-23,TS,BP,252,0.8187327224252071
2009-09-24,TS,BP,252,0.8188644715471679
2009-09-25,TS,BP,252,0.8194062701649624
2009-09-28,TS,BP,252,0.8194474671786877
2009-09-29,TS,BP,252,0.8116738791350184
2009-09-30,TS,BP,252,0.8122475738158837
2009-10-01,TS,BP,252,0.8128403130902827
2009-10-02,TS,BP,252,0.8097252857204399
2009-10-05,TS,BP,252,0.8099542522557217
2009-10-06,TS,BP,252,0.8087394202552748
2009-10-07,TS,BP,252,0.8080135738230425
2009-10-08,TS,BP,252,0.8091326723075817
2009-10-09,TS,BP,252,0.8076645442698608
2009-10-12,TS,BP,252,0.8096973432239872
2009-10-13,TS,BP,252,0.7969580811724365
2009-10-14,TS,BP,252,0.7983180975906032
2009-10-15,TS,BP,252,0.7835804051002236
2009-10-16,TS,BP,252,0.7872064632736118
2009-10-19,TS,BP,252,0.7898207568779524
2009-10-20,TS,BP,252,0.8080600986890618
2009-10-21,TS,BP,252,0.8030819017085837
2009-10-22,TS,BP,252,0.7949037981132571
2009-10-23,TS,BP,252,0.7950517298890527
2009-10-26,TS,BP,252,0.7905959434438438
2009-10-27,TS,BP,252,0.7758435261722925
2009-10-28,TS,BP,252,0.7562488486691957
2009-10-29,TS,BP,252,0.756551982760226
2009-10-30,TS,BP,252,0.7584869654019233
2009-11-02,TS,BP,252,0.7585179713252382
2009-11-03,TS,BP,252,0.7602795204744831
2009-11-04,TS,BP,252,0.7553209167120085
2009-11-05,TS,BP,252,0.751176559589825
2009-11-06,TS,BP,252,0.748645171697306
2009-11-09,TS,BP,252,0.7484919005125721
2009-11-10,TS,BP,252,0.7509058826963052
2009-11-11,TS,BP,252,0.7492923482871173
2009-11-12,TS,BP,252,0.7591728044794922
2009-11-13,TS,BP,252,0.7535252036057297
2009-11-16,TS,BP,252,0.7537201144074198
2009-11-17,TS,BP,252,0.7545814163896847
2009-11-18,TS,BP,252,0.7605905849661548
2009-11-19,TS,BP,252,0.7563902105410067
2009-11-20,TS,BP,252,0.7461837960447566
2009-11-23,TS,BP,252,0.7738163322217526
2009-11-24,TS,BP,252,0.7661800684777433
2009-11-25,TS,BP,252,0.7766657219161045
2009-11-27,TS,BP,252,0.7771564078113783
2009-11-30,TS,BP,252,0.7774743696892159
2009-12-01,TS,BP,252,0.768061232133762
2009-12-02,TS,BP,252,0.7648861961640928
2009-12-03,TS,BP,252,0.7669693324467136
2009-12-04,TS,BP,252,0.7636310234509499
2009-12-07,TS,BP,252,0.7632703359838257
2009-12-08,TS,BP,252,0.7750775276649282
2009-12-09,TS,BP,252,0.7758644446097821
2009-12-10,TS,BP,252,0.7815765864278831
2009-12-11,TS,BP,252,0.7819435459385328
2009-12-14,TS,BP,252,0.7820039077487458
2009-12-15,TS,BP,252,0.7828059173611951
2009-12-16,TS,BP,252,0.781279658348333
2009-12-17,TS,BP,252,0.7807503666077767
2009-12-18,TS,BP,252,0.7782411346509182
2009-12-21,TS,BP,252,0.7787168307938122
2009-12-22,TS,BP,252,0.7784231194791315
2009-12-23,TS,BP,252,0.778614297385581
2009-12-24,TS,BP,252,0.7784431829916632
2009-12-28,TS,BP,252,0.7786324389140198
2009-12-29,TS,BP,252,0.7806390677550096
2009-12-30,TS,BP,252,0.780483952974266
2009-12-31,TS,BP,252,0.7815270175647525
2010-01-04,TS,BP,252,0.7806280112393652
2010-01-05,TS,BP,252,0.7811610678885333
2010-01-06,TS,BP,252,0.7931784354850092
2010-01-07,TS,BP,252,0.7904900627093356
2010-01-08,TS,BP,252,0.788861840861677
2010-01-11,TS,BP,252,0.782525338616459
2010-01-12,TS,BP,252,0.7807349341605279
2010-01-13,TS,BP,252,0.7796739666546959
2010-01-14,TS,BP,252,0.7744138003573586
2010-01-15,TS,BP,252,0.7744186978251707
2010-01-19,TS,BP,252,0.775654776487369
2010-01-20,TS,BP,252,0.7701270838621869
2010-01-21,TS,BP,252,0.7694066507708857
2010-01-22,TS,BP,252,0.7679760144953015
2010-01-25,TS,BP,252,0.7699040839252285
2010-01-26,TS,BP,252,0.7747084082023868
2010-01-27,TS,BP,252,0.773818109511993
2010-01-28,TS,BP,252,0.7742624961135021
2010-01-29,TS,BP,252,0.7702390313884284
2010-02-01,TS,BP,252,0.7721404761384696
2010-02-02,TS,BP,252,0.7628086811991477
2010-02-03,TS,BP,252,0.7650430029160007
2010-02-04,TS,BP,252,0.7667206528739959
2010-02-05,TS,BP,252,0.7645136972080389
2010-02-08,TS,BP,252,0.7622857478073661
2010-02-09,TS,BP,252,0.763603029012877
2010-02-10,TS,BP,252,0.7582562334266187
2010-02-11,TS,BP,252,0.7589950815011584
2010-02-12,TS,BP,252,0.7602043299522111
2010-02-16,TS,BP,252,0.7610561410511638
2010-02-17,TS,BP,252,0.7551650166135015
2010-02-18,TS,BP,252,0.7555539984334605
2010-02-19,TS,BP,252,0.7556746094345914
2010-02-22,TS,BP,252,0.7545737307903926
2010-02-23,TS,BP,252,0.7507610168446609
2010-02-24,TS,BP,252,0.7468891988447666
2010-02-25,TS,BP,252,0.7434589661905138
2010-02-26,TS,BP,252,0.7409546802749878
2010-03-01,TS,BP,252,0.7448668323473767
2010-03-02,TS,BP,252,0.7216705738045459
2010-03-03,TS,BP,252,0.7216129512928877
2010-03-04,TS,BP,252,0.7131147677203716
2010-03-05,TS,BP,252,0.7074539093455248
2010-03-08,TS,BP,252,0.7057482108293622
2010-03-09,TS,BP,252,0.7146705245609758
2010-03-10,TS,BP,252,0.7115519568542793
2010-03-11,TS,BP,252,0.7114077377684593
2010-03-12,TS,BP,252,0.7092326455028172
2010-03-15,TS,BP,252,0.7108731469411289
2010-03-16,TS,BP,252,0.7118058559068866
2010-03-17,TS,BP,252,0.7096421676711911
2010-03-18,TS,BP,252,0.7081485149181131
2010-03-19,TS,BP,252,0.7088685623734367
2010-03-22,TS,BP,252,0.7054839469124484
2010-03-23,TS,BP,252,0.6931303260491524
2010-03-24,TS,BP,252,0.6928119939605716
2010-03-25,TS,BP,252,0.6962707275442106
2010-03-26,TS,BP,252,0.6965132828592986
2010-03-29,TS,BP,252,0.6941371202873843
2010-03-30,TS,BP,252,0.6900162812942136
2010-03-31,TS,BP,252,0.690270359869051
2010-04-01,TS,BP,252,0.6900963293202687
2010-04-05,TS,BP,252,0.6850650452453179
2010-04-06,TS,BP,252,0.685748537201838
2010-04-07,TS,BP,252,0.6874313775609793
2010-04-08,TS,BP,252,0.6827563268257795
2010-04-09,TS,BP,252,0.6832645263626573
2010-04-12,TS,BP,252,0.6847085545941775
2010-04-13,TS,BP,252,0.6870778356609996
2010-04-14,TS,BP,252,0.6829376482293371
2010-04-15,TS,BP,252,0.6813571809144611
2010-04-16,TS,BP,252,0.6811385535132969
2010-04-19,TS,BP,252,0.6806665248465786
2010-04-20,TS,BP,252,0.6742667271208657
2010-04-21,TS,BP,252,0.6723636972022319
2010-04-22,TS,BP,252,0.6781964975865803
2010-04-23,TS,BP,252,0.688031103979291
2010-04-26,TS,BP,252,0.6746527565246203
2010-04-27,TS,BP,252,0.6786716402810475
2010-04-28,TS,BP,252,0.6813557785842868
2010-04-29,TS,BP,252,0.6384399482369443
2010-04-30,TS,BP,252,0.6382342908991105
2010-05-03,TS,BP,252,0.6280257440698824
2010-05-04,TS,BP,252,0.6167033937819599
2010-05-05,TS,BP,252,0.6102126492920702
2010-05-06,TS,BP,252,0.6074617324515844
2010-05-07,TS,BP,252,0.6056016625751973
2010-05-10,TS,BP,252,0.5920088273370913
2010-05-11,TS,BP,252,0.5881307408653342
2010-05-12,TS,BP,252,0.5872570511134259
2010-05-13,TS,BP,252,0.5830161878346664
2010-05-14,TS,BP,252,0.5875389780393414
2010-05-17,TS,BP,252,0.586630360094356
2010-05-18,TS,BP,252,0.5781529154868082
2010-05-19,TS,BP,252,0.5783251544618597
2010-05-20,TS,BP,252,0.5788555986150946
2010-05-21,TS,BP,252,0.5682121040706486
2010-05-24,TS,BP,252,0.5738130244578357
2010-05-25,TS,BP,252,0.5692443489833635
2010-05-26,TS,BP,252,0.5681609990944597
2010-05-27,TS,BP,252,0.587881221197545
2010-05-28,TS,BP,252,0.594319966599874
2010-06-01,TS,BP,252,0.5520605471395055
2010-06-02,TS,BP,252,0.5551695236784979
2010-06-03,TS,BP,252,0.547953052615824
2010-06-04,TS,BP,252,0.5600489849142577
2010-06-07,TS,BP,252,0.5600509948317863
2010-06-08,TS,BP,252,0.5511664232305958
2010-06-09,TS,BP,252,0.4974920948951744
2010-06-10,TS,BP,252,0.5096633291066389
2010-06-11,TS,BP,252,0.5084168372851057
2010-06-14,TS,BP,252,0.4818355829358613
2010-06-15,TS,BP,252,0.481532488009597
2010-06-16,TS,BP,252,0.47920282159078575
2010-06-17,TS,BP,252,0.47826773537275263
2010-06-18,TS,BP,252,0.47886046882914723
2010-06-21,TS,BP,252,0.47371406468423227
2010-06-22,TS,BP,252,0.46580362209788156
2010-06-23,TS,BP,252,0.46631895059373685
2010-06-24,TS,BP,252,0.4704602298516481
2010-06-25,TS,BP,252,0.46263521973103855
2010-06-28,TS,BP,252,0.4625745566349991
2010-06-29,TS,BP,252,0.4476709391107223
2010-06-30,TS,BP,252,0.4384960880351008
2010-07-01,TS,BP,252,0.44035274503469796
2010-07-02,TS,BP,252,0.43928072617732933
2010-07-06,TS,BP,252,0.42806557200934203
2010-07-07,TS,BP,252,0.4329142670047888
2010-07-08,TS,BP,252,0.4337902779176064
2010-07-09,TS,BP,252,0.43412427737628706
2010-07-12,TS,BP,252,0.4190194796885747
2010-07-13,TS,BP,252,0.4165609337301327
2010-07-14,TS,BP,252,0.41702260481453635
2010-07-15,TS,BP,252,0.4047308209508754
2010-07-16,TS,BP,252,0.40709259643655094
2010-07-19,TS,BP,252,0.40360208152080246
2010-07-20,TS,BP,252,0.40094645837032833
2010-07-21,TS,BP,252,0.3952868073398455
2010-07-22,TS,BP,252,0.39423190204194164
2010-07-23,TS,BP,252,0.3916583223911277
2010-07-26,TS,BP,252,0.39025550828478067
2010-07-27,TS,BP,252,0.39140551154992387
2010-07-28,TS,BP,252,0.38864327080840055
2010-07-29,TS,BP,252,0.38828667639319153
2010-07-30,TS,BP,252,0.38855573491787426
2010-08-02,TS,BP,252,0.3921424440555537
2010-08-03,TS,BP,252,0.38524672272019106
2010-08-04,TS,BP,252,0.38461371135795697
2010-08-05,TS,BP,252,0.37110798969310715
2010-08-06,TS,BP,252,0.36449366141703143
2010-08-09,TS,BP,252,0.3641054619290548
2010-08-10,TS,BP,252,0.3655869447745259
2010-08-11,TS,BP,252,0.3708634248489547
2010-08-12,TS,BP,252,0.3715023202647969
2010-08-13,TS,BP,252,0.370348374831733
2010-08-16,TS,BP,252,0.36918399040987404
2010-08-17,TS,BP,252,0.3633707345958389
2010-08-18,TS,BP,252,0.36106354222925285
2010-08-19,TS,BP,252,0.36278296829491374
2010-08-20,TS,BP,252,0.3604466250711696
2010-08-23,TS,BP,252,0.35873660905114574
2010-08-24,TS,BP,252,0.3623955211961763
2010-08-25,TS,BP,252,0.361529649812734
2010-08-26,TS,BP,252,0.36137767454262576
2010-08-27,TS,BP,252,0.3614749221369885
2010-08-30,TS,BP,252,0.3616993889649346
2010-08-31,TS,BP,252,0.3609854752850826
2010-09-01,TS,BP,252,0.3666337398937244
2010-09-02,TS,BP,252,0.3692960851525664
2010-09-03,TS,BP,252,0.3703826553730503
2010-09-07,TS,BP,252,0.369970576231329
2010-09-08,TS,BP,252,0.3692499203016782
2010-09-09,TS,BP,252,0.36788164582629007
2010-09-10,TS,BP,252,0.36890935964964117
2010-09-13,TS,BP,252,0.36875481210806677
2010-09-14,TS,BP,252,0.3695750533511724
2010-09-15,TS,BP,252,0.3704573673358163
2010-09-16,TS,BP,252,0.37009881928134025
2010-09-17,TS,BP,252,0.37013219570990474
2010-09-20,TS,BP,252,0.37129211669801176
2010-09-21,TS,BP,252,0.3710088160743323
2010-09-22,TS,BP,252,0.3685322592344522
2010-09-23,TS,BP,252,0.3661992268953917
2010-09-24,TS,BP,252,0.3660006480150797
2010-09-27,TS,BP,252,0.36554218642337727
2010-09-28,TS,BP,252,0.3649660071075691
2010-09-29,TS,BP,252,0.36522523954573816
2010-09-30,TS,BP,252,0.3644799485803179
2010-10-01,TS,BP,252,0.361248676189045
2010-10-04,TS,BP,252,0.3629348633569407
2010-10-05,TS,BP,252,0.36326626806598494
2010-10-06,TS,BP,252,0.3612958193562506
2010-10-07,TS,BP,252,0.3614249403756192
2010-10-08,TS,BP,252,0.36131324792413005
2010-10-11,TS,BP,252,0.3645609314133537
2010-10-12,TS,BP,252,0.36426341827735126
2010-10-13,TS,BP,252,0.3643968846547205
2010-10-14,TS,BP,252,0.36293039585424053
2010-10-15,TS,BP,252,0.36265989778696023
2010-10-18,TS,BP,252,0.3627516728487767
2010-10-19,TS,BP,252,0.3610600105765567
2010-10-20,TS,BP,252,0.36115830349715106
2010-10-21,TS,BP,252,0.36104788658182263
2010-10-22,TS,BP,252,0.3609339741226307
2010-10-25,TS,BP,252,0.3604814853296432
2010-10-26,TS,BP,252,0.36011239894971386
2010-10-27,TS,BP,252,0.37479085103030435
2010-10-28,TS,BP,252,0.37521452188712845
2010-10-29,TS,BP,252,0.37082768910735475
2010-11-01,TS,BP,252,0.3660703871695312
2010-11-02,TS,BP,252,0.36668472871652114
2010-11-03,TS,BP,252,0.3671226679980735
2010-11-04,TS,BP,252,0.3702183792039372
2010-11-05,TS,BP,252,0.369117874094485
2010-11-08,TS,BP,252,0.36716517643293695
2010-11-09,TS,BP,252,0.36305522620976277
2010-11-10,TS,BP,252,0.3626512459709477
2010-11-11,TS,BP,252,0.362592449856303
2010-11-12,TS,BP,252,0.36179741831931644
2010-11-15,TS,BP,252,0.36085277623613843
2010-11-16,TS,BP,252,0.36397900117161297
2010-11-17,TS,BP,252,0.3627231836399858
2010-11-18,TS,BP,252,0.36422600145710277
2010-11-19,TS,BP,252,0.3637762901202471
2010-11-22,TS,BP,252,0.36340324913519434
2010-11-23,TS,BP,252,0.3628566608781232
2010-11-24,TS,BP,252,0.3639369268054915
2010-11-26,TS,BP,252,0.3638707883982846
2010-11-29,TS,BP,252,0.3621674405152282
2010-11-30,TS,BP,252,0.3614774636444381
2010-12-01,TS,BP,252,0.3607772557657103
2010-12-02,TS,BP,252,0.3629519706288428
2010-12-03,TS,BP,252,0.3620964211328038
2010-12-06,TS,BP,252,0.362046326571277
2010-12-07,TS,BP,252,0.3624312199983779
2010-12-08,TS,BP,252,0.35982601469488346
2010-12-09,TS,BP,252,0.36282496743153153
2010-12-10,TS,BP,252,0.36347891136750693
2010-12-13,TS,BP,252,0.36337941889274744
2010-12-14,TS,BP,252,0.3603742263020113
2010-12-15,TS,BP,252,0.36094085569041884
2010-12-16,TS,BP,252,0.3595975261518423
2010-12-17,TS,BP,252,0.35825987689752636
2010-12-20,TS,BP,252,0.35907815277063715
2010-12-21,TS,BP,252,0.35827753645357574
2010-12-22,TS,BP,252,0.35830028031307615
2010-12-23,TS,BP,252,0.35786485433761417
2010-12-27,TS,BP,252,0.357685267626384
2010-12-28,TS,BP,252,0.3571346865276813
2010-12-29,TS,BP,252,0.3565417681849781
2010-12-30,TS,BP,252,0.3565289516970093
2010-12-31,TS,BP,252,0.3563239594506107
2011-01-03,TS,BP,252,0.35395310626827725
2011-01-04,TS,BP,252,0.35006038723539923
2011-01-05,TS,BP,252,0.3498026060515286
2011-01-06,TS,BP,252,0.34984488783432044
2011-01-07,TS,BP,252,0.34984614439050155
2011-01-10,TS,BP,252,0.34982721081442764
2011-01-11,TS,BP,252,0.3500120397805602
2011-01-12,TS,BP,252,0.35308750516200593
2011-01-13,TS,BP,252,0.3493182656926132
2011-01-14,TS,BP,252,0.3536341121740272
2011-01-18,TS,BP,252,0.35308514771222466
2011-01-19,TS,BP,252,0.3503708672490419
2011-01-20,TS,BP,252,0.3498600963131463
2011-01-21,TS,BP,252,0.34767235929446916
2011-01-24,TS,BP,252,0.3474679563308846
2011-01-25,TS,BP,252,0.3475479609097259
2011-01-26,TS,BP,252,0.3459406787657949
2011-01-27,TS,BP,252,0.3450786663328852
2011-01-28,TS,BP,252,0.3469578004478522
2011-01-31,TS,BP,252,0.34836916051315064
2011-02-01,TS,BP,252,0.3564865292609971
2011-02-02,TS,BP,252,0.3573894293819463
2011-02-03,TS,BP,252,0.3526728162671514
2011-02-04,TS,BP,252,0.3524632323225563
2011-02-07,TS,BP,252,0.35077544213005235
2011-02-08,TS,BP,252,0.34709076879032447
2011-02-09,TS,BP,252,0.34717422102023654
2011-02-10,TS,BP,252,0.3438267524009299
2011-02-11,TS,BP,252,0.34231952894945733
2011-02-14,TS,BP,252,0.34223655013005005
2011-02-15,TS,BP,252,0.34221605530267385
2011-02-16,TS,BP,252,0.3417459658282269
2011-02-17,TS,BP,252,0.3426060728067247
2011-02-18,TS,BP,252,0.3427605173056475
2011-02-22,TS,BP,252,0.34277550658812417
2011-02-23,TS,BP,252,0.34159844248490806
2011-02-24,TS,BP,252,0.34546524824576413
2011-02-25,TS,BP,252,0.3470230152840817
2011-02-28,TS,BP,252,0.34577155001289733
2011-03-01,TS,BP,252,0.34678333436003783
2011-03-02,TS,BP,252,0.34428482252295
2011-03-03,TS,BP,252,0.34503936106049077
2011-03-04,TS,BP,252,0.3433521793254658
2011-03-07,TS,BP,252,0.34189942634267334
2011-03-08,TS,BP,252,0.34123354372237485
2011-03-09,TS,BP,252,0.34151426964265663
2011-03-10,TS,BP,252,0.3485446167900513
2011-03-11,TS,BP,252,0.34840364906333066
2011-03-14,TS,BP,252,0.3472023897749857
2011-03-15,TS,BP,252,0.34815440848315243
2011-03-16,TS,BP,252,0.3489695981410791
2011-03-17,TS,BP,252,0.35476574410183925
2011-03-18,TS,BP,252,0.3549371784075129
2011-03-21,TS,BP,252,0.3576291697928639
2011-03-22,TS,BP,252,0.357849839163196
2011-03-23,TS,BP,252,0.3574571481805266
2011-03-24,TS,BP,252,0.35728787959980995
2011-03-25,TS,BP,252,0.35674809096184146
2011-03-28,TS,BP,252,0.3546888884360161
2011-03-29,TS,BP,252,0.35041771558464474
2011-03-30,TS,BP,252,0.3497581270952672
2011-03-31,TS,BP,252,0.3478826569059664
2011-04-01,TS,BP,252,0.34864507441188436
2011-04-04,TS,BP,252,0.34876189102521826
2011-04-05,TS,BP,252,0.3476935016976016
2011-04-06,TS,BP,252,0.34741463633539477
2011-04-07,TS,BP,252,0.34613225939620496
2011-04-08,TS,BP,252,0.34325613640807845
2011-04-11,TS,BP,252,0.3439053398643059
2011-04-12,TS,BP,252,0.3481311997019916
2011-04-13,TS,BP,252,0.34942707831054337
2011-04-14,TS,BP,252,0.34904222690763753
2011-04-15,TS,BP,252,0.3492391897757994
2011-04-18,TS,BP,252,0.34824030077452495
2011-04-19,TS,BP,252,0.3482897713024649
2011-04-20,TS,BP,252,0.3491913056297113
2011-04-21,TS,BP,252,0.3493942925090486
2011-04-25,TS,BP,252,0.3517170952126817
2011-04-26,TS,BP,252,0.34737628307836854
2011-04-27,TS,BP,252,0.3473685799534593
2011-04-28,TS,BP,252,0.35588346746204724
2011-04-29,TS,BP,252,0.35505593155066373
2011-05-02,TS,BP,252,0.3577843473533341
2011-05-03,TS,BP,252,0.36652970887628755
2011-05-04,TS,BP,252,0.3698979296518045
2011-05-05,TS,BP,252,0.37175452697738026
2011-05-06,TS,BP,252,0.3734706054264462
2011-05-09,TS,BP,252,0.38262510743241857
2011-05-10,TS,BP,252,0.38267585358969286
2011-05-11,TS,BP,252,0.3837044029601668
2011-05-12,TS,BP,252,0.38297903977721176
2011-05-13,TS,BP,252,0.3793258677805376
2011-05-16,TS,BP,252,0.3789252027022451
2011-05-17,TS,BP,252,0.3761088316468791
2011-05-18,TS,BP,252,0.37584309376698155
2011-05-19,TS,BP,252,0.37543667477331866
2011-05-20,TS,BP,252,0.3827788918981355
2011-05-23,TS,BP,252,0.37620631394363047
2011-05-24,TS,BP,252,0.3777790964774576
2011-05-25,TS,BP,252,0.37838783044040514
2011-05-26,TS,BP,252,0.35392138274204654
2011-05-27,TS,BP,252,0.34101677851216244
2011-05-31,TS,BP,252,0.3153076357123231
2011-06-01,TS,BP,252,0.3115259582492444
2011-06-02,TS,BP,252,0.3085763779984615
2011-06-03,TS,BP,252,0.28813399189673694
2011-06-06,TS,BP,252,0.2885217444645078
2011-06-07,TS,BP,252,0.29922879850503503
2011-06-08,TS,BP,252,0.3210775248336371
2011-06-09,TS,BP,252,0.277514964440158
2011-06-10,TS,BP,252,0.28392651765019566
2011-06-13,TS,BP,252,0.3203661051415309
2011-06-14,TS,BP,252,0.3164258149960787
2011-06-15,TS,BP,252,0.32617170688702846
2011-06-16,TS,BP,252,0.32619416025652587
2011-06-17,TS,BP,252,0.32569201859597663
2011-06-20,TS,BP,252,0.3368490964563477
2011-06-21,TS,BP,252,0.34412970834275863
2011-06-22,TS,BP,252,0.34504631669389757
2011-06-23,TS,BP,252,0.339539159224515
2011-06-24,TS,BP,252,0.35409127964169573
2011-06-27,TS,BP,252,0.3545380968028475
2011-06-28,TS,BP,252,0.37867247421014627
2011-06-29,TS,BP,252,0.3975972347765762
2011-06-30,TS,BP,252,0.39354737635650167
2011-07-01,TS,BP,252,0.393626926401971
2011-07-05,TS,BP,252,0.40923675716924135
2011-07-06,TS,BP,252,0.39719713546199154
2011-07-07,TS,BP,252,0.39814509473682685
2011-07-08,TS,BP,252,0.39645522473934686
2011-07-11,TS,BP,252,0.4341560708572507
2011-07-12,TS,BP,252,0.43515101715547594
2011-07-13,TS,BP,252,0.4363064645216735
2011-07-14,TS,BP,252,0.4468251972150121
2011-07-15,TS,BP,252,0.4411082658456236
2011-07-18,TS,BP,252,0.452055852409604
2011-07-19,TS,BP,252,0.45831961202689775
2011-07-20,TS,BP,252,0.47458362596375697
2011-07-21,TS,BP,252,0.4777606232782574
2011-07-22,TS,BP,252,0.4775401587237921
2011-07-25,TS,BP,252,0.481181495249516
2011-07-26,TS,BP,252,0.46803795374267204
2011-07-27,TS,BP,252,0.4810488470822935
2011-07-28,TS,BP,252,0.47536222348386103
2011-07-29,TS,BP,252,0.4761973646850214
2011-08-01,TS,BP,252,0.4702409225978732
2011-08-02,TS,BP,252,0.4753090557828495
2011-08-03,TS,BP,252,0.47762415096841676
2011-08-04,TS,BP,252,0.5598327498008282
2011-08-05,TS,BP,252,0.5627565375747027
2011-08-08,TS,BP,252,0.6045581307105541
2011-08-09,TS,BP,252,0.6169948828391868
2011-08-10,TS,BP,252,0.6228835616789289
2011-08-11,TS,BP,252,0.6278645012925177
2011-08-12,TS,BP,252,0.629527548963857
2011-08-15,TS,BP,252,0.6361718708567885
2011-08-16,TS,BP,252,0.6407002702020363
2011-08-17,TS,BP,252,0.6450093811975658
2011-08-18,TS,BP,252,0.653835314045894
2011-08-19,TS,BP,252,0.6601931246595234
2011-08-22,TS,BP,252,0.6597606689961335
2011-08-23,TS,BP,252,0.6558123029540455
2011-08-24,TS,BP,252,0.654205259486309
2011-08-25,TS,BP,252,0.6524009659501269
2011-08-26,TS,BP,252,0.6537554574754668
2011-08-29,TS,BP,252,0.6535160435411337
2011-08-30,TS,BP,252,0.654716963591928
2011-08-31,TS,BP,252,0.6455075258970535
2011-09-01,TS,BP,252,0.6458048823733865
2011-09-02,TS,BP,252,0.648719747721209
2011-09-06,TS,BP,252,0.6447632680905638
2011-09-07,TS,BP,252,0.6481438170464526
2011-09-08,TS,BP,252,0.6475806914508605
2011-09-09,TS,BP,252,0.6516572878782064
2011-09-12,TS,BP,252,0.650414346047873
2011-09-13,TS,BP,252,0.6498390048888905
2011-09-14,TS,BP,252,0.6468545211544426
2011-09-15,TS,BP,252,0.6489655873787367
2011-09-16,TS,BP,252,0.6487298017345411
2011-09-19,TS,BP,252,0.6516551329613824
2011-09-20,TS,BP,252,0.6519708201197592
2011-09-21,TS,BP,252,0.662693458234547
2011-09-22,TS,BP,252,0.6676548720735982
2011-09-23,TS,BP,252,0.6674855738474246
2011-09-26,TS,BP,252,0.6707629910167427
2011-09-27,TS,BP,252,0.6689893455532572
2011-09-28,TS,BP,252,0.6742623657867957
2011-09-29,TS,BP,252,0.677526836186179
2011-09-30,TS,BP,252,0.676995034153587
2011-10-03,TS,BP,252,0.677771259227365
2011-10-04,TS,BP,252,0.6751019710875089
2011-10-05,TS,BP,252,0.6810607705218157
2011-10-06,TS,BP,252,0.678305664940354
2011-10-07,TS,BP,252,0.6737101645485595
2011-10-10,TS,BP,252,0.6789627720913703
2011-10-11,TS,BP,252,0.6789013375946764
2011-10-12,TS,BP,252,0.6787888098962427
2011-10-13,TS,BP,252,0.679742799743356
2011-10-14,TS,BP,252,0.6830876193247977
2011-10-17,TS,BP,252,0.6816822293366497
2011-10-18,TS,BP,252,0.6820464831508288
2011-10-19,TS,BP,252,0.6829579800100127
2011-10-20,TS,BP,252,0.6811716672238018
2011-10-21,TS,BP,252,0.6839472257087031
2011-10-24,TS,BP,252,0.6719980618367262
2011-10-25,TS,BP,252,0.6679030304962866
2011-10-26,TS,BP,252,0.6672903851288134
2011-10-27,TS,BP,252,0.657531886522203
2011-10-28,TS,BP,252,0.6575492054971006
2011-10-31,TS,BP,252,0.6614214134992776
2011-11-01,TS,BP,252,0.6650364585470093
2011-11-02,TS,BP,252,0.6698061244635584
2011-11-03,TS,BP,252,0.6582769700009627
2011-11-04,TS,BP,252,0.659626861956539
2011-11-07,TS,BP,252,0.6628031023788524
2011-11-08,TS,BP,252,0.6633559787107888
2011-11-09,TS,BP,252,0.6711991076718041
2011-11-10,TS,BP,252,0.6714482688792187
2011-11-11,TS,BP,252,0.6729267481325385
2011-11-14,TS,BP,252,0.6736161286664948
2011-11-15,TS,BP,252,0.6702652367534977
2011-11-16,TS,BP,252,0.6725085718920522
2011-11-17,TS,BP,252,0.6730535445378142
2011-11-18,TS,BP,252,0.6725280501896718
2011-11-21,TS,BP,252,0.6733576424362621
2011-11-22,TS,BP,252,0.6728011866168686
2011-11-23,TS,BP,252,0.6748680713635954
2011-11-25,TS,BP,252,0.6752439840739755
2011-11-28,TS,BP,252,0.6799483360092987
2011-11-29,TS,BP,252,0.6786195582935254
2011-11-30,TS,BP,252,0.6873622085472227
2011-12-01,TS,BP,252,0.6841332998109279
2011-12-02,TS,BP,252,0.6835300017641341
2011-12-05,TS,BP,252,0.6866149476725087
2011-12-06,TS,BP,252,0.6865430095814468
2011-12-07,TS,BP,252,0.6874860416565992
2011-12-08,TS,BP,252,0.689774336643336
2011-12-09,TS,BP,252,0.6904649773104554
2011-12-12,TS,BP,252,0.6924721182935432
2011-12-13,TS,BP,252,0.6964817451292243
2011-12-14,TS,BP,252,0.6967873887262436
2011-12-15,TS,BP,252,0.6980140564940555
2011-12-16,TS,BP,252,0.6988725710102884
2011-12-19,TS,BP,252,0.6983428909512821
2011-12-20,TS,BP,252,0.7025331684505783
2011-12-21,TS,BP,252,0.7024769241422696
2011-12-22,TS,BP,252,0.7031975393007884
2011-12-23,TS,BP,252,0.7033704548565131
2011-12-27,TS,BP,252,0.7037049539621193
2011-12-28,TS,BP,252,0.7053456321350258
2011-12-29,TS,BP,252,0.7054877882942902
2011-12-30,TS,BP,252,0.7055156876121068
2012-01-03,TS,BP,252,0.7095911652388077
2012-01-04,TS,BP,252,0.7136279554522222
2012-01-05,TS,BP,252,0.7143440715285019
2012-01-06,TS,BP,252,0.7141810187127228
2012-01-09,TS,BP,252,0.7141662563451053
2012-01-10,TS,BP,252,0.7139953195683043
2012-01-11,TS,BP,252,0.7131092974994278
2012-01-12,TS,BP,252,0.7127284375293562
2012-01-13,TS,BP,252,0.7170573392517007
2012-01-17,TS,BP,252,0.7159279549534232
2012-01-18,TS,BP,252,0.715845703057267
2012-01-19,TS,BP,252,0.7177469833149596
2012-01-20,TS,BP,252,0.718625784165585
2012-01-23,TS,BP,252,0.7189629525912892
2012-01-24,TS,BP,252,0.7191039275204045
2012-01-25,TS,BP,252,0.7210490449855753
2012-01-26,TS,BP,252,0.7238318093316621
2012-01-27,TS,BP,252,0.7204730798360858
2012-01-30,TS,BP,252,0.7190522422394292
2012-01-31,TS,BP,252,0.7110559382248793
2012-02-01,TS,BP,252,0.7100922838761138
2012-02-02,TS,BP,252,0.7098303926074677
2012-02-03,TS,BP,252,0.7067381521751589
2012-02-06,TS,BP,252,0.7049361314438188
2012-02-07,TS,BP,252,0.7047735515840416
2012-02-08,TS,BP,252,0.7053083431924735
2012-02-09,TS,BP,252,0.7037214819918487
2012-02-10,TS,BP,252,0.7045098493821378
2012-02-13,TS,BP,252,0.7068802829042675
2012-02-14,TS,BP,252,0.7056790288779977
2012-02-15,TS,BP,252,0.705812954798664
2012-02-16,TS,BP,252,0.7067043320320869
2012-02-17,TS,BP,252,0.7053728833923059
2012-02-21,TS,BP,252,0.7043065161022019
2012-02-22,TS,BP,252,0.6998276317028216
2012-02-23,TS,BP,252,0.6983182338031622
2012-02-24,TS,BP,252,0.7007093447569929
2012-02-27,TS,BP,252,0.697424950499788
2012-02-28,TS,BP,252,0.6963984374587984
2012-02-29,TS,BP,252,0.6962745674923725
2012-03-01,TS,BP,252,0.6973273875404137
2012-03-02,TS,BP,252,0.6968281390602934
2012-03-05,TS,BP,252,0.6973779835230054
2012-03-06,TS,BP,252,0.7029752062079854
2012-03-07,TS,BP,252,0.7039449381365528
2012-03-08,TS,BP,252,0.703146594679962
2012-03-09,TS,BP,252,0.6994193570507821
2012-03-12,TS,BP,252,0.6991419535500065
2012-03-13,TS,BP,252,0.701834596713765
2012-03-14,TS,BP,252,0.7031259122766987
2012-03-15,TS,BP,252,0.702122617056633
2012-03-16,TS,BP,252,0.699575834840601
2012-03-19,TS,BP,252,0.699381081226964
2012-03-20,TS,BP,252,0.6996130553149686
2012-03-21,TS,BP,252,0.6994935467817306
2012-03-22,TS,BP,252,0.7001051026155611
2012-03-23,TS,BP,252,0.6999839423884364
2012-03-26,TS,BP,252,0.7010731855351994
2012-03-27,TS,BP,252,0.7047606612130746
2012-03-28,TS,BP,252,0.7118190515448842
2012-03-29,TS,BP,252,0.713164205868143
2012-03-30,TS,BP,252,0.7145713931784072
2012-04-02,TS,BP,252,0.7161185219982216
2012-04-03,TS,BP,252,0.7159744620318639
2012-04-04,TS,BP,252,0.718497029641174
2012-04-05,TS,BP,252,0.7186200140422455
2012-04-09,TS,BP,252,0.7192020887414983
2012-04-10,TS,BP,252,0.7244271140499743
2012-04-11,TS,BP,252,0.7210411049356931
2012-04-12,TS,BP,252,0.7213346947502222
2012-04-13,TS,BP,252,0.7224921981459835
2012-04-16,TS,BP,252,0.722340799047842
2012-04-17,TS,BP,252,0.7238565982135198
2012-04-18,TS,BP,252,0.7234968657430679
2012-04-19,TS,BP,252,0.7243936452865761
2012-04-20,TS,BP,252,0.7248117790002242
2012-04-23,TS,BP,252,0.7247847424164513
2012-04-24,TS,BP,252,0.7238664453537312
2012-04-25,TS,BP,252,0.7228645086249482
2012-04-26,TS,BP,252,0.7246991260776863
2012-04-27,TS,BP,252,0.725106943895879
2012-04-30,TS,BP,252,0.7253129968508536
2012-05-01,TS,BP,252,0.7230636895275663
2012-05-02,TS,BP,252,0.7220692877476176
2012-05-03,TS,BP,252,0.7218538407435467
2012-05-04,TS,BP,252,0.7228315131436038
2012-05-07,TS,BP,252,0.7219067470600856
2012-05-08,TS,BP,252,0.7213898706588999
2012-05-09,TS,BP,252,0.7203655282600601
2012-05-10,TS,BP,252,0.7178242242342573
2012-05-11,TS,BP,252,0.7185942930509188
2012-05-14,TS,BP,252,0.7196687017663188
2012-05-15,TS,BP,252,0.720791688150996
2012-05-16,TS,BP,252,0.7215642780888036
2012-05-17,TS,BP,252,0.7209699761747285
2012-05-18,TS,BP,252,0.7221395357271352
2012-05-21,TS,BP,252,0.7255852648133873
2012-05-22,TS,BP,252,0.725204858304023
2012-05-23,TS,BP,252,0.7239109491344199
2012-05-24,TS,BP,252,0.7225583250155264
2012-05-25,TS,BP,252,0.7224461168427382
2012-05-29,TS,BP,252,0.7182572748573479
2012-05-30,TS,BP,252,0.7203783076534988
2012-05-31,TS,BP,252,0.7209728593141219
2012-06-01,TS,BP,252,0.7198968608688471
2012-06-04,TS,BP,252,0.7195018957283662
2012-06-05,TS,BP,252,0.7191377485076674
2012-06-06,TS,BP,252,0.7222446638495793
2012-06-07,TS,BP,252,0.7221737662600934
2012-06-08,TS,BP,252,0.7230445076444355
2012-06-11,TS,BP,252,0.7208989123883968
2012-06-12,TS,BP,252,0.7217903383404202
2012-06-13,TS,BP,252,0.7211723359211346
2012-06-14,TS,BP,252,0.7221046234868536
2012-06-15,TS,BP,252,0.7227885460030866
2012-06-18,TS,BP,252,0.7229331799089951
2012-06-19,TS,BP,252,0.7235320067861098
2012-06-20,TS,BP,252,0.7228145946449998
2012-06-21,TS,BP,252,0.7219001085215292
2012-06-22,TS,BP,252,0.7196801857762601
2012-06-25,TS,BP,252,0.7207184675148854
2012-06-26,TS,BP,252,0.7203267390814206
2012-06-27,TS,BP,252,0.7204332687276019
2012-06-28,TS,BP,252,0.7197702800975522
2012-06-29,TS,BP,252,0.7250390956577724
2012-07-02,TS,BP,252,0.7248921894144966
2012-07-03,TS,BP,252,0.7240477147304646
2012-07-05,TS,BP,252,0.7241326553005022
2012-07-06,TS,BP,252,0.7241492185882408
2012-07-09,TS,BP,252,0.724505233362947
2012-07-10,TS,BP,252,0.7237362301355008
2012-07-11,TS,BP,252,0.7225504653215673
2012-07-12,TS,BP,252,0.7222741379818808
2012-07-13,TS,BP,252,0.7245542063500402
2012-07-16,TS,BP,252,0.7243300058679404
2012-07-17,TS,BP,252,0.7248422783290137
2012-07-18,TS,BP,252,0.7244038959360739
2012-07-19,TS,BP,252,0.7234275846230083
2012-07-20,TS,BP,252,0.7237078198875199
2012-07-23,TS,BP,252,0.722757349620831
2012-07-24,TS,BP,252,0.7246597485567547
2012-07-25,TS,BP,252,0.7295991252338528
2012-07-26,TS,BP,252,0.729406718534026
2012-07-27,TS,BP,252,0.7331019307197906
2012-07-30,TS,BP,252,0.7328798301286922
2012-07-31,TS,BP,252,0.7306389625955159
2012-08-01,TS,BP,252,0.7315510348787275
2012-08-02,TS,BP,252,0.7317720326496626
2012-08-03,TS,BP,252,0.7214191294678746
2012-08-06,TS,BP,252,0.7255703253480132
2012-08-07,TS,BP,252,0.7094808872155605
2012-08-08,TS,BP,252,0.7038818100285221
2012-08-09,TS,BP,252,0.6972487811118602
2012-08-10,TS,BP,252,0.6950462717030822
2012-08-13,TS,BP,252,0.6954357548947141
2012-08-14,TS,BP,252,0.6949176171481699
2012-08-15,TS,BP,252,0.6953698705603467
2012-08-16,TS,BP,252,0.6955187709104617
2012-08-17,TS,BP,252,0.6894012301677822
2012-08-20,TS,BP,252,0.687242732954564
2012-08-21,TS,BP,252,0.6864993184439205
2012-08-22,TS,BP,252,0.6884555904817883
2012-08-23,TS,BP,252,0.6907459973838774
2012-08-24,TS,BP,252,0.6941708324349695
2012-08-27,TS,BP,252,0.6942334710624429
2012-08-28,TS,BP,252,0.6949485010753783
2012-08-29,TS,BP,252,0.6942643108497163
2012-08-30,TS,BP,252,0.6948942478623302
2012-08-31,TS,BP,252,0.6957561373711816
2012-09-04,TS,BP,252,0.6938323883780093
2012-09-05,TS,BP,252,0.6937815379938786
2012-09-06,TS,BP,252,0.6919970218174749
2012-09-07,TS,BP,252,0.6924139385963446
2012-09-10,TS,BP,252,0.6882747697394221
2012-09-11,TS,BP,252,0.6897094162533981
2012-09-12,TS,BP,252,0.6900709428515542
2012-09-13,TS,BP,252,0.6959365465243493
2012-09-14,TS,BP,252,0.6951939355415369
2012-09-17,TS,BP,252,0.6959447254808675
2012-09-18,TS,BP,252,0.6933351146660205
2012-09-19,TS,BP,252,0.6928924821640943
2012-09-20,TS,BP,252,0.6835746456706935
2012-09-21,TS,BP,252,0.6775357123866944
2012-09-24,TS,BP,252,0.6767015518457921
2012-09-25,TS,BP,252,0.6748164240370138
2012-09-26,TS,BP,252,0.6768358262227834
2012-09-27,TS,BP,252,0.673094561870142
2012-09-28,TS,BP,252,0.674449147014475
2012-10-01,TS,BP,252,0.6731326735659551
2012-10-02,TS,BP,252,0.6700211261916316
2012-10-03,TS,BP,252,0.671918212848294
2012-10-04,TS,BP,252,0.6648534608906379
2012-10-05,TS,BP,252,0.6672387883075719
2012-10-08,TS,BP,252,0.6717058652582102
2012-10-09,TS,BP,252,0.6676834352476833
2012-10-10,TS,BP,252,0.6682267783783604
2012-10-11,TS,BP,252,0.6680576767309488
2012-10-12,TS,BP,252,0.6683489664818061
2012-10-15,TS,BP,252,0.6652162614419379
2012-10-16,TS,BP,252,0.6688183294511839
2012-10-17,TS,BP,252,0.6683356467498914
2012-10-18,TS,BP,252,0.6671427961855375
2012-10-19,TS,BP,252,0.6704686650996142
2012-10-22,TS,BP,252,0.6672246740789763
2012-10-23,TS,BP,252,0.6800371478364023
2012-10-24,TS,BP,252,0.6882611379983911
2012-10-25,TS,BP,252,0.6895483335436454
2012-10-26,TS,BP,252,0.6964556044198723
2012-10-31,TS,BP,252,0.6887588342019703
2012-11-01,TS,BP,252,0.6821214349333696
2012-11-02,TS,BP,252,0.6769919620889804
2012-11-05,TS,BP,252,0.6735773129962218
2012-11-06,TS,BP,252,0.6823250362355958
2012-11-07,TS,BP,252,0.6843077192119652
2012-11-08,TS,BP,252,0.6816381332016355
2012-11-09,TS,BP,252,0.6818060719698631
2012-11-12,TS,BP,252,0.6716430109882202
2012-11-13,TS,BP,252,0.670692487337798
2012-11-14,TS,BP,252,0.6677425021703385
2012-11-15,TS,BP,252,0.6669511147097924
2012-11-16,TS,BP,252,0.6646872967200064
2012-11-19,TS,BP,252,0.6660391169238222
2012-11-20,TS,BP,252,0.6634582350216449
2012-11-21,TS,BP,252,0.6642657928190148
2012-11-23,TS,BP,252,0.6631122067161712
2012-11-26,TS,BP,252,0.664185361009105
2012-11-27,TS,BP,252,0.6599205556430526
2012-11-28,TS,BP,252,0.6595784704876125
2012-11-29,TS,BP,252,0.6497296948495562
2012-11-30,TS,BP,252,0.6519991889496951
2012-12-03,TS,BP,252,0.6347548812345106
2012-12-04,TS,BP,252,0.6381894630530792
2012-12-05,TS,BP,252,0.6397173882519028
2012-12-06,TS,BP,252,0.6391330659882898
2012-12-07,TS,BP,252,0.6394545663823757
2012-12-10,TS,BP,252,0.63845399588621
2012-12-11,TS,BP,252,0.6340242438676297
2012-12-12,TS,BP,252,0.6329922801148857
2012-12-13,TS,BP,252,0.6296280991859475
2012-12-14,TS,BP,252,0.6290787271088741
2012-12-17,TS,BP,252,0.6274289389278744
2012-12-18,TS,BP,252,0.6278852391842094
2012-12-19,TS,BP,252,0.6281307281068008
2012-12-20,TS,BP,252,0.6276348874894251
2012-12-21,TS,BP,252,0.6190425523304347
2012-12-24,TS,BP,252,0.6191763367003632
2012-12-26,TS,BP,252,0.6175783352921759
2012-12-27,TS,BP,252,0.6167329886049864
2012-12-28,TS,BP,252,0.6177182833888643
2012-12-31,TS,BP,252,0.6166319258084847
2013-01-02,TS,BP,252,0.6180103239695632
2013-01-03,TS,BP,252,0.6114666312053262
2013-01-04,TS,BP,252,0.6005050524004131
2013-01-07,TS,BP,252,0.6020466291893241
2013-01-08,TS,BP,252,0.6003568830182743
2013-01-09,TS,BP,252,0.6001868932552646
2013-01-10,TS,BP,252,0.5998999743625376
2013-01-11,TS,BP,252,0.5971878555119189
2013-01-14,TS,BP,252,0.5997611472313753
2013-01-15,TS,BP,252,0.5998892949219262
2013-01-16,TS,BP,252,0.5985016317782431
2013-01-17,TS,BP,252,0.5987086597658966
2013-01-18,TS,BP,252,0.5983814458867169
2013-01-22,TS,BP,252,0.5962728351248618
2013-01-23,TS,BP,252,0.5951282645745196
2013-01-24,TS,BP,252,0.5948760801011929
2013-01-25,TS,BP,252,0.5943888191546076
2013-01-28,TS,BP,252,0.5924656497483383
2013-01-29,TS,BP,252,0.5913687345171774
2013-01-30,TS,BP,252,0.5975482147428127
2013-01-31,TS,BP,252,0.5986223312430253
2013-02-01,TS,BP,252,0.6131316938854786
2013-02-04,TS,BP,252,0.6207197434790998
2013-02-05,TS,BP,252,0.6210083755939565
2013-02-06,TS,BP,252,0.6269991063036736
2013-02-07,TS,BP,252,0.6331377994984592
2013-02-08,TS,BP,252,0.6354211381752357
2013-02-11,TS,BP,252,0.6351140345406614
2013-02-12,TS,BP,252,0.6394519347147254
2013-02-13,TS,BP,252,0.6357250622364088
2013-02-14,TS,BP,252,0.6347359168989547
2013-02-15,TS,BP,252,0.6380772310153172
2013-02-19,TS,BP,252,0.6364382831332897
2013-02-20,TS,BP,252,0.6343113475713871
2013-02-21,TS,BP,252,0.6365330100309479
2013-02-22,TS,BP,252,0.6423382471398729
2013-02-25,TS,BP,252,0.6555646959306568
2013-02-26,TS,BP,252,0.6616403981401936
2013-02-27,TS,BP,252,0.6592044097651089
2013-02-28,TS,BP,252,0.6654012803311121
2013-03-01,TS,BP,252,0.6671101060305314
2013-03-04,TS,BP,252,0.6664170043564923
2013-03-05,TS,BP,252,0.6661842144640222
2013-03-06,TS,BP,252,0.6664720738332752
2013-03-07,TS,BP,252,0.6699396234341906
2013-03-08,TS,BP,252,0.6600899377311288
2013-03-11,TS,BP,252,0.6594106931722761
2013-03-12,TS,BP,252,0.6598984198017351
2013-03-13,TS,BP,252,0.6608386427654948
2013-03-14,TS,BP,252,0.6630769179593263
2013-03-15,TS,BP,252,0.6610448971344246
2013-03-18,TS,BP,252,0.6602824303484959
2013-03-19,TS,BP,252,0.6605714101890661
2013-03-20,TS,BP,252,0.6587791630791309
2013-03-21,TS,BP,252,0.6564223749002777
2013-03-22,TS,BP,252,0.653914613610166
2013-03-25,TS,BP,252,0.6542354487786963
2013-03-26,TS,BP,252,0.652392898749246
2013-03-27,TS,BP,252,0.6518881578659262
2013-03-28,TS,BP,252,0.6502023887220839
2013-04-01,TS,BP,252,0.648352657614373
2013-04-02,TS,BP,252,0.6484601009561084
2013-04-03,TS,BP,252,0.6478309660585073
2013-04-04,TS,BP,252,0.6503477511559869
2013-04-05,TS,BP,252,0.6504624994281983
2013-04-08,TS,BP,252,0.6467886151849205
2013-04-09,TS,BP,252,0.6416276709632912
2013-04-10,TS,BP,252,0.6393384362479402
2013-04-11,TS,BP,252,0.6401394215714393
2013-04-12,TS,BP,252,0.6344177984818484
2013-04-15,TS,BP,252,0.6427515400936081
2013-04-16,TS,BP,252,0.6392605439064003
2013-04-17,TS,BP,252,0.6345924278364709
2013-04-18,TS,BP,252,0.6334100615710738
2013-04-19,TS,BP,252,0.6290905185761715
2013-04-22,TS,BP,252,0.6291733919975064
2013-04-23,TS,BP,252,0.6273004960213188
2013-04-24,TS,BP,252,0.6283087502368446
2013-04-25,TS,BP,252,0.628220694758712
2013-04-26,TS,BP,252,0.6298970487908653
2013-04-29,TS,BP,252,0.6328594819272568
2013-04-30,TS,BP,252,0.6271960478890517
2013-05-01,TS,BP,252,0.6274178149572596
2013-05-02,TS,BP,252,0.6191572999169827
2013-05-03,TS,BP,252,0.6240368830059176
2013-05-06,TS,BP,252,0.6235571120852567
2013-05-07,TS,BP,252,0.623047358598859
2013-05-08,TS,BP,252,0.6159809259961101
2013-05-09,TS,BP,252,0.6161857521515001
2013-05-10,TS,BP,252,0.6168086631622983
2013-05-13,TS,BP,252,0.6185310874066696
2013-05-14,TS,BP,252,0.6238211222385889
2013-05-15,TS,BP,252,0.6238663208939021
2013-05-16,TS,BP,252,0.6221059580783022
2013-05-17,TS,BP,252,0.6207307611795453
2013-05-20,TS,BP,252,0.620771197272096
2013-05-21,TS,BP,252,0.6227246828140521
2013-05-22,TS,BP,252,0.6217616917794295
2013-05-23,TS,BP,252,0.6175126306888704
2013-05-24,TS,BP,252,0.6183972397360794
2013-05-28,TS,BP,252,0.6209140545871327
2013-05-29,TS,BP,252,0.6245181742236144
2013-05-30,TS,BP,252,0.6244449280927011
2013-05-31,TS,BP,252,0.6356985933924302
2013-06-03,TS,BP,252,0.6261652433315448
2013-06-04,TS,BP,252,0.6233526680270715
2013-06-05,TS,BP,252,0.6303319752362821
2013-06-06,TS,BP,252,0.6311889749082465
2013-06-07,TS,BP,252,0.6314410506552741
2013-06-10,TS,BP,252,0.6196265916354792
2013-06-11,TS,BP,252,0.6191142076787249
2013-06-12,TS,BP,252,0.6187898604825727
2013-06-13,TS,BP,252,0.6229153030606875
2013-06-14,TS,BP,252,0.6196736565652454
2013-06-17,TS,BP,252,0.620121770000135
2013-06-18,TS,BP,252,0.6176952319979543
2013-06-19,TS,BP,252,0.6121397818548928
2013-06-20,TS,BP,252,0.6163573272466738
2013-06-21,TS,BP,252,0.6130238886111914
2013-06-24,TS,BP,252,0.6128713347385314
2013-06-25,TS,BP,252,0.6054152258800829
2013-06-26,TS,BP,252,0.6117539716743767
2013-06-27,TS,BP,252,0.6044126176300061
2013-06-28,TS,BP,252,0.6051934376002878
2013-07-01,TS,BP,252,0.6008770170287743
2013-07-02,TS,BP,252,0.5562442348001645
2013-07-03,TS,BP,252,0.5311912894159743
2013-07-05,TS,BP,252,0.5310097985880569
2013-07-08,TS,BP,252,0.5340239737732371
2013-07-09,TS,BP,252,0.5294606805593647
2013-07-10,TS,BP,252,0.5219954182721478
2013-07-11,TS,BP,252,0.5234286429598378
2013-07-12,TS,BP,252,0.525333323614202
2013-07-15,TS,BP,252,0.5285594800451707
2013-07-16,TS,BP,252,0.5293863352760139
2013-07-17,TS,BP,252,0.5237665201636823
2013-07-18,TS,BP,252,0.524530002201734
2013-07-19,TS,BP,252,0.5217260471729325
2013-07-22,TS,BP,252,0.5214463354037344
2013-07-23,TS,BP,252,0.5221642592027009
2013-07-24,TS,BP,252,0.5209557798317375
2013-07-25,TS,BP,252,0.5198697916274706
2013-07-26,TS,BP,252,0.5161658984987297
2013-07-29,TS,BP,252,0.5186384505239787
2013-07-30,TS,BP,252,0.4721241840758956
2013-07-31,TS,BP,252,0.4696241304849493
2013-08-01,TS,BP,252,0.4703955535483664
2013-08-02,TS,BP,252,0.4634856779183809
2013-08-05,TS,BP,252,0.46303280966546695
2013-08-06,TS,BP,252,0.46233057052873494
2013-08-07,TS,BP,252,0.4467630373253159
2013-08-08,TS,BP,252,0.4433559983073853
2013-08-09,TS,BP,252,0.4404284445664446
2013-08-12,TS,BP,252,0.4406492617572348
2013-08-13,TS,BP,252,0.4420052874469602
2013-08-14,TS,BP,252,0.4417259141451173
2013-08-15,TS,BP,252,0.44096642104657285
2013-08-16,TS,BP,252,0.44106884740780533
2013-08-19,TS,BP,252,0.44322338023632385
2013-08-20,TS,BP,252,0.440693179368151
2013-08-21,TS,BP,252,0.44228021010264557
2013-08-22,TS,BP,252,0.44468623291584286
2013-08-23,TS,BP,252,0.4468207945306617
2013-08-26,TS,BP,252,0.447362870752493
2013-08-27,TS,BP,252,0.4414892040264615
2013-08-28,TS,BP,252,0.4436974476186652
2013-08-29,TS,BP,252,0.4457760050082722
2013-08-30,TS,BP,252,0.4467947663466498
2013-09-03,TS,BP,252,0.4484124805252976
2013-09-04,TS,BP,252,0.4486217332776317
2013-09-05,TS,BP,252,0.4491398147554505
2013-09-06,TS,BP,252,0.4480130516275586
2013-09-09,TS,BP,252,0.4486815987113027
2013-09-10,TS,BP,252,0.4427941606819771
2013-09-11,TS,BP,252,0.4409072043054418
2013-09-12,TS,BP,252,0.44446197052138364
2013-09-13,TS,BP,252,0.44258447897481323
2013-09-16,TS,BP,252,0.4433028881764299
2013-09-17,TS,BP,252,0.4372126137683075
2013-09-18,TS,BP,252,0.43968008823073246
2013-09-19,TS,BP,252,0.4358482447838007
2013-09-20,TS,BP,252,0.4304324225543617
2013-09-23,TS,BP,252,0.4334282462405818
2013-09-24,TS,BP,252,0.4388799870828816
2013-09-25,TS,BP,252,0.4389705895119238
2013-09-26,TS,BP,252,0.4401987553484734
2013-09-27,TS,BP,252,0.43361007670154467
2013-09-30,TS,BP,252,0.43241615142239304
2013-10-01,TS,BP,252,0.42857017068433767
2013-10-02,TS,BP,252,0.4226898733782497
2013-10-03,TS,BP,252,0.42416532599207085
2013-10-04,TS,BP,252,0.4202329931728852
2013-10-07,TS,BP,252,0.41568719281792793
2013-10-08,TS,BP,252,0.4191762652309867
2013-10-09,TS,BP,252,0.41847447166793167
2013-10-10,TS,BP,252,0.4205291348557768
2013-10-11,TS,BP,252,0.41897731703878127
2013-10-14,TS,BP,252,0.4186776667414505
2013-10-15,TS,BP,252,0.4168041209436948
2013-10-16,TS,BP,252,0.41581015565833956
2013-10-17,TS,BP,252,0.4168738598770332
2013-10-18,TS,BP,252,0.41365463769758637
2013-10-21,TS,BP,252,0.4068827832053637
2013-10-22,TS,BP,252,0.4063063588373207
2013-10-23,TS,BP,252,0.40280952396821246
2013-10-24,TS,BP,252,0.40499007376654195
2013-10-25,TS,BP,252,0.39624919701905614
2013-10-28,TS,BP,252,0.3989744554692342
2013-10-29,TS,BP,252,0.38764024022913074
2013-10-30,TS,BP,252,0.3809931297980109
2013-10-31,TS,BP,252,0.39367903984083924
2013-11-01,TS,BP,252,0.39557966460651833
2013-11-04,TS,BP,252,0.39365317328516675
2013-11-05,TS,BP,252,0.3923688574869027
2013-11-06,TS,BP,252,0.4007992757781964
2013-11-07,TS,BP,252,0.40194515289943084
2013-11-08,TS,BP,252,0.40523260624838453
2013-11-11,TS,BP,252,0.405286912354838
2013-11-12,TS,BP,252,0.40695924371591136
2013-11-13,TS,BP,252,0.40615378773877703
2013-11-14,TS,BP,252,0.40462335644263686
2013-11-15,TS,BP,252,0.40764847777685326
2013-11-18,TS,BP,252,0.41073404840179784
2013-11-19,TS,BP,252,0.4010890821369052
2013-11-20,TS,BP,252,0.40169686754567685
2013-11-21,TS,BP,252,0.3999226566361156
2013-11-22,TS,BP,252,0.3952945101999545
2013-11-25,TS,BP,252,0.3962280837107514
2013-11-26,TS,BP,252,0.39654368808276746
2013-11-27,TS,BP,252,0.39521927820403047
2013-11-29,TS,BP,252,0.3985810085463709
2013-12-02,TS,BP,252,0.4006334576610241
2013-12-03,TS,BP,252,0.39963402583218366
2013-12-04,TS,BP,252,0.397076250386898
2013-12-05,TS,BP,252,0.39504348030904674
2013-12-06,TS,BP,252,0.39626501261162067
2013-12-09,TS,BP,252,0.39460720871806393
2013-12-10,TS,BP,252,0.3970079959198772
2013-12-11,TS,BP,252,0.39500242966458743
2013-12-12,TS,BP,252,0.3905723640876727
2013-12-13,TS,BP,252,0.38854476726746656
2013-12-16,TS,BP,252,0.39150004130697563
2013-12-17,TS,BP,252,0.39658788651535276
2013-12-18,TS,BP,252,0.3984804878496355
2013-12-19,TS,BP,252,0.4002796871223906
2013-12-20,TS,BP,252,0.3964517137997531
2013-12-23,TS,BP,252,0.3932948263509711
2013-12-24,TS,BP,252,0.39313541845474087
2013-12-26,TS,BP,252,0.39300285853842953
2013-12-27,TS,BP,252,0.39482006509818857
2013-12-30,TS,BP,252,0.3909106451850994
2013-12-31,TS,BP,252,0.387949866402573
2014-01-02,TS,BP,252,0.3871847315038648
2014-01-03,TS,BP,252,0.39792259019617515
2014-01-06,TS,BP,252,0.3961328946200164
2014-01-07,TS,BP,252,0.3907672930247155
2014-01-08,TS,BP,252,0.38895661641362766
2014-01-09,TS,BP,252,0.3860531899277578
2014-01-10,TS,BP,252,0.3873993401390173
2014-01-13,TS,BP,252,0.395968775045086
2014-01-14,TS,BP,252,0.39489606645643577
2014-01-15,TS,BP,252,0.3950514731395357
2014-01-16,TS,BP,252,0.396131614040999
2014-01-17,TS,BP,252,0.3965545772050655
2014-01-21,TS,BP,252,0.39850462941822545
2014-01-22,TS,BP,252,0.40260401250178923
2014-01-23,TS,BP,252,0.3930890360060667
2014-01-24,TS,BP,252,0.40559925614758996
2014-01-27,TS,BP,252,0.40938988545577093
2014-01-28,TS,BP,252,0.4127226506167979
2014-01-29,TS,BP,252,0.41476023529180384
2014-01-30,TS,BP,252,0.41288235849821264
2014-01-31,TS,BP,252,0.41655233859034796
2014-02-03,TS,BP,252,0.4247050988385342
2014-02-04,TS,BP,252,0.4057895056280703
2014-02-05,TS,BP,252,0.4057406538266396
2014-02-06,TS,BP,252,0.4235264418475871
2014-02-07,TS,BP,252,0.41933939738623477
2014-02-10,TS,BP,252,0.4195954744422507
2014-02-11,TS,BP,252,0.42840301910016626
2014-02-12,TS,BP,252,0.4272642491456403
2014-02-13,TS,BP,252,0.43308534349265937
2014-02-14,TS,BP,252,0.434634692490548
2014-02-18,TS,BP,252,0.4288613670023265
2014-02-19,TS,BP,252,0.4203218066810539
2014-02-20,TS,BP,252,0.4203710812220141
2014-02-21,TS,BP,252,0.4173306365913651
2014-02-24,TS,BP,252,0.4069906815708465
2014-02-25,TS,BP,252,0.3807845846278803
2014-02-26,TS,BP,252,0.3808664560855032
2014-02-27,TS,BP,252,0.38280110159342534
2014-02-28,TS,BP,252,0.3808596534226722
2014-03-03,TS,BP,252,0.38606517791213146
2014-03-04,TS,BP,252,0.38775837863121715
2014-03-05,TS,BP,252,0.38463498002356444
2014-03-06,TS,BP,252,0.3832562420568804
2014-03-07,TS,BP,252,0.38431752579186257
2014-03-10,TS,BP,252,0.38418484193622654
2014-03-11,TS,BP,252,0.3851188069195641
2014-03-12,TS,BP,252,0.3848251282662924
2014-03-13,TS,BP,252,0.3867879758871426
2014-03-14,TS,BP,252,0.38188040144256913
2014-03-17,TS,BP,252,0.38085108805312223
2014-03-18,TS,BP,252,0.3770702605838546
2014-03-19,TS,BP,252,0.3785139452336709
2014-03-20,TS,BP,252,0.3739653262447535
2014-03-21,TS,BP,252,0.37585470320245573
2014-03-24,TS,BP,252,0.3742851791050629
2014-03-25,TS,BP,252,0.3759278008382434
2014-03-26,TS,BP,252,0.375482139818617
2014-03-27,TS,BP,252,0.37490431490387877
2014-03-28,TS,BP,252,0.37655843399718264
2014-03-31,TS,BP,252,0.37192354760029894
2014-04-01,TS,BP,252,0.37236051208763626
2014-04-02,TS,BP,252,0.3726313911605066
2014-04-03,TS,BP,252,0.3682714193079366
2014-04-04,TS,BP,252,0.36859002260285684
2014-04-07,TS,BP,252,0.37403483409203775
2014-04-08,TS,BP,252,0.3736838112454613
2014-04-09,TS,BP,252,0.37671810946042705
2014-04-10,TS,BP,252,0.37892093006724464
2014-04-11,TS,BP,252,0.37514881733265903
2014-04-14,TS,BP,252,0.3630624051114865
2014-04-15,TS,BP,252,0.36175705973228206
2014-04-16,TS,BP,252,0.3605303094381798
2014-04-17,TS,BP,252,0.36053958725615176
2014-04-21,TS,BP,252,0.36296702949814597
2014-04-22,TS,BP,252,0.3622207820277482
2014-04-23,TS,BP,252,0.359562791691859
2014-04-24,TS,BP,252,0.3536458601532676
2014-04-25,TS,BP,252,0.353398754470508
2014-04-28,TS,BP,252,0.34981265152188673
2014-04-29,TS,BP,252,0.3447526094072586
2014-04-30,TS,BP,252,0.33402735212527157
2014-05-01,TS,BP,252,0.3328938627052884
2014-05-02,TS,BP,252,0.3447870250230391
2014-05-05,TS,BP,252,0.3435449526592572
2014-05-06,TS,BP,252,0.34392813340985406
2014-05-07,TS,BP,252,0.34642474677487417
2014-05-08,TS,BP,252,0.346881824402344
2014-05-09,TS,BP,252,0.34746638063504925
2014-05-12,TS,BP,252,0.3480424775594329
2014-05-13,TS,BP,252,0.34863047313711126
2014-05-14,TS,BP,252,0.3488745486550111
2014-05-15,TS,BP,252,0.3413160567688082
2014-05-16,TS,BP,252,0.3414845490585273
2014-05-19,TS,BP,252,0.34087515320474165
2014-05-20,TS,BP,252,0.34203446723548525
2014-05-21,TS,BP,252,0.343987622286738
2014-05-22,TS,BP,252,0.3422144797007474
2014-05-23,TS,BP,252,0.3413920571305044
2014-05-27,TS,BP,252,0.33672358072553277
2014-05-28,TS,BP,252,0.3368055959853207
2014-05-29,TS,BP,252,0.33640212709704365
2014-05-30,TS,BP,252,0.33560261769033933
2014-06-02,TS,BP,252,0.3323300236150698
2014-06-03,TS,BP,252,0.3290548002744994
2014-06-04,TS,BP,252,0.32967850745908206
2014-06-05,TS,BP,252,0.3282261800464397
2014-06-06,TS,BP,252,0.33078079097930174
2014-06-09,TS,BP,252,0.3306959919619093
2014-06-10,TS,BP,252,0.3266316322195601
2014-06-11,TS,BP,252,0.32365141632118377
2014-06-12,TS,BP,252,0.32074561417204184
2014-06-13,TS,BP,252,0.31915454811864574
2014-06-16,TS,BP,252,0.3164749540300437
2014-06-17,TS,BP,252,0.31433048145922976
2014-06-18,TS,BP,252,0.3150443559446922
2014-06-19,TS,BP,252,0.3181442803750286
2014-06-20,TS,BP,252,0.3049889060913443
2014-06-23,TS,BP,252,0.3055000871264951
2014-06-24,TS,BP,252,0.30412071201052715
2014-06-25,TS,BP,252,0.3034107626471353
2014-06-26,TS,BP,252,0.3034481490224281
2014-06-27,TS,BP,252,0.305089837883195
2014-06-30,TS,BP,252,0.3049387163159323
2014-07-01,TS,BP,252,0.3069552949838166
2014-07-02,TS,BP,252,0.34955864543432247
2014-07-03,TS,BP,252,0.34433013860509126
2014-07-07,TS,BP,252,0.34320343075912857
2014-07-08,TS,BP,252,0.34462646153228127
2014-07-09,TS,BP,252,0.346809242091668
2014-07-10,TS,BP,252,0.35161871391028354
2014-07-11,TS,BP,252,0.3438368421217921
2014-07-14,TS,BP,252,0.3333732949622994
2014-07-15,TS,BP,252,0.33322556514518603
2014-07-16,TS,BP,252,0.33356206990108667
2014-07-17,TS,BP,252,0.34335234692212663
2014-07-18,TS,BP,252,0.34110700937728045
2014-07-21,TS,BP,252,0.34263998061778894
2014-07-22,TS,BP,252,0.34385507409353516
2014-07-23,TS,BP,252,0.3434597392550864
2014-07-24,TS,BP,252,0.3429156411586477
2014-07-25,TS,BP,252,0.3453849257226307
2014-07-28,TS,BP,252,0.3467106801998899
2014-07-29,TS,BP,252,0.3326391341569052
2014-07-30,TS,BP,252,0.37395843127197553
2014-07-31,TS,BP,252,0.3809596633886267
2014-08-01,TS,BP,252,0.37961394234197826
2014-08-04,TS,BP,252,0.38235422243237255
2014-08-05,TS,BP,252,0.3843900374864633
2014-08-06,TS,BP,252,0.3844101562094113
2014-08-07,TS,BP,252,0.3906987594440862
2014-08-08,TS,BP,252,0.3892089170723775
2014-08-11,TS,BP,252,0.38964330521453994
2014-08-12,TS,BP,252,0.3893646762830637
2014-08-13,TS,BP,252,0.38618302848876035
2014-08-14,TS,BP,252,0.3843532620077331
2014-08-15,TS,BP,252,0.38396691622597096
2014-08-18,TS,BP,252,0.3857277607183143
2014-08-19,TS,BP,252,0.3824961254500273
2014-08-20,TS,BP,252,0.38356989177632966
2014-08-21,TS,BP,252,0.3814723345814983
2014-08-22,TS,BP,252,0.3787310295104247
2014-08-25,TS,BP,252,0.3805961629379701
2014-08-26,TS,BP,252,0.3779878472714232
2014-08-27,TS,BP,252,0.3816648070302312
2014-08-28,TS,BP,252,0.3822475514122196
2014-08-29,TS,BP,252,0.37851318061468336
2014-09-02,TS,BP,252,0.3702967085003259
2014-09-03,TS,BP,252,0.3715358960297979
2014-09-04,TS,BP,252,0.34628357855812436
2014-09-05,TS,BP,252,0.3454614981847192
2014-09-08,TS,BP,252,0.34906578862262266
2014-09-09,TS,BP,252,0.35001324127675576
2014-09-10,TS,BP,252,0.34439405690461017
2014-09-11,TS,BP,252,0.3382120618153658
2014-09-12,TS,BP,252,0.3362979821051195
2014-09-15,TS,BP,252,0.3364685299111675
2014-09-16,TS,BP,252,0.33675117287856315
2014-09-17,TS,BP,252,0.33747833068069694
2014-09-18,TS,BP,252,0.33406909161564147
2014-09-19,TS,BP,252,0.3354039142644232
2014-09-22,TS,BP,252,0.339245617702589
2014-09-23,TS,BP,252,0.3399762753429856
2014-09-24,TS,BP,252,0.3383265889997129
2014-09-25,TS,BP,252,0.34499907975154154
2014-09-26,TS,BP,252,0.34696507974420077
2014-09-29,TS,BP,252,0.3525229454110509
2014-09-30,TS,BP,252,0.35284299661597396
2014-10-01,TS,BP,252,0.3554360517165958
2014-10-02,TS,BP,252,0.35822921601988506
2014-10-03,TS,BP,252,0.36436343579336294
2014-10-06,TS,BP,252,0.3650604952931975
2014-10-07,TS,BP,252,0.3666977097592945
2014-10-08,TS,BP,252,0.3636815962900416
2014-10-09,TS,BP,252,0.3749925097996076
2014-10-10,TS,BP,252,0.3738021979735169
2014-10-13,TS,BP,252,0.37474471547058436
2014-10-14,TS,BP,252,0.37769901039516085
2014-10-15,TS,BP,252,0.3791552832914371
2014-10-16,TS,BP,252,0.3779425952936243
2014-10-17,TS,BP,252,0.36341006377169194
2014-10-20,TS,BP,252,0.3647430260535097
2014-10-21,TS,BP,252,0.37219764128364485
2014-10-22,TS,BP,252,0.37943918004810484
2014-10-23,TS,BP,252,0.38538928444586806
2014-10-24,TS,BP,252,0.3846984652934826
2014-10-27,TS,BP,252,0.3852317093029986
2014-10-28,TS,BP,252,0.39313605547968095
2014-10-29,TS,BP,252,0.39831721726793057
2014-10-30,TS,BP,252,0.40498121436661516
2014-10-31,TS,BP,252,0.408819010530021
2014-11-03,TS,BP,252,0.41266418337489996
2014-11-04,TS,BP,252,0.41999125354559985
2014-11-05,TS,BP,252,0.42440732693284305
2014-11-06,TS,BP,252,0.4132184902095674
2014-11-07,TS,BP,252,0.4057197930332503
2014-11-10,TS,BP,252,0.4066863100720574
2014-11-11,TS,BP,252,0.4055505961086348
2014-11-12,TS,BP,252,0.4085261457883259
2014-11-13,TS,BP,252,0.4097269138956397
2014-11-14,TS,BP,252,0.41153252096362636
2014-11-17,TS,BP,252,0.407338675760297
2014-11-18,TS,BP,252,0.4095156893489513
2014-11-19,TS,BP,252,0.40394887631266163
2014-11-20,TS,BP,252,0.4050131380132982
2014-11-21,TS,BP,252,0.40987214725343296
2014-11-24,TS,BP,252,0.4128400052166714
2014-11-25,TS,BP,252,0.4082764611500848
2014-11-26,TS,BP,252,0.4074889650752085
2014-11-28,TS,BP,252,0.47100055022040893
2014-12-01,TS,BP,252,0.46279183003519997
2014-12-02,TS,BP,252,0.4564869257513575
2014-12-03,TS,BP,252,0.45847962433053735
2014-12-04,TS,BP,252,0.4620193879262283
2014-12-05,TS,BP,252,0.464456016052117
2014-12-08,TS,BP,252,0.4743689162905017
2014-12-09,TS,BP,252,0.470152798388063
2014-12-10,TS,BP,252,0.47483380016232263
2014-12-11,TS,BP,252,0.474563158090901
2014-12-12,TS,BP,252,0.49000226971582517
2014-12-15,TS,BP,252,0.4941977224285694
2014-12-16,TS,BP,252,0.501601703885493
2014-12-17,TS,BP,252,0.50869933048908
2014-12-18,TS,BP,252,0.5072196960029877
2014-12-19,TS,BP,252,0.5082725593794797
2014-12-22,TS,BP,252,0.5116493628168501
2014-12-23,TS,BP,252,0.5129998836462211
2014-12-24,TS,BP,252,0.5129121853904731
2014-12-26,TS,BP,252,0.512324865523509
2014-12-29,TS,BP,252,0.5116649376405294
2014-12-30,TS,BP,252,0.5077902823752187
2014-12-31,TS,BP,252,0.5080794177934271
2015-01-02,TS,BP,252,0.505384869149485
2015-01-05,TS,BP,252,0.5287487742878136
2015-01-06,TS,BP,252,0.5298901432565782
2015-01-07,TS,BP,252,0.5308801401700441
2015-01-08,TS,BP,252,0.5353900119850312
2015-01-09,TS,BP,252,0.5375897433273058
2015-01-12,TS,BP,252,0.5393434515363599
2015-01-13,TS,BP,252,0.5379455023488835
2015-01-14,TS,BP,252,0.5379183699332849
2015-01-15,TS,BP,252,0.5380586753469471
2015-01-16,TS,BP,252,0.5448745711558213
2015-01-20,TS,BP,252,0.5445295465628317
2015-01-21,TS,BP,252,0.5492622246334835
2015-01-22,TS,BP,252,0.5491063829331592
2015-01-23,TS,BP,252,0.5530223400313071
2015-01-26,TS,BP,252,0.5545248890473273
2015-01-27,TS,BP,252,0.5540652289850804
2015-01-28,TS,BP,252,0.5638572249115298
2015-01-29,TS,BP,252,0.5622337256940984
2015-01-30,TS,BP,252,0.5620219266828039
2015-02-02,TS,BP,252,0.5685007758584836
2015-02-03,TS,BP,252,0.5766633939537326
2015-02-04,TS,BP,252,0.578630365248356
2015-02-05,TS,BP,252,0.582961144852212
2015-02-06,TS,BP,252,0.5748232262152195
2015-02-09,TS,BP,252,0.5757882085278453
2015-02-10,TS,BP,252,0.5762637261790458
2015-02-11,TS,BP,252,0.5712931110057936
2015-02-12,TS,BP,252,0.574804752600713
2015-02-13,TS,BP,252,0.5754693195396501
2015-02-17,TS,BP,252,0.5747668095371523
2015-02-18,TS,BP,252,0.5782112587076004
2015-02-19,TS,BP,252,0.5947202220999444
2015-02-20,TS,BP,252,0.5943290197980294
2015-02-23,TS,BP,252,0.5953057034974067
2015-02-24,TS,BP,252,0.5958295489431225
2015-02-25,TS,BP,252,0.5978366791771215
2015-02-26,TS,BP,252,0.5975416039116627
2015-02-27,TS,BP,252,0.5975926091202746
2015-03-02,TS,BP,252,0.5971645489861696
2015-03-03,TS,BP,252,0.5960405513421957
2015-03-04,TS,BP,252,0.5960508025765442
2015-03-05,TS,BP,252,0.5962321414027697
2015-03-06,TS,BP,252,0.5974296173491145
2015-03-09,TS,BP,252,0.5951637845033451
2015-03-10,TS,BP,252,0.6046776218718486
2015-03-11,TS,BP,252,0.6005979626255719
2015-03-12,TS,BP,252,0.6001353083502187
2015-03-13,TS,BP,252,0.6013097685248283
2015-03-16,TS,BP,252,0.6012883078668748
2015-03-17,TS,BP,252,0.6024319087327561
2015-03-18,TS,BP,252,0.6122868911397241
2015-03-19,TS,BP,252,0.612730748284797
2015-03-20,TS,BP,252,0.6238096487932285
2015-03-23,TS,BP,252,0.623364146967892
2015-03-24,TS,BP,252,0.6218538362806231
2015-03-25,TS,BP,252,0.6227120439823289
2015-03-26,TS,BP,252,0.6231424125751069
2015-03-27,TS,BP,252,0.623459011435045
2015-03-30,TS,BP,252,0.6226752968719586
2015-03-31,TS,BP,252,0.6246628663432571
2015-04-01,TS,BP,252,0.6244093841916621
2015-04-02,TS,BP,252,0.6247854011461444
2015-04-06,TS,BP,252,0.6263326333695303
2015-04-07,TS,BP,252,0.626317707421992
2015-04-08,TS,BP,252,0.6271264911093877
2015-04-09,TS,BP,252,0.629540612275703
2015-04-10,TS,BP,252,0.6301962328792682
2015-04-13,TS,BP,252,0.6299322253212505
2015-04-14,TS,BP,252,0.6331293064214153
2015-04-15,TS,BP,252,0.6334609872185699
2015-04-16,TS,BP,252,0.6329486782487155
2015-04-17,TS,BP,252,0.6314803974512193
2015-04-20,TS,BP,252,0.6319413021920561
2015-04-21,TS,BP,252,0.6312919161481698
2015-04-22,TS,BP,252,0.6306255763872144
2015-04-23,TS,BP,252,0.6311880897794864
2015-04-24,TS,BP,252,0.6318694782505252
2015-04-27,TS,BP,252,0.6284949271660512
2015-04-28,TS,BP,252,0.6313356468954425
2015-04-29,TS,BP,252,0.6292333817820133
2015-04-30,TS,BP,252,0.6358760992963406
2015-05-01,TS,BP,252,0.6330535971678927
2015-05-04,TS,BP,252,0.6321980327267213
2015-05-05,TS,BP,252,0.6326254380651428
2015-05-06,TS,BP,252,0.6323037588916613
2015-05-07,TS,BP,252,0.6332029146365659
2015-05-08,TS,BP,252,0.6321222017950778
2015-05-11,TS,BP,252,0.6320675237565162
2015-05-12,TS,BP,252,0.631614320771015
2015-05-13,TS,BP,252,0.6312786150972699
2015-05-14,TS,BP,252,0.6314436166730965
2015-05-15,TS,BP,252,0.6360957034258024
2015-05-18,TS,BP,252,0.6350737462808598
2015-05-19,TS,BP,252,0.6365908405974698
2015-05-20,TS,BP,252,0.6364241143885829
2015-05-21,TS,BP,252,0.6375224131518937
2015-05-22,TS,BP,252,0.6374984974483238
2015-05-26,TS,BP,252,0.6424578013340253
2015-05-27,TS,BP,252,0.6451616966272408
2015-05-28,TS,BP,252,0.6453966444458282
2015-05-29,TS,BP,252,0.6458946879361002
2015-06-01,TS,BP,252,0.6464919805364007
2015-06-02,TS,BP,252,0.6473836943256577
2015-06-03,TS,BP,252,0.6474095396137814
2015-06-04,TS,BP,252,0.6491230435761647
2015-06-05,TS,BP,252,0.648608711243911
2015-06-08,TS,BP,252,0.6483003851783321
2015-06-09,TS,BP,252,0.6482004674170991
2015-06-10,TS,BP,252,0.6557823066970585
2015-06-11,TS,BP,252,0.6517106365082862
2015-06-12,TS,BP,252,0.6511816185328921
2015-06-15,TS,BP,252,0.6500616272182161
2015-06-16,TS,BP,252,0.6501052764933415
2015-06-17,TS,BP,252,0.6495780129166383
2015-06-18,TS,BP,252,0.6497529406272526
2015-06-19,TS,BP,252,0.6496154347994147
2015-06-22,TS,BP,252,0.6504616540201877
2015-06-23,TS,BP,252,0.6502330952738468
2015-06-24,TS,BP,252,0.6497238906702355
2015-06-25,TS,BP,252,0.6489955988757601
2015-06-26,TS,BP,252,0.6458249529568028
2015-06-29,TS,BP,252,0.6492304463864051
2015-06-30,TS,BP,252,0.6491780084393296
2015-07-01,TS,BP,252,0.6512323508606832
2015-07-02,TS,BP,252,0.639387826853158
2015-07-06,TS,BP,252,0.6456976049143666
2015-07-07,TS,BP,252,0.6466871179865241
2015-07-08,TS,BP,252,0.6462248405389026
2015-07-09,TS,BP,252,0.6462538163636444
2015-07-10,TS,BP,252,0.6484321615082733
2015-07-13,TS,BP,252,0.6520028358968041
2015-07-14,TS,BP,252,0.6601840559668003
2015-07-15,TS,BP,252,0.6607090025929402
2015-07-16,TS,BP,252,0.6586954144474668
2015-07-17,TS,BP,252,0.6581716572929276
2015-07-20,TS,BP,252,0.6595814756429483
2015-07-21,TS,BP,252,0.657558245624347
2015-07-22,TS,BP,252,0.6602852768100883
2015-07-23,TS,BP,252,0.6559623163624526
2015-07-24,TS,BP,252,0.6573409516566148
2015-07-27,TS,BP,252,0.656317882357698
2015-07-28,TS,BP,252,0.6618198143586842
2015-07-29,TS,BP,252,0.6685589219089574
2015-07-30,TS,BP,252,0.6625220753108949
2015-07-31,TS,BP,252,0.6609982830271653
2015-08-03,TS,BP,252,0.6619439716966491
2015-08-04,TS,BP,252,0.66157443361899
2015-08-05,TS,BP,252,0.6572389168594243
2015-08-06,TS,BP,252,0.6382547019653
2015-08-07,TS,BP,252,0.6377484915835119
2015-08-10,TS,BP,252,0.6414312069877878
2015-08-11,TS,BP,252,0.641683705898764
2015-08-12,TS,BP,252,0.641560567914817
2015-08-13,TS,BP,252,0.6427866659476612
2015-08-14,TS,BP,252,0.6432899215188936
2015-08-17,TS,BP,252,0.643255821539365
2015-08-18,TS,BP,252,0.6429980836015408
2015-08-19,TS,BP,252,0.6450847876594566
2015-08-20,TS,BP,252,0.6454491627049048
2015-08-21,TS,BP,252,0.6428962965847731
2015-08-24,TS,BP,252,0.6609096503574191
2015-08-25,TS,BP,252,0.659356621976566
2015-08-26,TS,BP,252,0.6606624836943613
2015-08-27,TS,BP,252,0.6794507407624208
2015-08-28,TS,BP,252,0.6794639520834981
2015-08-31,TS,BP,252,0.6803615123281791
2015-09-01,TS,BP,252,0.6851250084157073
2015-09-02,TS,BP,252,0.6849183776552935
2015-09-03,TS,BP,252,0.7020693088969266
2015-09-04,TS,BP,252,0.7039097597560484
2015-09-08,TS,BP,252,0.702890607127878
2015-09-09,TS,BP,252,0.7035482343560705
2015-09-10,TS,BP,252,0.7078248609956528
2015-09-11,TS,BP,252,0.7111601946547664
2015-09-14,TS,BP,252,0.7118513455198201
2015-09-15,TS,BP,252,0.7130105205023497
2015-09-16,TS,BP,252,0.7145437395298775
2015-09-17,TS,BP,252,0.7141583335404339
2015-09-18,TS,BP,252,0.7156163843776303
2015-09-21,TS,BP,252,0.7158420294232117
2015-09-22,TS,BP,252,0.7158798820663207
2015-09-23,TS,BP,252,0.716460965998987
2015-09-24,TS,BP,252,0.7160144022791748
2015-09-25,TS,BP,252,0.7155901226669522
2015-09-28,TS,BP,252,0.7161667919010951
2015-09-29,TS,BP,252,0.7171379785653604
2015-09-30,TS,BP,252,0.7150548363413365
2015-10-01,TS,BP,252,0.7168177879298647
2015-10-02,TS,BP,252,0.7237119281538672
2015-10-05,TS,BP,252,0.7266384751861692
2015-10-06,TS,BP,252,0.7285060945169594
2015-10-07,TS,BP,252,0.7192573586578486
2015-10-08,TS,BP,252,0.7187664156252919
2015-10-09,TS,BP,252,0.7172459619235325
2015-10-12,TS,BP,252,0.7176986010773153
2015-10-13,TS,BP,252,0.7157785411437111
2015-10-14,TS,BP,252,0.7161273835313411
2015-10-15,TS,BP,252,0.7163799094654603
2015-10-16,TS,BP,252,0.7148847189087151
2015-10-19,TS,BP,252,0.7242307855505837
2015-10-20,TS,BP,252,0.7227767971225747
2015-10-21,TS,BP,252,0.7171752181711276
2015-10-22,TS,BP,252,0.7165379169053089
2015-10-23,TS,BP,252,0.7150413071405815
2015-10-26,TS,BP,252,0.7154775823745413
2015-10-27,TS,BP,252,0.7155363867439694
2015-10-28,TS,BP,252,0.7158517129668501
2015-10-29,TS,BP,252,0.7163274582215123
2015-10-30,TS,BP,252,0.7160868605642823
2015-11-02,TS,BP,252,0.7158448530194756
2015-11-03,TS,BP,252,0.7173034654156746
2015-11-04,TS,BP,252,0.7159286614709158
2015-11-05,TS,BP,252,0.7129096770036717
2015-11-06,TS,BP,252,0.7188531423355271
2015-11-09,TS,BP,252,0.7176489730032264
2015-11-10,TS,BP,252,0.7176024930718689
2015-11-11,TS,BP,252,0.7185463029453353
2015-11-12,TS,BP,252,0.7183083105436643
2015-11-13,TS,BP,252,0.7182140931364716
2015-11-16,TS,BP,252,0.7180403623145174
2015-11-17,TS,BP,252,0.7188389055441616
2015-11-18,TS,BP,252,0.7208305191675003
2015-11-19,TS,BP,252,0.7238045325375752
2015-11-20,TS,BP,252,0.7229114005092303
2015-11-23,TS,BP,252,0.7213512692032171
2015-11-24,TS,BP,252,0.7207700957679218
2015-11-25,TS,BP,252,0.7217657130897152
2015-11-27,TS,BP,252,0.7209794214040564
2015-11-30,TS,BP,252,0.704594678151891
2015-12-01,TS,BP,252,0.7061410078839092
2015-12-02,TS,BP,252,0.7088442107377491
2015-12-03,TS,BP,252,0.7081970822804521
2015-12-04,TS,BP,252,0.7088761088388424
2015-12-07,TS,BP,252,0.7092211933235032
2015-12-08,TS,BP,252,0.7060185066519704
2015-12-09,TS,BP,252,0.7090144755821177
2015-12-10,TS,BP,252,0.7071537864677688
2015-12-11,TS,BP,252,0.7088413420867294
2015-12-14,TS,BP,252,0.7044992406947184
2015-12-15,TS,BP,252,0.704780754255673
2015-12-16,TS,BP,252,0.7021686537749424
2015-12-17,TS,BP,252,0.7024719259540275
2015-12-18,TS,BP,252,0.7023431876780613
2015-12-21,TS,BP,252,0.7020228527514086
2015-12-22,TS,BP,252,0.7036714489164494
2015-12-23,TS,BP,252,0.7078814740482384
2015-12-24,TS,BP,252,0.7080306239465157
2015-12-28,TS,BP,252,0.7088957991078838
2015-12-29,TS,BP,252,0.7088449662703697
2015-12-30,TS,BP,252,0.7121412310142629
2015-12-31,TS,BP,252,0.7119511174550945
2016-01-04,TS,BP,252,0.7122704724939563
2016-01-05,TS,BP,252,0.7045907152340838
2016-01-06,TS,BP,252,0.7065583362024673
2016-01-07,TS,BP,252,0.7094071870373403
2016-01-08,TS,BP,252,0.7097681486709541
2016-01-11,TS,BP,252,0.7096969475563076
2016-01-12,TS,BP,252,0.7088549180777115
2016-01-13,TS,BP,252,0.7054408656486459
2016-01-14,TS,BP,252,0.7057377127141955
2016-01-15,TS,BP,252,0.7143303135764961
2016-01-19,TS,BP,252,0.7148799355903459
2016-01-20,TS,BP,252,0.7157779423059457
2016-01-21,TS,BP,252,0.7149173195789361
2016-01-22,TS,BP,252,0.7170417521299326
2016-01-25,TS,BP,252,0.7216116810041711
2016-01-26,TS,BP,252,0.7251587359454305
2016-01-27,TS,BP,252,0.7252933315543685
2016-01-28,TS,BP,252,0.7224840452995637
2016-01-29,TS,BP,252,0.7236013264588541
2016-02-01,TS,BP,252,0.725277446761265
2016-02-02,TS,BP,252,0.7317336568128714
2016-02-03,TS,BP,252,0.7300579913462748
2016-02-04,TS,BP,252,0.7344157465155133
2016-02-05,TS,BP,252,0.7319401324283323
2016-02-08,TS,BP,252,0.7332650105113123
2016-02-09,TS,BP,252,0.7368495697692615
2016-02-10,TS,BP,252,0.7366334111463264
2016-02-11,TS,BP,252,0.7358697477443928
2016-02-12,TS,BP,252,0.7392075913945175
2016-02-16,TS,BP,252,0.7389371100793145
2016-02-17,TS,BP,252,0.7422470923518867
2016-02-18,TS,BP,252,0.7421635317979942
2016-02-19,TS,BP,252,0.742997393540423
2016-02-22,TS,BP,252,0.7441979112898981
2016-02-23,TS,BP,252,0.7515761712444986
2016-02-24,TS,BP,252,0.7522168280844076
2016-02-25,TS,BP,252,0.7524267840635416
2016-02-26,TS,BP,252,0.7497481307281539
2016-02-29,TS,BP,252,0.7497567113992396
2016-03-01,TS,BP,252,0.7507312829463305
2016-03-02,TS,BP,252,0.7505209749215912
2016-03-03,TS,BP,252,0.751980676804701
2016-03-04,TS,BP,252,0.7523897033822403
2016-03-07,TS,BP,252,0.7526819469823794
2016-03-08,TS,BP,252,0.7582517987388264
2016-03-09,TS,BP,252,0.755858921484002
2016-03-10,TS,BP,252,0.7567106471327449
2016-03-11,TS,BP,252,0.7580936708369149
2016-03-14,TS,BP,252,0.7572558191269785
2016-03-15,TS,BP,252,0.7574881216303638
2016-03-16,TS,BP,252,0.758304455919828
2016-03-17,TS,BP,252,0.7546725015385853
2016-03-18,TS,BP,252,0.7545943950556749
2016-03-21,TS,BP,252,0.7522202491508247
2016-03-22,TS,BP,252,0.7513068847078743
2016-03-23,TS,BP,252,0.753243534005352
2016-03-24,TS,BP,252,0.7529422453689161
2016-03-28,TS,BP,252,0.7529004944115808
2016-03-29,TS,BP,252,0.7528974379939644
2016-03-30,TS,BP,252,0.7540470143460833
2016-03-31,TS,BP,252,0.7511589849166502
2016-04-01,TS,BP,252,0.7504918828028556
2016-04-04,TS,BP,252,0.7488492770621259
2016-04-05,TS,BP,252,0.7496522913255844
2016-04-06,TS,BP,252,0.7501279319982724
2016-04-07,TS,BP,252,0.7497847995810337
2016-04-08,TS,BP,252,0.7526417619215888
2016-04-11,TS,BP,252,0.752751170991337
2016-04-12,TS,BP,252,0.7531247141155746
2016-04-13,TS,BP,252,0.7530637313407097
2016-04-14,TS,BP,252,0.7542643921786794
2016-04-15,TS,BP,252,0.7546746138841557
2016-04-18,TS,BP,252,0.7563350717040118
2016-04-19,TS,BP,252,0.7578325563238492
2016-04-20,TS,BP,252,0.7585620661166291
2016-04-21,TS,BP,252,0.7592263380532729
2016-04-22,TS,BP,252,0.7590560535552983
2016-04-25,TS,BP,252,0.7584988949486974
2016-04-26,TS,BP,252,0.7569758324455302
2016-04-27,TS,BP,252,0.757171821755662
2016-04-28,TS,BP,252,0.7605846732884901
2016-04-29,TS,BP,252,0.760358466861899
2016-05-02,TS,BP,252,0.7612061787221139
2016-05-03,TS,BP,252,0.7637091856080281
2016-05-04,TS,BP,252,0.7632571681381582
2016-05-05,TS,BP,252,0.7633369140405394
2016-05-06,TS,BP,252,0.7609928521410773
2016-05-09,TS,BP,252,0.7622382894828924
2016-05-10,TS,BP,252,0.7631256463772808
2016-05-11,TS,BP,252,0.763088534084518
2016-05-12,TS,BP,252,0.7630578149170633
2016-05-13,TS,BP,252,0.7633150299016306
2016-05-16,TS,BP,252,0.7643801147857817
2016-05-17,TS,BP,252,0.7640581052359352
2016-05-18,TS,BP,252,0.7627774136582852
2016-05-19,TS,BP,252,0.7628292565574203
2016-05-20,TS,BP,252,0.7610128782923196
2016-05-23,TS,BP,252,0.7605384103134072
2016-05-24,TS,BP,252,0.7587700283457647
2016-05-25,TS,BP,252,0.7599844180714742
2016-05-26,TS,BP,252,0.7581927640079852
2016-05-27,TS,BP,252,0.7582727263600707
2016-05-31,TS,BP,252,0.7563909972543945
2016-06-01,TS,BP,252,0.7572005767712987
2016-06-02,TS,BP,252,0.7568678065087823
2016-06-03,TS,BP,252,0.7564328802409834
2016-06-06,TS,BP,252,0.7559609275799284
2016-06-07,TS,BP,252,0.7564912542242196
2016-06-08,TS,BP,252,0.756836710013085
2016-06-09,TS,BP,252,0.7565418245402544
2016-06-10,TS,BP,252,0.7612209290718066
2016-06-13,TS,BP,252,0.7617936027625972
2016-06-14,TS,BP,252,0.7617954927500785
2016-06-15,TS,BP,252,0.7619503382834919
2016-06-16,TS,BP,252,0.7580903839874225
2016-06-17,TS,BP,252,0.7592987363577764
2016-06-20,TS,BP,252,0.7601540813222638
2016-06-21,TS,BP,252,0.757711544460144
2016-06-22,TS,BP,252,0.757616304955968
2016-06-23,TS,BP,252,0.7583055726437598
2016-06-24,TS,BP,252,0.7647325544739061
2016-06-27,TS,BP,252,0.7682192716629983
2016-06-28,TS,BP,252,0.7683720099057019
2016-06-29,TS,BP,252,0.7701940213281326
2016-06-30,TS,BP,252,0.7702276754761596
2016-07-01,TS,BP,252,0.7780145154495032
2016-07-05,TS,BP,252,0.7708160895609285
2016-07-06,TS,BP,252,0.7709320403049883
2016-07-07,TS,BP,252,0.7708974062526183
2016-07-08,TS,BP,252,0.7713613582171177
2016-07-11,TS,BP,252,0.7706685323543497
2016-07-12,TS,BP,252,0.7715922916046781
2016-07-13,TS,BP,252,0.7711951285281057
2016-07-14,TS,BP,252,0.7703598042612761
2016-07-15,TS,BP,252,0.7710152671272709
2016-07-18,TS,BP,252,0.771091334118817
2016-07-19,TS,BP,252,0.7703405526679699
2016-07-20,TS,BP,252,0.7713091879294391
2016-07-21,TS,BP,252,0.7702965619249029
2016-07-22,TS,BP,252,0.7729025043844203
2016-07-25,TS,BP,252,0.7725475366592651
2016-07-26,TS,BP,252,0.7698975169370291
2016-07-27,TS,BP,252,0.7666757607130985
2016-07-28,TS,BP,252,0.76776969098835
2016-07-29,TS,BP,252,0.7724601820054466
2016-08-01,TS,BP,252,0.7758993672732085
2016-08-02,TS,BP,252,0.7755538477654358
2016-08-03,TS,BP,252,0.7754164658622357
2016-08-04,TS,BP,252,0.7764053753277694
2016-08-05,TS,BP,252,0.7926427501399629
2016-08-08,TS,BP,252,0.7926035667896092
2016-08-09,TS,BP,252,0.7946292905949791
2016-08-10,TS,BP,252,0.7936515894901711
2016-08-11,TS,BP,252,0.7937809296312508
2016-08-12,TS,BP,252,0.7932705621377204
2016-08-15,TS,BP,252,0.7933369193927112
2016-08-16,TS,BP,252,0.7931000281802533
2016-08-17,TS,BP,252,0.7928991011374723
2016-08-18,TS,BP,252,0.7926109356063441
2016-08-19,TS,BP,252,0.7923944291608782
2016-08-22,TS,BP,252,0.794072442172449
2016-08-23,TS,BP,252,0.7862757671908706
2016-08-24,TS,BP,252,0.7855771463499579
2016-08-25,TS,BP,252,0.7868882645690762
2016-08-26,TS,BP,252,0.7788161597787959
2016-08-29,TS,BP,252,0.7786041482670448
2016-08-30,TS,BP,252,0.7785761260512188
2016-08-31,TS,BP,252,0.7768763997957159
2016-09-01,TS,BP,252,0.7768596731594668
2016-09-02,TS,BP,252,0.7754550000193275
2016-09-06,TS,BP,252,0.7740829093173303
2016-09-07,TS,BP,252,0.7744877732763336
2016-09-08,TS,BP,252,0.773844104911095
2016-09-09,TS,BP,252,0.7744548145033756
2016-09-12,TS,BP,252,0.7744621781742284
2016-09-13,TS,BP,252,0.7762254660347934
2016-09-14,TS,BP,252,0.7756479547099409
2016-09-15,TS,BP,252,0.7737991179264037
2016-09-16,TS,BP,252,0.7745343526456676
2016-09-19,TS,BP,252,0.7729014355316103
2016-09-20,TS,BP,252,0.7723811798166915
2016-09-21,TS,BP,252,0.7723847743664866
2016-09-22,TS,BP,252,0.7714220460112897
2016-09-23,TS,BP,252,0.7721859082493556
2016-09-26,TS,BP,252,0.7730785964875804
2016-09-27,TS,BP,252,0.7718358523513624
2016-09-28,TS,BP,252,0.7748890105150008
2016-09-29,TS,BP,252,0.7748913912232062
2016-09-30,TS,BP,252,0.7739591220773894
2016-10-03,TS,BP,252,0.7690919880143614
2016-10-04,TS,BP,252,0.7666498952625843
2016-10-05,TS,BP,252,0.7652749638838466
2016-10-06,TS,BP,252,0.7739227076015757
2016-10-07,TS,BP,252,0.7752460875671834
2016-10-10,TS,BP,252,0.7753552883627651
2016-10-11,TS,BP,252,0.7760692636250782
2016-10-12,TS,BP,252,0.777094287607009
2016-10-13,TS,BP,252,0.7764244961030751
2016-10-14,TS,BP,252,0.7761401011465993
2016-10-17,TS,BP,252,0.7786218161356638
2016-10-18,TS,BP,252,0.7771241062098648
2016-10-19,TS,BP,252,0.7789704378871691
2016-10-20,TS,BP,252,0.7846358299317517
2016-10-21,TS,BP,252,0.7839114687268205
2016-10-24,TS,BP,252,0.7839347084215561
2016-10-25,TS,BP,252,0.7833726295240618
2016-10-26,TS,BP,252,0.7830247615865396
2016-10-27,TS,BP,252,0.7817052948799538
2016-10-28,TS,BP,252,0.782742825804736
2016-10-31,TS,BP,252,0.7828952655703014
2016-11-01,TS,BP,252,0.7753736516440151
2016-11-02,TS,BP,252,0.7725376341500273
2016-11-03,TS,BP,252,0.7719605821413945
2016-11-04,TS,BP,252,0.7687975591663997
2016-11-07,TS,BP,252,0.7688459345243306
2016-11-08,TS,BP,252,0.7693179669969904
2016-11-09,TS,BP,252,0.7633412698916455
2016-11-10,TS,BP,252,0.7608540979250619
2016-11-11,TS,BP,252,0.7607859407044594
2016-11-14,TS,BP,252,0.7580377232231921
2016-11-15,TS,BP,252,0.7579953252233589
2016-11-16,TS,BP,252,0.7576784354063034
2016-11-17,TS,BP,252,0.7555895214620362
2016-11-18,TS,BP,252,0.754902231793447
2016-11-21,TS,BP,252,0.7568239737096574
2016-11-22,TS,BP,252,0.7533589222644854
2016-11-23,TS,BP,252,0.750177347816781
2016-11-25,TS,BP,252,0.7504639699905618
2016-11-28,TS,BP,252,0.7519224265339414
2016-11-29,TS,BP,252,0.7554077955132834
2016-11-30,TS,BP,252,0.7636542881014877
2016-12-01,TS,BP,252,0.7635954854814246
2016-12-02,TS,BP,252,0.7634633558503405
2016-12-05,TS,BP,252,0.7617227845589373
2016-12-06,TS,BP,252,0.7609492644141981
2016-12-07,TS,BP,252,0.7614956527584219
2016-12-08,TS,BP,252,0.7600668046273866
2016-12-09,TS,BP,252,0.7602914602587613
2016-12-12,TS,BP,252,0.7599104183281978
2016-12-13,TS,BP,252,0.7603906610546932
2016-12-14,TS,BP,252,0.7616795052677745
2016-12-15,TS,BP,252,0.7618820685426814
2016-12-16,TS,BP,252,0.7591727228423675
2016-12-19,TS,BP,252,0.7590468456789918
2016-12-20,TS,BP,252,0.7593540369589095
2016-12-21,TS,BP,252,0.7590749171605228
2016-12-22,TS,BP,252,0.7568163744251746
2016-12-23,TS,BP,252,0.7565405856687192
2016-12-27,TS,BP,252,0.7559902391562529
2016-12-28,TS,BP,252,0.7550310297683324
2016-12-29,TS,BP,252,0.7541026642513358
2016-12-30,TS,BP,252,0.7541074292934308
2017-01-03,TS,BP,252,0.7532084943455825
2017-01-04,TS,BP,252,0.7532276736025312
2017-01-05,TS,BP,252,0.7514455184889977
2017-01-06,TS,BP,252,0.7482683864746533
2017-01-09,TS,BP,252,0.7480067432091421
2017-01-10,TS,BP,252,0.7481888125919248
2017-01-11,TS,BP,252,0.7485837449523464
2017-01-12,TS,BP,252,0.7518668841433429
2017-01-13,TS,BP,252,0.7546188096784265
2017-01-17,TS,BP,252,0.7458290218774222
2017-01-18,TS,BP,252,0.7446151608938743
2017-01-19,TS,BP,252,0.7436017672615232
2017-01-20,TS,BP,252,0.742699537473251
2017-01-23,TS,BP,252,0.7415707126628116
2017-01-24,TS,BP,252,0.7378648922977142
2017-01-25,TS,BP,252,0.7320998015580612
2017-01-26,TS,BP,252,0.7323797625156909
2017-01-27,TS,BP,252,0.7324382194161445
2017-01-30,TS,BP,252,0.7340972080093559
2017-01-31,TS,BP,252,0.7336678203742979
2017-02-01,TS,BP,252,0.7229065539342796
2017-02-02,TS,BP,252,0.7204528606090563
2017-02-03,TS,BP,252,0.7162925837204295
2017-02-06,TS,BP,252,0.7167297234106838
2017-02-07,TS,BP,252,0.7097853044482819
2017-02-08,TS,BP,252,0.7022951113967492
2017-02-09,TS,BP,252,0.7026206825110998
2017-02-10,TS,BP,252,0.7034233215054578
2017-02-13,TS,BP,252,0.697999880759
2017-02-14,TS,BP,252,0.6980010111163978
2017-02-15,TS,BP,252,0.6935556173677638
2017-02-16,TS,BP,252,0.6938106410829358
2017-02-17,TS,BP,252,0.6951517383573106
2017-02-21,TS,BP,252,0.6938722566183652
2017-02-22,TS,BP,252,0.6857190311473472
2017-02-23,TS,BP,252,0.6711576034590159
2017-02-24,TS,BP,252,0.6710154057458011
2017-02-27,TS,BP,252,0.6738095331990049
2017-02-28,TS,BP,252,0.6725133253398178
2017-03-01,TS,BP,252,0.6716554681045526
2017-03-02,TS,BP,252,0.6717831955083875
2017-03-03,TS,BP,252,0.6692481397008178
2017-03-06,TS,BP,252,0.6691477113424154
2017-03-07,TS,BP,252,0.6683367664657022
2017-03-08,TS,BP,252,0.6612162595479887
2017-03-09,TS,BP,252,0.6607484831904419
2017-03-10,TS,BP,252,0.6608583449032606
2017-03-13,TS,BP,252,0.65700985734777
2017-03-14,TS,BP,252,0.6582263758225555
2017-03-15,TS,BP,252,0.6579050643671841
2017-03-16,TS,BP,252,0.656769201266326
2017-03-17,TS,BP,252,0.6577304017982001
2017-03-20,TS,BP,252,0.6574358129108571
2017-03-21,TS,BP,252,0.656264092296995
2017-03-22,TS,BP,252,0.6563314815402638
2017-03-23,TS,BP,252,0.6529676678064925
2017-03-24,TS,BP,252,0.6516668390062507
2017-03-27,TS,BP,252,0.6516540263784041
2017-03-28,TS,BP,252,0.647098533754617
2017-03-29,TS,BP,252,0.6429768223776207
2017-03-30,TS,BP,252,0.6468950548770832
2017-03-31,TS,BP,252,0.6480453973385909
2017-04-03,TS,BP,252,0.6497471979624557
2017-04-04,TS,BP,252,0.6469289561414969
2017-04-05,TS,BP,252,0.6446536945182605
2017-04-06,TS,BP,252,0.6437799460231637
2017-04-07,TS,BP,252,0.6352943938770641
2017-04-10,TS,BP,252,0.6353110676200682
2017-04-11,TS,BP,252,0.6353842803409379
2017-04-12,TS,BP,252,0.6255532056772334
2017-04-13,TS,BP,252,0.6282995150104203
2017-04-17,TS,BP,252,0.6291373759876601
2017-04-18,TS,BP,252,0.6287669776073416
2017-04-19,TS,BP,252,0.6260533931367543
2017-04-20,TS,BP,252,0.6255956416359667
2017-04-21,TS,BP,252,0.6255587874954791
2017-04-24,TS,BP,252,0.6272754199657429
2017-04-25,TS,BP,252,0.6262502551342093
2017-04-26,TS,BP,252,0.6337909936487074
2017-04-27,TS,BP,252,0.6322119504188424
2017-04-28,TS,BP,252,0.6307902141752687
2017-05-01,TS,BP,252,0.6307154425361572
2017-05-02,TS,BP,252,0.6302108895831078
2017-05-03,TS,BP,252,0.6206322316865037
2017-05-04,TS,BP,252,0.6228399262304682
2017-05-05,TS,BP,252,0.6264932741429093
2017-05-08,TS,BP,252,0.6283990281889127
2017-05-09,TS,BP,252,0.6256294562709432
2017-05-10,TS,BP,252,0.6245350000148955
2017-05-11,TS,BP,252,0.6242027613439232
2017-05-12,TS,BP,252,0.6231163887892776
2017-05-15,TS,BP,252,0.6218299113953977
2017-05-16,TS,BP,252,0.6187290341733219
2017-05-17,TS,BP,252,0.6191036630262768
2017-05-18,TS,BP,252,0.6206884329171681
2017-05-19,TS,BP,252,0.6216402843428229
2017-05-22,TS,BP,252,0.623355657261961
2017-05-23,TS,BP,252,0.624663152503995
2017-05-24,TS,BP,252,0.6264531650965245
2017-05-25,TS,BP,252,0.6256609637751962
2017-05-26,TS,BP,252,0.6288273319347342
2017-05-30,TS,BP,252,0.6284890392843643
2017-05-31,TS,BP,252,0.6329230775473698
2017-06-01,TS,BP,252,0.632362877072892
2017-06-02,TS,BP,252,0.6339472431170119
2017-06-05,TS,BP,252,0.6339518677680169
2017-06-06,TS,BP,252,0.6296525174521925
2017-06-07,TS,BP,252,0.6304221638345993
2017-06-08,TS,BP,252,0.6284625079736241
2017-06-09,TS,BP,252,0.629542266804792
2017-06-12,TS,BP,252,0.6279229495603025
2017-06-13,TS,BP,252,0.6265909053988656
2017-06-14,TS,BP,252,0.6313680948342194
2017-06-15,TS,BP,252,0.6311953863074412
2017-06-16,TS,BP,252,0.6426270898329568
2017-06-19,TS,BP,252,0.6393360409409808
2017-06-20,TS,BP,252,0.6399521931502233
2017-06-21,TS,BP,252,0.6460023656367067
2017-06-22,TS,BP,252,0.6452059059450205
2017-06-23,TS,BP,252,0.6385907976435571
2017-06-26,TS,BP,252,0.6149533030874986
2017-06-27,TS,BP,252,0.6061386640159752
2017-06-28,TS,BP,252,0.6002815938080193
2017-06-29,TS,BP,252,0.5884512609280426
2017-06-30,TS,BP,252,0.5850475440501057
2017-07-03,TS,BP,252,0.5840444922790138
2017-07-05,TS,BP,252,0.5923085587820957
2017-07-06,TS,BP,252,0.591390207659711
2017-07-07,TS,BP,252,0.5908281385986336
2017-07-10,TS,BP,252,0.5884422987072551
2017-07-11,TS,BP,252,0.5877242614952721
2017-07-12,TS,BP,252,0.5853319494406589
2017-07-13,TS,BP,252,0.581146522628158
2017-07-14,TS,BP,252,0.5825045386249551
2017-07-17,TS,BP,252,0.5825331188764958
2017-07-18,TS,BP,252,0.5814804900240064
2017-07-19,TS,BP,252,0.5820635493745421
2017-07-20,TS,BP,252,0.5807375146821733
2017-07-21,TS,BP,252,0.582844196373192
2017-07-24,TS,BP,252,0.5830138298615052
2017-07-25,TS,BP,252,0.5819941645424355
2017-07-26,TS,BP,252,0.5887732888320187
2017-07-27,TS,BP,252,0.5905181060248497
2017-07-28,TS,BP,252,0.5882933217389094
2017-07-31,TS,BP,252,0.5867437255282479
2017-08-01,TS,BP,252,0.5444186089625135
2017-08-02,TS,BP,252,0.5434030765952187
2017-08-03,TS,BP,252,0.5370844705548844
2017-08-04,TS,BP,252,0.5411525416039293
2017-08-07,TS,BP,252,0.5378121004903533
2017-08-08,TS,BP,252,0.5382345342369889
2017-08-09,TS,BP,252,0.5383824635629321
2017-08-10,TS,BP,252,0.5414191364508801
2017-08-11,TS,BP,252,0.5408623802683066
2017-08-14,TS,BP,252,0.542186814313852
2017-08-15,TS,BP,252,0.5421417440232812
2017-08-16,TS,BP,252,0.5400678091221464
2017-08-17,TS,BP,252,0.5405104700693175
2017-08-18,TS,BP,252,0.537683781702056
2017-08-21,TS,BP,252,0.5362097189587688
2017-08-22,TS,BP,252,0.534602209583434
2017-08-23,TS,BP,252,0.5343344513739107
2017-08-24,TS,BP,252,0.5364315626882948
2017-08-25,TS,BP,252,0.5366481574141505
2017-08-28,TS,BP,252,0.5366876851083575
2017-08-29,TS,BP,252,0.5369025033441109
2017-08-30,TS,BP,252,0.5367646528678907
2017-08-31,TS,BP,252,0.5321427627661467
2017-09-01,TS,BP,252,0.5321739658763245
2017-09-05,TS,BP,252,0.5341919925968955
2017-09-06,TS,BP,252,0.5348773138517328
2017-09-07,TS,BP,252,0.5354221193412765
2017-09-08,TS,BP,252,0.5361192383755884
2017-09-11,TS,BP,252,0.526693310943796
2017-09-12,TS,BP,252,0.5261788223090711
2017-09-13,TS,BP,252,0.5195245399255078
2017-09-14,TS,BP,252,0.5217228527184085
2017-09-15,TS,BP,252,0.5206551710063289
2017-09-18,TS,BP,252,0.5188797704307734
2017-09-19,TS,BP,252,0.5184865664352899
2017-09-20,TS,BP,252,0.511375683074993
2017-09-21,TS,BP,252,0.504165360953792
2017-09-22,TS,BP,252,0.5047178288050083
2017-09-25,TS,BP,252,0.4967829864046588
2017-09-26,TS,BP,252,0.496188077976705
2017-09-27,TS,BP,252,0.4955851013766315
2017-09-28,TS,BP,252,0.47382673489851673
2017-09-29,TS,BP,252,0.4741525461547384
2017-10-02,TS,BP,252,0.4745280055756581
2017-10-03,TS,BP,252,0.4725888121565797
2017-10-04,TS,BP,252,0.473525466235002
2017-10-05,TS,BP,252,0.4711362124897709
2017-10-06,TS,BP,252,0.47124713667818413
2017-10-09,TS,BP,252,0.4696398694014742
2017-10-10,TS,BP,252,0.4666060293380447
2017-10-11,TS,BP,252,0.4598868285121228
2017-10-12,TS,BP,252,0.45956154855687137
2017-10-13,TS,BP,252,0.4593998022458771
2017-10-16,TS,BP,252,0.4591938238847348
2017-10-17,TS,BP,252,0.46030399181648385
2017-10-18,TS,BP,252,0.458368717058688
2017-10-19,TS,BP,252,0.4582287700188247
2017-10-20,TS,BP,252,0.4583228583124711
2017-10-23,TS,BP,252,0.459549323383763
2017-10-24,TS,BP,252,0.4615702682804677
2017-10-25,TS,BP,252,0.46262513544241207
2017-10-26,TS,BP,252,0.4604633301069338
2017-10-27,TS,BP,252,0.46277668640624314
2017-10-30,TS,BP,252,0.4640020363963357
2017-10-31,TS,BP,252,0.4606960532961351
2017-11-01,TS,BP,252,0.47934636664537394
2017-11-02,TS,BP,252,0.43253816140407986
2017-11-03,TS,BP,252,0.43478382605031485
2017-11-06,TS,BP,252,0.4459484059535581
2017-11-07,TS,BP,252,0.4436012260912513
2017-11-08,TS,BP,252,0.44435516116818025
2017-11-09,TS,BP,252,0.4414878503105736
2017-11-10,TS,BP,252,0.44537365163196874
2017-11-13,TS,BP,252,0.4433422690293862
2017-11-14,TS,BP,252,0.45192543467168306
2017-11-15,TS,BP,252,0.45312667730064415
2017-11-16,TS,BP,252,0.4516388876369088
2017-11-17,TS,BP,252,0.4542026502429294
2017-11-20,TS,BP,252,0.4553014354560326
2017-11-21,TS,BP,252,0.44482350489287886
2017-11-22,TS,BP,252,0.4512479987518683
2017-11-24,TS,BP,252,0.4581772208808638
2017-11-27,TS,BP,252,0.4617305441760308
2017-11-28,TS,BP,252,0.45266374885640787
2017-11-29,TS,BP,252,0.4523861573658022
2017-11-30,TS,BP,252,0.4181484872750115
2017-12-01,TS,BP,252,0.4114762842977228
2017-12-04,TS,BP,252,0.4103650254731033
2017-12-05,TS,BP,252,0.4131446604931977
2017-12-06,TS,BP,252,0.4138877737651305
2017-12-07,TS,BP,252,0.4107061137307576
2017-12-08,TS,BP,252,0.413782157891061
2017-12-11,TS,BP,252,0.41618722641761113
2017-12-12,TS,BP,252,0.41449994021244335
2017-12-13,TS,BP,252,0.4140419672346204
2017-12-14,TS,BP,252,0.4037111176479345
2017-12-15,TS,BP,252,0.4047867604046497
2017-12-18,TS,BP,252,0.4125664088478449
2017-12-19,TS,BP,252,0.41231711801285914
2017-12-20,TS,BP,252,0.4146884529356109
2017-12-21,TS,BP,252,0.41655361797528534
2017-12-22,TS,BP,252,0.4147455283787633
2017-12-26,TS,BP,252,0.4160688360610561
2017-12-27,TS,BP,252,0.41575511686911254
2017-12-28,TS,BP,252,0.41752777173787614
2017-12-29,TS,BP,252,0.417369704122412
2018-01-02,TS,BP,252,0.419195265717169
2018-01-03,TS,BP,252,0.42056279209381475
2018-01-04,TS,BP,252,0.42028055987889595
2018-01-05,TS,BP,252,0.42053197185022495
2018-01-08,TS,BP,252,0.4237595232560953
2018-01-09,TS,BP,252,0.4204247275379185
2018-01-10,TS,BP,252,0.42074049890811716
2018-01-11,TS,BP,252,0.4224063313202784
2018-01-12,TS,BP,252,0.4248405258008833
2018-01-16,TS,BP,252,0.43349829332680717
2018-01-17,TS,BP,252,0.4371942260686704
2018-01-18,TS,BP,252,0.439186383793211
2018-01-19,TS,BP,252,0.43618435756888685
2018-01-22,TS,BP,252,0.44522078717985236
2018-01-23,TS,BP,252,0.4439292672352298
2018-01-24,TS,BP,252,0.43976903305771187
2018-01-25,TS,BP,252,0.4395718138893401
2018-01-26,TS,BP,252,0.4383717163499727
2018-01-29,TS,BP,252,0.44119282400008397
2018-01-30,TS,BP,252,0.43111498359661843
2018-01-31,TS,BP,252,0.43127945244601806
2018-02-01,TS,BP,252,0.43490664897540127
2018-02-02,TS,BP,252,0.4704936024721929
2018-02-05,TS,BP,252,0.48198118399666784
2018-02-06,TS,BP,252,0.48574407548923626
2018-02-07,TS,BP,252,0.50081653649715
2018-02-08,TS,BP,252,0.506419891885713
2018-02-09,TS,BP,252,0.5034718702541455
2018-02-12,TS,BP,252,0.5060413448206506
2018-02-13,TS,BP,252,0.5060731910889747
2018-02-14,TS,BP,252,0.5119603950906466
2018-02-15,TS,BP,252,0.5114042696855677
2018-02-16,TS,BP,252,0.5003044725065389
2018-02-20,TS,BP,252,0.49981739888755156
2018-02-21,TS,BP,252,0.5009362718923372
2018-02-22,TS,BP,252,0.5050799183092015
2018-02-23,TS,BP,252,0.5244419560198246
2018-02-26,TS,BP,252,0.5247439056303403
2018-02-27,TS,BP,252,0.52989066799576
2018-02-28,TS,BP,252,0.5329223042612471
2018-03-01,TS,BP,252,0.5286066494422651
2018-03-02,TS,BP,252,0.5286751258444136
2018-03-05,TS,BP,252,0.5267501272353895
2018-03-06,TS,BP,252,0.5245620461404663
2018-03-07,TS,BP,252,0.5245590617165027
2018-03-08,TS,BP,252,0.5178338856551646
2018-03-09,TS,BP,252,0.5182191834780578
2018-03-12,TS,BP,252,0.5200177531119805
2018-03-13,TS,BP,252,0.5245258397400603
2018-03-14,TS,BP,252,0.5231558610770112
2018-03-15,TS,BP,252,0.5189103695485626
2018-03-16,TS,BP,252,0.5199011855136411
2018-03-19,TS,BP,252,0.5174502334850062
2018-03-20,TS,BP,252,0.5178903951567961
2018-03-21,TS,BP,252,0.5285500532369816
2018-03-22,TS,BP,252,0.5501662505385969
2018-03-23,TS,BP,252,0.5503117175632555
2018-03-26,TS,BP,252,0.558490972950263
2018-03-27,TS,BP,252,0.559772592978773
2018-03-28,TS,BP,252,0.5643230200976286
2018-03-29,TS,BP,252,0.5720786760549212
2018-04-02,TS,BP,252,0.573921572703034
2018-04-03,TS,BP,252,0.5756357875410676
2018-04-04,TS,BP,252,0.5754627947204431
2018-04-05,TS,BP,252,0.5779611476571426
2018-04-06,TS,BP,252,0.5781259631495586
2018-04-09,TS,BP,252,0.5779725974735581
2018-04-10,TS,BP,252,0.584679275308586
2018-04-11,TS,BP,252,0.5848604790400705
2018-04-12,TS,BP,252,0.5839491573383606
2018-04-13,TS,BP,252,0.5932573176648764
2018-04-16,TS,BP,252,0.59053611952574
2018-04-17,TS,BP,252,0.5906135092733472
2018-04-18,TS,BP,252,0.5932136167292124
2018-04-19,TS,BP,252,0.5917436622296263
2018-04-20,TS,BP,252,0.5919796317272348
2018-04-23,TS,BP,252,0.5909578046014049
2018-04-24,TS,BP,252,0.5894627511806512
2018-04-25,TS,BP,252,0.589067989138191
2018-04-26,TS,BP,252,0.5872215564052754
2018-04-27,TS,BP,252,0.5844703127614375
2018-04-30,TS,BP,252,0.5844162213229227
2018-05-01,TS,BP,252,0.5843580110725763
2018-05-02,TS,BP,252,0.5817865202475527
2018-05-03,TS,BP,252,0.5815470860533263
2018-05-04,TS,BP,252,0.5766636158358414
2018-05-07,TS,BP,252,0.5719441070290873
2018-05-08,TS,BP,252,0.5719354793151044
2018-05-09,TS,BP,252,0.5602162521565238
2018-05-10,TS,BP,252,0.5591971282885002
2018-05-11,TS,BP,252,0.5598822005463852
2018-05-14,TS,BP,252,0.5585773400092172
2018-05-15,TS,BP,252,0.5577245870928793
2018-05-16,TS,BP,252,0.5564125613892337
2018-05-17,TS,BP,252,0.5577005516905906
2018-05-18,TS,BP,252,0.5562214499314829
2018-05-21,TS,BP,252,0.5548538071283853
2018-05-22,TS,BP,252,0.5576197086075019
2018-05-23,TS,BP,252,0.5582491903087152
2018-05-24,TS,BP,252,0.5607403176721343
2018-05-25,TS,BP,252,0.5605615245362754
2018-05-29,TS,BP,252,0.5563909176433515
2018-05-30,TS,BP,252,0.5600073611909155
2018-05-31,TS,BP,252,0.5540534522389226
2018-06-01,TS,BP,252,0.5544631919481051
2018-06-04,TS,BP,252,0.5527718666875289
2018-06-05,TS,BP,252,0.5524695720060325
2018-06-06,TS,BP,252,0.552054592923119
2018-06-07,TS,BP,252,0.5478241257309068
2018-06-08,TS,BP,252,0.5490471023253379
2018-06-11,TS,BP,252,0.5468868023769411
2018-06-12,TS,BP,252,0.547169201896366
2018-06-13,TS,BP,252,0.5469438064322025
2018-06-14,TS,BP,252,0.5441676709036627
2018-06-15,TS,BP,252,0.552431498323591
2018-06-18,TS,BP,252,0.5483468700053529
2018-06-19,TS,BP,252,0.5485974314215759
2018-06-20,TS,BP,252,0.5421008691858507
2018-06-21,TS,BP,252,0.542529531236108
2018-06-22,TS,BP,252,0.5565210722639085
2018-06-25,TS,BP,252,0.5645961711164964
2018-06-26,TS,BP,252,0.565095223283676
2018-06-27,TS,BP,252,0.5673190706580041
2018-06-28,TS,BP,252,0.5683252139832187
2018-06-29,TS,BP,252,0.5731072003624053
2018-07-02,TS,BP,252,0.572543636238738
2018-07-03,TS,BP,252,0.5725145325865979
2018-07-05,TS,BP,252,0.5704216066121014
2018-07-06,TS,BP,252,0.5689742349671834
2018-07-09,TS,BP,252,0.5712455197706849
2018-07-10,TS,BP,252,0.571234472917518
2018-07-11,TS,BP,252,0.5834777492691664
2018-07-12,TS,BP,252,0.5822613727329519
2018-07-13,TS,BP,252,0.5847790481059942
2018-07-16,TS,BP,252,0.5849869835849362
2018-07-17,TS,BP,252,0.5851175979264024
2018-07-18,TS,BP,252,0.5847078323696274
2018-07-19,TS,BP,252,0.5841727874341253
2018-07-20,TS,BP,252,0.5854096958497681
2018-07-23,TS,BP,252,0.5840330403316758
2018-07-24,TS,BP,252,0.5830270124748985
2018-07-25,TS,BP,252,0.5819962288085748
2018-07-26,TS,BP,252,0.5823679421028064
2018-07-27,TS,BP,252,0.5821726644550498
2018-07-30,TS,BP,252,0.5818155158710631
2018-07-31,TS,BP,252,0.5818119617366864
2018-08-01,TS,BP,252,0.6030631698634824
2018-08-02,TS,BP,252,0.6057531439656892
2018-08-03,TS,BP,252,0.6118822780438474
2018-08-06,TS,BP,252,0.6120092040585936
2018-08-07,TS,BP,252,0.6150883576638292
2018-08-08,TS,BP,252,0.6128725556536335
2018-08-09,TS,BP,252,0.6139262640344257
2018-08-10,TS,BP,252,0.6144628375859916
2018-08-13,TS,BP,252,0.6157660042810477
2018-08-14,TS,BP,252,0.6151119650396109
2018-08-15,TS,BP,252,0.6210890639201285
2018-08-16,TS,BP,252,0.6209487998376959
2018-08-17,TS,BP,252,0.6204701241463912
2018-08-20,TS,BP,252,0.6202732633767907
2018-08-21,TS,BP,252,0.6198434220838996
2018-08-22,TS,BP,252,0.6207590503870438
2018-08-23,TS,BP,252,0.6198761825900408
2018-08-24,TS,BP,252,0.6208395072962672
2018-08-27,TS,BP,252,0.6216179351388427
2018-08-28,TS,BP,252,0.6224359694398137
2018-08-29,TS,BP,252,0.622440208048724
2018-08-30,TS,BP,252,0.6050557079352782
2018-08-31,TS,BP,252,0.6012291386755099
2018-09-04,TS,BP,252,0.601210303035374
2018-09-05,TS,BP,252,0.6041282986593315
2018-09-06,TS,BP,252,0.6052358607450989
2018-09-07,TS,BP,252,0.6052391702294511
2018-09-10,TS,BP,252,0.604488793453837
2018-09-11,TS,BP,252,0.6062773921689572
2018-09-12,TS,BP,252,0.607023828085086
2018-09-13,TS,BP,252,0.6071741634020623
2018-09-14,TS,BP,252,0.6065318348527503
2018-09-17,TS,BP,252,0.6060418279312435
2018-09-18,TS,BP,252,0.6065062258114142
2018-09-19,TS,BP,252,0.6050275295884664
2018-09-20,TS,BP,252,0.6072664410262205
2018-09-21,TS,BP,252,0.6085834700439686
2018-09-24,TS,BP,252,0.6088125768210215
2018-09-25,TS,BP,252,0.6192333761279407
2018-09-26,TS,BP,252,0.6198769190361987
2018-09-27,TS,BP,252,0.6146339004123254
2018-09-28,TS,BP,252,0.6143323001319481
2018-10-01,TS,BP,252,0.6162923154004252
2018-10-02,TS,BP,252,0.616233323165021
2018-10-03,TS,BP,252,0.61711883525464
2018-10-04,TS,BP,252,0.6174730459763005
2018-10-05,TS,BP,252,0.6177941351463179
2018-10-08,TS,BP,252,0.6145988887668491
2018-10-09,TS,BP,252,0.6157254900633998
2018-10-10,TS,BP,252,0.6203546862708499
2018-10-11,TS,BP,252,0.6261569105628203
2018-10-12,TS,BP,252,0.6260736690165248
2018-10-15,TS,BP,252,0.6260123038652802
2018-10-16,TS,BP,252,0.626560079150343
2018-10-17,TS,BP,252,0.6262324131907311
2018-10-18,TS,BP,252,0.6288026737639081
2018-10-19,TS,BP,252,0.6287846516414104
2018-10-22,TS,BP,252,0.6289992263587056
2018-10-23,TS,BP,252,0.6334623885500376
2018-10-24,TS,BP,252,0.6421283767261465
2018-10-25,TS,BP,252,0.6432367986699192
2018-10-26,TS,BP,252,0.6408485755513329
2018-10-29,TS,BP,252,0.6381722691556043
2018-10-30,TS,BP,252,0.6377980136796694
2018-10-31,TS,BP,252,0.6345102274692823
2018-11-01,TS,BP,252,0.611478911480048
2018-11-02,TS,BP,252,0.6495308053880594
2018-11-05,TS,BP,252,0.6469289139880349
2018-11-06,TS,BP,252,0.6463149088643096
2018-11-07,TS,BP,252,0.6450140223157846
2018-11-08,TS,BP,252,0.6470563287529495
2018-11-09,TS,BP,252,0.6473288099086714
2018-11-12,TS,BP,252,0.6472370413483819
2018-11-13,TS,BP,252,0.6530968982632314
2018-11-14,TS,BP,252,0.6541052732426961
2018-11-15,TS,BP,252,0.6535044915137628
2018-11-16,TS,BP,252,0.6527123423226961
2018-11-19,TS,BP,252,0.6516493987836601
2018-11-20,TS,BP,252,0.6560909008375884
2018-11-21,TS,BP,252,0.6600723995701162
2018-11-23,TS,BP,252,0.6649607994160981
2018-11-26,TS,BP,252,0.6665063546272726
2018-11-27,TS,BP,252,0.6421199461429388
2018-11-28,TS,BP,252,0.6448407920062535
2018-11-29,TS,BP,252,0.6457994159288712
2018-11-30,TS,BP,252,0.6452268989659637
2018-12-03,TS,BP,252,0.6499912854617594
2018-12-04,TS,BP,252,0.6502557143408689
2018-12-06,TS,BP,252,0.655447967828327
2018-12-07,TS,BP,252,0.6544149627916327
2018-12-10,TS,BP,252,0.6556817320951001
2018-12-11,TS,BP,252,0.6551156960122456
2018-12-12,TS,BP,252,0.6542738617925736
2018-12-13,TS,BP,252,0.6539790848828273
2018-12-14,TS,BP,252,0.6562634899423626
2018-12-17,TS,BP,252,0.6587102210164004
2018-12-18,TS,BP,252,0.657181949301023
2018-12-19,TS,BP,252,0.655420178150894
2018-12-20,TS,BP,252,0.6565173091529742
2018-12-21,TS,BP,252,0.6558330176927637
2018-12-24,TS,BP,252,0.6540048403602474
2018-12-26,TS,BP,252,0.6627661969717331
2018-12-27,TS,BP,252,0.6622425932136133
2018-12-28,TS,BP,252,0.6625482743543574
2018-12-31,TS,BP,252,0.6625588856076815
2019-01-02,TS,BP,252,0.6644817801554335
2019-01-03,TS,BP,252,0.662746374362193
2019-01-04,TS,BP,252,0.6683415652027777
2019-01-07,TS,BP,252,0.6681947942340534
2019-01-08,TS,BP,252,0.6675881383242687
2019-01-09,TS,BP,252,0.6675397402995029
2019-01-10,TS,BP,252,0.6674162515998128
2019-01-11,TS,BP,252,0.6674621571631248
2019-01-14,TS,BP,252,0.6668184801974
2019-01-15,TS,BP,252,0.6662375808207371
2019-01-16,TS,BP,252,0.6644393082806154
2019-01-17,TS,BP,252,0.6633175950924409
2019-01-18,TS,BP,252,0.6654846960829317
2019-01-22,TS,BP,252,0.6691202350397008
2019-01-23,TS,BP,252,0.6667817803881728
2019-01-24,TS,BP,252,0.666520299848322
2019-01-25,TS,BP,252,0.6639770325199341
2019-01-28,TS,BP,252,0.6651680426632715
2019-01-29,TS,BP,252,0.6646272150231853
2019-01-30,TS,BP,252,0.6642070250606205
2019-01-31,TS,BP,252,0.6642546108546719
2019-02-01,TS,BP,252,0.6642948430617692
2019-02-04,TS,BP,252,0.6627607156565809
2019-02-05,TS,BP,252,0.649160448293405
2019-02-06,TS,BP,252,0.6454332251451026
2019-02-07,TS,BP,252,0.6443214199247959
2019-02-08,TS,BP,252,0.642617042322705
2019-02-11,TS,BP,252,0.6390850887875154
2019-02-12,TS,BP,252,0.6415896845784443
2019-02-13,TS,BP,252,0.6405327119990013
2019-02-14,TS,BP,252,0.6393429341303392
2019-02-15,TS,BP,252,0.6378255278831566
2019-02-19,TS,BP,252,0.6379257855531038
2019-02-20,TS,BP,252,0.6448767143392744
2019-02-21,TS,BP,252,0.6437296814763168
2019-02-22,TS,BP,252,0.6414066001139654
2019-02-25,TS,BP,252,0.6422550742715818
2019-02-26,TS,BP,252,0.6402412959071916
2019-02-27,TS,BP,252,0.6411486199827217
2019-02-28,TS,BP,252,0.6381620327190761
2019-03-01,TS,BP,252,0.6368329322063614
2019-03-04,TS,BP,252,0.6397681008927651
2019-03-05,TS,BP,252,0.6394981765832344
2019-03-06,TS,BP,252,0.6405712465037989
2019-03-07,TS,BP,252,0.6412849655543149
2019-03-08,TS,BP,252,0.6420683321222427
2019-03-11,TS,BP,252,0.6395843911401433
2019-03-12,TS,BP,252,0.6394650761023064
2019-03-13,TS,BP,252,0.6439462520691951
2019-03-14,TS,BP,252,0.643240450586871
2019-03-15,TS,BP,252,0.6440562994129027
2019-03-18,TS,BP,252,0.6456920459463792
2019-03-19,TS,BP,252,0.6448305521708281
2019-03-20,TS,BP,252,0.6462826460441357
2019-03-21,TS,BP,252,0.6456515322114099
2019-03-22,TS,BP,252,0.6357265821081636
2019-03-25,TS,BP,252,0.6303709824432892
2019-03-26,TS,BP,252,0.6269939760336493
2019-03-27,TS,BP,252,0.6224127168829822
2019-03-28,TS,BP,252,0.6215706334652253
2019-03-29,TS,BP,252,0.620591207106956
2019-04-01,TS,BP,252,0.6170207254345783
2019-04-02,TS,BP,252,0.6148554799570108
2019-04-03,TS,BP,252,0.613297504285597
2019-04-04,TS,BP,252,0.6134974550825463
2019-04-05,TS,BP,252,0.6115906552129936
2019-04-08,TS,BP,252,0.6115030354170504
2019-04-09,TS,BP,252,0.6121627206956571
2019-04-10,TS,BP,252,0.606670046150635
2019-04-11,TS,BP,252,0.6064403610642316
2019-04-12,TS,BP,252,0.6044205863088749
2019-04-15,TS,BP,252,0.6043133213269885
2019-04-16,TS,BP,252,0.5985713368459579
2019-04-17,TS,BP,252,0.5985001953826791
2019-04-18,TS,BP,252,0.5960690128891689
2019-04-22,TS,BP,252,0.598445784920343
2019-04-23,TS,BP,252,0.5985979585334829
2019-04-24,TS,BP,252,0.6031841437252224
2019-04-25,TS,BP,252,0.6026756571407036
2019-04-26,TS,BP,252,0.6025283224867012
2019-04-29,TS,BP,252,0.6042651386649802
2019-04-30,TS,BP,252,0.6032726470723627
2019-05-01,TS,BP,252,0.6050789335608253
2019-05-02,TS,BP,252,0.6054227628836062
2019-05-03,TS,BP,252,0.6107782015469917
2019-05-06,TS,BP,252,0.6109453627908241
2019-05-07,TS,BP,252,0.6150780727039343
2019-05-08,TS,BP,252,0.6144553643867054
2019-05-09,TS,BP,252,0.6149291164818536
2019-05-10,TS,BP,252,0.6238803074875952
2019-05-13,TS,BP,252,0.6247312369084812
2019-05-14,TS,BP,252,0.6254211250853425
2019-05-15,TS,BP,252,0.6275656880907826
2019-05-16,TS,BP,252,0.6290577893909572
2019-05-17,TS,BP,252,0.6305824351872727
2019-05-20,TS,BP,252,0.6297525938803679
2019-05-21,TS,BP,252,0.6303978262744789
2019-05-22,TS,BP,252,0.6305138137373921
2019-05-23,TS,BP,252,0.6330040767110514
2019-05-24,TS,BP,252,0.6281543936659776
2019-05-28,TS,BP,252,0.6273146376622916
2019-05-29,TS,BP,252,0.6268530276623094
2019-05-30,TS,BP,252,0.6307064416922336
2019-05-31,TS,BP,252,0.6278444687251445
2019-06-03,TS,BP,252,0.6326969206402745
2019-06-04,TS,BP,252,0.63340207615409
2019-06-05,TS,BP,252,0.6344828828281808
2019-06-06,TS,BP,252,0.6357330059723881
2019-06-07,TS,BP,252,0.6360347883831148
2019-06-10,TS,BP,252,0.6346917413254071
2019-06-11,TS,BP,252,0.6354276345356494
2019-06-12,TS,BP,252,0.643583523426844
2019-06-13,TS,BP,252,0.6434781978091304
2019-06-14,TS,BP,252,0.6435429391172351
2019-06-17,TS,BP,252,0.6380453916119649
2019-06-18,TS,BP,252,0.6352063881411524
2019-06-19,TS,BP,252,0.636947531294403
2019-06-20,TS,BP,252,0.6402525223716474
2019-06-21,TS,BP,252,0.6430459514436268
2019-06-24,TS,BP,252,0.6429357334392439
2019-06-25,TS,BP,252,0.6332780121166788
2019-06-26,TS,BP,252,0.6296006266377407
2019-06-27,TS,BP,252,0.6293467738630197
2019-06-28,TS,BP,252,0.6273122475023876
2019-07-01,TS,BP,252,0.6270665100155898
2019-07-02,TS,BP,252,0.6273915793305556
2019-07-03,TS,BP,252,0.6248937767664975
2019-07-05,TS,BP,252,0.621314829885808
2019-07-08,TS,BP,252,0.6212030800780877
2019-07-09,TS,BP,252,0.6223917235344687
2019-07-10,TS,BP,252,0.6202040688499506
2019-07-11,TS,BP,252,0.6203986965834554
2019-07-12,TS,BP,252,0.6129225060132963
2019-07-15,TS,BP,252,0.61334876710819
2019-07-16,TS,BP,252,0.6148720099855278
2019-07-17,TS,BP,252,0.6185150315905222
2019-07-18,TS,BP,252,0.6183979278386206
2019-07-19,TS,BP,252,0.615512356064468
2019-07-22,TS,BP,252,0.6158742543458221
2019-07-23,TS,BP,252,0.6160568568405034
2019-07-24,TS,BP,252,0.6114640065791384
2019-07-25,TS,BP,252,0.6125296061828337
2019-07-26,TS,BP,252,0.6125018002346436
2019-07-29,TS,BP,252,0.6114795496705998
2019-07-30,TS,BP,252,0.6086542053792758
2019-07-31,TS,BP,252,0.6096981822657273
2019-08-01,TS,BP,252,0.6109490685360498
2019-08-02,TS,BP,252,0.614599018956801
2019-08-05,TS,BP,252,0.6151102602551638
2019-08-06,TS,BP,252,0.615058314239776
2019-08-07,TS,BP,252,0.6150786182965653
2019-08-08,TS,BP,252,0.6143960237987788
2019-08-09,TS,BP,252,0.6167269369413764
2019-08-12,TS,BP,252,0.6134972509879644
2019-08-13,TS,BP,252,0.6138187223851017
2019-08-14,TS,BP,252,0.6209184177654192
2019-08-15,TS,BP,252,0.6208879976542307
2019-08-16,TS,BP,252,0.6166793962323895
2019-08-19,TS,BP,252,0.618495766233665
2019-08-20,TS,BP,252,0.6198881391438438
2019-08-21,TS,BP,252,0.6210008330094844
2019-08-22,TS,BP,252,0.6202709889604822
2019-08-23,TS,BP,252,0.6195664148471731
2019-08-26,TS,BP,252,0.6202662268659538
2019-08-27,TS,BP,252,0.6196544699233029
2019-08-28,TS,BP,252,0.6183335917996347
2019-08-29,TS,BP,252,0.616981585772007
2019-08-30,TS,BP,252,0.6167559684763876
2019-09-03,TS,BP,252,0.6300832032298507
2019-09-04,TS,BP,252,0.638157292344275
2019-09-05,TS,BP,252,0.6372040416439225
2019-09-06,TS,BP,252,0.6372439538275003
2019-09-09,TS,BP,252,0.6339926132592419
2019-09-10,TS,BP,252,0.6349440949455648
2019-09-11,TS,BP,252,0.6352061865446632
2019-09-12,TS,BP,252,0.6335367999567106
2019-09-13,TS,BP,252,0.6325044155940217
2019-09-16,TS,BP,252,0.6323452183120347
2019-09-17,TS,BP,252,0.6338767011889346
2019-09-18,TS,BP,252,0.633345140696001
2019-09-19,TS,BP,252,0.6314599494871859
2019-09-20,TS,BP,252,0.6309652431421353
2019-09-23,TS,BP,252,0.6314045023240984
2019-09-24,TS,BP,252,0.6339829879081414
2019-09-25,TS,BP,252,0.6335743983055827
2019-09-26,TS,BP,252,0.6247234862594647
2019-09-27,TS,BP,252,0.6219437589515096
2019-09-30,TS,BP,252,0.6275200168978113
2019-10-01,TS,BP,252,0.6297485335251077
2019-10-02,TS,BP,252,0.6295906207754619
2019-10-03,TS,BP,252,0.628177338354082
2019-10-04,TS,BP,252,0.6241073408176461
2019-10-07,TS,BP,252,0.6238709613167746
2019-10-08,TS,BP,252,0.623743320548843
2019-10-09,TS,BP,252,0.6274273933995205
2019-10-10,TS,BP,252,0.6256852613515258
2019-10-11,TS,BP,252,0.6243283447246912
2019-10-14,TS,BP,252,0.6183078423585294
2019-10-15,TS,BP,252,0.618589835857313
2019-10-16,TS,BP,252,0.6190651911296643
2019-10-17,TS,BP,252,0.6182570744023572
2019-10-18,TS,BP,252,0.618219825546229
2019-10-21,TS,BP,252,0.6177370538479089
2019-10-22,TS,BP,252,0.6176315940558146
2019-10-23,TS,BP,252,0.6174032668669358
2019-10-24,TS,BP,252,0.6116918073263768
2019-10-25,TS,BP,252,0.6018352351489641
2019-10-28,TS,BP,252,0.5980422612867233
2019-10-29,TS,BP,252,0.5840048596309975
2019-10-30,TS,BP,252,0.5729347727204889
2019-10-31,TS,BP,252,0.5723043788161127
2019-11-01,TS,BP,252,0.5849076835091381
2019-11-04,TS,BP,252,0.6114618653021431
2019-11-05,TS,BP,252,0.6126350209430111
2019-11-06,TS,BP,252,0.616760559571373
2019-11-07,TS,BP,252,0.6153065576629626
2019-11-08,TS,BP,252,0.6168426474283679
2019-11-11,TS,BP,252,0.6155882694558847
2019-11-12,TS,BP,252,0.615542258809346
2019-11-13,TS,BP,252,0.6136971060130568
2019-11-14,TS,BP,252,0.6048457221309084
2019-11-15,TS,BP,252,0.6032665346567109
2019-11-18,TS,BP,252,0.6034765759091499
2019-11-19,TS,BP,252,0.6039235951501191
2019-11-20,TS,BP,252,0.6040303511705503
2019-11-21,TS,BP,252,0.5981182022397024
2019-11-22,TS,BP,252,0.593276006793863
2019-11-25,TS,BP,252,0.5869397115194989
2019-11-26,TS,BP,252,0.5857569467207892
2019-11-27,TS,BP,252,0.6067841176430347
2019-11-29,TS,BP,252,0.6047804763834135
2019-12-02,TS,BP,252,0.6033615620819046
2019-12-03,TS,BP,252,0.604328841682725
2019-12-04,TS,BP,252,0.599382664969577
2019-12-05,TS,BP,252,0.5941208658890544
2019-12-06,TS,BP,252,0.5868022181220778
2019-12-09,TS,BP,252,0.5877762336345259
2019-12-10,TS,BP,252,0.5874422961033581
2019-12-11,TS,BP,252,0.5799786406526413
2019-12-12,TS,BP,252,0.5834990566268832
2019-12-13,TS,BP,252,0.5819369330692885
2019-12-16,TS,BP,252,0.5759135014745242
2019-12-17,TS,BP,252,0.5752240965158469
2019-12-18,TS,BP,252,0.5767054195364458
2019-12-19,TS,BP,252,0.5766978405530216
2019-12-20,TS,BP,252,0.5738084313501883
2019-12-23,TS,BP,252,0.5752034427573044
2019-12-24,TS,BP,252,0.575860470137121
2019-12-26,TS,BP,252,0.5612825905538537
2019-12-27,TS,BP,252,0.5612394006075246
2019-12-30,TS,BP,252,0.5593396602218847
2019-12-31,TS,BP,252,0.5589210923407618
2020-01-02,TS,BP,252,0.553591202906313
2020-01-03,TS,BP,252,0.5577722801874211
2020-01-06,TS,BP,252,0.5424055663251953
2020-01-07,TS,BP,252,0.5386182077289267
2020-01-08,TS,BP,252,0.5397355736625905
2020-01-09,TS,BP,252,0.5385223368076939
2020-01-10,TS,BP,252,0.5393683483003978
2020-01-13,TS,BP,252,0.5387664490179653
2020-01-14,TS,BP,252,0.5396192670452886
2020-01-15,TS,BP,252,0.539347220968242
2020-01-16,TS,BP,252,0.5401673870253023
2020-01-17,TS,BP,252,0.5400462595455433
2020-01-21,TS,BP,252,0.5363326963182671
2020-01-22,TS,BP,252,0.5305001873939313
2020-01-23,TS,BP,252,0.5296221139894809
2020-01-24,TS,BP,252,0.5302271093878055
2020-01-27,TS,BP,252,0.5440042435782905
2020-01-28,TS,BP,252,0.5408532702497525
2020-01-29,TS,BP,252,0.5403342690134437
2020-01-30,TS,BP,252,0.5394042226633088
2020-01-31,TS,BP,252,0.546897136940838
2020-02-03,TS,BP,252,0.5472581818350399
2020-02-04,TS,BP,252,0.5433558089264064
2020-02-05,TS,BP,252,0.5505673253246045
2020-02-06,TS,BP,252,0.5473682360844202
2020-02-07,TS,BP,252,0.5480710694255806
2020-02-10,TS,BP,252,0.5477101841229659
2020-02-11,TS,BP,252,0.5524546272208007
2020-02-12,TS,BP,252,0.5532755414429578
2020-02-13,TS,BP,252,0.5533856667737362
2020-02-14,TS,BP,252,0.5551274597259838
2020-02-18,TS,BP,252,0.5485932489194427
2020-02-19,TS,BP,252,0.5486809405476221
2020-02-20,TS,BP,252,0.5441992344265468
2020-02-21,TS,BP,252,0.5509141463540781
2020-02-24,TS,BP,252,0.5714251683419662
2020-02-25,TS,BP,252,0.5648719197860388
2020-02-26,TS,BP,252,0.5656721004700699
2020-02-27,TS,BP,252,0.5761512832173513
2020-02-28,TS,BP,252,0.5750701125228589
2020-03-02,TS,BP,252,0.577587813304686
2020-03-03,TS,BP,252,0.5789318845899946
2020-03-04,TS,BP,252,0.5639933283094304
2020-03-05,TS,BP,252,0.567243979195833
2020-03-06,TS,BP,252,0.5855130908049246
2020-03-09,TS,BP,252,0.7714233940218423
2020-03-10,TS,BP,252,0.7736899997683032
2020-03-11,TS,BP,252,0.784203369872777
2020-03-12,TS,BP,252,0.8115666295922997
2020-03-13,TS,BP,252,0.8101401074162474
2020-03-16,TS,BP,252,0.829399141300758
2020-03-17,TS,BP,252,0.8267947451891839
2020-03-18,TS,BP,252,0.790893117835134
2020-03-19,TS,BP,252,0.7951719193387765
2020-03-20,TS,BP,252,0.7907206931926006
2020-03-23,TS,BP,252,0.7910588801173359
2020-03-24,TS,BP,252,0.7566002719914241
2020-03-25,TS,BP,252,0.7502349213814526
2020-03-26,TS,BP,252,0.7392242364809388
2020-03-27,TS,BP,252,0.7344092896432692
2020-03-30,TS,BP,252,0.7172908085417035
2020-03-31,TS,BP,252,0.7173345078248201
2020-04-01,TS,BP,252,0.7170639582605909
2020-04-02,TS,BP,252,0.7213258925340309
2020-04-03,TS,BP,252,0.7162696239330961
2020-04-06,TS,BP,252,0.7162795691445859
2020-04-07,TS,BP,252,0.7147572079151977
2020-04-08,TS,BP,252,0.7157172099081677
2020-04-09,TS,BP,252,0.7161351908321888
2020-04-13,TS,BP,252,0.7156390714390388
2020-04-14,TS,BP,252,0.714692160994062
2020-04-15,TS,BP,252,0.7152485303827468
2020-04-16,TS,BP,252,0.7160824366231187
2020-04-17,TS,BP,252,0.716874344133225
2020-04-20,TS,BP,252,0.7192017427065331
2020-04-21,TS,BP,252,0.7194101461833748
2020-04-22,TS,BP,252,0.7203008642552926
2020-04-23,TS,BP,252,0.7190840520982595
2020-04-24,TS,BP,252,0.7198108487701548
2020-04-27,TS,BP,252,0.7207700440324638
2020-04-28,TS,BP,252,0.7205904614259495
2020-04-29,TS,BP,252,0.7247046034601733
2020-04-30,TS,BP,252,0.72139320650492
2020-05-01,TS,BP,252,0.7229500315807581
2020-05-04,TS,BP,252,0.7232575340644416
2020-05-05,TS,BP,252,0.7206926703611782
2020-05-06,TS,BP,252,0.720124044076273
2020-05-07,TS,BP,252,0.7209289863701315
2020-05-08,TS,BP,252,0.721566612212445
2020-05-11,TS,BP,252,0.7219639755221572
2020-05-12,TS,BP,252,0.7223181413376871
2020-05-13,TS,BP,252,0.7239326374259607
2020-05-14,TS,BP,252,0.7236881996313664
2020-05-15,TS,BP,252,0.7227255879588682
2020-05-18,TS,BP,252,0.7287825113288644
2020-05-19,TS,BP,252,0.7239752046278564
2020-05-20,TS,BP,252,0.7252032255243009
2020-05-21,TS,BP,252,0.7252326136591133
2020-05-22,TS,BP,252,0.7245345523002569
2020-05-26,TS,BP,252,0.7260686626304985
2020-05-27,TS,BP,252,0.7272875405435508
2020-05-28,TS,BP,252,0.7252095064950141
2020-05-29,TS,BP,252,0.7254210076095369
2020-06-01,TS,BP,252,0.7273091274917585
2020-06-02,TS,BP,252,0.7300812586258868
2020-06-03,TS,BP,252,0.7317441774470391
2020-06-04,TS,BP,252,0.7309478233080965
2020-06-05,TS,BP,252,0.7295755427765107
2020-06-08,TS,BP,252,0.7301403932209846
2020-06-09,TS,BP,252,0.7305737990419333
2020-06-10,TS,BP,252,0.7318660670729425
2020-06-11,TS,BP,252,0.7377119837503981
2020-06-12,TS,BP,252,0.7393205124962469
2020-06-15,TS,BP,252,0.7395336301109279
2020-06-16,TS,BP,252,0.74087699794864
2020-06-17,TS,BP,252,0.7416944899311928
2020-06-18,TS,BP,252,0.7417688706774873
2020-06-19,TS,BP,252,0.7408663591261452
2020-06-22,TS,BP,252,0.7408367379362493
2020-06-23,TS,BP,252,0.7410199475352558
2020-06-24,TS,BP,252,0.7427655084215236
2020-06-25,TS,BP,252,0.7435141156299551
2020-06-26,TS,BP,252,0.7443258419428646
2020-06-29,TS,BP,252,0.744685861285701
2020-06-30,TS,BP,252,0.7446926374693349
2020-07-01,TS,BP,252,0.7445455245512376
2020-07-02,TS,BP,252,0.7452838168092768
2020-07-06,TS,BP,252,0.7455488797097497
2020-07-07,TS,BP,252,0.7461512960043144
2020-07-08,TS,BP,252,0.746081821718448
2020-07-09,TS,BP,252,0.7486146961824532
2020-07-10,TS,BP,252,0.7490497641157524
2020-07-13,TS,BP,252,0.7489351621851661
2020-07-14,TS,BP,252,0.7496791179569254
2020-07-15,TS,BP,252,0.7501573307537328
2020-07-16,TS,BP,252,0.7494495047683798
2020-07-17,TS,BP,252,0.7497081702108168
2020-07-20,TS,BP,252,0.7501831359671056
2020-07-21,TS,BP,252,0.7521540643553489
2020-07-22,TS,BP,252,0.7525389433549527
2020-07-23,TS,BP,252,0.7536794556668949
2020-07-24,TS,BP,252,0.7540097791674286
2020-07-27,TS,BP,252,0.7536909939380272
2020-07-28,TS,BP,252,0.7539187637409935
2020-07-29,TS,BP,252,0.753287613880114
2020-07-30,TS,BP,252,0.7540631677079181
2020-07-31,TS,BP,252,0.7540637173065788
2020-08-03,TS,BP,252,0.7533181575659106
2020-08-04,TS,BP,252,0.7513714626220983
2020-08-05,TS,BP,252,0.7506704014178954
2020-08-06,TS,BP,252,0.7513672621248904
2020-08-07,TS,BP,252,0.7513731840899269
2020-08-10,TS,BP,252,0.751323645566026
2020-08-11,TS,BP,252,0.7533489024147382
2020-08-12,TS,BP,252,0.7528994836169073
2020-08-13,TS,BP,252,0.7530321147696443
2020-08-14,TS,BP,252,0.7526478539076676
2020-08-17,TS,BP,252,0.7529671849205352
2020-08-18,TS,BP,252,0.7524690795953921
2020-08-19,TS,BP,252,0.7520858885849135
2020-08-20,TS,BP,252,0.7521178412758395
2020-08-21,TS,BP,252,0.7523658252916198
2020-08-24,TS,BP,252,0.7526530252422812
2020-08-25,TS,BP,252,0.7526740135557642
2020-08-26,TS,BP,252,0.7526223966904185
2020-08-27,TS,BP,252,0.7526835343136353
2020-08-28,TS,BP,252,0.7531089386302562
2020-08-31,TS,BP,252,0.7531267386576876
2020-09-01,TS,BP,252,0.7544595853683648
2020-09-02,TS,BP,252,0.7545065305487618
2020-09-03,TS,BP,252,0.755145382700958
2020-09-04,TS,BP,252,0.7552304775315086
2020-09-08,TS,BP,252,0.7554334941366732
2020-09-09,TS,BP,252,0.75518311423266
2020-09-10,TS,BP,252,0.7554464455037362
2020-09-11,TS,BP,252,0.7555441817661276
2020-09-14,TS,BP,252,0.7550832051791072
2020-09-15,TS,BP,252,0.7544330627059745
2020-09-16,TS,BP,252,0.7530956626658452
2020-09-17,TS,BP,252,0.7529860221333052
2020-09-18,TS,BP,252,0.7541527650235119
2020-09-21,TS,BP,252,0.7548314099575965
2020-09-22,TS,BP,252,0.7541868185946905
2020-09-23,TS,BP,252,0.7545894832467942
2020-09-24,TS,BP,252,0.7545534653337137
2020-09-25,TS,BP,252,0.7548432277776691
2020-09-28,TS,BP,252,0.7563189503879105
2020-09-29,TS,BP,252,0.7562988514817719
2020-09-30,TS,BP,252,0.7556157970259559
2020-10-01,TS,BP,252,0.7544984737481758
2020-10-02,TS,BP,252,0.7545728620811681
2020-10-05,TS,BP,252,0.7556905919610504
2020-10-06,TS,BP,252,0.7552982062163512
2020-10-07,TS,BP,252,0.7553981367840602
2020-10-08,TS,BP,252,0.7560699634880252
2020-10-09,TS,BP,252,0.7566870550655928
2020-10-12,TS,BP,252,0.7566627731733385
2020-10-13,TS,BP,252,0.7579423651818251
2020-10-14,TS,BP,252,0.7579648402363015
2020-10-15,TS,BP,252,0.7579561184903548
2020-10-16,TS,BP,252,0.7576619529966162
2020-10-19,TS,BP,252,0.7553738767095929
2020-10-20,TS,BP,252,0.7541268142923945
2020-10-21,TS,BP,252,0.7543436246004694
2020-10-22,TS,BP,252,0.7547446757928987
2020-10-23,TS,BP,252,0.7551643823700793
2020-10-26,TS,BP,252,0.7552308394873283
2020-10-27,TS,BP,252,0.7561244581295723
2020-10-28,TS,BP,252,0.7595264697859906
2020-10-29,TS,BP,252,0.7596461452569917
2020-10-30,TS,BP,252,0.7590847248241573
2020-11-02,TS,BP,252,0.763684263589103
2020-11-03,TS,BP,252,0.7629935757771297
2020-11-04,TS,BP,252,0.7633030854808949
2020-11-05,TS,BP,252,0.7355576949461685
2020-11-06,TS,BP,252,0.7358532005742989
2020-11-09,TS,BP,252,0.7462387215647622
2020-11-10,TS,BP,252,0.7417321077846546
2020-11-11,TS,BP,252,0.7418073157795866
2020-11-12,TS,BP,252,0.7401018945949406
2020-11-13,TS,BP,252,0.7410035120069465
2020-11-16,TS,BP,252,0.7433003290533429
2020-11-17,TS,BP,252,0.743505665953584
2020-11-18,TS,BP,252,0.7435309772890042
2020-11-19,TS,BP,252,0.7431199274564587
2020-11-20,TS,BP,252,0.7428397852953554
2020-11-23,TS,BP,252,0.7447645818751224
2020-11-24,TS,BP,252,0.7477471018604008
2020-11-25,TS,BP,252,0.747589179828513
2020-11-27,TS,BP,252,0.7478113027319728
2020-11-30,TS,BP,252,0.7488657910092137
2020-12-01,TS,BP,252,0.7501247426569394
2020-12-02,TS,BP,252,0.7492623518282037
2020-12-03,TS,BP,252,0.7495774344533536
2020-12-04,TS,BP,252,0.7518705829522679
2020-12-07,TS,BP,252,0.7521504679210487
2020-12-08,TS,BP,252,0.7520565374250735
2020-12-09,TS,BP,252,0.7519057529580037
2020-12-10,TS,BP,252,0.7534091906610288
2020-12-11,TS,BP,252,0.7537092079101945
2020-12-14,TS,BP,252,0.7545080290644783
2020-12-15,TS,BP,252,0.7551777265865681
2020-12-16,TS,BP,252,0.7550347050941825
2020-12-17,TS,BP,252,0.7550189109397759
2020-12-18,TS,BP,252,0.7548992263517074
2020-12-21,TS,BP,252,0.7547554174824029
2020-12-22,TS,BP,252,0.7548293353297894
2020-12-23,TS,BP,252,0.7554225374104511
2020-12-24,TS,BP,252,0.7554435441831139
2020-12-28,TS,BP,252,0.7555488400165953
2020-12-29,TS,BP,252,0.7556185844488872
2020-12-30,TS,BP,252,0.755543835911621
2020-12-31,TS,BP,252,0.7555759960086125
2021-01-04,TS,BP,252,0.7552713749988221
2021-01-05,TS,BP,252,0.7564877762035428
2021-01-06,TS,BP,252,0.7583916908786216
2021-01-07,TS,BP,252,0.7581960079227881
2021-01-08,TS,BP,252,0.7566651289694063
2021-01-11,TS,BP,252,0.7566964889419472
2021-01-12,TS,BP,252,0.7571418840551195
2021-01-13,TS,BP,252,0.757017775470836
2021-01-14,TS,BP,252,0.7573921878078899
2021-01-15,TS,BP,252,0.7589429096653771
2021-01-19,TS,BP,252,0.7587515085020091
2021-01-20,TS,BP,252,0.7585646247786879
2021-01-21,TS,BP,252,0.7592976811310003
2021-01-22,TS,BP,252,0.7593743709998914
2021-01-25,TS,BP,252,0.759671553906128
2021-01-26,TS,BP,252,0.7604725740931937
2021-01-27,TS,BP,252,0.7592429143245991
2021-01-28,TS,BP,252,0.7589807665595933
2021-01-29,TS,BP,252,0.7598263964181149
2021-02-01,TS,BP,252,0.7590176420705699
2021-02-02,TS,BP,252,0.7513956326053236
2021-02-03,TS,BP,252,0.7517803335664334
2021-02-04,TS,BP,252,0.7509725796689687
2021-02-05,TS,BP,252,0.7509358201531096
2021-02-08,TS,BP,252,0.7520083183960734
2021-02-09,TS,BP,252,0.7521029869311179
2021-02-10,TS,BP,252,0.7515951067032351
2021-02-11,TS,BP,252,0.7514778679165108
2021-02-12,TS,BP,252,0.751878932028801
2021-02-16,TS,BP,252,0.7538069101350792
2021-02-17,TS,BP,252,0.7530198095544739
2021-02-18,TS,BP,252,0.7540050860275939
2021-02-19,TS,BP,252,0.7548823511605005
2021-02-22,TS,BP,252,0.7557108785145741
2021-02-23,TS,BP,252,0.7535610589955491
2021-02-24,TS,BP,252,0.754829528216013
2021-02-25,TS,BP,252,0.7359362486387049
2021-02-26,TS,BP,252,0.7364354446439946
2021-03-01,TS,BP,252,0.7362987557589359
2021-03-02,TS,BP,252,0.7358511838840867
2021-03-03,TS,BP,252,0.7356892206088389
2021-03-04,TS,BP,252,0.7379398863218299
2021-03-05,TS,BP,252,0.7382598739720395
2021-03-08,TS,BP,252,0.7368003903281499
2021-03-09,TS,BP,252,0.6985057574298453
2021-03-10,TS,BP,252,0.6977225965896995
2021-03-11,TS,BP,252,0.6913515859608196
2021-03-12,TS,BP,252,0.6713902512064669
2021-03-15,TS,BP,252,0.6728893671670032
2021-03-16,TS,BP,252,0.6450776203769834
2021-03-17,TS,BP,252,0.6465873751797138
2021-03-18,TS,BP,252,0.6552324414534243
2021-03-19,TS,BP,252,0.6515928609993833
2021-03-22,TS,BP,252,0.6546036822796597
2021-03-23,TS,BP,252,0.657426267323469
2021-03-24,TS,BP,252,0.6739309805934953
2021-03-25,TS,BP,252,0.6808683309308718
2021-03-26,TS,BP,252,0.6902032257002394
2021-03-29,TS,BP,252,0.6929931121963823
2021-03-30,TS,BP,252,0.7104007833868319
2021-03-31,TS,BP,252,0.7091737782370341
2021-04-01,TS,BP,252,0.7101681606772974
2021-04-05,TS,BP,252,0.7068856937166796
2021-04-06,TS,BP,252,0.7067242038595265
2021-04-07,TS,BP,252,0.7062377224564053
2021-04-08,TS,BP,252,0.7083378092805342
2021-04-09,TS,BP,252,0.7084999060591693
2021-04-12,TS,BP,252,0.7072573239017742
2021-04-13,TS,BP,252,0.7078128070795563
2021-04-14,TS,BP,252,0.7111757483433045
2021-04-15,TS,BP,252,0.7101333531906607
2021-04-16,TS,BP,252,0.7113617901042533
2021-04-19,TS,BP,252,0.7120720978880516
2021-04-20,TS,BP,252,0.7098338594222929
2021-04-21,TS,BP,252,0.7089822831780984
2021-04-22,TS,BP,252,0.7106620355789927
2021-04-23,TS,BP,252,0.7114452481038501
2021-04-26,TS,BP,252,0.7118274765362189
2021-04-27,TS,BP,252,0.7109813372665877
2021-04-28,TS,BP,252,0.7123346301272901
2021-04-29,TS,BP,252,0.7022651913990874
2021-04-30,TS,BP,252,0.7044422297128284
2021-05-03,TS,BP,252,0.7028768029175937
2021-05-04,TS,BP,252,0.7021081920754446
2021-05-05,TS,BP,252,0.7074976884779797
2021-05-06,TS,BP,252,0.7074993665325814
2021-05-07,TS,BP,252,0.7070204271976296
2021-05-10,TS,BP,252,0.7056587779519359
2021-05-11,TS,BP,252,0.7032811817535511
2021-05-12,TS,BP,252,0.7019701695984835
2021-05-13,TS,BP,252,0.6987761071283938
2021-05-14,TS,BP,252,0.6991754360571971
2021-05-17,TS,BP,252,0.6999207107724901
2021-05-18,TS,BP,252,0.6928262350126234
2021-05-19,TS,BP,252,0.6966795465790482
2021-05-20,TS,BP,252,0.6947340044287658
2021-05-21,TS,BP,252,0.6950083733581592
2021-05-24,TS,BP,252,0.6942826166958974
2021-05-25,TS,BP,252,0.6949987103018369
2021-05-26,TS,BP,252,0.6936468993493831
2021-05-27,TS,BP,252,0.6951760269706225
2021-05-28,TS,BP,252,0.6953178904861264
2021-06-01,TS,BP,252,0.694692035593537
2021-06-02,TS,BP,252,0.6931852719081832
2021-06-03,TS,BP,252,0.6894580668473821
2021-06-04,TS,BP,252,0.6907932666799875
2021-06-07,TS,BP,252,0.6940917362361623
2021-06-08,TS,BP,252,0.6918438513741549
2021-06-09,TS,BP,252,0.691419758147626
2021-06-10,TS,BP,252,0.6893795551662308
2021-06-11,TS,BP,252,0.6772246250229732
2021-06-14,TS,BP,252,0.6752679617388622
2021-06-15,TS,BP,252,0.6756352676670524
2021-06-16,TS,BP,252,0.6760753156995808
2021-06-17,TS,BP,252,0.6748741020665273
2021-06-18,TS,BP,252,0.6764531936581097
2021-06-21,TS,BP,252,0.6792181975267934
2021-06-22,TS,BP,252,0.6785208813884263
2021-06-23,TS,BP,252,0.6784589803194789
2021-06-24,TS,BP,252,0.6736291336881797
2021-06-25,TS,BP,252,0.6730927933471429
2021-06-28,TS,BP,252,0.6732173582664
2021-06-29,TS,BP,252,0.6735984039007401
2021-06-30,TS,BP,252,0.6735446949514585
2021-07-01,TS,BP,252,0.6736417468332181
2021-07-02,TS,BP,252,0.6736264189372762
2021-07-06,TS,BP,252,0.6771618962022009
2021-07-07,TS,BP,252,0.6758340162542358
2021-07-08,TS,BP,252,0.6761064194842095
2021-07-09,TS,BP,252,0.6718146617422035
2021-07-12,TS,BP,252,0.6711082648137654
2021-07-13,TS,BP,252,0.6717036884707158
2021-07-14,TS,BP,252,0.670511767373157
2021-07-15,TS,BP,252,0.6709851205597539
2021-07-16,TS,BP,252,0.6717276954980891
2021-07-19,TS,BP,252,0.6725954375111948
2021-07-20,TS,BP,252,0.6728525147835083
2021-07-21,TS,BP,252,0.6712520351001577
2021-07-22,TS,BP,252,0.6704795866502723
2021-07-23,TS,BP,252,0.6698979513993807
2021-07-26,TS,BP,252,0.6709063609141588
2021-07-27,TS,BP,252,0.671747945854992
2021-07-28,TS,BP,252,0.6713725318348758
2021-07-29,TS,BP,252,0.6730228346259687
2021-07-30,TS,BP,252,0.6713504560116619
2021-08-02,TS,BP,252,0.6706739737145343
2021-08-03,TS,BP,252,0.6694842803406251
2021-08-04,TS,BP,252,0.6752473827747585
2021-08-05,TS,BP,252,0.6759396760942501
2021-08-06,TS,BP,252,0.6738724382420818
2021-08-09,TS,BP,252,0.6736072650632438
2021-08-10,TS,BP,252,0.6731572357518981
2021-08-11,TS,BP,252,0.6729166311152829
2021-08-12,TS,BP,252,0.6737472184301982
2021-08-13,TS,BP,252,0.6739893740955555
2021-08-16,TS,BP,252,0.6749280490069743
2021-08-17,TS,BP,252,0.674218554676493
2021-08-18,TS,BP,252,0.6742449524654285
2021-08-19,TS,BP,252,0.676042763642928
2021-08-20,TS,BP,252,0.6750550943425525
2021-08-23,TS,BP,252,0.6754738810046335
2021-08-24,TS,BP,252,0.6746392212898049
2021-08-25,TS,BP,252,0.6745992848223383
2021-08-26,TS,BP,252,0.6738835415544048
2021-08-27,TS,BP,252,0.6748401265120548
2021-08-30,TS,BP,252,0.6748196673062249
2021-08-31,TS,BP,252,0.6744269349811836
2021-09-01,TS,BP,252,0.6741781782549476
2021-09-02,TS,BP,252,0.6738552620592914
2021-09-03,TS,BP,252,0.6738350187526287
2021-09-07,TS,BP,252,0.6739102769204723
2021-09-08,TS,BP,252,0.6732829006240031
2021-09-09,TS,BP,252,0.6737263789883666
2021-09-10,TS,BP,252,0.6728398962713147
2021-09-13,TS,BP,252,0.6739366587039243
2021-09-14,TS,BP,252,0.6746656424659166
2021-09-15,TS,BP,252,0.6772972307740991
2021-09-16,TS,BP,252,0.6786014299111136
2021-09-17,TS,BP,252,0.6761657024310613
2021-09-20,TS,BP,252,0.6749245321986818
2021-09-21,TS,BP,252,0.6711891512229949
2021-09-22,TS,BP,252,0.6728283374429979
2021-09-23,TS,BP,252,0.6713662427079272
2021-09-24,TS,BP,252,0.6713466690700306
2021-09-27,TS,BP,252,0.6734229346939543
2021-09-28,TS,BP,252,0.6720954550402155
2021-09-29,TS,BP,252,0.6714553296963868
2021-09-30,TS,BP,252,0.6728980685889132
2021-10-01,TS,BP,252,0.673721342116418
2021-10-04,TS,BP,252,0.6741095882392285
2021-10-05,TS,BP,252,0.6735036102247952
2021-10-06,TS,BP,252,0.6742087966662211
2021-10-07,TS,BP,252,0.6741914614715434
2021-10-08,TS,BP,252,0.6739039505019274
2021-10-11,TS,BP,252,0.6737570201324339
2021-10-12,TS,BP,252,0.6735210586853236
2021-10-13,TS,BP,252,0.6710926728698767
2021-10-14,TS,BP,252,0.6712666205117428
2021-10-15,TS,BP,252,0.6714107408548277
2021-10-18,TS,BP,252,0.6720421321058414
2021-10-19,TS,BP,252,0.6756224070581112
2021-10-20,TS,BP,252,0.6769948263334101
2021-10-21,TS,BP,252,0.6768262270757025
2021-10-22,TS,BP,252,0.6762958057536828
2021-10-25,TS,BP,252,0.6762543139514883
2021-10-26,TS,BP,252,0.6752721582603955
2021-10-27,TS,BP,252,0.6740938700825684
2021-10-28,TS,BP,252,0.6707087118290603
2021-10-29,TS,BP,252,0.6771382966181826
2021-11-01,TS,BP,252,0.6778418766543051
2021-11-02,TS,BP,252,0.6713059342603103
2021-11-03,TS,BP,252,0.6728082984950589
2021-11-04,TS,BP,252,0.6673532253471928
2021-11-05,TS,BP,252,0.7124729547033856
2021-11-08,TS,BP,252,0.7113773005548868
2021-11-09,TS,BP,252,0.6898929422792959
2021-11-10,TS,BP,252,0.6990035688410027
2021-11-11,TS,BP,252,0.699091360539173
2021-11-12,TS,BP,252,0.7037786258414871
2021-11-15,TS,BP,252,0.7009291116027511
2021-11-16,TS,BP,252,0.6937429482225025
2021-11-17,TS,BP,252,0.6932537718533048
2021-11-18,TS,BP,252,0.693097468927575
2021-11-19,TS,BP,252,0.6976216590580038
2021-11-22,TS,BP,252,0.6976823627416026
2021-11-23,TS,BP,252,0.6931566486695027
2021-11-24,TS,BP,252,0.6851418451236981
2021-11-26,TS,BP,252,0.6912893911100864
2021-11-29,TS,BP,252,0.6884512020969563
2021-11-30,TS,BP,252,0.6856896097064177
2021-12-01,TS,BP,252,0.6826997587016709
2021-12-02,TS,BP,252,0.6879628080807593
2021-12-03,TS,BP,252,0.6880275701361669
2021-12-06,TS,BP,252,0.6837573400240617
2021-12-07,TS,BP,252,0.6812695169319003
2021-12-08,TS,BP,252,0.6814865134392573
2021-12-09,TS,BP,252,0.6824465069048731
2021-12-10,TS,BP,252,0.6814818003738146
2021-12-13,TS,BP,252,0.6813184351716404
2021-12-14,TS,BP,252,0.6805795731312864
2021-12-15,TS,BP,252,0.6790295838836783
2021-12-16,TS,BP,252,0.6790045005104575
2021-12-17,TS,BP,252,0.6793722497036707
2021-12-20,TS,BP,252,0.6789220737098794
2021-12-21,TS,BP,252,0.6813983055687564
2021-12-22,TS,BP,252,0.6810965902334066
2021-12-23,TS,BP,252,0.6792780033367244
2021-12-27,TS,BP,252,0.6789981917315758
2021-12-28,TS,BP,252,0.6789514462519215
2021-12-29,TS,BP,252,0.679469242316092
2021-12-30,TS,BP,252,0.68018764764433
2021-12-31,TS,BP,252,0.6802525003892964
2022-01-03,TS,BP,252,0.6829557233355609
2022-01-04,TS,BP,252,0.6782690112450008
2022-01-05,TS,BP,252,0.6733542393202113
2022-01-06,TS,BP,252,0.6746582025237042
2022-01-07,TS,BP,252,0.6776056045368809
2022-01-10,TS,BP,252,0.6776796863582752
2022-01-11,TS,BP,252,0.6790210240815834
2022-01-12,TS,BP,252,0.6787747970061324
2022-01-13,TS,BP,252,0.677171945842751
2022-01-14,TS,BP,252,0.6722684782586331
2022-01-18,TS,BP,252,0.6733275124791229
2022-01-19,TS,BP,252,0.6740532072095066
2022-01-20,TS,BP,252,0.6718404831466932
2022-01-21,TS,BP,252,0.6735554905740893
2022-01-24,TS,BP,252,0.6715487999865783
2022-01-25,TS,BP,252,0.6744019428431721
2022-01-26,TS,BP,252,0.6779268192801453
2022-01-27,TS,BP,252,0.6783014605113251
2022-01-28,TS,BP,252,0.6760307522328434
2022-01-31,TS,BP,252,0.6768329136062883
2022-02-01,TS,BP,252,0.7036971742837677
2022-02-02,TS,BP,252,0.7031968914541347
2022-02-03,TS,BP,252,0.7047953446637606
2022-02-04,TS,BP,252,0.706852588804391
2022-02-07,TS,BP,252,0.7036243660531915
2022-02-08,TS,BP,252,0.7027818713197599
2022-02-09,TS,BP,252,0.7042104052130302
2022-02-10,TS,BP,252,0.7037541549550674
2022-02-11,TS,BP,252,0.7024742411002882
2022-02-14,TS,BP,252,0.697705792071796
2022-02-15,TS,BP,252,0.7002714789234348
2022-02-16,TS,BP,252,0.6968626924645248
2022-02-17,TS,BP,252,0.6946826840691237
2022-02-18,TS,BP,252,0.6919687667367296
2022-02-22,TS,BP,252,0.6987023887620525
2022-02-23,TS,BP,252,0.6963978721728123
2022-02-24,TS,BP,252,0.7408868306096873
2022-02-25,TS,BP,252,0.7402022187081595
2022-02-28,TS,BP,252,0.7183996655059816
2022-03-01,TS,BP,252,0.7196174631081342
2022-03-02,TS,BP,252,0.7262676742559947
2022-03-03,TS,BP,252,0.7238688819636927
2022-03-04,TS,BP,252,0.7220759966802094
2022-03-07,TS,BP,252,0.7112490801839366
2022-03-08,TS,BP,252,0.7078334535243016
2022-03-09,TS,BP,252,0.7090963209583552
2022-03-10,TS,BP,252,0.7048236635176165
2022-03-11,TS,BP,252,0.7065605316169087
2022-03-14,TS,BP,252,0.7066336719144558
2022-03-15,TS,BP,252,0.7002171111766238
2022-03-16,TS,BP,252,0.6990310940151003
2022-03-17,TS,BP,252,0.6925684951456486
2022-03-18,TS,BP,252,0.6903985846744635
2022-03-21,TS,BP,252,0.6945664930350022
2022-03-22,TS,BP,252,0.6905217446442163
2022-03-23,TS,BP,252,0.6885215350503535
2022-03-24,TS,BP,252,0.6882657855351344
2022-03-25,TS,BP,252,0.685924996150453
2022-03-28,TS,BP,252,0.6873795217508053
2022-03-29,TS,BP,252,0.688107430478144
2022-03-30,TS,BP,252,0.6914480594829346
2022-03-31,TS,BP,252,0.6916430585431401
2022-04-01,TS,BP,252,0.6922894479721122
2022-04-04,TS,BP,252,0.700779858924766
2022-04-05,TS,BP,252,0.7001240865665749
2022-04-06,TS,BP,252,0.6980536382594773
2022-04-07,TS,BP,252,0.6976618225554874
2022-04-08,TS,BP,252,0.7001584162785791
2022-04-11,TS,BP,252,0.6999407798505722
2022-04-12,TS,BP,252,0.696551673367687
2022-04-13,TS,BP,252,0.6978430953941294
2022-04-14,TS,BP,252,0.6976471067892838
2022-04-18,TS,BP,252,0.697362333314045
2022-04-19,TS,BP,252,0.6942264948273285
2022-04-20,TS,BP,252,0.6940112461728956
2022-04-21,TS,BP,252,0.6940853894521286
2022-04-22,TS,BP,252,0.696755054349811
2022-04-25,TS,BP,252,0.6997459598851009
2022-04-26,TS,BP,252,0.7007178341040197
2022-04-27,TS,BP,252,0.6982733981610372
2022-04-28,TS,BP,252,0.7085876945786647
2022-04-29,TS,BP,252,0.7085049368523143
2022-05-02,TS,BP,252,0.7069744964042574
2022-05-03,TS,BP,252,0.7043513241132272
2022-05-04,TS,BP,252,0.7022736605479285
2022-05-05,TS,BP,252,0.7036984413504982
2022-05-06,TS,BP,252,0.7010447134340689
2022-05-09,TS,BP,252,0.710850064283261
2022-05-10,TS,BP,252,0.7131533026110535
2022-05-11,TS,BP,252,0.7143109004308954
2022-05-12,TS,BP,252,0.7159420949193848
2022-05-13,TS,BP,252,0.7177212058029316
2022-05-16,TS,BP,252,0.7178548917719818
2022-05-17,TS,BP,252,0.7186942144300549
2022-05-18,TS,BP,252,0.7180312710365696
2022-05-19,TS,BP,252,0.718488087525631
2022-05-20,TS,BP,252,0.7186121372073363
2022-05-23,TS,BP,252,0.7214709324728786
2022-05-24,TS,BP,252,0.7204330680547939
2022-05-25,TS,BP,252,0.7204606686577627
2022-05-26,TS,BP,252,0.7221802705623732
2022-05-27,TS,BP,252,0.7212798728163228
2022-05-31,TS,BP,252,0.7183476424191214
2022-06-01,TS,BP,252,0.7179965514638159
2022-06-02,TS,BP,252,0.7194281603473923
2022-06-03,TS,BP,252,0.7198691157453908
2022-06-06,TS,BP,252,0.7196420756734507
2022-06-07,TS,BP,252,0.7203510837215764
2022-06-08,TS,BP,252,0.7196415615433464
2022-06-09,TS,BP,252,0.7190659379803346
2022-06-10,TS,BP,252,0.721939862851577
2022-06-13,TS,BP,252,0.7242612527153437
2022-06-14,TS,BP,252,0.7249369077810959
2022-06-15,TS,BP,252,0.7221131190625882
2022-06-16,TS,BP,252,0.7261281574116714
2022-06-17,TS,BP,252,0.7141367603801372
2022-06-21,TS,BP,252,0.7126023466317261
2022-06-22,TS,BP,252,0.7169743418325863
2022-06-23,TS,BP,252,0.7188547213259082
2022-06-24,TS,BP,252,0.72042223208385
2022-06-27,TS,BP,252,0.7209542296192227
2022-06-28,TS,BP,252,0.7185802908489718
2022-06-29,TS,BP,252,0.7182502223324634
2022-06-30,TS,BP,252,0.718579289862416
2022-07-01,TS,BP,252,0.7187003017127892
2022-07-05,TS,BP,252,0.7231312872894495
2022-07-06,TS,BP,252,0.7195593516595675
2022-07-07,TS,BP,252,0.7221452272998755
2022-07-08,TS,BP,252,0.7192025357887497
2022-07-11,TS,BP,252,0.7178996119434634
2022-07-12,TS,BP,252,0.7188869429496936
2022-07-13,TS,BP,252,0.7181042641045464
2022-07-14,TS,BP,252,0.7215215794473318
2022-07-15,TS,BP,252,0.7209814612498799
2022-07-18,TS,BP,252,0.7222725517385699
2022-07-19,TS,BP,252,0.721407434429157
2022-07-20,TS,BP,252,0.7199842806692458
2022-07-21,TS,BP,252,0.7182585812392154
2022-07-22,TS,BP,252,0.7181142733640256
2022-07-25,TS,BP,252,0.7199500489849406
2022-07-26,TS,BP,252,0.7178175886718303
2022-07-27,TS,BP,252,0.718424442311208
2022-07-28,TS,BP,252,0.7184634220001477
2022-07-29,TS,BP,252,0.7211391660831404
2022-08-01,TS,BP,252,0.7208488729990042
2022-08-02,TS,BP,252,0.7196632759367495
2022-08-03,TS,BP,252,0.7204443388708017
2022-08-04,TS,BP,252,0.7174564250302818
2022-08-05,TS,BP,252,0.7171092795850758
2022-08-08,TS,BP,252,0.7176596166552169
2022-08-09,TS,BP,252,0.7179364466842372
2022-08-10,TS,BP,252,0.719024257110698
2022-08-11,TS,BP,252,0.7191571634056336
2022-08-12,TS,BP,252,0.7193004839600043
2022-08-15,TS,BP,252,0.7202291496924301
2022-08-16,TS,BP,252,0.7193250724883119
2022-08-17,TS,BP,252,0.7190891127017125
2022-08-18,TS,BP,252,0.7205078779651695
2022-08-19,TS,BP,252,0.7188219145891561
2022-08-22,TS,BP,252,0.7195286943155577
2022-08-23,TS,BP,252,0.7191276346775218
2022-08-24,TS,BP,252,0.717572817886403
2022-08-25,TS,BP,252,0.7177965425809685
2022-08-26,TS,BP,252,0.7187410953845563
2022-08-29,TS,BP,252,0.7149838631839801
2022-08-30,TS,BP,252,0.7179539994475689
2022-08-31,TS,BP,252,0.7186499574696067
2022-09-01,TS,BP,252,0.719116849461091
2022-09-02,TS,BP,252,0.7200225989487387
2022-09-06,TS,BP,252,0.7189611591077488
2022-09-07,TS,BP,252,0.7193308764448793
2022-09-08,TS,BP,252,0.7196599040944464
2022-09-09,TS,BP,252,0.722250321977236
2022-09-12,TS,BP,252,0.7230894357823366
2022-09-13,TS,BP,252,0.722320874818648
2022-09-14,TS,BP,252,0.722083830033631
2022-09-15,TS,BP,252,0.7200114478895857
2022-09-16,TS,BP,252,0.7194635584239369
2022-09-19,TS,BP,252,0.7229305091113933
2022-09-20,TS,BP,252,0.7209437490554496
2022-09-21,TS,BP,252,0.7227326671030272
2022-09-22,TS,BP,252,0.7215853868575345
2022-09-23,TS,BP,252,0.7351881027513723
2022-09-26,TS,BP,252,0.7342319458937766
2022-09-27,TS,BP,252,0.7307991917275459
2022-09-28,TS,BP,252,0.7346951596816844
2022-09-29,TS,BP,252,0.7334683431384811
2022-09-30,TS,BP,252,0.7335204523606278
2022-10-03,TS,BP,252,0.7398123190440861
2022-10-04,TS,BP,252,0.7409865113876314
2022-10-05,TS,BP,252,0.7410706501467416
2022-10-06,TS,BP,252,0.7408959146885192
2022-10-07,TS,BP,252,0.7408770480522819
2022-10-10,TS,BP,252,0.7411860510230168
2022-10-11,TS,BP,252,0.7416999512732708
2022-10-12,TS,BP,252,0.7386535253277231
2022-10-13,TS,BP,252,0.7423500798826966
2022-10-14,TS,BP,252,0.7432894091316392
2022-10-17,TS,BP,252,0.7389696869845159
2022-10-18,TS,BP,252,0.738803169164778
2022-10-19,TS,BP,252,0.7392770701958639
2022-10-20,TS,BP,252,0.7391087534618724
2022-10-21,TS,BP,252,0.7386136566701578
2022-10-24,TS,BP,252,0.7388411100862033
2022-10-25,TS,BP,252,0.7380841604319012
2022-10-26,TS,BP,252,0.737103917032297
2022-10-27,TS,BP,252,0.7346348515510579
2022-10-28,TS,BP,252,0.7346137884511855
2022-10-31,TS,BP,252,0.7334437000213848
2022-11-01,TS,BP,252,0.7328251631254636
2022-11-02,TS,BP,252,0.7379134460832255
2022-11-03,TS,BP,252,0.7370423887119462
2022-11-04,TS,BP,252,0.7445878069670004
2022-11-07,TS,BP,252,0.7439490851593357
2022-11-08,TS,BP,252,0.7447612227521814
2022-11-09,TS,BP,252,0.7460733220089184
2022-11-10,TS,BP,252,0.7456726715341737
2022-11-11,TS,BP,252,0.7471717071545513
2022-11-14,TS,BP,252,0.7473654772493636
2022-11-15,TS,BP,252,0.7426964445222989
2022-11-16,TS,BP,252,0.7431123957164402
2022-11-17,TS,BP,252,0.7427320917932997
2022-11-18,TS,BP,252,0.7428836757157791
2022-11-21,TS,BP,252,0.7409968740740159
2022-11-22,TS,BP,252,0.7437539694589548
2022-11-23,TS,BP,252,0.7433738875545254
2022-11-25,TS,BP,252,0.7430425663939862
2022-11-28,TS,BP,252,0.7395376157154862
2022-11-29,TS,BP,252,0.742078146707739
2022-11-30,TS,BP,252,0.742385651332258
2022-12-01,TS,BP,252,0.7423266507572072
2022-12-02,TS,BP,252,0.7406125205394473
2022-12-05,TS,BP,252,0.7395634826883712
2022-12-06,TS,BP,252,0.7379575780321203
2022-12-07,TS,BP,252,0.7381259329738051
2022-12-08,TS,BP,252,0.737780834188551
2022-12-09,TS,BP,252,0.7361641606457359
2022-12-12,TS,BP,252,0.7363312679185066
2022-12-13,TS,BP,252,0.7372396668359145
2022-12-14,TS,BP,252,0.7377437425595773
2022-12-15,TS,BP,252,0.7376435613016228
2022-12-16,TS,BP,252,0.7378473701704582
2022-12-19,TS,BP,252,0.7378495554114143
2022-12-20,TS,BP,252,0.738037608124058
2022-12-21,TS,BP,252,0.7384218110648375
2022-12-22,TS,BP,252,0.7386600153189291
2022-12-23,TS,BP,252,0.7395746024657014
2022-12-27,TS,BP,252,0.739624890143041
2022-12-28,TS,BP,252,0.7401277248645144
2022-12-29,TS,BP,252,0.7399823939056435
2022-12-30,TS,BP,252,0.7392833617398569
2023-01-03,TS,BP,252,0.7397304708832957
2023-01-04,TS,BP,252,0.7380796042404979
2023-01-05,TS,BP,252,0.7403379791996172
2023-01-06,TS,BP,252,0.7400217627324639
2023-01-09,TS,BP,252,0.7397454818481788
2023-01-10,TS,BP,252,0.7409572217772443
2023-01-11,TS,BP,252,0.7408752933687002
2023-01-12,TS,BP,252,0.7393554061319979
2023-01-13,TS,BP,252,0.7395958767637122
2023-01-17,TS,BP,252,0.7401227325099698
2023-01-18,TS,BP,252,0.7385441157163526
2023-01-19,TS,BP,252,0.7379257118661113
2023-01-20,TS,BP,252,0.73776745346991
2023-01-23,TS,BP,252,0.7360526393251422
2023-01-24,TS,BP,252,0.7348609623748789
2023-01-25,TS,BP,252,0.7352439867226196
2023-01-26,TS,BP,252,0.7328597414317061
2023-01-27,TS,BP,252,0.7330415644316564
2023-01-30,TS,BP,252,0.7334601381239876
2023-01-31,TS,BP,252,0.7331227328506326
2023-02-01,TS,BP,252,0.731515406742477
2023-02-02,TS,BP,252,0.7331081186564039
2023-02-03,TS,BP,252,0.7335705568247404
2023-02-06,TS,BP,252,0.733664126646838
2023-02-07,TS,BP,252,0.72076029833603
2023-02-08,TS,BP,252,0.7210799089809625
2023-02-09,TS,BP,252,0.7185291611684068
2023-02-10,TS,BP,252,0.7201777790866783
2023-02-13,TS,BP,252,0.7201139522960313
2023-02-14,TS,BP,252,0.72031380585638
2023-02-15,TS,BP,252,0.7194825473037996
2023-02-16,TS,BP,252,0.7186482815649142
2023-02-17,TS,BP,252,0.7199315027549908
2023-02-21,TS,BP,252,0.7214385426377787
2023-02-22,TS,BP,252,0.7219743354106879
2023-02-23,TS,BP,252,0.7214902725137647
2023-02-24,TS,BP,252,0.7213407341675081
2023-02-27,TS,BP,252,0.7255434730455452
2023-02-28,TS,BP,252,0.7234123459697832
2023-03-01,TS,BP,252,0.7404527915963829
2023-03-02,TS,BP,252,0.7401663389239924
2023-03-03,TS,BP,252,0.7368189836528708
2023-03-06,TS,BP,252,0.7390992985080008
2023-03-07,TS,BP,252,0.7392046518345011
2023-03-08,TS,BP,252,0.7459175227161753
2023-03-09,TS,BP,252,0.7484180399270496
2023-03-10,TS,BP,252,0.7467634943286164
2023-03-13,TS,BP,252,0.7517771228923715
2023-03-14,TS,BP,252,0.7516602670223814
2023-03-15,TS,BP,252,0.7603072015814188
2023-03-16,TS,BP,252,0.7639359293423346
2023-03-17,TS,BP,252,0.7652863632112584
2023-03-20,TS,BP,252,0.7659517774896816
2023-03-21,TS,BP,252,0.7700076904316313
2023-03-22,TS,BP,252,0.7670098287659118
2023-03-23,TS,BP,252,0.7675797632229384
2023-03-24,TS,BP,252,0.7681632835134515
2023-03-27,TS,BP,252,0.7692031854160624
2023-03-28,TS,BP,252,0.7696921577554715
2023-03-29,TS,BP,252,0.769286805670739
2023-03-30,TS,BP,252,0.7685777409144408
2023-03-31,TS,BP,252,0.768670868585205
2023-04-03,TS,BP,252,0.7708881419381591
2023-04-04,TS,BP,252,0.7706140139025967
2023-04-05,TS,BP,252,0.7691305886684467
2023-04-06,TS,BP,252,0.7700463332462854
2023-04-10,TS,BP,252,0.7703285947582503
2023-04-11,TS,BP,252,0.7697336913761772
2023-04-12,TS,BP,252,0.7689271034829179
2023-04-13,TS,BP,252,0.7690332992737308
2023-04-14,TS,BP,252,0.7679490237173219
2023-04-17,TS,BP,252,0.7669947635993317
2023-04-18,TS,BP,252,0.7669728277928601
2023-04-19,TS,BP,252,0.7667919284767823
2023-04-20,TS,BP,252,0.7677248748240895
2023-04-21,TS,BP,252,0.7679345601878239
2023-04-24,TS,BP,252,0.7659409291949113
2023-04-25,TS,BP,252,0.7642222958802878
2023-04-26,TS,BP,252,0.7625178266972878
2023-04-27,TS,BP,252,0.76206942603949
2023-04-28,TS,BP,252,0.7631069771596583
2023-05-01,TS,BP,252,0.7639881565530003
2023-05-02,TS,BP,252,0.7681423731568101
2023-05-03,TS,BP,252,0.76839678659856
2023-05-04,TS,BP,252,0.7742211948007351
2023-05-05,TS,BP,252,0.773395717014434
2023-05-08,TS,BP,252,0.7716923692832466
2023-05-09,TS,BP,252,0.7737778253908643
2023-05-10,TS,BP,252,0.7707045235221432
2023-05-11,TS,BP,252,0.7712086506383526
2023-05-12,TS,BP,252,0.770922042318021
2023-05-15,TS,BP,252,0.7705853767454872
2023-05-16,TS,BP,252,0.7690840371366118
2023-05-17,TS,BP,252,0.7691175957059958
2023-05-18,TS,BP,252,0.7686905317393705
2023-05-19,TS,BP,252,0.7682580242473005
2023-05-22,TS,BP,252,0.7678498198088766
2023-05-23,TS,BP,252,0.7678115911018721
2023-05-24,TS,BP,252,0.7663118220466711
2023-05-25,TS,BP,252,0.7671489928670494
2023-05-26,TS,BP,252,0.7670989742152301
2023-05-30,TS,BP,252,0.766605983325849
2023-05-31,TS,BP,252,0.7688836977012617
2023-06-01,TS,BP,252,0.7715447806587741
2023-06-02,TS,BP,252,0.7729645794955827
2023-06-05,TS,BP,252,0.7726917469923533
2023-06-06,TS,BP,252,0.7713164092958116
2023-06-07,TS,BP,252,0.7716554527775158
2023-06-08,TS,BP,252,0.7728680059568421
2023-06-09,TS,BP,252,0.773197010794197
2023-06-12,TS,BP,252,0.7729625603681136
2023-06-13,TS,BP,252,0.7710643997094951
2023-06-14,TS,BP,252,0.7709700030385219
2023-06-15,TS,BP,252,0.7706999411967265
2023-06-16,TS,BP,252,0.7722949154772606
2023-06-20,TS,BP,252,0.7676764646509558
2023-06-21,TS,BP,252,0.7821240956785335
2023-06-22,TS,BP,252,0.7834211614121221
2023-06-23,TS,BP,252,0.779919664017621
2023-06-26,TS,BP,252,0.7780697066782556
2023-06-27,TS,BP,252,0.7771356421286083
2023-06-28,TS,BP,252,0.7767642747334094
2023-06-29,TS,BP,252,0.7749220628821615
2023-06-30,TS,BP,252,0.7750156711597659
2023-07-03,TS,BP,252,0.7731140057860805
2023-07-05,TS,BP,252,0.7724127274682512
2023-07-06,TS,BP,252,0.7678364524771041
2023-07-07,TS,BP,252,0.7672423649796952
2023-07-10,TS,BP,252,0.7634347463819087
2023-07-11,TS,BP,252,0.7674638567218226
2023-07-12,TS,BP,252,0.7690634310292804
2023-07-13,TS,BP,252,0.7681941381374383
2023-07-14,TS,BP,252,0.7663558384596331
2023-07-17,TS,BP,252,0.76330102484885
2023-07-18,TS,BP,252,0.7631728374586141
2023-07-19,TS,BP,252,0.7606254411088313
2023-07-20,TS,BP,252,0.7601477950584771
2023-07-21,TS,BP,252,0.7616548853929298
2023-07-24,TS,BP,252,0.7611026639041146
2023-07-25,TS,BP,252,0.7608585212058715
2023-07-26,TS,BP,252,0.7598387970898824
2023-07-27,TS,BP,252,0.7597182455896073
2023-07-28,TS,BP,252,0.7584277271637291
2023-07-31,TS,BP,252,0.7581460529568599
2023-08-01,TS,BP,252,0.7548932904143252
2023-08-02,TS,BP,252,0.7551187893741307
2023-08-03,TS,BP,252,0.7497399315008637
2023-08-04,TS,BP,252,0.7521468101366948
2023-08-07,TS,BP,252,0.7528346899500057
2023-08-08,TS,BP,252,0.7525594284062838
2023-08-09,TS,BP,252,0.7522329051539987
2023-08-10,TS,BP,252,0.7521483121071934
2023-08-11,TS,BP,252,0.7519973252625658
2023-08-14,TS,BP,252,0.7522416282319486
2023-08-15,TS,BP,252,0.7522690029669445
2023-08-16,TS,BP,252,0.7506801609967843
2023-08-17,TS,BP,252,0.7509233780835909
2023-08-18,TS,BP,252,0.7520520489267228
2023-08-21,TS,BP,252,0.7505316160975593
2023-08-22,TS,BP,252,0.7507240414755456
2023-08-23,TS,BP,252,0.7507459471090999
2023-08-24,TS,BP,252,0.749489890489402
2023-08-25,TS,BP,252,0.7504425729119476
2023-08-28,TS,BP,252,0.7504293415037537
2023-08-29,TS,BP,252,0.7505694424751936
2023-08-30,TS,BP,252,0.7530165742062873
2023-08-31,TS,BP,252,0.746316885830945
2023-09-01,TS,BP,252,0.7455155274793152
2023-09-05,TS,BP,252,0.7444256203296818
2023-09-06,TS,BP,252,0.7428869978968671
2023-09-07,TS,BP,252,0.744430244066903
2023-09-08,TS,BP,252,0.7439888891592566
2023-09-11,TS,BP,252,0.7436180488797568
2023-09-12,TS,BP,252,0.7373420285379416
2023-09-13,TS,BP,252,0.7364165982829071
2023-09-14,TS,BP,252,0.7366979380968374
2023-09-15,TS,BP,252,0.7371054367397377
2023-09-18,TS,BP,252,0.7356114046684502
2023-09-19,TS,BP,252,0.733688698164983
2023-09-20,TS,BP,252,0.7341570739727802
2023-09-21,TS,BP,252,0.7363338350221538
2023-09-22,TS,BP,252,0.7355463150993974
2023-09-25,TS,BP,252,0.7363415502255304
2023-09-26,TS,BP,252,0.7171232023860211
2023-09-27,TS,BP,252,0.7211148273248266
2023-09-28,TS,BP,252,0.722994312702408
2023-09-29,TS,BP,252,0.718595787557178
2023-10-02,TS,BP,252,0.7231572275429673
2023-10-03,TS,BP,252,0.72245468578174
2023-10-04,TS,BP,252,0.7100576221997179
2023-10-05,TS,BP,252,0.7076133507268672
2023-10-06,TS,BP,252,0.708670104039483
2023-10-09,TS,BP,252,0.7132754330412222
2023-10-10,TS,BP,252,0.7133319235791975
2023-10-11,TS,BP,252,0.7107294527780909
2023-10-12,TS,BP,252,0.7058325708225595
2023-10-13,TS,BP,252,0.7113273104513964
2023-10-16,TS,BP,252,0.7040193650010373
2023-10-17,TS,BP,252,0.7002881650686724
2023-10-18,TS,BP,252,0.7067484939174095
2023-10-19,TS,BP,252,0.7073856631923928
2023-10-20,TS,BP,252,0.7066985025802458
2023-10-23,TS,BP,252,0.7053997038472953
2023-10-24,TS,BP,252,0.7047071507308214
2023-10-25,TS,BP,252,0.7035158754857829
2023-10-26,TS,BP,252,0.7047965553095882
2023-10-27,TS,BP,252,0.7068341012561086
2023-10-30,TS,BP,252,0.7102808595805935
2023-10-31,TS,BP,252,0.7039834892417282
2023-11-01,TS,BP,252,0.7009406520406798
2023-11-02,TS,BP,252,0.6970764329144532
2023-11-03,TS,BP,252,0.6929752041714902
2023-11-06,TS,BP,252,0.6927915648472849
2023-11-07,TS,BP,252,0.6918476606249344
2023-11-08,TS,BP,252,0.6928235680831342
2023-11-09,TS,BP,252,0.6925712577129226
2023-11-10,TS,BP,252,0.6906157774758557
2023-11-13,TS,BP,252,0.6952212970017058
2023-11-14,TS,BP,252,0.6917716088333031
2023-11-15,TS,BP,252,0.6916336751095804
2023-11-16,TS,BP,252,0.701110887858612
2023-11-17,TS,BP,252,0.7027948512329588
2023-11-20,TS,BP,252,0.7041176189244784
2023-11-21,TS,BP,252,0.7036972401422446
2023-11-22,TS,BP,252,0.7032122452524832
2023-11-24,TS,BP,252,0.6980186767529388
2023-11-27,TS,BP,252,0.6981490388735282
2023-11-28,TS,BP,252,0.6991393703062577
2023-11-29,TS,BP,252,0.6977548090029477
2023-11-30,TS,BP,252,0.6954841744697181
2023-12-01,TS,BP,252,0.6930878933111799
2023-12-04,TS,BP,252,0.6930995472948615
2023-12-05,TS,BP,252,0.6941070243814524
2023-12-06,TS,BP,252,0.6962600963508125
2023-12-07,TS,BP,252,0.69810537881518
2023-12-08,TS,BP,252,0.6980230165262605
2023-12-11,TS,BP,252,0.6988593539744604
2023-12-12,TS,BP,252,0.7014030172022936
2023-12-13,TS,BP,252,0.7012195559021651
2023-12-14,TS,BP,252,0.6998927167283614
2023-12-15,TS,BP,252,0.6984183079344328
2023-12-18,TS,BP,252,0.6990196206632412
2023-12-19,TS,BP,252,0.699030244230458
2023-12-20,TS,BP,252,0.6994256683316878
2023-12-21,TS,BP,252,0.7005659490501855
2023-12-22,TS,BP,252,0.6971699995085213
2023-12-26,TS,BP,252,0.6974341440897934
2023-12-27,TS,BP,252,0.6957606903763445
2023-12-28,TS,BP,252,0.6965297319745185
2023-12-29,TS,BP,252,0.6951414781768147
2024-01-02,TS,BP,252,0.6948726222838295
2024-01-03,TS,BP,252,0.6948953614242344
2024-01-04,TS,BP,252,0.693510012352269
2024-01-05,TS,BP,252,0.693021479017819
2024-01-08,TS,BP,252,0.6950429080986876
2024-01-09,TS,BP,252,0.6966368282219885
2024-01-10,TS,BP,252,0.6964767280410317
2024-01-11,TS,BP,252,0.6972893346619357
2024-01-12,TS,BP,252,0.6971614093755903
2024-01-16,TS,BP,252,0.6985247497438875
2024-01-17,TS,BP,252,0.6981185506470068
2024-01-18,TS,BP,252,0.6991912865547648
2024-01-19,TS,BP,252,0.6988855855563626
2024-01-22,TS,BP,252,0.7001791993716169
2024-01-23,TS,BP,252,0.7002405411941148
2024-01-24,TS,BP,252,0.7029372500248756
2024-01-25,TS,BP,252,0.7032146992320891
2024-01-26,TS,BP,252,0.7037676945581658
2024-01-29,TS,BP,252,0.703603183577998
2024-01-30,TS,BP,252,0.7026447213041919
2024-01-31,TS,BP,252,0.7024814167507362
2024-02-01,TS,BP,252,0.7024915460358574
2024-02-02,TS,BP,252,0.7042209780317381
2024-02-05,TS,BP,252,0.6986900374221018
2024-02-06,TS,BP,252,0.6903223268894183
2024-02-07,TS,BP,252,0.6907829821816347
2024-02-08,TS,BP,252,0.7122006692602341
2024-02-09,TS,BP,252,0.7123102363518381
2024-02-12,TS,BP,252,0.7177180409409855
2024-02-13,TS,BP,252,0.7145132104911531
2024-02-14,TS,BP,252,0.713972452516557
2024-02-15,TS,BP,252,0.7131985397110868
2024-02-16,TS,BP,252,0.713408299763275
2024-02-20,TS,BP,252,0.7193651122267674
2024-02-21,TS,BP,252,0.7175510181450235
2024-02-22,TS,BP,252,0.6894492671841458
2024-02-23,TS,BP,252,0.6851332097088586
2024-02-26,TS,BP,252,0.6819276958072905
2024-02-27,TS,BP,252,0.6824630731790436
2024-02-28,TS,BP,252,0.6816755237253442
2024-02-29,TS,BP,252,0.6784667181497078
2024-03-01,TS,BP,252,0.6780859422649438
2024-03-04,TS,BP,252,0.6777412848870552
2024-03-05,TS,BP,252,0.6755010632633316
2024-03-06,TS,BP,252,0.6765444941775189
2024-03-07,TS,BP,252,0.6758754923498422
2024-03-08,TS,BP,252,0.6768967841283374
2024-03-11,TS,BP,252,0.6777104206792842
2024-03-12,TS,BP,252,0.6778178936997261
2024-03-13,TS,BP,252,0.6757118594805095
2024-03-14,TS,BP,252,0.6744440567285906
2024-03-15,TS,BP,252,0.6466794797791725
2024-03-18,TS,BP,252,0.6474725983812664
2024-03-19,TS,BP,252,0.6454814466584756
2024-03-20,TS,BP,252,0.6455880292986965
2024-03-21,TS,BP,252,0.6377001908235876
2024-03-22,TS,BP,252,0.6385011473664027
2024-03-25,TS,BP,252,0.6371406872072154
2024-03-26,TS,BP,252,0.6338600966798726
2024-03-27,TS,BP,252,0.6294993907904588
2024-03-28,TS,BP,252,0.6262333838669712
2024-04-01,TS,BP,252,0.6279008337320393
2024-04-02,TS,BP,252,0.6267831700522959
2024-04-03,TS,BP,252,0.6263935638911181
2024-04-04,TS,BP,252,0.6179792090171908
2024-04-05,TS,BP,252,0.6170312776864797
2024-04-08,TS,BP,252,0.6215953722007781
2024-04-09,TS,BP,252,0.6168139526301326
2024-04-10,TS,BP,252,0.616670529859811
2024-04-11,TS,BP,252,0.6143233657001332
2024-04-12,TS,BP,252,0.6139069050654821
2024-04-15,TS,BP,252,0.6145327330041487
2024-04-16,TS,BP,252,0.6162482784440458
2024-04-17,TS,BP,252,0.6157932807243554
2024-04-18,TS,BP,252,0.6180593785484891
2024-04-19,TS,BP,252,0.6193834033646333
2024-04-22,TS,BP,252,0.6175342967263864
2024-04-23,TS,BP,252,0.6168861405066141
2024-04-24,TS,BP,252,0.6157449480689545
2024-04-25,TS,BP,252,0.6153938952994555
2024-04-26,TS,BP,252,0.5950027758223989
2024-04-29,TS,BP,252,0.5954645764462174
2024-04-30,TS,BP,252,0.5942693102319614
2024-05-01,TS,BP,252,0.591886945505195
2024-05-02,TS,BP,252,0.5694539275933809
2024-05-03,TS,BP,252,0.568160431896133
2024-05-06,TS,BP,252,0.5688424738266911
2024-05-07,TS,BP,252,0.5569975613439325
2024-05-08,TS,BP,252,0.5577070415823396
2024-05-09,TS,BP,252,0.5603125503754948
2024-05-10,TS,BP,252,0.560191533869513
2024-05-13,TS,BP,252,0.5595782089433319
2024-05-14,TS,BP,252,0.5585260782491267
2024-05-15,TS,BP,252,0.5585488527865096
2024-05-16,TS,BP,252,0.556154475815141
2024-05-17,TS,BP,252,0.5527706475008588
2024-05-20,TS,BP,252,0.551536837191972
2024-05-21,TS,BP,252,0.5517263145319495
2024-05-22,TS,BP,252,0.5551090601174216
2024-05-23,TS,BP,252,0.5550599012327578
2024-05-24,TS,BP,252,0.554869612750137
2024-05-28,TS,BP,252,0.5535634870786014
2024-05-29,TS,BP,252,0.5526572556182664
2024-05-30,TS,BP,252,0.553007625478752
2024-05-31,TS,BP,252,0.5432465507580512
2024-06-03,TS,BP,252,0.5388773733661191
2024-06-04,TS,BP,252,0.5274202523431248
2024-06-05,TS,BP,252,0.5275678941113775
2024-06-06,TS,BP,252,0.5297754498155745
2024-06-07,TS,BP,252,0.5284395337358222
2024-06-10,TS,BP,252,0.5294144682425206
2024-06-11,TS,BP,252,0.5296704393088297
2024-06-12,TS,BP,252,0.5286027512953545
2024-06-13,TS,BP,252,0.5291571810241312
2024-06-14,TS,BP,252,0.5304827097325443
2024-06-17,TS,BP,252,0.5295136402196853
2024-06-18,TS,BP,252,0.5287711964575929
2024-06-20,TS,BP,252,0.5255294508050626
2024-06-21,TS,BP,252,0.5245115245014121
2024-06-24,TS,BP,252,0.5267887969575988
2024-06-25,TS,BP,252,0.5282348131809427
2024-06-26,TS,BP,252,0.5281147998404357
2024-06-27,TS,BP,252,0.5262515705120039
2024-06-28,TS,BP,252,0.5258506156011992
2024-07-01,TS,BP,252,0.5285199672882648
2024-07-02,TS,BP,252,0.5270928239307041
2024-07-03,TS,BP,252,0.5306404416649437
2024-07-05,TS,BP,252,0.5305830525875695
2024-07-08,TS,BP,252,0.5291110635602312
2024-07-09,TS,BP,252,0.5154033637048552
2024-07-10,TS,BP,252,0.5152405550638497
2024-07-11,TS,BP,252,0.5107899504859342
2024-07-12,TS,BP,252,0.5085865544776588
2024-07-15,TS,BP,252,0.5063082799030018
2024-07-16,TS,BP,252,0.5078319969512809
2024-07-17,TS,BP,252,0.5060813855864972
2024-07-18,TS,BP,252,0.5043837208048557
2024-07-19,TS,BP,252,0.5065367417309729
2024-07-22,TS,BP,252,0.5044993819308945
2024-07-23,TS,BP,252,0.5054336378371006
2024-07-24,TS,BP,252,0.506096119547737
2024-07-25,TS,BP,252,0.5089371140726788
2024-07-26,TS,BP,252,0.5087926580081478
2024-07-29,TS,BP,252,0.5099087557257461
2024-07-30,TS,BP,252,0.5102713198904384
2024-07-31,TS,BP,252,0.511624984943862
2024-08-01,TS,BP,252,0.5085581461141391
2024-08-02,TS,BP,252,0.508687885325915
2024-08-05,TS,BP,252,0.5157006730250149
2024-08-06,TS,BP,252,0.5139668099831582
2024-08-07,TS,BP,252,0.5145717372336084
2024-08-08,TS,BP,252,0.5133078167389028
2024-08-09,TS,BP,252,0.5105506049502546
2024-08-12,TS,BP,252,0.5121067298844566
2024-08-13,TS,BP,252,0.5121056404314522
2024-08-14,TS,BP,252,0.5123978445781293
2024-08-15,TS,BP,252,0.5127787759113664
2024-08-16,TS,BP,252,0.5125296641947852
2024-08-19,TS,BP,252,0.5128321738209288
2024-08-20,TS,BP,252,0.5170860031578618
2024-08-21,TS,BP,252,0.5174457828829935
2024-08-22,TS,BP,252,0.5169026654717883
2024-08-23,TS,BP,252,0.5198564463946248
2024-08-26,TS,BP,252,0.5198625289053044
2024-08-27,TS,BP,252,0.5196586879324847
2024-08-28,TS,BP,252,0.5185560999042513
2024-08-29,TS,BP,252,0.5146707078883298
2024-08-30,TS,BP,252,0.5094252633822296
2024-09-03,TS,BP,252,0.5129495508841494
2024-09-04,TS,BP,252,0.5130653949475978
2024-09-05,TS,BP,252,0.5144465750993706
2024-09-06,TS,BP,252,0.5155344144212373
2024-09-09,TS,BP,252,0.5143082052088412
2024-09-10,TS,BP,252,0.5169653287982167
2024-09-11,TS,BP,252,0.5175528718653861
2024-09-12,TS,BP,252,0.5219820709510212
2024-09-13,TS,BP,252,0.5225565737689334
2024-09-16,TS,BP,252,0.5208227515190038
2024-09-17,TS,BP,252,0.5214628664097514
2024-09-18,TS,BP,252,0.5217649973828284
2024-09-19,TS,BP,252,0.5263655979747769
2024-09-20,TS,BP,252,0.5261946933120351
2024-09-23,TS,BP,252,0.522973066129662
2024-09-24,TS,BP,252,0.5180267412055809
2024-09-25,TS,BP,252,0.5083129343039785
2024-09-26,TS,BP,252,0.5022524772754132
2024-09-27,TS,BP,252,0.500272867780761
2024-09-30,TS,BP,252,0.5002756224823375
2024-10-01,TS,BP,252,0.500644813014948
2024-10-02,TS,BP,252,0.49364645182493655
2024-10-03,TS,BP,252,0.49406045427288026
2024-10-04,TS,BP,252,0.4907059305680936
2024-10-07,TS,BP,252,0.4895010359862133
2024-10-08,TS,BP,252,0.4920758099906587
2024-10-09,TS,BP,252,0.4804923018616862
2024-10-10,TS,BP,252,0.48173599382894927
2024-10-11,TS,BP,252,0.48112226658098045
2024-10-14,TS,BP,252,0.4871216806396674
2024-10-15,TS,BP,252,0.49193970555916017
2024-10-16,TS,BP,252,0.492502668236248
2024-10-17,TS,BP,252,0.4907341591651587
2024-10-18,TS,BP,252,0.49076286299182176
2024-10-21,TS,BP,252,0.4899161030707699
2024-10-22,TS,BP,252,0.4891693197044725
2024-10-23,TS,BP,252,0.49129341521581926
2024-10-24,TS,BP,252,0.49097718329802587
2024-10-25,TS,BP,252,0.49324382454875443
2024-10-28,TS,BP,252,0.4904931619215376
2024-10-29,TS,BP,252,0.4717320940694621
2024-10-30,TS,BP,252,0.47027094759853605
2024-10-31,TS,BP,252,0.47374727206666095
2024-11-01,TS,BP,252,0.4779335489127677
2024-11-04,TS,BP,252,0.46722748219336196
2024-11-05,TS,BP,252,0.47238602248223993
2024-11-06,TS,BP,252,0.46185556346824114
2024-11-07,TS,BP,252,0.45566062963607135
2024-11-08,TS,BP,252,0.45348576718810585
2024-11-11,TS,BP,252,0.4522564570375124
2024-11-12,TS,BP,252,0.4570331242726477
2024-11-13,TS,BP,252,0.4580588833655622
2024-11-14,TS,BP,252,0.45738036854522496
2024-11-15,TS,BP,252,0.4564813421325746
2024-11-18,TS,BP,252,0.45415011009908035
2024-11-19,TS,BP,252,0.45071465914595976
2024-11-20,TS,BP,252,0.4495443888232674
2024-11-21,TS,BP,252,0.4478972081145792
2024-11-22,TS,BP,252,0.4469072178544146
2024-11-25,TS,BP,252,0.4427020346277248
2024-11-26,TS,BP,252,0.443340022417473
2024-11-27,TS,BP,252,0.4441408417512811
2024-11-29,TS,BP,252,0.44445737778009825
2024-12-02,TS,BP,252,0.4425275242345566
2024-12-03,TS,BP,252,0.44424485723212725
2024-12-04,TS,BP,252,0.4446249837517005
2024-12-05,TS,BP,252,0.4431353173215001
2024-12-06,TS,BP,252,0.4446536581160329
2024-12-09,TS,BP,252,0.4533343706876687
2024-12-10,TS,BP,252,0.4515287606625299
2024-12-11,TS,BP,252,0.45221308104902747
2024-12-12,TS,BP,252,0.45119730019559323
2024-12-13,TS,BP,252,0.4497575158339923
2024-12-16,TS,BP,252,0.4468946896007341
2024-12-17,TS,BP,252,0.4460633953429819
2024-12-18,TS,BP,252,0.45048862150913865
2024-12-19,TS,BP,252,0.4492603258770509
2024-12-20,TS,BP,252,0.4483036122973157
2024-12-23,TS,BP,252,0.44619742394596457
2024-12-24,TS,BP,252,0.44611837610072047
2024-12-26,TS,BP,252,0.44539790138797997
2024-12-27,TS,BP,252,0.4447436324877245
2024-12-30,TS,BP,252,0.4425102388633507
2024-12-31,TS,BP,252,0.44293275430095963
2025-01-02,TS,BP,252,0.4412385812450816
2025-01-03,TS,BP,252,0.44142896545230137
2025-01-06,TS,BP,252,0.4411915546680137
2025-01-07,TS,BP,252,0.4412281691802127
2025-01-08,TS,BP,252,0.43276716699129686
2025-01-10,TS,BP,252,0.4275395798232227
2025-01-13,TS,BP,252,0.426373683189672
2025-01-14,TS,BP,252,0.425425811054522
2025-01-15,TS,BP,252,0.4258537965712441
2025-01-16,TS,BP,252,0.41602688944722377
2025-01-17,TS,BP,252,0.4163076231579179
2025-01-21,TS,BP,252,0.4142269292399287
2025-01-22,TS,BP,252,0.416353121904872
2025-01-23,TS,BP,252,0.41368650247817806
2025-01-24,TS,BP,252,0.41372391122166946
2025-01-27,TS,BP,252,0.4120761489410017
2025-01-28,TS,BP,252,0.41265251902918604
2025-01-29,TS,BP,252,0.4124168496711648
2025-01-30,TS,BP,252,0.4148920704875173
2025-01-31,TS,BP,252,0.41848728118965894
2025-02-03,TS,BP,252,0.41608252379919786
2025-02-04,TS,BP,252,0.42149407374960646
2025-02-05,TS,BP,252,0.4228768967027757
2025-02-06,TS,BP,252,0.41734879206267045
2025-02-07,TS,BP,252,0.41748447630811203
2025-02-10,TS,BP,252,0.442042639382386
2025-02-11,TS,BP,252,0.44102302183779274
2025-02-12,TS,BP,252,0.43966498089824224
2025-02-13,TS,BP,252,0.4402363968975827
2025-02-14,TS,BP,252,0.4382617169787869
2025-02-18,TS,BP,252,0.44018791365690807
2025-02-19,TS,BP,252,0.4413867774013086
2025-02-20,TS,BP,252,0.4404672452801247
2025-02-21,TS,BP,252,0.4416699404919565
2025-02-24,TS,BP,252,0.44089651786909884
2025-02-25,TS,BP,252,0.4685537226835461
2025-02-26,TS,BP,252,0.4653816855899676
2025-02-27,TS,BP,252,0.4655445212001329
2025-02-28,TS,BP,252,0.4656221424662513
2025-03-03,TS,BP,252,0.47116511699255165
2025-03-04,TS,BP,252,0.4748098881556714
2025-03-05,TS,BP,252,0.47685585958058957
2025-03-06,TS,BP,252,0.47691378563265013
2025-03-07,TS,BP,252,0.477409425717003
2025-03-10,TS,BP,252,0.46593825440115066
2025-03-11,TS,BP,252,0.4605241762690825
2025-03-12,TS,BP,252,0.4612159874332931
2025-03-13,TS,BP,252,0.4605391538828129
2025-03-14,TS,BP,252,0.47150936690844625
2025-03-17,TS,BP,252,0.46869481764987125
2025-03-18,TS,BP,252,0.4708456335662306
2025-03-19,TS,BP,252,0.4728649651109375
2025-03-20,TS,BP,252,0.4729411484743053
2025-03-21,TS,BP,252,0.47376647861997184
2025-03-24,TS,BP,252,0.47153112742714465
2025-03-25,TS,BP,252,0.4724879436224275
2025-03-26,TS,BP,252,0.4722982741077352
2025-03-27,TS,BP,252,0.4720244369888007
2025-03-28,TS,BP,252,0.47505848362047276
2025-03-31,TS,BP,252,0.4754992112090804
2025-04-01,TS,BP,252,0.47723760165781753
2025-04-02,TS,BP,252,0.47679680493360477
2025-04-03,TS,BP,252,0.5303098366679132
2025-04-04,TS,BP,252,0.5745288703133298
2025-04-07,TS,BP,252,0.5786741974295351
2025-04-08,TS,BP,252,0.5886804602648431
2025-04-09,TS,BP,252,0.6086526888123813
2025-04-10,TS,BP,252,0.6247822114140705
2025-04-11,TS,BP,252,0.6251511848942514
2025-04-14,TS,BP,252,0.6242541062139971
2025-04-15,TS,BP,252,0.6247740482137406
2025-04-16,TS,BP,252,0.62598345131331
2025-04-17,TS,BP,252,0.627591048461354
2025-04-21,TS,BP,252,0.6280648791861099
2025-04-22,TS,BP,252,0.6289736545881714
2025-04-23,TS,BP,252,0.6281887921544778
2025-04-24,TS,BP,252,0.6299512014420448
2025-04-25,TS,BP,252,0.6302994793991449
2025-04-28,TS,BP,252,0.6312950919710583
2025-04-29,TS,BP,252,0.6262769530806731
2025-04-30,TS,BP,252,0.6448025335742975
2025-05-01,TS,BP,252,0.640844067386919
2025-05-02,TS,BP,252,0.6396444495800112
2025-05-05,TS,BP,252,0.6343241967856688
2025-05-06,TS,BP,252,0.6313526560827768
2025-05-07,TS,BP,252,0.6318704328086324
2025-05-08,TS,BP,252,0.6329582997612605
2025-05-09,TS,BP,252,0.637476172981453
2025-05-12,TS,BP,252,0.6392131630693075
2025-05-13,TS,BP,252,0.637761003193814
2025-05-14,TS,BP,252,0.6377635113546556
2025-05-15,TS,BP,252,0.6377647303805494
2025-05-16,TS,BP,252,0.6374700940019495
2025-05-19,TS,BP,252,0.6374869052166249
2025-05-20,TS,BP,252,0.6375439142927758
2025-05-21,TS,BP,252,0.6386432092313181
2025-05-22,TS,BP,252,0.6381756187773934
2025-05-23,TS,BP,252,0.6382403977768563
2025-05-27,TS,BP,252,0.6373561344053574
2025-05-28,TS,BP,252,0.6339005035409191
2025-05-29,TS,BP,252,0.6342399297456806
2025-05-30,TS,BP,252,0.6323864997437859
2025-06-02,TS,BP,252,0.6346328991506442
2025-06-03,TS,BP,252,0.6345128894178959
2025-06-04,TS,BP,252,0.6363421360941792
2025-06-05,TS,BP,252,0.6339685242845525
2025-06-06,TS,BP,252,0.6355555766755022
2025-06-09,TS,BP,252,0.6353465749456306
2025-06-10,TS,BP,252,0.6370570435806732
2025-06-11,TS,BP,252,0.6361070219302211
2025-06-12,TS,BP,252,0.6350945368903858
2025-06-13,TS,BP,252,0.6317887309139085
2025-06-16,TS,BP,252,0.6293817248631645
2025-06-17,TS,BP,252,0.6296317952375485
2025-06-18,TS,BP,252,0.6301813172567395
2025-06-20,TS,BP,252,0.6302347240462294
2025-06-23,TS,BP,252,0.6332042387888233
2025-06-24,TS,BP,252,0.6338079319294423
2025-06-25,TS,BP,252,0.6313886102507784
2025-06-26,TS,BP,252,0.6274642960951671
2025-06-27,TS,BP,252,0.6273827117787428
2025-06-30,TS,BP,252,0.623925284371731
2025-07-01,TS,BP,252,0.6217013982194611
2025-07-02,TS,BP,252,0.6261701862950794
2025-07-03,TS,BP,252,0.6264639440650114
2025-07-07,TS,BP,252,0.6269721385983542
2025-07-08,TS,BP,252,0.6287459405177276
2025-07-09,TS,BP,252,0.6289023684638031
2025-07-10,TS,BP,252,0.6260472108219123
2025-07-11,TS,BP,252,0.6320403517696896
2025-07-14,TS,BP,252,0.6331956370526871
2025-07-15,TS,BP,252,0.63275074708107
2025-07-16,TS,BP,252,0.6328600113976957
2025-07-17,TS,BP,252,0.6327907305170571
2025-07-18,TS,BP,252,0.6330075577844655
2025-07-21,TS,BP,252,0.6346035898206986
2025-07-22,TS,BP,252,0.6348102781436428
2025-07-23,TS,BP,252,0.6338643736232508
2025-07-24,TS,BP,252,0.6351816963615285
2025-07-25,TS,BP,252,0.6345448616551028
2025-07-28,TS,BP,252,0.6331590008932452
2025-07-29,TS,BP,252,0.6319582214282708
2025-07-30,TS,BP,252,0.6342576691016294
2025-07-31,TS,BP,252,0.6235844253915412
2025-08-01,TS,BP,252,0.6238545983945767
2025-08-04,TS,BP,252,0.6211381939746108
2025-08-05,TS,BP,252,0.640638842954514
2025-08-06,TS,BP,252,0.6367241288260885
2025-08-07,TS,BP,252,0.6388544477401429
2025-08-08,TS,BP,252,0.6388238097446973
2025-08-11,TS,BP,252,0.6388824015429917
2025-08-12,TS,BP,252,0.6396848738820281
2025-08-13,TS,BP,252,0.6399161903202022
2025-08-14,TS,BP,252,0.6391480497999532
2025-08-15,TS,BP,252,0.6376764101517961
2025-08-18,TS,BP,252,0.6372086262550674
2025-08-19,TS,BP,252,0.6362190246591534
2025-08-20,TS,BP,252,0.6360126642895471
2025-08-21,TS,BP,252,0.6361305545721996
2025-08-22,TS,BP,252,0.6350203179972094
2025-08-25,TS,BP,252,0.6336616525504124
2025-08-26,TS,BP,252,0.6335350833315512
2025-08-27,TS,BP,252,0.6318520322082527
2025-08-28,TS,BP,252,0.6321007980033533
2025-08-29,TS,BP,252,0.6336522136501825
2025-09-02,TS,BP,252,0.6323790042910561
2025-09-03,TS,BP,252,0.6382463432167161
2025-09-04,TS,BP,252,0.6386384033440551
2025-09-05,TS,BP,252,0.6383766396311256
2025-09-08,TS,BP,252,0.637757203958587
2025-09-09,TS,BP,252,0.6379415403869959
2025-09-10,TS,BP,252,0.6384292434665398
2025-09-11,TS,BP,252,0.6365543352508805
2025-09-12,TS,BP,252,0.6347778833410245
2025-09-15,TS,BP,252,0.6343560342908694
2025-09-16,TS,BP,252,0.6345278682044432
2025-09-17,TS,BP,252,0.6334696867278683
2025-09-18,TS,BP,252,0.6317833566494115
2025-09-19,TS,BP,252,0.63187855437442
2025-09-22,TS,BP,252,0.6311496098642527
2025-09-23,TS,BP,252,0.631160017115366
2025-09-24,TS,BP,252,0.626968202043986
2025-09-25,TS,BP,252,0.6275022708932119
2025-09-26,TS,BP,252,0.6348686895871724
2025-09-29,TS,BP,252,0.6357976742388818
2025-09-30,TS,BP,252,0.6391229188060173
2025-10-01,TS,BP,252,0.6333361405962438
2025-10-02,TS,BP,252,0.6354311492271476
2025-10-03,TS,BP,252,0.6345677609664953
2025-10-06,TS,BP,252,0.6317437416059588
2025-10-07,TS,BP,252,0.6318035761904677
2025-10-08,TS,BP,252,0.6314077856476099
2025-10-09,TS,BP,252,0.631792536337091
2025-10-10,TS,BP,252,0.6312148108576273
2025-10-13,TS,BP,252,0.6314491928769033
2025-10-14,TS,BP,252,0.6287386115847187
2025-10-15,TS,BP,252,0.628825576986312
2025-10-16,TS,BP,252,0.6272404613471524
2025-10-17,TS,BP,252,0.6224102366719134
2025-10-20,TS,BP,252,0.6220989517623354
2025-10-21,TS,BP,252,0.6224895534429108
2025-10-22,TS,BP,252,0.6244148339685394
2025-10-23,TS,BP,252,0.626421025723614
2025-10-24,TS,BP,252,0.6277534341914827
2025-10-27,TS,BP,252,0.6253791335016285
2025-10-28,TS,BP,252,0.6228910964621717
2025-10-29,TS,BP,252,0.6234636344040643
2025-10-30,TS,BP,252,0.6104422724457733
2025-10-31,TS,BP,252,0.6223478037603178
2025-11-03,TS,BP,252,0.6205271658035941
2025-11-04,TS,BP,252,0.6168127785103127
2025-11-05,TS,BP,252,0.6179138187281251
2025-11-06,TS,BP,252,0.6201121158903103
2025-11-07,TS,BP,252,0.6179926785108006
2025-11-10,TS,BP,252,0.6342518464203356
2025-11-11,TS,BP,252,0.6354835618116856
2025-11-12,TS,BP,252,0.6355649206886699
2025-11-13,TS,BP,252,0.6363453385094558
2025-11-14,TS,BP,252,0.6307080886736218
2025-11-17,TS,BP,252,0.630245960868788
2025-11-18,TS,BP,252,0.6305093691389779
2025-11-19,TS,BP,252,0.6287634811053758
2025-11-20,TS,BP,252,0.6281931556088799
2025-11-21,TS,BP,252,0.6284588099466252
2025-11-24,TS,BP,252,0.6285904369175626
2025-11-25,TS,BP,252,0.6270699199936659
2025-11-26,TS,BP,252,0.6270448795225746
2025-11-28,TS,BP,252,0.6291771365001062
2025-12-01,TS,BP,252,0.6299339980694354
2025-12-02,TS,BP,252,0.6296123943732574
2025-12-03,TS,BP,252,0.6324929603847569
2025-12-04,TS,BP,252,0.6334893081861207
2025-12-05,TS,BP,252,0.6320155974986771
2025-12-08,TS,BP,252,0.6316221839466921
2025-12-09,TS,BP,252,0.6327241804984136
2025-12-10,TS,BP,252,0.6313610425170432
2025-12-11,TS,BP,252,0.6275943668014821
2025-12-12,TS,BP,252,0.6280588463830891
2025-12-15,TS,BP,252,0.6278309882796872
2025-12-16,TS,BP,252,0.6295105816457102
2025-12-17,TS,BP,252,0.630693628625028
2025-12-18,TS,BP,252,0.637295170096498
2025-12-19,TS,BP,252,0.6343959041979734
2025-12-22,TS,BP,252,0.6322980931922516
2025-12-23,TS,BP,252,0.6324514889282131
2025-12-24,TS,BP,252,0.6321957034107192
2025-12-26,TS,BP,252,0.6320703985021113
2025-12-29,TS,BP,252,0.6326229403573516
2025-12-30,TS,BP,252,0.6329071423590609
2025-12-31,TS,BP,252,0.6330120981616965
2026-01-02,TS,BP,252,0.6343303255564269
2026-01-05,TS,BP,252,0.6323816997585212
2026-01-06,TS,BP,252,0.6274788679639556
2026-01-07,TS,BP,252,0.6298476875337431
2026-01-08,TS,BP,252,0.6305691516802671
2026-01-09,TS,BP,252,0.6291750482925551
2026-01-12,TS,BP,252,0.6341870441167764
2026-01-13,TS,BP,252,0.6384884374065147
2026-01-14,TS,BP,252,0.6399417152259868
2026-01-15,TS,BP,252,0.6426776412805749
2026-01-16,TS,BP,252,0.642752966087768
2026-01-20,TS,BP,252,0.6442923702180466
2026-01-21,TS,BP,252,0.6463834748880106
2026-01-22,TS,BP,252,0.646738930166109
2026-01-23,TS,BP,252,0.6429588445843223
2026-01-26,TS,BP,252,0.6428845203955288
2026-01-27,TS,BP,252,0.6443629669220059
2026-01-28,TS,BP,252,0.6442125022033394
2026-01-29,TS,BP,252,0.6441692689914771
2026-01-30,TS,BP,252,0.6440621996013469
2026-02-02,TS,BP,252,0.6427789490749339
2026-02-03,TS,BP,252,0.6457168196428119
2026-02-04,TS,BP,252,0.6459168274007562
2026-02-05,TS,BP,252,0.643770759624546
2026-02-06,TS,BP,252,0.6453003385279278
2026-02-09,TS,BP,252,0.647330999682845
2026-02-10,TS,BP,252,0.6384067780417778
2026-02-11,TS,BP,252,0.632230129642544
2026-02-12,TS,BP,252,0.6376905405766143
2026-02-13,TS,BP,252,0.6396099684436217
2026-02-17,TS,BP,252,0.638133599100667
2026-02-18,TS,BP,252,0.6377059999377648
2026-02-19,TS,BP,252,0.6287379838836411
2026-02-20,TS,BP,252,0.6278659503405216
2026-02-23,TS,BP,252,0.6278525820608766
2026-02-24,TS,BP,252,0.6271098099716599
2026-02-25,TS,BP,252,0.6267915420022148
2026-02-26,TS,BP,252,0.6257529326385112
2026-02-27,TS,BP,252,0.6267760876717593
2026-03-02,TS,BP,252,0.6269482986876846
2026-03-03,TS,BP,252,0.6285561457900787
2026-03-04,TS,BP,252,0.6258982000963853
2026-03-05,TS,BP,252,0.6217184007687364
2026-03-06,TS,BP,252,0.6175558543150944
2026-03-09,TS,BP,252,0.6175332917253342
2026-03-10,TS,BP,252,0.6153455181779572
2026-03-11,TS,BP,252,0.6211573331250528
2026-03-12,TS,BP,252,0.6213736033589838
2026-03-13,TS,BP,252,0.6185745726926336
2026-03-16,TS,BP,252,0.6187060072153665
2026-03-17,TS,BP,252,0.6166088400170088
2026-03-18,TS,BP,252,0.6130781423307771
2026-03-19,TS,BP,252,0.6136509407490576
2026-03-20,TS,BP,252,0.6124855565760253
2026-03-23,TS,BP,252,0.60243057710456
2026-03-24,TS,BP,252,0.6000536119520216
2026-03-25,TS,BP,252,0.6006656861479838
2026-03-26,TS,BP,252,0.601899371486768
2026-03-27,TS,BP,252,0.6014851163235237
2026-03-30,TS,BP,252,0.5974511595065397
2026-03-31,TS,BP,252,0.5939201630804042
2026-04-01,TS,BP,252,0.5938431423223975
2026-04-02,TS,BP,252,0.5932444933715304
2026-04-06,TS,BP,252,0.5934361753687659
2026-04-07,TS,BP,252,0.56184926637638
2026-04-08,TS,BP,252,0.5178825143534624
2026-04-09,TS,BP,252,0.5104887764981666
2026-04-10,TS,BP,252,0.497418047968622
2026-04-13,TS,BP,252,0.47225799129822854
2026-04-14,TS,BP,252,0.4473767188722073
2026-04-15,TS,BP,252,0.4460007297028142
2026-04-16,TS,BP,252,0.4507629762671398
2026-04-17,TS,BP,252,0.44134347172826244
2026-04-20,TS,BP,252,0.4405774713195947
2026-04-21,TS,BP,252,0.44016318916255626
2026-04-22,TS,BP,252,0.43947923736028244
2026-04-23,TS,BP,252,0.43657645858782435
2026-04-24,TS,BP,252,0.43510762348270693
2026-04-27,TS,BP,252,0.4343825667890997
2026-04-28,TS,BP,252,0.4337978735726578
2026-04-29,TS,BP,252,0.43397486551009495
2026-04-30,TS,BP,252,0.4372725344095499
2026-05-01,TS,BP,252,0.43455258777252187
2026-05-04,TS,BP,252,0.43425388518706487
2026-05-05,TS,BP,252,0.43003957219993516
2026-05-06,TS,BP,252,0.4415725807300902
2026-05-07,TS,BP,252,0.44844743236982293
2026-05-08,TS,BP,252,0.44411456625240386
2026-05-11,TS,BP,252,0.4461566367893028
2026-05-12,TS,BP,252,0.44600271494731253
2026-05-13,TS,BP,252,0.44209161892335314
2026-05-14,TS,BP,252,0.442375601520954
2026-05-15,TS,BP,252,0.43657031638989585
2026-05-18,TS,BP,252,0.4343313542954085
2026-05-19,TS,BP,252,0.43473071753407405
2026-05-20,TS,BP,252,0.4346203020588561
2026-05-21,TS,BP,252,0.43161579873941547
2026-05-22,TS,BP,252,0.4303866891892397
2026-05-26,TS,BP,252,0.4175061702459765
2026-05-27,TS,BP,252,0.42411633729119713
2026-05-28,TS,BP,252,0.42415094143829246
2026-05-29,TS,BP,252,0.4278953661345606
2026-06-01,TS,BP,252,0.43177690450634454
2026-06-02,TS,BP,252,0.4325391065005321
2026-06-03,TS,BP,252,0.43040123731063124
2026-06-04,TS,BP,252,0.42982128049227536
2026-06-05,TS,BP,252,0.4331799657893552
2026-06-08,TS,BP,252,0.4354582544702999
2026-06-09,TS,BP,252,0.44064389037720914
2026-06-10,TS,BP,252,0.4406454338581321
2026-06-11,TS,BP,252,0.43698179810616933
2026-06-12,TS,BP,252,0.4373005855063257
2026-06-15,TS,BP,252,0.44244163422271104
2026-06-16,TS,BP,252,0.44706778873810665
2026-06-17,TS,BP,252,0.4528218771993419
2026-06-18,TS,BP,252,0.45820912535278235
2026-06-22,TS,BP,252,0.4588429505477694
2026-06-23,TS,BP,252,0.45908186576219595
2026-06-24,TS,BP,252,0.46163592130286724
2026-06-25,TS,BP,252,0.4608445875718511
2026-06-26,TS,BP,252,0.4658931501521816
2026-06-29,TS,BP,252,0.4680736163885633
2026-06-30,TS,BP,252,0.46909040992766105
2026-07-01,TS,BP,252,0.4761400059543453
2026-07-02,TS,BP,252,0.47592164589614144
2026-07-06,TS,BP,252,0.4693603647481097
2026-07-07,TS,BP,252,0.46706438283634927
2026-07-08,TS,BP,252,0.46760268384804715
2026-07-09,TS,BP,252,0.4641099406264284
2026-07-10,TS,BP,252,0.4652022737248025
2026-07-13,TS,BP,252,0.46418189607483223
2026-07-14,TS,BP,252,0.4625573999251438
2026-07-15,TS,BP,252,0.46034982911731664
2026-07-16,TS,BP,252,0.4601245984778814
2026-07-17,TS,BP,252,0.46305855400418217
2026-07-20,TS,BP,252,0.4627245153647485
2026-07-21,TS,BP,252,0.46405185813351674
2026-07-22,TS,BP,252,0.46523760138151
2026-07-23,TS,BP,252,0.46026673493820847
2026-07-24,TS,BP,252,0.4605145601372816
2026-07-27,TS,BP,252,0.46333928075254044
2026-07-28,TS,BP,252,0.465146149848968
2026-07-29,TS,BP,252,0.46265491738922077
2026-07-30,TS,BP,252,0.46447766477862185
2026-07-31,TS,BP,252,0.46092870266542935
2026-08-03,TS,BP,252,0.4689637343983451
2026-08-04,TS,BP,252,0.45554007214649345
2026-08-05,TS,BP,252,0.4607472408960541
2026-08-06,TS,BP,252,0.41998608177199004
2026-08-07,TS,BP,252,0.42275175828632094
2026-08-10,TS,BP,252,0.4268441808014997
2026-08-11,TS,BP,252,0.42523759118983917
2026-08-12,TS,BP,252,0.42503108453543553
2026-08-13,TS,BP,252,0.42544629583200466
2026-08-14,TS,BP,252,0.4257069742318068
2026-08-17,TS,BP,252,0.4253480915178906
2026-08-18,TS,BP,252,0.4243835962276211
2026-08-19,TS,BP,252,0.42481138408061553
2026-08-20,TS,BP,252,0.41899008191298365
2026-08-21,TS,BP,252,0.41916797412294066
2026-08-24,TS,BP,252,0.4134216752986502
