date,ticker_1,ticker_2,window,rolling_correlation
1989-10-05,COP,EOG,252,
1989-10-06,COP,EOG,252,
1989-10-09,COP,EOG,252,
1989-10-10,COP,EOG,252,
1989-10-11,COP,EOG,252,
1989-10-12,COP,EOG,252,
1989-10-13,COP,EOG,252,
1989-10-16,COP,EOG,252,
1989-10-17,COP,EOG,252,
1989-10-18,COP,EOG,252,
1989-10-19,COP,EOG,252,
1989-10-20,COP,EOG,252,
1989-10-23,COP,EOG,252,
1989-10-24,COP,EOG,252,
1989-10-25,COP,EOG,252,
1989-10-26,COP,EOG,252,
1989-10-27,COP,EOG,252,
1989-10-30,COP,EOG,252,
1989-10-31,COP,EOG,252,
1989-11-01,COP,EOG,252,
1989-11-02,COP,EOG,252,
1989-11-03,COP,EOG,252,
1989-11-06,COP,EOG,252,
1989-11-07,COP,EOG,252,
1989-11-08,COP,EOG,252,
1989-11-09,COP,EOG,252,
1989-11-10,COP,EOG,252,
1989-11-13,COP,EOG,252,
1989-11-14,COP,EOG,252,
1989-11-15,COP,EOG,252,
1989-11-16,COP,EOG,252,
1989-11-17,COP,EOG,252,
1989-11-20,COP,EOG,252,
1989-11-21,COP,EOG,252,
1989-11-22,COP,EOG,252,
1989-11-24,COP,EOG,252,
1989-11-27,COP,EOG,252,
1989-11-28,COP,EOG,252,
1989-11-29,COP,EOG,252,
1989-11-30,COP,EOG,252,
1989-12-01,COP,EOG,252,
1989-12-04,COP,EOG,252,
1989-12-05,COP,EOG,252,
1989-12-06,COP,EOG,252,
1989-12-07,COP,EOG,252,
1989-12-08,COP,EOG,252,
1989-12-11,COP,EOG,252,
1989-12-12,COP,EOG,252,
1989-12-13,COP,EOG,252,
1989-12-14,COP,EOG,252,
1989-12-15,COP,EOG,252,
1989-12-18,COP,EOG,252,
1989-12-19,COP,EOG,252,
1989-12-20,COP,EOG,252,
1989-12-21,COP,EOG,252,
1989-12-22,COP,EOG,252,
1989-12-26,COP,EOG,252,
1989-12-27,COP,EOG,252,
1989-12-28,COP,EOG,252,
1989-12-29,COP,EOG,252,
1990-01-02,COP,EOG,252,
1990-01-03,COP,EOG,252,
1990-01-04,COP,EOG,252,
1990-01-05,COP,EOG,252,
1990-01-08,COP,EOG,252,
1990-01-09,COP,EOG,252,
1990-01-10,COP,EOG,252,
1990-01-11,COP,EOG,252,
1990-01-12,COP,EOG,252,
1990-01-15,COP,EOG,252,
1990-01-16,COP,EOG,252,
1990-01-17,COP,EOG,252,
1990-01-18,COP,EOG,252,
1990-01-19,COP,EOG,252,
1990-01-22,COP,EOG,252,
1990-01-23,COP,EOG,252,
1990-01-24,COP,EOG,252,
1990-01-25,COP,EOG,252,
1990-01-26,COP,EOG,252,
1990-01-29,COP,EOG,252,
1990-01-30,COP,EOG,252,
1990-01-31,COP,EOG,252,
1990-02-01,COP,EOG,252,
1990-02-02,COP,EOG,252,
1990-02-05,COP,EOG,252,
1990-02-06,COP,EOG,252,
1990-02-07,COP,EOG,252,
1990-02-08,COP,EOG,252,
1990-02-09,COP,EOG,252,
1990-02-12,COP,EOG,252,
1990-02-13,COP,EOG,252,
1990-02-14,COP,EOG,252,
1990-02-15,COP,EOG,252,
1990-02-16,COP,EOG,252,
1990-02-20,COP,EOG,252,
1990-02-21,COP,EOG,252,
1990-02-22,COP,EOG,252,
1990-02-23,COP,EOG,252,
1990-02-26,COP,EOG,252,
1990-02-27,COP,EOG,252,
1990-02-28,COP,EOG,252,
1990-03-01,COP,EOG,252,
1990-03-02,COP,EOG,252,
1990-03-05,COP,EOG,252,
1990-03-06,COP,EOG,252,
1990-03-07,COP,EOG,252,
1990-03-08,COP,EOG,252,
1990-03-09,COP,EOG,252,
1990-03-12,COP,EOG,252,
1990-03-13,COP,EOG,252,
1990-03-14,COP,EOG,252,
1990-03-15,COP,EOG,252,
1990-03-16,COP,EOG,252,
1990-03-19,COP,EOG,252,
1990-03-20,COP,EOG,252,
1990-03-21,COP,EOG,252,
1990-03-22,COP,EOG,252,
1990-03-23,COP,EOG,252,
1990-03-26,COP,EOG,252,
1990-03-27,COP,EOG,252,
1990-03-28,COP,EOG,252,
1990-03-29,COP,EOG,252,
1990-03-30,COP,EOG,252,
1990-04-02,COP,EOG,252,
1990-04-03,COP,EOG,252,
1990-04-04,COP,EOG,252,
1990-04-05,COP,EOG,252,
1990-04-06,COP,EOG,252,
1990-04-09,COP,EOG,252,
1990-04-10,COP,EOG,252,
1990-04-11,COP,EOG,252,
1990-04-12,COP,EOG,252,
1990-04-16,COP,EOG,252,
1990-04-17,COP,EOG,252,
1990-04-18,COP,EOG,252,
1990-04-19,COP,EOG,252,
1990-04-20,COP,EOG,252,
1990-04-23,COP,EOG,252,
1990-04-24,COP,EOG,252,
1990-04-25,COP,EOG,252,
1990-04-26,COP,EOG,252,
1990-04-27,COP,EOG,252,
1990-04-30,COP,EOG,252,
1990-05-01,COP,EOG,252,
1990-05-02,COP,EOG,252,
1990-05-03,COP,EOG,252,
1990-05-04,COP,EOG,252,
1990-05-07,COP,EOG,252,
1990-05-08,COP,EOG,252,
1990-05-09,COP,EOG,252,
1990-05-10,COP,EOG,252,
1990-05-11,COP,EOG,252,
1990-05-14,COP,EOG,252,
1990-05-15,COP,EOG,252,
1990-05-16,COP,EOG,252,
1990-05-17,COP,EOG,252,
1990-05-18,COP,EOG,252,
1990-05-21,COP,EOG,252,
1990-05-22,COP,EOG,252,
1990-05-23,COP,EOG,252,
1990-05-24,COP,EOG,252,
1990-05-25,COP,EOG,252,
1990-05-29,COP,EOG,252,
1990-05-30,COP,EOG,252,
1990-05-31,COP,EOG,252,
1990-06-01,COP,EOG,252,
1990-06-04,COP,EOG,252,
1990-06-05,COP,EOG,252,
1990-06-06,COP,EOG,252,
1990-06-07,COP,EOG,252,
1990-06-08,COP,EOG,252,
1990-06-11,COP,EOG,252,
1990-06-12,COP,EOG,252,
1990-06-13,COP,EOG,252,
1990-06-14,COP,EOG,252,
1990-06-15,COP,EOG,252,
1990-06-18,COP,EOG,252,
1990-06-19,COP,EOG,252,
1990-06-20,COP,EOG,252,
1990-06-21,COP,EOG,252,
1990-06-22,COP,EOG,252,
1990-06-25,COP,EOG,252,
1990-06-26,COP,EOG,252,
1990-06-27,COP,EOG,252,
1990-06-28,COP,EOG,252,
1990-06-29,COP,EOG,252,
1990-07-02,COP,EOG,252,
1990-07-03,COP,EOG,252,
1990-07-05,COP,EOG,252,
1990-07-06,COP,EOG,252,
1990-07-09,COP,EOG,252,
1990-07-10,COP,EOG,252,
1990-07-11,COP,EOG,252,
1990-07-12,COP,EOG,252,
1990-07-13,COP,EOG,252,
1990-07-16,COP,EOG,252,
1990-07-17,COP,EOG,252,
1990-07-18,COP,EOG,252,
1990-07-19,COP,EOG,252,
1990-07-20,COP,EOG,252,
1990-07-23,COP,EOG,252,
1990-07-24,COP,EOG,252,
1990-07-25,COP,EOG,252,
1990-07-26,COP,EOG,252,
1990-07-27,COP,EOG,252,
1990-07-30,COP,EOG,252,
1990-07-31,COP,EOG,252,
1990-08-01,COP,EOG,252,
1990-08-02,COP,EOG,252,
1990-08-03,COP,EOG,252,
1990-08-06,COP,EOG,252,
1990-08-07,COP,EOG,252,
1990-08-08,COP,EOG,252,
1990-08-09,COP,EOG,252,
1990-08-10,COP,EOG,252,
1990-08-13,COP,EOG,252,
1990-08-14,COP,EOG,252,
1990-08-15,COP,EOG,252,
1990-08-16,COP,EOG,252,
1990-08-17,COP,EOG,252,
1990-08-20,COP,EOG,252,
1990-08-21,COP,EOG,252,
1990-08-22,COP,EOG,252,
1990-08-23,COP,EOG,252,
1990-08-24,COP,EOG,252,
1990-08-27,COP,EOG,252,
1990-08-28,COP,EOG,252,
1990-08-29,COP,EOG,252,
1990-08-30,COP,EOG,252,
1990-08-31,COP,EOG,252,
1990-09-04,COP,EOG,252,
1990-09-05,COP,EOG,252,
1990-09-06,COP,EOG,252,
1990-09-07,COP,EOG,252,
1990-09-10,COP,EOG,252,
1990-09-11,COP,EOG,252,
1990-09-12,COP,EOG,252,
1990-09-13,COP,EOG,252,
1990-09-14,COP,EOG,252,
1990-09-17,COP,EOG,252,
1990-09-18,COP,EOG,252,
1990-09-19,COP,EOG,252,
1990-09-20,COP,EOG,252,
1990-09-21,COP,EOG,252,
1990-09-24,COP,EOG,252,
1990-09-25,COP,EOG,252,
1990-09-26,COP,EOG,252,
1990-09-27,COP,EOG,252,
1990-09-28,COP,EOG,252,
1990-10-01,COP,EOG,252,
1990-10-02,COP,EOG,252,
1990-10-03,COP,EOG,252,0.19040959057841544
1990-10-04,COP,EOG,252,0.18774882774101986
1990-10-05,COP,EOG,252,0.1970533209329205
1990-10-08,COP,EOG,252,0.1973737174163771
1990-10-09,COP,EOG,252,0.1987107969189397
1990-10-10,COP,EOG,252,0.20440401349232357
1990-10-11,COP,EOG,252,0.2064747724727819
1990-10-12,COP,EOG,252,0.20050352248216685
1990-10-15,COP,EOG,252,0.20801917366345915
1990-10-16,COP,EOG,252,0.2130343380764526
1990-10-17,COP,EOG,252,0.21728012755360002
1990-10-18,COP,EOG,252,0.21957485410045607
1990-10-19,COP,EOG,252,0.21289015618010998
1990-10-22,COP,EOG,252,0.22104136884506814
1990-10-23,COP,EOG,252,0.22170210993037545
1990-10-24,COP,EOG,252,0.22134033959270097
1990-10-25,COP,EOG,252,0.22141829393727783
1990-10-26,COP,EOG,252,0.22084793342059877
1990-10-29,COP,EOG,252,0.2225657254207097
1990-10-30,COP,EOG,252,0.22525649512691878
1990-10-31,COP,EOG,252,0.22684456230766803
1990-11-01,COP,EOG,252,0.23724383836440616
1990-11-02,COP,EOG,252,0.2494725022737216
1990-11-05,COP,EOG,252,0.24896915863160543
1990-11-06,COP,EOG,252,0.24907455887292262
1990-11-07,COP,EOG,252,0.2511380987784481
1990-11-08,COP,EOG,252,0.2513606653717569
1990-11-09,COP,EOG,252,0.2463147074257717
1990-11-12,COP,EOG,252,0.2525178757402953
1990-11-13,COP,EOG,252,0.25389181501992714
1990-11-14,COP,EOG,252,0.2533780879369149
1990-11-15,COP,EOG,252,0.25568563349997764
1990-11-16,COP,EOG,252,0.25762461951334215
1990-11-19,COP,EOG,252,0.24969190163648342
1990-11-20,COP,EOG,252,0.2517551990520029
1990-11-21,COP,EOG,252,0.253989920017984
1990-11-23,COP,EOG,252,0.2622521739526596
1990-11-26,COP,EOG,252,0.26858026895798187
1990-11-27,COP,EOG,252,0.27697091455311995
1990-11-28,COP,EOG,252,0.2782389786892004
1990-11-29,COP,EOG,252,0.28007333794966827
1990-11-30,COP,EOG,252,0.25974593014814734
1990-12-03,COP,EOG,252,0.26152285278970905
1990-12-04,COP,EOG,252,0.258409278013476
1990-12-05,COP,EOG,252,0.2582083545493458
1990-12-06,COP,EOG,252,0.25906833964336035
1990-12-07,COP,EOG,252,0.2604442656086689
1990-12-10,COP,EOG,252,0.25699098877987947
1990-12-11,COP,EOG,252,0.25802865695705335
1990-12-12,COP,EOG,252,0.25692247360767034
1990-12-13,COP,EOG,252,0.24235021297709325
1990-12-14,COP,EOG,252,0.2358606522025892
1990-12-17,COP,EOG,252,0.2326497833790886
1990-12-18,COP,EOG,252,0.229757310609184
1990-12-19,COP,EOG,252,0.23013328630991503
1990-12-20,COP,EOG,252,0.23019574666350517
1990-12-21,COP,EOG,252,0.22642419723965884
1990-12-24,COP,EOG,252,0.22893700423478433
1990-12-26,COP,EOG,252,0.23915049310518616
1990-12-27,COP,EOG,252,0.2396116471806201
1990-12-28,COP,EOG,252,0.24065621187920896
1990-12-31,COP,EOG,252,0.247764652236308
1991-01-02,COP,EOG,252,0.251207482913232
1991-01-03,COP,EOG,252,0.25536786306604564
1991-01-04,COP,EOG,252,0.25324735246534796
1991-01-07,COP,EOG,252,0.25682397716041727
1991-01-08,COP,EOG,252,0.24091491100791027
1991-01-09,COP,EOG,252,0.23670165143146926
1991-01-10,COP,EOG,252,0.2351985207027067
1991-01-11,COP,EOG,252,0.22348984605876365
1991-01-14,COP,EOG,252,0.22688358062680192
1991-01-15,COP,EOG,252,0.22687899958017563
1991-01-16,COP,EOG,252,0.22966353057067918
1991-01-17,COP,EOG,252,0.22958264979301934
1991-01-18,COP,EOG,252,0.22685197888593678
1991-01-21,COP,EOG,252,0.23005411466691938
1991-01-22,COP,EOG,252,0.23099148263519725
1991-01-23,COP,EOG,252,0.24842523041984652
1991-01-24,COP,EOG,252,0.24632893764247704
1991-01-25,COP,EOG,252,0.2425698475512206
1991-01-28,COP,EOG,252,0.2476940265144718
1991-01-29,COP,EOG,252,0.24690009355097348
1991-01-30,COP,EOG,252,0.23386456739948489
1991-01-31,COP,EOG,252,0.2342790788564653
1991-02-01,COP,EOG,252,0.23788261773019515
1991-02-04,COP,EOG,252,0.23697695010668157
1991-02-05,COP,EOG,252,0.23769228354795943
1991-02-06,COP,EOG,252,0.27150034299839837
1991-02-07,COP,EOG,252,0.2494897098319814
1991-02-08,COP,EOG,252,0.24886829323449694
1991-02-11,COP,EOG,252,0.2511469277060795
1991-02-12,COP,EOG,252,0.2414079423654343
1991-02-13,COP,EOG,252,0.24120896380909265
1991-02-14,COP,EOG,252,0.2427466350269902
1991-02-15,COP,EOG,252,0.23459360447005922
1991-02-19,COP,EOG,252,0.23752857028870325
1991-02-20,COP,EOG,252,0.2367798936784117
1991-02-21,COP,EOG,252,0.2398485416439661
1991-02-22,COP,EOG,252,0.2451817285075925
1991-02-25,COP,EOG,252,0.24957340652564977
1991-02-26,COP,EOG,252,0.2485396505481266
1991-02-27,COP,EOG,252,0.2606441078870192
1991-02-28,COP,EOG,252,0.2571183151529917
1991-03-01,COP,EOG,252,0.25622229163577825
1991-03-04,COP,EOG,252,0.2528398943396414
1991-03-05,COP,EOG,252,0.24726390333694853
1991-03-06,COP,EOG,252,0.24619455219972602
1991-03-07,COP,EOG,252,0.24135070445437548
1991-03-08,COP,EOG,252,0.2372854177199931
1991-03-11,COP,EOG,252,0.231465088649729
1991-03-12,COP,EOG,252,0.231018406643101
1991-03-13,COP,EOG,252,0.22394249914498168
1991-03-14,COP,EOG,252,0.22349050672149054
1991-03-15,COP,EOG,252,0.22547658520300637
1991-03-18,COP,EOG,252,0.22242823668409886
1991-03-19,COP,EOG,252,0.2163982631913667
1991-03-20,COP,EOG,252,0.21745427208245702
1991-03-21,COP,EOG,252,0.20966694670007668
1991-03-22,COP,EOG,252,0.20650271914196391
1991-03-25,COP,EOG,252,0.20727846189395513
1991-03-26,COP,EOG,252,0.20868049893187285
1991-03-27,COP,EOG,252,0.2155321540567173
1991-03-28,COP,EOG,252,0.21620629924176746
1991-04-01,COP,EOG,252,0.21822409188400907
1991-04-02,COP,EOG,252,0.2130493393419328
1991-04-03,COP,EOG,252,0.21733640168856938
1991-04-04,COP,EOG,252,0.2073210793659128
1991-04-05,COP,EOG,252,0.20513169048926788
1991-04-08,COP,EOG,252,0.200748189072398
1991-04-09,COP,EOG,252,0.2011331364259172
1991-04-10,COP,EOG,252,0.20112403583086386
1991-04-11,COP,EOG,252,0.20042623152867675
1991-04-12,COP,EOG,252,0.205371762350509
1991-04-15,COP,EOG,252,0.20825548535523647
1991-04-16,COP,EOG,252,0.21089548364191535
1991-04-17,COP,EOG,252,0.2075995975918786
1991-04-18,COP,EOG,252,0.206463513618767
1991-04-19,COP,EOG,252,0.20613253220014963
1991-04-22,COP,EOG,252,0.2065834404279809
1991-04-23,COP,EOG,252,0.2066392182030684
1991-04-24,COP,EOG,252,0.20614384313192888
1991-04-25,COP,EOG,252,0.20618119577654542
1991-04-26,COP,EOG,252,0.20599198500712493
1991-04-29,COP,EOG,252,0.20600341419310975
1991-04-30,COP,EOG,252,0.1996639751859002
1991-05-01,COP,EOG,252,0.20014703674907577
1991-05-02,COP,EOG,252,0.20148992311512645
1991-05-03,COP,EOG,252,0.20329422871463207
1991-05-06,COP,EOG,252,0.20223110069602884
1991-05-07,COP,EOG,252,0.20250137354707062
1991-05-08,COP,EOG,252,0.1997748464111172
1991-05-09,COP,EOG,252,0.20135093375626237
1991-05-10,COP,EOG,252,0.20640231690721014
1991-05-13,COP,EOG,252,0.20852090777287166
1991-05-14,COP,EOG,252,0.20156484352588053
1991-05-15,COP,EOG,252,0.192280821525284
1991-05-16,COP,EOG,252,0.19573071516881285
1991-05-17,COP,EOG,252,0.1963942003951077
1991-05-20,COP,EOG,252,0.195991157143769
1991-05-21,COP,EOG,252,0.19620507084552213
1991-05-22,COP,EOG,252,0.19417515640211938
1991-05-23,COP,EOG,252,0.19112202744290618
1991-05-24,COP,EOG,252,0.19092644180346163
1991-05-28,COP,EOG,252,0.18811481592379264
1991-05-29,COP,EOG,252,0.19356761969903946
1991-05-30,COP,EOG,252,0.19989849995534925
1991-05-31,COP,EOG,252,0.21587995542692653
1991-06-03,COP,EOG,252,0.21539444242341874
1991-06-04,COP,EOG,252,0.215290471533819
1991-06-05,COP,EOG,252,0.21321519018047472
1991-06-06,COP,EOG,252,0.21507959062840057
1991-06-07,COP,EOG,252,0.2184808189689967
1991-06-10,COP,EOG,252,0.21639307511912617
1991-06-11,COP,EOG,252,0.21781591179116747
1991-06-12,COP,EOG,252,0.21765715324738777
1991-06-13,COP,EOG,252,0.21773446857551348
1991-06-14,COP,EOG,252,0.217605706452505
1991-06-17,COP,EOG,252,0.2182470240086014
1991-06-18,COP,EOG,252,0.21824271379279692
1991-06-19,COP,EOG,252,0.21329580195286016
1991-06-20,COP,EOG,252,0.2202653519334508
1991-06-21,COP,EOG,252,0.22003887914125103
1991-06-24,COP,EOG,252,0.22106753523515835
1991-06-25,COP,EOG,252,0.2219992328189982
1991-06-26,COP,EOG,252,0.22258991292064179
1991-06-27,COP,EOG,252,0.22338092506113832
1991-06-28,COP,EOG,252,0.22432707228230983
1991-07-01,COP,EOG,252,0.22226590838916518
1991-07-02,COP,EOG,252,0.22286279242175924
1991-07-03,COP,EOG,252,0.22012548909772497
1991-07-05,COP,EOG,252,0.22060617458483958
1991-07-08,COP,EOG,252,0.2208175494648487
1991-07-09,COP,EOG,252,0.22222395517835974
1991-07-10,COP,EOG,252,0.22296546588880145
1991-07-11,COP,EOG,252,0.2103794349034915
1991-07-12,COP,EOG,252,0.20701624897661797
1991-07-15,COP,EOG,252,0.20786178193042043
1991-07-16,COP,EOG,252,0.2114231613186987
1991-07-17,COP,EOG,252,0.22155225540466383
1991-07-18,COP,EOG,252,0.2193328001112479
1991-07-19,COP,EOG,252,0.21920481752041693
1991-07-22,COP,EOG,252,0.22018066885241605
1991-07-23,COP,EOG,252,0.21821677807549858
1991-07-24,COP,EOG,252,0.21962998928435676
1991-07-25,COP,EOG,252,0.2214843864247216
1991-07-26,COP,EOG,252,0.22135743270613145
1991-07-29,COP,EOG,252,0.2211800488519808
1991-07-30,COP,EOG,252,0.2221786687298135
1991-07-31,COP,EOG,252,0.22293589790798787
1991-08-01,COP,EOG,252,0.21197172385461804
1991-08-02,COP,EOG,252,0.21386053030930582
1991-08-05,COP,EOG,252,0.23249887650424866
1991-08-06,COP,EOG,252,0.23359453229561872
1991-08-07,COP,EOG,252,0.22975433266939044
1991-08-08,COP,EOG,252,0.2280668365374488
1991-08-09,COP,EOG,252,0.22894714299062002
1991-08-12,COP,EOG,252,0.22873291334995932
1991-08-13,COP,EOG,252,0.2286917455312291
1991-08-14,COP,EOG,252,0.2312707149574909
1991-08-15,COP,EOG,252,0.23285786789751203
1991-08-16,COP,EOG,252,0.23334319213319085
1991-08-19,COP,EOG,252,0.23986227611977212
1991-08-20,COP,EOG,252,0.24590076752933038
1991-08-21,COP,EOG,252,0.2470678772893365
1991-08-22,COP,EOG,252,0.24478113702370485
1991-08-23,COP,EOG,252,0.2521855070858344
1991-08-26,COP,EOG,252,0.2516957598164025
1991-08-27,COP,EOG,252,0.25196690672382965
1991-08-28,COP,EOG,252,0.2554101521116601
1991-08-29,COP,EOG,252,0.2557715769874367
1991-08-30,COP,EOG,252,0.2595432202999908
1991-09-03,COP,EOG,252,0.26063168184626134
1991-09-04,COP,EOG,252,0.2508255235327046
1991-09-05,COP,EOG,252,0.2460542045640768
1991-09-06,COP,EOG,252,0.24713247060271099
1991-09-09,COP,EOG,252,0.24720389737226345
1991-09-10,COP,EOG,252,0.23999425986877046
1991-09-11,COP,EOG,252,0.24041126040144467
1991-09-12,COP,EOG,252,0.24191069118320874
1991-09-13,COP,EOG,252,0.23886949046883088
1991-09-16,COP,EOG,252,0.2351876035459208
1991-09-17,COP,EOG,252,0.23598268792190782
1991-09-18,COP,EOG,252,0.23763379277079916
1991-09-19,COP,EOG,252,0.23547010791614537
1991-09-20,COP,EOG,252,0.23552038570970618
1991-09-23,COP,EOG,252,0.23620389054127244
1991-09-24,COP,EOG,252,0.23555302324055136
1991-09-25,COP,EOG,252,0.2336806550233706
1991-09-26,COP,EOG,252,0.221280310990735
1991-09-27,COP,EOG,252,0.22103313685776013
1991-09-30,COP,EOG,252,0.22124767938968767
1991-10-01,COP,EOG,252,0.21785164892332243
1991-10-02,COP,EOG,252,0.21892098965906073
1991-10-03,COP,EOG,252,0.22363334072418542
1991-10-04,COP,EOG,252,0.22039492645190964
1991-10-07,COP,EOG,252,0.21657858784505724
1991-10-08,COP,EOG,252,0.2139322623906229
1991-10-09,COP,EOG,252,0.20566270284369742
1991-10-10,COP,EOG,252,0.20608372044573778
1991-10-11,COP,EOG,252,0.20593329484985404
1991-10-14,COP,EOG,252,0.21223650432606725
1991-10-15,COP,EOG,252,0.21140778730177945
1991-10-16,COP,EOG,252,0.21051720608312596
1991-10-17,COP,EOG,252,0.20855780190472523
1991-10-18,COP,EOG,252,0.213192134049912
1991-10-21,COP,EOG,252,0.21166409244391543
1991-10-22,COP,EOG,252,0.21450500450421575
1991-10-23,COP,EOG,252,0.21424846822851676
1991-10-24,COP,EOG,252,0.21498924815318204
1991-10-25,COP,EOG,252,0.21755466634705356
1991-10-28,COP,EOG,252,0.22157091134221427
1991-10-29,COP,EOG,252,0.21715680704140838
1991-10-30,COP,EOG,252,0.21548645771131616
1991-10-31,COP,EOG,252,0.21180137702714644
1991-11-01,COP,EOG,252,0.20444053305023538
1991-11-04,COP,EOG,252,0.20450709823710597
1991-11-05,COP,EOG,252,0.20196128225734827
1991-11-06,COP,EOG,252,0.20190121127726776
1991-11-07,COP,EOG,252,0.2011726181875722
1991-11-08,COP,EOG,252,0.2007190447603489
1991-11-11,COP,EOG,252,0.1979359297841409
1991-11-12,COP,EOG,252,0.19436674226067308
1991-11-13,COP,EOG,252,0.19136602687816173
1991-11-14,COP,EOG,252,0.19247843410170917
1991-11-15,COP,EOG,252,0.19704643059031463
1991-11-18,COP,EOG,252,0.20261041446223868
1991-11-19,COP,EOG,252,0.2037046722144357
1991-11-20,COP,EOG,252,0.20422630543711326
1991-11-21,COP,EOG,252,0.20188897964034616
1991-11-22,COP,EOG,252,0.201925802727337
1991-11-25,COP,EOG,252,0.20119327624293015
1991-11-26,COP,EOG,252,0.20673543284432483
1991-11-27,COP,EOG,252,0.2065407767901602
1991-11-29,COP,EOG,252,0.22426810842889147
1991-12-02,COP,EOG,252,0.21335483438322825
1991-12-03,COP,EOG,252,0.20504432039080692
1991-12-04,COP,EOG,252,0.20473813925585554
1991-12-05,COP,EOG,252,0.2026977002780264
1991-12-06,COP,EOG,252,0.20142500045884834
1991-12-09,COP,EOG,252,0.20130685980226112
1991-12-10,COP,EOG,252,0.20106896989320577
1991-12-11,COP,EOG,252,0.2038656154817819
1991-12-12,COP,EOG,252,0.2152929808030809
1991-12-13,COP,EOG,252,0.22125136097896173
1991-12-16,COP,EOG,252,0.22260446571474546
1991-12-17,COP,EOG,252,0.22614819561980506
1991-12-18,COP,EOG,252,0.22832758193459493
1991-12-19,COP,EOG,252,0.23079249628119372
1991-12-20,COP,EOG,252,0.22871479267012176
1991-12-23,COP,EOG,252,0.2169539121624355
1991-12-24,COP,EOG,252,0.19599187051955225
1991-12-26,COP,EOG,252,0.19514187522041213
1991-12-27,COP,EOG,252,0.19167670588249738
1991-12-30,COP,EOG,252,0.18810822270924132
1991-12-31,COP,EOG,252,0.18379132447861804
1992-01-02,COP,EOG,252,0.17138479933101894
1992-01-03,COP,EOG,252,0.1703959034518537
1992-01-06,COP,EOG,252,0.17519787286723637
1992-01-07,COP,EOG,252,0.20503194723072735
1992-01-08,COP,EOG,252,0.20523898351120984
1992-01-09,COP,EOG,252,0.20341953200306892
1992-01-10,COP,EOG,252,0.21184414164549442
1992-01-13,COP,EOG,252,0.21399203461942765
1992-01-14,COP,EOG,252,0.1979402300964134
1992-01-15,COP,EOG,252,0.19836337257652623
1992-01-16,COP,EOG,252,0.19707759351811535
1992-01-17,COP,EOG,252,0.20547644190814526
1992-01-20,COP,EOG,252,0.19911182016804227
1992-01-21,COP,EOG,252,0.200209323164125
1992-01-22,COP,EOG,252,0.18653075944012354
1992-01-23,COP,EOG,252,0.18714502528291793
1992-01-24,COP,EOG,252,0.17706801956342175
1992-01-27,COP,EOG,252,0.17699951046321147
1992-01-28,COP,EOG,252,0.17975172203681392
1992-01-29,COP,EOG,252,0.17923872577372255
1992-01-30,COP,EOG,252,0.1797085334235992
1992-01-31,COP,EOG,252,0.17108207576240714
1992-02-03,COP,EOG,252,0.17192209525797542
1992-02-04,COP,EOG,252,0.1732008164932945
1992-02-05,COP,EOG,252,0.1339743466786157
1992-02-06,COP,EOG,252,0.15192681968745236
1992-02-07,COP,EOG,252,0.16482160218372957
1992-02-10,COP,EOG,252,0.16971652363456421
1992-02-11,COP,EOG,252,0.17965394027509474
1992-02-12,COP,EOG,252,0.17761362370973105
1992-02-13,COP,EOG,252,0.17421796535044423
1992-02-14,COP,EOG,252,0.1788521314882166
1992-02-18,COP,EOG,252,0.17682477221164847
1992-02-19,COP,EOG,252,0.17564209612091658
1992-02-20,COP,EOG,252,0.17061226045136182
1992-02-21,COP,EOG,252,0.15488459822893844
1992-02-24,COP,EOG,252,0.14829975337856502
1992-02-25,COP,EOG,252,0.15282426556116105
1992-02-26,COP,EOG,252,0.129411318048953
1992-02-27,COP,EOG,252,0.13111787351058432
1992-02-28,COP,EOG,252,0.13784527250631798
1992-03-02,COP,EOG,252,0.14103082280045098
1992-03-03,COP,EOG,252,0.1442672461415657
1992-03-04,COP,EOG,252,0.14516617440692484
1992-03-05,COP,EOG,252,0.15065994631811133
1992-03-06,COP,EOG,252,0.15124185125897538
1992-03-09,COP,EOG,252,0.16029680622074016
1992-03-10,COP,EOG,252,0.16405912009837523
1992-03-11,COP,EOG,252,0.17044237346778257
1992-03-12,COP,EOG,252,0.17031503526236333
1992-03-13,COP,EOG,252,0.1721112175411489
1992-03-16,COP,EOG,252,0.1773409906919559
1992-03-17,COP,EOG,252,0.18469744281580583
1992-03-18,COP,EOG,252,0.18294321633657493
1992-03-19,COP,EOG,252,0.1894914569907491
1992-03-20,COP,EOG,252,0.19951490821301368
1992-03-23,COP,EOG,252,0.19783086512943612
1992-03-24,COP,EOG,252,0.19473485913932256
1992-03-25,COP,EOG,252,0.18907885016603515
1992-03-26,COP,EOG,252,0.19232213852742958
1992-03-27,COP,EOG,252,0.194008684957571
1992-03-30,COP,EOG,252,0.2043570043112055
1992-03-31,COP,EOG,252,0.19689364505695386
1992-04-01,COP,EOG,252,0.20514052447840891
1992-04-02,COP,EOG,252,0.208337931504345
1992-04-03,COP,EOG,252,0.198981791265193
1992-04-06,COP,EOG,252,0.2205082340712208
1992-04-07,COP,EOG,252,0.22604285979258282
1992-04-08,COP,EOG,252,0.22682459458826612
1992-04-09,COP,EOG,252,0.23220877892135397
1992-04-10,COP,EOG,252,0.23472135283044704
1992-04-13,COP,EOG,252,0.23233354028211003
1992-04-14,COP,EOG,252,0.23687483188817499
1992-04-15,COP,EOG,252,0.23658693535680592
1992-04-16,COP,EOG,252,0.2369794760005267
1992-04-20,COP,EOG,252,0.2189927166884132
1992-04-21,COP,EOG,252,0.21944404477020282
1992-04-22,COP,EOG,252,0.22159377800654748
1992-04-23,COP,EOG,252,0.22055771348696576
1992-04-24,COP,EOG,252,0.2273006103823862
1992-04-27,COP,EOG,252,0.2304540480023384
1992-04-28,COP,EOG,252,0.23127365853221488
1992-04-29,COP,EOG,252,0.23013610687970792
1992-04-30,COP,EOG,252,0.22855111512539222
1992-05-01,COP,EOG,252,0.22829400707567762
1992-05-04,COP,EOG,252,0.22802619732648044
1992-05-05,COP,EOG,252,0.22876652394738023
1992-05-06,COP,EOG,252,0.23153597601284875
1992-05-07,COP,EOG,252,0.2307828528813466
1992-05-08,COP,EOG,252,0.22044519601559037
1992-05-11,COP,EOG,252,0.22081850988999682
1992-05-12,COP,EOG,252,0.22906759369659396
1992-05-13,COP,EOG,252,0.24827497449907318
1992-05-14,COP,EOG,252,0.24317914325579637
1992-05-15,COP,EOG,252,0.24212451232990864
1992-05-18,COP,EOG,252,0.24680557288128463
1992-05-19,COP,EOG,252,0.2459957018764555
1992-05-20,COP,EOG,252,0.24569191817987857
1992-05-21,COP,EOG,252,0.24542914548686073
1992-05-22,COP,EOG,252,0.2491241612004641
1992-05-26,COP,EOG,252,0.2532140794034816
1992-05-27,COP,EOG,252,0.25787742494662275
1992-05-28,COP,EOG,252,0.25120817897643716
1992-05-29,COP,EOG,252,0.23390956970539575
1992-06-01,COP,EOG,252,0.23474713689209736
1992-06-02,COP,EOG,252,0.2368559379808004
1992-06-03,COP,EOG,252,0.23969170685392555
1992-06-04,COP,EOG,252,0.23919806599577137
1992-06-05,COP,EOG,252,0.23588157591745573
1992-06-08,COP,EOG,252,0.23508911448238554
1992-06-09,COP,EOG,252,0.2360068371833698
1992-06-10,COP,EOG,252,0.23693591943028125
1992-06-11,COP,EOG,252,0.2377852526277683
1992-06-12,COP,EOG,252,0.2380888825948694
1992-06-15,COP,EOG,252,0.238495284861057
1992-06-16,COP,EOG,252,0.23854062101910675
1992-06-17,COP,EOG,252,0.2447259177020855
1992-06-18,COP,EOG,252,0.23499102458000218
1992-06-19,COP,EOG,252,0.2350462326348406
1992-06-22,COP,EOG,252,0.23530553687199648
1992-06-23,COP,EOG,252,0.23410411445940768
1992-06-24,COP,EOG,252,0.23426116176747608
1992-06-25,COP,EOG,252,0.2356765828070373
1992-06-26,COP,EOG,252,0.2339960496224278
1992-06-29,COP,EOG,252,0.24017026648418313
1992-06-30,COP,EOG,252,0.23835528515555587
1992-07-01,COP,EOG,252,0.24118912378020266
1992-07-02,COP,EOG,252,0.2422161997644214
1992-07-06,COP,EOG,252,0.24190824891513632
1992-07-07,COP,EOG,252,0.23833758108153413
1992-07-08,COP,EOG,252,0.23509756075217547
1992-07-09,COP,EOG,252,0.24401847670703672
1992-07-10,COP,EOG,252,0.24445133624826967
1992-07-13,COP,EOG,252,0.24281664220820104
1992-07-14,COP,EOG,252,0.24620844174362427
1992-07-15,COP,EOG,252,0.23016422086874647
1992-07-16,COP,EOG,252,0.22636559835039669
1992-07-17,COP,EOG,252,0.2277935665583478
1992-07-20,COP,EOG,252,0.22668490738828828
1992-07-21,COP,EOG,252,0.22538170933254004
1992-07-22,COP,EOG,252,0.2271418991958721
1992-07-23,COP,EOG,252,0.227693063089143
1992-07-24,COP,EOG,252,0.22293208595316572
1992-07-27,COP,EOG,252,0.22333670153766122
1992-07-28,COP,EOG,252,0.22164832222393846
1992-07-29,COP,EOG,252,0.22077809803643403
1992-07-30,COP,EOG,252,0.22278042743700263
1992-07-31,COP,EOG,252,0.22281040696224536
1992-08-03,COP,EOG,252,0.22442140485927445
1992-08-04,COP,EOG,252,0.22337276288566205
1992-08-05,COP,EOG,252,0.21310309949272302
1992-08-06,COP,EOG,252,0.22486728337347214
1992-08-07,COP,EOG,252,0.2345133532817661
1992-08-10,COP,EOG,252,0.23440903131275914
1992-08-11,COP,EOG,252,0.23300872329953085
1992-08-12,COP,EOG,252,0.233382839875065
1992-08-13,COP,EOG,252,0.23695780635878783
1992-08-14,COP,EOG,252,0.23544718994133632
1992-08-17,COP,EOG,252,0.2298778520890282
1992-08-18,COP,EOG,252,0.22813134411946176
1992-08-19,COP,EOG,252,0.22945160041433446
1992-08-20,COP,EOG,252,0.2273388107470031
1992-08-21,COP,EOG,252,0.218893579298447
1992-08-24,COP,EOG,252,0.21912233435592698
1992-08-25,COP,EOG,252,0.2168188390692907
1992-08-26,COP,EOG,252,0.21184669993009417
1992-08-27,COP,EOG,252,0.21221530003561648
1992-08-28,COP,EOG,252,0.20239169106724905
1992-08-31,COP,EOG,252,0.1998526958156375
1992-09-01,COP,EOG,252,0.19901886997242896
1992-09-02,COP,EOG,252,0.2017781797877263
1992-09-03,COP,EOG,252,0.202323765820226
1992-09-04,COP,EOG,252,0.20289060132162387
1992-09-08,COP,EOG,252,0.20471748369998827
1992-09-09,COP,EOG,252,0.2045177514467608
1992-09-10,COP,EOG,252,0.20244681887892851
1992-09-11,COP,EOG,252,0.202579307195727
1992-09-14,COP,EOG,252,0.2037724892231555
1992-09-15,COP,EOG,252,0.20369628034643708
1992-09-16,COP,EOG,252,0.20191679236522478
1992-09-17,COP,EOG,252,0.20064925805975345
1992-09-18,COP,EOG,252,0.19109003492047358
1992-09-21,COP,EOG,252,0.19039482679312467
1992-09-22,COP,EOG,252,0.1932181076569331
1992-09-23,COP,EOG,252,0.19265687002006487
1992-09-24,COP,EOG,252,0.19525734531462005
1992-09-25,COP,EOG,252,0.19825714835401156
1992-09-28,COP,EOG,252,0.19235769846515527
1992-09-29,COP,EOG,252,0.19539668892022505
1992-09-30,COP,EOG,252,0.19900587503430758
1992-10-01,COP,EOG,252,0.19612819431648557
1992-10-02,COP,EOG,252,0.19594653526380573
1992-10-05,COP,EOG,252,0.20096681068763717
1992-10-06,COP,EOG,252,0.20241812657506225
1992-10-07,COP,EOG,252,0.20174481870523603
1992-10-08,COP,EOG,252,0.19277180162211743
1992-10-09,COP,EOG,252,0.19671228941141736
1992-10-12,COP,EOG,252,0.19368713497954973
1992-10-13,COP,EOG,252,0.19207268767790286
1992-10-14,COP,EOG,252,0.19284719670018993
1992-10-15,COP,EOG,252,0.1933098963862524
1992-10-16,COP,EOG,252,0.20216439201348024
1992-10-19,COP,EOG,252,0.2082256261946459
1992-10-20,COP,EOG,252,0.20704462228842127
1992-10-21,COP,EOG,252,0.20666559792321926
1992-10-22,COP,EOG,252,0.21817090557232535
1992-10-23,COP,EOG,252,0.21372207353547837
1992-10-26,COP,EOG,252,0.20998343623353116
1992-10-27,COP,EOG,252,0.21790329377848233
1992-10-28,COP,EOG,252,0.21972602673570085
1992-10-29,COP,EOG,252,0.2234684083667794
1992-10-30,COP,EOG,252,0.2234754635249236
1992-11-02,COP,EOG,252,0.22390701451196096
1992-11-03,COP,EOG,252,0.23414605369574834
1992-11-04,COP,EOG,252,0.23299151300079377
1992-11-05,COP,EOG,252,0.21976769005872823
1992-11-06,COP,EOG,252,0.21450258515279408
1992-11-09,COP,EOG,252,0.21155869392762722
1992-11-10,COP,EOG,252,0.21009203747256683
1992-11-11,COP,EOG,252,0.2077279997753272
1992-11-12,COP,EOG,252,0.20408222835820067
1992-11-13,COP,EOG,252,0.19795458303377989
1992-11-16,COP,EOG,252,0.19618919082568118
1992-11-17,COP,EOG,252,0.19409010198281568
1992-11-18,COP,EOG,252,0.19179080405909857
1992-11-19,COP,EOG,252,0.19308014666329015
1992-11-20,COP,EOG,252,0.19529190535433172
1992-11-23,COP,EOG,252,0.19494267679461538
1992-11-24,COP,EOG,252,0.1896742264032228
1992-11-25,COP,EOG,252,0.1894966857338733
1992-11-27,COP,EOG,252,0.1889543167528751
1992-11-30,COP,EOG,252,0.19271721070199826
1992-12-01,COP,EOG,252,0.20111289076220148
1992-12-02,COP,EOG,252,0.19606902108445104
1992-12-03,COP,EOG,252,0.19527542910143436
1992-12-04,COP,EOG,252,0.19684909462543865
1992-12-07,COP,EOG,252,0.195811225948377
1992-12-08,COP,EOG,252,0.19600095220360012
1992-12-09,COP,EOG,252,0.19471704991670533
1992-12-10,COP,EOG,252,0.19589822969790496
1992-12-11,COP,EOG,252,0.19576494287658414
1992-12-14,COP,EOG,252,0.1952265587045533
1992-12-15,COP,EOG,252,0.19742135423144025
1992-12-16,COP,EOG,252,0.193218722118599
1992-12-17,COP,EOG,252,0.19035395194019383
1992-12-18,COP,EOG,252,0.1966128207296162
1992-12-21,COP,EOG,252,0.2111847993312687
1992-12-22,COP,EOG,252,0.21891633854479767
1992-12-23,COP,EOG,252,0.21655027928188414
1992-12-24,COP,EOG,252,0.21506212300610333
1992-12-28,COP,EOG,252,0.22094691002169123
1992-12-29,COP,EOG,252,0.22202769317468654
1992-12-30,COP,EOG,252,0.22672178821341113
1992-12-31,COP,EOG,252,0.2290210376709934
1993-01-04,COP,EOG,252,0.2231224853006512
1993-01-05,COP,EOG,252,0.20003037517957942
1993-01-06,COP,EOG,252,0.1960914018833433
1993-01-07,COP,EOG,252,0.19911685854050018
1993-01-08,COP,EOG,252,0.1991375531023685
1993-01-11,COP,EOG,252,0.1900403465852917
1993-01-12,COP,EOG,252,0.20643605042146165
1993-01-13,COP,EOG,252,0.20767911805578115
1993-01-14,COP,EOG,252,0.21198417991541632
1993-01-15,COP,EOG,252,0.20259595424078036
1993-01-18,COP,EOG,252,0.20580134625024335
1993-01-19,COP,EOG,252,0.20534435901958112
1993-01-20,COP,EOG,252,0.20237596265915603
1993-01-21,COP,EOG,252,0.20166169397535955
1993-01-22,COP,EOG,252,0.2134726109765505
1993-01-25,COP,EOG,252,0.22037224107792983
1993-01-26,COP,EOG,252,0.2191389375595383
1993-01-27,COP,EOG,252,0.21850832724918234
1993-01-28,COP,EOG,252,0.22459823954912617
1993-01-29,COP,EOG,252,0.23355430816807474
1993-02-01,COP,EOG,252,0.2348143609030004
1993-02-02,COP,EOG,252,0.22986679590534623
1993-02-03,COP,EOG,252,0.2274384677983666
1993-02-04,COP,EOG,252,0.23060136070364662
1993-02-05,COP,EOG,252,0.2232261305951582
1993-02-08,COP,EOG,252,0.21805861148291222
1993-02-09,COP,EOG,252,0.2166410361333222
1993-02-10,COP,EOG,252,0.2213038113087958
1993-02-11,COP,EOG,252,0.2262194284150058
1993-02-12,COP,EOG,252,0.22854642654866347
1993-02-16,COP,EOG,252,0.2253186743752391
1993-02-17,COP,EOG,252,0.22432668178302848
1993-02-18,COP,EOG,252,0.2265086359378716
1993-02-19,COP,EOG,252,0.22995206892065947
1993-02-22,COP,EOG,252,0.23245776818940958
1993-02-23,COP,EOG,252,0.22885121663467564
1993-02-24,COP,EOG,252,0.239403012987348
1993-02-25,COP,EOG,252,0.24533945105850377
1993-02-26,COP,EOG,252,0.24451287803573077
1993-03-01,COP,EOG,252,0.24489062104388473
1993-03-02,COP,EOG,252,0.2447759110376089
1993-03-03,COP,EOG,252,0.23885364329091513
1993-03-04,COP,EOG,252,0.2401286021157558
1993-03-05,COP,EOG,252,0.2406690094723245
1993-03-08,COP,EOG,252,0.24045256674792898
1993-03-09,COP,EOG,252,0.2386379245632127
1993-03-10,COP,EOG,252,0.23807227436354159
1993-03-11,COP,EOG,252,0.2390592209296356
1993-03-12,COP,EOG,252,0.23909522756499954
1993-03-15,COP,EOG,252,0.23667510498767638
1993-03-16,COP,EOG,252,0.23622827394000284
1993-03-17,COP,EOG,252,0.2332422051209251
1993-03-18,COP,EOG,252,0.23312882294509502
1993-03-19,COP,EOG,252,0.22740294155262594
1993-03-22,COP,EOG,252,0.2280323123414005
1993-03-23,COP,EOG,252,0.2303210109143093
1993-03-24,COP,EOG,252,0.2310632373881759
1993-03-25,COP,EOG,252,0.22072197430913726
1993-03-26,COP,EOG,252,0.21291121217466963
1993-03-29,COP,EOG,252,0.21430374519538037
1993-03-30,COP,EOG,252,0.21212654061124545
1993-03-31,COP,EOG,252,0.20970810679390287
1993-04-01,COP,EOG,252,0.20876910685491556
1993-04-02,COP,EOG,252,0.2166310852246466
1993-04-05,COP,EOG,252,0.19604625621101296
1993-04-06,COP,EOG,252,0.18954994104992942
1993-04-07,COP,EOG,252,0.18737663285585873
1993-04-08,COP,EOG,252,0.18402455734759104
1993-04-12,COP,EOG,252,0.18309945156453786
1993-04-13,COP,EOG,252,0.1752096512642637
1993-04-14,COP,EOG,252,0.17637043932586358
1993-04-15,COP,EOG,252,0.17784554027314775
1993-04-16,COP,EOG,252,0.17809327735105185
1993-04-19,COP,EOG,252,0.1945459754836636
1993-04-20,COP,EOG,252,0.19148601060358053
1993-04-21,COP,EOG,252,0.19908351696320759
1993-04-22,COP,EOG,252,0.19337017060131187
1993-04-23,COP,EOG,252,0.1788355090193299
1993-04-26,COP,EOG,252,0.1645842346565565
1993-04-27,COP,EOG,252,0.16531916295810795
1993-04-28,COP,EOG,252,0.16373755740222304
1993-04-29,COP,EOG,252,0.16784275530377613
1993-04-30,COP,EOG,252,0.16313469944176792
1993-05-03,COP,EOG,252,0.16334802795889614
1993-05-04,COP,EOG,252,0.1618143359809545
1993-05-05,COP,EOG,252,0.16190770096529855
1993-05-06,COP,EOG,252,0.1609593406092567
1993-05-07,COP,EOG,252,0.15966191131179464
1993-05-10,COP,EOG,252,0.16882933969455516
1993-05-11,COP,EOG,252,0.16463061597356865
1993-05-12,COP,EOG,252,0.1610861226561525
1993-05-13,COP,EOG,252,0.1599097693961707
1993-05-14,COP,EOG,252,0.1556898703742777
1993-05-17,COP,EOG,252,0.1512718715062422
1993-05-18,COP,EOG,252,0.15326131130116222
1993-05-19,COP,EOG,252,0.15609296688710128
1993-05-20,COP,EOG,252,0.156422843982125
1993-05-21,COP,EOG,252,0.15557359778408783
1993-05-24,COP,EOG,252,0.15073986661446198
1993-05-25,COP,EOG,252,0.14404322362454874
1993-05-26,COP,EOG,252,0.1443087561656978
1993-05-27,COP,EOG,252,0.14486543741534347
1993-05-28,COP,EOG,252,0.1442218123238271
1993-06-01,COP,EOG,252,0.14519721596731885
1993-06-02,COP,EOG,252,0.14760661279037887
1993-06-03,COP,EOG,252,0.14656912493931254
1993-06-04,COP,EOG,252,0.14549977324177088
1993-06-07,COP,EOG,252,0.1468076581962249
1993-06-08,COP,EOG,252,0.14693626813768051
1993-06-09,COP,EOG,252,0.1451233443586271
1993-06-10,COP,EOG,252,0.14505802063458345
1993-06-11,COP,EOG,252,0.1632518950719749
1993-06-14,COP,EOG,252,0.16460584484862406
1993-06-15,COP,EOG,252,0.16408020118215264
1993-06-16,COP,EOG,252,0.16464380290286787
1993-06-17,COP,EOG,252,0.16493914692168982
1993-06-18,COP,EOG,252,0.1665697203534542
1993-06-21,COP,EOG,252,0.1652302185292438
1993-06-22,COP,EOG,252,0.16648678858774962
1993-06-23,COP,EOG,252,0.1636068265069465
1993-06-24,COP,EOG,252,0.16341981388442348
1993-06-25,COP,EOG,252,0.16428532235567445
1993-06-28,COP,EOG,252,0.1643994922076077
1993-06-29,COP,EOG,252,0.16437400207625585
1993-06-30,COP,EOG,252,0.1582029577577527
1993-07-01,COP,EOG,252,0.15236003848849353
1993-07-02,COP,EOG,252,0.15202457016048526
1993-07-06,COP,EOG,252,0.1509365409130476
1993-07-07,COP,EOG,252,0.15456624356695053
1993-07-08,COP,EOG,252,0.15841521347059093
1993-07-09,COP,EOG,252,0.1603079135034265
1993-07-12,COP,EOG,252,0.16073794700898109
1993-07-13,COP,EOG,252,0.1516186875473455
1993-07-14,COP,EOG,252,0.14806990262799322
1993-07-15,COP,EOG,252,0.1541938901341546
1993-07-16,COP,EOG,252,0.1539662631602645
1993-07-19,COP,EOG,252,0.15559801540038184
1993-07-20,COP,EOG,252,0.15578800405226292
1993-07-21,COP,EOG,252,0.15400044415794625
1993-07-22,COP,EOG,252,0.15363349691847308
1993-07-23,COP,EOG,252,0.15764699728104664
1993-07-26,COP,EOG,252,0.1520383867137306
1993-07-27,COP,EOG,252,0.15376410998771783
1993-07-28,COP,EOG,252,0.15348070638326844
1993-07-29,COP,EOG,252,0.15232309720870915
1993-07-30,COP,EOG,252,0.15246636080438597
1993-08-02,COP,EOG,252,0.14943978397627136
1993-08-03,COP,EOG,252,0.15015299832163156
1993-08-04,COP,EOG,252,0.15952779574323697
1993-08-05,COP,EOG,252,0.14786776106842117
1993-08-06,COP,EOG,252,0.132489007997334
1993-08-09,COP,EOG,252,0.13517406576958024
1993-08-10,COP,EOG,252,0.13766214680874972
1993-08-11,COP,EOG,252,0.1340549887831334
1993-08-12,COP,EOG,252,0.12929860241393876
1993-08-13,COP,EOG,252,0.1275821061602965
1993-08-16,COP,EOG,252,0.1289440816728808
1993-08-17,COP,EOG,252,0.1251727691568382
1993-08-18,COP,EOG,252,0.12704021994090536
1993-08-19,COP,EOG,252,0.1262329762304054
1993-08-20,COP,EOG,252,0.1265648845884885
1993-08-23,COP,EOG,252,0.1213719970205347
1993-08-24,COP,EOG,252,0.11325793610038781
1993-08-25,COP,EOG,252,0.11175542337337413
1993-08-26,COP,EOG,252,0.10716244151707427
1993-08-27,COP,EOG,252,0.12487455113954564
1993-08-30,COP,EOG,252,0.12673128650349288
1993-08-31,COP,EOG,252,0.12747294930414502
1993-09-01,COP,EOG,252,0.12977916602569814
1993-09-02,COP,EOG,252,0.12999808117283873
1993-09-03,COP,EOG,252,0.13010173308643522
1993-09-07,COP,EOG,252,0.14261697692620853
1993-09-08,COP,EOG,252,0.14520241797113898
1993-09-09,COP,EOG,252,0.1471888373251233
1993-09-10,COP,EOG,252,0.14746888082732554
1993-09-13,COP,EOG,252,0.14968039270355105
1993-09-14,COP,EOG,252,0.14896529223017596
1993-09-15,COP,EOG,252,0.15095310522298888
1993-09-16,COP,EOG,252,0.15158626988885437
1993-09-17,COP,EOG,252,0.16338553050481688
1993-09-20,COP,EOG,252,0.16233398579212824
1993-09-21,COP,EOG,252,0.16336122746643492
1993-09-22,COP,EOG,252,0.16516253684212265
1993-09-23,COP,EOG,252,0.16711192709914677
1993-09-24,COP,EOG,252,0.16307517086624707
1993-09-27,COP,EOG,252,0.16910430267048976
1993-09-28,COP,EOG,252,0.16894088351489997
1993-09-29,COP,EOG,252,0.20710723277571677
1993-09-30,COP,EOG,252,0.2075956070343096
1993-10-01,COP,EOG,252,0.21113727552796274
1993-10-04,COP,EOG,252,0.199241180465934
1993-10-05,COP,EOG,252,0.20123318140667185
1993-10-06,COP,EOG,252,0.2064750616505419
1993-10-07,COP,EOG,252,0.21594799469112574
1993-10-08,COP,EOG,252,0.21141013337516465
1993-10-11,COP,EOG,252,0.19202023552658293
1993-10-12,COP,EOG,252,0.19539641368543736
1993-10-13,COP,EOG,252,0.20161581381474836
1993-10-14,COP,EOG,252,0.20310900884750235
1993-10-15,COP,EOG,252,0.2030601635058287
1993-10-18,COP,EOG,252,0.20385101863159083
1993-10-19,COP,EOG,252,0.1985822390032419
1993-10-20,COP,EOG,252,0.20684543844972467
1993-10-21,COP,EOG,252,0.19373970817910663
1993-10-22,COP,EOG,252,0.20120993434432494
1993-10-25,COP,EOG,252,0.19407165981200222
1993-10-26,COP,EOG,252,0.21252279160667087
1993-10-27,COP,EOG,252,0.2162217909440587
1993-10-28,COP,EOG,252,0.21735924425689654
1993-10-29,COP,EOG,252,0.2122398860540439
1993-11-01,COP,EOG,252,0.21610559418623174
1993-11-02,COP,EOG,252,0.20172937610720637
1993-11-03,COP,EOG,252,0.20034564369601968
1993-11-04,COP,EOG,252,0.2139428175022473
1993-11-05,COP,EOG,252,0.220928688389695
1993-11-08,COP,EOG,252,0.2276316874635805
1993-11-09,COP,EOG,252,0.2358060011915609
1993-11-10,COP,EOG,252,0.24039930138495835
1993-11-11,COP,EOG,252,0.2436336534487054
1993-11-12,COP,EOG,252,0.24261352077154208
1993-11-15,COP,EOG,252,0.24737250013371975
1993-11-16,COP,EOG,252,0.2450868490865791
1993-11-17,COP,EOG,252,0.264995906496723
1993-11-18,COP,EOG,252,0.26682305087776376
1993-11-19,COP,EOG,252,0.265869277311508
1993-11-22,COP,EOG,252,0.2703122344694886
1993-11-23,COP,EOG,252,0.2682870452778389
1993-11-24,COP,EOG,252,0.266539214678875
1993-11-26,COP,EOG,252,0.2748928452941091
1993-11-29,COP,EOG,252,0.27979417697251313
1993-11-30,COP,EOG,252,0.2794439374676569
1993-12-01,COP,EOG,252,0.28134274499059053
1993-12-02,COP,EOG,252,0.28187577550331594
1993-12-03,COP,EOG,252,0.2805403963359701
1993-12-06,COP,EOG,252,0.2819579452086449
1993-12-07,COP,EOG,252,0.28269926527422723
1993-12-08,COP,EOG,252,0.2856307500547678
1993-12-09,COP,EOG,252,0.2882362502900216
1993-12-10,COP,EOG,252,0.28844478312318517
1993-12-13,COP,EOG,252,0.28981034420834034
1993-12-14,COP,EOG,252,0.29015834056570244
1993-12-15,COP,EOG,252,0.29636378428490817
1993-12-16,COP,EOG,252,0.29682991911715495
1993-12-17,COP,EOG,252,0.29553564278684036
1993-12-20,COP,EOG,252,0.2980644531748069
1993-12-21,COP,EOG,252,0.29897681538156445
1993-12-22,COP,EOG,252,0.31487216892547343
1993-12-23,COP,EOG,252,0.3152912872654289
1993-12-27,COP,EOG,252,0.31468178507185335
1993-12-28,COP,EOG,252,0.3159061254017726
1993-12-29,COP,EOG,252,0.31636659690886465
1993-12-30,COP,EOG,252,0.3150146590484425
1993-12-31,COP,EOG,252,0.3162426676344735
1994-01-03,COP,EOG,252,0.3205060127977809
1994-01-04,COP,EOG,252,0.32351905555869975
1994-01-05,COP,EOG,252,0.33503097838239915
1994-01-06,COP,EOG,252,0.33076485758582547
1994-01-07,COP,EOG,252,0.33526773746735844
1994-01-10,COP,EOG,252,0.33439776223442264
1994-01-11,COP,EOG,252,0.3340898821014893
1994-01-12,COP,EOG,252,0.335185305586923
1994-01-13,COP,EOG,252,0.33575480810186453
1994-01-14,COP,EOG,252,0.3370515331264766
1994-01-17,COP,EOG,252,0.33877748858442963
1994-01-18,COP,EOG,252,0.34078008949079724
1994-01-19,COP,EOG,252,0.3393787733664911
1994-01-20,COP,EOG,252,0.34200678190403283
1994-01-21,COP,EOG,252,0.3363339333988917
1994-01-24,COP,EOG,252,0.33501208923842113
1994-01-25,COP,EOG,252,0.33558286892613365
1994-01-26,COP,EOG,252,0.32931489088208465
1994-01-27,COP,EOG,252,0.3224943113953214
1994-01-28,COP,EOG,252,0.31947765846896586
1994-01-31,COP,EOG,252,0.32018243434559934
1994-02-01,COP,EOG,252,0.32593672215587444
1994-02-02,COP,EOG,252,0.32524243297308697
1994-02-03,COP,EOG,252,0.32362054853592054
1994-02-04,COP,EOG,252,0.32413970724272756
1994-02-07,COP,EOG,252,0.3241816941740875
1994-02-08,COP,EOG,252,0.3218472724212407
1994-02-09,COP,EOG,252,0.3207373409392771
1994-02-10,COP,EOG,252,0.32418846348667396
1994-02-11,COP,EOG,252,0.33234203049903077
1994-02-14,COP,EOG,252,0.33740135298013024
1994-02-15,COP,EOG,252,0.3379152631255838
1994-02-16,COP,EOG,252,0.3387944158751162
1994-02-17,COP,EOG,252,0.3304400332547371
1994-02-18,COP,EOG,252,0.3324092974784303
1994-02-22,COP,EOG,252,0.33122281613243887
1994-02-23,COP,EOG,252,0.32172868858189085
1994-02-24,COP,EOG,252,0.3185832666575986
1994-02-25,COP,EOG,252,0.31703085695001004
1994-02-28,COP,EOG,252,0.3183509846563988
1994-03-01,COP,EOG,252,0.32535950572487815
1994-03-02,COP,EOG,252,0.32451457213703133
1994-03-03,COP,EOG,252,0.32414045804507213
1994-03-04,COP,EOG,252,0.3220735096370918
1994-03-07,COP,EOG,252,0.3227965379933079
1994-03-08,COP,EOG,252,0.3259737116479199
1994-03-09,COP,EOG,252,0.3226755624707992
1994-03-10,COP,EOG,252,0.32107031183777357
1994-03-11,COP,EOG,252,0.323700742501532
1994-03-14,COP,EOG,252,0.3286875779296501
1994-03-15,COP,EOG,252,0.3305002408384026
1994-03-16,COP,EOG,252,0.3306326474666164
1994-03-17,COP,EOG,252,0.33586142642075645
1994-03-18,COP,EOG,252,0.3343420336580019
1994-03-21,COP,EOG,252,0.33163035514477046
1994-03-22,COP,EOG,252,0.3335455640102667
1994-03-23,COP,EOG,252,0.339289630910052
1994-03-24,COP,EOG,252,0.34316476280179936
1994-03-25,COP,EOG,252,0.3408537585862375
1994-03-28,COP,EOG,252,0.34828215696510717
1994-03-29,COP,EOG,252,0.34791914456774997
1994-03-30,COP,EOG,252,0.34413960302372953
1994-03-31,COP,EOG,252,0.34690638372039434
1994-04-04,COP,EOG,252,0.34253015979757667
1994-04-05,COP,EOG,252,0.3415942379590715
1994-04-06,COP,EOG,252,0.3403725802276418
1994-04-07,COP,EOG,252,0.33587807124893077
1994-04-08,COP,EOG,252,0.33634983084711584
1994-04-11,COP,EOG,252,0.3428909012104244
1994-04-12,COP,EOG,252,0.344365931715716
1994-04-13,COP,EOG,252,0.34369208215071556
1994-04-14,COP,EOG,252,0.34558168707366066
1994-04-15,COP,EOG,252,0.36881992717574863
1994-04-18,COP,EOG,252,0.3720818227142572
1994-04-19,COP,EOG,252,0.3680966895225126
1994-04-20,COP,EOG,252,0.3743344448931932
1994-04-21,COP,EOG,252,0.38256419951046056
1994-04-22,COP,EOG,252,0.3930257121861927
1994-04-25,COP,EOG,252,0.40013882912301213
1994-04-26,COP,EOG,252,0.40065251595921597
1994-04-28,COP,EOG,252,0.3975841567256032
1994-04-29,COP,EOG,252,0.4030517734386285
1994-05-02,COP,EOG,252,0.40278927766560496
1994-05-03,COP,EOG,252,0.40182063354336756
1994-05-04,COP,EOG,252,0.40096996210982033
1994-05-05,COP,EOG,252,0.3986016697572479
1994-05-06,COP,EOG,252,0.4012309119260244
1994-05-09,COP,EOG,252,0.396795391440072
1994-05-10,COP,EOG,252,0.3977592645973321
1994-05-11,COP,EOG,252,0.40185250703002373
1994-05-12,COP,EOG,252,0.40584587963520685
1994-05-13,COP,EOG,252,0.4105481303898498
1994-05-16,COP,EOG,252,0.410378951860587
1994-05-17,COP,EOG,252,0.40691405472662573
1994-05-18,COP,EOG,252,0.40596943084057774
1994-05-19,COP,EOG,252,0.40568112461211703
1994-05-20,COP,EOG,252,0.4044601231126216
1994-05-23,COP,EOG,252,0.4049306408603043
1994-05-24,COP,EOG,252,0.40484234391516194
1994-05-25,COP,EOG,252,0.4010992117400377
1994-05-26,COP,EOG,252,0.402158864873621
1994-05-27,COP,EOG,252,0.4023003255404428
1994-05-31,COP,EOG,252,0.40158800762984304
1994-06-01,COP,EOG,252,0.3996517805999919
1994-06-02,COP,EOG,252,0.400437738872276
1994-06-03,COP,EOG,252,0.4001395007458936
1994-06-06,COP,EOG,252,0.3999763394577398
1994-06-07,COP,EOG,252,0.39619104392156196
1994-06-08,COP,EOG,252,0.3985376154627988
1994-06-09,COP,EOG,252,0.3964213677979264
1994-06-10,COP,EOG,252,0.38295911970519064
1994-06-13,COP,EOG,252,0.37974339178444017
1994-06-14,COP,EOG,252,0.3807508699981729
1994-06-15,COP,EOG,252,0.3796964083389792
1994-06-16,COP,EOG,252,0.37972558219568336
1994-06-17,COP,EOG,252,0.37717882911333606
1994-06-20,COP,EOG,252,0.3767843073483569
1994-06-21,COP,EOG,252,0.3759081054673955
1994-06-22,COP,EOG,252,0.38010226795769203
1994-06-23,COP,EOG,252,0.37582656392162855
1994-06-24,COP,EOG,252,0.37445820688403897
1994-06-27,COP,EOG,252,0.3743417614542868
1994-06-28,COP,EOG,252,0.37586524605860155
1994-06-29,COP,EOG,252,0.3815414306635446
1994-06-30,COP,EOG,252,0.3864843470793678
1994-07-01,COP,EOG,252,0.38351248641906144
1994-07-05,COP,EOG,252,0.3625241582057618
1994-07-06,COP,EOG,252,0.3549756479447035
1994-07-07,COP,EOG,252,0.35591114931710194
1994-07-08,COP,EOG,252,0.3499328826274824
1994-07-11,COP,EOG,252,0.349347356427695
1994-07-12,COP,EOG,252,0.3489124355441485
1994-07-13,COP,EOG,252,0.34793879824277923
1994-07-14,COP,EOG,252,0.347050187978527
1994-07-15,COP,EOG,252,0.3455616458865987
1994-07-18,COP,EOG,252,0.34708752993683595
1994-07-19,COP,EOG,252,0.34798504112048595
1994-07-20,COP,EOG,252,0.3474299632962753
1994-07-21,COP,EOG,252,0.34747215745297433
1994-07-22,COP,EOG,252,0.3469775408907102
1994-07-25,COP,EOG,252,0.3529066760508158
1994-07-26,COP,EOG,252,0.3519931783765343
1994-07-27,COP,EOG,252,0.3524956587691261
1994-07-28,COP,EOG,252,0.35034201501653267
1994-07-29,COP,EOG,252,0.34992575085619687
1994-08-01,COP,EOG,252,0.3521447669511919
1994-08-02,COP,EOG,252,0.35154279738869293
1994-08-03,COP,EOG,252,0.3528649130826868
1994-08-04,COP,EOG,252,0.35034632860578574
1994-08-05,COP,EOG,252,0.34452093444616044
1994-08-08,COP,EOG,252,0.34436493441364163
1994-08-09,COP,EOG,252,0.34302556422321817
1994-08-10,COP,EOG,252,0.3486915641591949
1994-08-11,COP,EOG,252,0.3488250728225807
1994-08-12,COP,EOG,252,0.35057428288060516
1994-08-15,COP,EOG,252,0.35066435236433335
1994-08-16,COP,EOG,252,0.3567801091659698
1994-08-17,COP,EOG,252,0.355617612412132
1994-08-18,COP,EOG,252,0.3575109005353334
1994-08-19,COP,EOG,252,0.3576516812171899
1994-08-22,COP,EOG,252,0.3628619541131412
1994-08-23,COP,EOG,252,0.37038130002606806
1994-08-24,COP,EOG,252,0.37210768753383566
1994-08-25,COP,EOG,252,0.37541790194296654
1994-08-26,COP,EOG,252,0.3733269620680912
1994-08-29,COP,EOG,252,0.37326421253432207
1994-08-30,COP,EOG,252,0.37109759572452283
1994-08-31,COP,EOG,252,0.36962778029123533
1994-09-01,COP,EOG,252,0.3699432039769285
1994-09-02,COP,EOG,252,0.3666588547554084
1994-09-06,COP,EOG,252,0.3615603894597804
1994-09-07,COP,EOG,252,0.3664630116557067
1994-09-08,COP,EOG,252,0.37026829622190455
1994-09-09,COP,EOG,252,0.3672426876966787
1994-09-12,COP,EOG,252,0.36635273199375173
1994-09-13,COP,EOG,252,0.3648680334696593
1994-09-14,COP,EOG,252,0.36360672420177004
1994-09-15,COP,EOG,252,0.3636355840183202
1994-09-16,COP,EOG,252,0.35889321110743205
1994-09-19,COP,EOG,252,0.35993960490797405
1994-09-20,COP,EOG,252,0.3593021724377045
1994-09-21,COP,EOG,252,0.3587768545347876
1994-09-22,COP,EOG,252,0.36029905829455094
1994-09-23,COP,EOG,252,0.3523982827983388
1994-09-26,COP,EOG,252,0.3529186811524143
1994-09-27,COP,EOG,252,0.3534852485029998
1994-09-28,COP,EOG,252,0.3239613270896209
1994-09-29,COP,EOG,252,0.3260850494026089
1994-09-30,COP,EOG,252,0.32034466339354023
1994-10-03,COP,EOG,252,0.3306302858946793
1994-10-04,COP,EOG,252,0.33267095137187624
1994-10-05,COP,EOG,252,0.3332824397593677
1994-10-06,COP,EOG,252,0.33247717307418745
1994-10-07,COP,EOG,252,0.3410748315535974
1994-10-10,COP,EOG,252,0.35911878527029795
1994-10-11,COP,EOG,252,0.3584011539622008
1994-10-12,COP,EOG,252,0.3544457439846422
1994-10-13,COP,EOG,252,0.354193096331229
1994-10-14,COP,EOG,252,0.3488182642091012
1994-10-17,COP,EOG,252,0.345085309243486
1994-10-18,COP,EOG,252,0.34190930544149545
1994-10-19,COP,EOG,252,0.3403923791691042
1994-10-20,COP,EOG,252,0.33924522420575537
1994-10-21,COP,EOG,252,0.33525484245729215
1994-10-24,COP,EOG,252,0.33854911530274356
1994-10-25,COP,EOG,252,0.31392530543588587
1994-10-26,COP,EOG,252,0.3152256750256398
1994-10-27,COP,EOG,252,0.3187901478884361
1994-10-28,COP,EOG,252,0.3248877168048789
1994-10-31,COP,EOG,252,0.31762998868974207
1994-11-01,COP,EOG,252,0.3186201917129316
1994-11-02,COP,EOG,252,0.3197661908013553
1994-11-03,COP,EOG,252,0.32055760876089934
1994-11-04,COP,EOG,252,0.3217038484318301
1994-11-07,COP,EOG,252,0.3181039896901143
1994-11-08,COP,EOG,252,0.3135573637197918
1994-11-09,COP,EOG,252,0.31178577155134524
1994-11-10,COP,EOG,252,0.31054925177183706
1994-11-11,COP,EOG,252,0.31223103776949074
1994-11-14,COP,EOG,252,0.30778014759856687
1994-11-15,COP,EOG,252,0.3118327027572107
1994-11-16,COP,EOG,252,0.292621385539312
1994-11-17,COP,EOG,252,0.2951948447083808
1994-11-18,COP,EOG,252,0.2975517584916762
1994-11-21,COP,EOG,252,0.29433508968348693
1994-11-22,COP,EOG,252,0.28961169193290187
1994-11-23,COP,EOG,252,0.2977390106145045
1994-11-25,COP,EOG,252,0.28576488490624663
1994-11-28,COP,EOG,252,0.28372405641842174
1994-11-29,COP,EOG,252,0.2845071437912525
1994-11-30,COP,EOG,252,0.28982833638020483
1994-12-01,COP,EOG,252,0.2881952092157135
1994-12-02,COP,EOG,252,0.28842560830433817
1994-12-05,COP,EOG,252,0.2980221276331072
1994-12-06,COP,EOG,252,0.2963729093917785
1994-12-07,COP,EOG,252,0.2954019271363167
1994-12-08,COP,EOG,252,0.285398187832603
1994-12-09,COP,EOG,252,0.284282860517842
1994-12-12,COP,EOG,252,0.2839712368979535
1994-12-13,COP,EOG,252,0.2849124463430422
1994-12-14,COP,EOG,252,0.2800383340496187
1994-12-15,COP,EOG,252,0.27611141148912294
1994-12-16,COP,EOG,252,0.27725572745428145
1994-12-19,COP,EOG,252,0.27153859337536596
1994-12-20,COP,EOG,252,0.26835055861910173
1994-12-21,COP,EOG,252,0.25221977315026034
1994-12-22,COP,EOG,252,0.2539881457652324
1994-12-23,COP,EOG,252,0.2524124389608875
1994-12-27,COP,EOG,252,0.2514540394384598
1994-12-28,COP,EOG,252,0.24821371088075914
1994-12-29,COP,EOG,252,0.24288296463340436
1994-12-30,COP,EOG,252,0.24215565103142048
1995-01-03,COP,EOG,252,0.24378065360039888
1995-01-04,COP,EOG,252,0.24338390147325772
1995-01-05,COP,EOG,252,0.22488558657041854
1995-01-06,COP,EOG,252,0.2310067975372259
1995-01-09,COP,EOG,252,0.231051078828079
1995-01-10,COP,EOG,252,0.23167115315883402
1995-01-11,COP,EOG,252,0.22144349716030157
1995-01-12,COP,EOG,252,0.2197001058164115
1995-01-13,COP,EOG,252,0.22108622243362652
1995-01-16,COP,EOG,252,0.21795403030801075
1995-01-17,COP,EOG,252,0.21859084706393486
1995-01-18,COP,EOG,252,0.22361158605562007
1995-01-19,COP,EOG,252,0.22620904734268488
1995-01-20,COP,EOG,252,0.22545308644417267
1995-01-23,COP,EOG,252,0.22027430719170435
1995-01-24,COP,EOG,252,0.21473300494822312
1995-01-25,COP,EOG,252,0.21483728282319042
1995-01-26,COP,EOG,252,0.2187221922998205
1995-01-27,COP,EOG,252,0.22455915780731822
1995-01-30,COP,EOG,252,0.22808203132221247
1995-01-31,COP,EOG,252,0.2278929371385843
1995-02-01,COP,EOG,252,0.22138298202991816
1995-02-02,COP,EOG,252,0.21320328928247967
1995-02-03,COP,EOG,252,0.2137934651346934
1995-02-06,COP,EOG,252,0.22292079596795109
1995-02-07,COP,EOG,252,0.22417020032841686
1995-02-08,COP,EOG,252,0.22583679929589098
1995-02-09,COP,EOG,252,0.22170984352629086
1995-02-10,COP,EOG,252,0.21286558904705224
1995-02-13,COP,EOG,252,0.2044360039242207
1995-02-14,COP,EOG,252,0.19836329778801834
1995-02-15,COP,EOG,252,0.19812828607705463
1995-02-16,COP,EOG,252,0.19336742478022687
1995-02-17,COP,EOG,252,0.19582800297203878
1995-02-21,COP,EOG,252,0.1958820267067994
1995-02-22,COP,EOG,252,0.1968496890468184
1995-02-23,COP,EOG,252,0.2025600140234053
1995-02-24,COP,EOG,252,0.20440065601162402
1995-02-27,COP,EOG,252,0.20354994782730673
1995-02-28,COP,EOG,252,0.20397662664001048
1995-03-01,COP,EOG,252,0.20220240631489883
1995-03-02,COP,EOG,252,0.20408970670179039
1995-03-03,COP,EOG,252,0.20422681265988013
1995-03-06,COP,EOG,252,0.20165456562079037
1995-03-07,COP,EOG,252,0.20051423428541132
1995-03-08,COP,EOG,252,0.20046365570165195
1995-03-09,COP,EOG,252,0.20360097099906926
1995-03-10,COP,EOG,252,0.20105280952144003
1995-03-13,COP,EOG,252,0.1946109958880506
1995-03-14,COP,EOG,252,0.18689671016445716
1995-03-15,COP,EOG,252,0.18650659526096006
1995-03-16,COP,EOG,252,0.18785781824533626
1995-03-17,COP,EOG,252,0.17885760193103536
1995-03-20,COP,EOG,252,0.18149985662857068
1995-03-21,COP,EOG,252,0.18559812080215463
1995-03-22,COP,EOG,252,0.18363893188092978
1995-03-23,COP,EOG,252,0.18265495364981374
1995-03-24,COP,EOG,252,0.18056607754426177
1995-03-27,COP,EOG,252,0.18113858327878618
1995-03-28,COP,EOG,252,0.168654658710049
1995-03-29,COP,EOG,252,0.16881793913130574
1995-03-30,COP,EOG,252,0.1754211132760344
1995-03-31,COP,EOG,252,0.1941414816512325
1995-04-03,COP,EOG,252,0.19961687235420797
1995-04-04,COP,EOG,252,0.2026447039962834
1995-04-05,COP,EOG,252,0.20403071842273637
1995-04-06,COP,EOG,252,0.21617423609274086
1995-04-07,COP,EOG,252,0.21887717990054417
1995-04-10,COP,EOG,252,0.21757608087796235
1995-04-11,COP,EOG,252,0.21422471978293287
1995-04-12,COP,EOG,252,0.2133489786743172
1995-04-13,COP,EOG,252,0.2102977844436882
1995-04-17,COP,EOG,252,0.16376424436733208
1995-04-18,COP,EOG,252,0.16155192165121707
1995-04-19,COP,EOG,252,0.15774072826022698
1995-04-20,COP,EOG,252,0.16966276669629654
1995-04-21,COP,EOG,252,0.16280057265348932
1995-04-24,COP,EOG,252,0.16087000839551857
1995-04-25,COP,EOG,252,0.14764466566263704
1995-04-26,COP,EOG,252,0.1522699120954772
1995-04-27,COP,EOG,252,0.15532989931715047
1995-04-28,COP,EOG,252,0.1549989693059009
1995-05-01,COP,EOG,252,0.1559256253777052
1995-05-02,COP,EOG,252,0.15841252269382186
1995-05-03,COP,EOG,252,0.16075165812313527
1995-05-04,COP,EOG,252,0.16240884592370067
1995-05-05,COP,EOG,252,0.15791847412014431
1995-05-08,COP,EOG,252,0.1578605881837101
1995-05-09,COP,EOG,252,0.16176002595241115
1995-05-10,COP,EOG,252,0.16111993452418805
1995-05-11,COP,EOG,252,0.1634165347566337
1995-05-12,COP,EOG,252,0.16351160120925062
1995-05-15,COP,EOG,252,0.1661594605301583
1995-05-16,COP,EOG,252,0.16725144842800913
1995-05-17,COP,EOG,252,0.16626273460057653
1995-05-18,COP,EOG,252,0.16919809628638027
1995-05-19,COP,EOG,252,0.17072696579516253
1995-05-22,COP,EOG,252,0.16897547627302453
1995-05-23,COP,EOG,252,0.1683444741426568
1995-05-24,COP,EOG,252,0.17511340650640064
1995-05-25,COP,EOG,252,0.16864346026758198
1995-05-26,COP,EOG,252,0.1712622214548596
1995-05-30,COP,EOG,252,0.16571796626856095
1995-05-31,COP,EOG,252,0.166178291240987
1995-06-01,COP,EOG,252,0.1666755022490595
1995-06-02,COP,EOG,252,0.1701492279204908
1995-06-05,COP,EOG,252,0.1699393411804059
1995-06-06,COP,EOG,252,0.17807350479846454
1995-06-07,COP,EOG,252,0.17446409773998672
1995-06-08,COP,EOG,252,0.17737160391762383
1995-06-09,COP,EOG,252,0.17869876198330656
1995-06-12,COP,EOG,252,0.18042284766116432
1995-06-13,COP,EOG,252,0.1758592432045377
1995-06-14,COP,EOG,252,0.1768431568463518
1995-06-15,COP,EOG,252,0.1761987288411291
1995-06-16,COP,EOG,252,0.17769839579211108
1995-06-19,COP,EOG,252,0.17710561191140411
1995-06-20,COP,EOG,252,0.1813530631336946
1995-06-21,COP,EOG,252,0.19239239124450566
1995-06-22,COP,EOG,252,0.19476522544387995
1995-06-23,COP,EOG,252,0.19608035898515513
1995-06-26,COP,EOG,252,0.19273482846726855
1995-06-27,COP,EOG,252,0.19651232152053213
1995-06-28,COP,EOG,252,0.19409677001715966
1995-06-29,COP,EOG,252,0.19468169914798805
1995-06-30,COP,EOG,252,0.19666844970605427
1995-07-03,COP,EOG,252,0.22792607873288287
1995-07-05,COP,EOG,252,0.23646999900270319
1995-07-06,COP,EOG,252,0.2276227346547962
1995-07-07,COP,EOG,252,0.2367622245961682
1995-07-10,COP,EOG,252,0.2419809907427116
1995-07-11,COP,EOG,252,0.2424610543242054
1995-07-12,COP,EOG,252,0.24655489859337607
1995-07-13,COP,EOG,252,0.24570522668584727
1995-07-14,COP,EOG,252,0.24815720577346256
1995-07-17,COP,EOG,252,0.2466340755237984
1995-07-18,COP,EOG,252,0.24245874810568047
1995-07-19,COP,EOG,252,0.24379615558511866
1995-07-20,COP,EOG,252,0.24410579014595818
1995-07-21,COP,EOG,252,0.24570351623569678
1995-07-24,COP,EOG,252,0.24301778931136747
1995-07-25,COP,EOG,252,0.24493269424869668
1995-07-26,COP,EOG,252,0.23815797707204917
1995-07-27,COP,EOG,252,0.242691150918054
1995-07-28,COP,EOG,252,0.24168078669289517
1995-07-31,COP,EOG,252,0.24197558407433556
1995-08-01,COP,EOG,252,0.24767173972616555
1995-08-02,COP,EOG,252,0.24742033867786528
1995-08-03,COP,EOG,252,0.25371255249819297
1995-08-04,COP,EOG,252,0.2652140132417225
1995-08-07,COP,EOG,252,0.2630639740694125
1995-08-08,COP,EOG,252,0.26309084195293814
1995-08-09,COP,EOG,252,0.2621816741975263
1995-08-10,COP,EOG,252,0.2634198359338323
1995-08-11,COP,EOG,252,0.2604007631424188
1995-08-14,COP,EOG,252,0.2596938408907438
1995-08-15,COP,EOG,252,0.26061090924397523
1995-08-16,COP,EOG,252,0.26180460627630736
1995-08-17,COP,EOG,252,0.2575689921756758
1995-08-18,COP,EOG,252,0.25644724997194557
1995-08-21,COP,EOG,252,0.2566966090190481
1995-08-22,COP,EOG,252,0.2556524799237244
1995-08-23,COP,EOG,252,0.25120417629795333
1995-08-24,COP,EOG,252,0.252684857908329
1995-08-25,COP,EOG,252,0.251936186316262
1995-08-28,COP,EOG,252,0.2528922697650484
1995-08-29,COP,EOG,252,0.25593746657685623
1995-08-30,COP,EOG,252,0.25397314113136293
1995-08-31,COP,EOG,252,0.2538825060715169
1995-09-01,COP,EOG,252,0.2661884151286399
1995-09-05,COP,EOG,252,0.2670564088173853
1995-09-06,COP,EOG,252,0.25752585731731564
1995-09-07,COP,EOG,252,0.24764282216473804
1995-09-08,COP,EOG,252,0.25154708210943755
1995-09-11,COP,EOG,252,0.25435554520585296
1995-09-12,COP,EOG,252,0.26011172552191614
1995-09-13,COP,EOG,252,0.2592587825903128
1995-09-14,COP,EOG,252,0.2552970207559712
1995-09-15,COP,EOG,252,0.2639241635033196
1995-09-18,COP,EOG,252,0.2591208158777061
1995-09-19,COP,EOG,252,0.2567355564287995
1995-09-20,COP,EOG,252,0.25166804994398434
1995-09-21,COP,EOG,252,0.25170227271494755
1995-09-22,COP,EOG,252,0.2658804855516837
1995-09-25,COP,EOG,252,0.26904580972230074
1995-09-26,COP,EOG,252,0.2734446635250408
1995-09-27,COP,EOG,252,0.2751620278053235
1995-09-28,COP,EOG,252,0.26968265130164454
1995-09-29,COP,EOG,252,0.2751714774390075
1995-10-02,COP,EOG,252,0.25286744229148855
1995-10-03,COP,EOG,252,0.2478547035710068
1995-10-04,COP,EOG,252,0.24491208875036047
1995-10-05,COP,EOG,252,0.24970094699201312
1995-10-06,COP,EOG,252,0.23146641526587344
1995-10-09,COP,EOG,252,0.2278419953745114
1995-10-10,COP,EOG,252,0.22998750336293852
1995-10-11,COP,EOG,252,0.22999004406670506
1995-10-12,COP,EOG,252,0.2320067116495849
1995-10-13,COP,EOG,252,0.23336481797273587
1995-10-16,COP,EOG,252,0.23505853105558702
1995-10-17,COP,EOG,252,0.24152360072613843
1995-10-18,COP,EOG,252,0.24705105186883103
1995-10-19,COP,EOG,252,0.24750247302404982
1995-10-20,COP,EOG,252,0.23826504815285662
1995-10-23,COP,EOG,252,0.24255865562186943
1995-10-24,COP,EOG,252,0.24972809957643394
1995-10-25,COP,EOG,252,0.22988232671179842
1995-10-26,COP,EOG,252,0.22363025828938038
1995-10-27,COP,EOG,252,0.20533672152989174
1995-10-30,COP,EOG,252,0.21604034940642497
1995-10-31,COP,EOG,252,0.22011212624822565
1995-11-01,COP,EOG,252,0.21857637643237152
1995-11-02,COP,EOG,252,0.2197333842371356
1995-11-03,COP,EOG,252,0.21755726204171114
1995-11-06,COP,EOG,252,0.21819405878026282
1995-11-07,COP,EOG,252,0.22427140155128433
1995-11-08,COP,EOG,252,0.22295846125114663
1995-11-09,COP,EOG,252,0.21370737317218555
1995-11-10,COP,EOG,252,0.21624760403326654
1995-11-13,COP,EOG,252,0.22510171844663673
1995-11-14,COP,EOG,252,0.23128299177832692
1995-11-15,COP,EOG,252,0.2290161245860784
1995-11-16,COP,EOG,252,0.2528526571253694
1995-11-17,COP,EOG,252,0.2483977728137383
1995-11-20,COP,EOG,252,0.25305624843059804
1995-11-21,COP,EOG,252,0.2641202208955623
1995-11-22,COP,EOG,252,0.25622101211467835
1995-11-24,COP,EOG,252,0.26249611968867126
1995-11-27,COP,EOG,252,0.26176634385212816
1995-11-28,COP,EOG,252,0.26289190705536997
1995-11-29,COP,EOG,252,0.26156650613970944
1995-11-30,COP,EOG,252,0.2638168047252571
1995-12-01,COP,EOG,252,0.26398689199772457
1995-12-04,COP,EOG,252,0.24990048016071806
1995-12-05,COP,EOG,252,0.2522485836742338
1995-12-06,COP,EOG,252,0.2508371453003563
1995-12-07,COP,EOG,252,0.25663870038408
1995-12-08,COP,EOG,252,0.2575832302036922
1995-12-11,COP,EOG,252,0.26571281147816067
1995-12-12,COP,EOG,252,0.2616701271215962
1995-12-13,COP,EOG,252,0.2612069744956876
1995-12-14,COP,EOG,252,0.269544282054953
1995-12-15,COP,EOG,252,0.2696076650463433
1995-12-18,COP,EOG,252,0.2713725538426448
1995-12-19,COP,EOG,252,0.27465539604971906
1995-12-20,COP,EOG,252,0.2727753383071762
1995-12-21,COP,EOG,252,0.27152302031624787
1995-12-22,COP,EOG,252,0.2712614407927379
1995-12-26,COP,EOG,252,0.2704693852459344
1995-12-27,COP,EOG,252,0.25777842671758994
1995-12-28,COP,EOG,252,0.25321457165351746
1995-12-29,COP,EOG,252,0.25010937422825313
1996-01-02,COP,EOG,252,0.24812241234400714
1996-01-03,COP,EOG,252,0.24539827533354483
1996-01-04,COP,EOG,252,0.24705887649990757
1996-01-05,COP,EOG,252,0.24582034767650393
1996-01-08,COP,EOG,252,0.2446461317303696
1996-01-09,COP,EOG,252,0.24519549670143215
1996-01-10,COP,EOG,252,0.23320084473997793
1996-01-11,COP,EOG,252,0.23040615660749328
1996-01-12,COP,EOG,252,0.2306096939417446
1996-01-15,COP,EOG,252,0.23468605202964624
1996-01-16,COP,EOG,252,0.23187107356944728
1996-01-17,COP,EOG,252,0.22234226898692522
1996-01-18,COP,EOG,252,0.2217486553477371
1996-01-19,COP,EOG,252,0.2220205028005165
1996-01-22,COP,EOG,252,0.22860827067181336
1996-01-23,COP,EOG,252,0.23575517233889454
1996-01-24,COP,EOG,252,0.23278076644375045
1996-01-25,COP,EOG,252,0.22285165010059887
1996-01-26,COP,EOG,252,0.22502147837510983
1996-01-29,COP,EOG,252,0.2250261747024902
1996-01-30,COP,EOG,252,0.22406981726170275
1996-01-31,COP,EOG,252,0.22529498535981027
1996-02-01,COP,EOG,252,0.2256553386147638
1996-02-02,COP,EOG,252,0.22310769757017967
1996-02-05,COP,EOG,252,0.21081755757672863
1996-02-06,COP,EOG,252,0.21211686069078894
1996-02-07,COP,EOG,252,0.2132968567033693
1996-02-08,COP,EOG,252,0.21309604907019858
1996-02-09,COP,EOG,252,0.22234410214726466
1996-02-12,COP,EOG,252,0.22946311876166753
1996-02-13,COP,EOG,252,0.22544379166806117
1996-02-14,COP,EOG,252,0.21849171927419123
1996-02-15,COP,EOG,252,0.231019851807194
1996-02-16,COP,EOG,252,0.2353726980246292
1996-02-20,COP,EOG,252,0.24007178022663478
1996-02-21,COP,EOG,252,0.24206123685839456
1996-02-22,COP,EOG,252,0.24031085085298906
1996-02-23,COP,EOG,252,0.24162866242155676
1996-02-26,COP,EOG,252,0.24577490596361032
1996-02-27,COP,EOG,252,0.2433278245035585
1996-02-28,COP,EOG,252,0.2450606222588301
1996-02-29,COP,EOG,252,0.2460321881163729
1996-03-01,COP,EOG,252,0.24535405573712596
1996-03-04,COP,EOG,252,0.25338757265505657
1996-03-05,COP,EOG,252,0.2514437075796464
1996-03-06,COP,EOG,252,0.24824741725441576
1996-03-07,COP,EOG,252,0.25063207930225684
1996-03-08,COP,EOG,252,0.24168423277944404
1996-03-11,COP,EOG,252,0.22521622622124593
1996-03-12,COP,EOG,252,0.2252818523792607
1996-03-13,COP,EOG,252,0.22750324769624536
1996-03-14,COP,EOG,252,0.2237017248127032
1996-03-15,COP,EOG,252,0.22205572222402756
1996-03-18,COP,EOG,252,0.22621702215797132
1996-03-19,COP,EOG,252,0.22596462847136245
1996-03-20,COP,EOG,252,0.22353755183384086
1996-03-21,COP,EOG,252,0.22495865033339135
1996-03-22,COP,EOG,252,0.23322869145879052
1996-03-25,COP,EOG,252,0.23214412304230297
1996-03-26,COP,EOG,252,0.2340417351839009
1996-03-27,COP,EOG,252,0.23075759092413878
1996-03-28,COP,EOG,252,0.22921916715118357
1996-03-29,COP,EOG,252,0.21339315034264855
1996-04-01,COP,EOG,252,0.2123916387215178
1996-04-02,COP,EOG,252,0.20922501730972948
1996-04-03,COP,EOG,252,0.19424944132356944
1996-04-04,COP,EOG,252,0.19043333625764186
1996-04-08,COP,EOG,252,0.1912484773821329
1996-04-09,COP,EOG,252,0.19133038175862024
1996-04-10,COP,EOG,252,0.1896000612372931
1996-04-11,COP,EOG,252,0.19090662826292285
1996-04-12,COP,EOG,252,0.1919611607173205
1996-04-15,COP,EOG,252,0.18614440792046652
1996-04-16,COP,EOG,252,0.18536281928026654
1996-04-17,COP,EOG,252,0.1856833345655267
1996-04-18,COP,EOG,252,0.1767335515518482
1996-04-19,COP,EOG,252,0.1799275427911882
1996-04-22,COP,EOG,252,0.17979426783312397
1996-04-23,COP,EOG,252,0.1801206747542043
1996-04-24,COP,EOG,252,0.1786050713640296
1996-04-25,COP,EOG,252,0.17516003456205223
1996-04-26,COP,EOG,252,0.17400860587285388
1996-04-29,COP,EOG,252,0.1663586273787832
1996-04-30,COP,EOG,252,0.16638382183959546
1996-05-01,COP,EOG,252,0.17327383320653855
1996-05-02,COP,EOG,252,0.17574107758164084
1996-05-03,COP,EOG,252,0.17468569411115079
1996-05-06,COP,EOG,252,0.1722030902019152
1996-05-07,COP,EOG,252,0.1810003701808976
1996-05-08,COP,EOG,252,0.18906093793556983
1996-05-09,COP,EOG,252,0.17663181946176365
1996-05-10,COP,EOG,252,0.17572503740388037
1996-05-13,COP,EOG,252,0.17386684765168486
1996-05-14,COP,EOG,252,0.1716763901966395
1996-05-15,COP,EOG,252,0.17653670443349098
1996-05-16,COP,EOG,252,0.1771826090036289
1996-05-17,COP,EOG,252,0.1811355670158909
1996-05-20,COP,EOG,252,0.18215215938206325
1996-05-21,COP,EOG,252,0.18307868202200875
1996-05-22,COP,EOG,252,0.180011199238764
1996-05-23,COP,EOG,252,0.18267330494759018
1996-05-24,COP,EOG,252,0.18001312974681474
1996-05-28,COP,EOG,252,0.18349169898549744
1996-05-29,COP,EOG,252,0.18504598981010503
1996-05-30,COP,EOG,252,0.1848170816434538
1996-05-31,COP,EOG,252,0.18266292027709735
1996-06-03,COP,EOG,252,0.183754178176114
1996-06-04,COP,EOG,252,0.18155414738686504
1996-06-05,COP,EOG,252,0.1827626882313513
1996-06-06,COP,EOG,252,0.1792253505982714
1996-06-07,COP,EOG,252,0.1759083842084337
1996-06-10,COP,EOG,252,0.17533870114829822
1996-06-11,COP,EOG,252,0.1758160879959302
1996-06-12,COP,EOG,252,0.17495808310143282
1996-06-13,COP,EOG,252,0.1761356120582254
1996-06-14,COP,EOG,252,0.17926486402529926
1996-06-17,COP,EOG,252,0.17628760573438246
1996-06-18,COP,EOG,252,0.17309931704442588
1996-06-19,COP,EOG,252,0.16068207885288818
1996-06-20,COP,EOG,252,0.16452498312198324
1996-06-21,COP,EOG,252,0.16459347169126123
1996-06-24,COP,EOG,252,0.16437034307713938
1996-06-25,COP,EOG,252,0.16168515554255905
1996-06-26,COP,EOG,252,0.16177192841082055
1996-06-27,COP,EOG,252,0.15563967394134548
1996-06-28,COP,EOG,252,0.16093427656220605
1996-07-01,COP,EOG,252,0.16117783356195697
1996-07-02,COP,EOG,252,0.15909747087003273
1996-07-03,COP,EOG,252,0.16152476322721002
1996-07-05,COP,EOG,252,0.16283018751009823
1996-07-08,COP,EOG,252,0.1597411378771626
1996-07-09,COP,EOG,252,0.1620680379599463
1996-07-10,COP,EOG,252,0.1508360008528576
1996-07-11,COP,EOG,252,0.15291634614490057
1996-07-12,COP,EOG,252,0.150909804627536
1996-07-15,COP,EOG,252,0.1554337010772643
1996-07-16,COP,EOG,252,0.17751998650942794
1996-07-17,COP,EOG,252,0.159223094238075
1996-07-18,COP,EOG,252,0.15393618089503183
1996-07-19,COP,EOG,252,0.15328394326668876
1996-07-22,COP,EOG,252,0.15620305435077178
1996-07-23,COP,EOG,252,0.15451640568596678
1996-07-24,COP,EOG,252,0.1634599367218901
1996-07-25,COP,EOG,252,0.16337707272587004
1996-07-26,COP,EOG,252,0.16723388335601713
1996-07-29,COP,EOG,252,0.1674350373702897
1996-07-30,COP,EOG,252,0.16850598551930215
1996-07-31,COP,EOG,252,0.1683893375640858
1996-08-01,COP,EOG,252,0.16979121540918324
1996-08-02,COP,EOG,252,0.16820554084387845
1996-08-05,COP,EOG,252,0.1689142513676565
1996-08-06,COP,EOG,252,0.16909930062327935
1996-08-07,COP,EOG,252,0.1688081322288722
1996-08-08,COP,EOG,252,0.1670576273812566
1996-08-09,COP,EOG,252,0.1680059083330146
1996-08-12,COP,EOG,252,0.16361771354055912
1996-08-13,COP,EOG,252,0.16364956711033457
1996-08-14,COP,EOG,252,0.16288133305669034
1996-08-15,COP,EOG,252,0.1655748831403161
1996-08-16,COP,EOG,252,0.16647788490141904
1996-08-19,COP,EOG,252,0.16809399662983004
1996-08-20,COP,EOG,252,0.16855446467245794
1996-08-21,COP,EOG,252,0.17173878556555672
1996-08-22,COP,EOG,252,0.16874443155849586
1996-08-23,COP,EOG,252,0.17028680183649195
1996-08-26,COP,EOG,252,0.16996039344082245
1996-08-27,COP,EOG,252,0.1671179935978099
1996-08-28,COP,EOG,252,0.1672278264009281
1996-08-29,COP,EOG,252,0.17426422831261323
1996-08-30,COP,EOG,252,0.1675707311050751
1996-09-03,COP,EOG,252,0.16785989450941452
1996-09-04,COP,EOG,252,0.166657634927894
1996-09-05,COP,EOG,252,0.1667325266986285
1996-09-06,COP,EOG,252,0.16344950036896572
1996-09-09,COP,EOG,252,0.16172903829937144
1996-09-10,COP,EOG,252,0.1588243516600768
1996-09-11,COP,EOG,252,0.15615835992714905
1996-09-12,COP,EOG,252,0.15911615975066337
1996-09-13,COP,EOG,252,0.15175917449033788
1996-09-16,COP,EOG,252,0.15696742591900012
1996-09-17,COP,EOG,252,0.1578094672808607
1996-09-18,COP,EOG,252,0.16011692822828494
1996-09-19,COP,EOG,252,0.1625423143968282
1996-09-20,COP,EOG,252,0.16069819062392673
1996-09-23,COP,EOG,252,0.1574445793447795
1996-09-24,COP,EOG,252,0.15361335907244048
1996-09-25,COP,EOG,252,0.15893820788336283
1996-09-26,COP,EOG,252,0.16128027038261053
1996-09-27,COP,EOG,252,0.15945463405041221
1996-09-30,COP,EOG,252,0.17761215816091114
1996-10-01,COP,EOG,252,0.1777531589019615
1996-10-02,COP,EOG,252,0.18029416651969138
1996-10-03,COP,EOG,252,0.1767150913993312
1996-10-04,COP,EOG,252,0.17988914363668812
1996-10-07,COP,EOG,252,0.18292973861866224
1996-10-08,COP,EOG,252,0.18123097110051936
1996-10-09,COP,EOG,252,0.1790184359007183
1996-10-10,COP,EOG,252,0.17754034384455017
1996-10-11,COP,EOG,252,0.17769639150011216
1996-10-14,COP,EOG,252,0.16164870701021136
1996-10-15,COP,EOG,252,0.16090223106219015
1996-10-16,COP,EOG,252,0.15940892105616553
1996-10-17,COP,EOG,252,0.16211528297690073
1996-10-18,COP,EOG,252,0.17091581904651487
1996-10-21,COP,EOG,252,0.16733152138207288
1996-10-22,COP,EOG,252,0.16901558140606635
1996-10-23,COP,EOG,252,0.17580496770624632
1996-10-24,COP,EOG,252,0.17585918207712417
1996-10-25,COP,EOG,252,0.18725073510825743
1996-10-28,COP,EOG,252,0.1795563772853101
1996-10-29,COP,EOG,252,0.17953534210909677
1996-10-30,COP,EOG,252,0.18035446440282496
1996-10-31,COP,EOG,252,0.17669805248233003
1996-11-01,COP,EOG,252,0.17085412302044095
1996-11-04,COP,EOG,252,0.17607185180252735
1996-11-05,COP,EOG,252,0.17132461233874705
1996-11-06,COP,EOG,252,0.17422697435862033
1996-11-07,COP,EOG,252,0.17716664534577575
1996-11-08,COP,EOG,252,0.17315162819520608
1996-11-11,COP,EOG,252,0.1578349609638988
1996-11-12,COP,EOG,252,0.15213342724364184
1996-11-13,COP,EOG,252,0.15145277717056618
1996-11-14,COP,EOG,252,0.1256312330751841
1996-11-15,COP,EOG,252,0.125456742874787
1996-11-18,COP,EOG,252,0.11902961157277946
1996-11-19,COP,EOG,252,0.11524623811383496
1996-11-20,COP,EOG,252,0.11254552934952573
1996-11-21,COP,EOG,252,0.11754093837925776
1996-11-22,COP,EOG,252,0.10564367975784203
1996-11-25,COP,EOG,252,0.11471482550405786
1996-11-26,COP,EOG,252,0.11407758218683277
1996-11-27,COP,EOG,252,0.11795688746038224
1996-11-29,COP,EOG,252,0.1135441451309837
1996-12-02,COP,EOG,252,0.11527945669929665
1996-12-03,COP,EOG,252,0.11474095442735296
1996-12-04,COP,EOG,252,0.11808387580181377
1996-12-05,COP,EOG,252,0.11894591734179794
1996-12-06,COP,EOG,252,0.1209261849926932
1996-12-09,COP,EOG,252,0.11309861743126662
1996-12-10,COP,EOG,252,0.10965078409054327
1996-12-11,COP,EOG,252,0.1143008646628163
1996-12-12,COP,EOG,252,0.11434167897354817
1996-12-13,COP,EOG,252,0.11385825229281199
1996-12-16,COP,EOG,252,0.11667201881646173
1996-12-17,COP,EOG,252,0.12352615857561314
1996-12-18,COP,EOG,252,0.12483047176849003
1996-12-19,COP,EOG,252,0.12456466319683666
1996-12-20,COP,EOG,252,0.12325437245057876
1996-12-23,COP,EOG,252,0.12293606260040772
1996-12-24,COP,EOG,252,0.13174066013318617
1996-12-26,COP,EOG,252,0.13969003409970904
1996-12-27,COP,EOG,252,0.1405803549063588
1996-12-30,COP,EOG,252,0.14066024560481652
1996-12-31,COP,EOG,252,0.15449102404761156
1997-01-02,COP,EOG,252,0.1548757988368115
1997-01-03,COP,EOG,252,0.1579108024209823
1997-01-06,COP,EOG,252,0.15545925854219858
1997-01-07,COP,EOG,252,0.15655660923000864
1997-01-08,COP,EOG,252,0.1724687969818223
1997-01-09,COP,EOG,252,0.17662049819498468
1997-01-10,COP,EOG,252,0.17787569479754314
1997-01-13,COP,EOG,252,0.1749547462999324
1997-01-14,COP,EOG,252,0.17268920451970815
1997-01-15,COP,EOG,252,0.17275515498748142
1997-01-16,COP,EOG,252,0.1729155361628336
1997-01-17,COP,EOG,252,0.1733492052100898
1997-01-20,COP,EOG,252,0.17479918105543296
1997-01-21,COP,EOG,252,0.17128482928061153
1997-01-22,COP,EOG,252,0.1789446126991532
1997-01-23,COP,EOG,252,0.18481105760550978
1997-01-24,COP,EOG,252,0.18317886943424727
1997-01-27,COP,EOG,252,0.18149955697936834
1997-01-28,COP,EOG,252,0.18217639640077213
1997-01-29,COP,EOG,252,0.1735584461720542
1997-01-30,COP,EOG,252,0.17434108765706777
1997-01-31,COP,EOG,252,0.1766633569010503
1997-02-03,COP,EOG,252,0.17730497802195302
1997-02-04,COP,EOG,252,0.17093928456920954
1997-02-05,COP,EOG,252,0.16738040292782716
1997-02-06,COP,EOG,252,0.17117271246591914
1997-02-07,COP,EOG,252,0.1651578975087011
1997-02-10,COP,EOG,252,0.16861414923501822
1997-02-11,COP,EOG,252,0.1713814274308249
1997-02-12,COP,EOG,252,0.18166474809800243
1997-02-13,COP,EOG,252,0.17141373417467493
1997-02-14,COP,EOG,252,0.1710854543571912
1997-02-18,COP,EOG,252,0.16605743034324366
1997-02-19,COP,EOG,252,0.16309374582798544
1997-02-20,COP,EOG,252,0.15988063174169423
1997-02-21,COP,EOG,252,0.16167134013216325
1997-02-24,COP,EOG,252,0.16229773967824687
1997-02-25,COP,EOG,252,0.16345024031804717
1997-02-26,COP,EOG,252,0.16422502979254938
1997-02-27,COP,EOG,252,0.16214377551968076
1997-02-28,COP,EOG,252,0.16264126136938922
1997-03-03,COP,EOG,252,0.1606465607902791
1997-03-04,COP,EOG,252,0.16153502330345243
1997-03-05,COP,EOG,252,0.15962782178222995
1997-03-06,COP,EOG,252,0.15474634195262443
1997-03-07,COP,EOG,252,0.16455239099520666
1997-03-10,COP,EOG,252,0.17707639467799982
1997-03-11,COP,EOG,252,0.18273619995432233
1997-03-12,COP,EOG,252,0.18387428850825954
1997-03-13,COP,EOG,252,0.1825264852756249
1997-03-14,COP,EOG,252,0.18427177270893744
1997-03-17,COP,EOG,252,0.17769539440814613
1997-03-18,COP,EOG,252,0.17783561705410475
1997-03-19,COP,EOG,252,0.1792682424119523
1997-03-20,COP,EOG,252,0.18008165109874336
1997-03-21,COP,EOG,252,0.17211259570845008
1997-03-24,COP,EOG,252,0.173697502859505
1997-03-25,COP,EOG,252,0.17374342504467083
1997-03-26,COP,EOG,252,0.17787958526524147
1997-03-27,COP,EOG,252,0.17996626415796538
1997-03-31,COP,EOG,252,0.18127839149128586
1997-04-01,COP,EOG,252,0.18098183996548314
1997-04-02,COP,EOG,252,0.17600919814371513
1997-04-03,COP,EOG,252,0.1898555739380196
1997-04-04,COP,EOG,252,0.1902414558043613
1997-04-07,COP,EOG,252,0.1857059099911053
1997-04-08,COP,EOG,252,0.18080190095925533
1997-04-09,COP,EOG,252,0.17364610636699804
1997-04-10,COP,EOG,252,0.1848107146595619
1997-04-11,COP,EOG,252,0.1867679908597326
1997-04-14,COP,EOG,252,0.1920984848063344
1997-04-15,COP,EOG,252,0.19277850661881188
1997-04-16,COP,EOG,252,0.19054942158818672
1997-04-17,COP,EOG,252,0.18952868394222736
1997-04-18,COP,EOG,252,0.18865059841553883
1997-04-21,COP,EOG,252,0.19148180497053358
1997-04-22,COP,EOG,252,0.1883948110767957
1997-04-23,COP,EOG,252,0.18631263330587927
1997-04-24,COP,EOG,252,0.18357485751332878
1997-04-25,COP,EOG,252,0.18704039422519372
1997-04-28,COP,EOG,252,0.19333003718068797
1997-04-29,COP,EOG,252,0.2016334197788204
1997-04-30,COP,EOG,252,0.1936795617291717
1997-05-01,COP,EOG,252,0.19148407739479764
1997-05-02,COP,EOG,252,0.19666791120187946
1997-05-05,COP,EOG,252,0.20521626187608338
1997-05-06,COP,EOG,252,0.19676297953219854
1997-05-07,COP,EOG,252,0.1875581101974237
1997-05-08,COP,EOG,252,0.20051257071070458
1997-05-09,COP,EOG,252,0.20199712560355418
1997-05-12,COP,EOG,252,0.21441470392649756
1997-05-13,COP,EOG,252,0.22515018762819675
1997-05-14,COP,EOG,252,0.22257169686691078
1997-05-15,COP,EOG,252,0.21969547349475368
1997-05-16,COP,EOG,252,0.21611299513484827
1997-05-19,COP,EOG,252,0.21648440635433738
1997-05-20,COP,EOG,252,0.21642191042972517
1997-05-21,COP,EOG,252,0.2175131602401634
1997-05-22,COP,EOG,252,0.21451573568728505
1997-05-23,COP,EOG,252,0.2147460259408915
1997-05-27,COP,EOG,252,0.2180669389131193
1997-05-28,COP,EOG,252,0.2157968802878024
1997-05-29,COP,EOG,252,0.21438286058983952
1997-05-30,COP,EOG,252,0.2147460236409583
1997-06-02,COP,EOG,252,0.20614857913058937
1997-06-03,COP,EOG,252,0.20603500953804488
1997-06-04,COP,EOG,252,0.20356192437571907
1997-06-05,COP,EOG,252,0.20544108978321482
1997-06-06,COP,EOG,252,0.20779504151357164
1997-06-09,COP,EOG,252,0.21004496057266972
1997-06-10,COP,EOG,252,0.2106714002378513
1997-06-11,COP,EOG,252,0.21006618400469934
1997-06-12,COP,EOG,252,0.20784513631126128
1997-06-13,COP,EOG,252,0.20740607844163403
1997-06-16,COP,EOG,252,0.20999691369960322
1997-06-17,COP,EOG,252,0.20655737096257787
1997-06-18,COP,EOG,252,0.20396288773895838
1997-06-19,COP,EOG,252,0.20138143899546698
1997-06-20,COP,EOG,252,0.20092453667619706
1997-06-23,COP,EOG,252,0.2071219252241674
1997-06-24,COP,EOG,252,0.2046490806197481
1997-06-25,COP,EOG,252,0.20624982321956764
1997-06-26,COP,EOG,252,0.2105183886922468
1997-06-27,COP,EOG,252,0.2053024054914267
1997-06-30,COP,EOG,252,0.19993277348790978
1997-07-01,COP,EOG,252,0.20487889279056176
1997-07-02,COP,EOG,252,0.2025529378760463
1997-07-03,COP,EOG,252,0.19928997034155949
1997-07-07,COP,EOG,252,0.1977760745089347
1997-07-08,COP,EOG,252,0.19524615141756274
1997-07-09,COP,EOG,252,0.20176419307072643
1997-07-10,COP,EOG,252,0.19994024784059086
1997-07-11,COP,EOG,252,0.20219825176861858
1997-07-14,COP,EOG,252,0.1753006672398981
1997-07-15,COP,EOG,252,0.158340516235256
1997-07-16,COP,EOG,252,0.1739969627632107
1997-07-17,COP,EOG,252,0.1878443960393114
1997-07-18,COP,EOG,252,0.18816515688175464
1997-07-21,COP,EOG,252,0.18588010441199698
1997-07-22,COP,EOG,252,0.18493342672819738
1997-07-23,COP,EOG,252,0.18049904618925763
1997-07-24,COP,EOG,252,0.17891680569964835
1997-07-25,COP,EOG,252,0.17731242410339154
1997-07-28,COP,EOG,252,0.1766658952954062
1997-07-29,COP,EOG,252,0.17147349326716624
1997-07-30,COP,EOG,252,0.17155397465792813
1997-07-31,COP,EOG,252,0.16100982590328622
1997-08-01,COP,EOG,252,0.16285374145284845
1997-08-04,COP,EOG,252,0.1599345077110567
1997-08-05,COP,EOG,252,0.16505354919048176
1997-08-06,COP,EOG,252,0.1669211810135026
1997-08-07,COP,EOG,252,0.17803588031396156
1997-08-08,COP,EOG,252,0.18330113820350732
1997-08-11,COP,EOG,252,0.18633045168639337
1997-08-12,COP,EOG,252,0.1833085583341582
1997-08-13,COP,EOG,252,0.18337531765520687
1997-08-14,COP,EOG,252,0.17975921084768678
1997-08-15,COP,EOG,252,0.18526505410720412
1997-08-18,COP,EOG,252,0.18219866099607263
1997-08-19,COP,EOG,252,0.18302208013931495
1997-08-20,COP,EOG,252,0.18632651895395333
1997-08-21,COP,EOG,252,0.1925807798977792
1997-08-22,COP,EOG,252,0.19259463990524556
1997-08-25,COP,EOG,252,0.18963961483192077
1997-08-26,COP,EOG,252,0.19280735578867392
1997-08-27,COP,EOG,252,0.19449320786297314
1997-08-28,COP,EOG,252,0.18603105990685045
1997-08-29,COP,EOG,252,0.18514487940546262
1997-09-02,COP,EOG,252,0.18409553870507692
1997-09-03,COP,EOG,252,0.18334906784031832
1997-09-04,COP,EOG,252,0.18170810681858465
1997-09-05,COP,EOG,252,0.18522028147658876
1997-09-08,COP,EOG,252,0.18322985772565364
1997-09-09,COP,EOG,252,0.18453492532731317
1997-09-10,COP,EOG,252,0.18719130845127369
1997-09-11,COP,EOG,252,0.19538229584617658
1997-09-12,COP,EOG,252,0.20146783886627037
1997-09-15,COP,EOG,252,0.19981805043197548
1997-09-16,COP,EOG,252,0.20085549349865067
1997-09-17,COP,EOG,252,0.20397608999990416
1997-09-18,COP,EOG,252,0.20234009401037367
1997-09-19,COP,EOG,252,0.20036577844599884
1997-09-22,COP,EOG,252,0.1965903206740507
1997-09-23,COP,EOG,252,0.19660185136808522
1997-09-24,COP,EOG,252,0.19538995203445034
1997-09-25,COP,EOG,252,0.1949208222399583
1997-09-26,COP,EOG,252,0.19563434287301756
1997-09-29,COP,EOG,252,0.19029746565199504
1997-09-30,COP,EOG,252,0.19154996032356772
1997-10-01,COP,EOG,252,0.1897246388411237
1997-10-02,COP,EOG,252,0.18838764841532113
1997-10-03,COP,EOG,252,0.1856385039442968
1997-10-06,COP,EOG,252,0.1861169925542266
1997-10-07,COP,EOG,252,0.18585990600868305
1997-10-08,COP,EOG,252,0.18862809594395025
1997-10-09,COP,EOG,252,0.1886024124835195
1997-10-10,COP,EOG,252,0.18806174142941634
1997-10-13,COP,EOG,252,0.2038837991672511
1997-10-14,COP,EOG,252,0.20505347953068329
1997-10-15,COP,EOG,252,0.2011247963853566
1997-10-16,COP,EOG,252,0.19839545368870312
1997-10-17,COP,EOG,252,0.19594189197627396
1997-10-20,COP,EOG,252,0.20536742366312996
1997-10-21,COP,EOG,252,0.2039943743169606
1997-10-22,COP,EOG,252,0.20246124708938334
1997-10-23,COP,EOG,252,0.20604380052996923
1997-10-24,COP,EOG,252,0.20567436941722617
1997-10-27,COP,EOG,252,0.23284205932513458
1997-10-28,COP,EOG,252,0.2247359260129204
1997-10-29,COP,EOG,252,0.2226207366687276
1997-10-30,COP,EOG,252,0.2200418411811124
1997-10-31,COP,EOG,252,0.22816438951377796
1997-11-03,COP,EOG,252,0.22625658126815817
1997-11-04,COP,EOG,252,0.2269496665235937
1997-11-05,COP,EOG,252,0.22730585751948318
1997-11-06,COP,EOG,252,0.23033934447148338
1997-11-07,COP,EOG,252,0.23084625138399004
1997-11-10,COP,EOG,252,0.23586999005379772
1997-11-11,COP,EOG,252,0.2340889701751288
1997-11-12,COP,EOG,252,0.23548046124999983
1997-11-13,COP,EOG,252,0.23433960108939408
1997-11-14,COP,EOG,252,0.2363092159869095
1997-11-17,COP,EOG,252,0.2397059081538348
1997-11-18,COP,EOG,252,0.24597742378759138
1997-11-19,COP,EOG,252,0.24978711829035727
1997-11-20,COP,EOG,252,0.2523768829015724
1997-11-21,COP,EOG,252,0.26436547515122133
1997-11-24,COP,EOG,252,0.2563812926522777
1997-11-25,COP,EOG,252,0.25868599995030866
1997-11-26,COP,EOG,252,0.2582010027500218
1997-11-28,COP,EOG,252,0.26150271853826557
1997-12-01,COP,EOG,252,0.25973891108625885
1997-12-02,COP,EOG,252,0.2622747049609859
1997-12-03,COP,EOG,252,0.2578825849038784
1997-12-04,COP,EOG,252,0.25646622242687966
1997-12-05,COP,EOG,252,0.2566064829438853
1997-12-08,COP,EOG,252,0.25480381951435077
1997-12-09,COP,EOG,252,0.2600825921138464
1997-12-10,COP,EOG,252,0.25562861662503344
1997-12-11,COP,EOG,252,0.2541268453049972
1997-12-12,COP,EOG,252,0.2509828579793676
1997-12-15,COP,EOG,252,0.2480330670067676
1997-12-16,COP,EOG,252,0.23672330624829924
1997-12-17,COP,EOG,252,0.23636044280028662
1997-12-18,COP,EOG,252,0.2372411173461444
1997-12-19,COP,EOG,252,0.23936172235395545
1997-12-22,COP,EOG,252,0.23592554827233114
1997-12-23,COP,EOG,252,0.235916021442237
1997-12-24,COP,EOG,252,0.238169632865674
1997-12-26,COP,EOG,252,0.24031490110943485
1997-12-29,COP,EOG,252,0.2429681296480272
1997-12-30,COP,EOG,252,0.23245976761170214
1997-12-31,COP,EOG,252,0.236668953510729
1998-01-02,COP,EOG,252,0.23698672848228197
1998-01-05,COP,EOG,252,0.24626764141692645
1998-01-06,COP,EOG,252,0.25051405878357474
1998-01-07,COP,EOG,252,0.25096192301147624
1998-01-08,COP,EOG,252,0.24308778326215583
1998-01-09,COP,EOG,252,0.2541727254807921
1998-01-12,COP,EOG,252,0.25576294635904606
1998-01-13,COP,EOG,252,0.26405702039504403
1998-01-14,COP,EOG,252,0.26412936824975425
1998-01-15,COP,EOG,252,0.26193761422260425
1998-01-16,COP,EOG,252,0.2628017015237056
1998-01-20,COP,EOG,252,0.265264717536975
1998-01-21,COP,EOG,252,0.26584534120241493
1998-01-22,COP,EOG,252,0.26699610360196047
1998-01-23,COP,EOG,252,0.26863235099337357
1998-01-26,COP,EOG,252,0.26797976012297264
1998-01-27,COP,EOG,252,0.26947391518391783
1998-01-28,COP,EOG,252,0.2708060170612165
1998-01-29,COP,EOG,252,0.2796488908976742
1998-01-30,COP,EOG,252,0.2758885428438242
1998-02-02,COP,EOG,252,0.26648648422194077
1998-02-03,COP,EOG,252,0.26660893304431016
1998-02-04,COP,EOG,252,0.2730986047487444
1998-02-05,COP,EOG,252,0.27222850076668537
1998-02-06,COP,EOG,252,0.27094481076123716
1998-02-09,COP,EOG,252,0.27794077056191385
1998-02-10,COP,EOG,252,0.26696265683837217
1998-02-11,COP,EOG,252,0.2636341106513113
1998-02-12,COP,EOG,252,0.25937383798111274
1998-02-13,COP,EOG,252,0.2587868397436769
1998-02-17,COP,EOG,252,0.2562698974479664
1998-02-18,COP,EOG,252,0.2584868505165799
1998-02-19,COP,EOG,252,0.2595373380142309
1998-02-20,COP,EOG,252,0.2652486553326109
1998-02-23,COP,EOG,252,0.26686419220979124
1998-02-24,COP,EOG,252,0.2626604477727171
1998-02-25,COP,EOG,252,0.26081593431328903
1998-02-26,COP,EOG,252,0.27128990774350964
1998-02-27,COP,EOG,252,0.2719469741872094
1998-03-02,COP,EOG,252,0.2684124914176336
1998-03-03,COP,EOG,252,0.27110987816920723
1998-03-04,COP,EOG,252,0.27234673375202334
1998-03-05,COP,EOG,252,0.2722011104131398
1998-03-06,COP,EOG,252,0.27746271509191756
1998-03-09,COP,EOG,252,0.28277641599161835
1998-03-10,COP,EOG,252,0.28958035629710477
1998-03-11,COP,EOG,252,0.28394747234978734
1998-03-12,COP,EOG,252,0.2786832078568505
1998-03-13,COP,EOG,252,0.28108386726747797
1998-03-16,COP,EOG,252,0.2722154855237391
1998-03-17,COP,EOG,252,0.27547768011341717
1998-03-18,COP,EOG,252,0.28011754614720547
1998-03-19,COP,EOG,252,0.2812064521844869
1998-03-20,COP,EOG,252,0.28278966013304196
1998-03-23,COP,EOG,252,0.2908057623618245
1998-03-24,COP,EOG,252,0.295370807570852
1998-03-25,COP,EOG,252,0.293076589734126
1998-03-26,COP,EOG,252,0.2908767320715334
1998-03-27,COP,EOG,252,0.28891841820185366
1998-03-30,COP,EOG,252,0.28776717990691536
1998-03-31,COP,EOG,252,0.28893877767884263
1998-04-01,COP,EOG,252,0.29615727385292545
1998-04-02,COP,EOG,252,0.29325308905997294
1998-04-03,COP,EOG,252,0.28969842498081183
1998-04-06,COP,EOG,252,0.29348479422733426
1998-04-07,COP,EOG,252,0.2992418843088885
1998-04-08,COP,EOG,252,0.31192537531829095
1998-04-09,COP,EOG,252,0.3011760836966762
1998-04-13,COP,EOG,252,0.29933760038941376
1998-04-14,COP,EOG,252,0.2997192929209434
1998-04-15,COP,EOG,252,0.3016335412110281
1998-04-16,COP,EOG,252,0.29814813580206545
1998-04-17,COP,EOG,252,0.29675501469077836
1998-04-20,COP,EOG,252,0.3008547166621145
1998-04-21,COP,EOG,252,0.2998970679716053
1998-04-22,COP,EOG,252,0.30672683464772765
1998-04-23,COP,EOG,252,0.3124037677413453
1998-04-24,COP,EOG,252,0.3158725513942348
1998-04-27,COP,EOG,252,0.3117829523937824
1998-04-28,COP,EOG,252,0.3058463416609163
1998-04-29,COP,EOG,252,0.30076224179786265
1998-04-30,COP,EOG,252,0.30706073121760336
1998-05-01,COP,EOG,252,0.30642644727666474
1998-05-04,COP,EOG,252,0.3027110152067083
1998-05-05,COP,EOG,252,0.29864802960411363
1998-05-06,COP,EOG,252,0.3007894091461903
1998-05-07,COP,EOG,252,0.3030363293925589
1998-05-08,COP,EOG,252,0.29874512303988543
1998-05-11,COP,EOG,252,0.292820632051681
1998-05-12,COP,EOG,252,0.2800570975295138
1998-05-13,COP,EOG,252,0.27123700416818536
1998-05-14,COP,EOG,252,0.26401210888435517
1998-05-15,COP,EOG,252,0.2647960600591093
1998-05-18,COP,EOG,252,0.2626258324243356
1998-05-19,COP,EOG,252,0.2548165106512067
1998-05-20,COP,EOG,252,0.2552634648359191
1998-05-21,COP,EOG,252,0.2569413691045914
1998-05-22,COP,EOG,252,0.257856966777711
1998-05-26,COP,EOG,252,0.2626955837813239
1998-05-27,COP,EOG,252,0.25657216933925814
1998-05-28,COP,EOG,252,0.258614421517123
1998-05-29,COP,EOG,252,0.256702827272352
1998-06-01,COP,EOG,252,0.26007570015994785
1998-06-02,COP,EOG,252,0.2698838123394423
1998-06-03,COP,EOG,252,0.27022992754008823
1998-06-04,COP,EOG,252,0.2711072942669651
1998-06-05,COP,EOG,252,0.270593174718506
1998-06-08,COP,EOG,252,0.27398617871745895
1998-06-09,COP,EOG,252,0.2742684525746636
1998-06-10,COP,EOG,252,0.27893009570107546
1998-06-11,COP,EOG,252,0.2815240447001419
1998-06-12,COP,EOG,252,0.28212451478429074
1998-06-15,COP,EOG,252,0.28158992090654167
1998-06-16,COP,EOG,252,0.28123152545418373
1998-06-17,COP,EOG,252,0.2914293456718223
1998-06-18,COP,EOG,252,0.29758443707863236
1998-06-19,COP,EOG,252,0.2993974080430099
1998-06-22,COP,EOG,252,0.3032616749428756
1998-06-23,COP,EOG,252,0.29870691161926055
1998-06-24,COP,EOG,252,0.3003138492574004
1998-06-25,COP,EOG,252,0.2995421784654757
1998-06-26,COP,EOG,252,0.29989130682456716
1998-06-29,COP,EOG,252,0.3039462985070437
1998-06-30,COP,EOG,252,0.308842835144755
1998-07-01,COP,EOG,252,0.30351778768944065
1998-07-02,COP,EOG,252,0.30772277965899875
1998-07-06,COP,EOG,252,0.31063579563087007
1998-07-07,COP,EOG,252,0.3153624060975711
1998-07-08,COP,EOG,252,0.3155103639421516
1998-07-09,COP,EOG,252,0.31888902305323635
1998-07-10,COP,EOG,252,0.3204574405002715
1998-07-13,COP,EOG,252,0.3321303279295752
1998-07-14,COP,EOG,252,0.36365363236490006
1998-07-15,COP,EOG,252,0.36527599717704123
1998-07-16,COP,EOG,252,0.3675903323421068
1998-07-17,COP,EOG,252,0.3591167413771242
1998-07-20,COP,EOG,252,0.35514310422246226
1998-07-21,COP,EOG,252,0.35739088682856174
1998-07-22,COP,EOG,252,0.3597641806670291
1998-07-23,COP,EOG,252,0.35474415160928746
1998-07-24,COP,EOG,252,0.3392500032487976
1998-07-27,COP,EOG,252,0.33896966201892925
1998-07-28,COP,EOG,252,0.3395482560449684
1998-07-29,COP,EOG,252,0.3399275500069452
1998-07-30,COP,EOG,252,0.34094438009131206
1998-07-31,COP,EOG,252,0.35403899220046425
1998-08-03,COP,EOG,252,0.3479079908828212
1998-08-04,COP,EOG,252,0.35088786813317524
1998-08-05,COP,EOG,252,0.35239512959614316
1998-08-06,COP,EOG,252,0.34809124033464034
1998-08-07,COP,EOG,252,0.3426171905475304
1998-08-10,COP,EOG,252,0.3525780866521809
1998-08-11,COP,EOG,252,0.33841094641395514
1998-08-12,COP,EOG,252,0.34615090392589154
1998-08-13,COP,EOG,252,0.3201449867948089
1998-08-14,COP,EOG,252,0.3123038277592582
1998-08-17,COP,EOG,252,0.29802871143953635
1998-08-18,COP,EOG,252,0.29864363754351564
1998-08-19,COP,EOG,252,0.30009946542662297
1998-08-20,COP,EOG,252,0.29767845733165826
1998-08-21,COP,EOG,252,0.2947155899726153
1998-08-24,COP,EOG,252,0.2998733266232735
1998-08-25,COP,EOG,252,0.3013923866303917
1998-08-26,COP,EOG,252,0.3114290755946249
1998-08-27,COP,EOG,252,0.3200923593989631
1998-08-28,COP,EOG,252,0.3133770177286006
1998-08-31,COP,EOG,252,0.32345189365678584
1998-09-01,COP,EOG,252,0.34122019855520264
1998-09-02,COP,EOG,252,0.34576299608024735
1998-09-03,COP,EOG,252,0.347475116256755
1998-09-04,COP,EOG,252,0.350710872456226
1998-09-08,COP,EOG,252,0.35510296947045683
1998-09-09,COP,EOG,252,0.3503499242946413
1998-09-10,COP,EOG,252,0.34991520808451365
1998-09-11,COP,EOG,252,0.3659037194033174
1998-09-14,COP,EOG,252,0.3631934104641416
1998-09-15,COP,EOG,252,0.35998498247563054
1998-09-16,COP,EOG,252,0.3555527120596798
1998-09-17,COP,EOG,252,0.3536547270618962
1998-09-18,COP,EOG,252,0.3527225940763475
1998-09-21,COP,EOG,252,0.35393719034355825
1998-09-22,COP,EOG,252,0.35913541760987566
1998-09-23,COP,EOG,252,0.3902923160821908
1998-09-24,COP,EOG,252,0.3913909654899214
1998-09-25,COP,EOG,252,0.389934007253438
1998-09-28,COP,EOG,252,0.3981681772131326
1998-09-29,COP,EOG,252,0.400101794943939
1998-09-30,COP,EOG,252,0.40482686158254816
1998-10-01,COP,EOG,252,0.409505207341178
1998-10-02,COP,EOG,252,0.4079858719655422
1998-10-05,COP,EOG,252,0.4095671624676026
1998-10-06,COP,EOG,252,0.4089445648808168
1998-10-07,COP,EOG,252,0.4110027680007267
1998-10-08,COP,EOG,252,0.41577515576319096
1998-10-09,COP,EOG,252,0.41661516383892844
1998-10-12,COP,EOG,252,0.41518980756708807
1998-10-13,COP,EOG,252,0.40212878710877537
1998-10-14,COP,EOG,252,0.3917172940251879
1998-10-15,COP,EOG,252,0.3906105197307991
1998-10-16,COP,EOG,252,0.38948915786168636
1998-10-19,COP,EOG,252,0.3924783419548648
1998-10-20,COP,EOG,252,0.38958507226936495
1998-10-21,COP,EOG,252,0.3896661344722872
1998-10-22,COP,EOG,252,0.37979047970082
1998-10-23,COP,EOG,252,0.3780947800280193
1998-10-26,COP,EOG,252,0.37927579148695245
1998-10-27,COP,EOG,252,0.36630480110041524
1998-10-28,COP,EOG,252,0.3747334895795868
1998-10-29,COP,EOG,252,0.37535947857327745
1998-10-30,COP,EOG,252,0.372499572983092
1998-11-02,COP,EOG,252,0.37665923200294005
1998-11-03,COP,EOG,252,0.3744782938643511
1998-11-04,COP,EOG,252,0.37416149485898426
1998-11-05,COP,EOG,252,0.3752231909411858
1998-11-06,COP,EOG,252,0.3759782404396161
1998-11-09,COP,EOG,252,0.37740787160802514
1998-11-10,COP,EOG,252,0.38483085958068264
1998-11-11,COP,EOG,252,0.3872960795969141
1998-11-12,COP,EOG,252,0.3916640847391593
1998-11-13,COP,EOG,252,0.39305811528663603
1998-11-16,COP,EOG,252,0.3918489597537874
1998-11-17,COP,EOG,252,0.39110836411939703
1998-11-18,COP,EOG,252,0.38746277738249285
1998-11-19,COP,EOG,252,0.3885842313953682
1998-11-20,COP,EOG,252,0.38173773949826534
1998-11-23,COP,EOG,252,0.3799838449884512
1998-11-24,COP,EOG,252,0.3804130295261794
1998-11-25,COP,EOG,252,0.38004500411643405
1998-11-27,COP,EOG,252,0.3802160308282439
1998-11-30,COP,EOG,252,0.4064798414681749
1998-12-01,COP,EOG,252,0.4110191028072836
1998-12-02,COP,EOG,252,0.40570320870853294
1998-12-03,COP,EOG,252,0.4098478134622381
1998-12-04,COP,EOG,252,0.4064826568471504
1998-12-07,COP,EOG,252,0.4009206257262198
1998-12-08,COP,EOG,252,0.40135845906059053
1998-12-09,COP,EOG,252,0.4024606081630343
1998-12-10,COP,EOG,252,0.405171381664242
1998-12-11,COP,EOG,252,0.40195982187115825
1998-12-14,COP,EOG,252,0.40339793778866634
1998-12-15,COP,EOG,252,0.37018152065233123
1998-12-16,COP,EOG,252,0.37828613779935427
1998-12-17,COP,EOG,252,0.3784664036309817
1998-12-18,COP,EOG,252,0.3780365167371743
1998-12-21,COP,EOG,252,0.378485708887344
1998-12-22,COP,EOG,252,0.3811528876636748
1998-12-23,COP,EOG,252,0.3810517343486487
1998-12-24,COP,EOG,252,0.3796469705560223
1998-12-28,COP,EOG,252,0.37939082308912647
1998-12-29,COP,EOG,252,0.37828933400757025
1998-12-30,COP,EOG,252,0.3783600963275108
1998-12-31,COP,EOG,252,0.3753222735142519
1999-01-04,COP,EOG,252,0.3745711233124808
1999-01-05,COP,EOG,252,0.371767667383056
1999-01-06,COP,EOG,252,0.3717069846368256
1999-01-07,COP,EOG,252,0.3763766658629711
1999-01-08,COP,EOG,252,0.3734879687571653
1999-01-11,COP,EOG,252,0.3704086439667562
1999-01-12,COP,EOG,252,0.3698438730907858
1999-01-13,COP,EOG,252,0.3665080828410019
1999-01-14,COP,EOG,252,0.36662966156977644
1999-01-15,COP,EOG,252,0.36745385867755787
1999-01-19,COP,EOG,252,0.35715796954133117
1999-01-20,COP,EOG,252,0.3565820870430426
1999-01-21,COP,EOG,252,0.3587554422518565
1999-01-22,COP,EOG,252,0.35785694757387154
1999-01-25,COP,EOG,252,0.35799183627250813
1999-01-26,COP,EOG,252,0.3579690439996607
1999-01-27,COP,EOG,252,0.36132964129899864
1999-01-28,COP,EOG,252,0.36100988385368915
1999-01-29,COP,EOG,252,0.36030678757293083
1999-02-01,COP,EOG,252,0.36221232093607375
1999-02-02,COP,EOG,252,0.3629145747965166
1999-02-03,COP,EOG,252,0.3690265692846723
1999-02-04,COP,EOG,252,0.36834949914377435
1999-02-05,COP,EOG,252,0.37302599661027397
1999-02-08,COP,EOG,252,0.3726685454052595
1999-02-09,COP,EOG,252,0.3708198885981249
1999-02-10,COP,EOG,252,0.3662919909194246
1999-02-11,COP,EOG,252,0.3680905875534843
1999-02-12,COP,EOG,252,0.36923780861382755
1999-02-16,COP,EOG,252,0.3680905499477524
1999-02-17,COP,EOG,252,0.36965258664907574
1999-02-18,COP,EOG,252,0.36933717902800123
1999-02-19,COP,EOG,252,0.36296825555708434
1999-02-22,COP,EOG,252,0.362858963200948
1999-02-23,COP,EOG,252,0.3608309037745286
1999-02-24,COP,EOG,252,0.3619837349469536
1999-02-25,COP,EOG,252,0.3632006047677137
1999-02-26,COP,EOG,252,0.3574083901935739
1999-03-01,COP,EOG,252,0.3546660272551963
1999-03-02,COP,EOG,252,0.355137957210138
1999-03-03,COP,EOG,252,0.35167210648631847
1999-03-04,COP,EOG,252,0.3542036620930003
1999-03-05,COP,EOG,252,0.35462178629282576
1999-03-08,COP,EOG,252,0.3561156845890839
1999-03-09,COP,EOG,252,0.3572890341720086
1999-03-10,COP,EOG,252,0.3674477820796357
1999-03-11,COP,EOG,252,0.3642935740517077
1999-03-12,COP,EOG,252,0.36644382582056895
1999-03-15,COP,EOG,252,0.3669139375825002
1999-03-16,COP,EOG,252,0.3723147573690178
1999-03-17,COP,EOG,252,0.37608954114025933
1999-03-18,COP,EOG,252,0.3677726605631158
1999-03-19,COP,EOG,252,0.3658497889821029
1999-03-22,COP,EOG,252,0.3626829657461003
1999-03-23,COP,EOG,252,0.35897319124270205
1999-03-24,COP,EOG,252,0.3557592012880523
1999-03-25,COP,EOG,252,0.355102232989149
1999-03-26,COP,EOG,252,0.3563160158001782
1999-03-29,COP,EOG,252,0.36105209015073714
1999-03-30,COP,EOG,252,0.3637571162584672
1999-03-31,COP,EOG,252,0.36415567472459215
1999-04-01,COP,EOG,252,0.3643416682984957
1999-04-05,COP,EOG,252,0.36663520995440735
1999-04-06,COP,EOG,252,0.36690651330833585
1999-04-07,COP,EOG,252,0.36566462981399056
1999-04-08,COP,EOG,252,0.3650197997974186
1999-04-09,COP,EOG,252,0.3640738515601959
1999-04-12,COP,EOG,252,0.36488915313165854
1999-04-13,COP,EOG,252,0.3611977803503188
1999-04-14,COP,EOG,252,0.3620926271986207
1999-04-15,COP,EOG,252,0.36832567869121297
1999-04-16,COP,EOG,252,0.37225279437493636
1999-04-19,COP,EOG,252,0.3721408345112741
1999-04-20,COP,EOG,252,0.376514939541429
1999-04-21,COP,EOG,252,0.3735419035138174
1999-04-22,COP,EOG,252,0.371500089304616
1999-04-23,COP,EOG,252,0.3711614423533663
1999-04-26,COP,EOG,252,0.3745502482001895
1999-04-27,COP,EOG,252,0.37774627649026254
1999-04-28,COP,EOG,252,0.3854336743581898
1999-04-29,COP,EOG,252,0.38386346442625313
1999-04-30,COP,EOG,252,0.3827102447416664
1999-05-03,COP,EOG,252,0.38287683371321624
1999-05-04,COP,EOG,252,0.3816117969984656
1999-05-05,COP,EOG,252,0.3822062368094426
1999-05-06,COP,EOG,252,0.38128706366524495
1999-05-07,COP,EOG,252,0.38073888298677927
1999-05-10,COP,EOG,252,0.38151371995646255
1999-05-11,COP,EOG,252,0.38485206390523047
1999-05-12,COP,EOG,252,0.38441237987616333
1999-05-13,COP,EOG,252,0.38488471078208636
1999-05-14,COP,EOG,252,0.38999107026073554
1999-05-17,COP,EOG,252,0.3893338753982434
1999-05-18,COP,EOG,252,0.3906263260627251
1999-05-19,COP,EOG,252,0.39392834484942857
1999-05-20,COP,EOG,252,0.3927684276789936
1999-05-21,COP,EOG,252,0.3930130208531516
1999-05-24,COP,EOG,252,0.39012747670059195
1999-05-25,COP,EOG,252,0.38815573250088553
1999-05-26,COP,EOG,252,0.39015874219975577
1999-05-27,COP,EOG,252,0.3901153590310912
1999-05-28,COP,EOG,252,0.3922721908174969
1999-06-01,COP,EOG,252,0.3898119548682264
1999-06-02,COP,EOG,252,0.38883979240731087
1999-06-03,COP,EOG,252,0.38863041240627805
1999-06-04,COP,EOG,252,0.387372932998
1999-06-07,COP,EOG,252,0.38874363567531683
1999-06-08,COP,EOG,252,0.3843057351344338
1999-06-09,COP,EOG,252,0.38380505706846724
1999-06-10,COP,EOG,252,0.38203820538131167
1999-06-11,COP,EOG,252,0.3817882755452678
1999-06-14,COP,EOG,252,0.3821913397082088
1999-06-15,COP,EOG,252,0.38250399644154154
1999-06-16,COP,EOG,252,0.3841492688988886
1999-06-17,COP,EOG,252,0.37806418444207457
1999-06-18,COP,EOG,252,0.3775206868209255
1999-06-21,COP,EOG,252,0.3776468308556148
1999-06-22,COP,EOG,252,0.3759218997673596
1999-06-23,COP,EOG,252,0.3736312789651439
1999-06-24,COP,EOG,252,0.37570962154192844
1999-06-25,COP,EOG,252,0.37492891893301866
1999-06-28,COP,EOG,252,0.3723065125544039
1999-06-29,COP,EOG,252,0.3712097493550559
1999-06-30,COP,EOG,252,0.3693412903144193
1999-07-01,COP,EOG,252,0.3699738826302179
1999-07-02,COP,EOG,252,0.370492561492387
1999-07-06,COP,EOG,252,0.3653098977796882
1999-07-07,COP,EOG,252,0.36299696985144725
1999-07-08,COP,EOG,252,0.36281480185995213
1999-07-09,COP,EOG,252,0.36113202907134967
1999-07-12,COP,EOG,252,0.36106526157141366
1999-07-13,COP,EOG,252,0.3544141082364864
1999-07-14,COP,EOG,252,0.35216160950615155
1999-07-15,COP,EOG,252,0.35076705319957324
1999-07-16,COP,EOG,252,0.35136347413855323
1999-07-19,COP,EOG,252,0.3522300116231323
1999-07-20,COP,EOG,252,0.3496032937354742
1999-07-21,COP,EOG,252,0.3472247660394999
1999-07-22,COP,EOG,252,0.34663972157526196
1999-07-23,COP,EOG,252,0.3501476293366902
1999-07-26,COP,EOG,252,0.3626237584470203
1999-07-27,COP,EOG,252,0.3628843602167626
1999-07-28,COP,EOG,252,0.3618469515004192
1999-07-29,COP,EOG,252,0.35601977893236425
1999-07-30,COP,EOG,252,0.3551380712108768
1999-08-02,COP,EOG,252,0.3514324101594711
1999-08-03,COP,EOG,252,0.35345162452058365
1999-08-04,COP,EOG,252,0.35341401549959883
1999-08-05,COP,EOG,252,0.35499489007067414
1999-08-06,COP,EOG,252,0.34414981804153544
1999-08-09,COP,EOG,252,0.34076417213658144
1999-08-10,COP,EOG,252,0.32114812516419455
1999-08-11,COP,EOG,252,0.33092522257464013
1999-08-12,COP,EOG,252,0.3283826859214169
1999-08-13,COP,EOG,252,0.34467018381788433
1999-08-16,COP,EOG,252,0.3511713150001237
1999-08-17,COP,EOG,252,0.35753028383216146
1999-08-18,COP,EOG,252,0.3583348786290505
1999-08-19,COP,EOG,252,0.35391344733284796
1999-08-20,COP,EOG,252,0.351447076055548
1999-08-23,COP,EOG,252,0.3499826518255653
1999-08-24,COP,EOG,252,0.34659118086661866
1999-08-25,COP,EOG,252,0.34821115439627864
1999-08-26,COP,EOG,252,0.34370850704705
1999-08-27,COP,EOG,252,0.33813601794353954
1999-08-30,COP,EOG,252,0.34283713916953096
1999-08-31,COP,EOG,252,0.3366642765698768
1999-09-01,COP,EOG,252,0.3287499651377323
1999-09-02,COP,EOG,252,0.3297897137071915
1999-09-03,COP,EOG,252,0.32939462098595185
1999-09-07,COP,EOG,252,0.327819781670751
1999-09-08,COP,EOG,252,0.3269663591364374
1999-09-09,COP,EOG,252,0.329446707901905
1999-09-10,COP,EOG,252,0.3287499312810887
1999-09-13,COP,EOG,252,0.31515114674039985
1999-09-14,COP,EOG,252,0.31557704102505957
1999-09-15,COP,EOG,252,0.31875654734641
1999-09-16,COP,EOG,252,0.31864471576496295
1999-09-17,COP,EOG,252,0.31573574588527953
1999-09-20,COP,EOG,252,0.3237236007041098
1999-09-21,COP,EOG,252,0.34089234582818506
1999-09-22,COP,EOG,252,0.3382486822324593
1999-09-23,COP,EOG,252,0.3165708056353191
1999-09-24,COP,EOG,252,0.3378070632551873
1999-09-27,COP,EOG,252,0.33058587747862916
1999-09-28,COP,EOG,252,0.3348883363594063
1999-09-29,COP,EOG,252,0.3409808057612805
1999-09-30,COP,EOG,252,0.3370904131578629
1999-10-01,COP,EOG,252,0.33105109739543837
1999-10-04,COP,EOG,252,0.332530566562318
1999-10-05,COP,EOG,252,0.33367173765463715
1999-10-06,COP,EOG,252,0.3296237348671411
1999-10-07,COP,EOG,252,0.3257777672904859
1999-10-08,COP,EOG,252,0.3208057030721205
1999-10-11,COP,EOG,252,0.32139609689479537
1999-10-12,COP,EOG,252,0.3208063144144096
1999-10-13,COP,EOG,252,0.3330967665787686
1999-10-14,COP,EOG,252,0.34139670635959624
1999-10-15,COP,EOG,252,0.3431337369741766
1999-10-18,COP,EOG,252,0.3439800215724901
1999-10-19,COP,EOG,252,0.3390864595930325
1999-10-20,COP,EOG,252,0.3421776702841008
1999-10-21,COP,EOG,252,0.34490980932567067
1999-10-22,COP,EOG,252,0.3622860101412874
1999-10-25,COP,EOG,252,0.36579287961945317
1999-10-26,COP,EOG,252,0.3681581303312831
1999-10-27,COP,EOG,252,0.3683972600172757
1999-10-28,COP,EOG,252,0.3663187061241592
1999-10-29,COP,EOG,252,0.3659893901831778
1999-11-01,COP,EOG,252,0.37189602148507067
1999-11-02,COP,EOG,252,0.36217828389040196
1999-11-03,COP,EOG,252,0.36154080109543657
1999-11-04,COP,EOG,252,0.3639635486641798
1999-11-05,COP,EOG,252,0.36491128057120037
1999-11-08,COP,EOG,252,0.36744694349566837
1999-11-09,COP,EOG,252,0.3699607539696672
1999-11-10,COP,EOG,252,0.3692036893478102
1999-11-11,COP,EOG,252,0.3679842426277956
1999-11-12,COP,EOG,252,0.36474536786739414
1999-11-15,COP,EOG,252,0.3649502883482168
1999-11-16,COP,EOG,252,0.358040606141016
1999-11-17,COP,EOG,252,0.35743484285076194
1999-11-18,COP,EOG,252,0.36035757974704685
1999-11-19,COP,EOG,252,0.35864929734477186
1999-11-22,COP,EOG,252,0.36206954618748566
1999-11-23,COP,EOG,252,0.3639411728110046
1999-11-24,COP,EOG,252,0.3620753238493591
1999-11-26,COP,EOG,252,0.36194463129888754
1999-11-29,COP,EOG,252,0.35805194643456423
1999-11-30,COP,EOG,252,0.3352149561788513
1999-12-01,COP,EOG,252,0.3314910180002317
1999-12-02,COP,EOG,252,0.33881511045794976
1999-12-03,COP,EOG,252,0.3352173305162925
1999-12-06,COP,EOG,252,0.33804272028090593
1999-12-07,COP,EOG,252,0.3396938342258319
1999-12-08,COP,EOG,252,0.3408309027351114
1999-12-09,COP,EOG,252,0.3401433962321406
1999-12-10,COP,EOG,252,0.3390963915587488
1999-12-13,COP,EOG,252,0.3425745798548036
1999-12-14,COP,EOG,252,0.3420810948387897
1999-12-15,COP,EOG,252,0.3668018047233481
1999-12-16,COP,EOG,252,0.3587078148254869
1999-12-17,COP,EOG,252,0.3559288927407408
1999-12-20,COP,EOG,252,0.3566385822525109
1999-12-21,COP,EOG,252,0.3558494394489111
1999-12-22,COP,EOG,252,0.35602718427364044
1999-12-23,COP,EOG,252,0.35666413462345936
1999-12-27,COP,EOG,252,0.3561314481795874
1999-12-28,COP,EOG,252,0.35784042196971155
1999-12-29,COP,EOG,252,0.3589210091485589
1999-12-30,COP,EOG,252,0.35754261520727376
1999-12-31,COP,EOG,252,0.35643012173876454
2000-01-03,COP,EOG,252,0.37454435607716713
2000-01-04,COP,EOG,252,0.3738754656361496
2000-01-05,COP,EOG,252,0.37415907940416443
2000-01-06,COP,EOG,252,0.3807195763387318
2000-01-07,COP,EOG,252,0.38600065779277387
2000-01-10,COP,EOG,252,0.38193003186373997
2000-01-11,COP,EOG,252,0.38188291922925993
2000-01-12,COP,EOG,252,0.38103104328696014
2000-01-13,COP,EOG,252,0.3807332334302162
2000-01-14,COP,EOG,252,0.37931566939502587
2000-01-18,COP,EOG,252,0.38924572913029915
2000-01-19,COP,EOG,252,0.38893012828441964
2000-01-20,COP,EOG,252,0.3909815865594737
2000-01-21,COP,EOG,252,0.389847542237583
2000-01-24,COP,EOG,252,0.39097727110000163
2000-01-25,COP,EOG,252,0.3893209288197148
2000-01-26,COP,EOG,252,0.38134829651377267
2000-01-27,COP,EOG,252,0.3835438700769248
2000-01-28,COP,EOG,252,0.386717143329231
2000-01-31,COP,EOG,252,0.39074047175188764
2000-02-01,COP,EOG,252,0.39524448661472555
2000-02-02,COP,EOG,252,0.3845385474953371
2000-02-03,COP,EOG,252,0.38714734333444356
2000-02-04,COP,EOG,252,0.3855780290388266
2000-02-07,COP,EOG,252,0.3824340195290204
2000-02-08,COP,EOG,252,0.3831997754882021
2000-02-09,COP,EOG,252,0.39190297719714895
2000-02-10,COP,EOG,252,0.388204663056981
2000-02-11,COP,EOG,252,0.3882605852577628
2000-02-14,COP,EOG,252,0.3900113280081902
2000-02-15,COP,EOG,252,0.39234839874770444
2000-02-16,COP,EOG,252,0.3836172401754621
2000-02-17,COP,EOG,252,0.3904546279037519
2000-02-18,COP,EOG,252,0.3933519595407566
2000-02-22,COP,EOG,252,0.39312748552481397
2000-02-23,COP,EOG,252,0.4018990515412569
2000-02-24,COP,EOG,252,0.40945012926121344
2000-02-25,COP,EOG,252,0.40755343108065833
2000-02-28,COP,EOG,252,0.4101325832503305
2000-02-29,COP,EOG,252,0.41895434615176935
2000-03-01,COP,EOG,252,0.42312585635793504
2000-03-02,COP,EOG,252,0.3911097250099113
2000-03-03,COP,EOG,252,0.38985443094899286
2000-03-06,COP,EOG,252,0.38844896607270984
2000-03-07,COP,EOG,252,0.4004654344565572
2000-03-08,COP,EOG,252,0.3886304418910089
2000-03-09,COP,EOG,252,0.3932899628960379
2000-03-10,COP,EOG,252,0.3937446770157091
2000-03-13,COP,EOG,252,0.39436728631524665
2000-03-14,COP,EOG,252,0.3948511050230625
2000-03-15,COP,EOG,252,0.38960721676352655
2000-03-16,COP,EOG,252,0.3944010785638317
2000-03-17,COP,EOG,252,0.3954781658954282
2000-03-20,COP,EOG,252,0.3977476905570536
2000-03-21,COP,EOG,252,0.3980578168000638
2000-03-22,COP,EOG,252,0.3958234162728898
2000-03-23,COP,EOG,252,0.39756371419279285
2000-03-24,COP,EOG,252,0.394187192912252
2000-03-27,COP,EOG,252,0.3914288716077262
2000-03-28,COP,EOG,252,0.3885618759523694
2000-03-29,COP,EOG,252,0.398359139693933
2000-03-30,COP,EOG,252,0.40599632761037924
2000-03-31,COP,EOG,252,0.3927039590769744
2000-04-03,COP,EOG,252,0.38930653514315666
2000-04-04,COP,EOG,252,0.3906656184589931
2000-04-05,COP,EOG,252,0.3924993902523048
2000-04-06,COP,EOG,252,0.39545905622693506
2000-04-07,COP,EOG,252,0.39313459263033523
2000-04-10,COP,EOG,252,0.39636700867970903
2000-04-11,COP,EOG,252,0.3996230547192011
2000-04-12,COP,EOG,252,0.3972804724088179
2000-04-13,COP,EOG,252,0.39720181494693435
2000-04-14,COP,EOG,252,0.3883380860119801
2000-04-17,COP,EOG,252,0.3846153261948014
2000-04-18,COP,EOG,252,0.38567749467443274
2000-04-19,COP,EOG,252,0.3836183043697488
2000-04-20,COP,EOG,252,0.3811174659896961
2000-04-24,COP,EOG,252,0.37145897502299613
2000-04-25,COP,EOG,252,0.3696293510753621
2000-04-26,COP,EOG,252,0.36608742736925515
2000-04-27,COP,EOG,252,0.36751547883359165
2000-04-28,COP,EOG,252,0.3573756936218283
2000-05-01,COP,EOG,252,0.3618373654511024
2000-05-02,COP,EOG,252,0.3615295064739796
2000-05-03,COP,EOG,252,0.36073791780600944
2000-05-04,COP,EOG,252,0.3622672097855921
2000-05-05,COP,EOG,252,0.3632973527836682
2000-05-08,COP,EOG,252,0.36293699910195143
2000-05-09,COP,EOG,252,0.3629390137495747
2000-05-10,COP,EOG,252,0.36390157254440786
2000-05-11,COP,EOG,252,0.36552439738043685
2000-05-12,COP,EOG,252,0.36406921355942373
2000-05-15,COP,EOG,252,0.36390985625216693
2000-05-16,COP,EOG,252,0.35735143381029355
2000-05-17,COP,EOG,252,0.3617641040422495
2000-05-18,COP,EOG,252,0.36395950572198715
2000-05-19,COP,EOG,252,0.3633200356552801
2000-05-22,COP,EOG,252,0.3653056764755197
2000-05-23,COP,EOG,252,0.36531835309800925
2000-05-24,COP,EOG,252,0.36406562154513644
2000-05-25,COP,EOG,252,0.36360933207228807
2000-05-26,COP,EOG,252,0.3638027318824603
2000-05-30,COP,EOG,252,0.3684506723308527
2000-05-31,COP,EOG,252,0.3723632375878563
2000-06-01,COP,EOG,252,0.3727667895720806
2000-06-02,COP,EOG,252,0.38239573844718333
2000-06-05,COP,EOG,252,0.3827789871467454
2000-06-06,COP,EOG,252,0.3878204583781301
2000-06-07,COP,EOG,252,0.3877571139810088
2000-06-08,COP,EOG,252,0.3856637723949623
2000-06-09,COP,EOG,252,0.38552575424137325
2000-06-12,COP,EOG,252,0.38804248751502524
2000-06-13,COP,EOG,252,0.3889571203687326
2000-06-14,COP,EOG,252,0.3876672646993402
2000-06-15,COP,EOG,252,0.39076268743613435
2000-06-16,COP,EOG,252,0.3952899829400614
2000-06-19,COP,EOG,252,0.39581350872921167
2000-06-20,COP,EOG,252,0.3961919115166756
2000-06-21,COP,EOG,252,0.398621487524787
2000-06-22,COP,EOG,252,0.4003667569857395
2000-06-23,COP,EOG,252,0.4019726962431057
2000-06-26,COP,EOG,252,0.4048405863778466
2000-06-27,COP,EOG,252,0.4035616643090977
2000-06-28,COP,EOG,252,0.4050831490903631
2000-06-29,COP,EOG,252,0.4047473947631211
2000-06-30,COP,EOG,252,0.4046530180536094
2000-07-03,COP,EOG,252,0.4099921304778016
2000-07-05,COP,EOG,252,0.43914908955966664
2000-07-06,COP,EOG,252,0.42085303179680816
2000-07-07,COP,EOG,252,0.42292768002707504
2000-07-10,COP,EOG,252,0.42363388851569544
2000-07-11,COP,EOG,252,0.43246250832688
2000-07-12,COP,EOG,252,0.4344000020368925
2000-07-13,COP,EOG,252,0.43194081874222745
2000-07-14,COP,EOG,252,0.43149983521202784
2000-07-17,COP,EOG,252,0.4317092900198735
2000-07-18,COP,EOG,252,0.43552691545624866
2000-07-19,COP,EOG,252,0.43557260468674824
2000-07-20,COP,EOG,252,0.4361259546998495
2000-07-21,COP,EOG,252,0.4378366521046919
2000-07-24,COP,EOG,252,0.43779251160721694
2000-07-25,COP,EOG,252,0.43685085408562746
2000-07-26,COP,EOG,252,0.4355912248463226
2000-07-27,COP,EOG,252,0.4468544243318483
2000-07-28,COP,EOG,252,0.4482332130485727
2000-07-31,COP,EOG,252,0.44691835018493054
2000-08-01,COP,EOG,252,0.4450722872821552
2000-08-02,COP,EOG,252,0.44767264440997895
2000-08-03,COP,EOG,252,0.4437175337858013
2000-08-04,COP,EOG,252,0.4507247140966163
2000-08-07,COP,EOG,252,0.4523248392087842
2000-08-08,COP,EOG,252,0.4640795265435762
2000-08-09,COP,EOG,252,0.4637899507955744
2000-08-10,COP,EOG,252,0.46665706850944233
2000-08-11,COP,EOG,252,0.46593151420458107
2000-08-14,COP,EOG,252,0.46638802118499245
2000-08-15,COP,EOG,252,0.46788627012195066
2000-08-16,COP,EOG,252,0.46661805947086665
2000-08-17,COP,EOG,252,0.4710574816524232
2000-08-18,COP,EOG,252,0.4724083084229907
2000-08-21,COP,EOG,252,0.4728828543070967
2000-08-22,COP,EOG,252,0.4728905577801714
2000-08-23,COP,EOG,252,0.4748788558199938
2000-08-24,COP,EOG,252,0.47224038029802984
2000-08-25,COP,EOG,252,0.4716555661083043
2000-08-28,COP,EOG,252,0.472135404467179
2000-08-29,COP,EOG,252,0.4720629848164802
2000-08-30,COP,EOG,252,0.4731810939045002
2000-08-31,COP,EOG,252,0.4712378083561944
2000-09-01,COP,EOG,252,0.47182393404103873
2000-09-05,COP,EOG,252,0.47072832121726477
2000-09-06,COP,EOG,252,0.47096185197441714
2000-09-07,COP,EOG,252,0.470914255037749
2000-09-08,COP,EOG,252,0.47333642434245504
2000-09-11,COP,EOG,252,0.4739020013254198
2000-09-12,COP,EOG,252,0.4749890161511855
2000-09-13,COP,EOG,252,0.4736010119125302
2000-09-14,COP,EOG,252,0.4754369922333435
2000-09-15,COP,EOG,252,0.47711245922149165
2000-09-18,COP,EOG,252,0.4736707530996451
2000-09-19,COP,EOG,252,0.46628477931539664
2000-09-20,COP,EOG,252,0.4693972124520979
2000-09-21,COP,EOG,252,0.472713494181784
2000-09-22,COP,EOG,252,0.45851505857729724
2000-09-25,COP,EOG,252,0.46593190542725926
2000-09-26,COP,EOG,252,0.46049068758595696
2000-09-27,COP,EOG,252,0.45761993780927546
2000-09-28,COP,EOG,252,0.45816715520984863
2000-09-29,COP,EOG,252,0.459498768841677
2000-10-02,COP,EOG,252,0.46116720643008274
2000-10-03,COP,EOG,252,0.459758319568346
2000-10-04,COP,EOG,252,0.46732410276266534
2000-10-05,COP,EOG,252,0.4698182177852391
2000-10-06,COP,EOG,252,0.4657183533065498
2000-10-09,COP,EOG,252,0.4607150753449491
2000-10-10,COP,EOG,252,0.4655845443809322
2000-10-11,COP,EOG,252,0.4627591159184496
2000-10-12,COP,EOG,252,0.4598222829663002
2000-10-13,COP,EOG,252,0.4594924049571619
2000-10-16,COP,EOG,252,0.4609495339340984
2000-10-17,COP,EOG,252,0.4646564471636045
2000-10-18,COP,EOG,252,0.4634221781909307
2000-10-19,COP,EOG,252,0.46148428198441505
2000-10-20,COP,EOG,252,0.45862410193076364
2000-10-23,COP,EOG,252,0.4562183406457405
2000-10-24,COP,EOG,252,0.46040199326872944
2000-10-25,COP,EOG,252,0.46002159309442925
2000-10-26,COP,EOG,252,0.4564675597149629
2000-10-27,COP,EOG,252,0.45721652451455014
2000-10-30,COP,EOG,252,0.45733275347044433
2000-10-31,COP,EOG,252,0.4625925704095785
2000-11-01,COP,EOG,252,0.4623305117627234
2000-11-02,COP,EOG,252,0.46297869357776716
2000-11-03,COP,EOG,252,0.46226213309025677
2000-11-06,COP,EOG,252,0.4605381841084041
2000-11-07,COP,EOG,252,0.45870454236186436
2000-11-08,COP,EOG,252,0.4590506803308509
2000-11-09,COP,EOG,252,0.457974406924823
2000-11-10,COP,EOG,252,0.45740893395535087
2000-11-13,COP,EOG,252,0.4549867271562009
2000-11-14,COP,EOG,252,0.4634544425753614
2000-11-15,COP,EOG,252,0.4626744408294058
2000-11-16,COP,EOG,252,0.4604551297009444
2000-11-17,COP,EOG,252,0.4621730819632313
2000-11-20,COP,EOG,252,0.463247426606328
2000-11-21,COP,EOG,252,0.4636398322981635
2000-11-22,COP,EOG,252,0.46424863147402207
2000-11-24,COP,EOG,252,0.46241542233151595
2000-11-27,COP,EOG,252,0.46597462926023575
2000-11-28,COP,EOG,252,0.46614030711239884
2000-11-29,COP,EOG,252,0.4736822844672425
2000-11-30,COP,EOG,252,0.4698631536993429
2000-12-01,COP,EOG,252,0.4728249736084531
2000-12-04,COP,EOG,252,0.47616216384994026
2000-12-05,COP,EOG,252,0.4729637838043547
2000-12-06,COP,EOG,252,0.4655143849784202
2000-12-07,COP,EOG,252,0.4658911536338641
2000-12-08,COP,EOG,252,0.4649963560108961
2000-12-11,COP,EOG,252,0.45778251450641394
2000-12-12,COP,EOG,252,0.4575371782102391
2000-12-13,COP,EOG,252,0.45705019975592615
2000-12-14,COP,EOG,252,0.4639528007480324
2000-12-15,COP,EOG,252,0.4657498286783117
2000-12-18,COP,EOG,252,0.467580207822705
2000-12-19,COP,EOG,252,0.46670017835769284
2000-12-20,COP,EOG,252,0.4669189953592899
2000-12-21,COP,EOG,252,0.46734894241027586
2000-12-22,COP,EOG,252,0.4677750486946581
2000-12-26,COP,EOG,252,0.4727197147902712
2000-12-27,COP,EOG,252,0.47169453571975895
2000-12-28,COP,EOG,252,0.4731132604809096
2000-12-29,COP,EOG,252,0.4766874616397923
2001-01-02,COP,EOG,252,0.4649717502112689
2001-01-03,COP,EOG,252,0.4712787785102684
2001-01-04,COP,EOG,252,0.4706822075011333
2001-01-05,COP,EOG,252,0.46502173643247763
2001-01-08,COP,EOG,252,0.46469426488085636
2001-01-09,COP,EOG,252,0.46583775517262344
2001-01-10,COP,EOG,252,0.4648627183942849
2001-01-11,COP,EOG,252,0.4631573866576157
2001-01-12,COP,EOG,252,0.4617481710968816
2001-01-16,COP,EOG,252,0.46423201460113217
2001-01-17,COP,EOG,252,0.4696853660845954
2001-01-18,COP,EOG,252,0.4701737551816188
2001-01-19,COP,EOG,252,0.46802553958094856
2001-01-22,COP,EOG,252,0.4687872026301023
2001-01-23,COP,EOG,252,0.46731807586978813
2001-01-24,COP,EOG,252,0.4692513448655054
2001-01-25,COP,EOG,252,0.47353767366703625
2001-01-26,COP,EOG,252,0.47245244500062
2001-01-29,COP,EOG,252,0.46919869944549963
2001-01-30,COP,EOG,252,0.46537499274126115
2001-01-31,COP,EOG,252,0.46256224065715396
2001-02-01,COP,EOG,252,0.4667505873637214
2001-02-02,COP,EOG,252,0.46319010289631074
2001-02-05,COP,EOG,252,0.45059383122496577
2001-02-06,COP,EOG,252,0.4541291424682107
2001-02-07,COP,EOG,252,0.45536265710902024
2001-02-08,COP,EOG,252,0.45242121804645036
2001-02-09,COP,EOG,252,0.45715433488715607
2001-02-12,COP,EOG,252,0.4542660416871343
2001-02-13,COP,EOG,252,0.454456755559143
2001-02-14,COP,EOG,252,0.45332222094318475
2001-02-15,COP,EOG,252,0.4620037413607493
2001-02-16,COP,EOG,252,0.4621478433282491
2001-02-20,COP,EOG,252,0.4598178804650343
2001-02-21,COP,EOG,252,0.46156968153317574
2001-02-22,COP,EOG,252,0.45466538816698354
2001-02-23,COP,EOG,252,0.44817039738020786
2001-02-26,COP,EOG,252,0.4497755969959188
2001-02-27,COP,EOG,252,0.44957428792014587
2001-02-28,COP,EOG,252,0.4463048123033239
2001-03-01,COP,EOG,252,0.44533585222990396
2001-03-02,COP,EOG,252,0.47620638370814394
2001-03-05,COP,EOG,252,0.47728226704185867
2001-03-06,COP,EOG,252,0.47727176180532765
2001-03-07,COP,EOG,252,0.4671421643500133
2001-03-08,COP,EOG,252,0.46928816749648444
2001-03-09,COP,EOG,252,0.4690470927470231
2001-03-12,COP,EOG,252,0.47242200080834146
2001-03-13,COP,EOG,252,0.47270946660367824
2001-03-14,COP,EOG,252,0.4736064368455392
2001-03-15,COP,EOG,252,0.4741616029958119
2001-03-16,COP,EOG,252,0.4777742689668632
2001-03-19,COP,EOG,252,0.4780899523665973
2001-03-20,COP,EOG,252,0.4783073166610913
2001-03-21,COP,EOG,252,0.4811459597346914
2001-03-22,COP,EOG,252,0.487127251477866
2001-03-23,COP,EOG,252,0.48751897037727465
2001-03-26,COP,EOG,252,0.49007455813519213
2001-03-27,COP,EOG,252,0.4886757025902468
2001-03-28,COP,EOG,252,0.4904071915139913
2001-03-29,COP,EOG,252,0.48277941262267865
2001-03-30,COP,EOG,252,0.47957809719428773
2001-04-02,COP,EOG,252,0.4989083737759249
2001-04-03,COP,EOG,252,0.5055682787889813
2001-04-04,COP,EOG,252,0.5067870973941457
2001-04-05,COP,EOG,252,0.5083435692828489
2001-04-06,COP,EOG,252,0.5058604373792244
2001-04-09,COP,EOG,252,0.5100594490633765
2001-04-10,COP,EOG,252,0.5115123503002771
2001-04-11,COP,EOG,252,0.5084547635677936
2001-04-12,COP,EOG,252,0.5058096307688903
2001-04-16,COP,EOG,252,0.5078877216804556
2001-04-17,COP,EOG,252,0.5190292152556875
2001-04-18,COP,EOG,252,0.5193473899262493
2001-04-19,COP,EOG,252,0.5219100447317119
2001-04-20,COP,EOG,252,0.5258845683938372
2001-04-23,COP,EOG,252,0.5310340391110224
2001-04-24,COP,EOG,252,0.5387715385878897
2001-04-25,COP,EOG,252,0.5389691530212093
2001-04-26,COP,EOG,252,0.5388360990459401
2001-04-27,COP,EOG,252,0.5394009401400044
2001-04-30,COP,EOG,252,0.5514860781380954
2001-05-01,COP,EOG,252,0.5495384769517342
2001-05-02,COP,EOG,252,0.5616210339344829
2001-05-03,COP,EOG,252,0.5620912879587515
2001-05-04,COP,EOG,252,0.5636010802286775
2001-05-07,COP,EOG,252,0.5633357916683439
2001-05-08,COP,EOG,252,0.5633595169119588
2001-05-09,COP,EOG,252,0.565064715705567
2001-05-10,COP,EOG,252,0.5649623961966261
2001-05-11,COP,EOG,252,0.5636897233970826
2001-05-14,COP,EOG,252,0.5654920560075876
2001-05-15,COP,EOG,252,0.5682715192239151
2001-05-16,COP,EOG,252,0.5744772082065676
2001-05-17,COP,EOG,252,0.5740927975344097
2001-05-18,COP,EOG,252,0.5744865516056902
2001-05-21,COP,EOG,252,0.5743599008136399
2001-05-22,COP,EOG,252,0.575639097358587
2001-05-23,COP,EOG,252,0.5745620443863756
2001-05-24,COP,EOG,252,0.575653600671593
2001-05-25,COP,EOG,252,0.5766639852911806
2001-05-29,COP,EOG,252,0.5764493979136145
2001-05-30,COP,EOG,252,0.5737465766858902
2001-05-31,COP,EOG,252,0.5712671350937776
2001-06-01,COP,EOG,252,0.5711357652871466
2001-06-04,COP,EOG,252,0.564815217795649
2001-06-05,COP,EOG,252,0.5647124503431331
2001-06-06,COP,EOG,252,0.5649021681838138
2001-06-07,COP,EOG,252,0.5655322057337466
2001-06-08,COP,EOG,252,0.5685730539684752
2001-06-11,COP,EOG,252,0.5682865402030982
2001-06-12,COP,EOG,252,0.5668583319296434
2001-06-13,COP,EOG,252,0.5670420563136195
2001-06-14,COP,EOG,252,0.5683565136802511
2001-06-15,COP,EOG,252,0.5684101301008592
2001-06-18,COP,EOG,252,0.5652912370573541
2001-06-19,COP,EOG,252,0.5663772144901823
2001-06-20,COP,EOG,252,0.5668990375848304
2001-06-21,COP,EOG,252,0.5716922720112836
2001-06-22,COP,EOG,252,0.569866835133013
2001-06-25,COP,EOG,252,0.5702465526561353
2001-06-26,COP,EOG,252,0.5702093738807064
2001-06-27,COP,EOG,252,0.575381656534104
2001-06-28,COP,EOG,252,0.5776111234803355
2001-06-29,COP,EOG,252,0.5784000490377413
2001-07-02,COP,EOG,252,0.5793820698344311
2001-07-03,COP,EOG,252,0.5804528480046695
2001-07-05,COP,EOG,252,0.5552913657966987
2001-07-06,COP,EOG,252,0.5790777207545511
2001-07-09,COP,EOG,252,0.5793198073417887
2001-07-10,COP,EOG,252,0.5789264557413151
2001-07-11,COP,EOG,252,0.5718220876737479
2001-07-12,COP,EOG,252,0.5704904724471169
2001-07-13,COP,EOG,252,0.5751470812435175
2001-07-16,COP,EOG,252,0.5772504196519374
2001-07-17,COP,EOG,252,0.5794528523779089
2001-07-18,COP,EOG,252,0.5806343196814148
2001-07-19,COP,EOG,252,0.5816199329973748
2001-07-20,COP,EOG,252,0.5846870275209511
2001-07-23,COP,EOG,252,0.5819318394266122
2001-07-24,COP,EOG,252,0.584500713648815
2001-07-25,COP,EOG,252,0.5983089211275683
2001-07-26,COP,EOG,252,0.6023952553686894
2001-07-27,COP,EOG,252,0.5960291401388585
2001-07-30,COP,EOG,252,0.5924816680672859
2001-07-31,COP,EOG,252,0.5959193351396186
2001-08-01,COP,EOG,252,0.6006182159438437
2001-08-02,COP,EOG,252,0.5979505031518088
2001-08-03,COP,EOG,252,0.6027562501925839
2001-08-06,COP,EOG,252,0.607373262705017
2001-08-07,COP,EOG,252,0.6051976017347909
2001-08-08,COP,EOG,252,0.6039121634789654
2001-08-09,COP,EOG,252,0.6036504392640069
2001-08-10,COP,EOG,252,0.6019674486442143
2001-08-13,COP,EOG,252,0.6027837914554853
2001-08-14,COP,EOG,252,0.6024784227701736
2001-08-15,COP,EOG,252,0.6040596533244997
2001-08-16,COP,EOG,252,0.6056355319188375
2001-08-17,COP,EOG,252,0.6055432412959074
2001-08-20,COP,EOG,252,0.6064733186952215
2001-08-21,COP,EOG,252,0.6063152441894374
2001-08-22,COP,EOG,252,0.6062719104586841
2001-08-23,COP,EOG,252,0.601755220498591
2001-08-24,COP,EOG,252,0.6023334726624965
2001-08-27,COP,EOG,252,0.6031363714323202
2001-08-28,COP,EOG,252,0.6035795169555092
2001-08-29,COP,EOG,252,0.6043607868836541
2001-08-30,COP,EOG,252,0.6037035615816059
2001-08-31,COP,EOG,252,0.6028781273783081
2001-09-04,COP,EOG,252,0.6047266681900257
2001-09-05,COP,EOG,252,0.6017129325570822
2001-09-06,COP,EOG,252,0.6013038222633078
2001-09-07,COP,EOG,252,0.6019680137175719
2001-09-10,COP,EOG,252,0.6008993346516935
2001-09-17,COP,EOG,252,0.5938227132911617
2001-09-18,COP,EOG,252,0.6016064289799175
2001-09-19,COP,EOG,252,0.603388620764527
2001-09-20,COP,EOG,252,0.6028363817425535
2001-09-21,COP,EOG,252,0.6064111059104348
2001-09-24,COP,EOG,252,0.6105980182272888
2001-09-25,COP,EOG,252,0.6094739864500944
2001-09-26,COP,EOG,252,0.6078726646897872
2001-09-27,COP,EOG,252,0.6060614676719872
2001-09-28,COP,EOG,252,0.6140996536978252
2001-10-01,COP,EOG,252,0.6151150481742601
2001-10-02,COP,EOG,252,0.6137589061919296
2001-10-03,COP,EOG,252,0.6121586231263226
2001-10-04,COP,EOG,252,0.6130850726781201
2001-10-05,COP,EOG,252,0.6130598758475377
2001-10-08,COP,EOG,252,0.6129991661858764
2001-10-09,COP,EOG,252,0.6130830369771935
2001-10-10,COP,EOG,252,0.6158696084496087
2001-10-11,COP,EOG,252,0.6152116682221351
2001-10-12,COP,EOG,252,0.6207586589555371
2001-10-15,COP,EOG,252,0.62866254346555
2001-10-16,COP,EOG,252,0.6282195582555576
2001-10-17,COP,EOG,252,0.6294524835405542
2001-10-18,COP,EOG,252,0.6337039602065907
2001-10-19,COP,EOG,252,0.6354378059723631
2001-10-22,COP,EOG,252,0.6351652180154227
2001-10-23,COP,EOG,252,0.6332649774820888
2001-10-24,COP,EOG,252,0.6328020166738049
2001-10-25,COP,EOG,252,0.6351692537151068
2001-10-26,COP,EOG,252,0.6343392222397459
2001-10-29,COP,EOG,252,0.6342248203644754
2001-10-30,COP,EOG,252,0.6377010054761268
2001-10-31,COP,EOG,252,0.6420734847060641
2001-11-01,COP,EOG,252,0.6487478501773158
2001-11-02,COP,EOG,252,0.652120047458073
2001-11-05,COP,EOG,252,0.6501283112597814
2001-11-06,COP,EOG,252,0.650180462989927
2001-11-07,COP,EOG,252,0.6552895307086031
2001-11-08,COP,EOG,252,0.6538881952319701
2001-11-09,COP,EOG,252,0.6555564739455582
2001-11-12,COP,EOG,252,0.6570505711576872
2001-11-13,COP,EOG,252,0.6575191425411311
2001-11-14,COP,EOG,252,0.6633815625212129
2001-11-15,COP,EOG,252,0.6728324625963916
2001-11-16,COP,EOG,252,0.6736189035762519
2001-11-19,COP,EOG,252,0.6736120874892207
2001-11-20,COP,EOG,252,0.6756143025785519
2001-11-21,COP,EOG,252,0.6807764677449628
2001-11-23,COP,EOG,252,0.6816905873040856
2001-11-26,COP,EOG,252,0.6815145930272622
2001-11-27,COP,EOG,252,0.6803261065831928
2001-11-28,COP,EOG,252,0.6800562131621002
2001-11-29,COP,EOG,252,0.6812003728947592
2001-11-30,COP,EOG,252,0.6841089064843404
2001-12-03,COP,EOG,252,0.6843830078717013
2001-12-04,COP,EOG,252,0.6841944663250189
2001-12-05,COP,EOG,252,0.6833506019166115
2001-12-06,COP,EOG,252,0.6853485650222463
2001-12-07,COP,EOG,252,0.6828366306774402
2001-12-10,COP,EOG,252,0.6810113856853554
2001-12-11,COP,EOG,252,0.6969844886293322
2001-12-12,COP,EOG,252,0.7034501749976224
2001-12-13,COP,EOG,252,0.7041029724200055
2001-12-14,COP,EOG,252,0.7053216584647056
2001-12-17,COP,EOG,252,0.7166513943393479
2001-12-18,COP,EOG,252,0.7172803117242401
2001-12-19,COP,EOG,252,0.7185045051753098
2001-12-20,COP,EOG,252,0.71543179958398
2001-12-21,COP,EOG,252,0.7153128584994375
2001-12-24,COP,EOG,252,0.7137635247671791
2001-12-26,COP,EOG,252,0.7160194762051365
2001-12-27,COP,EOG,252,0.7163837741938799
2001-12-28,COP,EOG,252,0.716402209542576
2001-12-31,COP,EOG,252,0.7171192490793934
2002-01-02,COP,EOG,252,0.7125435514462116
2002-01-03,COP,EOG,252,0.7136302431625176
2002-01-04,COP,EOG,252,0.7137748336801095
2002-01-07,COP,EOG,252,0.7120229708772906
2002-01-08,COP,EOG,252,0.7130893297080915
2002-01-09,COP,EOG,252,0.7116071767046012
2002-01-10,COP,EOG,252,0.7118649094918966
2002-01-11,COP,EOG,252,0.7074234960366447
2002-01-14,COP,EOG,252,0.7097896215029612
2002-01-15,COP,EOG,252,0.7099367056571956
2002-01-16,COP,EOG,252,0.7134869191697617
2002-01-17,COP,EOG,252,0.7156823753333629
2002-01-18,COP,EOG,252,0.7167505374182545
2002-01-22,COP,EOG,252,0.7152132897314453
2002-01-23,COP,EOG,252,0.7145453493760567
2002-01-24,COP,EOG,252,0.7148169729179782
2002-01-25,COP,EOG,252,0.7152158933494087
2002-01-28,COP,EOG,252,0.7145859058976288
2002-01-29,COP,EOG,252,0.7161319877350649
2002-01-30,COP,EOG,252,0.7172465077507988
2002-01-31,COP,EOG,252,0.7135851892748165
2002-02-01,COP,EOG,252,0.711588369727788
2002-02-04,COP,EOG,252,0.7146822404087259
2002-02-05,COP,EOG,252,0.7163426093807439
2002-02-06,COP,EOG,252,0.7202478990848498
2002-02-07,COP,EOG,252,0.7208275735824348
2002-02-08,COP,EOG,252,0.7251060324001304
2002-02-11,COP,EOG,252,0.7591687365657802
2002-02-12,COP,EOG,252,0.759121245698267
2002-02-13,COP,EOG,252,0.7582388040101178
2002-02-14,COP,EOG,252,0.7593921670735848
2002-02-15,COP,EOG,252,0.7575908480496566
2002-02-19,COP,EOG,252,0.7556270030367401
2002-02-20,COP,EOG,252,0.7554429539433851
2002-02-21,COP,EOG,252,0.7563773131973598
2002-02-22,COP,EOG,252,0.7575746484054102
2002-02-25,COP,EOG,252,0.7587462049944501
2002-02-26,COP,EOG,252,0.7588325602323295
2002-02-27,COP,EOG,252,0.7578694982591374
2002-02-28,COP,EOG,252,0.7586559272045696
2002-03-01,COP,EOG,252,0.7584523845919044
2002-03-04,COP,EOG,252,0.7594459310939399
2002-03-05,COP,EOG,252,0.7594290283264663
2002-03-06,COP,EOG,252,0.760325723288463
2002-03-07,COP,EOG,252,0.7584723887467337
2002-03-08,COP,EOG,252,0.7566772792844014
2002-03-11,COP,EOG,252,0.7567712128092341
2002-03-12,COP,EOG,252,0.7561711120636058
2002-03-13,COP,EOG,252,0.7566131098239182
2002-03-14,COP,EOG,252,0.7553289383732915
2002-03-15,COP,EOG,252,0.7548231951787142
2002-03-18,COP,EOG,252,0.7536963824113354
2002-03-19,COP,EOG,252,0.7534563124945635
2002-03-20,COP,EOG,252,0.7533895309366501
2002-03-21,COP,EOG,252,0.7525956564234012
2002-03-22,COP,EOG,252,0.7533268679750752
2002-03-25,COP,EOG,252,0.7528867991596355
2002-03-26,COP,EOG,252,0.7522781745414299
2002-03-27,COP,EOG,252,0.7546638208036968
2002-03-28,COP,EOG,252,0.7535360688940186
2002-04-01,COP,EOG,252,0.7540023705237423
2002-04-02,COP,EOG,252,0.7529826092974485
2002-04-03,COP,EOG,252,0.755872927151124
2002-04-04,COP,EOG,252,0.7570000435375911
2002-04-05,COP,EOG,252,0.7593225271830274
2002-04-08,COP,EOG,252,0.7592428156633679
2002-04-09,COP,EOG,252,0.7582141086767785
2002-04-10,COP,EOG,252,0.7586850980428608
2002-04-11,COP,EOG,252,0.7569864071011605
2002-04-12,COP,EOG,252,0.7584661614005102
2002-04-15,COP,EOG,252,0.7596801277277573
2002-04-16,COP,EOG,252,0.7573819903598982
2002-04-17,COP,EOG,252,0.7556216905259296
2002-04-18,COP,EOG,252,0.7567076698659073
2002-04-19,COP,EOG,252,0.7573920681562293
2002-04-22,COP,EOG,252,0.7554353135382919
2002-04-23,COP,EOG,252,0.7561461037813748
2002-04-24,COP,EOG,252,0.7565935422499931
2002-04-25,COP,EOG,252,0.7569711125320204
2002-04-26,COP,EOG,252,0.756181551933738
2002-04-29,COP,EOG,252,0.7548100368075173
2002-04-30,COP,EOG,252,0.7551440453884397
2002-05-01,COP,EOG,252,0.754500542647584
2002-05-02,COP,EOG,252,0.754911861604424
2002-05-03,COP,EOG,252,0.7551964268405891
2002-05-06,COP,EOG,252,0.7569271328913882
2002-05-07,COP,EOG,252,0.756817876028224
2002-05-08,COP,EOG,252,0.7506367231566159
2002-05-09,COP,EOG,252,0.7502480504987474
2002-05-10,COP,EOG,252,0.7481351159014243
2002-05-13,COP,EOG,252,0.7491545146167862
2002-05-14,COP,EOG,252,0.7490536824948288
2002-05-15,COP,EOG,252,0.748389212975147
2002-05-16,COP,EOG,252,0.7491447834941423
2002-05-17,COP,EOG,252,0.7493766483516893
2002-05-20,COP,EOG,252,0.7479059468089787
2002-05-21,COP,EOG,252,0.7462946693014381
2002-05-22,COP,EOG,252,0.7505523900645803
2002-05-23,COP,EOG,252,0.7507650948661178
2002-05-24,COP,EOG,252,0.7508203642390961
2002-05-28,COP,EOG,252,0.7516984694886997
2002-05-29,COP,EOG,252,0.751243470692037
2002-05-30,COP,EOG,252,0.7557224991980667
2002-05-31,COP,EOG,252,0.7556293445687291
2002-06-03,COP,EOG,252,0.7563649723871964
2002-06-04,COP,EOG,252,0.7565655375876982
2002-06-05,COP,EOG,252,0.756187457859186
2002-06-06,COP,EOG,252,0.7562276697855583
2002-06-07,COP,EOG,252,0.7567719813041855
2002-06-10,COP,EOG,252,0.7571839611163818
2002-06-11,COP,EOG,252,0.7571272338466474
2002-06-12,COP,EOG,252,0.7590476674213605
2002-06-13,COP,EOG,252,0.7587533732246241
2002-06-14,COP,EOG,252,0.7583249612513181
2002-06-17,COP,EOG,252,0.7591145030392838
2002-06-18,COP,EOG,252,0.7591209337829781
2002-06-19,COP,EOG,252,0.7586038379736503
2002-06-20,COP,EOG,252,0.7580834530548355
2002-06-21,COP,EOG,252,0.7580379401314822
2002-06-24,COP,EOG,252,0.7574945547356174
2002-06-25,COP,EOG,252,0.7572818148361774
2002-06-26,COP,EOG,252,0.7556818185757508
2002-06-27,COP,EOG,252,0.7516908209721295
2002-06-28,COP,EOG,252,0.7520563480375114
2002-07-01,COP,EOG,252,0.7498071404873449
2002-07-02,COP,EOG,252,0.7510786629806107
2002-07-03,COP,EOG,252,0.7488092887343695
2002-07-05,COP,EOG,252,0.7516450675137495
2002-07-08,COP,EOG,252,0.7463928603912091
2002-07-09,COP,EOG,252,0.7459981047545055
2002-07-10,COP,EOG,252,0.7464111969158311
2002-07-11,COP,EOG,252,0.7401282574602738
2002-07-12,COP,EOG,252,0.7415274975143306
2002-07-15,COP,EOG,252,0.7378701416908695
2002-07-16,COP,EOG,252,0.7385365283022914
2002-07-17,COP,EOG,252,0.736475906334544
2002-07-18,COP,EOG,252,0.735409760435189
2002-07-19,COP,EOG,252,0.7366487810828508
2002-07-22,COP,EOG,252,0.7458801518790174
2002-07-23,COP,EOG,252,0.7454055724391732
2002-07-24,COP,EOG,252,0.7512623354212796
2002-07-25,COP,EOG,252,0.7539616243499931
2002-07-26,COP,EOG,252,0.7533823108844979
2002-07-29,COP,EOG,252,0.7593815547818914
2002-07-30,COP,EOG,252,0.7565842502658321
2002-07-31,COP,EOG,252,0.7421033453600856
2002-08-01,COP,EOG,252,0.7415347751681285
2002-08-02,COP,EOG,252,0.74308487406677
2002-08-05,COP,EOG,252,0.7499729950316127
2002-08-06,COP,EOG,252,0.7530430115451289
2002-08-07,COP,EOG,252,0.7543066306312748
2002-08-08,COP,EOG,252,0.7566521396703116
2002-08-09,COP,EOG,252,0.7563433181529098
2002-08-12,COP,EOG,252,0.7556303905801763
2002-08-13,COP,EOG,252,0.7598148313353903
2002-08-14,COP,EOG,252,0.7619657638470694
2002-08-15,COP,EOG,252,0.7609227214680688
2002-08-16,COP,EOG,252,0.7613891544633867
2002-08-19,COP,EOG,252,0.7619211926760769
2002-08-20,COP,EOG,252,0.7629989027284075
2002-08-21,COP,EOG,252,0.7655063989200499
2002-08-22,COP,EOG,252,0.7664705201869024
2002-08-23,COP,EOG,252,0.7662576153239822
2002-08-26,COP,EOG,252,0.7676369316586351
2002-08-27,COP,EOG,252,0.767142943806863
2002-08-28,COP,EOG,252,0.7667789072392022
2002-08-29,COP,EOG,252,0.7690595542382339
2002-08-30,COP,EOG,252,0.7730998096636706
2002-09-03,COP,EOG,252,0.7681233689530478
2002-09-04,COP,EOG,252,0.7655427413578759
2002-09-05,COP,EOG,252,0.7651353864676774
2002-09-06,COP,EOG,252,0.7636415214931115
2002-09-09,COP,EOG,252,0.7643930953946876
2002-09-10,COP,EOG,252,0.7641461810693287
2002-09-11,COP,EOG,252,0.7687629238076246
2002-09-12,COP,EOG,252,0.7696857546671292
2002-09-13,COP,EOG,252,0.7696261398349009
2002-09-16,COP,EOG,252,0.7697064889824822
2002-09-17,COP,EOG,252,0.7817070370996697
2002-09-18,COP,EOG,252,0.775560445421435
2002-09-19,COP,EOG,252,0.7748636315167131
2002-09-20,COP,EOG,252,0.7750853620862824
2002-09-23,COP,EOG,252,0.7739888300272855
2002-09-24,COP,EOG,252,0.7717227568785653
2002-09-25,COP,EOG,252,0.7715447160127581
2002-09-26,COP,EOG,252,0.7732124784882319
2002-09-27,COP,EOG,252,0.7682245122905567
2002-09-30,COP,EOG,252,0.7582838762064563
2002-10-01,COP,EOG,252,0.7509924361192217
2002-10-02,COP,EOG,252,0.7469336733193093
2002-10-03,COP,EOG,252,0.7393262274815058
2002-10-04,COP,EOG,252,0.7422083059200849
2002-10-07,COP,EOG,252,0.7422922380471536
2002-10-08,COP,EOG,252,0.7391206497632166
2002-10-09,COP,EOG,252,0.7402685090721203
2002-10-10,COP,EOG,252,0.7346305493047125
2002-10-11,COP,EOG,252,0.7348406506751184
2002-10-14,COP,EOG,252,0.7395988226342294
2002-10-15,COP,EOG,252,0.7390509265777284
2002-10-16,COP,EOG,252,0.7380450190209052
2002-10-17,COP,EOG,252,0.7402110156128612
2002-10-18,COP,EOG,252,0.7393094620019601
2002-10-21,COP,EOG,252,0.7390972150504465
2002-10-22,COP,EOG,252,0.7389137037616761
2002-10-23,COP,EOG,252,0.7397898444762518
2002-10-24,COP,EOG,252,0.7411208981972333
2002-10-25,COP,EOG,252,0.7310900758996552
2002-10-28,COP,EOG,252,0.729780747993404
2002-10-29,COP,EOG,252,0.7312024737300895
2002-10-30,COP,EOG,252,0.7293381366548182
2002-10-31,COP,EOG,252,0.7296098580263252
2002-11-01,COP,EOG,252,0.7273809822823553
2002-11-04,COP,EOG,252,0.722548173933649
2002-11-05,COP,EOG,252,0.7234941066849024
2002-11-06,COP,EOG,252,0.7237056419096282
2002-11-07,COP,EOG,252,0.7228389663537939
2002-11-08,COP,EOG,252,0.7225496909363776
2002-11-11,COP,EOG,252,0.7200598565429903
2002-11-12,COP,EOG,252,0.7198290917196506
2002-11-13,COP,EOG,252,0.7223124107008694
2002-11-14,COP,EOG,252,0.7178528677654343
2002-11-15,COP,EOG,252,0.7109507087166539
2002-11-18,COP,EOG,252,0.7115108029458485
2002-11-19,COP,EOG,252,0.7125111505259607
2002-11-20,COP,EOG,252,0.7109706780416557
2002-11-21,COP,EOG,252,0.7111942171992655
2002-11-22,COP,EOG,252,0.7136933521719191
2002-11-25,COP,EOG,252,0.7126888219784715
2002-11-26,COP,EOG,252,0.7150824702319616
2002-11-27,COP,EOG,252,0.715794179690808
2002-11-29,COP,EOG,252,0.7130174518045752
2002-12-02,COP,EOG,252,0.7128769501387813
2002-12-03,COP,EOG,252,0.7123793154410668
2002-12-04,COP,EOG,252,0.7112325646179032
2002-12-05,COP,EOG,252,0.7064975221460227
2002-12-06,COP,EOG,252,0.7082927175983716
2002-12-09,COP,EOG,252,0.711390131947488
2002-12-10,COP,EOG,252,0.7124688176365801
2002-12-11,COP,EOG,252,0.7093024752138064
2002-12-12,COP,EOG,252,0.7103523641735604
2002-12-13,COP,EOG,252,0.7098413950276932
2002-12-16,COP,EOG,252,0.706346954829248
2002-12-17,COP,EOG,252,0.7043277780822351
2002-12-18,COP,EOG,252,0.7038109118388213
2002-12-19,COP,EOG,252,0.7020936201519564
2002-12-20,COP,EOG,252,0.7063406752150445
2002-12-23,COP,EOG,252,0.7057785256671397
2002-12-24,COP,EOG,252,0.7057915758070628
2002-12-26,COP,EOG,252,0.7049189202226713
2002-12-27,COP,EOG,252,0.7061381587026062
2002-12-30,COP,EOG,252,0.7044791529570982
2002-12-31,COP,EOG,252,0.7044703543519139
2003-01-02,COP,EOG,252,0.7080356131837188
2003-01-03,COP,EOG,252,0.708004177612117
2003-01-06,COP,EOG,252,0.7048433046640669
2003-01-07,COP,EOG,252,0.7106520389027952
2003-01-08,COP,EOG,252,0.7095845046747054
2003-01-09,COP,EOG,252,0.7098586257128726
2003-01-10,COP,EOG,252,0.7099238034089251
2003-01-13,COP,EOG,252,0.7147855602492666
2003-01-14,COP,EOG,252,0.7138063070196182
2003-01-15,COP,EOG,252,0.7123036883859281
2003-01-16,COP,EOG,252,0.710598407226003
2003-01-17,COP,EOG,252,0.7123285729879636
2003-01-21,COP,EOG,252,0.715217566246933
2003-01-22,COP,EOG,252,0.7153585188642894
2003-01-23,COP,EOG,252,0.7133967125245632
2003-01-24,COP,EOG,252,0.7150121698456543
2003-01-27,COP,EOG,252,0.7170418724196164
2003-01-28,COP,EOG,252,0.7190554316590344
2003-01-29,COP,EOG,252,0.7171206422115656
2003-01-30,COP,EOG,252,0.7171648366352442
2003-01-31,COP,EOG,252,0.7212072762256577
2003-02-03,COP,EOG,252,0.7210857977479118
2003-02-04,COP,EOG,252,0.7208709393651448
2003-02-05,COP,EOG,252,0.7207447640117836
2003-02-06,COP,EOG,252,0.7214892191918928
2003-02-07,COP,EOG,252,0.7209099632094752
2003-02-10,COP,EOG,252,0.7211132026714937
2003-02-11,COP,EOG,252,0.7210128435418902
2003-02-12,COP,EOG,252,0.7210068415581324
2003-02-13,COP,EOG,252,0.7209382916690212
2003-02-14,COP,EOG,252,0.7210920560120696
2003-02-18,COP,EOG,252,0.7229585415600871
2003-02-19,COP,EOG,252,0.7268267346659626
2003-02-20,COP,EOG,252,0.7231319985472545
2003-02-21,COP,EOG,252,0.7218290503909548
2003-02-24,COP,EOG,252,0.7169566455111211
2003-02-25,COP,EOG,252,0.7155400830868227
2003-02-26,COP,EOG,252,0.7155917006014414
2003-02-27,COP,EOG,252,0.7131093585172797
2003-02-28,COP,EOG,252,0.7119521254451967
2003-03-03,COP,EOG,252,0.7075343314096659
2003-03-04,COP,EOG,252,0.7071310586502073
2003-03-05,COP,EOG,252,0.7059749265326053
2003-03-06,COP,EOG,252,0.7062074496830798
2003-03-07,COP,EOG,252,0.7082466755219486
2003-03-10,COP,EOG,252,0.7067708604019777
2003-03-11,COP,EOG,252,0.7060666114384927
2003-03-12,COP,EOG,252,0.7080910223816086
2003-03-13,COP,EOG,252,0.7045484791193786
2003-03-14,COP,EOG,252,0.7015175808076036
2003-03-17,COP,EOG,252,0.7018101764233384
2003-03-18,COP,EOG,252,0.7002452265142005
2003-03-19,COP,EOG,252,0.7004870622571355
2003-03-20,COP,EOG,252,0.700666213959202
2003-03-21,COP,EOG,252,0.7022730122154518
2003-03-24,COP,EOG,252,0.7020809147556398
2003-03-25,COP,EOG,252,0.7027856118278598
2003-03-26,COP,EOG,252,0.704184265043105
2003-03-27,COP,EOG,252,0.7029559761845839
2003-03-28,COP,EOG,252,0.7036802089741033
2003-03-31,COP,EOG,252,0.7020268330958446
2003-04-01,COP,EOG,252,0.7040669172944791
2003-04-02,COP,EOG,252,0.7044528056415622
2003-04-03,COP,EOG,252,0.7044642575290382
2003-04-04,COP,EOG,252,0.7014563406551425
2003-04-07,COP,EOG,252,0.7003984106769526
2003-04-08,COP,EOG,252,0.6978153493029443
2003-04-09,COP,EOG,252,0.6985179006970443
2003-04-10,COP,EOG,252,0.6943618445754804
2003-04-11,COP,EOG,252,0.6909080107203871
2003-04-14,COP,EOG,252,0.6889924841598398
2003-04-15,COP,EOG,252,0.6895961852117863
2003-04-16,COP,EOG,252,0.6915076230624134
2003-04-17,COP,EOG,252,0.6915732972654685
2003-04-21,COP,EOG,252,0.6901105005944906
2003-04-22,COP,EOG,252,0.6909786867713572
2003-04-23,COP,EOG,252,0.6905065117940103
2003-04-24,COP,EOG,252,0.6904596376865015
2003-04-25,COP,EOG,252,0.6900618242726092
2003-04-28,COP,EOG,252,0.6903106765584981
2003-04-29,COP,EOG,252,0.6896656614713076
2003-04-30,COP,EOG,252,0.6901062758993655
2003-05-01,COP,EOG,252,0.689831493819856
2003-05-02,COP,EOG,252,0.6889376067898099
2003-05-05,COP,EOG,252,0.688586899788408
2003-05-06,COP,EOG,252,0.6856368528096803
2003-05-07,COP,EOG,252,0.6854778057498038
2003-05-08,COP,EOG,252,0.6834494304669383
2003-05-09,COP,EOG,252,0.6801168349288936
2003-05-12,COP,EOG,252,0.6811276366232866
2003-05-13,COP,EOG,252,0.6806585803141382
2003-05-14,COP,EOG,252,0.6797698047540124
2003-05-15,COP,EOG,252,0.6793263735351472
2003-05-16,COP,EOG,252,0.6786423709255499
2003-05-19,COP,EOG,252,0.6788685037921981
2003-05-20,COP,EOG,252,0.677957007979828
2003-05-21,COP,EOG,252,0.680262709610734
2003-05-22,COP,EOG,252,0.6793534720054748
2003-05-23,COP,EOG,252,0.679335910390475
2003-05-27,COP,EOG,252,0.6788158091815565
2003-05-28,COP,EOG,252,0.6788529854551028
2003-05-29,COP,EOG,252,0.678999288522245
2003-05-30,COP,EOG,252,0.6778773764649374
2003-06-02,COP,EOG,252,0.6777275096988691
2003-06-03,COP,EOG,252,0.6762725937836473
2003-06-04,COP,EOG,252,0.6758495242823055
2003-06-05,COP,EOG,252,0.6761734249826837
2003-06-06,COP,EOG,252,0.6763020980505584
2003-06-09,COP,EOG,252,0.6761040212084781
2003-06-10,COP,EOG,252,0.6755548906186213
2003-06-11,COP,EOG,252,0.6752510685764292
2003-06-12,COP,EOG,252,0.670404142937537
2003-06-13,COP,EOG,252,0.672436511843768
2003-06-16,COP,EOG,252,0.6704247420832287
2003-06-17,COP,EOG,252,0.668232482407349
2003-06-18,COP,EOG,252,0.6680741767459345
2003-06-19,COP,EOG,252,0.667119502241792
2003-06-20,COP,EOG,252,0.6667206124417915
2003-06-23,COP,EOG,252,0.6662957689264218
2003-06-24,COP,EOG,252,0.6664094023991596
2003-06-25,COP,EOG,252,0.6608280526632092
2003-06-26,COP,EOG,252,0.657910731288107
2003-06-27,COP,EOG,252,0.658565493599642
2003-06-30,COP,EOG,252,0.657800655695126
2003-07-01,COP,EOG,252,0.659522441524659
2003-07-02,COP,EOG,252,0.6565503483970598
2003-07-03,COP,EOG,252,0.6558373515604254
2003-07-07,COP,EOG,252,0.6554193312127897
2003-07-08,COP,EOG,252,0.6626996761171788
2003-07-09,COP,EOG,252,0.6612487931066869
2003-07-10,COP,EOG,252,0.6567011064693733
2003-07-11,COP,EOG,252,0.6589141531844397
2003-07-14,COP,EOG,252,0.6556070319524451
2003-07-15,COP,EOG,252,0.6592151061443914
2003-07-16,COP,EOG,252,0.658802509185126
2003-07-17,COP,EOG,252,0.655368550571321
2003-07-18,COP,EOG,252,0.6568283166630314
2003-07-21,COP,EOG,252,0.6536129636216897
2003-07-22,COP,EOG,252,0.6358428842897548
2003-07-23,COP,EOG,252,0.6348570476776867
2003-07-24,COP,EOG,252,0.6244938156582787
2003-07-25,COP,EOG,252,0.6187494371684586
2003-07-28,COP,EOG,252,0.616549868867477
2003-07-29,COP,EOG,252,0.6022822109371567
2003-07-30,COP,EOG,252,0.60206817768878
2003-07-31,COP,EOG,252,0.6078158275075812
2003-08-01,COP,EOG,252,0.6020028295497633
2003-08-04,COP,EOG,252,0.5994283499383082
2003-08-05,COP,EOG,252,0.5905835397944137
2003-08-06,COP,EOG,252,0.5827141236599801
2003-08-07,COP,EOG,252,0.5841087536168914
2003-08-08,COP,EOG,252,0.5738599483398071
2003-08-11,COP,EOG,252,0.5695259363945656
2003-08-12,COP,EOG,252,0.5713198782062461
2003-08-13,COP,EOG,252,0.5657687922188431
2003-08-14,COP,EOG,252,0.5654208501489726
2003-08-15,COP,EOG,252,0.5659032866447253
2003-08-18,COP,EOG,252,0.5646239994446606
2003-08-19,COP,EOG,252,0.5633409318368728
2003-08-20,COP,EOG,252,0.5601328256822486
2003-08-21,COP,EOG,252,0.559804433335571
2003-08-22,COP,EOG,252,0.555395009736361
2003-08-25,COP,EOG,252,0.5529563711446619
2003-08-26,COP,EOG,252,0.5529236071083014
2003-08-27,COP,EOG,252,0.5538559486272413
2003-08-28,COP,EOG,252,0.5548480528442945
2003-08-29,COP,EOG,252,0.5568351588510663
2003-09-02,COP,EOG,252,0.5533686292852178
2003-09-03,COP,EOG,252,0.5596220337178567
2003-09-04,COP,EOG,252,0.5628345017282336
2003-09-05,COP,EOG,252,0.5650741348634541
2003-09-08,COP,EOG,252,0.5686499160837328
2003-09-09,COP,EOG,252,0.5662110513635841
2003-09-10,COP,EOG,252,0.564290612016253
2003-09-11,COP,EOG,252,0.5642923176876878
2003-09-12,COP,EOG,252,0.5637936113718958
2003-09-15,COP,EOG,252,0.5641099331110666
2003-09-16,COP,EOG,252,0.565889618640682
2003-09-17,COP,EOG,252,0.5629369572182495
2003-09-18,COP,EOG,252,0.5622082920032251
2003-09-19,COP,EOG,252,0.5610401526054775
2003-09-22,COP,EOG,252,0.5604986825624233
2003-09-23,COP,EOG,252,0.560555490487471
2003-09-24,COP,EOG,252,0.5535869457443867
2003-09-25,COP,EOG,252,0.5519488437834938
2003-09-26,COP,EOG,252,0.5483890356685739
2003-09-29,COP,EOG,252,0.5540458179376535
2003-09-30,COP,EOG,252,0.5653219316624387
2003-10-01,COP,EOG,252,0.5719605470807323
2003-10-02,COP,EOG,252,0.578159039678991
2003-10-03,COP,EOG,252,0.5936413903830922
2003-10-06,COP,EOG,252,0.588791092993741
2003-10-07,COP,EOG,252,0.5881945983782173
2003-10-08,COP,EOG,252,0.5921810456506726
2003-10-09,COP,EOG,252,0.5865132069694053
2003-10-10,COP,EOG,252,0.5896705571987518
2003-10-13,COP,EOG,252,0.5882685460333659
2003-10-14,COP,EOG,252,0.5750269816445872
2003-10-15,COP,EOG,252,0.571819527260302
2003-10-16,COP,EOG,252,0.5724966304025597
2003-10-17,COP,EOG,252,0.5661130328339007
2003-10-20,COP,EOG,252,0.5661739412396151
2003-10-21,COP,EOG,252,0.566561767520392
2003-10-22,COP,EOG,252,0.5639813798157889
2003-10-23,COP,EOG,252,0.5591219162285036
2003-10-24,COP,EOG,252,0.5570983304691588
2003-10-27,COP,EOG,252,0.5720741873251827
2003-10-28,COP,EOG,252,0.5721120965327209
2003-10-29,COP,EOG,252,0.5661681571562067
2003-10-30,COP,EOG,252,0.5507871866201312
2003-10-31,COP,EOG,252,0.5521328736702618
2003-11-03,COP,EOG,252,0.5551095714737724
2003-11-04,COP,EOG,252,0.5580535164963897
2003-11-05,COP,EOG,252,0.5587589284451581
2003-11-06,COP,EOG,252,0.5578810959738426
2003-11-07,COP,EOG,252,0.558428564156183
2003-11-10,COP,EOG,252,0.5588578995147209
2003-11-11,COP,EOG,252,0.5555107517112685
2003-11-12,COP,EOG,252,0.554842674436118
2003-11-13,COP,EOG,252,0.547899696592412
2003-11-14,COP,EOG,252,0.5310379603320389
2003-11-17,COP,EOG,252,0.5326469876522839
2003-11-18,COP,EOG,252,0.5316793758612569
2003-11-19,COP,EOG,252,0.5376364095446623
2003-11-20,COP,EOG,252,0.5314977638446466
2003-11-21,COP,EOG,252,0.5323348860138232
2003-11-24,COP,EOG,252,0.5120670793204171
2003-11-25,COP,EOG,252,0.5126932922305261
2003-11-26,COP,EOG,252,0.50564675368078
2003-11-28,COP,EOG,252,0.501801511670741
2003-12-01,COP,EOG,252,0.5062343818474644
2003-12-02,COP,EOG,252,0.5075633661013456
2003-12-03,COP,EOG,252,0.5080962459895502
2003-12-04,COP,EOG,252,0.5199983858601512
2003-12-05,COP,EOG,252,0.5184375207866887
2003-12-08,COP,EOG,252,0.5192396716301816
2003-12-09,COP,EOG,252,0.5186819505253428
2003-12-10,COP,EOG,252,0.516110161227737
2003-12-11,COP,EOG,252,0.5195834879691336
2003-12-12,COP,EOG,252,0.5284436497725181
2003-12-15,COP,EOG,252,0.5299814074298805
2003-12-16,COP,EOG,252,0.5338060817489654
2003-12-17,COP,EOG,252,0.5377653587076665
2003-12-18,COP,EOG,252,0.5398903629577358
2003-12-19,COP,EOG,252,0.5406988672024078
2003-12-22,COP,EOG,252,0.531970236296134
2003-12-23,COP,EOG,252,0.533834347956785
2003-12-24,COP,EOG,252,0.534585684753862
2003-12-26,COP,EOG,252,0.5342197267373292
2003-12-29,COP,EOG,252,0.5296464797111674
2003-12-30,COP,EOG,252,0.530949395584784
2003-12-31,COP,EOG,252,0.5288633020556859
2004-01-02,COP,EOG,252,0.5227350904854863
2004-01-05,COP,EOG,252,0.5263296621774658
2004-01-06,COP,EOG,252,0.5315129201769024
2004-01-07,COP,EOG,252,0.5083965660409466
2004-01-08,COP,EOG,252,0.5100299508779702
2004-01-09,COP,EOG,252,0.507803557698022
2004-01-12,COP,EOG,252,0.5070916231387812
2004-01-13,COP,EOG,252,0.5093078471347177
2004-01-14,COP,EOG,252,0.5089139194922258
2004-01-15,COP,EOG,252,0.5202924614530405
2004-01-16,COP,EOG,252,0.5217442322188806
2004-01-20,COP,EOG,252,0.5289892580920104
2004-01-21,COP,EOG,252,0.5209094134573851
2004-01-22,COP,EOG,252,0.5205553430007377
2004-01-23,COP,EOG,252,0.5180849038339707
2004-01-26,COP,EOG,252,0.5100844266986553
2004-01-27,COP,EOG,252,0.4976432021922303
2004-01-28,COP,EOG,252,0.49775079539491734
2004-01-29,COP,EOG,252,0.49559301396831046
2004-01-30,COP,EOG,252,0.48761136911560893
2004-02-02,COP,EOG,252,0.4821607231712856
2004-02-03,COP,EOG,252,0.4897819614270334
2004-02-04,COP,EOG,252,0.49042861256345915
2004-02-05,COP,EOG,252,0.485521381026762
2004-02-06,COP,EOG,252,0.48591433978175846
2004-02-09,COP,EOG,252,0.4850016382062293
2004-02-10,COP,EOG,252,0.4866733911970041
2004-02-11,COP,EOG,252,0.47404323680860205
2004-02-12,COP,EOG,252,0.46505050618711186
2004-02-13,COP,EOG,252,0.46410323376664314
2004-02-17,COP,EOG,252,0.46246752384804113
2004-02-18,COP,EOG,252,0.4609493093538315
2004-02-19,COP,EOG,252,0.46004763198576965
2004-02-20,COP,EOG,252,0.4709414823336803
2004-02-23,COP,EOG,252,0.4702689853056307
2004-02-24,COP,EOG,252,0.47879632767795244
2004-02-25,COP,EOG,252,0.47753320706558927
2004-02-26,COP,EOG,252,0.4766977913362314
2004-02-27,COP,EOG,252,0.48067611257288
2004-03-01,COP,EOG,252,0.4850003746376281
2004-03-02,COP,EOG,252,0.49036392125414274
2004-03-03,COP,EOG,252,0.4907347315135192
2004-03-04,COP,EOG,252,0.4941263375914824
2004-03-05,COP,EOG,252,0.5004462285572162
2004-03-08,COP,EOG,252,0.5010270998585663
2004-03-09,COP,EOG,252,0.50537438630534
2004-03-10,COP,EOG,252,0.5077545802834417
2004-03-11,COP,EOG,252,0.5063965655489332
2004-03-12,COP,EOG,252,0.5172567352577736
2004-03-15,COP,EOG,252,0.5180406255146686
2004-03-16,COP,EOG,252,0.5192136765035588
2004-03-17,COP,EOG,252,0.5221334976363479
2004-03-18,COP,EOG,252,0.5177518845409791
2004-03-19,COP,EOG,252,0.5193872885083511
2004-03-22,COP,EOG,252,0.5155876956958947
2004-03-23,COP,EOG,252,0.5138660157336189
2004-03-24,COP,EOG,252,0.5191568659804319
2004-03-25,COP,EOG,252,0.5135181242084463
2004-03-26,COP,EOG,252,0.5121159839726624
2004-03-29,COP,EOG,252,0.5111760907971787
2004-03-30,COP,EOG,252,0.5146596717720959
2004-03-31,COP,EOG,252,0.5141603925681903
2004-04-01,COP,EOG,252,0.5104061026162822
2004-04-02,COP,EOG,252,0.5064504263522143
2004-04-05,COP,EOG,252,0.5104386918910991
2004-04-06,COP,EOG,252,0.5076640740946531
2004-04-07,COP,EOG,252,0.5045787770090773
2004-04-08,COP,EOG,252,0.510252397482771
2004-04-12,COP,EOG,252,0.5212739468949301
2004-04-13,COP,EOG,252,0.5234473140108734
2004-04-14,COP,EOG,252,0.5234821430647337
2004-04-15,COP,EOG,252,0.5252109516549781
2004-04-16,COP,EOG,252,0.5218560906991723
2004-04-19,COP,EOG,252,0.5193961426472966
2004-04-20,COP,EOG,252,0.5293825287894862
2004-04-21,COP,EOG,252,0.529512233031022
2004-04-22,COP,EOG,252,0.5311961835530965
2004-04-23,COP,EOG,252,0.5267783571148866
2004-04-26,COP,EOG,252,0.5273445737760447
2004-04-27,COP,EOG,252,0.5341425606511059
2004-04-28,COP,EOG,252,0.52987196848893
2004-04-29,COP,EOG,252,0.5386089182965683
2004-04-30,COP,EOG,252,0.5385434504561398
2004-05-03,COP,EOG,252,0.5633315859292886
2004-05-04,COP,EOG,252,0.5565347925146333
2004-05-05,COP,EOG,252,0.5538540045786186
2004-05-06,COP,EOG,252,0.5527205209341713
2004-05-07,COP,EOG,252,0.5527969243442761
2004-05-10,COP,EOG,252,0.5693645590383097
2004-05-11,COP,EOG,252,0.5665606588514656
2004-05-12,COP,EOG,252,0.5639507322776561
2004-05-13,COP,EOG,252,0.5644511042459024
2004-05-14,COP,EOG,252,0.5678639067061283
2004-05-17,COP,EOG,252,0.5679480465386836
2004-05-18,COP,EOG,252,0.570369012736278
2004-05-19,COP,EOG,252,0.5758313974234311
2004-05-20,COP,EOG,252,0.5670460787703879
2004-05-21,COP,EOG,252,0.5676510837445922
2004-05-24,COP,EOG,252,0.5727368039258149
2004-05-25,COP,EOG,252,0.5716197858369428
2004-05-26,COP,EOG,252,0.5716079596236215
2004-05-27,COP,EOG,252,0.5746486193415123
2004-05-28,COP,EOG,252,0.5708195788405632
2004-06-01,COP,EOG,252,0.5756407776484417
2004-06-02,COP,EOG,252,0.5766985927332454
2004-06-03,COP,EOG,252,0.5743307420892914
2004-06-04,COP,EOG,252,0.5771353507379096
2004-06-07,COP,EOG,252,0.5824694845912296
2004-06-08,COP,EOG,252,0.5820007006034279
2004-06-09,COP,EOG,252,0.5834143097145741
2004-06-10,COP,EOG,252,0.5833162672312193
2004-06-14,COP,EOG,252,0.5892241826280039
2004-06-15,COP,EOG,252,0.5828857985232228
2004-06-16,COP,EOG,252,0.5920990826341083
2004-06-17,COP,EOG,252,0.5924881664986291
2004-06-18,COP,EOG,252,0.592148533801909
2004-06-21,COP,EOG,252,0.5942640467325232
2004-06-22,COP,EOG,252,0.5954433811961186
2004-06-23,COP,EOG,252,0.60141579619856
2004-06-24,COP,EOG,252,0.6016390775419482
2004-06-25,COP,EOG,252,0.6162021531685672
2004-06-28,COP,EOG,252,0.626047810668639
2004-06-29,COP,EOG,252,0.6246163862131071
2004-06-30,COP,EOG,252,0.6248911467063963
2004-07-01,COP,EOG,252,0.6264620188353306
2004-07-02,COP,EOG,252,0.6257622371512266
2004-07-06,COP,EOG,252,0.6272414767646132
2004-07-07,COP,EOG,252,0.6250118689709085
2004-07-08,COP,EOG,252,0.6244975197026006
2004-07-09,COP,EOG,252,0.6268574900537316
2004-07-12,COP,EOG,252,0.6279302159566131
2004-07-13,COP,EOG,252,0.6281739559159457
2004-07-14,COP,EOG,252,0.6358089677988626
2004-07-15,COP,EOG,252,0.6361243684557968
2004-07-16,COP,EOG,252,0.6363100695303495
2004-07-19,COP,EOG,252,0.6456019820697623
2004-07-20,COP,EOG,252,0.642420004758357
2004-07-21,COP,EOG,252,0.6479799250374153
2004-07-22,COP,EOG,252,0.6507822253360522
2004-07-23,COP,EOG,252,0.6507614435575305
2004-07-26,COP,EOG,252,0.6511832815748121
2004-07-27,COP,EOG,252,0.6526952891095374
2004-07-28,COP,EOG,252,0.6505166544924548
2004-07-29,COP,EOG,252,0.6470425075622606
2004-07-30,COP,EOG,252,0.6480415361704495
2004-08-02,COP,EOG,252,0.6479877904464668
2004-08-03,COP,EOG,252,0.6460601906189207
2004-08-04,COP,EOG,252,0.6646380307586326
2004-08-05,COP,EOG,252,0.6679016031563461
2004-08-06,COP,EOG,252,0.6745210570779046
2004-08-09,COP,EOG,252,0.6727027962620071
2004-08-10,COP,EOG,252,0.6719728246422774
2004-08-11,COP,EOG,252,0.6805462881362067
2004-08-12,COP,EOG,252,0.6813135873070799
2004-08-13,COP,EOG,252,0.6817218638696768
2004-08-16,COP,EOG,252,0.6828993267073575
2004-08-17,COP,EOG,252,0.6918935056042107
2004-08-18,COP,EOG,252,0.6926480339159689
2004-08-19,COP,EOG,252,0.6956922086921925
2004-08-20,COP,EOG,252,0.6969120640919163
2004-08-23,COP,EOG,252,0.6982383455200893
2004-08-24,COP,EOG,252,0.6999016356386382
2004-08-25,COP,EOG,252,0.7004486804542381
2004-08-26,COP,EOG,252,0.7009989722092848
2004-08-27,COP,EOG,252,0.7013932667438344
2004-08-30,COP,EOG,252,0.700242906852101
2004-08-31,COP,EOG,252,0.7011243948537235
2004-09-01,COP,EOG,252,0.7059873359365706
2004-09-02,COP,EOG,252,0.7056708264298788
2004-09-03,COP,EOG,252,0.7057318982059037
2004-09-07,COP,EOG,252,0.7040110254237181
2004-09-08,COP,EOG,252,0.7031702668978477
2004-09-09,COP,EOG,252,0.707941155778928
2004-09-10,COP,EOG,252,0.7073238340696254
2004-09-13,COP,EOG,252,0.7028219565910822
2004-09-14,COP,EOG,252,0.7012150864795331
2004-09-15,COP,EOG,252,0.7013952531122901
2004-09-16,COP,EOG,252,0.700513452666365
2004-09-17,COP,EOG,252,0.6986741223212526
2004-09-20,COP,EOG,252,0.6989819730287715
2004-09-21,COP,EOG,252,0.7043799142237762
2004-09-22,COP,EOG,252,0.7068694841882105
2004-09-23,COP,EOG,252,0.7079200431066743
2004-09-24,COP,EOG,252,0.7095477531795703
2004-09-27,COP,EOG,252,0.7084955073927048
2004-09-28,COP,EOG,252,0.7093336169838584
2004-09-29,COP,EOG,252,0.7123600900754602
2004-09-30,COP,EOG,252,0.712750700577788
2004-10-01,COP,EOG,252,0.7154041808583895
2004-10-04,COP,EOG,252,0.7149137608036285
2004-10-05,COP,EOG,252,0.7184468536718221
2004-10-06,COP,EOG,252,0.7200329089514177
2004-10-07,COP,EOG,252,0.7202195845509625
2004-10-08,COP,EOG,252,0.7193157436981662
2004-10-11,COP,EOG,252,0.7211579045839952
2004-10-12,COP,EOG,252,0.7223140543247478
2004-10-13,COP,EOG,252,0.731155640048339
2004-10-14,COP,EOG,252,0.7304081386037963
2004-10-15,COP,EOG,252,0.7288086259111611
2004-10-18,COP,EOG,252,0.7281909643021661
2004-10-19,COP,EOG,252,0.7278531438713003
2004-10-20,COP,EOG,252,0.7299105570394339
2004-10-21,COP,EOG,252,0.7324566466865906
2004-10-22,COP,EOG,252,0.7315951126321334
2004-10-25,COP,EOG,252,0.733496388282828
2004-10-26,COP,EOG,252,0.7338672822516503
2004-10-27,COP,EOG,252,0.7353409917201043
2004-10-28,COP,EOG,252,0.7402001420596124
2004-10-29,COP,EOG,252,0.7425309621133179
2004-11-01,COP,EOG,252,0.7420035575209587
2004-11-02,COP,EOG,252,0.7416978332295433
2004-11-03,COP,EOG,252,0.7438242976157411
2004-11-04,COP,EOG,252,0.745488034249069
2004-11-05,COP,EOG,252,0.7484982111452804
2004-11-08,COP,EOG,252,0.7515279572598128
2004-11-09,COP,EOG,252,0.751439403908895
2004-11-10,COP,EOG,252,0.7517853849981427
2004-11-11,COP,EOG,252,0.7566146749485895
2004-11-12,COP,EOG,252,0.7556125839221803
2004-11-15,COP,EOG,252,0.7562042939430348
2004-11-16,COP,EOG,252,0.7563890684127479
2004-11-17,COP,EOG,252,0.7566183094340192
2004-11-18,COP,EOG,252,0.7522306400006382
2004-11-19,COP,EOG,252,0.7529565216149696
2004-11-22,COP,EOG,252,0.7543152650121492
2004-11-23,COP,EOG,252,0.7534666633488117
2004-11-24,COP,EOG,252,0.7560363158114374
2004-11-26,COP,EOG,252,0.7561795723015229
2004-11-29,COP,EOG,252,0.7564311773660317
2004-11-30,COP,EOG,252,0.7558185564394694
2004-12-01,COP,EOG,252,0.7591259062143197
2004-12-02,COP,EOG,252,0.7649416827483254
2004-12-03,COP,EOG,252,0.7638028984889189
2004-12-06,COP,EOG,252,0.7631044688801422
2004-12-07,COP,EOG,252,0.7661814507768826
2004-12-08,COP,EOG,252,0.7666910596567534
2004-12-09,COP,EOG,252,0.7661166087147416
2004-12-10,COP,EOG,252,0.7670234844721229
2004-12-13,COP,EOG,252,0.7675891465581687
2004-12-14,COP,EOG,252,0.768606445192589
2004-12-15,COP,EOG,252,0.7682203338168692
2004-12-16,COP,EOG,252,0.7675577815254373
2004-12-17,COP,EOG,252,0.7649734270850775
2004-12-20,COP,EOG,252,0.7642471358049832
2004-12-21,COP,EOG,252,0.7637362875103789
2004-12-22,COP,EOG,252,0.7650791759019493
2004-12-23,COP,EOG,252,0.7649049090275712
2004-12-27,COP,EOG,252,0.7653761839268242
2004-12-28,COP,EOG,252,0.7658090557930581
2004-12-29,COP,EOG,252,0.764996889047934
2004-12-30,COP,EOG,252,0.7665507507841702
2004-12-31,COP,EOG,252,0.7685318229928384
2005-01-03,COP,EOG,252,0.773925173541602
2005-01-04,COP,EOG,252,0.7743303770925035
2005-01-05,COP,EOG,252,0.7726480478872435
2005-01-06,COP,EOG,252,0.7730646832920888
2005-01-07,COP,EOG,252,0.7732946601482961
2005-01-10,COP,EOG,252,0.7742270809997802
2005-01-11,COP,EOG,252,0.7752858596596838
2005-01-12,COP,EOG,252,0.7753863717935088
2005-01-13,COP,EOG,252,0.7760011727822356
2005-01-14,COP,EOG,252,0.7724525383220019
2005-01-18,COP,EOG,252,0.7730888753082146
2005-01-19,COP,EOG,252,0.7711935611252236
2005-01-20,COP,EOG,252,0.7705493465315547
2005-01-21,COP,EOG,252,0.769929941862116
2005-01-24,COP,EOG,252,0.7715081107499053
2005-01-25,COP,EOG,252,0.7714642827963596
2005-01-26,COP,EOG,252,0.7717696078312991
2005-01-27,COP,EOG,252,0.7710479998572914
2005-01-28,COP,EOG,252,0.772987479814351
2005-01-31,COP,EOG,252,0.7714573887930727
2005-02-01,COP,EOG,252,0.7739272018163988
2005-02-02,COP,EOG,252,0.7750636548922407
2005-02-03,COP,EOG,252,0.7746759044039235
2005-02-04,COP,EOG,252,0.7803882823417785
2005-02-07,COP,EOG,252,0.7802049719441658
2005-02-08,COP,EOG,252,0.7804951880750639
2005-02-09,COP,EOG,252,0.7800004138840315
2005-02-10,COP,EOG,252,0.79147020648454
2005-02-11,COP,EOG,252,0.7927206175143282
2005-02-14,COP,EOG,252,0.7934978591301273
2005-02-15,COP,EOG,252,0.7937285814726442
2005-02-16,COP,EOG,252,0.7961799148389606
2005-02-17,COP,EOG,252,0.796252590687358
2005-02-18,COP,EOG,252,0.79749670228844
2005-02-22,COP,EOG,252,0.7970683084026803
2005-02-23,COP,EOG,252,0.7955102042518339
2005-02-24,COP,EOG,252,0.7967132259986172
2005-02-25,COP,EOG,252,0.7982625968713619
2005-02-28,COP,EOG,252,0.7984620169432328
2005-03-01,COP,EOG,252,0.801345819534901
2005-03-02,COP,EOG,252,0.8041698228270461
2005-03-03,COP,EOG,252,0.8044028100664811
2005-03-04,COP,EOG,252,0.8058945561120633
2005-03-07,COP,EOG,252,0.8054229479634604
2005-03-08,COP,EOG,252,0.7942574143216039
2005-03-09,COP,EOG,252,0.792882873481094
2005-03-10,COP,EOG,252,0.790161317707931
2005-03-11,COP,EOG,252,0.7886299310394282
2005-03-14,COP,EOG,252,0.7879786034138896
2005-03-15,COP,EOG,252,0.7917012326329691
2005-03-16,COP,EOG,252,0.7911616678055352
2005-03-17,COP,EOG,252,0.7918259018797741
2005-03-18,COP,EOG,252,0.7980897939576398
2005-03-21,COP,EOG,252,0.7977576795944796
2005-03-22,COP,EOG,252,0.8000922308753847
2005-03-23,COP,EOG,252,0.801805326073584
2005-03-24,COP,EOG,252,0.7989734253617201
2005-03-28,COP,EOG,252,0.8016424054430251
2005-03-29,COP,EOG,252,0.8019133585853551
2005-03-30,COP,EOG,252,0.8025228921607304
2005-03-31,COP,EOG,252,0.8052403350720339
2005-04-01,COP,EOG,252,0.8069572433373899
2005-04-04,COP,EOG,252,0.8071769555233851
2005-04-05,COP,EOG,252,0.8045281563290648
2005-04-06,COP,EOG,252,0.8007111105992408
2005-04-07,COP,EOG,252,0.8004120338525894
2005-04-08,COP,EOG,252,0.7997398026849396
2005-04-11,COP,EOG,252,0.7989480941073878
2005-04-12,COP,EOG,252,0.8001994070427701
2005-04-13,COP,EOG,252,0.8029626674235775
2005-04-14,COP,EOG,252,0.8032869239104887
2005-04-15,COP,EOG,252,0.808963952348506
2005-04-18,COP,EOG,252,0.8107861582234649
2005-04-19,COP,EOG,252,0.8122386184689745
2005-04-20,COP,EOG,252,0.8121209402198494
2005-04-21,COP,EOG,252,0.813397490171065
2005-04-22,COP,EOG,252,0.812584562956107
2005-04-25,COP,EOG,252,0.8139310714234363
2005-04-26,COP,EOG,252,0.8139971527735086
2005-04-27,COP,EOG,252,0.8067915520764583
2005-04-28,COP,EOG,252,0.8071934253837557
2005-04-29,COP,EOG,252,0.804498188466367
2005-05-02,COP,EOG,252,0.8053671748067736
2005-05-03,COP,EOG,252,0.8002188052587094
2005-05-04,COP,EOG,252,0.8056790064270712
2005-05-05,COP,EOG,252,0.8083076023550622
2005-05-06,COP,EOG,252,0.8093400839509245
2005-05-09,COP,EOG,252,0.809026148656523
2005-05-10,COP,EOG,252,0.8083842575576792
2005-05-11,COP,EOG,252,0.8087310102969099
2005-05-12,COP,EOG,252,0.8190446133599353
2005-05-13,COP,EOG,252,0.819938714012673
2005-05-16,COP,EOG,252,0.8179278139940398
2005-05-17,COP,EOG,252,0.8193363019491356
2005-05-18,COP,EOG,252,0.8187200760882861
2005-05-19,COP,EOG,252,0.8184518568779201
2005-05-20,COP,EOG,252,0.8168510342135982
2005-05-23,COP,EOG,252,0.8184537646533707
2005-05-24,COP,EOG,252,0.8186034144249426
2005-05-25,COP,EOG,252,0.8181635908480038
2005-05-26,COP,EOG,252,0.8171161203746085
2005-05-27,COP,EOG,252,0.8141070921982455
2005-05-31,COP,EOG,252,0.8119428223332742
2005-06-01,COP,EOG,252,0.8128807273075015
2005-06-02,COP,EOG,252,0.8126168525605478
2005-06-03,COP,EOG,252,0.8146434963323556
2005-06-06,COP,EOG,252,0.8139438166446459
2005-06-07,COP,EOG,252,0.8132745029299283
2005-06-08,COP,EOG,252,0.8084806764704584
2005-06-09,COP,EOG,252,0.8099739122880834
2005-06-10,COP,EOG,252,0.8106336345540529
2005-06-13,COP,EOG,252,0.8117921028277482
2005-06-14,COP,EOG,252,0.8131105220557373
2005-06-15,COP,EOG,252,0.8111162992795494
2005-06-16,COP,EOG,252,0.8094229088005735
2005-06-17,COP,EOG,252,0.8011444438102083
2005-06-20,COP,EOG,252,0.7960641894721894
2005-06-21,COP,EOG,252,0.7945441641004972
2005-06-22,COP,EOG,252,0.7934644675466639
2005-06-23,COP,EOG,252,0.7933866190396485
2005-06-24,COP,EOG,252,0.7911159306921984
2005-06-27,COP,EOG,252,0.7899328446652961
2005-06-28,COP,EOG,252,0.7906280877897882
2005-06-29,COP,EOG,252,0.7895099691937322
2005-06-30,COP,EOG,252,0.7891123802638752
2005-07-01,COP,EOG,252,0.7915620326728317
2005-07-05,COP,EOG,252,0.7922389058664444
2005-07-06,COP,EOG,252,0.7928528770732489
2005-07-07,COP,EOG,252,0.7929358609694135
2005-07-08,COP,EOG,252,0.7925759481702541
2005-07-11,COP,EOG,252,0.7914780380208443
2005-07-12,COP,EOG,252,0.7919510996902925
2005-07-13,COP,EOG,252,0.7915343891476506
2005-07-14,COP,EOG,252,0.7935177565690927
2005-07-15,COP,EOG,252,0.7937326172258651
2005-07-18,COP,EOG,252,0.793714076558472
2005-07-19,COP,EOG,252,0.7958492640387891
2005-07-20,COP,EOG,252,0.7937047871065939
2005-07-21,COP,EOG,252,0.7939785875203114
2005-07-22,COP,EOG,252,0.7931224690350607
2005-07-25,COP,EOG,252,0.7923748577409921
2005-07-26,COP,EOG,252,0.7891811573604008
2005-07-27,COP,EOG,252,0.7825832064975599
2005-07-28,COP,EOG,252,0.7623617306169227
2005-07-29,COP,EOG,252,0.7607508752801546
2005-08-01,COP,EOG,252,0.7605995625930337
2005-08-02,COP,EOG,252,0.7631306433824857
2005-08-03,COP,EOG,252,0.7588144947449842
2005-08-04,COP,EOG,252,0.7580821067946851
2005-08-05,COP,EOG,252,0.7552277555378689
2005-08-08,COP,EOG,252,0.7529997681207475
2005-08-09,COP,EOG,252,0.755020205664339
2005-08-10,COP,EOG,252,0.7547122421119904
2005-08-11,COP,EOG,252,0.7543836263137288
2005-08-12,COP,EOG,252,0.7540217040854789
2005-08-15,COP,EOG,252,0.7554951555492935
2005-08-16,COP,EOG,252,0.7548367896909709
2005-08-17,COP,EOG,252,0.7557872304452498
2005-08-18,COP,EOG,252,0.7552774725390116
2005-08-19,COP,EOG,252,0.7555783962582505
2005-08-22,COP,EOG,252,0.7549559925818291
2005-08-23,COP,EOG,252,0.7558114310011721
2005-08-24,COP,EOG,252,0.7558837369352693
2005-08-25,COP,EOG,252,0.7557260715539437
2005-08-26,COP,EOG,252,0.75713441040981
2005-08-29,COP,EOG,252,0.7580315477851569
2005-08-30,COP,EOG,252,0.7589568186546285
2005-08-31,COP,EOG,252,0.757154211078687
2005-09-01,COP,EOG,252,0.7613560507576557
2005-09-02,COP,EOG,252,0.7617323565917099
2005-09-06,COP,EOG,252,0.7609733621315087
2005-09-07,COP,EOG,252,0.7611065915763374
2005-09-08,COP,EOG,252,0.7609854417415219
2005-09-09,COP,EOG,252,0.763521794172475
2005-09-12,COP,EOG,252,0.7642061651237732
2005-09-13,COP,EOG,252,0.7665851319319998
2005-09-14,COP,EOG,252,0.76627005967798
2005-09-15,COP,EOG,252,0.7658230941965497
2005-09-16,COP,EOG,252,0.7643748121549476
2005-09-19,COP,EOG,252,0.7651362974188817
2005-09-20,COP,EOG,252,0.763950451807216
2005-09-21,COP,EOG,252,0.7651183995685048
2005-09-22,COP,EOG,252,0.7652232668817314
2005-09-23,COP,EOG,252,0.7668625594055609
2005-09-26,COP,EOG,252,0.7673849209372806
2005-09-27,COP,EOG,252,0.7662766448025934
2005-09-28,COP,EOG,252,0.7657008694933845
2005-09-29,COP,EOG,252,0.7623892298057312
2005-09-30,COP,EOG,252,0.7624241133623135
2005-10-03,COP,EOG,252,0.7480953825696961
2005-10-04,COP,EOG,252,0.7519000862099771
2005-10-05,COP,EOG,252,0.759245770016503
2005-10-06,COP,EOG,252,0.7586447568164086
2005-10-07,COP,EOG,252,0.7604881438583396
2005-10-10,COP,EOG,252,0.760224241219594
2005-10-11,COP,EOG,252,0.7609965765113264
2005-10-12,COP,EOG,252,0.7590868032637517
2005-10-13,COP,EOG,252,0.7632965244133912
2005-10-14,COP,EOG,252,0.7642787555321128
2005-10-17,COP,EOG,252,0.7643720609708218
2005-10-18,COP,EOG,252,0.7729463330577939
2005-10-19,COP,EOG,252,0.7733611716647225
2005-10-20,COP,EOG,252,0.7863121819096692
2005-10-21,COP,EOG,252,0.7873473462411826
2005-10-24,COP,EOG,252,0.7905986195341379
2005-10-25,COP,EOG,252,0.7935434527056245
2005-10-26,COP,EOG,252,0.7914990819625785
2005-10-27,COP,EOG,252,0.7918315615787913
2005-10-28,COP,EOG,252,0.7927543288505714
2005-10-31,COP,EOG,252,0.7935624647190668
2005-11-01,COP,EOG,252,0.7931034249080392
2005-11-02,COP,EOG,252,0.7909556016187044
2005-11-03,COP,EOG,252,0.7908653530706541
2005-11-04,COP,EOG,252,0.7936030960410693
2005-11-07,COP,EOG,252,0.791915156371541
2005-11-08,COP,EOG,252,0.7907709475283483
2005-11-09,COP,EOG,252,0.7907031319632027
2005-11-10,COP,EOG,252,0.7935467125211023
2005-11-11,COP,EOG,252,0.7942800422611889
2005-11-14,COP,EOG,252,0.7938265901391481
2005-11-15,COP,EOG,252,0.7858100841543934
2005-11-16,COP,EOG,252,0.7877384449055095
2005-11-17,COP,EOG,252,0.7875208715451142
2005-11-18,COP,EOG,252,0.78755783532119
2005-11-21,COP,EOG,252,0.7895479960548477
2005-11-22,COP,EOG,252,0.7894698822201311
2005-11-23,COP,EOG,252,0.7898028722914002
2005-11-25,COP,EOG,252,0.7882651044899298
2005-11-28,COP,EOG,252,0.7921142549328561
2005-11-29,COP,EOG,252,0.7882473592829565
2005-11-30,COP,EOG,252,0.7851110281082444
2005-12-01,COP,EOG,252,0.7848128409462093
2005-12-02,COP,EOG,252,0.7842610004906385
2005-12-05,COP,EOG,252,0.7845138379360592
2005-12-06,COP,EOG,252,0.7824633173145057
2005-12-07,COP,EOG,252,0.7814733852712178
2005-12-08,COP,EOG,252,0.7816935949300771
2005-12-09,COP,EOG,252,0.7819933907593672
2005-12-12,COP,EOG,252,0.7689084910239804
2005-12-13,COP,EOG,252,0.756349695035329
2005-12-14,COP,EOG,252,0.755121274815809
2005-12-15,COP,EOG,252,0.7547225137941547
2005-12-16,COP,EOG,252,0.7577629272321951
2005-12-19,COP,EOG,252,0.7540099632009254
2005-12-20,COP,EOG,252,0.7541303244692041
2005-12-21,COP,EOG,252,0.7528427934404698
2005-12-22,COP,EOG,252,0.7522743932920696
2005-12-23,COP,EOG,252,0.7518343946022269
2005-12-27,COP,EOG,252,0.7545650488844717
2005-12-28,COP,EOG,252,0.7555302579875723
2005-12-29,COP,EOG,252,0.7557712459289516
2005-12-30,COP,EOG,252,0.7554225064094281
2006-01-03,COP,EOG,252,0.7572151856697299
2006-01-04,COP,EOG,252,0.7569094629110406
2006-01-05,COP,EOG,252,0.7564138679290532
2006-01-06,COP,EOG,252,0.7568840190465346
2006-01-09,COP,EOG,252,0.7566831625087648
2006-01-10,COP,EOG,252,0.7565449549795207
2006-01-11,COP,EOG,252,0.7566082828531717
2006-01-12,COP,EOG,252,0.7566045597516237
2006-01-13,COP,EOG,252,0.7552011856741752
2006-01-17,COP,EOG,252,0.7537609771886566
2006-01-18,COP,EOG,252,0.7535835892250939
2006-01-19,COP,EOG,252,0.7521360132714329
2006-01-20,COP,EOG,252,0.7535890931404876
2006-01-23,COP,EOG,252,0.7537745404481411
2006-01-24,COP,EOG,252,0.7541378499333203
2006-01-25,COP,EOG,252,0.7552694061634332
2006-01-26,COP,EOG,252,0.7533939818503227
2006-01-27,COP,EOG,252,0.7524090182594307
2006-01-30,COP,EOG,252,0.7497719820376282
2006-01-31,COP,EOG,252,0.7495438692315387
2006-02-01,COP,EOG,252,0.7484773983160503
2006-02-02,COP,EOG,252,0.7467794551698809
2006-02-03,COP,EOG,252,0.7476930146835975
2006-02-06,COP,EOG,252,0.748220464274913
2006-02-07,COP,EOG,252,0.7540213059094191
2006-02-08,COP,EOG,252,0.7538959469202652
2006-02-09,COP,EOG,252,0.7529956821553511
2006-02-10,COP,EOG,252,0.7517458986270337
2006-02-13,COP,EOG,252,0.7512399363284769
2006-02-14,COP,EOG,252,0.7507526872135815
2006-02-15,COP,EOG,252,0.7502735876044471
2006-02-16,COP,EOG,252,0.7504248021808613
2006-02-17,COP,EOG,252,0.7477196212973867
2006-02-21,COP,EOG,252,0.746414776046375
2006-02-22,COP,EOG,252,0.7476974139028016
2006-02-23,COP,EOG,252,0.7487447382093246
2006-02-24,COP,EOG,252,0.7469421160288093
2006-02-27,COP,EOG,252,0.746420852927869
2006-02-28,COP,EOG,252,0.7469762473719693
2006-03-01,COP,EOG,252,0.7457226463574748
2006-03-02,COP,EOG,252,0.7458629847331913
2006-03-03,COP,EOG,252,0.7444890957333513
2006-03-06,COP,EOG,252,0.7469985636525948
2006-03-07,COP,EOG,252,0.7479308351243834
2006-03-08,COP,EOG,252,0.75211195000766
2006-03-09,COP,EOG,252,0.7529281319138078
2006-03-10,COP,EOG,252,0.7537883175027313
2006-03-13,COP,EOG,252,0.7549854542030591
2006-03-14,COP,EOG,252,0.7551827774492487
2006-03-15,COP,EOG,252,0.7548501896312168
2006-03-16,COP,EOG,252,0.7546642452928853
2006-03-17,COP,EOG,252,0.7539378099675059
2006-03-20,COP,EOG,252,0.7517950573541695
2006-03-21,COP,EOG,252,0.7509656505955986
2006-03-22,COP,EOG,252,0.7502653434853854
2006-03-23,COP,EOG,252,0.7494889310221923
2006-03-24,COP,EOG,252,0.750242260396634
2006-03-27,COP,EOG,252,0.7484843772483709
2006-03-28,COP,EOG,252,0.7482324401565464
2006-03-29,COP,EOG,252,0.7478782145880132
2006-03-30,COP,EOG,252,0.7464593523485032
2006-03-31,COP,EOG,252,0.7464589796180139
2006-04-03,COP,EOG,252,0.7447306092917545
2006-04-04,COP,EOG,252,0.7462587831808563
2006-04-05,COP,EOG,252,0.7487484893007589
2006-04-06,COP,EOG,252,0.7486304708169431
2006-04-07,COP,EOG,252,0.7503512502240023
2006-04-10,COP,EOG,252,0.7504471040621232
2006-04-11,COP,EOG,252,0.7475387989607245
2006-04-12,COP,EOG,252,0.745188470197766
2006-04-13,COP,EOG,252,0.745181213358552
2006-04-17,COP,EOG,252,0.741288784046391
2006-04-18,COP,EOG,252,0.7431843148289147
2006-04-19,COP,EOG,252,0.7418968185554582
2006-04-20,COP,EOG,252,0.7419573042120855
2006-04-21,COP,EOG,252,0.7378592434699572
2006-04-24,COP,EOG,252,0.7397385188169882
2006-04-25,COP,EOG,252,0.7405219237977665
2006-04-26,COP,EOG,252,0.7411560066757409
2006-04-27,COP,EOG,252,0.7450884228931988
2006-04-28,COP,EOG,252,0.7440540697498352
2006-05-01,COP,EOG,252,0.7453839301798891
2006-05-02,COP,EOG,252,0.7450158594099427
2006-05-03,COP,EOG,252,0.7448693619528693
2006-05-04,COP,EOG,252,0.7447521652216158
2006-05-05,COP,EOG,252,0.7364797219558893
2006-05-08,COP,EOG,252,0.7348448078401514
2006-05-09,COP,EOG,252,0.7354647271303735
2006-05-10,COP,EOG,252,0.734816582039575
2006-05-11,COP,EOG,252,0.7358178649166649
2006-05-12,COP,EOG,252,0.7295063742371278
2006-05-15,COP,EOG,252,0.7318445519563744
2006-05-16,COP,EOG,252,0.7320697099521656
2006-05-17,COP,EOG,252,0.7329029232061578
2006-05-18,COP,EOG,252,0.7323815764764907
2006-05-19,COP,EOG,252,0.7319442031554058
2006-05-22,COP,EOG,252,0.7326243651213765
2006-05-23,COP,EOG,252,0.7308224338674201
2006-05-24,COP,EOG,252,0.7306583722208144
2006-05-25,COP,EOG,252,0.7313677562379421
2006-05-26,COP,EOG,252,0.7322683697229179
2006-05-30,COP,EOG,252,0.7329805842653836
2006-05-31,COP,EOG,252,0.7356673097809618
2006-06-01,COP,EOG,252,0.7342905944838506
2006-06-02,COP,EOG,252,0.7335740582139708
2006-06-05,COP,EOG,252,0.7367468772996104
2006-06-06,COP,EOG,252,0.7340118069978565
2006-06-07,COP,EOG,252,0.7354151101803775
2006-06-08,COP,EOG,252,0.737078398707206
2006-06-09,COP,EOG,252,0.7352914167256729
2006-06-12,COP,EOG,252,0.7364721131856068
2006-06-13,COP,EOG,252,0.7337802847450412
2006-06-14,COP,EOG,252,0.735734673037716
2006-06-15,COP,EOG,252,0.7384479424828809
2006-06-16,COP,EOG,252,0.73815696226094
2006-06-19,COP,EOG,252,0.7456813362916199
2006-06-20,COP,EOG,252,0.7482367467434204
2006-06-21,COP,EOG,252,0.7499653863249749
2006-06-22,COP,EOG,252,0.7486054876535496
2006-06-23,COP,EOG,252,0.7438983445633874
2006-06-26,COP,EOG,252,0.7451758535897959
2006-06-27,COP,EOG,252,0.7450905861220068
2006-06-28,COP,EOG,252,0.7441424491402585
2006-06-29,COP,EOG,252,0.7462250797457151
2006-06-30,COP,EOG,252,0.7453880076791546
2006-07-03,COP,EOG,252,0.7447766054704273
2006-07-05,COP,EOG,252,0.7444298576277641
2006-07-06,COP,EOG,252,0.7439383965695873
2006-07-07,COP,EOG,252,0.7430799879866063
2006-07-10,COP,EOG,252,0.7433087823968652
2006-07-11,COP,EOG,252,0.7440356026044311
2006-07-12,COP,EOG,252,0.7436805765080561
2006-07-13,COP,EOG,252,0.7438622700709342
2006-07-14,COP,EOG,252,0.7427273774240746
2006-07-17,COP,EOG,252,0.7453555175745552
2006-07-18,COP,EOG,252,0.7448838506779843
2006-07-19,COP,EOG,252,0.7435128100223662
2006-07-20,COP,EOG,252,0.7445840209183601
2006-07-21,COP,EOG,252,0.74484177573522
2006-07-24,COP,EOG,252,0.7471291492079072
2006-07-25,COP,EOG,252,0.7483188867170565
2006-07-26,COP,EOG,252,0.7501468549674892
2006-07-27,COP,EOG,252,0.7537318648584195
2006-07-28,COP,EOG,252,0.7650418348092558
2006-07-31,COP,EOG,252,0.7660418434857461
2006-08-01,COP,EOG,252,0.7629899195488351
2006-08-02,COP,EOG,252,0.7615845357498916
2006-08-03,COP,EOG,252,0.7610344884388366
2006-08-04,COP,EOG,252,0.7608058429911972
2006-08-07,COP,EOG,252,0.7595033087572616
2006-08-08,COP,EOG,252,0.7603618837486521
2006-08-09,COP,EOG,252,0.7606901099849279
2006-08-10,COP,EOG,252,0.7599900612345417
2006-08-11,COP,EOG,252,0.7574127767122224
2006-08-14,COP,EOG,252,0.7590103397709305
2006-08-15,COP,EOG,252,0.7588046577653298
2006-08-16,COP,EOG,252,0.7574483788970711
2006-08-17,COP,EOG,252,0.757178633552065
2006-08-18,COP,EOG,252,0.7570758702840544
2006-08-21,COP,EOG,252,0.7567830477500987
2006-08-22,COP,EOG,252,0.756778003389066
2006-08-23,COP,EOG,252,0.757356012541147
2006-08-24,COP,EOG,252,0.7556454251882954
2006-08-25,COP,EOG,252,0.7553423381601979
2006-08-28,COP,EOG,252,0.7549588258924517
2006-08-29,COP,EOG,252,0.7550155361080986
2006-08-30,COP,EOG,252,0.7536341170074901
2006-08-31,COP,EOG,252,0.7542815295471559
2006-09-01,COP,EOG,252,0.7522669463852116
2006-09-05,COP,EOG,252,0.7525333224113431
2006-09-06,COP,EOG,252,0.7570227263833124
2006-09-07,COP,EOG,252,0.7570868556494749
2006-09-08,COP,EOG,252,0.7580229202353697
2006-09-11,COP,EOG,252,0.7560003918285911
2006-09-12,COP,EOG,252,0.7570492540621994
2006-09-13,COP,EOG,252,0.7568795724917287
2006-09-14,COP,EOG,252,0.7571515349897491
2006-09-15,COP,EOG,252,0.7556486299740272
2006-09-18,COP,EOG,252,0.7571085713254941
2006-09-19,COP,EOG,252,0.7565797200583364
2006-09-20,COP,EOG,252,0.7566800182107144
2006-09-21,COP,EOG,252,0.7560946024130784
2006-09-22,COP,EOG,252,0.7563575759806779
2006-09-25,COP,EOG,252,0.7527456839007215
2006-09-26,COP,EOG,252,0.7520459069331925
2006-09-27,COP,EOG,252,0.7528150577537814
2006-09-28,COP,EOG,252,0.7520317701794458
2006-09-29,COP,EOG,252,0.7544020021710448
2006-10-02,COP,EOG,252,0.753933858083623
2006-10-03,COP,EOG,252,0.7647506146021508
2006-10-04,COP,EOG,252,0.7626486731615416
2006-10-05,COP,EOG,252,0.7586758997848855
2006-10-06,COP,EOG,252,0.7583472352720281
2006-10-09,COP,EOG,252,0.7574443131980853
2006-10-10,COP,EOG,252,0.7578165109690277
2006-10-11,COP,EOG,252,0.7564939363355234
2006-10-12,COP,EOG,252,0.7562892433313033
2006-10-13,COP,EOG,252,0.7551801140614306
2006-10-16,COP,EOG,252,0.7559775562307448
2006-10-17,COP,EOG,252,0.7556591333019907
2006-10-18,COP,EOG,252,0.7489714198791603
2006-10-19,COP,EOG,252,0.7480473796437916
2006-10-20,COP,EOG,252,0.736208108299619
2006-10-23,COP,EOG,252,0.736286876949017
2006-10-24,COP,EOG,252,0.7320416948027111
2006-10-25,COP,EOG,252,0.729149091508213
2006-10-26,COP,EOG,252,0.7310050495010276
2006-10-27,COP,EOG,252,0.7287560340479091
2006-10-30,COP,EOG,252,0.7269091565604342
2006-10-31,COP,EOG,252,0.7249016584266196
2006-11-01,COP,EOG,252,0.7254632749354971
2006-11-02,COP,EOG,252,0.7259497880051993
2006-11-03,COP,EOG,252,0.7261955016339914
2006-11-06,COP,EOG,252,0.7226766541040532
2006-11-07,COP,EOG,252,0.7227959352733144
2006-11-08,COP,EOG,252,0.7247991913138786
2006-11-09,COP,EOG,252,0.7257659335423906
2006-11-10,COP,EOG,252,0.7216261302897352
2006-11-13,COP,EOG,252,0.7217587941789277
2006-11-14,COP,EOG,252,0.7219356321130416
2006-11-15,COP,EOG,252,0.7291797676406235
2006-11-16,COP,EOG,252,0.7282522832775465
2006-11-17,COP,EOG,252,0.7301412603210309
2006-11-20,COP,EOG,252,0.7299732963614061
2006-11-21,COP,EOG,252,0.7267202914791667
2006-11-22,COP,EOG,252,0.726737875844756
2006-11-24,COP,EOG,252,0.726878250608003
2006-11-27,COP,EOG,252,0.7282910827552043
2006-11-28,COP,EOG,252,0.7231582681795926
2006-11-29,COP,EOG,252,0.7282569562787455
2006-11-30,COP,EOG,252,0.7261640147143632
2006-12-01,COP,EOG,252,0.7224695329922929
2006-12-04,COP,EOG,252,0.7231033015270781
2006-12-05,COP,EOG,252,0.7225104931975085
2006-12-06,COP,EOG,252,0.7224631979535076
2006-12-07,COP,EOG,252,0.722316043388815
2006-12-08,COP,EOG,252,0.7192885181893063
2006-12-11,COP,EOG,252,0.7183783832155913
2006-12-12,COP,EOG,252,0.7336871406549836
2006-12-13,COP,EOG,252,0.751787811474229
2006-12-14,COP,EOG,252,0.7529371421483658
2006-12-15,COP,EOG,252,0.7533592177279812
2006-12-18,COP,EOG,252,0.7472624739952038
2006-12-19,COP,EOG,252,0.7517011772367731
2006-12-20,COP,EOG,252,0.7518265943077356
2006-12-21,COP,EOG,252,0.7522327266710764
2006-12-22,COP,EOG,252,0.7525829430309611
2006-12-26,COP,EOG,252,0.750104910585732
2006-12-27,COP,EOG,252,0.7468060316406071
2006-12-28,COP,EOG,252,0.7458879013455181
2006-12-29,COP,EOG,252,0.7461579541611686
2007-01-03,COP,EOG,252,0.7434637594219548
2007-01-04,COP,EOG,252,0.7301578737587906
2007-01-05,COP,EOG,252,0.7325911982014807
2007-01-08,COP,EOG,252,0.7317015608844407
2007-01-09,COP,EOG,252,0.7294529326416844
2007-01-10,COP,EOG,252,0.7265316864390394
2007-01-11,COP,EOG,252,0.723493986483164
2007-01-12,COP,EOG,252,0.7272290556697557
2007-01-16,COP,EOG,252,0.7263452953196008
2007-01-17,COP,EOG,252,0.7277676164633907
2007-01-18,COP,EOG,252,0.7291471254510095
2007-01-19,COP,EOG,252,0.730902549138288
2007-01-22,COP,EOG,252,0.7311547597248004
2007-01-23,COP,EOG,252,0.7336108458833155
2007-01-24,COP,EOG,252,0.7331567448654536
2007-01-25,COP,EOG,252,0.7352791826508116
2007-01-26,COP,EOG,252,0.7345870651600633
2007-01-29,COP,EOG,252,0.7362042682404555
2007-01-30,COP,EOG,252,0.737473230245146
2007-01-31,COP,EOG,252,0.7408132159454938
2007-02-01,COP,EOG,252,0.7428987296399172
2007-02-02,COP,EOG,252,0.7427132862761303
2007-02-05,COP,EOG,252,0.7441609598403657
2007-02-06,COP,EOG,252,0.7441010052236258
2007-02-07,COP,EOG,252,0.7443338884816965
2007-02-08,COP,EOG,252,0.7354058758211769
2007-02-09,COP,EOG,252,0.7354067978621384
2007-02-12,COP,EOG,252,0.7364336821570406
2007-02-13,COP,EOG,252,0.7370135302596834
2007-02-14,COP,EOG,252,0.7379554143424488
2007-02-15,COP,EOG,252,0.7386331601153275
2007-02-16,COP,EOG,252,0.7385704490895859
2007-02-20,COP,EOG,252,0.7358965145618576
2007-02-21,COP,EOG,252,0.7399112559547152
2007-02-22,COP,EOG,252,0.7406177370709
2007-02-23,COP,EOG,252,0.7387149078050019
2007-02-26,COP,EOG,252,0.738975917901513
2007-02-27,COP,EOG,252,0.7409214094755957
2007-02-28,COP,EOG,252,0.7400576734408987
2007-03-01,COP,EOG,252,0.7378865955091853
2007-03-02,COP,EOG,252,0.738103296408746
2007-03-05,COP,EOG,252,0.7378220546459648
2007-03-06,COP,EOG,252,0.740541837540038
2007-03-07,COP,EOG,252,0.736511548667443
2007-03-08,COP,EOG,252,0.7350133140619854
2007-03-09,COP,EOG,252,0.7363094853755352
2007-03-12,COP,EOG,252,0.7365427954500832
2007-03-13,COP,EOG,252,0.736436956521026
2007-03-14,COP,EOG,252,0.7361978293259325
2007-03-15,COP,EOG,252,0.7352426531170176
2007-03-16,COP,EOG,252,0.7353003575470489
2007-03-19,COP,EOG,252,0.7354471619750647
2007-03-20,COP,EOG,252,0.7364988843724228
2007-03-21,COP,EOG,252,0.7374813162434937
2007-03-22,COP,EOG,252,0.7395904481683377
2007-03-23,COP,EOG,252,0.7390437854371577
2007-03-26,COP,EOG,252,0.7385196052498135
2007-03-27,COP,EOG,252,0.7380472325991839
2007-03-28,COP,EOG,252,0.7406835495903968
2007-03-29,COP,EOG,252,0.7403984323499959
2007-03-30,COP,EOG,252,0.7397166743964227
2007-04-02,COP,EOG,252,0.7386253771937206
2007-04-03,COP,EOG,252,0.7361769950167777
2007-04-04,COP,EOG,252,0.7376769874814098
2007-04-05,COP,EOG,252,0.7371575492002594
2007-04-09,COP,EOG,252,0.7357445748442091
2007-04-10,COP,EOG,252,0.7369682390818892
2007-04-11,COP,EOG,252,0.7351134576283895
2007-04-12,COP,EOG,252,0.7360449589596192
2007-04-13,COP,EOG,252,0.7384158665781266
2007-04-16,COP,EOG,252,0.7386630485337111
2007-04-17,COP,EOG,252,0.7380711268367738
2007-04-18,COP,EOG,252,0.7372085706400534
2007-04-19,COP,EOG,252,0.7328036942242332
2007-04-20,COP,EOG,252,0.7310861255269623
2007-04-23,COP,EOG,252,0.7293269422259722
2007-04-24,COP,EOG,252,0.7318824511694744
2007-04-25,COP,EOG,252,0.7305352217565517
2007-04-26,COP,EOG,252,0.7285081163977744
2007-04-27,COP,EOG,252,0.7270409426591697
2007-04-30,COP,EOG,252,0.7265658271126771
2007-05-01,COP,EOG,252,0.7235726468930488
2007-05-02,COP,EOG,252,0.7219929493227759
2007-05-03,COP,EOG,252,0.7216432410562872
2007-05-04,COP,EOG,252,0.7204900503604826
2007-05-07,COP,EOG,252,0.7207755252590428
2007-05-08,COP,EOG,252,0.7314679815874817
2007-05-09,COP,EOG,252,0.7336416745711448
2007-05-10,COP,EOG,252,0.7345660433829284
2007-05-11,COP,EOG,252,0.7351521377834198
2007-05-14,COP,EOG,252,0.7348182930135637
2007-05-15,COP,EOG,252,0.7310045400756167
2007-05-16,COP,EOG,252,0.7263587266339909
2007-05-17,COP,EOG,252,0.7258546746233235
2007-05-18,COP,EOG,252,0.7241613008139433
2007-05-21,COP,EOG,252,0.7238572618330654
2007-05-22,COP,EOG,252,0.7233103368943505
2007-05-23,COP,EOG,252,0.7226827622646264
2007-05-24,COP,EOG,252,0.7250837131753434
2007-05-25,COP,EOG,252,0.7251278227165743
2007-05-29,COP,EOG,252,0.7245029956120457
2007-05-30,COP,EOG,252,0.7257337562279346
2007-05-31,COP,EOG,252,0.725541034620089
2007-06-01,COP,EOG,252,0.7220656996559628
2007-06-04,COP,EOG,252,0.72179732015769
2007-06-05,COP,EOG,252,0.7226237195181934
2007-06-06,COP,EOG,252,0.7180086016856352
2007-06-07,COP,EOG,252,0.7238267861968649
2007-06-08,COP,EOG,252,0.7204892319134345
2007-06-11,COP,EOG,252,0.7220924316367456
2007-06-12,COP,EOG,252,0.7209807854729333
2007-06-13,COP,EOG,252,0.7189596324372082
2007-06-14,COP,EOG,252,0.7254032156896262
2007-06-15,COP,EOG,252,0.7212244945651322
2007-06-18,COP,EOG,252,0.7168073944563194
2007-06-19,COP,EOG,252,0.7187953313524438
2007-06-20,COP,EOG,252,0.715456818373078
2007-06-21,COP,EOG,252,0.7176395556544003
2007-06-22,COP,EOG,252,0.7168081762483258
2007-06-25,COP,EOG,252,0.7191531667386614
2007-06-26,COP,EOG,252,0.730817889628589
2007-06-27,COP,EOG,252,0.7309745096930081
2007-06-28,COP,EOG,252,0.7310087013676512
2007-06-29,COP,EOG,252,0.7316513909931674
2007-07-02,COP,EOG,252,0.7293074544774137
2007-07-03,COP,EOG,252,0.7319526888921142
2007-07-05,COP,EOG,252,0.73036790589462
2007-07-06,COP,EOG,252,0.7300323638520864
2007-07-09,COP,EOG,252,0.7189800198568318
2007-07-10,COP,EOG,252,0.7198503354612599
2007-07-11,COP,EOG,252,0.7189126000017573
2007-07-12,COP,EOG,252,0.7121760937529155
2007-07-13,COP,EOG,252,0.7117106179427745
2007-07-16,COP,EOG,252,0.7137674581131148
2007-07-17,COP,EOG,252,0.7133196465572972
2007-07-18,COP,EOG,252,0.708796824936729
2007-07-19,COP,EOG,252,0.7084318892555822
2007-07-20,COP,EOG,252,0.709234352621243
2007-07-23,COP,EOG,252,0.7052066480642306
2007-07-24,COP,EOG,252,0.7063417528680748
2007-07-25,COP,EOG,252,0.7008384187680926
2007-07-26,COP,EOG,252,0.6987600408307928
2007-07-27,COP,EOG,252,0.6994931939216019
2007-07-30,COP,EOG,252,0.7031508613676869
2007-07-31,COP,EOG,252,0.7057178742014383
2007-08-01,COP,EOG,252,0.7034038967418398
2007-08-02,COP,EOG,252,0.7048624648633336
2007-08-03,COP,EOG,252,0.7111806263255527
2007-08-06,COP,EOG,252,0.7103931826340923
2007-08-07,COP,EOG,252,0.7116464113040017
2007-08-08,COP,EOG,252,0.7140417001264797
2007-08-09,COP,EOG,252,0.709465506704461
2007-08-10,COP,EOG,252,0.7074538635374975
2007-08-13,COP,EOG,252,0.7052090023616805
2007-08-14,COP,EOG,252,0.7091662906546016
2007-08-15,COP,EOG,252,0.708183139205728
2007-08-16,COP,EOG,252,0.7079494421942065
2007-08-17,COP,EOG,252,0.710993788181021
2007-08-20,COP,EOG,252,0.7052296662152513
2007-08-21,COP,EOG,252,0.7079401644511981
2007-08-22,COP,EOG,252,0.7036689004612303
2007-08-23,COP,EOG,252,0.7038553483005612
2007-08-24,COP,EOG,252,0.7030072019858141
2007-08-27,COP,EOG,252,0.7047465028754318
2007-08-28,COP,EOG,252,0.706662870207041
2007-08-29,COP,EOG,252,0.7054949815602313
2007-08-30,COP,EOG,252,0.7038229744937717
2007-08-31,COP,EOG,252,0.7045430427663709
2007-09-04,COP,EOG,252,0.7063270227229355
2007-09-05,COP,EOG,252,0.7029687367605802
2007-09-06,COP,EOG,252,0.7047221163051853
2007-09-07,COP,EOG,252,0.6962748224779313
2007-09-10,COP,EOG,252,0.6950069475122292
2007-09-11,COP,EOG,252,0.6932102281492233
2007-09-12,COP,EOG,252,0.6925402699479759
2007-09-13,COP,EOG,252,0.6926212026253271
2007-09-14,COP,EOG,252,0.6913562954568153
2007-09-17,COP,EOG,252,0.691102152785606
2007-09-18,COP,EOG,252,0.6981285749389624
2007-09-19,COP,EOG,252,0.6990102231712043
2007-09-20,COP,EOG,252,0.698057400948187
2007-09-21,COP,EOG,252,0.6969950588662968
2007-09-24,COP,EOG,252,0.6950075552349316
2007-09-25,COP,EOG,252,0.6954275116634473
2007-09-26,COP,EOG,252,0.7014496803238214
2007-09-27,COP,EOG,252,0.7003242479051018
2007-09-28,COP,EOG,252,0.6997795017084926
2007-10-01,COP,EOG,252,0.6986859142741592
2007-10-02,COP,EOG,252,0.6868812270878996
2007-10-03,COP,EOG,252,0.685861091276937
2007-10-04,COP,EOG,252,0.6734194696981587
2007-10-05,COP,EOG,252,0.6724184751121779
2007-10-08,COP,EOG,252,0.6717427961175296
2007-10-09,COP,EOG,252,0.673574828728209
2007-10-10,COP,EOG,252,0.6736155214642918
2007-10-11,COP,EOG,252,0.6676143432504031
2007-10-12,COP,EOG,252,0.666586774053005
2007-10-15,COP,EOG,252,0.6647382609699923
2007-10-16,COP,EOG,252,0.6613789203487511
2007-10-17,COP,EOG,252,0.6597469141674214
2007-10-18,COP,EOG,252,0.6597573487881865
2007-10-19,COP,EOG,252,0.664949642360301
2007-10-22,COP,EOG,252,0.6659454525406222
2007-10-23,COP,EOG,252,0.665151568449893
2007-10-24,COP,EOG,252,0.65779282464075
2007-10-25,COP,EOG,252,0.6629972178333204
2007-10-26,COP,EOG,252,0.6618088453792721
2007-10-29,COP,EOG,252,0.6605426304828663
2007-10-30,COP,EOG,252,0.6359335934763998
2007-10-31,COP,EOG,252,0.6383532164840447
2007-11-01,COP,EOG,252,0.6423719744680326
2007-11-02,COP,EOG,252,0.642376120692491
2007-11-05,COP,EOG,252,0.6426519127031647
2007-11-06,COP,EOG,252,0.6416988529263239
2007-11-07,COP,EOG,252,0.6444694618424062
2007-11-08,COP,EOG,252,0.645919485648232
2007-11-09,COP,EOG,252,0.6441791019126482
2007-11-12,COP,EOG,252,0.6508193033961835
2007-11-13,COP,EOG,252,0.6528140933353797
2007-11-14,COP,EOG,252,0.6499798085597459
2007-11-15,COP,EOG,252,0.6519208374560317
2007-11-16,COP,EOG,252,0.6511941859993675
2007-11-19,COP,EOG,252,0.6476174134965382
2007-11-20,COP,EOG,252,0.644874506378212
2007-11-21,COP,EOG,252,0.6464354865333105
2007-11-23,COP,EOG,252,0.6454681797643976
2007-11-26,COP,EOG,252,0.6445121216304047
2007-11-27,COP,EOG,252,0.6446755588699115
2007-11-28,COP,EOG,252,0.6458586888098782
2007-11-29,COP,EOG,252,0.6434949394229538
2007-11-30,COP,EOG,252,0.6397924828021164
2007-12-03,COP,EOG,252,0.6463828080970968
2007-12-04,COP,EOG,252,0.6462249367224981
2007-12-05,COP,EOG,252,0.6501421883434653
2007-12-06,COP,EOG,252,0.6538824477797591
2007-12-07,COP,EOG,252,0.6543469428041249
2007-12-10,COP,EOG,252,0.6561127030357577
2007-12-11,COP,EOG,252,0.6593588450467411
2007-12-12,COP,EOG,252,0.6616909361686628
2007-12-13,COP,EOG,252,0.6592318846935505
2007-12-14,COP,EOG,252,0.6608950153050716
2007-12-17,COP,EOG,252,0.6604228085012255
2007-12-18,COP,EOG,252,0.6588105090726166
2007-12-19,COP,EOG,252,0.6664569718845128
2007-12-20,COP,EOG,252,0.6669905273304395
2007-12-21,COP,EOG,252,0.6671380981437165
2007-12-24,COP,EOG,252,0.6673431528572737
2007-12-26,COP,EOG,252,0.6617115568083443
2007-12-27,COP,EOG,252,0.6660628763182771
2007-12-28,COP,EOG,252,0.6658568721364508
2007-12-31,COP,EOG,252,0.6667459821989656
2008-01-02,COP,EOG,252,0.6622707290380656
2008-01-03,COP,EOG,252,0.656428790512472
2008-01-04,COP,EOG,252,0.6680220108054107
2008-01-07,COP,EOG,252,0.665565068534995
2008-01-08,COP,EOG,252,0.6703632261304876
2008-01-09,COP,EOG,252,0.6706234347375811
2008-01-10,COP,EOG,252,0.6718499872420488
2008-01-11,COP,EOG,252,0.6711162888139832
2008-01-14,COP,EOG,252,0.6583215379916542
2008-01-15,COP,EOG,252,0.6619556622566103
2008-01-16,COP,EOG,252,0.6665074718432635
2008-01-17,COP,EOG,252,0.6784501742409619
2008-01-18,COP,EOG,252,0.6741716183415011
2008-01-22,COP,EOG,252,0.6770935620619305
2008-01-23,COP,EOG,252,0.6716853565480452
2008-01-24,COP,EOG,252,0.6780949292298084
2008-01-25,COP,EOG,252,0.674007199183303
2008-01-28,COP,EOG,252,0.6746785495209644
2008-01-29,COP,EOG,252,0.6700479606911477
2008-01-30,COP,EOG,252,0.6712321254451273
2008-01-31,COP,EOG,252,0.6709024112100281
2008-02-01,COP,EOG,252,0.6691902825530339
2008-02-04,COP,EOG,252,0.6674134935490006
2008-02-05,COP,EOG,252,0.6745413513042402
2008-02-06,COP,EOG,252,0.6670236971071033
2008-02-07,COP,EOG,252,0.6678128913852884
2008-02-08,COP,EOG,252,0.6661801836308898
2008-02-11,COP,EOG,252,0.6680988785347238
2008-02-12,COP,EOG,252,0.6670064664715946
2008-02-13,COP,EOG,252,0.6688564078173922
2008-02-14,COP,EOG,252,0.664568551716756
2008-02-15,COP,EOG,252,0.6630343642572297
2008-02-19,COP,EOG,252,0.6662785133748519
2008-02-20,COP,EOG,252,0.6665131955359638
2008-02-21,COP,EOG,252,0.6676772970021158
2008-02-22,COP,EOG,252,0.6678322670743538
2008-02-25,COP,EOG,252,0.6702827837661199
2008-02-26,COP,EOG,252,0.6738007738223735
2008-02-27,COP,EOG,252,0.6686811029420954
2008-02-28,COP,EOG,252,0.6036821472126843
2008-02-29,COP,EOG,252,0.6118955094250446
2008-03-03,COP,EOG,252,0.6107761973458726
2008-03-04,COP,EOG,252,0.6123508172165721
2008-03-05,COP,EOG,252,0.6106285515080071
2008-03-06,COP,EOG,252,0.6132223868289192
2008-03-07,COP,EOG,252,0.6141816429445844
2008-03-10,COP,EOG,252,0.6153850123398821
2008-03-11,COP,EOG,252,0.6196313458514673
2008-03-12,COP,EOG,252,0.6210739074458592
2008-03-13,COP,EOG,252,0.6064147141394567
2008-03-14,COP,EOG,252,0.6061732383887968
2008-03-17,COP,EOG,252,0.6080773674885537
2008-03-18,COP,EOG,252,0.6101774959042446
2008-03-19,COP,EOG,252,0.6307027435737774
2008-03-20,COP,EOG,252,0.627059650726199
2008-03-24,COP,EOG,252,0.6262128487328739
2008-03-25,COP,EOG,252,0.622289704626628
2008-03-26,COP,EOG,252,0.6250478463431794
2008-03-27,COP,EOG,252,0.6254226495529336
2008-03-28,COP,EOG,252,0.6251722011090275
2008-03-31,COP,EOG,252,0.6253664866672813
2008-04-01,COP,EOG,252,0.6244967025516199
2008-04-02,COP,EOG,252,0.6251234333942036
2008-04-03,COP,EOG,252,0.6254964993981089
2008-04-04,COP,EOG,252,0.6261737952586585
2008-04-07,COP,EOG,252,0.625523712235451
2008-04-08,COP,EOG,252,0.626402452530955
2008-04-09,COP,EOG,252,0.6253208864646462
2008-04-10,COP,EOG,252,0.6245035278496208
2008-04-11,COP,EOG,252,0.6232865054675124
2008-04-14,COP,EOG,252,0.6237990288599462
2008-04-15,COP,EOG,252,0.6252423907745677
2008-04-16,COP,EOG,252,0.6261307005589478
2008-04-17,COP,EOG,252,0.6254533512646595
2008-04-18,COP,EOG,252,0.6255982927317641
2008-04-21,COP,EOG,252,0.6272088180864764
2008-04-22,COP,EOG,252,0.6273023147972139
2008-04-23,COP,EOG,252,0.6281283382629502
2008-04-24,COP,EOG,252,0.6300784614935284
2008-04-25,COP,EOG,252,0.630290013538433
2008-04-28,COP,EOG,252,0.6279596716344165
2008-04-29,COP,EOG,252,0.617472091473478
2008-04-30,COP,EOG,252,0.6206393139943566
2008-05-01,COP,EOG,252,0.6175548181031582
2008-05-02,COP,EOG,252,0.6174478843257327
2008-05-05,COP,EOG,252,0.6164764686053474
2008-05-06,COP,EOG,252,0.6182487632518373
2008-05-07,COP,EOG,252,0.618903845743383
2008-05-08,COP,EOG,252,0.6205881704373999
2008-05-09,COP,EOG,252,0.6197875496411631
2008-05-12,COP,EOG,252,0.6184989839316151
2008-05-13,COP,EOG,252,0.6175582869446185
2008-05-14,COP,EOG,252,0.616856051322799
2008-05-15,COP,EOG,252,0.6177078035917813
2008-05-16,COP,EOG,252,0.621648036562436
2008-05-19,COP,EOG,252,0.6192067442494023
2008-05-20,COP,EOG,252,0.6203954027874566
2008-05-21,COP,EOG,252,0.6206484032808183
2008-05-22,COP,EOG,252,0.621354762684908
2008-05-23,COP,EOG,252,0.6199173007377509
2008-05-27,COP,EOG,252,0.6202773038431477
2008-05-28,COP,EOG,252,0.6194575622068231
2008-05-29,COP,EOG,252,0.6195487116550621
2008-05-30,COP,EOG,252,0.6188871651193821
2008-06-02,COP,EOG,252,0.6198622708198954
2008-06-03,COP,EOG,252,0.6210483742760236
2008-06-04,COP,EOG,252,0.6186011732509685
2008-06-05,COP,EOG,252,0.6267513714712527
2008-06-06,COP,EOG,252,0.6268740932059185
2008-06-09,COP,EOG,252,0.6282268851114619
2008-06-10,COP,EOG,252,0.6306486343594787
2008-06-11,COP,EOG,252,0.6302023921345584
2008-06-12,COP,EOG,252,0.6288078483097319
2008-06-13,COP,EOG,252,0.6274110236856878
2008-06-16,COP,EOG,252,0.6273986590544396
2008-06-17,COP,EOG,252,0.6282060330533902
2008-06-18,COP,EOG,252,0.6273162092083416
2008-06-19,COP,EOG,252,0.6253721271528555
2008-06-20,COP,EOG,252,0.6235624632764124
2008-06-23,COP,EOG,252,0.6262099127442262
2008-06-24,COP,EOG,252,0.6256599318756669
2008-06-25,COP,EOG,252,0.6237127488141466
2008-06-26,COP,EOG,252,0.6237974362457372
2008-06-27,COP,EOG,252,0.6183149023121857
2008-06-30,COP,EOG,252,0.6172358390780092
2008-07-01,COP,EOG,252,0.616781942982712
2008-07-02,COP,EOG,252,0.6244097937814169
2008-07-03,COP,EOG,252,0.6183617776118812
2008-07-07,COP,EOG,252,0.6198326381510982
2008-07-08,COP,EOG,252,0.6239642524486163
2008-07-09,COP,EOG,252,0.6250191618638394
2008-07-10,COP,EOG,252,0.6295640542433893
2008-07-11,COP,EOG,252,0.6286113329119116
2008-07-14,COP,EOG,252,0.6292091183565064
2008-07-15,COP,EOG,252,0.6358256770970052
2008-07-16,COP,EOG,252,0.6375701412712053
2008-07-17,COP,EOG,252,0.6345113331268045
2008-07-18,COP,EOG,252,0.6354421774452398
2008-07-21,COP,EOG,252,0.6362753868908368
2008-07-22,COP,EOG,252,0.6384944021447545
2008-07-23,COP,EOG,252,0.6397805998383687
2008-07-24,COP,EOG,252,0.6391154659718022
2008-07-25,COP,EOG,252,0.6374298180104664
2008-07-28,COP,EOG,252,0.6353755419461931
2008-07-29,COP,EOG,252,0.6348201269477954
2008-07-30,COP,EOG,252,0.6410882045226656
2008-07-31,COP,EOG,252,0.6470322846211067
2008-08-01,COP,EOG,252,0.6489192659935317
2008-08-04,COP,EOG,252,0.6461148494698221
2008-08-05,COP,EOG,252,0.6473790743829225
2008-08-06,COP,EOG,252,0.6483724401335036
2008-08-07,COP,EOG,252,0.6481808035594595
2008-08-08,COP,EOG,252,0.6501914174732731
2008-08-11,COP,EOG,252,0.6489136292402284
2008-08-12,COP,EOG,252,0.6504476854796162
2008-08-13,COP,EOG,252,0.6540295490415478
2008-08-14,COP,EOG,252,0.6542201801025738
2008-08-15,COP,EOG,252,0.6548719922360343
2008-08-18,COP,EOG,252,0.6527777903686128
2008-08-19,COP,EOG,252,0.6602879152657475
2008-08-20,COP,EOG,252,0.6605611408265443
2008-08-21,COP,EOG,252,0.655631904256532
2008-08-22,COP,EOG,252,0.6572263370118702
2008-08-25,COP,EOG,252,0.6576469261322077
2008-08-26,COP,EOG,252,0.6563992870400535
2008-08-27,COP,EOG,252,0.6559900083879078
2008-08-28,COP,EOG,252,0.6554983182934565
2008-08-29,COP,EOG,252,0.6558228576852664
2008-09-02,COP,EOG,252,0.6646055076312715
2008-09-03,COP,EOG,252,0.6625079480624393
2008-09-04,COP,EOG,252,0.6616872863794285
2008-09-05,COP,EOG,252,0.6569907875636174
2008-09-08,COP,EOG,252,0.6566224860240101
2008-09-09,COP,EOG,252,0.674300669107336
2008-09-10,COP,EOG,252,0.67663529558536
2008-09-11,COP,EOG,252,0.6762272217160793
2008-09-12,COP,EOG,252,0.67750813160681
2008-09-15,COP,EOG,252,0.6850733161085893
2008-09-16,COP,EOG,252,0.6826049288815775
2008-09-17,COP,EOG,252,0.6703331217037988
2008-09-18,COP,EOG,252,0.673445560444137
2008-09-19,COP,EOG,252,0.6749687075057975
2008-09-22,COP,EOG,252,0.6750419709744251
2008-09-23,COP,EOG,252,0.6723499164072196
2008-09-24,COP,EOG,252,0.6718950138399497
2008-09-25,COP,EOG,252,0.6728439811255436
2008-09-26,COP,EOG,252,0.6730845063174092
2008-09-29,COP,EOG,252,0.6926505002902025
2008-09-30,COP,EOG,252,0.697720732854517
2008-10-01,COP,EOG,252,0.6981048657025264
2008-10-02,COP,EOG,252,0.6994459349373884
2008-10-03,COP,EOG,252,0.6967428322954905
2008-10-06,COP,EOG,252,0.697592905175358
2008-10-07,COP,EOG,252,0.7034044791222857
2008-10-08,COP,EOG,252,0.7026049983759819
2008-10-09,COP,EOG,252,0.7161393727334386
2008-10-10,COP,EOG,252,0.7235606727536155
2008-10-13,COP,EOG,252,0.7568712004146514
2008-10-14,COP,EOG,252,0.7556751792677628
2008-10-15,COP,EOG,252,0.7744946880598125
2008-10-16,COP,EOG,252,0.7775671508572287
2008-10-17,COP,EOG,252,0.7771314451546096
2008-10-20,COP,EOG,252,0.7817797733543125
2008-10-21,COP,EOG,252,0.7811244140858081
2008-10-22,COP,EOG,252,0.7872653713719729
2008-10-23,COP,EOG,252,0.7855487623488601
2008-10-24,COP,EOG,252,0.7805166615612062
2008-10-27,COP,EOG,252,0.7815146513895116
2008-10-28,COP,EOG,252,0.7842204563717481
2008-10-29,COP,EOG,252,0.7863299136379533
2008-10-30,COP,EOG,252,0.7868438274642073
2008-10-31,COP,EOG,252,0.7846088695829502
2008-11-03,COP,EOG,252,0.7814821163707951
2008-11-04,COP,EOG,252,0.7872378012579861
2008-11-05,COP,EOG,252,0.7873749688767655
2008-11-06,COP,EOG,252,0.7886763514370263
2008-11-07,COP,EOG,252,0.7889872772180989
2008-11-10,COP,EOG,252,0.7880767164984642
2008-11-11,COP,EOG,252,0.7877506014842746
2008-11-12,COP,EOG,252,0.7834013215132017
2008-11-13,COP,EOG,252,0.79091468320682
2008-11-14,COP,EOG,252,0.7917492092856637
2008-11-17,COP,EOG,252,0.7917896565834686
2008-11-18,COP,EOG,252,0.7900217405213741
2008-11-19,COP,EOG,252,0.7939491774811853
2008-11-20,COP,EOG,252,0.8009581390600835
2008-11-21,COP,EOG,252,0.8093405404106065
2008-11-24,COP,EOG,252,0.8112543899955422
2008-11-25,COP,EOG,252,0.810045603602531
2008-11-26,COP,EOG,252,0.8110234363430516
2008-11-28,COP,EOG,252,0.8122859590098741
2008-12-01,COP,EOG,252,0.8173707709075807
2008-12-02,COP,EOG,252,0.8180216152125944
2008-12-03,COP,EOG,252,0.8179896509151273
2008-12-04,COP,EOG,252,0.818881318269033
2008-12-05,COP,EOG,252,0.8161025847466501
2008-12-08,COP,EOG,252,0.8137201546044468
2008-12-09,COP,EOG,252,0.8136804260521708
2008-12-10,COP,EOG,252,0.814674152299913
2008-12-11,COP,EOG,252,0.8143469020614919
2008-12-12,COP,EOG,252,0.8149325136535771
2008-12-15,COP,EOG,252,0.8148938561719277
2008-12-16,COP,EOG,252,0.8148848420137401
2008-12-17,COP,EOG,252,0.8154359197785821
2008-12-18,COP,EOG,252,0.8157728934116314
2008-12-19,COP,EOG,252,0.8153878775834263
2008-12-22,COP,EOG,252,0.8153161684419026
2008-12-23,COP,EOG,252,0.8121396199654003
2008-12-24,COP,EOG,252,0.8131277386963368
2008-12-26,COP,EOG,252,0.8132622054038086
2008-12-29,COP,EOG,252,0.813156719520938
2008-12-30,COP,EOG,252,0.8097326367923781
2008-12-31,COP,EOG,252,0.8103730455819305
2009-01-02,COP,EOG,252,0.8117775571217313
2009-01-05,COP,EOG,252,0.8112148286460202
2009-01-06,COP,EOG,252,0.8113208310610724
2009-01-07,COP,EOG,252,0.8115675901875863
2009-01-08,COP,EOG,252,0.8115083601182
2009-01-09,COP,EOG,252,0.8122224321131953
2009-01-12,COP,EOG,252,0.8127508255270244
2009-01-13,COP,EOG,252,0.8133438137980311
2009-01-14,COP,EOG,252,0.8141084454153272
2009-01-15,COP,EOG,252,0.813535086870756
2009-01-16,COP,EOG,252,0.8118611802405762
2009-01-20,COP,EOG,252,0.8122756429495687
2009-01-21,COP,EOG,252,0.8142816289906002
2009-01-22,COP,EOG,252,0.8148271022818482
2009-01-23,COP,EOG,252,0.8131428439069541
2009-01-26,COP,EOG,252,0.8134679801233768
2009-01-27,COP,EOG,252,0.8127856507353602
2009-01-28,COP,EOG,252,0.8132968934362502
2009-01-29,COP,EOG,252,0.8115658937793241
2009-01-30,COP,EOG,252,0.8111188549951435
2009-02-02,COP,EOG,252,0.8108854708942952
2009-02-03,COP,EOG,252,0.8113533773888524
2009-02-04,COP,EOG,252,0.8106637526914093
2009-02-05,COP,EOG,252,0.8119621612293579
2009-02-06,COP,EOG,252,0.8106983967406556
2009-02-09,COP,EOG,252,0.8110501809442707
2009-02-10,COP,EOG,252,0.8121670088004949
2009-02-11,COP,EOG,252,0.8115894551904882
2009-02-12,COP,EOG,252,0.8113064588725784
2009-02-13,COP,EOG,252,0.8120748906044606
2009-02-17,COP,EOG,252,0.8134350666849
2009-02-18,COP,EOG,252,0.8126787825061182
2009-02-19,COP,EOG,252,0.8123962300819638
2009-02-20,COP,EOG,252,0.8102123827392538
2009-02-23,COP,EOG,252,0.8112389828394222
2009-02-24,COP,EOG,252,0.8119684313322335
2009-02-25,COP,EOG,252,0.8116263484221872
2009-02-26,COP,EOG,252,0.8116644889233623
2009-02-27,COP,EOG,252,0.8279941808252912
2009-03-02,COP,EOG,252,0.8293074324805101
2009-03-03,COP,EOG,252,0.827762205232446
2009-03-04,COP,EOG,252,0.8289907107142144
2009-03-05,COP,EOG,252,0.8251950407298652
2009-03-06,COP,EOG,252,0.8250322876644055
2009-03-09,COP,EOG,252,0.8209380005207569
2009-03-10,COP,EOG,252,0.8217332736908798
2009-03-11,COP,EOG,252,0.821324267618083
2009-03-12,COP,EOG,252,0.8127066599415491
2009-03-13,COP,EOG,252,0.8154287311386551
2009-03-16,COP,EOG,252,0.8133753984906943
2009-03-17,COP,EOG,252,0.8135231425520391
2009-03-18,COP,EOG,252,0.8119555256725938
2009-03-19,COP,EOG,252,0.8097717841307276
2009-03-20,COP,EOG,252,0.81041468624464
2009-03-23,COP,EOG,252,0.8120282240441641
2009-03-24,COP,EOG,252,0.8134189689157819
2009-03-25,COP,EOG,252,0.8129963822412941
2009-03-26,COP,EOG,252,0.8116306066920896
2009-03-27,COP,EOG,252,0.8101108150991241
2009-03-30,COP,EOG,252,0.8105675969644267
2009-03-31,COP,EOG,252,0.8094827300872137
2009-04-01,COP,EOG,252,0.8094867417111796
2009-04-02,COP,EOG,252,0.8105054385300572
2009-04-03,COP,EOG,252,0.810734974069413
2009-04-06,COP,EOG,252,0.8113067847390643
2009-04-07,COP,EOG,252,0.8118984352395581
2009-04-08,COP,EOG,252,0.8115627946857805
2009-04-09,COP,EOG,252,0.812065396052559
2009-04-13,COP,EOG,252,0.8118793236519253
2009-04-14,COP,EOG,252,0.8118174483626811
2009-04-15,COP,EOG,252,0.8110783275310263
2009-04-16,COP,EOG,252,0.8108199791694759
2009-04-17,COP,EOG,252,0.810870109051652
2009-04-20,COP,EOG,252,0.812209715121555
2009-04-21,COP,EOG,252,0.8124893064165302
2009-04-22,COP,EOG,252,0.8124969150152206
2009-04-23,COP,EOG,252,0.813846827540922
2009-04-24,COP,EOG,252,0.8144591301521111
2009-04-27,COP,EOG,252,0.8145831094247857
2009-04-28,COP,EOG,252,0.8146093227337969
2009-04-29,COP,EOG,252,0.8174968718638311
2009-04-30,COP,EOG,252,0.8172437091899405
2009-05-01,COP,EOG,252,0.8188707877086199
2009-05-04,COP,EOG,252,0.8183451670677353
2009-05-05,COP,EOG,252,0.8190045885891767
2009-05-06,COP,EOG,252,0.8179889342901612
2009-05-07,COP,EOG,252,0.8169894398059798
2009-05-08,COP,EOG,252,0.8170241252484451
2009-05-11,COP,EOG,252,0.8175325150722447
2009-05-12,COP,EOG,252,0.8175516072531781
2009-05-13,COP,EOG,252,0.8177499141619627
2009-05-14,COP,EOG,252,0.8182140590575311
2009-05-15,COP,EOG,252,0.8180325197050251
2009-05-18,COP,EOG,252,0.8181727590235924
2009-05-19,COP,EOG,252,0.8184678230778812
2009-05-20,COP,EOG,252,0.8184990937673059
2009-05-21,COP,EOG,252,0.819034077972449
2009-05-22,COP,EOG,252,0.81912317042902
2009-05-26,COP,EOG,252,0.818959093082172
2009-05-27,COP,EOG,252,0.8189991337638001
2009-05-28,COP,EOG,252,0.8190534261794646
2009-05-29,COP,EOG,252,0.8194711804195232
2009-06-01,COP,EOG,252,0.8205429027852773
2009-06-02,COP,EOG,252,0.8205493549046844
2009-06-03,COP,EOG,252,0.8212650909134652
2009-06-04,COP,EOG,252,0.8220180411375964
2009-06-05,COP,EOG,252,0.8202922958207359
2009-06-08,COP,EOG,252,0.8202053912688213
2009-06-09,COP,EOG,252,0.820133809729985
2009-06-10,COP,EOG,252,0.8199646539621241
2009-06-11,COP,EOG,252,0.8195743098733366
2009-06-12,COP,EOG,252,0.8188600127773834
2009-06-15,COP,EOG,252,0.8188009662968886
2009-06-16,COP,EOG,252,0.8178337699866476
2009-06-17,COP,EOG,252,0.8176630988921079
2009-06-18,COP,EOG,252,0.8173396077406823
2009-06-19,COP,EOG,252,0.8162697625625395
2009-06-22,COP,EOG,252,0.8161848922397341
2009-06-23,COP,EOG,252,0.8151470353235383
2009-06-24,COP,EOG,252,0.8155299967863808
2009-06-25,COP,EOG,252,0.815471920736992
2009-06-26,COP,EOG,252,0.8153188004792523
2009-06-29,COP,EOG,252,0.8161623919406793
2009-06-30,COP,EOG,252,0.8163779007148106
2009-07-01,COP,EOG,252,0.8162210451907005
2009-07-02,COP,EOG,252,0.8156769983308358
2009-07-06,COP,EOG,252,0.8172003397513549
2009-07-07,COP,EOG,252,0.8176178818555295
2009-07-08,COP,EOG,252,0.8174291568797195
2009-07-09,COP,EOG,252,0.8180910159916924
2009-07-10,COP,EOG,252,0.8175253776718778
2009-07-13,COP,EOG,252,0.8191486296633144
2009-07-14,COP,EOG,252,0.8190007357857355
2009-07-15,COP,EOG,252,0.8186148122845562
2009-07-16,COP,EOG,252,0.8185355131146417
2009-07-17,COP,EOG,252,0.8192937459142824
2009-07-20,COP,EOG,252,0.8193608133065994
2009-07-21,COP,EOG,252,0.819121077571402
2009-07-22,COP,EOG,252,0.8189767897272597
2009-07-23,COP,EOG,252,0.8188745474267819
2009-07-24,COP,EOG,252,0.8190947718256042
2009-07-27,COP,EOG,252,0.8192894793004565
2009-07-28,COP,EOG,252,0.8198356733740271
2009-07-29,COP,EOG,252,0.8199843693100257
2009-07-30,COP,EOG,252,0.8189582149567146
2009-07-31,COP,EOG,252,0.8184919560549154
2009-08-03,COP,EOG,252,0.8189281462120959
2009-08-04,COP,EOG,252,0.8201764169970958
2009-08-05,COP,EOG,252,0.8200638009093756
2009-08-06,COP,EOG,252,0.8197091754696779
2009-08-07,COP,EOG,252,0.8183212276809223
2009-08-10,COP,EOG,252,0.8186147436531465
2009-08-11,COP,EOG,252,0.8189673430355281
2009-08-12,COP,EOG,252,0.818984379394046
2009-08-13,COP,EOG,252,0.8184994730625034
2009-08-14,COP,EOG,252,0.8183961999295976
2009-08-17,COP,EOG,252,0.8187858712637227
2009-08-18,COP,EOG,252,0.818788776455779
2009-08-19,COP,EOG,252,0.8184811689688846
2009-08-20,COP,EOG,252,0.8186339683220184
2009-08-21,COP,EOG,252,0.8209050080673044
2009-08-24,COP,EOG,252,0.8200766003935963
2009-08-25,COP,EOG,252,0.8199233946427754
2009-08-26,COP,EOG,252,0.820768803759083
2009-08-27,COP,EOG,252,0.8204158417635573
2009-08-28,COP,EOG,252,0.8212940741554768
2009-08-31,COP,EOG,252,0.821348601756493
2009-09-01,COP,EOG,252,0.8210856467164658
2009-09-02,COP,EOG,252,0.8212362542961521
2009-09-03,COP,EOG,252,0.8218786733738057
2009-09-04,COP,EOG,252,0.8231662827724792
2009-09-08,COP,EOG,252,0.8238025539348501
2009-09-09,COP,EOG,252,0.8208252512468499
2009-09-10,COP,EOG,252,0.8203086119615793
2009-09-11,COP,EOG,252,0.820307486006041
2009-09-14,COP,EOG,252,0.8203026814919866
2009-09-15,COP,EOG,252,0.817583915677805
2009-09-16,COP,EOG,252,0.8180336833631988
2009-09-17,COP,EOG,252,0.8217495232736828
2009-09-18,COP,EOG,252,0.8210412531360627
2009-09-21,COP,EOG,252,0.8213598603284596
2009-09-22,COP,EOG,252,0.8212535815991084
2009-09-23,COP,EOG,252,0.82266013218722
2009-09-24,COP,EOG,252,0.8228520822440974
2009-09-25,COP,EOG,252,0.8224958260447679
2009-09-28,COP,EOG,252,0.8227414923475488
2009-09-29,COP,EOG,252,0.817930845210868
2009-09-30,COP,EOG,252,0.8164424966282304
2009-10-01,COP,EOG,252,0.8166032924826794
2009-10-02,COP,EOG,252,0.8184341485307296
2009-10-05,COP,EOG,252,0.820274305384591
2009-10-06,COP,EOG,252,0.8205956463198464
2009-10-07,COP,EOG,252,0.8183209388241565
2009-10-08,COP,EOG,252,0.8190287950192772
2009-10-09,COP,EOG,252,0.8152473978321628
2009-10-12,COP,EOG,252,0.8138146290973798
2009-10-13,COP,EOG,252,0.7996372428675789
2009-10-14,COP,EOG,252,0.7999161074208195
2009-10-15,COP,EOG,252,0.7886617798123888
2009-10-16,COP,EOG,252,0.7868541871692033
2009-10-19,COP,EOG,252,0.7872347528316229
2009-10-20,COP,EOG,252,0.783179676228024
2009-10-21,COP,EOG,252,0.7832272987664091
2009-10-22,COP,EOG,252,0.7776719477310688
2009-10-23,COP,EOG,252,0.7810878365481795
2009-10-26,COP,EOG,252,0.7858809483460488
2009-10-27,COP,EOG,252,0.7845941212518155
2009-10-28,COP,EOG,252,0.7833611412882545
2009-10-29,COP,EOG,252,0.7861092996613609
2009-10-30,COP,EOG,252,0.7853757378157854
2009-11-02,COP,EOG,252,0.7872878990791969
2009-11-03,COP,EOG,252,0.7900321057491736
2009-11-04,COP,EOG,252,0.7841912843231731
2009-11-05,COP,EOG,252,0.7840672218254195
2009-11-06,COP,EOG,252,0.7824916970527652
2009-11-09,COP,EOG,252,0.7823285636639964
2009-11-10,COP,EOG,252,0.7823477890082322
2009-11-11,COP,EOG,252,0.7819804198067534
2009-11-12,COP,EOG,252,0.7886781334425147
2009-11-13,COP,EOG,252,0.780315141826323
2009-11-16,COP,EOG,252,0.7790256812908721
2009-11-17,COP,EOG,252,0.7792880382237009
2009-11-18,COP,EOG,252,0.7818797340582447
2009-11-19,COP,EOG,252,0.7793448763520704
2009-11-20,COP,EOG,252,0.7642469302388513
2009-11-23,COP,EOG,252,0.7479198719046838
2009-11-24,COP,EOG,252,0.742833990974383
2009-11-25,COP,EOG,252,0.7447461192037969
2009-11-27,COP,EOG,252,0.7429541401541763
2009-11-30,COP,EOG,252,0.7412773050216478
2009-12-01,COP,EOG,252,0.7288245590362836
2009-12-02,COP,EOG,252,0.7270603591933542
2009-12-03,COP,EOG,252,0.7268850118351806
2009-12-04,COP,EOG,252,0.7150170832014136
2009-12-07,COP,EOG,252,0.7198969564727632
2009-12-08,COP,EOG,252,0.7255386218990376
2009-12-09,COP,EOG,252,0.7255958415094411
2009-12-10,COP,EOG,252,0.723141390317316
2009-12-11,COP,EOG,252,0.7228581373822763
2009-12-14,COP,EOG,252,0.7185799939544519
2009-12-15,COP,EOG,252,0.7171971708817436
2009-12-16,COP,EOG,252,0.7168462915506308
2009-12-17,COP,EOG,252,0.7165405618141847
2009-12-18,COP,EOG,252,0.7130322623429081
2009-12-21,COP,EOG,252,0.7140252422816008
2009-12-22,COP,EOG,252,0.7120165443080879
2009-12-23,COP,EOG,252,0.7175305262348436
2009-12-24,COP,EOG,252,0.7174305953936988
2009-12-28,COP,EOG,252,0.716652350773456
2009-12-29,COP,EOG,252,0.7168092641884078
2009-12-30,COP,EOG,252,0.7248197769705959
2009-12-31,COP,EOG,252,0.7241255958140203
2010-01-04,COP,EOG,252,0.7212073192807767
2010-01-05,COP,EOG,252,0.7210311020427042
2010-01-06,COP,EOG,252,0.7209307194059145
2010-01-07,COP,EOG,252,0.7191756425176117
2010-01-08,COP,EOG,252,0.7189193348742076
2010-01-11,COP,EOG,252,0.7153972842068824
2010-01-12,COP,EOG,252,0.7141776545846062
2010-01-13,COP,EOG,252,0.7144294395276505
2010-01-14,COP,EOG,252,0.7105292582589587
2010-01-15,COP,EOG,252,0.7118637004940419
2010-01-19,COP,EOG,252,0.7133618075619712
2010-01-20,COP,EOG,252,0.7117656070151611
2010-01-21,COP,EOG,252,0.7026758221386556
2010-01-22,COP,EOG,252,0.7028116029528048
2010-01-25,COP,EOG,252,0.7053527987243741
2010-01-26,COP,EOG,252,0.70473535066734
2010-01-27,COP,EOG,252,0.7068031146759913
2010-01-28,COP,EOG,252,0.7061681769423042
2010-01-29,COP,EOG,252,0.7107408348622133
2010-02-01,COP,EOG,252,0.7131485701666262
2010-02-02,COP,EOG,252,0.7144500391518285
2010-02-03,COP,EOG,252,0.7140811929373627
2010-02-04,COP,EOG,252,0.7182634523985577
2010-02-05,COP,EOG,252,0.719122160381897
2010-02-08,COP,EOG,252,0.7227667720839898
2010-02-09,COP,EOG,252,0.7237355003119857
2010-02-10,COP,EOG,252,0.7117231673988379
2010-02-11,COP,EOG,252,0.7132270247803928
2010-02-12,COP,EOG,252,0.7135087037995979
2010-02-16,COP,EOG,252,0.7138963958935834
2010-02-17,COP,EOG,252,0.7004202137329958
2010-02-18,COP,EOG,252,0.7016500120673418
2010-02-19,COP,EOG,252,0.7020017296994735
2010-02-22,COP,EOG,252,0.7076911423018242
2010-02-23,COP,EOG,252,0.7005330922445692
2010-02-24,COP,EOG,252,0.6972556164620929
2010-02-25,COP,EOG,252,0.69583185475062
2010-02-26,COP,EOG,252,0.69564044891035
2010-03-01,COP,EOG,252,0.6932924804360313
2010-03-02,COP,EOG,252,0.678144938297692
2010-03-03,COP,EOG,252,0.6809761540371865
2010-03-04,COP,EOG,252,0.6738870691400677
2010-03-05,COP,EOG,252,0.6880841288074522
2010-03-08,COP,EOG,252,0.6879590343551917
2010-03-09,COP,EOG,252,0.7029366787886255
2010-03-10,COP,EOG,252,0.6987904096777688
2010-03-11,COP,EOG,252,0.6998001627050777
2010-03-12,COP,EOG,252,0.7269310369036152
2010-03-15,COP,EOG,252,0.7305515269251946
2010-03-16,COP,EOG,252,0.736931828099743
2010-03-17,COP,EOG,252,0.7349415981385071
2010-03-18,COP,EOG,252,0.7393530466135956
2010-03-19,COP,EOG,252,0.7406979241353174
2010-03-22,COP,EOG,252,0.740071066592449
2010-03-23,COP,EOG,252,0.7331120548455891
2010-03-24,COP,EOG,252,0.729985572022383
2010-03-25,COP,EOG,252,0.7318638677487713
2010-03-26,COP,EOG,252,0.7366767624250485
2010-03-29,COP,EOG,252,0.7388451757067851
2010-03-30,COP,EOG,252,0.7349510057086257
2010-03-31,COP,EOG,252,0.7388600987576548
2010-04-01,COP,EOG,252,0.739143750653143
2010-04-05,COP,EOG,252,0.7349175416897747
2010-04-06,COP,EOG,252,0.7330931898842763
2010-04-07,COP,EOG,252,0.7156886752258612
2010-04-08,COP,EOG,252,0.7122079539339309
2010-04-09,COP,EOG,252,0.7044087766394882
2010-04-12,COP,EOG,252,0.7030153395486867
2010-04-13,COP,EOG,252,0.7041886888896888
2010-04-14,COP,EOG,252,0.7038880090489198
2010-04-15,COP,EOG,252,0.7055407033679618
2010-04-16,COP,EOG,252,0.7077122700294148
2010-04-19,COP,EOG,252,0.7073076048314739
2010-04-20,COP,EOG,252,0.6956987902786016
2010-04-21,COP,EOG,252,0.695167240319509
2010-04-22,COP,EOG,252,0.6942302375775232
2010-04-23,COP,EOG,252,0.6843233159460127
2010-04-26,COP,EOG,252,0.6789769163770044
2010-04-27,COP,EOG,252,0.6799877116193087
2010-04-28,COP,EOG,252,0.6816752581018042
2010-04-29,COP,EOG,252,0.6801158094504305
2010-04-30,COP,EOG,252,0.6789929192379076
2010-05-03,COP,EOG,252,0.6751716692065872
2010-05-04,COP,EOG,252,0.6733287798806609
2010-05-05,COP,EOG,252,0.6760356000047387
2010-05-06,COP,EOG,252,0.6758043698221553
2010-05-07,COP,EOG,252,0.6777562850367781
2010-05-10,COP,EOG,252,0.681517005853454
2010-05-11,COP,EOG,252,0.672259835761706
2010-05-12,COP,EOG,252,0.6724007809425044
2010-05-13,COP,EOG,252,0.6690892414955445
2010-05-14,COP,EOG,252,0.6706341532871765
2010-05-17,COP,EOG,252,0.6692411453112526
2010-05-18,COP,EOG,252,0.6642723473858047
2010-05-19,COP,EOG,252,0.6638254924524055
2010-05-20,COP,EOG,252,0.6747510690721595
2010-05-21,COP,EOG,252,0.6707112017767464
2010-05-24,COP,EOG,252,0.6739092888373098
2010-05-25,COP,EOG,252,0.6738792197417384
2010-05-26,COP,EOG,252,0.6718035990545767
2010-05-27,COP,EOG,252,0.6799049006529458
2010-05-28,COP,EOG,252,0.6801394069616159
2010-06-01,COP,EOG,252,0.6780281505295297
2010-06-02,COP,EOG,252,0.6877145592358359
2010-06-03,COP,EOG,252,0.6767159209038247
2010-06-04,COP,EOG,252,0.6851514080122628
2010-06-07,COP,EOG,252,0.68906370641663
2010-06-08,COP,EOG,252,0.6922824022991249
2010-06-09,COP,EOG,252,0.6917138087676553
2010-06-10,COP,EOG,252,0.6971477535244591
2010-06-11,COP,EOG,252,0.6998799201528129
2010-06-14,COP,EOG,252,0.7056415279952246
2010-06-15,COP,EOG,252,0.7043180584438767
2010-06-16,COP,EOG,252,0.7082598672826826
2010-06-17,COP,EOG,252,0.707001764029242
2010-06-18,COP,EOG,252,0.7079108682265488
2010-06-21,COP,EOG,252,0.7114014197587561
2010-06-22,COP,EOG,252,0.7148484064133406
2010-06-23,COP,EOG,252,0.7154784557257438
2010-06-24,COP,EOG,252,0.717521901471414
2010-06-25,COP,EOG,252,0.7052925200317198
2010-06-28,COP,EOG,252,0.7064000472572116
2010-06-29,COP,EOG,252,0.7133867641792561
2010-06-30,COP,EOG,252,0.715463508740669
2010-07-01,COP,EOG,252,0.7153343774689168
2010-07-02,COP,EOG,252,0.711587233525505
2010-07-06,COP,EOG,252,0.7119964500873042
2010-07-07,COP,EOG,252,0.712993997695192
2010-07-08,COP,EOG,252,0.7179234784497908
2010-07-09,COP,EOG,252,0.7157727112362038
2010-07-12,COP,EOG,252,0.7165489583168209
2010-07-13,COP,EOG,252,0.7152992580363189
2010-07-14,COP,EOG,252,0.7157451749183782
2010-07-15,COP,EOG,252,0.7137033621989496
2010-07-16,COP,EOG,252,0.7145644681130472
2010-07-19,COP,EOG,252,0.7146224601214857
2010-07-20,COP,EOG,252,0.7137039520497017
2010-07-21,COP,EOG,252,0.7144015511956071
2010-07-22,COP,EOG,252,0.7127740097196588
2010-07-23,COP,EOG,252,0.7093957262092865
2010-07-26,COP,EOG,252,0.7101273286231083
2010-07-27,COP,EOG,252,0.7083540512640367
2010-07-28,COP,EOG,252,0.708199749068542
2010-07-29,COP,EOG,252,0.7042467888778712
2010-07-30,COP,EOG,252,0.6970634672717035
2010-08-02,COP,EOG,252,0.702712234850727
2010-08-03,COP,EOG,252,0.6996717214239703
2010-08-04,COP,EOG,252,0.6995550894722282
2010-08-05,COP,EOG,252,0.6999491396419938
2010-08-06,COP,EOG,252,0.7021907316714762
2010-08-09,COP,EOG,252,0.7068180921429815
2010-08-10,COP,EOG,252,0.7060966865270197
2010-08-11,COP,EOG,252,0.7078889374076796
2010-08-12,COP,EOG,252,0.7075783391399202
2010-08-13,COP,EOG,252,0.7076931414534121
2010-08-16,COP,EOG,252,0.7072823675700812
2010-08-17,COP,EOG,252,0.7032163209875729
2010-08-18,COP,EOG,252,0.7036464856040537
2010-08-19,COP,EOG,252,0.7039115724023506
2010-08-20,COP,EOG,252,0.7029248545679391
2010-08-23,COP,EOG,252,0.7006904226738461
2010-08-24,COP,EOG,252,0.7029226026786916
2010-08-25,COP,EOG,252,0.7022317786790591
2010-08-26,COP,EOG,252,0.7035730153227666
2010-08-27,COP,EOG,252,0.7063580836554473
2010-08-30,COP,EOG,252,0.7074843883707483
2010-08-31,COP,EOG,252,0.7067968052585288
2010-09-01,COP,EOG,252,0.708701229966931
2010-09-02,COP,EOG,252,0.7088024971820343
2010-09-03,COP,EOG,252,0.7089232413590987
2010-09-07,COP,EOG,252,0.7095534008704996
2010-09-08,COP,EOG,252,0.7074743620149122
2010-09-09,COP,EOG,252,0.7070010697189846
2010-09-10,COP,EOG,252,0.703838552652083
2010-09-13,COP,EOG,252,0.7028452025583983
2010-09-14,COP,EOG,252,0.7023157628968066
2010-09-15,COP,EOG,252,0.7078353579504437
2010-09-16,COP,EOG,252,0.708808548812057
2010-09-17,COP,EOG,252,0.7082368225761789
2010-09-20,COP,EOG,252,0.6988073649127803
2010-09-21,COP,EOG,252,0.6960806621161674
2010-09-22,COP,EOG,252,0.6945390934413265
2010-09-23,COP,EOG,252,0.6930188727527968
2010-09-24,COP,EOG,252,0.693108322592527
2010-09-27,COP,EOG,252,0.6935142026350934
2010-09-28,COP,EOG,252,0.6926135011943846
2010-09-29,COP,EOG,252,0.6960939347931386
2010-09-30,COP,EOG,252,0.6977894030036971
2010-10-01,COP,EOG,252,0.7018433514396583
2010-10-04,COP,EOG,252,0.707263709520094
2010-10-05,COP,EOG,252,0.7062404670381381
2010-10-06,COP,EOG,252,0.7059404084500761
2010-10-07,COP,EOG,252,0.7093925365266035
2010-10-08,COP,EOG,252,0.7028580943200436
2010-10-11,COP,EOG,252,0.703640681745443
2010-10-12,COP,EOG,252,0.7034125086337333
2010-10-13,COP,EOG,252,0.7026923198446858
2010-10-14,COP,EOG,252,0.7048677040973976
2010-10-15,COP,EOG,252,0.7041640947831869
2010-10-18,COP,EOG,252,0.7046722009371309
2010-10-19,COP,EOG,252,0.7050043558617722
2010-10-20,COP,EOG,252,0.7040398331569245
2010-10-21,COP,EOG,252,0.7047899397928284
2010-10-22,COP,EOG,252,0.70274063684699
2010-10-25,COP,EOG,252,0.7007413315805086
2010-10-26,COP,EOG,252,0.6978374838783054
2010-10-27,COP,EOG,252,0.6979545151284203
2010-10-28,COP,EOG,252,0.6955665436607854
2010-10-29,COP,EOG,252,0.6959078504565023
2010-11-01,COP,EOG,252,0.6915582902209032
2010-11-02,COP,EOG,252,0.6920758932917448
2010-11-03,COP,EOG,252,0.6650960516277977
2010-11-04,COP,EOG,252,0.6579761988402676
2010-11-05,COP,EOG,252,0.6566825812242525
2010-11-08,COP,EOG,252,0.6580738478884145
2010-11-09,COP,EOG,252,0.6523528462885808
2010-11-10,COP,EOG,252,0.657142771164985
2010-11-11,COP,EOG,252,0.6564266570821832
2010-11-12,COP,EOG,252,0.6561416830625629
2010-11-15,COP,EOG,252,0.6568163174703566
2010-11-16,COP,EOG,252,0.6559179042589853
2010-11-17,COP,EOG,252,0.6558656081023271
2010-11-18,COP,EOG,252,0.6572067660863707
2010-11-19,COP,EOG,252,0.6557126898094301
2010-11-22,COP,EOG,252,0.6557831892240731
2010-11-23,COP,EOG,252,0.6578774821844691
2010-11-24,COP,EOG,252,0.6582997117353097
2010-11-26,COP,EOG,252,0.6585931461595591
2010-11-29,COP,EOG,252,0.6562271272619887
2010-11-30,COP,EOG,252,0.6559492736972063
2010-12-01,COP,EOG,252,0.6580838003505888
2010-12-02,COP,EOG,252,0.6593123264102281
2010-12-03,COP,EOG,252,0.6598836354072918
2010-12-06,COP,EOG,252,0.6609249635525668
2010-12-07,COP,EOG,252,0.6596644682820509
2010-12-08,COP,EOG,252,0.6576712027998504
2010-12-09,COP,EOG,252,0.6575945750909579
2010-12-10,COP,EOG,252,0.6569450435403644
2010-12-13,COP,EOG,252,0.6560268805109669
2010-12-14,COP,EOG,252,0.660890761296544
2010-12-15,COP,EOG,252,0.6643687040761033
2010-12-16,COP,EOG,252,0.6646028050999045
2010-12-17,COP,EOG,252,0.6619160320619661
2010-12-20,COP,EOG,252,0.6616617402006978
2010-12-21,COP,EOG,252,0.6603995949236858
2010-12-22,COP,EOG,252,0.661980626870922
2010-12-23,COP,EOG,252,0.665657389470643
2010-12-27,COP,EOG,252,0.66498427081733
2010-12-28,COP,EOG,252,0.6653187949933981
2010-12-29,COP,EOG,252,0.6653014439767523
2010-12-30,COP,EOG,252,0.6653798034745562
2010-12-31,COP,EOG,252,0.6659980492529463
2011-01-03,COP,EOG,252,0.6625723236144201
2011-01-04,COP,EOG,252,0.6628236388461154
2011-01-05,COP,EOG,252,0.6624197537176948
2011-01-06,COP,EOG,252,0.6609627738060625
2011-01-07,COP,EOG,252,0.6604309093203391
2011-01-10,COP,EOG,252,0.6606332827008417
2011-01-11,COP,EOG,252,0.6593167786371609
2011-01-12,COP,EOG,252,0.6599018357661823
2011-01-13,COP,EOG,252,0.6586197095490172
2011-01-14,COP,EOG,252,0.6586153865175878
2011-01-18,COP,EOG,252,0.6585354343859139
2011-01-19,COP,EOG,252,0.6584187537011588
2011-01-20,COP,EOG,252,0.6601449293170142
2011-01-21,COP,EOG,252,0.6578517401886466
2011-01-24,COP,EOG,252,0.6577448368332796
2011-01-25,COP,EOG,252,0.6580892842222801
2011-01-26,COP,EOG,252,0.6599018934088074
2011-01-27,COP,EOG,252,0.662058783721334
2011-01-28,COP,EOG,252,0.658723632954858
2011-01-31,COP,EOG,252,0.6562508579463285
2011-02-01,COP,EOG,252,0.655582787437925
2011-02-02,COP,EOG,252,0.6556172972461649
2011-02-03,COP,EOG,252,0.6484024899172093
2011-02-04,COP,EOG,252,0.6484776090425409
2011-02-07,COP,EOG,252,0.6460336955644675
2011-02-08,COP,EOG,252,0.6432335254459225
2011-02-09,COP,EOG,252,0.6505035957438006
2011-02-10,COP,EOG,252,0.6485503093095369
2011-02-11,COP,EOG,252,0.6436735305161095
2011-02-14,COP,EOG,252,0.6421167085231314
2011-02-15,COP,EOG,252,0.6435754903398165
2011-02-16,COP,EOG,252,0.6409885660424871
2011-02-17,COP,EOG,252,0.6415673544069304
2011-02-18,COP,EOG,252,0.6425378040790667
2011-02-22,COP,EOG,252,0.6403809985129155
2011-02-23,COP,EOG,252,0.6446837901475373
2011-02-24,COP,EOG,252,0.647848087213214
2011-02-25,COP,EOG,252,0.6484114245636713
2011-02-28,COP,EOG,252,0.6490621873277166
2011-03-01,COP,EOG,252,0.6468294509004407
2011-03-02,COP,EOG,252,0.6486936384439265
2011-03-03,COP,EOG,252,0.6499724313463922
2011-03-04,COP,EOG,252,0.6467779234191986
2011-03-07,COP,EOG,252,0.647072759338164
2011-03-08,COP,EOG,252,0.648421529284889
2011-03-09,COP,EOG,252,0.6482872749121461
2011-03-10,COP,EOG,252,0.6506041329796588
2011-03-11,COP,EOG,252,0.6523209297048412
2011-03-14,COP,EOG,252,0.6510260956694486
2011-03-15,COP,EOG,252,0.6523591064970127
2011-03-16,COP,EOG,252,0.6547737334505568
2011-03-17,COP,EOG,252,0.660143638897513
2011-03-18,COP,EOG,252,0.6590515436929846
2011-03-21,COP,EOG,252,0.6622830350175699
2011-03-22,COP,EOG,252,0.6604191518441281
2011-03-23,COP,EOG,252,0.6605698420271571
2011-03-24,COP,EOG,252,0.6581119615405808
2011-03-25,COP,EOG,252,0.6591270957576045
2011-03-28,COP,EOG,252,0.6608406107780703
2011-03-29,COP,EOG,252,0.6585867360514792
2011-03-30,COP,EOG,252,0.6544946799233652
2011-03-31,COP,EOG,252,0.6529850524693884
2011-04-01,COP,EOG,252,0.6512254329546696
2011-04-04,COP,EOG,252,0.6512199981238033
2011-04-05,COP,EOG,252,0.6679652606973645
2011-04-06,COP,EOG,252,0.664982279325415
2011-04-07,COP,EOG,252,0.6756424932292039
2011-04-08,COP,EOG,252,0.674886917308453
2011-04-11,COP,EOG,252,0.6759731218003282
2011-04-12,COP,EOG,252,0.6778540851740118
2011-04-13,COP,EOG,252,0.6781512214629648
2011-04-14,COP,EOG,252,0.6758447105121758
2011-04-15,COP,EOG,252,0.6756580941002001
2011-04-18,COP,EOG,252,0.6747152361078709
2011-04-19,COP,EOG,252,0.6745821874067844
2011-04-20,COP,EOG,252,0.67738141730858
2011-04-21,COP,EOG,252,0.6776609547969494
2011-04-25,COP,EOG,252,0.6784178935072448
2011-04-26,COP,EOG,252,0.6773923644832913
2011-04-27,COP,EOG,252,0.6755576757949235
2011-04-28,COP,EOG,252,0.6686652216181872
2011-04-29,COP,EOG,252,0.6688777818074658
2011-05-02,COP,EOG,252,0.6698155548320758
2011-05-03,COP,EOG,252,0.668193550211492
2011-05-04,COP,EOG,252,0.6654859399582868
2011-05-05,COP,EOG,252,0.6639095909580514
2011-05-06,COP,EOG,252,0.6643762853050965
2011-05-09,COP,EOG,252,0.656532720185722
2011-05-10,COP,EOG,252,0.6585970458805059
2011-05-11,COP,EOG,252,0.6645907017908572
2011-05-12,COP,EOG,252,0.6656518723019681
2011-05-13,COP,EOG,252,0.6643150855061395
2011-05-16,COP,EOG,252,0.6630815322534532
2011-05-17,COP,EOG,252,0.6630587476731953
2011-05-18,COP,EOG,252,0.6634639976136901
2011-05-19,COP,EOG,252,0.6501916245283246
2011-05-20,COP,EOG,252,0.6509498556000323
2011-05-23,COP,EOG,252,0.648959001271874
2011-05-24,COP,EOG,252,0.6509551483979782
2011-05-25,COP,EOG,252,0.6524057688489167
2011-05-26,COP,EOG,252,0.6365560930258596
2011-05-27,COP,EOG,252,0.6360166634089336
2011-05-31,COP,EOG,252,0.6300293507349604
2011-06-01,COP,EOG,252,0.6164097335184926
2011-06-02,COP,EOG,252,0.6176088665053915
2011-06-03,COP,EOG,252,0.6035055922958372
2011-06-06,COP,EOG,252,0.6033685621292173
2011-06-07,COP,EOG,252,0.5979086452934073
2011-06-08,COP,EOG,252,0.598225037941881
2011-06-09,COP,EOG,252,0.5863011982887191
2011-06-10,COP,EOG,252,0.5891436619387288
2011-06-13,COP,EOG,252,0.5904077947759043
2011-06-14,COP,EOG,252,0.5893855246301818
2011-06-15,COP,EOG,252,0.591856578976372
2011-06-16,COP,EOG,252,0.5890341985035051
2011-06-17,COP,EOG,252,0.5899705030352574
2011-06-20,COP,EOG,252,0.5890897268481186
2011-06-21,COP,EOG,252,0.5838414737905608
2011-06-22,COP,EOG,252,0.5876863228480196
2011-06-23,COP,EOG,252,0.5853552470468179
2011-06-24,COP,EOG,252,0.6070238330655074
2011-06-27,COP,EOG,252,0.6038654217212384
2011-06-28,COP,EOG,252,0.5976041114004068
2011-06-29,COP,EOG,252,0.5957906382574817
2011-06-30,COP,EOG,252,0.5981594020265293
2011-07-01,COP,EOG,252,0.5952183289517144
2011-07-05,COP,EOG,252,0.5947320268313554
2011-07-06,COP,EOG,252,0.584775695107821
2011-07-07,COP,EOG,252,0.5853588484625244
2011-07-08,COP,EOG,252,0.5892892728557979
2011-07-11,COP,EOG,252,0.5928902884961538
2011-07-12,COP,EOG,252,0.5918013522387322
2011-07-13,COP,EOG,252,0.5923635373421113
2011-07-14,COP,EOG,252,0.5835453463713332
2011-07-15,COP,EOG,252,0.5771742905861352
2011-07-18,COP,EOG,252,0.5749166289989697
2011-07-19,COP,EOG,252,0.5699557537970463
2011-07-20,COP,EOG,252,0.5684824875780541
2011-07-21,COP,EOG,252,0.5706502038072505
2011-07-22,COP,EOG,252,0.5703192542128981
2011-07-25,COP,EOG,252,0.5691466716315747
2011-07-26,COP,EOG,252,0.5699064222802185
2011-07-27,COP,EOG,252,0.5706490254479704
2011-07-28,COP,EOG,252,0.5716825578555437
2011-07-29,COP,EOG,252,0.5829329436524059
2011-08-01,COP,EOG,252,0.5683608187684444
2011-08-02,COP,EOG,252,0.5721170949686487
2011-08-03,COP,EOG,252,0.5733915539107054
2011-08-04,COP,EOG,252,0.5967498969852962
2011-08-05,COP,EOG,252,0.5951256680853544
2011-08-08,COP,EOG,252,0.6321886668272337
2011-08-09,COP,EOG,252,0.6367916662544552
2011-08-10,COP,EOG,252,0.6388053971114723
2011-08-11,COP,EOG,252,0.653060440969844
2011-08-12,COP,EOG,252,0.6530685683449529
2011-08-15,COP,EOG,252,0.6551979084695462
2011-08-16,COP,EOG,252,0.6558977312256473
2011-08-17,COP,EOG,252,0.6548314755335815
2011-08-18,COP,EOG,252,0.6682278455103117
2011-08-19,COP,EOG,252,0.6693840701117216
2011-08-22,COP,EOG,252,0.6698130060088741
2011-08-23,COP,EOG,252,0.6751184433870191
2011-08-24,COP,EOG,252,0.6758281141031459
2011-08-25,COP,EOG,252,0.6773690620776479
2011-08-26,COP,EOG,252,0.6759116699905281
2011-08-29,COP,EOG,252,0.6753412905440107
2011-08-30,COP,EOG,252,0.6749616998311818
2011-08-31,COP,EOG,252,0.6706767969869915
2011-09-01,COP,EOG,252,0.6711537097248942
2011-09-02,COP,EOG,252,0.6741849073006541
2011-09-06,COP,EOG,252,0.6737913171680521
2011-09-07,COP,EOG,252,0.6765649533941068
2011-09-08,COP,EOG,252,0.6789300822632106
2011-09-09,COP,EOG,252,0.686783089652593
2011-09-12,COP,EOG,252,0.6868669839634859
2011-09-13,COP,EOG,252,0.6870780966325659
2011-09-14,COP,EOG,252,0.6879018062072861
2011-09-15,COP,EOG,252,0.688807317104247
2011-09-16,COP,EOG,252,0.6893890151163239
2011-09-19,COP,EOG,252,0.6996390957525556
2011-09-20,COP,EOG,252,0.7026599848907384
2011-09-21,COP,EOG,252,0.7093875062734996
2011-09-22,COP,EOG,252,0.7138786077076076
2011-09-23,COP,EOG,252,0.7096881929321163
2011-09-26,COP,EOG,252,0.7129955485172192
2011-09-27,COP,EOG,252,0.7114908093841643
2011-09-28,COP,EOG,252,0.711731821699815
2011-09-29,COP,EOG,252,0.7090280095507289
2011-09-30,COP,EOG,252,0.7117307895862497
2011-10-03,COP,EOG,252,0.7158583779686678
2011-10-04,COP,EOG,252,0.7133011309793418
2011-10-05,COP,EOG,252,0.7161870571612685
2011-10-06,COP,EOG,252,0.7159940510080491
2011-10-07,COP,EOG,252,0.7120245538116522
2011-10-10,COP,EOG,252,0.7197017611577148
2011-10-11,COP,EOG,252,0.7194096948097357
2011-10-12,COP,EOG,252,0.7199946782542768
2011-10-13,COP,EOG,252,0.7200057824041433
2011-10-14,COP,EOG,252,0.7234617403257254
2011-10-17,COP,EOG,252,0.7233711694167625
2011-10-18,COP,EOG,252,0.7204730064735729
2011-10-19,COP,EOG,252,0.7209163555563091
2011-10-20,COP,EOG,252,0.7198805299603255
2011-10-21,COP,EOG,252,0.7242190896512523
2011-10-24,COP,EOG,252,0.7245904178622169
2011-10-25,COP,EOG,252,0.7274194961797084
2011-10-26,COP,EOG,252,0.7268435928321825
2011-10-27,COP,EOG,252,0.7291661804258323
2011-10-28,COP,EOG,252,0.7127434231777025
2011-10-31,COP,EOG,252,0.7178961212961853
2011-11-01,COP,EOG,252,0.7206606941707737
2011-11-02,COP,EOG,252,0.730341069453031
2011-11-03,COP,EOG,252,0.7378126001560549
2011-11-04,COP,EOG,252,0.7376622637292255
2011-11-07,COP,EOG,252,0.7361147968482882
2011-11-08,COP,EOG,252,0.7396810591835365
2011-11-09,COP,EOG,252,0.7416448495021029
2011-11-10,COP,EOG,252,0.7425898156990709
2011-11-11,COP,EOG,252,0.7416960903987173
2011-11-14,COP,EOG,252,0.7420753755762702
2011-11-15,COP,EOG,252,0.7407234904540108
2011-11-16,COP,EOG,252,0.7399485787352494
2011-11-17,COP,EOG,252,0.7369884141837382
2011-11-18,COP,EOG,252,0.736378802619488
2011-11-21,COP,EOG,252,0.7364657264305478
2011-11-22,COP,EOG,252,0.735782642315196
2011-11-23,COP,EOG,252,0.7369858250086686
2011-11-25,COP,EOG,252,0.7368266847890086
2011-11-28,COP,EOG,252,0.7373233231807176
2011-11-29,COP,EOG,252,0.7380870560166446
2011-11-30,COP,EOG,252,0.7424219579768105
2011-12-01,COP,EOG,252,0.7402727921930843
2011-12-02,COP,EOG,252,0.7398218823880219
2011-12-05,COP,EOG,252,0.7395393396659048
2011-12-06,COP,EOG,252,0.737915702021123
2011-12-07,COP,EOG,252,0.737813525950451
2011-12-08,COP,EOG,252,0.7389016521203174
2011-12-09,COP,EOG,252,0.7398369526938866
2011-12-12,COP,EOG,252,0.7421310666182173
2011-12-13,COP,EOG,252,0.7424071083325833
2011-12-14,COP,EOG,252,0.7429993303157284
2011-12-15,COP,EOG,252,0.742147268097529
2011-12-16,COP,EOG,252,0.7418974814447588
2011-12-19,COP,EOG,252,0.743399168780228
2011-12-20,COP,EOG,252,0.7446229848754778
2011-12-21,COP,EOG,252,0.7440865669212505
2011-12-22,COP,EOG,252,0.7432855859310067
2011-12-23,COP,EOG,252,0.7433839034113227
2011-12-27,COP,EOG,252,0.7437258110524257
2011-12-28,COP,EOG,252,0.7445728649981351
2011-12-29,COP,EOG,252,0.7450907394308911
2011-12-30,COP,EOG,252,0.7451100588578486
2012-01-03,COP,EOG,252,0.7462937698536732
2012-01-04,COP,EOG,252,0.746156752013611
2012-01-05,COP,EOG,252,0.7455916697213725
2012-01-06,COP,EOG,252,0.745921437881408
2012-01-09,COP,EOG,252,0.7460604766819892
2012-01-10,COP,EOG,252,0.7453081388609393
2012-01-11,COP,EOG,252,0.7456320912340969
2012-01-12,COP,EOG,252,0.742525397372864
2012-01-13,COP,EOG,252,0.7436890423655849
2012-01-17,COP,EOG,252,0.7440486646804019
2012-01-18,COP,EOG,252,0.7446124255230738
2012-01-19,COP,EOG,252,0.7445635918198507
2012-01-20,COP,EOG,252,0.7443029259767041
2012-01-23,COP,EOG,252,0.7407957069709179
2012-01-24,COP,EOG,252,0.7407192028277807
2012-01-25,COP,EOG,252,0.7372449877632262
2012-01-26,COP,EOG,252,0.7363901096892519
2012-01-27,COP,EOG,252,0.7364516131378204
2012-01-30,COP,EOG,252,0.7371977116487827
2012-01-31,COP,EOG,252,0.7359058875705862
2012-02-01,COP,EOG,252,0.734267746436627
2012-02-02,COP,EOG,252,0.7344831404574194
2012-02-03,COP,EOG,252,0.734572129786761
2012-02-06,COP,EOG,252,0.7346577450780593
2012-02-07,COP,EOG,252,0.7363120498941756
2012-02-08,COP,EOG,252,0.7362269422604761
2012-02-09,COP,EOG,252,0.7353231445957366
2012-02-10,COP,EOG,252,0.73486364296471
2012-02-13,COP,EOG,252,0.7391572684751309
2012-02-14,COP,EOG,252,0.7397613568092005
2012-02-15,COP,EOG,252,0.7393868017215942
2012-02-16,COP,EOG,252,0.7411008336040656
2012-02-17,COP,EOG,252,0.7369032213250672
2012-02-21,COP,EOG,252,0.7366249378845467
2012-02-22,COP,EOG,252,0.7365972659046507
2012-02-23,COP,EOG,252,0.7339710551408685
2012-02-24,COP,EOG,252,0.7327343588641917
2012-02-27,COP,EOG,252,0.731409428173732
2012-02-28,COP,EOG,252,0.731497951073985
2012-02-29,COP,EOG,252,0.7352209017283048
2012-03-01,COP,EOG,252,0.7364220793630187
2012-03-02,COP,EOG,252,0.7355211371129943
2012-03-05,COP,EOG,252,0.7369563088181456
2012-03-06,COP,EOG,252,0.7363924025595803
2012-03-07,COP,EOG,252,0.7358003591228492
2012-03-08,COP,EOG,252,0.7357174797592659
2012-03-09,COP,EOG,252,0.7346226596656454
2012-03-12,COP,EOG,252,0.7332334495319798
2012-03-13,COP,EOG,252,0.7336349057950503
2012-03-14,COP,EOG,252,0.7331548628591963
2012-03-15,COP,EOG,252,0.7316448371396025
2012-03-16,COP,EOG,252,0.7288658175826325
2012-03-19,COP,EOG,252,0.7292684660491642
2012-03-20,COP,EOG,252,0.7272715199089774
2012-03-21,COP,EOG,252,0.7288538516417832
2012-03-22,COP,EOG,252,0.7308610937953769
2012-03-23,COP,EOG,252,0.7308302756100873
2012-03-26,COP,EOG,252,0.7303820337988042
2012-03-27,COP,EOG,252,0.7316311872158793
2012-03-28,COP,EOG,252,0.7337449831224396
2012-03-29,COP,EOG,252,0.7375915785678834
2012-03-30,COP,EOG,252,0.7373196140892712
2012-04-02,COP,EOG,252,0.7378780799430547
2012-04-03,COP,EOG,252,0.7374463701950461
2012-04-04,COP,EOG,252,0.7378014237227455
2012-04-05,COP,EOG,252,0.7390821623037144
2012-04-09,COP,EOG,252,0.7390213078981002
2012-04-10,COP,EOG,252,0.7405286835780656
2012-04-11,COP,EOG,252,0.7401612475300172
2012-04-12,COP,EOG,252,0.7397103004251613
2012-04-13,COP,EOG,252,0.7400598908967444
2012-04-16,COP,EOG,252,0.7400765049638184
2012-04-17,COP,EOG,252,0.7404361235232257
2012-04-18,COP,EOG,252,0.7405056992175142
2012-04-19,COP,EOG,252,0.7409650243918562
2012-04-20,COP,EOG,252,0.740039298122933
2012-04-23,COP,EOG,252,0.7396880361259428
2012-04-24,COP,EOG,252,0.7389524106458872
2012-04-25,COP,EOG,252,0.7349753749377689
2012-04-26,COP,EOG,252,0.7373322494822805
2012-04-27,COP,EOG,252,0.7427152539891424
2012-04-30,COP,EOG,252,0.7425694248629977
2012-05-01,COP,EOG,252,0.7409287716101692
2012-05-02,COP,EOG,252,0.7397742218503879
2012-05-03,COP,EOG,252,0.7394150948450483
2012-05-04,COP,EOG,252,0.7400426357372238
2012-05-07,COP,EOG,252,0.7389229534972132
2012-05-08,COP,EOG,252,0.7356026774903986
2012-05-09,COP,EOG,252,0.7336588768722524
2012-05-10,COP,EOG,252,0.7312501113439517
2012-05-11,COP,EOG,252,0.7318686601508921
2012-05-14,COP,EOG,252,0.7322738933591955
2012-05-15,COP,EOG,252,0.7326501683816253
2012-05-16,COP,EOG,252,0.7326996928868076
2012-05-17,COP,EOG,252,0.7333406861002495
2012-05-18,COP,EOG,252,0.7343527766400778
2012-05-21,COP,EOG,252,0.736267789778635
2012-05-22,COP,EOG,252,0.7346666711530221
2012-05-23,COP,EOG,252,0.7342396518037851
2012-05-24,COP,EOG,252,0.7341459901000547
2012-05-25,COP,EOG,252,0.7340135060772679
2012-05-29,COP,EOG,252,0.73560418124307
2012-05-30,COP,EOG,252,0.7376465068126951
2012-05-31,COP,EOG,252,0.7365939896645315
2012-06-01,COP,EOG,252,0.7368417184633663
2012-06-04,COP,EOG,252,0.7363052869975414
2012-06-05,COP,EOG,252,0.7369516906594882
2012-06-06,COP,EOG,252,0.7389687754090899
2012-06-07,COP,EOG,252,0.7388972178261209
2012-06-08,COP,EOG,252,0.7373172244068518
2012-06-11,COP,EOG,252,0.7358136192538517
2012-06-12,COP,EOG,252,0.7362634179170023
2012-06-13,COP,EOG,252,0.7375261682460057
2012-06-14,COP,EOG,252,0.7372615002797299
2012-06-15,COP,EOG,252,0.7411941924767294
2012-06-18,COP,EOG,252,0.7413289680965115
2012-06-19,COP,EOG,252,0.742669513605372
2012-06-20,COP,EOG,252,0.7444590577420732
2012-06-21,COP,EOG,252,0.748626805456315
2012-06-22,COP,EOG,252,0.7488809764882445
2012-06-25,COP,EOG,252,0.748505442321702
2012-06-26,COP,EOG,252,0.7463017638752159
2012-06-27,COP,EOG,252,0.7463238641655601
2012-06-28,COP,EOG,252,0.7461613979661078
2012-06-29,COP,EOG,252,0.7484584186647008
2012-07-02,COP,EOG,252,0.7503674119483615
2012-07-03,COP,EOG,252,0.747945304728482
2012-07-05,COP,EOG,252,0.749706996098934
2012-07-06,COP,EOG,252,0.7497531212905795
2012-07-09,COP,EOG,252,0.7482239819940865
2012-07-10,COP,EOG,252,0.7480172137710585
2012-07-11,COP,EOG,252,0.749137011948295
2012-07-12,COP,EOG,252,0.7492560377690011
2012-07-13,COP,EOG,252,0.755754584685124
2012-07-16,COP,EOG,252,0.7561181659460586
2012-07-17,COP,EOG,252,0.7581346684941999
2012-07-18,COP,EOG,252,0.7597144860671252
2012-07-19,COP,EOG,252,0.7597473035096404
2012-07-20,COP,EOG,252,0.7583275370730729
2012-07-23,COP,EOG,252,0.7600835093898622
2012-07-24,COP,EOG,252,0.7605658781398192
2012-07-25,COP,EOG,252,0.7576392613336049
2012-07-26,COP,EOG,252,0.7579007143463837
2012-07-27,COP,EOG,252,0.7578716611394934
2012-07-30,COP,EOG,252,0.7574026652427893
2012-07-31,COP,EOG,252,0.7576693684524766
2012-08-01,COP,EOG,252,0.7557299204446655
2012-08-02,COP,EOG,252,0.7563545971041687
2012-08-03,COP,EOG,252,0.7442237495266875
2012-08-06,COP,EOG,252,0.7434319250921387
2012-08-07,COP,EOG,252,0.7381443100271448
2012-08-08,COP,EOG,252,0.7383383257593709
2012-08-09,COP,EOG,252,0.7344446282870274
2012-08-10,COP,EOG,252,0.7268641748263615
2012-08-13,COP,EOG,252,0.7265898550154037
2012-08-14,COP,EOG,252,0.7256767494572961
2012-08-15,COP,EOG,252,0.7250863362923201
2012-08-16,COP,EOG,252,0.7256464223641207
2012-08-17,COP,EOG,252,0.7162686599279795
2012-08-20,COP,EOG,252,0.7166312287038027
2012-08-21,COP,EOG,252,0.716605902647444
2012-08-22,COP,EOG,252,0.7163597025739665
2012-08-23,COP,EOG,252,0.7167407884143921
2012-08-24,COP,EOG,252,0.7161753434097058
2012-08-27,COP,EOG,252,0.7156273694217358
2012-08-28,COP,EOG,252,0.717837547004585
2012-08-29,COP,EOG,252,0.7179331634131406
2012-08-30,COP,EOG,252,0.7179145810578667
2012-08-31,COP,EOG,252,0.7188082908553822
2012-09-04,COP,EOG,252,0.7144208410204024
2012-09-05,COP,EOG,252,0.7114502477039881
2012-09-06,COP,EOG,252,0.7101152181363614
2012-09-07,COP,EOG,252,0.7091409432339275
2012-09-10,COP,EOG,252,0.7051508391213881
2012-09-11,COP,EOG,252,0.7052599165804033
2012-09-12,COP,EOG,252,0.7052531201265118
2012-09-13,COP,EOG,252,0.7062789278792393
2012-09-14,COP,EOG,252,0.7055843416027784
2012-09-17,COP,EOG,252,0.7055926775073585
2012-09-18,COP,EOG,252,0.7050350930538075
2012-09-19,COP,EOG,252,0.7061681608803646
2012-09-20,COP,EOG,252,0.7017398995172458
2012-09-21,COP,EOG,252,0.6926114059160852
2012-09-24,COP,EOG,252,0.6917798736517676
2012-09-25,COP,EOG,252,0.688570870860374
2012-09-26,COP,EOG,252,0.6899308713995138
2012-09-27,COP,EOG,252,0.6880735083967661
2012-09-28,COP,EOG,252,0.6924281820801313
2012-10-01,COP,EOG,252,0.6899127288272713
2012-10-02,COP,EOG,252,0.6861927231569855
2012-10-03,COP,EOG,252,0.6844772202989945
2012-10-04,COP,EOG,252,0.6797853521939374
2012-10-05,COP,EOG,252,0.678502199263414
2012-10-08,COP,EOG,252,0.6819505006432353
2012-10-09,COP,EOG,252,0.6728163095204298
2012-10-10,COP,EOG,252,0.6735824971264718
2012-10-11,COP,EOG,252,0.6735367284924031
2012-10-12,COP,EOG,252,0.6738065473034639
2012-10-15,COP,EOG,252,0.668937763134556
2012-10-16,COP,EOG,252,0.6698061349071683
2012-10-17,COP,EOG,252,0.6697360612358552
2012-10-18,COP,EOG,252,0.6694150721745258
2012-10-19,COP,EOG,252,0.6720221104217436
2012-10-22,COP,EOG,252,0.6688119393478699
2012-10-23,COP,EOG,252,0.6697507889631262
2012-10-24,COP,EOG,252,0.6657411460186072
2012-10-25,COP,EOG,252,0.6685392812575074
2012-10-26,COP,EOG,252,0.663123203111128
2012-10-31,COP,EOG,252,0.6865682574040028
2012-11-01,COP,EOG,252,0.677547272268936
2012-11-02,COP,EOG,252,0.6732794243919838
2012-11-05,COP,EOG,252,0.6822591928833174
2012-11-06,COP,EOG,252,0.6793158001366407
2012-11-07,COP,EOG,252,0.6794019643515142
2012-11-08,COP,EOG,252,0.6846233608928547
2012-11-09,COP,EOG,252,0.6855456621591994
2012-11-12,COP,EOG,252,0.6808078370165808
2012-11-13,COP,EOG,252,0.6790702457418266
2012-11-14,COP,EOG,252,0.6795594937281453
2012-11-15,COP,EOG,252,0.6764753063905262
2012-11-16,COP,EOG,252,0.6779732441242438
2012-11-19,COP,EOG,252,0.6807938397947557
2012-11-20,COP,EOG,252,0.6833612105251088
2012-11-21,COP,EOG,252,0.6843552491410259
2012-11-23,COP,EOG,252,0.6837745324973058
2012-11-26,COP,EOG,252,0.6812974171722233
2012-11-27,COP,EOG,252,0.6785436309476833
2012-11-28,COP,EOG,252,0.6784145741116041
2012-11-29,COP,EOG,252,0.6747739521844791
2012-11-30,COP,EOG,252,0.673077188793401
2012-12-03,COP,EOG,252,0.6608687739678712
2012-12-04,COP,EOG,252,0.6626860108709297
2012-12-05,COP,EOG,252,0.6643198051848453
2012-12-06,COP,EOG,252,0.6645358424889661
2012-12-07,COP,EOG,252,0.6660334172542369
2012-12-10,COP,EOG,252,0.6664043269063088
2012-12-11,COP,EOG,252,0.6641297475680085
2012-12-12,COP,EOG,252,0.6614556476091431
2012-12-13,COP,EOG,252,0.6587872136133917
2012-12-14,COP,EOG,252,0.6571461530397009
2012-12-17,COP,EOG,252,0.6526224820773038
2012-12-18,COP,EOG,252,0.6565486690454736
2012-12-19,COP,EOG,252,0.6596104623971434
2012-12-20,COP,EOG,252,0.6579903172413035
2012-12-21,COP,EOG,252,0.6558087033571992
2012-12-24,COP,EOG,252,0.6571337052236946
2012-12-26,COP,EOG,252,0.6600513524894616
2012-12-27,COP,EOG,252,0.6612386490772657
2012-12-28,COP,EOG,252,0.66347285988491
2012-12-31,COP,EOG,252,0.6621137197471048
2013-01-02,COP,EOG,252,0.6633280168719322
2013-01-03,COP,EOG,252,0.6632984591899753
2013-01-04,COP,EOG,252,0.6608444899789395
2013-01-07,COP,EOG,252,0.6596074647761864
2013-01-08,COP,EOG,252,0.6622804408970575
2013-01-09,COP,EOG,252,0.6630753319256845
2013-01-10,COP,EOG,252,0.6636847376976605
2013-01-11,COP,EOG,252,0.6649439135266412
2013-01-14,COP,EOG,252,0.6616805122664935
2013-01-15,COP,EOG,252,0.6678070292528787
2013-01-16,COP,EOG,252,0.6669399169059668
2013-01-17,COP,EOG,252,0.6668909789916543
2013-01-18,COP,EOG,252,0.6660464563267057
2013-01-22,COP,EOG,252,0.663863865378934
2013-01-23,COP,EOG,252,0.6653770119297491
2013-01-24,COP,EOG,252,0.6706346760542559
2013-01-25,COP,EOG,252,0.6702215664956316
2013-01-28,COP,EOG,252,0.6769945774179809
2013-01-29,COP,EOG,252,0.678107671283904
2013-01-30,COP,EOG,252,0.6778490151796361
2013-01-31,COP,EOG,252,0.6628826942067876
2013-02-01,COP,EOG,252,0.6669328195845
2013-02-04,COP,EOG,252,0.670618565629718
2013-02-05,COP,EOG,252,0.6686611718258614
2013-02-06,COP,EOG,252,0.6675864116817508
2013-02-07,COP,EOG,252,0.6674783239764766
2013-02-08,COP,EOG,252,0.6662949028384159
2013-02-11,COP,EOG,252,0.6660925060832809
2013-02-12,COP,EOG,252,0.6686369976077888
2013-02-13,COP,EOG,252,0.669848785226813
2013-02-14,COP,EOG,252,0.6692871665858648
2013-02-15,COP,EOG,252,0.6729026772575712
2013-02-19,COP,EOG,252,0.6732549210872467
2013-02-20,COP,EOG,252,0.6783841443027618
2013-02-21,COP,EOG,252,0.6791159806547808
2013-02-22,COP,EOG,252,0.6785732315455288
2013-02-25,COP,EOG,252,0.6822309029820213
2013-02-26,COP,EOG,252,0.6828350589649322
2013-02-27,COP,EOG,252,0.6824545783166561
2013-02-28,COP,EOG,252,0.6855832017861236
2013-03-01,COP,EOG,252,0.6812410128824093
2013-03-04,COP,EOG,252,0.680556332641658
2013-03-05,COP,EOG,252,0.676003658609082
2013-03-06,COP,EOG,252,0.675781011931729
2013-03-07,COP,EOG,252,0.6742546964950368
2013-03-08,COP,EOG,252,0.6754939089789512
2013-03-11,COP,EOG,252,0.6756344828667588
2013-03-12,COP,EOG,252,0.6759078608343668
2013-03-13,COP,EOG,252,0.6760215351261356
2013-03-14,COP,EOG,252,0.6777483626342018
2013-03-15,COP,EOG,252,0.6784561551040769
2013-03-18,COP,EOG,252,0.6779634903132076
2013-03-19,COP,EOG,252,0.6798727683779041
2013-03-20,COP,EOG,252,0.6729679914996225
2013-03-21,COP,EOG,252,0.6687235279004948
2013-03-22,COP,EOG,252,0.6679482209887954
2013-03-25,COP,EOG,252,0.6679696812517083
2013-03-26,COP,EOG,252,0.6614177239150159
2013-03-27,COP,EOG,252,0.660866276260992
2013-03-28,COP,EOG,252,0.6613045496937813
2013-04-01,COP,EOG,252,0.6609047026563802
2013-04-02,COP,EOG,252,0.6587510056680185
2013-04-03,COP,EOG,252,0.6605342124299103
2013-04-04,COP,EOG,252,0.6613392336107471
2013-04-05,COP,EOG,252,0.6573146511121313
2013-04-08,COP,EOG,252,0.6592772400058022
2013-04-09,COP,EOG,252,0.6614526240632518
2013-04-10,COP,EOG,252,0.660435307957264
2013-04-11,COP,EOG,252,0.6603148324292571
2013-04-12,COP,EOG,252,0.6589479895404499
2013-04-15,COP,EOG,252,0.6732307770569889
2013-04-16,COP,EOG,252,0.670739665855664
2013-04-17,COP,EOG,252,0.6706845448740772
2013-04-18,COP,EOG,252,0.6708913074485742
2013-04-19,COP,EOG,252,0.6688213268535355
2013-04-22,COP,EOG,252,0.6661489165455218
2013-04-23,COP,EOG,252,0.6662870498017259
2013-04-24,COP,EOG,252,0.6672141105887137
2013-04-25,COP,EOG,252,0.668156781558498
2013-04-26,COP,EOG,252,0.6636161707561139
2013-04-29,COP,EOG,252,0.6721349924283682
2013-04-30,COP,EOG,252,0.6688152980315608
2013-05-01,COP,EOG,252,0.6699817382582353
2013-05-02,COP,EOG,252,0.6704071406716946
2013-05-03,COP,EOG,252,0.6745844686461502
2013-05-06,COP,EOG,252,0.6773468271897202
2013-05-07,COP,EOG,252,0.6701229399174632
2013-05-08,COP,EOG,252,0.6657660578740482
2013-05-09,COP,EOG,252,0.6657977599936326
2013-05-10,COP,EOG,252,0.6719871997786847
2013-05-13,COP,EOG,252,0.6775998341208261
2013-05-14,COP,EOG,252,0.6788103604889807
2013-05-15,COP,EOG,252,0.6779588398253438
2013-05-16,COP,EOG,252,0.6759627025896133
2013-05-17,COP,EOG,252,0.6757919707638519
2013-05-20,COP,EOG,252,0.6748910278336102
2013-05-21,COP,EOG,252,0.6727513490554202
2013-05-22,COP,EOG,252,0.6744993776477328
2013-05-23,COP,EOG,252,0.6708255284820812
2013-05-24,COP,EOG,252,0.671866236001615
2013-05-28,COP,EOG,252,0.672011774771813
2013-05-29,COP,EOG,252,0.6714499167712856
2013-05-30,COP,EOG,252,0.6713956485012353
2013-05-31,COP,EOG,252,0.6707538956089274
2013-06-03,COP,EOG,252,0.6667096048296863
2013-06-04,COP,EOG,252,0.6673353682207052
2013-06-05,COP,EOG,252,0.6628373133238769
2013-06-06,COP,EOG,252,0.6640937784746126
2013-06-07,COP,EOG,252,0.6636555722293007
2013-06-10,COP,EOG,252,0.6597692146057768
2013-06-11,COP,EOG,252,0.6600093088695388
2013-06-12,COP,EOG,252,0.6575999085114331
2013-06-13,COP,EOG,252,0.660264986761134
2013-06-14,COP,EOG,252,0.6590232255729322
2013-06-17,COP,EOG,252,0.6580076654067272
2013-06-18,COP,EOG,252,0.6568347675612684
2013-06-19,COP,EOG,252,0.6540886397829415
2013-06-20,COP,EOG,252,0.658567503830789
2013-06-21,COP,EOG,252,0.6577744728359347
2013-06-24,COP,EOG,252,0.6557837565749702
2013-06-25,COP,EOG,252,0.6419558537845208
2013-06-26,COP,EOG,252,0.6419009216498737
2013-06-27,COP,EOG,252,0.6406555680147704
2013-06-28,COP,EOG,252,0.6459361388978064
2013-07-01,COP,EOG,252,0.6460654386384057
2013-07-02,COP,EOG,252,0.6474284704355288
2013-07-03,COP,EOG,252,0.6388445665983085
2013-07-05,COP,EOG,252,0.6394778710529103
2013-07-08,COP,EOG,252,0.6382767916493715
2013-07-09,COP,EOG,252,0.6338877205095599
2013-07-10,COP,EOG,252,0.6325674049182056
2013-07-11,COP,EOG,252,0.6349702287155852
2013-07-12,COP,EOG,252,0.6319345957493752
2013-07-15,COP,EOG,252,0.6271776766968074
2013-07-16,COP,EOG,252,0.6254089124327865
2013-07-17,COP,EOG,252,0.6231617224557926
2013-07-18,COP,EOG,252,0.623841364417274
2013-07-19,COP,EOG,252,0.6223001396971269
2013-07-22,COP,EOG,252,0.6209859981723138
2013-07-23,COP,EOG,252,0.6198740003590633
2013-07-24,COP,EOG,252,0.623342471459676
2013-07-25,COP,EOG,252,0.6191320866752971
2013-07-26,COP,EOG,252,0.6174670710161636
2013-07-29,COP,EOG,252,0.626624766515781
2013-07-30,COP,EOG,252,0.6256298362429912
2013-07-31,COP,EOG,252,0.6238087870372736
2013-08-01,COP,EOG,252,0.6296483060282652
2013-08-02,COP,EOG,252,0.6268324077095656
2013-08-05,COP,EOG,252,0.6291028581005957
2013-08-06,COP,EOG,252,0.627247019332364
2013-08-07,COP,EOG,252,0.6267118053662609
2013-08-08,COP,EOG,252,0.6288164127877455
2013-08-09,COP,EOG,252,0.6270182170483231
2013-08-12,COP,EOG,252,0.6305728467386615
2013-08-13,COP,EOG,252,0.6290607019235258
2013-08-14,COP,EOG,252,0.6271397352092895
2013-08-15,COP,EOG,252,0.6268851992189354
2013-08-16,COP,EOG,252,0.6275410696899739
2013-08-19,COP,EOG,252,0.6297373202015187
2013-08-20,COP,EOG,252,0.6291789175655464
2013-08-21,COP,EOG,252,0.630458666005191
2013-08-22,COP,EOG,252,0.6307355188253297
2013-08-23,COP,EOG,252,0.6307051601227883
2013-08-26,COP,EOG,252,0.6302845207610831
2013-08-27,COP,EOG,252,0.628949941405486
2013-08-28,COP,EOG,252,0.6308500099157969
2013-08-29,COP,EOG,252,0.6322824013857342
2013-08-30,COP,EOG,252,0.6323633640211612
2013-09-03,COP,EOG,252,0.6325795569145904
2013-09-04,COP,EOG,252,0.6333232168032706
2013-09-05,COP,EOG,252,0.6313705788690868
2013-09-06,COP,EOG,252,0.6348632812628945
2013-09-09,COP,EOG,252,0.6384265357168196
2013-09-10,COP,EOG,252,0.6342467215520886
2013-09-11,COP,EOG,252,0.6364738279887487
2013-09-12,COP,EOG,252,0.6352805133552984
2013-09-13,COP,EOG,252,0.6333107119481015
2013-09-16,COP,EOG,252,0.6329555594519859
2013-09-17,COP,EOG,252,0.6311249811115809
2013-09-18,COP,EOG,252,0.6319055662879717
2013-09-19,COP,EOG,252,0.6317913446577081
2013-09-20,COP,EOG,252,0.6305871644845934
2013-09-23,COP,EOG,252,0.628453598046871
2013-09-24,COP,EOG,252,0.625791023032816
2013-09-25,COP,EOG,252,0.6264362602497127
2013-09-26,COP,EOG,252,0.6294752963237368
2013-09-27,COP,EOG,252,0.6285517283802289
2013-09-30,COP,EOG,252,0.6280068406965805
2013-10-01,COP,EOG,252,0.6284163037639844
2013-10-02,COP,EOG,252,0.6277930611359086
2013-10-03,COP,EOG,252,0.6281898362559086
2013-10-04,COP,EOG,252,0.6300208363140359
2013-10-07,COP,EOG,252,0.6276500819448677
2013-10-08,COP,EOG,252,0.6292387821125673
2013-10-09,COP,EOG,252,0.6308794958019884
2013-10-10,COP,EOG,252,0.631793251010641
2013-10-11,COP,EOG,252,0.632879443132792
2013-10-14,COP,EOG,252,0.6313897969709233
2013-10-15,COP,EOG,252,0.6314756201093504
2013-10-16,COP,EOG,252,0.6312825273360307
2013-10-17,COP,EOG,252,0.6288479369814496
2013-10-18,COP,EOG,252,0.6247719323905148
2013-10-21,COP,EOG,252,0.6233638081181975
2013-10-22,COP,EOG,252,0.6238294194118684
2013-10-23,COP,EOG,252,0.624971021182672
2013-10-24,COP,EOG,252,0.6257565077629375
2013-10-25,COP,EOG,252,0.6235673438168705
2013-10-28,COP,EOG,252,0.6242032227669945
2013-10-29,COP,EOG,252,0.62393692144054
2013-10-30,COP,EOG,252,0.6283376706412553
2013-10-31,COP,EOG,252,0.6263628425100624
2013-11-01,COP,EOG,252,0.6265543526163623
2013-11-04,COP,EOG,252,0.6233792587992393
2013-11-05,COP,EOG,252,0.6274365996051048
2013-11-06,COP,EOG,252,0.6128581378694452
2013-11-07,COP,EOG,252,0.6171453592947014
2013-11-08,COP,EOG,252,0.6065635055035317
2013-11-11,COP,EOG,252,0.6058746658897408
2013-11-12,COP,EOG,252,0.6086120904719832
2013-11-13,COP,EOG,252,0.610310030799513
2013-11-14,COP,EOG,252,0.608053463072183
2013-11-15,COP,EOG,252,0.6111331441878837
2013-11-18,COP,EOG,252,0.6137050379901625
2013-11-19,COP,EOG,252,0.6122067220453822
2013-11-20,COP,EOG,252,0.6120573682091754
2013-11-21,COP,EOG,252,0.6131523104423543
2013-11-22,COP,EOG,252,0.6129473857063231
2013-11-25,COP,EOG,252,0.6146678257277449
2013-11-26,COP,EOG,252,0.6129916473497868
2013-11-27,COP,EOG,252,0.6131221902175028
2013-11-29,COP,EOG,252,0.6134367169181425
2013-12-02,COP,EOG,252,0.6133256292444709
2013-12-03,COP,EOG,252,0.6136668132609465
2013-12-04,COP,EOG,252,0.607206836383047
2013-12-05,COP,EOG,252,0.6077288910785729
2013-12-06,COP,EOG,252,0.6043978791920126
2013-12-09,COP,EOG,252,0.6087021728846916
2013-12-10,COP,EOG,252,0.6081752869024417
2013-12-11,COP,EOG,252,0.6111235670302761
2013-12-12,COP,EOG,252,0.6124600172841884
2013-12-13,COP,EOG,252,0.6114686223373607
2013-12-16,COP,EOG,252,0.6120906078770842
2013-12-17,COP,EOG,252,0.6096458512104439
2013-12-18,COP,EOG,252,0.6063905464689475
2013-12-19,COP,EOG,252,0.6018524169822188
2013-12-20,COP,EOG,252,0.604454435884526
2013-12-23,COP,EOG,252,0.6045442413044868
2013-12-24,COP,EOG,252,0.6042838603471301
2013-12-26,COP,EOG,252,0.6030234037268616
2013-12-27,COP,EOG,252,0.6031084999352837
2013-12-30,COP,EOG,252,0.6000444367187011
2013-12-31,COP,EOG,252,0.5970632599105974
2014-01-02,COP,EOG,252,0.5954217708413817
2014-01-03,COP,EOG,252,0.5953257824474602
2014-01-06,COP,EOG,252,0.5936021193188005
2014-01-07,COP,EOG,252,0.5945684525602409
2014-01-08,COP,EOG,252,0.5915241522766824
2014-01-09,COP,EOG,252,0.5916405086459596
2014-01-10,COP,EOG,252,0.5908286868915904
2014-01-13,COP,EOG,252,0.5941917399710688
2014-01-14,COP,EOG,252,0.5961708036750514
2014-01-15,COP,EOG,252,0.5945737523795489
2014-01-16,COP,EOG,252,0.5951742868708003
2014-01-17,COP,EOG,252,0.5954697998372721
2014-01-21,COP,EOG,252,0.5942438997735228
2014-01-22,COP,EOG,252,0.5962594263180785
2014-01-23,COP,EOG,252,0.5964047229655803
2014-01-24,COP,EOG,252,0.6024754625234732
2014-01-27,COP,EOG,252,0.6057936546114682
2014-01-28,COP,EOG,252,0.6045103692495731
2014-01-29,COP,EOG,252,0.6025485761389915
2014-01-30,COP,EOG,252,0.6018579293526619
2014-01-31,COP,EOG,252,0.6229023212327021
2014-02-03,COP,EOG,252,0.6228590554429634
2014-02-04,COP,EOG,252,0.6117274675265855
2014-02-05,COP,EOG,252,0.6147047419268943
2014-02-06,COP,EOG,252,0.6188914681592664
2014-02-07,COP,EOG,252,0.6205207916079171
2014-02-10,COP,EOG,252,0.6221635764196812
2014-02-11,COP,EOG,252,0.6202398446629647
2014-02-12,COP,EOG,252,0.6200207009493476
2014-02-13,COP,EOG,252,0.6212126544830799
2014-02-14,COP,EOG,252,0.6211691624216661
2014-02-18,COP,EOG,252,0.6136597446763642
2014-02-19,COP,EOG,252,0.6144022917934457
2014-02-20,COP,EOG,252,0.60858041960106
2014-02-21,COP,EOG,252,0.6184467804548872
2014-02-24,COP,EOG,252,0.6164299488006282
2014-02-25,COP,EOG,252,0.6085818941766458
2014-02-26,COP,EOG,252,0.6042417484692479
2014-02-27,COP,EOG,252,0.6045735419684405
2014-02-28,COP,EOG,252,0.6047762915826742
2014-03-03,COP,EOG,252,0.6108098882813977
2014-03-04,COP,EOG,252,0.6098182916858474
2014-03-05,COP,EOG,252,0.6123419518982955
2014-03-06,COP,EOG,252,0.6121150573432668
2014-03-07,COP,EOG,252,0.6138072471404542
2014-03-10,COP,EOG,252,0.6120802682724429
2014-03-11,COP,EOG,252,0.6129779296051113
2014-03-12,COP,EOG,252,0.6125474796087459
2014-03-13,COP,EOG,252,0.6129674156127567
2014-03-14,COP,EOG,252,0.6117621925474773
2014-03-17,COP,EOG,252,0.6106281628907747
2014-03-18,COP,EOG,252,0.6120969533021261
2014-03-19,COP,EOG,252,0.6147274313101359
2014-03-20,COP,EOG,252,0.6255249087253226
2014-03-21,COP,EOG,252,0.6308593954413747
2014-03-24,COP,EOG,252,0.6303557545124966
2014-03-25,COP,EOG,252,0.6300463190833004
2014-03-26,COP,EOG,252,0.633898140048395
2014-03-27,COP,EOG,252,0.6337588148719224
2014-03-28,COP,EOG,252,0.6360053148758759
2014-03-31,COP,EOG,252,0.6361326904966428
2014-04-01,COP,EOG,252,0.637135676120409
2014-04-02,COP,EOG,252,0.6328406765815081
2014-04-03,COP,EOG,252,0.6251285955544785
2014-04-04,COP,EOG,252,0.6287350591489919
2014-04-07,COP,EOG,252,0.6294092340512536
2014-04-08,COP,EOG,252,0.6290503187831417
2014-04-09,COP,EOG,252,0.6240021895816942
2014-04-10,COP,EOG,252,0.620472129485814
2014-04-11,COP,EOG,252,0.6139690308603899
2014-04-14,COP,EOG,252,0.5867416962347826
2014-04-15,COP,EOG,252,0.587559057986093
2014-04-16,COP,EOG,252,0.581185142306146
2014-04-17,COP,EOG,252,0.5830240449260845
2014-04-21,COP,EOG,252,0.5845150654812938
2014-04-22,COP,EOG,252,0.590699932361293
2014-04-23,COP,EOG,252,0.5852360677327105
2014-04-24,COP,EOG,252,0.5792217454260524
2014-04-25,COP,EOG,252,0.5722204823289518
2014-04-28,COP,EOG,252,0.5804233807674737
2014-04-29,COP,EOG,252,0.57519552375903
2014-04-30,COP,EOG,252,0.5794282890777999
2014-05-01,COP,EOG,252,0.573101703372583
2014-05-02,COP,EOG,252,0.5678075592450009
2014-05-05,COP,EOG,252,0.5620003940902367
2014-05-06,COP,EOG,252,0.554959712017796
2014-05-07,COP,EOG,252,0.5642593555374634
2014-05-08,COP,EOG,252,0.5738567985798662
2014-05-09,COP,EOG,252,0.5745882695984591
2014-05-12,COP,EOG,252,0.5746346542463098
2014-05-13,COP,EOG,252,0.5745501016648611
2014-05-14,COP,EOG,252,0.5703661011966741
2014-05-15,COP,EOG,252,0.5690295553376824
2014-05-16,COP,EOG,252,0.5696499707095396
2014-05-19,COP,EOG,252,0.5669663358688353
2014-05-20,COP,EOG,252,0.5678887264688656
2014-05-21,COP,EOG,252,0.5716686626627926
2014-05-22,COP,EOG,252,0.5663188589415351
2014-05-23,COP,EOG,252,0.5662740007410161
2014-05-27,COP,EOG,252,0.5661972800833341
2014-05-28,COP,EOG,252,0.5663260209717558
2014-05-29,COP,EOG,252,0.5664300928871693
2014-05-30,COP,EOG,252,0.5648876984797789
2014-06-02,COP,EOG,252,0.5587787118154183
2014-06-03,COP,EOG,252,0.556262335156656
2014-06-04,COP,EOG,252,0.5574816597508203
2014-06-05,COP,EOG,252,0.5603191901321639
2014-06-06,COP,EOG,252,0.5613323822606339
2014-06-09,COP,EOG,252,0.5604422220434309
2014-06-10,COP,EOG,252,0.5560908214352625
2014-06-11,COP,EOG,252,0.5548990878954954
2014-06-12,COP,EOG,252,0.5610214684967875
2014-06-13,COP,EOG,252,0.5559758090349283
2014-06-16,COP,EOG,252,0.5527929479730559
2014-06-17,COP,EOG,252,0.5504294235329962
2014-06-18,COP,EOG,252,0.5511750331644192
2014-06-19,COP,EOG,252,0.553300581269844
2014-06-20,COP,EOG,252,0.5407188996119854
2014-06-23,COP,EOG,252,0.538213269781694
2014-06-24,COP,EOG,252,0.5405546126406305
2014-06-25,COP,EOG,252,0.5413606633610442
2014-06-26,COP,EOG,252,0.5392909522013315
2014-06-27,COP,EOG,252,0.5392495285976541
2014-06-30,COP,EOG,252,0.5376546387950691
2014-07-01,COP,EOG,252,0.5332423560095617
2014-07-02,COP,EOG,252,0.5316650116968856
2014-07-03,COP,EOG,252,0.5316890241583145
2014-07-07,COP,EOG,252,0.5312404122895713
2014-07-08,COP,EOG,252,0.5351828158397942
2014-07-09,COP,EOG,252,0.5332237713938842
2014-07-10,COP,EOG,252,0.5332335137412566
2014-07-11,COP,EOG,252,0.5349895742400661
2014-07-14,COP,EOG,252,0.5373123458780364
2014-07-15,COP,EOG,252,0.5440715321124764
2014-07-16,COP,EOG,252,0.5552040270945309
2014-07-17,COP,EOG,252,0.5574740410736359
2014-07-18,COP,EOG,252,0.5569887223608503
2014-07-21,COP,EOG,252,0.5557793300933681
2014-07-22,COP,EOG,252,0.5535228479763511
2014-07-23,COP,EOG,252,0.5520665174029453
2014-07-24,COP,EOG,252,0.5486617560444189
2014-07-25,COP,EOG,252,0.5515186215691459
2014-07-28,COP,EOG,252,0.5540477267664281
2014-07-29,COP,EOG,252,0.5509393292555462
2014-07-30,COP,EOG,252,0.5506116227392647
2014-07-31,COP,EOG,252,0.5658607928501004
2014-08-01,COP,EOG,252,0.5585345652408699
2014-08-04,COP,EOG,252,0.5659995757774485
2014-08-05,COP,EOG,252,0.5768639323705966
2014-08-06,COP,EOG,252,0.5671082685015663
2014-08-07,COP,EOG,252,0.5753544305328998
2014-08-08,COP,EOG,252,0.5763331653518872
2014-08-11,COP,EOG,252,0.5750863781427056
2014-08-12,COP,EOG,252,0.5772124120717532
2014-08-13,COP,EOG,252,0.5794019802403249
2014-08-14,COP,EOG,252,0.584151000497696
2014-08-15,COP,EOG,252,0.584957436608897
2014-08-18,COP,EOG,252,0.5841355169560404
2014-08-19,COP,EOG,252,0.5810737963498661
2014-08-20,COP,EOG,252,0.5809744784444436
2014-08-21,COP,EOG,252,0.5785945761596244
2014-08-22,COP,EOG,252,0.5780261062123015
2014-08-25,COP,EOG,252,0.5782882331586394
2014-08-26,COP,EOG,252,0.5762512085879705
2014-08-27,COP,EOG,252,0.5737216683127039
2014-08-28,COP,EOG,252,0.571319583011878
2014-08-29,COP,EOG,252,0.5700859700097989
2014-09-02,COP,EOG,252,0.5738531944608649
2014-09-03,COP,EOG,252,0.5722742427725876
2014-09-04,COP,EOG,252,0.5756863492518585
2014-09-05,COP,EOG,252,0.5759071788664126
2014-09-08,COP,EOG,252,0.5837049763850735
2014-09-09,COP,EOG,252,0.5825779402105928
2014-09-10,COP,EOG,252,0.5823318775806707
2014-09-11,COP,EOG,252,0.5817169929425208
2014-09-12,COP,EOG,252,0.5858142526210574
2014-09-15,COP,EOG,252,0.5880963290335377
2014-09-16,COP,EOG,252,0.5942355565781171
2014-09-17,COP,EOG,252,0.5937595457741894
2014-09-18,COP,EOG,252,0.5903607012189976
2014-09-19,COP,EOG,252,0.5893118764830603
2014-09-22,COP,EOG,252,0.593911282776349
2014-09-23,COP,EOG,252,0.5952668189254768
2014-09-24,COP,EOG,252,0.5969123861950054
2014-09-25,COP,EOG,252,0.5998962566191361
2014-09-26,COP,EOG,252,0.6011595883344292
2014-09-29,COP,EOG,252,0.6015795248498682
2014-09-30,COP,EOG,252,0.6065871526961502
2014-10-01,COP,EOG,252,0.6101340443263928
2014-10-02,COP,EOG,252,0.6097780078858503
2014-10-03,COP,EOG,252,0.6093772502107289
2014-10-06,COP,EOG,252,0.6050980719468096
2014-10-07,COP,EOG,252,0.6075871971429193
2014-10-08,COP,EOG,252,0.6077849701549946
2014-10-09,COP,EOG,252,0.6154577061684182
2014-10-10,COP,EOG,252,0.6168511740392906
2014-10-13,COP,EOG,252,0.6365281568834021
2014-10-14,COP,EOG,252,0.625715330304507
2014-10-15,COP,EOG,252,0.6132635598048715
2014-10-16,COP,EOG,252,0.6138936167350448
2014-10-17,COP,EOG,252,0.6114446570487708
2014-10-20,COP,EOG,252,0.6138913196611783
2014-10-21,COP,EOG,252,0.6225499730516896
2014-10-22,COP,EOG,252,0.6274155416602393
2014-10-23,COP,EOG,252,0.6260282175279424
2014-10-24,COP,EOG,252,0.6228328796094084
2014-10-27,COP,EOG,252,0.6277286817632899
2014-10-28,COP,EOG,252,0.6335626900858552
2014-10-29,COP,EOG,252,0.6339054556658206
2014-10-30,COP,EOG,252,0.6273821332472989
2014-10-31,COP,EOG,252,0.6303945423593922
2014-11-03,COP,EOG,252,0.6329822903147048
2014-11-04,COP,EOG,252,0.6407840253251901
2014-11-05,COP,EOG,252,0.6411696812645281
2014-11-06,COP,EOG,252,0.6578901859410237
2014-11-07,COP,EOG,252,0.6532759440086789
2014-11-10,COP,EOG,252,0.6585478364310436
2014-11-11,COP,EOG,252,0.6587230867147102
2014-11-12,COP,EOG,252,0.6578753915042255
2014-11-13,COP,EOG,252,0.6588292950251778
2014-11-14,COP,EOG,252,0.6616210132211604
2014-11-17,COP,EOG,252,0.6617418743889748
2014-11-18,COP,EOG,252,0.6601517869117141
2014-11-19,COP,EOG,252,0.6603782127978445
2014-11-20,COP,EOG,252,0.6608866452405635
2014-11-21,COP,EOG,252,0.6600876720546569
2014-11-24,COP,EOG,252,0.6599945308300403
2014-11-25,COP,EOG,252,0.6657366452033228
2014-11-26,COP,EOG,252,0.6681320904990313
2014-11-28,COP,EOG,252,0.7005091184368891
2014-12-01,COP,EOG,252,0.6971714055290141
2014-12-02,COP,EOG,252,0.70133353605285
2014-12-03,COP,EOG,252,0.7018977402730994
2014-12-04,COP,EOG,252,0.6968844016365343
2014-12-05,COP,EOG,252,0.6990808249728248
2014-12-08,COP,EOG,252,0.7044755221020005
2014-12-09,COP,EOG,252,0.7036872204030264
2014-12-10,COP,EOG,252,0.7071112086499878
2014-12-11,COP,EOG,252,0.7054959960842977
2014-12-12,COP,EOG,252,0.7038953240050668
2014-12-15,COP,EOG,252,0.7046302887165099
2014-12-16,COP,EOG,252,0.69942182046797
2014-12-17,COP,EOG,252,0.7166495611232994
2014-12-18,COP,EOG,252,0.7107605107913807
2014-12-19,COP,EOG,252,0.716201249390778
2014-12-22,COP,EOG,252,0.7116830557323202
2014-12-23,COP,EOG,252,0.7117327949234087
2014-12-24,COP,EOG,252,0.7130842169814914
2014-12-26,COP,EOG,252,0.7133346827968912
2014-12-29,COP,EOG,252,0.7133511562458762
2014-12-30,COP,EOG,252,0.7124394163100576
2014-12-31,COP,EOG,252,0.7128810749755586
2015-01-02,COP,EOG,252,0.7117985297255723
2015-01-05,COP,EOG,252,0.7251901789871018
2015-01-06,COP,EOG,252,0.7271702906557674
2015-01-07,COP,EOG,252,0.7266744219559618
2015-01-08,COP,EOG,252,0.730973312353753
2015-01-09,COP,EOG,252,0.7309434176776131
2015-01-12,COP,EOG,252,0.7350470908181914
2015-01-13,COP,EOG,252,0.731995527790682
2015-01-14,COP,EOG,252,0.7295754174405866
2015-01-15,COP,EOG,252,0.7311149431763158
2015-01-16,COP,EOG,252,0.73544324842434
2015-01-20,COP,EOG,252,0.7345340558951058
2015-01-21,COP,EOG,252,0.7352788597018208
2015-01-22,COP,EOG,252,0.7343367980795661
2015-01-23,COP,EOG,252,0.7325567268152711
2015-01-26,COP,EOG,252,0.7318770345568254
2015-01-27,COP,EOG,252,0.7304171338849275
2015-01-28,COP,EOG,252,0.7409057959922253
2015-01-29,COP,EOG,252,0.7408755686646246
2015-01-30,COP,EOG,252,0.741272237100486
2015-02-02,COP,EOG,252,0.745625214369016
2015-02-03,COP,EOG,252,0.7482746079655787
2015-02-04,COP,EOG,252,0.7546653658539664
2015-02-05,COP,EOG,252,0.7532865249060937
2015-02-06,COP,EOG,252,0.7528930653171113
2015-02-09,COP,EOG,252,0.7522922230622665
2015-02-10,COP,EOG,252,0.7516896552822996
2015-02-11,COP,EOG,252,0.7513400102618957
2015-02-12,COP,EOG,252,0.7524173714619734
2015-02-13,COP,EOG,252,0.753640937454129
2015-02-17,COP,EOG,252,0.7536189800554065
2015-02-18,COP,EOG,252,0.754605464174469
2015-02-19,COP,EOG,252,0.7543934763640123
2015-02-20,COP,EOG,252,0.7517477193146068
2015-02-23,COP,EOG,252,0.7502281533491364
2015-02-24,COP,EOG,252,0.7506337202831093
2015-02-25,COP,EOG,252,0.7518976973585887
2015-02-26,COP,EOG,252,0.7564340828174674
2015-02-27,COP,EOG,252,0.7562930697306293
2015-03-02,COP,EOG,252,0.7562519734908179
2015-03-03,COP,EOG,252,0.7563793503266255
2015-03-04,COP,EOG,252,0.7559132970722108
2015-03-05,COP,EOG,252,0.7559971136993955
2015-03-06,COP,EOG,252,0.75629346625761
2015-03-09,COP,EOG,252,0.7567362269738003
2015-03-10,COP,EOG,252,0.7581819035834907
2015-03-11,COP,EOG,252,0.758365797425681
2015-03-12,COP,EOG,252,0.757908284209289
2015-03-13,COP,EOG,252,0.7576077255034698
2015-03-16,COP,EOG,252,0.7583537839806244
2015-03-17,COP,EOG,252,0.7584663515122358
2015-03-18,COP,EOG,252,0.7613993511227509
2015-03-19,COP,EOG,252,0.7616009536390683
2015-03-20,COP,EOG,252,0.7618288220811654
2015-03-23,COP,EOG,252,0.7632037748816177
2015-03-24,COP,EOG,252,0.7632600098675223
2015-03-25,COP,EOG,252,0.7632865626891548
2015-03-26,COP,EOG,252,0.7629327566962304
2015-03-27,COP,EOG,252,0.7629627269217084
2015-03-30,COP,EOG,252,0.7628853370550069
2015-03-31,COP,EOG,252,0.7597774682415185
2015-04-01,COP,EOG,252,0.758302083054755
2015-04-02,COP,EOG,252,0.7581475012390384
2015-04-06,COP,EOG,252,0.7621286498149674
2015-04-07,COP,EOG,252,0.7615874639301013
2015-04-08,COP,EOG,252,0.7601255106112597
2015-04-09,COP,EOG,252,0.7593510935094632
2015-04-10,COP,EOG,252,0.7599708296334522
2015-04-13,COP,EOG,252,0.7608379888193731
2015-04-14,COP,EOG,252,0.7620489716387886
2015-04-15,COP,EOG,252,0.7623188235078208
2015-04-16,COP,EOG,252,0.7621589166396575
2015-04-17,COP,EOG,252,0.7624775014314822
2015-04-20,COP,EOG,252,0.7616045307316044
2015-04-21,COP,EOG,252,0.7626061760780927
2015-04-22,COP,EOG,252,0.7617038867837598
2015-04-23,COP,EOG,252,0.7650046873801906
2015-04-24,COP,EOG,252,0.767809060451821
2015-04-27,COP,EOG,252,0.7734366279255146
2015-04-28,COP,EOG,252,0.774649831845916
2015-04-29,COP,EOG,252,0.7754818730535308
2015-04-30,COP,EOG,252,0.7755893871127255
2015-05-01,COP,EOG,252,0.7773927727142902
2015-05-04,COP,EOG,252,0.7794084463798406
2015-05-05,COP,EOG,252,0.7686579612118302
2015-05-06,COP,EOG,252,0.7741208167715177
2015-05-07,COP,EOG,252,0.7741161167358885
2015-05-08,COP,EOG,252,0.7730501804455071
2015-05-11,COP,EOG,252,0.7736600078676338
2015-05-12,COP,EOG,252,0.7723251516300843
2015-05-13,COP,EOG,252,0.7711205326261171
2015-05-14,COP,EOG,252,0.7710840621032898
2015-05-15,COP,EOG,252,0.7706198057580923
2015-05-18,COP,EOG,252,0.7705366201701143
2015-05-19,COP,EOG,252,0.7714492309507816
2015-05-20,COP,EOG,252,0.771535682680256
2015-05-21,COP,EOG,252,0.7717320398512856
2015-05-22,COP,EOG,252,0.7719471269415442
2015-05-26,COP,EOG,252,0.7720274435376155
2015-05-27,COP,EOG,252,0.7718599969616092
2015-05-28,COP,EOG,252,0.7718356626853211
2015-05-29,COP,EOG,252,0.7725737705316376
2015-06-01,COP,EOG,252,0.7734898546212979
2015-06-02,COP,EOG,252,0.7737329147640327
2015-06-03,COP,EOG,252,0.773742547577862
2015-06-04,COP,EOG,252,0.7743377967534335
2015-06-05,COP,EOG,252,0.7723272014921446
2015-06-08,COP,EOG,252,0.7710111625266415
2015-06-09,COP,EOG,252,0.7708194798145471
2015-06-10,COP,EOG,252,0.7731331964403959
2015-06-11,COP,EOG,252,0.7735090083768792
2015-06-12,COP,EOG,252,0.7735567123127495
2015-06-15,COP,EOG,252,0.7745120576345268
2015-06-16,COP,EOG,252,0.7747897549378219
2015-06-17,COP,EOG,252,0.7758153286062063
2015-06-18,COP,EOG,252,0.7756314514305424
2015-06-19,COP,EOG,252,0.7757109240902195
2015-06-22,COP,EOG,252,0.775411649296008
2015-06-23,COP,EOG,252,0.7766993043219074
2015-06-24,COP,EOG,252,0.7766782330103501
2015-06-25,COP,EOG,252,0.7766911098138002
2015-06-26,COP,EOG,252,0.7770858864392488
2015-06-29,COP,EOG,252,0.7780467255479854
2015-06-30,COP,EOG,252,0.7788842351889913
2015-07-01,COP,EOG,252,0.7801187041780141
2015-07-02,COP,EOG,252,0.7795759035022845
2015-07-06,COP,EOG,252,0.7777444318288396
2015-07-07,COP,EOG,252,0.7782774497200599
2015-07-08,COP,EOG,252,0.77969111532255
2015-07-09,COP,EOG,252,0.7801334338832289
2015-07-10,COP,EOG,252,0.7791095146964461
2015-07-13,COP,EOG,252,0.7788658786672001
2015-07-14,COP,EOG,252,0.7785366874865539
2015-07-15,COP,EOG,252,0.7789547072597715
2015-07-16,COP,EOG,252,0.7769148084779837
2015-07-17,COP,EOG,252,0.7770529314236642
2015-07-20,COP,EOG,252,0.7764958435218379
2015-07-21,COP,EOG,252,0.7764182839165109
2015-07-22,COP,EOG,252,0.7779122435837788
2015-07-23,COP,EOG,252,0.7761281353129851
2015-07-24,COP,EOG,252,0.7743281378168547
2015-07-27,COP,EOG,252,0.7760540321766131
2015-07-28,COP,EOG,252,0.7799506886096015
2015-07-29,COP,EOG,252,0.7811588728719171
2015-07-30,COP,EOG,252,0.7776358858387026
2015-07-31,COP,EOG,252,0.7747675979391373
2015-08-03,COP,EOG,252,0.7749816368700655
2015-08-04,COP,EOG,252,0.774104262560408
2015-08-05,COP,EOG,252,0.7721597813345156
2015-08-06,COP,EOG,252,0.7779953219256086
2015-08-07,COP,EOG,252,0.7808026284542648
2015-08-10,COP,EOG,252,0.7828628065589933
2015-08-11,COP,EOG,252,0.7834807720788072
2015-08-12,COP,EOG,252,0.7857525236958486
2015-08-13,COP,EOG,252,0.7828424822616885
2015-08-14,COP,EOG,252,0.7826254119195537
2015-08-17,COP,EOG,252,0.7826963209864961
2015-08-18,COP,EOG,252,0.7829963133662656
2015-08-19,COP,EOG,252,0.7863923537145922
2015-08-20,COP,EOG,252,0.7860816634942381
2015-08-21,COP,EOG,252,0.7871920886526093
2015-08-24,COP,EOG,252,0.7961587054889632
2015-08-25,COP,EOG,252,0.7961162658467045
2015-08-26,COP,EOG,252,0.7997231738168048
2015-08-27,COP,EOG,252,0.8085517518556639
2015-08-28,COP,EOG,252,0.8093656317987729
2015-08-31,COP,EOG,252,0.8030097388276876
2015-09-01,COP,EOG,252,0.8041908792888012
2015-09-02,COP,EOG,252,0.8047313051189706
2015-09-03,COP,EOG,252,0.8047682556197796
2015-09-04,COP,EOG,252,0.8040095180694474
2015-09-08,COP,EOG,252,0.8029072520797583
2015-09-09,COP,EOG,252,0.8030198993383373
2015-09-10,COP,EOG,252,0.8035072602813923
2015-09-11,COP,EOG,252,0.8031764895611695
2015-09-14,COP,EOG,252,0.8030294173278965
2015-09-15,COP,EOG,252,0.803413466511702
2015-09-16,COP,EOG,252,0.8044288800035101
2015-09-17,COP,EOG,252,0.8029925008382892
2015-09-18,COP,EOG,252,0.8059157665615632
2015-09-21,COP,EOG,252,0.8067113213723285
2015-09-22,COP,EOG,252,0.8061809307516059
2015-09-23,COP,EOG,252,0.8063606825498082
2015-09-24,COP,EOG,252,0.8070322829590709
2015-09-25,COP,EOG,252,0.8065808823016721
2015-09-28,COP,EOG,252,0.8080773690990405
2015-09-29,COP,EOG,252,0.808214051539884
2015-09-30,COP,EOG,252,0.8099136339365718
2015-10-01,COP,EOG,252,0.809249561235841
2015-10-02,COP,EOG,252,0.8123892802685629
2015-10-05,COP,EOG,252,0.8153257480521124
2015-10-06,COP,EOG,252,0.8171296349623015
2015-10-07,COP,EOG,252,0.8166730546257399
2015-10-08,COP,EOG,252,0.816871944462499
2015-10-09,COP,EOG,252,0.8155596561616197
2015-10-12,COP,EOG,252,0.8154591545985747
2015-10-13,COP,EOG,252,0.8150034981529695
2015-10-14,COP,EOG,252,0.8185755366203636
2015-10-15,COP,EOG,252,0.8272936775119036
2015-10-16,COP,EOG,252,0.828362618937559
2015-10-19,COP,EOG,252,0.8312021885711739
2015-10-20,COP,EOG,252,0.8308886773334829
2015-10-21,COP,EOG,252,0.8297033626475593
2015-10-22,COP,EOG,252,0.8314833049312939
2015-10-23,COP,EOG,252,0.8312371830030234
2015-10-26,COP,EOG,252,0.832943532191013
2015-10-27,COP,EOG,252,0.8326374835349091
2015-10-28,COP,EOG,252,0.8328188876164705
2015-10-29,COP,EOG,252,0.8329150276775694
2015-10-30,COP,EOG,252,0.8341844623011265
2015-11-02,COP,EOG,252,0.8314361268289215
2015-11-03,COP,EOG,252,0.832109779313827
2015-11-04,COP,EOG,252,0.8302379199579036
2015-11-05,COP,EOG,252,0.8358830765756734
2015-11-06,COP,EOG,252,0.8351657116069914
2015-11-09,COP,EOG,252,0.8331873068454299
2015-11-10,COP,EOG,252,0.8324441812161262
2015-11-11,COP,EOG,252,0.8329505935746556
2015-11-12,COP,EOG,252,0.8333503510789404
2015-11-13,COP,EOG,252,0.8328112868803931
2015-11-16,COP,EOG,252,0.8330924809570385
2015-11-17,COP,EOG,252,0.8341476809193393
2015-11-18,COP,EOG,252,0.8341446186792715
2015-11-19,COP,EOG,252,0.8342750226965433
2015-11-20,COP,EOG,252,0.8335365827882372
2015-11-23,COP,EOG,252,0.8339903733475257
2015-11-24,COP,EOG,252,0.8365379672893843
2015-11-25,COP,EOG,252,0.836194372285537
2015-11-27,COP,EOG,252,0.836958866047402
2015-11-30,COP,EOG,252,0.8283821136759557
2015-12-01,COP,EOG,252,0.8299869375358935
2015-12-02,COP,EOG,252,0.8316682640334451
2015-12-03,COP,EOG,252,0.8296203229189559
2015-12-04,COP,EOG,252,0.8348982034624327
2015-12-07,COP,EOG,252,0.837599371440924
2015-12-08,COP,EOG,252,0.8337252269894153
2015-12-09,COP,EOG,252,0.8337964279223123
2015-12-10,COP,EOG,252,0.8314025435175298
2015-12-11,COP,EOG,252,0.8314640654429009
2015-12-14,COP,EOG,252,0.8332069081191588
2015-12-15,COP,EOG,252,0.832150747154617
2015-12-16,COP,EOG,252,0.8350470545285213
2015-12-17,COP,EOG,252,0.8305901038760006
2015-12-18,COP,EOG,252,0.8341294756769624
2015-12-21,COP,EOG,252,0.8338948773256067
2015-12-22,COP,EOG,252,0.8310358087922043
2015-12-23,COP,EOG,252,0.835920492078716
2015-12-24,COP,EOG,252,0.8358710932487933
2015-12-28,COP,EOG,252,0.8372524721490706
2015-12-29,COP,EOG,252,0.8373271346165676
2015-12-30,COP,EOG,252,0.8369646849690476
2015-12-31,COP,EOG,252,0.8370208274152009
2016-01-04,COP,EOG,252,0.8353572734043119
2016-01-05,COP,EOG,252,0.8310936572104726
2016-01-06,COP,EOG,252,0.8328455445694724
2016-01-07,COP,EOG,252,0.8348433696061066
2016-01-08,COP,EOG,252,0.8322067807639384
2016-01-11,COP,EOG,252,0.8321848927511991
2016-01-12,COP,EOG,252,0.8307420811473334
2016-01-13,COP,EOG,252,0.819217716824849
2016-01-14,COP,EOG,252,0.8175075161896534
2016-01-15,COP,EOG,252,0.8194208566351916
2016-01-19,COP,EOG,252,0.814181795249202
2016-01-20,COP,EOG,252,0.8115895353338146
2016-01-21,COP,EOG,252,0.8172996107789746
2016-01-22,COP,EOG,252,0.8186157812743109
2016-01-25,COP,EOG,252,0.8270904751876849
2016-01-26,COP,EOG,252,0.8255063224662196
2016-01-27,COP,EOG,252,0.8240323892609029
2016-01-28,COP,EOG,252,0.8234753522447542
2016-01-29,COP,EOG,252,0.8247874515472311
2016-02-01,COP,EOG,252,0.8242837134687665
2016-02-02,COP,EOG,252,0.8219958846282971
2016-02-03,COP,EOG,252,0.823888972103339
2016-02-04,COP,EOG,252,0.815234909734074
2016-02-05,COP,EOG,252,0.8105250918097309
2016-02-08,COP,EOG,252,0.8103361110935183
2016-02-09,COP,EOG,252,0.8103278138864262
2016-02-10,COP,EOG,252,0.806018952668118
2016-02-11,COP,EOG,252,0.8075787188215316
2016-02-12,COP,EOG,252,0.8088449182456579
2016-02-16,COP,EOG,252,0.8077891856121168
2016-02-17,COP,EOG,252,0.8098177961727189
2016-02-18,COP,EOG,252,0.809160682461118
2016-02-19,COP,EOG,252,0.8074159910897662
2016-02-22,COP,EOG,252,0.8126826363681695
2016-02-23,COP,EOG,252,0.815620364089634
2016-02-24,COP,EOG,252,0.8147323844168443
2016-02-25,COP,EOG,252,0.8134981134942306
2016-02-26,COP,EOG,252,0.8058012054198297
2016-02-29,COP,EOG,252,0.8023631986736458
2016-03-01,COP,EOG,252,0.8018845382786968
2016-03-02,COP,EOG,252,0.8027796150676397
2016-03-03,COP,EOG,252,0.8046517089120448
2016-03-04,COP,EOG,252,0.8048696964129868
2016-03-07,COP,EOG,252,0.7984326302752007
2016-03-08,COP,EOG,252,0.8042235315062055
2016-03-09,COP,EOG,252,0.8038074636056566
2016-03-10,COP,EOG,252,0.8037822415909882
2016-03-11,COP,EOG,252,0.8061233582729935
2016-03-14,COP,EOG,252,0.8063530274558857
2016-03-15,COP,EOG,252,0.8062599008556928
2016-03-16,COP,EOG,252,0.8055208276834197
2016-03-17,COP,EOG,252,0.805673885447764
2016-03-18,COP,EOG,252,0.8050341113547923
2016-03-21,COP,EOG,252,0.8042028277958795
2016-03-22,COP,EOG,252,0.8038800018011577
2016-03-23,COP,EOG,252,0.8035785777218754
2016-03-24,COP,EOG,252,0.8033907694155032
2016-03-28,COP,EOG,252,0.8033567563411744
2016-03-29,COP,EOG,252,0.802925187870663
2016-03-30,COP,EOG,252,0.7985681324150633
2016-03-31,COP,EOG,252,0.7982945954101105
2016-04-01,COP,EOG,252,0.7992252735658584
2016-04-04,COP,EOG,252,0.7998666314677234
2016-04-05,COP,EOG,252,0.7988985352979198
2016-04-06,COP,EOG,252,0.7975016317109066
2016-04-07,COP,EOG,252,0.7972994440116604
2016-04-08,COP,EOG,252,0.7977033733499913
2016-04-11,COP,EOG,252,0.7982530737323131
2016-04-12,COP,EOG,252,0.8024376045120455
2016-04-13,COP,EOG,252,0.8017701347071506
2016-04-14,COP,EOG,252,0.8009476042049166
2016-04-15,COP,EOG,252,0.8005325670152452
2016-04-18,COP,EOG,252,0.8014738409297236
2016-04-19,COP,EOG,252,0.8017706438609212
2016-04-20,COP,EOG,252,0.8017185100508838
2016-04-21,COP,EOG,252,0.8017341966967025
2016-04-22,COP,EOG,252,0.8024818712601631
2016-04-25,COP,EOG,252,0.8025412744911622
2016-04-26,COP,EOG,252,0.8048221843668095
2016-04-27,COP,EOG,252,0.803640483808128
2016-04-28,COP,EOG,252,0.8024870134538021
2016-04-29,COP,EOG,252,0.802532515472608
2016-05-02,COP,EOG,252,0.8015207677672347
2016-05-03,COP,EOG,252,0.8028232851879944
2016-05-04,COP,EOG,252,0.8107245389259238
2016-05-05,COP,EOG,252,0.8085983659306286
2016-05-06,COP,EOG,252,0.8074691632647559
2016-05-09,COP,EOG,252,0.8062812038513766
2016-05-10,COP,EOG,252,0.8057587876491343
2016-05-11,COP,EOG,252,0.8063992065849193
2016-05-12,COP,EOG,252,0.8075684978180903
2016-05-13,COP,EOG,252,0.8080589072132501
2016-05-16,COP,EOG,252,0.809027723486005
2016-05-17,COP,EOG,252,0.8084159138961375
2016-05-18,COP,EOG,252,0.8079435269590031
2016-05-19,COP,EOG,252,0.8078757416559924
2016-05-20,COP,EOG,252,0.8076977205494057
2016-05-23,COP,EOG,252,0.807767188540287
2016-05-24,COP,EOG,252,0.8067603949978633
2016-05-25,COP,EOG,252,0.8056392110848563
2016-05-26,COP,EOG,252,0.8055308506834595
2016-05-27,COP,EOG,252,0.8056259093011279
2016-05-31,COP,EOG,252,0.8055038551017925
2016-06-01,COP,EOG,252,0.8048415101427171
2016-06-02,COP,EOG,252,0.8045685271644084
2016-06-03,COP,EOG,252,0.8044222354970371
2016-06-06,COP,EOG,252,0.8066178800519263
2016-06-07,COP,EOG,252,0.8093732465949334
2016-06-08,COP,EOG,252,0.8094212522727993
2016-06-09,COP,EOG,252,0.8091865347299374
2016-06-10,COP,EOG,252,0.8109711033215034
2016-06-13,COP,EOG,252,0.8107419993903016
2016-06-14,COP,EOG,252,0.8107289233568777
2016-06-15,COP,EOG,252,0.8108251676581432
2016-06-16,COP,EOG,252,0.810468572073469
2016-06-17,COP,EOG,252,0.8103206377624161
2016-06-20,COP,EOG,252,0.8099646117154395
2016-06-21,COP,EOG,252,0.8093513924760121
2016-06-22,COP,EOG,252,0.8095520552929479
2016-06-23,COP,EOG,252,0.8086191452731567
2016-06-24,COP,EOG,252,0.8109158066265902
2016-06-27,COP,EOG,252,0.8119121415535042
2016-06-28,COP,EOG,252,0.8123738860310625
2016-06-29,COP,EOG,252,0.8123427863054992
2016-06-30,COP,EOG,252,0.8118112403482607
2016-07-01,COP,EOG,252,0.8112691141608837
2016-07-05,COP,EOG,252,0.8122605244078731
2016-07-06,COP,EOG,252,0.8121912969540666
2016-07-07,COP,EOG,252,0.8117833710397236
2016-07-08,COP,EOG,252,0.8119050581213229
2016-07-11,COP,EOG,252,0.8127463563074707
2016-07-12,COP,EOG,252,0.8136503274873559
2016-07-13,COP,EOG,252,0.8137580307831045
2016-07-14,COP,EOG,252,0.8134231334104819
2016-07-15,COP,EOG,252,0.8133140046169666
2016-07-18,COP,EOG,252,0.8133963157414901
2016-07-19,COP,EOG,252,0.8148379553596384
2016-07-20,COP,EOG,252,0.8149717206405305
2016-07-21,COP,EOG,252,0.8149412079979361
2016-07-22,COP,EOG,252,0.8159232278082792
2016-07-25,COP,EOG,252,0.815499537222868
2016-07-26,COP,EOG,252,0.814883464889276
2016-07-27,COP,EOG,252,0.8144690519659168
2016-07-28,COP,EOG,252,0.8142794322511636
2016-07-29,COP,EOG,252,0.8159814016785435
2016-08-01,COP,EOG,252,0.8164821570209058
2016-08-02,COP,EOG,252,0.8161642849694832
2016-08-03,COP,EOG,252,0.8156943473273939
2016-08-04,COP,EOG,252,0.8136941777214683
2016-08-05,COP,EOG,252,0.8060424821908602
2016-08-08,COP,EOG,252,0.8057435927872816
2016-08-09,COP,EOG,252,0.804904979068519
2016-08-10,COP,EOG,252,0.8052134685829061
2016-08-11,COP,EOG,252,0.8047855643126994
2016-08-12,COP,EOG,252,0.8055614204625619
2016-08-15,COP,EOG,252,0.8038927930593749
2016-08-16,COP,EOG,252,0.8029926653490889
2016-08-17,COP,EOG,252,0.8028729844107282
2016-08-18,COP,EOG,252,0.8013254538305918
2016-08-19,COP,EOG,252,0.801321519712068
2016-08-22,COP,EOG,252,0.8003812988103741
2016-08-23,COP,EOG,252,0.7971878105410969
2016-08-24,COP,EOG,252,0.7969327803463706
2016-08-25,COP,EOG,252,0.7960815103463498
2016-08-26,COP,EOG,252,0.7922683407210154
2016-08-29,COP,EOG,252,0.7915680722039726
2016-08-30,COP,EOG,252,0.7930897115863982
2016-08-31,COP,EOG,252,0.7926375005500405
2016-09-01,COP,EOG,252,0.7926170261781594
2016-09-02,COP,EOG,252,0.792667218188122
2016-09-06,COP,EOG,252,0.7822311334431585
2016-09-07,COP,EOG,252,0.7815877250349336
2016-09-08,COP,EOG,252,0.7801019698786438
2016-09-09,COP,EOG,252,0.7806113454418373
2016-09-12,COP,EOG,252,0.7803027299042548
2016-09-13,COP,EOG,252,0.7815764287426701
2016-09-14,COP,EOG,252,0.7821595547036089
2016-09-15,COP,EOG,252,0.778441635655646
2016-09-16,COP,EOG,252,0.7792269301054424
2016-09-19,COP,EOG,252,0.7778022397964031
2016-09-20,COP,EOG,252,0.7776076666727757
2016-09-21,COP,EOG,252,0.7792736472298116
2016-09-22,COP,EOG,252,0.7763066586773895
2016-09-23,COP,EOG,252,0.77725416342521
2016-09-26,COP,EOG,252,0.7769394911130229
2016-09-27,COP,EOG,252,0.7767272677060145
2016-09-28,COP,EOG,252,0.7819094662587103
2016-09-29,COP,EOG,252,0.7802136975176305
2016-09-30,COP,EOG,252,0.7790946973204753
2016-10-03,COP,EOG,252,0.77538475042845
2016-10-04,COP,EOG,252,0.773973779092224
2016-10-05,COP,EOG,252,0.7734859003451365
2016-10-06,COP,EOG,252,0.7728597718917135
2016-10-07,COP,EOG,252,0.7731893638764274
2016-10-10,COP,EOG,252,0.7732596594799014
2016-10-11,COP,EOG,252,0.7732940584098538
2016-10-12,COP,EOG,252,0.7733714494520627
2016-10-13,COP,EOG,252,0.7730057439201118
2016-10-14,COP,EOG,252,0.7730622567306604
2016-10-17,COP,EOG,252,0.7731929328932952
2016-10-18,COP,EOG,252,0.772257707337348
2016-10-19,COP,EOG,252,0.7730151848468144
2016-10-20,COP,EOG,252,0.7729025868537472
2016-10-21,COP,EOG,252,0.7713657903380642
2016-10-24,COP,EOG,252,0.7704489955634587
2016-10-25,COP,EOG,252,0.7695058948165978
2016-10-26,COP,EOG,252,0.7694317745835678
2016-10-27,COP,EOG,252,0.7610669082974713
2016-10-28,COP,EOG,252,0.7581761737785002
2016-10-31,COP,EOG,252,0.75693661842831
2016-11-01,COP,EOG,252,0.7583013616190386
2016-11-02,COP,EOG,252,0.756940765260145
2016-11-03,COP,EOG,252,0.7577564449772385
2016-11-04,COP,EOG,252,0.7574175158012436
2016-11-07,COP,EOG,252,0.7580173606723701
2016-11-08,COP,EOG,252,0.7586205268818277
2016-11-09,COP,EOG,252,0.7571137675469652
2016-11-10,COP,EOG,252,0.7570949205510455
2016-11-11,COP,EOG,252,0.7566431467906231
2016-11-14,COP,EOG,252,0.7567110219810206
2016-11-15,COP,EOG,252,0.7555802876038865
2016-11-16,COP,EOG,252,0.7543069854361014
2016-11-17,COP,EOG,252,0.754548012200711
2016-11-18,COP,EOG,252,0.7543318615361695
2016-11-21,COP,EOG,252,0.7559531039878713
2016-11-22,COP,EOG,252,0.756161643171595
2016-11-23,COP,EOG,252,0.7540547654396724
2016-11-25,COP,EOG,252,0.7538301851901149
2016-11-28,COP,EOG,252,0.7521230250723607
2016-11-29,COP,EOG,252,0.7520941575631458
2016-11-30,COP,EOG,252,0.7647425074373054
2016-12-01,COP,EOG,252,0.7607581181734057
2016-12-02,COP,EOG,252,0.7612499954589809
2016-12-05,COP,EOG,252,0.7611443983736321
2016-12-06,COP,EOG,252,0.7567959478960878
2016-12-07,COP,EOG,252,0.7584060063297245
2016-12-08,COP,EOG,252,0.7581274188515981
2016-12-09,COP,EOG,252,0.7593256644416101
2016-12-12,COP,EOG,252,0.7586646864622483
2016-12-13,COP,EOG,252,0.7582987271278315
2016-12-14,COP,EOG,252,0.7589240931652457
2016-12-15,COP,EOG,252,0.7579563022800418
2016-12-16,COP,EOG,252,0.7556343226597679
2016-12-19,COP,EOG,252,0.7542808217927991
2016-12-20,COP,EOG,252,0.7538035250869625
2016-12-21,COP,EOG,252,0.756441114059891
2016-12-22,COP,EOG,252,0.7517210352265968
2016-12-23,COP,EOG,252,0.7515053368056341
2016-12-27,COP,EOG,252,0.7503659850176961
2016-12-28,COP,EOG,252,0.7504912571918224
2016-12-29,COP,EOG,252,0.7506799993945947
2016-12-30,COP,EOG,252,0.7506794647725495
2017-01-03,COP,EOG,252,0.7516809248381455
2017-01-04,COP,EOG,252,0.7514363027397563
2017-01-05,COP,EOG,252,0.7482414595555329
2017-01-06,COP,EOG,252,0.7463899684303049
2017-01-09,COP,EOG,252,0.7477695585724876
2017-01-10,COP,EOG,252,0.7455997495814459
2017-01-11,COP,EOG,252,0.7453102390299153
2017-01-12,COP,EOG,252,0.7515447030478101
2017-01-13,COP,EOG,252,0.7529693348984372
2017-01-17,COP,EOG,252,0.749805484704601
2017-01-18,COP,EOG,252,0.7484862192516296
2017-01-19,COP,EOG,252,0.7495039826480943
2017-01-20,COP,EOG,252,0.7432077063896805
2017-01-23,COP,EOG,252,0.7434245291048764
2017-01-24,COP,EOG,252,0.7302587340880584
2017-01-25,COP,EOG,252,0.731056720892822
2017-01-26,COP,EOG,252,0.7324238130669798
2017-01-27,COP,EOG,252,0.7296021413931887
2017-01-30,COP,EOG,252,0.7287041218395526
2017-01-31,COP,EOG,252,0.7277617491929167
2017-02-01,COP,EOG,252,0.7252155238922681
2017-02-02,COP,EOG,252,0.7190864721853841
2017-02-03,COP,EOG,252,0.7224095221364089
2017-02-06,COP,EOG,252,0.7249880140730104
2017-02-07,COP,EOG,252,0.7248439433307126
2017-02-08,COP,EOG,252,0.7233602522592598
2017-02-09,COP,EOG,252,0.7277519488366868
2017-02-10,COP,EOG,252,0.7279072421849876
2017-02-13,COP,EOG,252,0.7260727744998082
2017-02-14,COP,EOG,252,0.7263657220653011
2017-02-15,COP,EOG,252,0.7235117637517658
2017-02-16,COP,EOG,252,0.7236180297400902
2017-02-17,COP,EOG,252,0.7267093321455331
2017-02-21,COP,EOG,252,0.7229640229608009
2017-02-22,COP,EOG,252,0.7182547939412046
2017-02-23,COP,EOG,252,0.7198295666401944
2017-02-24,COP,EOG,252,0.7210587426565755
2017-02-27,COP,EOG,252,0.729090950299817
2017-02-28,COP,EOG,252,0.7318141316151743
2017-03-01,COP,EOG,252,0.7343903670491579
2017-03-02,COP,EOG,252,0.7329746929412715
2017-03-03,COP,EOG,252,0.7294608690107753
2017-03-06,COP,EOG,252,0.7278467245218174
2017-03-07,COP,EOG,252,0.7366259415271187
2017-03-08,COP,EOG,252,0.7281449508272847
2017-03-09,COP,EOG,252,0.7284838983747837
2017-03-10,COP,EOG,252,0.7288924766693574
2017-03-13,COP,EOG,252,0.7250027954945333
2017-03-14,COP,EOG,252,0.7244074116511425
2017-03-15,COP,EOG,252,0.7259165144374449
2017-03-16,COP,EOG,252,0.7254738995177824
2017-03-17,COP,EOG,252,0.7238258235692263
2017-03-20,COP,EOG,252,0.7242739766619585
2017-03-21,COP,EOG,252,0.7258229875634384
2017-03-22,COP,EOG,252,0.7258731210893279
2017-03-23,COP,EOG,252,0.725096322467631
2017-03-24,COP,EOG,252,0.7249935478257508
2017-03-27,COP,EOG,252,0.7236322533859995
2017-03-28,COP,EOG,252,0.7257753250758914
2017-03-29,COP,EOG,252,0.7322307788918633
2017-03-30,COP,EOG,252,0.7107997471702249
2017-03-31,COP,EOG,252,0.7103195479134061
2017-04-03,COP,EOG,252,0.7095028927060775
2017-04-04,COP,EOG,252,0.7094978085634829
2017-04-05,COP,EOG,252,0.7121776367758043
2017-04-06,COP,EOG,252,0.7127443994944517
2017-04-07,COP,EOG,252,0.7113599641784601
2017-04-10,COP,EOG,252,0.7120333370953256
2017-04-11,COP,EOG,252,0.7044509884089628
2017-04-12,COP,EOG,252,0.704407066893258
2017-04-13,COP,EOG,252,0.7061452886175253
2017-04-17,COP,EOG,252,0.7062277486187953
2017-04-18,COP,EOG,252,0.7043521711362887
2017-04-19,COP,EOG,252,0.7035655657376786
2017-04-20,COP,EOG,252,0.7035844010279861
2017-04-21,COP,EOG,252,0.7039110871404227
2017-04-24,COP,EOG,252,0.701944239989327
2017-04-25,COP,EOG,252,0.7019185413937004
2017-04-26,COP,EOG,252,0.697575912220981
2017-04-27,COP,EOG,252,0.6996258096900188
2017-04-28,COP,EOG,252,0.7009165878508561
2017-05-01,COP,EOG,252,0.7011683594010565
2017-05-02,COP,EOG,252,0.7023336839940914
2017-05-03,COP,EOG,252,0.6986409663084113
2017-05-04,COP,EOG,252,0.7001329744283793
2017-05-05,COP,EOG,252,0.7052138989610378
2017-05-08,COP,EOG,252,0.7066139803925543
2017-05-09,COP,EOG,252,0.7078285812183263
2017-05-10,COP,EOG,252,0.7100033127119171
2017-05-11,COP,EOG,252,0.7099198771654572
2017-05-12,COP,EOG,252,0.7090582427683071
2017-05-15,COP,EOG,252,0.7076867036179614
2017-05-16,COP,EOG,252,0.7058879920891779
2017-05-17,COP,EOG,252,0.707884153453307
2017-05-18,COP,EOG,252,0.7072647329752542
2017-05-19,COP,EOG,252,0.7090138247649973
2017-05-22,COP,EOG,252,0.7093048891658801
2017-05-23,COP,EOG,252,0.7094196587073005
2017-05-24,COP,EOG,252,0.7109228273360039
2017-05-25,COP,EOG,252,0.7138320351273617
2017-05-26,COP,EOG,252,0.713854463670772
2017-05-30,COP,EOG,252,0.7141110061685032
2017-05-31,COP,EOG,252,0.7138266369926761
2017-06-01,COP,EOG,252,0.7147760121019565
2017-06-02,COP,EOG,252,0.7156439688595435
2017-06-05,COP,EOG,252,0.7157640196670204
2017-06-06,COP,EOG,252,0.7144623574754351
2017-06-07,COP,EOG,252,0.7092023530013476
2017-06-08,COP,EOG,252,0.7088227932719862
2017-06-09,COP,EOG,252,0.7105907766069143
2017-06-12,COP,EOG,252,0.7028212524370129
2017-06-13,COP,EOG,252,0.7033881211818082
2017-06-14,COP,EOG,252,0.7046828046215867
2017-06-15,COP,EOG,252,0.7025050944189933
2017-06-16,COP,EOG,252,0.7038068110107666
2017-06-19,COP,EOG,252,0.7038161853036188
2017-06-20,COP,EOG,252,0.7038771999110682
2017-06-21,COP,EOG,252,0.7055362272825767
2017-06-22,COP,EOG,252,0.7040369476758278
2017-06-23,COP,EOG,252,0.7049379718241913
2017-06-26,COP,EOG,252,0.6966875732095107
2017-06-27,COP,EOG,252,0.6908315836145773
2017-06-28,COP,EOG,252,0.6867477529424216
2017-06-29,COP,EOG,252,0.68491589099212
2017-06-30,COP,EOG,252,0.6846926991141612
2017-07-03,COP,EOG,252,0.6884974198651
2017-07-05,COP,EOG,252,0.6881080136573283
2017-07-06,COP,EOG,252,0.6897180447915415
2017-07-07,COP,EOG,252,0.6893122202924251
2017-07-10,COP,EOG,252,0.688608026983036
2017-07-11,COP,EOG,252,0.6882858952948574
2017-07-12,COP,EOG,252,0.684936291841226
2017-07-13,COP,EOG,252,0.6827678181552863
2017-07-14,COP,EOG,252,0.6827519071500262
2017-07-17,COP,EOG,252,0.6826642643299026
2017-07-18,COP,EOG,252,0.6826083435367937
2017-07-19,COP,EOG,252,0.6817934130848189
2017-07-20,COP,EOG,252,0.6818659356436413
2017-07-21,COP,EOG,252,0.6820073638156358
2017-07-24,COP,EOG,252,0.6816713600001499
2017-07-25,COP,EOG,252,0.6828912632766788
2017-07-26,COP,EOG,252,0.682087038868956
2017-07-27,COP,EOG,252,0.6825064327078924
2017-07-28,COP,EOG,252,0.6805363875926468
2017-07-31,COP,EOG,252,0.679614032664758
2017-08-01,COP,EOG,252,0.6755110743592267
2017-08-02,COP,EOG,252,0.6658283150958525
2017-08-03,COP,EOG,252,0.6658668754054828
2017-08-04,COP,EOG,252,0.6710799291611627
2017-08-07,COP,EOG,252,0.6851285625239583
2017-08-08,COP,EOG,252,0.6860436901770897
2017-08-09,COP,EOG,252,0.6855965164750899
2017-08-10,COP,EOG,252,0.6858320701230276
2017-08-11,COP,EOG,252,0.6853865716986541
2017-08-14,COP,EOG,252,0.6862383893477053
2017-08-15,COP,EOG,252,0.6894054196798487
2017-08-16,COP,EOG,252,0.6927489614892658
2017-08-17,COP,EOG,252,0.6941781511757246
2017-08-18,COP,EOG,252,0.6938447947835976
2017-08-21,COP,EOG,252,0.6939782183423072
2017-08-22,COP,EOG,252,0.6940923475192174
2017-08-23,COP,EOG,252,0.6952433047429235
2017-08-24,COP,EOG,252,0.6952920587269813
2017-08-25,COP,EOG,252,0.6949432656153764
2017-08-28,COP,EOG,252,0.6960640399641099
2017-08-29,COP,EOG,252,0.696603341737197
2017-08-30,COP,EOG,252,0.6971182474032699
2017-08-31,COP,EOG,252,0.6950326583235876
2017-09-01,COP,EOG,252,0.6960724060901864
2017-09-05,COP,EOG,252,0.6960064112432506
2017-09-06,COP,EOG,252,0.7193304156037046
2017-09-07,COP,EOG,252,0.7204786205853905
2017-09-08,COP,EOG,252,0.7228122129947135
2017-09-11,COP,EOG,252,0.7207669317142036
2017-09-12,COP,EOG,252,0.7204779534199234
2017-09-13,COP,EOG,252,0.7158948888273544
2017-09-14,COP,EOG,252,0.7136583221642093
2017-09-15,COP,EOG,252,0.7190266766213299
2017-09-18,COP,EOG,252,0.7181520830119109
2017-09-19,COP,EOG,252,0.7172714111831048
2017-09-20,COP,EOG,252,0.7187337367705959
2017-09-21,COP,EOG,252,0.7153590305518085
2017-09-22,COP,EOG,252,0.7219603987364158
2017-09-25,COP,EOG,252,0.7199319722379794
2017-09-26,COP,EOG,252,0.7191784312703676
2017-09-27,COP,EOG,252,0.7188675461532003
2017-09-28,COP,EOG,252,0.701285222683516
2017-09-29,COP,EOG,252,0.7014802864324816
2017-10-02,COP,EOG,252,0.7050717370702752
2017-10-03,COP,EOG,252,0.7049782293076656
2017-10-04,COP,EOG,252,0.7042785037990594
2017-10-05,COP,EOG,252,0.7016844098934196
2017-10-06,COP,EOG,252,0.7025855414708089
2017-10-09,COP,EOG,252,0.7022953272953262
2017-10-10,COP,EOG,252,0.7024412420088457
2017-10-11,COP,EOG,252,0.7012336324418528
2017-10-12,COP,EOG,252,0.7009043430520258
2017-10-13,COP,EOG,252,0.7016195948985499
2017-10-16,COP,EOG,252,0.7011302349799039
2017-10-17,COP,EOG,252,0.7006782846889679
2017-10-18,COP,EOG,252,0.699998491624963
2017-10-19,COP,EOG,252,0.6969514726660141
2017-10-20,COP,EOG,252,0.6975207230719314
2017-10-23,COP,EOG,252,0.6983849687954558
2017-10-24,COP,EOG,252,0.6981915869603782
2017-10-25,COP,EOG,252,0.6964131855177551
2017-10-26,COP,EOG,252,0.6956070683269706
2017-10-27,COP,EOG,252,0.7094083358479223
2017-10-30,COP,EOG,252,0.7160984883336073
2017-10-31,COP,EOG,252,0.7196523775967452
2017-11-01,COP,EOG,252,0.7214538684233169
2017-11-02,COP,EOG,252,0.7216446385204432
2017-11-03,COP,EOG,252,0.7216094057382024
2017-11-06,COP,EOG,252,0.7231207923766529
2017-11-07,COP,EOG,252,0.7213374742606219
2017-11-08,COP,EOG,252,0.7199290677242871
2017-11-09,COP,EOG,252,0.7247853455799919
2017-11-10,COP,EOG,252,0.7243701911735616
2017-11-13,COP,EOG,252,0.7229938788372707
2017-11-14,COP,EOG,252,0.7258116070535116
2017-11-15,COP,EOG,252,0.7242812119770508
2017-11-16,COP,EOG,252,0.7291056421299138
2017-11-17,COP,EOG,252,0.7278086742841354
2017-11-20,COP,EOG,252,0.7283367444419448
2017-11-21,COP,EOG,252,0.723975116607401
2017-11-22,COP,EOG,252,0.7236900320300264
2017-11-24,COP,EOG,252,0.7245235730303016
2017-11-27,COP,EOG,252,0.7260566198204984
2017-11-28,COP,EOG,252,0.7264258028603795
2017-11-29,COP,EOG,252,0.7265866792680618
2017-11-30,COP,EOG,252,0.6721313545319
2017-12-01,COP,EOG,252,0.6795106809582052
2017-12-04,COP,EOG,252,0.6800675629592264
2017-12-05,COP,EOG,252,0.6796630664307927
2017-12-06,COP,EOG,252,0.686683767204331
2017-12-07,COP,EOG,252,0.6866710339994183
2017-12-08,COP,EOG,252,0.6890480276709474
2017-12-11,COP,EOG,252,0.6869247062477023
2017-12-12,COP,EOG,252,0.6876890440859585
2017-12-13,COP,EOG,252,0.684349316572483
2017-12-14,COP,EOG,252,0.679384230097413
2017-12-15,COP,EOG,252,0.6794551870019876
2017-12-18,COP,EOG,252,0.6786790395127007
2017-12-19,COP,EOG,252,0.67882262023429
2017-12-20,COP,EOG,252,0.6828782892665306
2017-12-21,COP,EOG,252,0.6885882248575484
2017-12-22,COP,EOG,252,0.6866026266676641
2017-12-26,COP,EOG,252,0.6877614248855465
2017-12-27,COP,EOG,252,0.6884364332168307
2017-12-28,COP,EOG,252,0.6871890458824789
2017-12-29,COP,EOG,252,0.6872599153222141
2018-01-02,COP,EOG,252,0.6876655621018689
2018-01-03,COP,EOG,252,0.6901823651354791
2018-01-04,COP,EOG,252,0.6897866164961469
2018-01-05,COP,EOG,252,0.6888861334351465
2018-01-08,COP,EOG,252,0.6908406542302417
2018-01-09,COP,EOG,252,0.6850844562566036
2018-01-10,COP,EOG,252,0.6847098911467108
2018-01-11,COP,EOG,252,0.6874791836244052
2018-01-12,COP,EOG,252,0.6933508577833544
2018-01-16,COP,EOG,252,0.6964448807759559
2018-01-17,COP,EOG,252,0.6956995704086009
2018-01-18,COP,EOG,252,0.6951127720922538
2018-01-19,COP,EOG,252,0.6952021237856388
2018-01-22,COP,EOG,252,0.6975978107979267
2018-01-23,COP,EOG,252,0.6942957394866962
2018-01-24,COP,EOG,252,0.6940871368724503
2018-01-25,COP,EOG,252,0.6949603330830717
2018-01-26,COP,EOG,252,0.6945811026311638
2018-01-29,COP,EOG,252,0.6934324286608066
2018-01-30,COP,EOG,252,0.6932631652351932
2018-01-31,COP,EOG,252,0.695550460065545
2018-02-01,COP,EOG,252,0.6957540108992841
2018-02-02,COP,EOG,252,0.7039350002848838
2018-02-05,COP,EOG,252,0.7104162254999857
2018-02-06,COP,EOG,252,0.7090382125620066
2018-02-07,COP,EOG,252,0.7063782471165932
2018-02-08,COP,EOG,252,0.7186110711548188
2018-02-09,COP,EOG,252,0.7203439962704621
2018-02-12,COP,EOG,252,0.7236493741193762
2018-02-13,COP,EOG,252,0.7230336507176368
2018-02-14,COP,EOG,252,0.7313415423208726
2018-02-15,COP,EOG,252,0.7259450995277207
2018-02-16,COP,EOG,252,0.7266057528820055
2018-02-20,COP,EOG,252,0.7256595217528083
2018-02-21,COP,EOG,252,0.7280515599177557
2018-02-22,COP,EOG,252,0.726549771582872
2018-02-23,COP,EOG,252,0.7271703338404162
2018-02-26,COP,EOG,252,0.7254854018543483
2018-02-27,COP,EOG,252,0.7267286997978682
2018-02-28,COP,EOG,252,0.730245726137975
2018-03-01,COP,EOG,252,0.7254340025946441
2018-03-02,COP,EOG,252,0.7239724984761869
2018-03-05,COP,EOG,252,0.7243730202849695
2018-03-06,COP,EOG,252,0.7232555966180959
2018-03-07,COP,EOG,252,0.7231883319141968
2018-03-08,COP,EOG,252,0.7137455428204249
2018-03-09,COP,EOG,252,0.7163763573417186
2018-03-12,COP,EOG,252,0.7146715957774997
2018-03-13,COP,EOG,252,0.7147482151401064
2018-03-14,COP,EOG,252,0.715970040652102
2018-03-15,COP,EOG,252,0.7123351151634242
2018-03-16,COP,EOG,252,0.7149563579964866
2018-03-19,COP,EOG,252,0.7186571071439566
2018-03-20,COP,EOG,252,0.721249648859489
2018-03-21,COP,EOG,252,0.7269205931788384
2018-03-22,COP,EOG,252,0.7283002463609025
2018-03-23,COP,EOG,252,0.7299837226651039
2018-03-26,COP,EOG,252,0.7321731050054007
2018-03-27,COP,EOG,252,0.7341164617783007
2018-03-28,COP,EOG,252,0.7306312620664813
2018-03-29,COP,EOG,252,0.730312231612986
2018-04-02,COP,EOG,252,0.7787280273805717
2018-04-03,COP,EOG,252,0.7810604852747512
2018-04-04,COP,EOG,252,0.7811920837504884
2018-04-05,COP,EOG,252,0.7804311953095213
2018-04-06,COP,EOG,252,0.7823449239945865
2018-04-09,COP,EOG,252,0.7835045637698713
2018-04-10,COP,EOG,252,0.786329560041091
2018-04-11,COP,EOG,252,0.7865710722657837
2018-04-12,COP,EOG,252,0.7864609580967064
2018-04-13,COP,EOG,252,0.7866543616495858
2018-04-16,COP,EOG,252,0.7841555252655468
2018-04-17,COP,EOG,252,0.7836356819785522
2018-04-18,COP,EOG,252,0.7810578141965575
2018-04-19,COP,EOG,252,0.7786139577917143
2018-04-20,COP,EOG,252,0.7782466572041356
2018-04-23,COP,EOG,252,0.7773547162455998
2018-04-24,COP,EOG,252,0.7774043596814257
2018-04-25,COP,EOG,252,0.7752001381400775
2018-04-26,COP,EOG,252,0.7762927750643884
2018-04-27,COP,EOG,252,0.7728020092609745
2018-04-30,COP,EOG,252,0.7732882174198638
2018-05-01,COP,EOG,252,0.7726022681292476
2018-05-02,COP,EOG,252,0.7741137016758093
2018-05-03,COP,EOG,252,0.7732627183939649
2018-05-04,COP,EOG,252,0.7649127010217781
2018-05-07,COP,EOG,252,0.7634876385723346
2018-05-08,COP,EOG,252,0.7639555407155902
2018-05-09,COP,EOG,252,0.7668329752565867
2018-05-10,COP,EOG,252,0.7635490410659848
2018-05-11,COP,EOG,252,0.7609484418341614
2018-05-14,COP,EOG,252,0.7620626405642374
2018-05-15,COP,EOG,252,0.7626290854640844
2018-05-16,COP,EOG,252,0.7604556496227104
2018-05-17,COP,EOG,252,0.7560979979050033
2018-05-18,COP,EOG,252,0.7564125444592934
2018-05-21,COP,EOG,252,0.7550493110408585
2018-05-22,COP,EOG,252,0.7525024969319734
2018-05-23,COP,EOG,252,0.7524080184828068
2018-05-24,COP,EOG,252,0.7523491468868054
2018-05-25,COP,EOG,252,0.7507338148719332
2018-05-29,COP,EOG,252,0.74873433287462
2018-05-30,COP,EOG,252,0.7521220050471804
2018-05-31,COP,EOG,252,0.7536648305346374
2018-06-01,COP,EOG,252,0.7534451083315922
2018-06-04,COP,EOG,252,0.7524214116905895
2018-06-05,COP,EOG,252,0.751735750979435
2018-06-06,COP,EOG,252,0.7510897305911639
2018-06-07,COP,EOG,252,0.7494407419458038
2018-06-08,COP,EOG,252,0.750302365950299
2018-06-11,COP,EOG,252,0.7476000880689431
2018-06-12,COP,EOG,252,0.7481484511883505
2018-06-13,COP,EOG,252,0.7479548529289354
2018-06-14,COP,EOG,252,0.7448645391337612
2018-06-15,COP,EOG,252,0.752805954377271
2018-06-18,COP,EOG,252,0.7529743793496214
2018-06-19,COP,EOG,252,0.7521251392350851
2018-06-20,COP,EOG,252,0.7539033094780356
2018-06-21,COP,EOG,252,0.757220692055622
2018-06-22,COP,EOG,252,0.7570899928933283
2018-06-25,COP,EOG,252,0.7582200705364751
2018-06-26,COP,EOG,252,0.7596317054762074
2018-06-27,COP,EOG,252,0.7620301422043292
2018-06-28,COP,EOG,252,0.7632776119400804
2018-06-29,COP,EOG,252,0.7636329603296437
2018-07-02,COP,EOG,252,0.7655043444701847
2018-07-03,COP,EOG,252,0.7632025809396924
2018-07-05,COP,EOG,252,0.7583183485032163
2018-07-06,COP,EOG,252,0.756727058880261
2018-07-09,COP,EOG,252,0.7576577287279562
2018-07-10,COP,EOG,252,0.7581137189502527
2018-07-11,COP,EOG,252,0.7607361298191166
2018-07-12,COP,EOG,252,0.7566769983969086
2018-07-13,COP,EOG,252,0.7584741786521197
2018-07-16,COP,EOG,252,0.7587462279644898
2018-07-17,COP,EOG,252,0.759097405370893
2018-07-18,COP,EOG,252,0.7587988351141924
2018-07-19,COP,EOG,252,0.7597338738069292
2018-07-20,COP,EOG,252,0.759100609159786
2018-07-23,COP,EOG,252,0.758477117244566
2018-07-24,COP,EOG,252,0.7588373274238823
2018-07-25,COP,EOG,252,0.7569559251902305
2018-07-26,COP,EOG,252,0.7569847835380432
2018-07-27,COP,EOG,252,0.7559139744088464
2018-07-30,COP,EOG,252,0.7586423089228792
2018-07-31,COP,EOG,252,0.758721554967223
2018-08-01,COP,EOG,252,0.756255267193545
2018-08-02,COP,EOG,252,0.7694691063493116
2018-08-03,COP,EOG,252,0.7666446291412428
2018-08-06,COP,EOG,252,0.7657705032625103
2018-08-07,COP,EOG,252,0.7646415714544592
2018-08-08,COP,EOG,252,0.7655207504841015
2018-08-09,COP,EOG,252,0.7654667002429051
2018-08-10,COP,EOG,252,0.7643712878208849
2018-08-13,COP,EOG,252,0.7648886385446249
2018-08-14,COP,EOG,252,0.76528963773793
2018-08-15,COP,EOG,252,0.7823758052804842
2018-08-16,COP,EOG,252,0.778733635866324
2018-08-17,COP,EOG,252,0.7758599586051247
2018-08-20,COP,EOG,252,0.7754670054478937
2018-08-21,COP,EOG,252,0.7757700098638075
2018-08-22,COP,EOG,252,0.7766972506931497
2018-08-23,COP,EOG,252,0.7759940268008587
2018-08-24,COP,EOG,252,0.7759154737644068
2018-08-27,COP,EOG,252,0.7759058528252333
2018-08-28,COP,EOG,252,0.775249055795515
2018-08-29,COP,EOG,252,0.7745085959448664
2018-08-30,COP,EOG,252,0.7745115152189804
2018-08-31,COP,EOG,252,0.7751554594037939
2018-09-04,COP,EOG,252,0.7751551656243322
2018-09-05,COP,EOG,252,0.775033727377802
2018-09-06,COP,EOG,252,0.776359935280658
2018-09-07,COP,EOG,252,0.7769789924713767
2018-09-10,COP,EOG,252,0.7745918841286842
2018-09-11,COP,EOG,252,0.7733012462449532
2018-09-12,COP,EOG,252,0.7737637367972423
2018-09-13,COP,EOG,252,0.7736901324257391
2018-09-14,COP,EOG,252,0.7740296258570013
2018-09-17,COP,EOG,252,0.7723720238154502
2018-09-18,COP,EOG,252,0.7738314635452955
2018-09-19,COP,EOG,252,0.7743295375643442
2018-09-20,COP,EOG,252,0.7737994316643065
2018-09-21,COP,EOG,252,0.7740230015664755
2018-09-24,COP,EOG,252,0.7694992612694445
2018-09-25,COP,EOG,252,0.7689603721586725
2018-09-26,COP,EOG,252,0.7699328316443208
2018-09-27,COP,EOG,252,0.7692080197720225
2018-09-28,COP,EOG,252,0.7687099009278906
2018-10-01,COP,EOG,252,0.7688394099627924
2018-10-02,COP,EOG,252,0.7646236483487664
2018-10-03,COP,EOG,252,0.7652206767421257
2018-10-04,COP,EOG,252,0.7652496557334142
2018-10-05,COP,EOG,252,0.7651552463490078
2018-10-08,COP,EOG,252,0.765734641623856
2018-10-09,COP,EOG,252,0.766412994289176
2018-10-10,COP,EOG,252,0.7761604472933468
2018-10-11,COP,EOG,252,0.7805610831779484
2018-10-12,COP,EOG,252,0.7800821744340344
2018-10-15,COP,EOG,252,0.7792557440850704
2018-10-16,COP,EOG,252,0.7788205476027393
2018-10-17,COP,EOG,252,0.7801537378823027
2018-10-18,COP,EOG,252,0.7791599792250197
2018-10-19,COP,EOG,252,0.7794828962998978
2018-10-22,COP,EOG,252,0.779300689105028
2018-10-23,COP,EOG,252,0.7855309234517397
2018-10-24,COP,EOG,252,0.7954883118401337
2018-10-25,COP,EOG,252,0.7945971759717335
2018-10-26,COP,EOG,252,0.7956008614441356
2018-10-29,COP,EOG,252,0.796759438944152
2018-10-30,COP,EOG,252,0.7999765667899348
2018-10-31,COP,EOG,252,0.8002780896154504
2018-11-01,COP,EOG,252,0.7967625041677581
2018-11-02,COP,EOG,252,0.7981587834678174
2018-11-05,COP,EOG,252,0.797039647572425
2018-11-06,COP,EOG,252,0.7970181656369542
2018-11-07,COP,EOG,252,0.7966846620519483
2018-11-08,COP,EOG,252,0.8032643269464049
2018-11-09,COP,EOG,252,0.8028125049543083
2018-11-12,COP,EOG,252,0.8044441405265819
2018-11-13,COP,EOG,252,0.8062694940190611
2018-11-14,COP,EOG,252,0.8046605328934265
2018-11-15,COP,EOG,252,0.8037351743158164
2018-11-16,COP,EOG,252,0.8025880791886361
2018-11-19,COP,EOG,252,0.8027686209535966
2018-11-20,COP,EOG,252,0.8057531127418925
2018-11-21,COP,EOG,252,0.8069506543734942
2018-11-23,COP,EOG,252,0.807561826236164
2018-11-26,COP,EOG,252,0.8080646536524589
2018-11-27,COP,EOG,252,0.8062418274957743
2018-11-28,COP,EOG,252,0.8086238175125992
2018-11-29,COP,EOG,252,0.8083989630807243
2018-11-30,COP,EOG,252,0.8097635128440104
2018-12-03,COP,EOG,252,0.8145661192894454
2018-12-04,COP,EOG,252,0.8172979550819239
2018-12-06,COP,EOG,252,0.8167247799600289
2018-12-07,COP,EOG,252,0.812207223373519
2018-12-10,COP,EOG,252,0.8126804005807727
2018-12-11,COP,EOG,252,0.8132465429981786
2018-12-12,COP,EOG,252,0.8110388914851591
2018-12-13,COP,EOG,252,0.8091404279323534
2018-12-14,COP,EOG,252,0.8107094414124144
2018-12-17,COP,EOG,252,0.8127939925519355
2018-12-18,COP,EOG,252,0.8139659898875259
2018-12-19,COP,EOG,252,0.8147367335621987
2018-12-20,COP,EOG,252,0.8159065474306754
2018-12-21,COP,EOG,252,0.8126759461272552
2018-12-24,COP,EOG,252,0.8162637293966726
2018-12-26,COP,EOG,252,0.8283080946396798
2018-12-27,COP,EOG,252,0.8273177806370386
2018-12-28,COP,EOG,252,0.827364415901439
2018-12-31,COP,EOG,252,0.8269575733932286
2019-01-02,COP,EOG,252,0.8259404771054102
2019-01-03,COP,EOG,252,0.825264799041817
2019-01-04,COP,EOG,252,0.825442727189938
2019-01-07,COP,EOG,252,0.825236348326413
2019-01-08,COP,EOG,252,0.8263729666044297
2019-01-09,COP,EOG,252,0.8285426550106538
2019-01-10,COP,EOG,252,0.8275641740046175
2019-01-11,COP,EOG,252,0.8288672473012213
2019-01-14,COP,EOG,252,0.8233419072258918
2019-01-15,COP,EOG,252,0.8234882699694847
2019-01-16,COP,EOG,252,0.8223859671072374
2019-01-17,COP,EOG,252,0.8222896082595343
2019-01-18,COP,EOG,252,0.8228593300234613
2019-01-22,COP,EOG,252,0.8252043145518576
2019-01-23,COP,EOG,252,0.8247015699229578
2019-01-24,COP,EOG,252,0.8254794876864707
2019-01-25,COP,EOG,252,0.8259283557018033
2019-01-28,COP,EOG,252,0.8253314561620291
2019-01-29,COP,EOG,252,0.8254590811692293
2019-01-30,COP,EOG,252,0.8253692922984777
2019-01-31,COP,EOG,252,0.8208200813027963
2019-02-01,COP,EOG,252,0.8196699109039086
2019-02-04,COP,EOG,252,0.8191193517630163
2019-02-05,COP,EOG,252,0.8176005505169646
2019-02-06,COP,EOG,252,0.81462703350056
2019-02-07,COP,EOG,252,0.8164430282255141
2019-02-08,COP,EOG,252,0.8168792985333161
2019-02-11,COP,EOG,252,0.8125416552480409
2019-02-12,COP,EOG,252,0.81282180764204
2019-02-13,COP,EOG,252,0.8111597380425589
2019-02-14,COP,EOG,252,0.810073715599112
2019-02-15,COP,EOG,252,0.8063604396089011
2019-02-19,COP,EOG,252,0.8100786953614787
2019-02-20,COP,EOG,252,0.8070833681922016
2019-02-21,COP,EOG,252,0.8044604187860841
2019-02-22,COP,EOG,252,0.8033519450959345
2019-02-25,COP,EOG,252,0.8032759530774085
2019-02-26,COP,EOG,252,0.8042957588558657
2019-02-27,COP,EOG,252,0.8052857776984738
2019-02-28,COP,EOG,252,0.804684822780341
2019-03-01,COP,EOG,252,0.803871178591376
2019-03-04,COP,EOG,252,0.8037890576474821
2019-03-05,COP,EOG,252,0.8041749341948935
2019-03-06,COP,EOG,252,0.8026391260575866
2019-03-07,COP,EOG,252,0.8029760080721985
2019-03-08,COP,EOG,252,0.806796786942438
2019-03-11,COP,EOG,252,0.8067960588998909
2019-03-12,COP,EOG,252,0.8048727440922319
2019-03-13,COP,EOG,252,0.8060002322848979
2019-03-14,COP,EOG,252,0.8046482716021464
2019-03-15,COP,EOG,252,0.8033235909059014
2019-03-18,COP,EOG,252,0.7990264784040482
2019-03-19,COP,EOG,252,0.797309597071467
2019-03-20,COP,EOG,252,0.7930740019415725
2019-03-21,COP,EOG,252,0.7921480412669336
2019-03-22,COP,EOG,252,0.7918817002857994
2019-03-25,COP,EOG,252,0.7892283447743501
2019-03-26,COP,EOG,252,0.7897625933949969
2019-03-27,COP,EOG,252,0.7888335742914804
2019-03-28,COP,EOG,252,0.7881535886822342
2019-03-29,COP,EOG,252,0.7881975924939948
2019-04-01,COP,EOG,252,0.7885101682634859
2019-04-02,COP,EOG,252,0.7871270920653706
2019-04-03,COP,EOG,252,0.7868502104392843
2019-04-04,COP,EOG,252,0.7866636227016303
2019-04-05,COP,EOG,252,0.7839986998226433
2019-04-08,COP,EOG,252,0.7829657150449577
2019-04-09,COP,EOG,252,0.7828024842862562
2019-04-10,COP,EOG,252,0.7791583249202546
2019-04-11,COP,EOG,252,0.7781543072138821
2019-04-12,COP,EOG,252,0.771771674335215
2019-04-15,COP,EOG,252,0.7729098812863078
2019-04-16,COP,EOG,252,0.7731093258825975
2019-04-17,COP,EOG,252,0.7735527714204677
2019-04-18,COP,EOG,252,0.7735731897003355
2019-04-22,COP,EOG,252,0.7748308506220217
2019-04-23,COP,EOG,252,0.7751004200642938
2019-04-24,COP,EOG,252,0.7773360059988746
2019-04-25,COP,EOG,252,0.7777269921700841
2019-04-26,COP,EOG,252,0.7786937411251857
2019-04-29,COP,EOG,252,0.7779246932604283
2019-04-30,COP,EOG,252,0.779165379050456
2019-05-01,COP,EOG,252,0.7752630076705337
2019-05-02,COP,EOG,252,0.7770123918119213
2019-05-03,COP,EOG,252,0.7773937566280452
2019-05-06,COP,EOG,252,0.7780171925283625
2019-05-07,COP,EOG,252,0.7786811380852844
2019-05-08,COP,EOG,252,0.778225032620045
2019-05-09,COP,EOG,252,0.7778579385034126
2019-05-10,COP,EOG,252,0.7773710792740937
2019-05-13,COP,EOG,252,0.7775282166551755
2019-05-14,COP,EOG,252,0.7788897200760251
2019-05-15,COP,EOG,252,0.778951265396353
2019-05-16,COP,EOG,252,0.7789918092611788
2019-05-17,COP,EOG,252,0.7795795278793078
2019-05-20,COP,EOG,252,0.7807711588657216
2019-05-21,COP,EOG,252,0.7825965082407469
2019-05-22,COP,EOG,252,0.7816017285750889
2019-05-23,COP,EOG,252,0.7862571557281652
2019-05-24,COP,EOG,252,0.7839203987526131
2019-05-28,COP,EOG,252,0.7839742827907836
2019-05-29,COP,EOG,252,0.7859545158228266
2019-05-30,COP,EOG,252,0.7881659974348041
2019-05-31,COP,EOG,252,0.7838997130296699
2019-06-03,COP,EOG,252,0.7838333385874449
2019-06-04,COP,EOG,252,0.7819620814823907
2019-06-05,COP,EOG,252,0.7836333583202254
2019-06-06,COP,EOG,252,0.7850892111815747
2019-06-07,COP,EOG,252,0.785141707485451
2019-06-10,COP,EOG,252,0.7848052597590388
2019-06-11,COP,EOG,252,0.7821162910438318
2019-06-12,COP,EOG,252,0.7821880941946685
2019-06-13,COP,EOG,252,0.7842574016474637
2019-06-14,COP,EOG,252,0.7840968056258663
2019-06-17,COP,EOG,252,0.7852922798434233
2019-06-18,COP,EOG,252,0.7843593737185036
2019-06-19,COP,EOG,252,0.7831397346442208
2019-06-20,COP,EOG,252,0.7844745163926734
2019-06-21,COP,EOG,252,0.7823702533047879
2019-06-24,COP,EOG,252,0.779853503461576
2019-06-25,COP,EOG,252,0.7814914424562883
2019-06-26,COP,EOG,252,0.7833408990348089
2019-06-27,COP,EOG,252,0.7816348477225336
2019-06-28,COP,EOG,252,0.7791481282347728
2019-07-01,COP,EOG,252,0.7771227864775175
2019-07-02,COP,EOG,252,0.781025723511282
2019-07-03,COP,EOG,252,0.7800710450629174
2019-07-05,COP,EOG,252,0.7778302126471798
2019-07-08,COP,EOG,252,0.7779473799566515
2019-07-09,COP,EOG,252,0.7773355836695277
2019-07-10,COP,EOG,252,0.7775276891139364
2019-07-11,COP,EOG,252,0.7774393142551693
2019-07-12,COP,EOG,252,0.7768944786208222
2019-07-15,COP,EOG,252,0.7804903433928746
2019-07-16,COP,EOG,252,0.7807818813808429
2019-07-17,COP,EOG,252,0.7797524694552476
2019-07-18,COP,EOG,252,0.7797002231872633
2019-07-19,COP,EOG,252,0.7795549861493214
2019-07-22,COP,EOG,252,0.7794237210000081
2019-07-23,COP,EOG,252,0.7794953597863034
2019-07-24,COP,EOG,252,0.7794638655845942
2019-07-25,COP,EOG,252,0.779853898327217
2019-07-26,COP,EOG,252,0.7796819376932383
2019-07-29,COP,EOG,252,0.7794632853487221
2019-07-30,COP,EOG,252,0.7811703837526672
2019-07-31,COP,EOG,252,0.7809933198869641
2019-08-01,COP,EOG,252,0.7732751620637559
2019-08-02,COP,EOG,252,0.7580586040335645
2019-08-05,COP,EOG,252,0.7613574619374922
2019-08-06,COP,EOG,252,0.7629701137760428
2019-08-07,COP,EOG,252,0.7626619136156659
2019-08-08,COP,EOG,252,0.7660109662917514
2019-08-09,COP,EOG,252,0.7659863315091099
2019-08-12,COP,EOG,252,0.7668788330604023
2019-08-13,COP,EOG,252,0.766906978805176
2019-08-14,COP,EOG,252,0.7705474464352087
2019-08-15,COP,EOG,252,0.7688356453985127
2019-08-16,COP,EOG,252,0.7609089942846176
2019-08-19,COP,EOG,252,0.7620885790687671
2019-08-20,COP,EOG,252,0.763058459522637
2019-08-21,COP,EOG,252,0.7632614851101933
2019-08-22,COP,EOG,252,0.762864031444113
2019-08-23,COP,EOG,252,0.7660141229167937
2019-08-26,COP,EOG,252,0.7659197243746105
2019-08-27,COP,EOG,252,0.7657786261152427
2019-08-28,COP,EOG,252,0.7660887134146787
2019-08-29,COP,EOG,252,0.765602481231936
2019-08-30,COP,EOG,252,0.7661519416539463
2019-09-03,COP,EOG,252,0.7661186578086358
2019-09-04,COP,EOG,252,0.7670559057877004
2019-09-05,COP,EOG,252,0.7670364573290177
2019-09-06,COP,EOG,252,0.7670724022104886
2019-09-09,COP,EOG,252,0.7691014423531468
2019-09-10,COP,EOG,252,0.7668137513261887
2019-09-11,COP,EOG,252,0.7680052888414721
2019-09-12,COP,EOG,252,0.7686507169463093
2019-09-13,COP,EOG,252,0.7666311878772472
2019-09-16,COP,EOG,252,0.7787781044721066
2019-09-17,COP,EOG,252,0.7785696832976199
2019-09-18,COP,EOG,252,0.7771210027446992
2019-09-19,COP,EOG,252,0.7766928439677171
2019-09-20,COP,EOG,252,0.7747741199988565
2019-09-23,COP,EOG,252,0.7749810613521604
2019-09-24,COP,EOG,252,0.7757939763408568
2019-09-25,COP,EOG,252,0.7746800009725616
2019-09-26,COP,EOG,252,0.7747616649066917
2019-09-27,COP,EOG,252,0.7750114767433961
2019-09-30,COP,EOG,252,0.7751582738594326
2019-10-01,COP,EOG,252,0.7773742761997042
2019-10-02,COP,EOG,252,0.7780118270779645
2019-10-03,COP,EOG,252,0.7810287785197146
2019-10-04,COP,EOG,252,0.780886668111821
2019-10-07,COP,EOG,252,0.7757694357566532
2019-10-08,COP,EOG,252,0.77607759415754
2019-10-09,COP,EOG,252,0.7745957979298326
2019-10-10,COP,EOG,252,0.7736118020048383
2019-10-11,COP,EOG,252,0.7704006299412678
2019-10-14,COP,EOG,252,0.768055680818147
2019-10-15,COP,EOG,252,0.7672917864073909
2019-10-16,COP,EOG,252,0.7679056130374369
2019-10-17,COP,EOG,252,0.7671586498479649
2019-10-18,COP,EOG,252,0.7660608129359835
2019-10-21,COP,EOG,252,0.7705399483034133
2019-10-22,COP,EOG,252,0.770540426321736
2019-10-23,COP,EOG,252,0.7656273403479816
2019-10-24,COP,EOG,252,0.7621225642884012
2019-10-25,COP,EOG,252,0.7582771164498674
2019-10-28,COP,EOG,252,0.7609278861552551
2019-10-29,COP,EOG,252,0.7610485962264564
2019-10-30,COP,EOG,252,0.7626414012630586
2019-10-31,COP,EOG,252,0.7600663328905591
2019-11-01,COP,EOG,252,0.7616704504987385
2019-11-04,COP,EOG,252,0.763370225016222
2019-11-05,COP,EOG,252,0.7615347929183887
2019-11-06,COP,EOG,252,0.761203051533516
2019-11-07,COP,EOG,252,0.7642732125889032
2019-11-08,COP,EOG,252,0.7639554334884938
2019-11-11,COP,EOG,252,0.760950877943805
2019-11-12,COP,EOG,252,0.761260345493698
2019-11-13,COP,EOG,252,0.7596134204393564
2019-11-14,COP,EOG,252,0.7583389229350455
2019-11-15,COP,EOG,252,0.7593508925599797
2019-11-18,COP,EOG,252,0.7603429901198405
2019-11-19,COP,EOG,252,0.7586888038241812
2019-11-20,COP,EOG,252,0.7593999455028569
2019-11-21,COP,EOG,252,0.7580389449825077
2019-11-22,COP,EOG,252,0.7563344193765296
2019-11-25,COP,EOG,252,0.7541495321319793
2019-11-26,COP,EOG,252,0.7542569042549415
2019-11-27,COP,EOG,252,0.755106263643443
2019-11-29,COP,EOG,252,0.754286862307066
2019-12-02,COP,EOG,252,0.7538951538616666
2019-12-03,COP,EOG,252,0.7551315633677458
2019-12-04,COP,EOG,252,0.7532966627899882
2019-12-05,COP,EOG,252,0.7510946904957986
2019-12-06,COP,EOG,252,0.7552382296820862
2019-12-09,COP,EOG,252,0.757546408463249
2019-12-10,COP,EOG,252,0.7570277424004259
2019-12-11,COP,EOG,252,0.7569890961050018
2019-12-12,COP,EOG,252,0.7591996270969935
2019-12-13,COP,EOG,252,0.7604724235054381
2019-12-16,COP,EOG,252,0.7565368873529668
2019-12-17,COP,EOG,252,0.7552129012066172
2019-12-18,COP,EOG,252,0.751373677648639
2019-12-19,COP,EOG,252,0.7508775580220722
2019-12-20,COP,EOG,252,0.7494868062536706
2019-12-23,COP,EOG,252,0.7509760148888304
2019-12-24,COP,EOG,252,0.7449411434798022
2019-12-26,COP,EOG,252,0.7318130737686412
2019-12-27,COP,EOG,252,0.7326246028378646
2019-12-30,COP,EOG,252,0.732419134486837
2019-12-31,COP,EOG,252,0.7334171557897381
2020-01-02,COP,EOG,252,0.7327962929139707
2020-01-03,COP,EOG,252,0.7333121019896776
2020-01-06,COP,EOG,252,0.7300340460943802
2020-01-07,COP,EOG,252,0.7302621190601429
2020-01-08,COP,EOG,252,0.731242635813243
2020-01-09,COP,EOG,252,0.7278956698392122
2020-01-10,COP,EOG,252,0.730644262273502
2020-01-13,COP,EOG,252,0.7293488031840226
2020-01-14,COP,EOG,252,0.7328704707304383
2020-01-15,COP,EOG,252,0.7327532049102161
2020-01-16,COP,EOG,252,0.7330794434469283
2020-01-17,COP,EOG,252,0.7331614291183487
2020-01-21,COP,EOG,252,0.7330585349805226
2020-01-22,COP,EOG,252,0.7294089243592353
2020-01-23,COP,EOG,252,0.7284359818118334
2020-01-24,COP,EOG,252,0.7283513336515683
2020-01-27,COP,EOG,252,0.7303683898245903
2020-01-28,COP,EOG,252,0.7311945190531223
2020-01-29,COP,EOG,252,0.7319516550972056
2020-01-30,COP,EOG,252,0.732022060629344
2020-01-31,COP,EOG,252,0.7394869723754762
2020-02-03,COP,EOG,252,0.7404853125871551
2020-02-04,COP,EOG,252,0.7117957888432814
2020-02-05,COP,EOG,252,0.7171146427692829
2020-02-06,COP,EOG,252,0.7182113572098484
2020-02-07,COP,EOG,252,0.7160160351860504
2020-02-10,COP,EOG,252,0.7162140089710818
2020-02-11,COP,EOG,252,0.7166990662411775
2020-02-12,COP,EOG,252,0.7160722038237841
2020-02-13,COP,EOG,252,0.715159362410513
2020-02-14,COP,EOG,252,0.7163769325454029
2020-02-18,COP,EOG,252,0.7153713191856786
2020-02-19,COP,EOG,252,0.7165293418500286
2020-02-20,COP,EOG,252,0.7196964764152856
2020-02-21,COP,EOG,252,0.721352833259721
2020-02-24,COP,EOG,252,0.7268363586506802
2020-02-25,COP,EOG,252,0.7311545457324312
2020-02-26,COP,EOG,252,0.7384335651349478
2020-02-27,COP,EOG,252,0.7413550230627413
2020-02-28,COP,EOG,252,0.7440368475115984
2020-03-02,COP,EOG,252,0.740864927272742
2020-03-03,COP,EOG,252,0.7401493372862381
2020-03-04,COP,EOG,252,0.741560690269526
2020-03-05,COP,EOG,252,0.745053475497809
2020-03-06,COP,EOG,252,0.750712454638575
2020-03-09,COP,EOG,252,0.8695260903347053
2020-03-10,COP,EOG,252,0.8640690457257489
2020-03-11,COP,EOG,252,0.8661432122597257
2020-03-12,COP,EOG,252,0.8789353084221665
2020-03-13,COP,EOG,252,0.8767411622163426
2020-03-16,COP,EOG,252,0.8689423594811749
2020-03-17,COP,EOG,252,0.8699697836592845
2020-03-18,COP,EOG,252,0.8498442701085136
2020-03-19,COP,EOG,252,0.8564041876276633
2020-03-20,COP,EOG,252,0.857513326690944
2020-03-23,COP,EOG,252,0.8477135179863182
2020-03-24,COP,EOG,252,0.8506550459143261
2020-03-25,COP,EOG,252,0.8503063195919623
2020-03-26,COP,EOG,252,0.8483629959603974
2020-03-27,COP,EOG,252,0.8519227626183492
2020-03-30,COP,EOG,252,0.8510367239032839
2020-03-31,COP,EOG,252,0.8508019915532546
2020-04-01,COP,EOG,252,0.851399390420711
2020-04-02,COP,EOG,252,0.8553511127321777
2020-04-03,COP,EOG,252,0.8496070924983501
2020-04-06,COP,EOG,252,0.8506111165763287
2020-04-07,COP,EOG,252,0.8497756261307258
2020-04-08,COP,EOG,252,0.8520372042429706
2020-04-09,COP,EOG,252,0.8520493409230994
2020-04-13,COP,EOG,252,0.8518219981624365
2020-04-14,COP,EOG,252,0.8536139221883757
2020-04-15,COP,EOG,252,0.8543515775578645
2020-04-16,COP,EOG,252,0.8529750597567709
2020-04-17,COP,EOG,252,0.8593319830468908
2020-04-20,COP,EOG,252,0.8596845063591483
2020-04-21,COP,EOG,252,0.8591005098489409
2020-04-22,COP,EOG,252,0.8602778458167082
2020-04-23,COP,EOG,252,0.8603499692962585
2020-04-24,COP,EOG,252,0.8600838759322246
2020-04-27,COP,EOG,252,0.8606078142308476
2020-04-28,COP,EOG,252,0.860134400387779
2020-04-29,COP,EOG,252,0.8610323762613058
2020-04-30,COP,EOG,252,0.8621883806085943
2020-05-01,COP,EOG,252,0.8632739307848961
2020-05-04,COP,EOG,252,0.8634938448786164
2020-05-05,COP,EOG,252,0.862716609032851
2020-05-06,COP,EOG,252,0.8631604118828139
2020-05-07,COP,EOG,252,0.8642039602184169
2020-05-08,COP,EOG,252,0.8633855475402707
2020-05-11,COP,EOG,252,0.8633998648052954
2020-05-12,COP,EOG,252,0.8631274677519555
2020-05-13,COP,EOG,252,0.8633288594516939
2020-05-14,COP,EOG,252,0.8631824637024653
2020-05-15,COP,EOG,252,0.8627808052075244
2020-05-18,COP,EOG,252,0.8641626645391268
2020-05-19,COP,EOG,252,0.8642325884441301
2020-05-20,COP,EOG,252,0.8645247700071531
2020-05-21,COP,EOG,252,0.8647693043295331
2020-05-22,COP,EOG,252,0.8641932247383167
2020-05-26,COP,EOG,252,0.8642012886776653
2020-05-27,COP,EOG,252,0.8643969040460672
2020-05-28,COP,EOG,252,0.8643273737102762
2020-05-29,COP,EOG,252,0.8642251698547277
2020-06-01,COP,EOG,252,0.8648097091767015
2020-06-02,COP,EOG,252,0.8638521918169927
2020-06-03,COP,EOG,252,0.8642904291278308
2020-06-04,COP,EOG,252,0.8640920019174284
2020-06-05,COP,EOG,252,0.8656572805348286
2020-06-08,COP,EOG,252,0.8661085564709269
2020-06-09,COP,EOG,252,0.8664662741075904
2020-06-10,COP,EOG,252,0.8681270949546446
2020-06-11,COP,EOG,252,0.8702033656370145
2020-06-12,COP,EOG,252,0.8704216861672793
2020-06-15,COP,EOG,252,0.8705086807697656
2020-06-16,COP,EOG,252,0.8710141947764618
2020-06-17,COP,EOG,252,0.8712782960569473
2020-06-18,COP,EOG,252,0.8713680870334567
2020-06-19,COP,EOG,252,0.8713695120741711
2020-06-22,COP,EOG,252,0.8716115369385883
2020-06-23,COP,EOG,252,0.8720579876679028
2020-06-24,COP,EOG,252,0.8732867859827734
2020-06-25,COP,EOG,252,0.8732526594384632
2020-06-26,COP,EOG,252,0.8737865916172977
2020-06-29,COP,EOG,252,0.8741559178250492
2020-06-30,COP,EOG,252,0.8746436345948473
2020-07-01,COP,EOG,252,0.8744587969639341
2020-07-02,COP,EOG,252,0.8745275974125579
2020-07-06,COP,EOG,252,0.8751954468689521
2020-07-07,COP,EOG,252,0.8753847643253067
2020-07-08,COP,EOG,252,0.874965904476651
2020-07-09,COP,EOG,252,0.875979842842215
2020-07-10,COP,EOG,252,0.8761085639660828
2020-07-13,COP,EOG,252,0.8760529953205517
2020-07-14,COP,EOG,252,0.8764846944356068
2020-07-15,COP,EOG,252,0.8764408695739674
2020-07-16,COP,EOG,252,0.8765724684630284
2020-07-17,COP,EOG,252,0.876399311862
2020-07-20,COP,EOG,252,0.8757649194834615
2020-07-21,COP,EOG,252,0.876620569054467
2020-07-22,COP,EOG,252,0.8764763178878426
2020-07-23,COP,EOG,252,0.8763552671394056
2020-07-24,COP,EOG,252,0.8762188332862232
2020-07-27,COP,EOG,252,0.8762732328157153
2020-07-28,COP,EOG,252,0.876403116881402
2020-07-29,COP,EOG,252,0.8764283529601703
2020-07-30,COP,EOG,252,0.8765955885173451
2020-07-31,COP,EOG,252,0.8787247011617616
2020-08-03,COP,EOG,252,0.881950420416559
2020-08-04,COP,EOG,252,0.8817088517006796
2020-08-05,COP,EOG,252,0.8806946499975415
2020-08-06,COP,EOG,252,0.8807264084439783
2020-08-07,COP,EOG,252,0.8783337332271441
2020-08-10,COP,EOG,252,0.8786544506882071
2020-08-11,COP,EOG,252,0.8781556080180314
2020-08-12,COP,EOG,252,0.8753931976813405
2020-08-13,COP,EOG,252,0.8751220401995677
2020-08-14,COP,EOG,252,0.8753570711517232
2020-08-17,COP,EOG,252,0.8747414119665105
2020-08-18,COP,EOG,252,0.8748556855768204
2020-08-19,COP,EOG,252,0.8749321976184493
2020-08-20,COP,EOG,252,0.8751105323292062
2020-08-21,COP,EOG,252,0.8753013957741024
2020-08-24,COP,EOG,252,0.8751100866054844
2020-08-25,COP,EOG,252,0.8751788495569832
2020-08-26,COP,EOG,252,0.8752726958871673
2020-08-27,COP,EOG,252,0.8749675202519125
2020-08-28,COP,EOG,252,0.8749055729775195
2020-08-31,COP,EOG,252,0.8749371002023132
2020-09-01,COP,EOG,252,0.8746663150242845
2020-09-02,COP,EOG,252,0.8746084532095432
2020-09-03,COP,EOG,252,0.8746337199858215
2020-09-04,COP,EOG,252,0.8746514527945756
2020-09-08,COP,EOG,252,0.8753602190712916
2020-09-09,COP,EOG,252,0.8757477456630784
2020-09-10,COP,EOG,252,0.8747772131196697
2020-09-11,COP,EOG,252,0.8743869197920408
2020-09-14,COP,EOG,252,0.8747243131581764
2020-09-15,COP,EOG,252,0.872630642955314
2020-09-16,COP,EOG,252,0.8734783535462982
2020-09-17,COP,EOG,252,0.8736342910759298
2020-09-18,COP,EOG,252,0.8736444537333969
2020-09-21,COP,EOG,252,0.8745380229586844
2020-09-22,COP,EOG,252,0.8744808058198351
2020-09-23,COP,EOG,252,0.8748507510352707
2020-09-24,COP,EOG,252,0.8753346746776434
2020-09-25,COP,EOG,252,0.8750200619586224
2020-09-28,COP,EOG,252,0.8750403082671204
2020-09-29,COP,EOG,252,0.8753061117368129
2020-09-30,COP,EOG,252,0.8747383099823007
2020-10-01,COP,EOG,252,0.8745928700772602
2020-10-02,COP,EOG,252,0.8741718482620757
2020-10-05,COP,EOG,252,0.8745959992444277
2020-10-06,COP,EOG,252,0.8756302247421357
2020-10-07,COP,EOG,252,0.8756596204326749
2020-10-08,COP,EOG,252,0.8762227839127463
2020-10-09,COP,EOG,252,0.8762505272271466
2020-10-12,COP,EOG,252,0.8763092204029977
2020-10-13,COP,EOG,252,0.8754028168678513
2020-10-14,COP,EOG,252,0.875562513284697
2020-10-15,COP,EOG,252,0.8757143027942732
2020-10-16,COP,EOG,252,0.8758270407216893
2020-10-19,COP,EOG,252,0.8764694153790553
2020-10-20,COP,EOG,252,0.8760309007086338
2020-10-21,COP,EOG,252,0.8757521416981064
2020-10-22,COP,EOG,252,0.8775775673067169
2020-10-23,COP,EOG,252,0.8776605523642141
2020-10-26,COP,EOG,252,0.8787962818889505
2020-10-27,COP,EOG,252,0.8787481321178028
2020-10-28,COP,EOG,252,0.8794538996134458
2020-10-29,COP,EOG,252,0.8786606134736189
2020-10-30,COP,EOG,252,0.8780287171703073
2020-11-02,COP,EOG,252,0.8774509608842643
2020-11-03,COP,EOG,252,0.8769307240678259
2020-11-04,COP,EOG,252,0.8771599228439858
2020-11-05,COP,EOG,252,0.8773820092128352
2020-11-06,COP,EOG,252,0.8772501186377727
2020-11-09,COP,EOG,252,0.8821166521834591
2020-11-10,COP,EOG,252,0.8825288963280278
2020-11-11,COP,EOG,252,0.8825433936428143
2020-11-12,COP,EOG,252,0.8827703673261101
2020-11-13,COP,EOG,252,0.8831522269293547
2020-11-16,COP,EOG,252,0.8839041941556441
2020-11-17,COP,EOG,252,0.8836413161667666
2020-11-18,COP,EOG,252,0.8834744491568212
2020-11-19,COP,EOG,252,0.8834713566882691
2020-11-20,COP,EOG,252,0.8833825876740977
2020-11-23,COP,EOG,252,0.8845574563896745
2020-11-24,COP,EOG,252,0.8843172528168874
2020-11-25,COP,EOG,252,0.8843215508268505
2020-11-27,COP,EOG,252,0.8843631771827779
2020-11-30,COP,EOG,252,0.8858616440547423
2020-12-01,COP,EOG,252,0.8859324589251818
2020-12-02,COP,EOG,252,0.8858646081357306
2020-12-03,COP,EOG,252,0.8853398739645187
2020-12-04,COP,EOG,252,0.8864868440284182
2020-12-07,COP,EOG,252,0.8863295833304327
2020-12-08,COP,EOG,252,0.8862382968900826
2020-12-09,COP,EOG,252,0.8861029658628721
2020-12-10,COP,EOG,252,0.8863137373806431
2020-12-11,COP,EOG,252,0.8863183070646766
2020-12-14,COP,EOG,252,0.886711313438969
2020-12-15,COP,EOG,252,0.8873385512787851
2020-12-16,COP,EOG,252,0.8873130424455858
2020-12-17,COP,EOG,252,0.8879130406103686
2020-12-18,COP,EOG,252,0.8877471930310613
2020-12-21,COP,EOG,252,0.8877230099166278
2020-12-22,COP,EOG,252,0.8878049156411213
2020-12-23,COP,EOG,252,0.8879575279440363
2020-12-24,COP,EOG,252,0.8879887691868971
2020-12-28,COP,EOG,252,0.8879705378651457
2020-12-29,COP,EOG,252,0.8879742665502356
2020-12-30,COP,EOG,252,0.8880908028661034
2020-12-31,COP,EOG,252,0.8879520433560264
2021-01-04,COP,EOG,252,0.8878746441316918
2021-01-05,COP,EOG,252,0.8889501607139921
2021-01-06,COP,EOG,252,0.8888919392479815
2021-01-07,COP,EOG,252,0.8883029627893048
2021-01-08,COP,EOG,252,0.8882933689379688
2021-01-11,COP,EOG,252,0.8884043741933689
2021-01-12,COP,EOG,252,0.8888344073986789
2021-01-13,COP,EOG,252,0.888540926838711
2021-01-14,COP,EOG,252,0.8885197942700425
2021-01-15,COP,EOG,252,0.8889728848782098
2021-01-19,COP,EOG,252,0.8893537521749968
2021-01-20,COP,EOG,252,0.8892511157015628
2021-01-21,COP,EOG,252,0.8890217983350924
2021-01-22,COP,EOG,252,0.8891903286195367
2021-01-25,COP,EOG,252,0.8892810710668627
2021-01-26,COP,EOG,252,0.8892971860432488
2021-01-27,COP,EOG,252,0.887041050704006
2021-01-28,COP,EOG,252,0.8861384379987394
2021-01-29,COP,EOG,252,0.8859433947858436
2021-02-01,COP,EOG,252,0.8858511014768244
2021-02-02,COP,EOG,252,0.8859979921346033
2021-02-03,COP,EOG,252,0.8911845071142734
2021-02-04,COP,EOG,252,0.890892307127022
2021-02-05,COP,EOG,252,0.8904601161644778
2021-02-08,COP,EOG,252,0.8909962674970708
2021-02-09,COP,EOG,252,0.8906555761364463
2021-02-10,COP,EOG,252,0.8902146403463254
2021-02-11,COP,EOG,252,0.8902838495464013
2021-02-12,COP,EOG,252,0.8904577439841324
2021-02-16,COP,EOG,252,0.8906982591637224
2021-02-17,COP,EOG,252,0.8906969756257443
2021-02-18,COP,EOG,252,0.8910407233492066
2021-02-19,COP,EOG,252,0.8910210757204211
2021-02-22,COP,EOG,252,0.8916775588825012
2021-02-23,COP,EOG,252,0.8917310197661771
2021-02-24,COP,EOG,252,0.8918455524205869
2021-02-25,COP,EOG,252,0.8914148670415803
2021-02-26,COP,EOG,252,0.8885638405135313
2021-03-01,COP,EOG,252,0.8886963570709245
2021-03-02,COP,EOG,252,0.8891292525123581
2021-03-03,COP,EOG,252,0.8894287925904483
2021-03-04,COP,EOG,252,0.8892694668691838
2021-03-05,COP,EOG,252,0.8893594309036146
2021-03-08,COP,EOG,252,0.8905284043795697
2021-03-09,COP,EOG,252,0.8716098008101238
2021-03-10,COP,EOG,252,0.8766385248209334
2021-03-11,COP,EOG,252,0.875265808680026
2021-03-12,COP,EOG,252,0.8688483186198155
2021-03-15,COP,EOG,252,0.8682668614237593
2021-03-16,COP,EOG,252,0.8670194429489982
2021-03-17,COP,EOG,252,0.8662528145714207
2021-03-18,COP,EOG,252,0.8796660823014989
2021-03-19,COP,EOG,252,0.8748117251728001
2021-03-22,COP,EOG,252,0.8738264157074818
2021-03-23,COP,EOG,252,0.8802104855906572
2021-03-24,COP,EOG,252,0.8827552126137755
2021-03-25,COP,EOG,252,0.8828829153285067
2021-03-26,COP,EOG,252,0.8854663329913468
2021-03-29,COP,EOG,252,0.8825502305485621
2021-03-30,COP,EOG,252,0.8836332043573248
2021-03-31,COP,EOG,252,0.8844107058404884
2021-04-01,COP,EOG,252,0.8838103251397894
2021-04-05,COP,EOG,252,0.8830260425148333
2021-04-06,COP,EOG,252,0.8899527317926618
2021-04-07,COP,EOG,252,0.8895870805767607
2021-04-08,COP,EOG,252,0.89053709891241
2021-04-09,COP,EOG,252,0.8884774855616325
2021-04-12,COP,EOG,252,0.8886827224450278
2021-04-13,COP,EOG,252,0.8889625148891855
2021-04-14,COP,EOG,252,0.8897801622310975
2021-04-15,COP,EOG,252,0.8891806510841322
2021-04-16,COP,EOG,252,0.8907053924821258
2021-04-19,COP,EOG,252,0.8841743790562617
2021-04-20,COP,EOG,252,0.884623002327097
2021-04-21,COP,EOG,252,0.8845942345482772
2021-04-22,COP,EOG,252,0.8833699752815952
2021-04-23,COP,EOG,252,0.883353879880572
2021-04-26,COP,EOG,252,0.8837399771756913
2021-04-27,COP,EOG,252,0.8837110491886558
2021-04-28,COP,EOG,252,0.8854387441070006
2021-04-29,COP,EOG,252,0.8865115474374207
2021-04-30,COP,EOG,252,0.886778826177245
2021-05-03,COP,EOG,252,0.8856962439979531
2021-05-04,COP,EOG,252,0.8852003167523776
2021-05-05,COP,EOG,252,0.8848384928717453
2021-05-06,COP,EOG,252,0.8848713440026096
2021-05-07,COP,EOG,252,0.8816878006178102
2021-05-10,COP,EOG,252,0.8820201191589158
2021-05-11,COP,EOG,252,0.8821736702153306
2021-05-12,COP,EOG,252,0.8823906847425462
2021-05-13,COP,EOG,252,0.882397391913461
2021-05-14,COP,EOG,252,0.8831113008184216
2021-05-17,COP,EOG,252,0.8842655911511093
2021-05-18,COP,EOG,252,0.8824029713121655
2021-05-19,COP,EOG,252,0.8825707322265304
2021-05-20,COP,EOG,252,0.8820361288286446
2021-05-21,COP,EOG,252,0.8818262132761431
2021-05-24,COP,EOG,252,0.8818550532375944
2021-05-25,COP,EOG,252,0.8830950820579158
2021-05-26,COP,EOG,252,0.882922989850854
2021-05-27,COP,EOG,252,0.8832280615875081
2021-05-28,COP,EOG,252,0.88318184424477
2021-06-01,COP,EOG,252,0.8843656704973344
2021-06-02,COP,EOG,252,0.8855744831998121
2021-06-03,COP,EOG,252,0.8857538473309476
2021-06-04,COP,EOG,252,0.8857956669559371
2021-06-07,COP,EOG,252,0.8841653728434459
2021-06-08,COP,EOG,252,0.8834080624082981
2021-06-09,COP,EOG,252,0.8828302305789324
2021-06-10,COP,EOG,252,0.8809318092180413
2021-06-11,COP,EOG,252,0.8777425621845643
2021-06-14,COP,EOG,252,0.8774407016102023
2021-06-15,COP,EOG,252,0.8773456216079896
2021-06-16,COP,EOG,252,0.876394021507555
2021-06-17,COP,EOG,252,0.8767891491382248
2021-06-18,COP,EOG,252,0.8771371562288073
2021-06-21,COP,EOG,252,0.8785656692281206
2021-06-22,COP,EOG,252,0.8785290393996892
2021-06-23,COP,EOG,252,0.8784623457784504
2021-06-24,COP,EOG,252,0.876078209345964
2021-06-25,COP,EOG,252,0.8751143414620381
2021-06-28,COP,EOG,252,0.8745415468687626
2021-06-29,COP,EOG,252,0.8745598646755715
2021-06-30,COP,EOG,252,0.8737546606780988
2021-07-01,COP,EOG,252,0.8744504714231343
2021-07-02,COP,EOG,252,0.8747708296477661
2021-07-06,COP,EOG,252,0.8744833091702087
2021-07-07,COP,EOG,252,0.8746668338991879
2021-07-08,COP,EOG,252,0.8751818120249452
2021-07-09,COP,EOG,252,0.8727982877012004
2021-07-12,COP,EOG,252,0.8725626933386318
2021-07-13,COP,EOG,252,0.8727197789294318
2021-07-14,COP,EOG,252,0.8723998433562149
2021-07-15,COP,EOG,252,0.8723128271870332
2021-07-16,COP,EOG,252,0.8732099375468158
2021-07-19,COP,EOG,252,0.8744292714687124
2021-07-20,COP,EOG,252,0.8760190896199944
2021-07-21,COP,EOG,252,0.8750473552913374
2021-07-22,COP,EOG,252,0.8755055332624819
2021-07-23,COP,EOG,252,0.8757871343783133
2021-07-26,COP,EOG,252,0.8760444843975915
2021-07-27,COP,EOG,252,0.8760308052865023
2021-07-28,COP,EOG,252,0.8757202780226724
2021-07-29,COP,EOG,252,0.8754601100769378
2021-07-30,COP,EOG,252,0.8756016046987375
2021-08-02,COP,EOG,252,0.8760574665987076
2021-08-03,COP,EOG,252,0.8764453789489283
2021-08-04,COP,EOG,252,0.8769394595990023
2021-08-05,COP,EOG,252,0.8778257910333094
2021-08-06,COP,EOG,252,0.8777265048892613
2021-08-09,COP,EOG,252,0.8818407569697225
2021-08-10,COP,EOG,252,0.8797902671194359
2021-08-11,COP,EOG,252,0.8806116813128934
2021-08-12,COP,EOG,252,0.8872090510476471
2021-08-13,COP,EOG,252,0.8870297411659598
2021-08-16,COP,EOG,252,0.8873765753656776
2021-08-17,COP,EOG,252,0.8883489708044602
2021-08-18,COP,EOG,252,0.8882367406844127
2021-08-19,COP,EOG,252,0.888209081196137
2021-08-20,COP,EOG,252,0.8878466623759206
2021-08-23,COP,EOG,252,0.8885032114156503
2021-08-24,COP,EOG,252,0.8883880687655071
2021-08-25,COP,EOG,252,0.8882703030860809
2021-08-26,COP,EOG,252,0.8883525242137927
2021-08-27,COP,EOG,252,0.8891044827346506
2021-08-30,COP,EOG,252,0.8892218176149245
2021-08-31,COP,EOG,252,0.8886482750980118
2021-09-01,COP,EOG,252,0.8894507609135587
2021-09-02,COP,EOG,252,0.889363712398404
2021-09-03,COP,EOG,252,0.8892907255217966
2021-09-07,COP,EOG,252,0.8893436800822415
2021-09-08,COP,EOG,252,0.8879121296942075
2021-09-09,COP,EOG,252,0.8879869668660169
2021-09-10,COP,EOG,252,0.8884196485656642
2021-09-13,COP,EOG,252,0.8896761250319818
2021-09-14,COP,EOG,252,0.8899046115680089
2021-09-15,COP,EOG,252,0.8908075441224668
2021-09-16,COP,EOG,252,0.8897695197759625
2021-09-17,COP,EOG,252,0.8906279402355577
2021-09-20,COP,EOG,252,0.8912540229312471
2021-09-21,COP,EOG,252,0.8880438770279228
2021-09-22,COP,EOG,252,0.887768935407493
2021-09-23,COP,EOG,252,0.886823974623101
2021-09-24,COP,EOG,252,0.8872546361509096
2021-09-27,COP,EOG,252,0.887870262711605
2021-09-28,COP,EOG,252,0.8871710997465382
2021-09-29,COP,EOG,252,0.8865550423778473
2021-09-30,COP,EOG,252,0.8865186355920848
2021-10-01,COP,EOG,252,0.8872372742149139
2021-10-04,COP,EOG,252,0.888432858525062
2021-10-05,COP,EOG,252,0.8877285010074928
2021-10-06,COP,EOG,252,0.8881746453706693
2021-10-07,COP,EOG,252,0.8884285017041971
2021-10-08,COP,EOG,252,0.8895488760828522
2021-10-11,COP,EOG,252,0.8895423136766082
2021-10-12,COP,EOG,252,0.8893745628661679
2021-10-13,COP,EOG,252,0.8914841386963556
2021-10-14,COP,EOG,252,0.8916218735410228
2021-10-15,COP,EOG,252,0.891144137074618
2021-10-18,COP,EOG,252,0.8915955392306414
2021-10-19,COP,EOG,252,0.8910063458508627
2021-10-20,COP,EOG,252,0.8904173234555288
2021-10-21,COP,EOG,252,0.8925687220337464
2021-10-22,COP,EOG,252,0.8917106693150643
2021-10-25,COP,EOG,252,0.8916248828223283
2021-10-26,COP,EOG,252,0.8891821896186528
2021-10-27,COP,EOG,252,0.8892990732162049
2021-10-28,COP,EOG,252,0.8874194136237564
2021-10-29,COP,EOG,252,0.8887912250432434
2021-11-01,COP,EOG,252,0.890385075372812
2021-11-02,COP,EOG,252,0.8921072621501399
2021-11-03,COP,EOG,252,0.8938208778264423
2021-11-04,COP,EOG,252,0.8936298288104819
2021-11-05,COP,EOG,252,0.8938751443107895
2021-11-08,COP,EOG,252,0.8932175735624232
2021-11-09,COP,EOG,252,0.8822874030115984
2021-11-10,COP,EOG,252,0.8829399357188279
2021-11-11,COP,EOG,252,0.8819390174140276
2021-11-12,COP,EOG,252,0.8812071708484243
2021-11-15,COP,EOG,252,0.8790097754849167
2021-11-16,COP,EOG,252,0.8780110109341018
2021-11-17,COP,EOG,252,0.8786670963495512
2021-11-18,COP,EOG,252,0.8794670573148162
2021-11-19,COP,EOG,252,0.8807017676726644
2021-11-22,COP,EOG,252,0.8794045492953552
2021-11-23,COP,EOG,252,0.8742530669248678
2021-11-24,COP,EOG,252,0.873927173435538
2021-11-26,COP,EOG,252,0.8757605032606145
2021-11-29,COP,EOG,252,0.875345542062195
2021-11-30,COP,EOG,252,0.8692081312289016
2021-12-01,COP,EOG,252,0.8694029516888978
2021-12-02,COP,EOG,252,0.8683783266247389
2021-12-03,COP,EOG,252,0.8701977649025336
2021-12-06,COP,EOG,252,0.8649830347901811
2021-12-07,COP,EOG,252,0.8651177566559551
2021-12-08,COP,EOG,252,0.8657416662184867
2021-12-09,COP,EOG,252,0.8661685835153018
2021-12-10,COP,EOG,252,0.8654909683768727
2021-12-13,COP,EOG,252,0.8645713467778173
2021-12-14,COP,EOG,252,0.86392148336847
2021-12-15,COP,EOG,252,0.8638216332983264
2021-12-16,COP,EOG,252,0.8639155490601641
2021-12-17,COP,EOG,252,0.8629825533936824
2021-12-20,COP,EOG,252,0.8638892374229011
2021-12-21,COP,EOG,252,0.8641646387379156
2021-12-22,COP,EOG,252,0.863797082241814
2021-12-23,COP,EOG,252,0.8634553207238986
2021-12-27,COP,EOG,252,0.8642227270863734
2021-12-28,COP,EOG,252,0.8642140582363769
2021-12-29,COP,EOG,252,0.864197985853208
2021-12-30,COP,EOG,252,0.8637861601237187
2021-12-31,COP,EOG,252,0.864039038229159
2022-01-03,COP,EOG,252,0.8647976722206024
2022-01-04,COP,EOG,252,0.8628464783153365
2022-01-05,COP,EOG,252,0.8642321911271977
2022-01-06,COP,EOG,252,0.8641016670808921
2022-01-07,COP,EOG,252,0.8646421338644076
2022-01-10,COP,EOG,252,0.8644910260315808
2022-01-11,COP,EOG,252,0.863946985573378
2022-01-12,COP,EOG,252,0.8645917485286065
2022-01-13,COP,EOG,252,0.864282875963438
2022-01-14,COP,EOG,252,0.8634343184023232
2022-01-18,COP,EOG,252,0.8629206658856952
2022-01-19,COP,EOG,252,0.8632777423944693
2022-01-20,COP,EOG,252,0.8609451683999912
2022-01-21,COP,EOG,252,0.8617700712337745
2022-01-24,COP,EOG,252,0.8616432202588153
2022-01-25,COP,EOG,252,0.8622306463899548
2022-01-26,COP,EOG,252,0.8712563921811184
2022-01-27,COP,EOG,252,0.8745928964924339
2022-01-28,COP,EOG,252,0.8740531563974302
2022-01-31,COP,EOG,252,0.8727360543787984
2022-02-01,COP,EOG,252,0.8718749073000678
2022-02-02,COP,EOG,252,0.8692080330518822
2022-02-03,COP,EOG,252,0.8690278386559185
2022-02-04,COP,EOG,252,0.8708574315745427
2022-02-07,COP,EOG,252,0.8692204589344599
2022-02-08,COP,EOG,252,0.8709730213433532
2022-02-09,COP,EOG,252,0.8725711841035293
2022-02-10,COP,EOG,252,0.8723820670050826
2022-02-11,COP,EOG,252,0.87255528838594
2022-02-14,COP,EOG,252,0.8724709909103394
2022-02-15,COP,EOG,252,0.8730082582766793
2022-02-16,COP,EOG,252,0.8714128602928374
2022-02-17,COP,EOG,252,0.8715762628016102
2022-02-18,COP,EOG,252,0.8690325965060984
2022-02-22,COP,EOG,252,0.8689186151593448
2022-02-23,COP,EOG,252,0.8662448844631588
2022-02-24,COP,EOG,252,0.8656916507253067
2022-02-25,COP,EOG,252,0.8603493567014632
2022-02-28,COP,EOG,252,0.8612641207742116
2022-03-01,COP,EOG,252,0.8609626984184795
2022-03-02,COP,EOG,252,0.8600195063658159
2022-03-03,COP,EOG,252,0.859355146106463
2022-03-04,COP,EOG,252,0.8578062963492312
2022-03-07,COP,EOG,252,0.8580855631369019
2022-03-08,COP,EOG,252,0.8582569881819336
2022-03-09,COP,EOG,252,0.8591499518274417
2022-03-10,COP,EOG,252,0.8606816873342955
2022-03-11,COP,EOG,252,0.8609278667674118
2022-03-14,COP,EOG,252,0.859513180109496
2022-03-15,COP,EOG,252,0.859212008997631
2022-03-16,COP,EOG,252,0.8618650794885265
2022-03-17,COP,EOG,252,0.8594810945601852
2022-03-18,COP,EOG,252,0.8611989178260325
2022-03-21,COP,EOG,252,0.8622806904225938
2022-03-22,COP,EOG,252,0.8659588699154851
2022-03-23,COP,EOG,252,0.8654850430512401
2022-03-24,COP,EOG,252,0.8640946672670906
2022-03-25,COP,EOG,252,0.8642784029492856
2022-03-28,COP,EOG,252,0.8647799610079686
2022-03-29,COP,EOG,252,0.8621413354283552
2022-03-30,COP,EOG,252,0.8619648584049686
2022-03-31,COP,EOG,252,0.8623344278311675
2022-04-01,COP,EOG,252,0.8605059006808856
2022-04-04,COP,EOG,252,0.8603934419202223
2022-04-05,COP,EOG,252,0.8623217819138861
2022-04-06,COP,EOG,252,0.8617357496383761
2022-04-07,COP,EOG,252,0.8619131611115624
2022-04-08,COP,EOG,252,0.8628740369552816
2022-04-11,COP,EOG,252,0.8651117837512003
2022-04-12,COP,EOG,252,0.8640811445574748
2022-04-13,COP,EOG,252,0.8638741421885013
2022-04-14,COP,EOG,252,0.8628097187349446
2022-04-18,COP,EOG,252,0.8625591712918635
2022-04-19,COP,EOG,252,0.8610075500086557
2022-04-20,COP,EOG,252,0.8628744321007894
2022-04-21,COP,EOG,252,0.8629662799955313
2022-04-22,COP,EOG,252,0.8639958455461929
2022-04-25,COP,EOG,252,0.8653352645231529
2022-04-26,COP,EOG,252,0.8649088854255199
2022-04-27,COP,EOG,252,0.8635856445129667
2022-04-28,COP,EOG,252,0.8656650247664253
2022-04-29,COP,EOG,252,0.8643018656847633
2022-05-02,COP,EOG,252,0.8632637579774538
2022-05-03,COP,EOG,252,0.8643988519384241
2022-05-04,COP,EOG,252,0.8674348583442513
2022-05-05,COP,EOG,252,0.8675972010469305
2022-05-06,COP,EOG,252,0.8751655386790651
2022-05-09,COP,EOG,252,0.8870692998902221
2022-05-10,COP,EOG,252,0.8864516500935113
2022-05-11,COP,EOG,252,0.8866578096575297
2022-05-12,COP,EOG,252,0.8858337801836041
2022-05-13,COP,EOG,252,0.8855380095996079
2022-05-16,COP,EOG,252,0.8846059039214628
2022-05-17,COP,EOG,252,0.8841624470338488
2022-05-18,COP,EOG,252,0.8839212821726933
2022-05-19,COP,EOG,252,0.8838173794157173
2022-05-20,COP,EOG,252,0.8841039366102401
2022-05-23,COP,EOG,252,0.8854145439294009
2022-05-24,COP,EOG,252,0.8850693868998885
2022-05-25,COP,EOG,252,0.8848579226991743
2022-05-26,COP,EOG,252,0.8845448008535435
2022-05-27,COP,EOG,252,0.8844695316875363
2022-05-31,COP,EOG,252,0.8812183501471449
2022-06-01,COP,EOG,252,0.8813435561846431
2022-06-02,COP,EOG,252,0.881515184963448
2022-06-03,COP,EOG,252,0.8817324302404617
2022-06-06,COP,EOG,252,0.881823734800743
2022-06-07,COP,EOG,252,0.8824194059497256
2022-06-08,COP,EOG,252,0.8820442665778093
2022-06-09,COP,EOG,252,0.8824912332965188
2022-06-10,COP,EOG,252,0.880234211061359
2022-06-13,COP,EOG,252,0.8812411642120267
2022-06-14,COP,EOG,252,0.8811898254318241
2022-06-15,COP,EOG,252,0.8818104652979398
2022-06-16,COP,EOG,252,0.8838337865610797
2022-06-17,COP,EOG,252,0.8856022497056597
2022-06-21,COP,EOG,252,0.885657003421938
2022-06-22,COP,EOG,252,0.8883933658086893
2022-06-23,COP,EOG,252,0.8878580702165753
2022-06-24,COP,EOG,252,0.8885462051299444
2022-06-27,COP,EOG,252,0.8898807311051907
2022-06-28,COP,EOG,252,0.8908540483662062
2022-06-29,COP,EOG,252,0.8920718642280077
2022-06-30,COP,EOG,252,0.8930443897812609
2022-07-01,COP,EOG,252,0.8925620987611534
2022-07-05,COP,EOG,252,0.8950067242145743
2022-07-06,COP,EOG,252,0.8945931245913019
2022-07-07,COP,EOG,252,0.8951126586942104
2022-07-08,COP,EOG,252,0.895915264785166
2022-07-11,COP,EOG,252,0.896424205853419
2022-07-12,COP,EOG,252,0.8971936906579371
2022-07-13,COP,EOG,252,0.8971283309717244
2022-07-14,COP,EOG,252,0.8962417759308889
2022-07-15,COP,EOG,252,0.8966504005123297
2022-07-18,COP,EOG,252,0.8963386316902215
2022-07-19,COP,EOG,252,0.8965766942723093
2022-07-20,COP,EOG,252,0.8965675684758964
2022-07-21,COP,EOG,252,0.8962248632994119
2022-07-22,COP,EOG,252,0.8958176324879855
2022-07-25,COP,EOG,252,0.8966702687676037
2022-07-26,COP,EOG,252,0.8965263953385968
2022-07-27,COP,EOG,252,0.8963980154115512
2022-07-28,COP,EOG,252,0.8957144417153866
2022-07-29,COP,EOG,252,0.8963614165805426
2022-08-01,COP,EOG,252,0.8968233700442128
2022-08-02,COP,EOG,252,0.8967027823609136
2022-08-03,COP,EOG,252,0.8971721368755428
2022-08-04,COP,EOG,252,0.8959542462207357
2022-08-05,COP,EOG,252,0.8952412160142323
2022-08-08,COP,EOG,252,0.8952556217941939
2022-08-09,COP,EOG,252,0.8947233766004552
2022-08-10,COP,EOG,252,0.8968410864989061
2022-08-11,COP,EOG,252,0.8976454591928666
2022-08-12,COP,EOG,252,0.8972040640388603
2022-08-15,COP,EOG,252,0.8971098406812773
2022-08-16,COP,EOG,252,0.896620409728751
2022-08-17,COP,EOG,252,0.8967685862516208
2022-08-18,COP,EOG,252,0.8975207386698582
2022-08-19,COP,EOG,252,0.8972888140227714
2022-08-22,COP,EOG,252,0.8973117096685269
2022-08-23,COP,EOG,252,0.8966954806223528
2022-08-24,COP,EOG,252,0.8967700099749186
2022-08-25,COP,EOG,252,0.8969023299706866
2022-08-26,COP,EOG,252,0.8966109192759262
2022-08-29,COP,EOG,252,0.8961925178761759
2022-08-30,COP,EOG,252,0.8975692734921948
2022-08-31,COP,EOG,252,0.8980882517685222
2022-09-01,COP,EOG,252,0.898151550701344
2022-09-02,COP,EOG,252,0.8980328815468855
2022-09-06,COP,EOG,252,0.8980249570986365
2022-09-07,COP,EOG,252,0.8982175244373723
2022-09-08,COP,EOG,252,0.8982154706160282
2022-09-09,COP,EOG,252,0.8988332060126705
2022-09-12,COP,EOG,252,0.8991300189055359
2022-09-13,COP,EOG,252,0.8988042205186177
2022-09-14,COP,EOG,252,0.8996194483525256
2022-09-15,COP,EOG,252,0.9011206743172802
2022-09-16,COP,EOG,252,0.9013154921086102
2022-09-19,COP,EOG,252,0.9015277538835801
2022-09-20,COP,EOG,252,0.9008026720051296
2022-09-21,COP,EOG,252,0.9031891308000665
2022-09-22,COP,EOG,252,0.9029760777208544
2022-09-23,COP,EOG,252,0.9062921569680079
2022-09-26,COP,EOG,252,0.9054634077641084
2022-09-27,COP,EOG,252,0.9056245769158361
2022-09-28,COP,EOG,252,0.9079804067772805
2022-09-29,COP,EOG,252,0.9080553851062969
2022-09-30,COP,EOG,252,0.9093530094757
2022-10-03,COP,EOG,252,0.9111675069916024
2022-10-04,COP,EOG,252,0.9118177880367151
2022-10-05,COP,EOG,252,0.9118180103494555
2022-10-06,COP,EOG,252,0.9119479291874554
2022-10-07,COP,EOG,252,0.9118028135893161
2022-10-10,COP,EOG,252,0.9105365812750443
2022-10-11,COP,EOG,252,0.9107582666877773
2022-10-12,COP,EOG,252,0.9109148648090624
2022-10-13,COP,EOG,252,0.9102239227144856
2022-10-14,COP,EOG,252,0.9111482586105328
2022-10-17,COP,EOG,252,0.9116124846194699
2022-10-18,COP,EOG,252,0.9096304061078212
2022-10-19,COP,EOG,252,0.9092733127292538
2022-10-20,COP,EOG,252,0.9102770364763063
2022-10-21,COP,EOG,252,0.910245352591202
2022-10-24,COP,EOG,252,0.910072915877817
2022-10-25,COP,EOG,252,0.9102110076014729
2022-10-26,COP,EOG,252,0.910318362266596
2022-10-27,COP,EOG,252,0.9102044123156899
2022-10-28,COP,EOG,252,0.9099994716559999
2022-10-31,COP,EOG,252,0.9077246964747107
2022-11-01,COP,EOG,252,0.9074115880167717
2022-11-02,COP,EOG,252,0.9078735820799583
2022-11-03,COP,EOG,252,0.9054708492283425
2022-11-04,COP,EOG,252,0.9018316164881849
2022-11-07,COP,EOG,252,0.9019280499829888
2022-11-08,COP,EOG,252,0.9013221402453702
2022-11-09,COP,EOG,252,0.9031873583070548
2022-11-10,COP,EOG,252,0.9025487108443938
2022-11-11,COP,EOG,252,0.9039365041711475
2022-11-14,COP,EOG,252,0.9039738112928837
2022-11-15,COP,EOG,252,0.9050952481787106
2022-11-16,COP,EOG,252,0.9056060136064435
2022-11-17,COP,EOG,252,0.9055860952067671
2022-11-18,COP,EOG,252,0.9064201117563261
2022-11-21,COP,EOG,252,0.9048047718638913
2022-11-22,COP,EOG,252,0.9061003400851027
2022-11-23,COP,EOG,252,0.9071898836124989
2022-11-25,COP,EOG,252,0.9071235664258472
2022-11-28,COP,EOG,252,0.9059237103022377
2022-11-29,COP,EOG,252,0.9038129377313214
2022-11-30,COP,EOG,252,0.9036868509629616
2022-12-01,COP,EOG,252,0.9035330307392722
2022-12-02,COP,EOG,252,0.9040110421514646
2022-12-05,COP,EOG,252,0.9042435688647371
2022-12-06,COP,EOG,252,0.9045213638697287
2022-12-07,COP,EOG,252,0.9043322771752165
2022-12-08,COP,EOG,252,0.9042995066744144
2022-12-09,COP,EOG,252,0.9046271280281594
2022-12-12,COP,EOG,252,0.9047282790746608
2022-12-13,COP,EOG,252,0.9048839455401606
2022-12-14,COP,EOG,252,0.9048179196817908
2022-12-15,COP,EOG,252,0.9047080546888304
2022-12-16,COP,EOG,252,0.904323779986667
2022-12-19,COP,EOG,252,0.9046606706977983
2022-12-20,COP,EOG,252,0.9043724654352012
2022-12-21,COP,EOG,252,0.9042596245364679
2022-12-22,COP,EOG,252,0.9047649285151915
2022-12-23,COP,EOG,252,0.9051661705359991
2022-12-27,COP,EOG,252,0.9050175297026559
2022-12-28,COP,EOG,252,0.905471663748298
2022-12-29,COP,EOG,252,0.9054877272837613
2022-12-30,COP,EOG,252,0.9053672794689335
2023-01-03,COP,EOG,252,0.9062693472300583
2023-01-04,COP,EOG,252,0.9060518092451222
2023-01-05,COP,EOG,252,0.9030798750835679
2023-01-06,COP,EOG,252,0.9026780009307717
2023-01-09,COP,EOG,252,0.9028060201920041
2023-01-10,COP,EOG,252,0.9023550895800866
2023-01-11,COP,EOG,252,0.9023225870627667
2023-01-12,COP,EOG,252,0.901804326320079
2023-01-13,COP,EOG,252,0.9014771332116067
2023-01-17,COP,EOG,252,0.9011126829507629
2023-01-18,COP,EOG,252,0.900533788323659
2023-01-19,COP,EOG,252,0.9005450866016668
2023-01-20,COP,EOG,252,0.900504452894738
2023-01-23,COP,EOG,252,0.8988163166905101
2023-01-24,COP,EOG,252,0.8984815919809837
2023-01-25,COP,EOG,252,0.8983082676238834
2023-01-26,COP,EOG,252,0.8974781603602858
2023-01-27,COP,EOG,252,0.897639890997757
2023-01-30,COP,EOG,252,0.8977322317701737
2023-01-31,COP,EOG,252,0.8975585540493178
2023-02-01,COP,EOG,252,0.8996683404226348
2023-02-02,COP,EOG,252,0.8974248008272498
2023-02-03,COP,EOG,252,0.895705466453193
2023-02-06,COP,EOG,252,0.8957010967079658
2023-02-07,COP,EOG,252,0.8960837548578786
2023-02-08,COP,EOG,252,0.895257496272097
2023-02-09,COP,EOG,252,0.8952139171050525
2023-02-10,COP,EOG,252,0.8962757462982145
2023-02-13,COP,EOG,252,0.8959524135334606
2023-02-14,COP,EOG,252,0.8955625399921963
2023-02-15,COP,EOG,252,0.894964545703482
2023-02-16,COP,EOG,252,0.8951120997332617
2023-02-17,COP,EOG,252,0.8959161443735061
2023-02-21,COP,EOG,252,0.8958897792782831
2023-02-22,COP,EOG,252,0.8960788165077059
2023-02-23,COP,EOG,252,0.8959490244679494
2023-02-24,COP,EOG,252,0.8919718560973654
2023-02-27,COP,EOG,252,0.8920111229423623
2023-02-28,COP,EOG,252,0.9023667824116419
2023-03-01,COP,EOG,252,0.9030213208080123
2023-03-02,COP,EOG,252,0.9032874919339307
2023-03-03,COP,EOG,252,0.9033852019471568
2023-03-06,COP,EOG,252,0.9028108229199003
2023-03-07,COP,EOG,252,0.9028759122187446
2023-03-08,COP,EOG,252,0.9028342991398323
2023-03-09,COP,EOG,252,0.9026139659228785
2023-03-10,COP,EOG,252,0.9022659269917321
2023-03-13,COP,EOG,252,0.9021805742085921
2023-03-14,COP,EOG,252,0.9023055284931436
2023-03-15,COP,EOG,252,0.9053361643228874
2023-03-16,COP,EOG,252,0.9047372742876612
2023-03-17,COP,EOG,252,0.9048767252245228
2023-03-20,COP,EOG,252,0.9041516922678653
2023-03-21,COP,EOG,252,0.9060661318671085
2023-03-22,COP,EOG,252,0.9063070404208591
2023-03-23,COP,EOG,252,0.9060281358521148
2023-03-24,COP,EOG,252,0.9050390486531548
2023-03-27,COP,EOG,252,0.9064130699994575
2023-03-28,COP,EOG,252,0.9059931094563133
2023-03-29,COP,EOG,252,0.9058314846906002
2023-03-30,COP,EOG,252,0.9070349651871858
2023-03-31,COP,EOG,252,0.9068161367797322
2023-04-03,COP,EOG,252,0.9065788188553819
2023-04-04,COP,EOG,252,0.906658625874714
2023-04-05,COP,EOG,252,0.9066209246148571
2023-04-06,COP,EOG,252,0.9062877328205422
2023-04-10,COP,EOG,252,0.9062506973996683
2023-04-11,COP,EOG,252,0.9061616032854931
2023-04-12,COP,EOG,252,0.9063151991310605
2023-04-13,COP,EOG,252,0.9047529427344895
2023-04-14,COP,EOG,252,0.90441815578054
2023-04-17,COP,EOG,252,0.9035449691758732
2023-04-18,COP,EOG,252,0.9040829825736774
2023-04-19,COP,EOG,252,0.9047240672804392
2023-04-20,COP,EOG,252,0.9045004138503313
2023-04-21,COP,EOG,252,0.9044328023442437
2023-04-24,COP,EOG,252,0.9044665509023387
2023-04-25,COP,EOG,252,0.9041611053092341
2023-04-26,COP,EOG,252,0.9033890128488585
2023-04-27,COP,EOG,252,0.9033174495379641
2023-04-28,COP,EOG,252,0.9031530363161885
2023-05-01,COP,EOG,252,0.9021860398078051
2023-05-02,COP,EOG,252,0.9027158675216296
2023-05-03,COP,EOG,252,0.9018375646326516
2023-05-04,COP,EOG,252,0.9010628530569108
2023-05-05,COP,EOG,252,0.9012595950204041
2023-05-08,COP,EOG,252,0.9011788352489629
2023-05-09,COP,EOG,252,0.900274361074981
2023-05-10,COP,EOG,252,0.893787967511051
2023-05-11,COP,EOG,252,0.8936744219474755
2023-05-12,COP,EOG,252,0.8935825158669861
2023-05-15,COP,EOG,252,0.8939575304933592
2023-05-16,COP,EOG,252,0.8935337608230869
2023-05-17,COP,EOG,252,0.8941306837291758
2023-05-18,COP,EOG,252,0.8938565978437091
2023-05-19,COP,EOG,252,0.8939864229697817
2023-05-22,COP,EOG,252,0.8930744525999131
2023-05-23,COP,EOG,252,0.8929388734335905
2023-05-24,COP,EOG,252,0.892052770056863
2023-05-25,COP,EOG,252,0.8924312537358694
2023-05-26,COP,EOG,252,0.8925608971376037
2023-05-30,COP,EOG,252,0.8928857678636662
2023-05-31,COP,EOG,252,0.893046269270507
2023-06-01,COP,EOG,252,0.8941512062004772
2023-06-02,COP,EOG,252,0.8944510434793019
2023-06-05,COP,EOG,252,0.8944779855047856
2023-06-06,COP,EOG,252,0.8938219193421317
2023-06-07,COP,EOG,252,0.894336197690503
2023-06-08,COP,EOG,252,0.8937362003555074
2023-06-09,COP,EOG,252,0.8936787462435083
2023-06-12,COP,EOG,252,0.8932921613294711
2023-06-13,COP,EOG,252,0.8944176806664378
2023-06-14,COP,EOG,252,0.8952717722814607
2023-06-15,COP,EOG,252,0.8953713697998132
2023-06-16,COP,EOG,252,0.8951364100876468
2023-06-20,COP,EOG,252,0.8929370916081578
2023-06-21,COP,EOG,252,0.889882108083032
2023-06-22,COP,EOG,252,0.8882526582480821
2023-06-23,COP,EOG,252,0.8855226661479231
2023-06-26,COP,EOG,252,0.8857881805667583
2023-06-27,COP,EOG,252,0.8850263342677686
2023-06-28,COP,EOG,252,0.8848812964683473
2023-06-29,COP,EOG,252,0.8837275814937937
2023-06-30,COP,EOG,252,0.8821435373328061
2023-07-03,COP,EOG,252,0.8818062993625506
2023-07-05,COP,EOG,252,0.8817262607493624
2023-07-06,COP,EOG,252,0.8776545250467243
2023-07-07,COP,EOG,252,0.8792302442316421
2023-07-10,COP,EOG,252,0.8773718326336674
2023-07-11,COP,EOG,252,0.8781829256201602
2023-07-12,COP,EOG,252,0.8783425635191339
2023-07-13,COP,EOG,252,0.8780726646860786
2023-07-14,COP,EOG,252,0.8785010071841038
2023-07-17,COP,EOG,252,0.8787162706844247
2023-07-18,COP,EOG,252,0.8787283004898123
2023-07-19,COP,EOG,252,0.8780020303944247
2023-07-20,COP,EOG,252,0.8763368910293133
2023-07-21,COP,EOG,252,0.8761603661650796
2023-07-24,COP,EOG,252,0.875881124340575
2023-07-25,COP,EOG,252,0.8764734729770272
2023-07-26,COP,EOG,252,0.8748389945382649
2023-07-27,COP,EOG,252,0.8747148899978644
2023-07-28,COP,EOG,252,0.8742364139454107
2023-07-31,COP,EOG,252,0.8752863326794595
2023-08-01,COP,EOG,252,0.8741801009232282
2023-08-02,COP,EOG,252,0.8737726167052053
2023-08-03,COP,EOG,252,0.8726324710319776
2023-08-04,COP,EOG,252,0.8715341634172208
2023-08-07,COP,EOG,252,0.8703581771999883
2023-08-08,COP,EOG,252,0.8726690893828942
2023-08-09,COP,EOG,252,0.8724939244993529
2023-08-10,COP,EOG,252,0.8725138215487073
2023-08-11,COP,EOG,252,0.8724544425636361
2023-08-14,COP,EOG,252,0.8706355892417399
2023-08-15,COP,EOG,252,0.8715444830913266
2023-08-16,COP,EOG,252,0.8712851281621777
2023-08-17,COP,EOG,252,0.8713276409238617
2023-08-18,COP,EOG,252,0.8712165923188061
2023-08-21,COP,EOG,252,0.8700613686462256
2023-08-22,COP,EOG,252,0.8702320293580219
2023-08-23,COP,EOG,252,0.8702440687872925
2023-08-24,COP,EOG,252,0.8689710675153887
2023-08-25,COP,EOG,252,0.8687592123526752
2023-08-28,COP,EOG,252,0.8685500601797557
2023-08-29,COP,EOG,252,0.8686412959088032
2023-08-30,COP,EOG,252,0.8681945729597003
2023-08-31,COP,EOG,252,0.8675124117180367
2023-09-01,COP,EOG,252,0.8678208968545821
2023-09-05,COP,EOG,252,0.8669518473095325
2023-09-06,COP,EOG,252,0.8662909008864137
2023-09-07,COP,EOG,252,0.8663622666913428
2023-09-08,COP,EOG,252,0.8661610645296488
2023-09-11,COP,EOG,252,0.8665501883546836
2023-09-12,COP,EOG,252,0.8657677368269368
2023-09-13,COP,EOG,252,0.8652826750057433
2023-09-14,COP,EOG,252,0.8651813398196977
2023-09-15,COP,EOG,252,0.8627553855203034
2023-09-18,COP,EOG,252,0.8624480249640847
2023-09-19,COP,EOG,252,0.8625962822073038
2023-09-20,COP,EOG,252,0.8628134150951231
2023-09-21,COP,EOG,252,0.8631380493657167
2023-09-22,COP,EOG,252,0.8630332244216399
2023-09-25,COP,EOG,252,0.8636139334100297
2023-09-26,COP,EOG,252,0.8535080706484198
2023-09-27,COP,EOG,252,0.8553455558263243
2023-09-28,COP,EOG,252,0.8555721432123765
2023-09-29,COP,EOG,252,0.8520781554629069
2023-10-02,COP,EOG,252,0.8528922604702471
2023-10-03,COP,EOG,252,0.8527134329348923
2023-10-04,COP,EOG,252,0.8477258252295072
2023-10-05,COP,EOG,252,0.8445203043572214
2023-10-06,COP,EOG,252,0.8450374888391948
2023-10-09,COP,EOG,252,0.8490734867853851
2023-10-10,COP,EOG,252,0.8491575171281377
2023-10-11,COP,EOG,252,0.8491325774056223
2023-10-12,COP,EOG,252,0.8491298707092666
2023-10-13,COP,EOG,252,0.8505174207893504
2023-10-16,COP,EOG,252,0.8505100998527394
2023-10-17,COP,EOG,252,0.847873738988604
2023-10-18,COP,EOG,252,0.8479901975513955
2023-10-19,COP,EOG,252,0.851517592533087
2023-10-20,COP,EOG,252,0.8519593184386207
2023-10-23,COP,EOG,252,0.8519515443669348
2023-10-24,COP,EOG,252,0.8514036399042116
2023-10-25,COP,EOG,252,0.8515430613147739
2023-10-26,COP,EOG,252,0.8520028339768272
2023-10-27,COP,EOG,252,0.8511117938449023
2023-10-30,COP,EOG,252,0.8508703993900623
2023-10-31,COP,EOG,252,0.8513233615470727
2023-11-01,COP,EOG,252,0.8556801034895488
2023-11-02,COP,EOG,252,0.8584573120915526
2023-11-03,COP,EOG,252,0.8576232196319209
2023-11-06,COP,EOG,252,0.8618285844822978
2023-11-07,COP,EOG,252,0.8697165663133535
2023-11-08,COP,EOG,252,0.8691808630217549
2023-11-09,COP,EOG,252,0.8708468033852672
2023-11-10,COP,EOG,252,0.86604198370107
2023-11-13,COP,EOG,252,0.8660932294707002
2023-11-14,COP,EOG,252,0.8634814397433493
2023-11-15,COP,EOG,252,0.8629602494741073
2023-11-16,COP,EOG,252,0.8632857697752888
2023-11-17,COP,EOG,252,0.863387172942514
2023-11-20,COP,EOG,252,0.8635936529408678
2023-11-21,COP,EOG,252,0.8628260798972444
2023-11-22,COP,EOG,252,0.8637320181291213
2023-11-24,COP,EOG,252,0.862166944910788
2023-11-27,COP,EOG,252,0.8627376325482197
2023-11-28,COP,EOG,252,0.8626911676802946
2023-11-29,COP,EOG,252,0.8625616998608314
2023-11-30,COP,EOG,252,0.8654383807850344
2023-12-01,COP,EOG,252,0.8657488265696123
2023-12-04,COP,EOG,252,0.8658871051468298
2023-12-05,COP,EOG,252,0.8659023696165892
2023-12-06,COP,EOG,252,0.8657589738943245
2023-12-07,COP,EOG,252,0.8635183598948878
2023-12-08,COP,EOG,252,0.8635071531919244
2023-12-11,COP,EOG,252,0.8633971726640415
2023-12-12,COP,EOG,252,0.8627018843549248
2023-12-13,COP,EOG,252,0.8623556189220961
2023-12-14,COP,EOG,252,0.8637660409278359
2023-12-15,COP,EOG,252,0.8639008234736686
2023-12-18,COP,EOG,252,0.8639044382140083
2023-12-19,COP,EOG,252,0.8644420515565806
2023-12-20,COP,EOG,252,0.8639034144849949
2023-12-21,COP,EOG,252,0.8643246106282629
2023-12-22,COP,EOG,252,0.8631360520161094
2023-12-26,COP,EOG,252,0.8619376674213818
2023-12-27,COP,EOG,252,0.8599713858456266
2023-12-28,COP,EOG,252,0.8602267195921883
2023-12-29,COP,EOG,252,0.8589448499440672
2024-01-02,COP,EOG,252,0.8586124861079348
2024-01-03,COP,EOG,252,0.8593209609388448
2024-01-04,COP,EOG,252,0.858099599946112
2024-01-05,COP,EOG,252,0.8579779521752825
2024-01-08,COP,EOG,252,0.8631913194829159
2024-01-09,COP,EOG,252,0.8637441812888937
2024-01-10,COP,EOG,252,0.8643375950858124
2024-01-11,COP,EOG,252,0.8645971924269434
2024-01-12,COP,EOG,252,0.8649334404176047
2024-01-16,COP,EOG,252,0.865981260182647
2024-01-17,COP,EOG,252,0.8669093140426748
2024-01-18,COP,EOG,252,0.8681843036690456
2024-01-19,COP,EOG,252,0.8677837315858051
2024-01-22,COP,EOG,252,0.8679777174154549
2024-01-23,COP,EOG,252,0.8678904070666695
2024-01-24,COP,EOG,252,0.8717444815192178
2024-01-25,COP,EOG,252,0.8723699109534885
2024-01-26,COP,EOG,252,0.8734780138000946
2024-01-29,COP,EOG,252,0.8726615631477751
2024-01-30,COP,EOG,252,0.8728745053818509
2024-01-31,COP,EOG,252,0.8729921419723533
2024-02-01,COP,EOG,252,0.8733829855256331
2024-02-02,COP,EOG,252,0.871157968971167
2024-02-05,COP,EOG,252,0.8771969203662682
2024-02-06,COP,EOG,252,0.882180414336967
2024-02-07,COP,EOG,252,0.882175662181859
2024-02-08,COP,EOG,252,0.8806212484208592
2024-02-09,COP,EOG,252,0.882900759827077
2024-02-12,COP,EOG,252,0.8812460108521856
2024-02-13,COP,EOG,252,0.8778434860809007
2024-02-14,COP,EOG,252,0.8788370344239091
2024-02-15,COP,EOG,252,0.8794120935398765
2024-02-16,COP,EOG,252,0.8799962046446437
2024-02-20,COP,EOG,252,0.878717564871203
2024-02-21,COP,EOG,252,0.8772266780673438
2024-02-22,COP,EOG,252,0.876976098802763
2024-02-23,COP,EOG,252,0.8712615211977265
2024-02-26,COP,EOG,252,0.8707500112898313
2024-02-27,COP,EOG,252,0.8772015385427548
2024-02-28,COP,EOG,252,0.8771709628565677
2024-02-29,COP,EOG,252,0.877153048916614
2024-03-01,COP,EOG,252,0.8766680971070651
2024-03-04,COP,EOG,252,0.8732194535399233
2024-03-05,COP,EOG,252,0.873003929823784
2024-03-06,COP,EOG,252,0.8744484568303222
2024-03-07,COP,EOG,252,0.8738173545710199
2024-03-08,COP,EOG,252,0.8736633151445965
2024-03-11,COP,EOG,252,0.8742151575337013
2024-03-12,COP,EOG,252,0.8739565150445513
2024-03-13,COP,EOG,252,0.8726700045536459
2024-03-14,COP,EOG,252,0.8726385504482144
2024-03-15,COP,EOG,252,0.864183564530809
2024-03-18,COP,EOG,252,0.8651803552879966
2024-03-19,COP,EOG,252,0.8645393661281952
2024-03-20,COP,EOG,252,0.86330956755193
2024-03-21,COP,EOG,252,0.8609205132878117
2024-03-22,COP,EOG,252,0.8609931868493018
2024-03-25,COP,EOG,252,0.8621111368000853
2024-03-26,COP,EOG,252,0.863851522842149
2024-03-27,COP,EOG,252,0.8629496595151495
2024-03-28,COP,EOG,252,0.8625971027635184
2024-04-01,COP,EOG,252,0.8620753424756176
2024-04-02,COP,EOG,252,0.8638044381967058
2024-04-03,COP,EOG,252,0.8645643245567406
2024-04-04,COP,EOG,252,0.8620443353492429
2024-04-05,COP,EOG,252,0.8620131499447714
2024-04-08,COP,EOG,252,0.8621510813939827
2024-04-09,COP,EOG,252,0.8608483809315961
2024-04-10,COP,EOG,252,0.8619094858908167
2024-04-11,COP,EOG,252,0.861623905748911
2024-04-12,COP,EOG,252,0.8620982981685816
2024-04-15,COP,EOG,252,0.8640074099117582
2024-04-16,COP,EOG,252,0.8636780544863205
2024-04-17,COP,EOG,252,0.8666939068843746
2024-04-18,COP,EOG,252,0.8668908556649534
2024-04-19,COP,EOG,252,0.867267005698848
2024-04-22,COP,EOG,252,0.8676901668114556
2024-04-23,COP,EOG,252,0.8678653804525108
2024-04-24,COP,EOG,252,0.866520387993972
2024-04-25,COP,EOG,252,0.8652842850270939
2024-04-26,COP,EOG,252,0.8654802200308138
2024-04-29,COP,EOG,252,0.8655810224927943
2024-04-30,COP,EOG,252,0.8679258186070699
2024-05-01,COP,EOG,252,0.8681656133827069
2024-05-02,COP,EOG,252,0.8564744512527149
2024-05-03,COP,EOG,252,0.858740730248213
2024-05-06,COP,EOG,252,0.8592349322178762
2024-05-07,COP,EOG,252,0.8577160272548446
2024-05-08,COP,EOG,252,0.8578450526004276
2024-05-09,COP,EOG,252,0.8588777059085242
2024-05-10,COP,EOG,252,0.8585246626959296
2024-05-13,COP,EOG,252,0.8587592899443881
2024-05-14,COP,EOG,252,0.8586601223017069
2024-05-15,COP,EOG,252,0.8587308335119112
2024-05-16,COP,EOG,252,0.8574549576150015
2024-05-17,COP,EOG,252,0.856066916892974
2024-05-20,COP,EOG,252,0.856647030864197
2024-05-21,COP,EOG,252,0.8557023731750536
2024-05-22,COP,EOG,252,0.8604508987615346
2024-05-23,COP,EOG,252,0.860193048154161
2024-05-24,COP,EOG,252,0.86026375751262
2024-05-28,COP,EOG,252,0.8591877114596942
2024-05-29,COP,EOG,252,0.862055754089419
2024-05-30,COP,EOG,252,0.8593515438504937
2024-05-31,COP,EOG,252,0.8595223189603528
2024-06-03,COP,EOG,252,0.8603951542454797
2024-06-04,COP,EOG,252,0.8559854332566342
2024-06-05,COP,EOG,252,0.8557874269204145
2024-06-06,COP,EOG,252,0.8564011440009387
2024-06-07,COP,EOG,252,0.8539345512856752
2024-06-10,COP,EOG,252,0.8542997776651734
2024-06-11,COP,EOG,252,0.8547799490483129
2024-06-12,COP,EOG,252,0.8549361887052179
2024-06-13,COP,EOG,252,0.8576550362355266
2024-06-14,COP,EOG,252,0.8580026229665424
2024-06-17,COP,EOG,252,0.8577322320309552
2024-06-18,COP,EOG,252,0.8576665895057737
2024-06-20,COP,EOG,252,0.8564459838963172
2024-06-21,COP,EOG,252,0.8574805517743231
2024-06-24,COP,EOG,252,0.8575185570469729
2024-06-25,COP,EOG,252,0.857089210454968
2024-06-26,COP,EOG,252,0.8576351205575613
2024-06-27,COP,EOG,252,0.8574858676718954
2024-06-28,COP,EOG,252,0.8563701495098822
2024-07-01,COP,EOG,252,0.8567748048109991
2024-07-02,COP,EOG,252,0.8569232010612603
2024-07-03,COP,EOG,252,0.8568286061475917
2024-07-05,COP,EOG,252,0.8573686927308483
2024-07-08,COP,EOG,252,0.8580841859292949
2024-07-09,COP,EOG,252,0.8546803489498558
2024-07-10,COP,EOG,252,0.8562424523536897
2024-07-11,COP,EOG,252,0.8540719961352994
2024-07-12,COP,EOG,252,0.8514779052495488
2024-07-15,COP,EOG,252,0.8507394668013959
2024-07-16,COP,EOG,252,0.8474604990034038
2024-07-17,COP,EOG,252,0.8476514321895879
2024-07-18,COP,EOG,252,0.8460325160446999
2024-07-19,COP,EOG,252,0.8483548355951366
2024-07-22,COP,EOG,252,0.8502834791492607
2024-07-23,COP,EOG,252,0.8507012913720147
2024-07-24,COP,EOG,252,0.850316261610264
2024-07-25,COP,EOG,252,0.8476593435513209
2024-07-26,COP,EOG,252,0.8474988359072029
2024-07-29,COP,EOG,252,0.8483649568606121
2024-07-30,COP,EOG,252,0.8499475606145621
2024-07-31,COP,EOG,252,0.8490575077551593
2024-08-01,COP,EOG,252,0.851367586526941
2024-08-02,COP,EOG,252,0.8460455805916346
2024-08-05,COP,EOG,252,0.847297414234595
2024-08-06,COP,EOG,252,0.8434876007453826
2024-08-07,COP,EOG,252,0.8487021928014756
2024-08-08,COP,EOG,252,0.8477913564060896
2024-08-09,COP,EOG,252,0.8479775668372638
2024-08-12,COP,EOG,252,0.8493895758604334
2024-08-13,COP,EOG,252,0.8503135330860584
2024-08-14,COP,EOG,252,0.850003216565007
2024-08-15,COP,EOG,252,0.8496341238640935
2024-08-16,COP,EOG,252,0.8496475737327263
2024-08-19,COP,EOG,252,0.8499814029833381
2024-08-20,COP,EOG,252,0.850878898884173
2024-08-21,COP,EOG,252,0.8509040487613295
2024-08-22,COP,EOG,252,0.8506717728487478
2024-08-23,COP,EOG,252,0.8511640250851246
2024-08-26,COP,EOG,252,0.8538308724127586
2024-08-27,COP,EOG,252,0.8539016018053366
2024-08-28,COP,EOG,252,0.8540861692005517
2024-08-29,COP,EOG,252,0.8536001272471183
2024-08-30,COP,EOG,252,0.8544871067012954
2024-09-03,COP,EOG,252,0.8585325408429844
2024-09-04,COP,EOG,252,0.8579331114768386
2024-09-05,COP,EOG,252,0.8590194228165964
2024-09-06,COP,EOG,252,0.859391522839311
2024-09-09,COP,EOG,252,0.8588176497472082
2024-09-10,COP,EOG,252,0.8590262751677631
2024-09-11,COP,EOG,252,0.8581405299242432
2024-09-12,COP,EOG,252,0.8565888202417393
2024-09-13,COP,EOG,252,0.8565974172603943
2024-09-16,COP,EOG,252,0.8572806990400311
2024-09-17,COP,EOG,252,0.8569775823855926
2024-09-18,COP,EOG,252,0.8576888359352308
2024-09-19,COP,EOG,252,0.8571564138981556
2024-09-20,COP,EOG,252,0.8554218042024461
2024-09-23,COP,EOG,252,0.8526705276992999
2024-09-24,COP,EOG,252,0.8521003173827032
2024-09-25,COP,EOG,252,0.8535648442550037
2024-09-26,COP,EOG,252,0.8593546003377851
2024-09-27,COP,EOG,252,0.8586394037693509
2024-09-30,COP,EOG,252,0.8586538874521927
2024-10-01,COP,EOG,252,0.8602826007273667
2024-10-02,COP,EOG,252,0.8590105637863918
2024-10-03,COP,EOG,252,0.8599090194705065
2024-10-04,COP,EOG,252,0.8566106141411166
2024-10-07,COP,EOG,252,0.8569790967859189
2024-10-08,COP,EOG,252,0.8587558725511367
2024-10-09,COP,EOG,252,0.8503757897066774
2024-10-10,COP,EOG,252,0.8509268962057343
2024-10-11,COP,EOG,252,0.8496879764753372
2024-10-14,COP,EOG,252,0.8495982811751294
2024-10-15,COP,EOG,252,0.8497074591712449
2024-10-16,COP,EOG,252,0.8497014909073731
2024-10-17,COP,EOG,252,0.8495766989727349
2024-10-18,COP,EOG,252,0.8492964833534895
2024-10-21,COP,EOG,252,0.8496140729190454
2024-10-22,COP,EOG,252,0.8481974161233213
2024-10-23,COP,EOG,252,0.8482919476621104
2024-10-24,COP,EOG,252,0.8478448105186697
2024-10-25,COP,EOG,252,0.8467250217427221
2024-10-28,COP,EOG,252,0.8463210975660063
2024-10-29,COP,EOG,252,0.8474806415562436
2024-10-30,COP,EOG,252,0.8476483697278512
2024-10-31,COP,EOG,252,0.8279614018972293
2024-11-01,COP,EOG,252,0.8271585054640355
2024-11-04,COP,EOG,252,0.8223260205051648
2024-11-05,COP,EOG,252,0.8229308564279554
2024-11-06,COP,EOG,252,0.828357226969319
2024-11-07,COP,EOG,252,0.8254827299385337
2024-11-08,COP,EOG,252,0.7970889283651735
2024-11-11,COP,EOG,252,0.7958326108765541
2024-11-12,COP,EOG,252,0.7940446222198624
2024-11-13,COP,EOG,252,0.7943558854669779
2024-11-14,COP,EOG,252,0.7959826668982121
2024-11-15,COP,EOG,252,0.7970038748845547
2024-11-18,COP,EOG,252,0.7959468539771103
2024-11-19,COP,EOG,252,0.7936055145401617
2024-11-20,COP,EOG,252,0.7933221737662848
2024-11-21,COP,EOG,252,0.7934018627405863
2024-11-22,COP,EOG,252,0.7931875696190555
2024-11-25,COP,EOG,252,0.7973269370108371
2024-11-26,COP,EOG,252,0.7972734577100989
2024-11-27,COP,EOG,252,0.7973592016444296
2024-11-29,COP,EOG,252,0.796936041809894
2024-12-02,COP,EOG,252,0.8001377345195744
2024-12-03,COP,EOG,252,0.800356442571275
2024-12-04,COP,EOG,252,0.8015907430669709
2024-12-05,COP,EOG,252,0.8011013993145194
2024-12-06,COP,EOG,252,0.8001015256570924
2024-12-09,COP,EOG,252,0.8020996158499344
2024-12-10,COP,EOG,252,0.8024765855201818
2024-12-11,COP,EOG,252,0.8018708832262362
2024-12-12,COP,EOG,252,0.801738585296266
2024-12-13,COP,EOG,252,0.8015674119127386
2024-12-16,COP,EOG,252,0.7992246577494221
2024-12-17,COP,EOG,252,0.7997938362636187
2024-12-18,COP,EOG,252,0.8028007826133079
2024-12-19,COP,EOG,252,0.8028341461619677
2024-12-20,COP,EOG,252,0.8035774911735623
2024-12-23,COP,EOG,252,0.8037331127564832
2024-12-24,COP,EOG,252,0.8037280545127956
2024-12-26,COP,EOG,252,0.8030884329056183
2024-12-27,COP,EOG,252,0.8031752052875858
2024-12-30,COP,EOG,252,0.8021194669663357
2024-12-31,COP,EOG,252,0.8032281432783147
2025-01-02,COP,EOG,252,0.8037190113799967
2025-01-03,COP,EOG,252,0.8024313915001078
2025-01-06,COP,EOG,252,0.7982925460445434
2025-01-07,COP,EOG,252,0.798734439382105
2025-01-08,COP,EOG,252,0.7970237843481742
2025-01-10,COP,EOG,252,0.7934971669627983
2025-01-13,COP,EOG,252,0.7951497701311987
2025-01-14,COP,EOG,252,0.7953301004062637
2025-01-15,COP,EOG,252,0.7952837371832031
2025-01-16,COP,EOG,252,0.7919895673866609
2025-01-17,COP,EOG,252,0.79113402898395
2025-01-21,COP,EOG,252,0.7904832261134259
2025-01-22,COP,EOG,252,0.7917910820974685
2025-01-23,COP,EOG,252,0.7909020625922615
2025-01-24,COP,EOG,252,0.7923465957929187
2025-01-27,COP,EOG,252,0.7908557078871443
2025-01-28,COP,EOG,252,0.7894325335995448
2025-01-29,COP,EOG,252,0.789418674694103
2025-01-30,COP,EOG,252,0.789212215409604
2025-01-31,COP,EOG,252,0.7913818846206688
2025-02-03,COP,EOG,252,0.7892049659768227
2025-02-04,COP,EOG,252,0.7900298000117029
2025-02-05,COP,EOG,252,0.7904238798286469
2025-02-06,COP,EOG,252,0.7901928473235857
2025-02-07,COP,EOG,252,0.7879005425713961
2025-02-10,COP,EOG,252,0.7863316606196349
2025-02-11,COP,EOG,252,0.7873217015921766
2025-02-12,COP,EOG,252,0.7891776593756052
2025-02-13,COP,EOG,252,0.7891384891544667
2025-02-14,COP,EOG,252,0.7885521845433142
2025-02-18,COP,EOG,252,0.7893481096495386
2025-02-19,COP,EOG,252,0.7911208170324437
2025-02-20,COP,EOG,252,0.7897598339329724
2025-02-21,COP,EOG,252,0.7901302329859455
2025-02-24,COP,EOG,252,0.7865822494941195
2025-02-25,COP,EOG,252,0.7880694624722382
2025-02-26,COP,EOG,252,0.7973626570927342
2025-02-27,COP,EOG,252,0.7975763601228548
2025-02-28,COP,EOG,252,0.7819878081311366
2025-03-03,COP,EOG,252,0.7950996737372302
2025-03-04,COP,EOG,252,0.7859749806359072
2025-03-05,COP,EOG,252,0.783523698705589
2025-03-06,COP,EOG,252,0.7856548080000624
2025-03-07,COP,EOG,252,0.7881307898920061
2025-03-10,COP,EOG,252,0.7858778925551929
2025-03-11,COP,EOG,252,0.7740758728050234
2025-03-12,COP,EOG,252,0.7692217541637264
2025-03-13,COP,EOG,252,0.7684649883617688
2025-03-14,COP,EOG,252,0.7710796829278789
2025-03-17,COP,EOG,252,0.7696933435189011
2025-03-18,COP,EOG,252,0.76611931322338
2025-03-19,COP,EOG,252,0.7668410222086691
2025-03-20,COP,EOG,252,0.7650726360122029
2025-03-21,COP,EOG,252,0.7639609577637645
2025-03-24,COP,EOG,252,0.7615739209531102
2025-03-25,COP,EOG,252,0.7611342767064317
2025-03-26,COP,EOG,252,0.7613652061294922
2025-03-27,COP,EOG,252,0.7578142973620703
2025-03-28,COP,EOG,252,0.7585354700193582
2025-03-31,COP,EOG,252,0.7588336983992078
2025-04-01,COP,EOG,252,0.7590452052256359
2025-04-02,COP,EOG,252,0.7585499940918307
2025-04-03,COP,EOG,252,0.7875066356325899
2025-04-04,COP,EOG,252,0.8099750686863664
2025-04-07,COP,EOG,252,0.8097518874565269
2025-04-08,COP,EOG,252,0.8122165234445315
2025-04-09,COP,EOG,252,0.8314935874125102
2025-04-10,COP,EOG,252,0.8470613848429064
2025-04-11,COP,EOG,252,0.8493592134059209
2025-04-14,COP,EOG,252,0.8490767413921315
2025-04-15,COP,EOG,252,0.8487260943757314
2025-04-16,COP,EOG,252,0.8488640582726488
2025-04-17,COP,EOG,252,0.8501336778301768
2025-04-21,COP,EOG,252,0.8504321975783566
2025-04-22,COP,EOG,252,0.8512604879759795
2025-04-23,COP,EOG,252,0.851036083254313
2025-04-24,COP,EOG,252,0.8517481988428487
2025-04-25,COP,EOG,252,0.8516681232366643
2025-04-28,COP,EOG,252,0.8523243678041846
2025-04-29,COP,EOG,252,0.8528238679265274
2025-04-30,COP,EOG,252,0.8537919272874931
2025-05-01,COP,EOG,252,0.8541520967041927
2025-05-02,COP,EOG,252,0.8512174198679967
2025-05-05,COP,EOG,252,0.8513599383270553
2025-05-06,COP,EOG,252,0.8559427112692555
2025-05-07,COP,EOG,252,0.8565916591619901
2025-05-08,COP,EOG,252,0.8569842458863731
2025-05-09,COP,EOG,252,0.8558951985337812
2025-05-12,COP,EOG,252,0.8570004703593926
2025-05-13,COP,EOG,252,0.8576593624337167
2025-05-14,COP,EOG,252,0.8577018760438541
2025-05-15,COP,EOG,252,0.8577570133995649
2025-05-16,COP,EOG,252,0.8578389672705766
2025-05-19,COP,EOG,252,0.8580573764904563
2025-05-20,COP,EOG,252,0.857995844852011
2025-05-21,COP,EOG,252,0.8570133224888095
2025-05-22,COP,EOG,252,0.8571003372704957
2025-05-23,COP,EOG,252,0.8571814401651171
2025-05-27,COP,EOG,252,0.8567766500658734
2025-05-28,COP,EOG,252,0.8576012229440939
2025-05-29,COP,EOG,252,0.856192415282428
2025-05-30,COP,EOG,252,0.8554876214025418
2025-06-02,COP,EOG,252,0.8542209316516414
2025-06-03,COP,EOG,252,0.8557186107956285
2025-06-04,COP,EOG,252,0.8556428008331998
2025-06-05,COP,EOG,252,0.8562518467332724
2025-06-06,COP,EOG,252,0.8578252496343263
2025-06-09,COP,EOG,252,0.8577246067898784
2025-06-10,COP,EOG,252,0.8596018805642825
2025-06-11,COP,EOG,252,0.8603959266698719
2025-06-12,COP,EOG,252,0.8600251254928258
2025-06-13,COP,EOG,252,0.8599241924027055
2025-06-16,COP,EOG,252,0.8602620608553769
2025-06-17,COP,EOG,252,0.8600605903755341
2025-06-18,COP,EOG,252,0.8598461044137249
2025-06-20,COP,EOG,252,0.8600776456306574
2025-06-23,COP,EOG,252,0.8613732011455107
2025-06-24,COP,EOG,252,0.8607403305855772
2025-06-25,COP,EOG,252,0.8606954998423011
2025-06-26,COP,EOG,252,0.8594751296001385
2025-06-27,COP,EOG,252,0.8594775731030572
2025-06-30,COP,EOG,252,0.859226062573086
2025-07-01,COP,EOG,252,0.8593497918503467
2025-07-02,COP,EOG,252,0.8595742296676955
2025-07-03,COP,EOG,252,0.8592905701598138
2025-07-07,COP,EOG,252,0.8579754214931785
2025-07-08,COP,EOG,252,0.859727509193774
2025-07-09,COP,EOG,252,0.8595032006402289
2025-07-10,COP,EOG,252,0.8593312673656762
2025-07-11,COP,EOG,252,0.8593814756844502
2025-07-14,COP,EOG,252,0.8591750198715424
2025-07-15,COP,EOG,252,0.8590989655581247
2025-07-16,COP,EOG,252,0.859977019100854
2025-07-17,COP,EOG,252,0.8606610322035322
2025-07-18,COP,EOG,252,0.8616529298651754
2025-07-21,COP,EOG,252,0.8616724507952803
2025-07-22,COP,EOG,252,0.8619808626414599
2025-07-23,COP,EOG,252,0.861184572700609
2025-07-24,COP,EOG,252,0.8607181496473373
2025-07-25,COP,EOG,252,0.8605925936374663
2025-07-28,COP,EOG,252,0.8611080836730616
2025-07-29,COP,EOG,252,0.8624354245161564
2025-07-30,COP,EOG,252,0.8626523731945643
2025-07-31,COP,EOG,252,0.8625179160782983
2025-08-01,COP,EOG,252,0.86336252321544
2025-08-04,COP,EOG,252,0.8633955895348103
2025-08-05,COP,EOG,252,0.8626676216864012
2025-08-06,COP,EOG,252,0.8640512596575826
2025-08-07,COP,EOG,252,0.8647510514650772
2025-08-08,COP,EOG,252,0.8659310424703709
2025-08-11,COP,EOG,252,0.8655124746321282
2025-08-12,COP,EOG,252,0.866821187492125
2025-08-13,COP,EOG,252,0.867186250192714
2025-08-14,COP,EOG,252,0.866591160341373
2025-08-15,COP,EOG,252,0.8663158784292343
2025-08-18,COP,EOG,252,0.8664281934493696
2025-08-19,COP,EOG,252,0.8661645983633469
2025-08-20,COP,EOG,252,0.8663004878636065
2025-08-21,COP,EOG,252,0.8663194458274999
2025-08-22,COP,EOG,252,0.8667781773327015
2025-08-25,COP,EOG,252,0.8663079616405289
2025-08-26,COP,EOG,252,0.8659415222367088
2025-08-27,COP,EOG,252,0.865749280146514
2025-08-28,COP,EOG,252,0.8652572470026059
2025-08-29,COP,EOG,252,0.8651831260535633
2025-09-02,COP,EOG,252,0.8647686953717766
2025-09-03,COP,EOG,252,0.8672840435242388
2025-09-04,COP,EOG,252,0.8674664784895685
2025-09-05,COP,EOG,252,0.8672266287039972
2025-09-08,COP,EOG,252,0.8665196756045291
2025-09-09,COP,EOG,252,0.8660846078605984
2025-09-10,COP,EOG,252,0.8667980724816483
2025-09-11,COP,EOG,252,0.8668968675766617
2025-09-12,COP,EOG,252,0.8670108901470159
2025-09-15,COP,EOG,252,0.8667766208787183
2025-09-16,COP,EOG,252,0.8674118111543829
2025-09-17,COP,EOG,252,0.8674869320020622
2025-09-18,COP,EOG,252,0.8665683449668073
2025-09-19,COP,EOG,252,0.8669426560857818
2025-09-22,COP,EOG,252,0.8669097703875229
2025-09-23,COP,EOG,252,0.8665226494337601
2025-09-24,COP,EOG,252,0.8669038178371717
2025-09-25,COP,EOG,252,0.8679183580686848
2025-09-26,COP,EOG,252,0.8671229536359618
2025-09-29,COP,EOG,252,0.8667446662035392
2025-09-30,COP,EOG,252,0.8656012342735289
2025-10-01,COP,EOG,252,0.8638053889112076
2025-10-02,COP,EOG,252,0.863358838388182
2025-10-03,COP,EOG,252,0.8616186315977804
2025-10-06,COP,EOG,252,0.8609448610702477
2025-10-07,COP,EOG,252,0.8604273293563472
2025-10-08,COP,EOG,252,0.8589086742967115
2025-10-09,COP,EOG,252,0.8543585019159569
2025-10-10,COP,EOG,252,0.8551094616813235
2025-10-13,COP,EOG,252,0.8553803915969764
2025-10-14,COP,EOG,252,0.8553233253795501
2025-10-15,COP,EOG,252,0.8561802585274145
2025-10-16,COP,EOG,252,0.8561479785789852
2025-10-17,COP,EOG,252,0.8542548267503416
2025-10-20,COP,EOG,252,0.8541999002555755
2025-10-21,COP,EOG,252,0.8541643147363841
2025-10-22,COP,EOG,252,0.8538375505439724
2025-10-23,COP,EOG,252,0.854243774372553
2025-10-24,COP,EOG,252,0.8548088498354848
2025-10-27,COP,EOG,252,0.8548185577631511
2025-10-28,COP,EOG,252,0.8545218691093531
2025-10-29,COP,EOG,252,0.8545961540737307
2025-10-30,COP,EOG,252,0.854291406287967
2025-10-31,COP,EOG,252,0.854256407649749
2025-11-03,COP,EOG,252,0.8543923450297863
2025-11-04,COP,EOG,252,0.8620888463743812
2025-11-05,COP,EOG,252,0.8619870734664992
2025-11-06,COP,EOG,252,0.8604157868673579
2025-11-07,COP,EOG,252,0.8606848421798192
2025-11-10,COP,EOG,252,0.8586679373443815
2025-11-11,COP,EOG,252,0.8597234974201875
2025-11-12,COP,EOG,252,0.8777386174912656
2025-11-13,COP,EOG,252,0.8784852792975887
2025-11-14,COP,EOG,252,0.8791525044860409
2025-11-17,COP,EOG,252,0.878794415866078
2025-11-18,COP,EOG,252,0.8783710957338715
2025-11-19,COP,EOG,252,0.8786286791115266
2025-11-20,COP,EOG,252,0.8783845386713895
2025-11-21,COP,EOG,252,0.8779635933992342
2025-11-24,COP,EOG,252,0.8779053152983384
2025-11-25,COP,EOG,252,0.8781583387478508
2025-11-26,COP,EOG,252,0.8785012476770061
2025-11-28,COP,EOG,252,0.877538269078159
2025-12-01,COP,EOG,252,0.8778904088367879
2025-12-02,COP,EOG,252,0.8778594499678526
2025-12-03,COP,EOG,252,0.8788677203539049
2025-12-04,COP,EOG,252,0.8784320218148433
2025-12-05,COP,EOG,252,0.8784527627880733
2025-12-08,COP,EOG,252,0.8779270849746439
2025-12-09,COP,EOG,252,0.8764671107546752
2025-12-10,COP,EOG,252,0.8766425301480038
2025-12-11,COP,EOG,252,0.8752322332713138
2025-12-12,COP,EOG,252,0.875340219378566
2025-12-15,COP,EOG,252,0.8757438906016101
2025-12-16,COP,EOG,252,0.8774313804820493
2025-12-17,COP,EOG,252,0.878640871518349
2025-12-18,COP,EOG,252,0.8790389514955493
2025-12-19,COP,EOG,252,0.8788162567759529
2025-12-22,COP,EOG,252,0.8784759192325018
2025-12-23,COP,EOG,252,0.8778186722788226
2025-12-24,COP,EOG,252,0.8778382839864722
2025-12-26,COP,EOG,252,0.8778113275825414
2025-12-29,COP,EOG,252,0.8779146088872202
2025-12-30,COP,EOG,252,0.8780560849503157
2025-12-31,COP,EOG,252,0.8780842196582958
2026-01-02,COP,EOG,252,0.8787739197997549
2026-01-05,COP,EOG,252,0.8729215082103843
2026-01-06,COP,EOG,252,0.873278305473661
2026-01-07,COP,EOG,252,0.8741790343989038
2026-01-08,COP,EOG,252,0.8756306955169133
2026-01-09,COP,EOG,252,0.8754818173039058
2026-01-12,COP,EOG,252,0.8729359163638417
2026-01-13,COP,EOG,252,0.8739876482134578
2026-01-14,COP,EOG,252,0.8744023452334048
2026-01-15,COP,EOG,252,0.8740737040672902
2026-01-16,COP,EOG,252,0.8738973062884052
2026-01-20,COP,EOG,252,0.8685113723490723
2026-01-21,COP,EOG,252,0.8689668424130873
2026-01-22,COP,EOG,252,0.8685020736401554
2026-01-23,COP,EOG,252,0.8685321537249461
2026-01-26,COP,EOG,252,0.8685325719846949
2026-01-27,COP,EOG,252,0.8682894249000566
2026-01-28,COP,EOG,252,0.8683336004028995
2026-01-29,COP,EOG,252,0.8683037637564238
2026-01-30,COP,EOG,252,0.8677681961100339
2026-02-02,COP,EOG,252,0.8679237680656132
2026-02-03,COP,EOG,252,0.8677799198959895
2026-02-04,COP,EOG,252,0.8678911679154664
2026-02-05,COP,EOG,252,0.8681671088874291
2026-02-06,COP,EOG,252,0.8680458455081339
2026-02-09,COP,EOG,252,0.867973555042439
2026-02-10,COP,EOG,252,0.8688864392934973
2026-02-11,COP,EOG,252,0.8710314525649201
2026-02-12,COP,EOG,252,0.8708018636557336
2026-02-13,COP,EOG,252,0.8678775017802887
2026-02-17,COP,EOG,252,0.8684517926727456
2026-02-18,COP,EOG,252,0.8690434819907431
2026-02-19,COP,EOG,252,0.8688982927201613
2026-02-20,COP,EOG,252,0.8686841009169358
2026-02-23,COP,EOG,252,0.8690978253587309
2026-02-24,COP,EOG,252,0.8692232064170331
2026-02-25,COP,EOG,252,0.8691834392470578
2026-02-26,COP,EOG,252,0.8674832856717474
2026-02-27,COP,EOG,252,0.8680194012946957
2026-03-02,COP,EOG,252,0.8698292032486186
2026-03-03,COP,EOG,252,0.8793386070812866
2026-03-04,COP,EOG,252,0.873364404381691
2026-03-05,COP,EOG,252,0.8777228741965841
2026-03-06,COP,EOG,252,0.8788165967076078
2026-03-09,COP,EOG,252,0.8789718175577349
2026-03-10,COP,EOG,252,0.8791864578229802
2026-03-11,COP,EOG,252,0.8801898301824638
2026-03-12,COP,EOG,252,0.8844852320635785
2026-03-13,COP,EOG,252,0.8868199177419088
2026-03-16,COP,EOG,252,0.8863267758754931
2026-03-17,COP,EOG,252,0.8857385422131474
2026-03-18,COP,EOG,252,0.8856800449649036
2026-03-19,COP,EOG,252,0.8873794673170926
2026-03-20,COP,EOG,252,0.8878237249549107
2026-03-23,COP,EOG,252,0.8886202684820639
2026-03-24,COP,EOG,252,0.8893735766841887
2026-03-25,COP,EOG,252,0.891577271747158
2026-03-26,COP,EOG,252,0.8930327463074801
2026-03-27,COP,EOG,252,0.8928234969245702
2026-03-30,COP,EOG,252,0.893626822549301
2026-03-31,COP,EOG,252,0.8893782790365855
2026-04-01,COP,EOG,252,0.8902448271044938
2026-04-02,COP,EOG,252,0.8906099574220089
2026-04-06,COP,EOG,252,0.8905134816028876
2026-04-07,COP,EOG,252,0.8809216325664535
2026-04-08,COP,EOG,252,0.8722800722748415
2026-04-09,COP,EOG,252,0.8726547126887594
2026-04-10,COP,EOG,252,0.8707004059928628
2026-04-13,COP,EOG,252,0.8575066937270679
2026-04-14,COP,EOG,252,0.8423831542327453
2026-04-15,COP,EOG,252,0.8391199664010567
2026-04-16,COP,EOG,252,0.8405008541810794
2026-04-17,COP,EOG,252,0.8452847487878831
2026-04-20,COP,EOG,252,0.8456951467889774
2026-04-21,COP,EOG,252,0.8461975786700513
2026-04-22,COP,EOG,252,0.8448693160028455
2026-04-23,COP,EOG,252,0.8438549796286133
2026-04-24,COP,EOG,252,0.8429950402038228
2026-04-27,COP,EOG,252,0.8423147791454452
2026-04-28,COP,EOG,252,0.843125239378344
2026-04-29,COP,EOG,252,0.8443784480096767
2026-04-30,COP,EOG,252,0.8386447473853466
2026-05-01,COP,EOG,252,0.8373312694599471
2026-05-04,COP,EOG,252,0.8371510128401153
2026-05-05,COP,EOG,252,0.8386736378086677
2026-05-06,COP,EOG,252,0.8409435165387118
2026-05-07,COP,EOG,252,0.8431844447649812
2026-05-08,COP,EOG,252,0.843689654917863
2026-05-11,COP,EOG,252,0.8443156468280907
2026-05-12,COP,EOG,252,0.8453011348428698
2026-05-13,COP,EOG,252,0.8431458509391216
2026-05-14,COP,EOG,252,0.8424952754889783
2026-05-15,COP,EOG,252,0.8438642231000244
2026-05-18,COP,EOG,252,0.8443607955753786
2026-05-19,COP,EOG,252,0.8442072928819205
2026-05-20,COP,EOG,252,0.8447254264078319
2026-05-21,COP,EOG,252,0.8450328918925606
2026-05-22,COP,EOG,252,0.845088804159346
2026-05-26,COP,EOG,252,0.8474071354203594
2026-05-27,COP,EOG,252,0.8477424924945008
2026-05-28,COP,EOG,252,0.8478366992500406
2026-05-29,COP,EOG,252,0.8479035830442005
2026-06-01,COP,EOG,252,0.8492774714606351
2026-06-02,COP,EOG,252,0.8498258107277845
2026-06-03,COP,EOG,252,0.8504419911296115
2026-06-04,COP,EOG,252,0.8499621657584887
2026-06-05,COP,EOG,252,0.8497075260269434
2026-06-08,COP,EOG,252,0.8505400280312051
2026-06-09,COP,EOG,252,0.8505720521155615
2026-06-10,COP,EOG,252,0.851712709826753
2026-06-11,COP,EOG,252,0.8515486702274127
2026-06-12,COP,EOG,252,0.8501165816453228
2026-06-15,COP,EOG,252,0.853111612213068
2026-06-16,COP,EOG,252,0.8529228081286259
2026-06-17,COP,EOG,252,0.8515335235169271
2026-06-18,COP,EOG,252,0.8532640720400277
2026-06-22,COP,EOG,252,0.8540149301650767
2026-06-23,COP,EOG,252,0.852846218321557
2026-06-24,COP,EOG,252,0.8484052911555757
2026-06-25,COP,EOG,252,0.8487728086726937
2026-06-26,COP,EOG,252,0.8487569886077808
2026-06-29,COP,EOG,252,0.8482794589154783
2026-06-30,COP,EOG,252,0.8471256354211265
2026-07-01,COP,EOG,252,0.8473099656009877
2026-07-02,COP,EOG,252,0.8475282137600335
2026-07-06,COP,EOG,252,0.8476533687480984
2026-07-07,COP,EOG,252,0.8516232898571783
2026-07-08,COP,EOG,252,0.8536655638814941
2026-07-09,COP,EOG,252,0.8526782267289996
2026-07-10,COP,EOG,252,0.8523281958733168
2026-07-13,COP,EOG,252,0.8547916719603622
2026-07-14,COP,EOG,252,0.8553298147614138
2026-07-15,COP,EOG,252,0.855861203471039
2026-07-16,COP,EOG,252,0.855507319278354
2026-07-17,COP,EOG,252,0.8557817852335708
2026-07-20,COP,EOG,252,0.8561154487942589
2026-07-21,COP,EOG,252,0.8564652626507483
2026-07-22,COP,EOG,252,0.8562359486097666
2026-07-23,COP,EOG,252,0.8562864704640367
2026-07-24,COP,EOG,252,0.8566314110536729
2026-07-27,COP,EOG,252,0.8596145828711155
2026-07-28,COP,EOG,252,0.8593871638149011
2026-07-29,COP,EOG,252,0.8602462280496304
2026-07-30,COP,EOG,252,0.8594506001333797
2026-07-31,COP,EOG,252,0.8588368336971745
2026-08-03,COP,EOG,252,0.8583925627369762
2026-08-04,COP,EOG,252,0.8571227170130336
2026-08-05,COP,EOG,252,0.8493889709805126
2026-08-06,COP,EOG,252,0.8497606632592208
2026-08-07,COP,EOG,252,0.8484026114858877
2026-08-10,COP,EOG,252,0.8516793946510502
2026-08-11,COP,EOG,252,0.8515440797398034
2026-08-12,COP,EOG,252,0.8512227388831359
2026-08-13,COP,EOG,252,0.8511834954061603
2026-08-14,COP,EOG,252,0.8508171028159844
2026-08-17,COP,EOG,252,0.850556931124217
2026-08-18,COP,EOG,252,0.8509678642502885
2026-08-19,COP,EOG,252,0.8509873663677434
2026-08-20,COP,EOG,252,0.851084616723048
2026-08-21,COP,EOG,252,0.8507662782466684
2026-08-24,COP,EOG,252,0.8509158181230343
