date,ticker_1,ticker_2,window,rolling_correlation
2007-07-16,TTE,TS,252,
2007-07-17,TTE,TS,252,
2007-07-18,TTE,TS,252,
2007-07-19,TTE,TS,252,
2007-07-20,TTE,TS,252,
2007-07-23,TTE,TS,252,
2007-07-24,TTE,TS,252,
2007-07-25,TTE,TS,252,
2007-07-26,TTE,TS,252,
2007-07-27,TTE,TS,252,
2007-07-30,TTE,TS,252,
2007-07-31,TTE,TS,252,
2007-08-01,TTE,TS,252,
2007-08-02,TTE,TS,252,
2007-08-03,TTE,TS,252,
2007-08-06,TTE,TS,252,
2007-08-07,TTE,TS,252,
2007-08-08,TTE,TS,252,
2007-08-09,TTE,TS,252,
2007-08-10,TTE,TS,252,
2007-08-13,TTE,TS,252,
2007-08-14,TTE,TS,252,
2007-08-15,TTE,TS,252,
2007-08-16,TTE,TS,252,
2007-08-17,TTE,TS,252,
2007-08-20,TTE,TS,252,
2007-08-21,TTE,TS,252,
2007-08-22,TTE,TS,252,
2007-08-23,TTE,TS,252,
2007-08-24,TTE,TS,252,
2007-08-27,TTE,TS,252,
2007-08-28,TTE,TS,252,
2007-08-29,TTE,TS,252,
2007-08-30,TTE,TS,252,
2007-08-31,TTE,TS,252,
2007-09-04,TTE,TS,252,
2007-09-05,TTE,TS,252,
2007-09-06,TTE,TS,252,
2007-09-07,TTE,TS,252,
2007-09-10,TTE,TS,252,
2007-09-11,TTE,TS,252,
2007-09-12,TTE,TS,252,
2007-09-13,TTE,TS,252,
2007-09-14,TTE,TS,252,
2007-09-17,TTE,TS,252,
2007-09-18,TTE,TS,252,
2007-09-19,TTE,TS,252,
2007-09-20,TTE,TS,252,
2007-09-21,TTE,TS,252,
2007-09-24,TTE,TS,252,
2007-09-25,TTE,TS,252,
2007-09-26,TTE,TS,252,
2007-09-27,TTE,TS,252,
2007-09-28,TTE,TS,252,
2007-10-01,TTE,TS,252,
2007-10-02,TTE,TS,252,
2007-10-03,TTE,TS,252,
2007-10-04,TTE,TS,252,
2007-10-05,TTE,TS,252,
2007-10-08,TTE,TS,252,
2007-10-09,TTE,TS,252,
2007-10-10,TTE,TS,252,
2007-10-11,TTE,TS,252,
2007-10-12,TTE,TS,252,
2007-10-15,TTE,TS,252,
2007-10-16,TTE,TS,252,
2007-10-17,TTE,TS,252,
2007-10-18,TTE,TS,252,
2007-10-19,TTE,TS,252,
2007-10-22,TTE,TS,252,
2007-10-23,TTE,TS,252,
2007-10-24,TTE,TS,252,
2007-10-25,TTE,TS,252,
2007-10-26,TTE,TS,252,
2007-10-29,TTE,TS,252,
2007-10-30,TTE,TS,252,
2007-10-31,TTE,TS,252,
2007-11-01,TTE,TS,252,
2007-11-02,TTE,TS,252,
2007-11-05,TTE,TS,252,
2007-11-06,TTE,TS,252,
2007-11-07,TTE,TS,252,
2007-11-08,TTE,TS,252,
2007-11-09,TTE,TS,252,
2007-11-12,TTE,TS,252,
2007-11-13,TTE,TS,252,
2007-11-14,TTE,TS,252,
2007-11-15,TTE,TS,252,
2007-11-16,TTE,TS,252,
2007-11-19,TTE,TS,252,
2007-11-20,TTE,TS,252,
2007-11-21,TTE,TS,252,
2007-11-23,TTE,TS,252,
2007-11-26,TTE,TS,252,
2007-11-27,TTE,TS,252,
2007-11-28,TTE,TS,252,
2007-11-29,TTE,TS,252,
2007-11-30,TTE,TS,252,
2007-12-03,TTE,TS,252,
2007-12-04,TTE,TS,252,
2007-12-05,TTE,TS,252,
2007-12-06,TTE,TS,252,
2007-12-07,TTE,TS,252,
2007-12-10,TTE,TS,252,
2007-12-11,TTE,TS,252,
2007-12-12,TTE,TS,252,
2007-12-13,TTE,TS,252,
2007-12-14,TTE,TS,252,
2007-12-17,TTE,TS,252,
2007-12-18,TTE,TS,252,
2007-12-19,TTE,TS,252,
2007-12-20,TTE,TS,252,
2007-12-21,TTE,TS,252,
2007-12-24,TTE,TS,252,
2007-12-26,TTE,TS,252,
2007-12-27,TTE,TS,252,
2007-12-28,TTE,TS,252,
2007-12-31,TTE,TS,252,
2008-01-02,TTE,TS,252,
2008-01-03,TTE,TS,252,
2008-01-04,TTE,TS,252,
2008-01-07,TTE,TS,252,
2008-01-08,TTE,TS,252,
2008-01-09,TTE,TS,252,
2008-01-10,TTE,TS,252,
2008-01-11,TTE,TS,252,
2008-01-14,TTE,TS,252,
2008-01-15,TTE,TS,252,
2008-01-16,TTE,TS,252,
2008-01-17,TTE,TS,252,
2008-01-18,TTE,TS,252,
2008-01-22,TTE,TS,252,
2008-01-23,TTE,TS,252,
2008-01-24,TTE,TS,252,
2008-01-25,TTE,TS,252,
2008-01-28,TTE,TS,252,
2008-01-29,TTE,TS,252,
2008-01-30,TTE,TS,252,
2008-01-31,TTE,TS,252,
2008-02-01,TTE,TS,252,
2008-02-04,TTE,TS,252,
2008-02-05,TTE,TS,252,
2008-02-06,TTE,TS,252,
2008-02-07,TTE,TS,252,
2008-02-08,TTE,TS,252,
2008-02-11,TTE,TS,252,
2008-02-12,TTE,TS,252,
2008-02-13,TTE,TS,252,
2008-02-14,TTE,TS,252,
2008-02-15,TTE,TS,252,
2008-02-19,TTE,TS,252,
2008-02-20,TTE,TS,252,
2008-02-21,TTE,TS,252,
2008-02-22,TTE,TS,252,
2008-02-25,TTE,TS,252,
2008-02-26,TTE,TS,252,
2008-02-27,TTE,TS,252,
2008-02-28,TTE,TS,252,
2008-02-29,TTE,TS,252,
2008-03-03,TTE,TS,252,
2008-03-04,TTE,TS,252,
2008-03-05,TTE,TS,252,
2008-03-06,TTE,TS,252,
2008-03-07,TTE,TS,252,
2008-03-10,TTE,TS,252,
2008-03-11,TTE,TS,252,
2008-03-12,TTE,TS,252,
2008-03-13,TTE,TS,252,
2008-03-14,TTE,TS,252,
2008-03-17,TTE,TS,252,
2008-03-18,TTE,TS,252,
2008-03-19,TTE,TS,252,
2008-03-20,TTE,TS,252,
2008-03-24,TTE,TS,252,
2008-03-25,TTE,TS,252,
2008-03-26,TTE,TS,252,
2008-03-27,TTE,TS,252,
2008-03-28,TTE,TS,252,
2008-03-31,TTE,TS,252,
2008-04-01,TTE,TS,252,
2008-04-02,TTE,TS,252,
2008-04-03,TTE,TS,252,
2008-04-04,TTE,TS,252,
2008-06-11,TTE,TS,252,
2008-06-12,TTE,TS,252,
2008-06-13,TTE,TS,252,
2008-07-17,TTE,TS,252,
2008-07-18,TTE,TS,252,
2008-07-21,TTE,TS,252,
2008-07-22,TTE,TS,252,
2008-07-23,TTE,TS,252,
2008-07-24,TTE,TS,252,
2008-07-25,TTE,TS,252,
2008-07-28,TTE,TS,252,
2008-07-29,TTE,TS,252,
2008-07-30,TTE,TS,252,
2008-08-06,TTE,TS,252,
2008-08-07,TTE,TS,252,
2008-08-08,TTE,TS,252,
2008-08-11,TTE,TS,252,
2008-08-12,TTE,TS,252,
2008-08-13,TTE,TS,252,
2008-08-14,TTE,TS,252,
2008-08-15,TTE,TS,252,
2008-08-18,TTE,TS,252,
2008-08-19,TTE,TS,252,
2008-08-20,TTE,TS,252,
2008-08-21,TTE,TS,252,
2008-08-22,TTE,TS,252,
2008-08-25,TTE,TS,252,
2008-08-26,TTE,TS,252,
2008-08-27,TTE,TS,252,
2008-08-28,TTE,TS,252,
2008-08-29,TTE,TS,252,
2008-09-02,TTE,TS,252,
2008-09-03,TTE,TS,252,
2008-09-04,TTE,TS,252,
2008-09-05,TTE,TS,252,
2008-09-08,TTE,TS,252,
2008-09-09,TTE,TS,252,
2008-09-10,TTE,TS,252,
2008-09-11,TTE,TS,252,
2008-09-12,TTE,TS,252,
2008-09-15,TTE,TS,252,
2008-09-16,TTE,TS,252,
2008-09-17,TTE,TS,252,
2008-09-18,TTE,TS,252,
2008-09-19,TTE,TS,252,
2008-09-22,TTE,TS,252,
2008-09-23,TTE,TS,252,
2008-09-24,TTE,TS,252,
2008-09-25,TTE,TS,252,
2008-09-26,TTE,TS,252,
2008-09-29,TTE,TS,252,
2008-09-30,TTE,TS,252,
2008-10-01,TTE,TS,252,
2008-10-02,TTE,TS,252,
2008-10-03,TTE,TS,252,
2008-10-06,TTE,TS,252,
2008-10-07,TTE,TS,252,
2008-10-08,TTE,TS,252,
2008-10-09,TTE,TS,252,
2008-10-10,TTE,TS,252,
2008-10-13,TTE,TS,252,
2008-10-14,TTE,TS,252,
2008-10-15,TTE,TS,252,
2008-10-16,TTE,TS,252,
2008-10-17,TTE,TS,252,
2008-10-20,TTE,TS,252,
2008-10-21,TTE,TS,252,
2008-10-22,TTE,TS,252,
2008-10-23,TTE,TS,252,-0.030448225253429932
2008-10-24,TTE,TS,252,-0.10911683461353709
2008-10-27,TTE,TS,252,-0.10808008474521756
2008-10-28,TTE,TS,252,-0.23465200823742843
2008-10-29,TTE,TS,252,-0.233860879931097
2008-10-30,TTE,TS,252,-0.23314897932076492
2008-10-31,TTE,TS,252,-0.22354373920441872
2008-11-03,TTE,TS,252,-0.22388009735174014
2008-11-04,TTE,TS,252,-0.21971673745018813
2008-11-05,TTE,TS,252,-0.21942321321045863
2008-11-06,TTE,TS,252,-0.2175788719055536
2008-11-07,TTE,TS,252,-0.21715298980449466
2008-11-10,TTE,TS,252,-0.216609379280799
2008-11-11,TTE,TS,252,-0.2164206740325052
2008-11-12,TTE,TS,252,-0.21247023864523926
2008-11-13,TTE,TS,252,-0.20222235268627584
2008-11-14,TTE,TS,252,-0.20363894117019452
2008-11-17,TTE,TS,252,-0.20252198941369415
2008-11-18,TTE,TS,252,-0.2023014263157317
2008-11-19,TTE,TS,252,-0.2005900222410881
2008-11-20,TTE,TS,252,-0.19886404445007558
2008-11-21,TTE,TS,252,-0.19824579476618637
2008-11-24,TTE,TS,252,-0.17431930559550882
2008-11-25,TTE,TS,252,-0.17860461817190249
2008-11-26,TTE,TS,252,-0.17839954287134174
2008-11-28,TTE,TS,252,-0.17865876977609688
2008-12-01,TTE,TS,252,-0.17706540769238616
2008-12-02,TTE,TS,252,-0.17635052548702831
2008-12-03,TTE,TS,252,-0.1777275531903378
2008-12-04,TTE,TS,252,-0.1775267040759331
2008-12-05,TTE,TS,252,-0.17750868918920842
2008-12-08,TTE,TS,252,-0.1774897735262121
2008-12-09,TTE,TS,252,-0.18229887590680718
2008-12-10,TTE,TS,252,-0.18137143443010892
2008-12-11,TTE,TS,252,-0.18129286457154845
2008-12-12,TTE,TS,252,-0.18138669791102852
2008-12-15,TTE,TS,252,-0.18155815896687588
2008-12-16,TTE,TS,252,-0.17996019030518579
2008-12-17,TTE,TS,252,-0.17998570316125617
2008-12-18,TTE,TS,252,-0.17924265657698796
2008-12-19,TTE,TS,252,-0.17926204955346675
2008-12-22,TTE,TS,252,-0.17974881534025672
2008-12-23,TTE,TS,252,-0.18027699702652433
2008-12-24,TTE,TS,252,-0.18038291112415764
2008-12-26,TTE,TS,252,-0.18014044089082693
2008-12-29,TTE,TS,252,-0.18015024063645935
2008-12-30,TTE,TS,252,-0.1792170747038359
2008-12-31,TTE,TS,252,-0.18012553205669224
2009-01-02,TTE,TS,252,-0.17961067048972953
2009-01-05,TTE,TS,252,-0.17868138089357533
2009-01-06,TTE,TS,252,-0.17719759680446398
2009-01-07,TTE,TS,252,-0.17679828309687579
2009-01-08,TTE,TS,252,-0.17629065069170274
2009-01-09,TTE,TS,252,-0.17650482823276445
2009-01-12,TTE,TS,252,-0.17639260376265112
2009-01-13,TTE,TS,252,-0.17779407457547436
2009-01-14,TTE,TS,252,-0.17726499036865226
2009-01-15,TTE,TS,252,-0.17706195534088195
2009-01-16,TTE,TS,252,-0.1767423093145689
2009-01-20,TTE,TS,252,-0.16909121622918155
2009-01-21,TTE,TS,252,-0.16810720338263904
2009-01-22,TTE,TS,252,-0.16808062870838503
2009-01-23,TTE,TS,252,-0.16824476881548206
2009-01-26,TTE,TS,252,-0.16823248729890034
2009-01-27,TTE,TS,252,-0.16501371642955479
2009-01-28,TTE,TS,252,-0.16480083536308288
2009-01-29,TTE,TS,252,-0.16476817812830222
2009-01-30,TTE,TS,252,-0.16474945583712758
2009-02-02,TTE,TS,252,-0.1647443650925382
2009-02-03,TTE,TS,252,-0.16473999533464503
2009-02-04,TTE,TS,252,-0.16253875673671508
2009-02-05,TTE,TS,252,-0.16385157643157014
2009-02-06,TTE,TS,252,-0.15992559101307383
2009-02-09,TTE,TS,252,-0.15995189669532425
2009-02-10,TTE,TS,252,-0.1600457159743685
2009-02-11,TTE,TS,252,-0.16100345852400638
2009-02-12,TTE,TS,252,-0.16097564092532843
2009-02-13,TTE,TS,252,-0.16101985589053636
2009-02-17,TTE,TS,252,-0.15987330719453574
2009-02-18,TTE,TS,252,-0.15987068213162936
2009-02-19,TTE,TS,252,-0.16064408175628256
2009-02-20,TTE,TS,252,-0.16045991336233134
2009-02-23,TTE,TS,252,-0.15833007990438017
2009-02-24,TTE,TS,252,-0.15725620569816937
2009-02-25,TTE,TS,252,-0.15731508200794048
2009-02-26,TTE,TS,252,-0.1574682409879715
2009-02-27,TTE,TS,252,-0.15898902682808058
2009-03-02,TTE,TS,252,-0.1576959292512172
2009-03-03,TTE,TS,252,-0.15518869871867363
2009-03-04,TTE,TS,252,-0.15424936835584535
2009-03-05,TTE,TS,252,-0.15591343166313332
2009-03-06,TTE,TS,252,-0.1556515420656809
2009-03-09,TTE,TS,252,-0.15612364121675826
2009-03-10,TTE,TS,252,-0.1495942634301707
2009-03-11,TTE,TS,252,-0.14964404357755584
2009-03-12,TTE,TS,252,-0.14938265569429673
2009-03-13,TTE,TS,252,-0.1492858280744876
2009-03-16,TTE,TS,252,-0.14929732901466977
2009-03-17,TTE,TS,252,-0.14805478717265558
2009-03-18,TTE,TS,252,-0.14787166787531397
2009-03-19,TTE,TS,252,-0.1450947983916387
2009-03-20,TTE,TS,252,-0.14531089036492548
2009-03-23,TTE,TS,252,-0.14441216744027174
2009-03-24,TTE,TS,252,-0.14424705200616975
2009-03-25,TTE,TS,252,-0.1438353630658037
2009-03-26,TTE,TS,252,-0.14363179477176966
2009-03-27,TTE,TS,252,-0.143636380084395
2009-03-30,TTE,TS,252,-0.14359211233228616
2009-03-31,TTE,TS,252,-0.14355081139238637
2009-04-01,TTE,TS,252,-0.14547102989353808
2009-04-02,TTE,TS,252,-0.1433747905880679
2009-04-03,TTE,TS,252,-0.14331303554982314
2009-04-06,TTE,TS,252,-0.14331480178303485
2009-04-07,TTE,TS,252,-0.14334209398191222
2009-04-08,TTE,TS,252,-0.14330875678203522
2009-04-09,TTE,TS,252,-0.14288240072741387
2009-04-13,TTE,TS,252,-0.14268852352301134
2009-04-14,TTE,TS,252,-0.14377520758170778
2009-04-15,TTE,TS,252,-0.1436735212175303
2009-04-16,TTE,TS,252,-0.1487162814644046
2009-04-17,TTE,TS,252,-0.14876513938801111
2009-04-20,TTE,TS,252,-0.1484086680998143
2009-04-21,TTE,TS,252,-0.14813082917710405
2009-04-22,TTE,TS,252,-0.1484369582368216
2009-04-23,TTE,TS,252,-0.14840865164337685
2009-04-24,TTE,TS,252,-0.14835045663964655
2009-04-27,TTE,TS,252,-0.14820295020033736
2009-04-28,TTE,TS,252,-0.14858936461528416
2009-04-29,TTE,TS,252,-0.15160574735478854
2009-04-30,TTE,TS,252,-0.15163763610048214
2009-05-01,TTE,TS,252,-0.151651650926262
2009-05-04,TTE,TS,252,-0.1511338303249807
2009-05-05,TTE,TS,252,-0.15116224251164692
2009-05-06,TTE,TS,252,-0.14805527877901842
2009-05-07,TTE,TS,252,-0.15034596314858606
2009-05-08,TTE,TS,252,-0.14820610527356912
2009-05-11,TTE,TS,252,-0.14840866702777816
2009-05-12,TTE,TS,252,-0.1486686754677347
2009-05-13,TTE,TS,252,-0.1484888842542874
2009-05-14,TTE,TS,252,-0.14813200248362055
2009-05-15,TTE,TS,252,-0.14825049501422338
2009-05-18,TTE,TS,252,-0.14770968158727701
2009-05-19,TTE,TS,252,-0.1498394520056811
2009-05-20,TTE,TS,252,-0.14835738256592193
2009-05-21,TTE,TS,252,-0.14869430906496586
2009-05-22,TTE,TS,252,-0.14873438713371992
2009-05-26,TTE,TS,252,-0.14862121238049458
2009-05-27,TTE,TS,252,-0.14963029761094215
2009-05-28,TTE,TS,252,-0.14946370263925707
2009-05-29,TTE,TS,252,-0.14943706490499864
2009-06-01,TTE,TS,252,-0.14916351933581445
2009-06-02,TTE,TS,252,-0.1491427831463833
2009-06-03,TTE,TS,252,-0.14840206819686289
2009-06-04,TTE,TS,252,-0.14647011480465735
2009-06-05,TTE,TS,252,-0.14658505805044628
2009-06-08,TTE,TS,252,-0.15095544057174537
2009-06-09,TTE,TS,252,-0.15093110683184255
2009-06-10,TTE,TS,252,-0.150954501458518
2009-06-11,TTE,TS,252,-0.15097283120275612
2009-06-12,TTE,TS,252,-0.15096731762228713
2009-06-15,TTE,TS,252,-0.15079144112343765
2009-06-16,TTE,TS,252,-0.1509210758349085
2009-06-17,TTE,TS,252,-0.14467333074771746
2009-06-18,TTE,TS,252,-0.14464899028389616
2009-06-19,TTE,TS,252,-0.14469719595749048
2009-06-22,TTE,TS,252,-0.14433694870285604
2009-06-23,TTE,TS,252,-0.14495613144564595
2009-06-24,TTE,TS,252,-0.14479467160222378
2009-06-25,TTE,TS,252,-0.1448018622353942
2009-06-26,TTE,TS,252,-0.14479947460677495
2009-06-29,TTE,TS,252,-0.14483361891151028
2009-06-30,TTE,TS,252,-0.14510153841181558
2009-07-01,TTE,TS,252,-0.14498553175015647
2009-07-02,TTE,TS,252,-0.14490525588868786
2009-07-06,TTE,TS,252,-0.14284530121891048
2009-07-07,TTE,TS,252,-0.14314666656731548
2009-07-08,TTE,TS,252,-0.1432387809787211
2009-07-09,TTE,TS,252,-0.1431190967187952
2009-07-10,TTE,TS,252,-0.14315567057044173
2009-07-13,TTE,TS,252,-0.1430062068811079
2009-07-14,TTE,TS,252,-0.14304196919696205
2009-07-15,TTE,TS,252,-0.14255055865105082
2009-07-16,TTE,TS,252,-0.142596359432878
2009-07-17,TTE,TS,252,-0.14259827205306064
2009-07-20,TTE,TS,252,-0.14254395608546214
2009-07-21,TTE,TS,252,-0.1412497625049788
2009-07-22,TTE,TS,252,-0.14120913391764475
2009-07-23,TTE,TS,252,-0.1410254912323225
2009-07-24,TTE,TS,252,-0.14107994434268523
2009-07-27,TTE,TS,252,-0.14146610567635878
2009-07-28,TTE,TS,252,-0.14134976730157012
2009-07-29,TTE,TS,252,-0.14137240832820724
2009-07-30,TTE,TS,252,-0.14128900821057316
2009-07-31,TTE,TS,252,-0.14120187703952364
2009-08-03,TTE,TS,252,-0.14096359818548312
2009-08-04,TTE,TS,252,-0.1411074480540034
2009-08-05,TTE,TS,252,-0.14105608469792033
2009-08-06,TTE,TS,252,-0.14115935725658554
2009-08-07,TTE,TS,252,-0.14112892272484143
2009-08-10,TTE,TS,252,-0.14135244536634023
2009-08-11,TTE,TS,252,-0.14174022369471048
2009-08-12,TTE,TS,252,-0.14173775435038632
2009-08-13,TTE,TS,252,-0.14225682483491786
2009-08-14,TTE,TS,252,-0.14233662370592348
2009-08-17,TTE,TS,252,-0.139425007761711
2009-08-18,TTE,TS,252,-0.13936067721950232
2009-08-19,TTE,TS,252,-0.13951991230376912
2009-08-20,TTE,TS,252,-0.13845724094462036
2009-08-21,TTE,TS,252,-0.13839875317178746
2009-08-24,TTE,TS,252,-0.1383855480420161
2009-08-25,TTE,TS,252,-0.13837604213054902
2009-08-26,TTE,TS,252,-0.13845576113322877
2009-08-27,TTE,TS,252,-0.13838896119425292
2009-08-28,TTE,TS,252,-0.13837156346304552
2009-08-31,TTE,TS,252,-0.1383367909660672
2009-09-01,TTE,TS,252,-0.13872765972144888
2009-09-02,TTE,TS,252,-0.13875521928676948
2009-09-03,TTE,TS,252,-0.13885111328854233
2009-09-04,TTE,TS,252,-0.13890644954689885
2009-09-08,TTE,TS,252,-0.13675485377315094
2009-09-09,TTE,TS,252,-0.13711998420725716
2009-09-10,TTE,TS,252,-0.13712499354440463
2009-09-11,TTE,TS,252,-0.13779466896604659
2009-09-14,TTE,TS,252,-0.13800195118861805
2009-09-15,TTE,TS,252,-0.13831340665066544
2009-09-16,TTE,TS,252,-0.13823751095156
2009-09-17,TTE,TS,252,-0.1384550709092828
2009-09-18,TTE,TS,252,-0.1384666897464679
2009-09-21,TTE,TS,252,-0.1396935600871727
2009-09-22,TTE,TS,252,-0.13955222225370406
2009-09-23,TTE,TS,252,-0.14031159266551743
2009-09-24,TTE,TS,252,-0.1325996086502547
2009-09-25,TTE,TS,252,-0.13263632335965672
2009-09-28,TTE,TS,252,-0.13263056785817343
2009-09-29,TTE,TS,252,-0.1361417273188114
2009-09-30,TTE,TS,252,-0.1368267883899949
2009-10-01,TTE,TS,252,-0.13663799590392312
2009-10-02,TTE,TS,252,-0.13811538794613992
2009-10-05,TTE,TS,252,-0.13834784187404073
2009-10-06,TTE,TS,252,-0.13909288769900835
2009-10-07,TTE,TS,252,-0.13921301846874862
2009-10-08,TTE,TS,252,-0.1391610581141861
2009-10-09,TTE,TS,252,-0.13948693594803976
2009-10-12,TTE,TS,252,-0.13986526715031858
2009-10-13,TTE,TS,252,-0.14442498136013926
2009-10-14,TTE,TS,252,-0.14262295689467733
2009-10-15,TTE,TS,252,-0.14991115627050244
2009-10-16,TTE,TS,252,-0.14997660949188943
2009-10-19,TTE,TS,252,-0.1502473792487747
2009-10-20,TTE,TS,252,-0.15053615012010838
2009-10-21,TTE,TS,252,-0.15226777496070695
2009-10-22,TTE,TS,252,-0.1585762624798152
2009-10-23,TTE,TS,252,-0.16477769363868053
2009-10-26,TTE,TS,252,-0.10036264180963973
2009-10-27,TTE,TS,252,-0.10133322891355426
2009-10-28,TTE,TS,252,0.16383042663919264
2009-10-29,TTE,TS,252,0.16352679695438962
2009-10-30,TTE,TS,252,0.1638081918403395
2009-11-02,TTE,TS,252,0.16594353291181455
2009-11-03,TTE,TS,252,0.16550738198407194
2009-11-04,TTE,TS,252,0.16891542964941816
2009-11-05,TTE,TS,252,0.17051566732648551
2009-11-06,TTE,TS,252,0.16725309342854927
2009-11-09,TTE,TS,252,0.16598111907234345
2009-11-10,TTE,TS,252,0.16489915899505322
2009-11-11,TTE,TS,252,0.1651409560652379
2009-11-12,TTE,TS,252,0.1581177346266406
2009-11-13,TTE,TS,252,0.14803645299383963
2009-11-16,TTE,TS,252,0.15414295015421847
2009-11-17,TTE,TS,252,0.1522647852728655
2009-11-18,TTE,TS,252,0.1504216655641763
2009-11-19,TTE,TS,252,0.1523814347357582
2009-11-20,TTE,TS,252,0.15457139694146238
2009-11-23,TTE,TS,252,0.15312543894203218
2009-11-24,TTE,TS,252,0.10262016011763105
2009-11-25,TTE,TS,252,0.1026984996647413
2009-11-27,TTE,TS,252,0.10344533273630971
2009-11-30,TTE,TS,252,0.10358659807875668
2009-12-01,TTE,TS,252,0.10502080116538882
2009-12-02,TTE,TS,252,0.10572327064110519
2009-12-03,TTE,TS,252,0.11090150222448013
2009-12-04,TTE,TS,252,0.11117474818146351
2009-12-07,TTE,TS,252,0.11129815588730266
2009-12-08,TTE,TS,252,0.11610818850855249
2009-12-09,TTE,TS,252,0.1417888900005968
2009-12-10,TTE,TS,252,0.1439192708627471
2009-12-11,TTE,TS,252,0.14399681395608216
2009-12-14,TTE,TS,252,0.1443718810574826
2009-12-15,TTE,TS,252,0.14437709406097823
2009-12-16,TTE,TS,252,0.14675253683201656
2009-12-17,TTE,TS,252,0.14677270168159884
2009-12-18,TTE,TS,252,0.1475149273896986
2009-12-21,TTE,TS,252,0.1469426026827357
2009-12-22,TTE,TS,252,0.14905864371164335
2009-12-23,TTE,TS,252,0.14895183984715923
2009-12-24,TTE,TS,252,0.14894105867742158
2009-12-28,TTE,TS,252,0.14922001018635586
2009-12-29,TTE,TS,252,0.1492184323410888
2009-12-30,TTE,TS,252,0.14600430807177722
2009-12-31,TTE,TS,252,0.1473893370306108
2010-01-04,TTE,TS,252,0.14762528780333614
2010-01-05,TTE,TS,252,0.15067118163363488
2010-01-06,TTE,TS,252,0.15044566003593807
2010-01-07,TTE,TS,252,0.15138227669740686
2010-01-08,TTE,TS,252,0.15220939999397032
2010-01-11,TTE,TS,252,0.15335372841401115
2010-01-12,TTE,TS,252,0.153711843153091
2010-01-13,TTE,TS,252,0.16781732406215116
2010-01-14,TTE,TS,252,0.1691883024686157
2010-01-15,TTE,TS,252,0.16951811073448625
2010-01-19,TTE,TS,252,0.16943729429534807
2010-01-20,TTE,TS,252,0.1400176624905814
2010-01-21,TTE,TS,252,0.1419971050513556
2010-01-22,TTE,TS,252,0.14218521218530394
2010-01-25,TTE,TS,252,0.14300617506792454
2010-01-26,TTE,TS,252,0.15305773906233694
2010-01-27,TTE,TS,252,0.14923551244243227
2010-01-28,TTE,TS,252,0.15286941586380354
2010-01-29,TTE,TS,252,0.15292203828695888
2010-02-01,TTE,TS,252,0.15323761087132695
2010-02-02,TTE,TS,252,0.15295377910604926
2010-02-03,TTE,TS,252,0.15293273749620256
2010-02-04,TTE,TS,252,0.14739443452607523
2010-02-05,TTE,TS,252,0.16406365994294633
2010-02-08,TTE,TS,252,0.1530303592150936
2010-02-09,TTE,TS,252,0.16004487415778326
2010-02-10,TTE,TS,252,0.16147992681661513
2010-02-11,TTE,TS,252,0.16922485542783985
2010-02-18,TTE,TS,252,0.16912104984975077
2010-02-19,TTE,TS,252,0.16917594100983127
2010-02-22,TTE,TS,252,0.17151102564029408
2010-02-23,TTE,TS,252,0.17127752546144448
2010-02-24,TTE,TS,252,0.17126648594742722
2010-02-25,TTE,TS,252,0.1998065813197443
2010-02-26,TTE,TS,252,0.2024864187665931
2010-03-01,TTE,TS,252,0.2057295186523585
2010-03-02,TTE,TS,252,0.20692542327758523
2010-03-03,TTE,TS,252,0.20735760864285974
2010-03-04,TTE,TS,252,0.20747790833391608
2010-03-05,TTE,TS,252,0.21533252146949347
2010-03-08,TTE,TS,252,0.2082428613202648
2010-03-09,TTE,TS,252,0.20879613875281666
2010-03-10,TTE,TS,252,0.209790700371216
2010-03-11,TTE,TS,252,0.21080437639948352
2010-03-12,TTE,TS,252,0.2157594025583679
2010-03-15,TTE,TS,252,0.19447232383402943
2010-03-16,TTE,TS,252,0.19428222237780945
2010-03-17,TTE,TS,252,0.19516670632874275
2010-03-18,TTE,TS,252,0.1955721844927981
2010-03-19,TTE,TS,252,0.19556026249505484
2010-03-22,TTE,TS,252,0.1919592156287019
2010-03-23,TTE,TS,252,0.192334329937456
2010-03-24,TTE,TS,252,0.18467737107010856
2010-03-25,TTE,TS,252,0.18474271948183207
2010-03-26,TTE,TS,252,0.18507457170113475
2010-03-29,TTE,TS,252,0.18701249694509953
2010-03-30,TTE,TS,252,0.18837514640388017
2010-03-31,TTE,TS,252,0.1888728861019349
2010-04-01,TTE,TS,252,0.1885997294625075
2010-04-05,TTE,TS,252,0.18945779024999013
2010-04-06,TTE,TS,252,0.18774891327106857
2010-04-07,TTE,TS,252,0.18776318573739267
2010-04-08,TTE,TS,252,0.18402139591512237
2010-04-09,TTE,TS,252,0.18408840373423999
2010-04-12,TTE,TS,252,0.18273865054034588
2010-04-13,TTE,TS,252,0.1836944780958525
2010-04-14,TTE,TS,252,0.18407475159582698
2010-04-15,TTE,TS,252,0.18564437633736927
2010-04-16,TTE,TS,252,0.1855544629002033
2010-04-19,TTE,TS,252,0.18492593461050866
2010-04-20,TTE,TS,252,0.18788364268997276
2010-04-21,TTE,TS,252,0.2398512650591658
2010-04-22,TTE,TS,252,0.2432271948638356
2010-04-23,TTE,TS,252,0.2471621160719063
2010-04-26,TTE,TS,252,0.24831519969744784
2010-04-27,TTE,TS,252,0.2473982509328687
2010-04-28,TTE,TS,252,0.2435007487884699
2010-04-29,TTE,TS,252,0.24530841069168074
2010-04-30,TTE,TS,252,0.2553538486167077
2010-05-03,TTE,TS,252,0.2555596652022036
2010-05-04,TTE,TS,252,0.254053874854708
2010-05-05,TTE,TS,252,0.25409950277818066
2010-05-06,TTE,TS,252,0.2743931825245931
2010-05-07,TTE,TS,252,0.2776193731833074
2010-05-10,TTE,TS,252,0.2747398593875377
2010-05-11,TTE,TS,252,0.27599975445987507
2010-05-12,TTE,TS,252,0.28956411450809044
2010-05-13,TTE,TS,252,0.2823210670689055
2010-05-14,TTE,TS,252,0.29496604436735924
2010-05-17,TTE,TS,252,0.2950795130533529
2010-05-18,TTE,TS,252,0.3002718892418919
2010-05-19,TTE,TS,252,0.30029880378719287
2010-05-20,TTE,TS,252,0.29698560485602743
2010-05-21,TTE,TS,252,0.29900747175138204
2010-05-24,TTE,TS,252,0.29693154021727847
2010-05-25,TTE,TS,252,0.29387109258649474
2010-05-26,TTE,TS,252,0.2938127082712835
2010-05-27,TTE,TS,252,0.3042763232701481
2010-05-28,TTE,TS,252,0.2891380793228489
2010-06-01,TTE,TS,252,0.2875311893614852
2010-06-02,TTE,TS,252,0.28450948518650193
2010-06-03,TTE,TS,252,0.2844864520826356
2010-06-04,TTE,TS,252,0.2826109381481232
2010-06-07,TTE,TS,252,0.2836432919104566
2010-06-08,TTE,TS,252,0.28494240964062684
2010-06-09,TTE,TS,252,0.27680760875953814
2010-06-10,TTE,TS,252,0.27536038274923114
2010-06-11,TTE,TS,252,0.27478343346212686
2010-06-14,TTE,TS,252,0.27677529805100914
2010-06-15,TTE,TS,252,0.28014380270439004
2010-06-16,TTE,TS,252,0.27904973503032043
2010-06-17,TTE,TS,252,0.27814523365015603
2010-06-18,TTE,TS,252,0.2814929284043661
2010-06-24,TTE,TS,252,0.28415225408872735
2010-06-25,TTE,TS,252,0.257953453777023
2010-06-28,TTE,TS,252,0.2579493583302928
2010-06-29,TTE,TS,252,0.2745232705415135
2010-06-30,TTE,TS,252,0.27762084004440385
2010-07-01,TTE,TS,252,0.27072561195341366
2010-07-02,TTE,TS,252,0.27017479632143
2010-07-06,TTE,TS,252,0.27045002826664577
2010-07-07,TTE,TS,252,0.2818058531471908
2010-07-08,TTE,TS,252,0.2833553241296299
2010-07-09,TTE,TS,252,0.2841626443614654
2010-07-12,TTE,TS,252,0.28374898467078563
2010-07-13,TTE,TS,252,0.28712068048321393
2010-07-14,TTE,TS,252,0.27927462499676736
2010-07-15,TTE,TS,252,0.2799489588149496
2010-07-16,TTE,TS,252,0.2796035150381811
2010-07-19,TTE,TS,252,0.2799269054769449
2010-07-20,TTE,TS,252,0.2769489183547295
2010-07-21,TTE,TS,252,0.28006780818719346
2010-07-22,TTE,TS,252,0.284654763818452
2010-07-23,TTE,TS,252,0.2873862606289499
2010-07-26,TTE,TS,252,0.28772237709839266
2010-07-27,TTE,TS,252,0.2854281922732783
2010-07-28,TTE,TS,252,0.28600611010957044
2010-07-29,TTE,TS,252,0.29672504446374204
2010-07-30,TTE,TS,252,0.2967254538215329
2010-08-02,TTE,TS,252,0.3059582204552488
2010-08-03,TTE,TS,252,0.30597221685320336
2010-08-04,TTE,TS,252,0.3059850395893655
2010-08-05,TTE,TS,252,0.30271530097016747
2010-08-06,TTE,TS,252,0.3018803253821491
2010-08-09,TTE,TS,252,0.30262159543348605
2010-08-10,TTE,TS,252,0.3034051158070683
2010-08-11,TTE,TS,252,0.31777160373803326
2010-08-12,TTE,TS,252,0.3182765775894908
2010-08-13,TTE,TS,252,0.318607459154146
2010-08-16,TTE,TS,252,0.3184469036866685
2010-08-17,TTE,TS,252,0.318164405840018
2010-08-18,TTE,TS,252,0.3182981242762311
2010-08-19,TTE,TS,252,0.3210705163276045
2010-08-20,TTE,TS,252,0.3244679856205878
2010-08-23,TTE,TS,252,0.3286914831999598
2010-08-24,TTE,TS,252,0.33175316326806714
2010-08-25,TTE,TS,252,0.31900639765986266
2010-08-26,TTE,TS,252,0.3190735463858537
2010-08-27,TTE,TS,252,0.31856528640036763
2010-08-30,TTE,TS,252,0.31667096346872553
2010-08-31,TTE,TS,252,0.3169674393451131
2010-09-01,TTE,TS,252,0.3323039236528047
2010-09-02,TTE,TS,252,0.33228741755367625
2010-09-03,TTE,TS,252,0.3320779620231213
2010-09-07,TTE,TS,252,0.3357906099864156
2010-09-08,TTE,TS,252,0.3356360713324904
2010-09-09,TTE,TS,252,0.33309010587182714
2010-09-10,TTE,TS,252,0.33250046970103886
2010-09-13,TTE,TS,252,0.33358011652068204
2010-09-14,TTE,TS,252,0.3327945711509625
2010-09-15,TTE,TS,252,0.33306692738314125
2010-09-16,TTE,TS,252,0.3254189101070922
2010-09-17,TTE,TS,252,0.32390238933399373
2010-09-20,TTE,TS,252,0.3273722903814536
2010-09-21,TTE,TS,252,0.3361292029924061
2010-09-22,TTE,TS,252,0.33642516271517786
2010-09-23,TTE,TS,252,0.33570869475056747
2010-09-24,TTE,TS,252,0.33780565585802047
2010-09-27,TTE,TS,252,0.33801363138408663
2010-09-28,TTE,TS,252,0.33797873243122145
2010-09-29,TTE,TS,252,0.3374496280014201
2010-09-30,TTE,TS,252,0.3390094641117831
2010-10-01,TTE,TS,252,0.34176673056106077
2010-10-04,TTE,TS,252,0.34383339291384735
2010-10-05,TTE,TS,252,0.3432539692627702
2010-10-06,TTE,TS,252,0.34569109081211596
2010-10-07,TTE,TS,252,0.3457698835802405
2010-10-08,TTE,TS,252,0.3432009249914678
2010-10-11,TTE,TS,252,0.34617434080262866
2010-10-12,TTE,TS,252,0.34632586726042375
2010-10-13,TTE,TS,252,0.3488320639434494
2010-10-14,TTE,TS,252,0.34993309261679884
2010-10-15,TTE,TS,252,0.3499963989005278
2010-10-18,TTE,TS,252,0.35105464261624764
2010-10-19,TTE,TS,252,0.3518412091596512
2010-10-20,TTE,TS,252,0.3548824298050138
2010-10-21,TTE,TS,252,0.3549622081547984
2010-10-22,TTE,TS,252,0.35613936003781105
2010-10-25,TTE,TS,252,0.35615104545307014
2010-10-26,TTE,TS,252,0.35618397928678514
2010-10-27,TTE,TS,252,0.3567357829557879
2010-10-28,TTE,TS,252,0.35607732525374614
2010-10-29,TTE,TS,252,0.3562790711686659
2010-11-01,TTE,TS,252,0.3568756755691482
2010-11-02,TTE,TS,252,0.3575235554069837
2010-11-03,TTE,TS,252,0.35849244583033796
2010-11-04,TTE,TS,252,0.36020405904330355
2010-11-05,TTE,TS,252,0.36572671552840647
2010-11-08,TTE,TS,252,0.3698907481903423
2010-11-09,TTE,TS,252,0.37388904163230363
2010-11-10,TTE,TS,252,0.37610397775879995
2010-11-11,TTE,TS,252,0.37898486438310136
2010-11-12,TTE,TS,252,0.37457688862878413
2010-11-15,TTE,TS,252,0.37417645154298
2010-11-16,TTE,TS,252,0.38812359435366506
2010-11-17,TTE,TS,252,0.393402207951301
2010-11-18,TTE,TS,252,0.3943946307358244
2010-11-19,TTE,TS,252,0.3927101513865075
2010-11-22,TTE,TS,252,0.3936352232249178
2010-11-23,TTE,TS,252,0.39358659511086436
2010-11-24,TTE,TS,252,0.39698042800301986
2010-11-26,TTE,TS,252,0.3968968369215461
2010-11-29,TTE,TS,252,0.40087667220750817
2010-11-30,TTE,TS,252,0.4020152260611698
2010-12-01,TTE,TS,252,0.4013639497594975
2010-12-02,TTE,TS,252,0.4043574476895391
2010-12-03,TTE,TS,252,0.4053684781863786
2010-12-06,TTE,TS,252,0.40534388328256904
2010-12-07,TTE,TS,252,0.40789560627361365
2010-12-08,TTE,TS,252,0.408261359905912
2010-12-09,TTE,TS,252,0.408763369351545
2010-12-10,TTE,TS,252,0.40928437894173475
2010-12-13,TTE,TS,252,0.40886885785721955
2010-12-14,TTE,TS,252,0.4008320645031613
2010-12-15,TTE,TS,252,0.4005393865085037
2010-12-16,TTE,TS,252,0.3944427337323631
2010-12-17,TTE,TS,252,0.3961473683485178
2010-12-20,TTE,TS,252,0.395236348377811
2010-12-21,TTE,TS,252,0.3934760903016267
2010-12-22,TTE,TS,252,0.39372763378555997
2010-12-23,TTE,TS,252,0.39415104899184744
2010-12-27,TTE,TS,252,0.394268581677523
2010-12-28,TTE,TS,252,0.39469694225696833
2010-12-29,TTE,TS,252,0.3944587422951904
2010-12-30,TTE,TS,252,0.39588138899283426
2010-12-31,TTE,TS,252,0.396664593825735
2011-01-03,TTE,TS,252,0.39714473925218663
2011-01-04,TTE,TS,252,0.386069821895716
2011-01-05,TTE,TS,252,0.3860126445248711
2011-01-06,TTE,TS,252,0.3874954787862456
2011-01-07,TTE,TS,252,0.3874601169263768
2011-01-10,TTE,TS,252,0.38719346726758236
2011-01-11,TTE,TS,252,0.3893893439597096
2011-01-12,TTE,TS,252,0.39178711573847075
2011-01-13,TTE,TS,252,0.38171689027534605
2011-01-14,TTE,TS,252,0.38673834189737
2011-01-18,TTE,TS,252,0.3866641650305755
2011-01-19,TTE,TS,252,0.38660443313569715
2011-01-20,TTE,TS,252,0.38768572930159534
2011-01-21,TTE,TS,252,0.3872435112745509
2011-01-24,TTE,TS,252,0.38729758294134975
2011-01-25,TTE,TS,252,0.3874831155983894
2011-01-26,TTE,TS,252,0.3868034808604307
2011-01-27,TTE,TS,252,0.3867861975139039
2011-01-28,TTE,TS,252,0.38856683375893525
2011-01-31,TTE,TS,252,0.38847914140466705
2011-02-01,TTE,TS,252,0.3901571315505174
2011-02-02,TTE,TS,252,0.38873013455516825
2011-02-03,TTE,TS,252,0.38872652035930805
2011-02-04,TTE,TS,252,0.38421931369938706
2011-02-07,TTE,TS,252,0.3846111675800685
2011-02-08,TTE,TS,252,0.38476826872018727
2011-02-09,TTE,TS,252,0.3860345449627357
2011-02-10,TTE,TS,252,0.38576619393163913
2011-02-11,TTE,TS,252,0.3875146979433136
2011-02-14,TTE,TS,252,0.3861982373158724
2011-02-15,TTE,TS,252,0.3863365515517857
2011-02-16,TTE,TS,252,0.37603251549554473
2011-02-17,TTE,TS,252,0.3758730186177203
2011-02-18,TTE,TS,252,0.37568351951426066
2011-02-22,TTE,TS,252,0.37949712462747576
2011-02-23,TTE,TS,252,0.3794073275345738
2011-02-24,TTE,TS,252,0.3691166047373318
2011-02-25,TTE,TS,252,0.3695701586547787
2011-02-28,TTE,TS,252,0.36932344367533987
2011-03-01,TTE,TS,252,0.3262562981591129
2011-03-02,TTE,TS,252,0.3243394399172766
2011-03-03,TTE,TS,252,0.3192288594444519
2011-03-04,TTE,TS,252,0.318573133066459
2011-03-07,TTE,TS,252,0.31907594643251747
2011-03-08,TTE,TS,252,0.3195223416334394
2011-03-09,TTE,TS,252,0.319430784911482
2011-03-10,TTE,TS,252,0.33291489549440806
2011-03-11,TTE,TS,252,0.3373675398843712
2011-03-14,TTE,TS,252,0.3358259085436505
2011-03-15,TTE,TS,252,0.3380083628112103
2011-03-16,TTE,TS,252,0.3433021094170643
2011-03-17,TTE,TS,252,0.3421191718507248
2011-03-18,TTE,TS,252,0.3424529155246613
2011-03-21,TTE,TS,252,0.3418951018370155
2011-03-22,TTE,TS,252,0.33252821713790787
2011-03-23,TTE,TS,252,0.33257113296966584
2011-03-24,TTE,TS,252,0.333052973365158
2011-03-25,TTE,TS,252,0.3328113691548425
2011-03-28,TTE,TS,252,0.33489265259198575
2011-03-29,TTE,TS,252,0.33488941570951775
2011-03-30,TTE,TS,252,0.34121744576972673
2011-03-31,TTE,TS,252,0.34099281404890963
2011-04-01,TTE,TS,252,0.3422114719758909
2011-04-04,TTE,TS,252,0.34206561256862106
2011-04-05,TTE,TS,252,0.34539848651660104
2011-04-06,TTE,TS,252,0.34539398210715466
2011-04-07,TTE,TS,252,0.34748733140240856
2011-04-08,TTE,TS,252,0.3457166832768976
2011-04-11,TTE,TS,252,0.34461057431892167
2011-04-12,TTE,TS,252,0.34403963872157856
2011-04-13,TTE,TS,252,0.3458146758400385
2011-04-14,TTE,TS,252,0.3463359892106133
2011-04-15,TTE,TS,252,0.3449740798350363
2011-04-18,TTE,TS,252,0.3540426762070015
2011-04-19,TTE,TS,252,0.3555350860827476
2011-04-20,TTE,TS,252,0.35798502741100385
2011-04-21,TTE,TS,252,0.35470125991791124
2011-04-25,TTE,TS,252,0.33946263898430135
2011-04-26,TTE,TS,252,0.33590855256088886
2011-04-27,TTE,TS,252,0.3391032776289142
2011-04-28,TTE,TS,252,0.33907091148403856
2011-04-29,TTE,TS,252,0.3435043621704479
2011-05-02,TTE,TS,252,0.3494814932445611
2011-05-03,TTE,TS,252,0.3504916304396815
2011-05-04,TTE,TS,252,0.3530148220543265
2011-05-05,TTE,TS,252,0.35589452461941884
2011-05-06,TTE,TS,252,0.3545935114675415
2011-05-09,TTE,TS,252,0.35463650290649373
2011-05-10,TTE,TS,252,0.3317593150465792
2011-05-11,TTE,TS,252,0.3314990320026363
2011-05-12,TTE,TS,252,0.33801811336471205
2011-05-13,TTE,TS,252,0.3380228974633576
2011-05-16,TTE,TS,252,0.33141980616226085
2011-05-17,TTE,TS,252,0.3316708271842984
2011-05-18,TTE,TS,252,0.31604110444998296
2011-05-19,TTE,TS,252,0.3160665030892943
2011-05-20,TTE,TS,252,0.31347433455674983
2011-05-23,TTE,TS,252,0.30872293725080635
2011-05-24,TTE,TS,252,0.3129000017743438
2011-05-25,TTE,TS,252,0.3162481640020804
2011-05-26,TTE,TS,252,0.31772226770360634
2011-05-27,TTE,TS,252,0.3174580232567551
2011-05-31,TTE,TS,252,0.31700487382987463
2011-06-01,TTE,TS,252,0.30495365542570346
2011-06-02,TTE,TS,252,0.3283939268196122
2011-06-03,TTE,TS,252,0.33106698774463716
2011-06-06,TTE,TS,252,0.34295596094970393
2011-06-07,TTE,TS,252,0.34332715750252296
2011-06-08,TTE,TS,252,0.34782268561282187
2011-06-09,TTE,TS,252,0.3457547465643577
2011-06-10,TTE,TS,252,0.35541792962535707
2011-06-13,TTE,TS,252,0.35580485301205234
2011-06-14,TTE,TS,252,0.3622052918122267
2011-06-15,TTE,TS,252,0.36335155948856573
2011-06-16,TTE,TS,252,0.36094260107074283
2011-06-17,TTE,TS,252,0.3569479977514391
2011-06-20,TTE,TS,252,0.35860375936728456
2011-06-21,TTE,TS,252,0.35861617293553877
2011-06-22,TTE,TS,252,0.3484493220431857
2011-06-23,TTE,TS,252,0.3460630434845258
2011-06-24,TTE,TS,252,0.3460304503630598
2011-06-27,TTE,TS,252,0.34575675737125006
2011-06-28,TTE,TS,252,0.32135531112605253
2011-06-29,TTE,TS,252,0.32298464403102783
2011-06-30,TTE,TS,252,0.34306372580605005
2011-07-01,TTE,TS,252,0.34461017825132506
2011-07-05,TTE,TS,252,0.34459805925437376
2011-07-06,TTE,TS,252,0.32580657024478116
2011-07-07,TTE,TS,252,0.32025794008327596
2011-07-08,TTE,TS,252,0.31855817202945086
2011-07-11,TTE,TS,252,0.3155511164900145
2011-07-12,TTE,TS,252,0.3128218423194947
2011-07-13,TTE,TS,252,0.3078298631714489
2011-07-14,TTE,TS,252,0.30733091630714765
2011-07-15,TTE,TS,252,0.3081240046107721
2011-07-18,TTE,TS,252,0.3079882746709656
2011-07-19,TTE,TS,252,0.31298462075286554
2011-07-20,TTE,TS,252,0.30759125534557424
2011-07-21,TTE,TS,252,0.30895005208531423
2011-07-22,TTE,TS,252,0.30968645082030694
2011-07-25,TTE,TS,252,0.30963856421735103
2011-07-26,TTE,TS,252,0.3103326453642034
2011-07-27,TTE,TS,252,0.3190410141272287
2011-07-28,TTE,TS,252,0.31585678151184327
2011-07-29,TTE,TS,252,0.312639035365
2011-08-01,TTE,TS,252,0.2996097157030737
2011-08-02,TTE,TS,252,0.29911719459116565
2011-08-03,TTE,TS,252,0.30103546249150565
2011-08-04,TTE,TS,252,0.3417537186952891
2011-08-05,TTE,TS,252,0.3497245624858121
2011-08-08,TTE,TS,252,0.41060054746870006
2011-08-09,TTE,TS,252,0.4040672131914114
2011-08-10,TTE,TS,252,0.3726220196259731
2011-08-11,TTE,TS,252,0.3641096559666456
2011-08-12,TTE,TS,252,0.3632151884919432
2011-08-15,TTE,TS,252,0.3694534474564557
2011-08-16,TTE,TS,252,0.37073423318804544
2011-08-17,TTE,TS,252,0.3703378460419952
2011-08-18,TTE,TS,252,0.3915378307393602
2011-08-19,TTE,TS,252,0.39102020163046936
2011-08-22,TTE,TS,252,0.3914803772860967
2011-08-23,TTE,TS,252,0.3885625163498833
2011-08-24,TTE,TS,252,0.3871124884163648
2011-08-25,TTE,TS,252,0.3864562520441265
2011-08-26,TTE,TS,252,0.38726392350594335
2011-08-29,TTE,TS,252,0.38783278131234966
2011-08-30,TTE,TS,252,0.3879507344369503
2011-08-31,TTE,TS,252,0.37034874743483254
2011-09-01,TTE,TS,252,0.3469780192104109
2011-09-02,TTE,TS,252,0.34588511193626714
2011-09-06,TTE,TS,252,0.3663268402829725
2011-09-07,TTE,TS,252,0.3621448140347452
2011-09-08,TTE,TS,252,0.3639478216281
2011-09-09,TTE,TS,252,0.3653027252458713
2011-09-12,TTE,TS,252,0.3638062585456231
2011-09-13,TTE,TS,252,0.3641518434775267
2011-09-14,TTE,TS,252,0.3638868561301638
2011-09-15,TTE,TS,252,0.3631310064473788
2011-09-16,TTE,TS,252,0.36627573983678896
2011-09-19,TTE,TS,252,0.3609460786003955
2011-09-20,TTE,TS,252,0.36104644345905845
2011-09-21,TTE,TS,252,0.35588506347241256
2011-09-22,TTE,TS,252,0.347119103057957
2011-09-23,TTE,TS,252,0.3240285443147275
2011-09-26,TTE,TS,252,0.3305338717441238
2011-09-27,TTE,TS,252,0.33059463273394396
2011-09-28,TTE,TS,252,0.2931312973884911
2011-09-29,TTE,TS,252,0.28859908864056827
2011-09-30,TTE,TS,252,0.2855628567844986
2011-10-03,TTE,TS,252,0.2989309181813464
2011-10-04,TTE,TS,252,0.30997896526693836
2011-10-05,TTE,TS,252,0.314065439808671
2011-10-06,TTE,TS,252,0.31243042465279613
2011-10-07,TTE,TS,252,0.295101740345125
2011-10-10,TTE,TS,252,0.3078604378055087
2011-10-11,TTE,TS,252,0.3078826728292748
2011-10-12,TTE,TS,252,0.310809732614239
2011-10-13,TTE,TS,252,0.310845033906931
2011-10-14,TTE,TS,252,0.30951989603797353
2011-10-17,TTE,TS,252,0.30880301579386343
2011-10-18,TTE,TS,252,0.3121661563232115
2011-10-19,TTE,TS,252,0.309393197795494
2011-10-20,TTE,TS,252,0.3092707579672239
2011-10-21,TTE,TS,252,0.30797012852149297
2011-10-24,TTE,TS,252,0.31877994763865836
2011-10-25,TTE,TS,252,0.31899282028553705
2011-10-26,TTE,TS,252,0.3188153648764993
2011-10-27,TTE,TS,252,0.35105502564332997
2011-10-28,TTE,TS,252,0.3510503693717676
2011-10-31,TTE,TS,252,0.3708830114300721
2011-11-01,TTE,TS,252,0.36884568668123224
2011-11-02,TTE,TS,252,0.36673971886917706
2011-11-03,TTE,TS,252,0.3318016859349644
2011-11-04,TTE,TS,252,0.3310964669938901
2011-11-07,TTE,TS,252,0.3311307749813315
2011-11-08,TTE,TS,252,0.3311017956220582
2011-11-09,TTE,TS,252,0.33086671432000186
2011-11-10,TTE,TS,252,0.3307590464992572
2011-11-11,TTE,TS,252,0.3315892323987743
2011-11-14,TTE,TS,252,0.33083755137102755
2011-11-15,TTE,TS,252,0.31984983882565277
2011-11-16,TTE,TS,252,0.32057625181357535
2011-11-17,TTE,TS,252,0.32059786826667924
2011-11-18,TTE,TS,252,0.3194019467136672
2011-11-21,TTE,TS,252,0.3228235451528762
2011-11-22,TTE,TS,252,0.32196836214475594
2011-11-23,TTE,TS,252,0.321147745563006
2011-11-25,TTE,TS,252,0.3209466134819617
2011-11-28,TTE,TS,252,0.31133084647500947
2011-11-29,TTE,TS,252,0.3099865832895687
2011-11-30,TTE,TS,252,0.3281095767962157
2011-12-01,TTE,TS,252,0.32624271621706535
2011-12-02,TTE,TS,252,0.324922981167253
2011-12-05,TTE,TS,252,0.3239337080517557
2011-12-06,TTE,TS,252,0.3242886107151479
2011-12-07,TTE,TS,252,0.32409141472936087
2011-12-08,TTE,TS,252,0.32186076491048066
2011-12-09,TTE,TS,252,0.31785522560621826
2011-12-12,TTE,TS,252,0.31754047528701945
2011-12-13,TTE,TS,252,0.32289075158352554
2011-12-14,TTE,TS,252,0.32826863087541136
2011-12-15,TTE,TS,252,0.32859644133211413
2011-12-16,TTE,TS,252,0.3265998491488017
2011-12-19,TTE,TS,252,0.3267939291679144
2011-12-20,TTE,TS,252,0.32615343418092924
2011-12-21,TTE,TS,252,0.3257902534779009
2011-12-22,TTE,TS,252,0.3266590421663348
2011-12-23,TTE,TS,252,0.3275245364487916
2011-12-27,TTE,TS,252,0.32713758686191824
2011-12-28,TTE,TS,252,0.3269762686426408
2011-12-29,TTE,TS,252,0.32677819916104023
2011-12-30,TTE,TS,252,0.3272560530928095
2012-01-03,TTE,TS,252,0.3225165280786154
2012-01-04,TTE,TS,252,0.3299891255659208
2012-01-05,TTE,TS,252,0.3288748390875158
2012-01-06,TTE,TS,252,0.32742038544783614
2012-01-09,TTE,TS,252,0.3274229008581965
2012-01-10,TTE,TS,252,0.32726682868864315
2012-01-11,TTE,TS,252,0.3266850403613881
2012-01-12,TTE,TS,252,0.32524103756396877
2012-01-13,TTE,TS,252,0.33833789501406114
2012-01-17,TTE,TS,252,0.33437209926826666
2012-01-18,TTE,TS,252,0.33383670607858756
2012-01-19,TTE,TS,252,0.33590086693408067
2012-01-20,TTE,TS,252,0.33547041519001497
2012-01-23,TTE,TS,252,0.33819157832416985
2012-01-24,TTE,TS,252,0.33815878775492186
2012-01-25,TTE,TS,252,0.3381460827803782
2012-01-26,TTE,TS,252,0.3363876348461131
2012-01-27,TTE,TS,252,0.3372418080481455
2012-01-30,TTE,TS,252,0.3364080928484464
2012-01-31,TTE,TS,252,0.3366394858678182
2012-02-01,TTE,TS,252,0.33538577232718364
2012-02-02,TTE,TS,252,0.3335714427848303
2012-02-03,TTE,TS,252,0.33362835159385706
2012-02-06,TTE,TS,252,0.3334311755613134
2012-02-07,TTE,TS,252,0.33330486447069774
2012-02-08,TTE,TS,252,0.33327073227084425
2012-02-09,TTE,TS,252,0.33272531028446367
2012-02-10,TTE,TS,252,0.3321024148387666
2012-02-13,TTE,TS,252,0.3336663586564071
2012-02-14,TTE,TS,252,0.33409396965681404
2012-02-15,TTE,TS,252,0.3340925918416632
2012-02-16,TTE,TS,252,0.3345380344377759
2012-02-17,TTE,TS,252,0.33465823207599527
2012-02-21,TTE,TS,252,0.33607287074527453
2012-02-22,TTE,TS,252,0.33155450771416883
2012-02-23,TTE,TS,252,0.33025104399292754
2012-02-24,TTE,TS,252,0.3343297082801917
2012-02-27,TTE,TS,252,0.3346223689157432
2012-02-28,TTE,TS,252,0.3341557466602065
2012-02-29,TTE,TS,252,0.3330393999984923
2012-03-01,TTE,TS,252,0.33024269203270373
2012-03-02,TTE,TS,252,0.33043504726156314
2012-03-05,TTE,TS,252,0.330699523882882
2012-03-06,TTE,TS,252,0.3284955234082814
2012-03-07,TTE,TS,252,0.3197761962538241
2012-03-08,TTE,TS,252,0.3179944413288983
2012-03-09,TTE,TS,252,0.3098012065585737
2012-03-12,TTE,TS,252,0.3095156796051843
2012-03-13,TTE,TS,252,0.30967262205615803
2012-03-14,TTE,TS,252,0.3042214540589668
2012-03-15,TTE,TS,252,0.3006840785922723
2012-03-16,TTE,TS,252,0.30111029091696434
2012-03-19,TTE,TS,252,0.3009905925689983
2012-03-20,TTE,TS,252,0.30027915158732693
2012-03-21,TTE,TS,252,0.30934748205337526
2012-03-22,TTE,TS,252,0.31228669258537084
2012-03-23,TTE,TS,252,0.3122714842020981
2012-03-26,TTE,TS,252,0.3151124436641594
2012-03-27,TTE,TS,252,0.3161188399332577
2012-03-28,TTE,TS,252,0.3157813878742237
2012-03-29,TTE,TS,252,0.31560216384170187
2012-03-30,TTE,TS,252,0.31577156113550736
2012-04-02,TTE,TS,252,0.31486943983345717
2012-04-03,TTE,TS,252,0.3139182653030591
2012-04-04,TTE,TS,252,0.31321253491720297
2012-04-05,TTE,TS,252,0.3101914225508933
2012-04-09,TTE,TS,252,0.3096645119193977
2012-04-10,TTE,TS,252,0.30902048032814383
2012-04-11,TTE,TS,252,0.3086324385496795
2012-04-12,TTE,TS,252,0.30422934299161597
2012-04-13,TTE,TS,252,0.31070779509472674
2012-04-16,TTE,TS,252,0.31024566908210216
2012-04-17,TTE,TS,252,0.3109280681415985
2012-04-18,TTE,TS,252,0.30540815765326296
2012-04-19,TTE,TS,252,0.3085742779575325
2012-04-20,TTE,TS,252,0.3085997263937876
2012-04-23,TTE,TS,252,0.30858453480503034
2012-04-24,TTE,TS,252,0.3166950588763564
2012-04-25,TTE,TS,252,0.3156479009946095
2012-04-26,TTE,TS,252,0.31361922774162515
2012-04-27,TTE,TS,252,0.31367805175205066
2012-04-30,TTE,TS,252,0.313526022826333
2012-05-01,TTE,TS,252,0.3144903597790245
2012-05-02,TTE,TS,252,0.3166313352377596
2012-05-03,TTE,TS,252,0.3129431015410728
2012-05-04,TTE,TS,252,0.3163253588881345
2012-05-07,TTE,TS,252,0.31918952579038506
2012-05-08,TTE,TS,252,0.3194044319280052
2012-05-09,TTE,TS,252,0.3193883725362448
2012-05-10,TTE,TS,252,0.3194278505984644
2012-05-11,TTE,TS,252,0.3194396188145087
2012-05-14,TTE,TS,252,0.31914422145567617
2012-05-15,TTE,TS,252,0.3240509191538014
2012-05-16,TTE,TS,252,0.3244739578320797
2012-05-17,TTE,TS,252,0.3243736095282022
2012-05-18,TTE,TS,252,0.32403326499146495
2012-05-21,TTE,TS,252,0.3234210296978052
2012-05-22,TTE,TS,252,0.3262024759600193
2012-05-23,TTE,TS,252,0.32573386057908826
2012-05-24,TTE,TS,252,0.325443126861883
2012-05-25,TTE,TS,252,0.32578114857916873
2012-05-29,TTE,TS,252,0.324948144748627
2012-05-30,TTE,TS,252,0.3320511764578007
2012-05-31,TTE,TS,252,0.33054481613619663
2012-06-01,TTE,TS,252,0.3301171291055178
2012-06-04,TTE,TS,252,0.32887292078884595
2012-06-05,TTE,TS,252,0.32790553550778506
2012-06-06,TTE,TS,252,0.32664574856461065
2012-06-07,TTE,TS,252,0.3276515266465203
2012-06-08,TTE,TS,252,0.3276107623775687
2012-06-11,TTE,TS,252,0.32497313677582695
2012-06-12,TTE,TS,252,0.32452284078612476
2012-06-13,TTE,TS,252,0.31963312064425686
2012-06-14,TTE,TS,252,0.3203430202541821
2012-06-15,TTE,TS,252,0.3223930392018595
2012-06-18,TTE,TS,252,0.3226241332451091
2012-06-19,TTE,TS,252,0.32083596691240407
2012-06-20,TTE,TS,252,0.3212069014859168
2012-06-21,TTE,TS,252,0.32558032094362716
2012-06-22,TTE,TS,252,0.32482952939121923
2012-06-25,TTE,TS,252,0.3279677910187575
2012-06-26,TTE,TS,252,0.32810548462832606
2012-06-27,TTE,TS,252,0.32667300382849135
2012-06-28,TTE,TS,252,0.32696938398094244
2012-06-29,TTE,TS,252,0.32525205105603217
2012-07-02,TTE,TS,252,0.3251373015586249
2012-07-03,TTE,TS,252,0.3244334391648375
2012-07-05,TTE,TS,252,0.32354355246130073
2012-07-06,TTE,TS,252,0.32366347326440614
2012-07-09,TTE,TS,252,0.32403816690711545
2012-07-10,TTE,TS,252,0.3252641030692641
2012-07-11,TTE,TS,252,0.3253440570612953
2012-07-12,TTE,TS,252,0.3274178900175264
2012-07-13,TTE,TS,252,0.3266620354165685
2012-07-16,TTE,TS,252,0.32192098061836505
2012-07-17,TTE,TS,252,0.3220305480677051
2012-07-18,TTE,TS,252,0.3221713967220411
2012-07-19,TTE,TS,252,0.32267139827638974
2012-07-20,TTE,TS,252,0.31829916191001284
2012-07-23,TTE,TS,252,0.3187702387822096
2012-07-24,TTE,TS,252,0.320747189584306
2012-07-25,TTE,TS,252,0.32116667380995645
2012-07-26,TTE,TS,252,0.31580598933880977
2012-07-27,TTE,TS,252,0.3169880664530527
2012-07-30,TTE,TS,252,0.3183920757357737
2012-07-31,TTE,TS,252,0.3182656966823436
2012-08-01,TTE,TS,252,0.304538691699131
2012-08-02,TTE,TS,252,0.30469662685105514
2012-08-03,TTE,TS,252,0.28456666982165657
2012-08-06,TTE,TS,252,0.28236840831468196
2012-08-07,TTE,TS,252,0.24365555027394462
2012-08-08,TTE,TS,252,0.24588961461020103
2012-08-09,TTE,TS,252,0.2534424849459934
2012-08-10,TTE,TS,252,0.25804768427933794
2012-08-13,TTE,TS,252,0.2584595123605619
2012-08-14,TTE,TS,252,0.2544208846882813
2012-08-15,TTE,TS,252,0.2543840483809932
2012-08-16,TTE,TS,252,0.2544319837271891
2012-08-17,TTE,TS,252,0.23540269032576916
2012-08-20,TTE,TS,252,0.23210347229884773
2012-08-21,TTE,TS,252,0.23259333434635157
2012-08-22,TTE,TS,252,0.2327333023457681
2012-08-23,TTE,TS,252,0.23461116789746392
2012-08-24,TTE,TS,252,0.2346462046291684
2012-08-27,TTE,TS,252,0.23474489647834504
2012-08-28,TTE,TS,252,0.23483210926062256
2012-08-29,TTE,TS,252,0.23503069112344419
2012-08-30,TTE,TS,252,0.23526770049061788
2012-08-31,TTE,TS,252,0.24912541621943504
2012-09-04,TTE,TS,252,0.24976500029540546
2012-09-05,TTE,TS,252,0.23087074138716937
2012-09-06,TTE,TS,252,0.23232986851240878
2012-09-07,TTE,TS,252,0.23311073216535713
2012-09-10,TTE,TS,252,0.23215015568104033
2012-09-11,TTE,TS,252,0.23231546033125897
2012-09-12,TTE,TS,252,0.23254221889780113
2012-09-13,TTE,TS,252,0.2324407503361718
2012-09-14,TTE,TS,252,0.2391707914907468
2012-09-17,TTE,TS,252,0.23801320433396214
2012-09-18,TTE,TS,252,0.2415378749702723
2012-09-19,TTE,TS,252,0.24067704822239366
2012-09-20,TTE,TS,252,0.24255174510668476
2012-09-21,TTE,TS,252,0.24671826846548822
2012-09-24,TTE,TS,252,0.26087021486303963
2012-09-25,TTE,TS,252,0.2558413487711245
2012-09-26,TTE,TS,252,0.2558944909716165
2012-09-27,TTE,TS,252,0.28931799565242633
2012-09-28,TTE,TS,252,0.2926807685539183
2012-10-01,TTE,TS,252,0.2890349051631788
2012-10-02,TTE,TS,252,0.27180609073038114
2012-10-03,TTE,TS,252,0.262412261993043
2012-10-04,TTE,TS,252,0.25501484463135976
2012-10-05,TTE,TS,252,0.2563674887045787
2012-10-08,TTE,TS,252,0.27862307944965836
2012-10-09,TTE,TS,252,0.26559337863845806
2012-10-10,TTE,TS,252,0.26800386041000274
2012-10-11,TTE,TS,252,0.26491011191251157
2012-10-12,TTE,TS,252,0.26503359490028994
2012-10-15,TTE,TS,252,0.2659352095716756
2012-10-16,TTE,TS,252,0.2664600485654755
2012-10-17,TTE,TS,252,0.2670704428596608
2012-10-18,TTE,TS,252,0.2661294543390032
2012-10-19,TTE,TS,252,0.2693484787593696
2012-10-22,TTE,TS,252,0.270299222525937
2012-10-23,TTE,TS,252,0.26248939388147174
2012-10-24,TTE,TS,252,0.26244072142506236
2012-10-25,TTE,TS,252,0.26318767089891276
2012-10-26,TTE,TS,252,0.22007003363932964
2012-10-31,TTE,TS,252,0.21890770641887408
2012-11-01,TTE,TS,252,0.18637172987489414
2012-11-02,TTE,TS,252,0.18786657581950744
2012-11-05,TTE,TS,252,0.1888903663713022
2012-11-06,TTE,TS,252,0.23052430931101442
2012-11-07,TTE,TS,252,0.2308800508916731
2012-11-08,TTE,TS,252,0.23116686003308037
2012-11-09,TTE,TS,252,0.2312104661756099
2012-11-12,TTE,TS,252,0.22979069319910664
2012-11-13,TTE,TS,252,0.22989943810706656
2012-11-14,TTE,TS,252,0.23198279483276826
2012-11-15,TTE,TS,252,0.20969292345654758
2012-11-16,TTE,TS,252,0.20947659596356497
2012-11-19,TTE,TS,252,0.20877733259104417
2012-11-20,TTE,TS,252,0.20944557291906546
2012-11-21,TTE,TS,252,0.2124807931261119
2012-11-23,TTE,TS,252,0.20779005838083034
2012-11-26,TTE,TS,252,0.2091138795765117
2012-11-27,TTE,TS,252,0.21011289826603197
2012-11-28,TTE,TS,252,0.20970808932119647
2012-11-29,TTE,TS,252,0.2171302535411099
2012-11-30,TTE,TS,252,0.21853549214410306
2012-12-03,TTE,TS,252,0.18725069036077388
2012-12-04,TTE,TS,252,0.18724457375162024
2012-12-05,TTE,TS,252,0.18756294894082035
2012-12-06,TTE,TS,252,0.18870538747216906
2012-12-07,TTE,TS,252,0.1881414722915644
2012-12-10,TTE,TS,252,0.18581922053622593
2012-12-11,TTE,TS,252,0.18814890486588176
2012-12-12,TTE,TS,252,0.2008892618170185
2012-12-13,TTE,TS,252,0.1999000647113253
2012-12-14,TTE,TS,252,0.19876357009593548
2012-12-17,TTE,TS,252,0.18557577620342083
2012-12-18,TTE,TS,252,0.19396211896922724
2012-12-19,TTE,TS,252,0.19643105819817727
2012-12-20,TTE,TS,252,0.19101792371677842
2012-12-21,TTE,TS,252,0.19356845819901114
2012-12-24,TTE,TS,252,0.1942058407044538
2012-12-26,TTE,TS,252,0.19268391373581004
2012-12-27,TTE,TS,252,0.19206250480525713
2012-12-28,TTE,TS,252,0.20042062187872772
2012-12-31,TTE,TS,252,0.20294944556958602
2013-01-02,TTE,TS,252,0.20274546981947184
2013-01-03,TTE,TS,252,0.20178911117840517
2013-01-04,TTE,TS,252,0.20752125867435087
2013-01-07,TTE,TS,252,0.2067278210031357
2013-01-08,TTE,TS,252,0.20836074100195145
2013-01-09,TTE,TS,252,0.20860730758531779
2013-01-10,TTE,TS,252,0.20855459500650153
2013-01-11,TTE,TS,252,0.21088433137814505
2013-01-14,TTE,TS,252,0.21156779553492627
2013-01-15,TTE,TS,252,0.21153951666378598
2013-01-16,TTE,TS,252,0.20716548036199028
2013-01-17,TTE,TS,252,0.2071816011963527
2013-01-18,TTE,TS,252,0.20811412989226552
2013-01-22,TTE,TS,252,0.20094003706679237
2013-01-23,TTE,TS,252,0.19876795622372304
2013-01-24,TTE,TS,252,0.19950669609843083
2013-01-25,TTE,TS,252,0.20073975454465506
2013-01-28,TTE,TS,252,0.2017312981940878
2013-01-29,TTE,TS,252,0.20539931840255718
2013-01-30,TTE,TS,252,0.20524567656773846
2013-01-31,TTE,TS,252,0.2047440756821618
2013-02-01,TTE,TS,252,0.20466888739164688
2013-02-04,TTE,TS,252,0.2143359983516235
2013-02-05,TTE,TS,252,0.21585479970114288
2013-02-06,TTE,TS,252,0.21830918668404567
2013-02-07,TTE,TS,252,0.22305364103017408
2013-02-08,TTE,TS,252,0.22331041707899735
2013-02-11,TTE,TS,252,0.22498664289245807
2013-02-12,TTE,TS,252,0.22564580440517742
2013-02-13,TTE,TS,252,0.22649844999059332
2013-02-14,TTE,TS,252,0.22479871376054025
2013-02-15,TTE,TS,252,0.22437759492607742
2013-02-19,TTE,TS,252,0.22434033810835705
2013-02-20,TTE,TS,252,0.22403164610529813
2013-02-21,TTE,TS,252,0.22450749035671944
2013-02-22,TTE,TS,252,0.22227421895506375
2013-02-25,TTE,TS,252,0.1901741712776385
2013-02-26,TTE,TS,252,0.17852782524039196
2013-02-27,TTE,TS,252,0.1894282721455431
2013-02-28,TTE,TS,252,0.18989509896630946
2013-03-01,TTE,TS,252,0.19063341473278095
2013-03-04,TTE,TS,252,0.19089648488897382
2013-03-05,TTE,TS,252,0.19560347875538983
2013-03-06,TTE,TS,252,0.19600376140905484
2013-03-07,TTE,TS,252,0.19653639866723996
2013-03-08,TTE,TS,252,0.19966799326185627
2013-03-11,TTE,TS,252,0.21112428025968308
2013-03-12,TTE,TS,252,0.2139192486376097
2013-03-13,TTE,TS,252,0.21499789341826048
2013-03-14,TTE,TS,252,0.21919327600540164
2013-03-15,TTE,TS,252,0.2199036205073443
2013-03-18,TTE,TS,252,0.22398155699483657
2013-03-19,TTE,TS,252,0.22234393381795484
2013-03-20,TTE,TS,252,0.22256051685423414
2013-03-21,TTE,TS,252,0.2232265603675895
2013-03-22,TTE,TS,252,0.2250277431423111
2013-03-25,TTE,TS,252,0.22141698742526414
2013-03-26,TTE,TS,252,0.21288693648209953
2013-03-27,TTE,TS,252,0.21292532592529842
2013-03-28,TTE,TS,252,0.2066516893534387
2013-04-01,TTE,TS,252,0.1936112134488243
2013-04-02,TTE,TS,252,0.19637541793319985
2013-04-03,TTE,TS,252,0.19485479357328184
2013-04-04,TTE,TS,252,0.19449563168515815
2013-04-05,TTE,TS,252,0.19449640221806982
2013-04-08,TTE,TS,252,0.1958984208098628
2013-04-09,TTE,TS,252,0.19687118923578312
2013-04-10,TTE,TS,252,0.20130767465529475
2013-04-11,TTE,TS,252,0.20318217514400524
2013-04-12,TTE,TS,252,0.2045968013819587
2013-04-15,TTE,TS,252,0.20298747347025442
2013-04-16,TTE,TS,252,0.2096003386050716
2013-04-17,TTE,TS,252,0.19445997012588945
2013-04-18,TTE,TS,252,0.18532525634331082
2013-04-19,TTE,TS,252,0.1857303648998024
2013-04-22,TTE,TS,252,0.18801105327651862
2013-04-23,TTE,TS,252,0.18332939719940367
2013-04-24,TTE,TS,252,0.1890313737514288
2013-04-25,TTE,TS,252,0.1889558832619881
2013-04-26,TTE,TS,252,0.18945332469570664
2013-04-29,TTE,TS,252,0.1910215191026571
2013-04-30,TTE,TS,252,0.1924940645155586
2013-05-01,TTE,TS,252,0.1899758450310208
2013-05-02,TTE,TS,252,0.18882668435027677
2013-05-03,TTE,TS,252,0.18777749455069795
2013-05-06,TTE,TS,252,0.18136344735210203
2013-05-07,TTE,TS,252,0.18493875815359506
2013-05-08,TTE,TS,252,0.17189339877675472
2013-05-09,TTE,TS,252,0.17086250651411028
2013-05-10,TTE,TS,252,0.16814690069260207
2013-05-13,TTE,TS,252,0.16814850168110884
2013-05-14,TTE,TS,252,0.16810131514380883
2013-05-15,TTE,TS,252,0.1679158577655003
2013-05-16,TTE,TS,252,0.16812071790357833
2013-05-17,TTE,TS,252,0.1681909318703388
2013-05-20,TTE,TS,252,0.16532257567086608
2013-05-21,TTE,TS,252,0.1651201717896013
2013-05-22,TTE,TS,252,0.16532269902825267
2013-05-23,TTE,TS,252,0.16666756756173434
2013-05-24,TTE,TS,252,0.16619463052241512
2013-05-28,TTE,TS,252,0.16715261259413802
2013-05-29,TTE,TS,252,0.16786677437564912
2013-05-30,TTE,TS,252,0.1674642758145429
2013-05-31,TTE,TS,252,0.16923824135135393
2013-06-03,TTE,TS,252,0.15002183534022812
2013-06-04,TTE,TS,252,0.15162910283466954
2013-06-05,TTE,TS,252,0.15183695097673597
2013-06-06,TTE,TS,252,0.15267985889722177
2013-06-07,TTE,TS,252,0.15268498846412457
2013-06-10,TTE,TS,252,0.15512900530371826
2013-06-11,TTE,TS,252,0.157135740454379
2013-06-12,TTE,TS,252,0.15749816231796737
2013-06-13,TTE,TS,252,0.15752100097994232
2013-06-14,TTE,TS,252,0.15529871512434792
2013-06-17,TTE,TS,252,0.16430978335131635
2013-06-18,TTE,TS,252,0.16408683815275676
2013-06-19,TTE,TS,252,0.15927613479060948
2013-06-20,TTE,TS,252,0.1779554990929894
2013-06-21,TTE,TS,252,0.18298367573969218
2013-06-24,TTE,TS,252,0.18563323586113706
2013-06-25,TTE,TS,252,0.18685178156291526
2013-06-26,TTE,TS,252,0.18712220156529935
2013-06-27,TTE,TS,252,0.1844035897715838
2013-06-28,TTE,TS,252,0.1825319132499685
2013-07-01,TTE,TS,252,0.18432545309124682
2013-07-02,TTE,TS,252,0.1737750861266201
2013-07-03,TTE,TS,252,0.17658898619191185
2013-07-05,TTE,TS,252,0.17704251931299586
2013-07-08,TTE,TS,252,0.17884612949632275
2013-07-09,TTE,TS,252,0.18025861578179733
2013-07-10,TTE,TS,252,0.18036415319119245
2013-07-11,TTE,TS,252,0.1839099455041376
2013-07-12,TTE,TS,252,0.18370798008127362
2013-07-15,TTE,TS,252,0.1836742799937339
2013-07-16,TTE,TS,252,0.18349872258391076
2013-07-17,TTE,TS,252,0.1858725881120246
2013-07-18,TTE,TS,252,0.19354059754406747
2013-07-19,TTE,TS,252,0.1940889628689105
2013-07-22,TTE,TS,252,0.1937076279107252
2013-07-23,TTE,TS,252,0.19506750471890835
2013-07-24,TTE,TS,252,0.1950847544054271
2013-07-25,TTE,TS,252,0.19074282318239405
2013-07-26,TTE,TS,252,0.18346812360858059
2013-07-29,TTE,TS,252,0.18466229183713864
2013-07-30,TTE,TS,252,0.19058825346196148
2013-07-31,TTE,TS,252,0.1916156070572134
2013-08-01,TTE,TS,252,0.19126563883057665
2013-08-02,TTE,TS,252,0.19102840449176592
2013-08-05,TTE,TS,252,0.2006537791108856
2013-08-06,TTE,TS,252,0.19951858503422726
2013-08-07,TTE,TS,252,0.20231589771873118
2013-08-08,TTE,TS,252,0.2004305052163495
2013-08-09,TTE,TS,252,0.19639790953421207
2013-08-12,TTE,TS,252,0.1964446412646525
2013-08-13,TTE,TS,252,0.19611421271393537
2013-08-14,TTE,TS,252,0.19592750490076913
2013-08-15,TTE,TS,252,0.19597355271923686
2013-08-16,TTE,TS,252,0.1958992874626008
2013-08-19,TTE,TS,252,0.19564439065178135
2013-08-20,TTE,TS,252,0.1971172146931067
2013-08-21,TTE,TS,252,0.1970217006446761
2013-08-22,TTE,TS,252,0.19616655470754765
2013-08-23,TTE,TS,252,0.19454722228784424
2013-08-26,TTE,TS,252,0.19414556656423554
2013-08-27,TTE,TS,252,0.1772714252868529
2013-08-28,TTE,TS,252,0.17977234859556096
2013-08-29,TTE,TS,252,0.18252432604223287
2013-08-30,TTE,TS,252,0.18333729541830124
2013-09-03,TTE,TS,252,0.18290688150516143
2013-09-04,TTE,TS,252,0.18382232453675848
2013-09-05,TTE,TS,252,0.18561665442830486
2013-09-06,TTE,TS,252,0.1856069917993663
2013-09-09,TTE,TS,252,0.18434820843605734
2013-09-10,TTE,TS,252,0.18489636766733658
2013-09-11,TTE,TS,252,0.17914535877642285
2013-09-12,TTE,TS,252,0.1796500346409216
2013-09-13,TTE,TS,252,0.17920165087582615
2013-09-16,TTE,TS,252,0.1789985152906075
2013-09-17,TTE,TS,252,0.17953426262906388
2013-09-18,TTE,TS,252,0.16595882944293142
2013-09-19,TTE,TS,252,0.16810004158222933
2013-09-20,TTE,TS,252,0.16074371649936
2013-09-23,TTE,TS,252,0.15684404874475683
2013-09-24,TTE,TS,252,0.15959106015062385
2013-09-25,TTE,TS,252,0.1589681259193357
2013-09-26,TTE,TS,252,0.15843178484947124
2013-09-27,TTE,TS,252,0.1452418258250579
2013-09-30,TTE,TS,252,0.14523398324261613
2013-10-01,TTE,TS,252,0.14659344423187742
2013-10-02,TTE,TS,252,0.14713813209597706
2013-10-03,TTE,TS,252,0.1544233410033372
2013-10-04,TTE,TS,252,0.15367322419009916
2013-10-07,TTE,TS,252,0.15412806142810587
2013-10-08,TTE,TS,252,0.15012500872308582
2013-10-09,TTE,TS,252,0.14948746117234737
2013-10-10,TTE,TS,252,0.15277076647757548
2013-10-11,TTE,TS,252,0.1528868052201465
2013-10-14,TTE,TS,252,0.1459041366567639
2013-10-15,TTE,TS,252,0.14638364525411543
2013-10-16,TTE,TS,252,0.14758742076726866
2013-10-17,TTE,TS,252,0.1475449413659587
2013-10-18,TTE,TS,252,0.14649476916263957
2013-10-21,TTE,TS,252,0.13528348357520661
2013-10-22,TTE,TS,252,0.13152774526649214
2013-10-23,TTE,TS,252,0.13135867387443032
2013-10-24,TTE,TS,252,0.1338514832883528
2013-10-25,TTE,TS,252,0.12120300726782829
2013-10-28,TTE,TS,252,0.12113615114135809
2013-10-29,TTE,TS,252,0.12073615129180526
2013-10-30,TTE,TS,252,0.12059774923921886
2013-10-31,TTE,TS,252,0.1257447593958164
2013-11-01,TTE,TS,252,0.12537732180632224
2013-11-04,TTE,TS,252,0.12545244048340287
2013-11-05,TTE,TS,252,0.12554170781657906
2013-11-06,TTE,TS,252,0.12397159012218043
2013-11-07,TTE,TS,252,0.11732305097806366
2013-11-08,TTE,TS,252,0.112721598821898
2013-11-11,TTE,TS,252,0.11146734490152051
2013-11-12,TTE,TS,252,0.11085273124782376
2013-11-13,TTE,TS,252,0.11134117660518192
2013-11-14,TTE,TS,252,0.11125327239642234
2013-11-15,TTE,TS,252,0.14511728881444844
2013-11-18,TTE,TS,252,0.14758433909534552
2013-11-19,TTE,TS,252,0.13854738291972538
2013-11-20,TTE,TS,252,0.13704207545405322
2013-11-21,TTE,TS,252,0.13425921622373213
2013-11-22,TTE,TS,252,0.1314616535447404
2013-11-25,TTE,TS,252,0.13028812325667094
2013-11-26,TTE,TS,252,0.1273691140453878
2013-11-27,TTE,TS,252,0.12716834233017596
2013-11-29,TTE,TS,252,0.12735662518140356
2013-12-02,TTE,TS,252,0.12595526332585358
2013-12-03,TTE,TS,252,0.12630096420079945
2013-12-04,TTE,TS,252,0.13067351769044233
2013-12-05,TTE,TS,252,0.13033014340724136
2013-12-06,TTE,TS,252,0.1321785924374042
2013-12-09,TTE,TS,252,0.13243789206333467
2013-12-10,TTE,TS,252,0.14325180987533076
2013-12-11,TTE,TS,252,0.14188407900379627
2013-12-12,TTE,TS,252,0.12854966892300074
2013-12-13,TTE,TS,252,0.1308666887983598
2013-12-16,TTE,TS,252,0.13702407689642643
2013-12-17,TTE,TS,252,0.13652449889374563
2013-12-18,TTE,TS,252,0.12301128827780096
2013-12-19,TTE,TS,252,0.12561375742475023
2013-12-20,TTE,TS,252,0.12958379477297943
2013-12-23,TTE,TS,252,0.12761957599806875
2013-12-24,TTE,TS,252,0.12731978066412994
2013-12-26,TTE,TS,252,0.12741959176031417
2013-12-27,TTE,TS,252,0.1281199288823699
2013-12-30,TTE,TS,252,0.11216994367987618
2013-12-31,TTE,TS,252,0.10774521353390798
2014-01-02,TTE,TS,252,0.11446649062378038
2014-01-03,TTE,TS,252,0.11438129496164888
2014-01-06,TTE,TS,252,0.11709469566001893
2014-01-07,TTE,TS,252,0.11771480726063843
2014-01-08,TTE,TS,252,0.11921615692638836
2014-01-09,TTE,TS,252,0.11787740769175534
2014-01-10,TTE,TS,252,0.11745205672047353
2014-01-13,TTE,TS,252,0.11735504809640086
2014-01-14,TTE,TS,252,0.12498190309671063
2014-01-15,TTE,TS,252,0.12457257057147517
2014-01-16,TTE,TS,252,0.12486234027299126
2014-01-17,TTE,TS,252,0.12479007950596996
2014-01-21,TTE,TS,252,0.12891176993286213
2014-01-22,TTE,TS,252,0.12802031645386505
2014-01-23,TTE,TS,252,0.13188945957467735
2014-01-24,TTE,TS,252,0.13847907918211114
2014-01-27,TTE,TS,252,0.13775129162783226
2014-01-28,TTE,TS,252,0.13398136668509503
2014-01-29,TTE,TS,252,0.1344531919019317
2014-01-30,TTE,TS,252,0.13580057913435328
2014-01-31,TTE,TS,252,0.13734089320911502
2014-02-03,TTE,TS,252,0.1496077883692008
2014-02-04,TTE,TS,252,0.13225188606234498
2014-02-05,TTE,TS,252,0.1286530145622882
2014-02-06,TTE,TS,252,0.13884862318141517
2014-02-07,TTE,TS,252,0.13372837562220835
2014-02-10,TTE,TS,252,0.1338874892745196
2014-02-11,TTE,TS,252,0.13785250693063178
2014-02-12,TTE,TS,252,0.1382129674903051
2014-02-13,TTE,TS,252,0.1392342023743648
2014-02-14,TTE,TS,252,0.1397701242896601
2014-02-18,TTE,TS,252,0.1403006294181828
2014-02-19,TTE,TS,252,0.1218097553495337
2014-02-20,TTE,TS,252,0.12170166920033494
2014-02-21,TTE,TS,252,0.11991103209489737
2014-02-24,TTE,TS,252,0.12267676210454125
2014-02-25,TTE,TS,252,0.17454449753969703
2014-02-26,TTE,TS,252,0.19927843669936848
2014-02-27,TTE,TS,252,0.18731183094690393
2014-02-28,TTE,TS,252,0.188071902783132
2014-03-03,TTE,TS,252,0.19522129334909588
2014-03-04,TTE,TS,252,0.2007173818047654
2014-03-05,TTE,TS,252,0.2006024680744568
2014-03-06,TTE,TS,252,0.20219283909933847
2014-03-07,TTE,TS,252,0.20253673792326252
2014-03-10,TTE,TS,252,0.20060413812131325
2014-03-11,TTE,TS,252,0.20067567265817113
2014-03-12,TTE,TS,252,0.20079591147476797
2014-03-13,TTE,TS,252,0.19518066503333711
2014-03-14,TTE,TS,252,0.18820027250510343
2014-03-17,TTE,TS,252,0.18455999792535643
2014-03-18,TTE,TS,252,0.1908538352968423
2014-03-19,TTE,TS,252,0.19664395359036596
2014-03-20,TTE,TS,252,0.19702216218795857
2014-03-21,TTE,TS,252,0.19468304546814605
2014-03-24,TTE,TS,252,0.19428725241181768
2014-03-25,TTE,TS,252,0.19540741016974417
2014-03-26,TTE,TS,252,0.19466849472055478
2014-03-27,TTE,TS,252,0.194735043877528
2014-03-28,TTE,TS,252,0.19687448679392108
2014-03-31,TTE,TS,252,0.188882273767754
2014-04-01,TTE,TS,252,0.1877373186408028
2014-04-02,TTE,TS,252,0.18786869120727556
2014-04-03,TTE,TS,252,0.18779712576680443
2014-04-04,TTE,TS,252,0.1882719723632754
2014-04-07,TTE,TS,252,0.1889781919068245
2014-04-08,TTE,TS,252,0.1886931335548955
2014-04-09,TTE,TS,252,0.19018938347926692
2014-04-10,TTE,TS,252,0.19364769021441172
2014-04-11,TTE,TS,252,0.19348880339923794
2014-04-14,TTE,TS,252,0.19514423896497798
2014-04-15,TTE,TS,252,0.1913430749764075
2014-04-16,TTE,TS,252,0.19080606352215265
2014-04-17,TTE,TS,252,0.2106860844024583
2014-04-21,TTE,TS,252,0.21175102580329405
2014-04-22,TTE,TS,252,0.20972357024000954
2014-04-23,TTE,TS,252,0.20549129843841776
2014-04-24,TTE,TS,252,0.19585138375399944
2014-04-25,TTE,TS,252,0.19571957045386823
2014-04-28,TTE,TS,252,0.1969262893367712
2014-04-29,TTE,TS,252,0.198767918462713
2014-04-30,TTE,TS,252,0.19127159592414
2014-05-01,TTE,TS,252,0.19608457168578486
2014-05-02,TTE,TS,252,0.1903107566474872
2014-05-05,TTE,TS,252,0.18891425086585578
2014-05-06,TTE,TS,252,0.18915737052764248
2014-05-07,TTE,TS,252,0.18953125433625637
2014-05-08,TTE,TS,252,0.18738587408140586
2014-05-09,TTE,TS,252,0.19173582013013532
2014-05-12,TTE,TS,252,0.19420571447737803
2014-05-13,TTE,TS,252,0.1976324332604922
2014-05-14,TTE,TS,252,0.19662030363298408
2014-05-15,TTE,TS,252,0.1998724565015756
2014-05-16,TTE,TS,252,0.20019834525498512
2014-05-19,TTE,TS,252,0.20000032259598724
2014-05-20,TTE,TS,252,0.2011396899852284
2014-05-21,TTE,TS,252,0.20261720757356888
2014-05-22,TTE,TS,252,0.20237092869000547
2014-05-23,TTE,TS,252,0.20028680871907692
2014-05-27,TTE,TS,252,0.20126118475594704
2014-05-28,TTE,TS,252,0.20156636677827316
2014-05-29,TTE,TS,252,0.20007282535833795
2014-05-30,TTE,TS,252,0.19874123741635835
2014-06-02,TTE,TS,252,0.19778523173010376
2014-06-03,TTE,TS,252,0.19811953890734044
2014-06-04,TTE,TS,252,0.1983721117518474
2014-06-05,TTE,TS,252,0.1973986939908083
2014-06-06,TTE,TS,252,0.2038809098242977
2014-06-09,TTE,TS,252,0.20228606119286363
2014-06-10,TTE,TS,252,0.1968297789729743
2014-06-11,TTE,TS,252,0.18887835419365803
2014-06-12,TTE,TS,252,0.1855876637492115
2014-06-13,TTE,TS,252,0.1860282391408446
2014-06-16,TTE,TS,252,0.19070215703237517
2014-06-17,TTE,TS,252,0.18723159171265447
2014-06-18,TTE,TS,252,0.18831646391845885
2014-06-19,TTE,TS,252,0.18944719738069643
2014-06-20,TTE,TS,252,0.15959695379322184
2014-06-23,TTE,TS,252,0.15958739699670477
2014-06-24,TTE,TS,252,0.15544261694652856
2014-06-25,TTE,TS,252,0.15591619917924165
2014-06-26,TTE,TS,252,0.15260503951828605
2014-06-27,TTE,TS,252,0.14238536841025587
2014-06-30,TTE,TS,252,0.1434964171615026
2014-07-01,TTE,TS,252,0.14220903135447904
2014-07-02,TTE,TS,252,0.15583199843269294
2014-07-03,TTE,TS,252,0.15148664405571283
2014-07-07,TTE,TS,252,0.15090777785895496
2014-07-08,TTE,TS,252,0.1562310601962254
2014-07-09,TTE,TS,252,0.15663670604015126
2014-07-10,TTE,TS,252,0.16003255833376917
2014-07-11,TTE,TS,252,0.14808920267479506
2014-07-14,TTE,TS,252,0.12688424082976943
2014-07-15,TTE,TS,252,0.12945359910070678
2014-07-16,TTE,TS,252,0.13016901396099956
2014-07-17,TTE,TS,252,0.14519603582844523
2014-07-18,TTE,TS,252,0.14162006515939563
2014-07-21,TTE,TS,252,0.1431814324923041
2014-07-22,TTE,TS,252,0.15165842966755894
2014-07-23,TTE,TS,252,0.15179582875907416
2014-07-24,TTE,TS,252,0.15280768801519196
2014-07-25,TTE,TS,252,0.15609564510742746
2014-07-28,TTE,TS,252,0.15636093064389517
2014-07-29,TTE,TS,252,0.1565393936494016
2014-07-30,TTE,TS,252,0.14019997855676322
2014-07-31,TTE,TS,252,0.1654736998983023
2014-08-01,TTE,TS,252,0.16599337009936707
2014-08-04,TTE,TS,252,0.16946207580471445
2014-08-05,TTE,TS,252,0.1684334532556294
2014-08-06,TTE,TS,252,0.1685582589686876
2014-08-07,TTE,TS,252,0.16926387596323642
2014-08-08,TTE,TS,252,0.16014758807467508
2014-08-11,TTE,TS,252,0.15781093776949473
2014-08-12,TTE,TS,252,0.15859429082793428
2014-08-13,TTE,TS,252,0.15931290814264326
2014-08-14,TTE,TS,252,0.15944506554463334
2014-08-15,TTE,TS,252,0.15898302409126092
2014-08-18,TTE,TS,252,0.15943052405343
2014-08-19,TTE,TS,252,0.15951996875834165
2014-08-20,TTE,TS,252,0.1587254074474089
2014-08-21,TTE,TS,252,0.1597324420365988
2014-08-22,TTE,TS,252,0.1617560415170895
2014-08-25,TTE,TS,252,0.16640111715469874
2014-08-26,TTE,TS,252,0.16648746974455586
2014-08-27,TTE,TS,252,0.18312091322785923
2014-08-28,TTE,TS,252,0.18020248896675467
2014-08-29,TTE,TS,252,0.17981167000652462
2014-09-02,TTE,TS,252,0.17765757179406996
2014-09-03,TTE,TS,252,0.1782640833448248
2014-09-04,TTE,TS,252,0.17754439016328175
2014-09-05,TTE,TS,252,0.17739220881277498
2014-09-08,TTE,TS,252,0.17739755906206323
2014-09-09,TTE,TS,252,0.17814516838134467
2014-09-10,TTE,TS,252,0.17882707334318196
2014-09-11,TTE,TS,252,0.16452116332045058
2014-09-12,TTE,TS,252,0.16423643056139334
2014-09-15,TTE,TS,252,0.16365736927062527
2014-09-16,TTE,TS,252,0.16571557814387822
2014-09-17,TTE,TS,252,0.16557653154258734
2014-09-18,TTE,TS,252,0.15927107510008645
2014-09-19,TTE,TS,252,0.16000738290971925
2014-09-22,TTE,TS,252,0.15974977282751454
2014-09-23,TTE,TS,252,0.17100323102378093
2014-09-24,TTE,TS,252,0.1678325214247511
2014-09-25,TTE,TS,252,0.16054345054053193
2014-09-26,TTE,TS,252,0.16013468213803303
2014-09-29,TTE,TS,252,0.17747395743230915
2014-09-30,TTE,TS,252,0.177275868862573
2014-10-01,TTE,TS,252,0.18739530695672746
2014-10-02,TTE,TS,252,0.19747818182515167
2014-10-03,TTE,TS,252,0.201630255020392
2014-10-06,TTE,TS,252,0.2029119968846459
2014-10-07,TTE,TS,252,0.20488559715308344
2014-10-08,TTE,TS,252,0.20931465432355392
2014-10-09,TTE,TS,252,0.20926757408988816
2014-10-10,TTE,TS,252,0.203999416827658
2014-10-13,TTE,TS,252,0.20389133364074039
2014-10-14,TTE,TS,252,0.2061884772425483
2014-10-15,TTE,TS,252,0.20240020845659185
2014-10-16,TTE,TS,252,0.20428060983859622
2014-10-17,TTE,TS,252,0.20320332010899106
2014-10-20,TTE,TS,252,0.20468761234890592
2014-10-21,TTE,TS,252,0.2179841864328882
2014-10-22,TTE,TS,252,0.22895462332563282
2014-10-23,TTE,TS,252,0.24159872419592304
2014-10-24,TTE,TS,252,0.23862384433844994
2014-10-27,TTE,TS,252,0.23865761594898813
2014-10-28,TTE,TS,252,0.2373582573836352
2014-10-29,TTE,TS,252,0.23553287063089626
2014-10-30,TTE,TS,252,0.23643099307400844
2014-10-31,TTE,TS,252,0.2402184904933079
2014-11-03,TTE,TS,252,0.24590396027605355
2014-11-04,TTE,TS,252,0.25955280663157737
2014-11-05,TTE,TS,252,0.26018920186926503
2014-11-06,TTE,TS,252,0.23865870079627
2014-11-07,TTE,TS,252,0.24876335751815729
2014-11-10,TTE,TS,252,0.25537209568278596
2014-11-11,TTE,TS,252,0.2539772332758157
2014-11-12,TTE,TS,252,0.25415217367959986
2014-11-13,TTE,TS,252,0.2538992740855943
2014-11-14,TTE,TS,252,0.25725514234134206
2014-11-17,TTE,TS,252,0.2540329356903021
2014-11-18,TTE,TS,252,0.25194147803255335
2014-11-19,TTE,TS,252,0.2620351076487239
2014-11-20,TTE,TS,252,0.27039583914599497
2014-11-21,TTE,TS,252,0.2777340972580206
2014-11-24,TTE,TS,252,0.27723776183368953
2014-11-25,TTE,TS,252,0.27651499855366013
2014-11-26,TTE,TS,252,0.27962063211682947
2014-11-28,TTE,TS,252,0.35184908999412473
2014-12-01,TTE,TS,252,0.34349949716210626
2014-12-02,TTE,TS,252,0.34588228265260185
2014-12-03,TTE,TS,252,0.3453925820912555
2014-12-04,TTE,TS,252,0.34550011438406975
2014-12-05,TTE,TS,252,0.34651567211133566
2014-12-08,TTE,TS,252,0.34159281595914526
2014-12-09,TTE,TS,252,0.3272221750985819
2014-12-10,TTE,TS,252,0.3267904613150602
2014-12-11,TTE,TS,252,0.32851803855383727
2014-12-12,TTE,TS,252,0.324822998161283
2014-12-15,TTE,TS,252,0.3320164555775044
2014-12-16,TTE,TS,252,0.326235897995185
2014-12-17,TTE,TS,252,0.32603845881201976
2014-12-18,TTE,TS,252,0.32634416826055523
2014-12-19,TTE,TS,252,0.32656072267829983
2014-12-22,TTE,TS,252,0.3289356243963777
2014-12-23,TTE,TS,252,0.33028277291851127
2014-12-24,TTE,TS,252,0.33092659835519767
2014-12-26,TTE,TS,252,0.3316259482951826
2014-12-29,TTE,TS,252,0.3295980776804081
2014-12-30,TTE,TS,252,0.3262079272912411
2014-12-31,TTE,TS,252,0.3278430892454601
2015-01-02,TTE,TS,252,0.3245106771510358
2015-01-05,TTE,TS,252,0.35587227151386314
2015-01-06,TTE,TS,252,0.3546673301027471
2015-01-07,TTE,TS,252,0.35184009815111006
2015-01-08,TTE,TS,252,0.3542015232283942
2015-01-09,TTE,TS,252,0.3594869618598718
2015-01-12,TTE,TS,252,0.35697793114112353
2015-01-13,TTE,TS,252,0.3555142613958933
2015-01-14,TTE,TS,252,0.3504109103962788
2015-01-15,TTE,TS,252,0.3508832690431533
2015-01-16,TTE,TS,252,0.3595488604991733
2015-01-20,TTE,TS,252,0.3590722218635863
2015-01-21,TTE,TS,252,0.3548307741817584
2015-01-22,TTE,TS,252,0.36101540102641716
2015-01-23,TTE,TS,252,0.3658368224794094
2015-01-26,TTE,TS,252,0.3625739418848976
2015-01-27,TTE,TS,252,0.36039332607532176
2015-01-28,TTE,TS,252,0.3563119839748744
2015-01-29,TTE,TS,252,0.3544451859279498
2015-01-30,TTE,TS,252,0.3570883173062256
2015-02-02,TTE,TS,252,0.36979930660208277
2015-02-03,TTE,TS,252,0.38695980848311623
2015-02-04,TTE,TS,252,0.38168874326676205
2015-02-05,TTE,TS,252,0.3827665154425431
2015-02-06,TTE,TS,252,0.38037779693940416
2015-02-09,TTE,TS,252,0.3746264359831344
2015-02-10,TTE,TS,252,0.37526783814538583
2015-02-11,TTE,TS,252,0.3711274133676224
2015-02-12,TTE,TS,252,0.37507333889899813
2015-02-13,TTE,TS,252,0.374562109258883
2015-02-17,TTE,TS,252,0.3692839989762361
2015-02-18,TTE,TS,252,0.36942467089045555
2015-02-19,TTE,TS,252,0.41275911116962044
2015-02-20,TTE,TS,252,0.41273642828501866
2015-02-23,TTE,TS,252,0.41573041879897654
2015-02-24,TTE,TS,252,0.4199196121357349
2015-02-25,TTE,TS,252,0.4211422802199806
2015-02-26,TTE,TS,252,0.42180542144759864
2015-02-27,TTE,TS,252,0.421568196600496
2015-03-02,TTE,TS,252,0.4200728920383111
2015-03-03,TTE,TS,252,0.4170730511493855
2015-03-04,TTE,TS,252,0.41547406472049325
2015-03-05,TTE,TS,252,0.41572396685567287
2015-03-06,TTE,TS,252,0.4123445239404913
2015-03-09,TTE,TS,252,0.41148263842517047
2015-03-10,TTE,TS,252,0.4061600510066203
2015-03-11,TTE,TS,252,0.3989326340138044
2015-03-12,TTE,TS,252,0.39891066416408005
2015-03-13,TTE,TS,252,0.40373527542608934
2015-03-16,TTE,TS,252,0.4036674660688084
2015-03-17,TTE,TS,252,0.4034390538653519
2015-03-18,TTE,TS,252,0.3988731384416923
2015-03-19,TTE,TS,252,0.39622570059071566
2015-03-20,TTE,TS,252,0.4059407004713188
2015-03-23,TTE,TS,252,0.4074192520497766
2015-03-24,TTE,TS,252,0.4080441443151878
2015-03-25,TTE,TS,252,0.4089005203957735
2015-03-26,TTE,TS,252,0.4127067820585684
2015-03-27,TTE,TS,252,0.41213001459775794
2015-03-30,TTE,TS,252,0.4119115908614371
2015-03-31,TTE,TS,252,0.41775333604478004
2015-04-01,TTE,TS,252,0.41667883641576525
2015-04-02,TTE,TS,252,0.4136629785570208
2015-04-06,TTE,TS,252,0.4128504299157102
2015-04-07,TTE,TS,252,0.4118823885526422
2015-04-08,TTE,TS,252,0.40946207727628475
2015-04-09,TTE,TS,252,0.41116181817517067
2015-04-10,TTE,TS,252,0.41087484086203574
2015-04-13,TTE,TS,252,0.40874586388557793
2015-04-14,TTE,TS,252,0.40647566751525166
2015-04-15,TTE,TS,252,0.42131930525117606
2015-04-16,TTE,TS,252,0.42525947342003084
2015-04-17,TTE,TS,252,0.425223110828058
2015-04-20,TTE,TS,252,0.4254181490339218
2015-04-21,TTE,TS,252,0.42691318794638716
2015-04-22,TTE,TS,252,0.42640826910482876
2015-04-23,TTE,TS,252,0.4249397213182052
2015-04-24,TTE,TS,252,0.42475246281857526
2015-04-27,TTE,TS,252,0.4228089673939048
2015-04-28,TTE,TS,252,0.42071256339053237
2015-04-29,TTE,TS,252,0.4185121295223489
2015-04-30,TTE,TS,252,0.42563911792799425
2015-05-01,TTE,TS,252,0.42615152101329173
2015-05-04,TTE,TS,252,0.43029877447069403
2015-05-05,TTE,TS,252,0.43297953174768855
2015-05-06,TTE,TS,252,0.4325942147546132
2015-05-07,TTE,TS,252,0.430619400235099
2015-05-08,TTE,TS,252,0.43266572107683676
2015-05-11,TTE,TS,252,0.4317681138787126
2015-05-12,TTE,TS,252,0.4313494644865547
2015-05-13,TTE,TS,252,0.4306474624397986
2015-05-14,TTE,TS,252,0.43152881542197014
2015-05-15,TTE,TS,252,0.4305013946270298
2015-05-18,TTE,TS,252,0.42946325199145696
2015-05-19,TTE,TS,252,0.4271416535960609
2015-05-20,TTE,TS,252,0.4264176549529139
2015-05-21,TTE,TS,252,0.4249649492493365
2015-05-22,TTE,TS,252,0.4249285440861494
2015-05-26,TTE,TS,252,0.4225233105539106
2015-05-27,TTE,TS,252,0.42060769669616543
2015-05-28,TTE,TS,252,0.420200279339528
2015-05-29,TTE,TS,252,0.4203418673278294
2015-06-01,TTE,TS,252,0.42100137414910566
2015-06-02,TTE,TS,252,0.4177892245716135
2015-06-03,TTE,TS,252,0.4177998151469503
2015-06-04,TTE,TS,252,0.41901418041017807
2015-06-05,TTE,TS,252,0.4195433784543736
2015-06-08,TTE,TS,252,0.41786724722455565
2015-06-09,TTE,TS,252,0.41851563453521734
2015-06-10,TTE,TS,252,0.4225725734283007
2015-06-11,TTE,TS,252,0.42316179196850273
2015-06-12,TTE,TS,252,0.4241302516241611
2015-06-15,TTE,TS,252,0.42510904115234804
2015-06-16,TTE,TS,252,0.4251471559419712
2015-06-17,TTE,TS,252,0.4227949996959973
2015-06-18,TTE,TS,252,0.42199602939147124
2015-06-19,TTE,TS,252,0.42126766281002453
2015-06-22,TTE,TS,252,0.422394719215345
2015-06-23,TTE,TS,252,0.42100642788940457
2015-06-24,TTE,TS,252,0.4211490483034257
2015-06-25,TTE,TS,252,0.4194153932967119
2015-06-26,TTE,TS,252,0.42294555771829606
2015-06-29,TTE,TS,252,0.42845143238673644
2015-06-30,TTE,TS,252,0.4281928591705739
2015-07-01,TTE,TS,252,0.4326958878614528
2015-07-02,TTE,TS,252,0.43272391522745945
2015-07-06,TTE,TS,252,0.4321076764369017
2015-07-07,TTE,TS,252,0.42650543289147197
2015-07-08,TTE,TS,252,0.4255232892768103
2015-07-09,TTE,TS,252,0.4240242249275181
2015-07-10,TTE,TS,252,0.429244095224345
2015-07-13,TTE,TS,252,0.43265136269919413
2015-07-14,TTE,TS,252,0.4472800409426761
2015-07-15,TTE,TS,252,0.4466794824663477
2015-07-16,TTE,TS,252,0.4465030976179422
2015-07-17,TTE,TS,252,0.44250530412933375
2015-07-20,TTE,TS,252,0.43966961653242403
2015-07-21,TTE,TS,252,0.43809212152685967
2015-07-22,TTE,TS,252,0.44071940040866925
2015-07-23,TTE,TS,252,0.440562259567526
2015-07-24,TTE,TS,252,0.4368075445343949
2015-07-27,TTE,TS,252,0.4362746111741191
2015-07-28,TTE,TS,252,0.43381581475515835
2015-07-29,TTE,TS,252,0.43295440747730546
2015-07-30,TTE,TS,252,0.44377891088729937
2015-07-31,TTE,TS,252,0.4360415991168647
2015-08-03,TTE,TS,252,0.4323748108418298
2015-08-04,TTE,TS,252,0.4310761658093523
2015-08-05,TTE,TS,252,0.4282368171142489
2015-08-06,TTE,TS,252,0.4217020948117938
2015-08-07,TTE,TS,252,0.4223569603064429
2015-08-10,TTE,TS,252,0.41946371393121257
2015-08-11,TTE,TS,252,0.4200637327355008
2015-08-12,TTE,TS,252,0.4209222625652523
2015-08-13,TTE,TS,252,0.4203971381904904
2015-08-14,TTE,TS,252,0.420501543539944
2015-08-17,TTE,TS,252,0.4206977323459763
2015-08-18,TTE,TS,252,0.42098237037196967
2015-08-19,TTE,TS,252,0.42014771400303547
2015-08-20,TTE,TS,252,0.4227815743090004
2015-08-21,TTE,TS,252,0.42192067044968096
2015-08-24,TTE,TS,252,0.4113775635785581
2015-08-25,TTE,TS,252,0.3806469037683758
2015-08-26,TTE,TS,252,0.3777715572326649
2015-08-27,TTE,TS,252,0.4052945523919516
2015-08-28,TTE,TS,252,0.4057920308159431
2015-08-31,TTE,TS,252,0.40668774658843576
2015-09-01,TTE,TS,252,0.40453064433878194
2015-09-02,TTE,TS,252,0.4043041603458305
2015-09-03,TTE,TS,252,0.4035515092555431
2015-09-04,TTE,TS,252,0.40819323457021345
2015-09-08,TTE,TS,252,0.40865899793925003
2015-09-09,TTE,TS,252,0.4088244711514146
2015-09-10,TTE,TS,252,0.40877278336916684
2015-09-11,TTE,TS,252,0.41568913035573657
2015-09-14,TTE,TS,252,0.4141694274238296
2015-09-15,TTE,TS,252,0.4194864994131118
2015-09-16,TTE,TS,252,0.4231477513461781
2015-09-17,TTE,TS,252,0.4220055641985469
2015-09-18,TTE,TS,252,0.4254878996132831
2015-09-21,TTE,TS,252,0.42556220463118066
2015-09-22,TTE,TS,252,0.42552231624539966
2015-09-23,TTE,TS,252,0.4240230285099905
2015-09-24,TTE,TS,252,0.4239727923832157
2015-09-25,TTE,TS,252,0.4275048134072806
2015-09-28,TTE,TS,252,0.42310672531647875
2015-09-29,TTE,TS,252,0.4229078129838326
2015-09-30,TTE,TS,252,0.4187089028194115
2015-10-01,TTE,TS,252,0.4182809443079958
2015-10-02,TTE,TS,252,0.43030817925984965
2015-10-05,TTE,TS,252,0.4343024037957224
2015-10-06,TTE,TS,252,0.4329527777651086
2015-10-07,TTE,TS,252,0.4327980046695337
2015-10-08,TTE,TS,252,0.4411153002869333
2015-10-09,TTE,TS,252,0.44200241497207576
2015-10-12,TTE,TS,252,0.4457706623996072
2015-10-13,TTE,TS,252,0.4458442575030399
2015-10-14,TTE,TS,252,0.44223413507977827
2015-10-15,TTE,TS,252,0.44354924682232966
2015-10-16,TTE,TS,252,0.4419347925991146
2015-10-19,TTE,TS,252,0.43915390256737696
2015-10-20,TTE,TS,252,0.44168975241009745
2015-10-21,TTE,TS,252,0.43653274930353825
2015-10-22,TTE,TS,252,0.4343221017171913
2015-10-23,TTE,TS,252,0.4280559769888791
2015-10-26,TTE,TS,252,0.42781769118352303
2015-10-27,TTE,TS,252,0.4275582041359993
2015-10-28,TTE,TS,252,0.4274544614745751
2015-10-29,TTE,TS,252,0.4275236582251081
2015-10-30,TTE,TS,252,0.4274541125907836
2015-11-02,TTE,TS,252,0.4256417969811836
2015-11-03,TTE,TS,252,0.4221418772963697
2015-11-04,TTE,TS,252,0.41624354410085873
2015-11-05,TTE,TS,252,0.41605101837866804
2015-11-06,TTE,TS,252,0.4288341282914845
2015-11-09,TTE,TS,252,0.4267620053583618
2015-11-10,TTE,TS,252,0.42692320955976215
2015-11-11,TTE,TS,252,0.4287584134935426
2015-11-12,TTE,TS,252,0.4287703934901521
2015-11-13,TTE,TS,252,0.42942064849263967
2015-11-16,TTE,TS,252,0.4276871444441271
2015-11-17,TTE,TS,252,0.4290352690753068
2015-11-18,TTE,TS,252,0.43049669930829204
2015-11-19,TTE,TS,252,0.42719780959589265
2015-11-20,TTE,TS,252,0.42530769543878566
2015-11-23,TTE,TS,252,0.41975971097112164
2015-11-24,TTE,TS,252,0.42048155797149883
2015-11-25,TTE,TS,252,0.4209636372836391
2015-11-27,TTE,TS,252,0.42085914482733605
2015-11-30,TTE,TS,252,0.39125756318379756
2015-12-01,TTE,TS,252,0.3958145311985112
2015-12-02,TTE,TS,252,0.39629722521017013
2015-12-03,TTE,TS,252,0.39682741815754824
2015-12-04,TTE,TS,252,0.3952498749905766
2015-12-07,TTE,TS,252,0.39419219656437465
2015-12-08,TTE,TS,252,0.39600635867219863
2015-12-09,TTE,TS,252,0.39724318335043124
2015-12-10,TTE,TS,252,0.3948579070008933
2015-12-11,TTE,TS,252,0.3976569478672436
2015-12-14,TTE,TS,252,0.4002270849100739
2015-12-15,TTE,TS,252,0.3975382986280235
2015-12-16,TTE,TS,252,0.39949727732635554
2015-12-17,TTE,TS,252,0.397592840168771
2015-12-18,TTE,TS,252,0.3973028124386468
2015-12-21,TTE,TS,252,0.3974102261720765
2015-12-22,TTE,TS,252,0.3965732650746148
2015-12-23,TTE,TS,252,0.40320808585233
2015-12-24,TTE,TS,252,0.4018986229830868
2015-12-28,TTE,TS,252,0.40191697836520324
2015-12-29,TTE,TS,252,0.4019192222119034
2015-12-30,TTE,TS,252,0.40351689048105427
2015-12-31,TTE,TS,252,0.4027167961082847
2016-01-04,TTE,TS,252,0.40298287715845965
2016-01-05,TTE,TS,252,0.38417698530025385
2016-01-06,TTE,TS,252,0.39320581202080007
2016-01-07,TTE,TS,252,0.3967597735175042
2016-01-08,TTE,TS,252,0.3943418797434877
2016-01-11,TTE,TS,252,0.39382359940656003
2016-01-12,TTE,TS,252,0.3959377510536592
2016-01-13,TTE,TS,252,0.3997954843731507
2016-01-14,TTE,TS,252,0.40866874598345587
2016-01-15,TTE,TS,252,0.4182100515516405
2016-01-19,TTE,TS,252,0.413189990850103
2016-01-20,TTE,TS,252,0.41972939388665353
2016-01-21,TTE,TS,252,0.4208000791676458
2016-01-22,TTE,TS,252,0.41742721057629356
2016-01-25,TTE,TS,252,0.38467683516107765
2016-01-26,TTE,TS,252,0.38249422301440283
2016-01-27,TTE,TS,252,0.3781141732463604
2016-01-28,TTE,TS,252,0.38352816244993254
2016-01-29,TTE,TS,252,0.3844427592314349
2016-02-01,TTE,TS,252,0.3833000514653071
2016-02-02,TTE,TS,252,0.3685698087452855
2016-02-03,TTE,TS,252,0.348610454671908
2016-02-04,TTE,TS,252,0.3499784598017489
2016-02-05,TTE,TS,252,0.3512805033266213
2016-02-08,TTE,TS,252,0.3470973752453954
2016-02-09,TTE,TS,252,0.36626722455292415
2016-02-10,TTE,TS,252,0.3651502357580262
2016-02-11,TTE,TS,252,0.36516069917065114
2016-02-12,TTE,TS,252,0.365650405245891
2016-02-16,TTE,TS,252,0.3656713717405211
2016-02-17,TTE,TS,252,0.38241977867356824
2016-02-18,TTE,TS,252,0.3817790110623813
2016-02-19,TTE,TS,252,0.3649062758643513
2016-02-22,TTE,TS,252,0.36836425894440195
2016-02-23,TTE,TS,252,0.37480510995153
2016-02-24,TTE,TS,252,0.3705884933083315
2016-02-25,TTE,TS,252,0.37067418946876385
2016-02-26,TTE,TS,252,0.3669679269890522
2016-02-29,TTE,TS,252,0.3671153534682509
2016-03-01,TTE,TS,252,0.3666380104936199
2016-03-02,TTE,TS,252,0.36750597299223303
2016-03-03,TTE,TS,252,0.37125383791687266
2016-03-04,TTE,TS,252,0.37010867794060837
2016-03-07,TTE,TS,252,0.37058226076084577
2016-03-08,TTE,TS,252,0.3683643742843929
2016-03-09,TTE,TS,252,0.3715400959732153
2016-03-10,TTE,TS,252,0.37695751687101525
2016-03-11,TTE,TS,252,0.37628369381394566
2016-03-14,TTE,TS,252,0.3743179983754859
2016-03-15,TTE,TS,252,0.3745576153921735
2016-03-16,TTE,TS,252,0.3777768642145925
2016-03-17,TTE,TS,252,0.38058658640882015
2016-03-18,TTE,TS,252,0.3809449749034705
2016-03-21,TTE,TS,252,0.36797792289809095
2016-03-22,TTE,TS,252,0.36673100708216466
2016-03-23,TTE,TS,252,0.36582552276676644
2016-03-24,TTE,TS,252,0.35950195493207604
2016-03-28,TTE,TS,252,0.35961848046828626
2016-03-29,TTE,TS,252,0.35980418065937186
2016-03-30,TTE,TS,252,0.3661354426032475
2016-03-31,TTE,TS,252,0.36632528618466675
2016-04-01,TTE,TS,252,0.36630998320928543
2016-04-04,TTE,TS,252,0.3721149645958386
2016-04-05,TTE,TS,252,0.3772511280179272
2016-04-06,TTE,TS,252,0.3775153925718178
2016-04-07,TTE,TS,252,0.3786131567369509
2016-04-08,TTE,TS,252,0.3743162027727076
2016-04-11,TTE,TS,252,0.374217024718628
2016-04-12,TTE,TS,252,0.3762620978980438
2016-04-13,TTE,TS,252,0.3791581979688167
2016-04-14,TTE,TS,252,0.3679456131578612
2016-04-15,TTE,TS,252,0.3687477136262307
2016-04-18,TTE,TS,252,0.36876803674795655
2016-04-19,TTE,TS,252,0.36728358429659874
2016-04-20,TTE,TS,252,0.36601102621899967
2016-04-21,TTE,TS,252,0.3660074029620534
2016-04-22,TTE,TS,252,0.3669500847675846
2016-04-25,TTE,TS,252,0.3645263617628256
2016-04-26,TTE,TS,252,0.36570370958223386
2016-04-27,TTE,TS,252,0.36932168947141564
2016-04-28,TTE,TS,252,0.3683715485486562
2016-04-29,TTE,TS,252,0.3677335375308518
2016-05-02,TTE,TS,252,0.36648712515047666
2016-05-03,TTE,TS,252,0.37583625713154006
2016-05-04,TTE,TS,252,0.37455777610847907
2016-05-05,TTE,TS,252,0.37428832732055517
2016-05-06,TTE,TS,252,0.37415082570830305
2016-05-09,TTE,TS,252,0.37571801290465096
2016-05-10,TTE,TS,252,0.3772644093588334
2016-05-11,TTE,TS,252,0.37764472790984405
2016-05-12,TTE,TS,252,0.37700630524073603
2016-05-13,TTE,TS,252,0.3764726534168435
2016-05-16,TTE,TS,252,0.37591943237118325
2016-05-17,TTE,TS,252,0.3755692324213405
2016-05-18,TTE,TS,252,0.3760317270257769
2016-05-19,TTE,TS,252,0.37629647829082735
2016-05-20,TTE,TS,252,0.3787710688667663
2016-05-23,TTE,TS,252,0.3787771505922384
2016-05-24,TTE,TS,252,0.38075493603965516
2016-05-25,TTE,TS,252,0.38148060022585206
2016-05-26,TTE,TS,252,0.38126615887184945
2016-05-27,TTE,TS,252,0.37982024041216667
2016-05-31,TTE,TS,252,0.37827241142467993
2016-06-01,TTE,TS,252,0.38081787343928386
2016-06-02,TTE,TS,252,0.3808848517088597
2016-06-03,TTE,TS,252,0.37475574166647485
2016-06-06,TTE,TS,252,0.37647079908406406
2016-06-07,TTE,TS,252,0.3828752896291297
2016-06-08,TTE,TS,252,0.3826941674808314
2016-06-09,TTE,TS,252,0.38356320186594717
2016-06-10,TTE,TS,252,0.38755830598754126
2016-06-13,TTE,TS,252,0.38733403219036733
2016-06-14,TTE,TS,252,0.38579565296057006
2016-06-15,TTE,TS,252,0.38563332470352363
2016-06-16,TTE,TS,252,0.38883436214831313
2016-06-17,TTE,TS,252,0.3879839366533284
2016-06-20,TTE,TS,252,0.3879572279963701
2016-06-21,TTE,TS,252,0.38794128168266195
2016-06-22,TTE,TS,252,0.36593597979726766
2016-06-23,TTE,TS,252,0.3625679904641021
2016-06-24,TTE,TS,252,0.39686498316823576
2016-06-27,TTE,TS,252,0.39801714760885404
2016-06-28,TTE,TS,252,0.39850019103204737
2016-06-29,TTE,TS,252,0.3971038910280347
2016-06-30,TTE,TS,252,0.39652870841370574
2016-07-01,TTE,TS,252,0.3956175059738636
2016-07-05,TTE,TS,252,0.39426048889279186
2016-07-06,TTE,TS,252,0.3979017564104985
2016-07-07,TTE,TS,252,0.3976759620583214
2016-07-08,TTE,TS,252,0.3986427180629386
2016-07-11,TTE,TS,252,0.3952921963970485
2016-07-12,TTE,TS,252,0.39949200945153795
2016-07-13,TTE,TS,252,0.39833245179963406
2016-07-14,TTE,TS,252,0.398051456503214
2016-07-15,TTE,TS,252,0.3980752621238171
2016-07-18,TTE,TS,252,0.3984838222202115
2016-07-19,TTE,TS,252,0.40115966106569184
2016-07-20,TTE,TS,252,0.40304968505279803
2016-07-21,TTE,TS,252,0.39778487703220766
2016-07-22,TTE,TS,252,0.3979634132477056
2016-07-25,TTE,TS,252,0.4000013463595592
2016-07-26,TTE,TS,252,0.39215074319894766
2016-07-27,TTE,TS,252,0.391820004750541
2016-07-28,TTE,TS,252,0.39112557209680116
2016-07-29,TTE,TS,252,0.3921177824791923
2016-08-01,TTE,TS,252,0.3899852832633413
2016-08-02,TTE,TS,252,0.3924691428232321
2016-08-03,TTE,TS,252,0.38949772090369555
2016-08-04,TTE,TS,252,0.3903764884829891
2016-08-05,TTE,TS,252,0.3944197040154969
2016-08-08,TTE,TS,252,0.393849182985008
2016-08-09,TTE,TS,252,0.3979748701584365
2016-08-10,TTE,TS,252,0.39803370879912386
2016-08-11,TTE,TS,252,0.39788109301188007
2016-08-12,TTE,TS,252,0.3981030566956906
2016-08-15,TTE,TS,252,0.3978691172705426
2016-08-16,TTE,TS,252,0.40255677174285737
2016-08-17,TTE,TS,252,0.4003873982189687
2016-08-18,TTE,TS,252,0.4002842123270656
2016-08-19,TTE,TS,252,0.3975189951720486
2016-08-22,TTE,TS,252,0.39928093236049933
2016-08-23,TTE,TS,252,0.40776890263076293
2016-08-24,TTE,TS,252,0.42792948988234214
2016-08-25,TTE,TS,252,0.43109814922939504
2016-08-26,TTE,TS,252,0.4089754714496766
2016-08-29,TTE,TS,252,0.409311385090399
2016-08-30,TTE,TS,252,0.4079057707087155
2016-08-31,TTE,TS,252,0.40975805600045284
2016-09-01,TTE,TS,252,0.4098277305259863
2016-09-02,TTE,TS,252,0.4108341918246973
2016-09-06,TTE,TS,252,0.40452075810783333
2016-09-07,TTE,TS,252,0.40417904985684106
2016-09-08,TTE,TS,252,0.40445868451057726
2016-09-09,TTE,TS,252,0.4018450440334564
2016-09-12,TTE,TS,252,0.395822290832612
2016-09-13,TTE,TS,252,0.3959451210981991
2016-09-14,TTE,TS,252,0.391776003263623
2016-09-15,TTE,TS,252,0.3735391493776994
2016-09-16,TTE,TS,252,0.37717485660236016
2016-09-19,TTE,TS,252,0.3729759149762137
2016-09-20,TTE,TS,252,0.3712856316473692
2016-09-21,TTE,TS,252,0.3701047981506861
2016-09-22,TTE,TS,252,0.37069446781947896
2016-09-23,TTE,TS,252,0.3502014870278995
2016-09-26,TTE,TS,252,0.3502565557178137
2016-09-27,TTE,TS,252,0.35499591647400885
2016-09-28,TTE,TS,252,0.3677752538973181
2016-09-29,TTE,TS,252,0.36853106066848246
2016-09-30,TTE,TS,252,0.36760192978106554
2016-10-03,TTE,TS,252,0.35534597927656875
2016-10-04,TTE,TS,252,0.3499554415674116
2016-10-05,TTE,TS,252,0.3502567809483791
2016-10-06,TTE,TS,252,0.35010005245355347
2016-10-07,TTE,TS,252,0.3397303339090358
2016-10-10,TTE,TS,252,0.33984243912216244
2016-10-11,TTE,TS,252,0.3338054478017511
2016-10-12,TTE,TS,252,0.33362146097806794
2016-10-13,TTE,TS,252,0.33625228746718333
2016-10-14,TTE,TS,252,0.3359775526730633
2016-10-17,TTE,TS,252,0.3365201018773561
2016-10-18,TTE,TS,252,0.33964848382436164
2016-10-19,TTE,TS,252,0.33471273003016255
2016-10-20,TTE,TS,252,0.3382020242768243
2016-10-21,TTE,TS,252,0.3383021015113972
2016-10-24,TTE,TS,252,0.3373608598435564
2016-10-25,TTE,TS,252,0.33771396034522955
2016-10-26,TTE,TS,252,0.34135253645200175
2016-10-27,TTE,TS,252,0.3420548508202471
2016-10-28,TTE,TS,252,0.34265557373446454
2016-10-31,TTE,TS,252,0.34256344883229917
2016-11-01,TTE,TS,252,0.34261230017984623
2016-11-02,TTE,TS,252,0.34815726641953837
2016-11-03,TTE,TS,252,0.3499301513495133
2016-11-04,TTE,TS,252,0.3452618529114881
2016-11-07,TTE,TS,252,0.3459800600672491
2016-11-08,TTE,TS,252,0.3475441142932421
2016-11-09,TTE,TS,252,0.3424565177863369
2016-11-10,TTE,TS,252,0.3407330904020123
2016-11-11,TTE,TS,252,0.3408134510842105
2016-11-14,TTE,TS,252,0.32694327840116444
2016-11-15,TTE,TS,252,0.32744140462976123
2016-11-16,TTE,TS,252,0.324659465749591
2016-11-17,TTE,TS,252,0.3230879000805268
2016-11-18,TTE,TS,252,0.32664994977453715
2016-11-21,TTE,TS,252,0.3240930150286735
2016-11-22,TTE,TS,252,0.3252418144332926
2016-11-23,TTE,TS,252,0.32308268828690906
2016-11-25,TTE,TS,252,0.3231777243691276
2016-11-28,TTE,TS,252,0.32234382336001516
2016-11-29,TTE,TS,252,0.3196749923717295
2016-11-30,TTE,TS,252,0.326223064064264
2016-12-01,TTE,TS,252,0.32463738253320146
2016-12-02,TTE,TS,252,0.3238537403654059
2016-12-05,TTE,TS,252,0.3238089776357886
2016-12-06,TTE,TS,252,0.3240666512399053
2016-12-07,TTE,TS,252,0.3247225978303663
2016-12-08,TTE,TS,252,0.33057418044463605
2016-12-09,TTE,TS,252,0.33035152569447557
2016-12-12,TTE,TS,252,0.32667548826406173
2016-12-13,TTE,TS,252,0.32439076755148105
2016-12-14,TTE,TS,252,0.32469198224645784
2016-12-15,TTE,TS,252,0.32443285010441736
2016-12-16,TTE,TS,252,0.32728156400082964
2016-12-19,TTE,TS,252,0.32659592002615717
2016-12-20,TTE,TS,252,0.32554630541067575
2016-12-21,TTE,TS,252,0.32809462368904974
2016-12-22,TTE,TS,252,0.3228456918561472
2016-12-23,TTE,TS,252,0.32160640600966595
2016-12-27,TTE,TS,252,0.3204717854334868
2016-12-28,TTE,TS,252,0.3168364695153157
2016-12-29,TTE,TS,252,0.3172425323876395
2016-12-30,TTE,TS,252,0.3172907575158735
2017-01-03,TTE,TS,252,0.3168795937881779
2017-01-04,TTE,TS,252,0.3169099737111373
2017-01-05,TTE,TS,252,0.3070362117952389
2017-01-06,TTE,TS,252,0.30505051077829604
2017-01-09,TTE,TS,252,0.3043336927334669
2017-01-10,TTE,TS,252,0.3024593617380761
2017-01-11,TTE,TS,252,0.30234250376246163
2017-01-12,TTE,TS,252,0.2975167645916553
2017-01-13,TTE,TS,252,0.2890184848769575
2017-01-17,TTE,TS,252,0.2764785642354478
2017-01-18,TTE,TS,252,0.27643011168469095
2017-01-19,TTE,TS,252,0.26731594471730225
2017-01-20,TTE,TS,252,0.2664480612043759
2017-01-23,TTE,TS,252,0.2678251468653872
2017-01-24,TTE,TS,252,0.29622168864438186
2017-01-25,TTE,TS,252,0.2986255922937702
2017-01-26,TTE,TS,252,0.3041243888544199
2017-01-27,TTE,TS,252,0.3025813255636284
2017-01-30,TTE,TS,252,0.3006459745850289
2017-01-31,TTE,TS,252,0.29854841055586523
2017-02-01,TTE,TS,252,0.3044639416330284
2017-02-02,TTE,TS,252,0.307661994787511
2017-02-03,TTE,TS,252,0.31022835791889836
2017-02-06,TTE,TS,252,0.3082968239734224
2017-02-07,TTE,TS,252,0.3097215958076438
2017-02-08,TTE,TS,252,0.2888889856174173
2017-02-09,TTE,TS,252,0.28892663996724804
2017-02-10,TTE,TS,252,0.28893028290947637
2017-02-13,TTE,TS,252,0.2853216182157006
2017-02-14,TTE,TS,252,0.2850148877118847
2017-02-15,TTE,TS,252,0.26912314195444015
2017-02-16,TTE,TS,252,0.2688035603847828
2017-02-17,TTE,TS,252,0.27312756697357327
2017-02-21,TTE,TS,252,0.2718812960599144
2017-02-22,TTE,TS,252,0.2627011133040782
2017-02-23,TTE,TS,252,0.27114989911259707
2017-02-24,TTE,TS,252,0.27116603990491467
2017-02-27,TTE,TS,252,0.27153104046000803
2017-02-28,TTE,TS,252,0.2729586085345677
2017-03-01,TTE,TS,252,0.2731879557108085
2017-03-02,TTE,TS,252,0.27192026110357226
2017-03-03,TTE,TS,252,0.2657356346679937
2017-03-06,TTE,TS,252,0.26256455338682866
2017-03-07,TTE,TS,252,0.2635163915794113
2017-03-08,TTE,TS,252,0.2711446867357659
2017-03-09,TTE,TS,252,0.2715069074319948
2017-03-10,TTE,TS,252,0.2714594678287198
2017-03-13,TTE,TS,252,0.2720969599714912
2017-03-14,TTE,TS,252,0.271968179752895
2017-03-15,TTE,TS,252,0.27015549821713447
2017-03-16,TTE,TS,252,0.26956911154597185
2017-03-17,TTE,TS,252,0.26636934236083065
2017-03-20,TTE,TS,252,0.26048425017540366
2017-03-21,TTE,TS,252,0.26803561966042
2017-03-22,TTE,TS,252,0.2681266037961603
2017-03-23,TTE,TS,252,0.2683585577556677
2017-03-24,TTE,TS,252,0.2722996441214593
2017-03-27,TTE,TS,252,0.27229964015341124
2017-03-28,TTE,TS,252,0.2689091410323186
2017-03-29,TTE,TS,252,0.2601220718809954
2017-03-30,TTE,TS,252,0.25962492975314505
2017-03-31,TTE,TS,252,0.2591719663512076
2017-04-03,TTE,TS,252,0.2527906597497382
2017-04-04,TTE,TS,252,0.24492740590077391
2017-04-05,TTE,TS,252,0.24395038524100268
2017-04-06,TTE,TS,252,0.24696513658593247
2017-04-07,TTE,TS,252,0.24841370784617994
2017-04-10,TTE,TS,252,0.24846449067805926
2017-04-11,TTE,TS,252,0.2432275547715226
2017-04-12,TTE,TS,252,0.23830752167318156
2017-04-13,TTE,TS,252,0.24209763816129187
2017-04-17,TTE,TS,252,0.23995572794732514
2017-04-18,TTE,TS,252,0.2401053051785309
2017-04-19,TTE,TS,252,0.24138063186127492
2017-04-20,TTE,TS,252,0.24067792349423606
2017-04-21,TTE,TS,252,0.24026053254546448
2017-04-24,TTE,TS,252,0.2439548274702555
2017-04-25,TTE,TS,252,0.24616026162876448
2017-04-26,TTE,TS,252,0.24647173329463093
2017-04-27,TTE,TS,252,0.24876143721612376
2017-04-28,TTE,TS,252,0.24959916459094778
2017-05-01,TTE,TS,252,0.2489769068836786
2017-05-02,TTE,TS,252,0.24946559623041736
2017-05-03,TTE,TS,252,0.2339776692683637
2017-05-04,TTE,TS,252,0.2324986703515482
2017-05-05,TTE,TS,252,0.2317855135423948
2017-05-08,TTE,TS,252,0.23267367208634523
2017-05-09,TTE,TS,252,0.22586444499705147
2017-05-10,TTE,TS,252,0.22374637662857394
2017-05-11,TTE,TS,252,0.22352680982981388
2017-05-12,TTE,TS,252,0.22412912835872412
2017-05-15,TTE,TS,252,0.22978794907172645
2017-05-16,TTE,TS,252,0.23087793373176752
2017-05-17,TTE,TS,252,0.2319640402476869
2017-05-18,TTE,TS,252,0.23176754322355358
2017-05-19,TTE,TS,252,0.22900336531245444
2017-05-22,TTE,TS,252,0.22577791400527203
2017-05-23,TTE,TS,252,0.225781473466516
2017-05-24,TTE,TS,252,0.225780259714427
2017-05-25,TTE,TS,252,0.23371180917604722
2017-05-26,TTE,TS,252,0.23405186395457195
2017-05-30,TTE,TS,252,0.23544006991078922
2017-05-31,TTE,TS,252,0.23771690389356662
2017-06-01,TTE,TS,252,0.2367012891073587
2017-06-02,TTE,TS,252,0.23734193627115222
2017-06-05,TTE,TS,252,0.24169458746811345
2017-06-06,TTE,TS,252,0.23708076660668984
2017-06-07,TTE,TS,252,0.22513395262781905
2017-06-08,TTE,TS,252,0.22486393840998534
2017-06-09,TTE,TS,252,0.22441692169855806
2017-06-12,TTE,TS,252,0.21732055258594138
2017-06-13,TTE,TS,252,0.21423886451840504
2017-06-14,TTE,TS,252,0.21123259056089375
2017-06-15,TTE,TS,252,0.21352411889001172
2017-06-16,TTE,TS,252,0.2136757224815269
2017-06-19,TTE,TS,252,0.2146873793579447
2017-06-20,TTE,TS,252,0.2147126152406435
2017-06-21,TTE,TS,252,0.21462276043458747
2017-06-22,TTE,TS,252,0.24297548819228437
2017-06-23,TTE,TS,252,0.2467063764216133
2017-06-26,TTE,TS,252,0.16899654778669904
2017-06-27,TTE,TS,252,0.16274383226477632
2017-06-28,TTE,TS,252,0.14789045693385047
2017-06-29,TTE,TS,252,0.14894161036407022
2017-06-30,TTE,TS,252,0.13788039682019684
2017-07-03,TTE,TS,252,0.13801987674446767
2017-07-05,TTE,TS,252,0.13490663985340418
2017-07-06,TTE,TS,252,0.1303323209750608
2017-07-07,TTE,TS,252,0.13708761382558068
2017-07-10,TTE,TS,252,0.13747823829211084
2017-07-11,TTE,TS,252,0.13729341623926686
2017-07-12,TTE,TS,252,0.1266806211624136
2017-07-13,TTE,TS,252,0.12692076792921342
2017-07-14,TTE,TS,252,0.12468333428225935
2017-07-17,TTE,TS,252,0.12454317125093706
2017-07-18,TTE,TS,252,0.12224311824303882
2017-07-19,TTE,TS,252,0.1184566169776325
2017-07-20,TTE,TS,252,0.1145715766137496
2017-07-21,TTE,TS,252,0.12277389699359095
2017-07-24,TTE,TS,252,0.12245496779047453
2017-07-25,TTE,TS,252,0.12242813254581746
2017-07-26,TTE,TS,252,0.13592167694956453
2017-07-27,TTE,TS,252,0.13958468212707106
2017-07-28,TTE,TS,252,0.1421769113803874
2017-07-31,TTE,TS,252,0.1425628571182152
2017-08-01,TTE,TS,252,0.1434022831774431
2017-08-02,TTE,TS,252,0.1434738016959642
2017-08-03,TTE,TS,252,0.10344519710996797
2017-08-04,TTE,TS,252,0.10453477466649948
2017-08-07,TTE,TS,252,0.10491473179075331
2017-08-08,TTE,TS,252,0.10602189182219648
2017-08-09,TTE,TS,252,0.10544124685486518
2017-08-10,TTE,TS,252,0.1055010732815356
2017-08-11,TTE,TS,252,0.10566163267523834
2017-08-14,TTE,TS,252,0.10563230491305835
2017-08-15,TTE,TS,252,0.10589560416606453
2017-08-16,TTE,TS,252,0.0892244084775874
2017-08-17,TTE,TS,252,0.09091966498048273
2017-08-18,TTE,TS,252,0.08999035740454128
2017-08-21,TTE,TS,252,0.08814648670260516
2017-08-22,TTE,TS,252,0.08439518629331158
2017-08-23,TTE,TS,252,0.08445671102920257
2017-08-24,TTE,TS,252,0.08475634519480779
2017-08-25,TTE,TS,252,0.08465125811085618
2017-08-28,TTE,TS,252,0.08465722981405209
2017-08-29,TTE,TS,252,0.08445071106344083
2017-08-30,TTE,TS,252,0.0844392991344391
2017-08-31,TTE,TS,252,0.08449998737544694
2017-09-01,TTE,TS,252,0.08389231611429523
2017-09-05,TTE,TS,252,0.07902581176887279
2017-09-06,TTE,TS,252,0.07427492198922382
2017-09-07,TTE,TS,252,0.07477598233849958
2017-09-08,TTE,TS,252,0.07463835145658577
2017-09-11,TTE,TS,252,0.07419395662160437
2017-09-12,TTE,TS,252,0.08278315721047888
2017-09-13,TTE,TS,252,0.08273867530825008
2017-09-14,TTE,TS,252,0.08234518391052918
2017-09-15,TTE,TS,252,0.10439674310678689
2017-09-18,TTE,TS,252,0.09600595007612549
2017-09-19,TTE,TS,252,0.09600072195726549
2017-09-20,TTE,TS,252,0.09630763476315776
2017-09-21,TTE,TS,252,0.09754403116111363
2017-09-22,TTE,TS,252,0.09750292769531121
2017-09-25,TTE,TS,252,0.12871714431188708
2017-09-26,TTE,TS,252,0.1287460761907126
2017-09-27,TTE,TS,252,0.12493287083475661
2017-09-28,TTE,TS,252,0.085203203080364
2017-09-29,TTE,TS,252,0.08674909705110771
2017-10-02,TTE,TS,252,0.08731299779998003
2017-10-03,TTE,TS,252,0.08739134412269099
2017-10-04,TTE,TS,252,0.08886259380191827
2017-10-05,TTE,TS,252,0.08960147302823786
2017-10-06,TTE,TS,252,0.08993867381900543
2017-10-09,TTE,TS,252,0.08667374377727838
2017-10-10,TTE,TS,252,0.0869301706462327
2017-10-11,TTE,TS,252,0.09858776229447812
2017-10-12,TTE,TS,252,0.10009934097052994
2017-10-13,TTE,TS,252,0.0997260972069772
2017-10-16,TTE,TS,252,0.100217715039126
2017-10-17,TTE,TS,252,0.09925289371442544
2017-10-18,TTE,TS,252,0.09941222082606792
2017-10-19,TTE,TS,252,0.10176682327647388
2017-10-20,TTE,TS,252,0.10185812315931375
2017-10-23,TTE,TS,252,0.10183129259736222
2017-10-24,TTE,TS,252,0.10201458753648142
2017-10-25,TTE,TS,252,0.10002134594827378
2017-10-26,TTE,TS,252,0.08938371689991838
2017-10-27,TTE,TS,252,0.0891256186611375
2017-10-30,TTE,TS,252,0.09425918053716416
2017-10-31,TTE,TS,252,0.09455183632697955
2017-11-01,TTE,TS,252,0.09457875513953852
2017-11-02,TTE,TS,252,0.106280233026812
2017-11-03,TTE,TS,252,0.10477735970169455
2017-11-06,TTE,TS,252,0.1130878684013361
2017-11-07,TTE,TS,252,0.11175284933033071
2017-11-08,TTE,TS,252,0.11176070760331726
2017-11-09,TTE,TS,252,0.1155668110307445
2017-11-10,TTE,TS,252,0.1171186729283535
2017-11-13,TTE,TS,252,0.11962524910748583
2017-11-14,TTE,TS,252,0.15189561094997625
2017-11-15,TTE,TS,252,0.14889394811412435
2017-11-16,TTE,TS,252,0.1502012228047798
2017-11-17,TTE,TS,252,0.1493318304003519
2017-11-20,TTE,TS,252,0.14907275339331835
2017-11-21,TTE,TS,252,0.15021050383474469
2017-11-22,TTE,TS,252,0.1529355989497466
2017-11-24,TTE,TS,252,0.15673937323006998
2017-11-27,TTE,TS,252,0.156685930973982
2017-11-28,TTE,TS,252,0.1565081834778245
2017-11-29,TTE,TS,252,0.15659226824999
2017-11-30,TTE,TS,252,0.13376785633300917
2017-12-01,TTE,TS,252,0.1346712890959534
2017-12-04,TTE,TS,252,0.13410358536506467
2017-12-05,TTE,TS,252,0.13399828610730377
2017-12-06,TTE,TS,252,0.1372527641951361
2017-12-07,TTE,TS,252,0.1357537790016785
2017-12-08,TTE,TS,252,0.13535489115419969
2017-12-11,TTE,TS,252,0.13502595477042756
2017-12-12,TTE,TS,252,0.13530982673278782
2017-12-13,TTE,TS,252,0.13382224422011277
2017-12-14,TTE,TS,252,0.13041502180033257
2017-12-15,TTE,TS,252,0.13047920374468025
2017-12-18,TTE,TS,252,0.12775316749872262
2017-12-19,TTE,TS,252,0.12776505493611715
2017-12-20,TTE,TS,252,0.13169048146596732
2017-12-21,TTE,TS,252,0.12900245802133406
2017-12-22,TTE,TS,252,0.12536352007151252
2017-12-26,TTE,TS,252,0.1268351426056371
2017-12-27,TTE,TS,252,0.11769407754798428
2017-12-28,TTE,TS,252,0.12358676602653672
2017-12-29,TTE,TS,252,0.12363544212346507
2018-01-02,TTE,TS,252,0.12330021532845153
2018-01-03,TTE,TS,252,0.1252297861490971
2018-01-04,TTE,TS,252,0.12991167486439004
2018-01-05,TTE,TS,252,0.1283563098861367
2018-01-08,TTE,TS,252,0.12833510316088315
2018-01-09,TTE,TS,252,0.1303749414368842
2018-01-10,TTE,TS,252,0.13038000189655988
2018-01-11,TTE,TS,252,0.1316883027348426
2018-01-12,TTE,TS,252,0.13756469464310334
2018-01-16,TTE,TS,252,0.13509017780273536
2018-01-17,TTE,TS,252,0.12237435622384857
2018-01-18,TTE,TS,252,0.12215183116033543
2018-01-19,TTE,TS,252,0.12203154102159372
2018-01-22,TTE,TS,252,0.12458107997026867
2018-01-23,TTE,TS,252,0.12355502825583123
2018-01-24,TTE,TS,252,0.1237852539526879
2018-01-25,TTE,TS,252,0.12450256393575802
2018-01-26,TTE,TS,252,0.12424861511869816
2018-01-29,TTE,TS,252,0.12408620310750654
2018-01-30,TTE,TS,252,0.12521300502291152
2018-01-31,TTE,TS,252,0.12812581327986655
2018-02-01,TTE,TS,252,0.12619832543988993
2018-02-02,TTE,TS,252,0.12352002959197718
2018-02-05,TTE,TS,252,0.16136038042455172
2018-02-06,TTE,TS,252,0.1672527407246394
2018-02-07,TTE,TS,252,0.16077451582492963
2018-02-08,TTE,TS,252,0.167617686716435
2018-02-09,TTE,TS,252,0.1695955318222562
2018-02-12,TTE,TS,252,0.16889667733412375
2018-02-13,TTE,TS,252,0.1691047592765044
2018-02-14,TTE,TS,252,0.16705036377550556
2018-02-15,TTE,TS,252,0.167049566453979
2018-02-16,TTE,TS,252,0.16612514841349313
2018-02-20,TTE,TS,252,0.1490242638087443
2018-02-21,TTE,TS,252,0.14132469715922183
2018-02-22,TTE,TS,252,0.13857027951220227
2018-02-23,TTE,TS,252,0.12270800756680784
2018-02-26,TTE,TS,252,0.12163756679211243
2018-02-27,TTE,TS,252,0.12769841605163423
2018-02-28,TTE,TS,252,0.1244626196503535
2018-03-01,TTE,TS,252,0.12339654931066021
2018-03-02,TTE,TS,252,0.1256542644327123
2018-03-05,TTE,TS,252,0.1256735364128075
2018-03-06,TTE,TS,252,0.12887475631896514
2018-03-07,TTE,TS,252,0.12909979873182797
2018-03-08,TTE,TS,252,0.11761599058744243
2018-03-09,TTE,TS,252,0.11460152788909765
2018-03-12,TTE,TS,252,0.11262060428566384
2018-03-13,TTE,TS,252,0.11274486136497604
2018-03-14,TTE,TS,252,0.11274112407502519
2018-03-15,TTE,TS,252,0.1139430474643166
2018-03-16,TTE,TS,252,0.11916952449458507
2018-03-19,TTE,TS,252,0.11847992323871545
2018-03-20,TTE,TS,252,0.1163481279385587
2018-03-21,TTE,TS,252,0.10888712522838123
2018-03-22,TTE,TS,252,0.10397814045773562
2018-03-23,TTE,TS,252,0.10468908360629033
2018-03-26,TTE,TS,252,0.10517080858110013
2018-03-27,TTE,TS,252,0.10525556206309869
2018-03-28,TTE,TS,252,0.10806385684433734
2018-03-29,TTE,TS,252,0.11207150053929245
2018-04-02,TTE,TS,252,0.11256793543233
2018-04-03,TTE,TS,252,0.11790949034903435
2018-04-04,TTE,TS,252,0.11792622788266605
2018-04-05,TTE,TS,252,0.12328414204448235
2018-04-06,TTE,TS,252,0.12099524541387821
2018-04-09,TTE,TS,252,0.11679926092608854
2018-04-10,TTE,TS,252,0.12396611257376333
2018-04-11,TTE,TS,252,0.12357450839494699
2018-04-12,TTE,TS,252,0.1237868328231624
2018-04-13,TTE,TS,252,0.1248651817535398
2018-04-16,TTE,TS,252,0.11838716873450186
2018-04-17,TTE,TS,252,0.12133529301903917
2018-04-18,TTE,TS,252,0.12871163300304075
2018-04-19,TTE,TS,252,0.12844543954385254
2018-04-20,TTE,TS,252,0.1287079237256331
2018-04-23,TTE,TS,252,0.12859599989748277
2018-04-24,TTE,TS,252,0.12198329391135376
2018-04-25,TTE,TS,252,0.1206202168444273
2018-04-26,TTE,TS,252,0.1207230189604758
2018-04-27,TTE,TS,252,0.10914142309198507
2018-04-30,TTE,TS,252,0.11119463687981573
2018-05-01,TTE,TS,252,0.1121959360863014
2018-05-02,TTE,TS,252,0.10984843193466715
2018-05-03,TTE,TS,252,0.10966592353628282
2018-05-04,TTE,TS,252,0.10967570516438278
2018-05-07,TTE,TS,252,0.11055056106439806
2018-05-08,TTE,TS,252,0.11061817356143337
2018-05-09,TTE,TS,252,0.11159121669332328
2018-05-10,TTE,TS,252,0.1110863669950314
2018-05-11,TTE,TS,252,0.11102247378273453
2018-05-14,TTE,TS,252,0.1087429449261509
2018-05-15,TTE,TS,252,0.09963176496837718
2018-05-16,TTE,TS,252,0.09511829905351911
2018-05-17,TTE,TS,252,0.09395460394322372
2018-05-18,TTE,TS,252,0.0951331731228067
2018-05-21,TTE,TS,252,0.09602328532955424
2018-05-22,TTE,TS,252,0.0958719145536006
2018-05-23,TTE,TS,252,0.09592228082228373
2018-05-24,TTE,TS,252,0.11091946022939442
2018-05-25,TTE,TS,252,0.10630533711954836
2018-05-29,TTE,TS,252,0.11365603404720274
2018-05-30,TTE,TS,252,0.12102323706754932
2018-05-31,TTE,TS,252,0.11265828740140246
2018-06-01,TTE,TS,252,0.11535281870700514
2018-06-04,TTE,TS,252,0.11418270904973624
2018-06-05,TTE,TS,252,0.1147535281604089
2018-06-06,TTE,TS,252,0.11686769436986137
2018-06-07,TTE,TS,252,0.11849431375656348
2018-06-08,TTE,TS,252,0.11901363948525534
2018-06-11,TTE,TS,252,0.11908402858898406
2018-06-12,TTE,TS,252,0.12335966013981303
2018-06-13,TTE,TS,252,0.12816986133777664
2018-06-14,TTE,TS,252,0.12796522864037238
2018-06-15,TTE,TS,252,0.13206077273398653
2018-06-18,TTE,TS,252,0.1343605006994468
2018-06-19,TTE,TS,252,0.134793557137597
2018-06-20,TTE,TS,252,0.13445897785798688
2018-06-21,TTE,TS,252,0.13955143640511725
2018-06-22,TTE,TS,252,0.16594396222440025
2018-06-25,TTE,TS,252,0.16549819837684587
2018-06-26,TTE,TS,252,0.1621973966437952
2018-06-27,TTE,TS,252,0.170960670140436
2018-06-28,TTE,TS,252,0.17018570295634292
2018-06-29,TTE,TS,252,0.17062152580645465
2018-07-02,TTE,TS,252,0.17066233028177843
2018-07-03,TTE,TS,252,0.17423783403403606
2018-07-05,TTE,TS,252,0.17900715584792076
2018-07-06,TTE,TS,252,0.17781775422838034
2018-07-09,TTE,TS,252,0.17728764700907432
2018-07-10,TTE,TS,252,0.17741495194241433
2018-07-11,TTE,TS,252,0.1988549035722877
2018-07-12,TTE,TS,252,0.19298938183000405
2018-07-13,TTE,TS,252,0.19355673934825876
2018-07-16,TTE,TS,252,0.19692031819898706
2018-07-17,TTE,TS,252,0.19699250531595439
2018-07-18,TTE,TS,252,0.19987680782499964
2018-07-19,TTE,TS,252,0.19828833023558964
2018-07-20,TTE,TS,252,0.19834517090609538
2018-07-23,TTE,TS,252,0.19173470889097569
2018-07-24,TTE,TS,252,0.19168831899059735
2018-07-25,TTE,TS,252,0.19146690957340198
2018-07-26,TTE,TS,252,0.191471989095498
2018-07-27,TTE,TS,252,0.1910190385218782
2018-07-30,TTE,TS,252,0.19052680527323002
2018-07-31,TTE,TS,252,0.19028934442418036
2018-08-01,TTE,TS,252,0.1880585338648473
2018-08-02,TTE,TS,252,0.18377811819926823
2018-08-03,TTE,TS,252,0.23148912063356858
2018-08-06,TTE,TS,252,0.23147987466041284
2018-08-07,TTE,TS,252,0.2311147299155444
2018-08-08,TTE,TS,252,0.22916946322329498
2018-08-09,TTE,TS,252,0.23011329527865762
2018-08-10,TTE,TS,252,0.2320606000615162
2018-08-13,TTE,TS,252,0.23208485829681344
2018-08-14,TTE,TS,252,0.23251496132090352
2018-08-15,TTE,TS,252,0.25135609253665175
2018-08-16,TTE,TS,252,0.250566254440942
2018-08-17,TTE,TS,252,0.25056388288945514
2018-08-20,TTE,TS,252,0.2509553464269598
2018-08-21,TTE,TS,252,0.25149144864001527
2018-08-22,TTE,TS,252,0.2506111370078192
2018-08-23,TTE,TS,252,0.25030418471983584
2018-08-24,TTE,TS,252,0.24967454869113886
2018-08-27,TTE,TS,252,0.24935466007647372
2018-08-28,TTE,TS,252,0.21870682681860537
2018-08-29,TTE,TS,252,0.2184580728269971
2018-08-30,TTE,TS,252,0.2146626071567372
2018-08-31,TTE,TS,252,0.21420905605744647
2018-09-04,TTE,TS,252,0.22571812378097253
2018-09-05,TTE,TS,252,0.23137574292738017
2018-09-06,TTE,TS,252,0.23147662505998184
2018-09-07,TTE,TS,252,0.23142308356079
2018-09-10,TTE,TS,252,0.23520534758283604
2018-09-11,TTE,TS,252,0.2422707303007268
2018-09-12,TTE,TS,252,0.2419699742319776
2018-09-13,TTE,TS,252,0.24472717528828722
2018-09-14,TTE,TS,252,0.2453615613583978
2018-09-17,TTE,TS,252,0.24506425710752336
2018-09-18,TTE,TS,252,0.24418810354266848
2018-09-19,TTE,TS,252,0.2442028469015353
2018-09-20,TTE,TS,252,0.24424050183672782
2018-09-21,TTE,TS,252,0.24424107459120525
2018-09-24,TTE,TS,252,0.24471894385818643
2018-09-25,TTE,TS,252,0.2520857323040722
2018-09-26,TTE,TS,252,0.25203915379009795
2018-09-27,TTE,TS,252,0.2518557472061769
2018-09-28,TTE,TS,252,0.2519779713944196
2018-10-01,TTE,TS,252,0.2509038705388847
2018-10-02,TTE,TS,252,0.25109876515902924
2018-10-03,TTE,TS,252,0.2508667371878451
2018-10-04,TTE,TS,252,0.2513060305233176
2018-10-05,TTE,TS,252,0.25128553439311974
2018-10-08,TTE,TS,252,0.24757792696342817
2018-10-09,TTE,TS,252,0.2500072256383902
2018-10-10,TTE,TS,252,0.24943301461848605
2018-10-11,TTE,TS,252,0.2515269959802623
2018-10-12,TTE,TS,252,0.2506120238579144
2018-10-15,TTE,TS,252,0.2494581975662635
2018-10-16,TTE,TS,252,0.2510488440272296
2018-10-17,TTE,TS,252,0.25312541998671245
2018-10-18,TTE,TS,252,0.25270910208157504
2018-10-19,TTE,TS,252,0.2505772097669933
2018-10-22,TTE,TS,252,0.25047504947938853
2018-10-23,TTE,TS,252,0.25787413223846184
2018-10-24,TTE,TS,252,0.26842874391133004
2018-10-25,TTE,TS,252,0.2696489064551752
2018-10-26,TTE,TS,252,0.27029518867125196
2018-10-29,TTE,TS,252,0.27189005214680395
2018-10-30,TTE,TS,252,0.268514379326726
2018-10-31,TTE,TS,252,0.26563874707516416
2018-11-01,TTE,TS,252,0.26208156276833433
2018-11-02,TTE,TS,252,0.25749657746785554
2018-11-05,TTE,TS,252,0.2574934271719521
2018-11-06,TTE,TS,252,0.25776128808245385
2018-11-07,TTE,TS,252,0.2579109835855296
2018-11-08,TTE,TS,252,0.253253741034854
2018-11-09,TTE,TS,252,0.2555717397830506
2018-11-12,TTE,TS,252,0.25778205081234623
2018-11-13,TTE,TS,252,0.26416579318877387
2018-11-14,TTE,TS,252,0.26260053370932984
2018-11-15,TTE,TS,252,0.26438134706168553
2018-11-16,TTE,TS,252,0.26458588624670715
2018-11-19,TTE,TS,252,0.26483072884420084
2018-11-20,TTE,TS,252,0.2731466778024769
2018-11-21,TTE,TS,252,0.2726745442183845
2018-11-23,TTE,TS,252,0.2809104804599139
2018-11-26,TTE,TS,252,0.28564677617250966
2018-11-27,TTE,TS,252,0.2870903598956175
2018-11-28,TTE,TS,252,0.2924668171932889
2018-11-29,TTE,TS,252,0.2916350622557427
2018-11-30,TTE,TS,252,0.2920536980278599
2018-12-03,TTE,TS,252,0.3016325381156356
2018-12-04,TTE,TS,252,0.30449089553976777
2018-12-10,TTE,TS,252,0.30556845061578397
2018-12-11,TTE,TS,252,0.30443021917906743
2018-12-12,TTE,TS,252,0.3035952185387261
2018-12-13,TTE,TS,252,0.30315886993706676
2018-12-14,TTE,TS,252,0.2950740820890944
2018-12-17,TTE,TS,252,0.2949873714869366
2018-12-18,TTE,TS,252,0.28351936824340757
2018-12-19,TTE,TS,252,0.27163639903583225
2018-12-20,TTE,TS,252,0.27660893549901727
2018-12-21,TTE,TS,252,0.27815492475041936
2018-12-24,TTE,TS,252,0.2780067779346921
2018-12-26,TTE,TS,252,0.2771434894157704
2018-12-27,TTE,TS,252,0.2777866865562354
2018-12-28,TTE,TS,252,0.277761802591529
2018-12-31,TTE,TS,252,0.2800943986930707
2019-01-02,TTE,TS,252,0.2836670297632817
2019-01-03,TTE,TS,252,0.2845235878223007
2019-01-04,TTE,TS,252,0.30006568356963065
2019-01-07,TTE,TS,252,0.29948827087801383
2019-01-08,TTE,TS,252,0.2989625120050601
2019-01-09,TTE,TS,252,0.3078437439928201
2019-01-10,TTE,TS,252,0.3046613319442134
2019-01-11,TTE,TS,252,0.30530902030829316
2019-01-14,TTE,TS,252,0.30526795205947366
2019-01-15,TTE,TS,252,0.30481681473956485
2019-01-16,TTE,TS,252,0.3050304043365647
2019-01-17,TTE,TS,252,0.3025927809277701
2019-01-18,TTE,TS,252,0.31019907043645023
2019-01-22,TTE,TS,252,0.3164337760396622
2019-01-23,TTE,TS,252,0.3166567663991604
2019-01-24,TTE,TS,252,0.3164369102523388
2019-01-25,TTE,TS,252,0.29232085499200633
2019-01-28,TTE,TS,252,0.2919501547035111
2019-01-29,TTE,TS,252,0.2923236923598128
2019-01-30,TTE,TS,252,0.2921805690227972
2019-01-31,TTE,TS,252,0.2920821373352541
2019-02-01,TTE,TS,252,0.29265871677970284
2019-02-04,TTE,TS,252,0.29234578456439586
2019-02-05,TTE,TS,252,0.29319462647076444
2019-02-06,TTE,TS,252,0.2937631099192904
2019-02-07,TTE,TS,252,0.299645775909956
2019-02-08,TTE,TS,252,0.28669996439665757
2019-02-11,TTE,TS,252,0.28480287326615517
2019-02-12,TTE,TS,252,0.28769043393870214
2019-02-13,TTE,TS,252,0.28362969535606597
2019-02-14,TTE,TS,252,0.28268171517206087
2019-02-15,TTE,TS,252,0.2824358132278965
2019-02-19,TTE,TS,252,0.2824248302767177
2019-02-20,TTE,TS,252,0.28698249168899304
2019-02-21,TTE,TS,252,0.28729435755477517
2019-02-22,TTE,TS,252,0.28908572532536264
2019-02-25,TTE,TS,252,0.29878275888934236
2019-02-26,TTE,TS,252,0.2989199039847996
2019-02-27,TTE,TS,252,0.302282715001384
2019-02-28,TTE,TS,252,0.30243610886809924
2019-03-01,TTE,TS,252,0.3036544125085531
2019-03-04,TTE,TS,252,0.3048962677416019
2019-03-05,TTE,TS,252,0.30518830633328364
2019-03-06,TTE,TS,252,0.30704501837157083
2019-03-07,TTE,TS,252,0.30207969364602094
2019-03-08,TTE,TS,252,0.3019212352140625
2019-03-11,TTE,TS,252,0.3021053731646149
2019-03-12,TTE,TS,252,0.30165064272352976
2019-03-13,TTE,TS,252,0.3014037615253553
2019-03-14,TTE,TS,252,0.3036321381982904
2019-03-19,TTE,TS,252,0.30337809883452826
2019-03-20,TTE,TS,252,0.2983456884763605
2019-03-21,TTE,TS,252,0.29827709009982184
2019-03-22,TTE,TS,252,0.298726657393765
2019-03-25,TTE,TS,252,0.29632628818813533
2019-03-26,TTE,TS,252,0.2963010606113602
2019-03-27,TTE,TS,252,0.30565925316396325
2019-03-28,TTE,TS,252,0.30761519082547617
2019-03-29,TTE,TS,252,0.319238189692098
2019-04-01,TTE,TS,252,0.3155565850923264
2019-04-02,TTE,TS,252,0.31693979931191485
2019-04-03,TTE,TS,252,0.31713970510143197
2019-04-04,TTE,TS,252,0.31691082179750274
2019-04-05,TTE,TS,252,0.3188384041256546
2019-04-08,TTE,TS,252,0.31901783597137123
2019-04-09,TTE,TS,252,0.31725658780486504
2019-04-10,TTE,TS,252,0.31724502745152183
2019-04-11,TTE,TS,252,0.31293843635870333
2019-04-12,TTE,TS,252,0.3150765703864833
2019-04-15,TTE,TS,252,0.3150082981396593
2019-04-18,TTE,TS,252,0.3125296284166629
2019-04-22,TTE,TS,252,0.31758438209009937
2019-04-23,TTE,TS,252,0.3176491762501007
2019-04-24,TTE,TS,252,0.31591632763124144
2019-04-25,TTE,TS,252,0.31476229701689323
2019-04-26,TTE,TS,252,0.31470606744949114
2019-04-29,TTE,TS,252,0.3080941896725659
2019-04-30,TTE,TS,252,0.3081083490975441
2019-05-01,TTE,TS,252,0.3073048585723628
2019-05-02,TTE,TS,252,0.3046344021781687
2019-05-03,TTE,TS,252,0.3041170722764454
2019-05-06,TTE,TS,252,0.3054963838129696
2019-05-07,TTE,TS,252,0.3147279601748985
2019-05-08,TTE,TS,252,0.3144627148062352
2019-05-09,TTE,TS,252,0.3123050443889231
2019-05-10,TTE,TS,252,0.3127608556732998
2019-05-13,TTE,TS,252,0.3146236804811692
2019-05-14,TTE,TS,252,0.3137892336206982
2019-05-15,TTE,TS,252,0.3135640605303933
2019-05-16,TTE,TS,252,0.31247753651487115
2019-05-17,TTE,TS,252,0.3090822487043691
2019-05-20,TTE,TS,252,0.3118124562855864
2019-05-21,TTE,TS,252,0.3126181448958347
2019-05-22,TTE,TS,252,0.3109514779421282
2019-05-23,TTE,TS,252,0.3205291932288245
2019-05-24,TTE,TS,252,0.31992204153329795
2019-05-28,TTE,TS,252,0.3222215303260764
2019-05-29,TTE,TS,252,0.32288412553184215
2019-05-30,TTE,TS,252,0.3219272431729695
2019-05-31,TTE,TS,252,0.3204455252234257
2019-06-03,TTE,TS,252,0.31207666880794843
2019-06-06,TTE,TS,252,0.3143469796354307
2019-06-07,TTE,TS,252,0.3110251616882223
2019-06-10,TTE,TS,252,0.30974011805126944
2019-06-11,TTE,TS,252,0.3093367000610475
2019-06-12,TTE,TS,252,0.3080908789080483
2019-06-13,TTE,TS,252,0.31314136987129826
2019-06-14,TTE,TS,252,0.3151410910696745
2019-06-17,TTE,TS,252,0.31701165678789417
2019-06-18,TTE,TS,252,0.3163403873192781
2019-06-19,TTE,TS,252,0.3136416300446254
2019-06-20,TTE,TS,252,0.31064007734865423
2019-06-21,TTE,TS,252,0.3105715315931757
2019-06-24,TTE,TS,252,0.3036710365481849
2019-06-25,TTE,TS,252,0.3021195513672719
2019-06-26,TTE,TS,252,0.30110471856438004
2019-06-27,TTE,TS,252,0.30115219528876613
2019-06-28,TTE,TS,252,0.29822856074519677
2019-07-01,TTE,TS,252,0.29757802769392966
2019-07-02,TTE,TS,252,0.2968357950165775
2019-07-03,TTE,TS,252,0.2968857957455623
2019-07-05,TTE,TS,252,0.2946700064473537
2019-07-08,TTE,TS,252,0.2796714469499082
2019-07-09,TTE,TS,252,0.2807678360775042
2019-07-10,TTE,TS,252,0.2820631195893079
2019-07-11,TTE,TS,252,0.27620295296757574
2019-07-12,TTE,TS,252,0.27808560488255735
2019-07-15,TTE,TS,252,0.2750513245449008
2019-07-16,TTE,TS,252,0.27761811303812045
2019-07-17,TTE,TS,252,0.2813717341680784
2019-07-18,TTE,TS,252,0.28106326971600903
2019-07-19,TTE,TS,252,0.28374140015259547
2019-07-22,TTE,TS,252,0.2798338879590265
2019-07-23,TTE,TS,252,0.27950498872178026
2019-07-24,TTE,TS,252,0.2672377062585113
2019-07-25,TTE,TS,252,0.26693996023482325
2019-07-26,TTE,TS,252,0.26681088835857764
2019-07-29,TTE,TS,252,0.2674499988522731
2019-07-30,TTE,TS,252,0.2674508138737176
2019-07-31,TTE,TS,252,0.26743686898181507
2019-08-01,TTE,TS,252,0.27202757044224823
2019-08-02,TTE,TS,252,0.27522748482176734
2019-08-05,TTE,TS,252,0.28229501180762356
2019-08-06,TTE,TS,252,0.2814993895988385
2019-08-07,TTE,TS,252,0.281654614157768
2019-08-08,TTE,TS,252,0.28191611280813106
2019-08-09,TTE,TS,252,0.28173520677394587
2019-08-12,TTE,TS,252,0.2794876681856492
2019-08-13,TTE,TS,252,0.280397991865604
2019-08-14,TTE,TS,252,0.28264362586721276
2019-08-15,TTE,TS,252,0.28954714455236036
2019-08-20,TTE,TS,252,0.28780407032345035
2019-08-21,TTE,TS,252,0.2874061018419781
2019-08-22,TTE,TS,252,0.2875054769369415
2019-08-23,TTE,TS,252,0.2875595168429849
2019-08-26,TTE,TS,252,0.28768357573632325
2019-08-27,TTE,TS,252,0.28957016405627173
2019-08-28,TTE,TS,252,0.28999223377945255
2019-08-29,TTE,TS,252,0.2898409579483286
2019-08-30,TTE,TS,252,0.27711282112552726
2019-09-03,TTE,TS,252,0.27632057885476297
2019-09-04,TTE,TS,252,0.27990485462804915
2019-09-05,TTE,TS,252,0.2790324591327905
2019-09-06,TTE,TS,252,0.27895893693595103
2019-09-09,TTE,TS,252,0.2781642354453573
2019-09-10,TTE,TS,252,0.27795802955259813
2019-09-11,TTE,TS,252,0.2721543037335588
2019-09-12,TTE,TS,252,0.27243944935799125
2019-09-13,TTE,TS,252,0.2948450558692102
2019-09-16,TTE,TS,252,0.2991581782815159
2019-09-17,TTE,TS,252,0.3044603023736115
2019-09-18,TTE,TS,252,0.3061679073026747
2019-09-19,TTE,TS,252,0.29980864753394015
2019-09-20,TTE,TS,252,0.2997137229351168
2019-09-23,TTE,TS,252,0.30014914388092917
2019-09-24,TTE,TS,252,0.2996873169994244
2019-09-25,TTE,TS,252,0.2981210857621797
2019-09-26,TTE,TS,252,0.29301057166966965
2019-09-27,TTE,TS,252,0.2919337729285363
2019-09-30,TTE,TS,252,0.2843308812967091
2019-10-01,TTE,TS,252,0.28483795122826927
2019-10-02,TTE,TS,252,0.28446897176724273
2019-10-03,TTE,TS,252,0.2678760745787142
2019-10-04,TTE,TS,252,0.26561414507405323
2019-10-07,TTE,TS,252,0.2653717784444031
2019-10-08,TTE,TS,252,0.2660034685206115
2019-10-09,TTE,TS,252,0.26524731403024127
2019-10-10,TTE,TS,252,0.264720297958401
2019-10-11,TTE,TS,252,0.2706995010977601
2019-10-14,TTE,TS,252,0.2704466867948489
2019-10-15,TTE,TS,252,0.2704193396915911
2019-10-16,TTE,TS,252,0.27120444030953644
2019-10-17,TTE,TS,252,0.2717201804886461
2019-10-18,TTE,TS,252,0.27168435457858003
2019-10-21,TTE,TS,252,0.27124222789299574
2019-10-22,TTE,TS,252,0.2700720696827829
2019-10-23,TTE,TS,252,0.2736523993524039
2019-10-24,TTE,TS,252,0.27399681051564306
2019-10-25,TTE,TS,252,0.27438761858501115
2019-10-28,TTE,TS,252,0.27797073749033163
2019-10-29,TTE,TS,252,0.2764538050159973
2019-10-30,TTE,TS,252,0.27655518905936693
2019-10-31,TTE,TS,252,0.276702180345161
2019-11-01,TTE,TS,252,0.26808635367020694
2019-11-04,TTE,TS,252,0.2732640740061899
2019-11-05,TTE,TS,252,0.27605016428217133
2019-11-06,TTE,TS,252,0.26705100115239483
2019-11-07,TTE,TS,252,0.2608938992302961
2019-11-08,TTE,TS,252,0.2515531924652101
2019-11-11,TTE,TS,252,0.252036835914241
2019-11-12,TTE,TS,252,0.2530074697448954
2019-11-13,TTE,TS,252,0.25195742245768377
2019-11-14,TTE,TS,252,0.25241400929186497
2019-11-15,TTE,TS,252,0.25425474284555305
2019-11-18,TTE,TS,252,0.25789709117681436
2019-11-19,TTE,TS,252,0.25746423066092855
2019-11-20,TTE,TS,252,0.25734375939614706
2019-11-21,TTE,TS,252,0.25735392058457246
2019-11-22,TTE,TS,252,0.2574290302064541
2019-11-25,TTE,TS,252,0.25968330825457225
2019-11-26,TTE,TS,252,0.25944708835549696
2019-11-27,TTE,TS,252,0.25750124161671983
2019-11-29,TTE,TS,252,0.2495079882424186
2019-12-02,TTE,TS,252,0.24989993711965477
2019-12-03,TTE,TS,252,0.25123219708243544
2019-12-04,TTE,TS,252,0.2502303779258566
2019-12-05,TTE,TS,252,0.25459338644039975
2019-12-06,TTE,TS,252,0.24910679971927133
2019-12-09,TTE,TS,252,0.2502616681143129
2019-12-10,TTE,TS,252,0.24046241167102886
2019-12-11,TTE,TS,252,0.23029980119870094
2019-12-12,TTE,TS,252,0.22578623421056193
2019-12-13,TTE,TS,252,0.21861975090118158
2019-12-16,TTE,TS,252,0.21853683518630643
2019-12-17,TTE,TS,252,0.21922641261403325
2019-12-18,TTE,TS,252,0.2073012360702006
2019-12-19,TTE,TS,252,0.20361917640512006
2019-12-20,TTE,TS,252,0.20316325384084027
2019-12-23,TTE,TS,252,0.20006679721864729
2019-12-24,TTE,TS,252,0.20048404240930018
2019-12-26,TTE,TS,252,0.20096905923303787
2019-12-27,TTE,TS,252,0.2106442142465876
2019-12-30,TTE,TS,252,0.21268340767679708
2019-12-31,TTE,TS,252,0.2217856899983041
2020-01-02,TTE,TS,252,0.23847002568956835
2020-01-03,TTE,TS,252,0.23343396033407182
2020-01-06,TTE,TS,252,0.23435912703073516
2020-01-07,TTE,TS,252,0.23428405721394824
2020-01-08,TTE,TS,252,0.23306992576500893
2020-01-09,TTE,TS,252,0.2295136478828015
2020-01-10,TTE,TS,252,0.2267196228710105
2020-01-13,TTE,TS,252,0.22672712765028505
2020-01-14,TTE,TS,252,0.22781991208973149
2020-01-15,TTE,TS,252,0.23234969200056524
2020-01-16,TTE,TS,252,0.20928792197714313
2020-01-17,TTE,TS,252,0.2088854424323128
2020-01-21,TTE,TS,252,0.20950189973819972
2020-01-22,TTE,TS,252,0.19246725003604417
2020-01-23,TTE,TS,252,0.19680474277029347
2020-01-24,TTE,TS,252,0.19422188612040206
2020-01-27,TTE,TS,252,0.210642698477979
2020-01-28,TTE,TS,252,0.21101768890142733
2020-01-29,TTE,TS,252,0.21009940348076775
2020-02-03,TTE,TS,252,0.21383954843062555
2020-02-04,TTE,TS,252,0.207977377807449
2020-02-05,TTE,TS,252,0.20558968022981064
2020-02-06,TTE,TS,252,0.2050803271093057
2020-02-07,TTE,TS,252,0.2073757208183925
2020-02-10,TTE,TS,252,0.24064566074945368
2020-02-11,TTE,TS,252,0.23732328165923566
2020-02-12,TTE,TS,252,0.23643692519289594
2020-02-13,TTE,TS,252,0.23653710169083209
2020-02-14,TTE,TS,252,0.23658738504866084
2020-02-18,TTE,TS,252,0.2354404089920236
2020-02-19,TTE,TS,252,0.23484799538593154
2020-02-20,TTE,TS,252,0.22658095485672008
2020-02-21,TTE,TS,252,0.2273321809712022
2020-02-24,TTE,TS,252,0.2559716630090144
2020-02-25,TTE,TS,252,0.25607258953525736
2020-02-26,TTE,TS,252,0.2537043931188555
2020-02-27,TTE,TS,252,0.2551706904472559
2020-02-28,TTE,TS,252,0.25539451808130553
2020-03-02,TTE,TS,252,0.24844714460754302
2020-03-03,TTE,TS,252,0.25041568274471004
2020-03-04,TTE,TS,252,0.2407923054780661
2020-03-05,TTE,TS,252,0.24350047295911406
2020-03-06,TTE,TS,252,0.2376653069561444
2020-03-09,TTE,TS,252,0.5664862728534791
2020-03-10,TTE,TS,252,0.5717820574822656
2020-03-11,TTE,TS,252,0.5899823893694031
2020-03-12,TTE,TS,252,0.6478522972962346
2020-03-13,TTE,TS,252,0.6172427648476164
2020-03-16,TTE,TS,252,0.6135570854956487
2020-03-17,TTE,TS,252,0.6169683378959364
2020-03-18,TTE,TS,252,0.5166208268407005
2020-03-19,TTE,TS,252,0.5512463418815697
2020-03-20,TTE,TS,252,0.5538607251525097
2020-03-23,TTE,TS,252,0.5520909842310308
2020-03-24,TTE,TS,252,0.5611181705356015
2020-03-25,TTE,TS,252,0.5586899192394622
2020-03-26,TTE,TS,252,0.5437271908047996
2020-03-27,TTE,TS,252,0.5428418986932504
2020-03-30,TTE,TS,252,0.5392556366097957
2020-03-31,TTE,TS,252,0.5413422005610629
2020-04-01,TTE,TS,252,0.5413368734872421
2020-04-02,TTE,TS,252,0.5429021760058328
2020-04-03,TTE,TS,252,0.5391352971904968
2020-04-06,TTE,TS,252,0.5381889031593996
2020-04-07,TTE,TS,252,0.5393933951563643
2020-04-08,TTE,TS,252,0.5398274551112281
2020-04-09,TTE,TS,252,0.5415579201991354
2020-04-13,TTE,TS,252,0.5426813955290847
2020-04-14,TTE,TS,252,0.5423605632806613
2020-04-15,TTE,TS,252,0.5448892547803444
2020-04-16,TTE,TS,252,0.5448459966381206
2020-04-17,TTE,TS,252,0.5473725260666698
2020-04-20,TTE,TS,252,0.5524394130832869
2020-04-21,TTE,TS,252,0.5525187895903646
2020-04-22,TTE,TS,252,0.5531018004338509
2020-04-23,TTE,TS,252,0.552183045908376
2020-04-24,TTE,TS,252,0.5475335547137571
2020-04-27,TTE,TS,252,0.5428375245272745
2020-04-28,TTE,TS,252,0.5428334546196963
2020-04-29,TTE,TS,252,0.5379675404240516
2020-04-30,TTE,TS,252,0.5382910972619926
2020-05-01,TTE,TS,252,0.5366740818127382
2020-05-04,TTE,TS,252,0.5321806461980614
2020-05-05,TTE,TS,252,0.5292433235138138
2020-05-06,TTE,TS,252,0.5301026222711177
2020-05-07,TTE,TS,252,0.5293777185578328
2020-05-08,TTE,TS,252,0.5305254738098716
2020-05-11,TTE,TS,252,0.5294251174702799
2020-05-12,TTE,TS,252,0.5303834623297532
2020-05-13,TTE,TS,252,0.5323672031181446
2020-05-14,TTE,TS,252,0.5307867587446087
2020-05-15,TTE,TS,252,0.5309350587537167
2020-05-18,TTE,TS,252,0.525928403421408
2020-05-19,TTE,TS,252,0.4946788225650247
2020-05-20,TTE,TS,252,0.49640540717259357
2020-05-21,TTE,TS,252,0.4960189352125831
2020-05-22,TTE,TS,252,0.49618986962754746
2020-05-26,TTE,TS,252,0.4969212361794952
2020-05-27,TTE,TS,252,0.4978876357540059
2020-05-28,TTE,TS,252,0.4982674811930634
2020-05-29,TTE,TS,252,0.49844212899245666
2020-06-01,TTE,TS,252,0.4988152834979781
2020-06-02,TTE,TS,252,0.501088812877766
2020-06-03,TTE,TS,252,0.5034762749708096
2020-06-04,TTE,TS,252,0.5033547827681166
2020-06-05,TTE,TS,252,0.5053829206913647
2020-06-08,TTE,TS,252,0.5043759515549968
2020-06-09,TTE,TS,252,0.506075978446707
2020-06-10,TTE,TS,252,0.5080059817814896
2020-06-11,TTE,TS,252,0.515943414322211
2020-06-12,TTE,TS,252,0.5110911577925198
2020-06-15,TTE,TS,252,0.5101288820235843
2020-06-16,TTE,TS,252,0.5089848726357387
2020-06-17,TTE,TS,252,0.507563454529573
2020-06-18,TTE,TS,252,0.5083909187290836
2020-06-19,TTE,TS,252,0.5081738877832445
2020-06-22,TTE,TS,252,0.5073959367405836
2020-06-23,TTE,TS,252,0.5069746369978637
2020-06-24,TTE,TS,252,0.5044203078348085
2020-06-25,TTE,TS,252,0.5051151283183554
2020-06-26,TTE,TS,252,0.5080172650037506
2020-06-29,TTE,TS,252,0.5104729823375805
2020-06-30,TTE,TS,252,0.5096769599006377
2020-07-01,TTE,TS,252,0.5103627883650729
2020-07-02,TTE,TS,252,0.5122468889743258
2020-07-06,TTE,TS,252,0.5096274951385638
2020-07-07,TTE,TS,252,0.5073985944124475
2020-07-08,TTE,TS,252,0.5077237693076168
2020-07-09,TTE,TS,252,0.5109381109504592
2020-07-10,TTE,TS,252,0.5108864038114465
2020-07-13,TTE,TS,252,0.5109103976704461
2020-07-14,TTE,TS,252,0.5121428345060025
2020-07-15,TTE,TS,252,0.5136165465257141
2020-07-16,TTE,TS,252,0.5131284782887984
2020-07-17,TTE,TS,252,0.5133415910082512
2020-07-20,TTE,TS,252,0.5139909845074889
2020-07-21,TTE,TS,252,0.5122594535506885
2020-07-22,TTE,TS,252,0.5124225183330625
2020-07-23,TTE,TS,252,0.5118494248025772
2020-07-24,TTE,TS,252,0.5114806551972387
2020-07-27,TTE,TS,252,0.5116439954298834
2020-07-28,TTE,TS,252,0.509171842179385
2020-07-29,TTE,TS,252,0.50956634430908
2020-07-30,TTE,TS,252,0.5091465851426535
2020-07-31,TTE,TS,252,0.5095929345342247
2020-08-03,TTE,TS,252,0.5096284572885834
2020-08-04,TTE,TS,252,0.5103317699451166
2020-08-05,TTE,TS,252,0.5108694475872331
2020-08-06,TTE,TS,252,0.507768013693575
2020-08-07,TTE,TS,252,0.5073383512662609
2020-08-10,TTE,TS,252,0.5060634059670901
2020-08-11,TTE,TS,252,0.5060642739548741
2020-08-12,TTE,TS,252,0.5057977361440336
2020-08-13,TTE,TS,252,0.5059431040679832
2020-08-14,TTE,TS,252,0.5060962635656638
2020-08-17,TTE,TS,252,0.5074877420604257
2020-08-18,TTE,TS,252,0.5065200372948224
2020-08-19,TTE,TS,252,0.5075840069945615
2020-08-20,TTE,TS,252,0.5079068084709586
2020-08-21,TTE,TS,252,0.5083402126214184
2020-08-24,TTE,TS,252,0.507977141528868
2020-08-25,TTE,TS,252,0.5078365003431873
2020-08-26,TTE,TS,252,0.5072871280321707
2020-08-27,TTE,TS,252,0.5074565943784196
2020-08-28,TTE,TS,252,0.5071113634447254
2020-08-31,TTE,TS,252,0.5063733933911723
2020-09-01,TTE,TS,252,0.5069857494923142
2020-09-02,TTE,TS,252,0.5070037732165968
2020-09-03,TTE,TS,252,0.5073931113106694
2020-09-04,TTE,TS,252,0.5069386332130247
2020-09-08,TTE,TS,252,0.5052500555904208
2020-09-09,TTE,TS,252,0.505257990709687
2020-09-10,TTE,TS,252,0.5060503163759189
2020-09-11,TTE,TS,252,0.5065241579813362
2020-09-14,TTE,TS,252,0.5056868925389761
2020-09-15,TTE,TS,252,0.5054530909182241
2020-09-16,TTE,TS,252,0.5027352566391187
2020-09-17,TTE,TS,252,0.5020595155502499
2020-09-18,TTE,TS,252,0.5025048642596991
2020-09-21,TTE,TS,252,0.49944267815706567
2020-09-22,TTE,TS,252,0.4986755043996546
2020-09-23,TTE,TS,252,0.49779073385213296
2020-09-24,TTE,TS,252,0.4974199334073109
2020-09-25,TTE,TS,252,0.4986115405086464
2020-09-28,TTE,TS,252,0.49764335740570487
2020-09-29,TTE,TS,252,0.4980610985603702
2020-09-30,TTE,TS,252,0.49936708993612894
2020-10-01,TTE,TS,252,0.5003218397879129
2020-10-02,TTE,TS,252,0.4980163205281704
2020-10-05,TTE,TS,252,0.49971845626214284
2020-10-06,TTE,TS,252,0.50378875840943
2020-10-07,TTE,TS,252,0.5038116423211404
2020-10-08,TTE,TS,252,0.5029677837199186
2020-10-09,TTE,TS,252,0.5010984545432844
2020-10-12,TTE,TS,252,0.5009019991357414
2020-10-13,TTE,TS,252,0.49958357241780466
2020-10-14,TTE,TS,252,0.49678126546793927
2020-10-15,TTE,TS,252,0.4978225533777598
2020-10-16,TTE,TS,252,0.4979304526081115
2020-10-19,TTE,TS,252,0.4980748675344749
2020-10-20,TTE,TS,252,0.495618215921401
2020-10-21,TTE,TS,252,0.49311937789640903
2020-10-22,TTE,TS,252,0.49202111498813894
2020-10-23,TTE,TS,252,0.49187139485900333
2020-10-26,TTE,TS,252,0.4915062105348387
2020-10-27,TTE,TS,252,0.4927876966610907
2020-10-28,TTE,TS,252,0.4948388581047619
2020-10-29,TTE,TS,252,0.4945392066893938
2020-10-30,TTE,TS,252,0.4965682933867931
2020-11-02,TTE,TS,252,0.5009740815156586
2020-11-03,TTE,TS,252,0.5025570056937017
2020-11-04,TTE,TS,252,0.5070876298211277
2020-11-05,TTE,TS,252,0.4996922711462987
2020-11-06,TTE,TS,252,0.49913103023002187
2020-11-09,TTE,TS,252,0.5174569260120354
2020-11-10,TTE,TS,252,0.5159160217366959
2020-11-11,TTE,TS,252,0.5159342339875268
2020-11-12,TTE,TS,252,0.5133060369512934
2020-11-13,TTE,TS,252,0.5150542228607193
2020-11-16,TTE,TS,252,0.5182232521857701
2020-11-17,TTE,TS,252,0.5187706085821523
2020-11-18,TTE,TS,252,0.5179724026407975
2020-11-19,TTE,TS,252,0.5126672146779495
2020-11-20,TTE,TS,252,0.511558739552193
2020-11-23,TTE,TS,252,0.5150008410817176
2020-11-24,TTE,TS,252,0.5175309092811732
2020-11-25,TTE,TS,252,0.5175193536520225
2020-11-27,TTE,TS,252,0.5164345838514939
2020-11-30,TTE,TS,252,0.5186698592966653
2020-12-01,TTE,TS,252,0.5177617426645672
2020-12-02,TTE,TS,252,0.5180911232330205
2020-12-03,TTE,TS,252,0.5181622020790695
2020-12-04,TTE,TS,252,0.5194718772452808
2020-12-07,TTE,TS,252,0.5201883272301286
2020-12-08,TTE,TS,252,0.5189790068701134
2020-12-09,TTE,TS,252,0.5187798930785327
2020-12-10,TTE,TS,252,0.5195008989963191
2020-12-11,TTE,TS,252,0.5200468667520635
2020-12-14,TTE,TS,252,0.5215644013281792
2020-12-15,TTE,TS,252,0.5217646954440327
2020-12-16,TTE,TS,252,0.5220387886833667
2020-12-17,TTE,TS,252,0.5211293657503603
2020-12-18,TTE,TS,252,0.5212030765909267
2020-12-21,TTE,TS,252,0.5218959022430768
2020-12-22,TTE,TS,252,0.5196009226087172
2020-12-23,TTE,TS,252,0.5204244110721402
2020-12-24,TTE,TS,252,0.5202332294556189
2020-12-28,TTE,TS,252,0.5159868370507642
2020-12-29,TTE,TS,252,0.5160915017158828
2020-12-30,TTE,TS,252,0.5143458826948004
2020-12-31,TTE,TS,252,0.5113728485326764
2021-01-04,TTE,TS,252,0.509653894538845
2021-01-05,TTE,TS,252,0.508552787617426
2021-01-06,TTE,TS,252,0.5121491765949557
2021-01-07,TTE,TS,252,0.5121084445642804
2021-01-08,TTE,TS,252,0.5120601564105584
2021-01-11,TTE,TS,252,0.5122030744890627
2021-01-12,TTE,TS,252,0.5124150185327921
2021-01-13,TTE,TS,252,0.5132499199939484
2021-01-14,TTE,TS,252,0.5137738104726025
2021-01-15,TTE,TS,252,0.5140372240439625
2021-01-19,TTE,TS,252,0.5135776223945514
2021-01-20,TTE,TS,252,0.5128616535150246
2021-01-21,TTE,TS,252,0.5136560684693408
2021-01-22,TTE,TS,252,0.5137560587187388
2021-01-25,TTE,TS,252,0.5146323769709805
2021-01-26,TTE,TS,252,0.5131453326821508
2021-01-27,TTE,TS,252,0.5120410225695263
2021-01-28,TTE,TS,252,0.5098904388616742
2021-01-29,TTE,TS,252,0.5096606663974302
2021-02-01,TTE,TS,252,0.5096489680393378
2021-02-02,TTE,TS,252,0.5096028040201985
2021-02-03,TTE,TS,252,0.506962339160876
2021-02-04,TTE,TS,252,0.5065823338015552
2021-02-05,TTE,TS,252,0.5065887645707183
2021-02-08,TTE,TS,252,0.5076845556166725
2021-02-09,TTE,TS,252,0.5080040112813928
2021-02-10,TTE,TS,252,0.5085339273423233
2021-02-11,TTE,TS,252,0.5082381968595733
2021-02-12,TTE,TS,252,0.5083426845943018
2021-02-16,TTE,TS,252,0.5103031928003251
2021-02-17,TTE,TS,252,0.5110667349828406
2021-02-18,TTE,TS,252,0.5105727181648021
2021-02-19,TTE,TS,252,0.5120836926010132
2021-02-22,TTE,TS,252,0.513168494124322
2021-02-23,TTE,TS,252,0.5105732455952735
2021-02-24,TTE,TS,252,0.5119662093087626
2021-02-25,TTE,TS,252,0.49639026869157055
2021-02-26,TTE,TS,252,0.49727696011663963
2021-03-01,TTE,TS,252,0.49751587557935495
2021-03-02,TTE,TS,252,0.49868594589101
2021-03-03,TTE,TS,252,0.4981282849685971
2021-03-04,TTE,TS,252,0.5015483870560526
2021-03-05,TTE,TS,252,0.4992454461831297
2021-03-08,TTE,TS,252,0.5005329891628081
2021-03-09,TTE,TS,252,0.43840693408304665
2021-03-10,TTE,TS,252,0.43419273783846113
2021-03-11,TTE,TS,252,0.42605185237909576
2021-03-12,TTE,TS,252,0.3905830808497138
2021-03-15,TTE,TS,252,0.4030177524590513
2021-03-16,TTE,TS,252,0.4036455350077164
2021-03-17,TTE,TS,252,0.4006246536637956
2021-03-18,TTE,TS,252,0.4170613429301027
2021-03-19,TTE,TS,252,0.37930972190721035
2021-03-22,TTE,TS,252,0.37605386292011905
2021-03-23,TTE,TS,252,0.3700247561788466
2021-03-24,TTE,TS,252,0.36483377449773524
2021-03-25,TTE,TS,252,0.3670957405363895
2021-03-26,TTE,TS,252,0.3795462170038451
2021-03-29,TTE,TS,252,0.38012762525832566
2021-03-30,TTE,TS,252,0.3836378412674988
2021-03-31,TTE,TS,252,0.3834535513972461
2021-04-01,TTE,TS,252,0.3798980541474102
2021-04-05,TTE,TS,252,0.3740777580130695
2021-04-06,TTE,TS,252,0.37766639109536865
2021-04-07,TTE,TS,252,0.37762580964140874
2021-04-08,TTE,TS,252,0.37774310929409394
2021-04-09,TTE,TS,252,0.37828689983379704
2021-04-12,TTE,TS,252,0.3759316987217677
2021-04-13,TTE,TS,252,0.37501401637876003
2021-04-14,TTE,TS,252,0.3729351362263602
2021-04-15,TTE,TS,252,0.363959933268527
2021-04-16,TTE,TS,252,0.36173126318385745
2021-04-19,TTE,TS,252,0.3578622306173081
2021-04-20,TTE,TS,252,0.35065471086582456
2021-04-21,TTE,TS,252,0.35026100641190944
2021-04-22,TTE,TS,252,0.3493937598947439
2021-04-23,TTE,TS,252,0.35010101847421005
2021-04-26,TTE,TS,252,0.3517308485629065
2021-04-27,TTE,TS,252,0.3552088163722898
2021-04-28,TTE,TS,252,0.35772143959035807
2021-04-29,TTE,TS,252,0.3598986126190929
2021-04-30,TTE,TS,252,0.35728658286002973
2021-05-03,TTE,TS,252,0.36229721302384943
2021-05-04,TTE,TS,252,0.36781903568965874
2021-05-05,TTE,TS,252,0.3743941146507791
2021-05-06,TTE,TS,252,0.372999446500489
2021-05-07,TTE,TS,252,0.373345542970062
2021-05-10,TTE,TS,252,0.3692052262139104
2021-05-11,TTE,TS,252,0.36541826003988953
2021-05-12,TTE,TS,252,0.36006710437824546
2021-05-13,TTE,TS,252,0.35525310344526095
2021-05-14,TTE,TS,252,0.3562339588531026
2021-05-17,TTE,TS,252,0.3507773193759979
2021-05-18,TTE,TS,252,0.35094274478423687
2021-05-19,TTE,TS,252,0.38693081003361024
2021-05-20,TTE,TS,252,0.38306439929949154
2021-05-21,TTE,TS,252,0.3837517516560096
2021-05-24,TTE,TS,252,0.3835644743889749
2021-05-25,TTE,TS,252,0.3830473062442231
2021-05-26,TTE,TS,252,0.3822410780434029
2021-05-27,TTE,TS,252,0.3807335410680483
2021-05-28,TTE,TS,252,0.37991968280182137
2021-06-01,TTE,TS,252,0.3749261779356265
2021-06-02,TTE,TS,252,0.3691445100007702
2021-06-03,TTE,TS,252,0.36478658405847547
2021-06-04,TTE,TS,252,0.3642126907328106
2021-06-07,TTE,TS,252,0.3615691222142062
2021-06-08,TTE,TS,252,0.35740396460270296
2021-06-09,TTE,TS,252,0.3559011185341434
2021-06-10,TTE,TS,252,0.35602257240650803
2021-06-11,TTE,TS,252,0.33836284838958286
2021-06-14,TTE,TS,252,0.34402371170221524
2021-06-15,TTE,TS,252,0.34508448669242225
2021-06-16,TTE,TS,252,0.3469514321340395
2021-06-17,TTE,TS,252,0.34859656573991693
2021-06-18,TTE,TS,252,0.35299712817170575
2021-06-21,TTE,TS,252,0.3567418463876712
2021-06-22,TTE,TS,252,0.35755331782962957
2021-06-23,TTE,TS,252,0.35073274152719497
2021-06-24,TTE,TS,252,0.3543120409675989
2021-06-25,TTE,TS,252,0.3549781299258027
2021-06-28,TTE,TS,252,0.3549045772248779
2021-06-29,TTE,TS,252,0.35407338943346484
2021-06-30,TTE,TS,252,0.3542461781498125
2021-07-01,TTE,TS,252,0.3526704855878187
2021-07-02,TTE,TS,252,0.3490078933328995
2021-07-06,TTE,TS,252,0.3532171783436537
2021-07-07,TTE,TS,252,0.3566596803074597
2021-07-08,TTE,TS,252,0.3582356746677201
2021-07-09,TTE,TS,252,0.3523524905184021
2021-07-12,TTE,TS,252,0.3519867172854892
2021-07-13,TTE,TS,252,0.35216672950744177
2021-07-14,TTE,TS,252,0.3503576761667013
2021-07-15,TTE,TS,252,0.3481844604266692
2021-07-16,TTE,TS,252,0.3507126299680014
2021-07-19,TTE,TS,252,0.3531398233589336
2021-07-20,TTE,TS,252,0.3532172213820387
2021-07-21,TTE,TS,252,0.35426975191886867
2021-07-22,TTE,TS,252,0.34645043961079297
2021-07-23,TTE,TS,252,0.3431573398960839
2021-07-26,TTE,TS,252,0.346938054273466
2021-07-27,TTE,TS,252,0.34790831150801527
2021-07-28,TTE,TS,252,0.35164941035415387
2021-07-29,TTE,TS,252,0.3481671751499012
2021-07-30,TTE,TS,252,0.34931953519497533
2021-08-02,TTE,TS,252,0.34848346427290194
2021-08-03,TTE,TS,252,0.34800337704016754
2021-08-04,TTE,TS,252,0.3369078777276989
2021-08-05,TTE,TS,252,0.3309227084028635
2021-08-06,TTE,TS,252,0.3353382404063226
2021-08-09,TTE,TS,252,0.33488015472098753
2021-08-10,TTE,TS,252,0.33490409595585985
2021-08-11,TTE,TS,252,0.33182622784585775
2021-08-12,TTE,TS,252,0.3303715708565325
2021-08-13,TTE,TS,252,0.32960819318961293
2021-08-16,TTE,TS,252,0.32949420173257027
2021-08-17,TTE,TS,252,0.32887885196835914
2021-08-18,TTE,TS,252,0.33042703215664093
2021-08-19,TTE,TS,252,0.3315077596383191
2021-08-20,TTE,TS,252,0.33268751947408676
2021-08-23,TTE,TS,252,0.3338655339185654
2021-08-24,TTE,TS,252,0.3350085409469758
2021-08-25,TTE,TS,252,0.33455731456965243
2021-08-26,TTE,TS,252,0.3347255941926049
2021-08-27,TTE,TS,252,0.33638028433299966
2021-08-30,TTE,TS,252,0.33562034233669913
2021-08-31,TTE,TS,252,0.3359698140962473
2021-09-01,TTE,TS,252,0.33447629173108073
2021-09-02,TTE,TS,252,0.33515217733311375
2021-09-03,TTE,TS,252,0.33544105796369394
2021-09-07,TTE,TS,252,0.33550372232870496
2021-09-08,TTE,TS,252,0.33890640930865934
2021-09-09,TTE,TS,252,0.3386403528687102
2021-09-10,TTE,TS,252,0.33864973452351016
2021-09-13,TTE,TS,252,0.33447679757915405
2021-09-14,TTE,TS,252,0.3331163624884046
2021-09-15,TTE,TS,252,0.33380556380803256
2021-09-16,TTE,TS,252,0.3372339196499863
2021-09-17,TTE,TS,252,0.3368181302167738
2021-09-20,TTE,TS,252,0.3351337348741039
2021-09-21,TTE,TS,252,0.33802281582525967
2021-09-22,TTE,TS,252,0.3365044962814863
2021-09-23,TTE,TS,252,0.33914148174559483
2021-09-24,TTE,TS,252,0.33884944806128164
2021-09-27,TTE,TS,252,0.3394007416502094
2021-09-28,TTE,TS,252,0.3393604580420827
2021-09-29,TTE,TS,252,0.33797339614450694
2021-09-30,TTE,TS,252,0.3381197418402667
2021-10-01,TTE,TS,252,0.33735683645274656
2021-10-04,TTE,TS,252,0.3401909702856651
2021-10-05,TTE,TS,252,0.3386304444854722
2021-10-06,TTE,TS,252,0.3391098114902719
2021-10-07,TTE,TS,252,0.3378959067316311
2021-10-08,TTE,TS,252,0.34427840376742996
2021-10-11,TTE,TS,252,0.34652688171943047
2021-10-12,TTE,TS,252,0.34456908738879016
2021-10-13,TTE,TS,252,0.3454198371036331
2021-10-14,TTE,TS,252,0.3470046256105977
2021-10-15,TTE,TS,252,0.3432951066037534
2021-10-18,TTE,TS,252,0.34221012845444976
2021-10-19,TTE,TS,252,0.34201044255289875
2021-10-20,TTE,TS,252,0.3437340989494487
2021-10-21,TTE,TS,252,0.34572221626828054
2021-10-22,TTE,TS,252,0.34736870783765195
2021-10-25,TTE,TS,252,0.3466619483826043
2021-10-26,TTE,TS,252,0.3468305798396573
2021-10-27,TTE,TS,252,0.3420098922952025
2021-10-28,TTE,TS,252,0.3359830279348204
2021-10-29,TTE,TS,252,0.33496371781932943
2021-11-01,TTE,TS,252,0.3323928089442689
2021-11-02,TTE,TS,252,0.3264664380800137
2021-11-03,TTE,TS,252,0.3261176282433676
2021-11-04,TTE,TS,252,0.3315815815725737
2021-11-05,TTE,TS,252,0.33158492517040294
2021-11-08,TTE,TS,252,0.33275723034574073
2021-11-09,TTE,TS,252,0.2926150865619868
2021-11-10,TTE,TS,252,0.2929685673128082
2021-11-11,TTE,TS,252,0.29226311329473564
2021-11-12,TTE,TS,252,0.29573059220572234
2021-11-15,TTE,TS,252,0.28907914475300917
2021-11-16,TTE,TS,252,0.2808810288373872
2021-11-17,TTE,TS,252,0.2805222396716387
2021-11-18,TTE,TS,252,0.2830608938552862
2021-11-19,TTE,TS,252,0.2931156805313718
2021-11-22,TTE,TS,252,0.29531634437672394
2021-11-23,TTE,TS,252,0.2862864760335919
2021-11-24,TTE,TS,252,0.2782121503193513
2021-11-26,TTE,TS,252,0.28528893601479466
2021-11-29,TTE,TS,252,0.28766086789483863
2021-11-30,TTE,TS,252,0.2772924068444284
2021-12-01,TTE,TS,252,0.27839047027165637
2021-12-02,TTE,TS,252,0.2814104744188934
2021-12-03,TTE,TS,252,0.2811637422592464
2021-12-06,TTE,TS,252,0.278145305008091
2021-12-07,TTE,TS,252,0.27375030150468627
2021-12-08,TTE,TS,252,0.27496111662211903
2021-12-09,TTE,TS,252,0.26926983509747626
2021-12-10,TTE,TS,252,0.2653806332024389
2021-12-13,TTE,TS,252,0.2612673436762577
2021-12-14,TTE,TS,252,0.25852096734263846
2021-12-15,TTE,TS,252,0.25878193282484957
2021-12-16,TTE,TS,252,0.2589067846103782
2021-12-17,TTE,TS,252,0.26205220252978084
2021-12-20,TTE,TS,252,0.2594990605595078
2021-12-21,TTE,TS,252,0.2578803275766999
2021-12-22,TTE,TS,252,0.2617277943612461
2021-12-23,TTE,TS,252,0.25898669077380054
2021-12-27,TTE,TS,252,0.2575019612149816
2021-12-28,TTE,TS,252,0.2635537015529947
2021-12-29,TTE,TS,252,0.2625210539746595
2021-12-30,TTE,TS,252,0.265640940140879
2021-12-31,TTE,TS,252,0.2711115233286674
2022-01-03,TTE,TS,252,0.2749966295401416
2022-01-04,TTE,TS,252,0.27672685381871176
2022-01-05,TTE,TS,252,0.2638643309797185
2022-01-06,TTE,TS,252,0.26617828917584424
2022-01-07,TTE,TS,252,0.2642686053270251
2022-01-10,TTE,TS,252,0.25988926594800305
2022-01-11,TTE,TS,252,0.26601469771831243
2022-01-12,TTE,TS,252,0.26414960701046847
2022-01-13,TTE,TS,252,0.26122225774113245
2022-01-14,TTE,TS,252,0.2479860755918023
2022-01-18,TTE,TS,252,0.2514601193220649
2022-01-19,TTE,TS,252,0.2527977260166617
2022-01-20,TTE,TS,252,0.2470533145567663
2022-01-21,TTE,TS,252,0.25470416905681853
2022-01-24,TTE,TS,252,0.2507065348442358
2022-01-25,TTE,TS,252,0.25370402174503254
2022-01-26,TTE,TS,252,0.25934714053722907
2022-01-27,TTE,TS,252,0.2623019024166899
2022-01-28,TTE,TS,252,0.2624525340164026
2022-01-31,TTE,TS,252,0.2628459551879802
2022-02-01,TTE,TS,252,0.2591246006510323
2022-02-02,TTE,TS,252,0.2635377847825359
2022-02-03,TTE,TS,252,0.2654297381567155
2022-02-04,TTE,TS,252,0.2638955329594962
2022-02-07,TTE,TS,252,0.25917162189628784
2022-02-08,TTE,TS,252,0.2563091386601489
2022-02-09,TTE,TS,252,0.2565229471934499
2022-02-10,TTE,TS,252,0.25655968110499705
2022-02-11,TTE,TS,252,0.2537704467749021
2022-02-14,TTE,TS,252,0.24892625333869897
2022-02-15,TTE,TS,252,0.25067377548007824
2022-02-16,TTE,TS,252,0.25155486034027014
2022-02-17,TTE,TS,252,0.25086585592758476
2022-02-18,TTE,TS,252,0.2510354922582507
2022-02-22,TTE,TS,252,0.2560034062393573
2022-02-23,TTE,TS,252,0.2482944638963479
2022-02-24,TTE,TS,252,0.2787261074260343
2022-02-25,TTE,TS,252,0.28122933493590574
2022-02-28,TTE,TS,252,0.25054391849961977
2022-03-01,TTE,TS,252,0.25252927237960243
2022-03-02,TTE,TS,252,0.2717559918004876
2022-03-03,TTE,TS,252,0.2689397868767209
2022-03-04,TTE,TS,252,0.2740696998386072
2022-03-07,TTE,TS,252,0.2629122989066787
2022-03-08,TTE,TS,252,0.2618552026965604
2022-03-09,TTE,TS,252,0.24844185886739786
2022-03-10,TTE,TS,252,0.24212339212386316
2022-03-11,TTE,TS,252,0.24543885379398192
2022-03-14,TTE,TS,252,0.24365621157592493
2022-03-15,TTE,TS,252,0.24816349019052833
2022-03-16,TTE,TS,252,0.2452299291299121
2022-03-17,TTE,TS,252,0.2190424502268758
2022-03-18,TTE,TS,252,0.2210535563188089
2022-03-21,TTE,TS,252,0.22280579929863067
2022-03-22,TTE,TS,252,0.23133703731987237
2022-03-23,TTE,TS,252,0.22048663491565515
2022-03-24,TTE,TS,252,0.22026717541346913
2022-03-25,TTE,TS,252,0.22653911762066092
2022-03-28,TTE,TS,252,0.22662133681152646
2022-03-29,TTE,TS,252,0.22752085580558049
2022-03-30,TTE,TS,252,0.22896822079331985
2022-03-31,TTE,TS,252,0.23527497742569684
2022-04-01,TTE,TS,252,0.2393488345117267
2022-04-04,TTE,TS,252,0.2364119145029045
2022-04-05,TTE,TS,252,0.24097944575695782
2022-04-06,TTE,TS,252,0.23649461349181597
2022-04-07,TTE,TS,252,0.23346586977543235
2022-04-08,TTE,TS,252,0.23462048538288552
2022-04-11,TTE,TS,252,0.23031191178822516
2022-04-12,TTE,TS,252,0.22612671725100442
2022-04-13,TTE,TS,252,0.23251500602618724
2022-04-14,TTE,TS,252,0.23415376470174953
2022-04-18,TTE,TS,252,0.23464184327276894
2022-04-19,TTE,TS,252,0.23233444485931898
2022-04-20,TTE,TS,252,0.23252833052149008
2022-04-21,TTE,TS,252,0.23165923440539254
2022-04-22,TTE,TS,252,0.23800693809748888
2022-04-25,TTE,TS,252,0.24463121621781755
2022-04-26,TTE,TS,252,0.24644222494196288
2022-04-27,TTE,TS,252,0.24152208996475197
2022-04-28,TTE,TS,252,0.24229946718906012
2022-04-29,TTE,TS,252,0.24485026555891468
2022-05-02,TTE,TS,252,0.24092935062793244
2022-05-03,TTE,TS,252,0.2447232119418268
2022-05-04,TTE,TS,252,0.2397088091362147
2022-05-05,TTE,TS,252,0.23858749589072992
2022-05-06,TTE,TS,252,0.2364179720541739
2022-05-09,TTE,TS,252,0.254595947025728
2022-05-10,TTE,TS,252,0.2600121711133585
2022-05-11,TTE,TS,252,0.26465489452787616
2022-05-12,TTE,TS,252,0.26616485416031044
2022-05-13,TTE,TS,252,0.2715576666983022
2022-05-16,TTE,TS,252,0.2745559132019588
2022-05-17,TTE,TS,252,0.28106941113727874
2022-05-18,TTE,TS,252,0.2810361077967905
2022-05-19,TTE,TS,252,0.2820773389489556
2022-05-20,TTE,TS,252,0.2816448425731865
2022-05-23,TTE,TS,252,0.2905110896652188
2022-05-24,TTE,TS,252,0.29127435744389973
2022-05-25,TTE,TS,252,0.2915379376957654
2022-05-26,TTE,TS,252,0.2939238698381455
2022-05-27,TTE,TS,252,0.2936546507870103
2022-05-31,TTE,TS,252,0.30006447506607514
2022-06-01,TTE,TS,252,0.30148901605969103
2022-06-02,TTE,TS,252,0.3005759053349764
2022-06-03,TTE,TS,252,0.3006719860268759
2022-06-06,TTE,TS,252,0.2983596169284396
2022-06-07,TTE,TS,252,0.2997907993047745
2022-06-08,TTE,TS,252,0.29802146096759796
2022-06-09,TTE,TS,252,0.29656250411483004
2022-06-10,TTE,TS,252,0.3017983085961589
2022-06-13,TTE,TS,252,0.30116551208364845
2022-06-14,TTE,TS,252,0.3010552993208309
2022-06-15,TTE,TS,252,0.2947046153437301
2022-06-16,TTE,TS,252,0.2997356974345043
2022-06-17,TTE,TS,252,0.2932422570340127
2022-06-21,TTE,TS,252,0.2846597656008448
2022-06-22,TTE,TS,252,0.2922558751914436
2022-06-23,TTE,TS,252,0.2993355418069336
2022-06-24,TTE,TS,252,0.299263876308773
2022-06-27,TTE,TS,252,0.29910990882677346
2022-06-28,TTE,TS,252,0.2904405438579167
2022-06-29,TTE,TS,252,0.29634383780394874
2022-06-30,TTE,TS,252,0.29756929577117563
2022-07-01,TTE,TS,252,0.2991149151461463
2022-07-05,TTE,TS,252,0.30818818541945076
2022-07-06,TTE,TS,252,0.301069790808995
2022-07-07,TTE,TS,252,0.2979338803655532
2022-07-08,TTE,TS,252,0.2890180172496652
2022-07-11,TTE,TS,252,0.28644377484316647
2022-07-12,TTE,TS,252,0.2842597840632759
2022-07-13,TTE,TS,252,0.2846222496577713
2022-07-14,TTE,TS,252,0.2932130332728186
2022-07-15,TTE,TS,252,0.2973351869937519
2022-07-18,TTE,TS,252,0.30328831418024466
2022-07-19,TTE,TS,252,0.296307291246914
2022-07-20,TTE,TS,252,0.29847260452678237
2022-07-21,TTE,TS,252,0.29892367368188816
2022-07-22,TTE,TS,252,0.30428749260097665
2022-07-25,TTE,TS,252,0.31218767165918865
2022-07-26,TTE,TS,252,0.3083797555694717
2022-07-27,TTE,TS,252,0.32343933881193115
2022-07-28,TTE,TS,252,0.3217887328331236
2022-07-29,TTE,TS,252,0.33148524447247746
2022-08-01,TTE,TS,252,0.3259911290350469
2022-08-02,TTE,TS,252,0.32633595542306276
2022-08-03,TTE,TS,252,0.3285414287615425
2022-08-04,TTE,TS,252,0.3228519401513236
2022-08-05,TTE,TS,252,0.3254914852604971
2022-08-08,TTE,TS,252,0.3274393273046911
2022-08-09,TTE,TS,252,0.3255393260250374
2022-08-10,TTE,TS,252,0.32556333912011304
2022-08-11,TTE,TS,252,0.33118864043717894
2022-08-12,TTE,TS,252,0.3333437127378533
2022-08-15,TTE,TS,252,0.32939251485062265
2022-08-16,TTE,TS,252,0.3283034230258776
2022-08-17,TTE,TS,252,0.3274256596888496
2022-08-18,TTE,TS,252,0.3330421720883223
2022-08-19,TTE,TS,252,0.3348484808417478
2022-08-22,TTE,TS,252,0.33249586037071704
2022-08-23,TTE,TS,252,0.32273616577297193
2022-08-24,TTE,TS,252,0.32165357445925535
2022-08-25,TTE,TS,252,0.32337544202072405
2022-08-26,TTE,TS,252,0.32560843450329013
2022-08-29,TTE,TS,252,0.32188745531186724
2022-08-30,TTE,TS,252,0.3134414626419864
2022-08-31,TTE,TS,252,0.31612438691625
2022-09-01,TTE,TS,252,0.3176881116415285
2022-09-02,TTE,TS,252,0.3214688827833143
2022-09-06,TTE,TS,252,0.3235254589319528
2022-09-07,TTE,TS,252,0.32485912800410227
2022-09-08,TTE,TS,252,0.3235861281697515
2022-09-09,TTE,TS,252,0.3358072193684806
2022-09-12,TTE,TS,252,0.3343920685818305
2022-09-13,TTE,TS,252,0.34021780053322764
2022-09-14,TTE,TS,252,0.3435244479369595
2022-09-15,TTE,TS,252,0.34532292572037154
2022-09-16,TTE,TS,252,0.34565411744534547
2022-09-19,TTE,TS,252,0.3462985669416023
2022-09-20,TTE,TS,252,0.3454866947362795
2022-09-21,TTE,TS,252,0.3449542888603663
2022-09-22,TTE,TS,252,0.3440831729440939
2022-09-23,TTE,TS,252,0.3654179806022992
2022-09-26,TTE,TS,252,0.3648777887746886
2022-09-27,TTE,TS,252,0.36434184561883615
2022-09-28,TTE,TS,252,0.36575156983232704
2022-09-29,TTE,TS,252,0.3662588308326625
2022-09-30,TTE,TS,252,0.36515709822354564
2022-10-03,TTE,TS,252,0.3727329420635229
2022-10-04,TTE,TS,252,0.37593839800553247
2022-10-05,TTE,TS,252,0.37598847032172755
2022-10-06,TTE,TS,252,0.37619054329077345
2022-10-07,TTE,TS,252,0.377916780117851
2022-10-10,TTE,TS,252,0.37148513135660327
2022-10-11,TTE,TS,252,0.37422838154111115
2022-10-12,TTE,TS,252,0.37732874844835046
2022-10-13,TTE,TS,252,0.38502344315279585
2022-10-14,TTE,TS,252,0.37259883778752023
2022-10-17,TTE,TS,252,0.3715286418019642
2022-10-18,TTE,TS,252,0.37232346698542174
2022-10-19,TTE,TS,252,0.3723320575232533
2022-10-20,TTE,TS,252,0.3734370524914499
2022-10-21,TTE,TS,252,0.37668354397663156
2022-10-24,TTE,TS,252,0.3764113115498942
2022-10-25,TTE,TS,252,0.37629908214375063
2022-10-26,TTE,TS,252,0.37452077581670057
2022-10-27,TTE,TS,252,0.3755377960322543
2022-10-28,TTE,TS,252,0.3731381171400916
2022-10-31,TTE,TS,252,0.3673566985859374
2022-11-01,TTE,TS,252,0.3671792922275496
2022-11-02,TTE,TS,252,0.36701746313688344
2022-11-03,TTE,TS,252,0.36447642813501363
2022-11-04,TTE,TS,252,0.36085040069847724
2022-11-07,TTE,TS,252,0.36194099354327175
2022-11-08,TTE,TS,252,0.3624653370720801
2022-11-09,TTE,TS,252,0.3631603342602156
2022-11-10,TTE,TS,252,0.3645042317896675
2022-11-11,TTE,TS,252,0.3673802975283099
2022-11-14,TTE,TS,252,0.3657671052549917
2022-11-15,TTE,TS,252,0.3615244101931174
2022-11-16,TTE,TS,252,0.360362288568984
2022-11-17,TTE,TS,252,0.359884380597684
2022-11-18,TTE,TS,252,0.3588246910469948
2022-11-21,TTE,TS,252,0.35834924931656453
2022-11-22,TTE,TS,252,0.36018616260944125
2022-11-23,TTE,TS,252,0.3596053642768007
2022-11-25,TTE,TS,252,0.35805040891351575
2022-11-28,TTE,TS,252,0.35392213424186747
2022-11-29,TTE,TS,252,0.35365250962487027
2022-11-30,TTE,TS,252,0.3570185205733003
2022-12-01,TTE,TS,252,0.3566786535775535
2022-12-02,TTE,TS,252,0.3538147652361831
2022-12-05,TTE,TS,252,0.34935003486601507
2022-12-06,TTE,TS,252,0.34721330412259505
2022-12-07,TTE,TS,252,0.34954701829218604
2022-12-08,TTE,TS,252,0.3503515158267348
2022-12-09,TTE,TS,252,0.35608582868255856
2022-12-12,TTE,TS,252,0.3553258315951438
2022-12-13,TTE,TS,252,0.3597052374183818
2022-12-14,TTE,TS,252,0.360450635950784
2022-12-15,TTE,TS,252,0.36096565365649963
2022-12-16,TTE,TS,252,0.36161786200954804
2022-12-19,TTE,TS,252,0.36133702406040613
2022-12-20,TTE,TS,252,0.36242304369540324
2022-12-21,TTE,TS,252,0.36435898259088334
2022-12-22,TTE,TS,252,0.3642854773372912
2022-12-23,TTE,TS,252,0.36553262306065565
2022-12-27,TTE,TS,252,0.3657066686294374
2022-12-28,TTE,TS,252,0.3642849930662324
2022-12-29,TTE,TS,252,0.36336702492245815
2022-12-30,TTE,TS,252,0.36188241606460864
2023-01-03,TTE,TS,252,0.3673917362332273
2023-01-04,TTE,TS,252,0.36864939679399605
2023-01-05,TTE,TS,252,0.3703263924512512
2023-01-06,TTE,TS,252,0.37004776254549326
2023-01-09,TTE,TS,252,0.36951056953510136
2023-01-10,TTE,TS,252,0.36999896012266315
2023-01-11,TTE,TS,252,0.3735279602465013
2023-01-12,TTE,TS,252,0.3704371507880373
2023-01-13,TTE,TS,252,0.37032802246712826
2023-01-17,TTE,TS,252,0.37232405754625464
2023-01-18,TTE,TS,252,0.38001716829129495
2023-01-19,TTE,TS,252,0.3781670594776473
2023-01-20,TTE,TS,252,0.37827901275942105
2023-01-23,TTE,TS,252,0.3795719851318979
2023-01-24,TTE,TS,252,0.37434535897322824
2023-01-25,TTE,TS,252,0.3744347204603312
2023-01-26,TTE,TS,252,0.37411876007018113
2023-01-27,TTE,TS,252,0.3726108686115634
2023-01-30,TTE,TS,252,0.3719945046212056
2023-01-31,TTE,TS,252,0.3696693152669482
2023-02-01,TTE,TS,252,0.3686320195555797
2023-02-02,TTE,TS,252,0.37646229751759064
2023-02-03,TTE,TS,252,0.37421598413440876
2023-02-06,TTE,TS,252,0.37403314711775554
2023-02-07,TTE,TS,252,0.3757616093207852
2023-02-08,TTE,TS,252,0.37643645684883553
2023-02-09,TTE,TS,252,0.37700603547635886
2023-02-10,TTE,TS,252,0.3821009127025913
2023-02-13,TTE,TS,252,0.38324105990631474
2023-02-14,TTE,TS,252,0.38693576847110056
2023-02-15,TTE,TS,252,0.38633241297349347
2023-02-16,TTE,TS,252,0.3829511987245832
2023-02-17,TTE,TS,252,0.38875006540600987
2023-02-21,TTE,TS,252,0.38585130977876736
2023-02-22,TTE,TS,252,0.38595268476470246
2023-02-23,TTE,TS,252,0.3852281650867975
2023-02-24,TTE,TS,252,0.3886659408082378
2023-02-27,TTE,TS,252,0.38584884638087663
2023-02-28,TTE,TS,252,0.38407665325025436
2023-03-01,TTE,TS,252,0.4107957529398441
2023-03-02,TTE,TS,252,0.41103470229566413
2023-03-03,TTE,TS,252,0.40110530158378654
2023-03-06,TTE,TS,252,0.39934369616582743
2023-03-07,TTE,TS,252,0.39864873913833143
2023-03-08,TTE,TS,252,0.4132850304096959
2023-03-09,TTE,TS,252,0.4121192905717767
2023-03-10,TTE,TS,252,0.42924758488678577
2023-03-13,TTE,TS,252,0.43846304873642256
2023-03-14,TTE,TS,252,0.4371522327321991
2023-03-15,TTE,TS,252,0.44983548406026974
2023-03-16,TTE,TS,252,0.4466659360973841
2023-03-17,TTE,TS,252,0.4502342630677249
2023-03-20,TTE,TS,252,0.46720753167734896
2023-03-21,TTE,TS,252,0.4684600571982437
2023-03-22,TTE,TS,252,0.4619859375028666
2023-03-23,TTE,TS,252,0.4662908910869529
2023-03-24,TTE,TS,252,0.46545800737711807
2023-03-27,TTE,TS,252,0.46490576498606445
2023-03-28,TTE,TS,252,0.46201326825952793
2023-03-29,TTE,TS,252,0.4624559762760396
2023-03-30,TTE,TS,252,0.45982487524667787
2023-03-31,TTE,TS,252,0.4596208256573769
2023-04-03,TTE,TS,252,0.46495399817547706
2023-04-04,TTE,TS,252,0.4647209905361004
2023-04-05,TTE,TS,252,0.46514674315468785
2023-04-06,TTE,TS,252,0.46102187444242326
2023-04-10,TTE,TS,252,0.46527650734415354
2023-04-11,TTE,TS,252,0.46522036571426223
2023-04-12,TTE,TS,252,0.464788254926313
2023-04-13,TTE,TS,252,0.47244681472075906
2023-04-14,TTE,TS,252,0.4813134250632214
2023-04-17,TTE,TS,252,0.4809938814356765
2023-04-18,TTE,TS,252,0.4807981542816149
2023-04-19,TTE,TS,252,0.48078969701175656
2023-04-20,TTE,TS,252,0.479892521107953
2023-04-21,TTE,TS,252,0.47988032749853204
2023-04-24,TTE,TS,252,0.48143023250290834
2023-04-25,TTE,TS,252,0.4795288360388538
2023-04-26,TTE,TS,252,0.47849678911903937
2023-04-27,TTE,TS,252,0.47925670446741675
2023-04-28,TTE,TS,252,0.4807034985924307
2023-05-01,TTE,TS,252,0.4817536145246153
2023-05-02,TTE,TS,252,0.48981033260199003
2023-05-03,TTE,TS,252,0.48991946796194125
2023-05-04,TTE,TS,252,0.487334856313248
2023-05-05,TTE,TS,252,0.4887973801085951
2023-05-08,TTE,TS,252,0.4891562951879851
2023-05-09,TTE,TS,252,0.4924734834251205
2023-05-10,TTE,TS,252,0.48145999084192503
2023-05-11,TTE,TS,252,0.4813324998025993
2023-05-12,TTE,TS,252,0.48150158775689905
2023-05-15,TTE,TS,252,0.4826169150833629
2023-05-16,TTE,TS,252,0.4776866842794249
2023-05-17,TTE,TS,252,0.4808103253077101
2023-05-18,TTE,TS,252,0.47975038319545416
2023-05-19,TTE,TS,252,0.4798308573124636
2023-05-22,TTE,TS,252,0.4798862604026604
2023-05-23,TTE,TS,252,0.48071408507193786
2023-05-24,TTE,TS,252,0.47526218798401754
2023-05-25,TTE,TS,252,0.47741822313954996
2023-05-26,TTE,TS,252,0.4782877722274374
2023-05-30,TTE,TS,252,0.4776368606398284
2023-05-31,TTE,TS,252,0.47871470911409997
2023-06-01,TTE,TS,252,0.48203103859701135
2023-06-02,TTE,TS,252,0.484091159066988
2023-06-05,TTE,TS,252,0.4852838491085292
2023-06-06,TTE,TS,252,0.48571003183652
2023-06-07,TTE,TS,252,0.4887181543196019
2023-06-08,TTE,TS,252,0.4935559044124266
2023-06-09,TTE,TS,252,0.4932287566052854
2023-06-12,TTE,TS,252,0.49690277558207585
2023-06-13,TTE,TS,252,0.49460809631062425
2023-06-14,TTE,TS,252,0.49533973005281084
2023-06-15,TTE,TS,252,0.49474322779019725
2023-06-16,TTE,TS,252,0.5004805706853324
2023-06-20,TTE,TS,252,0.49699368141137323
2023-06-21,TTE,TS,252,0.5008246276934836
2023-06-22,TTE,TS,252,0.5038991678263083
2023-06-23,TTE,TS,252,0.4978289783539054
2023-06-26,TTE,TS,252,0.4978790621355364
2023-06-27,TTE,TS,252,0.4964545948036274
2023-06-28,TTE,TS,252,0.4966956823982851
2023-06-29,TTE,TS,252,0.5008301716983906
2023-06-30,TTE,TS,252,0.49501464140130047
2023-07-03,TTE,TS,252,0.49230377606906317
2023-07-05,TTE,TS,252,0.49231578067695736
2023-07-06,TTE,TS,252,0.48707797810772535
2023-07-07,TTE,TS,252,0.4976383829863189
2023-07-10,TTE,TS,252,0.5032753420476367
2023-07-11,TTE,TS,252,0.5138259790095963
2023-07-12,TTE,TS,252,0.5156437737050666
2023-07-13,TTE,TS,252,0.5186574233336109
2023-07-14,TTE,TS,252,0.5187486681804919
2023-07-17,TTE,TS,252,0.512081535536003
2023-07-18,TTE,TS,252,0.5107634573442024
2023-07-19,TTE,TS,252,0.5033608739620024
2023-07-20,TTE,TS,252,0.5085924421807366
2023-07-21,TTE,TS,252,0.5060857860490642
2023-07-24,TTE,TS,252,0.5053684366376867
2023-07-25,TTE,TS,252,0.5050029837684777
2023-07-26,TTE,TS,252,0.5022344169056204
2023-07-27,TTE,TS,252,0.5008707607129141
2023-07-28,TTE,TS,252,0.4870393098328427
2023-07-31,TTE,TS,252,0.4942388638451482
2023-08-01,TTE,TS,252,0.487757831001293
2023-08-02,TTE,TS,252,0.49522832672369355
2023-08-03,TTE,TS,252,0.4959322093940193
2023-08-04,TTE,TS,252,0.49730113881422805
2023-08-07,TTE,TS,252,0.5237806177142385
2023-08-08,TTE,TS,252,0.5299671626656595
2023-08-09,TTE,TS,252,0.5305971279720032
2023-08-10,TTE,TS,252,0.5333468913605753
2023-08-11,TTE,TS,252,0.5322147417807267
2023-08-14,TTE,TS,252,0.5301723021805357
2023-08-15,TTE,TS,252,0.5307345398035308
2023-08-16,TTE,TS,252,0.5370373688799142
2023-08-17,TTE,TS,252,0.5375840457279529
2023-08-18,TTE,TS,252,0.5422165247890004
2023-08-21,TTE,TS,252,0.5374571312807989
2023-08-22,TTE,TS,252,0.5323809531422967
2023-08-23,TTE,TS,252,0.5338174972753144
2023-08-24,TTE,TS,252,0.5488582985861723
2023-08-25,TTE,TS,252,0.5489937574549234
2023-08-28,TTE,TS,252,0.5506332742150104
2023-08-29,TTE,TS,252,0.5538069730020082
2023-08-30,TTE,TS,252,0.5561946836074153
2023-08-31,TTE,TS,252,0.5719637344912314
2023-09-01,TTE,TS,252,0.5736252874416511
2023-09-05,TTE,TS,252,0.572947883719858
2023-09-06,TTE,TS,252,0.5692576193379549
2023-09-07,TTE,TS,252,0.5669604519983098
2023-09-08,TTE,TS,252,0.5674983422934649
2023-09-11,TTE,TS,252,0.5679740059110063
2023-09-12,TTE,TS,252,0.5534909513484034
2023-09-13,TTE,TS,252,0.5549650984150354
2023-09-14,TTE,TS,252,0.5512441839138454
2023-09-15,TTE,TS,252,0.5514224447663911
2023-09-18,TTE,TS,252,0.5487836757610335
2023-09-19,TTE,TS,252,0.5434733679467572
2023-09-20,TTE,TS,252,0.5452891362436321
2023-09-21,TTE,TS,252,0.5490156175021065
2023-09-22,TTE,TS,252,0.5493777038589311
2023-09-25,TTE,TS,252,0.5520223110633754
2023-09-26,TTE,TS,252,0.5207037151739865
2023-09-27,TTE,TS,252,0.5199177684471136
2023-09-28,TTE,TS,252,0.5163215090089758
2023-09-29,TTE,TS,252,0.5183192873872787
2023-10-02,TTE,TS,252,0.5239686848163703
2023-10-03,TTE,TS,252,0.5243943379550232
2023-10-04,TTE,TS,252,0.5133482013236654
2023-10-05,TTE,TS,252,0.5076066468703483
2023-10-06,TTE,TS,252,0.5087960039891147
2023-10-09,TTE,TS,252,0.5121190092873429
2023-10-10,TTE,TS,252,0.5135961346319453
2023-10-11,TTE,TS,252,0.514546946206517
2023-10-12,TTE,TS,252,0.5116178427106965
2023-10-13,TTE,TS,252,0.5078493103235737
2023-10-16,TTE,TS,252,0.4946182247313234
2023-10-17,TTE,TS,252,0.5211809453122596
2023-10-18,TTE,TS,252,0.5252051477390659
2023-10-19,TTE,TS,252,0.5257518521522859
2023-10-20,TTE,TS,252,0.5264720376038001
2023-10-23,TTE,TS,252,0.5271730057501014
2023-10-24,TTE,TS,252,0.5254662410878765
2023-10-25,TTE,TS,252,0.5270159331728813
2023-10-26,TTE,TS,252,0.5265287072070989
2023-10-27,TTE,TS,252,0.531042022926686
2023-10-30,TTE,TS,252,0.5325119986609337
2023-10-31,TTE,TS,252,0.5367580972158104
2023-11-01,TTE,TS,252,0.5507414205656522
2023-11-02,TTE,TS,252,0.5398596623259039
2023-11-03,TTE,TS,252,0.5340645271824286
2023-11-06,TTE,TS,252,0.5356475860689665
2023-11-07,TTE,TS,252,0.5342684027775852
2023-11-08,TTE,TS,252,0.5330435243728118
2023-11-09,TTE,TS,252,0.5317334003347053
2023-11-10,TTE,TS,252,0.5333471258990699
2023-11-13,TTE,TS,252,0.5386903418692112
2023-11-14,TTE,TS,252,0.5351752548821799
2023-11-15,TTE,TS,252,0.5392450971605575
2023-11-16,TTE,TS,252,0.5570033755891483
2023-11-17,TTE,TS,252,0.5594724050122504
2023-11-20,TTE,TS,252,0.5608077821856232
2023-11-21,TTE,TS,252,0.5621718199333773
2023-11-22,TTE,TS,252,0.5623591750714348
2023-11-24,TTE,TS,252,0.5605000216039315
2023-11-27,TTE,TS,252,0.5600531729365268
2023-11-28,TTE,TS,252,0.5642523002332268
2023-11-29,TTE,TS,252,0.5613965130412182
2023-11-30,TTE,TS,252,0.5658016194987728
2023-12-01,TTE,TS,252,0.5629502533045498
2023-12-04,TTE,TS,252,0.5601964160961002
2023-12-05,TTE,TS,252,0.5638965123536495
2023-12-06,TTE,TS,252,0.5763901514900359
2023-12-07,TTE,TS,252,0.5770814262158718
2023-12-08,TTE,TS,252,0.5772556164501831
2023-12-11,TTE,TS,252,0.5754265176496358
2023-12-12,TTE,TS,252,0.5723932835389441
2023-12-13,TTE,TS,252,0.5742842126403008
2023-12-14,TTE,TS,252,0.5715758241567351
2023-12-15,TTE,TS,252,0.5715740403396526
2023-12-18,TTE,TS,252,0.5718537103065806
2023-12-19,TTE,TS,252,0.5721883278510398
2023-12-20,TTE,TS,252,0.5731424117215251
2023-12-21,TTE,TS,252,0.5725790734217753
2023-12-22,TTE,TS,252,0.5668869738825494
2023-12-26,TTE,TS,252,0.5669348523085479
2023-12-27,TTE,TS,252,0.5640076644835474
2023-12-28,TTE,TS,252,0.5655372908245003
2023-12-29,TTE,TS,252,0.5693659748082588
2024-01-02,TTE,TS,252,0.5709362078147276
2024-01-03,TTE,TS,252,0.5759354734106904
2024-01-04,TTE,TS,252,0.5644952992726869
2024-01-05,TTE,TS,252,0.5616944781941902
2024-01-08,TTE,TS,252,0.5587642624781879
2024-01-09,TTE,TS,252,0.5607048327954427
2024-01-10,TTE,TS,252,0.5597615525396942
2024-01-11,TTE,TS,252,0.5627079727246345
2024-01-12,TTE,TS,252,0.5607854164400916
2024-01-16,TTE,TS,252,0.5646156816194552
2024-01-17,TTE,TS,252,0.5646052035214074
2024-01-18,TTE,TS,252,0.5624786024480348
2024-01-19,TTE,TS,252,0.5619880831636028
2024-01-22,TTE,TS,252,0.5619855185763863
2024-01-23,TTE,TS,252,0.5617178995480793
2024-01-24,TTE,TS,252,0.5642129216142903
2024-01-25,TTE,TS,252,0.5617644139959759
2024-01-26,TTE,TS,252,0.5602494509965037
2024-01-29,TTE,TS,252,0.5606671407797125
2024-01-30,TTE,TS,252,0.5598823681200863
2024-01-31,TTE,TS,252,0.5619011638032718
2024-02-01,TTE,TS,252,0.5692831249216894
2024-02-02,TTE,TS,252,0.5716805492121971
2024-02-05,TTE,TS,252,0.5651444295268392
2024-02-06,TTE,TS,252,0.5705649369708852
2024-02-07,TTE,TS,252,0.5737555541303615
2024-02-08,TTE,TS,252,0.5725156947770864
2024-02-09,TTE,TS,252,0.5667393640510234
2024-02-12,TTE,TS,252,0.5631942440607256
2024-02-13,TTE,TS,252,0.5512434845253761
2024-02-14,TTE,TS,252,0.5490268830034357
2024-02-15,TTE,TS,252,0.5475813771468474
2024-02-16,TTE,TS,252,0.5460168384557477
2024-02-20,TTE,TS,252,0.5494772017450718
2024-02-21,TTE,TS,252,0.5387213382736715
2024-02-22,TTE,TS,252,0.5327903270105874
2024-02-23,TTE,TS,252,0.5295714874504835
2024-02-26,TTE,TS,252,0.519585316739854
2024-02-27,TTE,TS,252,0.5145325665752792
2024-02-28,TTE,TS,252,0.5145306571418731
2024-02-29,TTE,TS,252,0.5116609173876052
2024-03-01,TTE,TS,252,0.5130358498921673
2024-03-04,TTE,TS,252,0.5097453133665484
2024-03-05,TTE,TS,252,0.5002692371186055
2024-03-06,TTE,TS,252,0.5021529182083532
2024-03-07,TTE,TS,252,0.5002566440410293
2024-03-08,TTE,TS,252,0.4965123150541746
2024-03-11,TTE,TS,252,0.4987364824943234
2024-03-12,TTE,TS,252,0.4991875071680099
2024-03-13,TTE,TS,252,0.4953373282913126
2024-03-14,TTE,TS,252,0.4950487021803908
2024-03-15,TTE,TS,252,0.46530220507554865
2024-03-18,TTE,TS,252,0.4638230863096406
2024-03-19,TTE,TS,252,0.4672619814886392
2024-03-20,TTE,TS,252,0.4670379886169866
2024-03-21,TTE,TS,252,0.4587973174968902
2024-03-22,TTE,TS,252,0.4762829771506872
2024-03-25,TTE,TS,252,0.46920484129453044
2024-03-26,TTE,TS,252,0.46589447237972226
2024-03-27,TTE,TS,252,0.4713733220754402
2024-03-28,TTE,TS,252,0.4662353908254261
2024-04-01,TTE,TS,252,0.46574460379762855
2024-04-02,TTE,TS,252,0.4703214239525404
2024-04-03,TTE,TS,252,0.4690052486400168
2024-04-04,TTE,TS,252,0.4511818723733965
2024-04-05,TTE,TS,252,0.44972182067522903
2024-04-08,TTE,TS,252,0.44902578834823176
2024-04-09,TTE,TS,252,0.45507139491157095
2024-04-10,TTE,TS,252,0.454719329513356
2024-04-11,TTE,TS,252,0.45914278952747933
2024-04-12,TTE,TS,252,0.4595374127160924
2024-04-15,TTE,TS,252,0.45986716901136476
2024-04-16,TTE,TS,252,0.4617899615185372
2024-04-17,TTE,TS,252,0.4613740762815614
2024-04-18,TTE,TS,252,0.455057762555144
2024-04-19,TTE,TS,252,0.45410488205075955
2024-04-22,TTE,TS,252,0.4525897412928948
2024-04-23,TTE,TS,252,0.4514720005666045
2024-04-24,TTE,TS,252,0.4427776097286084
2024-04-25,TTE,TS,252,0.4368932602208821
2024-04-26,TTE,TS,252,0.3999878063484288
2024-04-29,TTE,TS,252,0.39473681587512777
2024-04-30,TTE,TS,252,0.40265379864526696
2024-05-01,TTE,TS,252,0.40321443198848034
2024-05-02,TTE,TS,252,0.37272544443273625
2024-05-03,TTE,TS,252,0.37294528854983033
2024-05-06,TTE,TS,252,0.37412069964589006
2024-05-07,TTE,TS,252,0.3723531951850775
2024-05-08,TTE,TS,252,0.37681514681840594
2024-05-09,TTE,TS,252,0.38457259375129077
2024-05-10,TTE,TS,252,0.3921343954456403
2024-05-13,TTE,TS,252,0.39174733790277405
2024-05-14,TTE,TS,252,0.39252929703646283
2024-05-15,TTE,TS,252,0.3909429568131656
2024-05-16,TTE,TS,252,0.39138757699453425
2024-05-17,TTE,TS,252,0.3904313809739198
2024-05-20,TTE,TS,252,0.3860442592975543
2024-05-21,TTE,TS,252,0.3851943770311965
2024-05-22,TTE,TS,252,0.389011652466545
2024-05-23,TTE,TS,252,0.3889554284659236
2024-05-24,TTE,TS,252,0.3876674035705919
2024-05-28,TTE,TS,252,0.37663245782842586
2024-05-29,TTE,TS,252,0.37188442928642423
2024-05-30,TTE,TS,252,0.3722969052583897
2024-05-31,TTE,TS,252,0.3685450876866095
2024-06-03,TTE,TS,252,0.36104042014230203
2024-06-04,TTE,TS,252,0.35253085924437183
2024-06-05,TTE,TS,252,0.3530168221003065
2024-06-06,TTE,TS,252,0.352533539561454
2024-06-07,TTE,TS,252,0.35088648202769035
2024-06-10,TTE,TS,252,0.35145192849765916
2024-06-11,TTE,TS,252,0.35424682561020215
2024-06-12,TTE,TS,252,0.350832043078295
2024-06-13,TTE,TS,252,0.3515108319820918
2024-06-14,TTE,TS,252,0.35868225494654477
2024-06-17,TTE,TS,252,0.35726444857266526
2024-06-18,TTE,TS,252,0.3533468312782947
2024-06-20,TTE,TS,252,0.3524925301684879
2024-06-21,TTE,TS,252,0.3495692937581045
2024-06-24,TTE,TS,252,0.34862250453547133
2024-06-25,TTE,TS,252,0.34839784069424684
2024-06-26,TTE,TS,252,0.34807351764380595
2024-06-27,TTE,TS,252,0.3468530710891764
2024-06-28,TTE,TS,252,0.3427185129645257
2024-07-01,TTE,TS,252,0.34348420979041977
2024-07-02,TTE,TS,252,0.3477041184482466
2024-07-03,TTE,TS,252,0.35312759218560896
2024-07-05,TTE,TS,252,0.3530874295589166
2024-07-08,TTE,TS,252,0.3479660214317094
2024-07-09,TTE,TS,252,0.33813575285416225
2024-07-10,TTE,TS,252,0.33727400193848595
2024-07-11,TTE,TS,252,0.32788447175460006
2024-07-12,TTE,TS,252,0.321083101229386
2024-07-15,TTE,TS,252,0.3199784421065041
2024-07-16,TTE,TS,252,0.3179010578245572
2024-07-17,TTE,TS,252,0.31677145130244067
2024-07-18,TTE,TS,252,0.3144896347262524
2024-07-19,TTE,TS,252,0.31795966303342854
2024-07-22,TTE,TS,252,0.3126909312492635
2024-07-23,TTE,TS,252,0.3163335267949247
2024-07-24,TTE,TS,252,0.3171749234652106
2024-07-25,TTE,TS,252,0.31913378857676944
2024-07-26,TTE,TS,252,0.3205574739986686
2024-07-29,TTE,TS,252,0.32169339301793554
2024-07-30,TTE,TS,252,0.32009337128803667
2024-07-31,TTE,TS,252,0.32003988981911224
2024-08-01,TTE,TS,252,0.3010030726825368
2024-08-02,TTE,TS,252,0.2973302551093063
2024-08-05,TTE,TS,252,0.2921359842731689
2024-08-06,TTE,TS,252,0.28565650722899016
2024-08-07,TTE,TS,252,0.28616796530445926
2024-08-08,TTE,TS,252,0.2862547131725463
2024-08-09,TTE,TS,252,0.27935775175983124
2024-08-12,TTE,TS,252,0.2783943560405022
2024-08-13,TTE,TS,252,0.2803003242339046
2024-08-14,TTE,TS,252,0.28047261521862804
2024-08-15,TTE,TS,252,0.27925562109770513
2024-08-16,TTE,TS,252,0.27910385268624843
2024-08-19,TTE,TS,252,0.2805802558868787
2024-08-20,TTE,TS,252,0.2840205390626065
2024-08-21,TTE,TS,252,0.28364331691836603
2024-08-22,TTE,TS,252,0.2867891231350063
2024-08-23,TTE,TS,252,0.2773184180172009
2024-08-26,TTE,TS,252,0.27591359152596573
2024-08-27,TTE,TS,252,0.27930980643806486
2024-08-28,TTE,TS,252,0.27930969055827004
2024-08-29,TTE,TS,252,0.2983904600456182
2024-08-30,TTE,TS,252,0.2928737095995795
2024-09-03,TTE,TS,252,0.2944286674163786
2024-09-04,TTE,TS,252,0.2928496594797074
2024-09-05,TTE,TS,252,0.2903810779679462
2024-09-06,TTE,TS,252,0.2911494770095718
2024-09-09,TTE,TS,252,0.2912397279473109
2024-09-10,TTE,TS,252,0.289404454106025
2024-09-11,TTE,TS,252,0.2882691853252454
2024-09-12,TTE,TS,252,0.2895548226257945
2024-09-13,TTE,TS,252,0.29231943430775303
2024-09-16,TTE,TS,252,0.2953212013833361
2024-09-17,TTE,TS,252,0.29592883976824924
2024-09-18,TTE,TS,252,0.2960347735299519
2024-09-19,TTE,TS,252,0.30734780406283685
2024-09-20,TTE,TS,252,0.30762901710761253
2024-09-23,TTE,TS,252,0.3064330467888502
2024-09-24,TTE,TS,252,0.319100763192404
2024-09-25,TTE,TS,252,0.31462004045312225
2024-09-26,TTE,TS,252,0.31149879385762136
2024-09-27,TTE,TS,252,0.31285094011652353
2024-09-30,TTE,TS,252,0.31268829280286103
2024-10-01,TTE,TS,252,0.30800520093028577
2024-10-02,TTE,TS,252,0.29851948678602114
2024-10-03,TTE,TS,252,0.29768594589917496
2024-10-04,TTE,TS,252,0.2938381782451892
2024-10-07,TTE,TS,252,0.2919024482667305
2024-10-08,TTE,TS,252,0.2926752318613397
2024-10-09,TTE,TS,252,0.2842173728638922
2024-10-10,TTE,TS,252,0.28367943136792934
2024-10-11,TTE,TS,252,0.284018338047485
2024-10-14,TTE,TS,252,0.2853198363800183
2024-10-15,TTE,TS,252,0.29958147323649204
2024-10-16,TTE,TS,252,0.2953079363424137
2024-10-17,TTE,TS,252,0.29457305888032204
2024-10-18,TTE,TS,252,0.29624517099918707
2024-10-21,TTE,TS,252,0.29664791336740626
2024-10-22,TTE,TS,252,0.2856080163302336
2024-10-23,TTE,TS,252,0.28076162376762126
2024-10-24,TTE,TS,252,0.2792435466597602
2024-10-25,TTE,TS,252,0.28460406181460074
2024-10-28,TTE,TS,252,0.2866149399096742
2024-10-29,TTE,TS,252,0.28359504353452003
2024-10-30,TTE,TS,252,0.2808077188223316
2024-10-31,TTE,TS,252,0.2809502190736837
2024-11-01,TTE,TS,252,0.2816311548193549
2024-11-04,TTE,TS,252,0.28557670683068787
2024-11-05,TTE,TS,252,0.2899860625468729
2024-11-06,TTE,TS,252,0.26109041755530926
2024-11-07,TTE,TS,252,0.258134535519836
2024-11-08,TTE,TS,252,0.2615867463806779
2024-11-11,TTE,TS,252,0.26216032579278264
2024-11-12,TTE,TS,252,0.2678979498674252
2024-11-13,TTE,TS,252,0.2679560115528917
2024-11-14,TTE,TS,252,0.2677274513419441
2024-11-15,TTE,TS,252,0.26636654281841105
2024-11-18,TTE,TS,252,0.26242237723428824
2024-11-19,TTE,TS,252,0.25893594117488133
2024-11-20,TTE,TS,252,0.25181987424053803
2024-11-21,TTE,TS,252,0.25024088749491874
2024-11-22,TTE,TS,252,0.2446352738380629
2024-11-25,TTE,TS,252,0.23665940830882934
2024-11-26,TTE,TS,252,0.2376829259061631
2024-11-27,TTE,TS,252,0.23206370101110124
2024-11-29,TTE,TS,252,0.23343326972410333
2024-12-02,TTE,TS,252,0.2277702048898502
2024-12-03,TTE,TS,252,0.22751897973518634
2024-12-04,TTE,TS,252,0.22557906943219388
2024-12-05,TTE,TS,252,0.22470966054196906
2024-12-06,TTE,TS,252,0.23374134774640454
2024-12-09,TTE,TS,252,0.24149649239606397
2024-12-10,TTE,TS,252,0.24099708045319126
2024-12-11,TTE,TS,252,0.24074283729447762
2024-12-12,TTE,TS,252,0.24243966766027344
2024-12-13,TTE,TS,252,0.2422468189808737
2024-12-16,TTE,TS,252,0.24175012171830818
2024-12-17,TTE,TS,252,0.23994132871792828
2024-12-18,TTE,TS,252,0.24286911138323275
2024-12-19,TTE,TS,252,0.2403614721376741
2024-12-20,TTE,TS,252,0.23794230509811407
2024-12-23,TTE,TS,252,0.23921178161372209
2024-12-24,TTE,TS,252,0.24158173378990253
2024-12-26,TTE,TS,252,0.24027343658732725
2024-12-27,TTE,TS,252,0.2375323485034588
2024-12-30,TTE,TS,252,0.23617262444700235
2024-12-31,TTE,TS,252,0.23570068989504092
2025-01-02,TTE,TS,252,0.2327449858725393
2025-01-03,TTE,TS,252,0.23279832195937292
2025-01-06,TTE,TS,252,0.23618247773260911
2025-01-07,TTE,TS,252,0.23728394585417525
2025-01-08,TTE,TS,252,0.23359678358652353
2025-01-10,TTE,TS,252,0.22989916516686612
2025-01-13,TTE,TS,252,0.2282271927089649
2025-01-14,TTE,TS,252,0.22930850328026128
2025-01-15,TTE,TS,252,0.23075285972857584
2025-01-16,TTE,TS,252,0.21502799674962278
2025-01-17,TTE,TS,252,0.21455165515555571
2025-01-21,TTE,TS,252,0.21408979083790589
2025-01-22,TTE,TS,252,0.21396211940569618
2025-01-23,TTE,TS,252,0.21409350300119973
2025-01-24,TTE,TS,252,0.21440348067219767
2025-01-27,TTE,TS,252,0.21475674155917104
2025-01-28,TTE,TS,252,0.2228322037834101
2025-01-29,TTE,TS,252,0.22291747398445236
2025-01-30,TTE,TS,252,0.22580395435566006
2025-01-31,TTE,TS,252,0.22490387448842158
2025-02-03,TTE,TS,252,0.2215015057559463
2025-02-04,TTE,TS,252,0.23147263768211201
2025-02-05,TTE,TS,252,0.23099507635788002
2025-02-06,TTE,TS,252,0.22879877972918716
2025-02-07,TTE,TS,252,0.22941242090321237
2025-02-10,TTE,TS,252,0.22063069409657543
2025-02-11,TTE,TS,252,0.21716806661071475
2025-02-12,TTE,TS,252,0.22152406664986227
2025-02-13,TTE,TS,252,0.22296370853309289
2025-02-14,TTE,TS,252,0.22654101853135866
2025-02-18,TTE,TS,252,0.22774017938423
2025-02-19,TTE,TS,252,0.22572833411478452
2025-02-20,TTE,TS,252,0.2241899144581696
2025-02-21,TTE,TS,252,0.2260071547405162
2025-02-24,TTE,TS,252,0.22481844557365915
2025-02-25,TTE,TS,252,0.23106642673306665
2025-02-26,TTE,TS,252,0.2270340450261389
2025-02-27,TTE,TS,252,0.2315212317111658
2025-02-28,TTE,TS,252,0.2323289295507322
2025-03-03,TTE,TS,252,0.22941268329583908
2025-03-04,TTE,TS,252,0.23187383292784275
2025-03-05,TTE,TS,252,0.24069998689284358
2025-03-06,TTE,TS,252,0.24084664786216853
2025-03-07,TTE,TS,252,0.24467033392675094
2025-03-10,TTE,TS,252,0.2565541889936371
2025-03-11,TTE,TS,252,0.26259389526161425
2025-03-12,TTE,TS,252,0.2612471890317302
2025-03-13,TTE,TS,252,0.26002754326595284
2025-03-14,TTE,TS,252,0.265449796633527
2025-03-17,TTE,TS,252,0.257430052575978
2025-03-18,TTE,TS,252,0.2583546433796892
2025-03-19,TTE,TS,252,0.26427222736166767
2025-03-20,TTE,TS,252,0.2650365493901543
2025-03-21,TTE,TS,252,0.2614648906130837
2025-03-24,TTE,TS,252,0.25998138390905584
2025-03-25,TTE,TS,252,0.2658311036572502
2025-03-26,TTE,TS,252,0.265658595503449
2025-03-27,TTE,TS,252,0.2607347324330651
2025-03-28,TTE,TS,252,0.26192348677536575
2025-03-31,TTE,TS,252,0.2613790938591099
2025-04-01,TTE,TS,252,0.26359663913566955
2025-04-02,TTE,TS,252,0.2635731627480058
2025-04-03,TTE,TS,252,0.26714949415710165
2025-04-04,TTE,TS,252,0.32348828747459585
2025-04-07,TTE,TS,252,0.3351144515510089
2025-04-08,TTE,TS,252,0.34578734937231814
2025-04-09,TTE,TS,252,0.3604927836524974
2025-04-10,TTE,TS,252,0.35790004848095774
2025-04-11,TTE,TS,252,0.3654693863319874
2025-04-14,TTE,TS,252,0.3646797100491788
2025-04-15,TTE,TS,252,0.3646564952888725
2025-04-16,TTE,TS,252,0.36728734316205547
2025-04-17,TTE,TS,252,0.3693208303115158
2025-04-21,TTE,TS,252,0.37144023877070725
2025-04-22,TTE,TS,252,0.3795069725623718
2025-04-23,TTE,TS,252,0.3804066311352348
2025-04-24,TTE,TS,252,0.38272690487491384
2025-04-25,TTE,TS,252,0.38421763992622854
2025-04-28,TTE,TS,252,0.38797059259468203
2025-04-29,TTE,TS,252,0.3840830992401509
2025-04-30,TTE,TS,252,0.4145502035903795
2025-05-01,TTE,TS,252,0.41429300210683045
2025-05-02,TTE,TS,252,0.4128080879235177
2025-05-05,TTE,TS,252,0.41225490083840405
2025-05-06,TTE,TS,252,0.4140892046407933
2025-05-07,TTE,TS,252,0.4144289701126289
2025-05-08,TTE,TS,252,0.41287530347378665
2025-05-09,TTE,TS,252,0.4145254820714161
2025-05-12,TTE,TS,252,0.4129428036926049
2025-05-13,TTE,TS,252,0.40455025823646057
2025-05-14,TTE,TS,252,0.4031211401458686
2025-05-15,TTE,TS,252,0.401364760251783
2025-05-16,TTE,TS,252,0.4005973597115724
2025-05-19,TTE,TS,252,0.401812769539163
2025-05-20,TTE,TS,252,0.4014905861148701
2025-05-21,TTE,TS,252,0.4012853261358337
2025-05-22,TTE,TS,252,0.40533064007569464
2025-05-23,TTE,TS,252,0.4047392169418661
2025-05-27,TTE,TS,252,0.4013112932929389
2025-05-28,TTE,TS,252,0.39660917954764063
2025-05-29,TTE,TS,252,0.39878466553558334
2025-05-30,TTE,TS,252,0.4013093849865072
2025-06-02,TTE,TS,252,0.4171909122996222
2025-06-03,TTE,TS,252,0.41663907131083516
2025-06-04,TTE,TS,252,0.4181454231805886
2025-06-05,TTE,TS,252,0.4181322824486924
2025-06-06,TTE,TS,252,0.4183819757476153
2025-06-09,TTE,TS,252,0.41816836052683104
2025-06-10,TTE,TS,252,0.42243137725611785
2025-06-11,TTE,TS,252,0.4222585016136097
2025-06-12,TTE,TS,252,0.4176017917719864
2025-06-13,TTE,TS,252,0.41701265159925927
2025-06-16,TTE,TS,252,0.4172141496248268
2025-06-17,TTE,TS,252,0.4162588531233845
2025-06-18,TTE,TS,252,0.4105588276904658
2025-06-20,TTE,TS,252,0.4130469942800254
2025-06-23,TTE,TS,252,0.419425134643832
2025-06-24,TTE,TS,252,0.41981875881057756
2025-06-25,TTE,TS,252,0.4181138988515318
2025-06-26,TTE,TS,252,0.417019091192114
2025-06-27,TTE,TS,252,0.4183341426942937
2025-06-30,TTE,TS,252,0.417256300885693
2025-07-01,TTE,TS,252,0.41765427437949376
2025-07-02,TTE,TS,252,0.4305305113854694
2025-07-03,TTE,TS,252,0.43081982206788694
2025-07-07,TTE,TS,252,0.4318625558597175
2025-07-08,TTE,TS,252,0.43387145890268775
2025-07-09,TTE,TS,252,0.4340068129700325
2025-07-10,TTE,TS,252,0.4305977753940089
2025-07-11,TTE,TS,252,0.4297220418567418
2025-07-14,TTE,TS,252,0.4290626393631916
2025-07-15,TTE,TS,252,0.4299938524620984
2025-07-16,TTE,TS,252,0.4322904760958951
2025-07-17,TTE,TS,252,0.4330360031323063
2025-07-18,TTE,TS,252,0.43372387104345567
2025-07-21,TTE,TS,252,0.43510346827396273
2025-07-22,TTE,TS,252,0.43625774719473964
2025-07-23,TTE,TS,252,0.4346968269295592
2025-07-24,TTE,TS,252,0.4393165376870516
2025-07-25,TTE,TS,252,0.43772364280718135
2025-07-28,TTE,TS,252,0.43700515471002477
2025-07-29,TTE,TS,252,0.436542519710896
2025-07-30,TTE,TS,252,0.441116565855621
2025-07-31,TTE,TS,252,0.42252686979522375
2025-08-01,TTE,TS,252,0.4235470542891862
2025-08-04,TTE,TS,252,0.42298212550075515
2025-08-05,TTE,TS,252,0.4478252910644074
2025-08-06,TTE,TS,252,0.4499143743012283
2025-08-07,TTE,TS,252,0.4495170020413887
2025-08-08,TTE,TS,252,0.4479920954792086
2025-08-11,TTE,TS,252,0.4484890484504164
2025-08-12,TTE,TS,252,0.45148298739517373
2025-08-13,TTE,TS,252,0.45228513539049653
2025-08-14,TTE,TS,252,0.45361408847950074
2025-08-15,TTE,TS,252,0.44978389492046644
2025-08-18,TTE,TS,252,0.45008871798543365
2025-08-19,TTE,TS,252,0.4499994837547871
2025-08-20,TTE,TS,252,0.4468410992910101
2025-08-21,TTE,TS,252,0.44824274866283675
2025-08-22,TTE,TS,252,0.4492401363288868
2025-08-25,TTE,TS,252,0.4507246648218195
2025-08-26,TTE,TS,252,0.4498320942605345
2025-08-27,TTE,TS,252,0.4562902671508515
2025-08-28,TTE,TS,252,0.4579320051662076
2025-08-29,TTE,TS,252,0.4541622732755141
2025-09-02,TTE,TS,252,0.4551247648603676
2025-09-03,TTE,TS,252,0.4458336286018394
2025-09-04,TTE,TS,252,0.450708312365538
2025-09-05,TTE,TS,252,0.4467659846392035
2025-09-08,TTE,TS,252,0.445934210396295
2025-09-09,TTE,TS,252,0.44766195284056975
2025-09-10,TTE,TS,252,0.4473468493927687
2025-09-11,TTE,TS,252,0.4460627122543103
2025-09-12,TTE,TS,252,0.44518920729924616
2025-09-15,TTE,TS,252,0.4449182761972909
2025-09-16,TTE,TS,252,0.4469031478314794
2025-09-17,TTE,TS,252,0.44911779103535704
2025-09-18,TTE,TS,252,0.4494324733250043
2025-09-19,TTE,TS,252,0.4494567609167844
2025-09-22,TTE,TS,252,0.4496131806827572
2025-09-23,TTE,TS,252,0.4489013168298898
2025-09-24,TTE,TS,252,0.44842122416683766
2025-09-25,TTE,TS,252,0.4486552912989793
2025-09-26,TTE,TS,252,0.44230811970744305
2025-09-29,TTE,TS,252,0.4417493031791668
2025-09-30,TTE,TS,252,0.4418250902083033
2025-10-01,TTE,TS,252,0.44486453642212515
2025-10-02,TTE,TS,252,0.4438485237684857
2025-10-03,TTE,TS,252,0.44600981066703616
2025-10-06,TTE,TS,252,0.446590257324818
2025-10-07,TTE,TS,252,0.4446942806983422
2025-10-08,TTE,TS,252,0.4446947314554334
2025-10-09,TTE,TS,252,0.4495775569797537
2025-10-10,TTE,TS,252,0.4426683845052056
2025-10-13,TTE,TS,252,0.439215247622014
2025-10-14,TTE,TS,252,0.4394720678140301
2025-10-15,TTE,TS,252,0.4358927349450486
2025-10-16,TTE,TS,252,0.4357156065039394
2025-10-17,TTE,TS,252,0.4269674084905009
2025-10-20,TTE,TS,252,0.42657263296847625
2025-10-21,TTE,TS,252,0.42534192985498903
2025-10-22,TTE,TS,252,0.4224828102412262
2025-10-23,TTE,TS,252,0.427638508501328
2025-10-24,TTE,TS,252,0.4360984618492886
2025-10-27,TTE,TS,252,0.434244509675514
2025-10-28,TTE,TS,252,0.43756136777858023
2025-10-29,TTE,TS,252,0.43240222660125976
2025-10-30,TTE,TS,252,0.4174124923888927
2025-10-31,TTE,TS,252,0.4192007857693235
2025-11-03,TTE,TS,252,0.41429230317473825
2025-11-04,TTE,TS,252,0.41280404795020204
2025-11-05,TTE,TS,252,0.411135918372528
2025-11-06,TTE,TS,252,0.41138754705654595
2025-11-07,TTE,TS,252,0.4112333841946873
2025-11-10,TTE,TS,252,0.43948013076410153
2025-11-11,TTE,TS,252,0.4383199849228414
2025-11-12,TTE,TS,252,0.43716008036215714
2025-11-13,TTE,TS,252,0.433651489658372
2025-11-14,TTE,TS,252,0.42688366806994604
2025-11-17,TTE,TS,252,0.4274524872126448
2025-11-18,TTE,TS,252,0.42721510465962026
2025-11-19,TTE,TS,252,0.4268624683363102
2025-11-20,TTE,TS,252,0.4229796976427667
2025-11-21,TTE,TS,252,0.4228604539211538
2025-11-24,TTE,TS,252,0.42516122128531064
2025-11-25,TTE,TS,252,0.42783276669564163
2025-11-26,TTE,TS,252,0.43038993177013524
2025-11-28,TTE,TS,252,0.4356050917667417
2025-12-01,TTE,TS,252,0.4359206693149524
2025-12-02,TTE,TS,252,0.44509628346436486
2025-12-03,TTE,TS,252,0.451842154340899
2025-12-04,TTE,TS,252,0.45053947281828666
2025-12-05,TTE,TS,252,0.4523014596754595
2025-12-08,TTE,TS,252,0.45321548457115735
2025-12-09,TTE,TS,252,0.4538593695961825
2025-12-10,TTE,TS,252,0.44739053319560634
2025-12-11,TTE,TS,252,0.4425806332691448
2025-12-12,TTE,TS,252,0.4413340242262138
2025-12-15,TTE,TS,252,0.4425388578244984
2025-12-16,TTE,TS,252,0.447040342999983
2025-12-17,TTE,TS,252,0.4498672934340337
2025-12-18,TTE,TS,252,0.44465630389370703
2025-12-19,TTE,TS,252,0.4437295661538911
2025-12-22,TTE,TS,252,0.44021468762317006
2025-12-23,TTE,TS,252,0.4402463699747865
2025-12-24,TTE,TS,252,0.44066728374340314
2025-12-26,TTE,TS,252,0.44123915884993664
2025-12-29,TTE,TS,252,0.44027702753021736
2025-12-30,TTE,TS,252,0.4401272328917559
2025-12-31,TTE,TS,252,0.44319353194956057
2026-01-02,TTE,TS,252,0.4453852288335558
2026-01-05,TTE,TS,252,0.4397532732997246
2026-01-06,TTE,TS,252,0.4420325985054114
2026-01-07,TTE,TS,252,0.4434697937783172
2026-01-08,TTE,TS,252,0.44519141518550576
2026-01-09,TTE,TS,252,0.44305043909022634
2026-01-12,TTE,TS,252,0.447618757736287
2026-01-13,TTE,TS,252,0.44984263630199
2026-01-14,TTE,TS,252,0.4501198631451824
2026-01-15,TTE,TS,252,0.45140282670404136
2026-01-16,TTE,TS,252,0.45165952018249267
2026-01-20,TTE,TS,252,0.4556878739143088
2026-01-21,TTE,TS,252,0.4550360811934904
2026-01-22,TTE,TS,252,0.4558118646908229
2026-01-23,TTE,TS,252,0.45375674898660223
2026-01-26,TTE,TS,252,0.45043505780857157
2026-01-27,TTE,TS,252,0.45259906397139515
2026-01-28,TTE,TS,252,0.4524698491292346
2026-01-29,TTE,TS,252,0.44999144294672294
2026-01-30,TTE,TS,252,0.44968882249420605
2026-02-02,TTE,TS,252,0.44770484943690414
2026-02-03,TTE,TS,252,0.4568572554346031
2026-02-04,TTE,TS,252,0.460501801439141
2026-02-05,TTE,TS,252,0.4570030624724306
2026-02-06,TTE,TS,252,0.45814172013678445
2026-02-09,TTE,TS,252,0.4579868381643931
2026-02-10,TTE,TS,252,0.4583066255917715
2026-02-11,TTE,TS,252,0.47302557614937174
2026-02-12,TTE,TS,252,0.4807350591809285
2026-02-13,TTE,TS,252,0.48093598745326427
2026-02-17,TTE,TS,252,0.4807304069452598
2026-02-18,TTE,TS,252,0.4811140969994277
2026-02-19,TTE,TS,252,0.47251842594245785
2026-02-20,TTE,TS,252,0.469985992043119
2026-02-23,TTE,TS,252,0.4705094904589741
2026-02-24,TTE,TS,252,0.4687050799522045
2026-02-25,TTE,TS,252,0.46857464211145045
2026-02-26,TTE,TS,252,0.46806821021412554
2026-02-27,TTE,TS,252,0.4687304097062112
2026-03-02,TTE,TS,252,0.4689046002666177
2026-03-03,TTE,TS,252,0.47726935048469005
2026-03-04,TTE,TS,252,0.4758661634998058
2026-03-05,TTE,TS,252,0.47289801825259137
2026-03-06,TTE,TS,252,0.46553553696737887
2026-03-09,TTE,TS,252,0.46660506314390254
2026-03-10,TTE,TS,252,0.47310674216822934
2026-03-11,TTE,TS,252,0.46357445097812267
2026-03-12,TTE,TS,252,0.46008038582552996
2026-03-13,TTE,TS,252,0.4578316536719058
2026-03-16,TTE,TS,252,0.45832549670936024
2026-03-17,TTE,TS,252,0.4630923250260376
2026-03-18,TTE,TS,252,0.4618203561558645
2026-03-19,TTE,TS,252,0.4630413860187133
2026-03-20,TTE,TS,252,0.46021170815145496
2026-03-23,TTE,TS,252,0.45946450491672963
2026-03-24,TTE,TS,252,0.4590173467614069
2026-03-25,TTE,TS,252,0.4601506294836532
2026-03-26,TTE,TS,252,0.45877159585523775
2026-03-27,TTE,TS,252,0.45923710882879193
2026-03-30,TTE,TS,252,0.45880583000704533
2026-03-31,TTE,TS,252,0.457954703941846
2026-04-01,TTE,TS,252,0.4584797325533565
2026-04-02,TTE,TS,252,0.4574358662168133
2026-04-06,TTE,TS,252,0.45667672474538457
2026-04-07,TTE,TS,252,0.45965554063918834
2026-04-08,TTE,TS,252,0.4114261929114009
2026-04-09,TTE,TS,252,0.40126847267368937
2026-04-10,TTE,TS,252,0.38829084010786297
2026-04-13,TTE,TS,252,0.37301730218588586
2026-04-14,TTE,TS,252,0.38184751184420795
2026-04-15,TTE,TS,252,0.3804841315052807
2026-04-16,TTE,TS,252,0.3835399263604541
2026-04-17,TTE,TS,252,0.38182812117234455
2026-04-20,TTE,TS,252,0.37850927716423705
2026-04-21,TTE,TS,252,0.3778187255535064
2026-04-22,TTE,TS,252,0.376223042175438
2026-04-23,TTE,TS,252,0.37351417259450215
2026-04-24,TTE,TS,252,0.3707389249699575
2026-04-27,TTE,TS,252,0.36993870635707693
2026-04-28,TTE,TS,252,0.3673964609241804
2026-04-29,TTE,TS,252,0.3676288818376241
2026-04-30,TTE,TS,252,0.3720197380061555
2026-05-01,TTE,TS,252,0.36801925069010893
2026-05-04,TTE,TS,252,0.3713816888254075
2026-05-05,TTE,TS,252,0.3671472401087939
2026-05-06,TTE,TS,252,0.3722455700305383
2026-05-07,TTE,TS,252,0.3760966061436125
2026-05-08,TTE,TS,252,0.3742708565147283
2026-05-11,TTE,TS,252,0.3818239981310542
2026-05-12,TTE,TS,252,0.38099204389307095
2026-05-13,TTE,TS,252,0.3798423839090771
2026-05-14,TTE,TS,252,0.3829166352665874
2026-05-15,TTE,TS,252,0.3795921639473479
2026-05-18,TTE,TS,252,0.37866241562984015
2026-05-19,TTE,TS,252,0.3798382837632427
2026-05-20,TTE,TS,252,0.37999958042887305
2026-05-21,TTE,TS,252,0.3782372886553722
2026-05-22,TTE,TS,252,0.37876429651541504
2026-05-26,TTE,TS,252,0.37079351292191604
2026-05-27,TTE,TS,252,0.3840301500338012
2026-05-28,TTE,TS,252,0.38459021425276513
2026-05-29,TTE,TS,252,0.3899068325583532
2026-06-01,TTE,TS,252,0.3913085188582605
2026-06-02,TTE,TS,252,0.39174794148174263
2026-06-03,TTE,TS,252,0.3776653146857796
2026-06-04,TTE,TS,252,0.377165181090194
2026-06-05,TTE,TS,252,0.3792733562256524
2026-06-08,TTE,TS,252,0.37761147619819835
2026-06-09,TTE,TS,252,0.37722883092274523
2026-06-10,TTE,TS,252,0.3778153318163059
2026-06-11,TTE,TS,252,0.37314535832124496
2026-06-12,TTE,TS,252,0.37305120803883063
2026-06-15,TTE,TS,252,0.3866283976194258
2026-06-16,TTE,TS,252,0.38502968594660525
2026-06-17,TTE,TS,252,0.39001147185572715
2026-06-18,TTE,TS,252,0.3939368210745229
2026-06-22,TTE,TS,252,0.39513589575415586
2026-06-23,TTE,TS,252,0.39526768385021616
2026-06-24,TTE,TS,252,0.3959857505367611
2026-06-25,TTE,TS,252,0.3958395261891528
2026-06-26,TTE,TS,252,0.4012171157085742
2026-06-29,TTE,TS,252,0.40176217794530544
2026-06-30,TTE,TS,252,0.40125494773972964
2026-07-01,TTE,TS,252,0.4081508127227357
2026-07-02,TTE,TS,252,0.40696928010966105
2026-07-06,TTE,TS,252,0.3944264601860554
2026-07-07,TTE,TS,252,0.39337415676579585
2026-07-08,TTE,TS,252,0.39403660045590566
2026-07-09,TTE,TS,252,0.3908745256915117
2026-07-10,TTE,TS,252,0.39025920930642716
2026-07-13,TTE,TS,252,0.3921431279059134
2026-07-14,TTE,TS,252,0.3929416084747979
2026-07-15,TTE,TS,252,0.3934637514303375
2026-07-16,TTE,TS,252,0.39864294126778976
2026-07-17,TTE,TS,252,0.40551243620133043
2026-07-20,TTE,TS,252,0.40585967350255825
2026-07-21,TTE,TS,252,0.40837612999880835
2026-07-22,TTE,TS,252,0.41092907208327434
2026-07-23,TTE,TS,252,0.4054933645027978
2026-07-24,TTE,TS,252,0.4062549518989768
2026-07-27,TTE,TS,252,0.4073857296107477
2026-07-28,TTE,TS,252,0.40739162073053203
2026-07-29,TTE,TS,252,0.40572314271572085
2026-07-30,TTE,TS,252,0.40550916321516645
2026-07-31,TTE,TS,252,0.3991326823336484
2026-08-03,TTE,TS,252,0.4212119861159472
2026-08-04,TTE,TS,252,0.4134218385328383
2026-08-05,TTE,TS,252,0.41418080948826125
2026-08-06,TTE,TS,252,0.3842963382971542
2026-08-07,TTE,TS,252,0.3841438107108041
2026-08-10,TTE,TS,252,0.389796233374102
2026-08-11,TTE,TS,252,0.3900744562967273
2026-08-12,TTE,TS,252,0.3896672966795482
2026-08-13,TTE,TS,252,0.38801799728245084
2026-08-14,TTE,TS,252,0.3898588168552655
2026-08-17,TTE,TS,252,0.3897114128787704
2026-08-18,TTE,TS,252,0.39292529629369305
2026-08-19,TTE,TS,252,0.3937893049012455
2026-08-20,TTE,TS,252,0.39302137795858566
2026-08-21,TTE,TS,252,0.39704375622016547
2026-08-24,TTE,TS,252,0.39488021375737903
