date,ticker_1,ticker_2,window,rolling_correlation
2007-07-16,TTE,BP,252,
2007-07-17,TTE,BP,252,
2007-07-18,TTE,BP,252,
2007-07-19,TTE,BP,252,
2007-07-20,TTE,BP,252,
2007-07-23,TTE,BP,252,
2007-07-24,TTE,BP,252,
2007-07-25,TTE,BP,252,
2007-07-26,TTE,BP,252,
2007-07-27,TTE,BP,252,
2007-07-30,TTE,BP,252,
2007-07-31,TTE,BP,252,
2007-08-01,TTE,BP,252,
2007-08-02,TTE,BP,252,
2007-08-03,TTE,BP,252,
2007-08-06,TTE,BP,252,
2007-08-07,TTE,BP,252,
2007-08-08,TTE,BP,252,
2007-08-09,TTE,BP,252,
2007-08-10,TTE,BP,252,
2007-08-13,TTE,BP,252,
2007-08-14,TTE,BP,252,
2007-08-15,TTE,BP,252,
2007-08-16,TTE,BP,252,
2007-08-17,TTE,BP,252,
2007-08-20,TTE,BP,252,
2007-08-21,TTE,BP,252,
2007-08-22,TTE,BP,252,
2007-08-23,TTE,BP,252,
2007-08-24,TTE,BP,252,
2007-08-27,TTE,BP,252,
2007-08-28,TTE,BP,252,
2007-08-29,TTE,BP,252,
2007-08-30,TTE,BP,252,
2007-08-31,TTE,BP,252,
2007-09-04,TTE,BP,252,
2007-09-05,TTE,BP,252,
2007-09-06,TTE,BP,252,
2007-09-07,TTE,BP,252,
2007-09-10,TTE,BP,252,
2007-09-11,TTE,BP,252,
2007-09-12,TTE,BP,252,
2007-09-13,TTE,BP,252,
2007-09-14,TTE,BP,252,
2007-09-17,TTE,BP,252,
2007-09-18,TTE,BP,252,
2007-09-19,TTE,BP,252,
2007-09-20,TTE,BP,252,
2007-09-21,TTE,BP,252,
2007-09-24,TTE,BP,252,
2007-09-25,TTE,BP,252,
2007-09-26,TTE,BP,252,
2007-09-27,TTE,BP,252,
2007-09-28,TTE,BP,252,
2007-10-01,TTE,BP,252,
2007-10-02,TTE,BP,252,
2007-10-03,TTE,BP,252,
2007-10-04,TTE,BP,252,
2007-10-05,TTE,BP,252,
2007-10-08,TTE,BP,252,
2007-10-09,TTE,BP,252,
2007-10-10,TTE,BP,252,
2007-10-11,TTE,BP,252,
2007-10-12,TTE,BP,252,
2007-10-15,TTE,BP,252,
2007-10-16,TTE,BP,252,
2007-10-17,TTE,BP,252,
2007-10-18,TTE,BP,252,
2007-10-19,TTE,BP,252,
2007-10-22,TTE,BP,252,
2007-10-23,TTE,BP,252,
2007-10-24,TTE,BP,252,
2007-10-25,TTE,BP,252,
2007-10-26,TTE,BP,252,
2007-10-29,TTE,BP,252,
2007-10-30,TTE,BP,252,
2007-10-31,TTE,BP,252,
2007-11-01,TTE,BP,252,
2007-11-02,TTE,BP,252,
2007-11-05,TTE,BP,252,
2007-11-06,TTE,BP,252,
2007-11-07,TTE,BP,252,
2007-11-08,TTE,BP,252,
2007-11-09,TTE,BP,252,
2007-11-12,TTE,BP,252,
2007-11-13,TTE,BP,252,
2007-11-14,TTE,BP,252,
2007-11-15,TTE,BP,252,
2007-11-16,TTE,BP,252,
2007-11-19,TTE,BP,252,
2007-11-20,TTE,BP,252,
2007-11-21,TTE,BP,252,
2007-11-23,TTE,BP,252,
2007-11-26,TTE,BP,252,
2007-11-27,TTE,BP,252,
2007-11-28,TTE,BP,252,
2007-11-29,TTE,BP,252,
2007-11-30,TTE,BP,252,
2007-12-03,TTE,BP,252,
2007-12-04,TTE,BP,252,
2007-12-05,TTE,BP,252,
2007-12-06,TTE,BP,252,
2007-12-07,TTE,BP,252,
2007-12-10,TTE,BP,252,
2007-12-11,TTE,BP,252,
2007-12-12,TTE,BP,252,
2007-12-13,TTE,BP,252,
2007-12-14,TTE,BP,252,
2007-12-17,TTE,BP,252,
2007-12-18,TTE,BP,252,
2007-12-19,TTE,BP,252,
2007-12-20,TTE,BP,252,
2007-12-21,TTE,BP,252,
2007-12-24,TTE,BP,252,
2007-12-26,TTE,BP,252,
2007-12-27,TTE,BP,252,
2007-12-28,TTE,BP,252,
2007-12-31,TTE,BP,252,
2008-01-02,TTE,BP,252,
2008-01-03,TTE,BP,252,
2008-01-04,TTE,BP,252,
2008-01-07,TTE,BP,252,
2008-01-08,TTE,BP,252,
2008-01-09,TTE,BP,252,
2008-01-10,TTE,BP,252,
2008-01-11,TTE,BP,252,
2008-01-14,TTE,BP,252,
2008-01-15,TTE,BP,252,
2008-01-16,TTE,BP,252,
2008-01-17,TTE,BP,252,
2008-01-18,TTE,BP,252,
2008-01-22,TTE,BP,252,
2008-01-23,TTE,BP,252,
2008-01-24,TTE,BP,252,
2008-01-25,TTE,BP,252,
2008-01-28,TTE,BP,252,
2008-01-29,TTE,BP,252,
2008-01-30,TTE,BP,252,
2008-01-31,TTE,BP,252,
2008-02-01,TTE,BP,252,
2008-02-04,TTE,BP,252,
2008-02-05,TTE,BP,252,
2008-02-06,TTE,BP,252,
2008-02-07,TTE,BP,252,
2008-02-08,TTE,BP,252,
2008-02-11,TTE,BP,252,
2008-02-12,TTE,BP,252,
2008-02-13,TTE,BP,252,
2008-02-14,TTE,BP,252,
2008-02-15,TTE,BP,252,
2008-02-19,TTE,BP,252,
2008-02-20,TTE,BP,252,
2008-02-21,TTE,BP,252,
2008-02-22,TTE,BP,252,
2008-02-25,TTE,BP,252,
2008-02-26,TTE,BP,252,
2008-02-27,TTE,BP,252,
2008-02-28,TTE,BP,252,
2008-02-29,TTE,BP,252,
2008-03-03,TTE,BP,252,
2008-03-04,TTE,BP,252,
2008-03-05,TTE,BP,252,
2008-03-06,TTE,BP,252,
2008-03-07,TTE,BP,252,
2008-03-10,TTE,BP,252,
2008-03-11,TTE,BP,252,
2008-03-12,TTE,BP,252,
2008-03-13,TTE,BP,252,
2008-03-14,TTE,BP,252,
2008-03-17,TTE,BP,252,
2008-03-18,TTE,BP,252,
2008-03-19,TTE,BP,252,
2008-03-20,TTE,BP,252,
2008-03-24,TTE,BP,252,
2008-03-25,TTE,BP,252,
2008-03-26,TTE,BP,252,
2008-03-27,TTE,BP,252,
2008-03-28,TTE,BP,252,
2008-03-31,TTE,BP,252,
2008-04-01,TTE,BP,252,
2008-04-02,TTE,BP,252,
2008-04-03,TTE,BP,252,
2008-04-04,TTE,BP,252,
2008-06-11,TTE,BP,252,
2008-06-12,TTE,BP,252,
2008-06-13,TTE,BP,252,
2008-07-17,TTE,BP,252,
2008-07-18,TTE,BP,252,
2008-07-21,TTE,BP,252,
2008-07-22,TTE,BP,252,
2008-07-23,TTE,BP,252,
2008-07-24,TTE,BP,252,
2008-07-25,TTE,BP,252,
2008-07-28,TTE,BP,252,
2008-07-29,TTE,BP,252,
2008-07-30,TTE,BP,252,
2008-08-06,TTE,BP,252,
2008-08-07,TTE,BP,252,
2008-08-08,TTE,BP,252,
2008-08-11,TTE,BP,252,
2008-08-12,TTE,BP,252,
2008-08-13,TTE,BP,252,
2008-08-14,TTE,BP,252,
2008-08-15,TTE,BP,252,
2008-08-18,TTE,BP,252,
2008-08-19,TTE,BP,252,
2008-08-20,TTE,BP,252,
2008-08-21,TTE,BP,252,
2008-08-22,TTE,BP,252,
2008-08-25,TTE,BP,252,
2008-08-26,TTE,BP,252,
2008-08-27,TTE,BP,252,
2008-08-28,TTE,BP,252,
2008-08-29,TTE,BP,252,
2008-09-02,TTE,BP,252,
2008-09-03,TTE,BP,252,
2008-09-04,TTE,BP,252,
2008-09-05,TTE,BP,252,
2008-09-08,TTE,BP,252,
2008-09-09,TTE,BP,252,
2008-09-10,TTE,BP,252,
2008-09-11,TTE,BP,252,
2008-09-12,TTE,BP,252,
2008-09-15,TTE,BP,252,
2008-09-16,TTE,BP,252,
2008-09-17,TTE,BP,252,
2008-09-18,TTE,BP,252,
2008-09-19,TTE,BP,252,
2008-09-22,TTE,BP,252,
2008-09-23,TTE,BP,252,
2008-09-24,TTE,BP,252,
2008-09-25,TTE,BP,252,
2008-09-26,TTE,BP,252,
2008-09-29,TTE,BP,252,
2008-09-30,TTE,BP,252,
2008-10-01,TTE,BP,252,
2008-10-02,TTE,BP,252,
2008-10-03,TTE,BP,252,
2008-10-06,TTE,BP,252,
2008-10-07,TTE,BP,252,
2008-10-08,TTE,BP,252,
2008-10-09,TTE,BP,252,
2008-10-10,TTE,BP,252,
2008-10-13,TTE,BP,252,
2008-10-14,TTE,BP,252,
2008-10-15,TTE,BP,252,
2008-10-16,TTE,BP,252,
2008-10-17,TTE,BP,252,
2008-10-20,TTE,BP,252,
2008-10-21,TTE,BP,252,
2008-10-22,TTE,BP,252,
2008-10-23,TTE,BP,252,-0.047561448465138705
2008-10-24,TTE,BP,252,-0.11860344310998108
2008-10-27,TTE,BP,252,-0.11763219211094159
2008-10-28,TTE,BP,252,-0.27715438174381457
2008-10-29,TTE,BP,252,-0.2745116430241114
2008-10-30,TTE,BP,252,-0.27438411030704135
2008-10-31,TTE,BP,252,-0.2687847600499258
2008-11-03,TTE,BP,252,-0.2693090204493968
2008-11-04,TTE,BP,252,-0.26694664947502594
2008-11-05,TTE,BP,252,-0.26908442486123335
2008-11-06,TTE,BP,252,-0.26681706313865905
2008-11-07,TTE,BP,252,-0.2648734797664145
2008-11-10,TTE,BP,252,-0.2649941192871527
2008-11-11,TTE,BP,252,-0.2644366407821909
2008-11-12,TTE,BP,252,-0.24244933797058627
2008-11-13,TTE,BP,252,-0.23717251604085662
2008-11-14,TTE,BP,252,-0.23802840552069857
2008-11-17,TTE,BP,252,-0.2380781651453596
2008-11-18,TTE,BP,252,-0.24092332958355225
2008-11-19,TTE,BP,252,-0.24048009345957425
2008-11-20,TTE,BP,252,-0.2365701590944168
2008-11-21,TTE,BP,252,-0.2426627411223579
2008-11-24,TTE,BP,252,-0.22558707864701802
2008-11-25,TTE,BP,252,-0.2285428203775009
2008-11-26,TTE,BP,252,-0.22829041636142983
2008-11-28,TTE,BP,252,-0.2286067380210772
2008-12-01,TTE,BP,252,-0.2234965269207539
2008-12-02,TTE,BP,252,-0.22214517032526299
2008-12-03,TTE,BP,252,-0.22079742039187666
2008-12-04,TTE,BP,252,-0.22021403846445126
2008-12-05,TTE,BP,252,-0.22039315043996355
2008-12-08,TTE,BP,252,-0.21888830841013115
2008-12-09,TTE,BP,252,-0.21876763532987586
2008-12-10,TTE,BP,252,-0.21899275059558837
2008-12-11,TTE,BP,252,-0.2187492341692668
2008-12-12,TTE,BP,252,-0.21889794763694145
2008-12-15,TTE,BP,252,-0.21998827864850226
2008-12-16,TTE,BP,252,-0.21941226483654977
2008-12-17,TTE,BP,252,-0.21941172630181913
2008-12-18,TTE,BP,252,-0.21793192772657927
2008-12-19,TTE,BP,252,-0.21772572308629107
2008-12-22,TTE,BP,252,-0.21794545452971217
2008-12-23,TTE,BP,252,-0.21814103172087385
2008-12-24,TTE,BP,252,-0.21813457172099013
2008-12-26,TTE,BP,252,-0.2180926025590866
2008-12-29,TTE,BP,252,-0.21784993528778757
2008-12-30,TTE,BP,252,-0.21733429395352039
2008-12-31,TTE,BP,252,-0.21854453688053885
2009-01-02,TTE,BP,252,-0.21792649673540776
2009-01-05,TTE,BP,252,-0.21543163647367675
2009-01-06,TTE,BP,252,-0.21542397336996713
2009-01-07,TTE,BP,252,-0.2153067614007718
2009-01-08,TTE,BP,252,-0.21490606139175913
2009-01-09,TTE,BP,252,-0.21532082870019
2009-01-12,TTE,BP,252,-0.2151063284525273
2009-01-13,TTE,BP,252,-0.21138317636199053
2009-01-14,TTE,BP,252,-0.2108010544708828
2009-01-15,TTE,BP,252,-0.21076760536285608
2009-01-16,TTE,BP,252,-0.2089681189260051
2009-01-20,TTE,BP,252,-0.19808676539750952
2009-01-21,TTE,BP,252,-0.19782497314089234
2009-01-22,TTE,BP,252,-0.19810276347200154
2009-01-23,TTE,BP,252,-0.19773735805957462
2009-01-26,TTE,BP,252,-0.1967951183162058
2009-01-27,TTE,BP,252,-0.19556665691983569
2009-01-28,TTE,BP,252,-0.19554043072091767
2009-01-29,TTE,BP,252,-0.19549872001254806
2009-01-30,TTE,BP,252,-0.19547806838986706
2009-02-02,TTE,BP,252,-0.19545709513117562
2009-02-03,TTE,BP,252,-0.19527456186919126
2009-02-04,TTE,BP,252,-0.19338136372537415
2009-02-05,TTE,BP,252,-0.19426133310313654
2009-02-06,TTE,BP,252,-0.19150208710390848
2009-02-09,TTE,BP,252,-0.19152961023333537
2009-02-10,TTE,BP,252,-0.19136517884301663
2009-02-11,TTE,BP,252,-0.19237919074665905
2009-02-12,TTE,BP,252,-0.19224071520889421
2009-02-13,TTE,BP,252,-0.19245286188102326
2009-02-17,TTE,BP,252,-0.19193593926011546
2009-02-18,TTE,BP,252,-0.1923145464562104
2009-02-19,TTE,BP,252,-0.1919608665302431
2009-02-20,TTE,BP,252,-0.19074451203137263
2009-02-23,TTE,BP,252,-0.18941150580118493
2009-02-24,TTE,BP,252,-0.1884440303170231
2009-02-25,TTE,BP,252,-0.18886255049346812
2009-02-26,TTE,BP,252,-0.18913490375771155
2009-02-27,TTE,BP,252,-0.1899893707031825
2009-03-02,TTE,BP,252,-0.1880003186976526
2009-03-03,TTE,BP,252,-0.18255664052500423
2009-03-04,TTE,BP,252,-0.18169897128478182
2009-03-05,TTE,BP,252,-0.18392797995866964
2009-03-06,TTE,BP,252,-0.18390377408339992
2009-03-09,TTE,BP,252,-0.18233176951854546
2009-03-10,TTE,BP,252,-0.17875873912052098
2009-03-11,TTE,BP,252,-0.17835365883210874
2009-03-12,TTE,BP,252,-0.1780028923769373
2009-03-13,TTE,BP,252,-0.17830065942488876
2009-03-16,TTE,BP,252,-0.17826633993860855
2009-03-17,TTE,BP,252,-0.1765285215709604
2009-03-18,TTE,BP,252,-0.17644346566712218
2009-03-19,TTE,BP,252,-0.17519874627554732
2009-03-20,TTE,BP,252,-0.17586386137820156
2009-03-23,TTE,BP,252,-0.17457444726309096
2009-03-24,TTE,BP,252,-0.17464561741733337
2009-03-25,TTE,BP,252,-0.17460159333501957
2009-03-26,TTE,BP,252,-0.17453954009345415
2009-03-27,TTE,BP,252,-0.1747618601691213
2009-03-30,TTE,BP,252,-0.174537669930701
2009-03-31,TTE,BP,252,-0.1743536882315811
2009-04-01,TTE,BP,252,-0.1754122917106718
2009-04-02,TTE,BP,252,-0.17412796190360727
2009-04-03,TTE,BP,252,-0.17413351009134334
2009-04-06,TTE,BP,252,-0.1741419458119325
2009-04-07,TTE,BP,252,-0.1741323063102732
2009-04-08,TTE,BP,252,-0.1741404447776982
2009-04-09,TTE,BP,252,-0.17407971172420408
2009-04-13,TTE,BP,252,-0.17411814627867012
2009-04-14,TTE,BP,252,-0.1745720682010562
2009-04-15,TTE,BP,252,-0.1745299382664051
2009-04-16,TTE,BP,252,-0.17704334556976084
2009-04-17,TTE,BP,252,-0.17723532651096593
2009-04-20,TTE,BP,252,-0.1771103926660598
2009-04-21,TTE,BP,252,-0.17703490007289993
2009-04-22,TTE,BP,252,-0.17570028473667101
2009-04-23,TTE,BP,252,-0.1749238740568231
2009-04-24,TTE,BP,252,-0.17459099192224883
2009-04-27,TTE,BP,252,-0.17440048149486337
2009-04-28,TTE,BP,252,-0.17424245998377194
2009-04-29,TTE,BP,252,-0.17745725599075832
2009-04-30,TTE,BP,252,-0.17749479378657623
2009-05-01,TTE,BP,252,-0.17707058407813653
2009-05-04,TTE,BP,252,-0.17627025133252855
2009-05-05,TTE,BP,252,-0.17656730144458052
2009-05-06,TTE,BP,252,-0.18370394556771266
2009-05-07,TTE,BP,252,-0.18909398378933517
2009-05-08,TTE,BP,252,-0.1844262112393442
2009-05-11,TTE,BP,252,-0.18428050459757006
2009-05-12,TTE,BP,252,-0.1841169353297523
2009-05-13,TTE,BP,252,-0.18407966296068062
2009-05-14,TTE,BP,252,-0.18448991509447324
2009-05-15,TTE,BP,252,-0.18450128924513645
2009-05-18,TTE,BP,252,-0.1840121440214487
2009-05-19,TTE,BP,252,-0.18554549264501538
2009-05-20,TTE,BP,252,-0.1837485372166826
2009-05-21,TTE,BP,252,-0.18399260931571063
2009-05-22,TTE,BP,252,-0.1841368242522966
2009-05-26,TTE,BP,252,-0.18401371450439202
2009-05-27,TTE,BP,252,-0.1849182385916051
2009-05-28,TTE,BP,252,-0.18495355825323423
2009-05-29,TTE,BP,252,-0.18486021235355202
2009-06-01,TTE,BP,252,-0.1841136070740035
2009-06-02,TTE,BP,252,-0.18423230631850954
2009-06-03,TTE,BP,252,-0.18407183085523293
2009-06-04,TTE,BP,252,-0.18381302721328477
2009-06-05,TTE,BP,252,-0.18391910677546813
2009-06-08,TTE,BP,252,-0.18684621218306183
2009-06-09,TTE,BP,252,-0.18682042097546622
2009-06-10,TTE,BP,252,-0.1867176915369629
2009-06-11,TTE,BP,252,-0.18671061444959963
2009-06-12,TTE,BP,252,-0.18671208792359015
2009-06-15,TTE,BP,252,-0.18655676718715883
2009-06-16,TTE,BP,252,-0.18654708986784507
2009-06-17,TTE,BP,252,-0.1827109046402544
2009-06-18,TTE,BP,252,-0.18287695214080718
2009-06-19,TTE,BP,252,-0.18265509548480705
2009-06-22,TTE,BP,252,-0.18234684975301654
2009-06-23,TTE,BP,252,-0.18257075597628858
2009-06-24,TTE,BP,252,-0.18258636871045095
2009-06-25,TTE,BP,252,-0.18251731112530303
2009-06-26,TTE,BP,252,-0.18257518197013334
2009-06-29,TTE,BP,252,-0.182704808018136
2009-06-30,TTE,BP,252,-0.18290050319521386
2009-07-01,TTE,BP,252,-0.18298892463940772
2009-07-02,TTE,BP,252,-0.18295122864344285
2009-07-06,TTE,BP,252,-0.17917265187424222
2009-07-07,TTE,BP,252,-0.1793192658160809
2009-07-08,TTE,BP,252,-0.1793359733091504
2009-07-09,TTE,BP,252,-0.17936802257652856
2009-07-10,TTE,BP,252,-0.17937943794227176
2009-07-13,TTE,BP,252,-0.17925649440312513
2009-07-14,TTE,BP,252,-0.17932050137210298
2009-07-15,TTE,BP,252,-0.17882549115445437
2009-07-16,TTE,BP,252,-0.17874708034395526
2009-07-17,TTE,BP,252,-0.17879882180281043
2009-07-20,TTE,BP,252,-0.17826039044145864
2009-07-21,TTE,BP,252,-0.1786142105554845
2009-07-22,TTE,BP,252,-0.17911228149520783
2009-07-23,TTE,BP,252,-0.17894015950576714
2009-07-24,TTE,BP,252,-0.17903274980809866
2009-07-27,TTE,BP,252,-0.17899648161480092
2009-07-28,TTE,BP,252,-0.17854893207364816
2009-07-29,TTE,BP,252,-0.17858855447170097
2009-07-30,TTE,BP,252,-0.178619274005998
2009-07-31,TTE,BP,252,-0.1786643838402878
2009-08-03,TTE,BP,252,-0.17814597752441486
2009-08-04,TTE,BP,252,-0.17828031453861795
2009-08-05,TTE,BP,252,-0.17861158071502273
2009-08-06,TTE,BP,252,-0.1785704183776278
2009-08-07,TTE,BP,252,-0.17849861817961055
2009-08-10,TTE,BP,252,-0.1785808192397296
2009-08-11,TTE,BP,252,-0.17859397351250245
2009-08-12,TTE,BP,252,-0.17863857874942615
2009-08-13,TTE,BP,252,-0.17889554485288153
2009-08-14,TTE,BP,252,-0.178915539612401
2009-08-17,TTE,BP,252,-0.17676865340506331
2009-08-18,TTE,BP,252,-0.17663171954963414
2009-08-19,TTE,BP,252,-0.1765605094229538
2009-08-20,TTE,BP,252,-0.17532910334444804
2009-08-21,TTE,BP,252,-0.1752664405246311
2009-08-24,TTE,BP,252,-0.17535403234929006
2009-08-25,TTE,BP,252,-0.17534872543616856
2009-08-26,TTE,BP,252,-0.1753439419007176
2009-08-27,TTE,BP,252,-0.17455264787305372
2009-08-28,TTE,BP,252,-0.17455516465034898
2009-08-31,TTE,BP,252,-0.1745451762411307
2009-09-01,TTE,BP,252,-0.17554956369518204
2009-09-02,TTE,BP,252,-0.1750532482213072
2009-09-03,TTE,BP,252,-0.17503417897370688
2009-09-04,TTE,BP,252,-0.17500393688069255
2009-09-08,TTE,BP,252,-0.17405015617870542
2009-09-09,TTE,BP,252,-0.17430926844588637
2009-09-10,TTE,BP,252,-0.17445574100962202
2009-09-11,TTE,BP,252,-0.174978006439628
2009-09-14,TTE,BP,252,-0.17518862755270262
2009-09-15,TTE,BP,252,-0.1759879722012034
2009-09-16,TTE,BP,252,-0.17597429980917587
2009-09-17,TTE,BP,252,-0.1760409470487498
2009-09-18,TTE,BP,252,-0.17604235816224548
2009-09-21,TTE,BP,252,-0.17700399350626178
2009-09-22,TTE,BP,252,-0.1761520319181382
2009-09-23,TTE,BP,252,-0.17622857638938252
2009-09-24,TTE,BP,252,-0.17403077360999342
2009-09-25,TTE,BP,252,-0.1743944844711103
2009-09-28,TTE,BP,252,-0.17437086476327235
2009-09-29,TTE,BP,252,-0.17748913842664235
2009-09-30,TTE,BP,252,-0.1775870382218172
2009-10-01,TTE,BP,252,-0.17739086330148413
2009-10-02,TTE,BP,252,-0.17844778727328536
2009-10-05,TTE,BP,252,-0.1788942761943373
2009-10-06,TTE,BP,252,-0.17930710867833732
2009-10-07,TTE,BP,252,-0.17950598480434285
2009-10-08,TTE,BP,252,-0.179481186569037
2009-10-09,TTE,BP,252,-0.18221284693662637
2009-10-12,TTE,BP,252,-0.1821894648009902
2009-10-13,TTE,BP,252,-0.1889399564247256
2009-10-14,TTE,BP,252,-0.1855306474620407
2009-10-15,TTE,BP,252,-0.1909148910083567
2009-10-16,TTE,BP,252,-0.19301338045971045
2009-10-19,TTE,BP,252,-0.1927499754203886
2009-10-20,TTE,BP,252,-0.20129358456700255
2009-10-21,TTE,BP,252,-0.20385930137580383
2009-10-22,TTE,BP,252,-0.20756051476361095
2009-10-23,TTE,BP,252,-0.19014552022586698
2009-10-26,TTE,BP,252,-0.14329919913511632
2009-10-27,TTE,BP,252,-0.14387800911115228
2009-10-28,TTE,BP,252,0.180014578781557
2009-10-29,TTE,BP,252,0.1815198483222065
2009-10-30,TTE,BP,252,0.1813829412279081
2009-11-02,TTE,BP,252,0.19227677953649167
2009-11-03,TTE,BP,252,0.1924783293101321
2009-11-04,TTE,BP,252,0.19448641804505107
2009-11-05,TTE,BP,252,0.19527275445427977
2009-11-06,TTE,BP,252,0.1920321545363484
2009-11-09,TTE,BP,252,0.19197385273485112
2009-11-10,TTE,BP,252,0.19246960811903316
2009-11-11,TTE,BP,252,0.19299825514826807
2009-11-12,TTE,BP,252,0.15306734405884403
2009-11-13,TTE,BP,252,0.14721534553787413
2009-11-16,TTE,BP,252,0.14987012661495408
2009-11-17,TTE,BP,252,0.15075943737778452
2009-11-18,TTE,BP,252,0.16378153415339805
2009-11-19,TTE,BP,252,0.16472560735754868
2009-11-20,TTE,BP,252,0.16900369536368062
2009-11-23,TTE,BP,252,0.21229340602725072
2009-11-24,TTE,BP,252,0.1775448303625501
2009-11-25,TTE,BP,252,0.17811192591455197
2009-11-27,TTE,BP,252,0.17839671896096826
2009-11-30,TTE,BP,252,0.17834953439895432
2009-12-01,TTE,BP,252,0.18627547620345372
2009-12-02,TTE,BP,252,0.1887566041329893
2009-12-03,TTE,BP,252,0.18499371324147315
2009-12-04,TTE,BP,252,0.18626205216221803
2009-12-07,TTE,BP,252,0.18624664685178385
2009-12-08,TTE,BP,252,0.19296942307580045
2009-12-09,TTE,BP,252,0.1996872750909458
2009-12-10,TTE,BP,252,0.19917947392410526
2009-12-11,TTE,BP,252,0.19968355885760633
2009-12-14,TTE,BP,252,0.19984443899922583
2009-12-15,TTE,BP,252,0.2001313892995136
2009-12-16,TTE,BP,252,0.20114055840243866
2009-12-17,TTE,BP,252,0.20093113605832089
2009-12-18,TTE,BP,252,0.2045976287268495
2009-12-21,TTE,BP,252,0.20283938062284565
2009-12-22,TTE,BP,252,0.20412370580631173
2009-12-23,TTE,BP,252,0.20403749782234137
2009-12-24,TTE,BP,252,0.20411418706191853
2009-12-28,TTE,BP,252,0.2041083327516636
2009-12-29,TTE,BP,252,0.20449275246205692
2009-12-30,TTE,BP,252,0.20293949116533916
2009-12-31,TTE,BP,252,0.21031747029594872
2010-01-04,TTE,BP,252,0.21130197358135586
2010-01-05,TTE,BP,252,0.20870991657250607
2010-01-06,TTE,BP,252,0.20803163677077927
2010-01-07,TTE,BP,252,0.208980227509131
2010-01-08,TTE,BP,252,0.20990467501350665
2010-01-11,TTE,BP,252,0.20991954323877188
2010-01-12,TTE,BP,252,0.21085128570107378
2010-01-13,TTE,BP,252,0.21018869704893373
2010-01-14,TTE,BP,252,0.21212160421518536
2010-01-15,TTE,BP,252,0.21224366210755
2010-01-19,TTE,BP,252,0.2124420518106107
2010-01-20,TTE,BP,252,0.1710537561376033
2010-01-21,TTE,BP,252,0.1713676327262984
2010-01-22,TTE,BP,252,0.17097359465083622
2010-01-25,TTE,BP,252,0.16859049247292882
2010-01-26,TTE,BP,252,0.16620869177378902
2010-01-27,TTE,BP,252,0.16537797383839076
2010-01-28,TTE,BP,252,0.16895598653403449
2010-01-29,TTE,BP,252,0.17023842240563405
2010-02-01,TTE,BP,252,0.16979773688830846
2010-02-02,TTE,BP,252,0.16934711605753786
2010-02-03,TTE,BP,252,0.16969361776820507
2010-02-04,TTE,BP,252,0.16413472778171462
2010-02-05,TTE,BP,252,0.17404247764285152
2010-02-08,TTE,BP,252,0.1654884659568585
2010-02-09,TTE,BP,252,0.17138038412070888
2010-02-10,TTE,BP,252,0.17323198535285453
2010-02-11,TTE,BP,252,0.1784923103903682
2010-02-18,TTE,BP,252,0.1786972281749141
2010-02-19,TTE,BP,252,0.17874342905154678
2010-02-22,TTE,BP,252,0.1795088252895505
2010-02-23,TTE,BP,252,0.17928685724945143
2010-02-24,TTE,BP,252,0.17931223996345175
2010-02-25,TTE,BP,252,0.17719921304480724
2010-02-26,TTE,BP,252,0.1784577653131111
2010-03-01,TTE,BP,252,0.18078066769757756
2010-03-02,TTE,BP,252,0.18078184660290478
2010-03-03,TTE,BP,252,0.1809976315379868
2010-03-04,TTE,BP,252,0.18122061860078792
2010-03-05,TTE,BP,252,0.18973530250186135
2010-03-08,TTE,BP,252,0.16579595023764987
2010-03-09,TTE,BP,252,0.16611090801261558
2010-03-10,TTE,BP,252,0.1672734328754631
2010-03-11,TTE,BP,252,0.1679238130379326
2010-03-12,TTE,BP,252,0.16321656436301188
2010-03-15,TTE,BP,252,0.15048275443330122
2010-03-16,TTE,BP,252,0.15029590543343266
2010-03-17,TTE,BP,252,0.15085967536488215
2010-03-18,TTE,BP,252,0.1508695150470552
2010-03-19,TTE,BP,252,0.15088333571482693
2010-03-22,TTE,BP,252,0.14479204189425862
2010-03-23,TTE,BP,252,0.14494399229480878
2010-03-24,TTE,BP,252,0.14386193531469535
2010-03-25,TTE,BP,252,0.14411191253341404
2010-03-26,TTE,BP,252,0.14737052612707183
2010-03-29,TTE,BP,252,0.14764794812392398
2010-03-30,TTE,BP,252,0.14770528870371144
2010-03-31,TTE,BP,252,0.14773735698036702
2010-04-01,TTE,BP,252,0.14796597611635
2010-04-05,TTE,BP,252,0.1492739085829612
2010-04-06,TTE,BP,252,0.15489978943985522
2010-04-07,TTE,BP,252,0.15491508954734284
2010-04-08,TTE,BP,252,0.15016177364542552
2010-04-09,TTE,BP,252,0.15011953087173782
2010-04-12,TTE,BP,252,0.14879696781255874
2010-04-13,TTE,BP,252,0.14958601788887088
2010-04-14,TTE,BP,252,0.1489349015986116
2010-04-15,TTE,BP,252,0.14895700209469973
2010-04-16,TTE,BP,252,0.14882490865064668
2010-04-19,TTE,BP,252,0.151653509760529
2010-04-20,TTE,BP,252,0.15567752239068255
2010-04-21,TTE,BP,252,0.18650076046150002
2010-04-22,TTE,BP,252,0.18957077275991124
2010-04-23,TTE,BP,252,0.19090260231371114
2010-04-26,TTE,BP,252,0.19012539857115246
2010-04-27,TTE,BP,252,0.1839267858700754
2010-04-28,TTE,BP,252,0.17450483549833162
2010-04-29,TTE,BP,252,0.1442052221061101
2010-04-30,TTE,BP,252,0.153092310291154
2010-05-03,TTE,BP,252,0.14893483446524522
2010-05-04,TTE,BP,252,0.14908683260576017
2010-05-05,TTE,BP,252,0.1483255699910433
2010-05-06,TTE,BP,252,0.1583399471862434
2010-05-07,TTE,BP,252,0.1582709162414455
2010-05-10,TTE,BP,252,0.15823964071776278
2010-05-11,TTE,BP,252,0.15914884417247213
2010-05-12,TTE,BP,252,0.1636417757076646
2010-05-13,TTE,BP,252,0.14317863649116835
2010-05-14,TTE,BP,252,0.16050945509865538
2010-05-17,TTE,BP,252,0.16070427304825705
2010-05-18,TTE,BP,252,0.16721643048581136
2010-05-19,TTE,BP,252,0.17065359073054012
2010-05-20,TTE,BP,252,0.17055037461787967
2010-05-21,TTE,BP,252,0.17145344984231656
2010-05-24,TTE,BP,252,0.16961732142268432
2010-05-25,TTE,BP,252,0.15405538461219787
2010-05-26,TTE,BP,252,0.15416368269566208
2010-05-27,TTE,BP,252,0.17053395841527336
2010-05-28,TTE,BP,252,0.14430761391429078
2010-06-01,TTE,BP,252,0.12281509078547809
2010-06-02,TTE,BP,252,0.11863459513249186
2010-06-03,TTE,BP,252,0.1179367823083114
2010-06-04,TTE,BP,252,0.1166933404903336
2010-06-07,TTE,BP,252,0.1174212304901371
2010-06-08,TTE,BP,252,0.12597052895401128
2010-06-09,TTE,BP,252,0.10922739305105787
2010-06-10,TTE,BP,252,0.10521454067536935
2010-06-11,TTE,BP,252,0.11775287605313545
2010-06-14,TTE,BP,252,0.09015075461311949
2010-06-15,TTE,BP,252,0.0932409764163573
2010-06-16,TTE,BP,252,0.09425971267195472
2010-06-17,TTE,BP,252,0.09380847764804237
2010-06-18,TTE,BP,252,0.09413434842971682
2010-06-24,TTE,BP,252,0.09757484862188316
2010-06-25,TTE,BP,252,0.08790016294176964
2010-06-28,TTE,BP,252,0.08797867244610158
2010-06-29,TTE,BP,252,0.07686970871638223
2010-06-30,TTE,BP,252,0.0800981888167764
2010-07-01,TTE,BP,252,0.07662431416140694
2010-07-02,TTE,BP,252,0.07656321876162137
2010-07-06,TTE,BP,252,0.07524587335096326
2010-07-07,TTE,BP,252,0.08927659856163285
2010-07-08,TTE,BP,252,0.09225543519710756
2010-07-09,TTE,BP,252,0.09279244049326768
2010-07-12,TTE,BP,252,0.09015472259504394
2010-07-13,TTE,BP,252,0.09060473693860396
2010-07-14,TTE,BP,252,0.07868795501302807
2010-07-15,TTE,BP,252,0.08271663860544048
2010-07-16,TTE,BP,252,0.08222677951154143
2010-07-19,TTE,BP,252,0.08195369982830976
2010-07-20,TTE,BP,252,0.08441174050995738
2010-07-21,TTE,BP,252,0.08169388436873472
2010-07-22,TTE,BP,252,0.0820173827740915
2010-07-23,TTE,BP,252,0.0813639929957271
2010-07-26,TTE,BP,252,0.0809101650874213
2010-07-27,TTE,BP,252,0.07803226649805858
2010-07-28,TTE,BP,252,0.07786822075870198
2010-07-29,TTE,BP,252,0.08614693898372588
2010-07-30,TTE,BP,252,0.08616552622185941
2010-08-02,TTE,BP,252,0.09239629649760935
2010-08-03,TTE,BP,252,0.092351485365522
2010-08-04,TTE,BP,252,0.09232487247523263
2010-08-05,TTE,BP,252,0.09098203265940114
2010-08-06,TTE,BP,252,0.09094041183841907
2010-08-09,TTE,BP,252,0.09090674869586945
2010-08-10,TTE,BP,252,0.09081911583509154
2010-08-11,TTE,BP,252,0.10115565623136571
2010-08-12,TTE,BP,252,0.10112975813828554
2010-08-13,TTE,BP,252,0.1011049286028172
2010-08-16,TTE,BP,252,0.10050867307962523
2010-08-17,TTE,BP,252,0.10049424177192745
2010-08-18,TTE,BP,252,0.1003600860083923
2010-08-19,TTE,BP,252,0.10526632898940522
2010-08-20,TTE,BP,252,0.1040871892042741
2010-08-23,TTE,BP,252,0.10578807168987006
2010-08-24,TTE,BP,252,0.10898094657259239
2010-08-25,TTE,BP,252,0.1006043934056374
2010-08-26,TTE,BP,252,0.10088282866670414
2010-08-27,TTE,BP,252,0.10090304599543189
2010-08-30,TTE,BP,252,0.09799963847372949
2010-08-31,TTE,BP,252,0.09848960512455604
2010-09-01,TTE,BP,252,0.1109532688817184
2010-09-02,TTE,BP,252,0.1109339762546864
2010-09-03,TTE,BP,252,0.11087054271803427
2010-09-07,TTE,BP,252,0.10871612790463302
2010-09-08,TTE,BP,252,0.10853698446550547
2010-09-09,TTE,BP,252,0.10469730164715638
2010-09-10,TTE,BP,252,0.10396127682606632
2010-09-13,TTE,BP,252,0.10467882907738427
2010-09-14,TTE,BP,252,0.10519745562945285
2010-09-15,TTE,BP,252,0.1051678842676358
2010-09-16,TTE,BP,252,0.1019762458546944
2010-09-17,TTE,BP,252,0.10269116010537056
2010-09-20,TTE,BP,252,0.10593834023174557
2010-09-21,TTE,BP,252,0.10978815841818612
2010-09-22,TTE,BP,252,0.10981302687290587
2010-09-23,TTE,BP,252,0.10994056576657761
2010-09-24,TTE,BP,252,0.11023239324311282
2010-09-27,TTE,BP,252,0.11023719306208007
2010-09-28,TTE,BP,252,0.11023295662533311
2010-09-29,TTE,BP,252,0.10996312973163305
2010-09-30,TTE,BP,252,0.10985775574355712
2010-10-01,TTE,BP,252,0.11457325648344074
2010-10-04,TTE,BP,252,0.11420541098494622
2010-10-05,TTE,BP,252,0.11418671980597041
2010-10-06,TTE,BP,252,0.11540580044885755
2010-10-07,TTE,BP,252,0.11540163735833894
2010-10-08,TTE,BP,252,0.11483912148248797
2010-10-11,TTE,BP,252,0.1149999943583708
2010-10-12,TTE,BP,252,0.11514957565535
2010-10-13,TTE,BP,252,0.11734424773620274
2010-10-14,TTE,BP,252,0.11742972545809909
2010-10-15,TTE,BP,252,0.11740605788131957
2010-10-18,TTE,BP,252,0.11730421750495086
2010-10-19,TTE,BP,252,0.11755353283268011
2010-10-20,TTE,BP,252,0.11799204224131231
2010-10-21,TTE,BP,252,0.11795609059752991
2010-10-22,TTE,BP,252,0.1106624836370379
2010-10-25,TTE,BP,252,0.11070863541649612
2010-10-26,TTE,BP,252,0.11069352750253239
2010-10-27,TTE,BP,252,0.11074096816620939
2010-10-28,TTE,BP,252,0.11053386719004786
2010-10-29,TTE,BP,252,0.11053281911286184
2010-11-01,TTE,BP,252,0.11002764221670797
2010-11-02,TTE,BP,252,0.11264746366966974
2010-11-03,TTE,BP,252,0.11256741620343984
2010-11-04,TTE,BP,252,0.11267685878881176
2010-11-05,TTE,BP,252,0.11281507457607806
2010-11-08,TTE,BP,252,0.11283357890623924
2010-11-09,TTE,BP,252,0.11316175402005953
2010-11-10,TTE,BP,252,0.11315861643794842
2010-11-11,TTE,BP,252,0.11315736644865837
2010-11-12,TTE,BP,252,0.11012008066657966
2010-11-15,TTE,BP,252,0.11017929427514318
2010-11-16,TTE,BP,252,0.12048161950194443
2010-11-17,TTE,BP,252,0.12245000460224213
2010-11-18,TTE,BP,252,0.12241484359347192
2010-11-19,TTE,BP,252,0.12154556123545261
2010-11-22,TTE,BP,252,0.12165897420885408
2010-11-23,TTE,BP,252,0.12325001892826462
2010-11-24,TTE,BP,252,0.1232561723979301
2010-11-26,TTE,BP,252,0.12311490539902649
2010-11-29,TTE,BP,252,0.12424740821895287
2010-11-30,TTE,BP,252,0.12395943074862391
2010-12-01,TTE,BP,252,0.12444081059271564
2010-12-02,TTE,BP,252,0.12626387245014936
2010-12-03,TTE,BP,252,0.126977973878062
2010-12-06,TTE,BP,252,0.12872136570024834
2010-12-07,TTE,BP,252,0.1290746083116384
2010-12-08,TTE,BP,252,0.12924820817926394
2010-12-09,TTE,BP,252,0.12883694215889757
2010-12-10,TTE,BP,252,0.1288400113965552
2010-12-13,TTE,BP,252,0.1290333395179541
2010-12-14,TTE,BP,252,0.13488803376336328
2010-12-15,TTE,BP,252,0.13477915986068842
2010-12-16,TTE,BP,252,0.1316997850693531
2010-12-17,TTE,BP,252,0.1316530642853355
2010-12-20,TTE,BP,252,0.1321051282164724
2010-12-21,TTE,BP,252,0.13221710374592574
2010-12-22,TTE,BP,252,0.13214758869522392
2010-12-23,TTE,BP,252,0.13211190617943058
2010-12-27,TTE,BP,252,0.13211371167463828
2010-12-28,TTE,BP,252,0.13214553937160345
2010-12-29,TTE,BP,252,0.13211868512544686
2010-12-30,TTE,BP,252,0.13409304607105518
2010-12-31,TTE,BP,252,0.13409170129365233
2011-01-03,TTE,BP,252,0.1339856288911854
2011-01-04,TTE,BP,252,0.1406569510324307
2011-01-05,TTE,BP,252,0.14066077999819593
2011-01-06,TTE,BP,252,0.14109429134455803
2011-01-07,TTE,BP,252,0.14108005900964996
2011-01-10,TTE,BP,252,0.14073882818001737
2011-01-11,TTE,BP,252,0.14077087114453632
2011-01-12,TTE,BP,252,0.1433143519281437
2011-01-13,TTE,BP,252,0.1426904232264993
2011-01-14,TTE,BP,252,0.1504274341994349
2011-01-18,TTE,BP,252,0.1504222012933701
2011-01-19,TTE,BP,252,0.1509075317644064
2011-01-20,TTE,BP,252,0.15121813029109205
2011-01-21,TTE,BP,252,0.1509221148970005
2011-01-24,TTE,BP,252,0.15090470029892997
2011-01-25,TTE,BP,252,0.1507417129551851
2011-01-26,TTE,BP,252,0.1507160443954764
2011-01-27,TTE,BP,252,0.15032039267249767
2011-01-28,TTE,BP,252,0.15166865884915642
2011-01-31,TTE,BP,252,0.1518201979548977
2011-02-01,TTE,BP,252,0.15393249196648437
2011-02-02,TTE,BP,252,0.16297329242632064
2011-02-03,TTE,BP,252,0.1629469856412789
2011-02-04,TTE,BP,252,0.16257278101783623
2011-02-07,TTE,BP,252,0.16178138431024816
2011-02-08,TTE,BP,252,0.16196858479456058
2011-02-09,TTE,BP,252,0.16228722936015647
2011-02-10,TTE,BP,252,0.16227916424607655
2011-02-11,TTE,BP,252,0.16262912072082336
2011-02-14,TTE,BP,252,0.1621675123130936
2011-02-15,TTE,BP,252,0.16213965896720536
2011-02-16,TTE,BP,252,0.15731443315035432
2011-02-17,TTE,BP,252,0.15714782553822595
2011-02-18,TTE,BP,252,0.15641393723970282
2011-02-22,TTE,BP,252,0.15884970462557596
2011-02-23,TTE,BP,252,0.15875675534686193
2011-02-24,TTE,BP,252,0.15812255940406997
2011-02-25,TTE,BP,252,0.15805952526214376
2011-02-28,TTE,BP,252,0.15907747890503168
2011-03-01,TTE,BP,252,0.15882014189934435
2011-03-02,TTE,BP,252,0.1588512739220752
2011-03-03,TTE,BP,252,0.15678258467591594
2011-03-04,TTE,BP,252,0.15672251020433464
2011-03-07,TTE,BP,252,0.1569329386285975
2011-03-08,TTE,BP,252,0.15654209166127286
2011-03-09,TTE,BP,252,0.15670121507264054
2011-03-10,TTE,BP,252,0.16684163165322938
2011-03-11,TTE,BP,252,0.1686688966914229
2011-03-14,TTE,BP,252,0.16924041897728587
2011-03-15,TTE,BP,252,0.17406426854870613
2011-03-16,TTE,BP,252,0.17567315020621954
2011-03-17,TTE,BP,252,0.17512921907263726
2011-03-18,TTE,BP,252,0.17513984625997106
2011-03-21,TTE,BP,252,0.17516682638764786
2011-03-22,TTE,BP,252,0.1706126427427373
2011-03-23,TTE,BP,252,0.17052316535719209
2011-03-24,TTE,BP,252,0.17040430411987817
2011-03-25,TTE,BP,252,0.17048418842454838
2011-03-28,TTE,BP,252,0.1669989704939132
2011-03-29,TTE,BP,252,0.16679305689538876
2011-03-30,TTE,BP,252,0.16803725461204777
2011-03-31,TTE,BP,252,0.16807217723608772
2011-04-01,TTE,BP,252,0.17228330953188395
2011-04-04,TTE,BP,252,0.1722751625496242
2011-04-05,TTE,BP,252,0.17164390941906485
2011-04-06,TTE,BP,252,0.171779570275371
2011-04-07,TTE,BP,252,0.1686543633688999
2011-04-08,TTE,BP,252,0.16866384780848626
2011-04-11,TTE,BP,252,0.16962855940150834
2011-04-12,TTE,BP,252,0.16948184212647327
2011-04-13,TTE,BP,252,0.17031158967591398
2011-04-14,TTE,BP,252,0.1702883746715452
2011-04-15,TTE,BP,252,0.17260248475067627
2011-04-18,TTE,BP,252,0.17410995953255
2011-04-19,TTE,BP,252,0.1741140995682983
2011-04-20,TTE,BP,252,0.17321960826811053
2011-04-21,TTE,BP,252,0.17047615999923374
2011-04-25,TTE,BP,252,0.1664790229026274
2011-04-26,TTE,BP,252,0.16537301306658944
2011-04-27,TTE,BP,252,0.1658264792930516
2011-04-28,TTE,BP,252,0.16496364648314676
2011-04-29,TTE,BP,252,0.16633566680216977
2011-05-02,TTE,BP,252,0.17546962661460722
2011-05-03,TTE,BP,252,0.19369232047644527
2011-05-04,TTE,BP,252,0.1940371172107324
2011-05-05,TTE,BP,252,0.19861296529640562
2011-05-06,TTE,BP,252,0.19622442409917096
2011-05-09,TTE,BP,252,0.19667800522641588
2011-05-10,TTE,BP,252,0.19773734846572102
2011-05-11,TTE,BP,252,0.19787252189418023
2011-05-12,TTE,BP,252,0.19787700126278998
2011-05-13,TTE,BP,252,0.19790420182837928
2011-05-16,TTE,BP,252,0.2006591759019281
2011-05-17,TTE,BP,252,0.2003355743436891
2011-05-18,TTE,BP,252,0.19194505027470926
2011-05-19,TTE,BP,252,0.19165813727651695
2011-05-20,TTE,BP,252,0.18690600640847363
2011-05-23,TTE,BP,252,0.1825337314110573
2011-05-24,TTE,BP,252,0.18236841225915584
2011-05-25,TTE,BP,252,0.1822107744899677
2011-05-26,TTE,BP,252,0.1825345282031362
2011-05-27,TTE,BP,252,0.18936560685549153
2011-05-31,TTE,BP,252,0.1890239735449852
2011-06-01,TTE,BP,252,0.1776426059475603
2011-06-02,TTE,BP,252,0.19643593199066844
2011-06-03,TTE,BP,252,0.21167737101488246
2011-06-06,TTE,BP,252,0.22031804582388748
2011-06-07,TTE,BP,252,0.22203875763673453
2011-06-08,TTE,BP,252,0.2229154332978716
2011-06-09,TTE,BP,252,0.2207530021865446
2011-06-10,TTE,BP,252,0.21730345491198838
2011-06-13,TTE,BP,252,0.2438631257093412
2011-06-14,TTE,BP,252,0.2609440562667594
2011-06-15,TTE,BP,252,0.24626550091684504
2011-06-16,TTE,BP,252,0.2999249073244404
2011-06-17,TTE,BP,252,0.296706791791504
2011-06-20,TTE,BP,252,0.29578851897594244
2011-06-21,TTE,BP,252,0.29567312489488734
2011-06-22,TTE,BP,252,0.28956265167318207
2011-06-23,TTE,BP,252,0.2862337031516708
2011-06-24,TTE,BP,252,0.29225656793624766
2011-06-27,TTE,BP,252,0.2921096403179505
2011-06-28,TTE,BP,252,0.3141809450627931
2011-06-29,TTE,BP,252,0.31288234209832366
2011-06-30,TTE,BP,252,0.3193190730139233
2011-07-01,TTE,BP,252,0.31998544824027814
2011-07-05,TTE,BP,252,0.3356088866446721
2011-07-06,TTE,BP,252,0.31821942610372783
2011-07-07,TTE,BP,252,0.31426961720857505
2011-07-08,TTE,BP,252,0.3137562820969648
2011-07-11,TTE,BP,252,0.3275333343052841
2011-07-12,TTE,BP,252,0.32741942839419486
2011-07-13,TTE,BP,252,0.32617446378294107
2011-07-14,TTE,BP,252,0.3296170402288213
2011-07-15,TTE,BP,252,0.33581782125481824
2011-07-18,TTE,BP,252,0.3397162573077697
2011-07-19,TTE,BP,252,0.3346863052343114
2011-07-20,TTE,BP,252,0.3396891973252432
2011-07-21,TTE,BP,252,0.3402332704781279
2011-07-22,TTE,BP,252,0.34321115358665544
2011-07-25,TTE,BP,252,0.3500756426760487
2011-07-26,TTE,BP,252,0.35802380863178174
2011-07-27,TTE,BP,252,0.36558861438004003
2011-07-28,TTE,BP,252,0.36290890798625336
2011-07-29,TTE,BP,252,0.3605902723878365
2011-08-01,TTE,BP,252,0.3515839350594397
2011-08-02,TTE,BP,252,0.3485747010202193
2011-08-03,TTE,BP,252,0.3449462175761732
2011-08-04,TTE,BP,252,0.37520918484694593
2011-08-05,TTE,BP,252,0.37017150423910716
2011-08-08,TTE,BP,252,0.4163000697956777
2011-08-09,TTE,BP,252,0.41083344179898357
2011-08-10,TTE,BP,252,0.38495374351840755
2011-08-11,TTE,BP,252,0.3732549320605452
2011-08-12,TTE,BP,252,0.3760889665901477
2011-08-15,TTE,BP,252,0.38801818377600034
2011-08-16,TTE,BP,252,0.38806481822849553
2011-08-17,TTE,BP,252,0.38819150488366727
2011-08-18,TTE,BP,252,0.4000792204981895
2011-08-19,TTE,BP,252,0.4053998061853617
2011-08-22,TTE,BP,252,0.40569123596241013
2011-08-23,TTE,BP,252,0.3985637911278467
2011-08-24,TTE,BP,252,0.40170642559896114
2011-08-25,TTE,BP,252,0.3930833868007498
2011-08-26,TTE,BP,252,0.3921396628696755
2011-08-29,TTE,BP,252,0.39033930288332047
2011-08-30,TTE,BP,252,0.3897765762295544
2011-08-31,TTE,BP,252,0.3752203660803378
2011-09-01,TTE,BP,252,0.3270839828257071
2011-09-02,TTE,BP,252,0.3257970746541009
2011-09-06,TTE,BP,252,0.3152758313406786
2011-09-07,TTE,BP,252,0.31608826150957886
2011-09-08,TTE,BP,252,0.3247200779079368
2011-09-09,TTE,BP,252,0.3263085033878042
2011-09-12,TTE,BP,252,0.32588065703204594
2011-09-13,TTE,BP,252,0.3255153164370093
2011-09-14,TTE,BP,252,0.32072381851092274
2011-09-15,TTE,BP,252,0.31880816367290293
2011-09-16,TTE,BP,252,0.3188030158670752
2011-09-19,TTE,BP,252,0.3132751416765206
2011-09-20,TTE,BP,252,0.3132844139741556
2011-09-21,TTE,BP,252,0.3078184564297451
2011-09-22,TTE,BP,252,0.3056842572324885
2011-09-23,TTE,BP,252,0.28453808241421646
2011-09-26,TTE,BP,252,0.29318977347674746
2011-09-27,TTE,BP,252,0.2923618297084255
2011-09-28,TTE,BP,252,0.24779646043689832
2011-09-29,TTE,BP,252,0.24249528842542953
2011-09-30,TTE,BP,252,0.2356569839361454
2011-10-03,TTE,BP,252,0.2400317269807579
2011-10-04,TTE,BP,252,0.24079341616341524
2011-10-05,TTE,BP,252,0.24607653755301404
2011-10-06,TTE,BP,252,0.24610193432106822
2011-10-07,TTE,BP,252,0.2483527098382887
2011-10-10,TTE,BP,252,0.2608097749337719
2011-10-11,TTE,BP,252,0.2608087654414745
2011-10-12,TTE,BP,252,0.2617684191603011
2011-10-13,TTE,BP,252,0.2619031881751752
2011-10-14,TTE,BP,252,0.26081803748210874
2011-10-17,TTE,BP,252,0.26141154251155385
2011-10-18,TTE,BP,252,0.2663675490328353
2011-10-19,TTE,BP,252,0.2664329430288541
2011-10-20,TTE,BP,252,0.26638823993234395
2011-10-21,TTE,BP,252,0.26551550445203503
2011-10-24,TTE,BP,252,0.2587001471798959
2011-10-25,TTE,BP,252,0.25657809098032913
2011-10-26,TTE,BP,252,0.255395167418649
2011-10-27,TTE,BP,252,0.26012254374383226
2011-10-28,TTE,BP,252,0.26014900721468354
2011-10-31,TTE,BP,252,0.2713710098107875
2011-11-01,TTE,BP,252,0.27002629588540866
2011-11-02,TTE,BP,252,0.2698086833591002
2011-11-03,TTE,BP,252,0.2663644710943431
2011-11-04,TTE,BP,252,0.2666854208580732
2011-11-07,TTE,BP,252,0.2669448925029348
2011-11-08,TTE,BP,252,0.26665107600547294
2011-11-09,TTE,BP,252,0.26627339704083186
2011-11-10,TTE,BP,252,0.26595116832667415
2011-11-11,TTE,BP,252,0.2697908353018572
2011-11-14,TTE,BP,252,0.2689967251038284
2011-11-15,TTE,BP,252,0.25715272814340073
2011-11-16,TTE,BP,252,0.25730304044776225
2011-11-17,TTE,BP,252,0.25698847950319176
2011-11-18,TTE,BP,252,0.2589314087954245
2011-11-21,TTE,BP,252,0.2632236359518552
2011-11-22,TTE,BP,252,0.2556217328532601
2011-11-23,TTE,BP,252,0.25408449905596064
2011-11-25,TTE,BP,252,0.2542614742128752
2011-11-28,TTE,BP,252,0.24848857814861383
2011-11-29,TTE,BP,252,0.24907318281142748
2011-11-30,TTE,BP,252,0.27187365531625896
2011-12-01,TTE,BP,252,0.269718519638271
2011-12-02,TTE,BP,252,0.27049189433618387
2011-12-05,TTE,BP,252,0.26906451598979825
2011-12-06,TTE,BP,252,0.26896196368957215
2011-12-07,TTE,BP,252,0.2688674064973552
2011-12-08,TTE,BP,252,0.2689204258478946
2011-12-09,TTE,BP,252,0.2668561374187357
2011-12-12,TTE,BP,252,0.26628313473314635
2011-12-13,TTE,BP,252,0.25985831201659754
2011-12-14,TTE,BP,252,0.2631105037452565
2011-12-15,TTE,BP,252,0.26308241431114693
2011-12-16,TTE,BP,252,0.2631351137503704
2011-12-19,TTE,BP,252,0.26248982983630037
2011-12-20,TTE,BP,252,0.2608994231822278
2011-12-21,TTE,BP,252,0.2599994801978538
2011-12-22,TTE,BP,252,0.2615357882384965
2011-12-23,TTE,BP,252,0.26249219757491776
2011-12-27,TTE,BP,252,0.2627024094549423
2011-12-28,TTE,BP,252,0.26226259507680594
2011-12-29,TTE,BP,252,0.262218296761539
2011-12-30,TTE,BP,252,0.2623736022332219
2012-01-03,TTE,BP,252,0.2616422349630607
2012-01-04,TTE,BP,252,0.25409056655979995
2012-01-05,TTE,BP,252,0.25328775745420756
2012-01-06,TTE,BP,252,0.25277000286956175
2012-01-09,TTE,BP,252,0.25278791088052427
2012-01-10,TTE,BP,252,0.2532168496871263
2012-01-11,TTE,BP,252,0.25375006548280843
2012-01-12,TTE,BP,252,0.2502223886587262
2012-01-13,TTE,BP,252,0.2523631656058002
2012-01-17,TTE,BP,252,0.24328758621828334
2012-01-18,TTE,BP,252,0.24325455607576402
2012-01-19,TTE,BP,252,0.24190305511114554
2012-01-20,TTE,BP,252,0.2412480287508683
2012-01-23,TTE,BP,252,0.24083365750620778
2012-01-24,TTE,BP,252,0.2409223509371273
2012-01-25,TTE,BP,252,0.24139113465801676
2012-01-26,TTE,BP,252,0.24085538875118678
2012-01-27,TTE,BP,252,0.24056273222684615
2012-01-30,TTE,BP,252,0.23808636245585685
2012-01-31,TTE,BP,252,0.23712913730249624
2012-02-01,TTE,BP,252,0.2346837169820449
2012-02-02,TTE,BP,252,0.23301648822186444
2012-02-03,TTE,BP,252,0.23273026226399784
2012-02-06,TTE,BP,252,0.230812073728905
2012-02-07,TTE,BP,252,0.2308541829000529
2012-02-08,TTE,BP,252,0.23082347452506247
2012-02-09,TTE,BP,252,0.23098780557545814
2012-02-10,TTE,BP,252,0.2308566510724085
2012-02-13,TTE,BP,252,0.2329053650490168
2012-02-14,TTE,BP,252,0.23512976380198206
2012-02-15,TTE,BP,252,0.23517937714864873
2012-02-16,TTE,BP,252,0.23538417742513454
2012-02-17,TTE,BP,252,0.23522351850922277
2012-02-21,TTE,BP,252,0.23311973962892168
2012-02-22,TTE,BP,252,0.2307219636675596
2012-02-23,TTE,BP,252,0.2311548960301829
2012-02-24,TTE,BP,252,0.23081975533280083
2012-02-27,TTE,BP,252,0.23059655550012625
2012-02-28,TTE,BP,252,0.22970843936981022
2012-02-29,TTE,BP,252,0.22631003800167215
2012-03-01,TTE,BP,252,0.22557026478478695
2012-03-02,TTE,BP,252,0.22558935435026908
2012-03-05,TTE,BP,252,0.22554728365427432
2012-03-06,TTE,BP,252,0.22404614420580843
2012-03-07,TTE,BP,252,0.22052407089607667
2012-03-08,TTE,BP,252,0.2205120607449238
2012-03-09,TTE,BP,252,0.20865460637807168
2012-03-12,TTE,BP,252,0.2085876733831607
2012-03-13,TTE,BP,252,0.2077013409414046
2012-03-14,TTE,BP,252,0.1988736292662444
2012-03-15,TTE,BP,252,0.1964383510125868
2012-03-16,TTE,BP,252,0.19750761808697134
2012-03-19,TTE,BP,252,0.19749668665037043
2012-03-20,TTE,BP,252,0.19753922730045395
2012-03-21,TTE,BP,252,0.20320370379014843
2012-03-22,TTE,BP,252,0.20661456380493406
2012-03-23,TTE,BP,252,0.20672050881774473
2012-03-26,TTE,BP,252,0.20934001868772983
2012-03-27,TTE,BP,252,0.22944810336418445
2012-03-28,TTE,BP,252,0.23037322848796796
2012-03-29,TTE,BP,252,0.23175532393817028
2012-03-30,TTE,BP,252,0.23256658175142894
2012-04-02,TTE,BP,252,0.2275275482137278
2012-04-03,TTE,BP,252,0.22516340900553383
2012-04-04,TTE,BP,252,0.2250393897171513
2012-04-05,TTE,BP,252,0.22433521928568134
2012-04-09,TTE,BP,252,0.2241811730689544
2012-04-10,TTE,BP,252,0.22349988203113738
2012-04-11,TTE,BP,252,0.22374679980803022
2012-04-12,TTE,BP,252,0.21830267450136356
2012-04-13,TTE,BP,252,0.22262851340036918
2012-04-16,TTE,BP,252,0.22395726808566188
2012-04-17,TTE,BP,252,0.22126356444122963
2012-04-18,TTE,BP,252,0.21803592523254706
2012-04-19,TTE,BP,252,0.22115214986851112
2012-04-20,TTE,BP,252,0.22159128858216953
2012-04-23,TTE,BP,252,0.22157700907296282
2012-04-24,TTE,BP,252,0.22594233108236028
2012-04-25,TTE,BP,252,0.22594807526722205
2012-04-26,TTE,BP,252,0.22493579781333475
2012-04-27,TTE,BP,252,0.22667339274164308
2012-04-30,TTE,BP,252,0.22673686474032503
2012-05-01,TTE,BP,252,0.22430593244104277
2012-05-02,TTE,BP,252,0.22479105990388465
2012-05-03,TTE,BP,252,0.2223682375548138
2012-05-04,TTE,BP,252,0.22554162428588528
2012-05-07,TTE,BP,252,0.22809775449126507
2012-05-08,TTE,BP,252,0.23130907264988837
2012-05-09,TTE,BP,252,0.23078391691163674
2012-05-10,TTE,BP,252,0.2310525211518007
2012-05-11,TTE,BP,252,0.23128147863745943
2012-05-14,TTE,BP,252,0.23101694264750827
2012-05-15,TTE,BP,252,0.22803856937483838
2012-05-16,TTE,BP,252,0.2275675728289119
2012-05-17,TTE,BP,252,0.22857738415088513
2012-05-18,TTE,BP,252,0.2284546485145119
2012-05-21,TTE,BP,252,0.2287983875948877
2012-05-22,TTE,BP,252,0.23457484735777082
2012-05-23,TTE,BP,252,0.2345846896081784
2012-05-24,TTE,BP,252,0.23457997000047479
2012-05-25,TTE,BP,252,0.2348962421292043
2012-05-29,TTE,BP,252,0.23476374323192806
2012-05-30,TTE,BP,252,0.24090811052819058
2012-05-31,TTE,BP,252,0.2411442439771786
2012-06-01,TTE,BP,252,0.24129122295727684
2012-06-04,TTE,BP,252,0.24181476429864562
2012-06-05,TTE,BP,252,0.2379494948008748
2012-06-06,TTE,BP,252,0.23664538760727585
2012-06-07,TTE,BP,252,0.23788800742463606
2012-06-08,TTE,BP,252,0.23869878900624666
2012-06-11,TTE,BP,252,0.23470901282646636
2012-06-12,TTE,BP,252,0.23435408897678092
2012-06-13,TTE,BP,252,0.23246794745356789
2012-06-14,TTE,BP,252,0.2346899321216718
2012-06-15,TTE,BP,252,0.23781809925935066
2012-06-18,TTE,BP,252,0.23847271629928904
2012-06-19,TTE,BP,252,0.2383364371131079
2012-06-20,TTE,BP,252,0.23963176399601482
2012-06-21,TTE,BP,252,0.23964854471131566
2012-06-22,TTE,BP,252,0.23859075586897308
2012-06-25,TTE,BP,252,0.24249958190826823
2012-06-26,TTE,BP,252,0.2418344098973445
2012-06-27,TTE,BP,252,0.24019334998638792
2012-06-28,TTE,BP,252,0.24036590249857898
2012-06-29,TTE,BP,252,0.23799500595706452
2012-07-02,TTE,BP,252,0.23800622872069763
2012-07-03,TTE,BP,252,0.23822149797514125
2012-07-05,TTE,BP,252,0.23807756435997673
2012-07-06,TTE,BP,252,0.23760898724610055
2012-07-09,TTE,BP,252,0.23762502886980166
2012-07-10,TTE,BP,252,0.23804419376648797
2012-07-11,TTE,BP,252,0.23811914587680477
2012-07-12,TTE,BP,252,0.23932643613761923
2012-07-13,TTE,BP,252,0.2392656591941288
2012-07-16,TTE,BP,252,0.2408217281830789
2012-07-17,TTE,BP,252,0.24080623361275483
2012-07-18,TTE,BP,252,0.24095915628702144
2012-07-19,TTE,BP,252,0.2424418908947758
2012-07-20,TTE,BP,252,0.24158516425685833
2012-07-23,TTE,BP,252,0.24836894758048572
2012-07-24,TTE,BP,252,0.2511912317801669
2012-07-25,TTE,BP,252,0.25153248889579133
2012-07-26,TTE,BP,252,0.24699973754478544
2012-07-27,TTE,BP,252,0.24683896721352966
2012-07-30,TTE,BP,252,0.2480485775177969
2012-07-31,TTE,BP,252,0.24506483371998639
2012-08-01,TTE,BP,252,0.2396278845146809
2012-08-02,TTE,BP,252,0.24170148815541082
2012-08-03,TTE,BP,252,0.22190158434373009
2012-08-06,TTE,BP,252,0.2271350575422236
2012-08-07,TTE,BP,252,0.19476168303917055
2012-08-08,TTE,BP,252,0.1970853644441333
2012-08-09,TTE,BP,252,0.20366711030844925
2012-08-10,TTE,BP,252,0.21086105129634092
2012-08-13,TTE,BP,252,0.20834312918151907
2012-08-14,TTE,BP,252,0.19789978577313125
2012-08-15,TTE,BP,252,0.19769358325870467
2012-08-16,TTE,BP,252,0.19815959213177312
2012-08-17,TTE,BP,252,0.17954505626986136
2012-08-20,TTE,BP,252,0.17647755298420012
2012-08-21,TTE,BP,252,0.17510146076588934
2012-08-22,TTE,BP,252,0.17676972013309586
2012-08-23,TTE,BP,252,0.17812312660126567
2012-08-24,TTE,BP,252,0.18123589376355784
2012-08-27,TTE,BP,252,0.18169181969610262
2012-08-28,TTE,BP,252,0.18262022222971
2012-08-29,TTE,BP,252,0.1824336870640563
2012-08-30,TTE,BP,252,0.18244013699387163
2012-08-31,TTE,BP,252,0.21723743780540364
2012-09-04,TTE,BP,252,0.21870682025374086
2012-09-05,TTE,BP,252,0.22144083140915574
2012-09-06,TTE,BP,252,0.22173051368816066
2012-09-07,TTE,BP,252,0.22886714466872482
2012-09-10,TTE,BP,252,0.22808601005096574
2012-09-11,TTE,BP,252,0.22860056373533505
2012-09-12,TTE,BP,252,0.2286026451525254
2012-09-13,TTE,BP,252,0.2315329275372648
2012-09-14,TTE,BP,252,0.23336517339189522
2012-09-17,TTE,BP,252,0.23159185138058944
2012-09-18,TTE,BP,252,0.23477235051572296
2012-09-19,TTE,BP,252,0.23511627265595497
2012-09-20,TTE,BP,252,0.23917894975787377
2012-09-21,TTE,BP,252,0.2419977287588511
2012-09-24,TTE,BP,252,0.2577458603962798
2012-09-25,TTE,BP,252,0.24877906613820414
2012-09-26,TTE,BP,252,0.2501224888416821
2012-09-27,TTE,BP,252,0.29826260743340965
2012-09-28,TTE,BP,252,0.30569862684173277
2012-10-01,TTE,BP,252,0.30731678051515166
2012-10-02,TTE,BP,252,0.2965339770095084
2012-10-03,TTE,BP,252,0.29697744344169213
2012-10-04,TTE,BP,252,0.2903606881137714
2012-10-05,TTE,BP,252,0.29022929416576754
2012-10-08,TTE,BP,252,0.28993886121468415
2012-10-09,TTE,BP,252,0.27523375739363565
2012-10-10,TTE,BP,252,0.27585048185529204
2012-10-11,TTE,BP,252,0.2762168690955054
2012-10-12,TTE,BP,252,0.2763656649211745
2012-10-15,TTE,BP,252,0.27805197827029793
2012-10-16,TTE,BP,252,0.2774878540157071
2012-10-17,TTE,BP,252,0.2836274872298591
2012-10-18,TTE,BP,252,0.2831901694736281
2012-10-19,TTE,BP,252,0.28508798028938215
2012-10-22,TTE,BP,252,0.2862315667666762
2012-10-23,TTE,BP,252,0.3065509475792279
2012-10-24,TTE,BP,252,0.3100198739069261
2012-10-25,TTE,BP,252,0.31208327180508577
2012-10-26,TTE,BP,252,0.3071013419567667
2012-10-31,TTE,BP,252,0.30864971889021414
2012-11-01,TTE,BP,252,0.2936263849004655
2012-11-02,TTE,BP,252,0.2960470727184723
2012-11-05,TTE,BP,252,0.2974754508426579
2012-11-06,TTE,BP,252,0.30517515393203176
2012-11-07,TTE,BP,252,0.30425783249766286
2012-11-08,TTE,BP,252,0.30279506307983234
2012-11-09,TTE,BP,252,0.303446373434928
2012-11-12,TTE,BP,252,0.3045802218093852
2012-11-13,TTE,BP,252,0.30502022817250135
2012-11-14,TTE,BP,252,0.30602257977158426
2012-11-15,TTE,BP,252,0.2904189605869833
2012-11-16,TTE,BP,252,0.2903113674364561
2012-11-19,TTE,BP,252,0.2880743035618877
2012-11-20,TTE,BP,252,0.2891407165007428
2012-11-21,TTE,BP,252,0.29102003597475873
2012-11-23,TTE,BP,252,0.28602702713817246
2012-11-26,TTE,BP,252,0.2905198546204037
2012-11-27,TTE,BP,252,0.29359531680593587
2012-11-28,TTE,BP,252,0.2928987145597021
2012-11-29,TTE,BP,252,0.3002894416289187
2012-11-30,TTE,BP,252,0.30000556013043367
2012-12-03,TTE,BP,252,0.2637585057364725
2012-12-04,TTE,BP,252,0.2645783698707109
2012-12-05,TTE,BP,252,0.26274726117968095
2012-12-06,TTE,BP,252,0.26343166195433787
2012-12-07,TTE,BP,252,0.2634590286471653
2012-12-10,TTE,BP,252,0.2626882357889121
2012-12-11,TTE,BP,252,0.2639499160677053
2012-12-12,TTE,BP,252,0.2715456185341184
2012-12-13,TTE,BP,252,0.2715696165646054
2012-12-14,TTE,BP,252,0.27172900833494557
2012-12-17,TTE,BP,252,0.26583912790189973
2012-12-18,TTE,BP,252,0.2674596674728922
2012-12-19,TTE,BP,252,0.26768150230556986
2012-12-20,TTE,BP,252,0.26610278696363027
2012-12-21,TTE,BP,252,0.2694479127676587
2012-12-24,TTE,BP,252,0.27086491730612955
2012-12-26,TTE,BP,252,0.2691015230547977
2012-12-27,TTE,BP,252,0.26659104820388124
2012-12-28,TTE,BP,252,0.2699001111081898
2012-12-31,TTE,BP,252,0.2723137342484693
2013-01-02,TTE,BP,252,0.27142267258753494
2013-01-03,TTE,BP,252,0.2701074385491691
2013-01-04,TTE,BP,252,0.2728401397896516
2013-01-07,TTE,BP,252,0.2733350289788415
2013-01-08,TTE,BP,252,0.2747774437869194
2013-01-09,TTE,BP,252,0.27363912575788707
2013-01-10,TTE,BP,252,0.2728306299591699
2013-01-11,TTE,BP,252,0.265662492405989
2013-01-14,TTE,BP,252,0.265348018257058
2013-01-15,TTE,BP,252,0.2663782124467942
2013-01-16,TTE,BP,252,0.2625048026104335
2013-01-17,TTE,BP,252,0.2628666598738773
2013-01-18,TTE,BP,252,0.2630590885501902
2013-01-22,TTE,BP,252,0.2652780976388953
2013-01-23,TTE,BP,252,0.2619969804372728
2013-01-24,TTE,BP,252,0.26391432760715516
2013-01-25,TTE,BP,252,0.260758981835496
2013-01-28,TTE,BP,252,0.25807183207354145
2013-01-29,TTE,BP,252,0.26451070943715776
2013-01-30,TTE,BP,252,0.2667656542213767
2013-01-31,TTE,BP,252,0.26677366432098687
2013-02-01,TTE,BP,252,0.27139048513655356
2013-02-04,TTE,BP,252,0.27908663315307713
2013-02-05,TTE,BP,252,0.2786387669506975
2013-02-06,TTE,BP,252,0.28092501237015094
2013-02-07,TTE,BP,252,0.2850672808071828
2013-02-08,TTE,BP,252,0.2851550792897527
2013-02-11,TTE,BP,252,0.2857859902472555
2013-02-12,TTE,BP,252,0.28565196113423563
2013-02-13,TTE,BP,252,0.2856984717924017
2013-02-14,TTE,BP,252,0.283224704919982
2013-02-15,TTE,BP,252,0.2855082200375568
2013-02-19,TTE,BP,252,0.2852307506843575
2013-02-20,TTE,BP,252,0.2841014477388414
2013-02-21,TTE,BP,252,0.2847976021688869
2013-02-22,TTE,BP,252,0.28876453173203775
2013-02-25,TTE,BP,252,0.2442079378129171
2013-02-26,TTE,BP,252,0.23227905617672726
2013-02-27,TTE,BP,252,0.23432750502528799
2013-02-28,TTE,BP,252,0.2355703056381478
2013-03-01,TTE,BP,252,0.2349945310740663
2013-03-04,TTE,BP,252,0.2364644066417039
2013-03-05,TTE,BP,252,0.23779538913605272
2013-03-06,TTE,BP,252,0.23934525130914408
2013-03-07,TTE,BP,252,0.23948990541717952
2013-03-08,TTE,BP,252,0.2429332943248958
2013-03-11,TTE,BP,252,0.24977276693730074
2013-03-12,TTE,BP,252,0.2501313781499962
2013-03-13,TTE,BP,252,0.2511557255950175
2013-03-14,TTE,BP,252,0.2573430094367548
2013-03-15,TTE,BP,252,0.2578187221409456
2013-03-18,TTE,BP,252,0.2602803034978246
2013-03-19,TTE,BP,252,0.25339947852315853
2013-03-20,TTE,BP,252,0.2533609692747984
2013-03-21,TTE,BP,252,0.2530696764310177
2013-03-22,TTE,BP,252,0.2518730035374004
2013-03-25,TTE,BP,252,0.25107908862094025
2013-03-26,TTE,BP,252,0.24149272900059368
2013-03-27,TTE,BP,252,0.2415696112705966
2013-03-28,TTE,BP,252,0.23666996710789
2013-04-01,TTE,BP,252,0.20956205347135412
2013-04-02,TTE,BP,252,0.21026898953680023
2013-04-03,TTE,BP,252,0.20852218588966914
2013-04-04,TTE,BP,252,0.2071125134960621
2013-04-05,TTE,BP,252,0.20716799285242252
2013-04-08,TTE,BP,252,0.21090160862442311
2013-04-09,TTE,BP,252,0.21221265463063943
2013-04-10,TTE,BP,252,0.21319484447185735
2013-04-11,TTE,BP,252,0.2139900701533476
2013-04-12,TTE,BP,252,0.21512515578773345
2013-04-15,TTE,BP,252,0.21469036325925125
2013-04-16,TTE,BP,252,0.22688862607097182
2013-04-17,TTE,BP,252,0.21738612519248982
2013-04-18,TTE,BP,252,0.18354548460115397
2013-04-19,TTE,BP,252,0.1841853326061061
2013-04-22,TTE,BP,252,0.18560833045212485
2013-04-23,TTE,BP,252,0.18307436287079945
2013-04-24,TTE,BP,252,0.1865850656545791
2013-04-25,TTE,BP,252,0.18733047181254503
2013-04-26,TTE,BP,252,0.18732889550072052
2013-04-29,TTE,BP,252,0.18718848972950636
2013-04-30,TTE,BP,252,0.18753778868966708
2013-05-01,TTE,BP,252,0.1856179166378061
2013-05-02,TTE,BP,252,0.18543733132923304
2013-05-03,TTE,BP,252,0.18938094700990474
2013-05-06,TTE,BP,252,0.1868678332365366
2013-05-07,TTE,BP,252,0.18818840366208492
2013-05-08,TTE,BP,252,0.17719636174676995
2013-05-09,TTE,BP,252,0.17556840798691017
2013-05-10,TTE,BP,252,0.1694398377586358
2013-05-13,TTE,BP,252,0.16988099707312526
2013-05-14,TTE,BP,252,0.17031833355683004
2013-05-15,TTE,BP,252,0.17010976334334102
2013-05-16,TTE,BP,252,0.17075394916814124
2013-05-17,TTE,BP,252,0.17116182087843024
2013-05-20,TTE,BP,252,0.17128542718815978
2013-05-21,TTE,BP,252,0.16859656139160342
2013-05-22,TTE,BP,252,0.16870482115338617
2013-05-23,TTE,BP,252,0.16909690453690523
2013-05-24,TTE,BP,252,0.16733699060955948
2013-05-28,TTE,BP,252,0.16743928500521266
2013-05-29,TTE,BP,252,0.16758040205195482
2013-05-30,TTE,BP,252,0.1673855072376602
2013-05-31,TTE,BP,252,0.16696753040585607
2013-06-03,TTE,BP,252,0.1532305719047216
2013-06-04,TTE,BP,252,0.1538517828198764
2013-06-05,TTE,BP,252,0.15406158550534765
2013-06-06,TTE,BP,252,0.14947210129041238
2013-06-07,TTE,BP,252,0.14964576404231203
2013-06-10,TTE,BP,252,0.15369603941506546
2013-06-11,TTE,BP,252,0.1545711608762378
2013-06-12,TTE,BP,252,0.1549352925166093
2013-06-13,TTE,BP,252,0.15497457213709936
2013-06-14,TTE,BP,252,0.15476097611557588
2013-06-17,TTE,BP,252,0.15772046950976645
2013-06-18,TTE,BP,252,0.1573834027384197
2013-06-19,TTE,BP,252,0.1421439347260314
2013-06-20,TTE,BP,252,0.16176124421699803
2013-06-21,TTE,BP,252,0.16242482837916777
2013-06-24,TTE,BP,252,0.16365574726598514
2013-06-25,TTE,BP,252,0.16969107628671562
2013-06-26,TTE,BP,252,0.17005404643963284
2013-06-27,TTE,BP,252,0.16013070061674295
2013-06-28,TTE,BP,252,0.16094382302747615
2013-07-01,TTE,BP,252,0.16121331370029598
2013-07-02,TTE,BP,252,0.16143636402994346
2013-07-03,TTE,BP,252,0.16860993160060672
2013-07-05,TTE,BP,252,0.16870406207928798
2013-07-08,TTE,BP,252,0.16871227511163478
2013-07-09,TTE,BP,252,0.16854612116250248
2013-07-10,TTE,BP,252,0.16958765326960093
2013-07-11,TTE,BP,252,0.17477695100006657
2013-07-12,TTE,BP,252,0.17471896373821663
2013-07-15,TTE,BP,252,0.1753409694684664
2013-07-16,TTE,BP,252,0.17492833596612153
2013-07-17,TTE,BP,252,0.17592676940366903
2013-07-18,TTE,BP,252,0.16992724421868818
2013-07-19,TTE,BP,252,0.16999540117568393
2013-07-22,TTE,BP,252,0.17081760952078365
2013-07-23,TTE,BP,252,0.17057465157732404
2013-07-24,TTE,BP,252,0.17044574893832268
2013-07-25,TTE,BP,252,0.1531481736368164
2013-07-26,TTE,BP,252,0.1449139153483258
2013-07-29,TTE,BP,252,0.1449270692186947
2013-07-30,TTE,BP,252,0.13969271792301036
2013-07-31,TTE,BP,252,0.14085487058846988
2013-08-01,TTE,BP,252,0.1408407923706574
2013-08-02,TTE,BP,252,0.1453511058612329
2013-08-05,TTE,BP,252,0.14352340581020342
2013-08-06,TTE,BP,252,0.1432301689082852
2013-08-07,TTE,BP,252,0.1455417660820123
2013-08-08,TTE,BP,252,0.1379387305053122
2013-08-09,TTE,BP,252,0.12241060903832689
2013-08-12,TTE,BP,252,0.12256098274825197
2013-08-13,TTE,BP,252,0.12232011491432387
2013-08-14,TTE,BP,252,0.12243496217770233
2013-08-15,TTE,BP,252,0.12247112383834728
2013-08-16,TTE,BP,252,0.1224912008355947
2013-08-19,TTE,BP,252,0.12267534237424638
2013-08-20,TTE,BP,252,0.12160791124035165
2013-08-21,TTE,BP,252,0.12155308565534953
2013-08-22,TTE,BP,252,0.12120261046314171
2013-08-23,TTE,BP,252,0.12324656834811194
2013-08-26,TTE,BP,252,0.12318567059994444
2013-08-27,TTE,BP,252,0.12091022455095121
2013-08-28,TTE,BP,252,0.12462362936522113
2013-08-29,TTE,BP,252,0.12851038557365332
2013-08-30,TTE,BP,252,0.12976669400021032
2013-09-03,TTE,BP,252,0.13013313959250533
2013-09-04,TTE,BP,252,0.1290679105600956
2013-09-05,TTE,BP,252,0.12959677975813438
2013-09-06,TTE,BP,252,0.12948307605456771
2013-09-09,TTE,BP,252,0.13129422199772325
2013-09-10,TTE,BP,252,0.13254750144069363
2013-09-11,TTE,BP,252,0.11513331273634236
2013-09-12,TTE,BP,252,0.11531527777113625
2013-09-13,TTE,BP,252,0.11458729323620284
2013-09-16,TTE,BP,252,0.11449187321569533
2013-09-17,TTE,BP,252,0.11616487276622248
2013-09-18,TTE,BP,252,0.11430025185088509
2013-09-19,TTE,BP,252,0.11814355064230815
2013-09-20,TTE,BP,252,0.11178107101973164
2013-09-23,TTE,BP,252,0.10896282216510624
2013-09-24,TTE,BP,252,0.1089869554029821
2013-09-25,TTE,BP,252,0.10560070483467307
2013-09-26,TTE,BP,252,0.10616910545074026
2013-09-27,TTE,BP,252,0.10733815644068069
2013-09-30,TTE,BP,252,0.1071727468617963
2013-10-01,TTE,BP,252,0.11479442444138485
2013-10-02,TTE,BP,252,0.11518186573076017
2013-10-03,TTE,BP,252,0.11348583107371799
2013-10-04,TTE,BP,252,0.11311719757637143
2013-10-07,TTE,BP,252,0.11321422684731974
2013-10-08,TTE,BP,252,0.11028360308613235
2013-10-09,TTE,BP,252,0.1116139031234077
2013-10-10,TTE,BP,252,0.11567031905200215
2013-10-11,TTE,BP,252,0.11540556022135791
2013-10-14,TTE,BP,252,0.1109141211683176
2013-10-15,TTE,BP,252,0.1052975874586332
2013-10-16,TTE,BP,252,0.10506258916514884
2013-10-17,TTE,BP,252,0.10440412163982749
2013-10-18,TTE,BP,252,0.1076868397425326
2013-10-21,TTE,BP,252,0.07588938629864814
2013-10-22,TTE,BP,252,0.07574168284302765
2013-10-23,TTE,BP,252,0.07398194545999259
2013-10-24,TTE,BP,252,0.07502781946533416
2013-10-25,TTE,BP,252,0.04617273362163339
2013-10-28,TTE,BP,252,0.04648356922531427
2013-10-29,TTE,BP,252,0.055463472946034376
2013-10-30,TTE,BP,252,0.05511692058471597
2013-10-31,TTE,BP,252,0.04849065170843135
2013-11-01,TTE,BP,252,0.04782503965587844
2013-11-04,TTE,BP,252,0.04779572281296981
2013-11-05,TTE,BP,252,0.04761981966569963
2013-11-06,TTE,BP,252,0.04714547686225596
2013-11-07,TTE,BP,252,0.04404814998806438
2013-11-08,TTE,BP,252,0.044424005318758016
2013-11-11,TTE,BP,252,0.04408361695467491
2013-11-12,TTE,BP,252,0.043881348757873105
2013-11-13,TTE,BP,252,0.0405231840197378
2013-11-14,TTE,BP,252,0.040381094834851715
2013-11-15,TTE,BP,252,0.05233262158799312
2013-11-18,TTE,BP,252,0.04902054159321373
2013-11-19,TTE,BP,252,0.05067706496592898
2013-11-20,TTE,BP,252,0.05001349085453526
2013-11-21,TTE,BP,252,0.039528010845614386
2013-11-22,TTE,BP,252,0.03636208289272854
2013-11-25,TTE,BP,252,0.034630415439082074
2013-11-26,TTE,BP,252,0.030958375849147523
2013-11-27,TTE,BP,252,0.03406801629620981
2013-11-29,TTE,BP,252,0.033867312944436075
2013-12-02,TTE,BP,252,0.03353120206458238
2013-12-03,TTE,BP,252,0.03400754656788239
2013-12-04,TTE,BP,252,0.0317260125521124
2013-12-05,TTE,BP,252,0.03445252129160944
2013-12-06,TTE,BP,252,0.03707323373765465
2013-12-09,TTE,BP,252,0.037015714756489945
2013-12-10,TTE,BP,252,0.04330399396266937
2013-12-11,TTE,BP,252,0.043731484056826544
2013-12-12,TTE,BP,252,0.03205696017080628
2013-12-13,TTE,BP,252,0.03996934460618805
2013-12-16,TTE,BP,252,0.041001126902443216
2013-12-17,TTE,BP,252,0.04131154081452812
2013-12-18,TTE,BP,252,0.03681208997319052
2013-12-19,TTE,BP,252,0.03964495223719425
2013-12-20,TTE,BP,252,0.04374756330543052
2013-12-23,TTE,BP,252,0.048545205646792454
2013-12-24,TTE,BP,252,0.04830990536897216
2013-12-26,TTE,BP,252,0.04803087383388915
2013-12-27,TTE,BP,252,0.05223225233993304
2013-12-30,TTE,BP,252,0.03998144062963446
2013-12-31,TTE,BP,252,0.034761136596090626
2014-01-02,TTE,BP,252,0.04200728233924759
2014-01-03,TTE,BP,252,0.042964819843153125
2014-01-06,TTE,BP,252,0.042369555898789726
2014-01-07,TTE,BP,252,0.041432973569042734
2014-01-08,TTE,BP,252,0.04077975289177677
2014-01-09,TTE,BP,252,0.04157052248883947
2014-01-10,TTE,BP,252,0.04202080022427733
2014-01-13,TTE,BP,252,0.0619592553474294
2014-01-14,TTE,BP,252,0.06332172658601917
2014-01-15,TTE,BP,252,0.062179417476898396
2014-01-16,TTE,BP,252,0.06584260890676552
2014-01-17,TTE,BP,252,0.06570794118432838
2014-01-21,TTE,BP,252,0.06810249310684331
2014-01-22,TTE,BP,252,0.06320827848555556
2014-01-23,TTE,BP,252,0.06887614322572153
2014-01-24,TTE,BP,252,0.07462704639739044
2014-01-27,TTE,BP,252,0.08138376899060218
2014-01-28,TTE,BP,252,0.08366157419733837
2014-01-29,TTE,BP,252,0.07297319253750689
2014-01-30,TTE,BP,252,0.07326842716651764
2014-01-31,TTE,BP,252,0.08065929266836115
2014-02-03,TTE,BP,252,0.09145135121895837
2014-02-04,TTE,BP,252,0.0729865384228208
2014-02-05,TTE,BP,252,0.07118328812229545
2014-02-06,TTE,BP,252,0.0855127259810084
2014-02-07,TTE,BP,252,0.07532373881497281
2014-02-10,TTE,BP,252,0.07540355390306974
2014-02-11,TTE,BP,252,0.08341396125123604
2014-02-12,TTE,BP,252,0.08422431632878688
2014-02-13,TTE,BP,252,0.08427779927478966
2014-02-14,TTE,BP,252,0.08315022325920461
2014-02-18,TTE,BP,252,0.07902838250645622
2014-02-19,TTE,BP,252,0.07794008554559458
2014-02-20,TTE,BP,252,0.07783384922313978
2014-02-21,TTE,BP,252,0.07746297219434528
2014-02-24,TTE,BP,252,0.08620992041251167
2014-02-25,TTE,BP,252,0.16612583300154762
2014-02-26,TTE,BP,252,0.18278631924135363
2014-02-27,TTE,BP,252,0.18290480880837234
2014-02-28,TTE,BP,252,0.18236793895461811
2014-03-03,TTE,BP,252,0.20372041150715456
2014-03-04,TTE,BP,252,0.20596145319100165
2014-03-05,TTE,BP,252,0.20734607211008016
2014-03-06,TTE,BP,252,0.20434237801742025
2014-03-07,TTE,BP,252,0.2082103615789389
2014-03-10,TTE,BP,252,0.20777332609259122
2014-03-11,TTE,BP,252,0.20812572619294414
2014-03-12,TTE,BP,252,0.20817998175207889
2014-03-13,TTE,BP,252,0.19894286862347554
2014-03-14,TTE,BP,252,0.18584989078240113
2014-03-17,TTE,BP,252,0.18615571611760126
2014-03-18,TTE,BP,252,0.1878744901918982
2014-03-19,TTE,BP,252,0.20335925751625644
2014-03-20,TTE,BP,252,0.2030354487269057
2014-03-21,TTE,BP,252,0.20350009656093818
2014-03-24,TTE,BP,252,0.2070405896557779
2014-03-25,TTE,BP,252,0.20776290144026552
2014-03-26,TTE,BP,252,0.21543896958497824
2014-03-27,TTE,BP,252,0.21644006108246003
2014-03-28,TTE,BP,252,0.21729271264378955
2014-03-31,TTE,BP,252,0.22112182664158944
2014-04-01,TTE,BP,252,0.22334398294027355
2014-04-02,TTE,BP,252,0.22327130823021268
2014-04-03,TTE,BP,252,0.22366224956140207
2014-04-04,TTE,BP,252,0.2243250879385645
2014-04-07,TTE,BP,252,0.22375906032340337
2014-04-08,TTE,BP,252,0.22532943150920998
2014-04-09,TTE,BP,252,0.22847171360092255
2014-04-10,TTE,BP,252,0.23321784760621198
2014-04-11,TTE,BP,252,0.22696919006758873
2014-04-14,TTE,BP,252,0.22741950059472965
2014-04-15,TTE,BP,252,0.2292392243380158
2014-04-16,TTE,BP,252,0.22699330019045946
2014-04-17,TTE,BP,252,0.29327787502155606
2014-04-21,TTE,BP,252,0.2929471161731934
2014-04-22,TTE,BP,252,0.2917994969228608
2014-04-23,TTE,BP,252,0.28591560800271676
2014-04-24,TTE,BP,252,0.2792782380148048
2014-04-25,TTE,BP,252,0.27636888649176616
2014-04-28,TTE,BP,252,0.26454526533215705
2014-04-29,TTE,BP,252,0.27909162036117624
2014-04-30,TTE,BP,252,0.28525737936139495
2014-05-01,TTE,BP,252,0.29132804149176383
2014-05-02,TTE,BP,252,0.28457841151231106
2014-05-05,TTE,BP,252,0.2843275348458435
2014-05-06,TTE,BP,252,0.2847049641575961
2014-05-07,TTE,BP,252,0.2852926217099897
2014-05-08,TTE,BP,252,0.2805500541006772
2014-05-09,TTE,BP,252,0.28674411800576166
2014-05-12,TTE,BP,252,0.28605665012600373
2014-05-13,TTE,BP,252,0.2875774957833973
2014-05-14,TTE,BP,252,0.28654876020119957
2014-05-15,TTE,BP,252,0.2825068437703004
2014-05-16,TTE,BP,252,0.2831669946706262
2014-05-19,TTE,BP,252,0.28351370609688725
2014-05-20,TTE,BP,252,0.2863967310421374
2014-05-21,TTE,BP,252,0.28830159279896467
2014-05-22,TTE,BP,252,0.2883444214559403
2014-05-23,TTE,BP,252,0.28992368032860844
2014-05-27,TTE,BP,252,0.2940784129386984
2014-05-28,TTE,BP,252,0.2939277764600338
2014-05-29,TTE,BP,252,0.29426074695613136
2014-05-30,TTE,BP,252,0.29551083892189045
2014-06-02,TTE,BP,252,0.2971913097265205
2014-06-03,TTE,BP,252,0.2988348149220763
2014-06-04,TTE,BP,252,0.29793424516664707
2014-06-05,TTE,BP,252,0.29696947052046835
2014-06-06,TTE,BP,252,0.3069553013851802
2014-06-09,TTE,BP,252,0.30666287514314433
2014-06-10,TTE,BP,252,0.3053489546236997
2014-06-11,TTE,BP,252,0.3045135625858142
2014-06-12,TTE,BP,252,0.30859307630717037
2014-06-13,TTE,BP,252,0.30863177029711253
2014-06-16,TTE,BP,252,0.3112494497938822
2014-06-17,TTE,BP,252,0.3130085291918234
2014-06-18,TTE,BP,252,0.3161299900593593
2014-06-19,TTE,BP,252,0.3353157176825367
2014-06-20,TTE,BP,252,0.30094685558989387
2014-06-23,TTE,BP,252,0.3029070671627541
2014-06-24,TTE,BP,252,0.30233448969840815
2014-06-25,TTE,BP,252,0.3028540495448298
2014-06-26,TTE,BP,252,0.2990190551198388
2014-06-27,TTE,BP,252,0.3049657069013616
2014-06-30,TTE,BP,252,0.3056387485599429
2014-07-01,TTE,BP,252,0.30662612518992727
2014-07-02,TTE,BP,252,0.3057425927356275
2014-07-03,TTE,BP,252,0.3074304297120688
2014-07-07,TTE,BP,252,0.31200433623772206
2014-07-08,TTE,BP,252,0.31439600156739594
2014-07-09,TTE,BP,252,0.3157220589745319
2014-07-10,TTE,BP,252,0.320975770277602
2014-07-11,TTE,BP,252,0.3161612334304503
2014-07-14,TTE,BP,252,0.314995910097703
2014-07-15,TTE,BP,252,0.314862017590398
2014-07-16,TTE,BP,252,0.3160084322164222
2014-07-17,TTE,BP,252,0.3443810540580461
2014-07-18,TTE,BP,252,0.3402607670054694
2014-07-21,TTE,BP,252,0.34091615953451865
2014-07-22,TTE,BP,252,0.34073091939899125
2014-07-23,TTE,BP,252,0.34127011236151356
2014-07-24,TTE,BP,252,0.341920902893127
2014-07-25,TTE,BP,252,0.3469225918658074
2014-07-28,TTE,BP,252,0.3468189057056412
2014-07-29,TTE,BP,252,0.30938784112971046
2014-07-30,TTE,BP,252,0.28822974336338614
2014-07-31,TTE,BP,252,0.2975311337850701
2014-08-01,TTE,BP,252,0.29800266775769363
2014-08-04,TTE,BP,252,0.29929012714923353
2014-08-05,TTE,BP,252,0.29513276182246356
2014-08-06,TTE,BP,252,0.2946917409960926
2014-08-07,TTE,BP,252,0.29445751803206927
2014-08-08,TTE,BP,252,0.2947513781969534
2014-08-11,TTE,BP,252,0.2949761310037825
2014-08-12,TTE,BP,252,0.2941328824962131
2014-08-13,TTE,BP,252,0.2938036464687928
2014-08-14,TTE,BP,252,0.2933283306878835
2014-08-15,TTE,BP,252,0.29338974183169614
2014-08-18,TTE,BP,252,0.2934419837799079
2014-08-19,TTE,BP,252,0.2928705518518307
2014-08-20,TTE,BP,252,0.29535944762853006
2014-08-21,TTE,BP,252,0.29577731138510327
2014-08-22,TTE,BP,252,0.297619510501718
2014-08-25,TTE,BP,252,0.3022444970782606
2014-08-26,TTE,BP,252,0.30198441615318783
2014-08-27,TTE,BP,252,0.3030850589333741
2014-08-28,TTE,BP,252,0.29820607832964935
2014-08-29,TTE,BP,252,0.2889937863195163
2014-09-02,TTE,BP,252,0.28765015854611703
2014-09-03,TTE,BP,252,0.2879369525619771
2014-09-04,TTE,BP,252,0.26799438489040706
2014-09-05,TTE,BP,252,0.27067433124397766
2014-09-08,TTE,BP,252,0.27046252099973495
2014-09-09,TTE,BP,252,0.2716777690727385
2014-09-10,TTE,BP,252,0.26630176006641226
2014-09-11,TTE,BP,252,0.26685726873351495
2014-09-12,TTE,BP,252,0.2666266334803731
2014-09-15,TTE,BP,252,0.26675471796565714
2014-09-16,TTE,BP,252,0.26872586883055033
2014-09-17,TTE,BP,252,0.26872580631153126
2014-09-18,TTE,BP,252,0.2661827880938023
2014-09-19,TTE,BP,252,0.26613067312067495
2014-09-22,TTE,BP,252,0.2654049914246037
2014-09-23,TTE,BP,252,0.27244693588167257
2014-09-24,TTE,BP,252,0.27295466165196575
2014-09-25,TTE,BP,252,0.24919035793249678
2014-09-26,TTE,BP,252,0.249157317212413
2014-09-29,TTE,BP,252,0.24851200532755574
2014-09-30,TTE,BP,252,0.24419385693901371
2014-10-01,TTE,BP,252,0.2444082138525261
2014-10-02,TTE,BP,252,0.2545225870188786
2014-10-03,TTE,BP,252,0.2569890434616379
2014-10-06,TTE,BP,252,0.25772692481238624
2014-10-07,TTE,BP,252,0.26288685952384816
2014-10-08,TTE,BP,252,0.26224049354879087
2014-10-09,TTE,BP,252,0.2577628939013166
2014-10-10,TTE,BP,252,0.2620034522770863
2014-10-13,TTE,BP,252,0.2618586435175956
2014-10-14,TTE,BP,252,0.2644503437252272
2014-10-15,TTE,BP,252,0.2633635247990354
2014-10-16,TTE,BP,252,0.2604726874443136
2014-10-17,TTE,BP,252,0.25971150139405935
2014-10-20,TTE,BP,252,0.257279796020027
2014-10-21,TTE,BP,252,0.2862822304196053
2014-10-22,TTE,BP,252,0.2928999324531553
2014-10-23,TTE,BP,252,0.30133083680149286
2014-10-24,TTE,BP,252,0.3004587672846816
2014-10-27,TTE,BP,252,0.30044712010636226
2014-10-28,TTE,BP,252,0.29830565277791365
2014-10-29,TTE,BP,252,0.2982535781112373
2014-10-30,TTE,BP,252,0.29850055299355627
2014-10-31,TTE,BP,252,0.30499881519161764
2014-11-03,TTE,BP,252,0.31646625252163435
2014-11-04,TTE,BP,252,0.3270436319219021
2014-11-05,TTE,BP,252,0.3273115757730317
2014-11-06,TTE,BP,252,0.3287846475981919
2014-11-07,TTE,BP,252,0.3329670266835374
2014-11-10,TTE,BP,252,0.33531697854443154
2014-11-11,TTE,BP,252,0.3361132531958641
2014-11-12,TTE,BP,252,0.33538737436413124
2014-11-13,TTE,BP,252,0.3439341108644614
2014-11-14,TTE,BP,252,0.3456911279957473
2014-11-17,TTE,BP,252,0.3433753154801213
2014-11-18,TTE,BP,252,0.34653864181712957
2014-11-19,TTE,BP,252,0.34774247521850127
2014-11-20,TTE,BP,252,0.35351079474103375
2014-11-21,TTE,BP,252,0.36282985535823703
2014-11-24,TTE,BP,252,0.3637871864887974
2014-11-25,TTE,BP,252,0.366061511396409
2014-11-26,TTE,BP,252,0.3700219376962731
2014-11-28,TTE,BP,252,0.4268853446808654
2014-12-01,TTE,BP,252,0.43070834003109815
2014-12-02,TTE,BP,252,0.42745265643310115
2014-12-03,TTE,BP,252,0.42581184427579716
2014-12-04,TTE,BP,252,0.4371060708146687
2014-12-05,TTE,BP,252,0.4361209085112268
2014-12-08,TTE,BP,252,0.42958713696396233
2014-12-09,TTE,BP,252,0.4308928553196067
2014-12-10,TTE,BP,252,0.4326508159298295
2014-12-11,TTE,BP,252,0.43164246184429905
2014-12-12,TTE,BP,252,0.4287294010635604
2014-12-15,TTE,BP,252,0.4398006453272612
2014-12-16,TTE,BP,252,0.4353515541905264
2014-12-17,TTE,BP,252,0.42048471143263283
2014-12-18,TTE,BP,252,0.425689748182993
2014-12-19,TTE,BP,252,0.4263039399390888
2014-12-22,TTE,BP,252,0.4251901872723854
2014-12-23,TTE,BP,252,0.4227855132558279
2014-12-24,TTE,BP,252,0.4230631965624157
2014-12-26,TTE,BP,252,0.4234186860161916
2014-12-29,TTE,BP,252,0.4223215279238439
2014-12-30,TTE,BP,252,0.4265342099391172
2014-12-31,TTE,BP,252,0.42898745903645685
2015-01-02,TTE,BP,252,0.4268924924630945
2015-01-05,TTE,BP,252,0.46373526995461484
2015-01-06,TTE,BP,252,0.4644524908290089
2015-01-07,TTE,BP,252,0.4655998226095146
2015-01-08,TTE,BP,252,0.47003983348607037
2015-01-09,TTE,BP,252,0.469530873545
2015-01-12,TTE,BP,252,0.4688356451342174
2015-01-13,TTE,BP,252,0.4669103889312736
2015-01-14,TTE,BP,252,0.466622078008492
2015-01-15,TTE,BP,252,0.4676942239113214
2015-01-16,TTE,BP,252,0.4793672630637205
2015-01-20,TTE,BP,252,0.47857930070916105
2015-01-21,TTE,BP,252,0.4732845027958008
2015-01-22,TTE,BP,252,0.47695764889890135
2015-01-23,TTE,BP,252,0.4766505342813361
2015-01-26,TTE,BP,252,0.47212705539949074
2015-01-27,TTE,BP,252,0.47135025965342625
2015-01-28,TTE,BP,252,0.46574705785241777
2015-01-29,TTE,BP,252,0.4654883815616695
2015-01-30,TTE,BP,252,0.4653353760454437
2015-02-02,TTE,BP,252,0.4740278702087278
2015-02-03,TTE,BP,252,0.4829088570162868
2015-02-04,TTE,BP,252,0.48183483064292554
2015-02-05,TTE,BP,252,0.4817790234186034
2015-02-06,TTE,BP,252,0.47583985192934414
2015-02-09,TTE,BP,252,0.47354444595312756
2015-02-10,TTE,BP,252,0.47404875102638355
2015-02-11,TTE,BP,252,0.47097447615802784
2015-02-12,TTE,BP,252,0.47520591476930507
2015-02-13,TTE,BP,252,0.4746046545853283
2015-02-17,TTE,BP,252,0.4719065414667988
2015-02-18,TTE,BP,252,0.4726074586657402
2015-02-19,TTE,BP,252,0.4744850216038486
2015-02-20,TTE,BP,252,0.4747825431155704
2015-02-23,TTE,BP,252,0.47478332028655384
2015-02-24,TTE,BP,252,0.4747730495942096
2015-02-25,TTE,BP,252,0.47424512495508914
2015-02-26,TTE,BP,252,0.47407627807283437
2015-02-27,TTE,BP,252,0.473724537426917
2015-03-02,TTE,BP,252,0.47348243461342365
2015-03-03,TTE,BP,252,0.4675652685327861
2015-03-04,TTE,BP,252,0.4660210012807892
2015-03-05,TTE,BP,252,0.4656732919823476
2015-03-06,TTE,BP,252,0.4727451740648283
2015-03-09,TTE,BP,252,0.47196887298536006
2015-03-10,TTE,BP,252,0.4672948112763451
2015-03-11,TTE,BP,252,0.47386865893821095
2015-03-12,TTE,BP,252,0.47400918995028385
2015-03-13,TTE,BP,252,0.4792582532809086
2015-03-16,TTE,BP,252,0.4790013089986422
2015-03-17,TTE,BP,252,0.4788299402608377
2015-03-18,TTE,BP,252,0.47452317757480633
2015-03-19,TTE,BP,252,0.47366251279936433
2015-03-20,TTE,BP,252,0.483705021729343
2015-03-23,TTE,BP,252,0.4833796519106382
2015-03-24,TTE,BP,252,0.48261386399140876
2015-03-25,TTE,BP,252,0.4834598112483117
2015-03-26,TTE,BP,252,0.48496866711203673
2015-03-27,TTE,BP,252,0.48432389135675513
2015-03-30,TTE,BP,252,0.4845050047526682
2015-03-31,TTE,BP,252,0.48303439388996344
2015-04-01,TTE,BP,252,0.4818080105881756
2015-04-02,TTE,BP,252,0.4796264659005674
2015-04-06,TTE,BP,252,0.47968782829810097
2015-04-07,TTE,BP,252,0.47883644289537486
2015-04-08,TTE,BP,252,0.4757289396963055
2015-04-09,TTE,BP,252,0.4770889897729177
2015-04-10,TTE,BP,252,0.47575827373087104
2015-04-13,TTE,BP,252,0.47429392659525577
2015-04-14,TTE,BP,252,0.4775622175672698
2015-04-15,TTE,BP,252,0.4809232625071745
2015-04-16,TTE,BP,252,0.4820492338028273
2015-04-17,TTE,BP,252,0.48369780788732913
2015-04-20,TTE,BP,252,0.4855271704892304
2015-04-21,TTE,BP,252,0.48496177814510905
2015-04-22,TTE,BP,252,0.48484223777703855
2015-04-23,TTE,BP,252,0.48489261035529224
2015-04-24,TTE,BP,252,0.485074904928851
2015-04-27,TTE,BP,252,0.4862544571802424
2015-04-28,TTE,BP,252,0.4922339653599139
2015-04-29,TTE,BP,252,0.48767461760269093
2015-04-30,TTE,BP,252,0.487487731447435
2015-05-01,TTE,BP,252,0.4873116023109545
2015-05-04,TTE,BP,252,0.4905701090748147
2015-05-05,TTE,BP,252,0.49202575112300523
2015-05-06,TTE,BP,252,0.49173468014212596
2015-05-07,TTE,BP,252,0.4899137720855003
2015-05-08,TTE,BP,252,0.490600171293277
2015-05-11,TTE,BP,252,0.49033256340394826
2015-05-12,TTE,BP,252,0.49037610083592487
2015-05-13,TTE,BP,252,0.4907983766054467
2015-05-14,TTE,BP,252,0.4914059767129641
2015-05-15,TTE,BP,252,0.49296700228940576
2015-05-18,TTE,BP,252,0.4934036163303985
2015-05-19,TTE,BP,252,0.49241753899694646
2015-05-20,TTE,BP,252,0.4911184805787309
2015-05-21,TTE,BP,252,0.4888306530187953
2015-05-22,TTE,BP,252,0.488490519376004
2015-05-26,TTE,BP,252,0.4862816447066826
2015-05-27,TTE,BP,252,0.48434056706864903
2015-05-28,TTE,BP,252,0.4845020061087476
2015-05-29,TTE,BP,252,0.4844584601466442
2015-06-01,TTE,BP,252,0.4834581752084471
2015-06-02,TTE,BP,252,0.48272076879445386
2015-06-03,TTE,BP,252,0.4813475732400634
2015-06-04,TTE,BP,252,0.4827337309824416
2015-06-05,TTE,BP,252,0.4819995019279101
2015-06-08,TTE,BP,252,0.4805650363254285
2015-06-09,TTE,BP,252,0.48075186857164487
2015-06-10,TTE,BP,252,0.48051056290281263
2015-06-11,TTE,BP,252,0.48083541987155165
2015-06-12,TTE,BP,252,0.4817763759185565
2015-06-15,TTE,BP,252,0.47994214752419584
2015-06-16,TTE,BP,252,0.47992512428118167
2015-06-17,TTE,BP,252,0.48077196633063457
2015-06-18,TTE,BP,252,0.47926987567927243
2015-06-19,TTE,BP,252,0.4801674077598385
2015-06-22,TTE,BP,252,0.47984147043496045
2015-06-23,TTE,BP,252,0.4771352576668976
2015-06-24,TTE,BP,252,0.47685021995048543
2015-06-25,TTE,BP,252,0.47702687693074547
2015-06-26,TTE,BP,252,0.47662726110954834
2015-06-29,TTE,BP,252,0.48361955362632725
2015-06-30,TTE,BP,252,0.4830776822307474
2015-07-01,TTE,BP,252,0.48637906700259254
2015-07-02,TTE,BP,252,0.47662247358093063
2015-07-06,TTE,BP,252,0.47128911897202075
2015-07-07,TTE,BP,252,0.4641514118972214
2015-07-08,TTE,BP,252,0.4630109410279963
2015-07-09,TTE,BP,252,0.46091165356997565
2015-07-10,TTE,BP,252,0.465446827433019
2015-07-13,TTE,BP,252,0.46535500814710123
2015-07-14,TTE,BP,252,0.46615185410484544
2015-07-15,TTE,BP,252,0.4666707696288875
2015-07-16,TTE,BP,252,0.4653598592812876
2015-07-17,TTE,BP,252,0.45768303995721515
2015-07-20,TTE,BP,252,0.45808024057972785
2015-07-21,TTE,BP,252,0.4581983891193567
2015-07-22,TTE,BP,252,0.46263933893221976
2015-07-23,TTE,BP,252,0.4614564808322899
2015-07-24,TTE,BP,252,0.4564724802998605
2015-07-27,TTE,BP,252,0.45469299219883463
2015-07-28,TTE,BP,252,0.45094882467506253
2015-07-29,TTE,BP,252,0.46718081571618214
2015-07-30,TTE,BP,252,0.48737117701026983
2015-07-31,TTE,BP,252,0.4843934853249839
2015-08-03,TTE,BP,252,0.4810272749254315
2015-08-04,TTE,BP,252,0.48031060937989073
2015-08-05,TTE,BP,252,0.4824604223379871
2015-08-06,TTE,BP,252,0.4823662298353216
2015-08-07,TTE,BP,252,0.48259142369024344
2015-08-10,TTE,BP,252,0.48167422284937
2015-08-11,TTE,BP,252,0.48158774987620523
2015-08-12,TTE,BP,252,0.48374586308085493
2015-08-13,TTE,BP,252,0.4833042359778424
2015-08-14,TTE,BP,252,0.4833491245570887
2015-08-17,TTE,BP,252,0.48316743669291007
2015-08-18,TTE,BP,252,0.48281749943963753
2015-08-19,TTE,BP,252,0.4817945920522614
2015-08-20,TTE,BP,252,0.48231351747985574
2015-08-21,TTE,BP,252,0.47699397284514666
2015-08-24,TTE,BP,252,0.4632945298174986
2015-08-25,TTE,BP,252,0.44853843251082565
2015-08-26,TTE,BP,252,0.44822416134211074
2015-08-27,TTE,BP,252,0.4718204665258294
2015-08-28,TTE,BP,252,0.4720788834111284
2015-08-31,TTE,BP,252,0.47500813417169285
2015-09-01,TTE,BP,252,0.46703096608263955
2015-09-02,TTE,BP,252,0.4668191480348083
2015-09-03,TTE,BP,252,0.4798882545290273
2015-09-04,TTE,BP,252,0.4865054371849404
2015-09-08,TTE,BP,252,0.4856720985866876
2015-09-09,TTE,BP,252,0.48455352540155816
2015-09-10,TTE,BP,252,0.4870950377386359
2015-09-11,TTE,BP,252,0.4864678360583995
2015-09-14,TTE,BP,252,0.48618520266113074
2015-09-15,TTE,BP,252,0.4890409626105966
2015-09-16,TTE,BP,252,0.49484611637488324
2015-09-17,TTE,BP,252,0.4946950451898062
2015-09-18,TTE,BP,252,0.4994320364397708
2015-09-21,TTE,BP,252,0.49945124027855065
2015-09-22,TTE,BP,252,0.49813480770325225
2015-09-23,TTE,BP,252,0.49665383716196376
2015-09-24,TTE,BP,252,0.49656839011860066
2015-09-25,TTE,BP,252,0.5077178703838326
2015-09-28,TTE,BP,252,0.4969274411730565
2015-09-29,TTE,BP,252,0.4967622436204326
2015-09-30,TTE,BP,252,0.48054474812767733
2015-10-01,TTE,BP,252,0.4808957574110548
2015-10-02,TTE,BP,252,0.494056942859576
2015-10-05,TTE,BP,252,0.4978873879601649
2015-10-06,TTE,BP,252,0.4958912267381076
2015-10-07,TTE,BP,252,0.4900414804257273
2015-10-08,TTE,BP,252,0.48484426338336367
2015-10-09,TTE,BP,252,0.4861165254682754
2015-10-12,TTE,BP,252,0.4859539242373471
2015-10-13,TTE,BP,252,0.48512345088360026
2015-10-14,TTE,BP,252,0.48128639129471246
2015-10-15,TTE,BP,252,0.4828819227247857
2015-10-16,TTE,BP,252,0.4846174753689668
2015-10-19,TTE,BP,252,0.48360865554872384
2015-10-20,TTE,BP,252,0.4817956779904547
2015-10-21,TTE,BP,252,0.4747089267288952
2015-10-22,TTE,BP,252,0.47130280552281045
2015-10-23,TTE,BP,252,0.46898127128901934
2015-10-26,TTE,BP,252,0.4679735465803739
2015-10-27,TTE,BP,252,0.46792517868666456
2015-10-28,TTE,BP,252,0.46722646715754207
2015-10-29,TTE,BP,252,0.4672278739744739
2015-10-30,TTE,BP,252,0.46729282033726843
2015-11-02,TTE,BP,252,0.46634548118598534
2015-11-03,TTE,BP,252,0.45948846677746363
2015-11-04,TTE,BP,252,0.45564147367814695
2015-11-05,TTE,BP,252,0.4541451580313951
2015-11-06,TTE,BP,252,0.4543597438877251
2015-11-09,TTE,BP,252,0.45489135934955177
2015-11-10,TTE,BP,252,0.45493140998569015
2015-11-11,TTE,BP,252,0.4552625875979392
2015-11-12,TTE,BP,252,0.4538287549585458
2015-11-13,TTE,BP,252,0.4523428585489159
2015-11-16,TTE,BP,252,0.4489196820161547
2015-11-17,TTE,BP,252,0.44966537366678627
2015-11-18,TTE,BP,252,0.45112758736055586
2015-11-19,TTE,BP,252,0.4505486223486184
2015-11-20,TTE,BP,252,0.4550840671798545
2015-11-23,TTE,BP,252,0.4519373624798459
2015-11-24,TTE,BP,252,0.45303782597315884
2015-11-25,TTE,BP,252,0.4525188999867639
2015-11-27,TTE,BP,252,0.4524329670658179
2015-11-30,TTE,BP,252,0.4251569540119553
2015-12-01,TTE,BP,252,0.42329972272424343
2015-12-02,TTE,BP,252,0.425282978893955
2015-12-03,TTE,BP,252,0.4284884405869602
2015-12-04,TTE,BP,252,0.4236388688851981
2015-12-07,TTE,BP,252,0.41848620060075814
2015-12-08,TTE,BP,252,0.42057525483001906
2015-12-09,TTE,BP,252,0.41125207530005353
2015-12-10,TTE,BP,252,0.409358443788058
2015-12-11,TTE,BP,252,0.41521629095440393
2015-12-14,TTE,BP,252,0.41568164747558256
2015-12-15,TTE,BP,252,0.40773215676906377
2015-12-16,TTE,BP,252,0.40835151776094997
2015-12-17,TTE,BP,252,0.41265787755911437
2015-12-18,TTE,BP,252,0.4091132524793517
2015-12-21,TTE,BP,252,0.4068767322983494
2015-12-22,TTE,BP,252,0.4023537687559302
2015-12-23,TTE,BP,252,0.41163898958744094
2015-12-24,TTE,BP,252,0.41056578065415195
2015-12-28,TTE,BP,252,0.4124304767103653
2015-12-29,TTE,BP,252,0.4123616832725736
2015-12-30,TTE,BP,252,0.40897059480399567
2015-12-31,TTE,BP,252,0.4085521355120116
2016-01-04,TTE,BP,252,0.4089602702770787
2016-01-05,TTE,BP,252,0.3837039851007687
2016-01-06,TTE,BP,252,0.38936118437027617
2016-01-07,TTE,BP,252,0.3909088346478358
2016-01-08,TTE,BP,252,0.3871011548528841
2016-01-11,TTE,BP,252,0.3869323380531285
2016-01-12,TTE,BP,252,0.38722464775458076
2016-01-13,TTE,BP,252,0.3842611780133236
2016-01-14,TTE,BP,252,0.4057784002856288
2016-01-15,TTE,BP,252,0.41646420058180567
2016-01-19,TTE,BP,252,0.4059509240761549
2016-01-20,TTE,BP,252,0.40946544563980924
2016-01-21,TTE,BP,252,0.41047530987350134
2016-01-22,TTE,BP,252,0.40866396331745436
2016-01-25,TTE,BP,252,0.3847006103519511
2016-01-26,TTE,BP,252,0.38222574950498706
2016-01-27,TTE,BP,252,0.37701020439929483
2016-01-28,TTE,BP,252,0.38234777032201606
2016-01-29,TTE,BP,252,0.38188614690852385
2016-02-01,TTE,BP,252,0.3826970590452609
2016-02-02,TTE,BP,252,0.3587412763044679
2016-02-03,TTE,BP,252,0.34814912781121277
2016-02-04,TTE,BP,252,0.34703638336921144
2016-02-05,TTE,BP,252,0.34757286596461595
2016-02-08,TTE,BP,252,0.3472815135825433
2016-02-09,TTE,BP,252,0.36016086497914224
2016-02-10,TTE,BP,252,0.3605689171673394
2016-02-11,TTE,BP,252,0.35992889935537603
2016-02-12,TTE,BP,252,0.359778103694
2016-02-16,TTE,BP,252,0.36007853420767044
2016-02-17,TTE,BP,252,0.3717326953123619
2016-02-18,TTE,BP,252,0.3716484835128808
2016-02-19,TTE,BP,252,0.37043978506623243
2016-02-22,TTE,BP,252,0.37301533260121317
2016-02-23,TTE,BP,252,0.38010507285803874
2016-02-24,TTE,BP,252,0.3784963048778598
2016-02-25,TTE,BP,252,0.3787039123672715
2016-02-26,TTE,BP,252,0.3788243568653639
2016-02-29,TTE,BP,252,0.3789294446473025
2016-03-01,TTE,BP,252,0.37837111921433064
2016-03-02,TTE,BP,252,0.38192750503357975
2016-03-03,TTE,BP,252,0.38671341720044156
2016-03-04,TTE,BP,252,0.3867017996772499
2016-03-07,TTE,BP,252,0.3822828316557094
2016-03-08,TTE,BP,252,0.3782643329062483
2016-03-09,TTE,BP,252,0.3799322865700095
2016-03-10,TTE,BP,252,0.3749611596817909
2016-03-11,TTE,BP,252,0.37383769947138973
2016-03-14,TTE,BP,252,0.37196256119556925
2016-03-15,TTE,BP,252,0.37235356085602356
2016-03-16,TTE,BP,252,0.37270314816104244
2016-03-17,TTE,BP,252,0.3868644687191165
2016-03-18,TTE,BP,252,0.3869456720298511
2016-03-21,TTE,BP,252,0.378208990240412
2016-03-22,TTE,BP,252,0.3782917428976317
2016-03-23,TTE,BP,252,0.3776699922769088
2016-03-24,TTE,BP,252,0.37152383134685124
2016-03-28,TTE,BP,252,0.3715744693485453
2016-03-29,TTE,BP,252,0.37161396949841874
2016-03-30,TTE,BP,252,0.3758446213893403
2016-03-31,TTE,BP,252,0.375364961952243
2016-04-01,TTE,BP,252,0.37480154243844066
2016-04-04,TTE,BP,252,0.37385990194651875
2016-04-05,TTE,BP,252,0.37833570067636874
2016-04-06,TTE,BP,252,0.3783378960454968
2016-04-07,TTE,BP,252,0.37943194013300696
2016-04-08,TTE,BP,252,0.3762119745182857
2016-04-11,TTE,BP,252,0.3761999789085914
2016-04-12,TTE,BP,252,0.38539221156811104
2016-04-13,TTE,BP,252,0.3859483028843968
2016-04-14,TTE,BP,252,0.3829502906726027
2016-04-15,TTE,BP,252,0.38218457243781206
2016-04-18,TTE,BP,252,0.38196958615059223
2016-04-19,TTE,BP,252,0.3810404576832705
2016-04-20,TTE,BP,252,0.3811167331867035
2016-04-21,TTE,BP,252,0.38133706072980966
2016-04-22,TTE,BP,252,0.38114956174210185
2016-04-25,TTE,BP,252,0.3805888242899064
2016-04-26,TTE,BP,252,0.37515953532432117
2016-04-27,TTE,BP,252,0.37600729101632135
2016-04-28,TTE,BP,252,0.374852644480167
2016-04-29,TTE,BP,252,0.37438974514182394
2016-05-02,TTE,BP,252,0.37433260782351285
2016-05-03,TTE,BP,252,0.38089010245063726
2016-05-04,TTE,BP,252,0.3823031866591314
2016-05-05,TTE,BP,252,0.382253709817294
2016-05-06,TTE,BP,252,0.3826898247011832
2016-05-09,TTE,BP,252,0.384656978016089
2016-05-10,TTE,BP,252,0.3861959157128956
2016-05-11,TTE,BP,252,0.38618867173989824
2016-05-12,TTE,BP,252,0.3860796205539388
2016-05-13,TTE,BP,252,0.3858569481372667
2016-05-16,TTE,BP,252,0.3852509111345471
2016-05-17,TTE,BP,252,0.3845314841624924
2016-05-18,TTE,BP,252,0.38482251656882693
2016-05-19,TTE,BP,252,0.3851714756975363
2016-05-20,TTE,BP,252,0.38490538617221104
2016-05-23,TTE,BP,252,0.3846773768313918
2016-05-24,TTE,BP,252,0.3851468688389688
2016-05-25,TTE,BP,252,0.38493487009482086
2016-05-26,TTE,BP,252,0.3848846608089974
2016-05-27,TTE,BP,252,0.38327118126335064
2016-05-31,TTE,BP,252,0.3759016709228573
2016-06-01,TTE,BP,252,0.37624440467507153
2016-06-02,TTE,BP,252,0.37687602243664503
2016-06-03,TTE,BP,252,0.36878821681939183
2016-06-06,TTE,BP,252,0.37121797499362197
2016-06-07,TTE,BP,252,0.3744819020709428
2016-06-08,TTE,BP,252,0.3744054309884737
2016-06-09,TTE,BP,252,0.37427296479087246
2016-06-10,TTE,BP,252,0.38011449842590145
2016-06-13,TTE,BP,252,0.3781624505863759
2016-06-14,TTE,BP,252,0.3866063615863008
2016-06-15,TTE,BP,252,0.3865073314638217
2016-06-16,TTE,BP,252,0.38602380459075475
2016-06-17,TTE,BP,252,0.3851898327948652
2016-06-20,TTE,BP,252,0.38450387254397933
2016-06-21,TTE,BP,252,0.38385196483895867
2016-06-22,TTE,BP,252,0.3699000392652164
2016-06-23,TTE,BP,252,0.36920259557408025
2016-06-24,TTE,BP,252,0.3908292181862435
2016-06-27,TTE,BP,252,0.3937603686369477
2016-06-28,TTE,BP,252,0.39758579525973714
2016-06-29,TTE,BP,252,0.39430098609794745
2016-06-30,TTE,BP,252,0.39554023781032294
2016-07-01,TTE,BP,252,0.3994786981823329
2016-07-05,TTE,BP,252,0.4013934114732166
2016-07-06,TTE,BP,252,0.40552079275996245
2016-07-07,TTE,BP,252,0.40581259612563797
2016-07-08,TTE,BP,252,0.4068113435028308
2016-07-11,TTE,BP,252,0.403489282926054
2016-07-12,TTE,BP,252,0.40773474561538775
2016-07-13,TTE,BP,252,0.40745812641682144
2016-07-14,TTE,BP,252,0.40753879787695046
2016-07-15,TTE,BP,252,0.4080090663799415
2016-07-18,TTE,BP,252,0.40800740299301624
2016-07-19,TTE,BP,252,0.4086962357149675
2016-07-20,TTE,BP,252,0.40861614749645053
2016-07-21,TTE,BP,252,0.40468986278414454
2016-07-22,TTE,BP,252,0.405133142340368
2016-07-25,TTE,BP,252,0.40642160342392264
2016-07-26,TTE,BP,252,0.40730314495289754
2016-07-27,TTE,BP,252,0.4091818058904315
2016-07-28,TTE,BP,252,0.4065237670946733
2016-07-29,TTE,BP,252,0.406328234633893
2016-08-01,TTE,BP,252,0.40469284571854736
2016-08-02,TTE,BP,252,0.4064259537956302
2016-08-03,TTE,BP,252,0.4050730677788466
2016-08-04,TTE,BP,252,0.4050811294532272
2016-08-05,TTE,BP,252,0.4051087200920678
2016-08-08,TTE,BP,252,0.40392145262718854
2016-08-09,TTE,BP,252,0.4043377351234842
2016-08-10,TTE,BP,252,0.4041930408474229
2016-08-11,TTE,BP,252,0.403164479482591
2016-08-12,TTE,BP,252,0.4035110144589662
2016-08-15,TTE,BP,252,0.403518717287961
2016-08-16,TTE,BP,252,0.40385403569382744
2016-08-17,TTE,BP,252,0.4032335158449166
2016-08-18,TTE,BP,252,0.4033977600028268
2016-08-19,TTE,BP,252,0.4029236406235092
2016-08-22,TTE,BP,252,0.406126103731149
2016-08-23,TTE,BP,252,0.4129417420601404
2016-08-24,TTE,BP,252,0.4211215429974748
2016-08-25,TTE,BP,252,0.4215913865827654
2016-08-26,TTE,BP,252,0.403275678556372
2016-08-29,TTE,BP,252,0.40327590574597444
2016-08-30,TTE,BP,252,0.40265395775731094
2016-08-31,TTE,BP,252,0.40746295238196273
2016-09-01,TTE,BP,252,0.40773765999454675
2016-09-02,TTE,BP,252,0.406620639569315
2016-09-06,TTE,BP,252,0.39566984613919937
2016-09-07,TTE,BP,252,0.3966793715053208
2016-09-08,TTE,BP,252,0.39693769829832387
2016-09-09,TTE,BP,252,0.39639476787754674
2016-09-12,TTE,BP,252,0.3914698391001274
2016-09-13,TTE,BP,252,0.38965397154938947
2016-09-14,TTE,BP,252,0.38773998062545373
2016-09-15,TTE,BP,252,0.3754651314682687
2016-09-16,TTE,BP,252,0.3764456164190626
2016-09-19,TTE,BP,252,0.3709505532193999
2016-09-20,TTE,BP,252,0.3707171039185522
2016-09-21,TTE,BP,252,0.3711482365410661
2016-09-22,TTE,BP,252,0.37097731934215056
2016-09-23,TTE,BP,252,0.36073965601129865
2016-09-26,TTE,BP,252,0.36077007451621523
2016-09-27,TTE,BP,252,0.36704071718304493
2016-09-28,TTE,BP,252,0.3767331622464817
2016-09-29,TTE,BP,252,0.3904663912001551
2016-09-30,TTE,BP,252,0.39002048454765503
2016-10-03,TTE,BP,252,0.37741555747155664
2016-10-04,TTE,BP,252,0.37352706267566416
2016-10-05,TTE,BP,252,0.3744739114968424
2016-10-06,TTE,BP,252,0.37753422123245517
2016-10-07,TTE,BP,252,0.38206941411724715
2016-10-10,TTE,BP,252,0.3827161007866025
2016-10-11,TTE,BP,252,0.3752726672974014
2016-10-12,TTE,BP,252,0.3759722271992228
2016-10-13,TTE,BP,252,0.37853172701447907
2016-10-14,TTE,BP,252,0.3789268359019153
2016-10-17,TTE,BP,252,0.3787798512949854
2016-10-18,TTE,BP,252,0.37982255904063966
2016-10-19,TTE,BP,252,0.379729345771926
2016-10-20,TTE,BP,252,0.3795833001727518
2016-10-21,TTE,BP,252,0.380466688079029
2016-10-24,TTE,BP,252,0.3766697607212149
2016-10-25,TTE,BP,252,0.37735859024718577
2016-10-26,TTE,BP,252,0.37746612416373737
2016-10-27,TTE,BP,252,0.3787653142859849
2016-10-28,TTE,BP,252,0.3789136733749975
2016-10-31,TTE,BP,252,0.3788810184782447
2016-11-01,TTE,BP,252,0.37676356156904733
2016-11-02,TTE,BP,252,0.3793416021479822
2016-11-03,TTE,BP,252,0.3786367755412307
2016-11-04,TTE,BP,252,0.3804273163644983
2016-11-07,TTE,BP,252,0.38139671614728726
2016-11-08,TTE,BP,252,0.38078494657880935
2016-11-09,TTE,BP,252,0.3805882216675879
2016-11-10,TTE,BP,252,0.380187781623069
2016-11-11,TTE,BP,252,0.3805473943449297
2016-11-14,TTE,BP,252,0.37945817966422085
2016-11-15,TTE,BP,252,0.38517135571207634
2016-11-16,TTE,BP,252,0.3838899293606952
2016-11-17,TTE,BP,252,0.38246059291865664
2016-11-18,TTE,BP,252,0.3828857596663389
2016-11-21,TTE,BP,252,0.37691327875362
2016-11-22,TTE,BP,252,0.3771617183559749
2016-11-23,TTE,BP,252,0.3764852307016766
2016-11-25,TTE,BP,252,0.3764518363664135
2016-11-28,TTE,BP,252,0.37610546725191357
2016-11-29,TTE,BP,252,0.3776926310628918
2016-11-30,TTE,BP,252,0.38247505950355565
2016-12-01,TTE,BP,252,0.3818185283114444
2016-12-02,TTE,BP,252,0.37935132543183936
2016-12-05,TTE,BP,252,0.38002447659124144
2016-12-06,TTE,BP,252,0.3838317638441021
2016-12-07,TTE,BP,252,0.38453964549424074
2016-12-08,TTE,BP,252,0.39176300133984154
2016-12-09,TTE,BP,252,0.39211082487236415
2016-12-12,TTE,BP,252,0.3863724971333435
2016-12-13,TTE,BP,252,0.386029378352482
2016-12-14,TTE,BP,252,0.386383188014839
2016-12-15,TTE,BP,252,0.3868720791934997
2016-12-16,TTE,BP,252,0.38843861242077377
2016-12-19,TTE,BP,252,0.3877286364251448
2016-12-20,TTE,BP,252,0.3884106420126073
2016-12-21,TTE,BP,252,0.3926341653115781
2016-12-22,TTE,BP,252,0.3845982089062248
2016-12-23,TTE,BP,252,0.3842721402664507
2016-12-27,TTE,BP,252,0.3821424813032085
2016-12-28,TTE,BP,252,0.3820109426970273
2016-12-29,TTE,BP,252,0.382583440876703
2016-12-30,TTE,BP,252,0.38250526888034136
2017-01-03,TTE,BP,252,0.38127087240104407
2017-01-04,TTE,BP,252,0.3811340766882979
2017-01-05,TTE,BP,252,0.37568096467262413
2017-01-06,TTE,BP,252,0.37333798496379417
2017-01-09,TTE,BP,252,0.37253242775323553
2017-01-10,TTE,BP,252,0.37248050591260445
2017-01-11,TTE,BP,252,0.3721521108765603
2017-01-12,TTE,BP,252,0.3741731104633167
2017-01-13,TTE,BP,252,0.3551712748547517
2017-01-17,TTE,BP,252,0.34276841647560724
2017-01-18,TTE,BP,252,0.34274237843529276
2017-01-19,TTE,BP,252,0.3382058890916271
2017-01-20,TTE,BP,252,0.33957294467844723
2017-01-23,TTE,BP,252,0.34222540454075157
2017-01-24,TTE,BP,252,0.36602679393640025
2017-01-25,TTE,BP,252,0.37075350567052756
2017-01-26,TTE,BP,252,0.3765079116598598
2017-01-27,TTE,BP,252,0.37561149070389105
2017-01-30,TTE,BP,252,0.37564656388687173
2017-01-31,TTE,BP,252,0.37378637982165264
2017-02-01,TTE,BP,252,0.39558868613458936
2017-02-02,TTE,BP,252,0.3970877018220932
2017-02-03,TTE,BP,252,0.40034439703675456
2017-02-06,TTE,BP,252,0.4002741970560842
2017-02-07,TTE,BP,252,0.40392743650192103
2017-02-08,TTE,BP,252,0.38814192604986786
2017-02-09,TTE,BP,252,0.3868990327812898
2017-02-10,TTE,BP,252,0.38740253150758064
2017-02-13,TTE,BP,252,0.38558155989470627
2017-02-14,TTE,BP,252,0.3836637525084477
2017-02-15,TTE,BP,252,0.3709855853276969
2017-02-16,TTE,BP,252,0.37047319283364766
2017-02-17,TTE,BP,252,0.3721150860013898
2017-02-21,TTE,BP,252,0.3717891311151338
2017-02-22,TTE,BP,252,0.36183346380484266
2017-02-23,TTE,BP,252,0.3562953060450717
2017-02-24,TTE,BP,252,0.35596481868872576
2017-02-27,TTE,BP,252,0.35133479285615643
2017-02-28,TTE,BP,252,0.3515295418727472
2017-03-01,TTE,BP,252,0.3523719691955705
2017-03-02,TTE,BP,252,0.3481623358132183
2017-03-03,TTE,BP,252,0.3425864955020201
2017-03-06,TTE,BP,252,0.3407971583820518
2017-03-07,TTE,BP,252,0.3414803559712408
2017-03-08,TTE,BP,252,0.35116182827015563
2017-03-09,TTE,BP,252,0.3518089090231874
2017-03-10,TTE,BP,252,0.35052577642372135
2017-03-13,TTE,BP,252,0.35229240646831306
2017-03-14,TTE,BP,252,0.3524008982570127
2017-03-15,TTE,BP,252,0.35178378073233396
2017-03-16,TTE,BP,252,0.3521566368316115
2017-03-17,TTE,BP,252,0.33480585135680924
2017-03-20,TTE,BP,252,0.331484682915386
2017-03-21,TTE,BP,252,0.32991238313414417
2017-03-22,TTE,BP,252,0.3298550957782844
2017-03-23,TTE,BP,252,0.33167177676970117
2017-03-24,TTE,BP,252,0.33868144105080017
2017-03-27,TTE,BP,252,0.33868401193521047
2017-03-28,TTE,BP,252,0.3385756215898812
2017-03-29,TTE,BP,252,0.33297774235032007
2017-03-30,TTE,BP,252,0.3348430919905382
2017-03-31,TTE,BP,252,0.33587500576964363
2017-04-03,TTE,BP,252,0.3380816928214513
2017-04-04,TTE,BP,252,0.3302600210445397
2017-04-05,TTE,BP,252,0.3308387615703092
2017-04-06,TTE,BP,252,0.33321440826576304
2017-04-07,TTE,BP,252,0.33736717923789716
2017-04-10,TTE,BP,252,0.3372844908442461
2017-04-11,TTE,BP,252,0.3202010905050235
2017-04-12,TTE,BP,252,0.31956563125783993
2017-04-13,TTE,BP,252,0.32350023047282966
2017-04-17,TTE,BP,252,0.32300600167100113
2017-04-18,TTE,BP,252,0.32329569987489776
2017-04-19,TTE,BP,252,0.3242990065049568
2017-04-20,TTE,BP,252,0.32469888040220823
2017-04-21,TTE,BP,252,0.3246822535107151
2017-04-24,TTE,BP,252,0.3294670982896162
2017-04-25,TTE,BP,252,0.33039756940500964
2017-04-26,TTE,BP,252,0.3405967667774436
2017-04-27,TTE,BP,252,0.33971666314514876
2017-04-28,TTE,BP,252,0.34141574176600575
2017-05-01,TTE,BP,252,0.341103196308605
2017-05-02,TTE,BP,252,0.3404981163356849
2017-05-03,TTE,BP,252,0.3277528512992324
2017-05-04,TTE,BP,252,0.3233473024749962
2017-05-05,TTE,BP,252,0.32042299575565025
2017-05-08,TTE,BP,252,0.32036231531586484
2017-05-09,TTE,BP,252,0.3153803564652112
2017-05-10,TTE,BP,252,0.3128923204161086
2017-05-11,TTE,BP,252,0.3127222005538133
2017-05-12,TTE,BP,252,0.3127618642033176
2017-05-15,TTE,BP,252,0.31504429583477017
2017-05-16,TTE,BP,252,0.3182983916284387
2017-05-17,TTE,BP,252,0.3184953284735711
2017-05-18,TTE,BP,252,0.3176349286771163
2017-05-19,TTE,BP,252,0.3160999881734178
2017-05-22,TTE,BP,252,0.31637865732755244
2017-05-23,TTE,BP,252,0.31708109566178416
2017-05-24,TTE,BP,252,0.31770891855418076
2017-05-25,TTE,BP,252,0.3270132937064244
2017-05-26,TTE,BP,252,0.32720654047766773
2017-05-30,TTE,BP,252,0.33007263477177823
2017-05-31,TTE,BP,252,0.3449405713411197
2017-06-01,TTE,BP,252,0.3448004587618497
2017-06-02,TTE,BP,252,0.3454700545459066
2017-06-05,TTE,BP,252,0.3552628912436869
2017-06-06,TTE,BP,252,0.3525302298608249
2017-06-07,TTE,BP,252,0.3442864486932443
2017-06-08,TTE,BP,252,0.34445674479141175
2017-06-09,TTE,BP,252,0.34428528439097755
2017-06-12,TTE,BP,252,0.3295317743145993
2017-06-13,TTE,BP,252,0.32803758092640234
2017-06-14,TTE,BP,252,0.308323599062903
2017-06-15,TTE,BP,252,0.30901390184931726
2017-06-16,TTE,BP,252,0.30764062826043703
2017-06-19,TTE,BP,252,0.30971112006837775
2017-06-20,TTE,BP,252,0.3081490345020981
2017-06-21,TTE,BP,252,0.30988856243690627
2017-06-22,TTE,BP,252,0.33504529331905714
2017-06-23,TTE,BP,252,0.33689743663116656
2017-06-26,TTE,BP,252,0.2678954815198074
2017-06-27,TTE,BP,252,0.26174925807079347
2017-06-28,TTE,BP,252,0.23556170557113965
2017-06-29,TTE,BP,252,0.24322968451759341
2017-06-30,TTE,BP,252,0.22615153569266522
2017-07-03,TTE,BP,252,0.22644518717780548
2017-07-05,TTE,BP,252,0.21830981137356892
2017-07-06,TTE,BP,252,0.21281289709221793
2017-07-07,TTE,BP,252,0.21226972273952147
2017-07-10,TTE,BP,252,0.21313533763931689
2017-07-11,TTE,BP,252,0.21327127159558545
2017-07-12,TTE,BP,252,0.19980689278110358
2017-07-13,TTE,BP,252,0.1999963689623739
2017-07-14,TTE,BP,252,0.19548112088128095
2017-07-17,TTE,BP,252,0.1954908345394498
2017-07-18,TTE,BP,252,0.19306946998835806
2017-07-19,TTE,BP,252,0.19335192445351823
2017-07-20,TTE,BP,252,0.19295717958034436
2017-07-21,TTE,BP,252,0.20055867754125806
2017-07-24,TTE,BP,252,0.19969621280384361
2017-07-25,TTE,BP,252,0.20125633215348782
2017-07-26,TTE,BP,252,0.19588085602634578
2017-07-27,TTE,BP,252,0.19711538855744992
2017-07-28,TTE,BP,252,0.20382711558842465
2017-07-31,TTE,BP,252,0.20444710264694285
2017-08-01,TTE,BP,252,0.20480743506585222
2017-08-02,TTE,BP,252,0.20503126083816767
2017-08-03,TTE,BP,252,0.1977507015656527
2017-08-04,TTE,BP,252,0.19757593206723303
2017-08-07,TTE,BP,252,0.19710241282957294
2017-08-08,TTE,BP,252,0.20078030139225256
2017-08-09,TTE,BP,252,0.19845771743811838
2017-08-10,TTE,BP,252,0.19771474729954674
2017-08-11,TTE,BP,252,0.19846920321384798
2017-08-14,TTE,BP,252,0.19841948946467455
2017-08-15,TTE,BP,252,0.19850753918273709
2017-08-16,TTE,BP,252,0.19147515144589802
2017-08-17,TTE,BP,252,0.19171007689208602
2017-08-18,TTE,BP,252,0.19187232638117577
2017-08-21,TTE,BP,252,0.1908407818150104
2017-08-22,TTE,BP,252,0.18741169365185772
2017-08-23,TTE,BP,252,0.1874965562515819
2017-08-24,TTE,BP,252,0.1874928640691825
2017-08-25,TTE,BP,252,0.18701338351987876
2017-08-28,TTE,BP,252,0.1870133238229854
2017-08-29,TTE,BP,252,0.18728442479665677
2017-08-30,TTE,BP,252,0.18728759727786493
2017-08-31,TTE,BP,252,0.18689676744452266
2017-09-01,TTE,BP,252,0.18532112554685676
2017-09-05,TTE,BP,252,0.1868546927419494
2017-09-06,TTE,BP,252,0.18415406916336438
2017-09-07,TTE,BP,252,0.18377993832479114
2017-09-08,TTE,BP,252,0.18409164742086329
2017-09-11,TTE,BP,252,0.18857171306293063
2017-09-12,TTE,BP,252,0.19954247363072508
2017-09-13,TTE,BP,252,0.20267966155276373
2017-09-14,TTE,BP,252,0.20224511766131897
2017-09-15,TTE,BP,252,0.2157233307014619
2017-09-18,TTE,BP,252,0.20981834465727497
2017-09-19,TTE,BP,252,0.20952720397667565
2017-09-20,TTE,BP,252,0.20936070035246648
2017-09-21,TTE,BP,252,0.20984089926169064
2017-09-22,TTE,BP,252,0.2115759074672185
2017-09-25,TTE,BP,252,0.23782211882126755
2017-09-26,TTE,BP,252,0.23866818130436468
2017-09-27,TTE,BP,252,0.2395523128969325
2017-09-28,TTE,BP,252,0.2008647817029144
2017-09-29,TTE,BP,252,0.20113510240622093
2017-10-02,TTE,BP,252,0.20123879233067735
2017-10-03,TTE,BP,252,0.20036598080588566
2017-10-04,TTE,BP,252,0.1987156344494508
2017-10-05,TTE,BP,252,0.19927102974035565
2017-10-06,TTE,BP,252,0.1993762007026254
2017-10-09,TTE,BP,252,0.20271958719023253
2017-10-10,TTE,BP,252,0.2032339946662124
2017-10-11,TTE,BP,252,0.22539087798168173
2017-10-12,TTE,BP,252,0.22407338378503308
2017-10-13,TTE,BP,252,0.22400750929872942
2017-10-16,TTE,BP,252,0.22302494239250656
2017-10-17,TTE,BP,252,0.2209002767995864
2017-10-18,TTE,BP,252,0.22187951982317283
2017-10-19,TTE,BP,252,0.22485026071159614
2017-10-20,TTE,BP,252,0.22485026071159614
2017-10-23,TTE,BP,252,0.22506661124360006
2017-10-24,TTE,BP,252,0.23562503490807266
2017-10-25,TTE,BP,252,0.23484908388310796
2017-10-26,TTE,BP,252,0.2320996188534988
2017-10-27,TTE,BP,252,0.2314116996926104
2017-10-30,TTE,BP,252,0.23656791401511457
2017-10-31,TTE,BP,252,0.23700036871553223
2017-11-01,TTE,BP,252,0.24129025911568666
2017-11-02,TTE,BP,252,0.23771757985058817
2017-11-03,TTE,BP,252,0.2410085503943538
2017-11-06,TTE,BP,252,0.23446379595915975
2017-11-07,TTE,BP,252,0.23213571785990897
2017-11-08,TTE,BP,252,0.2322177131064724
2017-11-09,TTE,BP,252,0.2330666965049489
2017-11-10,TTE,BP,252,0.23292875861270648
2017-11-13,TTE,BP,252,0.24024626495381318
2017-11-14,TTE,BP,252,0.2382551136223643
2017-11-15,TTE,BP,252,0.22141573841958656
2017-11-16,TTE,BP,252,0.22229834764950523
2017-11-17,TTE,BP,252,0.2220893460129786
2017-11-20,TTE,BP,252,0.22232104820952006
2017-11-21,TTE,BP,252,0.22517273353614678
2017-11-22,TTE,BP,252,0.23266169241993048
2017-11-24,TTE,BP,252,0.23161595765384202
2017-11-27,TTE,BP,252,0.23107371305785213
2017-11-28,TTE,BP,252,0.23052433463526573
2017-11-29,TTE,BP,252,0.22928955780759316
2017-11-30,TTE,BP,252,0.20567453588696868
2017-12-01,TTE,BP,252,0.20660412014780977
2017-12-04,TTE,BP,252,0.20659223909082286
2017-12-05,TTE,BP,252,0.20602826657642723
2017-12-06,TTE,BP,252,0.20751923147379936
2017-12-07,TTE,BP,252,0.2016483904793068
2017-12-08,TTE,BP,252,0.20164469809042967
2017-12-11,TTE,BP,252,0.19821041464463943
2017-12-12,TTE,BP,252,0.1974569304644514
2017-12-13,TTE,BP,252,0.19181781422226368
2017-12-14,TTE,BP,252,0.18860120721832757
2017-12-15,TTE,BP,252,0.1884495200829424
2017-12-18,TTE,BP,252,0.18760251418958193
2017-12-19,TTE,BP,252,0.1880660384675413
2017-12-20,TTE,BP,252,0.1897355927639596
2017-12-21,TTE,BP,252,0.1854079354485386
2017-12-22,TTE,BP,252,0.184497809429776
2017-12-26,TTE,BP,252,0.1814773972237917
2017-12-27,TTE,BP,252,0.1790067587110595
2017-12-28,TTE,BP,252,0.1756337424423631
2017-12-29,TTE,BP,252,0.17564334621107047
2018-01-02,TTE,BP,252,0.17523373268374565
2018-01-03,TTE,BP,252,0.1850467403432393
2018-01-04,TTE,BP,252,0.1861201145455798
2018-01-05,TTE,BP,252,0.18621778049347312
2018-01-08,TTE,BP,252,0.18714516046915597
2018-01-09,TTE,BP,252,0.19133904187441578
2018-01-10,TTE,BP,252,0.19134186836839742
2018-01-11,TTE,BP,252,0.19282563676823722
2018-01-12,TTE,BP,252,0.20416292280396311
2018-01-16,TTE,BP,252,0.19444039990249748
2018-01-17,TTE,BP,252,0.18221825937468553
2018-01-18,TTE,BP,252,0.18235510643240885
2018-01-19,TTE,BP,252,0.18204402331158828
2018-01-22,TTE,BP,252,0.18229955165671038
2018-01-23,TTE,BP,252,0.18103863641392742
2018-01-24,TTE,BP,252,0.18007858529396023
2018-01-25,TTE,BP,252,0.18021143100781736
2018-01-26,TTE,BP,252,0.1802359420653239
2018-01-29,TTE,BP,252,0.18000793693256992
2018-01-30,TTE,BP,252,0.18185812790018543
2018-01-31,TTE,BP,252,0.18272089381661863
2018-02-01,TTE,BP,252,0.18176459619906613
2018-02-02,TTE,BP,252,0.17134811663811855
2018-02-05,TTE,BP,252,0.23929537537871703
2018-02-06,TTE,BP,252,0.24444456347951596
2018-02-07,TTE,BP,252,0.22728786372097173
2018-02-08,TTE,BP,252,0.23183147720794733
2018-02-09,TTE,BP,252,0.2255611176378637
2018-02-12,TTE,BP,252,0.22336793059304508
2018-02-13,TTE,BP,252,0.22347171210468914
2018-02-14,TTE,BP,252,0.22570002716155474
2018-02-15,TTE,BP,252,0.2257221791162678
2018-02-16,TTE,BP,252,0.22693345349157784
2018-02-20,TTE,BP,252,0.21437769908825138
2018-02-21,TTE,BP,252,0.20362101059644933
2018-02-22,TTE,BP,252,0.20347100743165047
2018-02-23,TTE,BP,252,0.21404456523593168
2018-02-26,TTE,BP,252,0.21416114932764338
2018-02-27,TTE,BP,252,0.2237249617763826
2018-02-28,TTE,BP,252,0.22251265813322435
2018-03-01,TTE,BP,252,0.2229820318780083
2018-03-02,TTE,BP,252,0.22665968321995644
2018-03-05,TTE,BP,252,0.2258743675093502
2018-03-06,TTE,BP,252,0.23514266492667638
2018-03-07,TTE,BP,252,0.2353493640847347
2018-03-08,TTE,BP,252,0.22697493908863248
2018-03-09,TTE,BP,252,0.224789672771075
2018-03-12,TTE,BP,252,0.2287274013172467
2018-03-13,TTE,BP,252,0.22872951087318993
2018-03-14,TTE,BP,252,0.2289522331065292
2018-03-15,TTE,BP,252,0.229468774484508
2018-03-16,TTE,BP,252,0.23629928733292505
2018-03-19,TTE,BP,252,0.22797314775598496
2018-03-20,TTE,BP,252,0.21952560598912704
2018-03-21,TTE,BP,252,0.21758088947319307
2018-03-22,TTE,BP,252,0.2151444635301627
2018-03-23,TTE,BP,252,0.2149781738809915
2018-03-26,TTE,BP,252,0.20741426559015855
2018-03-27,TTE,BP,252,0.207147507209732
2018-03-28,TTE,BP,252,0.20811168853404333
2018-03-29,TTE,BP,252,0.20912329271271962
2018-04-02,TTE,BP,252,0.20859882926126744
2018-04-03,TTE,BP,252,0.21792987480000203
2018-04-04,TTE,BP,252,0.21698890209842228
2018-04-05,TTE,BP,252,0.2241877929637553
2018-04-06,TTE,BP,252,0.2231878334748983
2018-04-09,TTE,BP,252,0.22262981448482855
2018-04-10,TTE,BP,252,0.2278074497294152
2018-04-11,TTE,BP,252,0.22782907729510873
2018-04-12,TTE,BP,252,0.22819754405159615
2018-04-13,TTE,BP,252,0.22826714036772341
2018-04-16,TTE,BP,252,0.22142849328937309
2018-04-17,TTE,BP,252,0.22395683968132313
2018-04-18,TTE,BP,252,0.2349470016740565
2018-04-19,TTE,BP,252,0.2356633047715775
2018-04-20,TTE,BP,252,0.23570387957020453
2018-04-23,TTE,BP,252,0.23512623629146057
2018-04-24,TTE,BP,252,0.22680611059608097
2018-04-25,TTE,BP,252,0.22635018532660242
2018-04-26,TTE,BP,252,0.22519220939172552
2018-04-27,TTE,BP,252,0.22117931084422032
2018-04-30,TTE,BP,252,0.22164350895981433
2018-05-01,TTE,BP,252,0.2216292724747972
2018-05-02,TTE,BP,252,0.22268921994899926
2018-05-03,TTE,BP,252,0.22264155876106229
2018-05-04,TTE,BP,252,0.2218350875318492
2018-05-07,TTE,BP,252,0.22494555369150634
2018-05-08,TTE,BP,252,0.22882880204800207
2018-05-09,TTE,BP,252,0.2542662833038986
2018-05-10,TTE,BP,252,0.24990585000036858
2018-05-11,TTE,BP,252,0.2501773798484708
2018-05-14,TTE,BP,252,0.25449343149149345
2018-05-15,TTE,BP,252,0.2511666905648003
2018-05-16,TTE,BP,252,0.24816750116010022
2018-05-17,TTE,BP,252,0.24738502947077873
2018-05-18,TTE,BP,252,0.24858024611191135
2018-05-21,TTE,BP,252,0.24888840005119295
2018-05-22,TTE,BP,252,0.25085534910488827
2018-05-23,TTE,BP,252,0.25035199190333374
2018-05-24,TTE,BP,252,0.2647596590384383
2018-05-25,TTE,BP,252,0.2699460759196397
2018-05-29,TTE,BP,252,0.26730113302433794
2018-05-30,TTE,BP,252,0.27744131054026205
2018-05-31,TTE,BP,252,0.27697195351290305
2018-06-01,TTE,BP,252,0.2768317118460487
2018-06-04,TTE,BP,252,0.27562435147488196
2018-06-05,TTE,BP,252,0.27681296492721746
2018-06-06,TTE,BP,252,0.27533961552207414
2018-06-07,TTE,BP,252,0.2799086660528299
2018-06-08,TTE,BP,252,0.2799157572493768
2018-06-11,TTE,BP,252,0.28028165289355156
2018-06-12,TTE,BP,252,0.29278580158168394
2018-06-13,TTE,BP,252,0.29568010583317345
2018-06-14,TTE,BP,252,0.29635430402263147
2018-06-15,TTE,BP,252,0.30291271749052506
2018-06-18,TTE,BP,252,0.30428130859625147
2018-06-19,TTE,BP,252,0.30489213468510706
2018-06-20,TTE,BP,252,0.3082451942669786
2018-06-21,TTE,BP,252,0.31576067795615187
2018-06-22,TTE,BP,252,0.3392364165722822
2018-06-25,TTE,BP,252,0.33453246629844996
2018-06-26,TTE,BP,252,0.3264455968393009
2018-06-27,TTE,BP,252,0.33126396512171413
2018-06-28,TTE,BP,252,0.3261204821457593
2018-06-29,TTE,BP,252,0.326565614862468
2018-07-02,TTE,BP,252,0.3228306360350986
2018-07-03,TTE,BP,252,0.32681746163899206
2018-07-05,TTE,BP,252,0.33570830766522397
2018-07-06,TTE,BP,252,0.3358585207139518
2018-07-09,TTE,BP,252,0.3415225114319817
2018-07-10,TTE,BP,252,0.3432428552442439
2018-07-11,TTE,BP,252,0.3691859549056285
2018-07-12,TTE,BP,252,0.36342539779344263
2018-07-13,TTE,BP,252,0.3634377554277041
2018-07-16,TTE,BP,252,0.36775401860241785
2018-07-17,TTE,BP,252,0.3677343027147963
2018-07-18,TTE,BP,252,0.3724378754811454
2018-07-19,TTE,BP,252,0.371666883299476
2018-07-20,TTE,BP,252,0.371657722492597
2018-07-23,TTE,BP,252,0.36671444693626976
2018-07-24,TTE,BP,252,0.36325092217956456
2018-07-25,TTE,BP,252,0.3646357285886914
2018-07-26,TTE,BP,252,0.36419488263786726
2018-07-27,TTE,BP,252,0.36403061980335755
2018-07-30,TTE,BP,252,0.36423857689637174
2018-07-31,TTE,BP,252,0.36286974644984815
2018-08-01,TTE,BP,252,0.34559133994952834
2018-08-02,TTE,BP,252,0.34475348076453527
2018-08-03,TTE,BP,252,0.35795157419837725
2018-08-06,TTE,BP,252,0.3580504181984098
2018-08-07,TTE,BP,252,0.3578053439942366
2018-08-08,TTE,BP,252,0.35636634863003624
2018-08-09,TTE,BP,252,0.3592027694012814
2018-08-10,TTE,BP,252,0.3656683022561721
2018-08-13,TTE,BP,252,0.36657341079522493
2018-08-14,TTE,BP,252,0.3667520229565842
2018-08-15,TTE,BP,252,0.3846624385386618
2018-08-16,TTE,BP,252,0.38477343332772784
2018-08-17,TTE,BP,252,0.3847350901889182
2018-08-20,TTE,BP,252,0.38819949717867186
2018-08-21,TTE,BP,252,0.38856539566490533
2018-08-22,TTE,BP,252,0.3875683574498818
2018-08-23,TTE,BP,252,0.38763350561660415
2018-08-24,TTE,BP,252,0.386897569776914
2018-08-27,TTE,BP,252,0.38691675896053135
2018-08-28,TTE,BP,252,0.33546269352713276
2018-08-29,TTE,BP,252,0.3353606067847165
2018-08-30,TTE,BP,252,0.3352038977919043
2018-08-31,TTE,BP,252,0.33498645000764293
2018-09-04,TTE,BP,252,0.3340595807428629
2018-09-05,TTE,BP,252,0.33468389306360613
2018-09-06,TTE,BP,252,0.33466767402205816
2018-09-07,TTE,BP,252,0.33481684439203974
2018-09-10,TTE,BP,252,0.33029833876974796
2018-09-11,TTE,BP,252,0.33371705062980467
2018-09-12,TTE,BP,252,0.3332974423303267
2018-09-13,TTE,BP,252,0.33486017164664283
2018-09-14,TTE,BP,252,0.3353214970445172
2018-09-17,TTE,BP,252,0.335645563354574
2018-09-18,TTE,BP,252,0.3353686404232621
2018-09-19,TTE,BP,252,0.33524275719359986
2018-09-20,TTE,BP,252,0.33466280044461794
2018-09-21,TTE,BP,252,0.3354272781940686
2018-09-24,TTE,BP,252,0.3397235445990985
2018-09-25,TTE,BP,252,0.34110030294063926
2018-09-26,TTE,BP,252,0.3407294462370217
2018-09-27,TTE,BP,252,0.3399332724326247
2018-09-28,TTE,BP,252,0.33854402203088224
2018-10-01,TTE,BP,252,0.3374693701940225
2018-10-02,TTE,BP,252,0.33719544475301744
2018-10-03,TTE,BP,252,0.33782888203964717
2018-10-04,TTE,BP,252,0.33814173082740706
2018-10-05,TTE,BP,252,0.3380617530275083
2018-10-08,TTE,BP,252,0.34450945711913744
2018-10-09,TTE,BP,252,0.34379229244587783
2018-10-10,TTE,BP,252,0.3428653265238188
2018-10-11,TTE,BP,252,0.34445671894300617
2018-10-12,TTE,BP,252,0.3459527777960812
2018-10-15,TTE,BP,252,0.34594867196762497
2018-10-16,TTE,BP,252,0.34627815619517405
2018-10-17,TTE,BP,252,0.35030844345683426
2018-10-18,TTE,BP,252,0.34988406171226766
2018-10-19,TTE,BP,252,0.3441956089595557
2018-10-22,TTE,BP,252,0.34268789495079655
2018-10-23,TTE,BP,252,0.3479896620016968
2018-10-24,TTE,BP,252,0.356822522461258
2018-10-25,TTE,BP,252,0.3565118929184932
2018-10-26,TTE,BP,252,0.35400843806023924
2018-10-29,TTE,BP,252,0.3547445477344672
2018-10-30,TTE,BP,252,0.34825243042768433
2018-10-31,TTE,BP,252,0.3577605469002141
2018-11-01,TTE,BP,252,0.35672211048654073
2018-11-02,TTE,BP,252,0.36697289451481485
2018-11-05,TTE,BP,252,0.36456430354514496
2018-11-06,TTE,BP,252,0.366351714760214
2018-11-07,TTE,BP,252,0.3658782575021992
2018-11-08,TTE,BP,252,0.35448199435832667
2018-11-09,TTE,BP,252,0.3524670843281632
2018-11-12,TTE,BP,252,0.35387719291256564
2018-11-13,TTE,BP,252,0.3574003354650131
2018-11-14,TTE,BP,252,0.35624374784897755
2018-11-15,TTE,BP,252,0.3612876021012835
2018-11-16,TTE,BP,252,0.3613129903407271
2018-11-19,TTE,BP,252,0.3616181930197166
2018-11-20,TTE,BP,252,0.3667027916192528
2018-11-21,TTE,BP,252,0.36353669233407154
2018-11-23,TTE,BP,252,0.37210933275679725
2018-11-26,TTE,BP,252,0.37644001090450874
2018-11-27,TTE,BP,252,0.377815591568346
2018-11-28,TTE,BP,252,0.38059974435732497
2018-11-29,TTE,BP,252,0.38146623796028545
2018-11-30,TTE,BP,252,0.38189035595003545
2018-12-03,TTE,BP,252,0.38907928373760214
2018-12-04,TTE,BP,252,0.3898059455533449
2018-12-10,TTE,BP,252,0.3904412566070706
2018-12-11,TTE,BP,252,0.38985234385217227
2018-12-12,TTE,BP,252,0.3910458808434799
2018-12-13,TTE,BP,252,0.39206886631065296
2018-12-14,TTE,BP,252,0.38483334710506956
2018-12-17,TTE,BP,252,0.38604459700819366
2018-12-18,TTE,BP,252,0.38929311195933225
2018-12-19,TTE,BP,252,0.3828244372271554
2018-12-20,TTE,BP,252,0.38548375980508826
2018-12-21,TTE,BP,252,0.38661820425815085
2018-12-24,TTE,BP,252,0.3836492384941228
2018-12-26,TTE,BP,252,0.3813311390289029
2018-12-27,TTE,BP,252,0.3837113380770957
2018-12-28,TTE,BP,252,0.38361869298062956
2018-12-31,TTE,BP,252,0.3864640963941788
2019-01-02,TTE,BP,252,0.386919269011284
2019-01-03,TTE,BP,252,0.3880386811938583
2019-01-04,TTE,BP,252,0.4025230630270034
2019-01-07,TTE,BP,252,0.4024940601718498
2019-01-08,TTE,BP,252,0.4000703793424573
2019-01-09,TTE,BP,252,0.4015065177587807
2019-01-10,TTE,BP,252,0.39393707683070367
2019-01-11,TTE,BP,252,0.3958154269474003
2019-01-14,TTE,BP,252,0.3958451913042907
2019-01-15,TTE,BP,252,0.39544091467247505
2019-01-16,TTE,BP,252,0.39522069537151683
2019-01-17,TTE,BP,252,0.3917178455845949
2019-01-18,TTE,BP,252,0.40261566255106884
2019-01-22,TTE,BP,252,0.4077737808252747
2019-01-23,TTE,BP,252,0.4077705102379993
2019-01-24,TTE,BP,252,0.40831588587726286
2019-01-25,TTE,BP,252,0.4042708360344921
2019-01-28,TTE,BP,252,0.40356581679127235
2019-01-29,TTE,BP,252,0.4061752190409392
2019-01-30,TTE,BP,252,0.405742452751821
2019-01-31,TTE,BP,252,0.40764064462983685
2019-02-01,TTE,BP,252,0.4079889782912378
2019-02-04,TTE,BP,252,0.40808340752156785
2019-02-05,TTE,BP,252,0.41080649831158195
2019-02-06,TTE,BP,252,0.4113838840012297
2019-02-07,TTE,BP,252,0.42438262772947094
2019-02-08,TTE,BP,252,0.401676327555406
2019-02-11,TTE,BP,252,0.39997234542291227
2019-02-12,TTE,BP,252,0.4024147551788913
2019-02-13,TTE,BP,252,0.40063744106271804
2019-02-14,TTE,BP,252,0.40437417221783173
2019-02-15,TTE,BP,252,0.40572022221356463
2019-02-19,TTE,BP,252,0.40579755139009344
2019-02-20,TTE,BP,252,0.4059732626365478
2019-02-21,TTE,BP,252,0.4054458825636648
2019-02-22,TTE,BP,252,0.4054975516538902
2019-02-25,TTE,BP,252,0.4121819899786251
2019-02-26,TTE,BP,252,0.41355931985262173
2019-02-27,TTE,BP,252,0.41379365390765865
2019-02-28,TTE,BP,252,0.41572166718299447
2019-03-01,TTE,BP,252,0.41580163106167706
2019-03-04,TTE,BP,252,0.417621406891344
2019-03-05,TTE,BP,252,0.41887651656022434
2019-03-06,TTE,BP,252,0.41888360035240874
2019-03-07,TTE,BP,252,0.41597476148449825
2019-03-08,TTE,BP,252,0.41628159591979497
2019-03-11,TTE,BP,252,0.4143789057851022
2019-03-12,TTE,BP,252,0.41400504035686736
2019-03-13,TTE,BP,252,0.4095068045702911
2019-03-14,TTE,BP,252,0.41013651568171766
2019-03-19,TTE,BP,252,0.4097643753237111
2019-03-20,TTE,BP,252,0.40849611595444424
2019-03-21,TTE,BP,252,0.4098718976108354
2019-03-22,TTE,BP,252,0.4081752952895072
2019-03-25,TTE,BP,252,0.4052608251195563
2019-03-26,TTE,BP,252,0.4110519864257348
2019-03-27,TTE,BP,252,0.4212290160991713
2019-03-28,TTE,BP,252,0.4247905437455641
2019-03-29,TTE,BP,252,0.4272601555347633
2019-04-01,TTE,BP,252,0.42508692647496865
2019-04-02,TTE,BP,252,0.43023569814063073
2019-04-03,TTE,BP,252,0.43089509473240095
2019-04-04,TTE,BP,252,0.4307930531772827
2019-04-05,TTE,BP,252,0.43130776263619486
2019-04-08,TTE,BP,252,0.43138687795135156
2019-04-09,TTE,BP,252,0.4278384867591518
2019-04-10,TTE,BP,252,0.42812226914003926
2019-04-11,TTE,BP,252,0.4231149818173066
2019-04-12,TTE,BP,252,0.42375448006921373
2019-04-15,TTE,BP,252,0.4238011108933329
2019-04-18,TTE,BP,252,0.4220919797526861
2019-04-22,TTE,BP,252,0.42523607523543494
2019-04-23,TTE,BP,252,0.42522848490119997
2019-04-24,TTE,BP,252,0.4231412988985798
2019-04-25,TTE,BP,252,0.4232305124208959
2019-04-26,TTE,BP,252,0.42207745736493074
2019-04-29,TTE,BP,252,0.41353815397191995
2019-04-30,TTE,BP,252,0.41213539530978144
2019-05-01,TTE,BP,252,0.4110090938605417
2019-05-02,TTE,BP,252,0.4060122312408715
2019-05-03,TTE,BP,252,0.4057641413911877
2019-05-06,TTE,BP,252,0.4060929814370112
2019-05-07,TTE,BP,252,0.4137384459714148
2019-05-08,TTE,BP,252,0.4148755221082691
2019-05-09,TTE,BP,252,0.413282075902924
2019-05-10,TTE,BP,252,0.4136912051320768
2019-05-13,TTE,BP,252,0.4133683501801736
2019-05-14,TTE,BP,252,0.4131306641921483
2019-05-15,TTE,BP,252,0.4138398015692963
2019-05-16,TTE,BP,252,0.41343528212051245
2019-05-17,TTE,BP,252,0.4092332992456705
2019-05-20,TTE,BP,252,0.39953603539115595
2019-05-21,TTE,BP,252,0.40233254055722834
2019-05-22,TTE,BP,252,0.4018295970739423
2019-05-23,TTE,BP,252,0.4084225096562542
2019-05-24,TTE,BP,252,0.4082754291777839
2019-05-28,TTE,BP,252,0.4079870723639718
2019-05-29,TTE,BP,252,0.40898764182002734
2019-05-30,TTE,BP,252,0.4088247491610208
2019-05-31,TTE,BP,252,0.4087958522240115
2019-06-03,TTE,BP,252,0.40737100907737067
2019-06-06,TTE,BP,252,0.41108271808423
2019-06-07,TTE,BP,252,0.40773088452693357
2019-06-10,TTE,BP,252,0.4006403232435729
2019-06-11,TTE,BP,252,0.40343383361869617
2019-06-12,TTE,BP,252,0.3998488661649809
2019-06-13,TTE,BP,252,0.3996274169697725
2019-06-14,TTE,BP,252,0.40069941722053337
2019-06-17,TTE,BP,252,0.39723966110632447
2019-06-18,TTE,BP,252,0.39629639253391863
2019-06-19,TTE,BP,252,0.3966424974155383
2019-06-20,TTE,BP,252,0.3938592799453175
2019-06-21,TTE,BP,252,0.3928587356036632
2019-06-24,TTE,BP,252,0.3866404076461326
2019-06-25,TTE,BP,252,0.3795328519099086
2019-06-26,TTE,BP,252,0.37942946546160555
2019-06-27,TTE,BP,252,0.3792736854054937
2019-06-28,TTE,BP,252,0.376962355561878
2019-07-01,TTE,BP,252,0.3773175418705168
2019-07-02,TTE,BP,252,0.3768846027832578
2019-07-03,TTE,BP,252,0.37655932011583787
2019-07-05,TTE,BP,252,0.3723243104521708
2019-07-08,TTE,BP,252,0.35678081498785946
2019-07-09,TTE,BP,252,0.36230685965847653
2019-07-10,TTE,BP,252,0.3682078026309152
2019-07-11,TTE,BP,252,0.36400406544031916
2019-07-12,TTE,BP,252,0.36803232082670867
2019-07-15,TTE,BP,252,0.3626473750996101
2019-07-16,TTE,BP,252,0.36765084486927313
2019-07-17,TTE,BP,252,0.3720673488474538
2019-07-18,TTE,BP,252,0.370565108938404
2019-07-19,TTE,BP,252,0.3641851016690914
2019-07-22,TTE,BP,252,0.36117778245449284
2019-07-23,TTE,BP,252,0.359333976179853
2019-07-24,TTE,BP,252,0.341847156096739
2019-07-25,TTE,BP,252,0.3418614805043505
2019-07-26,TTE,BP,252,0.3418607021634749
2019-07-29,TTE,BP,252,0.3427666457376701
2019-07-30,TTE,BP,252,0.34045399619194966
2019-07-31,TTE,BP,252,0.34033557904923717
2019-08-01,TTE,BP,252,0.35081360405620104
2019-08-02,TTE,BP,252,0.35415512236258095
2019-08-05,TTE,BP,252,0.3650320723029606
2019-08-06,TTE,BP,252,0.36728032605554595
2019-08-07,TTE,BP,252,0.36654004977743143
2019-08-08,TTE,BP,252,0.36768786451015445
2019-08-09,TTE,BP,252,0.3670832109491768
2019-08-12,TTE,BP,252,0.3670227812655355
2019-08-13,TTE,BP,252,0.3693057833161868
2019-08-14,TTE,BP,252,0.3847739243949159
2019-08-15,TTE,BP,252,0.38723229952158605
2019-08-20,TTE,BP,252,0.38552380129023933
2019-08-21,TTE,BP,252,0.3852968686887017
2019-08-22,TTE,BP,252,0.3857810941509899
2019-08-23,TTE,BP,252,0.3853449541952965
2019-08-26,TTE,BP,252,0.3860978787398669
2019-08-27,TTE,BP,252,0.383452667198999
2019-08-28,TTE,BP,252,0.3835132866125064
2019-08-29,TTE,BP,252,0.38358641189690124
2019-08-30,TTE,BP,252,0.3694734967601815
2019-09-03,TTE,BP,252,0.3695611608679364
2019-09-04,TTE,BP,252,0.3718377527488311
2019-09-05,TTE,BP,252,0.36803237229169566
2019-09-06,TTE,BP,252,0.36802843199895807
2019-09-09,TTE,BP,252,0.3687308517291233
2019-09-10,TTE,BP,252,0.36836284840905886
2019-09-11,TTE,BP,252,0.36640010263866896
2019-09-12,TTE,BP,252,0.3668524974820457
2019-09-13,TTE,BP,252,0.4067287858124625
2019-09-16,TTE,BP,252,0.4131643851192716
2019-09-17,TTE,BP,252,0.41065819885964955
2019-09-18,TTE,BP,252,0.41077392724484074
2019-09-19,TTE,BP,252,0.4142884253647234
2019-09-20,TTE,BP,252,0.41400635686811615
2019-09-23,TTE,BP,252,0.4148707414534903
2019-09-24,TTE,BP,252,0.41338789061165754
2019-09-25,TTE,BP,252,0.4184971934050914
2019-09-26,TTE,BP,252,0.41436662388592344
2019-09-27,TTE,BP,252,0.4149591373742585
2019-09-30,TTE,BP,252,0.40459231383220673
2019-10-01,TTE,BP,252,0.40493619051603086
2019-10-02,TTE,BP,252,0.4000970672786117
2019-10-03,TTE,BP,252,0.3947101962089346
2019-10-04,TTE,BP,252,0.39936548037666014
2019-10-07,TTE,BP,252,0.4001945069416919
2019-10-08,TTE,BP,252,0.3999775713632935
2019-10-09,TTE,BP,252,0.3963934834607778
2019-10-10,TTE,BP,252,0.39255247416348044
2019-10-11,TTE,BP,252,0.39469852625782265
2019-10-14,TTE,BP,252,0.3955358649204469
2019-10-15,TTE,BP,252,0.3970796016815025
2019-10-16,TTE,BP,252,0.3981597330074741
2019-10-17,TTE,BP,252,0.39957984223577164
2019-10-18,TTE,BP,252,0.39928381877580343
2019-10-21,TTE,BP,252,0.3969003352166438
2019-10-22,TTE,BP,252,0.3981092550604763
2019-10-23,TTE,BP,252,0.39060480057869906
2019-10-24,TTE,BP,252,0.39065926562781006
2019-10-25,TTE,BP,252,0.3920090747073083
2019-10-28,TTE,BP,252,0.38697693939624384
2019-10-29,TTE,BP,252,0.38497831406442756
2019-10-30,TTE,BP,252,0.384232273006353
2019-10-31,TTE,BP,252,0.3869538527678463
2019-11-01,TTE,BP,252,0.3831764645038241
2019-11-04,TTE,BP,252,0.3891693834228659
2019-11-05,TTE,BP,252,0.3943843210627335
2019-11-06,TTE,BP,252,0.3859044797356574
2019-11-07,TTE,BP,252,0.3803927251850958
2019-11-08,TTE,BP,252,0.37265130680593944
2019-11-11,TTE,BP,252,0.3737973840964688
2019-11-12,TTE,BP,252,0.3752292138900468
2019-11-13,TTE,BP,252,0.3750968812774602
2019-11-14,TTE,BP,252,0.37922877957705364
2019-11-15,TTE,BP,252,0.3698484290246488
2019-11-18,TTE,BP,252,0.37121857989381696
2019-11-19,TTE,BP,252,0.36157635617036676
2019-11-20,TTE,BP,252,0.36488568083998024
2019-11-21,TTE,BP,252,0.364862932023836
2019-11-22,TTE,BP,252,0.3654971424663392
2019-11-25,TTE,BP,252,0.3781211148906449
2019-11-26,TTE,BP,252,0.38185756449647035
2019-11-27,TTE,BP,252,0.3809505844703334
2019-11-29,TTE,BP,252,0.37409315145685484
2019-12-02,TTE,BP,252,0.3751272218121606
2019-12-03,TTE,BP,252,0.3761449094492872
2019-12-04,TTE,BP,252,0.3762071182865704
2019-12-05,TTE,BP,252,0.36558982147573554
2019-12-06,TTE,BP,252,0.3621179389930045
2019-12-09,TTE,BP,252,0.3671483321418979
2019-12-10,TTE,BP,252,0.3533429239467225
2019-12-11,TTE,BP,252,0.3505731571389044
2019-12-12,TTE,BP,252,0.3489207696161829
2019-12-13,TTE,BP,252,0.34560985910740744
2019-12-16,TTE,BP,252,0.3518130943825551
2019-12-17,TTE,BP,252,0.352444254644209
2019-12-18,TTE,BP,252,0.34222819592863113
2019-12-19,TTE,BP,252,0.34119208641680665
2019-12-20,TTE,BP,252,0.3405979816182176
2019-12-23,TTE,BP,252,0.338948476166073
2019-12-24,TTE,BP,252,0.3388967614363896
2019-12-26,TTE,BP,252,0.3374930423453976
2019-12-27,TTE,BP,252,0.3462716309115058
2019-12-30,TTE,BP,252,0.3424299603383973
2019-12-31,TTE,BP,252,0.33166624347659496
2020-01-02,TTE,BP,252,0.3369707023152219
2020-01-03,TTE,BP,252,0.3363654810175753
2020-01-06,TTE,BP,252,0.34156427086990115
2020-01-07,TTE,BP,252,0.34511104230084655
2020-01-08,TTE,BP,252,0.3455520123924692
2020-01-09,TTE,BP,252,0.3419860757989813
2020-01-10,TTE,BP,252,0.34072854025390065
2020-01-13,TTE,BP,252,0.3407902372723565
2020-01-14,TTE,BP,252,0.3429637574126393
2020-01-15,TTE,BP,252,0.3421779587773721
2020-01-16,TTE,BP,252,0.31683537444493853
2020-01-17,TTE,BP,252,0.317502713092962
2020-01-21,TTE,BP,252,0.3183054168295192
2020-01-22,TTE,BP,252,0.3170475505273978
2020-01-23,TTE,BP,252,0.3282251474642403
2020-01-24,TTE,BP,252,0.32413804083784853
2020-01-27,TTE,BP,252,0.3326766374085339
2020-01-28,TTE,BP,252,0.33325739981792524
2020-01-29,TTE,BP,252,0.3341475468187945
2020-02-03,TTE,BP,252,0.34348922086053735
2020-02-04,TTE,BP,252,0.3619429444386381
2020-02-05,TTE,BP,252,0.34994331355289043
2020-02-06,TTE,BP,252,0.3412215006052989
2020-02-07,TTE,BP,252,0.34339914787529957
2020-02-10,TTE,BP,252,0.34936771745410855
2020-02-11,TTE,BP,252,0.3466522989808965
2020-02-12,TTE,BP,252,0.3422254908802614
2020-02-13,TTE,BP,252,0.3425647216803563
2020-02-14,TTE,BP,252,0.33895172318789224
2020-02-18,TTE,BP,252,0.33909133484600196
2020-02-19,TTE,BP,252,0.3389737251726594
2020-02-20,TTE,BP,252,0.33558400590402687
2020-02-21,TTE,BP,252,0.3360441096028184
2020-02-24,TTE,BP,252,0.36373710561319195
2020-02-25,TTE,BP,252,0.3572641066613806
2020-02-26,TTE,BP,252,0.3571497642771736
2020-02-27,TTE,BP,252,0.3554169915656759
2020-02-28,TTE,BP,252,0.35591732527847536
2020-03-02,TTE,BP,252,0.3367470981794002
2020-03-03,TTE,BP,252,0.3380066530042709
2020-03-04,TTE,BP,252,0.3679846314105012
2020-03-05,TTE,BP,252,0.3741766943742285
2020-03-06,TTE,BP,252,0.36534417759212595
2020-03-09,TTE,BP,252,0.6808026218246965
2020-03-10,TTE,BP,252,0.6905709105382423
2020-03-11,TTE,BP,252,0.7063849197967474
2020-03-12,TTE,BP,252,0.7549777188712522
2020-03-13,TTE,BP,252,0.7422633235256935
2020-03-16,TTE,BP,252,0.707380001424754
2020-03-17,TTE,BP,252,0.6976115651944679
2020-03-18,TTE,BP,252,0.7387917240632615
2020-03-19,TTE,BP,252,0.7183249342818251
2020-03-20,TTE,BP,252,0.708828183872147
2020-03-23,TTE,BP,252,0.7138862666452814
2020-03-24,TTE,BP,252,0.7357127765544614
2020-03-25,TTE,BP,252,0.7466977221878653
2020-03-26,TTE,BP,252,0.74771134101706
2020-03-27,TTE,BP,252,0.7337744771117334
2020-03-30,TTE,BP,252,0.7318529528385741
2020-03-31,TTE,BP,252,0.7330164029055909
2020-04-01,TTE,BP,252,0.732947178774255
2020-04-02,TTE,BP,252,0.7320766519856666
2020-04-03,TTE,BP,252,0.7349089626905895
2020-04-06,TTE,BP,252,0.7346881744548911
2020-04-07,TTE,BP,252,0.7319343000885752
2020-04-08,TTE,BP,252,0.7320632292345337
2020-04-09,TTE,BP,252,0.7322936114233938
2020-04-13,TTE,BP,252,0.7328677514302625
2020-04-14,TTE,BP,252,0.7327782285455328
2020-04-15,TTE,BP,252,0.7359746127889489
2020-04-16,TTE,BP,252,0.7365433635466646
2020-04-17,TTE,BP,252,0.7414710835127793
2020-04-20,TTE,BP,252,0.7443080043227742
2020-04-21,TTE,BP,252,0.7433462709827975
2020-04-22,TTE,BP,252,0.7389856737505012
2020-04-23,TTE,BP,252,0.7389899869952001
2020-04-24,TTE,BP,252,0.727773224858202
2020-04-27,TTE,BP,252,0.7195391807982143
2020-04-28,TTE,BP,252,0.719524824081208
2020-04-29,TTE,BP,252,0.7154667619496319
2020-04-30,TTE,BP,252,0.7135771742653382
2020-05-01,TTE,BP,252,0.7104450328980401
2020-05-04,TTE,BP,252,0.706821850634717
2020-05-05,TTE,BP,252,0.7081563037199012
2020-05-06,TTE,BP,252,0.7102382407482741
2020-05-07,TTE,BP,252,0.7100445102310521
2020-05-08,TTE,BP,252,0.710769851075786
2020-05-11,TTE,BP,252,0.7109511291127496
2020-05-12,TTE,BP,252,0.7114076465508944
2020-05-13,TTE,BP,252,0.7124143934339824
2020-05-14,TTE,BP,252,0.7133135854057665
2020-05-15,TTE,BP,252,0.713070186435063
2020-05-18,TTE,BP,252,0.7059813126950923
2020-05-19,TTE,BP,252,0.6966213037251154
2020-05-20,TTE,BP,252,0.6974429963046158
2020-05-21,TTE,BP,252,0.6974298828832433
2020-05-22,TTE,BP,252,0.6971449143399686
2020-05-26,TTE,BP,252,0.6971457533117178
2020-05-27,TTE,BP,252,0.6977795567944948
2020-05-28,TTE,BP,252,0.6956443791158377
2020-05-29,TTE,BP,252,0.6956939616225692
2020-06-01,TTE,BP,252,0.6951513170068021
2020-06-02,TTE,BP,252,0.6974316652573153
2020-06-03,TTE,BP,252,0.6986187710722881
2020-06-04,TTE,BP,252,0.6985961769356667
2020-06-05,TTE,BP,252,0.7029554315110697
2020-06-08,TTE,BP,252,0.7022648366014947
2020-06-09,TTE,BP,252,0.703934586465155
2020-06-10,TTE,BP,252,0.7026525757436789
2020-06-11,TTE,BP,252,0.707298337743445
2020-06-12,TTE,BP,252,0.7026616125934426
2020-06-15,TTE,BP,252,0.6992045219539506
2020-06-16,TTE,BP,252,0.698680753438773
2020-06-17,TTE,BP,252,0.6974931796737972
2020-06-18,TTE,BP,252,0.6975206100774961
2020-06-19,TTE,BP,252,0.697431525598576
2020-06-22,TTE,BP,252,0.6977114524824514
2020-06-23,TTE,BP,252,0.6964756494340334
2020-06-24,TTE,BP,252,0.6944656705039006
2020-06-25,TTE,BP,252,0.6945452815465257
2020-06-26,TTE,BP,252,0.6956373498234787
2020-06-29,TTE,BP,252,0.6979002954854338
2020-06-30,TTE,BP,252,0.6968144422657
2020-07-01,TTE,BP,252,0.6968629731179583
2020-07-02,TTE,BP,252,0.6956524401202647
2020-07-06,TTE,BP,252,0.6947098678661674
2020-07-07,TTE,BP,252,0.6924595942137133
2020-07-08,TTE,BP,252,0.6924287280657114
2020-07-09,TTE,BP,252,0.6943403584715502
2020-07-10,TTE,BP,252,0.6943297620468395
2020-07-13,TTE,BP,252,0.6943340077833308
2020-07-14,TTE,BP,252,0.695126881870448
2020-07-15,TTE,BP,252,0.6954908152395284
2020-07-16,TTE,BP,252,0.6954478399948546
2020-07-17,TTE,BP,252,0.6955253581085415
2020-07-20,TTE,BP,252,0.6964157947115048
2020-07-21,TTE,BP,252,0.6938775304970128
2020-07-22,TTE,BP,252,0.6942337709454044
2020-07-23,TTE,BP,252,0.6931886512435405
2020-07-24,TTE,BP,252,0.6943373366974581
2020-07-27,TTE,BP,252,0.6940536360559924
2020-07-28,TTE,BP,252,0.6929026508495867
2020-07-29,TTE,BP,252,0.6923874124804653
2020-07-30,TTE,BP,252,0.6912965735473414
2020-07-31,TTE,BP,252,0.6915211129589044
2020-08-03,TTE,BP,252,0.6916436264242636
2020-08-04,TTE,BP,252,0.6902739152737016
2020-08-05,TTE,BP,252,0.6904378838491714
2020-08-06,TTE,BP,252,0.688669452290274
2020-08-07,TTE,BP,252,0.6886323352062261
2020-08-10,TTE,BP,252,0.6875165481402409
2020-08-11,TTE,BP,252,0.6874985501601814
2020-08-12,TTE,BP,252,0.6879814146409412
2020-08-13,TTE,BP,252,0.6881652154393679
2020-08-14,TTE,BP,252,0.6878749395297972
2020-08-17,TTE,BP,252,0.6877617419831207
2020-08-18,TTE,BP,252,0.6849451199835981
2020-08-19,TTE,BP,252,0.6851042942622982
2020-08-20,TTE,BP,252,0.6855187610532408
2020-08-21,TTE,BP,252,0.685233950928949
2020-08-24,TTE,BP,252,0.685084175729716
2020-08-25,TTE,BP,252,0.6845510860429117
2020-08-26,TTE,BP,252,0.6843030905214804
2020-08-27,TTE,BP,252,0.684377930542737
2020-08-28,TTE,BP,252,0.6842836838856812
2020-08-31,TTE,BP,252,0.6825722119358841
2020-09-01,TTE,BP,252,0.6824684693090516
2020-09-02,TTE,BP,252,0.6822498176757698
2020-09-03,TTE,BP,252,0.6818958280476902
2020-09-04,TTE,BP,252,0.6816255241138124
2020-09-08,TTE,BP,252,0.681300361239503
2020-09-09,TTE,BP,252,0.6807190471053779
2020-09-10,TTE,BP,252,0.6803452106434655
2020-09-11,TTE,BP,252,0.6805439247114632
2020-09-14,TTE,BP,252,0.6803904639284777
2020-09-15,TTE,BP,252,0.6800481117849358
2020-09-16,TTE,BP,252,0.6797159370072948
2020-09-17,TTE,BP,252,0.6787615226628159
2020-09-18,TTE,BP,252,0.678861287335101
2020-09-21,TTE,BP,252,0.678376754441047
2020-09-22,TTE,BP,252,0.6724386024209261
2020-09-23,TTE,BP,252,0.6720296450160965
2020-09-24,TTE,BP,252,0.6719004768517493
2020-09-25,TTE,BP,252,0.6718735913783175
2020-09-28,TTE,BP,252,0.6715036965401782
2020-09-29,TTE,BP,252,0.6711468520434394
2020-09-30,TTE,BP,252,0.6667244343687265
2020-10-01,TTE,BP,252,0.6689676848735917
2020-10-02,TTE,BP,252,0.6678607716044296
2020-10-05,TTE,BP,252,0.6690988980795177
2020-10-06,TTE,BP,252,0.6704819649574704
2020-10-07,TTE,BP,252,0.6696432059005257
2020-10-08,TTE,BP,252,0.6687906489239924
2020-10-09,TTE,BP,252,0.6667453719127944
2020-10-12,TTE,BP,252,0.6666706829778195
2020-10-13,TTE,BP,252,0.6657856544572803
2020-10-14,TTE,BP,252,0.6644171249809607
2020-10-15,TTE,BP,252,0.6635342586052968
2020-10-16,TTE,BP,252,0.6632706648695016
2020-10-19,TTE,BP,252,0.6627443352876105
2020-10-20,TTE,BP,252,0.6623777331579661
2020-10-21,TTE,BP,252,0.6608483368993755
2020-10-22,TTE,BP,252,0.660357966523096
2020-10-23,TTE,BP,252,0.6596538434567663
2020-10-26,TTE,BP,252,0.6599344319470365
2020-10-27,TTE,BP,252,0.6606525351057279
2020-10-28,TTE,BP,252,0.6616394275544631
2020-10-29,TTE,BP,252,0.6597967521644905
2020-10-30,TTE,BP,252,0.6607930839088806
2020-11-02,TTE,BP,252,0.6628384463875844
2020-11-03,TTE,BP,252,0.6604767085189976
2020-11-04,TTE,BP,252,0.6588785096534028
2020-11-05,TTE,BP,252,0.657950818594129
2020-11-06,TTE,BP,252,0.6575687635423333
2020-11-09,TTE,BP,252,0.6723237333468377
2020-11-10,TTE,BP,252,0.6739457345445139
2020-11-11,TTE,BP,252,0.6737181022843124
2020-11-12,TTE,BP,252,0.6747370067128576
2020-11-13,TTE,BP,252,0.6760490442063357
2020-11-16,TTE,BP,252,0.6777779036244458
2020-11-17,TTE,BP,252,0.6780455681755719
2020-11-18,TTE,BP,252,0.6763268234408776
2020-11-19,TTE,BP,252,0.6737577300416838
2020-11-20,TTE,BP,252,0.6735683559938824
2020-11-23,TTE,BP,252,0.6756334745103718
2020-11-24,TTE,BP,252,0.6768290964881091
2020-11-25,TTE,BP,252,0.6764832034229838
2020-11-27,TTE,BP,252,0.675739658460285
2020-11-30,TTE,BP,252,0.6775332601307683
2020-12-01,TTE,BP,252,0.6766077760587517
2020-12-02,TTE,BP,252,0.6761175313283595
2020-12-03,TTE,BP,252,0.6757638823430706
2020-12-04,TTE,BP,252,0.6767817216128869
2020-12-07,TTE,BP,252,0.677015905351784
2020-12-08,TTE,BP,252,0.6781242963290567
2020-12-09,TTE,BP,252,0.6778366037307055
2020-12-10,TTE,BP,252,0.6782062872476611
2020-12-11,TTE,BP,252,0.6784523365206112
2020-12-14,TTE,BP,252,0.6791363183947257
2020-12-15,TTE,BP,252,0.6785966781306245
2020-12-16,TTE,BP,252,0.6785799492584318
2020-12-17,TTE,BP,252,0.6778238994796573
2020-12-18,TTE,BP,252,0.6778244380916831
2020-12-21,TTE,BP,252,0.6790244737156327
2020-12-22,TTE,BP,252,0.676112906181768
2020-12-23,TTE,BP,252,0.6767339701462605
2020-12-24,TTE,BP,252,0.6749874516281675
2020-12-28,TTE,BP,252,0.6693850310259966
2020-12-29,TTE,BP,252,0.6685435581141108
2020-12-30,TTE,BP,252,0.6672115108097495
2020-12-31,TTE,BP,252,0.6619924797491593
2021-01-04,TTE,BP,252,0.6585405150844316
2021-01-05,TTE,BP,252,0.6542933751373707
2021-01-06,TTE,BP,252,0.6565289230590204
2021-01-07,TTE,BP,252,0.6565326317138791
2021-01-08,TTE,BP,252,0.6561388752324057
2021-01-11,TTE,BP,252,0.6562306903159092
2021-01-12,TTE,BP,252,0.655965844680781
2021-01-13,TTE,BP,252,0.6562250814743805
2021-01-14,TTE,BP,252,0.656768685559457
2021-01-15,TTE,BP,252,0.6566977938145009
2021-01-19,TTE,BP,252,0.6562358776350053
2021-01-20,TTE,BP,252,0.656182380558458
2021-01-21,TTE,BP,252,0.6565221314008644
2021-01-22,TTE,BP,252,0.656543689534666
2021-01-25,TTE,BP,252,0.6575539215360207
2021-01-26,TTE,BP,252,0.6562559939568846
2021-01-27,TTE,BP,252,0.6566345973541681
2021-01-28,TTE,BP,252,0.6560367850725819
2021-01-29,TTE,BP,252,0.6557529339968049
2021-02-01,TTE,BP,252,0.655730118840225
2021-02-02,TTE,BP,252,0.6495166212641985
2021-02-03,TTE,BP,252,0.64398589278284
2021-02-04,TTE,BP,252,0.6456396876558718
2021-02-05,TTE,BP,252,0.6443277242073069
2021-02-08,TTE,BP,252,0.6448178578321353
2021-02-09,TTE,BP,252,0.6447848789637456
2021-02-10,TTE,BP,252,0.6451692780534467
2021-02-11,TTE,BP,252,0.6451882986128035
2021-02-12,TTE,BP,252,0.6451492592893755
2021-02-16,TTE,BP,252,0.6463496465365306
2021-02-17,TTE,BP,252,0.6455090006379995
2021-02-18,TTE,BP,252,0.6446454983266912
2021-02-19,TTE,BP,252,0.6450200688802412
2021-02-22,TTE,BP,252,0.6455015505018733
2021-02-23,TTE,BP,252,0.6434655634550848
2021-02-24,TTE,BP,252,0.6455314555158935
2021-02-25,TTE,BP,252,0.646209887429137
2021-02-26,TTE,BP,252,0.6466324291007688
2021-03-01,TTE,BP,252,0.646673817299618
2021-03-02,TTE,BP,252,0.6487852340142358
2021-03-03,TTE,BP,252,0.646482966501386
2021-03-04,TTE,BP,252,0.6451807021851825
2021-03-05,TTE,BP,252,0.6443974102488813
2021-03-08,TTE,BP,252,0.6454367916216607
2021-03-09,TTE,BP,252,0.607976117845009
2021-03-10,TTE,BP,252,0.6047949961779909
2021-03-11,TTE,BP,252,0.5990587202594554
2021-03-12,TTE,BP,252,0.5782309636282427
2021-03-15,TTE,BP,252,0.5821929398084187
2021-03-16,TTE,BP,252,0.5913908843515877
2021-03-17,TTE,BP,252,0.5942714873094564
2021-03-18,TTE,BP,252,0.5460660486520565
2021-03-19,TTE,BP,252,0.5546494987983553
2021-03-22,TTE,BP,252,0.5594555253569613
2021-03-23,TTE,BP,252,0.5436230722935496
2021-03-24,TTE,BP,252,0.49549330042315115
2021-03-25,TTE,BP,252,0.474582884254124
2021-03-26,TTE,BP,252,0.47555988416363926
2021-03-29,TTE,BP,252,0.48398230997661856
2021-03-30,TTE,BP,252,0.4813204631433941
2021-03-31,TTE,BP,252,0.48081091717509755
2021-04-01,TTE,BP,252,0.4784226035702564
2021-04-05,TTE,BP,252,0.47178083741434895
2021-04-06,TTE,BP,252,0.4535417199327471
2021-04-07,TTE,BP,252,0.45424058531529043
2021-04-08,TTE,BP,252,0.45797802938176824
2021-04-09,TTE,BP,252,0.45807737092458706
2021-04-12,TTE,BP,252,0.4565181280839291
2021-04-13,TTE,BP,252,0.45562280776713576
2021-04-14,TTE,BP,252,0.4531393317608937
2021-04-15,TTE,BP,252,0.44176148020365724
2021-04-16,TTE,BP,252,0.4377900706278674
2021-04-19,TTE,BP,252,0.42493033826681736
2021-04-20,TTE,BP,252,0.41731320547647294
2021-04-21,TTE,BP,252,0.4172417143445399
2021-04-22,TTE,BP,252,0.41805882187398696
2021-04-23,TTE,BP,252,0.4181337868616293
2021-04-26,TTE,BP,252,0.4260941107814762
2021-04-27,TTE,BP,252,0.4355657378329382
2021-04-28,TTE,BP,252,0.4373891028089714
2021-04-29,TTE,BP,252,0.44083052628098107
2021-04-30,TTE,BP,252,0.43986125902813394
2021-05-03,TTE,BP,252,0.4451330868207182
2021-05-04,TTE,BP,252,0.4492685809386415
2021-05-05,TTE,BP,252,0.4485971443474772
2021-05-06,TTE,BP,252,0.44746799585928343
2021-05-07,TTE,BP,252,0.44798861008442037
2021-05-10,TTE,BP,252,0.44613072615658356
2021-05-11,TTE,BP,252,0.4496374172652252
2021-05-12,TTE,BP,252,0.44803419844072573
2021-05-13,TTE,BP,252,0.4446261929429942
2021-05-14,TTE,BP,252,0.4462890224271242
2021-05-17,TTE,BP,252,0.43573068378644936
2021-05-18,TTE,BP,252,0.4411419762410009
2021-05-19,TTE,BP,252,0.4530340547726548
2021-05-20,TTE,BP,252,0.45172907235550464
2021-05-21,TTE,BP,252,0.45160042087065144
2021-05-24,TTE,BP,252,0.4496641132383545
2021-05-25,TTE,BP,252,0.44858959211370636
2021-05-26,TTE,BP,252,0.44811312840593975
2021-05-27,TTE,BP,252,0.45081316372377045
2021-05-28,TTE,BP,252,0.4506781632039308
2021-06-01,TTE,BP,252,0.44338362137747483
2021-06-02,TTE,BP,252,0.4340798397294746
2021-06-03,TTE,BP,252,0.43104916928858245
2021-06-04,TTE,BP,252,0.4281890509450456
2021-06-07,TTE,BP,252,0.4148485962490599
2021-06-08,TTE,BP,252,0.41671050473522947
2021-06-09,TTE,BP,252,0.4107119851261507
2021-06-10,TTE,BP,252,0.4110867072319175
2021-06-11,TTE,BP,252,0.39158720542452924
2021-06-14,TTE,BP,252,0.39779362619422687
2021-06-15,TTE,BP,252,0.40311416458275706
2021-06-16,TTE,BP,252,0.40462478457756695
2021-06-17,TTE,BP,252,0.4059410749662574
2021-06-18,TTE,BP,252,0.4132736957375123
2021-06-21,TTE,BP,252,0.4172309567448127
2021-06-22,TTE,BP,252,0.4171226957167429
2021-06-23,TTE,BP,252,0.4082210872676939
2021-06-24,TTE,BP,252,0.4102559585899068
2021-06-25,TTE,BP,252,0.41066353200971584
2021-06-28,TTE,BP,252,0.4102270323204032
2021-06-29,TTE,BP,252,0.4066951253620569
2021-06-30,TTE,BP,252,0.4070039998408243
2021-07-01,TTE,BP,252,0.40321428649092567
2021-07-02,TTE,BP,252,0.4024417122927626
2021-07-06,TTE,BP,252,0.4044009324341303
2021-07-07,TTE,BP,252,0.408367311300905
2021-07-08,TTE,BP,252,0.40855569164289723
2021-07-09,TTE,BP,252,0.4023424035436501
2021-07-12,TTE,BP,252,0.40192635221616674
2021-07-13,TTE,BP,252,0.40206591078778214
2021-07-14,TTE,BP,252,0.4004014396956962
2021-07-15,TTE,BP,252,0.3981735511885609
2021-07-16,TTE,BP,252,0.4038109552432994
2021-07-19,TTE,BP,252,0.40692766108287
2021-07-20,TTE,BP,252,0.4061982466699196
2021-07-21,TTE,BP,252,0.40823065689012084
2021-07-22,TTE,BP,252,0.39953017106813266
2021-07-23,TTE,BP,252,0.400276758598713
2021-07-26,TTE,BP,252,0.40552288842183687
2021-07-27,TTE,BP,252,0.4051188807848649
2021-07-28,TTE,BP,252,0.4070458551851688
2021-07-29,TTE,BP,252,0.4073869831267197
2021-07-30,TTE,BP,252,0.40920910609287425
2021-08-02,TTE,BP,252,0.4082225274917721
2021-08-03,TTE,BP,252,0.4036316727451737
2021-08-04,TTE,BP,252,0.3976634927708735
2021-08-05,TTE,BP,252,0.39238047052677066
2021-08-06,TTE,BP,252,0.3950332276295584
2021-08-09,TTE,BP,252,0.3947063458197275
2021-08-10,TTE,BP,252,0.3971010294946657
2021-08-11,TTE,BP,252,0.39549760414608914
2021-08-12,TTE,BP,252,0.3928522077959082
2021-08-13,TTE,BP,252,0.39161732780334396
2021-08-16,TTE,BP,252,0.391625606347109
2021-08-17,TTE,BP,252,0.3907458975683948
2021-08-18,TTE,BP,252,0.3965404566020399
2021-08-19,TTE,BP,252,0.3974537993690172
2021-08-20,TTE,BP,252,0.39569010823721756
2021-08-23,TTE,BP,252,0.39743129486123024
2021-08-24,TTE,BP,252,0.39820674123278876
2021-08-25,TTE,BP,252,0.39824225290533394
2021-08-26,TTE,BP,252,0.4000413288137415
2021-08-27,TTE,BP,252,0.40150595482795703
2021-08-30,TTE,BP,252,0.4008330816824293
2021-08-31,TTE,BP,252,0.40433159169026
2021-09-01,TTE,BP,252,0.4039176202259867
2021-09-02,TTE,BP,252,0.40675962285706785
2021-09-03,TTE,BP,252,0.407062856686198
2021-09-07,TTE,BP,252,0.4072479333280993
2021-09-08,TTE,BP,252,0.4079817959581001
2021-09-09,TTE,BP,252,0.40880000522266013
2021-09-10,TTE,BP,252,0.4091635136050892
2021-09-13,TTE,BP,252,0.4062924262911054
2021-09-14,TTE,BP,252,0.3997530946307157
2021-09-15,TTE,BP,252,0.3997923765035595
2021-09-16,TTE,BP,252,0.4008628080614407
2021-09-17,TTE,BP,252,0.4023204029133125
2021-09-20,TTE,BP,252,0.40124534247178745
2021-09-21,TTE,BP,252,0.401068018435493
2021-09-22,TTE,BP,252,0.40743270584566166
2021-09-23,TTE,BP,252,0.40928729829476906
2021-09-24,TTE,BP,252,0.4090911260432711
2021-09-27,TTE,BP,252,0.41129457645648143
2021-09-28,TTE,BP,252,0.4119465201639167
2021-09-29,TTE,BP,252,0.4120705226648666
2021-09-30,TTE,BP,252,0.41886460536572834
2021-10-01,TTE,BP,252,0.4149102167386442
2021-10-04,TTE,BP,252,0.4154099743288457
2021-10-05,TTE,BP,252,0.4139657424835558
2021-10-06,TTE,BP,252,0.4157442754749496
2021-10-07,TTE,BP,252,0.4147671710192196
2021-10-08,TTE,BP,252,0.4183321357749074
2021-10-11,TTE,BP,252,0.42072956262161043
2021-10-12,TTE,BP,252,0.4194023660507802
2021-10-13,TTE,BP,252,0.419241901598492
2021-10-14,TTE,BP,252,0.419373088955748
2021-10-15,TTE,BP,252,0.4180350458348284
2021-10-18,TTE,BP,252,0.4173039893884082
2021-10-19,TTE,BP,252,0.4182957023546872
2021-10-20,TTE,BP,252,0.4178659427436744
2021-10-21,TTE,BP,252,0.4184287858123663
2021-10-22,TTE,BP,252,0.419281554466202
2021-10-25,TTE,BP,252,0.41876442673742037
2021-10-26,TTE,BP,252,0.4181089092853965
2021-10-27,TTE,BP,252,0.4134623668277276
2021-10-28,TTE,BP,252,0.4095462235646952
2021-10-29,TTE,BP,252,0.4144716992424759
2021-11-01,TTE,BP,252,0.41392459971915524
2021-11-02,TTE,BP,252,0.40716588733719467
2021-11-03,TTE,BP,252,0.4138674985316946
2021-11-04,TTE,BP,252,0.413680931178944
2021-11-05,TTE,BP,252,0.4139024513587299
2021-11-08,TTE,BP,252,0.4150749560156784
2021-11-09,TTE,BP,252,0.3632282579712745
2021-11-10,TTE,BP,252,0.35695044411569726
2021-11-11,TTE,BP,252,0.3569709108399228
2021-11-12,TTE,BP,252,0.35011954520738997
2021-11-15,TTE,BP,252,0.3469568393591409
2021-11-16,TTE,BP,252,0.33871753491735096
2021-11-17,TTE,BP,252,0.33762106289677557
2021-11-18,TTE,BP,252,0.3418231789678934
2021-11-19,TTE,BP,252,0.34481785256088043
2021-11-22,TTE,BP,252,0.3469465751770398
2021-11-23,TTE,BP,252,0.3384245367992057
2021-11-24,TTE,BP,252,0.3284667742082431
2021-11-26,TTE,BP,252,0.3372122914641041
2021-11-29,TTE,BP,252,0.33924481271002704
2021-11-30,TTE,BP,252,0.32462093576607953
2021-12-01,TTE,BP,252,0.3259340150573574
2021-12-02,TTE,BP,252,0.32986548209460864
2021-12-03,TTE,BP,252,0.33023409658295994
2021-12-06,TTE,BP,252,0.32732444300099534
2021-12-07,TTE,BP,252,0.3240500674879836
2021-12-08,TTE,BP,252,0.3243178863089029
2021-12-09,TTE,BP,252,0.3211497049921976
2021-12-10,TTE,BP,252,0.315067636099836
2021-12-13,TTE,BP,252,0.3088594421913527
2021-12-14,TTE,BP,252,0.3036632543352053
2021-12-15,TTE,BP,252,0.3042661229495838
2021-12-16,TTE,BP,252,0.30440516524139927
2021-12-17,TTE,BP,252,0.30820815545703834
2021-12-20,TTE,BP,252,0.3026570403928916
2021-12-21,TTE,BP,252,0.29591914162349514
2021-12-22,TTE,BP,252,0.3010656803322361
2021-12-23,TTE,BP,252,0.29805063932436554
2021-12-27,TTE,BP,252,0.29747577011759796
2021-12-28,TTE,BP,252,0.30541711695408347
2021-12-29,TTE,BP,252,0.3065173610122676
2021-12-30,TTE,BP,252,0.3071773302763983
2021-12-31,TTE,BP,252,0.31961147647366156
2022-01-03,TTE,BP,252,0.3274516413469182
2022-01-04,TTE,BP,252,0.33378238542140315
2022-01-05,TTE,BP,252,0.3200914988058556
2022-01-06,TTE,BP,252,0.32172927210727603
2022-01-07,TTE,BP,252,0.31370425927142587
2022-01-10,TTE,BP,252,0.311164814367748
2022-01-11,TTE,BP,252,0.3181022566844746
2022-01-12,TTE,BP,252,0.31725640354267837
2022-01-13,TTE,BP,252,0.3144300243599889
2022-01-14,TTE,BP,252,0.3051186019945641
2022-01-18,TTE,BP,252,0.30856322764866456
2022-01-19,TTE,BP,252,0.30807899668387423
2022-01-20,TTE,BP,252,0.3003669316868045
2022-01-21,TTE,BP,252,0.30502833313535177
2022-01-24,TTE,BP,252,0.298842460140066
2022-01-25,TTE,BP,252,0.2998032580355346
2022-01-26,TTE,BP,252,0.29704025457809347
2022-01-27,TTE,BP,252,0.2976120927560211
2022-01-28,TTE,BP,252,0.29810360948418774
2022-01-31,TTE,BP,252,0.2975796586444374
2022-02-01,TTE,BP,252,0.3096807378102869
2022-02-02,TTE,BP,252,0.31960718820912043
2022-02-03,TTE,BP,252,0.3156931139176953
2022-02-04,TTE,BP,252,0.31925419618828765
2022-02-07,TTE,BP,252,0.3146846118649663
2022-02-08,TTE,BP,252,0.3100876928070459
2022-02-09,TTE,BP,252,0.3102405402127116
2022-02-10,TTE,BP,252,0.3104793013172821
2022-02-11,TTE,BP,252,0.30910170626685884
2022-02-14,TTE,BP,252,0.3040371173813805
2022-02-15,TTE,BP,252,0.30185238420268345
2022-02-16,TTE,BP,252,0.3041450155876679
2022-02-17,TTE,BP,252,0.3019217951409825
2022-02-18,TTE,BP,252,0.30257511000412274
2022-02-22,TTE,BP,252,0.30920126941871723
2022-02-23,TTE,BP,252,0.30074443413006563
2022-02-24,TTE,BP,252,0.3203060697689644
2022-02-25,TTE,BP,252,0.3238700526594958
2022-02-28,TTE,BP,252,0.35269532264002346
2022-03-01,TTE,BP,252,0.35580662261716534
2022-03-02,TTE,BP,252,0.3827826501278078
2022-03-03,TTE,BP,252,0.38924497741344527
2022-03-04,TTE,BP,252,0.3957554916423998
2022-03-07,TTE,BP,252,0.39501009889975763
2022-03-08,TTE,BP,252,0.401211946014506
2022-03-09,TTE,BP,252,0.38833066692074875
2022-03-10,TTE,BP,252,0.3889035201822674
2022-03-11,TTE,BP,252,0.3926830495916056
2022-03-14,TTE,BP,252,0.3912017792742907
2022-03-15,TTE,BP,252,0.38624673309730384
2022-03-16,TTE,BP,252,0.388373784440427
2022-03-17,TTE,BP,252,0.37456115529846873
2022-03-18,TTE,BP,252,0.3704943650472905
2022-03-21,TTE,BP,252,0.37181793893879644
2022-03-22,TTE,BP,252,0.39202844136100135
2022-03-23,TTE,BP,252,0.3915214500981953
2022-03-24,TTE,BP,252,0.3901831309376169
2022-03-25,TTE,BP,252,0.39012541153841346
2022-03-28,TTE,BP,252,0.3883874081132989
2022-03-29,TTE,BP,252,0.39104655669286453
2022-03-30,TTE,BP,252,0.3911389939644047
2022-03-31,TTE,BP,252,0.3972997888781237
2022-04-01,TTE,BP,252,0.40461755493808027
2022-04-04,TTE,BP,252,0.42087593779972404
2022-04-05,TTE,BP,252,0.41993155399235343
2022-04-06,TTE,BP,252,0.41758863492854864
2022-04-07,TTE,BP,252,0.4152415446405088
2022-04-08,TTE,BP,252,0.4158728576357441
2022-04-11,TTE,BP,252,0.4034094470569511
2022-04-12,TTE,BP,252,0.39799996302188456
2022-04-13,TTE,BP,252,0.4010024995568072
2022-04-14,TTE,BP,252,0.40155837879157663
2022-04-18,TTE,BP,252,0.39975129258927466
2022-04-19,TTE,BP,252,0.395719751839725
2022-04-20,TTE,BP,252,0.3958458524538235
2022-04-21,TTE,BP,252,0.3955556744126498
2022-04-22,TTE,BP,252,0.4010776456425614
2022-04-25,TTE,BP,252,0.40398138487358776
2022-04-26,TTE,BP,252,0.40444392797346895
2022-04-27,TTE,BP,252,0.40057593473527253
2022-04-28,TTE,BP,252,0.40418437655653805
2022-04-29,TTE,BP,252,0.4003829697388449
2022-05-02,TTE,BP,252,0.39738995611394645
2022-05-03,TTE,BP,252,0.4006282646521241
2022-05-04,TTE,BP,252,0.39736664546608325
2022-05-05,TTE,BP,252,0.3971381218528988
2022-05-06,TTE,BP,252,0.40010550871273176
2022-05-09,TTE,BP,252,0.41527826277104984
2022-05-10,TTE,BP,252,0.41001821932945054
2022-05-11,TTE,BP,252,0.4107861896649164
2022-05-12,TTE,BP,252,0.411457150809463
2022-05-13,TTE,BP,252,0.4136868233646291
2022-05-16,TTE,BP,252,0.42497261440902967
2022-05-17,TTE,BP,252,0.4280906922448183
2022-05-18,TTE,BP,252,0.4286099185050398
2022-05-19,TTE,BP,252,0.4274014350308607
2022-05-20,TTE,BP,252,0.4270258206331167
2022-05-23,TTE,BP,252,0.43484537841858906
2022-05-24,TTE,BP,252,0.4369613857511082
2022-05-25,TTE,BP,252,0.437545550690813
2022-05-26,TTE,BP,252,0.43775149794090273
2022-05-27,TTE,BP,252,0.4376310770233857
2022-05-31,TTE,BP,252,0.4476019328873664
2022-06-01,TTE,BP,252,0.4500051890006893
2022-06-02,TTE,BP,252,0.4488290443128827
2022-06-03,TTE,BP,252,0.4517277742270024
2022-06-06,TTE,BP,252,0.45046091049614745
2022-06-07,TTE,BP,252,0.436834381877785
2022-06-08,TTE,BP,252,0.43668713101356116
2022-06-09,TTE,BP,252,0.43816232418653783
2022-06-10,TTE,BP,252,0.44224643705132105
2022-06-13,TTE,BP,252,0.43954396245630856
2022-06-14,TTE,BP,252,0.43952523396773135
2022-06-15,TTE,BP,252,0.438462004223827
2022-06-16,TTE,BP,252,0.44172535892731274
2022-06-17,TTE,BP,252,0.4438413251678931
2022-06-21,TTE,BP,252,0.43105369369161795
2022-06-22,TTE,BP,252,0.4370342730554782
2022-06-23,TTE,BP,252,0.44732046286733357
2022-06-24,TTE,BP,252,0.4488717751521544
2022-06-27,TTE,BP,252,0.4485114142739003
2022-06-28,TTE,BP,252,0.44105752829803624
2022-06-29,TTE,BP,252,0.4422050522786177
2022-06-30,TTE,BP,252,0.4436047334907302
2022-07-01,TTE,BP,252,0.4479935976774641
2022-07-05,TTE,BP,252,0.4541213113882057
2022-07-06,TTE,BP,252,0.450989930306986
2022-07-07,TTE,BP,252,0.4498234765553918
2022-07-08,TTE,BP,252,0.4488256946580922
2022-07-11,TTE,BP,252,0.44881512465952406
2022-07-12,TTE,BP,252,0.4462091489715016
2022-07-13,TTE,BP,252,0.44488783743199245
2022-07-14,TTE,BP,252,0.45079987926206044
2022-07-15,TTE,BP,252,0.4554866014562471
2022-07-18,TTE,BP,252,0.45338449440320516
2022-07-19,TTE,BP,252,0.4446277123731293
2022-07-20,TTE,BP,252,0.4439481064407581
2022-07-21,TTE,BP,252,0.4452405319887424
2022-07-22,TTE,BP,252,0.451485896775771
2022-07-25,TTE,BP,252,0.4544709648078484
2022-07-26,TTE,BP,252,0.44824362512206667
2022-07-27,TTE,BP,252,0.45311681452669644
2022-07-28,TTE,BP,252,0.45165042104067976
2022-07-29,TTE,BP,252,0.45713878332601815
2022-08-01,TTE,BP,252,0.4540844475559469
2022-08-02,TTE,BP,252,0.4519441919143716
2022-08-03,TTE,BP,252,0.4542457592061293
2022-08-04,TTE,BP,252,0.45467728347573444
2022-08-05,TTE,BP,252,0.45453924520686173
2022-08-08,TTE,BP,252,0.4559094127176878
2022-08-09,TTE,BP,252,0.4520930220735597
2022-08-10,TTE,BP,252,0.4505172398141421
2022-08-11,TTE,BP,252,0.4559429200904935
2022-08-12,TTE,BP,252,0.45730065839075756
2022-08-15,TTE,BP,252,0.4540683704427157
2022-08-16,TTE,BP,252,0.45454521675560977
2022-08-17,TTE,BP,252,0.44714940538401254
2022-08-18,TTE,BP,252,0.44792575489146924
2022-08-19,TTE,BP,252,0.4484278445294782
2022-08-22,TTE,BP,252,0.44990372146527796
2022-08-23,TTE,BP,252,0.445464486120989
2022-08-24,TTE,BP,252,0.4447458717512596
2022-08-25,TTE,BP,252,0.446441572032463
2022-08-26,TTE,BP,252,0.44533109246943137
2022-08-29,TTE,BP,252,0.4428555190169281
2022-08-30,TTE,BP,252,0.43563084483891057
2022-08-31,TTE,BP,252,0.43762804128973387
2022-09-01,TTE,BP,252,0.43825227127585636
2022-09-02,TTE,BP,252,0.4376274406836808
2022-09-06,TTE,BP,252,0.4372450568835118
2022-09-07,TTE,BP,252,0.4390730938123561
2022-09-08,TTE,BP,252,0.4385564905758459
2022-09-09,TTE,BP,252,0.44446943046141274
2022-09-12,TTE,BP,252,0.44234694246752093
2022-09-13,TTE,BP,252,0.4461910848305782
2022-09-14,TTE,BP,252,0.4534046229114957
2022-09-15,TTE,BP,252,0.45606394157127467
2022-09-16,TTE,BP,252,0.4573752466805812
2022-09-19,TTE,BP,252,0.4574226655338633
2022-09-20,TTE,BP,252,0.4583652191773806
2022-09-21,TTE,BP,252,0.4588782620581142
2022-09-22,TTE,BP,252,0.45931939277565687
2022-09-23,TTE,BP,252,0.480296624066055
2022-09-26,TTE,BP,252,0.4753818844174446
2022-09-27,TTE,BP,252,0.4734486165635676
2022-09-28,TTE,BP,252,0.47302890882357396
2022-09-29,TTE,BP,252,0.4731592247113415
2022-09-30,TTE,BP,252,0.4725737237881017
2022-10-03,TTE,BP,252,0.47799826071740875
2022-10-04,TTE,BP,252,0.4823885538810282
2022-10-05,TTE,BP,252,0.4816978623878603
2022-10-06,TTE,BP,252,0.48083379369504275
2022-10-07,TTE,BP,252,0.48233928166280704
2022-10-10,TTE,BP,252,0.47885337678207407
2022-10-11,TTE,BP,252,0.4820460627622816
2022-10-12,TTE,BP,252,0.4825053219360846
2022-10-13,TTE,BP,252,0.4893759970275617
2022-10-14,TTE,BP,252,0.4830072346682239
2022-10-17,TTE,BP,252,0.4836800977870002
2022-10-18,TTE,BP,252,0.48482072654921143
2022-10-19,TTE,BP,252,0.48480115679644425
2022-10-20,TTE,BP,252,0.48555666672258607
2022-10-21,TTE,BP,252,0.48916467701851146
2022-10-24,TTE,BP,252,0.48909900759005437
2022-10-25,TTE,BP,252,0.490091408394958
2022-10-26,TTE,BP,252,0.4906780705032233
2022-10-27,TTE,BP,252,0.4917960048524729
2022-10-28,TTE,BP,252,0.49063791113693245
2022-10-31,TTE,BP,252,0.488410904521504
2022-11-01,TTE,BP,252,0.48710782543194414
2022-11-02,TTE,BP,252,0.49052836663843913
2022-11-03,TTE,BP,252,0.4871448075248576
2022-11-04,TTE,BP,252,0.4900482117404801
2022-11-07,TTE,BP,252,0.4909896672886196
2022-11-08,TTE,BP,252,0.4919364304995627
2022-11-09,TTE,BP,252,0.49235327865699896
2022-11-10,TTE,BP,252,0.4937018173433651
2022-11-11,TTE,BP,252,0.49557725643252526
2022-11-14,TTE,BP,252,0.4949896152358659
2022-11-15,TTE,BP,252,0.49447020169638084
2022-11-16,TTE,BP,252,0.495344168114614
2022-11-17,TTE,BP,252,0.49366398069691175
2022-11-18,TTE,BP,252,0.49318495702757104
2022-11-21,TTE,BP,252,0.4933001221261555
2022-11-22,TTE,BP,252,0.4924440098632122
2022-11-23,TTE,BP,252,0.49246875025371434
2022-11-25,TTE,BP,252,0.49386011470927277
2022-11-28,TTE,BP,252,0.4904444812404886
2022-11-29,TTE,BP,252,0.4900160547781304
2022-11-30,TTE,BP,252,0.49221330050510537
2022-12-01,TTE,BP,252,0.49212391893951085
2022-12-02,TTE,BP,252,0.49126879918180655
2022-12-05,TTE,BP,252,0.4901500638758531
2022-12-06,TTE,BP,252,0.4894656384883095
2022-12-07,TTE,BP,252,0.49148892032074276
2022-12-08,TTE,BP,252,0.49110067575240346
2022-12-09,TTE,BP,252,0.4947733379786562
2022-12-12,TTE,BP,252,0.4954757685246238
2022-12-13,TTE,BP,252,0.5019818264818418
2022-12-14,TTE,BP,252,0.5021426593752781
2022-12-15,TTE,BP,252,0.5028860623837056
2022-12-16,TTE,BP,252,0.5034009778041927
2022-12-19,TTE,BP,252,0.5019121142064504
2022-12-20,TTE,BP,252,0.5071274415886255
2022-12-21,TTE,BP,252,0.5088158914963272
2022-12-22,TTE,BP,252,0.5083959466516113
2022-12-23,TTE,BP,252,0.5087340734972232
2022-12-27,TTE,BP,252,0.5087107398767002
2022-12-28,TTE,BP,252,0.5077108241669925
2022-12-29,TTE,BP,252,0.5073868675853713
2022-12-30,TTE,BP,252,0.5075004649540562
2023-01-03,TTE,BP,252,0.5098570675097659
2023-01-04,TTE,BP,252,0.5104306156077744
2023-01-05,TTE,BP,252,0.5131067575598228
2023-01-06,TTE,BP,252,0.512614505568714
2023-01-09,TTE,BP,252,0.5117486660809596
2023-01-10,TTE,BP,252,0.5197296536797218
2023-01-11,TTE,BP,252,0.5223282156748386
2023-01-12,TTE,BP,252,0.5190740887096676
2023-01-13,TTE,BP,252,0.5193302872717072
2023-01-17,TTE,BP,252,0.5194174648353911
2023-01-18,TTE,BP,252,0.5251248725841293
2023-01-19,TTE,BP,252,0.5234632140093041
2023-01-20,TTE,BP,252,0.5236778573147081
2023-01-23,TTE,BP,252,0.5283213623596229
2023-01-24,TTE,BP,252,0.5258645037815071
2023-01-25,TTE,BP,252,0.5246739238475088
2023-01-26,TTE,BP,252,0.5244536996920736
2023-01-27,TTE,BP,252,0.5263558982750477
2023-01-30,TTE,BP,252,0.5258071494715734
2023-01-31,TTE,BP,252,0.5240724064585174
2023-02-01,TTE,BP,252,0.5246719634738409
2023-02-02,TTE,BP,252,0.5292549627789652
2023-02-03,TTE,BP,252,0.5279737082752195
2023-02-06,TTE,BP,252,0.5303018083856448
2023-02-07,TTE,BP,252,0.5285150792561075
2023-02-08,TTE,BP,252,0.5278881052253543
2023-02-09,TTE,BP,252,0.527423960471874
2023-02-10,TTE,BP,252,0.530817930610643
2023-02-13,TTE,BP,252,0.5313374804980674
2023-02-14,TTE,BP,252,0.5328762807959474
2023-02-15,TTE,BP,252,0.5313563922556863
2023-02-16,TTE,BP,252,0.5356583429504986
2023-02-17,TTE,BP,252,0.5377962254301659
2023-02-21,TTE,BP,252,0.5363727313810718
2023-02-22,TTE,BP,252,0.5363888976550745
2023-02-23,TTE,BP,252,0.5356420556964863
2023-02-24,TTE,BP,252,0.5365936096574347
2023-02-27,TTE,BP,252,0.5276475508959606
2023-02-28,TTE,BP,252,0.5261596204269282
2023-03-01,TTE,BP,252,0.5102443096139482
2023-03-02,TTE,BP,252,0.5085579432865865
2023-03-03,TTE,BP,252,0.49378923660405105
2023-03-06,TTE,BP,252,0.4865523756111435
2023-03-07,TTE,BP,252,0.48289891781853705
2023-03-08,TTE,BP,252,0.48436578593491153
2023-03-09,TTE,BP,252,0.4780146365960163
2023-03-10,TTE,BP,252,0.49445421610309176
2023-03-13,TTE,BP,252,0.4983083476665936
2023-03-14,TTE,BP,252,0.4948733579363027
2023-03-15,TTE,BP,252,0.5057858651939522
2023-03-16,TTE,BP,252,0.5073311230922095
2023-03-17,TTE,BP,252,0.5051159466127814
2023-03-20,TTE,BP,252,0.5124890655857842
2023-03-21,TTE,BP,252,0.5192983384477634
2023-03-22,TTE,BP,252,0.51661175244859
2023-03-23,TTE,BP,252,0.5174172866107715
2023-03-24,TTE,BP,252,0.5126324041353112
2023-03-27,TTE,BP,252,0.5113614131215366
2023-03-28,TTE,BP,252,0.5137583443255007
2023-03-29,TTE,BP,252,0.5155894039798233
2023-03-30,TTE,BP,252,0.5153149482427546
2023-03-31,TTE,BP,252,0.5142463573840796
2023-04-03,TTE,BP,252,0.5203539716881223
2023-04-04,TTE,BP,252,0.5201786640911118
2023-04-05,TTE,BP,252,0.5188383331498173
2023-04-06,TTE,BP,252,0.516271164110612
2023-04-10,TTE,BP,252,0.5179869474024601
2023-04-11,TTE,BP,252,0.5188276954416603
2023-04-12,TTE,BP,252,0.5187816656566195
2023-04-13,TTE,BP,252,0.5348400005527012
2023-04-14,TTE,BP,252,0.5454180709040681
2023-04-17,TTE,BP,252,0.5449406857728109
2023-04-18,TTE,BP,252,0.5450452906576333
2023-04-19,TTE,BP,252,0.5485322509419389
2023-04-20,TTE,BP,252,0.5502481679537434
2023-04-21,TTE,BP,252,0.5503007431484936
2023-04-24,TTE,BP,252,0.5516259191958512
2023-04-25,TTE,BP,252,0.5481347185425227
2023-04-26,TTE,BP,252,0.5479604336289539
2023-04-27,TTE,BP,252,0.5476823358642092
2023-04-28,TTE,BP,252,0.549264051847618
2023-05-01,TTE,BP,252,0.5460467362972989
2023-05-02,TTE,BP,252,0.5599468065960674
2023-05-03,TTE,BP,252,0.5605531323514196
2023-05-04,TTE,BP,252,0.5597162813753738
2023-05-05,TTE,BP,252,0.5610260989271244
2023-05-08,TTE,BP,252,0.5622038052672331
2023-05-09,TTE,BP,252,0.5601077262936512
2023-05-10,TTE,BP,252,0.5472859370683608
2023-05-11,TTE,BP,252,0.547843409089345
2023-05-12,TTE,BP,252,0.546090428956187
2023-05-15,TTE,BP,252,0.5457315106879861
2023-05-16,TTE,BP,252,0.5413657501447312
2023-05-17,TTE,BP,252,0.5426048510153842
2023-05-18,TTE,BP,252,0.5412015408774347
2023-05-19,TTE,BP,252,0.5408004482069431
2023-05-22,TTE,BP,252,0.540577742588295
2023-05-23,TTE,BP,252,0.5415400880840797
2023-05-24,TTE,BP,252,0.5373331403630563
2023-05-25,TTE,BP,252,0.5394338098654047
2023-05-26,TTE,BP,252,0.5392504565120623
2023-05-30,TTE,BP,252,0.5403236899192525
2023-05-31,TTE,BP,252,0.5404735311485739
2023-06-01,TTE,BP,252,0.5427033684132588
2023-06-02,TTE,BP,252,0.5443239535905484
2023-06-05,TTE,BP,252,0.546501326410964
2023-06-06,TTE,BP,252,0.5473307639071429
2023-06-07,TTE,BP,252,0.5495440748328358
2023-06-08,TTE,BP,252,0.5636913691901717
2023-06-09,TTE,BP,252,0.5621645416560687
2023-06-12,TTE,BP,252,0.5648287767880837
2023-06-13,TTE,BP,252,0.5616272992750803
2023-06-14,TTE,BP,252,0.5657294128922843
2023-06-15,TTE,BP,252,0.565479038838906
2023-06-16,TTE,BP,252,0.5661407734141897
2023-06-20,TTE,BP,252,0.564040665220487
2023-06-21,TTE,BP,252,0.5550237572814797
2023-06-22,TTE,BP,252,0.5665566159931609
2023-06-23,TTE,BP,252,0.5619772049599069
2023-06-26,TTE,BP,252,0.5618531244720816
2023-06-27,TTE,BP,252,0.5612111666825079
2023-06-28,TTE,BP,252,0.5616936367115101
2023-06-29,TTE,BP,252,0.5657203654948488
2023-06-30,TTE,BP,252,0.5642282107939663
2023-07-03,TTE,BP,252,0.5643503155324749
2023-07-05,TTE,BP,252,0.5656335129156819
2023-07-06,TTE,BP,252,0.5618868947607094
2023-07-07,TTE,BP,252,0.5676239320087597
2023-07-10,TTE,BP,252,0.5694219534291037
2023-07-11,TTE,BP,252,0.5720338524723977
2023-07-12,TTE,BP,252,0.5714983372863233
2023-07-13,TTE,BP,252,0.5760572399349765
2023-07-14,TTE,BP,252,0.5793170789561468
2023-07-17,TTE,BP,252,0.5718413912218542
2023-07-18,TTE,BP,252,0.5690360268079901
2023-07-19,TTE,BP,252,0.5656768619883918
2023-07-20,TTE,BP,252,0.5735261404747423
2023-07-21,TTE,BP,252,0.574652632729779
2023-07-24,TTE,BP,252,0.5753466085095107
2023-07-25,TTE,BP,252,0.574810690624916
2023-07-26,TTE,BP,252,0.5726740956384675
2023-07-27,TTE,BP,252,0.5733418009735022
2023-07-28,TTE,BP,252,0.5705920164966604
2023-07-31,TTE,BP,252,0.5762015571009155
2023-08-01,TTE,BP,252,0.5711414526779993
2023-08-02,TTE,BP,252,0.575243847321167
2023-08-03,TTE,BP,252,0.5765380038436981
2023-08-04,TTE,BP,252,0.5843664690588063
2023-08-07,TTE,BP,252,0.5973056968774189
2023-08-08,TTE,BP,252,0.6083527522363287
2023-08-09,TTE,BP,252,0.6095595650719778
2023-08-10,TTE,BP,252,0.6154715597430406
2023-08-11,TTE,BP,252,0.6146302441453497
2023-08-14,TTE,BP,252,0.6117704707333874
2023-08-15,TTE,BP,252,0.6120311368691387
2023-08-16,TTE,BP,252,0.6184767802730144
2023-08-17,TTE,BP,252,0.6186767801130456
2023-08-18,TTE,BP,252,0.6338775461852532
2023-08-21,TTE,BP,252,0.6324272645044611
2023-08-22,TTE,BP,252,0.6302571114915431
2023-08-23,TTE,BP,252,0.6300169858425855
2023-08-24,TTE,BP,252,0.6367289619852095
2023-08-25,TTE,BP,252,0.6370729305860675
2023-08-28,TTE,BP,252,0.6385407470618883
2023-08-29,TTE,BP,252,0.6425269719106942
2023-08-30,TTE,BP,252,0.6422208126840043
2023-08-31,TTE,BP,252,0.6575798351874435
2023-09-01,TTE,BP,252,0.6588380352686766
2023-09-05,TTE,BP,252,0.6571773155942331
2023-09-06,TTE,BP,252,0.6562213571439398
2023-09-07,TTE,BP,252,0.6578259615827251
2023-09-08,TTE,BP,252,0.6556143895387113
2023-09-11,TTE,BP,252,0.655700773711421
2023-09-12,TTE,BP,252,0.6508374878861454
2023-09-13,TTE,BP,252,0.6556480895889636
2023-09-14,TTE,BP,252,0.6511553126486658
2023-09-15,TTE,BP,252,0.649911715847562
2023-09-18,TTE,BP,252,0.6481969612731291
2023-09-19,TTE,BP,252,0.6462388720351284
2023-09-20,TTE,BP,252,0.6465879301447149
2023-09-21,TTE,BP,252,0.6471220256159653
2023-09-22,TTE,BP,252,0.6463273426140831
2023-09-25,TTE,BP,252,0.6465091655277083
2023-09-26,TTE,BP,252,0.6115879375483534
2023-09-27,TTE,BP,252,0.620089208879196
2023-09-28,TTE,BP,252,0.6171649058222548
2023-09-29,TTE,BP,252,0.6203626042088964
2023-10-02,TTE,BP,252,0.6235995913768475
2023-10-03,TTE,BP,252,0.6243724814886272
2023-10-04,TTE,BP,252,0.6176822514413891
2023-10-05,TTE,BP,252,0.6104624371080939
2023-10-06,TTE,BP,252,0.6121881283966127
2023-10-09,TTE,BP,252,0.6163178605284078
2023-10-10,TTE,BP,252,0.6177666838395942
2023-10-11,TTE,BP,252,0.6198023066241647
2023-10-12,TTE,BP,252,0.6167909378210269
2023-10-13,TTE,BP,252,0.617157540691855
2023-10-16,TTE,BP,252,0.6087818836105741
2023-10-17,TTE,BP,252,0.6246226331283206
2023-10-18,TTE,BP,252,0.623679518733738
2023-10-19,TTE,BP,252,0.6233863230665371
2023-10-20,TTE,BP,252,0.6249480958583319
2023-10-23,TTE,BP,252,0.6268020561498958
2023-10-24,TTE,BP,252,0.6264522785007237
2023-10-25,TTE,BP,252,0.6281125253834939
2023-10-26,TTE,BP,252,0.6266979427867049
2023-10-27,TTE,BP,252,0.62716627891438
2023-10-30,TTE,BP,252,0.6240447787319188
2023-10-31,TTE,BP,252,0.6092309341516263
2023-11-01,TTE,BP,252,0.6127835077747218
2023-11-02,TTE,BP,252,0.6155455838599313
2023-11-03,TTE,BP,252,0.6181794880697445
2023-11-06,TTE,BP,252,0.6180012267455327
2023-11-07,TTE,BP,252,0.6172074786012478
2023-11-08,TTE,BP,252,0.6161004156729043
2023-11-09,TTE,BP,252,0.6137605832628967
2023-11-10,TTE,BP,252,0.6160926416402746
2023-11-13,TTE,BP,252,0.6142376398495977
2023-11-14,TTE,BP,252,0.6114764456945564
2023-11-15,TTE,BP,252,0.6146788162772188
2023-11-16,TTE,BP,252,0.6173766848256077
2023-11-17,TTE,BP,252,0.6188185406940537
2023-11-20,TTE,BP,252,0.6214548040917695
2023-11-21,TTE,BP,252,0.6222092248158589
2023-11-22,TTE,BP,252,0.6236078160078984
2023-11-24,TTE,BP,252,0.625883398970544
2023-11-27,TTE,BP,252,0.6259574438444826
2023-11-28,TTE,BP,252,0.6257893943450252
2023-11-29,TTE,BP,252,0.6229184090090542
2023-11-30,TTE,BP,252,0.6242710382040069
2023-12-01,TTE,BP,252,0.6226479926077568
2023-12-04,TTE,BP,252,0.6218908809720034
2023-12-05,TTE,BP,252,0.6219148300776162
2023-12-06,TTE,BP,252,0.625593944896524
2023-12-07,TTE,BP,252,0.6246456779666205
2023-12-08,TTE,BP,252,0.625337025366256
2023-12-11,TTE,BP,252,0.626503461267198
2023-12-12,TTE,BP,252,0.6238477106494804
2023-12-13,TTE,BP,252,0.6243786773605841
2023-12-14,TTE,BP,252,0.6220865048490052
2023-12-15,TTE,BP,252,0.6241776722337977
2023-12-18,TTE,BP,252,0.6242448205350665
2023-12-19,TTE,BP,252,0.6237930330722832
2023-12-20,TTE,BP,252,0.6244680700643639
2023-12-21,TTE,BP,252,0.6232530157004201
2023-12-22,TTE,BP,252,0.6174518547688937
2023-12-26,TTE,BP,252,0.6195562775704819
2023-12-27,TTE,BP,252,0.6170036804112188
2023-12-28,TTE,BP,252,0.6180724771647843
2023-12-29,TTE,BP,252,0.6194281850239077
2024-01-02,TTE,BP,252,0.6204574698038807
2024-01-03,TTE,BP,252,0.6214977600937589
2024-01-04,TTE,BP,252,0.6186247891225362
2024-01-05,TTE,BP,252,0.616735001257005
2024-01-08,TTE,BP,252,0.617892313520183
2024-01-09,TTE,BP,252,0.6197737816346771
2024-01-10,TTE,BP,252,0.6187587397390498
2024-01-11,TTE,BP,252,0.6190896003483194
2024-01-12,TTE,BP,252,0.6190636368912561
2024-01-16,TTE,BP,252,0.6207396713481759
2024-01-17,TTE,BP,252,0.6205680075879968
2024-01-18,TTE,BP,252,0.6200707271358018
2024-01-19,TTE,BP,252,0.6197961802446874
2024-01-22,TTE,BP,252,0.6229890747952868
2024-01-23,TTE,BP,252,0.6228620361280048
2024-01-24,TTE,BP,252,0.6228001413391291
2024-01-25,TTE,BP,252,0.6175316000727908
2024-01-26,TTE,BP,252,0.6202635975701761
2024-01-29,TTE,BP,252,0.6277851723730582
2024-01-30,TTE,BP,252,0.6291502386734796
2024-01-31,TTE,BP,252,0.6307287343671035
2024-02-01,TTE,BP,252,0.6358295372973084
2024-02-02,TTE,BP,252,0.6344798658270483
2024-02-05,TTE,BP,252,0.6290394465423247
2024-02-06,TTE,BP,252,0.6125533808730752
2024-02-07,TTE,BP,252,0.6127539930512218
2024-02-08,TTE,BP,252,0.6193897383638621
2024-02-09,TTE,BP,252,0.6176107457211041
2024-02-12,TTE,BP,252,0.6222482864373533
2024-02-13,TTE,BP,252,0.6124679012377611
2024-02-14,TTE,BP,252,0.6139273689799659
2024-02-15,TTE,BP,252,0.6142457187525915
2024-02-16,TTE,BP,252,0.6148531305320359
2024-02-20,TTE,BP,252,0.609887883502003
2024-02-21,TTE,BP,252,0.605863142765667
2024-02-22,TTE,BP,252,0.6096469319633365
2024-02-23,TTE,BP,252,0.6052066448067059
2024-02-26,TTE,BP,252,0.6006075306813574
2024-02-27,TTE,BP,252,0.6011359031176831
2024-02-28,TTE,BP,252,0.6014890982352488
2024-02-29,TTE,BP,252,0.5992587932341977
2024-03-01,TTE,BP,252,0.5995473336384565
2024-03-04,TTE,BP,252,0.5991421650259696
2024-03-05,TTE,BP,252,0.5977404945889252
2024-03-06,TTE,BP,252,0.6003551037156921
2024-03-07,TTE,BP,252,0.5987884084994405
2024-03-08,TTE,BP,252,0.600363446187884
2024-03-11,TTE,BP,252,0.6004886025407351
2024-03-12,TTE,BP,252,0.6002005925582551
2024-03-13,TTE,BP,252,0.5972683441535327
2024-03-14,TTE,BP,252,0.5971055767134585
2024-03-15,TTE,BP,252,0.5747205523541425
2024-03-18,TTE,BP,252,0.572668668513908
2024-03-19,TTE,BP,252,0.5699751807464742
2024-03-20,TTE,BP,252,0.5702164473606258
2024-03-21,TTE,BP,252,0.5656050354568571
2024-03-22,TTE,BP,252,0.5724628540536748
2024-03-25,TTE,BP,252,0.573446173311395
2024-03-26,TTE,BP,252,0.5734372297938309
2024-03-27,TTE,BP,252,0.5813322743671755
2024-03-28,TTE,BP,252,0.5793521787210855
2024-04-01,TTE,BP,252,0.5817944357807414
2024-04-02,TTE,BP,252,0.5857121174857515
2024-04-03,TTE,BP,252,0.5856189368643183
2024-04-04,TTE,BP,252,0.5619429444167507
2024-04-05,TTE,BP,252,0.5607239581447651
2024-04-08,TTE,BP,252,0.5649835278872298
2024-04-09,TTE,BP,252,0.5717844583393323
2024-04-10,TTE,BP,252,0.5716342999563423
2024-04-11,TTE,BP,252,0.572117396718127
2024-04-12,TTE,BP,252,0.5715371161841037
2024-04-15,TTE,BP,252,0.5719200547665956
2024-04-16,TTE,BP,252,0.5724322114709005
2024-04-17,TTE,BP,252,0.5740208148552823
2024-04-18,TTE,BP,252,0.5681774246840742
2024-04-19,TTE,BP,252,0.5637793769991243
2024-04-22,TTE,BP,252,0.5649760029008489
2024-04-23,TTE,BP,252,0.5610182601480284
2024-04-24,TTE,BP,252,0.558823450194047
2024-04-25,TTE,BP,252,0.5547300822633189
2024-04-26,TTE,BP,252,0.5540203564045515
2024-04-29,TTE,BP,252,0.5542642657773204
2024-04-30,TTE,BP,252,0.5579181756909757
2024-05-01,TTE,BP,252,0.5523134063502918
2024-05-02,TTE,BP,252,0.5129599110855425
2024-05-03,TTE,BP,252,0.5134913711506716
2024-05-06,TTE,BP,252,0.5170015829400573
2024-05-07,TTE,BP,252,0.5086573017024846
2024-05-08,TTE,BP,252,0.5081885103594912
2024-05-09,TTE,BP,252,0.511391802155957
2024-05-10,TTE,BP,252,0.5142251674025062
2024-05-13,TTE,BP,252,0.5130608981181519
2024-05-14,TTE,BP,252,0.5171457262498298
2024-05-15,TTE,BP,252,0.5193479743995628
2024-05-16,TTE,BP,252,0.5205422642971527
2024-05-17,TTE,BP,252,0.5206233841413449
2024-05-20,TTE,BP,252,0.5226426920118767
2024-05-21,TTE,BP,252,0.5221844671644988
2024-05-22,TTE,BP,252,0.5249430886963193
2024-05-23,TTE,BP,252,0.5239554372168979
2024-05-24,TTE,BP,252,0.5245532216689263
2024-05-28,TTE,BP,252,0.5135670707630877
2024-05-29,TTE,BP,252,0.5140682274118221
2024-05-30,TTE,BP,252,0.5104237025965672
2024-05-31,TTE,BP,252,0.5133408350750222
2024-06-03,TTE,BP,252,0.5038399171964688
2024-06-04,TTE,BP,252,0.49999575748575104
2024-06-05,TTE,BP,252,0.49791829943623506
2024-06-06,TTE,BP,252,0.4950418398383518
2024-06-07,TTE,BP,252,0.4939101567235897
2024-06-10,TTE,BP,252,0.493592086998492
2024-06-11,TTE,BP,252,0.4980010993168578
2024-06-12,TTE,BP,252,0.4911046263307359
2024-06-13,TTE,BP,252,0.4920456652722445
2024-06-14,TTE,BP,252,0.49342308122768935
2024-06-17,TTE,BP,252,0.4933124419241765
2024-06-18,TTE,BP,252,0.49402352658741094
2024-06-20,TTE,BP,252,0.49558794899034403
2024-06-21,TTE,BP,252,0.4942898220390165
2024-06-24,TTE,BP,252,0.4927932925501006
2024-06-25,TTE,BP,252,0.4899564143483232
2024-06-26,TTE,BP,252,0.48963940350112195
2024-06-27,TTE,BP,252,0.48860780733369946
2024-06-28,TTE,BP,252,0.487855635397339
2024-07-01,TTE,BP,252,0.4892301335463273
2024-07-02,TTE,BP,252,0.49360995063540775
2024-07-03,TTE,BP,252,0.48886201382468075
2024-07-05,TTE,BP,252,0.48460540583268047
2024-07-08,TTE,BP,252,0.4819239337678571
2024-07-09,TTE,BP,252,0.4913464487677788
2024-07-10,TTE,BP,252,0.4914037740175931
2024-07-11,TTE,BP,252,0.48355002405696074
2024-07-12,TTE,BP,252,0.47957127206193506
2024-07-15,TTE,BP,252,0.4792196198562018
2024-07-16,TTE,BP,252,0.474194283363939
2024-07-17,TTE,BP,252,0.47647066006469646
2024-07-18,TTE,BP,252,0.47493338324919476
2024-07-19,TTE,BP,252,0.4742599932332479
2024-07-22,TTE,BP,252,0.47033652839255935
2024-07-23,TTE,BP,252,0.4748271989259971
2024-07-24,TTE,BP,252,0.4728387982441693
2024-07-25,TTE,BP,252,0.47530266705636265
2024-07-26,TTE,BP,252,0.4746141840242128
2024-07-29,TTE,BP,252,0.47530525726525974
2024-07-30,TTE,BP,252,0.4750128759858276
2024-07-31,TTE,BP,252,0.47326904265360814
2024-08-01,TTE,BP,252,0.4710934351764841
2024-08-02,TTE,BP,252,0.4661722770154105
2024-08-05,TTE,BP,252,0.48259777180638486
2024-08-06,TTE,BP,252,0.4803969684451409
2024-08-07,TTE,BP,252,0.4801891920045807
2024-08-08,TTE,BP,252,0.4816193692739408
2024-08-09,TTE,BP,252,0.47955034308350847
2024-08-12,TTE,BP,252,0.4770566613208649
2024-08-13,TTE,BP,252,0.4787677921207372
2024-08-14,TTE,BP,252,0.47581856027347974
2024-08-15,TTE,BP,252,0.4743369851532439
2024-08-16,TTE,BP,252,0.4744723997557182
2024-08-19,TTE,BP,252,0.47153896661056166
2024-08-20,TTE,BP,252,0.4733292231885029
2024-08-21,TTE,BP,252,0.4727476366154991
2024-08-22,TTE,BP,252,0.4743714089935547
2024-08-23,TTE,BP,252,0.45998445900368545
2024-08-26,TTE,BP,252,0.4562188415240488
2024-08-27,TTE,BP,252,0.45487541155977107
2024-08-28,TTE,BP,252,0.45260027825844823
2024-08-29,TTE,BP,252,0.45249130012576866
2024-08-30,TTE,BP,252,0.45605621376336164
2024-09-03,TTE,BP,252,0.4668431131662759
2024-09-04,TTE,BP,252,0.4604885984216314
2024-09-05,TTE,BP,252,0.46279513655707993
2024-09-06,TTE,BP,252,0.4650052860082077
2024-09-09,TTE,BP,252,0.4637333424269869
2024-09-10,TTE,BP,252,0.46443677233291797
2024-09-11,TTE,BP,252,0.4641214855911781
2024-09-12,TTE,BP,252,0.465598861487948
2024-09-13,TTE,BP,252,0.46509642181973837
2024-09-16,TTE,BP,252,0.4704594448039539
2024-09-17,TTE,BP,252,0.47171406269470273
2024-09-18,TTE,BP,252,0.4715392754394699
2024-09-19,TTE,BP,252,0.47278526733454246
2024-09-20,TTE,BP,252,0.4729480644210046
2024-09-23,TTE,BP,252,0.46663824147172567
2024-09-24,TTE,BP,252,0.4661481707020825
2024-09-25,TTE,BP,252,0.4764467072224229
2024-09-26,TTE,BP,252,0.4824467764915567
2024-09-27,TTE,BP,252,0.4829861702382983
2024-09-30,TTE,BP,252,0.48497264616492514
2024-10-01,TTE,BP,252,0.4760056638606114
2024-10-02,TTE,BP,252,0.4714933296090849
2024-10-03,TTE,BP,252,0.4702415831155174
2024-10-04,TTE,BP,252,0.46281984023242906
2024-10-07,TTE,BP,252,0.4644418526182526
2024-10-08,TTE,BP,252,0.464284217383375
2024-10-09,TTE,BP,252,0.45867971944708524
2024-10-10,TTE,BP,252,0.45789496335302166
2024-10-11,TTE,BP,252,0.4574429565524536
2024-10-14,TTE,BP,252,0.4575801073098976
2024-10-15,TTE,BP,252,0.4789120641257097
2024-10-16,TTE,BP,252,0.47309060646237205
2024-10-17,TTE,BP,252,0.47285591201424637
2024-10-18,TTE,BP,252,0.4736104838518223
2024-10-21,TTE,BP,252,0.47414519710514447
2024-10-22,TTE,BP,252,0.4651864858437179
2024-10-23,TTE,BP,252,0.4603302829896653
2024-10-24,TTE,BP,252,0.4599899146648846
2024-10-25,TTE,BP,252,0.4620716912912692
2024-10-28,TTE,BP,252,0.4633157995652316
2024-10-29,TTE,BP,252,0.47734892110564714
2024-10-30,TTE,BP,252,0.4804131105322279
2024-10-31,TTE,BP,252,0.49693785827208226
2024-11-01,TTE,BP,252,0.4976165803649017
2024-11-04,TTE,BP,252,0.4973691551393256
2024-11-05,TTE,BP,252,0.49200118674494436
2024-11-06,TTE,BP,252,0.4892205039678927
2024-11-07,TTE,BP,252,0.4859777159659916
2024-11-08,TTE,BP,252,0.49328228268806557
2024-11-11,TTE,BP,252,0.4938347540644833
2024-11-12,TTE,BP,252,0.4997452060954033
2024-11-13,TTE,BP,252,0.4990470980475684
2024-11-14,TTE,BP,252,0.5008149321715899
2024-11-15,TTE,BP,252,0.49759214094971543
2024-11-18,TTE,BP,252,0.4963297703919212
2024-11-19,TTE,BP,252,0.4948569310076227
2024-11-20,TTE,BP,252,0.4922539117634585
2024-11-21,TTE,BP,252,0.4936378614593733
2024-11-22,TTE,BP,252,0.4888302064325588
2024-11-25,TTE,BP,252,0.48789901074585124
2024-11-26,TTE,BP,252,0.4864338383631523
2024-11-27,TTE,BP,252,0.4815833667035336
2024-11-29,TTE,BP,252,0.4842269460593817
2024-12-02,TTE,BP,252,0.4830339691197482
2024-12-03,TTE,BP,252,0.4792954070773331
2024-12-04,TTE,BP,252,0.47600966846763576
2024-12-05,TTE,BP,252,0.47564628940109116
2024-12-06,TTE,BP,252,0.4788328701194368
2024-12-09,TTE,BP,252,0.4875231553719873
2024-12-10,TTE,BP,252,0.48362705118338023
2024-12-11,TTE,BP,252,0.4831408208271621
2024-12-12,TTE,BP,252,0.4851733116282615
2024-12-13,TTE,BP,252,0.4858709004516247
2024-12-16,TTE,BP,252,0.4889877662732882
2024-12-17,TTE,BP,252,0.48554583969533394
2024-12-18,TTE,BP,252,0.4864046833593228
2024-12-19,TTE,BP,252,0.4853052406536607
2024-12-20,TTE,BP,252,0.48365639547559913
2024-12-23,TTE,BP,252,0.4848646277184884
2024-12-24,TTE,BP,252,0.4857502956535066
2024-12-26,TTE,BP,252,0.4834973473089621
2024-12-27,TTE,BP,252,0.4842347804700903
2024-12-30,TTE,BP,252,0.48054606706291025
2024-12-31,TTE,BP,252,0.4829280264570365
2025-01-02,TTE,BP,252,0.4855995965563984
2025-01-03,TTE,BP,252,0.4847987227716083
2025-01-06,TTE,BP,252,0.48924820476920255
2025-01-07,TTE,BP,252,0.49140102228330196
2025-01-08,TTE,BP,252,0.49462206009383897
2025-01-10,TTE,BP,252,0.4915224139068327
2025-01-13,TTE,BP,252,0.49041740550427154
2025-01-14,TTE,BP,252,0.48934973338023596
2025-01-15,TTE,BP,252,0.48935741329212523
2025-01-16,TTE,BP,252,0.4866654140524101
2025-01-17,TTE,BP,252,0.4866536227107337
2025-01-21,TTE,BP,252,0.48747391300834264
2025-01-22,TTE,BP,252,0.48632810358808193
2025-01-23,TTE,BP,252,0.4828062132175324
2025-01-24,TTE,BP,252,0.4826809222700469
2025-01-27,TTE,BP,252,0.4823847700317215
2025-01-28,TTE,BP,252,0.48971630668706356
2025-01-29,TTE,BP,252,0.48671069681421597
2025-01-30,TTE,BP,252,0.4889561012003377
2025-01-31,TTE,BP,252,0.48406322833551146
2025-02-03,TTE,BP,252,0.4831571729052357
2025-02-04,TTE,BP,252,0.49241724109180374
2025-02-05,TTE,BP,252,0.4934973937353807
2025-02-06,TTE,BP,252,0.4897595284493007
2025-02-07,TTE,BP,252,0.5133522397532277
2025-02-10,TTE,BP,252,0.48299519911534183
2025-02-11,TTE,BP,252,0.4829501517763516
2025-02-12,TTE,BP,252,0.4836780381118825
2025-02-13,TTE,BP,252,0.48338958792606884
2025-02-14,TTE,BP,252,0.48547328337619217
2025-02-18,TTE,BP,252,0.4844893106301818
2025-02-19,TTE,BP,252,0.4847550465316435
2025-02-20,TTE,BP,252,0.4853644968283181
2025-02-21,TTE,BP,252,0.4895622592658207
2025-02-24,TTE,BP,252,0.48881140329738615
2025-02-25,TTE,BP,252,0.48882350345870645
2025-02-26,TTE,BP,252,0.49104995989987826
2025-02-27,TTE,BP,252,0.49252855761859804
2025-02-28,TTE,BP,252,0.49309829522776244
2025-03-03,TTE,BP,252,0.4807849753866828
2025-03-04,TTE,BP,252,0.48235648880958487
2025-03-05,TTE,BP,252,0.484560680158823
2025-03-06,TTE,BP,252,0.48494269616529967
2025-03-07,TTE,BP,252,0.4880087270891927
2025-03-10,TTE,BP,252,0.476553848290443
2025-03-11,TTE,BP,252,0.47328066658201234
2025-03-12,TTE,BP,252,0.4721113518533003
2025-03-13,TTE,BP,252,0.47252700175917306
2025-03-14,TTE,BP,252,0.4753667130842199
2025-03-17,TTE,BP,252,0.4692082677179929
2025-03-18,TTE,BP,252,0.4699718977101471
2025-03-19,TTE,BP,252,0.4721381301589194
2025-03-20,TTE,BP,252,0.4750493164589264
2025-03-21,TTE,BP,252,0.4776988734575182
2025-03-24,TTE,BP,252,0.47884294039357234
2025-03-25,TTE,BP,252,0.47897089608703625
2025-03-26,TTE,BP,252,0.47964920924652354
2025-03-27,TTE,BP,252,0.4761341254251684
2025-03-28,TTE,BP,252,0.473886441991906
2025-03-31,TTE,BP,252,0.4739763208989422
2025-04-01,TTE,BP,252,0.4732914061852476
2025-04-02,TTE,BP,252,0.47228285852371277
2025-04-03,TTE,BP,252,0.4592417714554999
2025-04-04,TTE,BP,252,0.5156182245094755
2025-04-07,TTE,BP,252,0.5321944722779622
2025-04-08,TTE,BP,252,0.5389646385904668
2025-04-09,TTE,BP,252,0.5480485623610687
2025-04-10,TTE,BP,252,0.5381194267268837
2025-04-11,TTE,BP,252,0.5401749095617796
2025-04-14,TTE,BP,252,0.5405892704461805
2025-04-15,TTE,BP,252,0.5397385722462253
2025-04-16,TTE,BP,252,0.5415550987450554
2025-04-17,TTE,BP,252,0.543423975742764
2025-04-21,TTE,BP,252,0.5438219434475834
2025-04-22,TTE,BP,252,0.5516503379585337
2025-04-23,TTE,BP,252,0.5533203752889531
2025-04-24,TTE,BP,252,0.5535757369536739
2025-04-25,TTE,BP,252,0.5561277940119616
2025-04-28,TTE,BP,252,0.5564565847529303
2025-04-29,TTE,BP,252,0.5660875567670578
2025-04-30,TTE,BP,252,0.570902820042428
2025-05-01,TTE,BP,252,0.5713819109269587
2025-05-02,TTE,BP,252,0.5689876852720716
2025-05-05,TTE,BP,252,0.5600547283856555
2025-05-06,TTE,BP,252,0.5629638794719228
2025-05-07,TTE,BP,252,0.5630567802749477
2025-05-08,TTE,BP,252,0.5613830098796546
2025-05-09,TTE,BP,252,0.5691075860303496
2025-05-12,TTE,BP,252,0.5691070362392958
2025-05-13,TTE,BP,252,0.5688899425195364
2025-05-14,TTE,BP,252,0.5691451124017249
2025-05-15,TTE,BP,252,0.5691925040407347
2025-05-16,TTE,BP,252,0.5693701281524264
2025-05-19,TTE,BP,252,0.5691241544031732
2025-05-20,TTE,BP,252,0.5689511041980018
2025-05-21,TTE,BP,252,0.5681296611410996
2025-05-22,TTE,BP,252,0.5671803933423939
2025-05-23,TTE,BP,252,0.5665315171960086
2025-05-27,TTE,BP,252,0.5644413835485619
2025-05-28,TTE,BP,252,0.5653605736671811
2025-05-29,TTE,BP,252,0.5660828749322268
2025-05-30,TTE,BP,252,0.5690704538577417
2025-06-02,TTE,BP,252,0.5713930955584318
2025-06-03,TTE,BP,252,0.5713802461350649
2025-06-04,TTE,BP,252,0.5703637079444757
2025-06-05,TTE,BP,252,0.5718748089648794
2025-06-06,TTE,BP,252,0.5710708637069941
2025-06-09,TTE,BP,252,0.5715063088158387
2025-06-10,TTE,BP,252,0.5772215647621862
2025-06-11,TTE,BP,252,0.5767682003104209
2025-06-12,TTE,BP,252,0.5756941216946724
2025-06-13,TTE,BP,252,0.5689251018863847
2025-06-16,TTE,BP,252,0.5698182418970194
2025-06-17,TTE,BP,252,0.5705220092089598
2025-06-18,TTE,BP,252,0.5683877688696584
2025-06-20,TTE,BP,252,0.5689432940633273
2025-06-23,TTE,BP,252,0.5722005770431766
2025-06-24,TTE,BP,252,0.5733465342755133
2025-06-25,TTE,BP,252,0.5736695002178599
2025-06-26,TTE,BP,252,0.5743472472642386
2025-06-27,TTE,BP,252,0.5746644307983678
2025-06-30,TTE,BP,252,0.5748681575896515
2025-07-01,TTE,BP,252,0.5746872637989611
2025-07-02,TTE,BP,252,0.5795861706471731
2025-07-03,TTE,BP,252,0.5795104586968642
2025-07-07,TTE,BP,252,0.5820559361491189
2025-07-08,TTE,BP,252,0.5851884877353118
2025-07-09,TTE,BP,252,0.5852516175747229
2025-07-10,TTE,BP,252,0.5854430005263365
2025-07-11,TTE,BP,252,0.5745516368507957
2025-07-14,TTE,BP,252,0.5720280253396183
2025-07-15,TTE,BP,252,0.574165301766624
2025-07-16,TTE,BP,252,0.5756775233901519
2025-07-17,TTE,BP,252,0.5751201910581559
2025-07-18,TTE,BP,252,0.5751022931675025
2025-07-21,TTE,BP,252,0.5737306850287902
2025-07-22,TTE,BP,252,0.5743863008476964
2025-07-23,TTE,BP,252,0.5743520566301243
2025-07-24,TTE,BP,252,0.5778378472472925
2025-07-25,TTE,BP,252,0.5771402257953365
2025-07-28,TTE,BP,252,0.5767906260182373
2025-07-29,TTE,BP,252,0.5764245353900412
2025-07-30,TTE,BP,252,0.580281824204591
2025-07-31,TTE,BP,252,0.579646947569076
2025-08-01,TTE,BP,252,0.5808722708425191
2025-08-04,TTE,BP,252,0.579368743945421
2025-08-05,TTE,BP,252,0.5811258287743356
2025-08-06,TTE,BP,252,0.5824115398371315
2025-08-07,TTE,BP,252,0.577143613465015
2025-08-08,TTE,BP,252,0.5775302505135345
2025-08-11,TTE,BP,252,0.5782852461984498
2025-08-12,TTE,BP,252,0.5771048472655543
2025-08-13,TTE,BP,252,0.5758857601469978
2025-08-14,TTE,BP,252,0.5770562690555343
2025-08-15,TTE,BP,252,0.5769713692779714
2025-08-18,TTE,BP,252,0.5778732498107265
2025-08-19,TTE,BP,252,0.5785837232628155
2025-08-20,TTE,BP,252,0.5771414857288902
2025-08-21,TTE,BP,252,0.5796461884862137
2025-08-22,TTE,BP,252,0.5808465838994225
2025-08-25,TTE,BP,252,0.5781497065280631
2025-08-26,TTE,BP,252,0.5787401350791057
2025-08-27,TTE,BP,252,0.5877513698199238
2025-08-28,TTE,BP,252,0.5908327001254956
2025-08-29,TTE,BP,252,0.5897187542245215
2025-09-02,TTE,BP,252,0.5923670966871886
2025-09-03,TTE,BP,252,0.5975834730308652
2025-09-04,TTE,BP,252,0.5955892114243014
2025-09-05,TTE,BP,252,0.5899315528470434
2025-09-08,TTE,BP,252,0.5891529789860792
2025-09-09,TTE,BP,252,0.5898672248469994
2025-09-10,TTE,BP,252,0.5887495835854338
2025-09-11,TTE,BP,252,0.5902503905990584
2025-09-12,TTE,BP,252,0.5886684735837306
2025-09-15,TTE,BP,252,0.5895036454090088
2025-09-16,TTE,BP,252,0.5901990642531324
2025-09-17,TTE,BP,252,0.5901522868876637
2025-09-18,TTE,BP,252,0.5890941633840759
2025-09-19,TTE,BP,252,0.5881831169875091
2025-09-22,TTE,BP,252,0.587724046424018
2025-09-23,TTE,BP,252,0.5878562861466871
2025-09-24,TTE,BP,252,0.5869265012116401
2025-09-25,TTE,BP,252,0.590868682121015
2025-09-26,TTE,BP,252,0.5959610080514742
2025-09-29,TTE,BP,252,0.5939117323450374
2025-09-30,TTE,BP,252,0.5908729389846057
2025-10-01,TTE,BP,252,0.591903669103786
2025-10-02,TTE,BP,252,0.5919046393406052
2025-10-03,TTE,BP,252,0.5956266248595871
2025-10-06,TTE,BP,252,0.5949754075997561
2025-10-07,TTE,BP,252,0.5935687213833415
2025-10-08,TTE,BP,252,0.5928437150122111
2025-10-09,TTE,BP,252,0.5935456235043223
2025-10-10,TTE,BP,252,0.5909768227392191
2025-10-13,TTE,BP,252,0.5892304875647886
2025-10-14,TTE,BP,252,0.5829003972589571
2025-10-15,TTE,BP,252,0.5823420430429823
2025-10-16,TTE,BP,252,0.5781688457524629
2025-10-17,TTE,BP,252,0.5686932673256162
2025-10-20,TTE,BP,252,0.5701244178483174
2025-10-21,TTE,BP,252,0.5685859535547682
2025-10-22,TTE,BP,252,0.5613164788677675
2025-10-23,TTE,BP,252,0.5635291107913578
2025-10-24,TTE,BP,252,0.5687137778586795
2025-10-27,TTE,BP,252,0.5702760189648743
2025-10-28,TTE,BP,252,0.567044010550621
2025-10-29,TTE,BP,252,0.563190648814733
2025-10-30,TTE,BP,252,0.5642144071964694
2025-10-31,TTE,BP,252,0.5552319966940491
2025-11-03,TTE,BP,252,0.5548070759484935
2025-11-04,TTE,BP,252,0.5594496012715834
2025-11-05,TTE,BP,252,0.5581950570088574
2025-11-06,TTE,BP,252,0.5580235770055277
2025-11-07,TTE,BP,252,0.5600311486175197
2025-11-10,TTE,BP,252,0.5629067714014176
2025-11-11,TTE,BP,252,0.5631442817308671
2025-11-12,TTE,BP,252,0.55922781426533
2025-11-13,TTE,BP,252,0.5493241201210946
2025-11-14,TTE,BP,252,0.5427726786985515
2025-11-17,TTE,BP,252,0.5426132231073012
2025-11-18,TTE,BP,252,0.5410328018486797
2025-11-19,TTE,BP,252,0.5476459152716244
2025-11-20,TTE,BP,252,0.5454720016219392
2025-11-21,TTE,BP,252,0.5444962764815133
2025-11-24,TTE,BP,252,0.5459580476133998
2025-11-25,TTE,BP,252,0.5412769078502976
2025-11-26,TTE,BP,252,0.5429896648156434
2025-11-28,TTE,BP,252,0.5409866944919673
2025-12-01,TTE,BP,252,0.5419911609820862
2025-12-02,TTE,BP,252,0.5460431852866656
2025-12-03,TTE,BP,252,0.5497352852407899
2025-12-04,TTE,BP,252,0.5493171442127865
2025-12-05,TTE,BP,252,0.5511221881781241
2025-12-08,TTE,BP,252,0.5525890151027343
2025-12-09,TTE,BP,252,0.5526526061339195
2025-12-10,TTE,BP,252,0.5504854818321083
2025-12-11,TTE,BP,252,0.5444177397052964
2025-12-12,TTE,BP,252,0.5448673008753062
2025-12-15,TTE,BP,252,0.5452320512231257
2025-12-16,TTE,BP,252,0.5500578151942237
2025-12-17,TTE,BP,252,0.5524785939092228
2025-12-18,TTE,BP,252,0.5458348306333906
2025-12-19,TTE,BP,252,0.5462525420438248
2025-12-22,TTE,BP,252,0.5442142182072656
2025-12-23,TTE,BP,252,0.5440498497645389
2025-12-24,TTE,BP,252,0.5447945423156207
2025-12-26,TTE,BP,252,0.545203269627737
2025-12-29,TTE,BP,252,0.5459067526176757
2025-12-30,TTE,BP,252,0.5459960118633423
2025-12-31,TTE,BP,252,0.5476429396650669
2026-01-02,TTE,BP,252,0.5521665601332671
2026-01-05,TTE,BP,252,0.5508927566556368
2026-01-06,TTE,BP,252,0.563256569354813
2026-01-07,TTE,BP,252,0.5647432118480311
2026-01-08,TTE,BP,252,0.5636129933265749
2026-01-09,TTE,BP,252,0.5622328500680246
2026-01-12,TTE,BP,252,0.5596678040091678
2026-01-13,TTE,BP,252,0.5624960556373629
2026-01-14,TTE,BP,252,0.5641345006172188
2026-01-15,TTE,BP,252,0.5666168888783775
2026-01-16,TTE,BP,252,0.5666215701450394
2026-01-20,TTE,BP,252,0.5634890931290466
2026-01-21,TTE,BP,252,0.5637988575721287
2026-01-22,TTE,BP,252,0.5643806784360744
2026-01-23,TTE,BP,252,0.5697265493257867
2026-01-26,TTE,BP,252,0.572283148350034
2026-01-27,TTE,BP,252,0.5746565353638398
2026-01-28,TTE,BP,252,0.5748119740037823
2026-01-29,TTE,BP,252,0.5747513133653003
2026-01-30,TTE,BP,252,0.5750156285339866
2026-02-02,TTE,BP,252,0.574071254626156
2026-02-03,TTE,BP,252,0.5819312154187825
2026-02-04,TTE,BP,252,0.5831837519683318
2026-02-05,TTE,BP,252,0.5830919824887689
2026-02-06,TTE,BP,252,0.5838532564544381
2026-02-09,TTE,BP,252,0.5857458258958887
2026-02-10,TTE,BP,252,0.5756304666703038
2026-02-11,TTE,BP,252,0.6031708540296981
2026-02-12,TTE,BP,252,0.6071254786095697
2026-02-13,TTE,BP,252,0.6077476320788634
2026-02-17,TTE,BP,252,0.60876631545993
2026-02-18,TTE,BP,252,0.6102362997595031
2026-02-19,TTE,BP,252,0.610415765661199
2026-02-20,TTE,BP,252,0.6092009133859905
2026-02-23,TTE,BP,252,0.6094418596065311
2026-02-24,TTE,BP,252,0.6074472473207618
2026-02-25,TTE,BP,252,0.6069186717107742
2026-02-26,TTE,BP,252,0.6070842241784454
2026-02-27,TTE,BP,252,0.6078734798606237
2026-03-02,TTE,BP,252,0.6079584618328117
2026-03-03,TTE,BP,252,0.6097376453363038
2026-03-04,TTE,BP,252,0.6168336656988258
2026-03-05,TTE,BP,252,0.615623409684268
2026-03-06,TTE,BP,252,0.617331418676809
2026-03-09,TTE,BP,252,0.6166637446471146
2026-03-10,TTE,BP,252,0.6181628559247224
2026-03-11,TTE,BP,252,0.6268730757627364
2026-03-12,TTE,BP,252,0.6296737522528185
2026-03-13,TTE,BP,252,0.6312311240130841
2026-03-16,TTE,BP,252,0.6312267635687838
2026-03-17,TTE,BP,252,0.6318295902145186
2026-03-18,TTE,BP,252,0.6331830683650064
2026-03-19,TTE,BP,252,0.6364603096780838
2026-03-20,TTE,BP,252,0.6378701275478271
2026-03-23,TTE,BP,252,0.6355945641986469
2026-03-24,TTE,BP,252,0.6311762153352058
2026-03-25,TTE,BP,252,0.6303363343371424
2026-03-26,TTE,BP,252,0.6316939937412873
2026-03-27,TTE,BP,252,0.6311073433555743
2026-03-30,TTE,BP,252,0.6340999385594831
2026-03-31,TTE,BP,252,0.6330386391962146
2026-04-01,TTE,BP,252,0.634743411135103
2026-04-02,TTE,BP,252,0.6365963883946721
2026-04-06,TTE,BP,252,0.6365369080631378
2026-04-07,TTE,BP,252,0.6443401903448188
2026-04-08,TTE,BP,252,0.6069553432430229
2026-04-09,TTE,BP,252,0.5934377191747405
2026-04-10,TTE,BP,252,0.5852300071916094
2026-04-13,TTE,BP,252,0.5751791009996838
2026-04-14,TTE,BP,252,0.5857047775380944
2026-04-15,TTE,BP,252,0.5777197908668836
2026-04-16,TTE,BP,252,0.5848967088451854
2026-04-17,TTE,BP,252,0.6004494526526499
2026-04-20,TTE,BP,252,0.5986926680581905
2026-04-21,TTE,BP,252,0.597648696421657
2026-04-22,TTE,BP,252,0.5972392174364571
2026-04-23,TTE,BP,252,0.5929424902852029
2026-04-24,TTE,BP,252,0.5921306392732584
2026-04-27,TTE,BP,252,0.5918228070699381
2026-04-28,TTE,BP,252,0.5926162183615055
2026-04-29,TTE,BP,252,0.5933480843305764
2026-04-30,TTE,BP,252,0.5824629924174023
2026-05-01,TTE,BP,252,0.5758582072561432
2026-05-04,TTE,BP,252,0.5740533045449877
2026-05-05,TTE,BP,252,0.5729052538421561
2026-05-06,TTE,BP,252,0.6007793327053339
2026-05-07,TTE,BP,252,0.6027830643854096
2026-05-08,TTE,BP,252,0.6025950246060894
2026-05-11,TTE,BP,252,0.6065437044476504
2026-05-12,TTE,BP,252,0.6027035264517646
2026-05-13,TTE,BP,252,0.6037084036706973
2026-05-14,TTE,BP,252,0.6039034711925071
2026-05-15,TTE,BP,252,0.6038298609926274
2026-05-18,TTE,BP,252,0.6035273471592191
2026-05-19,TTE,BP,252,0.602029261304497
2026-05-20,TTE,BP,252,0.6014015957495317
2026-05-21,TTE,BP,252,0.6013766081053098
2026-05-22,TTE,BP,252,0.6025067239798786
2026-05-26,TTE,BP,252,0.6064604222494229
2026-05-27,TTE,BP,252,0.6129878336866798
2026-05-28,TTE,BP,252,0.6148445836590662
2026-05-29,TTE,BP,252,0.6141895699299174
2026-06-01,TTE,BP,252,0.615467944649471
2026-06-02,TTE,BP,252,0.615655723084826
2026-06-03,TTE,BP,252,0.6146138975524889
2026-06-04,TTE,BP,252,0.6151919990245925
2026-06-05,TTE,BP,252,0.6156899454809339
2026-06-08,TTE,BP,252,0.6143046316962639
2026-06-09,TTE,BP,252,0.6126151944969765
2026-06-10,TTE,BP,252,0.6123148706133527
2026-06-11,TTE,BP,252,0.6090621196325251
2026-06-12,TTE,BP,252,0.6096042038046681
2026-06-15,TTE,BP,252,0.6193754257963011
2026-06-16,TTE,BP,252,0.6272480125500204
2026-06-17,TTE,BP,252,0.630394123463131
2026-06-18,TTE,BP,252,0.6326298116513027
2026-06-22,TTE,BP,252,0.634703829147445
2026-06-23,TTE,BP,252,0.6349893464782903
2026-06-24,TTE,BP,252,0.6347323615766147
2026-06-25,TTE,BP,252,0.6329547512273517
2026-06-26,TTE,BP,252,0.6342330203150188
2026-06-29,TTE,BP,252,0.6343692435047418
2026-06-30,TTE,BP,252,0.6338045729331376
2026-07-01,TTE,BP,252,0.6366463457230768
2026-07-02,TTE,BP,252,0.640544494396568
2026-07-06,TTE,BP,252,0.6366344942880735
2026-07-07,TTE,BP,252,0.6388636507390959
2026-07-08,TTE,BP,252,0.6363161565550162
2026-07-09,TTE,BP,252,0.6334354489599977
2026-07-10,TTE,BP,252,0.633175633407876
2026-07-13,TTE,BP,252,0.6396352236772939
2026-07-14,TTE,BP,252,0.6449989155654685
2026-07-15,TTE,BP,252,0.6484546077286887
2026-07-16,TTE,BP,252,0.6484803427632576
2026-07-17,TTE,BP,252,0.6517637725720927
2026-07-20,TTE,BP,252,0.6520942251135532
2026-07-21,TTE,BP,252,0.653395358561321
2026-07-22,TTE,BP,252,0.6543118029475572
2026-07-23,TTE,BP,252,0.6549169493089911
2026-07-24,TTE,BP,252,0.6543857979835511
2026-07-27,TTE,BP,252,0.6590527139037483
2026-07-28,TTE,BP,252,0.6582167940565032
2026-07-29,TTE,BP,252,0.6631777679722213
2026-07-30,TTE,BP,252,0.6622442005828928
2026-07-31,TTE,BP,252,0.6594298529416864
2026-08-03,TTE,BP,252,0.6613846144699824
2026-08-04,TTE,BP,252,0.6643356758329341
2026-08-05,TTE,BP,252,0.6648790100819406
2026-08-06,TTE,BP,252,0.6661942201992909
2026-08-07,TTE,BP,252,0.6674486335018509
2026-08-10,TTE,BP,252,0.6715253556675859
2026-08-11,TTE,BP,252,0.6712329833602811
2026-08-12,TTE,BP,252,0.6711605103875824
2026-08-13,TTE,BP,252,0.6720883992148111
2026-08-14,TTE,BP,252,0.6731839537900066
2026-08-17,TTE,BP,252,0.6735481115775752
2026-08-18,TTE,BP,252,0.6742415586026541
2026-08-19,TTE,BP,252,0.6739972932683128
2026-08-20,TTE,BP,252,0.672670521678025
2026-08-21,TTE,BP,252,0.6757884971437221
2026-08-24,TTE,BP,252,0.6755669930551388
