date,ticker_1,ticker_2,window,rolling_correlation
2007-07-16,TTE,E,252,
2007-07-17,TTE,E,252,
2007-07-18,TTE,E,252,
2007-07-19,TTE,E,252,
2007-07-20,TTE,E,252,
2007-07-23,TTE,E,252,
2007-07-24,TTE,E,252,
2007-07-25,TTE,E,252,
2007-07-26,TTE,E,252,
2007-07-27,TTE,E,252,
2007-07-30,TTE,E,252,
2007-07-31,TTE,E,252,
2007-08-01,TTE,E,252,
2007-08-02,TTE,E,252,
2007-08-03,TTE,E,252,
2007-08-06,TTE,E,252,
2007-08-07,TTE,E,252,
2007-08-08,TTE,E,252,
2007-08-09,TTE,E,252,
2007-08-10,TTE,E,252,
2007-08-13,TTE,E,252,
2007-08-14,TTE,E,252,
2007-08-15,TTE,E,252,
2007-08-16,TTE,E,252,
2007-08-17,TTE,E,252,
2007-08-20,TTE,E,252,
2007-08-21,TTE,E,252,
2007-08-22,TTE,E,252,
2007-08-23,TTE,E,252,
2007-08-24,TTE,E,252,
2007-08-27,TTE,E,252,
2007-08-28,TTE,E,252,
2007-08-29,TTE,E,252,
2007-08-30,TTE,E,252,
2007-08-31,TTE,E,252,
2007-09-04,TTE,E,252,
2007-09-05,TTE,E,252,
2007-09-06,TTE,E,252,
2007-09-07,TTE,E,252,
2007-09-10,TTE,E,252,
2007-09-11,TTE,E,252,
2007-09-12,TTE,E,252,
2007-09-13,TTE,E,252,
2007-09-14,TTE,E,252,
2007-09-17,TTE,E,252,
2007-09-18,TTE,E,252,
2007-09-19,TTE,E,252,
2007-09-20,TTE,E,252,
2007-09-21,TTE,E,252,
2007-09-24,TTE,E,252,
2007-09-25,TTE,E,252,
2007-09-26,TTE,E,252,
2007-09-27,TTE,E,252,
2007-09-28,TTE,E,252,
2007-10-01,TTE,E,252,
2007-10-02,TTE,E,252,
2007-10-03,TTE,E,252,
2007-10-04,TTE,E,252,
2007-10-05,TTE,E,252,
2007-10-08,TTE,E,252,
2007-10-09,TTE,E,252,
2007-10-10,TTE,E,252,
2007-10-11,TTE,E,252,
2007-10-12,TTE,E,252,
2007-10-15,TTE,E,252,
2007-10-16,TTE,E,252,
2007-10-17,TTE,E,252,
2007-10-18,TTE,E,252,
2007-10-19,TTE,E,252,
2007-10-22,TTE,E,252,
2007-10-23,TTE,E,252,
2007-10-24,TTE,E,252,
2007-10-25,TTE,E,252,
2007-10-26,TTE,E,252,
2007-10-29,TTE,E,252,
2007-10-30,TTE,E,252,
2007-10-31,TTE,E,252,
2007-11-01,TTE,E,252,
2007-11-02,TTE,E,252,
2007-11-05,TTE,E,252,
2007-11-06,TTE,E,252,
2007-11-07,TTE,E,252,
2007-11-08,TTE,E,252,
2007-11-09,TTE,E,252,
2007-11-12,TTE,E,252,
2007-11-13,TTE,E,252,
2007-11-14,TTE,E,252,
2007-11-15,TTE,E,252,
2007-11-16,TTE,E,252,
2007-11-19,TTE,E,252,
2007-11-20,TTE,E,252,
2007-11-21,TTE,E,252,
2007-11-23,TTE,E,252,
2007-11-26,TTE,E,252,
2007-11-27,TTE,E,252,
2007-11-28,TTE,E,252,
2007-11-29,TTE,E,252,
2007-11-30,TTE,E,252,
2007-12-03,TTE,E,252,
2007-12-04,TTE,E,252,
2007-12-05,TTE,E,252,
2007-12-06,TTE,E,252,
2007-12-07,TTE,E,252,
2007-12-10,TTE,E,252,
2007-12-11,TTE,E,252,
2007-12-12,TTE,E,252,
2007-12-13,TTE,E,252,
2007-12-14,TTE,E,252,
2007-12-17,TTE,E,252,
2007-12-18,TTE,E,252,
2007-12-19,TTE,E,252,
2007-12-20,TTE,E,252,
2007-12-21,TTE,E,252,
2007-12-24,TTE,E,252,
2007-12-26,TTE,E,252,
2007-12-27,TTE,E,252,
2007-12-28,TTE,E,252,
2007-12-31,TTE,E,252,
2008-01-02,TTE,E,252,
2008-01-03,TTE,E,252,
2008-01-04,TTE,E,252,
2008-01-07,TTE,E,252,
2008-01-08,TTE,E,252,
2008-01-09,TTE,E,252,
2008-01-10,TTE,E,252,
2008-01-11,TTE,E,252,
2008-01-14,TTE,E,252,
2008-01-15,TTE,E,252,
2008-01-16,TTE,E,252,
2008-01-17,TTE,E,252,
2008-01-18,TTE,E,252,
2008-01-22,TTE,E,252,
2008-01-23,TTE,E,252,
2008-01-24,TTE,E,252,
2008-01-25,TTE,E,252,
2008-01-28,TTE,E,252,
2008-01-29,TTE,E,252,
2008-01-30,TTE,E,252,
2008-01-31,TTE,E,252,
2008-02-01,TTE,E,252,
2008-02-04,TTE,E,252,
2008-02-05,TTE,E,252,
2008-02-06,TTE,E,252,
2008-02-07,TTE,E,252,
2008-02-08,TTE,E,252,
2008-02-11,TTE,E,252,
2008-02-12,TTE,E,252,
2008-02-13,TTE,E,252,
2008-02-14,TTE,E,252,
2008-02-15,TTE,E,252,
2008-02-19,TTE,E,252,
2008-02-20,TTE,E,252,
2008-02-21,TTE,E,252,
2008-02-22,TTE,E,252,
2008-02-25,TTE,E,252,
2008-02-26,TTE,E,252,
2008-02-27,TTE,E,252,
2008-02-28,TTE,E,252,
2008-02-29,TTE,E,252,
2008-03-03,TTE,E,252,
2008-03-04,TTE,E,252,
2008-03-05,TTE,E,252,
2008-03-06,TTE,E,252,
2008-03-07,TTE,E,252,
2008-03-10,TTE,E,252,
2008-03-11,TTE,E,252,
2008-03-12,TTE,E,252,
2008-03-13,TTE,E,252,
2008-03-14,TTE,E,252,
2008-03-17,TTE,E,252,
2008-03-18,TTE,E,252,
2008-03-19,TTE,E,252,
2008-03-20,TTE,E,252,
2008-03-24,TTE,E,252,
2008-03-25,TTE,E,252,
2008-03-26,TTE,E,252,
2008-03-27,TTE,E,252,
2008-03-28,TTE,E,252,
2008-03-31,TTE,E,252,
2008-04-01,TTE,E,252,
2008-04-02,TTE,E,252,
2008-04-03,TTE,E,252,
2008-04-04,TTE,E,252,
2008-06-11,TTE,E,252,
2008-06-12,TTE,E,252,
2008-06-13,TTE,E,252,
2008-07-17,TTE,E,252,
2008-07-18,TTE,E,252,
2008-07-21,TTE,E,252,
2008-07-22,TTE,E,252,
2008-07-23,TTE,E,252,
2008-07-24,TTE,E,252,
2008-07-25,TTE,E,252,
2008-07-28,TTE,E,252,
2008-07-29,TTE,E,252,
2008-07-30,TTE,E,252,
2008-08-06,TTE,E,252,
2008-08-07,TTE,E,252,
2008-08-08,TTE,E,252,
2008-08-11,TTE,E,252,
2008-08-12,TTE,E,252,
2008-08-13,TTE,E,252,
2008-08-14,TTE,E,252,
2008-08-15,TTE,E,252,
2008-08-18,TTE,E,252,
2008-08-19,TTE,E,252,
2008-08-20,TTE,E,252,
2008-08-21,TTE,E,252,
2008-08-22,TTE,E,252,
2008-08-25,TTE,E,252,
2008-08-26,TTE,E,252,
2008-08-27,TTE,E,252,
2008-08-28,TTE,E,252,
2008-08-29,TTE,E,252,
2008-09-02,TTE,E,252,
2008-09-03,TTE,E,252,
2008-09-04,TTE,E,252,
2008-09-05,TTE,E,252,
2008-09-08,TTE,E,252,
2008-09-09,TTE,E,252,
2008-09-10,TTE,E,252,
2008-09-11,TTE,E,252,
2008-09-12,TTE,E,252,
2008-09-15,TTE,E,252,
2008-09-16,TTE,E,252,
2008-09-17,TTE,E,252,
2008-09-18,TTE,E,252,
2008-09-19,TTE,E,252,
2008-09-22,TTE,E,252,
2008-09-23,TTE,E,252,
2008-09-24,TTE,E,252,
2008-09-25,TTE,E,252,
2008-09-26,TTE,E,252,
2008-09-29,TTE,E,252,
2008-09-30,TTE,E,252,
2008-10-01,TTE,E,252,
2008-10-02,TTE,E,252,
2008-10-03,TTE,E,252,
2008-10-06,TTE,E,252,
2008-10-07,TTE,E,252,
2008-10-08,TTE,E,252,
2008-10-09,TTE,E,252,
2008-10-10,TTE,E,252,
2008-10-13,TTE,E,252,
2008-10-14,TTE,E,252,
2008-10-15,TTE,E,252,
2008-10-16,TTE,E,252,
2008-10-17,TTE,E,252,
2008-10-20,TTE,E,252,
2008-10-21,TTE,E,252,
2008-10-22,TTE,E,252,
2008-10-23,TTE,E,252,-0.03971512133553302
2008-10-24,TTE,E,252,-0.13652995754804131
2008-10-27,TTE,E,252,-0.13565809717044272
2008-10-28,TTE,E,252,-0.23632658417803162
2008-10-29,TTE,E,252,-0.2298693171146738
2008-10-30,TTE,E,252,-0.2289771988479533
2008-10-31,TTE,E,252,-0.21477040867267683
2008-11-03,TTE,E,252,-0.2151358006968575
2008-11-04,TTE,E,252,-0.2121864200581373
2008-11-05,TTE,E,252,-0.21350301712378203
2008-11-06,TTE,E,252,-0.20776417701155006
2008-11-07,TTE,E,252,-0.20571103228278032
2008-11-10,TTE,E,252,-0.2056655606497647
2008-11-11,TTE,E,252,-0.20432456341932773
2008-11-12,TTE,E,252,-0.19388294915495244
2008-11-13,TTE,E,252,-0.18262147597369507
2008-11-14,TTE,E,252,-0.18358956392505318
2008-11-17,TTE,E,252,-0.1855556918057681
2008-11-18,TTE,E,252,-0.18821992369343368
2008-11-19,TTE,E,252,-0.1879934068439304
2008-11-20,TTE,E,252,-0.18569927221797178
2008-11-21,TTE,E,252,-0.19171488653011884
2008-11-24,TTE,E,252,-0.16682881325684482
2008-11-25,TTE,E,252,-0.17068258496094088
2008-11-26,TTE,E,252,-0.1707019316233796
2008-11-28,TTE,E,252,-0.17059426342136902
2008-12-01,TTE,E,252,-0.1665895160790958
2008-12-02,TTE,E,252,-0.16490775153369447
2008-12-03,TTE,E,252,-0.16413479423874383
2008-12-04,TTE,E,252,-0.1638805624759096
2008-12-05,TTE,E,252,-0.16429725563509737
2008-12-08,TTE,E,252,-0.16118541698472286
2008-12-09,TTE,E,252,-0.16161608438477112
2008-12-10,TTE,E,252,-0.16141414880857907
2008-12-11,TTE,E,252,-0.16136613334724692
2008-12-12,TTE,E,252,-0.16135216870363314
2008-12-15,TTE,E,252,-0.16119703424283985
2008-12-16,TTE,E,252,-0.16037532868147214
2008-12-17,TTE,E,252,-0.16024333736073235
2008-12-18,TTE,E,252,-0.1594588468308866
2008-12-19,TTE,E,252,-0.15788263558766188
2008-12-22,TTE,E,252,-0.15773948042807015
2008-12-23,TTE,E,252,-0.15785092781455345
2008-12-24,TTE,E,252,-0.15786878738529597
2008-12-26,TTE,E,252,-0.157727407496638
2008-12-29,TTE,E,252,-0.15770533486044536
2008-12-30,TTE,E,252,-0.15634888461221827
2008-12-31,TTE,E,252,-0.15666182628263214
2009-01-02,TTE,E,252,-0.1565611520956471
2009-01-05,TTE,E,252,-0.15788519190521008
2009-01-06,TTE,E,252,-0.15790576735099474
2009-01-07,TTE,E,252,-0.1578862356956045
2009-01-08,TTE,E,252,-0.15737086705793477
2009-01-09,TTE,E,252,-0.15724220151964308
2009-01-12,TTE,E,252,-0.15719096270271946
2009-01-13,TTE,E,252,-0.1519181665808411
2009-01-14,TTE,E,252,-0.15178202404156113
2009-01-15,TTE,E,252,-0.15173669474285473
2009-01-16,TTE,E,252,-0.15073971841156925
2009-01-20,TTE,E,252,-0.14404395837802583
2009-01-21,TTE,E,252,-0.14385698205441694
2009-01-22,TTE,E,252,-0.14405804352086637
2009-01-23,TTE,E,252,-0.14422485916865965
2009-01-26,TTE,E,252,-0.14391693576545056
2009-01-27,TTE,E,252,-0.14196080106383893
2009-01-28,TTE,E,252,-0.1419611189396799
2009-01-29,TTE,E,252,-0.14195728517429174
2009-01-30,TTE,E,252,-0.14169039693997043
2009-02-02,TTE,E,252,-0.14160775078985693
2009-02-03,TTE,E,252,-0.14132470112818973
2009-02-04,TTE,E,252,-0.14149473090166273
2009-02-05,TTE,E,252,-0.1423391032433507
2009-02-06,TTE,E,252,-0.14070989113305085
2009-02-09,TTE,E,252,-0.14070975795248325
2009-02-10,TTE,E,252,-0.1405855104056713
2009-02-11,TTE,E,252,-0.14184816085630642
2009-02-12,TTE,E,252,-0.14185616063166392
2009-02-13,TTE,E,252,-0.14175344528004644
2009-02-17,TTE,E,252,-0.14127775089309835
2009-02-18,TTE,E,252,-0.14136374273950042
2009-02-19,TTE,E,252,-0.14182072389934977
2009-02-20,TTE,E,252,-0.14012125077188511
2009-02-23,TTE,E,252,-0.1406916393990259
2009-02-24,TTE,E,252,-0.13962625707152368
2009-02-25,TTE,E,252,-0.1397969036199266
2009-02-26,TTE,E,252,-0.13994878716248632
2009-02-27,TTE,E,252,-0.1408411158942531
2009-03-02,TTE,E,252,-0.13936576093162337
2009-03-03,TTE,E,252,-0.13406237868654056
2009-03-04,TTE,E,252,-0.13466510740743565
2009-03-05,TTE,E,252,-0.13463395994787666
2009-03-06,TTE,E,252,-0.13476766418994063
2009-03-09,TTE,E,252,-0.13426046511098283
2009-03-10,TTE,E,252,-0.12372309791188062
2009-03-11,TTE,E,252,-0.12290172562460161
2009-03-12,TTE,E,252,-0.1223818225247505
2009-03-13,TTE,E,252,-0.12231111052867605
2009-03-16,TTE,E,252,-0.12235701415064693
2009-03-17,TTE,E,252,-0.1218045527168721
2009-03-18,TTE,E,252,-0.12149147377821914
2009-03-19,TTE,E,252,-0.11690623179406145
2009-03-20,TTE,E,252,-0.11744084753852706
2009-03-23,TTE,E,252,-0.11661324253758472
2009-03-24,TTE,E,252,-0.1165739223752173
2009-03-25,TTE,E,252,-0.11588650681118116
2009-03-26,TTE,E,252,-0.11588714519183418
2009-03-27,TTE,E,252,-0.11595792971159816
2009-03-30,TTE,E,252,-0.11566486953548026
2009-03-31,TTE,E,252,-0.11547238144188111
2009-04-01,TTE,E,252,-0.11675256916216757
2009-04-02,TTE,E,252,-0.11519012364209007
2009-04-03,TTE,E,252,-0.1152408115716816
2009-04-06,TTE,E,252,-0.11531040354379304
2009-04-07,TTE,E,252,-0.11532627135691603
2009-04-08,TTE,E,252,-0.11529712903221329
2009-04-09,TTE,E,252,-0.11529104090853176
2009-04-13,TTE,E,252,-0.1153537417783557
2009-04-14,TTE,E,252,-0.11722867720629665
2009-04-15,TTE,E,252,-0.11719472550010572
2009-04-16,TTE,E,252,-0.11803105742995797
2009-04-17,TTE,E,252,-0.11811814200106872
2009-04-20,TTE,E,252,-0.11797742769787901
2009-04-21,TTE,E,252,-0.11789741975810054
2009-04-22,TTE,E,252,-0.11673455544679671
2009-04-23,TTE,E,252,-0.1163326236743973
2009-04-24,TTE,E,252,-0.11560859770649673
2009-04-27,TTE,E,252,-0.11735038416890328
2009-04-28,TTE,E,252,-0.11712805542526786
2009-04-29,TTE,E,252,-0.11867362827625368
2009-04-30,TTE,E,252,-0.11882731788965926
2009-05-01,TTE,E,252,-0.11852721743965754
2009-05-04,TTE,E,252,-0.11808283245895959
2009-05-05,TTE,E,252,-0.11834192931171032
2009-05-06,TTE,E,252,-0.12631480413107127
2009-05-07,TTE,E,252,-0.131804418423566
2009-05-08,TTE,E,252,-0.12656398806500077
2009-05-11,TTE,E,252,-0.12656413501094735
2009-05-12,TTE,E,252,-0.12624219996139824
2009-05-13,TTE,E,252,-0.1261371755990231
2009-05-14,TTE,E,252,-0.12645430175467956
2009-05-15,TTE,E,252,-0.12644494906370315
2009-05-18,TTE,E,252,-0.12610266088046443
2009-05-19,TTE,E,252,-0.13094479176462087
2009-05-20,TTE,E,252,-0.12808333685294507
2009-05-21,TTE,E,252,-0.12824289357293797
2009-05-22,TTE,E,252,-0.12823179880920038
2009-05-26,TTE,E,252,-0.12793200181170528
2009-05-27,TTE,E,252,-0.12948187011440399
2009-05-28,TTE,E,252,-0.12930513892452905
2009-05-29,TTE,E,252,-0.12932997859189416
2009-06-01,TTE,E,252,-0.12913835905981796
2009-06-02,TTE,E,252,-0.12926437080001082
2009-06-03,TTE,E,252,-0.1291993061037495
2009-06-04,TTE,E,252,-0.12795528299837022
2009-06-05,TTE,E,252,-0.12803111982150409
2009-06-08,TTE,E,252,-0.13010599152624522
2009-06-09,TTE,E,252,-0.1300829055302013
2009-06-10,TTE,E,252,-0.1301900789511598
2009-06-11,TTE,E,252,-0.12997303021447096
2009-06-12,TTE,E,252,-0.12998016681990465
2009-06-15,TTE,E,252,-0.12981796944052634
2009-06-16,TTE,E,252,-0.1298214438022314
2009-06-17,TTE,E,252,-0.1295701360772229
2009-06-18,TTE,E,252,-0.1295908153949053
2009-06-19,TTE,E,252,-0.12958106089634655
2009-06-22,TTE,E,252,-0.12947532891149896
2009-06-23,TTE,E,252,-0.1297851610261028
2009-06-24,TTE,E,252,-0.1297531117797602
2009-06-25,TTE,E,252,-0.12975184574086057
2009-06-26,TTE,E,252,-0.12973901173252333
2009-06-29,TTE,E,252,-0.12969557911112273
2009-06-30,TTE,E,252,-0.12982267399567948
2009-07-01,TTE,E,252,-0.12788975815507636
2009-07-02,TTE,E,252,-0.1278140176415652
2009-07-06,TTE,E,252,-0.12517883606122102
2009-07-07,TTE,E,252,-0.1251339885580904
2009-07-08,TTE,E,252,-0.12521778748851178
2009-07-09,TTE,E,252,-0.12518975154676978
2009-07-10,TTE,E,252,-0.12520659042823515
2009-07-13,TTE,E,252,-0.12512480599303716
2009-07-14,TTE,E,252,-0.1251678988451237
2009-07-15,TTE,E,252,-0.12466872011071192
2009-07-16,TTE,E,252,-0.12455639184762132
2009-07-17,TTE,E,252,-0.12464875021379326
2009-07-20,TTE,E,252,-0.12444924487579283
2009-07-21,TTE,E,252,-0.12414973362332549
2009-07-22,TTE,E,252,-0.12424301910709841
2009-07-23,TTE,E,252,-0.12422674388913699
2009-07-24,TTE,E,252,-0.12424971468992937
2009-07-27,TTE,E,252,-0.12422351302760933
2009-07-28,TTE,E,252,-0.12397741088198319
2009-07-29,TTE,E,252,-0.12399554226288567
2009-07-30,TTE,E,252,-0.12393467125721389
2009-07-31,TTE,E,252,-0.12356608002688806
2009-08-03,TTE,E,252,-0.12345681746353836
2009-08-04,TTE,E,252,-0.12342463243091667
2009-08-05,TTE,E,252,-0.12347012522533406
2009-08-06,TTE,E,252,-0.12352953365069665
2009-08-07,TTE,E,252,-0.12353100680247359
2009-08-10,TTE,E,252,-0.12360520648907604
2009-08-11,TTE,E,252,-0.12360950167102623
2009-08-12,TTE,E,252,-0.12347812373427174
2009-08-13,TTE,E,252,-0.12397237439239883
2009-08-14,TTE,E,252,-0.1239780325920797
2009-08-17,TTE,E,252,-0.12163760048156648
2009-08-18,TTE,E,252,-0.12156343013208443
2009-08-19,TTE,E,252,-0.12153967135081242
2009-08-20,TTE,E,252,-0.1207475112575391
2009-08-21,TTE,E,252,-0.12064784822026417
2009-08-24,TTE,E,252,-0.1206645730322791
2009-08-25,TTE,E,252,-0.12065576185208306
2009-08-26,TTE,E,252,-0.12066747094120972
2009-08-27,TTE,E,252,-0.12049948700574384
2009-08-28,TTE,E,252,-0.12051812030673228
2009-08-31,TTE,E,252,-0.12049145080247223
2009-09-01,TTE,E,252,-0.12069854273382875
2009-09-02,TTE,E,252,-0.12067444174281441
2009-09-03,TTE,E,252,-0.12078707502653838
2009-09-04,TTE,E,252,-0.1207753766642221
2009-09-08,TTE,E,252,-0.11930567971757895
2009-09-09,TTE,E,252,-0.11945056558113698
2009-09-10,TTE,E,252,-0.11946524633095001
2009-09-11,TTE,E,252,-0.1194733873291115
2009-09-14,TTE,E,252,-0.11957363519238544
2009-09-15,TTE,E,252,-0.1201214371043341
2009-09-16,TTE,E,252,-0.1200704835105716
2009-09-17,TTE,E,252,-0.12010292758562895
2009-09-18,TTE,E,252,-0.12017260757532996
2009-09-21,TTE,E,252,-0.1216393116169379
2009-09-22,TTE,E,252,-0.12375503423470043
2009-09-23,TTE,E,252,-0.12386690543340813
2009-09-24,TTE,E,252,-0.12999751689267874
2009-09-25,TTE,E,252,-0.13012664806207327
2009-09-28,TTE,E,252,-0.13012109347062253
2009-09-29,TTE,E,252,-0.13176738895846282
2009-09-30,TTE,E,252,-0.13198878759205607
2009-10-01,TTE,E,252,-0.13192404447039674
2009-10-02,TTE,E,252,-0.13260102229709397
2009-10-05,TTE,E,252,-0.1329090327199717
2009-10-06,TTE,E,252,-0.13370129909141568
2009-10-07,TTE,E,252,-0.1337970348396853
2009-10-08,TTE,E,252,-0.1340119704356098
2009-10-09,TTE,E,252,-0.1352197812865214
2009-10-12,TTE,E,252,-0.13531243484200836
2009-10-13,TTE,E,252,-0.13946762319919653
2009-10-14,TTE,E,252,-0.1354564878761874
2009-10-15,TTE,E,252,-0.13901049970230986
2009-10-16,TTE,E,252,-0.1393725546103142
2009-10-19,TTE,E,252,-0.13961874426632623
2009-10-20,TTE,E,252,-0.14175123628106304
2009-10-21,TTE,E,252,-0.14292217846333735
2009-10-22,TTE,E,252,-0.1435083998575908
2009-10-23,TTE,E,252,-0.10346938023655917
2009-10-26,TTE,E,252,-0.025324072357256686
2009-10-27,TTE,E,252,-0.02538440174090417
2009-10-28,TTE,E,252,0.18611510846389007
2009-10-29,TTE,E,252,0.18987778194245242
2009-10-30,TTE,E,252,0.18981130626764703
2009-11-02,TTE,E,252,0.18399452744375616
2009-11-03,TTE,E,252,0.18406206890986443
2009-11-04,TTE,E,252,0.1860934413307982
2009-11-05,TTE,E,252,0.18714461679689307
2009-11-06,TTE,E,252,0.18258469934134106
2009-11-09,TTE,E,252,0.18288711682754022
2009-11-10,TTE,E,252,0.18230854558630766
2009-11-11,TTE,E,252,0.18345639953525375
2009-11-12,TTE,E,252,0.1659739530239468
2009-11-13,TTE,E,252,0.1569509733825786
2009-11-16,TTE,E,252,0.15894699905416393
2009-11-17,TTE,E,252,0.16630194975118448
2009-11-18,TTE,E,252,0.17636286810532556
2009-11-19,TTE,E,252,0.17705655178198276
2009-11-20,TTE,E,252,0.1795044357905914
2009-11-23,TTE,E,252,0.2070706218963753
2009-11-24,TTE,E,252,0.1620987765969357
2009-11-25,TTE,E,252,0.16219237764112662
2009-11-27,TTE,E,252,0.16197548669897677
2009-11-30,TTE,E,252,0.16277328647676712
2009-12-01,TTE,E,252,0.16791938828193595
2009-12-02,TTE,E,252,0.17067081778808707
2009-12-03,TTE,E,252,0.16822369791385897
2009-12-04,TTE,E,252,0.16866853288212025
2009-12-07,TTE,E,252,0.16864925100516698
2009-12-08,TTE,E,252,0.17926913376306222
2009-12-09,TTE,E,252,0.1867956623472758
2009-12-10,TTE,E,252,0.18792169595666
2009-12-11,TTE,E,252,0.1880063286941354
2009-12-14,TTE,E,252,0.18761308487272235
2009-12-15,TTE,E,252,0.18778201241804254
2009-12-16,TTE,E,252,0.18940376340056947
2009-12-17,TTE,E,252,0.18985943276725095
2009-12-18,TTE,E,252,0.19073819945601408
2009-12-21,TTE,E,252,0.19256418563812314
2009-12-22,TTE,E,252,0.19228898312811796
2009-12-23,TTE,E,252,0.19225765931453245
2009-12-24,TTE,E,252,0.1922311485614568
2009-12-28,TTE,E,252,0.19246972953880953
2009-12-29,TTE,E,252,0.1924738582567811
2009-12-30,TTE,E,252,0.18836291059953456
2009-12-31,TTE,E,252,0.19025702665265803
2010-01-04,TTE,E,252,0.18991667772928167
2010-01-05,TTE,E,252,0.20135827209143164
2010-01-06,TTE,E,252,0.19985659181624865
2010-01-07,TTE,E,252,0.19989622258832335
2010-01-08,TTE,E,252,0.2011734144415578
2010-01-11,TTE,E,252,0.20249599919921576
2010-01-12,TTE,E,252,0.20255439183740467
2010-01-13,TTE,E,252,0.19510063037661768
2010-01-14,TTE,E,252,0.19551134293570238
2010-01-15,TTE,E,252,0.1955527326639494
2010-01-19,TTE,E,252,0.19622844432404762
2010-01-20,TTE,E,252,0.17343293780495678
2010-01-21,TTE,E,252,0.17371916246375904
2010-01-22,TTE,E,252,0.17363543025005623
2010-01-25,TTE,E,252,0.17466284303639973
2010-01-26,TTE,E,252,0.1662149199667664
2010-01-27,TTE,E,252,0.16594495774019535
2010-01-28,TTE,E,252,0.17106148611084226
2010-01-29,TTE,E,252,0.1715187058502427
2010-02-01,TTE,E,252,0.1722037590786664
2010-02-02,TTE,E,252,0.17218212734941946
2010-02-03,TTE,E,252,0.17267025045382478
2010-02-04,TTE,E,252,0.17490332294772332
2010-02-05,TTE,E,252,0.19183589840910148
2010-02-08,TTE,E,252,0.18779083027124074
2010-02-09,TTE,E,252,0.19283914914743183
2010-02-10,TTE,E,252,0.19412412724255576
2010-02-11,TTE,E,252,0.19936686828205386
2010-02-18,TTE,E,252,0.19920826753379392
2010-02-19,TTE,E,252,0.1995711425604578
2010-02-22,TTE,E,252,0.20032769611450704
2010-02-23,TTE,E,252,0.1999545916227191
2010-02-24,TTE,E,252,0.19990847998000608
2010-02-25,TTE,E,252,0.19560531786104973
2010-02-26,TTE,E,252,0.19714996175682353
2010-03-01,TTE,E,252,0.19898875340812566
2010-03-02,TTE,E,252,0.19909657729394092
2010-03-03,TTE,E,252,0.19891924054004856
2010-03-04,TTE,E,252,0.19891518854549173
2010-03-05,TTE,E,252,0.20514330556263125
2010-03-08,TTE,E,252,0.1882340392475092
2010-03-09,TTE,E,252,0.1882988926253463
2010-03-10,TTE,E,252,0.19686949864154468
2010-03-11,TTE,E,252,0.19775202756221255
2010-03-12,TTE,E,252,0.19710456881892724
2010-03-15,TTE,E,252,0.164223192875179
2010-03-16,TTE,E,252,0.1640628196923537
2010-03-17,TTE,E,252,0.16585012300473073
2010-03-18,TTE,E,252,0.16605756758417012
2010-03-19,TTE,E,252,0.16608841334971144
2010-03-22,TTE,E,252,0.16497974628987885
2010-03-23,TTE,E,252,0.16569883860901716
2010-03-24,TTE,E,252,0.14824799552665197
2010-03-25,TTE,E,252,0.14825352535469766
2010-03-26,TTE,E,252,0.1477417545310134
2010-03-29,TTE,E,252,0.14822850187115036
2010-03-30,TTE,E,252,0.15058527021943516
2010-03-31,TTE,E,252,0.15053330810883056
2010-04-01,TTE,E,252,0.15149563864909998
2010-04-05,TTE,E,252,0.15389964056334568
2010-04-06,TTE,E,252,0.14687820155364534
2010-04-07,TTE,E,252,0.14689652617853055
2010-04-08,TTE,E,252,0.14153819571094606
2010-04-09,TTE,E,252,0.14105332293225548
2010-04-12,TTE,E,252,0.14284617592020432
2010-04-13,TTE,E,252,0.14302944584118957
2010-04-14,TTE,E,252,0.14262813391859552
2010-04-15,TTE,E,252,0.14267145787993507
2010-04-16,TTE,E,252,0.1424043380583312
2010-04-19,TTE,E,252,0.1436876555137265
2010-04-20,TTE,E,252,0.14618448167730697
2010-04-21,TTE,E,252,0.16075882844793568
2010-04-22,TTE,E,252,0.1627112491887307
2010-04-23,TTE,E,252,0.1639969598051937
2010-04-26,TTE,E,252,0.16466866494452873
2010-04-27,TTE,E,252,0.15944535714809635
2010-04-28,TTE,E,252,0.1670519752737399
2010-04-29,TTE,E,252,0.1722184579472917
2010-04-30,TTE,E,252,0.1947301524002517
2010-05-03,TTE,E,252,0.1960235870379495
2010-05-04,TTE,E,252,0.19463611756131333
2010-05-05,TTE,E,252,0.1945511674124863
2010-05-06,TTE,E,252,0.24677573259715832
2010-05-07,TTE,E,252,0.24824230665889882
2010-05-10,TTE,E,252,0.24096414506225283
2010-05-11,TTE,E,252,0.24118284548266006
2010-05-12,TTE,E,252,0.26079607590278203
2010-05-13,TTE,E,252,0.24119735851605417
2010-05-14,TTE,E,252,0.262481082315434
2010-05-17,TTE,E,252,0.264120700767999
2010-05-18,TTE,E,252,0.2671331005041197
2010-05-19,TTE,E,252,0.27151905428558165
2010-05-20,TTE,E,252,0.2704428534303074
2010-05-21,TTE,E,252,0.27112881293880997
2010-05-24,TTE,E,252,0.2693337892125643
2010-05-25,TTE,E,252,0.2549245626143316
2010-05-26,TTE,E,252,0.2544179873001762
2010-05-27,TTE,E,252,0.2662462402127323
2010-05-28,TTE,E,252,0.25750429762314186
2010-06-01,TTE,E,252,0.2580775400544834
2010-06-02,TTE,E,252,0.255010103230001
2010-06-03,TTE,E,252,0.2548478697570586
2010-06-04,TTE,E,252,0.2488541830682966
2010-06-07,TTE,E,252,0.2489991670629693
2010-06-08,TTE,E,252,0.2465835661509072
2010-06-09,TTE,E,252,0.24154916043749225
2010-06-10,TTE,E,252,0.24009742460976882
2010-06-11,TTE,E,252,0.24134650836743354
2010-06-14,TTE,E,252,0.2453177777807878
2010-06-15,TTE,E,252,0.2504767994439852
2010-06-16,TTE,E,252,0.2518551884308777
2010-06-17,TTE,E,252,0.25221020675217704
2010-06-18,TTE,E,252,0.2540263850545535
2010-06-24,TTE,E,252,0.256722884245967
2010-06-25,TTE,E,252,0.26925370427377965
2010-06-28,TTE,E,252,0.2692165945997515
2010-06-29,TTE,E,252,0.28375280544212667
2010-06-30,TTE,E,252,0.28492145189613116
2010-07-01,TTE,E,252,0.2812454522380533
2010-07-02,TTE,E,252,0.2819905260070658
2010-07-06,TTE,E,252,0.28162215912432065
2010-07-07,TTE,E,252,0.29401234671493476
2010-07-08,TTE,E,252,0.2959163654539637
2010-07-09,TTE,E,252,0.295892222429508
2010-07-12,TTE,E,252,0.2878497263848294
2010-07-13,TTE,E,252,0.2922189136686791
2010-07-14,TTE,E,252,0.2847396851105984
2010-07-15,TTE,E,252,0.287980465777385
2010-07-16,TTE,E,252,0.2861095144336954
2010-07-19,TTE,E,252,0.28581048236182915
2010-07-20,TTE,E,252,0.2857444170729356
2010-07-21,TTE,E,252,0.28871554240458136
2010-07-22,TTE,E,252,0.2949083363033226
2010-07-23,TTE,E,252,0.2992029286125423
2010-07-26,TTE,E,252,0.2993137856009642
2010-07-27,TTE,E,252,0.2996446827348548
2010-07-28,TTE,E,252,0.300243535062381
2010-07-29,TTE,E,252,0.3097295884762969
2010-07-30,TTE,E,252,0.3099184017188185
2010-08-02,TTE,E,252,0.3214259076165166
2010-08-03,TTE,E,252,0.32142401559797873
2010-08-04,TTE,E,252,0.3217412403514965
2010-08-05,TTE,E,252,0.3209446006446227
2010-08-06,TTE,E,252,0.3210810985327652
2010-08-09,TTE,E,252,0.3213417133484686
2010-08-10,TTE,E,252,0.32695255173878096
2010-08-11,TTE,E,252,0.3449917280294979
2010-08-12,TTE,E,252,0.34573876202110737
2010-08-13,TTE,E,252,0.3459654891989164
2010-08-16,TTE,E,252,0.34611680227892344
2010-08-17,TTE,E,252,0.346016228035135
2010-08-18,TTE,E,252,0.34597711983992113
2010-08-19,TTE,E,252,0.35197647994498676
2010-08-20,TTE,E,252,0.35409265688663205
2010-08-23,TTE,E,252,0.35882971196903074
2010-08-24,TTE,E,252,0.360239971199266
2010-08-25,TTE,E,252,0.35079296814248545
2010-08-26,TTE,E,252,0.3515682802645372
2010-08-27,TTE,E,252,0.3510541113200395
2010-08-30,TTE,E,252,0.35108073065023343
2010-08-31,TTE,E,252,0.3512065079185698
2010-09-01,TTE,E,252,0.3632267131342788
2010-09-02,TTE,E,252,0.3630821343631366
2010-09-03,TTE,E,252,0.36226762898009873
2010-09-07,TTE,E,252,0.36556023262880305
2010-09-08,TTE,E,252,0.3655533564262676
2010-09-09,TTE,E,252,0.3653399941011958
2010-09-10,TTE,E,252,0.36609976224725377
2010-09-13,TTE,E,252,0.36843562339279745
2010-09-14,TTE,E,252,0.3688803838274017
2010-09-15,TTE,E,252,0.36901868648944236
2010-09-16,TTE,E,252,0.36375997220814327
2010-09-17,TTE,E,252,0.3677112289580557
2010-09-20,TTE,E,252,0.37080682825519345
2010-09-21,TTE,E,252,0.3756278127276071
2010-09-22,TTE,E,252,0.377196394556383
2010-09-23,TTE,E,252,0.37634589950359126
2010-09-24,TTE,E,252,0.37687681361747577
2010-09-27,TTE,E,252,0.37720540923920964
2010-09-28,TTE,E,252,0.37681925016472184
2010-09-29,TTE,E,252,0.37641432116860296
2010-09-30,TTE,E,252,0.37787675612027777
2010-10-01,TTE,E,252,0.38268700798981864
2010-10-04,TTE,E,252,0.38539122776380524
2010-10-05,TTE,E,252,0.3841056910438412
2010-10-06,TTE,E,252,0.38632696019315477
2010-10-07,TTE,E,252,0.3865240710555927
2010-10-08,TTE,E,252,0.3864281086704892
2010-10-11,TTE,E,252,0.3875545132306366
2010-10-12,TTE,E,252,0.38673899667231376
2010-10-13,TTE,E,252,0.3894506271535558
2010-10-14,TTE,E,252,0.39071075718420134
2010-10-15,TTE,E,252,0.39073682502139223
2010-10-18,TTE,E,252,0.3908059405229073
2010-10-19,TTE,E,252,0.38982138565125
2010-10-20,TTE,E,252,0.3934954721926326
2010-10-21,TTE,E,252,0.3938717697152844
2010-10-22,TTE,E,252,0.38588337807988954
2010-10-25,TTE,E,252,0.3861266196055405
2010-10-26,TTE,E,252,0.38576265286284356
2010-10-27,TTE,E,252,0.38543794131805886
2010-10-28,TTE,E,252,0.383351000377191
2010-10-29,TTE,E,252,0.3833654280074437
2010-11-01,TTE,E,252,0.38258448199139755
2010-11-02,TTE,E,252,0.38596218958366013
2010-11-03,TTE,E,252,0.38719345677144895
2010-11-04,TTE,E,252,0.386294806732541
2010-11-05,TTE,E,252,0.3862788999956987
2010-11-08,TTE,E,252,0.3866471038146638
2010-11-09,TTE,E,252,0.3928393414982804
2010-11-10,TTE,E,252,0.3932064638197901
2010-11-11,TTE,E,252,0.39296865048617713
2010-11-12,TTE,E,252,0.3859666564656322
2010-11-15,TTE,E,252,0.386659928474767
2010-11-16,TTE,E,252,0.39086235795376784
2010-11-17,TTE,E,252,0.3948990091715664
2010-11-18,TTE,E,252,0.3957405892179837
2010-11-19,TTE,E,252,0.3963573931004926
2010-11-22,TTE,E,252,0.39658222839398705
2010-11-23,TTE,E,252,0.40446608165027614
2010-11-24,TTE,E,252,0.40454543043298885
2010-11-26,TTE,E,252,0.4038827165447675
2010-11-29,TTE,E,252,0.40905261899145534
2010-11-30,TTE,E,252,0.40936830583523093
2010-12-01,TTE,E,252,0.41045318776510564
2010-12-02,TTE,E,252,0.41341684830527387
2010-12-03,TTE,E,252,0.41403407667547054
2010-12-06,TTE,E,252,0.41373655870211
2010-12-07,TTE,E,252,0.417113049687561
2010-12-08,TTE,E,252,0.41692757071515485
2010-12-09,TTE,E,252,0.4187660924245911
2010-12-10,TTE,E,252,0.4187917968283729
2010-12-13,TTE,E,252,0.4184654806498668
2010-12-14,TTE,E,252,0.4198569355198399
2010-12-15,TTE,E,252,0.418623972397323
2010-12-16,TTE,E,252,0.41341253226304964
2010-12-17,TTE,E,252,0.41304957725318214
2010-12-20,TTE,E,252,0.413139565109817
2010-12-21,TTE,E,252,0.41045458192914624
2010-12-22,TTE,E,252,0.41056744469465084
2010-12-23,TTE,E,252,0.4105458000633497
2010-12-27,TTE,E,252,0.4104891656553027
2010-12-28,TTE,E,252,0.4113801763729075
2010-12-29,TTE,E,252,0.4113936640809676
2010-12-30,TTE,E,252,0.41536752911565117
2010-12-31,TTE,E,252,0.4156072609429317
2011-01-03,TTE,E,252,0.41584810502190744
2011-01-04,TTE,E,252,0.4141466216158682
2011-01-05,TTE,E,252,0.4140795570209029
2011-01-06,TTE,E,252,0.4134147045339311
2011-01-07,TTE,E,252,0.4134020646650896
2011-01-10,TTE,E,252,0.41352406818109366
2011-01-11,TTE,E,252,0.41555981507387435
2011-01-12,TTE,E,252,0.4192375571221588
2011-01-13,TTE,E,252,0.4277721136755336
2011-01-14,TTE,E,252,0.43220706248874
2011-01-18,TTE,E,252,0.43175788525961767
2011-01-19,TTE,E,252,0.4326005451302795
2011-01-20,TTE,E,252,0.4338710143198752
2011-01-21,TTE,E,252,0.43764958252687364
2011-01-24,TTE,E,252,0.4376544961966393
2011-01-25,TTE,E,252,0.43815126397508564
2011-01-26,TTE,E,252,0.43815155926230476
2011-01-27,TTE,E,252,0.4418359567740048
2011-01-28,TTE,E,252,0.44734585999690796
2011-01-31,TTE,E,252,0.44829612323893336
2011-02-01,TTE,E,252,0.46249307257164923
2011-02-02,TTE,E,252,0.4906448210148095
2011-02-03,TTE,E,252,0.49135875267050094
2011-02-04,TTE,E,252,0.4855774367294504
2011-02-07,TTE,E,252,0.4853273353656892
2011-02-08,TTE,E,252,0.48583752266050795
2011-02-09,TTE,E,252,0.4862508378872573
2011-02-10,TTE,E,252,0.48687240042430674
2011-02-11,TTE,E,252,0.4917766485039743
2011-02-14,TTE,E,252,0.48450659236837823
2011-02-15,TTE,E,252,0.48457623511962
2011-02-16,TTE,E,252,0.4798046248310509
2011-02-17,TTE,E,252,0.4798801397870185
2011-02-18,TTE,E,252,0.47941394531744497
2011-02-22,TTE,E,252,0.4801889328020632
2011-02-23,TTE,E,252,0.480282912697708
2011-02-24,TTE,E,252,0.4816733855359634
2011-02-25,TTE,E,252,0.4828524042337872
2011-02-28,TTE,E,252,0.4832216762698829
2011-03-01,TTE,E,252,0.48912341829607836
2011-03-02,TTE,E,252,0.48890274056842514
2011-03-03,TTE,E,252,0.4867752689649963
2011-03-04,TTE,E,252,0.4870015712678937
2011-03-07,TTE,E,252,0.48751242225879404
2011-03-08,TTE,E,252,0.4879218436407487
2011-03-09,TTE,E,252,0.48930162605530625
2011-03-10,TTE,E,252,0.4929925277011252
2011-03-11,TTE,E,252,0.4950283236892051
2011-03-14,TTE,E,252,0.49433313804550033
2011-03-15,TTE,E,252,0.4967877400205889
2011-03-16,TTE,E,252,0.5032287960409252
2011-03-17,TTE,E,252,0.5003565916884678
2011-03-18,TTE,E,252,0.5007519002039811
2011-03-21,TTE,E,252,0.4996448793433761
2011-03-22,TTE,E,252,0.48936820804419434
2011-03-23,TTE,E,252,0.48997518006643237
2011-03-24,TTE,E,252,0.48891603928115346
2011-03-25,TTE,E,252,0.4889235669794264
2011-03-28,TTE,E,252,0.4873125363523792
2011-03-29,TTE,E,252,0.4870616280070998
2011-03-30,TTE,E,252,0.49332438459509353
2011-03-31,TTE,E,252,0.49357635721787396
2011-04-01,TTE,E,252,0.495666125008466
2011-04-04,TTE,E,252,0.4956026179758107
2011-04-05,TTE,E,252,0.4964404512447305
2011-04-06,TTE,E,252,0.49660316731100584
2011-04-07,TTE,E,252,0.5087124875072565
2011-04-08,TTE,E,252,0.5092025902244159
2011-04-11,TTE,E,252,0.5090553574459942
2011-04-12,TTE,E,252,0.510265023424636
2011-04-13,TTE,E,252,0.5099980655437018
2011-04-14,TTE,E,252,0.5099843087936519
2011-04-15,TTE,E,252,0.5104245381423009
2011-04-18,TTE,E,252,0.5181791335006647
2011-04-19,TTE,E,252,0.5191653359780235
2011-04-20,TTE,E,252,0.5173419100264051
2011-04-21,TTE,E,252,0.5161111486750172
2011-04-25,TTE,E,252,0.5073859917604799
2011-04-26,TTE,E,252,0.506839542638862
2011-04-27,TTE,E,252,0.5109881449488519
2011-04-28,TTE,E,252,0.5115349873208751
2011-04-29,TTE,E,252,0.519760995066417
2011-05-02,TTE,E,252,0.5183732520656127
2011-05-03,TTE,E,252,0.5173484129841004
2011-05-04,TTE,E,252,0.5169162430586085
2011-05-05,TTE,E,252,0.5193561211462087
2011-05-06,TTE,E,252,0.5256820403713803
2011-05-09,TTE,E,252,0.5260082448668411
2011-05-10,TTE,E,252,0.4925944694168356
2011-05-11,TTE,E,252,0.49236465780485955
2011-05-12,TTE,E,252,0.5097253182545076
2011-05-13,TTE,E,252,0.5083986360205078
2011-05-16,TTE,E,252,0.5054581543063007
2011-05-17,TTE,E,252,0.5060914310868907
2011-05-18,TTE,E,252,0.49102945180534247
2011-05-19,TTE,E,252,0.4908598876246843
2011-05-20,TTE,E,252,0.4890124805033443
2011-05-23,TTE,E,252,0.47743356571915746
2011-05-24,TTE,E,252,0.4798163615056612
2011-05-25,TTE,E,252,0.48299030361399325
2011-05-26,TTE,E,252,0.4898902024430565
2011-05-27,TTE,E,252,0.4949011899517695
2011-05-31,TTE,E,252,0.4931825136160167
2011-06-01,TTE,E,252,0.4860732038287905
2011-06-02,TTE,E,252,0.5021705690401482
2011-06-03,TTE,E,252,0.5038040870494137
2011-06-06,TTE,E,252,0.5134705602003972
2011-06-07,TTE,E,252,0.5136770298499133
2011-06-08,TTE,E,252,0.5314542089301352
2011-06-09,TTE,E,252,0.5296302235887794
2011-06-10,TTE,E,252,0.5410068848250229
2011-06-13,TTE,E,252,0.541154248768731
2011-06-14,TTE,E,252,0.5460323072307672
2011-06-15,TTE,E,252,0.5424380331514964
2011-06-16,TTE,E,252,0.5392163087154457
2011-06-17,TTE,E,252,0.5370754614822019
2011-06-20,TTE,E,252,0.5367989793440608
2011-06-21,TTE,E,252,0.5354608386309835
2011-06-22,TTE,E,252,0.5207465668283549
2011-06-23,TTE,E,252,0.5191583820839442
2011-06-24,TTE,E,252,0.5177533119668228
2011-06-27,TTE,E,252,0.5165723470058932
2011-06-28,TTE,E,252,0.503753757509662
2011-06-29,TTE,E,252,0.5028601567558354
2011-06-30,TTE,E,252,0.5071987950964986
2011-07-01,TTE,E,252,0.5062774977592166
2011-07-05,TTE,E,252,0.5065628305171503
2011-07-06,TTE,E,252,0.4943987645820402
2011-07-07,TTE,E,252,0.4925778556040504
2011-07-08,TTE,E,252,0.48896245614735984
2011-07-11,TTE,E,252,0.48170491316965386
2011-07-12,TTE,E,252,0.47914961612057827
2011-07-13,TTE,E,252,0.47410912148526996
2011-07-14,TTE,E,252,0.4730843121066718
2011-07-15,TTE,E,252,0.4772055178746719
2011-07-18,TTE,E,252,0.47661020329617637
2011-07-19,TTE,E,252,0.47653509513143955
2011-07-20,TTE,E,252,0.4715246433009672
2011-07-21,TTE,E,252,0.4740279164074649
2011-07-22,TTE,E,252,0.47426642295767435
2011-07-25,TTE,E,252,0.4750468689093436
2011-07-26,TTE,E,252,0.47560475542854946
2011-07-27,TTE,E,252,0.482182107579051
2011-07-28,TTE,E,252,0.4820818696906568
2011-07-29,TTE,E,252,0.4828577574280279
2011-08-01,TTE,E,252,0.46890884185098514
2011-08-02,TTE,E,252,0.4677105607932001
2011-08-03,TTE,E,252,0.46781734291729504
2011-08-04,TTE,E,252,0.48722456860265145
2011-08-05,TTE,E,252,0.480811897613053
2011-08-08,TTE,E,252,0.5176023755527767
2011-08-09,TTE,E,252,0.5118108864205644
2011-08-10,TTE,E,252,0.4618525607507987
2011-08-11,TTE,E,252,0.44495570648074223
2011-08-12,TTE,E,252,0.4518041418127227
2011-08-15,TTE,E,252,0.45654866139923816
2011-08-16,TTE,E,252,0.45691605850672323
2011-08-17,TTE,E,252,0.45911560200829454
2011-08-18,TTE,E,252,0.4739911721092487
2011-08-19,TTE,E,252,0.4754608915645003
2011-08-22,TTE,E,252,0.4642833663454505
2011-08-23,TTE,E,252,0.4601989292517939
2011-08-24,TTE,E,252,0.4606128523290849
2011-08-25,TTE,E,252,0.4581147937737995
2011-08-26,TTE,E,252,0.45907365520780746
2011-08-29,TTE,E,252,0.4579028144496962
2011-08-30,TTE,E,252,0.4588139151236637
2011-08-31,TTE,E,252,0.4472303139739553
2011-09-01,TTE,E,252,0.43135594319681336
2011-09-02,TTE,E,252,0.4306464118740046
2011-09-06,TTE,E,252,0.4513880385517461
2011-09-07,TTE,E,252,0.44851460697150336
2011-09-08,TTE,E,252,0.4499193474617128
2011-09-09,TTE,E,252,0.44821216877165276
2011-09-12,TTE,E,252,0.4462482716193507
2011-09-13,TTE,E,252,0.4460656095201174
2011-09-14,TTE,E,252,0.4454660900227727
2011-09-15,TTE,E,252,0.4432402857130503
2011-09-16,TTE,E,252,0.440516744296731
2011-09-19,TTE,E,252,0.4349962205273643
2011-09-20,TTE,E,252,0.43522852410199475
2011-09-21,TTE,E,252,0.4338776230227208
2011-09-22,TTE,E,252,0.43085256111827563
2011-09-23,TTE,E,252,0.39241303278730394
2011-09-26,TTE,E,252,0.4010645787494184
2011-09-27,TTE,E,252,0.40088046213214695
2011-09-28,TTE,E,252,0.37711932812594917
2011-09-29,TTE,E,252,0.3635832870788718
2011-09-30,TTE,E,252,0.35833551545667064
2011-10-03,TTE,E,252,0.3669726140031037
2011-10-04,TTE,E,252,0.3807132914398874
2011-10-05,TTE,E,252,0.38348797837703147
2011-10-06,TTE,E,252,0.3821603355582415
2011-10-07,TTE,E,252,0.3835516289657009
2011-10-10,TTE,E,252,0.39819708361634976
2011-10-11,TTE,E,252,0.39879080655532356
2011-10-12,TTE,E,252,0.40193758942722646
2011-10-13,TTE,E,252,0.4020099000236882
2011-10-14,TTE,E,252,0.3982087103559455
2011-10-17,TTE,E,252,0.39496220467159016
2011-10-18,TTE,E,252,0.4010161997882572
2011-10-19,TTE,E,252,0.3986175807283304
2011-10-20,TTE,E,252,0.39782743932093023
2011-10-21,TTE,E,252,0.39722390127041884
2011-10-24,TTE,E,252,0.3960229788925693
2011-10-25,TTE,E,252,0.3958206027643288
2011-10-26,TTE,E,252,0.3953372558935762
2011-10-27,TTE,E,252,0.41400846893885107
2011-10-28,TTE,E,252,0.41338568489908556
2011-10-31,TTE,E,252,0.42727179122721354
2011-11-01,TTE,E,252,0.42470034255453754
2011-11-02,TTE,E,252,0.4244583122600128
2011-11-03,TTE,E,252,0.415023742319622
2011-11-04,TTE,E,252,0.41746148639932074
2011-11-07,TTE,E,252,0.41690441148769003
2011-11-08,TTE,E,252,0.41647922093654727
2011-11-09,TTE,E,252,0.4129952238447798
2011-11-10,TTE,E,252,0.4129939826315752
2011-11-11,TTE,E,252,0.41762880331833385
2011-11-14,TTE,E,252,0.4163050402164268
2011-11-15,TTE,E,252,0.41391108872118904
2011-11-16,TTE,E,252,0.41403508033768793
2011-11-17,TTE,E,252,0.41447342620349403
2011-11-18,TTE,E,252,0.4114986866828911
2011-11-21,TTE,E,252,0.4142823657870337
2011-11-22,TTE,E,252,0.4025518801129498
2011-11-23,TTE,E,252,0.40080983005273
2011-11-25,TTE,E,252,0.4008459415199647
2011-11-28,TTE,E,252,0.39095685220157383
2011-11-29,TTE,E,252,0.3910623957800004
2011-11-30,TTE,E,252,0.40508215191206226
2011-12-01,TTE,E,252,0.4037056955591537
2011-12-02,TTE,E,252,0.4028640470000074
2011-12-05,TTE,E,252,0.4022044690285892
2011-12-06,TTE,E,252,0.40198307844025527
2011-12-07,TTE,E,252,0.4021884564367491
2011-12-08,TTE,E,252,0.39932188747346853
2011-12-09,TTE,E,252,0.3942555252550177
2011-12-12,TTE,E,252,0.39274899809601643
2011-12-13,TTE,E,252,0.391720099357796
2011-12-14,TTE,E,252,0.3944877318991533
2011-12-15,TTE,E,252,0.3945281016365463
2011-12-16,TTE,E,252,0.3959081523536154
2011-12-19,TTE,E,252,0.3958184577316783
2011-12-20,TTE,E,252,0.39583664504923294
2011-12-21,TTE,E,252,0.3948466749026532
2011-12-22,TTE,E,252,0.39547480130489243
2011-12-23,TTE,E,252,0.3959162528335784
2011-12-27,TTE,E,252,0.3959012667556042
2011-12-28,TTE,E,252,0.3954794445691063
2011-12-29,TTE,E,252,0.39511255109271465
2011-12-30,TTE,E,252,0.3951891991410155
2012-01-03,TTE,E,252,0.39268981759146404
2012-01-04,TTE,E,252,0.3944960954405581
2012-01-05,TTE,E,252,0.3922058067498245
2012-01-06,TTE,E,252,0.392674310319446
2012-01-09,TTE,E,252,0.39271562691265016
2012-01-10,TTE,E,252,0.39255975783109576
2012-01-11,TTE,E,252,0.39273285067047137
2012-01-12,TTE,E,252,0.38933802859202055
2012-01-13,TTE,E,252,0.3881230660114415
2012-01-17,TTE,E,252,0.38445316748747826
2012-01-18,TTE,E,252,0.38435286590931306
2012-01-19,TTE,E,252,0.3913829557258381
2012-01-20,TTE,E,252,0.3913764755775877
2012-01-23,TTE,E,252,0.3884219631237626
2012-01-24,TTE,E,252,0.3885341270473988
2012-01-25,TTE,E,252,0.38845515485680604
2012-01-26,TTE,E,252,0.3879334334845239
2012-01-27,TTE,E,252,0.387820365557815
2012-01-30,TTE,E,252,0.3843572927566465
2012-01-31,TTE,E,252,0.38446216204882055
2012-02-01,TTE,E,252,0.37203879991719424
2012-02-02,TTE,E,252,0.3718414830664815
2012-02-03,TTE,E,252,0.3718589359927903
2012-02-06,TTE,E,252,0.37262559772991144
2012-02-07,TTE,E,252,0.3725820955994856
2012-02-08,TTE,E,252,0.3726972618312043
2012-02-09,TTE,E,252,0.37269569902490435
2012-02-10,TTE,E,252,0.37234527304966436
2012-02-13,TTE,E,252,0.3733110385516348
2012-02-14,TTE,E,252,0.37364246515646365
2012-02-15,TTE,E,252,0.3733297478617578
2012-02-16,TTE,E,252,0.37348820544526445
2012-02-17,TTE,E,252,0.3734781114601333
2012-02-21,TTE,E,252,0.37438310592419427
2012-02-22,TTE,E,252,0.370734358449963
2012-02-23,TTE,E,252,0.3709561802619631
2012-02-24,TTE,E,252,0.3702156746169798
2012-02-27,TTE,E,252,0.37050870493280674
2012-02-28,TTE,E,252,0.3701899062905066
2012-02-29,TTE,E,252,0.36783099381601525
2012-03-01,TTE,E,252,0.36686794435349407
2012-03-02,TTE,E,252,0.36666333561887965
2012-03-05,TTE,E,252,0.3666507740665215
2012-03-06,TTE,E,252,0.3658679288129997
2012-03-07,TTE,E,252,0.3625885793312599
2012-03-08,TTE,E,252,0.3610669595069412
2012-03-09,TTE,E,252,0.35764194815067113
2012-03-12,TTE,E,252,0.35712890111478
2012-03-13,TTE,E,252,0.35651068381774875
2012-03-14,TTE,E,252,0.3507065041699654
2012-03-15,TTE,E,252,0.34498964178024594
2012-03-16,TTE,E,252,0.34610054228775844
2012-03-19,TTE,E,252,0.34783960508076084
2012-03-20,TTE,E,252,0.3482033343425626
2012-03-21,TTE,E,252,0.3556805428259014
2012-03-22,TTE,E,252,0.35802117257614596
2012-03-23,TTE,E,252,0.3585058109917637
2012-03-26,TTE,E,252,0.3620605127845707
2012-03-27,TTE,E,252,0.36980823835216203
2012-03-28,TTE,E,252,0.36973545512115075
2012-03-29,TTE,E,252,0.3701502596859801
2012-03-30,TTE,E,252,0.3703428471042296
2012-04-02,TTE,E,252,0.36835144826048266
2012-04-03,TTE,E,252,0.36723183390905445
2012-04-04,TTE,E,252,0.36613576982720636
2012-04-05,TTE,E,252,0.36715568276221516
2012-04-09,TTE,E,252,0.3669685683477974
2012-04-10,TTE,E,252,0.36570976354290974
2012-04-11,TTE,E,252,0.36701408262374663
2012-04-12,TTE,E,252,0.362906298937501
2012-04-13,TTE,E,252,0.36769140195596073
2012-04-16,TTE,E,252,0.36978625372696605
2012-04-17,TTE,E,252,0.3692153859473009
2012-04-18,TTE,E,252,0.359902791207806
2012-04-19,TTE,E,252,0.3626911691198037
2012-04-20,TTE,E,252,0.36339600188947635
2012-04-23,TTE,E,252,0.3625131582839029
2012-04-24,TTE,E,252,0.36703091026738105
2012-04-25,TTE,E,252,0.3669187675008117
2012-04-26,TTE,E,252,0.36313835469306943
2012-04-27,TTE,E,252,0.36238380186189906
2012-04-30,TTE,E,252,0.3624113381322105
2012-05-01,TTE,E,252,0.3631536511754109
2012-05-02,TTE,E,252,0.3643374515062187
2012-05-03,TTE,E,252,0.36266962154664023
2012-05-04,TTE,E,252,0.3638166426408497
2012-05-07,TTE,E,252,0.36221020831096407
2012-05-08,TTE,E,252,0.36221746831311613
2012-05-09,TTE,E,252,0.36196859475019183
2012-05-10,TTE,E,252,0.3623736869597571
2012-05-11,TTE,E,252,0.3620951065751
2012-05-14,TTE,E,252,0.36193662489967543
2012-05-15,TTE,E,252,0.36295069054321993
2012-05-16,TTE,E,252,0.3634472942171577
2012-05-17,TTE,E,252,0.36385213078796336
2012-05-18,TTE,E,252,0.3638812452289793
2012-05-21,TTE,E,252,0.36450974380367945
2012-05-22,TTE,E,252,0.37193412425104405
2012-05-23,TTE,E,252,0.3710212735644618
2012-05-24,TTE,E,252,0.3710193775847167
2012-05-25,TTE,E,252,0.3710816387103034
2012-05-29,TTE,E,252,0.371099452471225
2012-05-30,TTE,E,252,0.37643337307507563
2012-05-31,TTE,E,252,0.37699421232880465
2012-06-01,TTE,E,252,0.37673017676280107
2012-06-04,TTE,E,252,0.37427959944529116
2012-06-05,TTE,E,252,0.37244734362475185
2012-06-06,TTE,E,252,0.3712251179367756
2012-06-07,TTE,E,252,0.3716706193937619
2012-06-08,TTE,E,252,0.3722894531413689
2012-06-11,TTE,E,252,0.3686639938296839
2012-06-12,TTE,E,252,0.3686074776505648
2012-06-13,TTE,E,252,0.3668879722953402
2012-06-14,TTE,E,252,0.3698318226511805
2012-06-15,TTE,E,252,0.37187596405968865
2012-06-18,TTE,E,252,0.37260895366668073
2012-06-19,TTE,E,252,0.37176920705830413
2012-06-20,TTE,E,252,0.3726119969680844
2012-06-21,TTE,E,252,0.3797588781879727
2012-06-22,TTE,E,252,0.37920119881926795
2012-06-25,TTE,E,252,0.38425383222524795
2012-06-26,TTE,E,252,0.38470386066176604
2012-06-27,TTE,E,252,0.3832228526373002
2012-06-28,TTE,E,252,0.38366620195312356
2012-06-29,TTE,E,252,0.3803107047239141
2012-07-02,TTE,E,252,0.3802708255473016
2012-07-03,TTE,E,252,0.3801138797945616
2012-07-05,TTE,E,252,0.3786997997870421
2012-07-06,TTE,E,252,0.3776760218717878
2012-07-09,TTE,E,252,0.37935630059974
2012-07-10,TTE,E,252,0.3822294241966351
2012-07-11,TTE,E,252,0.38224974964340375
2012-07-12,TTE,E,252,0.38451905962409516
2012-07-13,TTE,E,252,0.38473429218476535
2012-07-16,TTE,E,252,0.3759185654254762
2012-07-17,TTE,E,252,0.3765515640336647
2012-07-18,TTE,E,252,0.37675107356232224
2012-07-19,TTE,E,252,0.37792113316675563
2012-07-20,TTE,E,252,0.37056615615715516
2012-07-23,TTE,E,252,0.37690327238806454
2012-07-24,TTE,E,252,0.3826728781786988
2012-07-25,TTE,E,252,0.38263976092306395
2012-07-26,TTE,E,252,0.37537917144454597
2012-07-27,TTE,E,252,0.3737569850683036
2012-07-30,TTE,E,252,0.3733437559636594
2012-07-31,TTE,E,252,0.3744463517711951
2012-08-01,TTE,E,252,0.354034148565049
2012-08-02,TTE,E,252,0.35411257190490725
2012-08-03,TTE,E,252,0.33440258272686335
2012-08-06,TTE,E,252,0.3367996853550479
2012-08-07,TTE,E,252,0.3110804853356981
2012-08-08,TTE,E,252,0.31307608003433823
2012-08-09,TTE,E,252,0.32869222855475033
2012-08-10,TTE,E,252,0.3381353124064467
2012-08-13,TTE,E,252,0.33300636896381147
2012-08-14,TTE,E,252,0.3291510342102977
2012-08-15,TTE,E,252,0.3290819213978434
2012-08-16,TTE,E,252,0.3272747338420279
2012-08-17,TTE,E,252,0.30939005014704574
2012-08-20,TTE,E,252,0.3067980552978856
2012-08-21,TTE,E,252,0.3131390247451311
2012-08-22,TTE,E,252,0.3146831369352004
2012-08-23,TTE,E,252,0.3160290159092114
2012-08-24,TTE,E,252,0.31760140447334284
2012-08-27,TTE,E,252,0.3176165802740556
2012-08-28,TTE,E,252,0.318803187869421
2012-08-29,TTE,E,252,0.3186416274241425
2012-08-30,TTE,E,252,0.3194017319772756
2012-08-31,TTE,E,252,0.32905245099332525
2012-09-04,TTE,E,252,0.32994029884935444
2012-09-05,TTE,E,252,0.3063761984176108
2012-09-06,TTE,E,252,0.30591015536273086
2012-09-07,TTE,E,252,0.3138819560818598
2012-09-10,TTE,E,252,0.31413597472685423
2012-09-11,TTE,E,252,0.3142923534956187
2012-09-12,TTE,E,252,0.3143965815503034
2012-09-13,TTE,E,252,0.31350328725293364
2012-09-14,TTE,E,252,0.32232038679492425
2012-09-17,TTE,E,252,0.3208999498205193
2012-09-18,TTE,E,252,0.32414258596864587
2012-09-19,TTE,E,252,0.32427049073760883
2012-09-20,TTE,E,252,0.3247537222968383
2012-09-21,TTE,E,252,0.32303207830416925
2012-09-24,TTE,E,252,0.3525334737104299
2012-09-25,TTE,E,252,0.34408302872088875
2012-09-26,TTE,E,252,0.3443955254286368
2012-09-27,TTE,E,252,0.36827155795124844
2012-09-28,TTE,E,252,0.38088413719119063
2012-10-01,TTE,E,252,0.37837655761241706
2012-10-02,TTE,E,252,0.3658425356490802
2012-10-03,TTE,E,252,0.35212626517236295
2012-10-04,TTE,E,252,0.34694385449005893
2012-10-05,TTE,E,252,0.3481417161136913
2012-10-08,TTE,E,252,0.3473485189674721
2012-10-09,TTE,E,252,0.328232226250846
2012-10-10,TTE,E,252,0.31998429414120194
2012-10-11,TTE,E,252,0.31332286175900603
2012-10-12,TTE,E,252,0.3133816649791828
2012-10-15,TTE,E,252,0.31656790621886155
2012-10-16,TTE,E,252,0.3185947466315309
2012-10-17,TTE,E,252,0.3140615432315712
2012-10-18,TTE,E,252,0.3133481629651601
2012-10-19,TTE,E,252,0.31633787491046134
2012-10-22,TTE,E,252,0.31695305590772355
2012-10-23,TTE,E,252,0.3259356081745523
2012-10-24,TTE,E,252,0.326414855238492
2012-10-25,TTE,E,252,0.3273515213720489
2012-10-26,TTE,E,252,0.30106518951619904
2012-10-31,TTE,E,252,0.3027584252411633
2012-11-01,TTE,E,252,0.2785405414462985
2012-11-02,TTE,E,252,0.2814713367434931
2012-11-05,TTE,E,252,0.2814134634216707
2012-11-06,TTE,E,252,0.29494930909448164
2012-11-07,TTE,E,252,0.2900326152668846
2012-11-08,TTE,E,252,0.29045680469318397
2012-11-09,TTE,E,252,0.2909118386389113
2012-11-12,TTE,E,252,0.29239901138675545
2012-11-13,TTE,E,252,0.2926737091545237
2012-11-14,TTE,E,252,0.29336791443610255
2012-11-15,TTE,E,252,0.2771327994594458
2012-11-16,TTE,E,252,0.27693430384173695
2012-11-19,TTE,E,252,0.2753940546510478
2012-11-20,TTE,E,252,0.27550874792013863
2012-11-21,TTE,E,252,0.2791687337864214
2012-11-23,TTE,E,252,0.27582609550786674
2012-11-26,TTE,E,252,0.2822607613554052
2012-11-27,TTE,E,252,0.284134339886863
2012-11-28,TTE,E,252,0.2823308430603933
2012-11-29,TTE,E,252,0.28964920230093955
2012-11-30,TTE,E,252,0.28969088341476196
2012-12-03,TTE,E,252,0.2629198850150476
2012-12-04,TTE,E,252,0.26262845185106404
2012-12-05,TTE,E,252,0.2626244988362071
2012-12-06,TTE,E,252,0.26407420365776296
2012-12-07,TTE,E,252,0.2635355732231606
2012-12-10,TTE,E,252,0.26363731669827717
2012-12-11,TTE,E,252,0.26702388980469227
2012-12-12,TTE,E,252,0.27689164825416623
2012-12-13,TTE,E,252,0.2783689332866798
2012-12-14,TTE,E,252,0.27598681452285206
2012-12-17,TTE,E,252,0.2680750925100888
2012-12-18,TTE,E,252,0.2675894823736924
2012-12-19,TTE,E,252,0.26464194258711277
2012-12-20,TTE,E,252,0.2625758804861733
2012-12-21,TTE,E,252,0.2654032411177351
2012-12-24,TTE,E,252,0.2670434446439127
2012-12-26,TTE,E,252,0.26592462850768345
2012-12-27,TTE,E,252,0.26510476855602966
2012-12-28,TTE,E,252,0.2704891107636458
2012-12-31,TTE,E,252,0.2727246734847721
2013-01-02,TTE,E,252,0.272619211988441
2013-01-03,TTE,E,252,0.2721973265083176
2013-01-04,TTE,E,252,0.2755628712755461
2013-01-07,TTE,E,252,0.2752552096054658
2013-01-08,TTE,E,252,0.27896249066069545
2013-01-09,TTE,E,252,0.27868846591567736
2013-01-10,TTE,E,252,0.27798656374488623
2013-01-11,TTE,E,252,0.27972331437948406
2013-01-14,TTE,E,252,0.2794234150637861
2013-01-15,TTE,E,252,0.2801041505702116
2013-01-16,TTE,E,252,0.2764982200901536
2013-01-17,TTE,E,252,0.2768922427432728
2013-01-18,TTE,E,252,0.2775006053942928
2013-01-22,TTE,E,252,0.2614064278428389
2013-01-23,TTE,E,252,0.2615402467191888
2013-01-24,TTE,E,252,0.26199992375596176
2013-01-25,TTE,E,252,0.26214572526228686
2013-01-28,TTE,E,252,0.26191779445014385
2013-01-29,TTE,E,252,0.2495170713108756
2013-01-30,TTE,E,252,0.24955389568552144
2013-01-31,TTE,E,252,0.2489118217303596
2013-02-01,TTE,E,252,0.24877843490365933
2013-02-04,TTE,E,252,0.2596748330346375
2013-02-05,TTE,E,252,0.2579471097144322
2013-02-06,TTE,E,252,0.25829731330916755
2013-02-07,TTE,E,252,0.26676732437360384
2013-02-08,TTE,E,252,0.2668585467113638
2013-02-11,TTE,E,252,0.2671393836817131
2013-02-12,TTE,E,252,0.2669612389972101
2013-02-13,TTE,E,252,0.2672334874556661
2013-02-14,TTE,E,252,0.26786789859769805
2013-02-15,TTE,E,252,0.26306298550832563
2013-02-19,TTE,E,252,0.2634190210146488
2013-02-20,TTE,E,252,0.2622846661674243
2013-02-21,TTE,E,252,0.2654934141421618
2013-02-22,TTE,E,252,0.2633045947192096
2013-02-25,TTE,E,252,0.22024828104393762
2013-02-26,TTE,E,252,0.20842157326090524
2013-02-27,TTE,E,252,0.21238253051956793
2013-02-28,TTE,E,252,0.21241660378656937
2013-03-01,TTE,E,252,0.2119190311793272
2013-03-04,TTE,E,252,0.21284085076570308
2013-03-05,TTE,E,252,0.21349231533011603
2013-03-06,TTE,E,252,0.21567051342430366
2013-03-07,TTE,E,252,0.215973189210502
2013-03-08,TTE,E,252,0.21678108643253546
2013-03-11,TTE,E,252,0.21895643964729913
2013-03-12,TTE,E,252,0.22074391219750863
2013-03-13,TTE,E,252,0.2228214449589748
2013-03-14,TTE,E,252,0.2292277200382384
2013-03-15,TTE,E,252,0.2294767571523806
2013-03-18,TTE,E,252,0.23169964591093464
2013-03-19,TTE,E,252,0.23484859529456611
2013-03-20,TTE,E,252,0.23478769806376162
2013-03-21,TTE,E,252,0.23196310114039978
2013-03-22,TTE,E,252,0.23212302013226938
2013-03-25,TTE,E,252,0.22961288523088547
2013-03-26,TTE,E,252,0.22589150108329598
2013-03-27,TTE,E,252,0.22515012297590373
2013-03-28,TTE,E,252,0.21958499000382734
2013-04-01,TTE,E,252,0.20156287971254647
2013-04-02,TTE,E,252,0.20467824932114262
2013-04-03,TTE,E,252,0.20298170986956418
2013-04-04,TTE,E,252,0.20259130969506245
2013-04-05,TTE,E,252,0.20258873844896394
2013-04-08,TTE,E,252,0.20407082788598496
2013-04-09,TTE,E,252,0.20471623620209414
2013-04-10,TTE,E,252,0.2019854860703255
2013-04-11,TTE,E,252,0.20276461124333642
2013-04-12,TTE,E,252,0.2041407633726185
2013-04-15,TTE,E,252,0.2032205287629938
2013-04-16,TTE,E,252,0.2090392020707014
2013-04-17,TTE,E,252,0.19774963021956174
2013-04-18,TTE,E,252,0.18281899400952553
2013-04-19,TTE,E,252,0.1834347032791968
2013-04-22,TTE,E,252,0.18717097845561226
2013-04-23,TTE,E,252,0.18172791206788336
2013-04-24,TTE,E,252,0.1843894911093019
2013-04-25,TTE,E,252,0.18496718019356276
2013-04-26,TTE,E,252,0.18511206082560847
2013-04-29,TTE,E,252,0.18486889633014938
2013-04-30,TTE,E,252,0.18502922859026022
2013-05-01,TTE,E,252,0.18419785865409566
2013-05-02,TTE,E,252,0.18404630153484242
2013-05-03,TTE,E,252,0.18316963631515432
2013-05-06,TTE,E,252,0.179421878686143
2013-05-07,TTE,E,252,0.1804008707346551
2013-05-08,TTE,E,252,0.17203667821616692
2013-05-09,TTE,E,252,0.17087156194987577
2013-05-10,TTE,E,252,0.16832362606277784
2013-05-13,TTE,E,252,0.16847105185249486
2013-05-14,TTE,E,252,0.16821038439208938
2013-05-15,TTE,E,252,0.16885048212827397
2013-05-16,TTE,E,252,0.16942151657414717
2013-05-17,TTE,E,252,0.16996643653760263
2013-05-20,TTE,E,252,0.16761331383307965
2013-05-21,TTE,E,252,0.16629241629830058
2013-05-22,TTE,E,252,0.1662691084618043
2013-05-23,TTE,E,252,0.16648913075771868
2013-05-24,TTE,E,252,0.16367163107186844
2013-05-28,TTE,E,252,0.16538234084031642
2013-05-29,TTE,E,252,0.16581766702725975
2013-05-30,TTE,E,252,0.16575566496296681
2013-05-31,TTE,E,252,0.16493873762899783
2013-06-03,TTE,E,252,0.15268565678044815
2013-06-04,TTE,E,252,0.1535422275262329
2013-06-05,TTE,E,252,0.15324016983900274
2013-06-06,TTE,E,252,0.15413852631073996
2013-06-07,TTE,E,252,0.15410030864175023
2013-06-10,TTE,E,252,0.15566248925093717
2013-06-11,TTE,E,252,0.15676174875782542
2013-06-12,TTE,E,252,0.1570979122082553
2013-06-13,TTE,E,252,0.15713301048258435
2013-06-14,TTE,E,252,0.15290211142967788
2013-06-17,TTE,E,252,0.1545010884372352
2013-06-18,TTE,E,252,0.15418458180772177
2013-06-19,TTE,E,252,0.1395838747706217
2013-06-20,TTE,E,252,0.16537907728612833
2013-06-21,TTE,E,252,0.16694403743617833
2013-06-24,TTE,E,252,0.1673594092488821
2013-06-25,TTE,E,252,0.16802953221969294
2013-06-26,TTE,E,252,0.1678020907434816
2013-06-27,TTE,E,252,0.1596755622355729
2013-06-28,TTE,E,252,0.15834695804172055
2013-07-01,TTE,E,252,0.1590811041895937
2013-07-02,TTE,E,252,0.1588754703066116
2013-07-03,TTE,E,252,0.16318056288545885
2013-07-05,TTE,E,252,0.16355131315343235
2013-07-08,TTE,E,252,0.1646588348096648
2013-07-09,TTE,E,252,0.16593358290630172
2013-07-10,TTE,E,252,0.16666568385971575
2013-07-11,TTE,E,252,0.17715487324276016
2013-07-12,TTE,E,252,0.17710839981979704
2013-07-15,TTE,E,252,0.17793922622370004
2013-07-16,TTE,E,252,0.17788242961565898
2013-07-17,TTE,E,252,0.17730636570232244
2013-07-18,TTE,E,252,0.18726433342856458
2013-07-19,TTE,E,252,0.18721730502708703
2013-07-22,TTE,E,252,0.18846683698872724
2013-07-23,TTE,E,252,0.18832651989357763
2013-07-24,TTE,E,252,0.189936869523513
2013-07-25,TTE,E,252,0.17378124405578285
2013-07-26,TTE,E,252,0.15863514497240375
2013-07-29,TTE,E,252,0.158484456698182
2013-07-30,TTE,E,252,0.1644085225267455
2013-07-31,TTE,E,252,0.1671572937882232
2013-08-01,TTE,E,252,0.16589455611602683
2013-08-02,TTE,E,252,0.1662478302818859
2013-08-05,TTE,E,252,0.18264773385312674
2013-08-06,TTE,E,252,0.1806797812326493
2013-08-07,TTE,E,252,0.19242992901025138
2013-08-08,TTE,E,252,0.1924023540262954
2013-08-09,TTE,E,252,0.18251883863390056
2013-08-12,TTE,E,252,0.18251935669761934
2013-08-13,TTE,E,252,0.18275798377786653
2013-08-14,TTE,E,252,0.1826596143642494
2013-08-15,TTE,E,252,0.1826517515923636
2013-08-16,TTE,E,252,0.18247436790056903
2013-08-19,TTE,E,252,0.18132092122015103
2013-08-20,TTE,E,252,0.18162675084542665
2013-08-21,TTE,E,252,0.18138929266470383
2013-08-22,TTE,E,252,0.1799503884837846
2013-08-23,TTE,E,252,0.17680976163602943
2013-08-26,TTE,E,252,0.17679300892851885
2013-08-27,TTE,E,252,0.16829088275628945
2013-08-28,TTE,E,252,0.1714255924279505
2013-08-29,TTE,E,252,0.17440281693225038
2013-08-30,TTE,E,252,0.17646535135803365
2013-09-03,TTE,E,252,0.17647480879993657
2013-09-04,TTE,E,252,0.17652274509679905
2013-09-05,TTE,E,252,0.17608272818623363
2013-09-06,TTE,E,252,0.1761505916704136
2013-09-09,TTE,E,252,0.1761838092794091
2013-09-10,TTE,E,252,0.17953045897117367
2013-09-11,TTE,E,252,0.1557321416527034
2013-09-12,TTE,E,252,0.15605018767557643
2013-09-13,TTE,E,252,0.15514568950977656
2013-09-16,TTE,E,252,0.15497820449765276
2013-09-17,TTE,E,252,0.1568389768757437
2013-09-18,TTE,E,252,0.1400032908006078
2013-09-19,TTE,E,252,0.142691557401707
2013-09-20,TTE,E,252,0.13821993692407283
2013-09-23,TTE,E,252,0.13416432677241327
2013-09-24,TTE,E,252,0.1327442904576917
2013-09-25,TTE,E,252,0.14002332324692843
2013-09-26,TTE,E,252,0.13964947349252305
2013-09-27,TTE,E,252,0.13813095992720067
2013-09-30,TTE,E,252,0.1383224790584461
2013-10-01,TTE,E,252,0.13403066464065383
2013-10-02,TTE,E,252,0.13519126693726188
2013-10-03,TTE,E,252,0.14094804548407705
2013-10-04,TTE,E,252,0.14078947614768103
2013-10-07,TTE,E,252,0.14087691705457395
2013-10-08,TTE,E,252,0.14063714566885435
2013-10-09,TTE,E,252,0.13983043061533804
2013-10-10,TTE,E,252,0.14661564561014037
2013-10-11,TTE,E,252,0.1465820253267618
2013-10-14,TTE,E,252,0.15788007670028484
2013-10-15,TTE,E,252,0.15902329403970922
2013-10-16,TTE,E,252,0.16104578293740365
2013-10-17,TTE,E,252,0.1610656934316816
2013-10-18,TTE,E,252,0.16063634900803941
2013-10-21,TTE,E,252,0.15015919374332826
2013-10-22,TTE,E,252,0.1471301120877909
2013-10-23,TTE,E,252,0.14461961640297183
2013-10-24,TTE,E,252,0.14611062440951625
2013-10-25,TTE,E,252,0.12905271238835214
2013-10-28,TTE,E,252,0.12931046167103613
2013-10-29,TTE,E,252,0.13121112904907484
2013-10-30,TTE,E,252,0.1312549925580292
2013-10-31,TTE,E,252,0.12368870469509065
2013-11-01,TTE,E,252,0.13222200439206963
2013-11-04,TTE,E,252,0.13213147917980356
2013-11-05,TTE,E,252,0.13246117421318868
2013-11-06,TTE,E,252,0.13313512360849353
2013-11-07,TTE,E,252,0.1285787341122655
2013-11-08,TTE,E,252,0.12433297752594387
2013-11-11,TTE,E,252,0.12356677734189098
2013-11-12,TTE,E,252,0.12341616012922783
2013-11-13,TTE,E,252,0.12168446389541661
2013-11-14,TTE,E,252,0.12165395321059932
2013-11-15,TTE,E,252,0.14070242550071557
2013-11-18,TTE,E,252,0.1432595708371354
2013-11-19,TTE,E,252,0.13740229007053975
2013-11-20,TTE,E,252,0.14207423271974132
2013-11-21,TTE,E,252,0.1388391054000186
2013-11-22,TTE,E,252,0.13498809676570228
2013-11-25,TTE,E,252,0.13423928567505947
2013-11-26,TTE,E,252,0.13177221035289255
2013-11-27,TTE,E,252,0.13384239040387622
2013-11-29,TTE,E,252,0.13484145945753112
2013-12-02,TTE,E,252,0.1342749263792045
2013-12-03,TTE,E,252,0.13629119641765094
2013-12-04,TTE,E,252,0.14107324485667436
2013-12-05,TTE,E,252,0.1425565283683314
2013-12-06,TTE,E,252,0.14521430739681826
2013-12-09,TTE,E,252,0.14533623201012127
2013-12-10,TTE,E,252,0.14664698064530785
2013-12-11,TTE,E,252,0.14197873609852232
2013-12-12,TTE,E,252,0.1349519889672748
2013-12-13,TTE,E,252,0.13575436274827488
2013-12-16,TTE,E,252,0.14243932131764692
2013-12-17,TTE,E,252,0.14272605834399768
2013-12-18,TTE,E,252,0.14119922418133002
2013-12-19,TTE,E,252,0.14432564126293204
2013-12-20,TTE,E,252,0.15052414987933618
2013-12-23,TTE,E,252,0.15266465619754035
2013-12-24,TTE,E,252,0.1523867377043201
2013-12-26,TTE,E,252,0.15216701315994308
2013-12-27,TTE,E,252,0.15553908057939358
2013-12-30,TTE,E,252,0.14476621413026067
2013-12-31,TTE,E,252,0.14030243578324947
2014-01-02,TTE,E,252,0.1483196790857431
2014-01-03,TTE,E,252,0.14805042989849407
2014-01-06,TTE,E,252,0.1461672570063557
2014-01-07,TTE,E,252,0.14603973809980006
2014-01-08,TTE,E,252,0.14865588903716803
2014-01-09,TTE,E,252,0.14919930249315516
2014-01-10,TTE,E,252,0.14952063150400796
2014-01-13,TTE,E,252,0.15021910176240658
2014-01-14,TTE,E,252,0.1521239080103011
2014-01-15,TTE,E,252,0.15221708379043508
2014-01-16,TTE,E,252,0.1533227360995825
2014-01-17,TTE,E,252,0.15373998720233412
2014-01-21,TTE,E,252,0.15980180923348802
2014-01-22,TTE,E,252,0.1593716968594769
2014-01-23,TTE,E,252,0.15923183983693245
2014-01-24,TTE,E,252,0.16450754685781657
2014-01-27,TTE,E,252,0.1613266335599484
2014-01-28,TTE,E,252,0.1618501224585235
2014-01-29,TTE,E,252,0.18337530755478243
2014-01-30,TTE,E,252,0.18393215083253714
2014-01-31,TTE,E,252,0.18780246072792459
2014-02-03,TTE,E,252,0.19814339132985143
2014-02-04,TTE,E,252,0.1789142856253509
2014-02-05,TTE,E,252,0.17425158213590058
2014-02-06,TTE,E,252,0.18152927776403618
2014-02-07,TTE,E,252,0.1664258060449752
2014-02-10,TTE,E,252,0.16647169587886865
2014-02-11,TTE,E,252,0.16959983688935154
2014-02-12,TTE,E,252,0.17029213482383748
2014-02-13,TTE,E,252,0.17599280965856798
2014-02-14,TTE,E,252,0.17156100225686782
2014-02-18,TTE,E,252,0.1800996639131238
2014-02-19,TTE,E,252,0.18094755917037036
2014-02-20,TTE,E,252,0.18151674787229846
2014-02-21,TTE,E,252,0.1746022176250474
2014-02-24,TTE,E,252,0.1778259750299971
2014-02-25,TTE,E,252,0.2559577438000507
2014-02-26,TTE,E,252,0.28147843293461117
2014-02-27,TTE,E,252,0.272079514585368
2014-02-28,TTE,E,252,0.27239520992789623
2014-03-03,TTE,E,252,0.281649695260952
2014-03-04,TTE,E,252,0.2885483461974793
2014-03-05,TTE,E,252,0.2918080333468141
2014-03-06,TTE,E,252,0.2905442219793231
2014-03-07,TTE,E,252,0.2908760494146447
2014-03-10,TTE,E,252,0.29140819385072614
2014-03-11,TTE,E,252,0.29143712079843337
2014-03-12,TTE,E,252,0.2896886372552293
2014-03-13,TTE,E,252,0.27515338160737945
2014-03-14,TTE,E,252,0.263081599113544
2014-03-17,TTE,E,252,0.2590522616814727
2014-03-18,TTE,E,252,0.2676029507423298
2014-03-19,TTE,E,252,0.26427057982928487
2014-03-20,TTE,E,252,0.26565366434993126
2014-03-21,TTE,E,252,0.2609293796991464
2014-03-24,TTE,E,252,0.2631977846940117
2014-03-25,TTE,E,252,0.2645545254071126
2014-03-26,TTE,E,252,0.25518674385214335
2014-03-27,TTE,E,252,0.25660996130403385
2014-03-28,TTE,E,252,0.25494837376015045
2014-03-31,TTE,E,252,0.25037105237318047
2014-04-01,TTE,E,252,0.24488156098350508
2014-04-02,TTE,E,252,0.24490289530484963
2014-04-03,TTE,E,252,0.2449597756585039
2014-04-04,TTE,E,252,0.24387337176799795
2014-04-07,TTE,E,252,0.24429715765269688
2014-04-08,TTE,E,252,0.24484972411004022
2014-04-09,TTE,E,252,0.24705945534541687
2014-04-10,TTE,E,252,0.2503063705630736
2014-04-11,TTE,E,252,0.2500829566041275
2014-04-14,TTE,E,252,0.2501444234733034
2014-04-15,TTE,E,252,0.2462908049746032
2014-04-16,TTE,E,252,0.24365777170714026
2014-04-17,TTE,E,252,0.2692779783933005
2014-04-21,TTE,E,252,0.26939486197316975
2014-04-22,TTE,E,252,0.26827286097907
2014-04-23,TTE,E,252,0.2668839366656465
2014-04-24,TTE,E,252,0.2628333272663438
2014-04-25,TTE,E,252,0.2653938853630356
2014-04-28,TTE,E,252,0.26203827705712146
2014-04-29,TTE,E,252,0.2724429420414886
2014-04-30,TTE,E,252,0.27179664264968073
2014-05-01,TTE,E,252,0.27214643241836883
2014-05-02,TTE,E,252,0.2736151332207059
2014-05-05,TTE,E,252,0.27240466994259754
2014-05-06,TTE,E,252,0.27275944121649176
2014-05-07,TTE,E,252,0.2731272539905405
2014-05-08,TTE,E,252,0.27392751813634375
2014-05-09,TTE,E,252,0.27843394405079097
2014-05-12,TTE,E,252,0.28306811375442686
2014-05-13,TTE,E,252,0.2884984765046339
2014-05-14,TTE,E,252,0.28857406916468975
2014-05-15,TTE,E,252,0.2918716115203682
2014-05-16,TTE,E,252,0.292678161089798
2014-05-19,TTE,E,252,0.29332461629493045
2014-05-20,TTE,E,252,0.2944684453380346
2014-05-21,TTE,E,252,0.2964486608596188
2014-05-22,TTE,E,252,0.2964588320218994
2014-05-23,TTE,E,252,0.2929421487151155
2014-05-27,TTE,E,252,0.29919287368166936
2014-05-28,TTE,E,252,0.29889370697921663
2014-05-29,TTE,E,252,0.2980862347202671
2014-05-30,TTE,E,252,0.29949431498612855
2014-06-02,TTE,E,252,0.30381182814933594
2014-06-03,TTE,E,252,0.3064815413353699
2014-06-04,TTE,E,252,0.3056422862333493
2014-06-05,TTE,E,252,0.3042549176189566
2014-06-06,TTE,E,252,0.3118165367562663
2014-06-09,TTE,E,252,0.31061983393201603
2014-06-10,TTE,E,252,0.310812131371809
2014-06-11,TTE,E,252,0.3114404942415238
2014-06-12,TTE,E,252,0.3088530307144681
2014-06-13,TTE,E,252,0.306139118207031
2014-06-16,TTE,E,252,0.3166043856015139
2014-06-17,TTE,E,252,0.3204329533114901
2014-06-18,TTE,E,252,0.32222643150141544
2014-06-19,TTE,E,252,0.3516077887729107
2014-06-20,TTE,E,252,0.3028853707130841
2014-06-23,TTE,E,252,0.3039752969534862
2014-06-24,TTE,E,252,0.30666709121566826
2014-06-25,TTE,E,252,0.305549082596569
2014-06-26,TTE,E,252,0.31137167014475947
2014-06-27,TTE,E,252,0.3094795383425647
2014-06-30,TTE,E,252,0.3105725797893951
2014-07-01,TTE,E,252,0.3105800064707761
2014-07-02,TTE,E,252,0.31174906760220816
2014-07-03,TTE,E,252,0.3111510592936551
2014-07-07,TTE,E,252,0.3146956598485344
2014-07-08,TTE,E,252,0.3228465230434013
2014-07-09,TTE,E,252,0.3207673282743955
2014-07-10,TTE,E,252,0.3306572434838057
2014-07-11,TTE,E,252,0.31316368692220076
2014-07-14,TTE,E,252,0.3159500158440278
2014-07-15,TTE,E,252,0.3201159809010781
2014-07-16,TTE,E,252,0.31886580875600296
2014-07-17,TTE,E,252,0.3368315450445369
2014-07-18,TTE,E,252,0.3367114336250969
2014-07-21,TTE,E,252,0.3389175669444864
2014-07-22,TTE,E,252,0.3478847644681721
2014-07-23,TTE,E,252,0.3483160101864435
2014-07-24,TTE,E,252,0.34884378406800093
2014-07-25,TTE,E,252,0.356594834842163
2014-07-28,TTE,E,252,0.35660653238066353
2014-07-29,TTE,E,252,0.36063053104818515
2014-07-30,TTE,E,252,0.3724392374051321
2014-07-31,TTE,E,252,0.38919343079132146
2014-08-01,TTE,E,252,0.3930361488211175
2014-08-04,TTE,E,252,0.39412419949805755
2014-08-05,TTE,E,252,0.38686091061517636
2014-08-06,TTE,E,252,0.38638824445441916
2014-08-07,TTE,E,252,0.38660553851659224
2014-08-08,TTE,E,252,0.38301595068738475
2014-08-11,TTE,E,252,0.38420877956811933
2014-08-12,TTE,E,252,0.38912549254690004
2014-08-13,TTE,E,252,0.3891731957701619
2014-08-14,TTE,E,252,0.38859072656417337
2014-08-15,TTE,E,252,0.38822345616482995
2014-08-18,TTE,E,252,0.38828359098816306
2014-08-19,TTE,E,252,0.3919453223010692
2014-08-20,TTE,E,252,0.39199637585053015
2014-08-21,TTE,E,252,0.3938956017224903
2014-08-22,TTE,E,252,0.4009946138916511
2014-08-25,TTE,E,252,0.40671460112885177
2014-08-26,TTE,E,252,0.40676904254291535
2014-08-27,TTE,E,252,0.41760073768005085
2014-08-28,TTE,E,252,0.41250545178741743
2014-08-29,TTE,E,252,0.4097497249486608
2014-09-02,TTE,E,252,0.408103614139069
2014-09-03,TTE,E,252,0.4087165060030227
2014-09-04,TTE,E,252,0.4096684656725394
2014-09-05,TTE,E,252,0.4122412800245709
2014-09-08,TTE,E,252,0.40968693818794516
2014-09-09,TTE,E,252,0.40715495293674586
2014-09-10,TTE,E,252,0.40736683421073067
2014-09-11,TTE,E,252,0.4182878547150258
2014-09-12,TTE,E,252,0.41818988253163775
2014-09-15,TTE,E,252,0.41955081563952035
2014-09-16,TTE,E,252,0.42259076121448047
2014-09-17,TTE,E,252,0.4227231176286843
2014-09-18,TTE,E,252,0.4184742272485441
2014-09-19,TTE,E,252,0.4183745440746916
2014-09-22,TTE,E,252,0.4181685340184488
2014-09-23,TTE,E,252,0.4284564428644697
2014-09-24,TTE,E,252,0.42981041673045806
2014-09-25,TTE,E,252,0.42008259412303345
2014-09-26,TTE,E,252,0.41992561114910176
2014-09-29,TTE,E,252,0.4236828343723759
2014-09-30,TTE,E,252,0.42342266638251463
2014-10-01,TTE,E,252,0.4365938254561643
2014-10-02,TTE,E,252,0.444741463707033
2014-10-03,TTE,E,252,0.44663182641583304
2014-10-06,TTE,E,252,0.44646183151272756
2014-10-07,TTE,E,252,0.4533648851618819
2014-10-08,TTE,E,252,0.4503682129210832
2014-10-09,TTE,E,252,0.44738259596669533
2014-10-10,TTE,E,252,0.44597056016240666
2014-10-13,TTE,E,252,0.4457593005871638
2014-10-14,TTE,E,252,0.4465196678821895
2014-10-15,TTE,E,252,0.45179654314493767
2014-10-16,TTE,E,252,0.4512136035980031
2014-10-17,TTE,E,252,0.45084820847370677
2014-10-20,TTE,E,252,0.45392880343684994
2014-10-21,TTE,E,252,0.462043530066114
2014-10-22,TTE,E,252,0.4717014874556362
2014-10-23,TTE,E,252,0.47818382225785505
2014-10-24,TTE,E,252,0.47698097169532516
2014-10-27,TTE,E,252,0.4725156188122768
2014-10-28,TTE,E,252,0.4670444002009854
2014-10-29,TTE,E,252,0.46411225447818527
2014-10-30,TTE,E,252,0.4629072058291844
2014-10-31,TTE,E,252,0.47471817939157307
2014-11-03,TTE,E,252,0.4738781898180643
2014-11-04,TTE,E,252,0.4868803581189895
2014-11-05,TTE,E,252,0.48812065918034087
2014-11-06,TTE,E,252,0.4872393003039903
2014-11-07,TTE,E,252,0.4969042493723359
2014-11-10,TTE,E,252,0.5053216580233008
2014-11-11,TTE,E,252,0.5010664556015517
2014-11-12,TTE,E,252,0.49625842746342524
2014-11-13,TTE,E,252,0.4976900880599407
2014-11-14,TTE,E,252,0.5006474220518848
2014-11-17,TTE,E,252,0.49931581668177333
2014-11-18,TTE,E,252,0.4969748236511713
2014-11-19,TTE,E,252,0.5082423120944886
2014-11-20,TTE,E,252,0.5037529122796511
2014-11-21,TTE,E,252,0.5151047090890472
2014-11-24,TTE,E,252,0.5152078733857326
2014-11-25,TTE,E,252,0.5151493222950064
2014-11-26,TTE,E,252,0.5180733805795673
2014-11-28,TTE,E,252,0.5653085691723294
2014-12-01,TTE,E,252,0.5643046234487553
2014-12-02,TTE,E,252,0.5649265396378441
2014-12-03,TTE,E,252,0.5641201242955417
2014-12-04,TTE,E,252,0.5679541185671961
2014-12-05,TTE,E,252,0.5671391430895133
2014-12-08,TTE,E,252,0.5536999570976032
2014-12-09,TTE,E,252,0.5511122354385165
2014-12-10,TTE,E,252,0.5524140434820564
2014-12-11,TTE,E,252,0.5606733821758584
2014-12-12,TTE,E,252,0.5561755734316508
2014-12-15,TTE,E,252,0.5670604060557016
2014-12-16,TTE,E,252,0.557355906049828
2014-12-17,TTE,E,252,0.553422658713
2014-12-18,TTE,E,252,0.5605327304014952
2014-12-19,TTE,E,252,0.5602422267708789
2014-12-22,TTE,E,252,0.5544615149024513
2014-12-23,TTE,E,252,0.5527068213503445
2014-12-24,TTE,E,252,0.5532291355892038
2014-12-26,TTE,E,252,0.5538050890251092
2014-12-29,TTE,E,252,0.549903276283584
2014-12-30,TTE,E,252,0.5524735917894734
2014-12-31,TTE,E,252,0.5540496881615066
2015-01-02,TTE,E,252,0.551813170359507
2015-01-05,TTE,E,252,0.5883036763737043
2015-01-06,TTE,E,252,0.5908483594660157
2015-01-07,TTE,E,252,0.5916522973592717
2015-01-08,TTE,E,252,0.5955421299441316
2015-01-09,TTE,E,252,0.5989159184426841
2015-01-12,TTE,E,252,0.6001925456089613
2015-01-13,TTE,E,252,0.5983133430075751
2015-01-14,TTE,E,252,0.5976022649245915
2015-01-15,TTE,E,252,0.5981047055020962
2015-01-16,TTE,E,252,0.6050053558668002
2015-01-20,TTE,E,252,0.6047197156653378
2015-01-21,TTE,E,252,0.5980688137019243
2015-01-22,TTE,E,252,0.6006123891676021
2015-01-23,TTE,E,252,0.6037870713729763
2015-01-26,TTE,E,252,0.6018336471034508
2015-01-27,TTE,E,252,0.6033417599442507
2015-01-28,TTE,E,252,0.6021254796245761
2015-01-29,TTE,E,252,0.6005826791326769
2015-01-30,TTE,E,252,0.597952557546622
2015-02-02,TTE,E,252,0.6009605467191931
2015-02-03,TTE,E,252,0.6097627718647733
2015-02-04,TTE,E,252,0.602161125071484
2015-02-05,TTE,E,252,0.6026742012764911
2015-02-06,TTE,E,252,0.604204559659847
2015-02-09,TTE,E,252,0.6034909972284449
2015-02-10,TTE,E,252,0.6036993077309029
2015-02-11,TTE,E,252,0.6013905877287694
2015-02-12,TTE,E,252,0.6042196462677878
2015-02-13,TTE,E,252,0.6008764993916813
2015-02-17,TTE,E,252,0.596061222706801
2015-02-18,TTE,E,252,0.5910683167663617
2015-02-19,TTE,E,252,0.5801843800242809
2015-02-20,TTE,E,252,0.5794467397385464
2015-02-23,TTE,E,252,0.5793709717675609
2015-02-24,TTE,E,252,0.5824958353471539
2015-02-25,TTE,E,252,0.5824267577048827
2015-02-26,TTE,E,252,0.5822225361709933
2015-02-27,TTE,E,252,0.5819973545595636
2015-03-02,TTE,E,252,0.5818815880791997
2015-03-03,TTE,E,252,0.579375032644502
2015-03-04,TTE,E,252,0.5781614435192046
2015-03-05,TTE,E,252,0.5781010799329831
2015-03-06,TTE,E,252,0.585875596752922
2015-03-09,TTE,E,252,0.5844644508706471
2015-03-10,TTE,E,252,0.5784968636806558
2015-03-11,TTE,E,252,0.5695662679079618
2015-03-12,TTE,E,252,0.5707330562827598
2015-03-13,TTE,E,252,0.5753522785810228
2015-03-16,TTE,E,252,0.5766172750616857
2015-03-17,TTE,E,252,0.5751671591154299
2015-03-18,TTE,E,252,0.5685384316231954
2015-03-19,TTE,E,252,0.5673414215798629
2015-03-20,TTE,E,252,0.5766307051787952
2015-03-23,TTE,E,252,0.5799529194519012
2015-03-24,TTE,E,252,0.579316683252083
2015-03-25,TTE,E,252,0.5791611603412337
2015-03-26,TTE,E,252,0.5839531785876909
2015-03-27,TTE,E,252,0.5836355607368128
2015-03-30,TTE,E,252,0.5836235095368326
2015-03-31,TTE,E,252,0.5878272848346364
2015-04-01,TTE,E,252,0.5882770632315766
2015-04-02,TTE,E,252,0.5858294309055537
2015-04-06,TTE,E,252,0.5861851468579685
2015-04-07,TTE,E,252,0.5892726230252096
2015-04-08,TTE,E,252,0.5887079990957239
2015-04-09,TTE,E,252,0.5891965361222784
2015-04-10,TTE,E,252,0.5885004933712618
2015-04-13,TTE,E,252,0.5878141272908949
2015-04-14,TTE,E,252,0.5871203419843604
2015-04-15,TTE,E,252,0.5915734492332345
2015-04-16,TTE,E,252,0.5956320800279349
2015-04-17,TTE,E,252,0.5960666590926215
2015-04-20,TTE,E,252,0.5968051863686137
2015-04-21,TTE,E,252,0.597134594040968
2015-04-22,TTE,E,252,0.596816828010729
2015-04-23,TTE,E,252,0.5971734855394826
2015-04-24,TTE,E,252,0.5971665286489012
2015-04-27,TTE,E,252,0.5928657054465521
2015-04-28,TTE,E,252,0.5938202158320997
2015-04-29,TTE,E,252,0.59145862719144
2015-04-30,TTE,E,252,0.5910613058946631
2015-05-01,TTE,E,252,0.5925547818545984
2015-05-04,TTE,E,252,0.5926228547282062
2015-05-05,TTE,E,252,0.5951827931358789
2015-05-06,TTE,E,252,0.5949717302948265
2015-05-07,TTE,E,252,0.593118399117317
2015-05-08,TTE,E,252,0.5893276575474806
2015-05-11,TTE,E,252,0.5875157554169991
2015-05-12,TTE,E,252,0.5873554331978742
2015-05-13,TTE,E,252,0.5864306514892176
2015-05-14,TTE,E,252,0.5848460984808731
2015-05-15,TTE,E,252,0.5841756201121122
2015-05-18,TTE,E,252,0.584758168053038
2015-05-19,TTE,E,252,0.5850735340684882
2015-05-20,TTE,E,252,0.5842579834905497
2015-05-21,TTE,E,252,0.5836128526428414
2015-05-22,TTE,E,252,0.5821579981382285
2015-05-26,TTE,E,252,0.5803429854981331
2015-05-27,TTE,E,252,0.5748288930635835
2015-05-28,TTE,E,252,0.5746201747693209
2015-05-29,TTE,E,252,0.5744090215411944
2015-06-01,TTE,E,252,0.5735563202385835
2015-06-02,TTE,E,252,0.5706065900891889
2015-06-03,TTE,E,252,0.5702267288772239
2015-06-04,TTE,E,252,0.571333181723042
2015-06-05,TTE,E,252,0.5738880496872425
2015-06-08,TTE,E,252,0.5723040269769364
2015-06-09,TTE,E,252,0.5730125053437247
2015-06-10,TTE,E,252,0.5690275751847934
2015-06-11,TTE,E,252,0.5685197348482268
2015-06-12,TTE,E,252,0.5721178154458522
2015-06-15,TTE,E,252,0.5749778209649496
2015-06-16,TTE,E,252,0.5749866174070761
2015-06-17,TTE,E,252,0.570488721343676
2015-06-18,TTE,E,252,0.5688056540787441
2015-06-19,TTE,E,252,0.5678064239610037
2015-06-22,TTE,E,252,0.5606149950493869
2015-06-23,TTE,E,252,0.5548110108118284
2015-06-24,TTE,E,252,0.5540786438806433
2015-06-25,TTE,E,252,0.5544372588890142
2015-06-26,TTE,E,252,0.5527596136940192
2015-06-29,TTE,E,252,0.5601249771979553
2015-06-30,TTE,E,252,0.5598756926749502
2015-07-01,TTE,E,252,0.5591018545533792
2015-07-02,TTE,E,252,0.5591204205479742
2015-07-06,TTE,E,252,0.5507615811801717
2015-07-07,TTE,E,252,0.5514938311711054
2015-07-08,TTE,E,252,0.5501652327357991
2015-07-09,TTE,E,252,0.5565394099452565
2015-07-10,TTE,E,252,0.5618626285013946
2015-07-13,TTE,E,252,0.561560987503193
2015-07-14,TTE,E,252,0.5609478546480402
2015-07-15,TTE,E,252,0.559851285785422
2015-07-16,TTE,E,252,0.5607212749884826
2015-07-17,TTE,E,252,0.5581124217056386
2015-07-20,TTE,E,252,0.5574925948552131
2015-07-21,TTE,E,252,0.5574413144374507
2015-07-22,TTE,E,252,0.5532624501518297
2015-07-23,TTE,E,252,0.5530525569980006
2015-07-24,TTE,E,252,0.548947744061522
2015-07-27,TTE,E,252,0.5473017901637683
2015-07-28,TTE,E,252,0.5463669420661719
2015-07-29,TTE,E,252,0.5458230307982748
2015-07-30,TTE,E,252,0.5468789819327817
2015-07-31,TTE,E,252,0.5422405226572146
2015-08-03,TTE,E,252,0.5388115354578068
2015-08-04,TTE,E,252,0.5381044162284463
2015-08-05,TTE,E,252,0.5409697524383429
2015-08-06,TTE,E,252,0.5405043248111078
2015-08-07,TTE,E,252,0.5407628813002522
2015-08-10,TTE,E,252,0.5408388313535011
2015-08-11,TTE,E,252,0.5411086406762556
2015-08-12,TTE,E,252,0.5392713984308996
2015-08-13,TTE,E,252,0.5389984852850979
2015-08-14,TTE,E,252,0.5382809242009784
2015-08-17,TTE,E,252,0.5384254562571528
2015-08-18,TTE,E,252,0.5406461073327572
2015-08-19,TTE,E,252,0.5382811555003865
2015-08-20,TTE,E,252,0.5400337655191284
2015-08-21,TTE,E,252,0.5392323798057583
2015-08-24,TTE,E,252,0.5329292623699073
2015-08-25,TTE,E,252,0.4905308537149881
2015-08-26,TTE,E,252,0.49017379680375855
2015-08-27,TTE,E,252,0.5024890511088238
2015-08-28,TTE,E,252,0.5030762968643243
2015-08-31,TTE,E,252,0.5055155429003727
2015-09-01,TTE,E,252,0.5027664288311251
2015-09-02,TTE,E,252,0.5024466055077771
2015-09-03,TTE,E,252,0.5024461509328376
2015-09-04,TTE,E,252,0.5052625047983859
2015-09-08,TTE,E,252,0.505504842303599
2015-09-09,TTE,E,252,0.5067404712947464
2015-09-10,TTE,E,252,0.5068173733145205
2015-09-11,TTE,E,252,0.5055350956723766
2015-09-14,TTE,E,252,0.5055401071798625
2015-09-15,TTE,E,252,0.5050861467151724
2015-09-16,TTE,E,252,0.5081490894918037
2015-09-17,TTE,E,252,0.5076995232609396
2015-09-18,TTE,E,252,0.5131486206877777
2015-09-21,TTE,E,252,0.5132546388059723
2015-09-22,TTE,E,252,0.5093561139504513
2015-09-23,TTE,E,252,0.508401950559266
2015-09-24,TTE,E,252,0.5088399291554561
2015-09-25,TTE,E,252,0.5123887875304295
2015-09-28,TTE,E,252,0.5054892331864598
2015-09-29,TTE,E,252,0.5049870959793238
2015-09-30,TTE,E,252,0.4945368275389554
2015-10-01,TTE,E,252,0.49389242328641886
2015-10-02,TTE,E,252,0.5025199095451641
2015-10-05,TTE,E,252,0.5055069544373993
2015-10-06,TTE,E,252,0.5048765856039008
2015-10-07,TTE,E,252,0.5023980142725016
2015-10-08,TTE,E,252,0.5006754603851505
2015-10-09,TTE,E,252,0.5022834804889972
2015-10-12,TTE,E,252,0.5015640527921554
2015-10-13,TTE,E,252,0.5016457023298837
2015-10-14,TTE,E,252,0.49976230187773896
2015-10-15,TTE,E,252,0.4991637687714811
2015-10-16,TTE,E,252,0.49838566888526814
2015-10-19,TTE,E,252,0.4978198132510402
2015-10-20,TTE,E,252,0.4976135412888886
2015-10-21,TTE,E,252,0.49563150359289215
2015-10-22,TTE,E,252,0.4935849098973861
2015-10-23,TTE,E,252,0.4898075109699419
2015-10-26,TTE,E,252,0.48871004313547345
2015-10-27,TTE,E,252,0.48892601056772345
2015-10-28,TTE,E,252,0.49053108790016553
2015-10-29,TTE,E,252,0.4907802447889966
2015-10-30,TTE,E,252,0.49073535309857724
2015-11-02,TTE,E,252,0.48945323962392184
2015-11-03,TTE,E,252,0.4870765087300581
2015-11-04,TTE,E,252,0.47964020851292105
2015-11-05,TTE,E,252,0.47933853272866467
2015-11-06,TTE,E,252,0.47994115799706843
2015-11-09,TTE,E,252,0.48072876773560597
2015-11-10,TTE,E,252,0.4806337058724861
2015-11-11,TTE,E,252,0.4833646149261417
2015-11-12,TTE,E,252,0.48432355985077435
2015-11-13,TTE,E,252,0.4848780738390754
2015-11-16,TTE,E,252,0.48265222915494477
2015-11-17,TTE,E,252,0.4818788758384676
2015-11-18,TTE,E,252,0.48309258415847417
2015-11-19,TTE,E,252,0.4820876726664536
2015-11-20,TTE,E,252,0.4870148670412322
2015-11-23,TTE,E,252,0.4785102104124593
2015-11-24,TTE,E,252,0.47909975504169694
2015-11-25,TTE,E,252,0.4788516400955862
2015-11-27,TTE,E,252,0.47912613644488067
2015-11-30,TTE,E,252,0.45105637406934695
2015-12-01,TTE,E,252,0.4519272559292207
2015-12-02,TTE,E,252,0.452018371008869
2015-12-03,TTE,E,252,0.4510685755730018
2015-12-04,TTE,E,252,0.44707927205201453
2015-12-07,TTE,E,252,0.4454941591340377
2015-12-08,TTE,E,252,0.4483064858078292
2015-12-09,TTE,E,252,0.4402446769561625
2015-12-10,TTE,E,252,0.43938080294386134
2015-12-11,TTE,E,252,0.44297922341526047
2015-12-14,TTE,E,252,0.4444517098948336
2015-12-15,TTE,E,252,0.4372085624620536
2015-12-16,TTE,E,252,0.4391651898460423
2015-12-17,TTE,E,252,0.4372195767649586
2015-12-18,TTE,E,252,0.43214886563463106
2015-12-21,TTE,E,252,0.43022591495689944
2015-12-22,TTE,E,252,0.4305492576719542
2015-12-23,TTE,E,252,0.4380976613420979
2015-12-24,TTE,E,252,0.4372102813294046
2015-12-28,TTE,E,252,0.4365617622690597
2015-12-29,TTE,E,252,0.4374134132363643
2015-12-30,TTE,E,252,0.4343836591688268
2015-12-31,TTE,E,252,0.4343589070714828
2016-01-04,TTE,E,252,0.4352295116270067
2016-01-05,TTE,E,252,0.3987153709438962
2016-01-06,TTE,E,252,0.40502164966904197
2016-01-07,TTE,E,252,0.4051707933456489
2016-01-08,TTE,E,252,0.4008973835562061
2016-01-11,TTE,E,252,0.39522422356827913
2016-01-12,TTE,E,252,0.39521904929014734
2016-01-13,TTE,E,252,0.3964935294523635
2016-01-14,TTE,E,252,0.41153144800237546
2016-01-15,TTE,E,252,0.4203933580220492
2016-01-19,TTE,E,252,0.4129600619392604
2016-01-20,TTE,E,252,0.41808051442346583
2016-01-21,TTE,E,252,0.4202450068128795
2016-01-22,TTE,E,252,0.415778125550513
2016-01-25,TTE,E,252,0.3883172115166003
2016-01-26,TTE,E,252,0.3872629009668417
2016-01-27,TTE,E,252,0.3805956858000033
2016-01-28,TTE,E,252,0.38334591106416527
2016-01-29,TTE,E,252,0.38366055402558263
2016-02-01,TTE,E,252,0.38560773105253215
2016-02-02,TTE,E,252,0.37327659577374583
2016-02-03,TTE,E,252,0.3562349681013831
2016-02-04,TTE,E,252,0.3596130878251493
2016-02-05,TTE,E,252,0.3588683396256933
2016-02-08,TTE,E,252,0.35231954268468285
2016-02-09,TTE,E,252,0.3661665633216929
2016-02-10,TTE,E,252,0.3667121169117448
2016-02-11,TTE,E,252,0.36364721968358776
2016-02-12,TTE,E,252,0.36150145966220026
2016-02-16,TTE,E,252,0.3620251625987458
2016-02-17,TTE,E,252,0.3786053037117728
2016-02-18,TTE,E,252,0.3784599457208687
2016-02-19,TTE,E,252,0.38405849562873345
2016-02-22,TTE,E,252,0.38774555262081883
2016-02-23,TTE,E,252,0.3923432307273509
2016-02-24,TTE,E,252,0.3897232196464914
2016-02-25,TTE,E,252,0.38981738273521277
2016-02-26,TTE,E,252,0.3871414840176725
2016-02-29,TTE,E,252,0.3868950303417682
2016-03-01,TTE,E,252,0.3831345328354702
2016-03-02,TTE,E,252,0.3831680971860301
2016-03-03,TTE,E,252,0.38582733468129593
2016-03-04,TTE,E,252,0.38578080092132494
2016-03-07,TTE,E,252,0.37466259951675934
2016-03-08,TTE,E,252,0.37393667309557854
2016-03-09,TTE,E,252,0.3765016987771436
2016-03-10,TTE,E,252,0.38190263750754716
2016-03-11,TTE,E,252,0.38033626274751947
2016-03-14,TTE,E,252,0.3788658971600066
2016-03-15,TTE,E,252,0.37748810533928817
2016-03-16,TTE,E,252,0.379837611910935
2016-03-17,TTE,E,252,0.38925651032321046
2016-03-18,TTE,E,252,0.38933196323250713
2016-03-21,TTE,E,252,0.3761793821915528
2016-03-22,TTE,E,252,0.3747867588864999
2016-03-23,TTE,E,252,0.3731150170906155
2016-03-24,TTE,E,252,0.37379429182038487
2016-03-28,TTE,E,252,0.3738728306929595
2016-03-29,TTE,E,252,0.37376575293348113
2016-03-30,TTE,E,252,0.3820554855602591
2016-03-31,TTE,E,252,0.3815523847529391
2016-04-01,TTE,E,252,0.3792800399633468
2016-04-04,TTE,E,252,0.3817878334578374
2016-04-05,TTE,E,252,0.38605315105358773
2016-04-06,TTE,E,252,0.3824812130243231
2016-04-07,TTE,E,252,0.3770322390638837
2016-04-08,TTE,E,252,0.3737435435306479
2016-04-11,TTE,E,252,0.37370340533318697
2016-04-12,TTE,E,252,0.37683626706178264
2016-04-13,TTE,E,252,0.3805378635930905
2016-04-14,TTE,E,252,0.37521735498920233
2016-04-15,TTE,E,252,0.37482757789627147
2016-04-18,TTE,E,252,0.37568039882688103
2016-04-19,TTE,E,252,0.375114921884995
2016-04-20,TTE,E,252,0.37635144879489585
2016-04-21,TTE,E,252,0.3766315023455064
2016-04-22,TTE,E,252,0.37694868498266504
2016-04-25,TTE,E,252,0.3771341158981437
2016-04-26,TTE,E,252,0.3802379529758019
2016-04-27,TTE,E,252,0.37996903612514754
2016-04-28,TTE,E,252,0.3800725656303504
2016-04-29,TTE,E,252,0.3806791599429503
2016-05-02,TTE,E,252,0.37972560131890076
2016-05-03,TTE,E,252,0.3867117294014653
2016-05-04,TTE,E,252,0.38709145592424893
2016-05-05,TTE,E,252,0.38702267449280947
2016-05-06,TTE,E,252,0.3877091241402642
2016-05-09,TTE,E,252,0.3908981243789345
2016-05-10,TTE,E,252,0.39358946706678577
2016-05-11,TTE,E,252,0.3935413087401329
2016-05-12,TTE,E,252,0.3932985899742329
2016-05-13,TTE,E,252,0.39424553568530263
2016-05-16,TTE,E,252,0.3935408930360029
2016-05-17,TTE,E,252,0.3917552105119666
2016-05-18,TTE,E,252,0.39158517286621264
2016-05-19,TTE,E,252,0.3927597398892364
2016-05-20,TTE,E,252,0.39083452806740226
2016-05-23,TTE,E,252,0.3915678302333733
2016-05-24,TTE,E,252,0.3921116884763428
2016-05-25,TTE,E,252,0.3939015232279299
2016-05-26,TTE,E,252,0.3939003614630684
2016-05-27,TTE,E,252,0.3930574305772471
2016-05-31,TTE,E,252,0.38942112098664045
2016-06-01,TTE,E,252,0.3909209886470842
2016-06-02,TTE,E,252,0.3911590073225126
2016-06-03,TTE,E,252,0.38511603028499486
2016-06-06,TTE,E,252,0.3851275649954652
2016-06-07,TTE,E,252,0.39137147383760973
2016-06-08,TTE,E,252,0.3912640106431894
2016-06-09,TTE,E,252,0.3931203578848003
2016-06-10,TTE,E,252,0.3986814228975576
2016-06-13,TTE,E,252,0.3945801413046147
2016-06-14,TTE,E,252,0.39424789240087177
2016-06-15,TTE,E,252,0.394174295219396
2016-06-16,TTE,E,252,0.39716407711004
2016-06-17,TTE,E,252,0.3958685264235495
2016-06-20,TTE,E,252,0.39495058391879806
2016-06-21,TTE,E,252,0.39943675264975215
2016-06-22,TTE,E,252,0.3781226774776414
2016-06-23,TTE,E,252,0.3741609125289316
2016-06-24,TTE,E,252,0.4371291275775722
2016-06-27,TTE,E,252,0.43848117211929494
2016-06-28,TTE,E,252,0.439827710456831
2016-06-29,TTE,E,252,0.43738314429273434
2016-06-30,TTE,E,252,0.438770636023793
2016-07-01,TTE,E,252,0.43727110999575547
2016-07-05,TTE,E,252,0.4397388213384178
2016-07-06,TTE,E,252,0.43477429319528466
2016-07-07,TTE,E,252,0.4342396591824992
2016-07-08,TTE,E,252,0.4271532174422285
2016-07-11,TTE,E,252,0.4200949139096211
2016-07-12,TTE,E,252,0.42216673237706226
2016-07-13,TTE,E,252,0.4220118735690807
2016-07-14,TTE,E,252,0.4219367740624503
2016-07-15,TTE,E,252,0.4219095414161681
2016-07-18,TTE,E,252,0.42167323734437673
2016-07-19,TTE,E,252,0.4219317521384023
2016-07-20,TTE,E,252,0.422619039930362
2016-07-21,TTE,E,252,0.42010051897289724
2016-07-22,TTE,E,252,0.42030788166153726
2016-07-25,TTE,E,252,0.4225400593486914
2016-07-26,TTE,E,252,0.42033492164755876
2016-07-27,TTE,E,252,0.4210196837295281
2016-07-28,TTE,E,252,0.4192653489747455
2016-07-29,TTE,E,252,0.41923787235603094
2016-08-01,TTE,E,252,0.417671581852752
2016-08-02,TTE,E,252,0.42011121153690417
2016-08-03,TTE,E,252,0.41909642790272367
2016-08-04,TTE,E,252,0.41999699496066695
2016-08-05,TTE,E,252,0.4201746945800652
2016-08-08,TTE,E,252,0.421072485760083
2016-08-09,TTE,E,252,0.42141729748523493
2016-08-10,TTE,E,252,0.4214366968191443
2016-08-11,TTE,E,252,0.421318811001986
2016-08-12,TTE,E,252,0.4214154848977411
2016-08-15,TTE,E,252,0.4218876600871703
2016-08-16,TTE,E,252,0.42242918165620164
2016-08-17,TTE,E,252,0.4200149165315367
2016-08-18,TTE,E,252,0.4209179173567576
2016-08-19,TTE,E,252,0.41809028725443426
2016-08-22,TTE,E,252,0.41772328562638356
2016-08-23,TTE,E,252,0.4214438380320684
2016-08-24,TTE,E,252,0.4469417971497702
2016-08-25,TTE,E,252,0.4472867676937585
2016-08-26,TTE,E,252,0.4354564723426563
2016-08-29,TTE,E,252,0.43553481363838614
2016-08-30,TTE,E,252,0.4330277476818161
2016-08-31,TTE,E,252,0.4350661748900424
2016-09-01,TTE,E,252,0.4351121643456995
2016-09-02,TTE,E,252,0.43466938641718583
2016-09-06,TTE,E,252,0.43410471981746834
2016-09-07,TTE,E,252,0.435428539031511
2016-09-08,TTE,E,252,0.43498418894033763
2016-09-09,TTE,E,252,0.4335041152407844
2016-09-12,TTE,E,252,0.4308398416431176
2016-09-13,TTE,E,252,0.4277251559279987
2016-09-14,TTE,E,252,0.42779294911130006
2016-09-15,TTE,E,252,0.41704678736994094
2016-09-16,TTE,E,252,0.4226924563891337
2016-09-19,TTE,E,252,0.4157114505654783
2016-09-20,TTE,E,252,0.41539174454651184
2016-09-21,TTE,E,252,0.4178594793093355
2016-09-22,TTE,E,252,0.41770151395117305
2016-09-23,TTE,E,252,0.4042626571440526
2016-09-26,TTE,E,252,0.40457597370135023
2016-09-27,TTE,E,252,0.41042459199698605
2016-09-28,TTE,E,252,0.4182171316357023
2016-09-29,TTE,E,252,0.4271362408038788
2016-09-30,TTE,E,252,0.4271042986814854
2016-10-03,TTE,E,252,0.4165124700343698
2016-10-04,TTE,E,252,0.41232988261462405
2016-10-05,TTE,E,252,0.41145329058860725
2016-10-06,TTE,E,252,0.411708761657546
2016-10-07,TTE,E,252,0.411884518618065
2016-10-10,TTE,E,252,0.4116701686805585
2016-10-11,TTE,E,252,0.4034249228981009
2016-10-12,TTE,E,252,0.40337361942759753
2016-10-13,TTE,E,252,0.40493316239274035
2016-10-14,TTE,E,252,0.40588938206663044
2016-10-17,TTE,E,252,0.40626618249404806
2016-10-18,TTE,E,252,0.40680603420593614
2016-10-19,TTE,E,252,0.40591427115682166
2016-10-20,TTE,E,252,0.4060121462979829
2016-10-21,TTE,E,252,0.4061287346534764
2016-10-24,TTE,E,252,0.40559232206036633
2016-10-25,TTE,E,252,0.40642576605999436
2016-10-26,TTE,E,252,0.40738565190472165
2016-10-27,TTE,E,252,0.4073488915687117
2016-10-28,TTE,E,252,0.4074235714786334
2016-10-31,TTE,E,252,0.40775252063494183
2016-11-01,TTE,E,252,0.4079758367507305
2016-11-02,TTE,E,252,0.41132808865694886
2016-11-03,TTE,E,252,0.41283410458661474
2016-11-04,TTE,E,252,0.41382673573988665
2016-11-07,TTE,E,252,0.41446300241743383
2016-11-08,TTE,E,252,0.41350881881445406
2016-11-09,TTE,E,252,0.41354473374646156
2016-11-10,TTE,E,252,0.4129501364490514
2016-11-11,TTE,E,252,0.41299451425696043
2016-11-14,TTE,E,252,0.42028131874074787
2016-11-15,TTE,E,252,0.4237599953585256
2016-11-16,TTE,E,252,0.4236538920653789
2016-11-17,TTE,E,252,0.42256854295652285
2016-11-18,TTE,E,252,0.42287857951354224
2016-11-21,TTE,E,252,0.4186387337049569
2016-11-22,TTE,E,252,0.42088381682389553
2016-11-23,TTE,E,252,0.4204931903637656
2016-11-25,TTE,E,252,0.42073223724446984
2016-11-28,TTE,E,252,0.42017141796349905
2016-11-29,TTE,E,252,0.42141804287453366
2016-11-30,TTE,E,252,0.42540317730138755
2016-12-01,TTE,E,252,0.42386224187328914
2016-12-02,TTE,E,252,0.4245942676443067
2016-12-05,TTE,E,252,0.42415783521246414
2016-12-06,TTE,E,252,0.4280227448372028
2016-12-07,TTE,E,252,0.43038261358187746
2016-12-08,TTE,E,252,0.438310970170261
2016-12-09,TTE,E,252,0.4388687629693932
2016-12-12,TTE,E,252,0.4328227581162656
2016-12-13,TTE,E,252,0.43626552168661686
2016-12-14,TTE,E,252,0.43671017681683605
2016-12-15,TTE,E,252,0.43799300281696996
2016-12-16,TTE,E,252,0.4410111163692914
2016-12-19,TTE,E,252,0.43957762416049073
2016-12-20,TTE,E,252,0.43965686273326593
2016-12-21,TTE,E,252,0.44159177105529357
2016-12-22,TTE,E,252,0.43430473620571947
2016-12-23,TTE,E,252,0.43167848051366936
2016-12-27,TTE,E,252,0.4319171318172998
2016-12-28,TTE,E,252,0.4283131865023903
2016-12-29,TTE,E,252,0.42877751266529707
2016-12-30,TTE,E,252,0.4284623957527045
2017-01-03,TTE,E,252,0.42709221953701326
2017-01-04,TTE,E,252,0.42710039055704613
2017-01-05,TTE,E,252,0.42119366751953186
2017-01-06,TTE,E,252,0.4204529585038183
2017-01-09,TTE,E,252,0.4192973695191858
2017-01-10,TTE,E,252,0.4202701809538491
2017-01-11,TTE,E,252,0.4202669477282102
2017-01-12,TTE,E,252,0.41917130813316167
2017-01-13,TTE,E,252,0.4068818767157321
2017-01-17,TTE,E,252,0.3976827819108021
2017-01-18,TTE,E,252,0.39770554200497693
2017-01-19,TTE,E,252,0.39300016563326545
2017-01-20,TTE,E,252,0.39279506029528644
2017-01-23,TTE,E,252,0.39627130252547055
2017-01-24,TTE,E,252,0.41805594276871305
2017-01-25,TTE,E,252,0.41996635681504785
2017-01-26,TTE,E,252,0.42626473124140973
2017-01-27,TTE,E,252,0.42488723889217855
2017-01-30,TTE,E,252,0.4239929868628275
2017-01-31,TTE,E,252,0.4225929760791579
2017-02-01,TTE,E,252,0.4306663398962346
2017-02-02,TTE,E,252,0.4339886451917773
2017-02-03,TTE,E,252,0.4334096705354336
2017-02-06,TTE,E,252,0.43361539886432227
2017-02-07,TTE,E,252,0.4357401455714675
2017-02-08,TTE,E,252,0.4227525883640736
2017-02-09,TTE,E,252,0.4208750820727786
2017-02-10,TTE,E,252,0.42424279933285963
2017-02-13,TTE,E,252,0.4221726396601489
2017-02-14,TTE,E,252,0.4218672726391404
2017-02-15,TTE,E,252,0.40882604512179777
2017-02-16,TTE,E,252,0.4115123471073318
2017-02-17,TTE,E,252,0.41320333081273886
2017-02-21,TTE,E,252,0.4166177166720077
2017-02-22,TTE,E,252,0.41014430885465986
2017-02-23,TTE,E,252,0.40614876623636975
2017-02-24,TTE,E,252,0.4060018119193032
2017-02-27,TTE,E,252,0.40738791229355115
2017-02-28,TTE,E,252,0.40504771326162964
2017-03-01,TTE,E,252,0.40918582153493555
2017-03-02,TTE,E,252,0.4094151523030373
2017-03-03,TTE,E,252,0.4034988740849781
2017-03-06,TTE,E,252,0.400713512402735
2017-03-07,TTE,E,252,0.40132623267541884
2017-03-08,TTE,E,252,0.40719704315509875
2017-03-09,TTE,E,252,0.4084231361685431
2017-03-10,TTE,E,252,0.4088209085950817
2017-03-13,TTE,E,252,0.4109832041211374
2017-03-14,TTE,E,252,0.4102198764954887
2017-03-15,TTE,E,252,0.4084504883478486
2017-03-16,TTE,E,252,0.40667264068441544
2017-03-17,TTE,E,252,0.4002296582878341
2017-03-20,TTE,E,252,0.3952531462031186
2017-03-21,TTE,E,252,0.3940973451490384
2017-03-22,TTE,E,252,0.39409773003768317
2017-03-23,TTE,E,252,0.39678723879686645
2017-03-24,TTE,E,252,0.39495596761173174
2017-03-27,TTE,E,252,0.3949603376896688
2017-03-28,TTE,E,252,0.3951392217717323
2017-03-29,TTE,E,252,0.38633585505351237
2017-03-30,TTE,E,252,0.386958343367022
2017-03-31,TTE,E,252,0.3900133065624637
2017-04-03,TTE,E,252,0.38882793829382906
2017-04-04,TTE,E,252,0.3830946236560234
2017-04-05,TTE,E,252,0.38367038028438327
2017-04-06,TTE,E,252,0.39134864203182573
2017-04-07,TTE,E,252,0.39383584966118756
2017-04-10,TTE,E,252,0.39399893866544133
2017-04-11,TTE,E,252,0.39034271174356383
2017-04-12,TTE,E,252,0.38653378829579715
2017-04-13,TTE,E,252,0.3903083094714419
2017-04-17,TTE,E,252,0.38817689082711276
2017-04-18,TTE,E,252,0.38785208687494444
2017-04-19,TTE,E,252,0.38869734645901133
2017-04-20,TTE,E,252,0.3860584139245318
2017-04-21,TTE,E,252,0.3857366435041543
2017-04-24,TTE,E,252,0.3956852882471818
2017-04-25,TTE,E,252,0.3955088380158167
2017-04-26,TTE,E,252,0.3956524836008679
2017-04-27,TTE,E,252,0.3952519154515076
2017-04-28,TTE,E,252,0.39405636419865714
2017-05-01,TTE,E,252,0.3934410725760974
2017-05-02,TTE,E,252,0.39420676367303326
2017-05-03,TTE,E,252,0.38487455279201294
2017-05-04,TTE,E,252,0.38267850350189225
2017-05-05,TTE,E,252,0.37997719458809176
2017-05-08,TTE,E,252,0.3799968520528662
2017-05-09,TTE,E,252,0.3755327241273225
2017-05-10,TTE,E,252,0.37340930766595676
2017-05-11,TTE,E,252,0.3734957611991691
2017-05-12,TTE,E,252,0.37381266748204467
2017-05-15,TTE,E,252,0.3753772545499266
2017-05-16,TTE,E,252,0.3782782079249707
2017-05-17,TTE,E,252,0.37823516908535343
2017-05-18,TTE,E,252,0.37768015200547195
2017-05-19,TTE,E,252,0.3748389638135153
2017-05-22,TTE,E,252,0.37765973905683325
2017-05-23,TTE,E,252,0.3775648885222961
2017-05-24,TTE,E,252,0.37945413658459876
2017-05-25,TTE,E,252,0.3884776918560043
2017-05-26,TTE,E,252,0.38790924097038565
2017-05-30,TTE,E,252,0.38917943505692393
2017-05-31,TTE,E,252,0.39467278992336824
2017-06-01,TTE,E,252,0.394240585346871
2017-06-02,TTE,E,252,0.39460648442278795
2017-06-05,TTE,E,252,0.40153582514278785
2017-06-06,TTE,E,252,0.39875676370615826
2017-06-07,TTE,E,252,0.39047321693360604
2017-06-08,TTE,E,252,0.3907548726879377
2017-06-09,TTE,E,252,0.3914331134893402
2017-06-12,TTE,E,252,0.383277084446972
2017-06-13,TTE,E,252,0.38450028908558015
2017-06-14,TTE,E,252,0.3812120795938356
2017-06-15,TTE,E,252,0.38429472270353066
2017-06-16,TTE,E,252,0.38338113496657195
2017-06-19,TTE,E,252,0.38625482770737485
2017-06-20,TTE,E,252,0.38693531485550325
2017-06-21,TTE,E,252,0.3879217724838834
2017-06-22,TTE,E,252,0.42643105849030116
2017-06-23,TTE,E,252,0.43317633335963446
2017-06-26,TTE,E,252,0.30948351946667646
2017-06-27,TTE,E,252,0.3079246758684259
2017-06-28,TTE,E,252,0.2847813626601171
2017-06-29,TTE,E,252,0.2885096144715714
2017-06-30,TTE,E,252,0.28014468400327497
2017-07-03,TTE,E,252,0.2824084133868126
2017-07-05,TTE,E,252,0.28074752835685235
2017-07-06,TTE,E,252,0.28013714221469355
2017-07-07,TTE,E,252,0.2786403542767971
2017-07-10,TTE,E,252,0.2819734401801967
2017-07-11,TTE,E,252,0.2816459926763125
2017-07-12,TTE,E,252,0.2766460280978889
2017-07-13,TTE,E,252,0.27667888839457294
2017-07-14,TTE,E,252,0.270768020662162
2017-07-17,TTE,E,252,0.2705604549163334
2017-07-18,TTE,E,252,0.2705853700025719
2017-07-19,TTE,E,252,0.26878509764202074
2017-07-20,TTE,E,252,0.26629018514392844
2017-07-21,TTE,E,252,0.2736090782158909
2017-07-24,TTE,E,252,0.2736376673429166
2017-07-25,TTE,E,252,0.27398536870287954
2017-07-26,TTE,E,252,0.2771712408045877
2017-07-27,TTE,E,252,0.27761264458876367
2017-07-28,TTE,E,252,0.2814873930563437
2017-07-31,TTE,E,252,0.28092468580205865
2017-08-01,TTE,E,252,0.28352783281851707
2017-08-02,TTE,E,252,0.2833083185475605
2017-08-03,TTE,E,252,0.2751564390494067
2017-08-04,TTE,E,252,0.27484687738141755
2017-08-07,TTE,E,252,0.27513101392943445
2017-08-08,TTE,E,252,0.27462143863239874
2017-08-09,TTE,E,252,0.2722889322591492
2017-08-10,TTE,E,252,0.2719856831647941
2017-08-11,TTE,E,252,0.27304542970167217
2017-08-14,TTE,E,252,0.2728885332169751
2017-08-15,TTE,E,252,0.2732491476113795
2017-08-16,TTE,E,252,0.2690125389470152
2017-08-17,TTE,E,252,0.26738512456203833
2017-08-18,TTE,E,252,0.2655629167961953
2017-08-21,TTE,E,252,0.26530081490476354
2017-08-22,TTE,E,252,0.2626933771645858
2017-08-23,TTE,E,252,0.26260277887116684
2017-08-24,TTE,E,252,0.263185448719235
2017-08-25,TTE,E,252,0.2633357041716632
2017-08-28,TTE,E,252,0.2635104803325048
2017-08-29,TTE,E,252,0.26311178291005366
2017-08-30,TTE,E,252,0.2631570603196859
2017-08-31,TTE,E,252,0.26324433544913145
2017-09-01,TTE,E,252,0.26586099512533756
2017-09-05,TTE,E,252,0.2658756210505651
2017-09-06,TTE,E,252,0.25329145206232573
2017-09-07,TTE,E,252,0.25267504724403483
2017-09-08,TTE,E,252,0.25279113516472285
2017-09-11,TTE,E,252,0.2569476608365575
2017-09-12,TTE,E,252,0.2597147447757768
2017-09-13,TTE,E,252,0.26461872323439917
2017-09-14,TTE,E,252,0.264566446982088
2017-09-15,TTE,E,252,0.2754297151370179
2017-09-18,TTE,E,252,0.25753520831476595
2017-09-19,TTE,E,252,0.2577753969931423
2017-09-20,TTE,E,252,0.25852149514536676
2017-09-21,TTE,E,252,0.2594182091244103
2017-09-22,TTE,E,252,0.259791496471247
2017-09-25,TTE,E,252,0.29098597736411674
2017-09-26,TTE,E,252,0.29119279249117014
2017-09-27,TTE,E,252,0.2886688129794117
2017-09-28,TTE,E,252,0.26323790904825456
2017-09-29,TTE,E,252,0.2640325413974777
2017-10-02,TTE,E,252,0.2639939557033923
2017-10-03,TTE,E,252,0.26319547296443546
2017-10-04,TTE,E,252,0.26429352135271444
2017-10-05,TTE,E,252,0.26711286802096557
2017-10-06,TTE,E,252,0.2669816698842338
2017-10-09,TTE,E,252,0.26307379913730106
2017-10-10,TTE,E,252,0.2639089938416214
2017-10-11,TTE,E,252,0.28429403573605316
2017-10-12,TTE,E,252,0.28514602895059477
2017-10-13,TTE,E,252,0.28519955292190147
2017-10-16,TTE,E,252,0.2826927373634491
2017-10-17,TTE,E,252,0.281398599315291
2017-10-18,TTE,E,252,0.28246102193261025
2017-10-19,TTE,E,252,0.2835085677712981
2017-10-20,TTE,E,252,0.2837899049765589
2017-10-23,TTE,E,252,0.28363967260217865
2017-10-24,TTE,E,252,0.28675028523686225
2017-10-25,TTE,E,252,0.28631653371580607
2017-10-26,TTE,E,252,0.28364760985325854
2017-10-27,TTE,E,252,0.2832532751503732
2017-10-30,TTE,E,252,0.2861554359683896
2017-10-31,TTE,E,252,0.28702392456763115
2017-11-01,TTE,E,252,0.28600162749126434
2017-11-02,TTE,E,252,0.2781121460323803
2017-11-03,TTE,E,252,0.27870866794438015
2017-11-06,TTE,E,252,0.27431206375226014
2017-11-07,TTE,E,252,0.2723898062947938
2017-11-08,TTE,E,252,0.2724472458627452
2017-11-09,TTE,E,252,0.2724965238055115
2017-11-10,TTE,E,252,0.2727235551759984
2017-11-13,TTE,E,252,0.27736102353282477
2017-11-14,TTE,E,252,0.24731379893113628
2017-11-15,TTE,E,252,0.23541798069324443
2017-11-16,TTE,E,252,0.23658251988651072
2017-11-17,TTE,E,252,0.23657365360156657
2017-11-20,TTE,E,252,0.2368453090760963
2017-11-21,TTE,E,252,0.23799234246536816
2017-11-22,TTE,E,252,0.24318267135816846
2017-11-24,TTE,E,252,0.2420475479754581
2017-11-27,TTE,E,252,0.24228223328217025
2017-11-28,TTE,E,252,0.24197217678504332
2017-11-29,TTE,E,252,0.24001218952286826
2017-11-30,TTE,E,252,0.22181256137802896
2017-12-01,TTE,E,252,0.2250066651766098
2017-12-04,TTE,E,252,0.22496902107630645
2017-12-05,TTE,E,252,0.22664705207072472
2017-12-06,TTE,E,252,0.21907140888543614
2017-12-07,TTE,E,252,0.21626577369649322
2017-12-08,TTE,E,252,0.21631359853971546
2017-12-11,TTE,E,252,0.21186125154219876
2017-12-12,TTE,E,252,0.21741763173316916
2017-12-13,TTE,E,252,0.19621621098365682
2017-12-14,TTE,E,252,0.19327195629897956
2017-12-15,TTE,E,252,0.1933958921224395
2017-12-18,TTE,E,252,0.19175071035252678
2017-12-19,TTE,E,252,0.19203532962990205
2017-12-20,TTE,E,252,0.19318054843760368
2017-12-21,TTE,E,252,0.1897401051912554
2017-12-22,TTE,E,252,0.1927036138020411
2017-12-26,TTE,E,252,0.19899484715924
2017-12-27,TTE,E,252,0.19478749017510957
2017-12-28,TTE,E,252,0.2061709594101303
2017-12-29,TTE,E,252,0.2070067518579766
2018-01-02,TTE,E,252,0.20630042692078762
2018-01-03,TTE,E,252,0.20834127295583155
2018-01-04,TTE,E,252,0.22943114160670255
2018-01-05,TTE,E,252,0.22684640294906872
2018-01-08,TTE,E,252,0.2268163833892544
2018-01-09,TTE,E,252,0.23263722989132415
2018-01-10,TTE,E,252,0.23359930653883113
2018-01-11,TTE,E,252,0.23427872913348782
2018-01-12,TTE,E,252,0.2497853001126294
2018-01-16,TTE,E,252,0.2504965094731451
2018-01-17,TTE,E,252,0.24152620895019086
2018-01-18,TTE,E,252,0.24147773344520052
2018-01-19,TTE,E,252,0.24149029275544046
2018-01-22,TTE,E,252,0.2436108634517576
2018-01-23,TTE,E,252,0.24153959096274696
2018-01-24,TTE,E,252,0.24211084164326466
2018-01-25,TTE,E,252,0.24214142209565817
2018-01-26,TTE,E,252,0.2438611406262955
2018-01-29,TTE,E,252,0.24319242494108592
2018-01-30,TTE,E,252,0.24565527966047893
2018-01-31,TTE,E,252,0.24722461833946718
2018-02-01,TTE,E,252,0.24193375557600705
2018-02-02,TTE,E,252,0.23563640440451536
2018-02-05,TTE,E,252,0.2963757363657616
2018-02-06,TTE,E,252,0.305557877151796
2018-02-07,TTE,E,252,0.29741647076551303
2018-02-08,TTE,E,252,0.30356324387224903
2018-02-09,TTE,E,252,0.3026959448279663
2018-02-12,TTE,E,252,0.3021502832064071
2018-02-13,TTE,E,252,0.30242256808707446
2018-02-14,TTE,E,252,0.3002179664711319
2018-02-15,TTE,E,252,0.30114589924625174
2018-02-16,TTE,E,252,0.3007437581370428
2018-02-20,TTE,E,252,0.28427219734741604
2018-02-21,TTE,E,252,0.26107757705150364
2018-02-22,TTE,E,252,0.2619325981890792
2018-02-23,TTE,E,252,0.26962689689304076
2018-02-26,TTE,E,252,0.2700192493763
2018-02-27,TTE,E,252,0.2748732369365722
2018-02-28,TTE,E,252,0.28050086356309334
2018-03-01,TTE,E,252,0.2835964496874056
2018-03-02,TTE,E,252,0.2759930735112974
2018-03-05,TTE,E,252,0.2785375132989475
2018-03-06,TTE,E,252,0.27839040154250766
2018-03-07,TTE,E,252,0.27331554294519605
2018-03-08,TTE,E,252,0.2605590835299094
2018-03-09,TTE,E,252,0.2564019455027573
2018-03-12,TTE,E,252,0.25939982036526565
2018-03-13,TTE,E,252,0.25912633683544634
2018-03-14,TTE,E,252,0.26038781302920183
2018-03-15,TTE,E,252,0.26369119227781357
2018-03-16,TTE,E,252,0.278479449314452
2018-03-19,TTE,E,252,0.27562929376632933
2018-03-20,TTE,E,252,0.27472054653167255
2018-03-21,TTE,E,252,0.27866275562275483
2018-03-22,TTE,E,252,0.27783955403353133
2018-03-23,TTE,E,252,0.2763530995131831
2018-03-26,TTE,E,252,0.2760525458832392
2018-03-27,TTE,E,252,0.27605601863384005
2018-03-28,TTE,E,252,0.2767954133198732
2018-03-29,TTE,E,252,0.27871000030944254
2018-04-02,TTE,E,252,0.2777110648654048
2018-04-03,TTE,E,252,0.2891343903834498
2018-04-04,TTE,E,252,0.28771325464548175
2018-04-05,TTE,E,252,0.2925435520928394
2018-04-06,TTE,E,252,0.29330494166368526
2018-04-09,TTE,E,252,0.29056546122608407
2018-04-10,TTE,E,252,0.29826413720544476
2018-04-11,TTE,E,252,0.2978771624811921
2018-04-12,TTE,E,252,0.29830636092978446
2018-04-13,TTE,E,252,0.29771548995194924
2018-04-16,TTE,E,252,0.28801891569073607
2018-04-17,TTE,E,252,0.2929369757067103
2018-04-18,TTE,E,252,0.3006235844285355
2018-04-19,TTE,E,252,0.3011771206780247
2018-04-20,TTE,E,252,0.30172036524989176
2018-04-23,TTE,E,252,0.3019660710671813
2018-04-24,TTE,E,252,0.2745606039451865
2018-04-25,TTE,E,252,0.2737892308446021
2018-04-26,TTE,E,252,0.2729491625595586
2018-04-27,TTE,E,252,0.2687245962516833
2018-04-30,TTE,E,252,0.27131607899791427
2018-05-01,TTE,E,252,0.2720703978212844
2018-05-02,TTE,E,252,0.2713642865801667
2018-05-03,TTE,E,252,0.2713653650251673
2018-05-04,TTE,E,252,0.271481700366677
2018-05-07,TTE,E,252,0.2773425901355248
2018-05-08,TTE,E,252,0.2827324418558123
2018-05-09,TTE,E,252,0.30103665969011356
2018-05-10,TTE,E,252,0.29556939526931264
2018-05-11,TTE,E,252,0.29562717689505214
2018-05-14,TTE,E,252,0.30279447011719096
2018-05-15,TTE,E,252,0.30009408813098426
2018-05-16,TTE,E,252,0.30098273832414835
2018-05-17,TTE,E,252,0.3018124247685295
2018-05-18,TTE,E,252,0.30357868168372626
2018-05-21,TTE,E,252,0.3067914681353244
2018-05-22,TTE,E,252,0.3057966952466285
2018-05-23,TTE,E,252,0.30560668007079866
2018-05-24,TTE,E,252,0.30945031604126283
2018-05-25,TTE,E,252,0.3083174399378262
2018-05-29,TTE,E,252,0.3198310007056136
2018-05-30,TTE,E,252,0.333735487054007
2018-05-31,TTE,E,252,0.334550891142936
2018-06-01,TTE,E,252,0.33581972811794547
2018-06-04,TTE,E,252,0.3346913518333123
2018-06-05,TTE,E,252,0.3331794759624381
2018-06-06,TTE,E,252,0.3383095484424905
2018-06-07,TTE,E,252,0.34191648352651677
2018-06-08,TTE,E,252,0.3399634675124241
2018-06-11,TTE,E,252,0.33588274500959886
2018-06-12,TTE,E,252,0.33861999614965677
2018-06-13,TTE,E,252,0.34051187422417717
2018-06-14,TTE,E,252,0.3409203326620164
2018-06-15,TTE,E,252,0.33821388556301885
2018-06-18,TTE,E,252,0.33966580958519016
2018-06-19,TTE,E,252,0.3386480504000122
2018-06-20,TTE,E,252,0.3406005012004808
2018-06-21,TTE,E,252,0.35391057351278743
2018-06-22,TTE,E,252,0.3774462541982834
2018-06-25,TTE,E,252,0.37619313440519425
2018-06-26,TTE,E,252,0.37003907927031626
2018-06-27,TTE,E,252,0.3763669583607007
2018-06-28,TTE,E,252,0.3707485364381167
2018-06-29,TTE,E,252,0.37133234022253947
2018-07-02,TTE,E,252,0.36677916092728974
2018-07-03,TTE,E,252,0.3722776391916651
2018-07-05,TTE,E,252,0.3819199656693325
2018-07-06,TTE,E,252,0.3813996456206207
2018-07-09,TTE,E,252,0.38834986532845134
2018-07-10,TTE,E,252,0.3898253560782892
2018-07-11,TTE,E,252,0.4066760626143711
2018-07-12,TTE,E,252,0.4029184289953964
2018-07-13,TTE,E,252,0.4029648313055615
2018-07-16,TTE,E,252,0.4111114789338399
2018-07-17,TTE,E,252,0.41107036166406286
2018-07-18,TTE,E,252,0.41290525969128267
2018-07-19,TTE,E,252,0.41381688020788837
2018-07-20,TTE,E,252,0.41443361926992034
2018-07-23,TTE,E,252,0.41163323875937174
2018-07-24,TTE,E,252,0.4081331248444323
2018-07-25,TTE,E,252,0.4095601229542721
2018-07-26,TTE,E,252,0.41033728107410883
2018-07-27,TTE,E,252,0.4101826660659471
2018-07-30,TTE,E,252,0.40968267088756377
2018-07-31,TTE,E,252,0.409080931883324
2018-08-01,TTE,E,252,0.39028177303479844
2018-08-02,TTE,E,252,0.38977073615777524
2018-08-03,TTE,E,252,0.4045732221424377
2018-08-06,TTE,E,252,0.40515309495629837
2018-08-07,TTE,E,252,0.4010258941011817
2018-08-08,TTE,E,252,0.3981811456721088
2018-08-09,TTE,E,252,0.4001443833320426
2018-08-10,TTE,E,252,0.4294086934074116
2018-08-13,TTE,E,252,0.4294504080885315
2018-08-14,TTE,E,252,0.4267317901349714
2018-08-15,TTE,E,252,0.4476050769835141
2018-08-16,TTE,E,252,0.44504444044677827
2018-08-17,TTE,E,252,0.44594110316463303
2018-08-20,TTE,E,252,0.4549419063706929
2018-08-21,TTE,E,252,0.45393469621007065
2018-08-22,TTE,E,252,0.45683907502416
2018-08-23,TTE,E,252,0.45713632455205283
2018-08-24,TTE,E,252,0.456140284268193
2018-08-27,TTE,E,252,0.4550336122413419
2018-08-28,TTE,E,252,0.4008182191820388
2018-08-29,TTE,E,252,0.40066706649366446
2018-08-30,TTE,E,252,0.40035772919309903
2018-08-31,TTE,E,252,0.3987677905436685
2018-09-04,TTE,E,252,0.3798841300605738
2018-09-05,TTE,E,252,0.38065281695672976
2018-09-06,TTE,E,252,0.3806438716019928
2018-09-07,TTE,E,252,0.3814795092339303
2018-09-10,TTE,E,252,0.371247232699403
2018-09-11,TTE,E,252,0.3720484649275657
2018-09-12,TTE,E,252,0.37176153538786655
2018-09-13,TTE,E,252,0.3740875549657204
2018-09-14,TTE,E,252,0.37384975807167753
2018-09-17,TTE,E,252,0.3731232203325929
2018-09-18,TTE,E,252,0.3728325008771412
2018-09-19,TTE,E,252,0.3731500452020699
2018-09-20,TTE,E,252,0.3723114549354043
2018-09-21,TTE,E,252,0.37263644309551586
2018-09-24,TTE,E,252,0.379194707594133
2018-09-25,TTE,E,252,0.3818537108899928
2018-09-26,TTE,E,252,0.3818036161189629
2018-09-27,TTE,E,252,0.3807209783451337
2018-09-28,TTE,E,252,0.3797769917935688
2018-10-01,TTE,E,252,0.3798248176760422
2018-10-02,TTE,E,252,0.3799888685059151
2018-10-03,TTE,E,252,0.3807855566186745
2018-10-04,TTE,E,252,0.3816342034603078
2018-10-05,TTE,E,252,0.3819769342070782
2018-10-08,TTE,E,252,0.39321377086018533
2018-10-09,TTE,E,252,0.39402590769575996
2018-10-10,TTE,E,252,0.3944731675183374
2018-10-11,TTE,E,252,0.39679319103624927
2018-10-12,TTE,E,252,0.3954501664053631
2018-10-15,TTE,E,252,0.3928546272113494
2018-10-16,TTE,E,252,0.3947334502018915
2018-10-17,TTE,E,252,0.40311353373792363
2018-10-18,TTE,E,252,0.39915014300405016
2018-10-19,TTE,E,252,0.3822314220259172
2018-10-22,TTE,E,252,0.38137269374542226
2018-10-23,TTE,E,252,0.385727947655862
2018-10-24,TTE,E,252,0.3952674446135173
2018-10-25,TTE,E,252,0.3938572654718638
2018-10-26,TTE,E,252,0.3946887539273017
2018-10-29,TTE,E,252,0.39660568841746796
2018-10-30,TTE,E,252,0.39352692728125793
2018-10-31,TTE,E,252,0.39434071525348086
2018-11-01,TTE,E,252,0.3948551251192005
2018-11-02,TTE,E,252,0.39479237956521557
2018-11-05,TTE,E,252,0.3941961626530212
2018-11-06,TTE,E,252,0.3950497473521825
2018-11-07,TTE,E,252,0.3937758668405162
2018-11-08,TTE,E,252,0.3839022934509621
2018-11-09,TTE,E,252,0.3821676136551072
2018-11-12,TTE,E,252,0.38350460025619143
2018-11-13,TTE,E,252,0.3876662483239056
2018-11-14,TTE,E,252,0.38724575598484184
2018-11-15,TTE,E,252,0.39058066503334565
2018-11-16,TTE,E,252,0.3910407422645759
2018-11-19,TTE,E,252,0.3899467809827998
2018-11-20,TTE,E,252,0.39691760859810515
2018-11-21,TTE,E,252,0.39562727142159604
2018-11-23,TTE,E,252,0.4062113810799603
2018-11-26,TTE,E,252,0.40904533401063314
2018-11-27,TTE,E,252,0.4114104125770675
2018-11-28,TTE,E,252,0.41420557652819107
2018-11-29,TTE,E,252,0.4151840762432139
2018-11-30,TTE,E,252,0.41533590136765247
2018-12-03,TTE,E,252,0.42583842581564163
2018-12-04,TTE,E,252,0.4280620123815403
2018-12-10,TTE,E,252,0.427713457572752
2018-12-11,TTE,E,252,0.4266545439611698
2018-12-12,TTE,E,252,0.42570796629962854
2018-12-13,TTE,E,252,0.42582501207267
2018-12-14,TTE,E,252,0.4175765732178262
2018-12-17,TTE,E,252,0.4172379342108286
2018-12-18,TTE,E,252,0.408865632064229
2018-12-19,TTE,E,252,0.40745473786681696
2018-12-20,TTE,E,252,0.40541078760264126
2018-12-21,TTE,E,252,0.4054002556642594
2018-12-24,TTE,E,252,0.4029006035304958
2018-12-26,TTE,E,252,0.3994828071794817
2018-12-27,TTE,E,252,0.39916237924547665
2018-12-28,TTE,E,252,0.3992619684800682
2018-12-31,TTE,E,252,0.40112535634549534
2019-01-02,TTE,E,252,0.4035428872826923
2019-01-03,TTE,E,252,0.4038209989042814
2019-01-04,TTE,E,252,0.4204588919699155
2019-01-07,TTE,E,252,0.4213389816782479
2019-01-08,TTE,E,252,0.42130039960580945
2019-01-09,TTE,E,252,0.4206298380089252
2019-01-10,TTE,E,252,0.4210900809606545
2019-01-11,TTE,E,252,0.4221498675911323
2019-01-14,TTE,E,252,0.42242064017816555
2019-01-15,TTE,E,252,0.42240818017273285
2019-01-16,TTE,E,252,0.42238368745485894
2019-01-17,TTE,E,252,0.41662896157525287
2019-01-18,TTE,E,252,0.4235736276845089
2019-01-22,TTE,E,252,0.42764885913030404
2019-01-23,TTE,E,252,0.42717227858221457
2019-01-24,TTE,E,252,0.42722272409979667
2019-01-25,TTE,E,252,0.4079698370398937
2019-01-28,TTE,E,252,0.4078949506224001
2019-01-29,TTE,E,252,0.40879131182052575
2019-01-30,TTE,E,252,0.4087711093223426
2019-01-31,TTE,E,252,0.4098085955040399
2019-02-01,TTE,E,252,0.4110938260653673
2019-02-04,TTE,E,252,0.4111217806997055
2019-02-05,TTE,E,252,0.41085005980974876
2019-02-06,TTE,E,252,0.41183077012602737
2019-02-07,TTE,E,252,0.41941306370547327
2019-02-08,TTE,E,252,0.3973419683629141
2019-02-11,TTE,E,252,0.396239494385875
2019-02-12,TTE,E,252,0.3992139493279487
2019-02-13,TTE,E,252,0.39649837227623874
2019-02-14,TTE,E,252,0.3981931707740331
2019-02-15,TTE,E,252,0.3966101515249174
2019-02-19,TTE,E,252,0.3958986496113999
2019-02-20,TTE,E,252,0.39528729976040833
2019-02-21,TTE,E,252,0.39492162829198646
2019-02-22,TTE,E,252,0.3947258622185694
2019-02-25,TTE,E,252,0.40107510371038496
2019-02-26,TTE,E,252,0.4016803686786431
2019-02-27,TTE,E,252,0.40198363973299933
2019-02-28,TTE,E,252,0.40324192856293495
2019-03-01,TTE,E,252,0.40316374443307484
2019-03-04,TTE,E,252,0.4050028782367163
2019-03-05,TTE,E,252,0.4055266732083443
2019-03-06,TTE,E,252,0.40550943989227883
2019-03-07,TTE,E,252,0.4031728286204512
2019-03-08,TTE,E,252,0.4027463615372027
2019-03-11,TTE,E,252,0.4064182031809606
2019-03-12,TTE,E,252,0.4085440306220012
2019-03-13,TTE,E,252,0.40441595299863614
2019-03-14,TTE,E,252,0.4049906565421295
2019-03-19,TTE,E,252,0.40322530447711175
2019-03-20,TTE,E,252,0.39973844800012026
2019-03-21,TTE,E,252,0.3997122111496346
2019-03-22,TTE,E,252,0.3972905137772101
2019-03-25,TTE,E,252,0.3921761787998971
2019-03-26,TTE,E,252,0.39387476956907674
2019-03-27,TTE,E,252,0.4020207184077383
2019-03-28,TTE,E,252,0.40356458168795256
2019-03-29,TTE,E,252,0.4010883931278918
2019-04-01,TTE,E,252,0.3987367223605516
2019-04-02,TTE,E,252,0.39932730320822774
2019-04-03,TTE,E,252,0.3992723468985163
2019-04-04,TTE,E,252,0.3989353591531106
2019-04-05,TTE,E,252,0.3993811860142868
2019-04-08,TTE,E,252,0.4003198994331379
2019-04-09,TTE,E,252,0.39434006780124137
2019-04-10,TTE,E,252,0.39423917661119273
2019-04-11,TTE,E,252,0.39110836147242106
2019-04-12,TTE,E,252,0.3912176430229161
2019-04-15,TTE,E,252,0.39197533301879145
2019-04-18,TTE,E,252,0.39021260328681895
2019-04-22,TTE,E,252,0.3934599627354592
2019-04-23,TTE,E,252,0.39338869482034977
2019-04-24,TTE,E,252,0.39073431426644556
2019-04-25,TTE,E,252,0.390842836760695
2019-04-26,TTE,E,252,0.39097459280330193
2019-04-29,TTE,E,252,0.38897532996850714
2019-04-30,TTE,E,252,0.38848413340776017
2019-05-01,TTE,E,252,0.38813002028950616
2019-05-02,TTE,E,252,0.3859292412467523
2019-05-03,TTE,E,252,0.3862147028067563
2019-05-06,TTE,E,252,0.3864395096142185
2019-05-07,TTE,E,252,0.4001028395296632
2019-05-08,TTE,E,252,0.4001898669635531
2019-05-09,TTE,E,252,0.3972496693140273
2019-05-10,TTE,E,252,0.39753825026134065
2019-05-13,TTE,E,252,0.39797337515847536
2019-05-14,TTE,E,252,0.39769516573837205
2019-05-15,TTE,E,252,0.3978791377094629
2019-05-16,TTE,E,252,0.3975264275879682
2019-05-17,TTE,E,252,0.3939528180045332
2019-05-20,TTE,E,252,0.3886672915753656
2019-05-21,TTE,E,252,0.39260055468535504
2019-05-22,TTE,E,252,0.3917566322782804
2019-05-23,TTE,E,252,0.39779341076060964
2019-05-24,TTE,E,252,0.39694306461500284
2019-05-28,TTE,E,252,0.39443917262631445
2019-05-29,TTE,E,252,0.3956141645303808
2019-05-30,TTE,E,252,0.39499303881733394
2019-05-31,TTE,E,252,0.39462909263243084
2019-06-03,TTE,E,252,0.3838952988359977
2019-06-06,TTE,E,252,0.3869333461743967
2019-06-07,TTE,E,252,0.3887015587688123
2019-06-10,TTE,E,252,0.380448405752997
2019-06-11,TTE,E,252,0.37717177294275284
2019-06-12,TTE,E,252,0.3729317720939416
2019-06-13,TTE,E,252,0.371380754001431
2019-06-14,TTE,E,252,0.370893100637182
2019-06-17,TTE,E,252,0.368390278053718
2019-06-18,TTE,E,252,0.3670204747322142
2019-06-19,TTE,E,252,0.3656881664717668
2019-06-20,TTE,E,252,0.3638395869070781
2019-06-21,TTE,E,252,0.36404328945722786
2019-06-24,TTE,E,252,0.3647468030085028
2019-06-25,TTE,E,252,0.3618220573229211
2019-06-26,TTE,E,252,0.3615020904689551
2019-06-27,TTE,E,252,0.36146159809515027
2019-06-28,TTE,E,252,0.35923262463367195
2019-07-01,TTE,E,252,0.35924409027305604
2019-07-02,TTE,E,252,0.3589699065173336
2019-07-03,TTE,E,252,0.3585039810283324
2019-07-05,TTE,E,252,0.35143660484580774
2019-07-08,TTE,E,252,0.3361324098296487
2019-07-09,TTE,E,252,0.3373105119880419
2019-07-10,TTE,E,252,0.33965270425969113
2019-07-11,TTE,E,252,0.33476843349062346
2019-07-12,TTE,E,252,0.3387099912588965
2019-07-15,TTE,E,252,0.3353614528895567
2019-07-16,TTE,E,252,0.34055725571673073
2019-07-17,TTE,E,252,0.34040793626013643
2019-07-18,TTE,E,252,0.3400442252440945
2019-07-19,TTE,E,252,0.34219402034085317
2019-07-22,TTE,E,252,0.3391890960021862
2019-07-23,TTE,E,252,0.337642139518645
2019-07-24,TTE,E,252,0.3271128071887353
2019-07-25,TTE,E,252,0.3272454236069116
2019-07-26,TTE,E,252,0.3271922113263147
2019-07-29,TTE,E,252,0.32781104055341326
2019-07-30,TTE,E,252,0.3277221529797485
2019-07-31,TTE,E,252,0.32747009692822676
2019-08-01,TTE,E,252,0.33514078150891835
2019-08-02,TTE,E,252,0.33898911650183766
2019-08-05,TTE,E,252,0.34141045781776314
2019-08-06,TTE,E,252,0.343353951078958
2019-08-07,TTE,E,252,0.3420154606804326
2019-08-08,TTE,E,252,0.3426624309610562
2019-08-09,TTE,E,252,0.341734162649208
2019-08-12,TTE,E,252,0.34187865352705055
2019-08-13,TTE,E,252,0.3440435293278399
2019-08-14,TTE,E,252,0.3545710817359623
2019-08-15,TTE,E,252,0.35753424371790754
2019-08-20,TTE,E,252,0.3571720974376802
2019-08-21,TTE,E,252,0.3568864851710511
2019-08-22,TTE,E,252,0.35902455637279224
2019-08-23,TTE,E,252,0.35759398644138235
2019-08-26,TTE,E,252,0.35824523981589945
2019-08-27,TTE,E,252,0.33876693571319283
2019-08-28,TTE,E,252,0.33854311619981803
2019-08-29,TTE,E,252,0.33983988244789204
2019-08-30,TTE,E,252,0.3248839708017158
2019-09-03,TTE,E,252,0.32617789556056886
2019-09-04,TTE,E,252,0.32801323891960693
2019-09-05,TTE,E,252,0.3217874878841951
2019-09-06,TTE,E,252,0.322518328244914
2019-09-09,TTE,E,252,0.3228172293063368
2019-09-10,TTE,E,252,0.32284545379985535
2019-09-11,TTE,E,252,0.31919148841775713
2019-09-12,TTE,E,252,0.3199400707120689
2019-09-13,TTE,E,252,0.3533782453944479
2019-09-16,TTE,E,252,0.35680359682736856
2019-09-17,TTE,E,252,0.35734507418831996
2019-09-18,TTE,E,252,0.35297255024016594
2019-09-19,TTE,E,252,0.3669091318509136
2019-09-20,TTE,E,252,0.3668357639063245
2019-09-23,TTE,E,252,0.36767534125106355
2019-09-24,TTE,E,252,0.3673921015683352
2019-09-25,TTE,E,252,0.37656329619904133
2019-09-26,TTE,E,252,0.37448482042049425
2019-09-27,TTE,E,252,0.3746236253585785
2019-09-30,TTE,E,252,0.3671507426906769
2019-10-01,TTE,E,252,0.3677738982094911
2019-10-02,TTE,E,252,0.36649244996795205
2019-10-03,TTE,E,252,0.3498565921251326
2019-10-04,TTE,E,252,0.35079995726878105
2019-10-07,TTE,E,252,0.3513121002817064
2019-10-08,TTE,E,252,0.35349863582911023
2019-10-09,TTE,E,252,0.3471021172790069
2019-10-10,TTE,E,252,0.34629453067313076
2019-10-11,TTE,E,252,0.35007908844795715
2019-10-14,TTE,E,252,0.35120501744598487
2019-10-15,TTE,E,252,0.35280351486123307
2019-10-16,TTE,E,252,0.3526620101603464
2019-10-17,TTE,E,252,0.35280996106239493
2019-10-18,TTE,E,252,0.35265900346710954
2019-10-21,TTE,E,252,0.3521712630371852
2019-10-22,TTE,E,252,0.3499330706581186
2019-10-23,TTE,E,252,0.33825827650404805
2019-10-24,TTE,E,252,0.3401888683212153
2019-10-25,TTE,E,252,0.34097007130579604
2019-10-28,TTE,E,252,0.3346165672985221
2019-10-29,TTE,E,252,0.3359258003902554
2019-10-30,TTE,E,252,0.3380234206520342
2019-10-31,TTE,E,252,0.3363109089671895
2019-11-01,TTE,E,252,0.32826489053042557
2019-11-04,TTE,E,252,0.33603686918896153
2019-11-05,TTE,E,252,0.3511932797313954
2019-11-06,TTE,E,252,0.34440229431828007
2019-11-07,TTE,E,252,0.3402430458487115
2019-11-08,TTE,E,252,0.33094824457385474
2019-11-11,TTE,E,252,0.33261296928104594
2019-11-12,TTE,E,252,0.3289372430400425
2019-11-13,TTE,E,252,0.3294945529486452
2019-11-14,TTE,E,252,0.3303802042536298
2019-11-15,TTE,E,252,0.32765037968513355
2019-11-18,TTE,E,252,0.32761041490706283
2019-11-19,TTE,E,252,0.32394659084218247
2019-11-20,TTE,E,252,0.3242672937620083
2019-11-21,TTE,E,252,0.3239973366422572
2019-11-22,TTE,E,252,0.3253208490255072
2019-11-25,TTE,E,252,0.33571619165336
2019-11-26,TTE,E,252,0.33844221320617773
2019-11-27,TTE,E,252,0.337308486535422
2019-11-29,TTE,E,252,0.32885771828067456
2019-12-02,TTE,E,252,0.32888869657882785
2019-12-03,TTE,E,252,0.32499678714135866
2019-12-04,TTE,E,252,0.3237914096273227
2019-12-05,TTE,E,252,0.32022529575535014
2019-12-06,TTE,E,252,0.3132488850198079
2019-12-09,TTE,E,252,0.3145550397182016
2019-12-10,TTE,E,252,0.29694411385284236
2019-12-11,TTE,E,252,0.2931491984448117
2019-12-12,TTE,E,252,0.2901214521661778
2019-12-13,TTE,E,252,0.28624221372852765
2019-12-16,TTE,E,252,0.2883208124861804
2019-12-17,TTE,E,252,0.2892615595536378
2019-12-18,TTE,E,252,0.27311423715029387
2019-12-19,TTE,E,252,0.2697353869912286
2019-12-20,TTE,E,252,0.27001912688348384
2019-12-23,TTE,E,252,0.26666534757115246
2019-12-24,TTE,E,252,0.2675850158255373
2019-12-26,TTE,E,252,0.2667210846267629
2019-12-27,TTE,E,252,0.27693846018547025
2019-12-30,TTE,E,252,0.27255105005663666
2019-12-31,TTE,E,252,0.2717055240942552
2020-01-02,TTE,E,252,0.26679798012229666
2020-01-03,TTE,E,252,0.2690675771473744
2020-01-06,TTE,E,252,0.2743233318265852
2020-01-07,TTE,E,252,0.2768927107054699
2020-01-08,TTE,E,252,0.2776142445176342
2020-01-09,TTE,E,252,0.2752405729582998
2020-01-10,TTE,E,252,0.27136070219234715
2020-01-13,TTE,E,252,0.2714855858126599
2020-01-14,TTE,E,252,0.27081123153317715
2020-01-15,TTE,E,252,0.276339317966056
2020-01-16,TTE,E,252,0.24537459585279103
2020-01-17,TTE,E,252,0.2444248224651612
2020-01-21,TTE,E,252,0.24559664963209832
2020-01-22,TTE,E,252,0.2322267450040201
2020-01-23,TTE,E,252,0.23191044665960966
2020-01-24,TTE,E,252,0.2333856226414599
2020-01-27,TTE,E,252,0.2457263410919435
2020-01-28,TTE,E,252,0.24464678104301246
2020-01-29,TTE,E,252,0.2463149256023498
2020-02-03,TTE,E,252,0.24632919868439945
2020-02-04,TTE,E,252,0.23504996399745512
2020-02-05,TTE,E,252,0.22921934380083994
2020-02-06,TTE,E,252,0.22679478728323677
2020-02-07,TTE,E,252,0.22908424195005647
2020-02-10,TTE,E,252,0.25610958636480613
2020-02-11,TTE,E,252,0.2525642854618135
2020-02-12,TTE,E,252,0.2497643345544777
2020-02-13,TTE,E,252,0.2499476515007719
2020-02-14,TTE,E,252,0.24715128142068324
2020-02-18,TTE,E,252,0.24715793378904152
2020-02-19,TTE,E,252,0.24719399290365923
2020-02-20,TTE,E,252,0.2499606509468401
2020-02-21,TTE,E,252,0.25091671210327177
2020-02-24,TTE,E,252,0.2885729478202482
2020-02-25,TTE,E,252,0.285083076374601
2020-02-26,TTE,E,252,0.2763043206466407
2020-02-27,TTE,E,252,0.2777665531262741
2020-02-28,TTE,E,252,0.27822965897437696
2020-03-02,TTE,E,252,0.27661303452693903
2020-03-03,TTE,E,252,0.2798948484290473
2020-03-04,TTE,E,252,0.29555953370234017
2020-03-05,TTE,E,252,0.30835440905498485
2020-03-06,TTE,E,252,0.28879193418357585
2020-03-09,TTE,E,252,0.6699016691458946
2020-03-10,TTE,E,252,0.6804122555071916
2020-03-11,TTE,E,252,0.6943512217017397
2020-03-12,TTE,E,252,0.754051867532086
2020-03-13,TTE,E,252,0.7083837276971956
2020-03-16,TTE,E,252,0.6963630873307504
2020-03-17,TTE,E,252,0.7050533198209978
2020-03-18,TTE,E,252,0.597474626273741
2020-03-19,TTE,E,252,0.5828573673900229
2020-03-20,TTE,E,252,0.568013447636216
2020-03-23,TTE,E,252,0.5584130147770304
2020-03-24,TTE,E,252,0.5933553907963168
2020-03-25,TTE,E,252,0.6012488481957398
2020-03-26,TTE,E,252,0.5996097833802849
2020-03-27,TTE,E,252,0.5929495774917599
2020-03-30,TTE,E,252,0.5930310633101574
2020-03-31,TTE,E,252,0.5966636257749468
2020-04-01,TTE,E,252,0.5962874740962854
2020-04-02,TTE,E,252,0.5957938652502944
2020-04-03,TTE,E,252,0.6007906647713548
2020-04-06,TTE,E,252,0.5989137949541075
2020-04-07,TTE,E,252,0.5909673399574176
2020-04-08,TTE,E,252,0.5910930450430455
2020-04-09,TTE,E,252,0.5901211317890326
2020-04-13,TTE,E,252,0.590688735046993
2020-04-14,TTE,E,252,0.5907583566499137
2020-04-15,TTE,E,252,0.5961410093980468
2020-04-16,TTE,E,252,0.5972750170164581
2020-04-17,TTE,E,252,0.6009098980309433
2020-04-20,TTE,E,252,0.6049464598886293
2020-04-21,TTE,E,252,0.6043268947908643
2020-04-22,TTE,E,252,0.6047593242444091
2020-04-23,TTE,E,252,0.6047923494391861
2020-04-24,TTE,E,252,0.5902781414871352
2020-04-27,TTE,E,252,0.584472405386114
2020-04-28,TTE,E,252,0.5844211242811882
2020-04-29,TTE,E,252,0.5814486600213629
2020-04-30,TTE,E,252,0.5820316101337829
2020-05-01,TTE,E,252,0.5799775857783025
2020-05-04,TTE,E,252,0.5785406886990077
2020-05-05,TTE,E,252,0.5798963074247974
2020-05-06,TTE,E,252,0.5805938394040892
2020-05-07,TTE,E,252,0.5806239580850491
2020-05-08,TTE,E,252,0.5813550316659516
2020-05-11,TTE,E,252,0.5812248260595019
2020-05-12,TTE,E,252,0.5805739736657434
2020-05-13,TTE,E,252,0.5806239880223261
2020-05-14,TTE,E,252,0.5794793966200481
2020-05-15,TTE,E,252,0.579485724417829
2020-05-18,TTE,E,252,0.5741767338189127
2020-05-19,TTE,E,252,0.5617316505690778
2020-05-20,TTE,E,252,0.5627065273633614
2020-05-21,TTE,E,252,0.5620379775626282
2020-05-22,TTE,E,252,0.5620133275213057
2020-05-26,TTE,E,252,0.5621605248824154
2020-05-27,TTE,E,252,0.5626802512675835
2020-05-28,TTE,E,252,0.5626765466887418
2020-05-29,TTE,E,252,0.5629125999198971
2020-06-01,TTE,E,252,0.5628272158513572
2020-06-02,TTE,E,252,0.5663627634085607
2020-06-03,TTE,E,252,0.5682752420275168
2020-06-04,TTE,E,252,0.5685685322771329
2020-06-05,TTE,E,252,0.5736874522786135
2020-06-08,TTE,E,252,0.5724716489697833
2020-06-09,TTE,E,252,0.5750758430884958
2020-06-10,TTE,E,252,0.5765796403598265
2020-06-11,TTE,E,252,0.5838056475062074
2020-06-12,TTE,E,252,0.581391683958379
2020-06-15,TTE,E,252,0.5819112920238131
2020-06-16,TTE,E,252,0.5798854390792704
2020-06-17,TTE,E,252,0.5794173978033436
2020-06-18,TTE,E,252,0.5795685923866808
2020-06-19,TTE,E,252,0.5797084738866644
2020-06-22,TTE,E,252,0.5799485574816414
2020-06-23,TTE,E,252,0.577856136159354
2020-06-24,TTE,E,252,0.5749720427356653
2020-06-25,TTE,E,252,0.5751971347567062
2020-06-26,TTE,E,252,0.5751541018727496
2020-06-29,TTE,E,252,0.5771635855411498
2020-06-30,TTE,E,252,0.577338929993429
2020-07-01,TTE,E,252,0.5774659064797004
2020-07-02,TTE,E,252,0.578864689838414
2020-07-06,TTE,E,252,0.5773996659256003
2020-07-07,TTE,E,252,0.5765916068491828
2020-07-08,TTE,E,252,0.5767363453704639
2020-07-09,TTE,E,252,0.57910776570614
2020-07-10,TTE,E,252,0.5792118641899932
2020-07-13,TTE,E,252,0.57909353983463
2020-07-14,TTE,E,252,0.580238918406668
2020-07-15,TTE,E,252,0.5806037727149992
2020-07-16,TTE,E,252,0.5805989457012758
2020-07-17,TTE,E,252,0.5803436326017601
2020-07-20,TTE,E,252,0.5810536760396295
2020-07-21,TTE,E,252,0.5807846438467386
2020-07-22,TTE,E,252,0.5794246620651158
2020-07-23,TTE,E,252,0.5770492938439281
2020-07-24,TTE,E,252,0.5769627621639325
2020-07-27,TTE,E,252,0.576831712762284
2020-07-28,TTE,E,252,0.5765035637752066
2020-07-29,TTE,E,252,0.5762150402548831
2020-07-30,TTE,E,252,0.5706401000179994
2020-07-31,TTE,E,252,0.5702152543489817
2020-08-03,TTE,E,252,0.5703548134659564
2020-08-04,TTE,E,252,0.5707425161203008
2020-08-05,TTE,E,252,0.5712692415098738
2020-08-06,TTE,E,252,0.570667081844093
2020-08-07,TTE,E,252,0.5706129245628531
2020-08-10,TTE,E,252,0.5705987309668088
2020-08-11,TTE,E,252,0.5704847811822846
2020-08-12,TTE,E,252,0.571784335393764
2020-08-13,TTE,E,252,0.5720598176285719
2020-08-14,TTE,E,252,0.57233499034827
2020-08-17,TTE,E,252,0.5719973469443695
2020-08-18,TTE,E,252,0.5707072454689116
2020-08-19,TTE,E,252,0.5709087666193815
2020-08-20,TTE,E,252,0.5710225862819962
2020-08-21,TTE,E,252,0.5709709950525049
2020-08-24,TTE,E,252,0.5698345093242871
2020-08-25,TTE,E,252,0.569522485056521
2020-08-26,TTE,E,252,0.5697572621087993
2020-08-27,TTE,E,252,0.5703062356218052
2020-08-28,TTE,E,252,0.5704470297421074
2020-08-31,TTE,E,252,0.5688580067255148
2020-09-01,TTE,E,252,0.5688635135465078
2020-09-02,TTE,E,252,0.5683678300430571
2020-09-03,TTE,E,252,0.5685759698830607
2020-09-04,TTE,E,252,0.5682808087631799
2020-09-08,TTE,E,252,0.5676754526670157
2020-09-09,TTE,E,252,0.5662047612631773
2020-09-10,TTE,E,252,0.566175063255747
2020-09-11,TTE,E,252,0.5663634479837997
2020-09-14,TTE,E,252,0.5666231096955426
2020-09-15,TTE,E,252,0.5667453399023332
2020-09-16,TTE,E,252,0.5663708055014132
2020-09-17,TTE,E,252,0.5656062678872109
2020-09-18,TTE,E,252,0.5655447656015784
2020-09-21,TTE,E,252,0.5654817563424835
2020-09-22,TTE,E,252,0.5627990613785938
2020-09-23,TTE,E,252,0.5621798976089066
2020-09-24,TTE,E,252,0.5619001372298024
2020-09-25,TTE,E,252,0.5626231716165356
2020-09-28,TTE,E,252,0.5620512130957609
2020-09-29,TTE,E,252,0.561951492227387
2020-09-30,TTE,E,252,0.559762156552877
2020-10-01,TTE,E,252,0.5618009172643731
2020-10-02,TTE,E,252,0.5594560426593539
2020-10-05,TTE,E,252,0.5629177224540192
2020-10-06,TTE,E,252,0.5656379329730455
2020-10-07,TTE,E,252,0.564682302941708
2020-10-08,TTE,E,252,0.5638804599524448
2020-10-09,TTE,E,252,0.5605077185955115
2020-10-12,TTE,E,252,0.5604142496950463
2020-10-13,TTE,E,252,0.5593874670732399
2020-10-14,TTE,E,252,0.5573991707414077
2020-10-15,TTE,E,252,0.5590524281065087
2020-10-16,TTE,E,252,0.5591097400583511
2020-10-19,TTE,E,252,0.5590372896628519
2020-10-20,TTE,E,252,0.5582828141106726
2020-10-21,TTE,E,252,0.555266537152334
2020-10-22,TTE,E,252,0.5544580799802881
2020-10-23,TTE,E,252,0.5534597016530488
2020-10-26,TTE,E,252,0.5528935101370869
2020-10-27,TTE,E,252,0.554035662735889
2020-10-28,TTE,E,252,0.5555975439189065
2020-10-29,TTE,E,252,0.5552416812006582
2020-10-30,TTE,E,252,0.5555162361204361
2020-11-02,TTE,E,252,0.558823214663815
2020-11-03,TTE,E,252,0.5592682512713865
2020-11-04,TTE,E,252,0.5572201307153072
2020-11-05,TTE,E,252,0.5573145373408396
2020-11-06,TTE,E,252,0.5575252493876754
2020-11-09,TTE,E,252,0.5752261503438054
2020-11-10,TTE,E,252,0.5771467614392924
2020-11-11,TTE,E,252,0.576552651487364
2020-11-12,TTE,E,252,0.5760639919726843
2020-11-13,TTE,E,252,0.5779490872007208
2020-11-16,TTE,E,252,0.580126689034413
2020-11-17,TTE,E,252,0.5803206617496455
2020-11-18,TTE,E,252,0.5798771871015388
2020-11-19,TTE,E,252,0.5751158166412472
2020-11-20,TTE,E,252,0.5753110622941712
2020-11-23,TTE,E,252,0.5765331488424105
2020-11-24,TTE,E,252,0.5784143416112981
2020-11-25,TTE,E,252,0.5784416622665624
2020-11-27,TTE,E,252,0.5777735481765571
2020-11-30,TTE,E,252,0.5797839172845103
2020-12-01,TTE,E,252,0.5790180788065061
2020-12-02,TTE,E,252,0.5793488891097851
2020-12-03,TTE,E,252,0.5792697516259323
2020-12-04,TTE,E,252,0.5811366404318293
2020-12-07,TTE,E,252,0.5815498764249708
2020-12-08,TTE,E,252,0.5817039847539356
2020-12-09,TTE,E,252,0.5815238801338684
2020-12-10,TTE,E,252,0.5805942962827163
2020-12-11,TTE,E,252,0.5806061610072791
2020-12-14,TTE,E,252,0.5816616124854925
2020-12-15,TTE,E,252,0.5813688449805655
2020-12-16,TTE,E,252,0.5814324516235321
2020-12-17,TTE,E,252,0.5810880638648523
2020-12-18,TTE,E,252,0.5811260446922368
2020-12-21,TTE,E,252,0.5824733227933108
2020-12-22,TTE,E,252,0.5808552873195592
2020-12-23,TTE,E,252,0.5815500515593889
2020-12-24,TTE,E,252,0.5796712726165758
2020-12-28,TTE,E,252,0.5775804225716502
2020-12-29,TTE,E,252,0.5768752144988812
2020-12-30,TTE,E,252,0.5761118577181095
2020-12-31,TTE,E,252,0.5728616347064759
2021-01-04,TTE,E,252,0.5703504056066948
2021-01-05,TTE,E,252,0.5695124067412775
2021-01-06,TTE,E,252,0.5718223631817192
2021-01-07,TTE,E,252,0.5716789112709834
2021-01-08,TTE,E,252,0.5716271710102601
2021-01-11,TTE,E,252,0.572038654237903
2021-01-12,TTE,E,252,0.5724131307009143
2021-01-13,TTE,E,252,0.57280660913396
2021-01-14,TTE,E,252,0.5727057187116253
2021-01-15,TTE,E,252,0.5731526667169682
2021-01-19,TTE,E,252,0.5725168718392045
2021-01-20,TTE,E,252,0.5726135861881376
2021-01-21,TTE,E,252,0.5731312769179812
2021-01-22,TTE,E,252,0.573301550993507
2021-01-25,TTE,E,252,0.5740856629796423
2021-01-26,TTE,E,252,0.5741415563614224
2021-01-27,TTE,E,252,0.5740724629957173
2021-01-28,TTE,E,252,0.5727545300247002
2021-01-29,TTE,E,252,0.5723601416312055
2021-02-01,TTE,E,252,0.5721928376801719
2021-02-02,TTE,E,252,0.5725668964182598
2021-02-03,TTE,E,252,0.5680556181180554
2021-02-04,TTE,E,252,0.5686125016345306
2021-02-05,TTE,E,252,0.5677908877902541
2021-02-08,TTE,E,252,0.5685003440975447
2021-02-09,TTE,E,252,0.5668564748077353
2021-02-10,TTE,E,252,0.5671349175458918
2021-02-11,TTE,E,252,0.5670866525407359
2021-02-12,TTE,E,252,0.5672632917221492
2021-02-16,TTE,E,252,0.5678484315126343
2021-02-17,TTE,E,252,0.5675459810819602
2021-02-18,TTE,E,252,0.5674764581988847
2021-02-19,TTE,E,252,0.5677955487101817
2021-02-22,TTE,E,252,0.5681975315688356
2021-02-23,TTE,E,252,0.5656568351863861
2021-02-24,TTE,E,252,0.5665532764160656
2021-02-25,TTE,E,252,0.5679900968493332
2021-02-26,TTE,E,252,0.5684256071950909
2021-03-01,TTE,E,252,0.5684196052327728
2021-03-02,TTE,E,252,0.5686328362977404
2021-03-03,TTE,E,252,0.5676324733316436
2021-03-04,TTE,E,252,0.5670859255242038
2021-03-05,TTE,E,252,0.566084820367685
2021-03-08,TTE,E,252,0.5694693911582571
2021-03-09,TTE,E,252,0.5137774069603878
2021-03-10,TTE,E,252,0.5095428922188096
2021-03-11,TTE,E,252,0.5024560150201138
2021-03-12,TTE,E,252,0.4652802992710275
2021-03-15,TTE,E,252,0.48441226249086
2021-03-16,TTE,E,252,0.49239196385067424
2021-03-17,TTE,E,252,0.4877491449366031
2021-03-18,TTE,E,252,0.5008623216918271
2021-03-19,TTE,E,252,0.5050047179355948
2021-03-22,TTE,E,252,0.5193931857585484
2021-03-23,TTE,E,252,0.5225487216652024
2021-03-24,TTE,E,252,0.4842085822674811
2021-03-25,TTE,E,252,0.4728739088492777
2021-03-26,TTE,E,252,0.4763677474350569
2021-03-29,TTE,E,252,0.48267293333154504
2021-03-30,TTE,E,252,0.4810985869648925
2021-03-31,TTE,E,252,0.475964283680812
2021-04-01,TTE,E,252,0.4730009967364413
2021-04-05,TTE,E,252,0.46941272556223496
2021-04-06,TTE,E,252,0.45843354110711126
2021-04-07,TTE,E,252,0.460262823331121
2021-04-08,TTE,E,252,0.47131427801062553
2021-04-09,TTE,E,252,0.4717301490076905
2021-04-12,TTE,E,252,0.47254980085419146
2021-04-13,TTE,E,252,0.47340952626204463
2021-04-14,TTE,E,252,0.47195978601444954
2021-04-15,TTE,E,252,0.46035632999357506
2021-04-16,TTE,E,252,0.4573756788382821
2021-04-19,TTE,E,252,0.4499228982540841
2021-04-20,TTE,E,252,0.44111487260913673
2021-04-21,TTE,E,252,0.44143642869985333
2021-04-22,TTE,E,252,0.4407939565796791
2021-04-23,TTE,E,252,0.44081964495973935
2021-04-26,TTE,E,252,0.460166035306178
2021-04-27,TTE,E,252,0.46824163710799327
2021-04-28,TTE,E,252,0.46891110424737426
2021-04-29,TTE,E,252,0.47265262284827264
2021-04-30,TTE,E,252,0.4720599408145767
2021-05-03,TTE,E,252,0.4787189547480986
2021-05-04,TTE,E,252,0.4804506293651802
2021-05-05,TTE,E,252,0.4796428332141991
2021-05-06,TTE,E,252,0.4792720278062028
2021-05-07,TTE,E,252,0.4790084348695804
2021-05-10,TTE,E,252,0.47694168556300665
2021-05-11,TTE,E,252,0.47733551404012864
2021-05-12,TTE,E,252,0.47624456812213517
2021-05-13,TTE,E,252,0.47548683622343085
2021-05-14,TTE,E,252,0.476814431144231
2021-05-17,TTE,E,252,0.4682099466640267
2021-05-18,TTE,E,252,0.47479319025854433
2021-05-19,TTE,E,252,0.4949862234313021
2021-05-20,TTE,E,252,0.4924820565266444
2021-05-21,TTE,E,252,0.4937697475474417
2021-05-24,TTE,E,252,0.49230986106795055
2021-05-25,TTE,E,252,0.49156786911189093
2021-05-26,TTE,E,252,0.49110221364413004
2021-05-27,TTE,E,252,0.4908507123174415
2021-05-28,TTE,E,252,0.4900318207311756
2021-06-01,TTE,E,252,0.4813503562732782
2021-06-02,TTE,E,252,0.47217601335173653
2021-06-03,TTE,E,252,0.46907420443096143
2021-06-04,TTE,E,252,0.46798465105745013
2021-06-07,TTE,E,252,0.45573127518239614
2021-06-08,TTE,E,252,0.45491026770436926
2021-06-09,TTE,E,252,0.4494420928627613
2021-06-10,TTE,E,252,0.4515975117638987
2021-06-11,TTE,E,252,0.43187042206635745
2021-06-14,TTE,E,252,0.43531043988349577
2021-06-15,TTE,E,252,0.43476479566943294
2021-06-16,TTE,E,252,0.4393922807394725
2021-06-17,TTE,E,252,0.43982703159346737
2021-06-18,TTE,E,252,0.4488814409159704
2021-06-21,TTE,E,252,0.4528269168411892
2021-06-22,TTE,E,252,0.45343692525831736
2021-06-23,TTE,E,252,0.4447497279642294
2021-06-24,TTE,E,252,0.4505128426265855
2021-06-25,TTE,E,252,0.4508031635087361
2021-06-28,TTE,E,252,0.45430926577973185
2021-06-29,TTE,E,252,0.45066363491901834
2021-06-30,TTE,E,252,0.448793019577911
2021-07-01,TTE,E,252,0.4455661203490532
2021-07-02,TTE,E,252,0.43981821947888583
2021-07-06,TTE,E,252,0.443230092312769
2021-07-07,TTE,E,252,0.4456524616255742
2021-07-08,TTE,E,252,0.4480718990231033
2021-07-09,TTE,E,252,0.44228878551051953
2021-07-12,TTE,E,252,0.44216268862960173
2021-07-13,TTE,E,252,0.44249840676943436
2021-07-14,TTE,E,252,0.43978130879283556
2021-07-15,TTE,E,252,0.4393486343790568
2021-07-16,TTE,E,252,0.44156702238029105
2021-07-19,TTE,E,252,0.44565985861640656
2021-07-20,TTE,E,252,0.445501931769937
2021-07-21,TTE,E,252,0.4453306563814653
2021-07-22,TTE,E,252,0.4399007176185892
2021-07-23,TTE,E,252,0.44491637006761836
2021-07-26,TTE,E,252,0.45225754228808457
2021-07-27,TTE,E,252,0.45324069127448124
2021-07-28,TTE,E,252,0.45416857071217404
2021-07-29,TTE,E,252,0.456004252946683
2021-07-30,TTE,E,252,0.4678302386761955
2021-08-02,TTE,E,252,0.4674361065723327
2021-08-03,TTE,E,252,0.46650770990638685
2021-08-04,TTE,E,252,0.4609382977080037
2021-08-05,TTE,E,252,0.4552248607655813
2021-08-06,TTE,E,252,0.4564708780548588
2021-08-09,TTE,E,252,0.4557740539154443
2021-08-10,TTE,E,252,0.45671947585634226
2021-08-11,TTE,E,252,0.45335617743524087
2021-08-12,TTE,E,252,0.4506925543980775
2021-08-13,TTE,E,252,0.4497907785073971
2021-08-16,TTE,E,252,0.4496127573078281
2021-08-17,TTE,E,252,0.4493801501047305
2021-08-18,TTE,E,252,0.4520846126885615
2021-08-19,TTE,E,252,0.45293800573946985
2021-08-20,TTE,E,252,0.4524862434939741
2021-08-23,TTE,E,252,0.45370082928536015
2021-08-24,TTE,E,252,0.45735361851498063
2021-08-25,TTE,E,252,0.4568386360276135
2021-08-26,TTE,E,252,0.45714730400880255
2021-08-27,TTE,E,252,0.45733751217901997
2021-08-30,TTE,E,252,0.4570516838487459
2021-08-31,TTE,E,252,0.45866123117818797
2021-09-01,TTE,E,252,0.45772291661907005
2021-09-02,TTE,E,252,0.46028193416113033
2021-09-03,TTE,E,252,0.4594744042002161
2021-09-07,TTE,E,252,0.45979818563063507
2021-09-08,TTE,E,252,0.4619888144276328
2021-09-09,TTE,E,252,0.4649631371513303
2021-09-10,TTE,E,252,0.4653889261540243
2021-09-13,TTE,E,252,0.4595591558366199
2021-09-14,TTE,E,252,0.4571304999491645
2021-09-15,TTE,E,252,0.4571773461043654
2021-09-16,TTE,E,252,0.4587800889798868
2021-09-17,TTE,E,252,0.4599116501506876
2021-09-20,TTE,E,252,0.4600682819983926
2021-09-21,TTE,E,252,0.46104520564330015
2021-09-22,TTE,E,252,0.4621474560277453
2021-09-23,TTE,E,252,0.4646951090590054
2021-09-24,TTE,E,252,0.4641962032817247
2021-09-27,TTE,E,252,0.4642282727052764
2021-09-28,TTE,E,252,0.46606762277455305
2021-09-29,TTE,E,252,0.46480613851717456
2021-09-30,TTE,E,252,0.46927860448684683
2021-10-01,TTE,E,252,0.46496053955911976
2021-10-04,TTE,E,252,0.46882061601511726
2021-10-05,TTE,E,252,0.4628440057141952
2021-10-06,TTE,E,252,0.464496423070826
2021-10-07,TTE,E,252,0.4673106917199936
2021-10-08,TTE,E,252,0.4725297822505503
2021-10-11,TTE,E,252,0.47879786752110204
2021-10-12,TTE,E,252,0.4765613535894459
2021-10-13,TTE,E,252,0.4780220637196263
2021-10-14,TTE,E,252,0.480627486670522
2021-10-15,TTE,E,252,0.47386858076477417
2021-10-18,TTE,E,252,0.4734538713154967
2021-10-19,TTE,E,252,0.4738799197459475
2021-10-20,TTE,E,252,0.47372905571651885
2021-10-21,TTE,E,252,0.4792161972487131
2021-10-22,TTE,E,252,0.48107504163327236
2021-10-25,TTE,E,252,0.48141234939918304
2021-10-26,TTE,E,252,0.4837061285747587
2021-10-27,TTE,E,252,0.4780792614708903
2021-10-28,TTE,E,252,0.47290868593358604
2021-10-29,TTE,E,252,0.47429910925378027
2021-11-01,TTE,E,252,0.4730564252606911
2021-11-02,TTE,E,252,0.4662812434175865
2021-11-03,TTE,E,252,0.4660670254023254
2021-11-04,TTE,E,252,0.4691419779821331
2021-11-05,TTE,E,252,0.46789389182937635
2021-11-08,TTE,E,252,0.46786066761542344
2021-11-09,TTE,E,252,0.4186604481109344
2021-11-10,TTE,E,252,0.41257097059570347
2021-11-11,TTE,E,252,0.41357780767728075
2021-11-12,TTE,E,252,0.4125796924551749
2021-11-15,TTE,E,252,0.4067795063189567
2021-11-16,TTE,E,252,0.3990227112257798
2021-11-17,TTE,E,252,0.3982101621609248
2021-11-18,TTE,E,252,0.4006964685084574
2021-11-19,TTE,E,252,0.41214729637514586
2021-11-22,TTE,E,252,0.4127592554758247
2021-11-23,TTE,E,252,0.4072932261251739
2021-11-24,TTE,E,252,0.4017182830182248
2021-11-26,TTE,E,252,0.40823642896655404
2021-11-29,TTE,E,252,0.4100231402051459
2021-11-30,TTE,E,252,0.39761267539818457
2021-12-01,TTE,E,252,0.40061161304688736
2021-12-02,TTE,E,252,0.40345074401120823
2021-12-03,TTE,E,252,0.40353356937017604
2021-12-06,TTE,E,252,0.4030436411397491
2021-12-07,TTE,E,252,0.3976540503843574
2021-12-08,TTE,E,252,0.3994990578453941
2021-12-09,TTE,E,252,0.3917515564840399
2021-12-10,TTE,E,252,0.3905413960423512
2021-12-13,TTE,E,252,0.38369558947447036
2021-12-14,TTE,E,252,0.37752372585480765
2021-12-15,TTE,E,252,0.3787625935228725
2021-12-16,TTE,E,252,0.3789641697311292
2021-12-17,TTE,E,252,0.384509567404946
2021-12-20,TTE,E,252,0.3820703226637952
2021-12-21,TTE,E,252,0.376180378805044
2021-12-22,TTE,E,252,0.3794136705245098
2021-12-23,TTE,E,252,0.3767727301798401
2021-12-27,TTE,E,252,0.37832261799110234
2021-12-28,TTE,E,252,0.37795732299516926
2021-12-29,TTE,E,252,0.37921410559850555
2021-12-30,TTE,E,252,0.3780340309013978
2021-12-31,TTE,E,252,0.3896132857213359
2022-01-03,TTE,E,252,0.3966574181008589
2022-01-04,TTE,E,252,0.40246984352226195
2022-01-05,TTE,E,252,0.3883584139736754
2022-01-06,TTE,E,252,0.38961575589458675
2022-01-07,TTE,E,252,0.3835669823972736
2022-01-10,TTE,E,252,0.373430901468231
2022-01-11,TTE,E,252,0.3796167194034486
2022-01-12,TTE,E,252,0.3790016643182939
2022-01-13,TTE,E,252,0.377689004111952
2022-01-14,TTE,E,252,0.3671140288740179
2022-01-18,TTE,E,252,0.36580192634064884
2022-01-19,TTE,E,252,0.3642827766473786
2022-01-20,TTE,E,252,0.3544085414082753
2022-01-21,TTE,E,252,0.3558849261633078
2022-01-24,TTE,E,252,0.3495895935234521
2022-01-25,TTE,E,252,0.3471047441673854
2022-01-26,TTE,E,252,0.3461461112500113
2022-01-27,TTE,E,252,0.34799629707277824
2022-01-28,TTE,E,252,0.35058134884879805
2022-01-31,TTE,E,252,0.3482929816051638
2022-02-01,TTE,E,252,0.3471544083836445
2022-02-02,TTE,E,252,0.36302475942824763
2022-02-03,TTE,E,252,0.35973010324061827
2022-02-04,TTE,E,252,0.361819723528889
2022-02-07,TTE,E,252,0.3511828359077523
2022-02-08,TTE,E,252,0.3547094611845134
2022-02-09,TTE,E,252,0.35583344543842743
2022-02-10,TTE,E,252,0.3573014365773727
2022-02-11,TTE,E,252,0.34979338052132736
2022-02-14,TTE,E,252,0.3490939193607994
2022-02-15,TTE,E,252,0.34176642299691595
2022-02-16,TTE,E,252,0.3427545282675214
2022-02-17,TTE,E,252,0.34028926882514937
2022-02-18,TTE,E,252,0.3360652204708357
2022-02-22,TTE,E,252,0.33622636961495517
2022-02-23,TTE,E,252,0.3306952487624118
2022-02-24,TTE,E,252,0.33764377368439996
2022-02-25,TTE,E,252,0.34116437214146683
2022-02-28,TTE,E,252,0.3397114020594218
2022-03-01,TTE,E,252,0.334292283657114
2022-03-02,TTE,E,252,0.35283064325198704
2022-03-03,TTE,E,252,0.3636326359440604
2022-03-04,TTE,E,252,0.3791667961607924
2022-03-07,TTE,E,252,0.37767910081471784
2022-03-08,TTE,E,252,0.3815180287558352
2022-03-09,TTE,E,252,0.38009089730109463
2022-03-10,TTE,E,252,0.38227353422406374
2022-03-11,TTE,E,252,0.3871587792164836
2022-03-14,TTE,E,252,0.3862491467178247
2022-03-15,TTE,E,252,0.38286264419780763
2022-03-16,TTE,E,252,0.3739319590225322
2022-03-17,TTE,E,252,0.3479392321904178
2022-03-18,TTE,E,252,0.3353784283025651
2022-03-21,TTE,E,252,0.33452244435498735
2022-03-22,TTE,E,252,0.3453141341511602
2022-03-23,TTE,E,252,0.3327712641278724
2022-03-24,TTE,E,252,0.33050418691009514
2022-03-25,TTE,E,252,0.33397182416768073
2022-03-28,TTE,E,252,0.33371706931693274
2022-03-29,TTE,E,252,0.3338826080765274
2022-03-30,TTE,E,252,0.33792109393150116
2022-03-31,TTE,E,252,0.346584349058338
2022-04-01,TTE,E,252,0.3511738280313136
2022-04-04,TTE,E,252,0.3510214816163595
2022-04-05,TTE,E,252,0.35355572037745314
2022-04-06,TTE,E,252,0.35353733487628153
2022-04-07,TTE,E,252,0.3515992408508291
2022-04-08,TTE,E,252,0.35243155519039443
2022-04-11,TTE,E,252,0.3447567397246531
2022-04-12,TTE,E,252,0.34561637774509724
2022-04-13,TTE,E,252,0.3460111926124749
2022-04-14,TTE,E,252,0.3457181821074012
2022-04-18,TTE,E,252,0.34434527105990276
2022-04-19,TTE,E,252,0.3412240794319659
2022-04-20,TTE,E,252,0.34150533254595494
2022-04-21,TTE,E,252,0.3386557908246892
2022-04-22,TTE,E,252,0.3459177974999913
2022-04-25,TTE,E,252,0.3477405682022641
2022-04-26,TTE,E,252,0.3475436415363439
2022-04-27,TTE,E,252,0.34636868063428433
2022-04-28,TTE,E,252,0.35125859211380084
2022-04-29,TTE,E,252,0.3483272415481354
2022-05-02,TTE,E,252,0.34326773697146057
2022-05-03,TTE,E,252,0.3462704169341101
2022-05-04,TTE,E,252,0.34266907703890676
2022-05-05,TTE,E,252,0.3397865890313854
2022-05-06,TTE,E,252,0.34355770523426776
2022-05-09,TTE,E,252,0.36027684934654475
2022-05-10,TTE,E,252,0.3584512498235315
2022-05-11,TTE,E,252,0.35884766734721607
2022-05-12,TTE,E,252,0.3604123058202286
2022-05-13,TTE,E,252,0.3624072511882441
2022-05-16,TTE,E,252,0.3701867974975815
2022-05-17,TTE,E,252,0.37400349186927534
2022-05-18,TTE,E,252,0.37437737418462796
2022-05-19,TTE,E,252,0.373378687019097
2022-05-20,TTE,E,252,0.3733639534761711
2022-05-23,TTE,E,252,0.38629162277921186
2022-05-24,TTE,E,252,0.38697471995679705
2022-05-25,TTE,E,252,0.39136477858860885
2022-05-26,TTE,E,252,0.3921107485589371
2022-05-27,TTE,E,252,0.39164293241820425
2022-05-31,TTE,E,252,0.40381918537317324
2022-06-01,TTE,E,252,0.403555953918706
2022-06-02,TTE,E,252,0.4024862890218358
2022-06-03,TTE,E,252,0.40186994850928787
2022-06-06,TTE,E,252,0.4038299123068683
2022-06-07,TTE,E,252,0.4009333132288001
2022-06-08,TTE,E,252,0.3986104743774594
2022-06-09,TTE,E,252,0.3945648889915441
2022-06-10,TTE,E,252,0.40044237459811305
2022-06-13,TTE,E,252,0.3982640693354372
2022-06-14,TTE,E,252,0.3982494176223335
2022-06-15,TTE,E,252,0.39969650071552043
2022-06-16,TTE,E,252,0.4029017375052165
2022-06-17,TTE,E,252,0.4022408432043883
2022-06-21,TTE,E,252,0.39520804722762937
2022-06-22,TTE,E,252,0.40189549856799917
2022-06-23,TTE,E,252,0.4134894005170708
2022-06-24,TTE,E,252,0.41398013868544387
2022-06-27,TTE,E,252,0.4134062817162127
2022-06-28,TTE,E,252,0.4008869934470192
2022-06-29,TTE,E,252,0.4000924885405443
2022-06-30,TTE,E,252,0.4028828479018398
2022-07-01,TTE,E,252,0.4064278438951521
2022-07-05,TTE,E,252,0.41438533474296524
2022-07-06,TTE,E,252,0.4089550490494152
2022-07-07,TTE,E,252,0.4084900965196676
2022-07-08,TTE,E,252,0.4010782383152532
2022-07-11,TTE,E,252,0.4010150356311955
2022-07-12,TTE,E,252,0.39839900812916484
2022-07-13,TTE,E,252,0.3966115189413885
2022-07-14,TTE,E,252,0.4070020908045699
2022-07-15,TTE,E,252,0.41007399328197575
2022-07-18,TTE,E,252,0.4123754220281373
2022-07-19,TTE,E,252,0.3971470654436109
2022-07-20,TTE,E,252,0.39988472334717845
2022-07-21,TTE,E,252,0.4002668720294961
2022-07-22,TTE,E,252,0.406800782755669
2022-07-25,TTE,E,252,0.40829637680329445
2022-07-26,TTE,E,252,0.40140376980569403
2022-07-27,TTE,E,252,0.40916256274531737
2022-07-28,TTE,E,252,0.409211326236639
2022-07-29,TTE,E,252,0.41628038014300806
2022-08-01,TTE,E,252,0.4157095499549934
2022-08-02,TTE,E,252,0.4194508347521231
2022-08-03,TTE,E,252,0.4218963455840741
2022-08-04,TTE,E,252,0.4243449962476186
2022-08-05,TTE,E,252,0.4179407209066206
2022-08-08,TTE,E,252,0.41131312033813333
2022-08-09,TTE,E,252,0.40979202565229794
2022-08-10,TTE,E,252,0.4090289651248105
2022-08-11,TTE,E,252,0.416450670019974
2022-08-12,TTE,E,252,0.41630599947830205
2022-08-15,TTE,E,252,0.41334993238879386
2022-08-16,TTE,E,252,0.41291694607170804
2022-08-17,TTE,E,252,0.40487469858727315
2022-08-18,TTE,E,252,0.40539058132703626
2022-08-19,TTE,E,252,0.40582490984051767
2022-08-22,TTE,E,252,0.40560262478050585
2022-08-23,TTE,E,252,0.39552699129748703
2022-08-24,TTE,E,252,0.3942687586633338
2022-08-25,TTE,E,252,0.39910219110210887
2022-08-26,TTE,E,252,0.4039478142119954
2022-08-29,TTE,E,252,0.40179566089972574
2022-08-30,TTE,E,252,0.39608540323538677
2022-08-31,TTE,E,252,0.4044953817367275
2022-09-01,TTE,E,252,0.4067602789411657
2022-09-02,TTE,E,252,0.4084754277298597
2022-09-06,TTE,E,252,0.409452539891785
2022-09-07,TTE,E,252,0.4112720122149245
2022-09-08,TTE,E,252,0.4112343557169309
2022-09-09,TTE,E,252,0.4160016041671907
2022-09-12,TTE,E,252,0.4099600780249701
2022-09-13,TTE,E,252,0.4161946550608618
2022-09-14,TTE,E,252,0.41775837265588034
2022-09-15,TTE,E,252,0.4194673519167313
2022-09-16,TTE,E,252,0.41858919002631095
2022-09-19,TTE,E,252,0.4172383609622266
2022-09-20,TTE,E,252,0.4156581106727346
2022-09-21,TTE,E,252,0.41676318585292554
2022-09-22,TTE,E,252,0.41764965808334564
2022-09-23,TTE,E,252,0.4359132303121665
2022-09-26,TTE,E,252,0.4331661436582037
2022-09-27,TTE,E,252,0.43159778381005465
2022-09-28,TTE,E,252,0.4315036661564703
2022-09-29,TTE,E,252,0.4334318638711882
2022-09-30,TTE,E,252,0.4327747655452226
2022-10-03,TTE,E,252,0.4392302249401772
2022-10-04,TTE,E,252,0.44418713259004705
2022-10-05,TTE,E,252,0.44342355949972334
2022-10-06,TTE,E,252,0.442380347158017
2022-10-07,TTE,E,252,0.4417554966964874
2022-10-10,TTE,E,252,0.43834846768360464
2022-10-11,TTE,E,252,0.44266801820473317
2022-10-12,TTE,E,252,0.4445869114421608
2022-10-13,TTE,E,252,0.45254485906902303
2022-10-14,TTE,E,252,0.4479849632276927
2022-10-17,TTE,E,252,0.4478669175418208
2022-10-18,TTE,E,252,0.44809773251734086
2022-10-19,TTE,E,252,0.4480541590769873
2022-10-20,TTE,E,252,0.44938572205743177
2022-10-21,TTE,E,252,0.4530430756977085
2022-10-24,TTE,E,252,0.45177491134771747
2022-10-25,TTE,E,252,0.45367205028981705
2022-10-26,TTE,E,252,0.45233780511474064
2022-10-27,TTE,E,252,0.4533907815624975
2022-10-28,TTE,E,252,0.4556874568727791
2022-10-31,TTE,E,252,0.4549857584713009
2022-11-01,TTE,E,252,0.4565981722604266
2022-11-02,TTE,E,252,0.4572088268609181
2022-11-03,TTE,E,252,0.45628550931059914
2022-11-04,TTE,E,252,0.45725646866418956
2022-11-07,TTE,E,252,0.4575414173143355
2022-11-08,TTE,E,252,0.45662557823202454
2022-11-09,TTE,E,252,0.45645345770118234
2022-11-10,TTE,E,252,0.4581793997868378
2022-11-11,TTE,E,252,0.46054752557438905
2022-11-14,TTE,E,252,0.4604895492513185
2022-11-15,TTE,E,252,0.46092189782568
2022-11-16,TTE,E,252,0.46083347207774616
2022-11-17,TTE,E,252,0.4609958843266198
2022-11-18,TTE,E,252,0.46056371699361626
2022-11-21,TTE,E,252,0.4599190979571168
2022-11-22,TTE,E,252,0.46065407074258996
2022-11-23,TTE,E,252,0.4600015801047033
2022-11-25,TTE,E,252,0.4602921139207263
2022-11-28,TTE,E,252,0.4562743621541321
2022-11-29,TTE,E,252,0.45526413261607046
2022-11-30,TTE,E,252,0.45632512536855113
2022-12-01,TTE,E,252,0.456317173343785
2022-12-02,TTE,E,252,0.4563186417245964
2022-12-05,TTE,E,252,0.45443532035471995
2022-12-06,TTE,E,252,0.45215563477440013
2022-12-07,TTE,E,252,0.4557118564728244
2022-12-08,TTE,E,252,0.45655040051038387
2022-12-09,TTE,E,252,0.4621178728415426
2022-12-12,TTE,E,252,0.4615750498045839
2022-12-13,TTE,E,252,0.46751238947124246
2022-12-14,TTE,E,252,0.46779348923083314
2022-12-15,TTE,E,252,0.4683717111731821
2022-12-16,TTE,E,252,0.4688114929883575
2022-12-19,TTE,E,252,0.46595740948425146
2022-12-20,TTE,E,252,0.46710996106051333
2022-12-21,TTE,E,252,0.46957784870809766
2022-12-22,TTE,E,252,0.46937659051835945
2022-12-23,TTE,E,252,0.4699263990475662
2022-12-27,TTE,E,252,0.47020233774877035
2022-12-28,TTE,E,252,0.46953968236586857
2022-12-29,TTE,E,252,0.46854304552852627
2022-12-30,TTE,E,252,0.46613743391506784
2023-01-03,TTE,E,252,0.4636679219449199
2023-01-04,TTE,E,252,0.46262480983513843
2023-01-05,TTE,E,252,0.46233745575713425
2023-01-06,TTE,E,252,0.461990855736494
2023-01-09,TTE,E,252,0.46175636454821384
2023-01-10,TTE,E,252,0.4645063797361144
2023-01-11,TTE,E,252,0.46987926102462113
2023-01-12,TTE,E,252,0.4674650470096586
2023-01-13,TTE,E,252,0.4674363178696202
2023-01-17,TTE,E,252,0.4671032472143304
2023-01-18,TTE,E,252,0.4725583467616452
2023-01-19,TTE,E,252,0.4732108990740271
2023-01-20,TTE,E,252,0.4728496557888553
2023-01-23,TTE,E,252,0.47657009571756387
2023-01-24,TTE,E,252,0.47647365570209366
2023-01-25,TTE,E,252,0.47502771933521815
2023-01-26,TTE,E,252,0.47423603733700775
2023-01-27,TTE,E,252,0.4754821439725899
2023-01-30,TTE,E,252,0.47482779809397935
2023-01-31,TTE,E,252,0.4707642201213893
2023-02-01,TTE,E,252,0.4717614010088655
2023-02-02,TTE,E,252,0.47396167281096113
2023-02-03,TTE,E,252,0.4728645495455997
2023-02-06,TTE,E,252,0.4760263957023701
2023-02-07,TTE,E,252,0.4780591852506971
2023-02-08,TTE,E,252,0.4823397022119422
2023-02-09,TTE,E,252,0.4823599352279244
2023-02-10,TTE,E,252,0.4875176356798298
2023-02-13,TTE,E,252,0.4871936564713928
2023-02-14,TTE,E,252,0.4923490229004264
2023-02-15,TTE,E,252,0.49222980365785124
2023-02-16,TTE,E,252,0.49725310047773397
2023-02-17,TTE,E,252,0.5011476520218534
2023-02-21,TTE,E,252,0.5006843715436644
2023-02-22,TTE,E,252,0.5033871943056615
2023-02-23,TTE,E,252,0.4859617323766408
2023-02-24,TTE,E,252,0.48793624670327984
2023-02-27,TTE,E,252,0.48591301664735104
2023-02-28,TTE,E,252,0.4831133450502426
2023-03-01,TTE,E,252,0.4930081456190272
2023-03-02,TTE,E,252,0.49726516636288387
2023-03-03,TTE,E,252,0.4909637562355246
2023-03-06,TTE,E,252,0.4829760363166128
2023-03-07,TTE,E,252,0.4738929128629798
2023-03-08,TTE,E,252,0.4748802641035165
2023-03-09,TTE,E,252,0.47175409073296865
2023-03-10,TTE,E,252,0.4756832174568697
2023-03-13,TTE,E,252,0.4777421431617425
2023-03-14,TTE,E,252,0.4747258459899243
2023-03-15,TTE,E,252,0.48539164727440576
2023-03-16,TTE,E,252,0.48580793694483815
2023-03-17,TTE,E,252,0.49161104496284075
2023-03-20,TTE,E,252,0.5071189885463157
2023-03-21,TTE,E,252,0.5196985973027916
2023-03-22,TTE,E,252,0.515707591048919
2023-03-23,TTE,E,252,0.5154439320587021
2023-03-24,TTE,E,252,0.5158479929073548
2023-03-27,TTE,E,252,0.5170813192917446
2023-03-28,TTE,E,252,0.5174592865967834
2023-03-29,TTE,E,252,0.5164847974982851
2023-03-30,TTE,E,252,0.5186230676576362
2023-03-31,TTE,E,252,0.51735457290158
2023-04-03,TTE,E,252,0.5249671498754184
2023-04-04,TTE,E,252,0.5247424110600101
2023-04-05,TTE,E,252,0.5236937771398704
2023-04-06,TTE,E,252,0.5223446982045558
2023-04-10,TTE,E,252,0.5231088944586559
2023-04-11,TTE,E,252,0.5222822764210744
2023-04-12,TTE,E,252,0.5216111453516472
2023-04-13,TTE,E,252,0.5292410875945525
2023-04-14,TTE,E,252,0.5321662093599825
2023-04-17,TTE,E,252,0.5318240567530537
2023-04-18,TTE,E,252,0.5317891236572507
2023-04-19,TTE,E,252,0.5344192527404259
2023-04-20,TTE,E,252,0.5349157428839743
2023-04-21,TTE,E,252,0.534185220960505
2023-04-24,TTE,E,252,0.537008326143699
2023-04-25,TTE,E,252,0.534090719248274
2023-04-26,TTE,E,252,0.5339203477241551
2023-04-27,TTE,E,252,0.5347430810104548
2023-04-28,TTE,E,252,0.5351075353918863
2023-05-01,TTE,E,252,0.5317508353502323
2023-05-02,TTE,E,252,0.539276445781433
2023-05-03,TTE,E,252,0.5401293564878528
2023-05-04,TTE,E,252,0.5380695147126608
2023-05-05,TTE,E,252,0.5375968182242014
2023-05-08,TTE,E,252,0.539433365535669
2023-05-09,TTE,E,252,0.5379417577810771
2023-05-10,TTE,E,252,0.5267296816432878
2023-05-11,TTE,E,252,0.528582595854315
2023-05-12,TTE,E,252,0.5301491602956643
2023-05-15,TTE,E,252,0.5306003402564172
2023-05-16,TTE,E,252,0.527989347004739
2023-05-17,TTE,E,252,0.5291263313683516
2023-05-18,TTE,E,252,0.5285459901713344
2023-05-19,TTE,E,252,0.5289066923035513
2023-05-22,TTE,E,252,0.5300048340956398
2023-05-23,TTE,E,252,0.5295858160745853
2023-05-24,TTE,E,252,0.5221907086960104
2023-05-25,TTE,E,252,0.5255723057732431
2023-05-26,TTE,E,252,0.5221082044846821
2023-05-30,TTE,E,252,0.5236852058117464
2023-05-31,TTE,E,252,0.5238019934494854
2023-06-01,TTE,E,252,0.5261437492832743
2023-06-02,TTE,E,252,0.5287332741544671
2023-06-05,TTE,E,252,0.5305598728943777
2023-06-06,TTE,E,252,0.5321704026667711
2023-06-07,TTE,E,252,0.5326389674877765
2023-06-08,TTE,E,252,0.5377506120763386
2023-06-09,TTE,E,252,0.5360662529659262
2023-06-12,TTE,E,252,0.5398228575334926
2023-06-13,TTE,E,252,0.5356763847470127
2023-06-14,TTE,E,252,0.5377794138779108
2023-06-15,TTE,E,252,0.536276380000217
2023-06-16,TTE,E,252,0.5343353799407806
2023-06-20,TTE,E,252,0.5313383244646231
2023-06-21,TTE,E,252,0.5244740510658474
2023-06-22,TTE,E,252,0.5271866058956158
2023-06-23,TTE,E,252,0.5223965604903614
2023-06-26,TTE,E,252,0.5220414428659206
2023-06-27,TTE,E,252,0.5211700196115223
2023-06-28,TTE,E,252,0.5218624383614135
2023-06-29,TTE,E,252,0.531455778728192
2023-06-30,TTE,E,252,0.530036647367336
2023-07-03,TTE,E,252,0.5294187000998641
2023-07-05,TTE,E,252,0.5297438561623368
2023-07-06,TTE,E,252,0.5268182801006671
2023-07-07,TTE,E,252,0.5321909267020006
2023-07-10,TTE,E,252,0.5304833465717055
2023-07-11,TTE,E,252,0.5363647836200672
2023-07-12,TTE,E,252,0.5359419774543941
2023-07-13,TTE,E,252,0.5403234575433031
2023-07-14,TTE,E,252,0.5440346112000458
2023-07-17,TTE,E,252,0.534861688153388
2023-07-18,TTE,E,252,0.5334654151134753
2023-07-19,TTE,E,252,0.5301958111483567
2023-07-20,TTE,E,252,0.5427171662793779
2023-07-21,TTE,E,252,0.5392673907254273
2023-07-24,TTE,E,252,0.5396596764522061
2023-07-25,TTE,E,252,0.5402480390608073
2023-07-26,TTE,E,252,0.5376879176594067
2023-07-27,TTE,E,252,0.5352382942705116
2023-07-28,TTE,E,252,0.5297018309192213
2023-07-31,TTE,E,252,0.533814755908927
2023-08-01,TTE,E,252,0.5242449914419075
2023-08-02,TTE,E,252,0.5253167271807937
2023-08-03,TTE,E,252,0.5209707525991476
2023-08-04,TTE,E,252,0.5184871850016397
2023-08-07,TTE,E,252,0.5248127677544343
2023-08-08,TTE,E,252,0.5420412793988029
2023-08-09,TTE,E,252,0.555307237352482
2023-08-10,TTE,E,252,0.5577645344205221
2023-08-11,TTE,E,252,0.5582704246502972
2023-08-14,TTE,E,252,0.5552383807270002
2023-08-15,TTE,E,252,0.5553800282847304
2023-08-16,TTE,E,252,0.5600456179942258
2023-08-17,TTE,E,252,0.561255791169201
2023-08-18,TTE,E,252,0.5754516403077559
2023-08-21,TTE,E,252,0.5774592639136396
2023-08-22,TTE,E,252,0.5745744043523798
2023-08-23,TTE,E,252,0.5755335195184856
2023-08-24,TTE,E,252,0.5890869624220596
2023-08-25,TTE,E,252,0.5901394167882024
2023-08-28,TTE,E,252,0.5881213002948008
2023-08-29,TTE,E,252,0.5845568503949494
2023-08-30,TTE,E,252,0.5851460919933306
2023-08-31,TTE,E,252,0.596016867120034
2023-09-01,TTE,E,252,0.5912037780506176
2023-09-05,TTE,E,252,0.5879974074553396
2023-09-06,TTE,E,252,0.5849814835123742
2023-09-07,TTE,E,252,0.584039512068856
2023-09-08,TTE,E,252,0.5822931867396425
2023-09-11,TTE,E,252,0.5820037152299175
2023-09-12,TTE,E,252,0.5791394499873012
2023-09-13,TTE,E,252,0.5890509063648696
2023-09-14,TTE,E,252,0.5864445581174262
2023-09-15,TTE,E,252,0.5850119012510141
2023-09-18,TTE,E,252,0.5820651942872836
2023-09-19,TTE,E,252,0.5851293517476505
2023-09-20,TTE,E,252,0.5876019431991651
2023-09-21,TTE,E,252,0.5911270293269784
2023-09-22,TTE,E,252,0.5874190918979599
2023-09-25,TTE,E,252,0.5872624601266546
2023-09-26,TTE,E,252,0.5601417880875427
2023-09-27,TTE,E,252,0.5652780033270972
2023-09-28,TTE,E,252,0.5626506378883194
2023-09-29,TTE,E,252,0.5645422892151909
2023-10-02,TTE,E,252,0.5674298488603641
2023-10-03,TTE,E,252,0.5678609441948081
2023-10-04,TTE,E,252,0.5596020502587187
2023-10-05,TTE,E,252,0.5516934863977652
2023-10-06,TTE,E,252,0.5530252890117203
2023-10-09,TTE,E,252,0.5578397901895231
2023-10-10,TTE,E,252,0.5582120251538659
2023-10-11,TTE,E,252,0.5582720012588349
2023-10-12,TTE,E,252,0.5526610269019028
2023-10-13,TTE,E,252,0.5509184745986615
2023-10-16,TTE,E,252,0.5395828942309954
2023-10-17,TTE,E,252,0.5476600884638366
2023-10-18,TTE,E,252,0.5471523458459923
2023-10-19,TTE,E,252,0.5467064123154871
2023-10-20,TTE,E,252,0.5475258723480964
2023-10-23,TTE,E,252,0.5474291584153715
2023-10-24,TTE,E,252,0.5463601654737064
2023-10-25,TTE,E,252,0.5493238201010029
2023-10-26,TTE,E,252,0.5481491474086403
2023-10-27,TTE,E,252,0.5514260504863291
2023-10-30,TTE,E,252,0.5493437788069194
2023-10-31,TTE,E,252,0.5456767351259711
2023-11-01,TTE,E,252,0.5498561036037684
2023-11-02,TTE,E,252,0.5477786239622626
2023-11-03,TTE,E,252,0.5513223723562901
2023-11-06,TTE,E,252,0.5513843365965717
2023-11-07,TTE,E,252,0.5498824691300376
2023-11-08,TTE,E,252,0.5487890989015094
2023-11-09,TTE,E,252,0.550532037374341
2023-11-10,TTE,E,252,0.5533842700198838
2023-11-13,TTE,E,252,0.5503514957389761
2023-11-14,TTE,E,252,0.5471999315108621
2023-11-15,TTE,E,252,0.5464367561163648
2023-11-16,TTE,E,252,0.548222279555505
2023-11-17,TTE,E,252,0.5510565076515157
2023-11-20,TTE,E,252,0.5504153374083982
2023-11-21,TTE,E,252,0.5511023742276523
2023-11-22,TTE,E,252,0.5523183754028242
2023-11-24,TTE,E,252,0.5531058917620088
2023-11-27,TTE,E,252,0.5529663375147694
2023-11-28,TTE,E,252,0.5483104402008864
2023-11-29,TTE,E,252,0.5475424331020632
2023-11-30,TTE,E,252,0.5500911224879138
2023-12-01,TTE,E,252,0.552070247376238
2023-12-04,TTE,E,252,0.5560954353881258
2023-12-05,TTE,E,252,0.5524450356134791
2023-12-06,TTE,E,252,0.557817688747619
2023-12-07,TTE,E,252,0.5570657364967518
2023-12-08,TTE,E,252,0.5575856932296422
2023-12-11,TTE,E,252,0.5556359965255359
2023-12-12,TTE,E,252,0.5550626614097229
2023-12-13,TTE,E,252,0.5583031179157493
2023-12-14,TTE,E,252,0.555131909718293
2023-12-15,TTE,E,252,0.5569849995938604
2023-12-18,TTE,E,252,0.5583395868722169
2023-12-19,TTE,E,252,0.5580809626318453
2023-12-20,TTE,E,252,0.560618313192888
2023-12-21,TTE,E,252,0.557711226043857
2023-12-22,TTE,E,252,0.5506075029066029
2023-12-26,TTE,E,252,0.5508250009793637
2023-12-27,TTE,E,252,0.5452620546689557
2023-12-28,TTE,E,252,0.5460500617649738
2023-12-29,TTE,E,252,0.5462991860626429
2024-01-02,TTE,E,252,0.5486092062976637
2024-01-03,TTE,E,252,0.5559542038719919
2024-01-04,TTE,E,252,0.5630811093952128
2024-01-05,TTE,E,252,0.5644449206720492
2024-01-08,TTE,E,252,0.5658480271897353
2024-01-09,TTE,E,252,0.5691414982992575
2024-01-10,TTE,E,252,0.5675266141267085
2024-01-11,TTE,E,252,0.5709727257559113
2024-01-12,TTE,E,252,0.5749627726982359
2024-01-16,TTE,E,252,0.5782279205226919
2024-01-17,TTE,E,252,0.57701197455377
2024-01-18,TTE,E,252,0.5795900850906545
2024-01-19,TTE,E,252,0.5794836013595694
2024-01-22,TTE,E,252,0.5821001992503141
2024-01-23,TTE,E,252,0.5822785222202725
2024-01-24,TTE,E,252,0.5837166199952973
2024-01-25,TTE,E,252,0.5791881548213584
2024-01-26,TTE,E,252,0.5831754408110759
2024-01-29,TTE,E,252,0.5855993867355188
2024-01-30,TTE,E,252,0.5848315503983899
2024-01-31,TTE,E,252,0.5886526089763232
2024-02-01,TTE,E,252,0.598977465128226
2024-02-02,TTE,E,252,0.598917632896436
2024-02-05,TTE,E,252,0.5971704968789884
2024-02-06,TTE,E,252,0.5991867913335995
2024-02-07,TTE,E,252,0.5993275172332612
2024-02-08,TTE,E,252,0.5959123104037903
2024-02-09,TTE,E,252,0.5890423088480509
2024-02-12,TTE,E,252,0.5876970588707151
2024-02-13,TTE,E,252,0.5745006811410376
2024-02-14,TTE,E,252,0.5732171969829225
2024-02-15,TTE,E,252,0.5741712667995604
2024-02-16,TTE,E,252,0.5614210610255524
2024-02-20,TTE,E,252,0.5578958890788696
2024-02-21,TTE,E,252,0.5486618308505546
2024-02-22,TTE,E,252,0.5500873966814378
2024-02-23,TTE,E,252,0.5488989324767065
2024-02-26,TTE,E,252,0.6011640753167125
2024-02-27,TTE,E,252,0.6025704417782165
2024-02-28,TTE,E,252,0.6028600979306142
2024-02-29,TTE,E,252,0.6029570459675682
2024-03-01,TTE,E,252,0.6033015338605714
2024-03-04,TTE,E,252,0.6044568345005208
2024-03-05,TTE,E,252,0.6009772106250275
2024-03-06,TTE,E,252,0.6022116758937441
2024-03-07,TTE,E,252,0.6000481424818269
2024-03-08,TTE,E,252,0.6009968366695082
2024-03-11,TTE,E,252,0.6013434269964019
2024-03-12,TTE,E,252,0.6023697785210615
2024-03-13,TTE,E,252,0.6003974404171837
2024-03-14,TTE,E,252,0.5953956264702344
2024-03-15,TTE,E,252,0.572101428558847
2024-03-18,TTE,E,252,0.574192965454762
2024-03-19,TTE,E,252,0.5783025760803001
2024-03-20,TTE,E,252,0.5808576662781381
2024-03-21,TTE,E,252,0.5787059899311809
2024-03-22,TTE,E,252,0.5883723564084324
2024-03-25,TTE,E,252,0.5952163212470408
2024-03-26,TTE,E,252,0.5931733372588259
2024-03-27,TTE,E,252,0.598496267210893
2024-03-28,TTE,E,252,0.597479231640707
2024-04-01,TTE,E,252,0.6009098303344609
2024-04-02,TTE,E,252,0.60136016522106
2024-04-03,TTE,E,252,0.6011835616421172
2024-04-04,TTE,E,252,0.5793652695308599
2024-04-05,TTE,E,252,0.5770367243151758
2024-04-08,TTE,E,252,0.5785271895682162
2024-04-09,TTE,E,252,0.5797116538298615
2024-04-10,TTE,E,252,0.5793425806147631
2024-04-11,TTE,E,252,0.5842019856410396
2024-04-12,TTE,E,252,0.5857933896784511
2024-04-15,TTE,E,252,0.5865190964546151
2024-04-16,TTE,E,252,0.5877487416318747
2024-04-17,TTE,E,252,0.5901580928131568
2024-04-18,TTE,E,252,0.5840679312102802
2024-04-19,TTE,E,252,0.5807960806388961
2024-04-22,TTE,E,252,0.582282735398487
2024-04-23,TTE,E,252,0.5777394870605955
2024-04-24,TTE,E,252,0.5650224481166337
2024-04-25,TTE,E,252,0.5596299461909365
2024-04-26,TTE,E,252,0.5574330648073631
2024-04-29,TTE,E,252,0.5562125291072542
2024-04-30,TTE,E,252,0.5621995017855627
2024-05-01,TTE,E,252,0.5580459659086917
2024-05-02,TTE,E,252,0.5412207484930519
2024-05-03,TTE,E,252,0.5425285759001025
2024-05-06,TTE,E,252,0.543627388069328
2024-05-07,TTE,E,252,0.5465757063888161
2024-05-08,TTE,E,252,0.5473079657931044
2024-05-09,TTE,E,252,0.5480487107575243
2024-05-10,TTE,E,252,0.5450587897748601
2024-05-13,TTE,E,252,0.5373411150681159
2024-05-14,TTE,E,252,0.5377688869096907
2024-05-15,TTE,E,252,0.5383371806182924
2024-05-16,TTE,E,252,0.5395965012878858
2024-05-17,TTE,E,252,0.5398591718873974
2024-05-20,TTE,E,252,0.5437032197476895
2024-05-21,TTE,E,252,0.5402117377606241
2024-05-22,TTE,E,252,0.5427323021733024
2024-05-23,TTE,E,252,0.5361422087187532
2024-05-24,TTE,E,252,0.5296960520312666
2024-05-28,TTE,E,252,0.5166797184195557
2024-05-29,TTE,E,252,0.5163879482172591
2024-05-30,TTE,E,252,0.5087110287925418
2024-05-31,TTE,E,252,0.5114908828840802
2024-06-03,TTE,E,252,0.5052316650854788
2024-06-04,TTE,E,252,0.5006880086689908
2024-06-05,TTE,E,252,0.4991586808777624
2024-06-06,TTE,E,252,0.4935918255935668
2024-06-07,TTE,E,252,0.4926418187163593
2024-06-10,TTE,E,252,0.4947757281065515
2024-06-11,TTE,E,252,0.5020875355322159
2024-06-12,TTE,E,252,0.49846383049225673
2024-06-13,TTE,E,252,0.5045278151190844
2024-06-14,TTE,E,252,0.5101371485656426
2024-06-17,TTE,E,252,0.5129879614303315
2024-06-18,TTE,E,252,0.517841697199294
2024-06-20,TTE,E,252,0.5216398707047168
2024-06-21,TTE,E,252,0.5123842109744547
2024-06-24,TTE,E,252,0.5087027623401995
2024-06-25,TTE,E,252,0.5058923797335266
2024-06-26,TTE,E,252,0.5058545222272942
2024-06-27,TTE,E,252,0.5047777828014365
2024-06-28,TTE,E,252,0.5032236847192937
2024-07-01,TTE,E,252,0.5051926187631018
2024-07-02,TTE,E,252,0.5131639236636463
2024-07-03,TTE,E,252,0.5083626525112545
2024-07-05,TTE,E,252,0.5069830235464355
2024-07-08,TTE,E,252,0.49974973455496785
2024-07-09,TTE,E,252,0.5028247518363755
2024-07-10,TTE,E,252,0.506667923799039
2024-07-11,TTE,E,252,0.4973647360079535
2024-07-12,TTE,E,252,0.4928293544475518
2024-07-15,TTE,E,252,0.48911033318446046
2024-07-16,TTE,E,252,0.4865608391785694
2024-07-17,TTE,E,252,0.4875997168533425
2024-07-18,TTE,E,252,0.48641911246143793
2024-07-19,TTE,E,252,0.48930386023041306
2024-07-22,TTE,E,252,0.4870322590312615
2024-07-23,TTE,E,252,0.4895542353341374
2024-07-24,TTE,E,252,0.48830737148940667
2024-07-25,TTE,E,252,0.487871005612725
2024-07-26,TTE,E,252,0.4939640141417631
2024-07-29,TTE,E,252,0.48795763012014504
2024-07-30,TTE,E,252,0.4875786643823685
2024-07-31,TTE,E,252,0.48592235085211105
2024-08-01,TTE,E,252,0.4828307852868158
2024-08-02,TTE,E,252,0.47904450496615686
2024-08-05,TTE,E,252,0.48933549341160665
2024-08-06,TTE,E,252,0.48894774351306874
2024-08-07,TTE,E,252,0.491193915140104
2024-08-08,TTE,E,252,0.4923092308712699
2024-08-09,TTE,E,252,0.4874258729126392
2024-08-12,TTE,E,252,0.4831388613308402
2024-08-13,TTE,E,252,0.4813472650688319
2024-08-14,TTE,E,252,0.48021530359611536
2024-08-15,TTE,E,252,0.47959563262666227
2024-08-16,TTE,E,252,0.4795749571323847
2024-08-19,TTE,E,252,0.48034330537075015
2024-08-20,TTE,E,252,0.4815348988119956
2024-08-21,TTE,E,252,0.48112225939438885
2024-08-22,TTE,E,252,0.4841812767096193
2024-08-23,TTE,E,252,0.46679464323857534
2024-08-26,TTE,E,252,0.45987208123052276
2024-08-27,TTE,E,252,0.45980878366697825
2024-08-28,TTE,E,252,0.45667636013645785
2024-08-29,TTE,E,252,0.4565704696868227
2024-08-30,TTE,E,252,0.45840392718886097
2024-09-03,TTE,E,252,0.4691631702456505
2024-09-04,TTE,E,252,0.46519239458159717
2024-09-05,TTE,E,252,0.4684794096012989
2024-09-06,TTE,E,252,0.4704474983022216
2024-09-09,TTE,E,252,0.4710690272715754
2024-09-10,TTE,E,252,0.46848494912522165
2024-09-11,TTE,E,252,0.467539740304454
2024-09-12,TTE,E,252,0.47215044415713353
2024-09-13,TTE,E,252,0.47196907160463236
2024-09-16,TTE,E,252,0.4741901388505563
2024-09-17,TTE,E,252,0.47581815148125944
2024-09-18,TTE,E,252,0.4756464666063644
2024-09-19,TTE,E,252,0.4746937692478571
2024-09-20,TTE,E,252,0.4747904035989466
2024-09-23,TTE,E,252,0.4737148969116174
2024-09-24,TTE,E,252,0.4823299134818064
2024-09-25,TTE,E,252,0.4904575701410109
2024-09-26,TTE,E,252,0.49567891605221287
2024-09-27,TTE,E,252,0.497007692749774
2024-09-30,TTE,E,252,0.4971008991465808
2024-10-01,TTE,E,252,0.4900210169711129
2024-10-02,TTE,E,252,0.48949643165840107
2024-10-03,TTE,E,252,0.49007309412328126
2024-10-04,TTE,E,252,0.4862489984326093
2024-10-07,TTE,E,252,0.48897937305110617
2024-10-08,TTE,E,252,0.4890738652397566
2024-10-09,TTE,E,252,0.4839748387673316
2024-10-10,TTE,E,252,0.48381832493154625
2024-10-11,TTE,E,252,0.4839813989124258
2024-10-14,TTE,E,252,0.48396139270813315
2024-10-15,TTE,E,252,0.5002401811196168
2024-10-16,TTE,E,252,0.4960425151089714
2024-10-17,TTE,E,252,0.4956830071020768
2024-10-18,TTE,E,252,0.49846971852814065
2024-10-21,TTE,E,252,0.49853019658582554
2024-10-22,TTE,E,252,0.4934496618363585
2024-10-23,TTE,E,252,0.4910340331781858
2024-10-24,TTE,E,252,0.491744007401562
2024-10-25,TTE,E,252,0.49199578470537747
2024-10-28,TTE,E,252,0.49229317475372797
2024-10-29,TTE,E,252,0.49445488098363566
2024-10-30,TTE,E,252,0.492651719844591
2024-10-31,TTE,E,252,0.4895421642794107
2024-11-01,TTE,E,252,0.48774337238338816
2024-11-04,TTE,E,252,0.48759900740968004
2024-11-05,TTE,E,252,0.4809509713771087
2024-11-06,TTE,E,252,0.4827626620676024
2024-11-07,TTE,E,252,0.4803532441069985
2024-11-08,TTE,E,252,0.48707914676378766
2024-11-11,TTE,E,252,0.48763033429941816
2024-11-12,TTE,E,252,0.4913086734589876
2024-11-13,TTE,E,252,0.4891623586592791
2024-11-14,TTE,E,252,0.4902825263644202
2024-11-15,TTE,E,252,0.4920381426533313
2024-11-18,TTE,E,252,0.49139750976590024
2024-11-19,TTE,E,252,0.4902044420495113
2024-11-20,TTE,E,252,0.4881588720901847
2024-11-21,TTE,E,252,0.48747665443559896
2024-11-22,TTE,E,252,0.4838922625529964
2024-11-25,TTE,E,252,0.4813184701357115
2024-11-26,TTE,E,252,0.4792326503268865
2024-11-27,TTE,E,252,0.47952440674846947
2024-11-29,TTE,E,252,0.47781218378218726
2024-12-02,TTE,E,252,0.47771749386137136
2024-12-03,TTE,E,252,0.475756062493767
2024-12-04,TTE,E,252,0.46744185921411247
2024-12-05,TTE,E,252,0.4667672626469309
2024-12-06,TTE,E,252,0.4695947951364466
2024-12-09,TTE,E,252,0.46958106967716795
2024-12-10,TTE,E,252,0.46813784642758394
2024-12-11,TTE,E,252,0.4685876722974699
2024-12-12,TTE,E,252,0.4669036162208419
2024-12-13,TTE,E,252,0.4663547113195046
2024-12-16,TTE,E,252,0.4691568209042023
2024-12-17,TTE,E,252,0.4616060930383873
2024-12-18,TTE,E,252,0.4608809633836558
2024-12-19,TTE,E,252,0.45898354856934964
2024-12-20,TTE,E,252,0.4579470999891116
2024-12-23,TTE,E,252,0.46177374240343605
2024-12-24,TTE,E,252,0.46209788531503687
2024-12-26,TTE,E,252,0.4611799776274791
2024-12-27,TTE,E,252,0.4705933050781088
2024-12-30,TTE,E,252,0.4642934357601236
2024-12-31,TTE,E,252,0.4673802047100866
2025-01-02,TTE,E,252,0.46783928711447653
2025-01-03,TTE,E,252,0.46880008774457693
2025-01-06,TTE,E,252,0.4734352377197502
2025-01-07,TTE,E,252,0.47322951714779016
2025-01-08,TTE,E,252,0.4753730381287009
2025-01-10,TTE,E,252,0.47157203066868036
2025-01-13,TTE,E,252,0.47266247290011365
2025-01-14,TTE,E,252,0.4733286718560134
2025-01-15,TTE,E,252,0.46991843238351527
2025-01-16,TTE,E,252,0.4590965870350093
2025-01-17,TTE,E,252,0.4605131831848402
2025-01-21,TTE,E,252,0.4615215830307656
2025-01-22,TTE,E,252,0.45964520215948634
2025-01-23,TTE,E,252,0.4586787680111207
2025-01-24,TTE,E,252,0.4577708476831232
2025-01-27,TTE,E,252,0.45889692960661527
2025-01-28,TTE,E,252,0.46574496763377327
2025-01-29,TTE,E,252,0.462718174892352
2025-01-30,TTE,E,252,0.4654891491698984
2025-01-31,TTE,E,252,0.4622576216527842
2025-02-03,TTE,E,252,0.46242506549218976
2025-02-04,TTE,E,252,0.47271188347089316
2025-02-05,TTE,E,252,0.4737420945391971
2025-02-06,TTE,E,252,0.4705421338887969
2025-02-07,TTE,E,252,0.4731563832970989
2025-02-10,TTE,E,252,0.46874304678722006
2025-02-11,TTE,E,252,0.4710596816796875
2025-02-12,TTE,E,252,0.4781651768628511
2025-02-13,TTE,E,252,0.48172850721036153
2025-02-14,TTE,E,252,0.48349448153323915
2025-02-18,TTE,E,252,0.4862824742636151
2025-02-19,TTE,E,252,0.48508503484537513
2025-02-20,TTE,E,252,0.5017735074196668
2025-02-21,TTE,E,252,0.5082417342004232
2025-02-24,TTE,E,252,0.5062223347683334
2025-02-25,TTE,E,252,0.5054603785184788
2025-02-26,TTE,E,252,0.5026177720691009
2025-02-27,TTE,E,252,0.4956837483507484
2025-02-28,TTE,E,252,0.4937213061680786
2025-03-03,TTE,E,252,0.48985470784593477
2025-03-04,TTE,E,252,0.49103136482440946
2025-03-05,TTE,E,252,0.4938230674613982
2025-03-06,TTE,E,252,0.492237617239331
2025-03-07,TTE,E,252,0.5081423904297109
2025-03-10,TTE,E,252,0.49548021286586347
2025-03-11,TTE,E,252,0.49675958112670504
2025-03-12,TTE,E,252,0.49677048218606523
2025-03-13,TTE,E,252,0.4931860405965133
2025-03-14,TTE,E,252,0.4953306231941215
2025-03-17,TTE,E,252,0.4838454421340704
2025-03-18,TTE,E,252,0.4899422488437074
2025-03-19,TTE,E,252,0.49292888876812946
2025-03-20,TTE,E,252,0.48900277882089127
2025-03-21,TTE,E,252,0.4842002480305305
2025-03-24,TTE,E,252,0.4855457046139851
2025-03-25,TTE,E,252,0.484553827215194
2025-03-26,TTE,E,252,0.48575199244506756
2025-03-27,TTE,E,252,0.48460986067753764
2025-03-28,TTE,E,252,0.48426665903348903
2025-03-31,TTE,E,252,0.48352583126438115
2025-04-01,TTE,E,252,0.4810479477275651
2025-04-02,TTE,E,252,0.4808670301143487
2025-04-03,TTE,E,252,0.47536126747246593
2025-04-04,TTE,E,252,0.525955213209546
2025-04-07,TTE,E,252,0.5467390145010612
2025-04-08,TTE,E,252,0.5542368293606968
2025-04-09,TTE,E,252,0.5625085115298323
2025-04-10,TTE,E,252,0.5498327939948273
2025-04-11,TTE,E,252,0.5548467307328143
2025-04-14,TTE,E,252,0.5547433644924359
2025-04-15,TTE,E,252,0.5550650404602666
2025-04-16,TTE,E,252,0.5583633470707495
2025-04-17,TTE,E,252,0.5597168510495256
2025-04-21,TTE,E,252,0.5604074180369514
2025-04-22,TTE,E,252,0.5698348630723491
2025-04-23,TTE,E,252,0.5710410027531206
2025-04-24,TTE,E,252,0.5714866241100952
2025-04-25,TTE,E,252,0.5765025356156599
2025-04-28,TTE,E,252,0.5851996259879002
2025-04-29,TTE,E,252,0.5851431978214282
2025-04-30,TTE,E,252,0.5877293114791787
2025-05-01,TTE,E,252,0.5882768820538185
2025-05-02,TTE,E,252,0.5807907354949169
2025-05-05,TTE,E,252,0.5857616018269629
2025-05-06,TTE,E,252,0.5843826284004507
2025-05-07,TTE,E,252,0.5845426803220983
2025-05-08,TTE,E,252,0.5839903637130824
2025-05-09,TTE,E,252,0.5881867257560982
2025-05-12,TTE,E,252,0.5875581908711368
2025-05-13,TTE,E,252,0.5911092395312354
2025-05-14,TTE,E,252,0.5946897971217083
2025-05-15,TTE,E,252,0.5951698444401532
2025-05-16,TTE,E,252,0.595300517266405
2025-05-19,TTE,E,252,0.5950025146691503
2025-05-20,TTE,E,252,0.5944170597608679
2025-05-21,TTE,E,252,0.5938721944089007
2025-05-22,TTE,E,252,0.5930561797290634
2025-05-23,TTE,E,252,0.5947416825697378
2025-05-27,TTE,E,252,0.5957392633312939
2025-05-28,TTE,E,252,0.6020723405902548
2025-05-29,TTE,E,252,0.6074565361575069
2025-05-30,TTE,E,252,0.6105776375875277
2025-06-02,TTE,E,252,0.6178375377891299
2025-06-03,TTE,E,252,0.6198193036695233
2025-06-04,TTE,E,252,0.6184757315639581
2025-06-05,TTE,E,252,0.6178351837093883
2025-06-06,TTE,E,252,0.6173889606584569
2025-06-09,TTE,E,252,0.6177893601067196
2025-06-10,TTE,E,252,0.6234156090385763
2025-06-11,TTE,E,252,0.6225213323378387
2025-06-12,TTE,E,252,0.6248994282285014
2025-06-13,TTE,E,252,0.621949800619332
2025-06-16,TTE,E,252,0.6221746735652603
2025-06-17,TTE,E,252,0.6196457773252331
2025-06-18,TTE,E,252,0.6163934054665975
2025-06-20,TTE,E,252,0.616794578177986
2025-06-23,TTE,E,252,0.6168905009563114
2025-06-24,TTE,E,252,0.6170206522936608
2025-06-25,TTE,E,252,0.619624939194464
2025-06-26,TTE,E,252,0.6198036052400524
2025-06-27,TTE,E,252,0.6197758561645982
2025-06-30,TTE,E,252,0.6198853333628533
2025-07-01,TTE,E,252,0.619899674337079
2025-07-02,TTE,E,252,0.6241905613526616
2025-07-03,TTE,E,252,0.623297440021965
2025-07-07,TTE,E,252,0.6238520569620615
2025-07-08,TTE,E,252,0.6273923594624803
2025-07-09,TTE,E,252,0.626304183048827
2025-07-10,TTE,E,252,0.625169276009864
2025-07-11,TTE,E,252,0.6242561301350366
2025-07-14,TTE,E,252,0.6221320729337595
2025-07-15,TTE,E,252,0.6266233481663531
2025-07-16,TTE,E,252,0.6266514698399889
2025-07-17,TTE,E,252,0.6268961015486185
2025-07-18,TTE,E,252,0.625952835258851
2025-07-21,TTE,E,252,0.6256902182420668
2025-07-22,TTE,E,252,0.6261398696127405
2025-07-23,TTE,E,252,0.6245965145997078
2025-07-24,TTE,E,252,0.6217169034982958
2025-07-25,TTE,E,252,0.6207387939718955
2025-07-28,TTE,E,252,0.6185743260326555
2025-07-29,TTE,E,252,0.6184280142287769
2025-07-30,TTE,E,252,0.6198719594702893
2025-07-31,TTE,E,252,0.6232795694294816
2025-08-01,TTE,E,252,0.623013488948818
2025-08-04,TTE,E,252,0.6226502724645525
2025-08-05,TTE,E,252,0.6256094183663375
2025-08-06,TTE,E,252,0.6267363700614269
2025-08-07,TTE,E,252,0.6195838529957007
2025-08-08,TTE,E,252,0.6204900047286133
2025-08-11,TTE,E,252,0.6195324002933971
2025-08-12,TTE,E,252,0.619705675011767
2025-08-13,TTE,E,252,0.6169505703751128
2025-08-14,TTE,E,252,0.618999265745035
2025-08-15,TTE,E,252,0.6183894728640871
2025-08-18,TTE,E,252,0.6191710622705039
2025-08-19,TTE,E,252,0.6193211754465963
2025-08-20,TTE,E,252,0.6203607832301234
2025-08-21,TTE,E,252,0.6202354121975894
2025-08-22,TTE,E,252,0.6209866039931485
2025-08-25,TTE,E,252,0.6219629065806762
2025-08-26,TTE,E,252,0.6214677635190978
2025-08-27,TTE,E,252,0.6336159347376646
2025-08-28,TTE,E,252,0.6397271443289554
2025-08-29,TTE,E,252,0.6389992729678468
2025-09-02,TTE,E,252,0.6429392652747649
2025-09-03,TTE,E,252,0.6488409951217642
2025-09-04,TTE,E,252,0.6482457908625825
2025-09-05,TTE,E,252,0.6399943278240323
2025-09-08,TTE,E,252,0.6369309301909775
2025-09-09,TTE,E,252,0.6367386539203379
2025-09-10,TTE,E,252,0.6357958885213622
2025-09-11,TTE,E,252,0.6360129864415747
2025-09-12,TTE,E,252,0.6380814309784842
2025-09-15,TTE,E,252,0.6380833987970962
2025-09-16,TTE,E,252,0.6378398374909581
2025-09-17,TTE,E,252,0.6394420154640217
2025-09-18,TTE,E,252,0.6405580560809152
2025-09-19,TTE,E,252,0.6395675720470728
2025-09-22,TTE,E,252,0.6386393365222124
2025-09-23,TTE,E,252,0.6395835476658716
2025-09-24,TTE,E,252,0.6383489839587344
2025-09-25,TTE,E,252,0.6393438915060377
2025-09-26,TTE,E,252,0.6407538199778081
2025-09-29,TTE,E,252,0.638121971516791
2025-09-30,TTE,E,252,0.6365950781347127
2025-10-01,TTE,E,252,0.6377782868137579
2025-10-02,TTE,E,252,0.6399310321398382
2025-10-03,TTE,E,252,0.6430351792312832
2025-10-06,TTE,E,252,0.6405699131700431
2025-10-07,TTE,E,252,0.6373963998727686
2025-10-08,TTE,E,252,0.6373290392702283
2025-10-09,TTE,E,252,0.636681876723192
2025-10-10,TTE,E,252,0.6314142179976782
2025-10-13,TTE,E,252,0.6296905011799536
2025-10-14,TTE,E,252,0.6214483002485606
2025-10-15,TTE,E,252,0.6210575208970025
2025-10-16,TTE,E,252,0.6197201523194827
2025-10-17,TTE,E,252,0.6120397649166536
2025-10-20,TTE,E,252,0.6136161483517837
2025-10-21,TTE,E,252,0.6107498783128389
2025-10-22,TTE,E,252,0.6042272283097723
2025-10-23,TTE,E,252,0.6071291515240246
2025-10-24,TTE,E,252,0.609097484466301
2025-10-27,TTE,E,252,0.6114804115965295
2025-10-28,TTE,E,252,0.6097281847180406
2025-10-29,TTE,E,252,0.6108555719485712
2025-10-30,TTE,E,252,0.6131035710717653
2025-10-31,TTE,E,252,0.6124197915466549
2025-11-03,TTE,E,252,0.6146603727482584
2025-11-04,TTE,E,252,0.6154749275944174
2025-11-05,TTE,E,252,0.6162356680682707
2025-11-06,TTE,E,252,0.6158310354330271
2025-11-07,TTE,E,252,0.6168992089068913
2025-11-10,TTE,E,252,0.6171030854652232
2025-11-11,TTE,E,252,0.616659339212201
2025-11-12,TTE,E,252,0.6133265435577452
2025-11-13,TTE,E,252,0.608913957824801
2025-11-14,TTE,E,252,0.6045504865327694
2025-11-17,TTE,E,252,0.605750657452519
2025-11-18,TTE,E,252,0.6048243462662743
2025-11-19,TTE,E,252,0.6073179785706035
2025-11-20,TTE,E,252,0.6055445090097495
2025-11-21,TTE,E,252,0.6044369063700197
2025-11-24,TTE,E,252,0.6029863471992571
2025-11-25,TTE,E,252,0.6033666532067183
2025-11-26,TTE,E,252,0.6044955886624861
2025-11-28,TTE,E,252,0.6013245110274059
2025-12-01,TTE,E,252,0.6042060957786953
2025-12-02,TTE,E,252,0.6066632256710395
2025-12-03,TTE,E,252,0.6107076749397136
2025-12-04,TTE,E,252,0.6111684591811387
2025-12-05,TTE,E,252,0.6124667978319681
2025-12-08,TTE,E,252,0.6135416812142545
2025-12-09,TTE,E,252,0.6136982831115072
2025-12-10,TTE,E,252,0.611819566187485
2025-12-11,TTE,E,252,0.6136435683860596
2025-12-12,TTE,E,252,0.6130091062217093
2025-12-15,TTE,E,252,0.6131592184841013
2025-12-16,TTE,E,252,0.6176745754430452
2025-12-17,TTE,E,252,0.6192297908950568
2025-12-18,TTE,E,252,0.6158851446844374
2025-12-19,TTE,E,252,0.6211352116571479
2025-12-22,TTE,E,252,0.6184548420788915
2025-12-23,TTE,E,252,0.6185372157755326
2025-12-24,TTE,E,252,0.6184784598600102
2025-12-26,TTE,E,252,0.618676348333904
2025-12-29,TTE,E,252,0.6183667451470823
2025-12-30,TTE,E,252,0.6179542163289944
2025-12-31,TTE,E,252,0.6157556406714814
2026-01-02,TTE,E,252,0.6217483417144357
2026-01-05,TTE,E,252,0.6211681059799807
2026-01-06,TTE,E,252,0.633399940566289
2026-01-07,TTE,E,252,0.6325598907537475
2026-01-08,TTE,E,252,0.6310538075308074
2026-01-09,TTE,E,252,0.6319854073725331
2026-01-12,TTE,E,252,0.6316621846156789
2026-01-13,TTE,E,252,0.6340595808527102
2026-01-14,TTE,E,252,0.6350312804823516
2026-01-15,TTE,E,252,0.6359579450044387
2026-01-16,TTE,E,252,0.6353005366020681
2026-01-20,TTE,E,252,0.6326062563242729
2026-01-21,TTE,E,252,0.6323879096723372
2026-01-22,TTE,E,252,0.6327897449698988
2026-01-23,TTE,E,252,0.6391755671618221
2026-01-26,TTE,E,252,0.6397818719653308
2026-01-27,TTE,E,252,0.643874090865822
2026-01-28,TTE,E,252,0.643755159056105
2026-01-29,TTE,E,252,0.644858873194045
2026-01-30,TTE,E,252,0.6434756821264851
2026-02-02,TTE,E,252,0.6424522209095167
2026-02-03,TTE,E,252,0.647319382308179
2026-02-04,TTE,E,252,0.6475589383324861
2026-02-05,TTE,E,252,0.6455883046472904
2026-02-06,TTE,E,252,0.6472021341179235
2026-02-09,TTE,E,252,0.6481460410862704
2026-02-10,TTE,E,252,0.6480074164704146
2026-02-11,TTE,E,252,0.6516156432651824
2026-02-12,TTE,E,252,0.6533089984956206
2026-02-13,TTE,E,252,0.6535642417624226
2026-02-17,TTE,E,252,0.6535592587969931
2026-02-18,TTE,E,252,0.6544523311643619
2026-02-19,TTE,E,252,0.6542234881410632
2026-02-20,TTE,E,252,0.6533417613004192
2026-02-23,TTE,E,252,0.6527979528653161
2026-02-24,TTE,E,252,0.651503138825876
2026-02-25,TTE,E,252,0.6519241886029092
2026-02-26,TTE,E,252,0.6470001730290585
2026-02-27,TTE,E,252,0.6503306075537617
2026-03-02,TTE,E,252,0.6573679839730436
2026-03-03,TTE,E,252,0.6613539810297708
2026-03-04,TTE,E,252,0.6592516972015922
2026-03-05,TTE,E,252,0.6579390435862311
2026-03-06,TTE,E,252,0.6593416762806438
2026-03-09,TTE,E,252,0.6611488943356529
2026-03-10,TTE,E,252,0.655898373277393
2026-03-11,TTE,E,252,0.6666596949389075
2026-03-12,TTE,E,252,0.6658459439379775
2026-03-13,TTE,E,252,0.66741030752908
2026-03-16,TTE,E,252,0.6710108562211877
2026-03-17,TTE,E,252,0.6767877694656528
2026-03-18,TTE,E,252,0.676436366709898
2026-03-19,TTE,E,252,0.6811958412514589
2026-03-20,TTE,E,252,0.6814946527368883
2026-03-23,TTE,E,252,0.6789112844448804
2026-03-24,TTE,E,252,0.679006910527652
2026-03-25,TTE,E,252,0.6762941969743673
2026-03-26,TTE,E,252,0.6768336385829636
2026-03-27,TTE,E,252,0.6743789129588987
2026-03-30,TTE,E,252,0.6746253938740703
2026-03-31,TTE,E,252,0.6738384780157078
2026-04-01,TTE,E,252,0.6744927964353059
2026-04-02,TTE,E,252,0.679249631080751
2026-04-06,TTE,E,252,0.6785937682819285
2026-04-07,TTE,E,252,0.6788990713765765
2026-04-08,TTE,E,252,0.6515249313833775
2026-04-09,TTE,E,252,0.6314583239715025
2026-04-10,TTE,E,252,0.623818711893737
2026-04-13,TTE,E,252,0.6146324850746993
2026-04-14,TTE,E,252,0.6318515999242389
2026-04-15,TTE,E,252,0.6349135566466635
2026-04-16,TTE,E,252,0.6385779356556175
2026-04-17,TTE,E,252,0.6505278676522916
2026-04-20,TTE,E,252,0.6477178679030936
2026-04-21,TTE,E,252,0.647089303183001
2026-04-22,TTE,E,252,0.646952313742374
2026-04-23,TTE,E,252,0.6433429630221918
2026-04-24,TTE,E,252,0.6434130019520602
2026-04-27,TTE,E,252,0.6432140909103347
2026-04-28,TTE,E,252,0.6466928528349848
2026-04-29,TTE,E,252,0.6476840969087133
2026-04-30,TTE,E,252,0.6483841331821316
2026-05-01,TTE,E,252,0.6457219946026864
2026-05-04,TTE,E,252,0.645541999311223
2026-05-05,TTE,E,252,0.6517067917935366
2026-05-06,TTE,E,252,0.6615282628372521
2026-05-07,TTE,E,252,0.6645683119187638
2026-05-08,TTE,E,252,0.6619719744468562
2026-05-11,TTE,E,252,0.6651714947755426
2026-05-12,TTE,E,252,0.662319374969335
2026-05-13,TTE,E,252,0.662593936025047
2026-05-14,TTE,E,252,0.6592996140083333
2026-05-15,TTE,E,252,0.6588229348788177
2026-05-18,TTE,E,252,0.6593478037660044
2026-05-19,TTE,E,252,0.6593849606191866
2026-05-20,TTE,E,252,0.6570741720031639
2026-05-21,TTE,E,252,0.6554447873257342
2026-05-22,TTE,E,252,0.6563020593642591
2026-05-26,TTE,E,252,0.6569974351241369
2026-05-27,TTE,E,252,0.6620408502892106
2026-05-28,TTE,E,252,0.6596286873219799
2026-05-29,TTE,E,252,0.6582128861320227
2026-06-01,TTE,E,252,0.6593302631349828
2026-06-02,TTE,E,252,0.6595845765874573
2026-06-03,TTE,E,252,0.654831858770188
2026-06-04,TTE,E,252,0.65403765690291
2026-06-05,TTE,E,252,0.6553440017165012
2026-06-08,TTE,E,252,0.6552959562327925
2026-06-09,TTE,E,252,0.6544729708744192
2026-06-10,TTE,E,252,0.65335170783319
2026-06-11,TTE,E,252,0.6529337190654411
2026-06-12,TTE,E,252,0.6528617638508127
2026-06-15,TTE,E,252,0.6639646598152191
2026-06-16,TTE,E,252,0.6668320467551203
2026-06-17,TTE,E,252,0.6700740820697332
2026-06-18,TTE,E,252,0.6721735776787959
2026-06-22,TTE,E,252,0.6728311689231022
2026-06-23,TTE,E,252,0.6730576874665346
2026-06-24,TTE,E,252,0.673177285567713
2026-06-25,TTE,E,252,0.6727167432435894
2026-06-26,TTE,E,252,0.6752685300272531
2026-06-29,TTE,E,252,0.6759051024336151
2026-06-30,TTE,E,252,0.6757943188003595
2026-07-01,TTE,E,252,0.6798171665189644
2026-07-02,TTE,E,252,0.6828193517388227
2026-07-06,TTE,E,252,0.681223256906539
2026-07-07,TTE,E,252,0.6826823180099902
2026-07-08,TTE,E,252,0.6858191321100423
2026-07-09,TTE,E,252,0.6841181266524499
2026-07-10,TTE,E,252,0.6853065609664034
2026-07-13,TTE,E,252,0.6924874527487176
2026-07-14,TTE,E,252,0.6923301067570233
2026-07-15,TTE,E,252,0.6953359023297865
2026-07-16,TTE,E,252,0.6975270959669269
2026-07-17,TTE,E,252,0.7057779107483909
2026-07-20,TTE,E,252,0.7057163347682679
2026-07-21,TTE,E,252,0.7054089313475246
2026-07-22,TTE,E,252,0.7064884779684235
2026-07-23,TTE,E,252,0.707361106023721
2026-07-24,TTE,E,252,0.7079200585128681
2026-07-27,TTE,E,252,0.7210223952575572
2026-07-28,TTE,E,252,0.7215659857639307
2026-07-29,TTE,E,252,0.7227190107427035
2026-07-30,TTE,E,252,0.7187043651810042
2026-07-31,TTE,E,252,0.716640877983465
2026-08-03,TTE,E,252,0.7180653046829449
2026-08-04,TTE,E,252,0.7209526571031422
2026-08-05,TTE,E,252,0.7211276320619392
2026-08-06,TTE,E,252,0.722293067883
2026-08-07,TTE,E,252,0.7233490458583556
2026-08-10,TTE,E,252,0.7314511695610596
2026-08-11,TTE,E,252,0.7311452873123613
2026-08-12,TTE,E,252,0.7310186918748509
2026-08-13,TTE,E,252,0.7312774929173124
2026-08-14,TTE,E,252,0.7344927984931338
2026-08-17,TTE,E,252,0.7340688773984809
2026-08-18,TTE,E,252,0.735397063868086
2026-08-19,TTE,E,252,0.7345270072332662
2026-08-20,TTE,E,252,0.734010217561239
2026-08-21,TTE,E,252,0.7352190320987898
2026-08-24,TTE,E,252,0.7344066949406776
