target,n_stocks,stocks,ticker,weight
XOM,2,COP|EOG,COP,0.5231691534417575
XOM,2,COP|EOG,EOG,0.4768308465582424
XOM,2,COP|DVN,COP,0.9440195903296005
XOM,2,COP|DVN,DVN,0.05598040967039955
XOM,2,COP|HAL,COP,0.689014500964682
XOM,2,COP|HAL,HAL,0.310985499035318
XOM,2,COP|CNQ,COP,0.7459213139549008
XOM,2,COP|CNQ,CNQ,0.25407868604509926
XOM,2,COP|FANG,COP,0.9999999999999999
XOM,2,COP|FANG,FANG,1.6653345369377348e-16
XOM,2,COP|CVE,COP,0.8165518133906189
XOM,2,COP|CVE,CVE,0.18344818660938114
XOM,2,COP|SU,COP,0.7664106653577872
XOM,2,COP|SU,SU,0.23358933464221276
XOM,2,COP|TRGP,COP,0.724084432738503
XOM,2,COP|TRGP,TRGP,0.2759155672614971
XOM,2,COP|PSX,COP,0.7474947430460915
XOM,2,COP|PSX,PSX,0.25250525695390846
XOM,2,COP|WMB,COP,0.7401944551474431
XOM,2,COP|WMB,WMB,0.2598055448525569
XOM,2,COP|KMI,COP,0.7379185751172102
XOM,2,COP|KMI,KMI,0.2620814248827898
XOM,2,COP|OKE,COP,0.7806761702642256
XOM,2,COP|OKE,OKE,0.21932382973577436
XOM,2,COP|MPC,COP,0.7794674154557173
XOM,2,COP|MPC,MPC,0.2205325845442827
XOM,2,COP|SLB,COP,0.8696748856199294
XOM,2,COP|SLB,SLB,0.13032511438007052
XOM,2,EOG|DVN,EOG,1.0
XOM,2,EOG|DVN,DVN,5.551115123125783e-17
XOM,2,EOG|HAL,EOG,0.7002012896417836
XOM,2,EOG|HAL,HAL,0.29979871035821637
XOM,2,EOG|CNQ,EOG,0.6986424422274331
XOM,2,EOG|CNQ,CNQ,0.30135755777256695
XOM,2,EOG|FANG,EOG,1.0
XOM,2,EOG|FANG,FANG,0.0
XOM,2,EOG|CVE,EOG,0.7280153809062555
XOM,2,EOG|CVE,CVE,0.2719846190937445
XOM,2,EOG|SU,EOG,0.7099863068636956
XOM,2,EOG|SU,SU,0.2900136931363045
XOM,2,EOG|TRGP,EOG,0.7383831411103222
XOM,2,EOG|TRGP,TRGP,0.2616168588896778
XOM,2,EOG|PSX,EOG,0.712099867546275
XOM,2,EOG|PSX,PSX,0.28790013245372503
XOM,2,EOG|WMB,EOG,0.7843994320478462
XOM,2,EOG|WMB,WMB,0.2156005679521537
XOM,2,EOG|KMI,EOG,0.7942932258532855
XOM,2,EOG|KMI,KMI,0.20570677414671443
XOM,2,EOG|OKE,EOG,0.8234018864967396
XOM,2,EOG|OKE,OKE,0.17659811350326035
XOM,2,EOG|MPC,EOG,0.7286280550844197
XOM,2,EOG|MPC,MPC,0.2713719449155802
XOM,2,EOG|SLB,EOG,0.8383851704753923
XOM,2,EOG|SLB,SLB,0.16161482952460768
XOM,2,DVN|HAL,DVN,0.509032063317946
XOM,2,DVN|HAL,HAL,0.490967936682054
XOM,2,DVN|CNQ,DVN,0.5147646431589834
XOM,2,DVN|CNQ,CNQ,0.48523535684101654
XOM,2,DVN|FANG,DVN,0.7014789447626592
XOM,2,DVN|FANG,FANG,0.29852105523734096
XOM,2,DVN|CVE,DVN,0.5516663561875207
XOM,2,DVN|CVE,CVE,0.44833364381247925
XOM,2,DVN|SU,DVN,0.550788235906888
XOM,2,DVN|SU,SU,0.44921176409311203
XOM,2,DVN|TRGP,DVN,0.5997656821857597
XOM,2,DVN|TRGP,TRGP,0.4002343178142403
XOM,2,DVN|PSX,DVN,0.596591500077681
XOM,2,DVN|PSX,PSX,0.403408499922319
XOM,2,DVN|WMB,DVN,0.6210765379984237
XOM,2,DVN|WMB,WMB,0.37892346200157634
XOM,2,DVN|KMI,DVN,0.629923766758371
XOM,2,DVN|KMI,KMI,0.37007623324162897
XOM,2,DVN|OKE,DVN,0.6550896779079861
XOM,2,DVN|OKE,OKE,0.34491032209201394
XOM,2,DVN|MPC,DVN,0.6388691348557842
XOM,2,DVN|MPC,MPC,0.3611308651442157
XOM,2,DVN|SLB,DVN,0.6775953838113223
XOM,2,DVN|SLB,SLB,0.32240461618867766
XOM,2,HAL|CNQ,HAL,0.5066187192583813
XOM,2,HAL|CNQ,CNQ,0.49338128074161874
XOM,2,HAL|FANG,HAL,0.5202822711683872
XOM,2,HAL|FANG,FANG,0.47971772883161284
XOM,2,HAL|CVE,HAL,0.5366628831027407
XOM,2,HAL|CVE,CVE,0.4633371168972593
XOM,2,HAL|SU,HAL,0.5467090685858065
XOM,2,HAL|SU,SU,0.4532909314141935
XOM,2,HAL|TRGP,HAL,0.5732115492277411
XOM,2,HAL|TRGP,TRGP,0.4267884507722589
XOM,2,HAL|PSX,HAL,0.5958710723126301
XOM,2,HAL|PSX,PSX,0.40412892768736985
XOM,2,HAL|WMB,HAL,0.6273248959076053
XOM,2,HAL|WMB,WMB,0.3726751040923947
XOM,2,HAL|KMI,HAL,0.6256243359137601
XOM,2,HAL|KMI,KMI,0.37437566408623996
XOM,2,HAL|OKE,HAL,0.639294171961938
XOM,2,HAL|OKE,OKE,0.360705828038062
XOM,2,HAL|MPC,HAL,0.6197116219835324
XOM,2,HAL|MPC,MPC,0.38028837801646764
XOM,2,HAL|SLB,HAL,1.0
XOM,2,HAL|SLB,SLB,0.0
XOM,2,CNQ|FANG,CNQ,0.5123607035784294
XOM,2,CNQ|FANG,FANG,0.48763929642157056
XOM,2,CNQ|CVE,CNQ,0.7483937441882061
XOM,2,CNQ|CVE,CVE,0.25160625581179397
XOM,2,CNQ|SU,CNQ,1.0
XOM,2,CNQ|SU,SU,0.0
XOM,2,CNQ|TRGP,CNQ,0.577124350878862
XOM,2,CNQ|TRGP,TRGP,0.422875649121138
XOM,2,CNQ|PSX,CNQ,0.5875990675830819
XOM,2,CNQ|PSX,PSX,0.4124009324169181
XOM,2,CNQ|WMB,CNQ,0.6109065111947978
XOM,2,CNQ|WMB,WMB,0.38909348880520217
XOM,2,CNQ|KMI,CNQ,0.6105819334516734
XOM,2,CNQ|KMI,KMI,0.38941806654832656
XOM,2,CNQ|OKE,CNQ,0.6239009193289257
XOM,2,CNQ|OKE,OKE,0.37609908067107434
XOM,2,CNQ|MPC,CNQ,0.6251280611696367
XOM,2,CNQ|MPC,MPC,0.3748719388303633
XOM,2,CNQ|SLB,CNQ,0.6631051687441789
XOM,2,CNQ|SLB,SLB,0.3368948312558211
XOM,2,FANG|CVE,FANG,0.5193567790701202
XOM,2,FANG|CVE,CVE,0.4806432209298798
XOM,2,FANG|SU,FANG,0.5275024445993421
XOM,2,FANG|SU,SU,0.4724975554006578
XOM,2,FANG|TRGP,FANG,0.5547096974618786
XOM,2,FANG|TRGP,TRGP,0.44529030253812146
XOM,2,FANG|PSX,FANG,0.5852845204138806
XOM,2,FANG|PSX,PSX,0.4147154795861195
XOM,2,FANG|WMB,FANG,0.5873216133058036
XOM,2,FANG|WMB,WMB,0.4126783866941965
XOM,2,FANG|KMI,FANG,0.5972519577704477
XOM,2,FANG|KMI,KMI,0.4027480422295523
XOM,2,FANG|OKE,FANG,0.6189022773459123
XOM,2,FANG|OKE,OKE,0.38109772265408765
XOM,2,FANG|MPC,FANG,0.6223848957536811
XOM,2,FANG|MPC,MPC,0.3776151042463189
XOM,2,FANG|SLB,FANG,0.6807605376303775
XOM,2,FANG|SLB,SLB,0.31923946236962253
XOM,2,CVE|SU,CVE,0.6463879678361657
XOM,2,CVE|SU,SU,0.35361203216383424
XOM,2,CVE|TRGP,CVE,0.5494901843123895
XOM,2,CVE|TRGP,TRGP,0.45050981568761045
XOM,2,CVE|PSX,CVE,0.5611265485267272
XOM,2,CVE|PSX,PSX,0.43887345147327284
XOM,2,CVE|WMB,CVE,0.5715524947117434
XOM,2,CVE|WMB,WMB,0.42844750528825654
XOM,2,CVE|KMI,CVE,0.5724017184225003
XOM,2,CVE|KMI,KMI,0.4275982815774997
XOM,2,CVE|OKE,CVE,0.5883199358851862
XOM,2,CVE|OKE,OKE,0.41168006411481384
XOM,2,CVE|MPC,CVE,0.6082100203225083
XOM,2,CVE|MPC,MPC,0.3917899796774917
XOM,2,CVE|SLB,CVE,0.6378686013134895
XOM,2,CVE|SLB,SLB,0.36213139868651045
XOM,2,SU|TRGP,SU,0.5321398614961326
XOM,2,SU|TRGP,TRGP,0.4678601385038675
XOM,2,SU|PSX,SU,0.5584865441876923
XOM,2,SU|PSX,PSX,0.44151345581230766
XOM,2,SU|WMB,SU,0.5629513731443415
XOM,2,SU|WMB,WMB,0.4370486268556585
XOM,2,SU|KMI,SU,0.5678706561987409
XOM,2,SU|KMI,KMI,0.4321293438012591
XOM,2,SU|OKE,SU,0.5792528882309032
XOM,2,SU|OKE,OKE,0.42074711176909685
XOM,2,SU|MPC,SU,0.6041432218653567
XOM,2,SU|MPC,MPC,0.39585677813464326
XOM,2,SU|SLB,SU,0.6184149703269444
XOM,2,SU|SLB,SLB,0.38158502967305563
XOM,2,TRGP|PSX,TRGP,0.529800339051118
XOM,2,TRGP|PSX,PSX,0.470199660948882
XOM,2,TRGP|WMB,TRGP,0.6543275561738224
XOM,2,TRGP|WMB,WMB,0.3456724438261775
XOM,2,TRGP|KMI,TRGP,0.6624210061536132
XOM,2,TRGP|KMI,KMI,0.3375789938463868
XOM,2,TRGP|OKE,TRGP,0.7540926666408471
XOM,2,TRGP|OKE,OKE,0.24590733335915294
XOM,2,TRGP|MPC,TRGP,0.5851227256885899
XOM,2,TRGP|MPC,MPC,0.4148772743114101
XOM,2,TRGP|SLB,TRGP,0.5741689065355899
XOM,2,TRGP|SLB,SLB,0.4258310934644101
XOM,2,PSX|WMB,PSX,0.5065284231612113
XOM,2,PSX|WMB,WMB,0.49347157683878873
XOM,2,PSX|KMI,PSX,0.5180283295097563
XOM,2,PSX|KMI,KMI,0.4819716704902437
XOM,2,PSX|OKE,PSX,0.5272343338216605
XOM,2,PSX|OKE,OKE,0.4727656661783395
XOM,2,PSX|MPC,PSX,0.9064475146181079
XOM,2,PSX|MPC,MPC,0.09355248538189226
XOM,2,PSX|SLB,PSX,0.5627243352040548
XOM,2,PSX|SLB,SLB,0.43727566479594515
XOM,2,WMB|KMI,WMB,0.7135248074504098
XOM,2,WMB|KMI,KMI,0.28647519254959014
XOM,2,WMB|OKE,WMB,0.6308763822350778
XOM,2,WMB|OKE,OKE,0.3691236177649222
XOM,2,WMB|MPC,WMB,0.5337793849227156
XOM,2,WMB|MPC,MPC,0.4662206150772844
XOM,2,WMB|SLB,WMB,0.5518583177497473
XOM,2,WMB|SLB,SLB,0.44814168225025275
XOM,2,KMI|OKE,KMI,0.5824288757330117
XOM,2,KMI|OKE,OKE,0.4175711242669882
XOM,2,KMI|MPC,KMI,0.5263976849863907
XOM,2,KMI|MPC,MPC,0.47360231501360933
XOM,2,KMI|SLB,KMI,0.539516399733297
XOM,2,KMI|SLB,SLB,0.46048360026670293
XOM,2,OKE|MPC,OKE,0.5179485636852549
XOM,2,OKE|MPC,MPC,0.48205143631474506
XOM,2,OKE|SLB,OKE,0.533869123315973
XOM,2,OKE|SLB,SLB,0.4661308766840269
XOM,2,MPC|SLB,MPC,0.5190415975560885
XOM,2,MPC|SLB,SLB,0.48095840244391147
XOM,3,COP|EOG|DVN,COP,0.5231691657322425
XOM,3,COP|EOG|DVN,EOG,0.47683083426775746
XOM,3,COP|EOG|DVN,DVN,5.007606606832151e-18
XOM,3,COP|EOG|HAL,COP,0.4561364840908383
XOM,3,COP|EOG|HAL,EOG,0.25977447806025517
XOM,3,COP|EOG|HAL,HAL,0.2840890378489066
XOM,3,COP|EOG|CNQ,COP,0.215891368891
XOM,3,COP|EOG|CNQ,EOG,0.5169811338222865
XOM,3,COP|EOG|CNQ,CNQ,0.2671274972867136
XOM,3,COP|EOG|FANG,COP,0.5231691665053767
XOM,3,COP|EOG|FANG,EOG,0.47683083349462313
XOM,3,COP|EOG|FANG,FANG,2.7953290856758646e-17
XOM,3,COP|EOG|CVE,COP,0.1451883857730789
XOM,3,COP|EOG|CVE,EOG,0.6117498982884039
XOM,3,COP|EOG|CVE,CVE,0.24306171593851725
XOM,3,COP|EOG|SU,COP,0.1375113805917044
XOM,3,COP|EOG|SU,EOG,0.5938276794329919
XOM,3,COP|EOG|SU,SU,0.26866093997530377
XOM,3,COP|EOG|TRGP,COP,0.489739851640826
XOM,3,COP|EOG|TRGP,EOG,0.2550951133302082
XOM,3,COP|EOG|TRGP,TRGP,0.25516503502896587
XOM,3,COP|EOG|PSX,COP,0.13073622602903082
XOM,3,COP|EOG|PSX,EOG,0.5950445238502313
XOM,3,COP|EOG|PSX,PSX,0.2742192501207379
XOM,3,COP|EOG|WMB,COP,0.6528838479920732
XOM,3,COP|EOG|WMB,EOG,0.09927106563748118
XOM,3,COP|EOG|WMB,WMB,0.2478450863704457
XOM,3,COP|EOG|KMI,COP,0.7379185752002636
XOM,3,COP|EOG|KMI,EOG,2.846030702774449e-19
XOM,3,COP|EOG|KMI,KMI,0.26208142479973645
XOM,3,COP|EOG|OKE,COP,0.5872456545450371
XOM,3,COP|EOG|OKE,EOG,0.21751508207145578
XOM,3,COP|EOG|OKE,OKE,0.195239263383507
XOM,3,COP|EOG|MPC,COP,0.005413178111098156
XOM,3,COP|EOG|MPC,EOG,0.7238624809884215
XOM,3,COP|EOG|MPC,MPC,0.27072434090048036
XOM,3,COP|EOG|SLB,COP,0.3961650792605118
XOM,3,COP|EOG|SLB,EOG,0.4743316772512933
XOM,3,COP|EOG|SLB,SLB,0.12950324348819486
XOM,3,COP|DVN|HAL,COP,0.6481888438210203
XOM,3,COP|DVN|HAL,DVN,0.04159352644471366
XOM,3,COP|DVN|HAL,HAL,0.31021762973426603
XOM,3,COP|DVN|CNQ,COP,0.5724589863873863
XOM,3,COP|DVN|CNQ,DVN,0.14894689409906275
XOM,3,COP|DVN|CNQ,CNQ,0.27859411951355095
XOM,3,COP|DVN|FANG,COP,0.9440195806833214
XOM,3,COP|DVN|FANG,DVN,0.0559804193166788
XOM,3,COP|DVN|FANG,FANG,0.0
XOM,3,COP|DVN|CVE,COP,0.7191159723203258
XOM,3,COP|DVN|CVE,DVN,0.0893930986658803
XOM,3,COP|DVN|CVE,CVE,0.19149092901379391
XOM,3,COP|DVN|SU,COP,0.556209772021141
XOM,3,COP|DVN|SU,DVN,0.1777776986039006
XOM,3,COP|DVN|SU,SU,0.26601252937495845
XOM,3,COP|DVN|TRGP,COP,0.7240844341809758
XOM,3,COP|DVN|TRGP,DVN,0.0
XOM,3,COP|DVN|TRGP,TRGP,0.27591556581902427
XOM,3,COP|DVN|PSX,COP,0.5879268908532589
XOM,3,COP|DVN|PSX,DVN,0.1470142001693293
XOM,3,COP|DVN|PSX,PSX,0.2650589089774118
XOM,3,COP|DVN|WMB,COP,0.7401944559759609
XOM,3,COP|DVN|WMB,DVN,2.541098841762901e-20
XOM,3,COP|DVN|WMB,WMB,0.259805544024039
XOM,3,COP|DVN|KMI,COP,0.7379185755610649
XOM,3,COP|DVN|KMI,DVN,0.0
XOM,3,COP|DVN|KMI,KMI,0.2620814244389352
XOM,3,COP|DVN|OKE,COP,0.7806761729238377
XOM,3,COP|DVN|OKE,DVN,0.0
XOM,3,COP|DVN|OKE,OKE,0.21932382707616224
XOM,3,COP|DVN|MPC,COP,0.6819558480428594
XOM,3,COP|DVN|MPC,DVN,0.09395750166921851
XOM,3,COP|DVN|MPC,MPC,0.2240866502879221
XOM,3,COP|DVN|SLB,COP,0.7644723210286711
XOM,3,COP|DVN|SLB,DVN,0.09747575816229198
XOM,3,COP|DVN|SLB,SLB,0.13805192080903692
XOM,3,COP|HAL|CNQ,COP,0.5365258492224217
XOM,3,COP|HAL|CNQ,HAL,0.27475963302330514
XOM,3,COP|HAL|CNQ,CNQ,0.18871451775427314
XOM,3,COP|HAL|FANG,COP,0.6890145070004658
XOM,3,COP|HAL|FANG,HAL,0.31098549299953454
XOM,3,COP|HAL|FANG,FANG,0.0
XOM,3,COP|HAL|CVE,COP,0.5730680706662986
XOM,3,COP|HAL|CVE,HAL,0.2934423420369588
XOM,3,COP|HAL|CVE,CVE,0.1334895872967426
XOM,3,COP|HAL|SU,COP,0.5359502004310115
XOM,3,COP|HAL|SU,HAL,0.2788670457186502
XOM,3,COP|HAL|SU,SU,0.18518275385033833
XOM,3,COP|HAL|TRGP,COP,0.5309362416847988
XOM,3,COP|HAL|TRGP,HAL,0.24347897094244997
XOM,3,COP|HAL|TRGP,TRGP,0.22558478737275128
XOM,3,COP|HAL|PSX,COP,0.5202570337943319
XOM,3,COP|HAL|PSX,HAL,0.26341944671646383
XOM,3,COP|HAL|PSX,PSX,0.21632351948920442
XOM,3,COP|HAL|WMB,COP,0.5859512316729283
XOM,3,COP|HAL|WMB,HAL,0.21476477298463112
XOM,3,COP|HAL|WMB,WMB,0.1992839953424406
XOM,3,COP|HAL|KMI,COP,0.5706765888371921
XOM,3,COP|HAL|KMI,HAL,0.21961388613166435
XOM,3,COP|HAL|KMI,KMI,0.20970952503114354
XOM,3,COP|HAL|OKE,COP,0.5827906917161019
XOM,3,COP|HAL|OKE,HAL,0.2528903841495885
XOM,3,COP|HAL|OKE,OKE,0.1643189241343095
XOM,3,COP|HAL|MPC,COP,0.505050304923481
XOM,3,COP|HAL|MPC,HAL,0.2906441941158259
XOM,3,COP|HAL|MPC,MPC,0.2043055009606929
XOM,3,COP|HAL|SLB,COP,0.6890145102384486
XOM,3,COP|HAL|SLB,HAL,0.3109854897615514
XOM,3,COP|HAL|SLB,SLB,0.0
XOM,3,COP|CNQ|FANG,COP,0.7459213123895416
XOM,3,COP|CNQ|FANG,CNQ,0.2540786876104585
XOM,3,COP|CNQ|FANG,FANG,4.614854320407769e-17
XOM,3,COP|CNQ|CVE,COP,0.7459213136222145
XOM,3,COP|CNQ|CVE,CNQ,0.2540786863777855
XOM,3,COP|CNQ|CVE,CVE,7.290052632097721e-17
XOM,3,COP|CNQ|SU,COP,0.7570641942869667
XOM,3,COP|CNQ|SU,CNQ,0.06601604122209234
XOM,3,COP|CNQ|SU,SU,0.17691976449094102
XOM,3,COP|CNQ|TRGP,COP,0.5975063294192242
XOM,3,COP|CNQ|TRGP,CNQ,0.16116363768309835
XOM,3,COP|CNQ|TRGP,TRGP,0.24133003289767754
XOM,3,COP|CNQ|PSX,COP,0.5267507329610337
XOM,3,COP|CNQ|PSX,CNQ,0.23160222162697533
XOM,3,COP|CNQ|PSX,PSX,0.2416470454119911
XOM,3,COP|CNQ|WMB,COP,0.6010414392500725
XOM,3,COP|CNQ|WMB,CNQ,0.16861518558564317
XOM,3,COP|CNQ|WMB,WMB,0.23034337516428438
XOM,3,COP|CNQ|KMI,COP,0.5816610256050975
XOM,3,COP|CNQ|KMI,CNQ,0.18088127739464382
XOM,3,COP|CNQ|KMI,KMI,0.2374576970002587
XOM,3,COP|CNQ|OKE,COP,0.5922654868485193
XOM,3,COP|CNQ|OKE,CNQ,0.21126426742062132
XOM,3,COP|CNQ|OKE,OKE,0.19647024573085928
XOM,3,COP|CNQ|MPC,COP,0.5627093621610113
XOM,3,COP|CNQ|MPC,CNQ,0.2291689246202274
XOM,3,COP|CNQ|MPC,MPC,0.2081217132187613
XOM,3,COP|CNQ|SLB,COP,0.6331307013904452
XOM,3,COP|CNQ|SLB,CNQ,0.24566312625347056
XOM,3,COP|CNQ|SLB,SLB,0.12120617235608423
XOM,3,COP|FANG|CVE,COP,0.8165518065529869
XOM,3,COP|FANG|CVE,FANG,4.163336342344337e-17
XOM,3,COP|FANG|CVE,CVE,0.18344819344701307
XOM,3,COP|FANG|SU,COP,0.7664106728727648
XOM,3,COP|FANG|SU,FANG,1.0408340855860843e-17
XOM,3,COP|FANG|SU,SU,0.23358932712723524
XOM,3,COP|FANG|TRGP,COP,0.7240844342069604
XOM,3,COP|FANG|TRGP,FANG,0.0
XOM,3,COP|FANG|TRGP,TRGP,0.27591556579303966
XOM,3,COP|FANG|PSX,COP,0.7474947415723601
XOM,3,COP|FANG|PSX,FANG,0.0
XOM,3,COP|FANG|PSX,PSX,0.2525052584276399
XOM,3,COP|FANG|WMB,COP,0.7401944562520247
XOM,3,COP|FANG|WMB,FANG,6.440160904563896e-17
XOM,3,COP|FANG|WMB,WMB,0.2598055437479751
XOM,3,COP|FANG|KMI,COP,0.7379185744237835
XOM,3,COP|FANG|KMI,FANG,6.0173220572945496e-18
XOM,3,COP|FANG|KMI,KMI,0.2620814255762166
XOM,3,COP|FANG|OKE,COP,0.7806761726285658
XOM,3,COP|FANG|OKE,FANG,0.0
XOM,3,COP|FANG|OKE,OKE,0.21932382737143413
XOM,3,COP|FANG|MPC,COP,0.7794674175038885
XOM,3,COP|FANG|MPC,FANG,2.954789733201901e-17
XOM,3,COP|FANG|MPC,MPC,0.2205325824961115
XOM,3,COP|FANG|SLB,COP,0.869674889146375
XOM,3,COP|FANG|SLB,FANG,0.0
XOM,3,COP|FANG|SLB,SLB,0.13032511085362508
XOM,3,COP|CVE|SU,COP,0.7664106686623915
XOM,3,COP|CVE|SU,CVE,0.0
XOM,3,COP|CVE|SU,SU,0.23358933133760856
XOM,3,COP|CVE|TRGP,COP,0.6586999143056358
XOM,3,COP|CVE|TRGP,CVE,0.08254748968253153
XOM,3,COP|CVE|TRGP,TRGP,0.2587525960118326
XOM,3,COP|CVE|PSX,COP,0.5382341564854236
XOM,3,COP|CVE|PSX,CVE,0.20221195396445557
XOM,3,COP|CVE|PSX,PSX,0.25955388955012093
XOM,3,COP|CVE|WMB,COP,0.5879726196709192
XOM,3,COP|CVE|WMB,CVE,0.15911791432578687
XOM,3,COP|CVE|WMB,WMB,0.25290946600329395
XOM,3,COP|CVE|KMI,COP,0.5477647699673923
XOM,3,COP|CVE|KMI,CVE,0.1885975126166066
XOM,3,COP|CVE|KMI,KMI,0.26363771741600106
XOM,3,COP|CVE|OKE,COP,0.5968729782942067
XOM,3,COP|CVE|OKE,CVE,0.1837021855376792
XOM,3,COP|CVE|OKE,OKE,0.21942483616811417
XOM,3,COP|CVE|MPC,COP,0.6334894618863558
XOM,3,COP|CVE|MPC,CVE,0.15500138333861024
XOM,3,COP|CVE|MPC,MPC,0.21150915477503407
XOM,3,COP|CVE|SLB,COP,0.6871766480936266
XOM,3,COP|CVE|SLB,CVE,0.1828956816647112
XOM,3,COP|CVE|SLB,SLB,0.1299276702416622
XOM,3,COP|SU|TRGP,COP,0.6017733773642878
XOM,3,COP|SU|TRGP,SU,0.15673919040053436
XOM,3,COP|SU|TRGP,TRGP,0.24148743223517785
XOM,3,COP|SU|PSX,COP,0.5797354123690781
XOM,3,COP|SU|PSX,SU,0.19016032088604562
XOM,3,COP|SU|PSX,PSX,0.23010426674487633
XOM,3,COP|SU|WMB,COP,0.5765227965615823
XOM,3,COP|SU|WMB,SU,0.18552528165049353
XOM,3,COP|SU|WMB,WMB,0.23795192178792413
XOM,3,COP|SU|KMI,COP,0.5643090744208374
XOM,3,COP|SU|KMI,SU,0.19162680003069726
XOM,3,COP|SU|KMI,KMI,0.24406412554846527
XOM,3,COP|SU|OKE,COP,0.5849800150573946
XOM,3,COP|SU|OKE,SU,0.21036843358786292
XOM,3,COP|SU|OKE,OKE,0.20465155135474258
XOM,3,COP|SU|MPC,COP,0.6271335685732856
XOM,3,COP|SU|MPC,SU,0.18029181903011127
XOM,3,COP|SU|MPC,MPC,0.19257461239660317
XOM,3,COP|SU|SLB,COP,0.6423428873465931
XOM,3,COP|SU|SLB,SU,0.23074988452493375
XOM,3,COP|SU|SLB,SLB,0.12690722812847322
XOM,3,COP|TRGP|PSX,COP,0.5631226656296451
XOM,3,COP|TRGP|PSX,TRGP,0.23033744131185285
XOM,3,COP|TRGP|PSX,PSX,0.20653989305850207
XOM,3,COP|TRGP|WMB,COP,0.7077361354485171
XOM,3,COP|TRGP|WMB,TRGP,0.1339405436249962
XOM,3,COP|TRGP|WMB,WMB,0.15832332092648677
XOM,3,COP|TRGP|KMI,COP,0.7052497286760585
XOM,3,COP|TRGP|KMI,TRGP,0.11277663042350695
XOM,3,COP|TRGP|KMI,KMI,0.18197364090043458
XOM,3,COP|TRGP|OKE,COP,0.7231096409712744
XOM,3,COP|TRGP|OKE,TRGP,0.2686140654434021
XOM,3,COP|TRGP|OKE,OKE,0.008276293585323398
XOM,3,COP|TRGP|MPC,COP,0.636156464459748
XOM,3,COP|TRGP|MPC,TRGP,0.2148090925537387
XOM,3,COP|TRGP|MPC,MPC,0.1490344429865133
XOM,3,COP|TRGP|SLB,COP,0.5657546177161776
XOM,3,COP|TRGP|SLB,TRGP,0.2857560481288685
XOM,3,COP|TRGP|SLB,SLB,0.14848933415495386
XOM,3,COP|PSX|WMB,COP,0.6033838836449127
XOM,3,COP|PSX|WMB,PSX,0.19038992701228344
XOM,3,COP|PSX|WMB,WMB,0.20622618934280387
XOM,3,COP|PSX|KMI,COP,0.6273317678523294
XOM,3,COP|PSX|KMI,PSX,0.17112869224197486
XOM,3,COP|PSX|KMI,KMI,0.2015395399056958
XOM,3,COP|PSX|OKE,COP,0.641590155156171
XOM,3,COP|PSX|OKE,PSX,0.20285309542805152
XOM,3,COP|PSX|OKE,OKE,0.15555674941577755
XOM,3,COP|PSX|MPC,COP,0.7474947950353947
XOM,3,COP|PSX|MPC,PSX,0.2525052049646053
XOM,3,COP|PSX|MPC,MPC,2.9110182577777303e-18
XOM,3,COP|PSX|SLB,COP,0.6737376294359326
XOM,3,COP|PSX|SLB,PSX,0.23782050929184242
XOM,3,COP|PSX|SLB,SLB,0.08844186127222489
XOM,3,COP|WMB|KMI,COP,0.7379185985578005
XOM,3,COP|WMB|KMI,WMB,0.0
XOM,3,COP|WMB|KMI,KMI,0.26208140144219944
XOM,3,COP|WMB|OKE,COP,0.7401944559015583
XOM,3,COP|WMB|OKE,WMB,0.2598055440984417
XOM,3,COP|WMB|OKE,OKE,3.397517958411595e-17
XOM,3,COP|WMB|MPC,COP,0.6200720629453056
XOM,3,COP|WMB|MPC,WMB,0.21531067914618743
XOM,3,COP|WMB|MPC,MPC,0.164617257908507
XOM,3,COP|WMB|SLB,COP,0.6541278839332137
XOM,3,COP|WMB|SLB,WMB,0.24844189709178274
XOM,3,COP|WMB|SLB,SLB,0.09743021897500352
XOM,3,COP|KMI|OKE,COP,0.737918575980365
XOM,3,COP|KMI|OKE,KMI,0.262081424019635
XOM,3,COP|KMI|OKE,OKE,2.792071267161989e-17
XOM,3,COP|KMI|MPC,COP,0.6378530326372045
XOM,3,COP|KMI|MPC,KMI,0.21326086852382076
XOM,3,COP|KMI|MPC,MPC,0.14888609883897483
XOM,3,COP|KMI|SLB,COP,0.6326687815384363
XOM,3,COP|KMI|SLB,KMI,0.2554172306242153
XOM,3,COP|KMI|SLB,SLB,0.11191398783734831
XOM,3,COP|OKE|MPC,COP,0.6648441891897452
XOM,3,COP|OKE|MPC,OKE,0.1631813433715917
XOM,3,COP|OKE|MPC,MPC,0.1719744674386631
XOM,3,COP|OKE|SLB,COP,0.6646394985002125
XOM,3,COP|OKE|SLB,OKE,0.2144124642014833
XOM,3,COP|OKE|SLB,SLB,0.12094803729830417
XOM,3,COP|MPC|SLB,COP,0.6663142074671721
XOM,3,COP|MPC|SLB,MPC,0.21506782986198264
XOM,3,COP|MPC|SLB,SLB,0.11861796267084537
XOM,3,EOG|DVN|HAL,EOG,0.7002006146305155
XOM,3,EOG|DVN|HAL,DVN,1.734723475976807e-18
XOM,3,EOG|DVN|HAL,HAL,0.29979938536948453
XOM,3,EOG|DVN|CNQ,EOG,0.6971632866950768
XOM,3,EOG|DVN|CNQ,DVN,0.0013428191196909142
XOM,3,EOG|DVN|CNQ,CNQ,0.3014938941852325
XOM,3,EOG|DVN|FANG,EOG,1.0
XOM,3,EOG|DVN|FANG,DVN,4.163336342344337e-17
XOM,3,EOG|DVN|FANG,FANG,2.6753474073823322e-17
XOM,3,EOG|DVN|CVE,EOG,0.7280153858590036
XOM,3,EOG|DVN|CVE,DVN,1.1709383462843448e-17
XOM,3,EOG|DVN|CVE,CVE,0.2719846141409964
XOM,3,EOG|DVN|SU,EOG,0.7007270879474917
XOM,3,EOG|DVN|SU,DVN,0.008508301171836204
XOM,3,EOG|DVN|SU,SU,0.2907646108806721
XOM,3,EOG|DVN|TRGP,EOG,0.7383831452265328
XOM,3,EOG|DVN|TRGP,DVN,4.85722573273506e-17
XOM,3,EOG|DVN|TRGP,TRGP,0.26161685477346713
XOM,3,EOG|DVN|PSX,EOG,0.7120998680575149
XOM,3,EOG|DVN|PSX,DVN,1.1722935989999517e-18
XOM,3,EOG|DVN|PSX,PSX,0.28790013194248515
XOM,3,EOG|DVN|WMB,EOG,0.7843994370773159
XOM,3,EOG|DVN|WMB,DVN,2.4936649967166602e-18
XOM,3,EOG|DVN|WMB,WMB,0.21560056292268417
XOM,3,EOG|DVN|KMI,EOG,0.7942932220007421
XOM,3,EOG|DVN|KMI,DVN,0.0
XOM,3,EOG|DVN|KMI,KMI,0.20570677799925782
XOM,3,EOG|DVN|OKE,EOG,0.8234018837681641
XOM,3,EOG|DVN|OKE,DVN,1.7753810574450135e-18
XOM,3,EOG|DVN|OKE,OKE,0.17659811623183594
XOM,3,EOG|DVN|MPC,EOG,0.7286280558916203
XOM,3,EOG|DVN|MPC,DVN,1.4658328668709295e-17
XOM,3,EOG|DVN|MPC,MPC,0.27137194410837967
XOM,3,EOG|DVN|SLB,EOG,0.8383851725576836
XOM,3,EOG|DVN|SLB,DVN,8.673617379884035e-19
XOM,3,EOG|DVN|SLB,SLB,0.1616148274423165
XOM,3,EOG|HAL|CNQ,EOG,0.5213389828118824
XOM,3,EOG|HAL|CNQ,HAL,0.23592910070006096
XOM,3,EOG|HAL|CNQ,CNQ,0.24273191648805673
XOM,3,EOG|HAL|FANG,EOG,0.7002012925313188
XOM,3,EOG|HAL|FANG,HAL,0.2997987074686811
XOM,3,EOG|HAL|FANG,FANG,1.6951132167263706e-16
XOM,3,EOG|HAL|CVE,EOG,0.5390163087820155
XOM,3,EOG|HAL|CVE,HAL,0.24404667601014474
XOM,3,EOG|HAL|CVE,CVE,0.21693701520783984
XOM,3,EOG|HAL|SU,EOG,0.5276726817417998
XOM,3,EOG|HAL|SU,HAL,0.23109360649469288
XOM,3,EOG|HAL|SU,SU,0.24123371176350725
XOM,3,EOG|HAL|TRGP,EOG,0.5290728048552578
XOM,3,EOG|HAL|TRGP,HAL,0.24870553069007417
XOM,3,EOG|HAL|TRGP,TRGP,0.22222166445466815
XOM,3,EOG|HAL|PSX,EOG,0.5325538413314894
XOM,3,EOG|HAL|PSX,HAL,0.21565198822556486
XOM,3,EOG|HAL|PSX,PSX,0.2517941704429458
XOM,3,EOG|HAL|WMB,EOG,0.5914512789615546
XOM,3,EOG|HAL|WMB,HAL,0.24571403407427275
XOM,3,EOG|HAL|WMB,WMB,0.16283468696417272
XOM,3,EOG|HAL|KMI,EOG,0.5729169866073821
XOM,3,EOG|HAL|KMI,HAL,0.26036628820144375
XOM,3,EOG|HAL|KMI,KMI,0.16671672519117417
XOM,3,EOG|HAL|OKE,EOG,0.5934793329267813
XOM,3,EOG|HAL|OKE,HAL,0.2694537190206813
XOM,3,EOG|HAL|OKE,OKE,0.13706694805253733
XOM,3,EOG|HAL|MPC,EOG,0.5233010837408903
XOM,3,EOG|HAL|MPC,HAL,0.23274699530536364
XOM,3,EOG|HAL|MPC,MPC,0.24395192095374602
XOM,3,EOG|HAL|SLB,EOG,0.7002012911430253
XOM,3,EOG|HAL|SLB,HAL,0.29979870885697474
XOM,3,EOG|HAL|SLB,SLB,0.0
XOM,3,EOG|CNQ|FANG,EOG,0.6986424411364132
XOM,3,EOG|CNQ|FANG,CNQ,0.30135755886358684
XOM,3,EOG|CNQ|FANG,FANG,1.1070076712006942e-16
XOM,3,EOG|CNQ|CVE,EOG,0.6961673979992472
XOM,3,EOG|CNQ|CVE,CNQ,0.25964207978042686
XOM,3,EOG|CNQ|CVE,CVE,0.04419052222032594
XOM,3,EOG|CNQ|SU,EOG,0.7099863004797954
XOM,3,EOG|CNQ|SU,CNQ,8.293807806335207e-17
XOM,3,EOG|CNQ|SU,SU,0.2900136995202045
XOM,3,EOG|CNQ|TRGP,EOG,0.5681846602202331
XOM,3,EOG|CNQ|TRGP,CNQ,0.22962895607800782
XOM,3,EOG|CNQ|TRGP,TRGP,0.2021863837017592
XOM,3,EOG|CNQ|PSX,EOG,0.5204917488111227
XOM,3,EOG|CNQ|PSX,CNQ,0.22705995849205107
XOM,3,EOG|CNQ|PSX,PSX,0.2524482926968263
XOM,3,EOG|CNQ|WMB,EOG,0.5710131727332671
XOM,3,EOG|CNQ|WMB,CNQ,0.25811008602313207
XOM,3,EOG|CNQ|WMB,WMB,0.17087674124360078
XOM,3,EOG|CNQ|KMI,EOG,0.5502077071398656
XOM,3,EOG|CNQ|KMI,CNQ,0.2732510561355702
XOM,3,EOG|CNQ|KMI,KMI,0.1765412367245642
XOM,3,EOG|CNQ|OKE,EOG,0.574830838629859
XOM,3,EOG|CNQ|OKE,CNQ,0.2787609705782909
XOM,3,EOG|CNQ|OKE,OKE,0.1464081907918501
XOM,3,EOG|CNQ|MPC,EOG,0.553769683415286
XOM,3,EOG|CNQ|MPC,CNQ,0.21159873772221377
XOM,3,EOG|CNQ|MPC,MPC,0.23463157886250033
XOM,3,EOG|CNQ|SLB,EOG,0.5990042420857171
XOM,3,EOG|CNQ|SLB,CNQ,0.2744091554369818
XOM,3,EOG|CNQ|SLB,SLB,0.12658660247730108
XOM,3,EOG|FANG|CVE,EOG,0.7280153917202626
XOM,3,EOG|FANG|CVE,FANG,2.5673907444456745e-16
XOM,3,EOG|FANG|CVE,CVE,0.27198460827973703
XOM,3,EOG|FANG|SU,EOG,0.7099862998412335
XOM,3,EOG|FANG|SU,FANG,1.1614685179340417e-16
XOM,3,EOG|FANG|SU,SU,0.29001370015876643
XOM,3,EOG|FANG|TRGP,EOG,0.7383831462635873
XOM,3,EOG|FANG|TRGP,FANG,0.0
XOM,3,EOG|FANG|TRGP,TRGP,0.26161685373641297
XOM,3,EOG|FANG|PSX,EOG,0.7120998670798309
XOM,3,EOG|FANG|PSX,FANG,0.0
XOM,3,EOG|FANG|PSX,PSX,0.28790013292016936
XOM,3,EOG|FANG|WMB,EOG,0.7843994377247303
XOM,3,EOG|FANG|WMB,FANG,1.216474837528736e-16
XOM,3,EOG|FANG|WMB,WMB,0.21560056227526964
XOM,3,EOG|FANG|KMI,EOG,0.7942932184336138
XOM,3,EOG|FANG|KMI,FANG,2.42861286636753e-17
XOM,3,EOG|FANG|KMI,KMI,0.2057067815663863
XOM,3,EOG|FANG|OKE,EOG,0.8234018856143741
XOM,3,EOG|FANG|OKE,FANG,3.935653886122381e-17
XOM,3,EOG|FANG|OKE,OKE,0.17659811438562592
XOM,3,EOG|FANG|MPC,EOG,0.7286280567619682
XOM,3,EOG|FANG|MPC,FANG,0.0
XOM,3,EOG|FANG|MPC,MPC,0.27137194323803204
XOM,3,EOG|FANG|SLB,EOG,0.8383851721415646
XOM,3,EOG|FANG|SLB,FANG,1.1319070680748666e-16
XOM,3,EOG|FANG|SLB,SLB,0.16161482785843523
XOM,3,EOG|CVE|SU,EOG,0.7099863011015165
XOM,3,EOG|CVE|SU,CVE,0.0
XOM,3,EOG|CVE|SU,SU,0.29001369889848355
XOM,3,EOG|CVE|TRGP,EOG,0.5997680761315988
XOM,3,EOG|CVE|TRGP,CVE,0.19587741230545588
XOM,3,EOG|CVE|TRGP,TRGP,0.20435451156294535
XOM,3,EOG|CVE|PSX,EOG,0.5183068454358033
XOM,3,EOG|CVE|PSX,CVE,0.21900546155840384
XOM,3,EOG|CVE|PSX,PSX,0.26268769300579287
XOM,3,EOG|CVE|WMB,EOG,0.5414411027218352
XOM,3,EOG|CVE|WMB,CVE,0.25701781245873523
XOM,3,EOG|CVE|WMB,WMB,0.20154108481942956
XOM,3,EOG|CVE|KMI,EOG,0.5015037332688286
XOM,3,EOG|CVE|KMI,CVE,0.28268178562314716
XOM,3,EOG|CVE|KMI,KMI,0.21581448110802434
XOM,3,EOG|CVE|OKE,EOG,0.5619325632563402
XOM,3,EOG|CVE|OKE,CVE,0.26716169846207116
XOM,3,EOG|CVE|OKE,OKE,0.1709057382815886
XOM,3,EOG|CVE|MPC,EOG,0.5896942636796071
XOM,3,EOG|CVE|MPC,CVE,0.17416714536959113
XOM,3,EOG|CVE|MPC,MPC,0.23613859095080178
XOM,3,EOG|CVE|SLB,EOG,0.6240805329098469
XOM,3,EOG|CVE|SLB,CVE,0.24602608801026823
XOM,3,EOG|CVE|SLB,SLB,0.12989337907988488
XOM,3,EOG|SU|TRGP,EOG,0.5766837888425629
XOM,3,EOG|SU|TRGP,SU,0.2286835378507438
XOM,3,EOG|SU|TRGP,TRGP,0.19463267330669323
XOM,3,EOG|SU|PSX,EOG,0.5553110146707598
XOM,3,EOG|SU|PSX,SU,0.20582676625647506
XOM,3,EOG|SU|PSX,PSX,0.2388622190727651
XOM,3,EOG|SU|WMB,EOG,0.5565344646874304
XOM,3,EOG|SU|WMB,SU,0.2625930865256611
XOM,3,EOG|SU|WMB,WMB,0.1808724487869085
XOM,3,EOG|SU|KMI,EOG,0.543601777962771
XOM,3,EOG|SU|KMI,SU,0.272674773290294
XOM,3,EOG|SU|KMI,KMI,0.18372344874693497
XOM,3,EOG|SU|OKE,EOG,0.5739256632807618
XOM,3,EOG|SU|OKE,SU,0.2745409406804315
XOM,3,EOG|SU|OKE,OKE,0.15153339603880683
XOM,3,EOG|SU|MPC,EOG,0.5941726767395686
XOM,3,EOG|SU|MPC,SU,0.18534144570639968
XOM,3,EOG|SU|MPC,MPC,0.2204858775540318
XOM,3,EOG|SU|SLB,EOG,0.6050872940308455
XOM,3,EOG|SU|SLB,SU,0.26836958509374526
XOM,3,EOG|SU|SLB,SLB,0.12654312087540928
XOM,3,EOG|TRGP|PSX,EOG,0.5634956679988832
XOM,3,EOG|TRGP|PSX,TRGP,0.18893968242152093
XOM,3,EOG|TRGP|PSX,PSX,0.24756464957959584
XOM,3,EOG|TRGP|WMB,EOG,0.7318414915607927
XOM,3,EOG|TRGP|WMB,TRGP,0.2311395560151205
XOM,3,EOG|TRGP|WMB,WMB,0.03701895242408683
XOM,3,EOG|TRGP|KMI,EOG,0.7308893391216464
XOM,3,EOG|TRGP|KMI,TRGP,0.2330627943858511
XOM,3,EOG|TRGP|KMI,KMI,0.03604786649250238
XOM,3,EOG|TRGP|OKE,EOG,0.7383831445660342
XOM,3,EOG|TRGP|OKE,TRGP,0.2616168554339659
XOM,3,EOG|TRGP|OKE,OKE,8.079307212141704e-18
XOM,3,EOG|TRGP|MPC,EOG,0.636515328040809
XOM,3,EOG|TRGP|MPC,TRGP,0.1394173051122994
XOM,3,EOG|TRGP|MPC,MPC,0.22406736684689163
XOM,3,EOG|TRGP|SLB,EOG,0.5528646800228239
XOM,3,EOG|TRGP|SLB,TRGP,0.27211053329443646
XOM,3,EOG|TRGP|SLB,SLB,0.1750247866827398
XOM,3,EOG|PSX|WMB,EOG,0.6132442025857635
XOM,3,EOG|PSX|WMB,PSX,0.25434115833380533
XOM,3,EOG|PSX|WMB,WMB,0.1324146390804311
XOM,3,EOG|PSX|KMI,EOG,0.6422271324016957
XOM,3,EOG|PSX|KMI,PSX,0.255083900839129
XOM,3,EOG|PSX|KMI,KMI,0.10268896675917531
XOM,3,EOG|PSX|OKE,EOG,0.6569874997275789
XOM,3,EOG|PSX|OKE,PSX,0.2661203647461286
XOM,3,EOG|PSX|OKE,OKE,0.07689213552629255
XOM,3,EOG|PSX|MPC,EOG,0.7151062702589696
XOM,3,EOG|PSX|MPC,PSX,0.10381317205352096
XOM,3,EOG|PSX|MPC,MPC,0.18108055768750952
XOM,3,EOG|PSX|SLB,EOG,0.6462925929854492
XOM,3,EOG|PSX|SLB,PSX,0.26635312103622105
XOM,3,EOG|PSX|SLB,SLB,0.08735428597832981
XOM,3,EOG|WMB|KMI,EOG,0.7842838259820272
XOM,3,EOG|WMB|KMI,WMB,0.21146118544967085
XOM,3,EOG|WMB|KMI,KMI,0.004254988568301886
XOM,3,EOG|WMB|OKE,EOG,0.7843994463764741
XOM,3,EOG|WMB|OKE,WMB,0.215600553623526
XOM,3,EOG|WMB|OKE,OKE,1.0531154623011897e-17
XOM,3,EOG|WMB|MPC,EOG,0.6302201738729923
XOM,3,EOG|WMB|MPC,WMB,0.1291688429148271
XOM,3,EOG|WMB|MPC,MPC,0.24061098321218058
XOM,3,EOG|WMB|SLB,EOG,0.651244036610691
XOM,3,EOG|WMB|SLB,WMB,0.20276005916476902
XOM,3,EOG|WMB|SLB,SLB,0.1459959042245401
XOM,3,EOG|KMI|OKE,EOG,0.7942935772756863
XOM,3,EOG|KMI|OKE,KMI,0.20570642272431375
XOM,3,EOG|KMI|OKE,OKE,9.367074827965708e-18
XOM,3,EOG|KMI|MPC,EOG,0.6531286479538402
XOM,3,EOG|KMI|MPC,KMI,0.10510812447780779
XOM,3,EOG|KMI|MPC,MPC,0.24176322756835203
XOM,3,EOG|KMI|SLB,EOG,0.6311640642044164
XOM,3,EOG|KMI|SLB,KMI,0.20641535226103233
XOM,3,EOG|KMI|SLB,SLB,0.1624205835345513
XOM,3,EOG|OKE|MPC,EOG,0.6807471785189021
XOM,3,EOG|OKE|MPC,OKE,0.06664368091640005
XOM,3,EOG|OKE|MPC,MPC,0.25260914056469796
XOM,3,EOG|OKE|SLB,EOG,0.6659547934064687
XOM,3,EOG|OKE|SLB,OKE,0.17444310962731288
XOM,3,EOG|OKE|SLB,SLB,0.15960209696621855
XOM,3,EOG|MPC|SLB,EOG,0.6366067345786475
XOM,3,EOG|MPC|SLB,MPC,0.2543159855676395
XOM,3,EOG|MPC|SLB,SLB,0.10907727985371299
XOM,3,DVN|HAL|CNQ,DVN,0.3485944488018788
XOM,3,DVN|HAL|CNQ,HAL,0.3189169296550871
XOM,3,DVN|HAL|CNQ,CNQ,0.3324886215430341
XOM,3,DVN|HAL|FANG,DVN,0.4323108759683304
XOM,3,DVN|HAL|FANG,HAL,0.4855850294894599
XOM,3,DVN|HAL|FANG,FANG,0.08210409454220964
XOM,3,DVN|HAL|CVE,DVN,0.34591758946457235
XOM,3,DVN|HAL|CVE,HAL,0.3696996630094873
XOM,3,DVN|HAL|CVE,CVE,0.2843827475259403
XOM,3,DVN|HAL|SU,DVN,0.36399506614090843
XOM,3,DVN|HAL|SU,HAL,0.32059109119287377
XOM,3,DVN|HAL|SU,SU,0.31541384266621786
XOM,3,DVN|HAL|TRGP,DVN,0.3383987843706262
XOM,3,DVN|HAL|TRGP,HAL,0.39311421277183023
XOM,3,DVN|HAL|TRGP,TRGP,0.2684870028575436
XOM,3,DVN|HAL|PSX,DVN,0.37299899703210776
XOM,3,DVN|HAL|PSX,HAL,0.3307405208394148
XOM,3,DVN|HAL|PSX,PSX,0.2962604821284775
XOM,3,DVN|HAL|WMB,DVN,0.40750496968471533
XOM,3,DVN|HAL|WMB,HAL,0.3561480653838138
XOM,3,DVN|HAL|WMB,WMB,0.2363469649314709
XOM,3,DVN|HAL|KMI,DVN,0.3910384970075371
XOM,3,DVN|HAL|KMI,HAL,0.36767307272113503
XOM,3,DVN|HAL|KMI,KMI,0.2412884302713278
XOM,3,DVN|HAL|OKE,DVN,0.39603679525666496
XOM,3,DVN|HAL|OKE,HAL,0.3957367476773881
XOM,3,DVN|HAL|OKE,OKE,0.20822645706594692
XOM,3,DVN|HAL|MPC,DVN,0.3468853328216892
XOM,3,DVN|HAL|MPC,HAL,0.38216540821651435
XOM,3,DVN|HAL|MPC,MPC,0.27094925896179645
XOM,3,DVN|HAL|SLB,DVN,0.5090320639458958
XOM,3,DVN|HAL|SLB,HAL,0.4909679360541043
XOM,3,DVN|HAL|SLB,SLB,0.0
XOM,3,DVN|CNQ|FANG,DVN,0.4179193005292106
XOM,3,DVN|CNQ|FANG,CNQ,0.479529044080608
XOM,3,DVN|CNQ|FANG,FANG,0.10255165539018131
XOM,3,DVN|CNQ|CVE,DVN,0.5147646558952486
XOM,3,DVN|CNQ|CVE,CNQ,0.4852353441047513
XOM,3,DVN|CNQ|CVE,CVE,8.54899256235761e-17
XOM,3,DVN|CNQ|SU,DVN,0.5384830602375386
XOM,3,DVN|CNQ|SU,CNQ,0.11356445475448697
XOM,3,DVN|CNQ|SU,SU,0.34795248500797454
XOM,3,DVN|CNQ|TRGP,DVN,0.3877038423828354
XOM,3,DVN|CNQ|TRGP,CNQ,0.3821261574862946
XOM,3,DVN|CNQ|TRGP,TRGP,0.23017000013086997
XOM,3,DVN|CNQ|PSX,DVN,0.36960904643300835
XOM,3,DVN|CNQ|PSX,CNQ,0.3371686876099541
XOM,3,DVN|CNQ|PSX,PSX,0.29322226595703754
XOM,3,DVN|CNQ|WMB,DVN,0.3966373275234414
XOM,3,DVN|CNQ|WMB,CNQ,0.36419295634894283
XOM,3,DVN|CNQ|WMB,WMB,0.23916971612761587
XOM,3,DVN|CNQ|KMI,DVN,0.3794544608250146
XOM,3,DVN|CNQ|KMI,CNQ,0.3751188367919437
XOM,3,DVN|CNQ|KMI,KMI,0.24542670238304173
XOM,3,DVN|CNQ|OKE,DVN,0.3881086290323447
XOM,3,DVN|CNQ|OKE,CNQ,0.3989070699078329
XOM,3,DVN|CNQ|OKE,OKE,0.21298430105982247
XOM,3,DVN|CNQ|MPC,DVN,0.38227810781017674
XOM,3,DVN|CNQ|MPC,CNQ,0.3665559617438311
XOM,3,DVN|CNQ|MPC,MPC,0.2511659304459922
XOM,3,DVN|CNQ|SLB,DVN,0.41435127296052604
XOM,3,DVN|CNQ|SLB,CNQ,0.39238954071349436
XOM,3,DVN|CNQ|SLB,SLB,0.19325918632597971
XOM,3,DVN|FANG|CVE,DVN,0.37017828098186323
XOM,3,DVN|FANG|CVE,FANG,0.18867477002195315
XOM,3,DVN|FANG|CVE,CVE,0.4411469489961836
XOM,3,DVN|FANG|SU,DVN,0.45201519291707926
XOM,3,DVN|FANG|SU,FANG,0.1039500589094169
XOM,3,DVN|FANG|SU,SU,0.44403474817350397
XOM,3,DVN|FANG|TRGP,DVN,4.83554168928535e-17
XOM,3,DVN|FANG|TRGP,FANG,0.5547096975250553
XOM,3,DVN|FANG|TRGP,TRGP,0.4452903024749447
XOM,3,DVN|FANG|PSX,DVN,0.59659149968205
XOM,3,DVN|FANG|PSX,FANG,0.0
XOM,3,DVN|FANG|PSX,PSX,0.40340850031795006
XOM,3,DVN|FANG|WMB,DVN,0.22922075384986754
XOM,3,DVN|FANG|WMB,FANG,0.383210895733505
XOM,3,DVN|FANG|WMB,WMB,0.38756835041662746
XOM,3,DVN|FANG|KMI,DVN,0.27818646407874703
XOM,3,DVN|FANG|KMI,FANG,0.3471890637330375
XOM,3,DVN|FANG|KMI,KMI,0.3746244721882155
XOM,3,DVN|FANG|OKE,DVN,0.3480202958633845
XOM,3,DVN|FANG|OKE,FANG,0.30630328856461736
XOM,3,DVN|FANG|OKE,OKE,0.34567641557199813
XOM,3,DVN|FANG|MPC,DVN,0.5390757678813826
XOM,3,DVN|FANG|MPC,FANG,0.1047185533469758
XOM,3,DVN|FANG|MPC,MPC,0.3562056787716416
XOM,3,DVN|FANG|SLB,DVN,0.677595380508538
XOM,3,DVN|FANG|SLB,FANG,0.0
XOM,3,DVN|FANG|SLB,SLB,0.32240461949146215
XOM,3,DVN|CVE|SU,DVN,0.5507882341245188
XOM,3,DVN|CVE|SU,CVE,1.214306433183765e-17
XOM,3,DVN|CVE|SU,SU,0.449211765875481
XOM,3,DVN|CVE|TRGP,DVN,0.4020690064726182
XOM,3,DVN|CVE|TRGP,CVE,0.3271523599288514
XOM,3,DVN|CVE|TRGP,TRGP,0.2707786335985304
XOM,3,DVN|CVE|PSX,DVN,0.36084580660270266
XOM,3,DVN|CVE|PSX,CVE,0.31073353271501625
XOM,3,DVN|CVE|PSX,PSX,0.3284206606822811
XOM,3,DVN|CVE|WMB,DVN,0.3574657485529415
XOM,3,DVN|CVE|WMB,CVE,0.34458252243261056
XOM,3,DVN|CVE|WMB,WMB,0.29795172901444794
XOM,3,DVN|CVE|KMI,DVN,0.32187638796795676
XOM,3,DVN|CVE|KMI,CVE,0.37003517034634037
XOM,3,DVN|CVE|KMI,KMI,0.3080884416857029
XOM,3,DVN|CVE|OKE,DVN,0.35443060733382015
XOM,3,DVN|CVE|OKE,CVE,0.3746533602995429
XOM,3,DVN|CVE|OKE,OKE,0.2709160323666371
XOM,3,DVN|CVE|MPC,DVN,0.4111648563434772
XOM,3,DVN|CVE|MPC,CVE,0.31440537024142573
XOM,3,DVN|CVE|MPC,MPC,0.27442977341509706
XOM,3,DVN|CVE|SLB,DVN,0.42689821380038884
XOM,3,DVN|CVE|SLB,CVE,0.3458045851626277
XOM,3,DVN|CVE|SLB,SLB,0.22729720103698356
XOM,3,DVN|SU|TRGP,DVN,0.41549318106798816
XOM,3,DVN|SU|TRGP,SU,0.3566824082090689
XOM,3,DVN|SU|TRGP,TRGP,0.2278244107229428
XOM,3,DVN|SU|PSX,DVN,0.41364357063968804
XOM,3,DVN|SU|PSX,SU,0.30415824720545404
XOM,3,DVN|SU|PSX,PSX,0.28219818215485803
XOM,3,DVN|SU|WMB,DVN,0.3973518469802612
XOM,3,DVN|SU|WMB,SU,0.34897770770798475
XOM,3,DVN|SU|WMB,WMB,0.25367044531175414
XOM,3,DVN|SU|KMI,DVN,0.3864583553339653
XOM,3,DVN|SU|KMI,SU,0.3572139612551471
XOM,3,DVN|SU|KMI,KMI,0.25632768341088763
XOM,3,DVN|SU|OKE,DVN,0.40123365405604383
XOM,3,DVN|SU|OKE,SU,0.3752375361888741
XOM,3,DVN|SU|OKE,OKE,0.22352880975508205
XOM,3,DVN|SU|MPC,DVN,0.4414358207400624
XOM,3,DVN|SU|MPC,SU,0.32852437059373074
XOM,3,DVN|SU|MPC,MPC,0.23003980866620677
XOM,3,DVN|SU|SLB,DVN,0.43356935199955454
XOM,3,DVN|SU|SLB,SU,0.3677645688616154
XOM,3,DVN|SU|SLB,SLB,0.19866607913882997
XOM,3,DVN|TRGP|PSX,DVN,0.41985010047687454
XOM,3,DVN|TRGP|PSX,TRGP,0.25087162812160874
XOM,3,DVN|TRGP|PSX,PSX,0.32927827140151666
XOM,3,DVN|TRGP|WMB,DVN,0.5894129082504475
XOM,3,DVN|TRGP|WMB,TRGP,0.1199486870802093
XOM,3,DVN|TRGP|WMB,WMB,0.29063840466934326
XOM,3,DVN|TRGP|KMI,DVN,0.5843415782532672
XOM,3,DVN|TRGP|KMI,TRGP,0.15282194084192793
XOM,3,DVN|TRGP|KMI,KMI,0.2628364809048048
XOM,3,DVN|TRGP|OKE,DVN,0.590867555094827
XOM,3,DVN|TRGP|OKE,TRGP,0.27527443588923994
XOM,3,DVN|TRGP|OKE,OKE,0.133858009015933
XOM,3,DVN|TRGP|MPC,DVN,0.48951163331574976
XOM,3,DVN|TRGP|MPC,TRGP,0.24025231810363223
XOM,3,DVN|TRGP|MPC,MPC,0.27023604858061806
XOM,3,DVN|TRGP|SLB,DVN,0.36251320018469646
XOM,3,DVN|TRGP|SLB,TRGP,0.3545552832159364
XOM,3,DVN|TRGP|SLB,SLB,0.28293151659936716
XOM,3,DVN|PSX|WMB,DVN,0.46043661874521824
XOM,3,DVN|PSX|WMB,PSX,0.3089153489001552
XOM,3,DVN|PSX|WMB,WMB,0.23064803235462647
XOM,3,DVN|PSX|KMI,DVN,0.48689778524353056
XOM,3,DVN|PSX|KMI,PSX,0.307265648150379
XOM,3,DVN|PSX|KMI,KMI,0.2058365666060905
XOM,3,DVN|PSX|OKE,DVN,0.49512163817944443
XOM,3,DVN|PSX|OKE,PSX,0.33245244829485127
XOM,3,DVN|PSX|OKE,OKE,0.17242591352570422
XOM,3,DVN|PSX|MPC,DVN,0.5965914994239911
XOM,3,DVN|PSX|MPC,PSX,0.4034085005760089
XOM,3,DVN|PSX|MPC,MPC,0.0
XOM,3,DVN|PSX|SLB,DVN,0.48895990665816214
XOM,3,DVN|PSX|SLB,PSX,0.33016331106108526
XOM,3,DVN|PSX|SLB,SLB,0.18087678228075257
XOM,3,DVN|WMB|KMI,DVN,0.6193329943302679
XOM,3,DVN|WMB|KMI,WMB,0.272105865088839
XOM,3,DVN|WMB|KMI,KMI,0.10856114058089313
XOM,3,DVN|WMB|OKE,DVN,0.6210765383563485
XOM,3,DVN|WMB|OKE,WMB,0.3789234616436516
XOM,3,DVN|WMB|OKE,OKE,4.551279364960588e-18
XOM,3,DVN|WMB|MPC,DVN,0.4710951896152271
XOM,3,DVN|WMB|MPC,WMB,0.26370668944243153
XOM,3,DVN|WMB|MPC,MPC,0.26519812094234146
XOM,3,DVN|WMB|SLB,DVN,0.46375979189971706
XOM,3,DVN|WMB|SLB,WMB,0.30296726484014314
XOM,3,DVN|WMB|SLB,SLB,0.2332729432601398
XOM,3,DVN|KMI|OKE,DVN,0.629923763315847
XOM,3,DVN|KMI|OKE,KMI,0.37007623668415296
XOM,3,DVN|KMI|OKE,OKE,7.119755374863538e-19
XOM,3,DVN|KMI|MPC,DVN,0.49322595529110297
XOM,3,DVN|KMI|MPC,KMI,0.24598235305386149
XOM,3,DVN|KMI|MPC,MPC,0.2607916916550356
XOM,3,DVN|KMI|SLB,DVN,0.44363200547104664
XOM,3,DVN|KMI|SLB,KMI,0.30625199515701146
XOM,3,DVN|KMI|SLB,SLB,0.2501159993719418
XOM,3,DVN|OKE|MPC,DVN,0.5114937578105929
XOM,3,DVN|OKE|MPC,OKE,0.2062122530792135
XOM,3,DVN|OKE|MPC,MPC,0.28229398911019354
XOM,3,DVN|OKE|SLB,DVN,0.46220742686014127
XOM,3,DVN|OKE|SLB,OKE,0.2762697974334984
XOM,3,DVN|OKE|SLB,SLB,0.2615227757063604
XOM,3,DVN|MPC|SLB,DVN,0.4745456513338306
XOM,3,DVN|MPC|SLB,MPC,0.2946373266268134
XOM,3,DVN|MPC|SLB,SLB,0.2308170220393561
XOM,3,HAL|CNQ|FANG,HAL,0.33499599174001954
XOM,3,HAL|CNQ|FANG,CNQ,0.3493243605877942
XOM,3,HAL|CNQ|FANG,FANG,0.31567964767218626
XOM,3,HAL|CNQ|CVE,HAL,0.5025472441773109
XOM,3,HAL|CNQ|CVE,CNQ,0.3800954397643222
XOM,3,HAL|CNQ|CVE,CVE,0.11735731605836704
XOM,3,HAL|CNQ|SU,HAL,0.5137044171116757
XOM,3,HAL|CNQ|SU,CNQ,0.3408785832426537
XOM,3,HAL|CNQ|SU,SU,0.14541699964567065
XOM,3,HAL|CNQ|TRGP,HAL,0.3880908742889187
XOM,3,HAL|CNQ|TRGP,CNQ,0.3324459037657583
XOM,3,HAL|CNQ|TRGP,TRGP,0.2794632219453231
XOM,3,HAL|CNQ|PSX,HAL,0.3491665392735176
XOM,3,HAL|CNQ|PSX,CNQ,0.35593882823952444
XOM,3,HAL|CNQ|PSX,PSX,0.294894632486958
XOM,3,HAL|CNQ|WMB,HAL,0.37595537110268645
XOM,3,HAL|CNQ|WMB,CNQ,0.3911624163497313
XOM,3,HAL|CNQ|WMB,WMB,0.23288221254758218
XOM,3,HAL|CNQ|KMI,HAL,0.3641992218720415
XOM,3,HAL|CNQ|KMI,CNQ,0.38308150269557945
XOM,3,HAL|CNQ|KMI,KMI,0.252719275432379
XOM,3,HAL|CNQ|OKE,HAL,0.37715150991145313
XOM,3,HAL|CNQ|OKE,CNQ,0.3904267693307204
XOM,3,HAL|CNQ|OKE,OKE,0.23242172075782644
XOM,3,HAL|CNQ|MPC,HAL,0.3871735036874078
XOM,3,HAL|CNQ|MPC,CNQ,0.3377637637629887
XOM,3,HAL|CNQ|MPC,MPC,0.27506273254960345
XOM,3,HAL|CNQ|SLB,HAL,0.5066187200983027
XOM,3,HAL|CNQ|SLB,CNQ,0.49338127990169733
XOM,3,HAL|CNQ|SLB,SLB,6.499781566021571e-17
XOM,3,HAL|FANG|CVE,HAL,0.3768950199528221
XOM,3,HAL|FANG|CVE,FANG,0.3140314160001757
XOM,3,HAL|FANG|CVE,CVE,0.30907356404700215
XOM,3,HAL|FANG|SU,HAL,0.3403934278506052
XOM,3,HAL|FANG|SU,FANG,0.3316331812457926
XOM,3,HAL|FANG|SU,SU,0.3279733909036022
XOM,3,HAL|FANG|TRGP,HAL,0.352054600813524
XOM,3,HAL|FANG|TRGP,FANG,0.3368431121677914
XOM,3,HAL|FANG|TRGP,TRGP,0.3111022870186846
XOM,3,HAL|FANG|PSX,HAL,0.37905055439203356
XOM,3,HAL|FANG|PSX,FANG,0.32553888055555646
XOM,3,HAL|FANG|PSX,PSX,0.29541056505241003
XOM,3,HAL|FANG|WMB,HAL,0.3373830038080615
XOM,3,HAL|FANG|WMB,FANG,0.3909944456458234
XOM,3,HAL|FANG|WMB,WMB,0.27162255054611506
XOM,3,HAL|FANG|KMI,HAL,0.35799748486970706
XOM,3,HAL|FANG|KMI,FANG,0.3724344325916921
XOM,3,HAL|FANG|KMI,KMI,0.26956808253860076
XOM,3,HAL|FANG|OKE,HAL,0.3940548370585576
XOM,3,HAL|FANG|OKE,FANG,0.3694182053395718
XOM,3,HAL|FANG|OKE,OKE,0.23652695760187062
XOM,3,HAL|FANG|MPC,HAL,0.40922117862256724
XOM,3,HAL|FANG|MPC,FANG,0.31083600644199466
XOM,3,HAL|FANG|MPC,MPC,0.279942814935438
XOM,3,HAL|FANG|SLB,HAL,0.5202822670504743
XOM,3,HAL|FANG|SLB,FANG,0.4797177329495258
XOM,3,HAL|FANG|SLB,SLB,0.0
XOM,3,HAL|CVE|SU,HAL,0.5359784761382315
XOM,3,HAL|CVE|SU,CVE,0.12122863072509076
XOM,3,HAL|CVE|SU,SU,0.34279289313667777
XOM,3,HAL|CVE|TRGP,HAL,0.4154094296023161
XOM,3,HAL|CVE|TRGP,CVE,0.29811595457811885
XOM,3,HAL|CVE|TRGP,TRGP,0.2864746158195651
XOM,3,HAL|CVE|PSX,HAL,0.3481716751602908
XOM,3,HAL|CVE|PSX,CVE,0.3413518097321532
XOM,3,HAL|CVE|PSX,PSX,0.3104765151075561
XOM,3,HAL|CVE|WMB,HAL,0.34716641607530546
XOM,3,HAL|CVE|WMB,CVE,0.38024206964148866
XOM,3,HAL|CVE|WMB,WMB,0.2725915142832058
XOM,3,HAL|CVE|KMI,HAL,0.32500041990162015
XOM,3,HAL|CVE|KMI,CVE,0.38229815649571103
XOM,3,HAL|CVE|KMI,KMI,0.2927014236026689
XOM,3,HAL|CVE|OKE,HAL,0.36505153365252196
XOM,3,HAL|CVE|OKE,CVE,0.3746531931224634
XOM,3,HAL|CVE|OKE,OKE,0.26029527322501456
XOM,3,HAL|CVE|MPC,HAL,0.4194064295772159
XOM,3,HAL|CVE|MPC,CVE,0.3024692989469549
XOM,3,HAL|CVE|MPC,MPC,0.27812427147582924
XOM,3,HAL|CVE|SLB,HAL,0.5366628871645648
XOM,3,HAL|CVE|SLB,CVE,0.46333711283543516
XOM,3,HAL|CVE|SLB,SLB,1.1634754412292808e-16
XOM,3,HAL|SU|TRGP,HAL,0.4067269495459078
XOM,3,HAL|SU|TRGP,SU,0.3066706660625446
XOM,3,HAL|SU|TRGP,TRGP,0.2866023843915475
XOM,3,HAL|SU|PSX,HAL,0.39711606330265925
XOM,3,HAL|SU|PSX,SU,0.3144817702698454
XOM,3,HAL|SU|PSX,PSX,0.28840216642749533
XOM,3,HAL|SU|WMB,HAL,0.37406682950297593
XOM,3,HAL|SU|WMB,SU,0.36819010728305457
XOM,3,HAL|SU|WMB,WMB,0.2577430632139696
XOM,3,HAL|SU|KMI,HAL,0.3683461483272987
XOM,3,HAL|SU|KMI,SU,0.36119364872958654
XOM,3,HAL|SU|KMI,KMI,0.27046020294311485
XOM,3,HAL|SU|OKE,HAL,0.3859591938523564
XOM,3,HAL|SU|OKE,SU,0.3648595315045861
XOM,3,HAL|SU|OKE,OKE,0.24918127464305748
XOM,3,HAL|SU|MPC,HAL,0.441753863423914
XOM,3,HAL|SU|MPC,SU,0.29094285826371086
XOM,3,HAL|SU|MPC,MPC,0.2673032783123751
XOM,3,HAL|SU|SLB,HAL,0.5467090732031068
XOM,3,HAL|SU|SLB,SU,0.45329092679689326
XOM,3,HAL|SU|SLB,SLB,0.0
XOM,3,HAL|TRGP|PSX,HAL,0.4069991321225013
XOM,3,HAL|TRGP|PSX,TRGP,0.29995656081719113
XOM,3,HAL|TRGP|PSX,PSX,0.29304430706030765
XOM,3,HAL|TRGP|WMB,HAL,0.5716841077783972
XOM,3,HAL|TRGP|WMB,TRGP,0.4198358319989172
XOM,3,HAL|TRGP|WMB,WMB,0.008480060222685572
XOM,3,HAL|TRGP|KMI,HAL,0.5573228887773575
XOM,3,HAL|TRGP|KMI,TRGP,0.3400533026738728
XOM,3,HAL|TRGP|KMI,KMI,0.1026238085487698
XOM,3,HAL|TRGP|OKE,HAL,0.5732115482521605
XOM,3,HAL|TRGP|OKE,TRGP,0.4267884517478395
XOM,3,HAL|TRGP|OKE,OKE,2.368154412606465e-19
XOM,3,HAL|TRGP|MPC,HAL,0.48087857269862117
XOM,3,HAL|TRGP|MPC,TRGP,0.25821490698271393
XOM,3,HAL|TRGP|MPC,MPC,0.26090652031866485
XOM,3,HAL|TRGP|SLB,HAL,0.5732115506959378
XOM,3,HAL|TRGP|SLB,TRGP,0.42678844930406235
XOM,3,HAL|TRGP|SLB,SLB,0.0
XOM,3,HAL|PSX|WMB,HAL,0.44925821228867874
XOM,3,HAL|PSX|WMB,PSX,0.3214151861015246
XOM,3,HAL|PSX|WMB,WMB,0.22932660160979662
XOM,3,HAL|PSX|KMI,HAL,0.4762182001258844
XOM,3,HAL|PSX|KMI,PSX,0.3028276203036845
XOM,3,HAL|PSX|KMI,KMI,0.22095417957043112
XOM,3,HAL|PSX|OKE,HAL,0.478609079050148
XOM,3,HAL|PSX|OKE,PSX,0.31427636972121265
XOM,3,HAL|PSX|OKE,OKE,0.20711455122863937
XOM,3,HAL|PSX|MPC,HAL,0.6078349526495098
XOM,3,HAL|PSX|MPC,PSX,0.09101169173653446
XOM,3,HAL|PSX|MPC,MPC,0.30115335561395573
XOM,3,HAL|PSX|SLB,HAL,0.59587107288215
XOM,3,HAL|PSX|SLB,PSX,0.40412892711785015
XOM,3,HAL|PSX|SLB,SLB,0.0
XOM,3,HAL|WMB|KMI,HAL,0.6256243351756305
XOM,3,HAL|WMB|KMI,WMB,0.0
XOM,3,HAL|WMB|KMI,KMI,0.37437566482436957
XOM,3,HAL|WMB|OKE,HAL,0.616825155157269
XOM,3,HAL|WMB|OKE,WMB,0.16831637603622146
XOM,3,HAL|WMB|OKE,OKE,0.21485846880650963
XOM,3,HAL|WMB|MPC,HAL,0.4756288941962285
XOM,3,HAL|WMB|MPC,WMB,0.21857672795410543
XOM,3,HAL|WMB|MPC,MPC,0.30579437784966607
XOM,3,HAL|WMB|SLB,HAL,0.6273248946728603
XOM,3,HAL|WMB|SLB,WMB,0.3726751053271399
XOM,3,HAL|WMB|SLB,SLB,0.0
XOM,3,HAL|KMI|OKE,HAL,0.6208235727164576
XOM,3,HAL|KMI|OKE,KMI,0.3162892735576828
XOM,3,HAL|KMI|OKE,OKE,0.06288715372585955
XOM,3,HAL|KMI|MPC,HAL,0.4927258999672259
XOM,3,HAL|KMI|MPC,KMI,0.21584359709016368
XOM,3,HAL|KMI|MPC,MPC,0.29143050294261047
XOM,3,HAL|KMI|SLB,HAL,0.6256243353530129
XOM,3,HAL|KMI|SLB,KMI,0.3743756646469872
XOM,3,HAL|KMI|SLB,SLB,0.0
XOM,3,HAL|OKE|MPC,HAL,0.5077192573444987
XOM,3,HAL|OKE|MPC,OKE,0.19209088668943963
XOM,3,HAL|OKE|MPC,MPC,0.3001898559660616
XOM,3,HAL|OKE|SLB,HAL,0.6392941731954422
XOM,3,HAL|OKE|SLB,OKE,0.3607058268045578
XOM,3,HAL|OKE|SLB,SLB,0.0
XOM,3,HAL|MPC|SLB,HAL,0.6197116235038412
XOM,3,HAL|MPC|SLB,MPC,0.3802883764961588
XOM,3,HAL|MPC|SLB,SLB,1.0519821951738271e-16
XOM,3,CNQ|FANG|CVE,CNQ,0.5123607088669418
XOM,3,CNQ|FANG|CVE,FANG,0.4876392911330582
XOM,3,CNQ|FANG|CVE,CVE,0.0
XOM,3,CNQ|FANG|SU,CNQ,0.2169165081298887
XOM,3,CNQ|FANG|SU,FANG,0.5050419430569554
XOM,3,CNQ|FANG|SU,SU,0.2780415488131559
XOM,3,CNQ|FANG|TRGP,CNQ,0.3372674814799134
XOM,3,CNQ|FANG|TRGP,FANG,0.37523557558159387
XOM,3,CNQ|FANG|TRGP,TRGP,0.28749694293849265
XOM,3,CNQ|FANG|PSX,CNQ,0.3815353180452402
XOM,3,CNQ|FANG|PSX,FANG,0.3263522266366487
XOM,3,CNQ|FANG|PSX,PSX,0.29211245531811114
XOM,3,CNQ|FANG|WMB,CNQ,0.34978436271425245
XOM,3,CNQ|FANG|WMB,FANG,0.3798871674463145
XOM,3,CNQ|FANG|WMB,WMB,0.270328469839433
XOM,3,CNQ|FANG|KMI,CNQ,0.36802509161067537
XOM,3,CNQ|FANG|KMI,FANG,0.3614835192198938
XOM,3,CNQ|FANG|KMI,KMI,0.27049138916943083
XOM,3,CNQ|FANG|OKE,CNQ,0.39850858272602097
XOM,3,CNQ|FANG|OKE,FANG,0.3628284727564265
XOM,3,CNQ|FANG|OKE,OKE,0.2386629445175526
XOM,3,CNQ|FANG|MPC,CNQ,0.3920284612763793
XOM,3,CNQ|FANG|MPC,FANG,0.3504800030861427
XOM,3,CNQ|FANG|MPC,MPC,0.25749153563747806
XOM,3,CNQ|FANG|SLB,CNQ,0.4413158198290842
XOM,3,CNQ|FANG|SLB,FANG,0.3785440384612047
XOM,3,CNQ|FANG|SLB,SLB,0.18014014170971104
XOM,3,CNQ|CVE|SU,CNQ,0.7483939267138127
XOM,3,CNQ|CVE|SU,CVE,0.2516060732861874
XOM,3,CNQ|CVE|SU,SU,0.0
XOM,3,CNQ|CVE|TRGP,CNQ,0.5555338409651668
XOM,3,CNQ|CVE|TRGP,CVE,0.02300249141519147
XOM,3,CNQ|CVE|TRGP,TRGP,0.42146366761964177
XOM,3,CNQ|CVE|PSX,CNQ,0.28619071277184605
XOM,3,CNQ|CVE|PSX,CVE,0.29863876805250184
XOM,3,CNQ|CVE|PSX,PSX,0.41517051917565223
XOM,3,CNQ|CVE|WMB,CNQ,0.06680251343947441
XOM,3,CNQ|CVE|WMB,CVE,0.513327191180895
XOM,3,CNQ|CVE|WMB,WMB,0.4198702953796307
XOM,3,CNQ|CVE|KMI,CNQ,1.1709383462843448e-17
XOM,3,CNQ|CVE|KMI,CVE,0.5724017186865691
XOM,3,CNQ|CVE|KMI,KMI,0.4275982813134309
XOM,3,CNQ|CVE|OKE,CNQ,0.21918606781640526
XOM,3,CNQ|CVE|OKE,CVE,0.3921231804445998
XOM,3,CNQ|CVE|OKE,OKE,0.38869075173899487
XOM,3,CNQ|CVE|MPC,CNQ,0.6114058065531409
XOM,3,CNQ|CVE|MPC,CVE,0.014427475636803244
XOM,3,CNQ|CVE|MPC,MPC,0.3741667178100559
XOM,3,CNQ|CVE|SLB,CNQ,0.5183789319669287
XOM,3,CNQ|CVE|SLB,CVE,0.14858036756319232
XOM,3,CNQ|CVE|SLB,SLB,0.3330407004698788
XOM,3,CNQ|SU|TRGP,CNQ,0.5771243492428906
XOM,3,CNQ|SU|TRGP,SU,1.6418886649577358e-17
XOM,3,CNQ|SU|TRGP,TRGP,0.42287565075710953
XOM,3,CNQ|SU|PSX,CNQ,0.5875990638551555
XOM,3,CNQ|SU|PSX,SU,0.0
XOM,3,CNQ|SU|PSX,PSX,0.41240093614484463
XOM,3,CNQ|SU|WMB,CNQ,0.13077471194556461
XOM,3,CNQ|SU|WMB,SU,0.4457144886992179
XOM,3,CNQ|SU|WMB,WMB,0.4235107993552175
XOM,3,CNQ|SU|KMI,CNQ,0.2618355951418609
XOM,3,CNQ|SU|KMI,SU,0.3290687618823907
XOM,3,CNQ|SU|KMI,KMI,0.4090956429757484
XOM,3,CNQ|SU|OKE,CNQ,0.372140357256993
XOM,3,CNQ|SU|OKE,SU,0.23876075231214502
XOM,3,CNQ|SU|OKE,OKE,0.389098890430862
XOM,3,CNQ|SU|MPC,CNQ,0.6251280587392114
XOM,3,CNQ|SU|MPC,SU,0.0
XOM,3,CNQ|SU|MPC,MPC,0.3748719412607886
XOM,3,CNQ|SU|SLB,CNQ,0.5915204615756434
XOM,3,CNQ|SU|SLB,SU,0.06894204580496734
XOM,3,CNQ|SU|SLB,SLB,0.3395374926193892
XOM,3,CNQ|TRGP|PSX,CNQ,0.4014179142332045
XOM,3,CNQ|TRGP|PSX,TRGP,0.277079306313033
XOM,3,CNQ|TRGP|PSX,PSX,0.32150277945376254
XOM,3,CNQ|TRGP|WMB,CNQ,0.5594601499728563
XOM,3,CNQ|TRGP|WMB,TRGP,0.2317854854922274
XOM,3,CNQ|TRGP|WMB,WMB,0.20875436453491633
XOM,3,CNQ|TRGP|KMI,CNQ,0.5628772695593836
XOM,3,CNQ|TRGP|KMI,TRGP,0.17239839988721783
XOM,3,CNQ|TRGP|KMI,KMI,0.26472433055339867
XOM,3,CNQ|TRGP|OKE,CNQ,0.5726115587930345
XOM,3,CNQ|TRGP|OKE,TRGP,0.22086522811068354
XOM,3,CNQ|TRGP|OKE,OKE,0.20652321309628205
XOM,3,CNQ|TRGP|MPC,CNQ,0.47253239304716993
XOM,3,CNQ|TRGP|MPC,TRGP,0.26055912458955965
XOM,3,CNQ|TRGP|MPC,MPC,0.2669084823632704
XOM,3,CNQ|TRGP|SLB,CNQ,0.3560964737533633
XOM,3,CNQ|TRGP|SLB,TRGP,0.36383922192563206
XOM,3,CNQ|TRGP|SLB,SLB,0.2800643043210046
XOM,3,CNQ|PSX|WMB,CNQ,0.4455143696590366
XOM,3,CNQ|PSX|WMB,PSX,0.3156348225489682
XOM,3,CNQ|PSX|WMB,WMB,0.23885080779199525
XOM,3,CNQ|PSX|KMI,CNQ,0.47115412999566897
XOM,3,CNQ|PSX|KMI,PSX,0.2958148520543338
XOM,3,CNQ|PSX|KMI,KMI,0.23303101794999728
XOM,3,CNQ|PSX|OKE,CNQ,0.4730081078940785
XOM,3,CNQ|PSX|OKE,PSX,0.3097125194039297
XOM,3,CNQ|PSX|OKE,OKE,0.2172793727019918
XOM,3,CNQ|PSX|MPC,CNQ,0.5875990662696468
XOM,3,CNQ|PSX|MPC,PSX,0.4124009337303532
XOM,3,CNQ|PSX|MPC,MPC,4.288498945256398e-18
XOM,3,CNQ|PSX|SLB,CNQ,0.47360552071781653
XOM,3,CNQ|PSX|SLB,PSX,0.3308373434233128
XOM,3,CNQ|PSX|SLB,SLB,0.1955571358588707
XOM,3,CNQ|WMB|KMI,CNQ,0.6105819371416519
XOM,3,CNQ|WMB|KMI,WMB,0.0
XOM,3,CNQ|WMB|KMI,KMI,0.3894180628583482
XOM,3,CNQ|WMB|OKE,CNQ,0.6010061412765061
XOM,3,CNQ|WMB|OKE,WMB,0.1902834428797749
XOM,3,CNQ|WMB|OKE,OKE,0.2087104158437191
XOM,3,CNQ|WMB|MPC,CNQ,0.4586416895435032
XOM,3,CNQ|WMB|MPC,WMB,0.26203516293159596
XOM,3,CNQ|WMB|MPC,MPC,0.2793231475249009
XOM,3,CNQ|WMB|SLB,CNQ,0.4478839022305482
XOM,3,CNQ|WMB|SLB,WMB,0.3054978884767231
XOM,3,CNQ|WMB|SLB,SLB,0.24661820929272865
XOM,3,CNQ|KMI|OKE,CNQ,0.606922367237394
XOM,3,CNQ|KMI|OKE,KMI,0.3437704157928872
XOM,3,CNQ|KMI|OKE,OKE,0.04930721696971883
XOM,3,CNQ|KMI|MPC,CNQ,0.47987404633188546
XOM,3,CNQ|KMI|MPC,KMI,0.2605476456316377
XOM,3,CNQ|KMI|MPC,MPC,0.25957830803647686
XOM,3,CNQ|KMI|SLB,CNQ,0.4330235005553662
XOM,3,CNQ|KMI|SLB,KMI,0.3183120822549626
XOM,3,CNQ|KMI|SLB,SLB,0.24866441718967125
XOM,3,CNQ|OKE|MPC,CNQ,0.4926434370363773
XOM,3,CNQ|OKE|MPC,OKE,0.23843526797503287
XOM,3,CNQ|OKE|MPC,MPC,0.2689212949885898
XOM,3,CNQ|OKE|SLB,CNQ,0.45099038671451713
XOM,3,CNQ|OKE|SLB,OKE,0.2991069307630712
XOM,3,CNQ|OKE|SLB,SLB,0.24990268252241166
XOM,3,CNQ|MPC|SLB,CNQ,0.46173901832747966
XOM,3,CNQ|MPC|SLB,MPC,0.3024097351830394
XOM,3,CNQ|MPC|SLB,SLB,0.23585124648948103
XOM,3,FANG|CVE|SU,FANG,0.5275024426379443
XOM,3,FANG|CVE|SU,CVE,0.0
XOM,3,FANG|CVE|SU,SU,0.4724975573620558
XOM,3,FANG|CVE|TRGP,FANG,0.39873046991270233
XOM,3,FANG|CVE|TRGP,CVE,0.2820223055322485
XOM,3,FANG|CVE|TRGP,TRGP,0.31924722455504906
XOM,3,FANG|CVE|PSX,FANG,0.31172029763300696
XOM,3,FANG|CVE|PSX,CVE,0.36190357449952437
XOM,3,FANG|CVE|PSX,PSX,0.3263761278674687
XOM,3,FANG|CVE|WMB,FANG,0.34972471279174155
XOM,3,FANG|CVE|WMB,CVE,0.33548801412071655
XOM,3,FANG|CVE|WMB,WMB,0.31478727308754195
XOM,3,FANG|CVE|KMI,FANG,0.3151314575412917
XOM,3,FANG|CVE|KMI,CVE,0.3651821632768807
XOM,3,FANG|CVE|KMI,KMI,0.31968637918182763
XOM,3,FANG|CVE|OKE,FANG,0.3374686091786275
XOM,3,FANG|CVE|OKE,CVE,0.37723172990401643
XOM,3,FANG|CVE|OKE,OKE,0.28529966091735615
XOM,3,FANG|CVE|MPC,FANG,0.37728040560598614
XOM,3,FANG|CVE|MPC,CVE,0.34811388484589195
XOM,3,FANG|CVE|MPC,MPC,0.27460570954812197
XOM,3,FANG|CVE|SLB,FANG,0.38555661523579454
XOM,3,FANG|CVE|SLB,CVE,0.40470736570323557
XOM,3,FANG|CVE|SLB,SLB,0.20973601906096997
XOM,3,FANG|SU|TRGP,FANG,0.3949844059263578
XOM,3,FANG|SU|TRGP,SU,0.31551440014124826
XOM,3,FANG|SU|TRGP,TRGP,0.28950119393239393
XOM,3,FANG|SU|PSX,FANG,0.378426747301153
XOM,3,FANG|SU|PSX,SU,0.3425388167175935
XOM,3,FANG|SU|PSX,PSX,0.2790344359812535
XOM,3,FANG|SU|WMB,FANG,0.379189848150622
XOM,3,FANG|SU|WMB,SU,0.33716415335613015
XOM,3,FANG|SU|WMB,WMB,0.2836459984932479
XOM,3,FANG|SU|KMI,FANG,0.36723291896896537
XOM,3,FANG|SU|KMI,SU,0.35086869904553436
XOM,3,FANG|SU|KMI,KMI,0.2818983819855003
XOM,3,FANG|SU|OKE,FANG,0.3749275150856468
XOM,3,FANG|SU|OKE,SU,0.37419094970851374
XOM,3,FANG|SU|OKE,OKE,0.25088153520583945
XOM,3,FANG|SU|MPC,FANG,0.41384462503241504
XOM,3,FANG|SU|MPC,SU,0.34968659583842354
XOM,3,FANG|SU|MPC,MPC,0.2364687791291614
XOM,3,FANG|SU|SLB,FANG,0.402926754812009
XOM,3,FANG|SU|SLB,SU,0.4088260066469176
XOM,3,FANG|SU|SLB,SLB,0.18824723854107345
XOM,3,FANG|TRGP|PSX,FANG,0.3885377847981241
XOM,3,FANG|TRGP|PSX,TRGP,0.3243543551021584
XOM,3,FANG|TRGP|PSX,PSX,0.2871078600997175
XOM,3,FANG|TRGP|WMB,FANG,0.5392414581465369
XOM,3,FANG|TRGP|WMB,TRGP,0.25802748534595665
XOM,3,FANG|TRGP|WMB,WMB,0.2027310565075064
XOM,3,FANG|TRGP|KMI,FANG,0.5363831821022395
XOM,3,FANG|TRGP|KMI,TRGP,0.28524333252746686
XOM,3,FANG|TRGP|KMI,KMI,0.17837348537029368
XOM,3,FANG|TRGP|OKE,FANG,0.554709740257357
XOM,3,FANG|TRGP|OKE,TRGP,0.44529025974264297
XOM,3,FANG|TRGP|OKE,OKE,0.0
XOM,3,FANG|TRGP|MPC,FANG,0.4572973720870452
XOM,3,FANG|TRGP|MPC,TRGP,0.3188066041723282
XOM,3,FANG|TRGP|MPC,MPC,0.22389602374062664
XOM,3,FANG|TRGP|SLB,FANG,0.3535024094898252
XOM,3,FANG|TRGP|SLB,TRGP,0.4016878167795185
XOM,3,FANG|TRGP|SLB,SLB,0.2448097737306563
XOM,3,FANG|PSX|WMB,FANG,0.4323756973196456
XOM,3,FANG|PSX|WMB,PSX,0.27868585050207445
XOM,3,FANG|PSX|WMB,WMB,0.2889384521782799
XOM,3,FANG|PSX|KMI,FANG,0.457968952678143
XOM,3,FANG|PSX|KMI,PSX,0.2743155685083806
XOM,3,FANG|PSX|KMI,KMI,0.2677154788134763
XOM,3,FANG|PSX|OKE,FANG,0.45695998209478494
XOM,3,FANG|PSX|OKE,PSX,0.3079755791082999
XOM,3,FANG|PSX|OKE,OKE,0.23506443879691524
XOM,3,FANG|PSX|MPC,FANG,0.5848843488654053
XOM,3,FANG|PSX|MPC,PSX,0.38357871558907997
XOM,3,FANG|PSX|MPC,MPC,0.03153693554551478
XOM,3,FANG|PSX|SLB,FANG,0.46031404353396616
XOM,3,FANG|PSX|SLB,PSX,0.35173184517111306
XOM,3,FANG|PSX|SLB,SLB,0.18795411129492082
XOM,3,FANG|WMB|KMI,FANG,0.5868415721672279
XOM,3,FANG|WMB|KMI,WMB,0.3912792638457404
XOM,3,FANG|WMB|KMI,KMI,0.02187916398703161
XOM,3,FANG|WMB|OKE,FANG,0.587321612651398
XOM,3,FANG|WMB|OKE,WMB,0.41267838734860207
XOM,3,FANG|WMB|OKE,OKE,0.0
XOM,3,FANG|WMB|MPC,FANG,0.4479123104083679
XOM,3,FANG|WMB|MPC,WMB,0.30360385903505976
XOM,3,FANG|WMB|MPC,MPC,0.2484838305565724
XOM,3,FANG|WMB|SLB,FANG,0.4468953710872163
XOM,3,FANG|WMB|SLB,WMB,0.35543259234201396
XOM,3,FANG|WMB|SLB,SLB,0.19767203657076976
XOM,3,FANG|KMI|OKE,FANG,0.5972520428754445
XOM,3,FANG|KMI|OKE,KMI,0.4027479571245555
XOM,3,FANG|KMI|OKE,OKE,0.0
XOM,3,FANG|KMI|MPC,FANG,0.46836754148675075
XOM,3,FANG|KMI|MPC,KMI,0.2863179224104828
XOM,3,FANG|KMI|MPC,MPC,0.2453145361027664
XOM,3,FANG|KMI|SLB,FANG,0.4224417326442718
XOM,3,FANG|KMI|SLB,KMI,0.352137622783409
XOM,3,FANG|KMI|SLB,SLB,0.22542064457231928
XOM,3,FANG|OKE|MPC,FANG,0.47987563096756813
XOM,3,FANG|OKE|MPC,OKE,0.24867287287702286
XOM,3,FANG|OKE|MPC,MPC,0.27145149615540903
XOM,3,FANG|OKE|SLB,FANG,0.4310310724951789
XOM,3,FANG|OKE|SLB,OKE,0.3273780944226799
XOM,3,FANG|OKE|SLB,SLB,0.2415908330821412
XOM,3,FANG|MPC|SLB,FANG,0.44662420775367734
XOM,3,FANG|MPC|SLB,MPC,0.32519542956355046
XOM,3,FANG|MPC|SLB,SLB,0.22818036268277228
XOM,3,CVE|SU|TRGP,CVE,0.122792210596992
XOM,3,CVE|SU|TRGP,SU,0.4209626319637714
XOM,3,CVE|SU|TRGP,TRGP,0.45624515743923655
XOM,3,CVE|SU|PSX,CVE,0.5611265484202177
XOM,3,CVE|SU|PSX,SU,3.745918505937418e-17
XOM,3,CVE|SU|PSX,PSX,0.4388734515797822
XOM,3,CVE|SU|WMB,CVE,0.47368386640213406
XOM,3,CVE|SU|WMB,SU,0.10172353372432448
XOM,3,CVE|SU|WMB,WMB,0.4245925998735415
XOM,3,CVE|SU|KMI,CVE,0.572401718591237
XOM,3,CVE|SU|KMI,SU,4.336808689942018e-18
XOM,3,CVE|SU|KMI,KMI,0.4275982814087631
XOM,3,CVE|SU|OKE,CVE,0.44455646867079246
XOM,3,CVE|SU|OKE,SU,0.14841867550295676
XOM,3,CVE|SU|OKE,OKE,0.40702485582625086
XOM,3,CVE|SU|MPC,CVE,0.6055606456787527
XOM,3,CVE|SU|MPC,SU,0.0028096067256339124
XOM,3,CVE|SU|MPC,MPC,0.3916297475956134
XOM,3,CVE|SU|SLB,CVE,0.23188192142076394
XOM,3,CVE|SU|SLB,SU,0.4024586177548145
XOM,3,CVE|SU|SLB,SLB,0.36565946082442163
XOM,3,CVE|TRGP|PSX,CVE,0.38385937859155533
XOM,3,CVE|TRGP|PSX,TRGP,0.26882822530826084
XOM,3,CVE|TRGP|PSX,PSX,0.3473123961001839
XOM,3,CVE|TRGP|WMB,CVE,0.569722000274648
XOM,3,CVE|TRGP|WMB,TRGP,0.006660765804613649
XOM,3,CVE|TRGP|WMB,WMB,0.42361723392073836
XOM,3,CVE|TRGP|KMI,CVE,0.5724017192059833
XOM,3,CVE|TRGP|KMI,TRGP,0.0
XOM,3,CVE|TRGP|KMI,KMI,0.4275982807940169
XOM,3,CVE|TRGP|OKE,CVE,0.5814185903432715
XOM,3,CVE|TRGP|OKE,TRGP,0.02546329230709007
XOM,3,CVE|TRGP|OKE,OKE,0.39311811734963836
XOM,3,CVE|TRGP|MPC,CVE,0.43820103502884095
XOM,3,CVE|TRGP|MPC,TRGP,0.28776504109593654
XOM,3,CVE|TRGP|MPC,MPC,0.27403392387522246
XOM,3,CVE|TRGP|SLB,CVE,0.31859776480222546
XOM,3,CVE|TRGP|SLB,TRGP,0.38163003541081336
XOM,3,CVE|TRGP|SLB,SLB,0.2997721997869612
XOM,3,CVE|PSX|WMB,CVE,0.4271933728187666
XOM,3,CVE|PSX|WMB,PSX,0.306347549522262
XOM,3,CVE|PSX|WMB,WMB,0.2664590776589713
XOM,3,CVE|PSX|KMI,CVE,0.45255250430494226
XOM,3,CVE|PSX|KMI,PSX,0.2764092964695246
XOM,3,CVE|PSX|KMI,KMI,0.2710381992255331
XOM,3,CVE|PSX|OKE,CVE,0.451265035944185
XOM,3,CVE|PSX|OKE,PSX,0.31031982394560037
XOM,3,CVE|PSX|OKE,OKE,0.23841514011021467
XOM,3,CVE|PSX|MPC,CVE,0.5611265496609764
XOM,3,CVE|PSX|MPC,PSX,0.4388734503390236
XOM,3,CVE|PSX|MPC,MPC,0.0
XOM,3,CVE|PSX|SLB,CVE,0.45326656087860057
XOM,3,CVE|PSX|SLB,PSX,0.3545268578425829
XOM,3,CVE|PSX|SLB,SLB,0.19220658127881643
XOM,3,CVE|WMB|KMI,CVE,0.5724017198471766
XOM,3,CVE|WMB|KMI,WMB,0.0
XOM,3,CVE|WMB|KMI,KMI,0.42759828015282364
XOM,3,CVE|WMB|OKE,CVE,0.563254465002495
XOM,3,CVE|WMB|OKE,WMB,0.2977731981112867
XOM,3,CVE|WMB|OKE,OKE,0.13897233688621835
XOM,3,CVE|WMB|MPC,CVE,0.43476598163499525
XOM,3,CVE|WMB|MPC,WMB,0.31548334988500365
XOM,3,CVE|WMB|MPC,MPC,0.24975066848000108
XOM,3,CVE|WMB|SLB,CVE,0.43080071651233687
XOM,3,CVE|WMB|SLB,WMB,0.34120107080651463
XOM,3,CVE|WMB|SLB,SLB,0.2279982126811484
XOM,3,CVE|KMI|OKE,CVE,0.57240171900874
XOM,3,CVE|KMI|OKE,KMI,0.42759828099125996
XOM,3,CVE|KMI|OKE,OKE,0.0
XOM,3,CVE|KMI|MPC,CVE,0.4619062667214233
XOM,3,CVE|KMI|MPC,KMI,0.32240365916398184
XOM,3,CVE|KMI|MPC,MPC,0.21569007411459482
XOM,3,CVE|KMI|SLB,CVE,0.42429482404993596
XOM,3,CVE|KMI|SLB,KMI,0.35148491409615235
XOM,3,CVE|KMI|SLB,SLB,0.22422026185391158
XOM,3,CVE|OKE|MPC,CVE,0.4664835714297575
XOM,3,CVE|OKE|MPC,OKE,0.28983583360671467
XOM,3,CVE|OKE|MPC,MPC,0.24368059496352795
XOM,3,CVE|OKE|SLB,CVE,0.4306947746549481
XOM,3,CVE|OKE|SLB,OKE,0.3274562222584128
XOM,3,CVE|OKE|SLB,SLB,0.24184900308663906
XOM,3,CVE|MPC|SLB,CVE,0.43045127106717185
XOM,3,CVE|MPC|SLB,MPC,0.3088353680519711
XOM,3,CVE|MPC|SLB,SLB,0.2607133608808571
XOM,3,SU|TRGP|PSX,SU,0.35365353890789103
XOM,3,SU|TRGP|PSX,TRGP,0.3227399707598336
XOM,3,SU|TRGP|PSX,PSX,0.32360649033227534
XOM,3,SU|TRGP|WMB,SU,0.5263490013903647
XOM,3,SU|TRGP|WMB,TRGP,0.15904798221025346
XOM,3,SU|TRGP|WMB,WMB,0.3146030163993819
XOM,3,SU|TRGP|KMI,SU,0.5314654108672845
XOM,3,SU|TRGP|KMI,TRGP,0.1338110890567495
XOM,3,SU|TRGP|KMI,KMI,0.3347235000759661
XOM,3,SU|TRGP|OKE,SU,0.537433615036694
XOM,3,SU|TRGP|OKE,TRGP,0.18135059591418298
XOM,3,SU|TRGP|OKE,OKE,0.2812157890491231
XOM,3,SU|TRGP|MPC,SU,0.4210975883366831
XOM,3,SU|TRGP|MPC,TRGP,0.3314595069253381
XOM,3,SU|TRGP|MPC,MPC,0.24744290473797878
XOM,3,SU|TRGP|SLB,SU,0.32836679472686414
XOM,3,SU|TRGP|SLB,TRGP,0.37594448753551485
XOM,3,SU|TRGP|SLB,SLB,0.295688717737621
XOM,3,SU|PSX|WMB,SU,0.407046326734589
XOM,3,SU|PSX|WMB,PSX,0.2955534952985229
XOM,3,SU|PSX|WMB,WMB,0.2974001779668881
XOM,3,SU|PSX|KMI,SU,0.4359332872052291
XOM,3,SU|PSX|KMI,PSX,0.27353879721551283
XOM,3,SU|PSX|KMI,KMI,0.29052791557925806
XOM,3,SU|PSX|OKE,SU,0.4338381265708657
XOM,3,SU|PSX|OKE,PSX,0.2930886215465941
XOM,3,SU|PSX|OKE,OKE,0.2730732518825401
XOM,3,SU|PSX|MPC,SU,0.5584865391496956
XOM,3,SU|PSX|MPC,PSX,0.4415134608503044
XOM,3,SU|PSX|MPC,MPC,3.4300978110953155e-17
XOM,3,SU|PSX|SLB,SU,0.4313785966546705
XOM,3,SU|PSX|SLB,PSX,0.3268868801674233
XOM,3,SU|PSX|SLB,SLB,0.2417345231779063
XOM,3,SU|WMB|KMI,SU,0.567870655375625
XOM,3,SU|WMB|KMI,WMB,0.0
XOM,3,SU|WMB|KMI,KMI,0.4321293446243751
XOM,3,SU|WMB|OKE,SU,0.5539659584095447
XOM,3,SU|WMB|OKE,WMB,0.2816874847271279
XOM,3,SU|WMB|OKE,OKE,0.1643465568633275
XOM,3,SU|WMB|MPC,SU,0.41949747932305603
XOM,3,SU|WMB|MPC,WMB,0.3305186942186194
XOM,3,SU|WMB|MPC,MPC,0.2499838264583246
XOM,3,SU|WMB|SLB,SU,0.41821221990891005
XOM,3,SU|WMB|SLB,WMB,0.33128375027449763
XOM,3,SU|WMB|SLB,SLB,0.2505040298165922
XOM,3,SU|KMI|OKE,SU,0.5648340430267361
XOM,3,SU|KMI|OKE,KMI,0.3915995042887116
XOM,3,SU|KMI|OKE,OKE,0.04356645268455239
XOM,3,SU|KMI|MPC,SU,0.44587974734518027
XOM,3,SU|KMI|MPC,KMI,0.32686730450437235
XOM,3,SU|KMI|MPC,MPC,0.22725294815044744
XOM,3,SU|KMI|SLB,SU,0.40591434920332753
XOM,3,SU|KMI|SLB,KMI,0.33779219411718553
XOM,3,SU|KMI|SLB,SLB,0.25629345667948705
XOM,3,SU|OKE|MPC,SU,0.4539972518720751
XOM,3,SU|OKE|MPC,OKE,0.3072471127700475
XOM,3,SU|OKE|MPC,MPC,0.23875563535787747
XOM,3,SU|OKE|SLB,SU,0.4194045951744284
XOM,3,SU|OKE|SLB,OKE,0.31957133663628334
XOM,3,SU|OKE|SLB,SLB,0.26102406818928825
XOM,3,SU|MPC|SLB,SU,0.41724594020529193
XOM,3,SU|MPC|SLB,MPC,0.2947905180223152
XOM,3,SU|MPC|SLB,SLB,0.287963541772393
XOM,3,TRGP|PSX|WMB,TRGP,0.4494383008303581
XOM,3,TRGP|PSX|WMB,PSX,0.45823741116905115
XOM,3,TRGP|PSX|WMB,WMB,0.09232428800059059
XOM,3,TRGP|PSX|KMI,TRGP,0.5228387875171979
XOM,3,TRGP|PSX|KMI,PSX,0.4684818720661062
XOM,3,TRGP|PSX|KMI,KMI,0.008679340416695885
XOM,3,TRGP|PSX|OKE,TRGP,0.5298003390414552
XOM,3,TRGP|PSX|OKE,PSX,0.4701996609585449
XOM,3,TRGP|PSX|OKE,OKE,1.982731987781073e-17
XOM,3,TRGP|PSX|MPC,TRGP,0.5298003373529767
XOM,3,TRGP|PSX|MPC,PSX,0.4701996626470235
XOM,3,TRGP|PSX|MPC,MPC,0.0
XOM,3,TRGP|PSX|SLB,TRGP,0.4200925755248962
XOM,3,TRGP|PSX|SLB,PSX,0.29246278704201983
XOM,3,TRGP|PSX|SLB,SLB,0.287444637433084
XOM,3,TRGP|WMB|KMI,TRGP,0.6559389528127114
XOM,3,TRGP|WMB|KMI,WMB,0.039504976639485136
XOM,3,TRGP|WMB|KMI,KMI,0.30455607054780354
XOM,3,TRGP|WMB|OKE,TRGP,0.654327551124281
XOM,3,TRGP|WMB|OKE,WMB,0.345672448875719
XOM,3,TRGP|WMB|OKE,OKE,0.0
XOM,3,TRGP|WMB|MPC,TRGP,0.256421500726671
XOM,3,TRGP|WMB|MPC,WMB,0.33179143853899307
XOM,3,TRGP|WMB|MPC,MPC,0.411787060734336
XOM,3,TRGP|WMB|SLB,TRGP,0.5645943425782052
XOM,3,TRGP|WMB|SLB,WMB,0.011152156661742305
XOM,3,TRGP|WMB|SLB,SLB,0.4242535007600525
XOM,3,TRGP|KMI|OKE,TRGP,0.6624210038052994
XOM,3,TRGP|KMI|OKE,KMI,0.3375789961947007
XOM,3,TRGP|KMI|OKE,OKE,3.2228448888815127e-18
XOM,3,TRGP|KMI|MPC,TRGP,0.35694827483302577
XOM,3,TRGP|KMI|MPC,KMI,0.2469487172439329
XOM,3,TRGP|KMI|MPC,MPC,0.3961030079230414
XOM,3,TRGP|KMI|SLB,TRGP,0.46550934049598636
XOM,3,TRGP|KMI|SLB,KMI,0.12244769751049102
XOM,3,TRGP|KMI|SLB,SLB,0.4120429619935227
XOM,3,TRGP|OKE|MPC,TRGP,0.43200350273095517
XOM,3,TRGP|OKE|MPC,OKE,0.16162933012585207
XOM,3,TRGP|OKE|MPC,MPC,0.4063671671431928
XOM,3,TRGP|OKE|SLB,TRGP,0.5741689055691013
XOM,3,TRGP|OKE|SLB,OKE,1.3986208025063007e-17
XOM,3,TRGP|OKE|SLB,SLB,0.4258310944308987
XOM,3,TRGP|MPC|SLB,TRGP,0.4132024917626056
XOM,3,TRGP|MPC|SLB,MPC,0.23946335824842593
XOM,3,TRGP|MPC|SLB,SLB,0.34733414998896844
XOM,3,PSX|WMB|KMI,PSX,0.5065284239606606
XOM,3,PSX|WMB|KMI,WMB,0.49347157603933967
XOM,3,PSX|WMB|KMI,KMI,0.0
XOM,3,PSX|WMB|OKE,PSX,0.5056368044421062
XOM,3,PSX|WMB|OKE,WMB,0.485759791967125
XOM,3,PSX|WMB|OKE,OKE,0.00860340359076892
XOM,3,PSX|WMB|MPC,PSX,0.44360199816922435
XOM,3,PSX|WMB|MPC,WMB,0.4930562936640818
XOM,3,PSX|WMB|MPC,MPC,0.06334170816669392
XOM,3,PSX|WMB|SLB,PSX,0.3472210156824437
XOM,3,PSX|WMB|SLB,WMB,0.36418658394317077
XOM,3,PSX|WMB|SLB,SLB,0.2885924003743856
XOM,3,PSX|KMI|OKE,PSX,0.5076368442672582
XOM,3,PSX|KMI|OKE,KMI,0.26137094677568695
XOM,3,PSX|KMI|OKE,OKE,0.23099220895705494
XOM,3,PSX|KMI|MPC,PSX,0.39916007280856786
XOM,3,PSX|KMI|MPC,KMI,0.4826808171808008
XOM,3,PSX|KMI|MPC,MPC,0.11815911001063138
XOM,3,PSX|KMI|SLB,PSX,0.3138761249615198
XOM,3,PSX|KMI|SLB,KMI,0.3602685427760061
XOM,3,PSX|KMI|SLB,SLB,0.3258553322624742
XOM,3,PSX|OKE|MPC,PSX,0.527234330464496
XOM,3,PSX|OKE|MPC,OKE,0.47276566953550403
XOM,3,PSX|OKE|MPC,MPC,0.0
XOM,3,PSX|OKE|SLB,PSX,0.3373551188887836
XOM,3,PSX|OKE|SLB,OKE,0.34417552700212795
XOM,3,PSX|OKE|SLB,SLB,0.31846935410908844
XOM,3,PSX|MPC|SLB,PSX,0.17596007944560763
XOM,3,PSX|MPC|SLB,MPC,0.36561235949055376
XOM,3,PSX|MPC|SLB,SLB,0.4584275610638387
XOM,3,WMB|KMI|OKE,WMB,0.6308763622991936
XOM,3,WMB|KMI|OKE,KMI,1.214306433183765e-17
XOM,3,WMB|KMI|OKE,OKE,0.36912363770080636
XOM,3,WMB|KMI|MPC,WMB,0.5337793896396155
XOM,3,WMB|KMI|MPC,KMI,0.0
XOM,3,WMB|KMI|MPC,MPC,0.4662206103603847
XOM,3,WMB|KMI|SLB,WMB,0.0
XOM,3,WMB|KMI|SLB,KMI,0.5395163994635543
XOM,3,WMB|KMI|SLB,SLB,0.4604836005364457
XOM,3,WMB|OKE|MPC,WMB,0.5337793882677315
XOM,3,WMB|OKE|MPC,OKE,4.445228907190568e-18
XOM,3,WMB|OKE|MPC,MPC,0.4662206117322685
XOM,3,WMB|OKE|SLB,WMB,0.2946374936897719
XOM,3,WMB|OKE|SLB,OKE,0.2648054137583322
XOM,3,WMB|OKE|SLB,SLB,0.440557092551896
XOM,3,WMB|MPC|SLB,WMB,0.3563667319248855
XOM,3,WMB|MPC|SLB,MPC,0.32647410897436097
XOM,3,WMB|MPC|SLB,SLB,0.3171591591007535
XOM,3,KMI|OKE|MPC,KMI,0.40748822863401357
XOM,3,KMI|OKE|MPC,OKE,0.12752786714908668
XOM,3,KMI|OKE|MPC,MPC,0.46498390421689967
XOM,3,KMI|OKE|SLB,KMI,0.45589472034021766
XOM,3,KMI|OKE|SLB,OKE,0.08900697667743562
XOM,3,KMI|OKE|SLB,SLB,0.4550983029823467
XOM,3,KMI|MPC|SLB,KMI,0.3536927520559753
XOM,3,KMI|MPC|SLB,MPC,0.3022495889701053
XOM,3,KMI|MPC|SLB,SLB,0.34405765897391954
XOM,3,OKE|MPC|SLB,OKE,0.3341913629090751
XOM,3,OKE|MPC|SLB,MPC,0.31694376162608023
XOM,3,OKE|MPC|SLB,SLB,0.3488648754648448
XOM,4,COP|EOG|DVN|HAL,COP,0.45613576059267397
XOM,4,COP|EOG|DVN|HAL,EOG,0.2597742259202492
XOM,4,COP|EOG|DVN|HAL,DVN,0.0
XOM,4,COP|EOG|DVN|HAL,HAL,0.28409001348707685
XOM,4,COP|EOG|DVN|CNQ,COP,0.2158912207261587
XOM,4,COP|EOG|DVN|CNQ,EOG,0.5169805619758638
XOM,4,COP|EOG|DVN|CNQ,DVN,0.0
XOM,4,COP|EOG|DVN|CNQ,CNQ,0.2671282172979774
XOM,4,COP|EOG|DVN|FANG,COP,0.5231691737195183
XOM,4,COP|EOG|DVN|FANG,EOG,0.4768308262804817
XOM,4,COP|EOG|DVN|FANG,DVN,0.0
XOM,4,COP|EOG|DVN|FANG,FANG,6.62989628474886e-17
XOM,4,COP|EOG|DVN|CVE,COP,0.1451876086599904
XOM,4,COP|EOG|DVN|CVE,EOG,0.6117499899150256
XOM,4,COP|EOG|DVN|CVE,DVN,0.0
XOM,4,COP|EOG|DVN|CVE,CVE,0.243062401424984
XOM,4,COP|EOG|DVN|SU,COP,0.13751134236410584
XOM,4,COP|EOG|DVN|SU,EOG,0.5938276334682254
XOM,4,COP|EOG|DVN|SU,DVN,2.490276864927643e-19
XOM,4,COP|EOG|DVN|SU,SU,0.2686610241676687
XOM,4,COP|EOG|DVN|TRGP,COP,0.48974112750629306
XOM,4,COP|EOG|DVN|TRGP,EOG,0.25509365402753875
XOM,4,COP|EOG|DVN|TRGP,DVN,1.0306696902190327e-17
XOM,4,COP|EOG|DVN|TRGP,TRGP,0.2551652184661682
XOM,4,COP|EOG|DVN|PSX,COP,0.13073650740438966
XOM,4,COP|EOG|DVN|PSX,EOG,0.5950440352565115
XOM,4,COP|EOG|DVN|PSX,DVN,1.1450191380983632e-17
XOM,4,COP|EOG|DVN|PSX,PSX,0.2742194573390988
XOM,4,COP|EOG|DVN|WMB,COP,0.6528837389033371
XOM,4,COP|EOG|DVN|WMB,EOG,0.099270701373627
XOM,4,COP|EOG|DVN|WMB,DVN,4.107262761236102e-18
XOM,4,COP|EOG|DVN|WMB,WMB,0.24784555972303599
XOM,4,COP|EOG|DVN|KMI,COP,0.7379185755344955
XOM,4,COP|EOG|DVN|KMI,EOG,0.0
XOM,4,COP|EOG|DVN|KMI,DVN,1.0469327228063152e-18
XOM,4,COP|EOG|DVN|KMI,KMI,0.2620814244655046
XOM,4,COP|EOG|DVN|OKE,COP,0.5872457400346035
XOM,4,COP|EOG|DVN|OKE,EOG,0.21751506025374906
XOM,4,COP|EOG|DVN|OKE,DVN,1.7630143764151007e-17
XOM,4,COP|EOG|DVN|OKE,OKE,0.19523919971164747
XOM,4,COP|EOG|DVN|MPC,COP,0.005412681818982374
XOM,4,COP|EOG|DVN|MPC,EOG,0.7238624230379983
XOM,4,COP|EOG|DVN|MPC,DVN,0.0
XOM,4,COP|EOG|DVN|MPC,MPC,0.2707248951430195
XOM,4,COP|EOG|DVN|SLB,COP,0.39616489798024224
XOM,4,COP|EOG|DVN|SLB,EOG,0.4743318521164456
XOM,4,COP|EOG|DVN|SLB,DVN,0.0
XOM,4,COP|EOG|DVN|SLB,SLB,0.12950324990331216
XOM,4,COP|EOG|HAL|CNQ,COP,0.23039334223893707
XOM,4,COP|EOG|HAL|CNQ,EOG,0.32612572393463624
XOM,4,COP|EOG|HAL|CNQ,HAL,0.23772378949460585
XOM,4,COP|EOG|HAL|CNQ,CNQ,0.20575714433182088
XOM,4,COP|EOG|HAL|FANG,COP,0.4561357348737263
XOM,4,COP|EOG|HAL|FANG,EOG,0.25977443577890386
XOM,4,COP|EOG|HAL|FANG,HAL,0.2840898293473699
XOM,4,COP|EOG|HAL|FANG,FANG,0.0
XOM,4,COP|EOG|HAL|CVE,COP,0.18633273887598217
XOM,4,COP|EOG|HAL|CVE,EOG,0.3872354362741225
XOM,4,COP|EOG|HAL|CVE,HAL,0.2473614040756019
XOM,4,COP|EOG|HAL|CVE,CVE,0.17907042077429342
XOM,4,COP|EOG|HAL|SU,COP,0.15759150860097373
XOM,4,COP|EOG|HAL|SU,EOG,0.3932573624469711
XOM,4,COP|EOG|HAL|SU,HAL,0.2327346124315587
XOM,4,COP|EOG|HAL|SU,SU,0.21641651652049643
XOM,4,COP|EOG|HAL|TRGP,COP,0.43920855634880746
XOM,4,COP|EOG|HAL|TRGP,EOG,0.1076992335712524
XOM,4,COP|EOG|HAL|TRGP,HAL,0.2343885700659996
XOM,4,COP|EOG|HAL|TRGP,TRGP,0.21870364001394055
XOM,4,COP|EOG|HAL|PSX,COP,0.13166263524423996
XOM,4,COP|EOG|HAL|PSX,EOG,0.4146061890715383
XOM,4,COP|EOG|HAL|PSX,HAL,0.21572711995037122
XOM,4,COP|EOG|HAL|PSX,PSX,0.23800405573385058
XOM,4,COP|EOG|HAL|WMB,COP,0.5762975119969065
XOM,4,COP|EOG|HAL|WMB,EOG,0.011466125155285691
XOM,4,COP|EOG|HAL|WMB,HAL,0.21416361571352577
XOM,4,COP|EOG|HAL|WMB,WMB,0.19807274713428213
XOM,4,COP|EOG|HAL|KMI,COP,0.5706764557207591
XOM,4,COP|EOG|HAL|KMI,EOG,4.324799350936728e-17
XOM,4,COP|EOG|HAL|KMI,HAL,0.21961410906055842
XOM,4,COP|EOG|HAL|KMI,KMI,0.20970943521868254
XOM,4,COP|EOG|HAL|OKE,COP,0.5162375001799934
XOM,4,COP|EOG|HAL|OKE,EOG,0.07973309238739051
XOM,4,COP|EOG|HAL|OKE,HAL,0.24732940960210148
XOM,4,COP|EOG|HAL|OKE,OKE,0.15669999783051464
XOM,4,COP|EOG|HAL|MPC,COP,0.0022027960937535548
XOM,4,COP|EOG|HAL|MPC,EOG,0.5213653137222386
XOM,4,COP|EOG|HAL|MPC,HAL,0.23274348800713873
XOM,4,COP|EOG|HAL|MPC,MPC,0.24368840217686913
XOM,4,COP|EOG|HAL|SLB,COP,0.45613565662571076
XOM,4,COP|EOG|HAL|SLB,EOG,0.2597742999080882
XOM,4,COP|EOG|HAL|SLB,HAL,0.2840900434662011
XOM,4,COP|EOG|HAL|SLB,SLB,0.0
XOM,4,COP|EOG|CNQ|FANG,COP,0.21589131837224082
XOM,4,COP|EOG|CNQ|FANG,EOG,0.516980626473509
XOM,4,COP|EOG|CNQ|FANG,CNQ,0.26712805515425037
XOM,4,COP|EOG|CNQ|FANG,FANG,0.0
XOM,4,COP|EOG|CNQ|CVE,COP,0.2158904915289563
XOM,4,COP|EOG|CNQ|CVE,EOG,0.516981341670009
XOM,4,COP|EOG|CNQ|CVE,CNQ,0.2671281668010347
XOM,4,COP|EOG|CNQ|CVE,CVE,6.237550623580668e-18
XOM,4,COP|EOG|CNQ|SU,COP,0.13750972784789692
XOM,4,COP|EOG|CNQ|SU,EOG,0.5938299827895727
XOM,4,COP|EOG|CNQ|SU,CNQ,0.0
XOM,4,COP|EOG|CNQ|SU,SU,0.2686602893625305
XOM,4,COP|EOG|CNQ|TRGP,COP,0.287395705519457
XOM,4,COP|EOG|CNQ|TRGP,EOG,0.32066662580431426
XOM,4,COP|EOG|CNQ|TRGP,CNQ,0.18093479198269877
XOM,4,COP|EOG|CNQ|TRGP,TRGP,0.2110028766935301
XOM,4,COP|EOG|CNQ|PSX,COP,0.0
XOM,4,COP|EOG|CNQ|PSX,EOG,0.5204915262858413
XOM,4,COP|EOG|CNQ|PSX,CNQ,0.22706025424044718
XOM,4,COP|EOG|CNQ|PSX,PSX,0.2524482194737117
XOM,4,COP|EOG|CNQ|WMB,COP,0.41972801714501684
XOM,4,COP|EOG|CNQ|WMB,EOG,0.19263184024165694
XOM,4,COP|EOG|CNQ|WMB,CNQ,0.18302369553953446
XOM,4,COP|EOG|CNQ|WMB,WMB,0.20461644707379167
XOM,4,COP|EOG|CNQ|KMI,COP,0.49308888284299984
XOM,4,COP|EOG|CNQ|KMI,EOG,0.09578158878687167
XOM,4,COP|EOG|CNQ|KMI,CNQ,0.18759102201310635
XOM,4,COP|EOG|CNQ|KMI,KMI,0.2235385063570222
XOM,4,COP|EOG|CNQ|OKE,COP,0.3161786551884034
XOM,4,COP|EOG|CNQ|OKE,EOG,0.2954801730518776
XOM,4,COP|EOG|CNQ|OKE,CNQ,0.22620453407511362
XOM,4,COP|EOG|CNQ|OKE,OKE,0.16213663768460543
XOM,4,COP|EOG|CNQ|MPC,COP,0.0
XOM,4,COP|EOG|CNQ|MPC,EOG,0.5537697303186041
XOM,4,COP|EOG|CNQ|MPC,CNQ,0.21159878335119045
XOM,4,COP|EOG|CNQ|MPC,MPC,0.2346314863302055
XOM,4,COP|EOG|CNQ|SLB,COP,0.10804583699889762
XOM,4,COP|EOG|CNQ|SLB,EOG,0.513404021723122
XOM,4,COP|EOG|CNQ|SLB,CNQ,0.25871836237616913
XOM,4,COP|EOG|CNQ|SLB,SLB,0.11983177890181133
XOM,4,COP|EOG|FANG|CVE,COP,0.145188357082903
XOM,4,COP|EOG|FANG|CVE,EOG,0.61174984058686
XOM,4,COP|EOG|FANG|CVE,FANG,0.0
XOM,4,COP|EOG|FANG|CVE,CVE,0.24306180233023705
XOM,4,COP|EOG|FANG|SU,COP,0.13751101123658396
XOM,4,COP|EOG|FANG|SU,EOG,0.5938279983980037
XOM,4,COP|EOG|FANG|SU,FANG,6.069160473666513e-17
XOM,4,COP|EOG|FANG|SU,SU,0.26866099036541224
XOM,4,COP|EOG|FANG|TRGP,COP,0.48974167166101984
XOM,4,COP|EOG|FANG|TRGP,EOG,0.2550931402811619
XOM,4,COP|EOG|FANG|TRGP,FANG,2.6346112791397758e-17
XOM,4,COP|EOG|FANG|TRGP,TRGP,0.2551651880578182
XOM,4,COP|EOG|FANG|PSX,COP,0.13073671121849856
XOM,4,COP|EOG|FANG|PSX,EOG,0.5950440842002759
XOM,4,COP|EOG|FANG|PSX,FANG,0.0
XOM,4,COP|EOG|FANG|PSX,PSX,0.2742192045812258
XOM,4,COP|EOG|FANG|WMB,COP,0.6528844266701906
XOM,4,COP|EOG|FANG|WMB,EOG,0.09927113692174241
XOM,4,COP|EOG|FANG|WMB,FANG,0.0
XOM,4,COP|EOG|FANG|WMB,WMB,0.2478444364080668
XOM,4,COP|EOG|FANG|KMI,COP,0.7379185755775326
XOM,4,COP|EOG|FANG|KMI,EOG,0.0
XOM,4,COP|EOG|FANG|KMI,FANG,1.9258141088773773e-16
XOM,4,COP|EOG|FANG|KMI,KMI,0.26208142442246746
XOM,4,COP|EOG|FANG|OKE,COP,0.5872458321574625
XOM,4,COP|EOG|FANG|OKE,EOG,0.21751469288474334
XOM,4,COP|EOG|FANG|OKE,FANG,1.002954772184872e-16
XOM,4,COP|EOG|FANG|OKE,OKE,0.19523947495779398
XOM,4,COP|EOG|FANG|MPC,COP,0.005413229596616883
XOM,4,COP|EOG|FANG|MPC,EOG,0.7238623462473178
XOM,4,COP|EOG|FANG|MPC,FANG,1.5863635376828483e-16
XOM,4,COP|EOG|FANG|MPC,MPC,0.2707244241560652
XOM,4,COP|EOG|FANG|SLB,COP,0.39616509068112654
XOM,4,COP|EOG|FANG|SLB,EOG,0.4743316511628716
XOM,4,COP|EOG|FANG|SLB,FANG,0.0
XOM,4,COP|EOG|FANG|SLB,SLB,0.12950325815600175
XOM,4,COP|EOG|CVE|SU,COP,0.137511457967052
XOM,4,COP|EOG|CVE|SU,EOG,0.5938276881928642
XOM,4,COP|EOG|CVE|SU,CVE,1.2387433337120515e-17
XOM,4,COP|EOG|CVE|SU,SU,0.2686608538400838
XOM,4,COP|EOG|CVE|TRGP,COP,0.28730439829361654
XOM,4,COP|EOG|CVE|TRGP,EOG,0.36057921036317514
XOM,4,COP|EOG|CVE|TRGP,CVE,0.13323333566566942
XOM,4,COP|EOG|CVE|TRGP,TRGP,0.21888305567753888
XOM,4,COP|EOG|CVE|PSX,COP,0.0
XOM,4,COP|EOG|CVE|PSX,EOG,0.5183063827376351
XOM,4,COP|EOG|CVE|PSX,CVE,0.219005783132198
XOM,4,COP|EOG|CVE|PSX,PSX,0.2626878341301671
XOM,4,COP|EOG|CVE|WMB,COP,0.3514189456064574
XOM,4,COP|EOG|CVE|WMB,EOG,0.2403348938948867
XOM,4,COP|EOG|CVE|WMB,CVE,0.1854335892819132
XOM,4,COP|EOG|CVE|WMB,WMB,0.22281257121674272
XOM,4,COP|EOG|CVE|KMI,COP,0.4122526433066407
XOM,4,COP|EOG|CVE|KMI,EOG,0.1411859477990113
XOM,4,COP|EOG|CVE|KMI,CVE,0.20198400718107007
XOM,4,COP|EOG|CVE|KMI,KMI,0.2445774017132779
XOM,4,COP|EOG|CVE|OKE,COP,0.24201659321365654
XOM,4,COP|EOG|CVE|OKE,EOG,0.35965873794834113
XOM,4,COP|EOG|CVE|OKE,CVE,0.2187044457422613
XOM,4,COP|EOG|CVE|OKE,OKE,0.17962022309574108
XOM,4,COP|EOG|CVE|MPC,COP,1.2693614571729264e-16
XOM,4,COP|EOG|CVE|MPC,EOG,0.5896937813276081
XOM,4,COP|EOG|CVE|MPC,CVE,0.1741680900968398
XOM,4,COP|EOG|CVE|MPC,MPC,0.23613812857555197
XOM,4,COP|EOG|CVE|SLB,COP,0.020226976717562004
XOM,4,COP|EOG|CVE|SLB,EOG,0.6088018420862631
XOM,4,COP|EOG|CVE|SLB,CVE,0.24222755122498368
XOM,4,COP|EOG|CVE|SLB,SLB,0.1287436299711911
XOM,4,COP|EOG|SU|TRGP,COP,0.2212442761633822
XOM,4,COP|EOG|SU|TRGP,EOG,0.3844003579930765
XOM,4,COP|EOG|SU|TRGP,SU,0.19184785517972316
XOM,4,COP|EOG|SU|TRGP,TRGP,0.20250751066381828
XOM,4,COP|EOG|SU|PSX,COP,0.0
XOM,4,COP|EOG|SU|PSX,EOG,0.5553109570373794
XOM,4,COP|EOG|SU|PSX,SU,0.20582687273762335
XOM,4,COP|EOG|SU|PSX,PSX,0.23886217022499728
XOM,4,COP|EOG|SU|WMB,COP,0.33261053397786083
XOM,4,COP|EOG|SU|WMB,EOG,0.25543641999130545
XOM,4,COP|EOG|SU|WMB,SU,0.20734748015173438
XOM,4,COP|EOG|SU|WMB,WMB,0.20460556587909923
XOM,4,COP|EOG|SU|KMI,COP,0.412045680443986
XOM,4,COP|EOG|SU|KMI,EOG,0.16196362425684915
XOM,4,COP|EOG|SU|KMI,SU,0.20519454311783986
XOM,4,COP|EOG|SU|KMI,KMI,0.2207961521813251
XOM,4,COP|EOG|SU|OKE,COP,0.23679502059395502
XOM,4,COP|EOG|SU|OKE,EOG,0.3640446084611457
XOM,4,COP|EOG|SU|OKE,SU,0.23665136778671594
XOM,4,COP|EOG|SU|OKE,OKE,0.16250900315818334
XOM,4,COP|EOG|SU|MPC,COP,0.0
XOM,4,COP|EOG|SU|MPC,EOG,0.5941725263811433
XOM,4,COP|EOG|SU|MPC,SU,0.18534187709536928
XOM,4,COP|EOG|SU|MPC,MPC,0.22048559652348743
XOM,4,COP|EOG|SU|SLB,COP,0.01890551712518664
XOM,4,COP|EOG|SU|SLB,EOG,0.5900904082137486
XOM,4,COP|EOG|SU|SLB,SU,0.2656360984451015
XOM,4,COP|EOG|SU|SLB,SLB,0.1253679762159632
XOM,4,COP|EOG|TRGP|PSX,COP,0.17016647987063205
XOM,4,COP|EOG|TRGP|PSX,EOG,0.40863048577507477
XOM,4,COP|EOG|TRGP|PSX,TRGP,0.19212583856401072
XOM,4,COP|EOG|TRGP|PSX,PSX,0.22907719579028246
XOM,4,COP|EOG|TRGP|WMB,COP,0.5723874380162851
XOM,4,COP|EOG|TRGP|WMB,EOG,0.1504376040439866
XOM,4,COP|EOG|TRGP|WMB,TRGP,0.14646944341956533
XOM,4,COP|EOG|TRGP|WMB,WMB,0.13070551452016294
XOM,4,COP|EOG|TRGP|KMI,COP,0.6470371997933683
XOM,4,COP|EOG|TRGP|KMI,EOG,0.06493849497460161
XOM,4,COP|EOG|TRGP|KMI,TRGP,0.11999599268263669
XOM,4,COP|EOG|TRGP|KMI,KMI,0.16802831254939346
XOM,4,COP|EOG|TRGP|OKE,COP,0.4897413496159807
XOM,4,COP|EOG|TRGP|OKE,EOG,0.2550941450418796
XOM,4,COP|EOG|TRGP|OKE,TRGP,0.2551645053421397
XOM,4,COP|EOG|TRGP|OKE,OKE,0.0
XOM,4,COP|EOG|TRGP|MPC,COP,0.10348221540852975
XOM,4,COP|EOG|TRGP|MPC,EOG,0.5410449460622668
XOM,4,COP|EOG|TRGP|MPC,TRGP,0.14603049513872382
XOM,4,COP|EOG|TRGP|MPC,MPC,0.2094423433904797
XOM,4,COP|EOG|TRGP|SLB,COP,0.3443637630184283
XOM,4,COP|EOG|TRGP|SLB,EOG,0.24294902098174165
XOM,4,COP|EOG|TRGP|SLB,TRGP,0.2658822493220931
XOM,4,COP|EOG|TRGP|SLB,SLB,0.146804966677737
XOM,4,COP|EOG|PSX|WMB,COP,0.2969427149992686
XOM,4,COP|EOG|PSX|WMB,EOG,0.32716376988283696
XOM,4,COP|EOG|PSX|WMB,PSX,0.2164064182681874
XOM,4,COP|EOG|PSX|WMB,WMB,0.15948709684970697
XOM,4,COP|EOG|PSX|KMI,COP,0.36106557209036855
XOM,4,COP|EOG|PSX|KMI,EOG,0.28536810470781515
XOM,4,COP|EOG|PSX|KMI,PSX,0.20153046764747226
XOM,4,COP|EOG|PSX|KMI,KMI,0.1520358555543441
XOM,4,COP|EOG|PSX|OKE,COP,0.21156361056235587
XOM,4,COP|EOG|PSX|OKE,EOG,0.45552685324080217
XOM,4,COP|EOG|PSX|OKE,PSX,0.23922477576265158
XOM,4,COP|EOG|PSX|OKE,OKE,0.09368476043419043
XOM,4,COP|EOG|PSX|MPC,COP,0.03837876941751006
XOM,4,COP|EOG|PSX|MPC,EOG,0.6805862088550266
XOM,4,COP|EOG|PSX|MPC,PSX,0.10944188743171265
XOM,4,COP|EOG|PSX|MPC,MPC,0.1715931342957507
XOM,4,COP|EOG|PSX|SLB,COP,0.06908682436722773
XOM,4,COP|EOG|PSX|SLB,EOG,0.5873343951657255
XOM,4,COP|EOG|PSX|SLB,PSX,0.26007353538489575
XOM,4,COP|EOG|PSX|SLB,SLB,0.08350524508215108
XOM,4,COP|EOG|WMB|KMI,COP,0.7379185749438587
XOM,4,COP|EOG|WMB|KMI,EOG,0.0
XOM,4,COP|EOG|WMB|KMI,WMB,0.0
XOM,4,COP|EOG|WMB|KMI,KMI,0.2620814250561414
XOM,4,COP|EOG|WMB|OKE,COP,0.6528837088606274
XOM,4,COP|EOG|WMB|OKE,EOG,0.09927125486843011
XOM,4,COP|EOG|WMB|OKE,WMB,0.24784503627094248
XOM,4,COP|EOG|WMB|OKE,OKE,0.0
XOM,4,COP|EOG|WMB|MPC,COP,0.19426475129334464
XOM,4,COP|EOG|WMB|MPC,EOG,0.4442480777943108
XOM,4,COP|EOG|WMB|MPC,WMB,0.14879143215189394
XOM,4,COP|EOG|WMB|MPC,MPC,0.2126957387604507
XOM,4,COP|EOG|WMB|SLB,COP,0.548390714799142
XOM,4,COP|EOG|WMB|SLB,EOG,0.11850238556184851
XOM,4,COP|EOG|WMB|SLB,WMB,0.23396522184763957
XOM,4,COP|EOG|WMB|SLB,SLB,0.09914167779136991
XOM,4,COP|EOG|KMI|OKE,COP,0.7379185742113016
XOM,4,COP|EOG|KMI|OKE,EOG,0.0
XOM,4,COP|EOG|KMI|OKE,KMI,0.26208142578869836
XOM,4,COP|EOG|KMI|OKE,OKE,0.0
XOM,4,COP|EOG|KMI|MPC,COP,0.257663335927008
XOM,4,COP|EOG|KMI|MPC,EOG,0.3997597543480454
XOM,4,COP|EOG|KMI|MPC,KMI,0.14204695186843674
XOM,4,COP|EOG|KMI|MPC,MPC,0.20052995785650987
XOM,4,COP|EOG|KMI|SLB,COP,0.6244646836501188
XOM,4,COP|EOG|KMI|SLB,EOG,0.009409363094038416
XOM,4,COP|EOG|KMI|SLB,KMI,0.25413579124696034
XOM,4,COP|EOG|KMI|SLB,SLB,0.11199016200888247
XOM,4,COP|EOG|OKE|MPC,COP,0.08996309234395708
XOM,4,COP|EOG|OKE|MPC,EOG,0.5953725707610492
XOM,4,COP|EOG|OKE|MPC,OKE,0.07523812295818198
XOM,4,COP|EOG|OKE|MPC,MPC,0.23942621393681168
XOM,4,COP|EOG|OKE|SLB,COP,0.466151477951754
XOM,4,COP|EOG|OKE|SLB,EOG,0.22245441270584648
XOM,4,COP|EOG|OKE|SLB,OKE,0.1897531793591153
XOM,4,COP|EOG|OKE|SLB,SLB,0.12164092998328421
XOM,4,COP|EOG|MPC|SLB,COP,0.0
XOM,4,COP|EOG|MPC|SLB,EOG,0.6366065263048438
XOM,4,COP|EOG|MPC|SLB,MPC,0.25431604129927615
XOM,4,COP|EOG|MPC|SLB,SLB,0.10907743239588019
XOM,4,COP|DVN|HAL|CNQ,COP,0.4092462165621575
XOM,4,COP|DVN|HAL|CNQ,DVN,0.11317415012810542
XOM,4,COP|DVN|HAL|CNQ,HAL,0.26882413780136133
XOM,4,COP|DVN|HAL|CNQ,CNQ,0.20875549550837583
XOM,4,COP|DVN|HAL|FANG,COP,0.6481898431575729
XOM,4,COP|DVN|HAL|FANG,DVN,0.04159158460590352
XOM,4,COP|DVN|HAL|FANG,HAL,0.3102185722365236
XOM,4,COP|DVN|HAL|FANG,FANG,2.5817564232311074e-17
XOM,4,COP|DVN|HAL|CVE,COP,0.5018983770682218
XOM,4,COP|DVN|HAL|CVE,DVN,0.06687108964541628
XOM,4,COP|DVN|HAL|CVE,HAL,0.2913719702601015
XOM,4,COP|DVN|HAL|CVE,CVE,0.13985856302626049
XOM,4,COP|DVN|HAL|SU,COP,0.37584488102826097
XOM,4,COP|DVN|HAL|SU,DVN,0.1404796656819934
XOM,4,COP|DVN|HAL|SU,HAL,0.27161225732831884
XOM,4,COP|DVN|HAL|SU,SU,0.21206319596142678
XOM,4,COP|DVN|HAL|TRGP,COP,0.5309357904204384
XOM,4,COP|DVN|HAL|TRGP,DVN,0.0
XOM,4,COP|DVN|HAL|TRGP,HAL,0.24347960712110917
XOM,4,COP|DVN|HAL|TRGP,TRGP,0.22558460245845252
XOM,4,COP|DVN|HAL|PSX,COP,0.3917967832362398
XOM,4,COP|DVN|HAL|PSX,DVN,0.12207869775322144
XOM,4,COP|DVN|HAL|PSX,HAL,0.25873297964457964
XOM,4,COP|DVN|HAL|PSX,PSX,0.2273915393659592
XOM,4,COP|DVN|HAL|WMB,COP,0.5830804576790749
XOM,4,COP|DVN|HAL|WMB,DVN,0.0030072862543208253
XOM,4,COP|DVN|HAL|WMB,HAL,0.21478486139369032
XOM,4,COP|DVN|HAL|WMB,WMB,0.19912739467291393
XOM,4,COP|DVN|HAL|KMI,COP,0.5706775888784714
XOM,4,COP|DVN|HAL|KMI,DVN,0.0
XOM,4,COP|DVN|HAL|KMI,HAL,0.21961307383780418
XOM,4,COP|DVN|HAL|KMI,KMI,0.2097093372837244
XOM,4,COP|DVN|HAL|OKE,COP,0.5827908072833909
XOM,4,COP|DVN|HAL|OKE,DVN,2.695152959044777e-19
XOM,4,COP|DVN|HAL|OKE,HAL,0.25289038491777766
XOM,4,COP|DVN|HAL|OKE,OKE,0.1643188077988314
XOM,4,COP|DVN|HAL|MPC,COP,0.42602826034206936
XOM,4,COP|DVN|HAL|MPC,DVN,0.07772192076887638
XOM,4,COP|DVN|HAL|MPC,HAL,0.28890744288232634
XOM,4,COP|DVN|HAL|MPC,MPC,0.20734237600672797
XOM,4,COP|DVN|HAL|SLB,COP,0.648189878947886
XOM,4,COP|DVN|HAL|SLB,DVN,0.041593352329839184
XOM,4,COP|DVN|HAL|SLB,HAL,0.31021676872227494
XOM,4,COP|DVN|HAL|SLB,SLB,0.0
XOM,4,COP|DVN|CNQ|FANG,COP,0.5724588130429736
XOM,4,COP|DVN|CNQ|FANG,DVN,0.14894626279819964
XOM,4,COP|DVN|CNQ|FANG,CNQ,0.27859492415882703
XOM,4,COP|DVN|CNQ|FANG,FANG,0.0
XOM,4,COP|DVN|CNQ|CVE,COP,0.5724597775698695
XOM,4,COP|DVN|CNQ|CVE,DVN,0.1489459777479457
XOM,4,COP|DVN|CNQ|CVE,CNQ,0.27859424468218474
XOM,4,COP|DVN|CNQ|CVE,CVE,2.5421152812996062e-17
XOM,4,COP|DVN|CNQ|SU,COP,0.5557741801878922
XOM,4,COP|DVN|CNQ|SU,DVN,0.1773440182518984
XOM,4,COP|DVN|CNQ|SU,CNQ,0.0066987068503768414
XOM,4,COP|DVN|CNQ|SU,SU,0.26018309470983264
XOM,4,COP|DVN|CNQ|TRGP,COP,0.5975056938996669
XOM,4,COP|DVN|CNQ|TRGP,DVN,0.0
XOM,4,COP|DVN|CNQ|TRGP,CNQ,0.16116455523742523
XOM,4,COP|DVN|CNQ|TRGP,TRGP,0.2413297508629079
XOM,4,COP|DVN|CNQ|PSX,COP,0.23658427187007894
XOM,4,COP|DVN|CNQ|PSX,DVN,0.23488528981127077
XOM,4,COP|DVN|CNQ|PSX,CNQ,0.2685593190076581
XOM,4,COP|DVN|CNQ|PSX,PSX,0.2599711193109922
XOM,4,COP|DVN|CNQ|WMB,COP,0.5252427521302641
XOM,4,COP|DVN|CNQ|WMB,DVN,0.06819485272419291
XOM,4,COP|DVN|CNQ|WMB,CNQ,0.18197582942273657
XOM,4,COP|DVN|CNQ|WMB,WMB,0.22458656572280647
XOM,4,COP|DVN|CNQ|KMI,COP,0.527220772426313
XOM,4,COP|DVN|CNQ|KMI,DVN,0.04944113601216745
XOM,4,COP|DVN|CNQ|KMI,CNQ,0.19042004328426848
XOM,4,COP|DVN|CNQ|KMI,KMI,0.232918048277251
XOM,4,COP|DVN|CNQ|OKE,COP,0.5061118767019911
XOM,4,COP|DVN|CNQ|OKE,DVN,0.07861934533001372
XOM,4,COP|DVN|CNQ|OKE,CNQ,0.22571124456725455
XOM,4,COP|DVN|CNQ|OKE,OKE,0.18955753340074066
XOM,4,COP|DVN|CNQ|MPC,COP,0.35063294346234675
XOM,4,COP|DVN|CNQ|MPC,DVN,0.17818345170494387
XOM,4,COP|DVN|CNQ|MPC,CNQ,0.25787691617669145
XOM,4,COP|DVN|CNQ|MPC,MPC,0.21330668865601793
XOM,4,COP|DVN|CNQ|SLB,COP,0.40063386135632745
XOM,4,COP|DVN|CNQ|SLB,DVN,0.1885849459737727
XOM,4,COP|DVN|CNQ|SLB,CNQ,0.2757432063211865
XOM,4,COP|DVN|CNQ|SLB,SLB,0.13503798634871342
XOM,4,COP|DVN|FANG|CVE,COP,0.7191183433054424
XOM,4,COP|DVN|FANG|CVE,DVN,0.08939115799406062
XOM,4,COP|DVN|FANG|CVE,FANG,1.0680746651697826e-16
XOM,4,COP|DVN|FANG|CVE,CVE,0.19149049870049686
XOM,4,COP|DVN|FANG|SU,COP,0.5562098249165437
XOM,4,COP|DVN|FANG|SU,DVN,0.17777742508870756
XOM,4,COP|DVN|FANG|SU,FANG,0.0
XOM,4,COP|DVN|FANG|SU,SU,0.26601274999474867
XOM,4,COP|DVN|FANG|TRGP,COP,0.7240844344489493
XOM,4,COP|DVN|FANG|TRGP,DVN,1.029145030913975e-18
XOM,4,COP|DVN|FANG|TRGP,FANG,3.122650487524022e-17
XOM,4,COP|DVN|FANG|TRGP,TRGP,0.2759155655510507
XOM,4,COP|DVN|FANG|PSX,COP,0.5879276451557164
XOM,4,COP|DVN|FANG|PSX,DVN,0.14701361864477766
XOM,4,COP|DVN|FANG|PSX,FANG,0.0
XOM,4,COP|DVN|FANG|PSX,PSX,0.26505873619950604
XOM,4,COP|DVN|FANG|WMB,COP,0.7401944544836894
XOM,4,COP|DVN|FANG|WMB,DVN,9.86031053898731e-18
XOM,4,COP|DVN|FANG|WMB,FANG,0.0
XOM,4,COP|DVN|FANG|WMB,WMB,0.25980554551631074
XOM,4,COP|DVN|FANG|KMI,COP,0.7379185756135975
XOM,4,COP|DVN|FANG|KMI,DVN,0.0
XOM,4,COP|DVN|FANG|KMI,FANG,1.7123618061692936e-17
XOM,4,COP|DVN|FANG|KMI,KMI,0.2620814243864025
XOM,4,COP|DVN|FANG|OKE,COP,0.7806761728740829
XOM,4,COP|DVN|FANG|OKE,DVN,0.0
XOM,4,COP|DVN|FANG|OKE,FANG,0.0
XOM,4,COP|DVN|FANG|OKE,OKE,0.21932382712591716
XOM,4,COP|DVN|FANG|MPC,COP,0.6819559083634905
XOM,4,COP|DVN|FANG|MPC,DVN,0.0939575395963925
XOM,4,COP|DVN|FANG|MPC,FANG,0.0
XOM,4,COP|DVN|FANG|MPC,MPC,0.22408655204011715
XOM,4,COP|DVN|FANG|SLB,COP,0.7644721928727768
XOM,4,COP|DVN|FANG|SLB,DVN,0.09747608872275161
XOM,4,COP|DVN|FANG|SLB,FANG,0.0
XOM,4,COP|DVN|FANG|SLB,SLB,0.13805171840447178
XOM,4,COP|DVN|CVE|SU,COP,0.5562097189269887
XOM,4,COP|DVN|CVE|SU,DVN,0.17777773699660374
XOM,4,COP|DVN|CVE|SU,CVE,4.682736945600674e-17
XOM,4,COP|DVN|CVE|SU,SU,0.26601254407640756
XOM,4,COP|DVN|CVE|TRGP,COP,0.6586987005327553
XOM,4,COP|DVN|CVE|TRGP,DVN,0.0
XOM,4,COP|DVN|CVE|TRGP,CVE,0.0825491028432763
XOM,4,COP|DVN|CVE|TRGP,TRGP,0.25875219662396853
XOM,4,COP|DVN|CVE|PSX,COP,0.31381012014034737
XOM,4,COP|DVN|CVE|PSX,DVN,0.18936616712611268
XOM,4,COP|DVN|CVE|PSX,CVE,0.22046370361239473
XOM,4,COP|DVN|CVE|PSX,PSX,0.2763600091211452
XOM,4,COP|DVN|CVE|WMB,COP,0.5567827900315999
XOM,4,COP|DVN|CVE|WMB,DVN,0.029964453802050667
XOM,4,COP|DVN|CVE|WMB,CVE,0.16197036667635673
XOM,4,COP|DVN|CVE|WMB,WMB,0.25128238948999276
XOM,4,COP|DVN|CVE|KMI,COP,0.5376180182792292
XOM,4,COP|DVN|CVE|KMI,DVN,0.009909734347452206
XOM,4,COP|DVN|CVE|KMI,CVE,0.18947677726712037
XOM,4,COP|DVN|CVE|KMI,KMI,0.26299547010619834
XOM,4,COP|DVN|CVE|OKE,COP,0.5682365338909862
XOM,4,COP|DVN|CVE|OKE,DVN,0.028023013599058965
XOM,4,COP|DVN|CVE|OKE,CVE,0.18622137341608508
XOM,4,COP|DVN|CVE|OKE,OKE,0.21751907909386986
XOM,4,COP|DVN|CVE|MPC,COP,0.49776166211771533
XOM,4,COP|DVN|CVE|MPC,DVN,0.12135925961430624
XOM,4,COP|DVN|CVE|MPC,CVE,0.16538404071091903
XOM,4,COP|DVN|CVE|MPC,MPC,0.2154950375570593
XOM,4,COP|DVN|CVE|SLB,COP,0.532725901063144
XOM,4,COP|DVN|CVE|SLB,DVN,0.13215514856256544
XOM,4,COP|DVN|CVE|SLB,CVE,0.19474200724527382
XOM,4,COP|DVN|CVE|SLB,SLB,0.14037694312901672
XOM,4,COP|DVN|SU|TRGP,COP,0.5796310105037737
XOM,4,COP|DVN|SU|TRGP,DVN,0.02087789612315037
XOM,4,COP|DVN|SU|TRGP,SU,0.1617358304683091
XOM,4,COP|DVN|SU|TRGP,TRGP,0.23775526290476662
XOM,4,COP|DVN|SU|PSX,COP,0.2747951854681683
XOM,4,COP|DVN|SU|PSX,DVN,0.24683449114667802
XOM,4,COP|DVN|SU|PSX,SU,0.2321340647993032
XOM,4,COP|DVN|SU|PSX,PSX,0.24623625858585052
XOM,4,COP|DVN|SU|WMB,COP,0.46396288547388853
XOM,4,COP|DVN|SU|WMB,DVN,0.10015985987039314
XOM,4,COP|DVN|SU|WMB,SU,0.20527793419080523
XOM,4,COP|DVN|SU|WMB,WMB,0.23059932046491316
XOM,4,COP|DVN|SU|KMI,COP,0.4758930888360319
XOM,4,COP|DVN|SU|KMI,DVN,0.07945417835963842
XOM,4,COP|DVN|SU|KMI,SU,0.20726718403024158
XOM,4,COP|DVN|SU|KMI,KMI,0.23738554877408816
XOM,4,COP|DVN|SU|OKE,COP,0.4658955478740356
XOM,4,COP|DVN|SU|OKE,DVN,0.10726329775885239
XOM,4,COP|DVN|SU|OKE,SU,0.23092226972414354
XOM,4,COP|DVN|SU|OKE,OKE,0.19591888464296858
XOM,4,COP|DVN|SU|MPC,COP,0.4048574457823579
XOM,4,COP|DVN|SU|MPC,DVN,0.18684957026102275
XOM,4,COP|DVN|SU|MPC,SU,0.21385560211411309
XOM,4,COP|DVN|SU|MPC,MPC,0.1944373818425063
XOM,4,COP|DVN|SU|SLB,COP,0.3614702135291016
XOM,4,COP|DVN|SU|SLB,DVN,0.22340117701370282
XOM,4,COP|DVN|SU|SLB,SU,0.2711111764055831
XOM,4,COP|DVN|SU|SLB,SLB,0.14401743305161255
XOM,4,COP|DVN|TRGP|PSX,COP,0.5402110018301599
XOM,4,COP|DVN|TRGP|PSX,DVN,0.023767297316988973
XOM,4,COP|DVN|TRGP|PSX,TRGP,0.22673132332028215
XOM,4,COP|DVN|TRGP|PSX,PSX,0.20929037753256907
XOM,4,COP|DVN|TRGP|WMB,COP,0.7077363190889657
XOM,4,COP|DVN|TRGP|WMB,DVN,0.0
XOM,4,COP|DVN|TRGP|WMB,TRGP,0.13394068823037555
XOM,4,COP|DVN|TRGP|WMB,WMB,0.1583229926806588
XOM,4,COP|DVN|TRGP|KMI,COP,0.705249701953174
XOM,4,COP|DVN|TRGP|KMI,DVN,0.0
XOM,4,COP|DVN|TRGP|KMI,TRGP,0.11277666809973834
XOM,4,COP|DVN|TRGP|KMI,KMI,0.18197362994708768
XOM,4,COP|DVN|TRGP|OKE,COP,0.7231096115304775
XOM,4,COP|DVN|TRGP|OKE,DVN,0.0
XOM,4,COP|DVN|TRGP|OKE,TRGP,0.26861412456143846
XOM,4,COP|DVN|TRGP|OKE,OKE,0.008276263908084143
XOM,4,COP|DVN|TRGP|MPC,COP,0.6361564827073376
XOM,4,COP|DVN|TRGP|MPC,DVN,0.0
XOM,4,COP|DVN|TRGP|MPC,TRGP,0.21480920170157605
XOM,4,COP|DVN|TRGP|MPC,MPC,0.14903431559108635
XOM,4,COP|DVN|TRGP|SLB,COP,0.5657548243339947
XOM,4,COP|DVN|TRGP|SLB,DVN,8.729098037929192e-18
XOM,4,COP|DVN|TRGP|SLB,TRGP,0.2857559823144023
XOM,4,COP|DVN|TRGP|SLB,SLB,0.14848919335160293
XOM,4,COP|DVN|PSX|WMB,COP,0.5197323438093963
XOM,4,COP|DVN|PSX|WMB,DVN,0.0813152249276595
XOM,4,COP|DVN|PSX|WMB,PSX,0.1993191110875517
XOM,4,COP|DVN|PSX|WMB,WMB,0.1996333201753926
XOM,4,COP|DVN|PSX|KMI,COP,0.5675091206015578
XOM,4,COP|DVN|PSX|KMI,DVN,0.05871978087860719
XOM,4,COP|DVN|PSX|KMI,PSX,0.17879107638808206
XOM,4,COP|DVN|PSX|KMI,KMI,0.19498002213175303
XOM,4,COP|DVN|PSX|OKE,COP,0.5517441993493275
XOM,4,COP|DVN|PSX|OKE,DVN,0.08864201972154227
XOM,4,COP|DVN|PSX|OKE,PSX,0.21340628351326218
XOM,4,COP|DVN|PSX|OKE,OKE,0.1462074974158681
XOM,4,COP|DVN|PSX|MPC,COP,0.5879272167993964
XOM,4,COP|DVN|PSX|MPC,DVN,0.14701425486839845
XOM,4,COP|DVN|PSX|MPC,PSX,0.26505852833220517
XOM,4,COP|DVN|PSX|MPC,MPC,2.8619125705354673e-18
XOM,4,COP|DVN|PSX|SLB,COP,0.47748824777441473
XOM,4,COP|DVN|PSX|SLB,DVN,0.17206276710015295
XOM,4,COP|DVN|PSX|SLB,PSX,0.25062284390026757
XOM,4,COP|DVN|PSX|SLB,SLB,0.09982614122516482
XOM,4,COP|DVN|WMB|KMI,COP,0.7379185752627182
XOM,4,COP|DVN|WMB|KMI,DVN,0.0
XOM,4,COP|DVN|WMB|KMI,WMB,1.1995786478133808e-17
XOM,4,COP|DVN|WMB|KMI,KMI,0.26208142473728185
XOM,4,COP|DVN|WMB|OKE,COP,0.740194455645072
XOM,4,COP|DVN|WMB|OKE,DVN,1.4520075274540357e-17
XOM,4,COP|DVN|WMB|OKE,WMB,0.2598055443549281
XOM,4,COP|DVN|WMB|OKE,OKE,0.0
XOM,4,COP|DVN|WMB|MPC,COP,0.5822015740016374
XOM,4,COP|DVN|WMB|MPC,DVN,0.03826295512831402
XOM,4,COP|DVN|WMB|MPC,WMB,0.21282532393142561
XOM,4,COP|DVN|WMB|MPC,MPC,0.16671014693862304
XOM,4,COP|DVN|WMB|SLB,COP,0.6203485000054323
XOM,4,COP|DVN|WMB|SLB,DVN,0.03289403095678767
XOM,4,COP|DVN|WMB|SLB,WMB,0.24645713417890192
XOM,4,COP|DVN|WMB|SLB,SLB,0.1003003348588782
XOM,4,COP|DVN|KMI|OKE,COP,0.7379185753856129
XOM,4,COP|DVN|KMI|OKE,DVN,0.0
XOM,4,COP|DVN|KMI|OKE,KMI,0.26208142461438716
XOM,4,COP|DVN|KMI|OKE,OKE,5.532086371629244e-18
XOM,4,COP|DVN|KMI|MPC,COP,0.6204977365691214
XOM,4,COP|DVN|KMI|MPC,DVN,0.017714671779922017
XOM,4,COP|DVN|KMI|MPC,KMI,0.21170957882914074
XOM,4,COP|DVN|KMI|MPC,MPC,0.15007801282181576
XOM,4,COP|DVN|KMI|SLB,COP,0.6190912599277624
XOM,4,COP|DVN|KMI|SLB,DVN,0.013392238249727084
XOM,4,COP|DVN|KMI|SLB,KMI,0.25447289216902597
XOM,4,COP|DVN|KMI|SLB,SLB,0.11304360965348448
XOM,4,COP|DVN|OKE|MPC,COP,0.6246174555373313
XOM,4,COP|DVN|OKE|MPC,DVN,0.04124655521807795
XOM,4,COP|DVN|OKE|MPC,OKE,0.159508534484678
XOM,4,COP|DVN|OKE|MPC,MPC,0.17462745475991287
XOM,4,COP|DVN|OKE|SLB,COP,0.6299859569017977
XOM,4,COP|DVN|OKE|SLB,DVN,0.034276639684146445
XOM,4,COP|DVN|OKE|SLB,OKE,0.21196545217528848
XOM,4,COP|DVN|OKE|SLB,SLB,0.12377195123876739
XOM,4,COP|DVN|MPC|SLB,COP,0.519665360204185
XOM,4,COP|DVN|MPC|SLB,DVN,0.13191882111028003
XOM,4,COP|DVN|MPC|SLB,MPC,0.2195872281674129
XOM,4,COP|DVN|MPC|SLB,SLB,0.12882859051812215
XOM,4,COP|HAL|CNQ|FANG,COP,0.5365259839275379
XOM,4,COP|HAL|CNQ|FANG,HAL,0.2747601314667045
XOM,4,COP|HAL|CNQ|FANG,CNQ,0.18871388460575764
XOM,4,COP|HAL|CNQ|FANG,FANG,1.7726705520137997e-17
XOM,4,COP|HAL|CNQ|CVE,COP,0.5365249946219492
XOM,4,COP|HAL|CNQ|CVE,HAL,0.27476057840646495
XOM,4,COP|HAL|CNQ|CVE,CNQ,0.18871442697158577
XOM,4,COP|HAL|CNQ|CVE,CVE,0.0
XOM,4,COP|HAL|CNQ|SU,COP,0.5359497492821282
XOM,4,COP|HAL|CNQ|SU,HAL,0.27886752707611817
XOM,4,COP|HAL|CNQ|SU,CNQ,7.145569943037278e-18
XOM,4,COP|HAL|CNQ|SU,SU,0.18518272364175362
XOM,4,COP|HAL|CNQ|TRGP,COP,0.44828431054871987
XOM,4,COP|HAL|CNQ|TRGP,HAL,0.22686590894877287
XOM,4,COP|HAL|CNQ|TRGP,CNQ,0.1220152116493935
XOM,4,COP|HAL|CNQ|TRGP,TRGP,0.20283456885311385
XOM,4,COP|HAL|CNQ|PSX,COP,0.37805660061486623
XOM,4,COP|HAL|CNQ|PSX,HAL,0.2297697310502872
XOM,4,COP|HAL|CNQ|PSX,CNQ,0.17965071377879624
XOM,4,COP|HAL|CNQ|PSX,PSX,0.21252295455605028
XOM,4,COP|HAL|CNQ|WMB,COP,0.4825754032991393
XOM,4,COP|HAL|CNQ|WMB,HAL,0.19726825387634106
XOM,4,COP|HAL|CNQ|WMB,CNQ,0.14048941750716076
XOM,4,COP|HAL|CNQ|WMB,WMB,0.17966692531735876
XOM,4,COP|HAL|CNQ|KMI,COP,0.46030956559524666
XOM,4,COP|HAL|CNQ|KMI,HAL,0.1978647022085894
XOM,4,COP|HAL|CNQ|KMI,CNQ,0.1469319833185464
XOM,4,COP|HAL|CNQ|KMI,KMI,0.19489374887761754
XOM,4,COP|HAL|CNQ|OKE,COP,0.45533845991700067
XOM,4,COP|HAL|CNQ|OKE,HAL,0.2250211021607077
XOM,4,COP|HAL|CNQ|OKE,CNQ,0.16736423098743688
XOM,4,COP|HAL|CNQ|OKE,OKE,0.15227620693485475
XOM,4,COP|HAL|CNQ|MPC,COP,0.3752113995127139
XOM,4,COP|HAL|CNQ|MPC,HAL,0.25895574618800327
XOM,4,COP|HAL|CNQ|MPC,CNQ,0.16890575136615427
XOM,4,COP|HAL|CNQ|MPC,MPC,0.1969271029331287
XOM,4,COP|HAL|CNQ|SLB,COP,0.5365256094609366
XOM,4,COP|HAL|CNQ|SLB,HAL,0.2747608488104661
XOM,4,COP|HAL|CNQ|SLB,CNQ,0.18871354172859728
XOM,4,COP|HAL|CNQ|SLB,SLB,0.0
XOM,4,COP|HAL|FANG|CVE,COP,0.5730671846187685
XOM,4,COP|HAL|FANG|CVE,HAL,0.29344327357734806
XOM,4,COP|HAL|FANG|CVE,FANG,1.3828659896873707e-17
XOM,4,COP|HAL|FANG|CVE,CVE,0.1334895418038835
XOM,4,COP|HAL|FANG|SU,COP,0.5359500457440066
XOM,4,COP|HAL|FANG|SU,HAL,0.2788668632399646
XOM,4,COP|HAL|FANG|SU,FANG,5.354942292541687e-17
XOM,4,COP|HAL|FANG|SU,SU,0.18518309101602884
XOM,4,COP|HAL|FANG|TRGP,COP,0.5309357401585927
XOM,4,COP|HAL|FANG|TRGP,HAL,0.24347946065757614
XOM,4,COP|HAL|FANG|TRGP,FANG,9.154986203808654e-17
XOM,4,COP|HAL|FANG|TRGP,TRGP,0.22558479918383106
XOM,4,COP|HAL|FANG|PSX,COP,0.520256663150112
XOM,4,COP|HAL|FANG|PSX,HAL,0.26341989796093124
XOM,4,COP|HAL|FANG|PSX,FANG,9.249536256545916e-17
XOM,4,COP|HAL|FANG|PSX,PSX,0.21632343888895678
XOM,4,COP|HAL|FANG|WMB,COP,0.5859511997393967
XOM,4,COP|HAL|FANG|WMB,HAL,0.21476481120366753
XOM,4,COP|HAL|FANG|WMB,FANG,4.524450310560487e-17
XOM,4,COP|HAL|FANG|WMB,WMB,0.19928398905693567
XOM,4,COP|HAL|FANG|KMI,COP,0.5706764668220102
XOM,4,COP|HAL|FANG|KMI,HAL,0.2196139713170365
XOM,4,COP|HAL|FANG|KMI,FANG,0.0
XOM,4,COP|HAL|FANG|KMI,KMI,0.20970956186095346
XOM,4,COP|HAL|FANG|OKE,COP,0.5827906350832879
XOM,4,COP|HAL|FANG|OKE,HAL,0.2528905021134877
XOM,4,COP|HAL|FANG|OKE,FANG,3.713180682526039e-17
XOM,4,COP|HAL|FANG|OKE,OKE,0.16431886280322452
XOM,4,COP|HAL|FANG|MPC,COP,0.5050503111374144
XOM,4,COP|HAL|FANG|MPC,HAL,0.2906442451484435
XOM,4,COP|HAL|FANG|MPC,FANG,3.066365148178974e-18
XOM,4,COP|HAL|FANG|MPC,MPC,0.2043054437141422
XOM,4,COP|HAL|FANG|SLB,COP,0.6890145054484751
XOM,4,COP|HAL|FANG|SLB,HAL,0.31098549455152485
XOM,4,COP|HAL|FANG|SLB,FANG,0.0
XOM,4,COP|HAL|FANG|SLB,SLB,1.713039432527097e-17
XOM,4,COP|HAL|CVE|SU,COP,0.5359496515711698
XOM,4,COP|HAL|CVE|SU,HAL,0.27886750711586333
XOM,4,COP|HAL|CVE|SU,CVE,1.239717421601394e-17
XOM,4,COP|HAL|CVE|SU,SU,0.18518284131296686
XOM,4,COP|HAL|CVE|TRGP,COP,0.487491185659519
XOM,4,COP|HAL|CVE|TRGP,HAL,0.2391116682165706
XOM,4,COP|HAL|CVE|TRGP,CVE,0.05922326843354473
XOM,4,COP|HAL|CVE|TRGP,TRGP,0.21417387769036567
XOM,4,COP|HAL|CVE|PSX,COP,0.3756198315532746
XOM,4,COP|HAL|CVE|PSX,HAL,0.24065509744137195
XOM,4,COP|HAL|CVE|PSX,CVE,0.15874139882814098
XOM,4,COP|HAL|CVE|PSX,PSX,0.2249836721772125
XOM,4,COP|HAL|CVE|WMB,COP,0.4729639199371903
XOM,4,COP|HAL|CVE|WMB,HAL,0.19805597250751628
XOM,4,COP|HAL|CVE|WMB,CVE,0.1306497796241443
XOM,4,COP|HAL|CVE|WMB,WMB,0.19833032793114921
XOM,4,COP|HAL|CVE|KMI,COP,0.43285612344672314
XOM,4,COP|HAL|CVE|KMI,HAL,0.19637532880220884
XOM,4,COP|HAL|CVE|KMI,CVE,0.15424454292214088
XOM,4,COP|HAL|CVE|KMI,KMI,0.21652400482892722
XOM,4,COP|HAL|CVE|OKE,COP,0.4546992719931547
XOM,4,COP|HAL|CVE|OKE,HAL,0.23234800381355322
XOM,4,COP|HAL|CVE|OKE,CVE,0.1440865540095336
XOM,4,COP|HAL|CVE|OKE,OKE,0.16886617018375855
XOM,4,COP|HAL|CVE|MPC,COP,0.4149022155336507
XOM,4,COP|HAL|CVE|MPC,HAL,0.2767998742138781
XOM,4,COP|HAL|CVE|MPC,CVE,0.10959985360760643
XOM,4,COP|HAL|CVE|MPC,MPC,0.19869805664486478
XOM,4,COP|HAL|CVE|SLB,COP,0.573067143257668
XOM,4,COP|HAL|CVE|SLB,HAL,0.29344326220690825
XOM,4,COP|HAL|CVE|SLB,CVE,0.13348959453542364
XOM,4,COP|HAL|CVE|SLB,SLB,3.6549736371819077e-17
XOM,4,COP|HAL|SU|TRGP,COP,0.44115515127477684
XOM,4,COP|HAL|SU|TRGP,HAL,0.22852448155730748
XOM,4,COP|HAL|SU|TRGP,SU,0.13025478994248313
XOM,4,COP|HAL|SU|TRGP,TRGP,0.20006557722543258
XOM,4,COP|HAL|SU|PSX,COP,0.4046712448160685
XOM,4,COP|HAL|SU|PSX,HAL,0.2400042116690417
XOM,4,COP|HAL|SU|PSX,SU,0.1539164003540091
XOM,4,COP|HAL|SU|PSX,PSX,0.20140814316088068
XOM,4,COP|HAL|SU|WMB,COP,0.45835480060198247
XOM,4,COP|HAL|SU|WMB,HAL,0.192842267266193
XOM,4,COP|HAL|SU|WMB,SU,0.16248024710888215
XOM,4,COP|HAL|SU|WMB,WMB,0.18632268502294244
XOM,4,COP|HAL|SU|KMI,COP,0.43950713172001743
XOM,4,COP|HAL|SU|KMI,HAL,0.19517319978954628
XOM,4,COP|HAL|SU|KMI,SU,0.16532627622604024
XOM,4,COP|HAL|SU|KMI,KMI,0.19999339226439608
XOM,4,COP|HAL|SU|OKE,COP,0.44071088092463684
XOM,4,COP|HAL|SU|OKE,HAL,0.2244126543803742
XOM,4,COP|HAL|SU|OKE,SU,0.17668672108937072
XOM,4,COP|HAL|SU|OKE,OKE,0.15818974360561833
XOM,4,COP|HAL|SU|MPC,COP,0.41065447327898624
XOM,4,COP|HAL|SU|MPC,HAL,0.26906194418528917
XOM,4,COP|HAL|SU|MPC,SU,0.13583766767184513
XOM,4,COP|HAL|SU|MPC,MPC,0.1844459148638794
XOM,4,COP|HAL|SU|SLB,COP,0.5359499131577913
XOM,4,COP|HAL|SU|SLB,HAL,0.2788674415481782
XOM,4,COP|HAL|SU|SLB,SU,0.18518264529403045
XOM,4,COP|HAL|SU|SLB,SLB,0.0
XOM,4,COP|HAL|TRGP|PSX,COP,0.4107517318978456
XOM,4,COP|HAL|TRGP|PSX,HAL,0.2131225187332759
XOM,4,COP|HAL|TRGP|PSX,TRGP,0.19101048624179634
XOM,4,COP|HAL|TRGP|PSX,PSX,0.1851152631270823
XOM,4,COP|HAL|TRGP|WMB,COP,0.5363598071405846
XOM,4,COP|HAL|TRGP|WMB,HAL,0.227602935354809
XOM,4,COP|HAL|TRGP|WMB,TRGP,0.16659309556185714
XOM,4,COP|HAL|TRGP|WMB,WMB,0.06944416194274908
XOM,4,COP|HAL|TRGP|KMI,COP,0.535741564529527
XOM,4,COP|HAL|TRGP|KMI,HAL,0.22095239266564318
XOM,4,COP|HAL|TRGP|KMI,TRGP,0.11708094917358497
XOM,4,COP|HAL|TRGP|KMI,KMI,0.1262250936312448
XOM,4,COP|HAL|TRGP|OKE,COP,0.5309346484595557
XOM,4,COP|HAL|TRGP|OKE,HAL,0.24348012930115834
XOM,4,COP|HAL|TRGP|OKE,TRGP,0.22558522223928593
XOM,4,COP|HAL|TRGP|OKE,OKE,7.896464650778215e-19
XOM,4,COP|HAL|TRGP|MPC,COP,0.4378281215752916
XOM,4,COP|HAL|TRGP|MPC,HAL,0.24724637587716702
XOM,4,COP|HAL|TRGP|MPC,TRGP,0.162176872309879
XOM,4,COP|HAL|TRGP|MPC,MPC,0.15274863023766239
XOM,4,COP|HAL|TRGP|SLB,COP,0.5309354470621341
XOM,4,COP|HAL|TRGP|SLB,HAL,0.24347975638643873
XOM,4,COP|HAL|TRGP|SLB,TRGP,0.22558479655142713
XOM,4,COP|HAL|TRGP|SLB,SLB,0.0
XOM,4,COP|HAL|PSX|WMB,COP,0.46977653598840163
XOM,4,COP|HAL|PSX|WMB,HAL,0.1973526602960653
XOM,4,COP|HAL|PSX|WMB,PSX,0.1790749752393681
XOM,4,COP|HAL|PSX|WMB,WMB,0.15379582847616505
XOM,4,COP|HAL|PSX|KMI,COP,0.47552605762625216
XOM,4,COP|HAL|PSX|KMI,HAL,0.2077904556392604
XOM,4,COP|HAL|PSX|KMI,PSX,0.16117386893024466
XOM,4,COP|HAL|PSX|KMI,KMI,0.1555096178042428
XOM,4,COP|HAL|PSX|OKE,COP,0.4727562658341517
XOM,4,COP|HAL|PSX|OKE,HAL,0.23104918587392614
XOM,4,COP|HAL|PSX|OKE,PSX,0.18540768774164412
XOM,4,COP|HAL|PSX|OKE,OKE,0.11078686055027803
XOM,4,COP|HAL|PSX|MPC,COP,0.5054518753754048
XOM,4,COP|HAL|PSX|MPC,HAL,0.2776104153785604
XOM,4,COP|HAL|PSX|MPC,PSX,0.09787403828266211
XOM,4,COP|HAL|PSX|MPC,MPC,0.11906367096337256
XOM,4,COP|HAL|PSX|SLB,COP,0.5202566675923487
XOM,4,COP|HAL|PSX|SLB,HAL,0.263419904794114
XOM,4,COP|HAL|PSX|SLB,PSX,0.2163234276135373
XOM,4,COP|HAL|PSX|SLB,SLB,2.3784685158900754e-17
XOM,4,COP|HAL|WMB|KMI,COP,0.5706764865180094
XOM,4,COP|HAL|WMB|KMI,HAL,0.21961411699487965
XOM,4,COP|HAL|WMB|KMI,WMB,1.6837215046402575e-17
XOM,4,COP|HAL|WMB|KMI,KMI,0.209709396487111
XOM,4,COP|HAL|WMB|OKE,COP,0.5859505791208222
XOM,4,COP|HAL|WMB|OKE,HAL,0.21476566329086955
XOM,4,COP|HAL|WMB|OKE,WMB,0.1992837575883085
XOM,4,COP|HAL|WMB|OKE,OKE,0.0
XOM,4,COP|HAL|WMB|MPC,COP,0.4584811300413292
XOM,4,COP|HAL|WMB|MPC,HAL,0.2208083776054367
XOM,4,COP|HAL|WMB|MPC,WMB,0.15197244856306202
XOM,4,COP|HAL|WMB|MPC,MPC,0.16873804379017215
XOM,4,COP|HAL|WMB|SLB,COP,0.5859511630175224
XOM,4,COP|HAL|WMB|SLB,HAL,0.2147648886475911
XOM,4,COP|HAL|WMB|SLB,WMB,0.19928394833488647
XOM,4,COP|HAL|WMB|SLB,SLB,7.342505103273902e-18
XOM,4,COP|HAL|KMI|OKE,COP,0.5706760586593733
XOM,4,COP|HAL|KMI|OKE,HAL,0.21961430277859587
XOM,4,COP|HAL|KMI|OKE,KMI,0.20970963856203081
XOM,4,COP|HAL|KMI|OKE,OKE,1.6024910863576008e-17
XOM,4,COP|HAL|KMI|MPC,COP,0.4607362181135917
XOM,4,COP|HAL|KMI|MPC,HAL,0.2271090774650162
XOM,4,COP|HAL|KMI|MPC,KMI,0.1570700684761889
XOM,4,COP|HAL|KMI|MPC,MPC,0.15508463594520328
XOM,4,COP|HAL|KMI|SLB,COP,0.5706764216215812
XOM,4,COP|HAL|KMI|SLB,HAL,0.21961414022296893
XOM,4,COP|HAL|KMI|SLB,KMI,0.2097094381554499
XOM,4,COP|HAL|KMI|SLB,SLB,0.0
XOM,4,COP|HAL|OKE|MPC,COP,0.46291546775518183
XOM,4,COP|HAL|OKE|MPC,HAL,0.25588798701816545
XOM,4,COP|HAL|OKE|MPC,OKE,0.10670200832101341
XOM,4,COP|HAL|OKE|MPC,MPC,0.17449453690563935
XOM,4,COP|HAL|OKE|SLB,COP,0.5827905218817075
XOM,4,COP|HAL|OKE|SLB,HAL,0.2528906120982852
XOM,4,COP|HAL|OKE|SLB,OKE,0.1643188660200072
XOM,4,COP|HAL|OKE|SLB,SLB,1.403534007190682e-18
XOM,4,COP|HAL|MPC|SLB,COP,0.5050503335795624
XOM,4,COP|HAL|MPC|SLB,HAL,0.2906442722404438
XOM,4,COP|HAL|MPC|SLB,MPC,0.20430539417999388
XOM,4,COP|HAL|MPC|SLB,SLB,2.2141547120345818e-17
XOM,4,COP|CNQ|FANG|CVE,COP,0.7459213132522344
XOM,4,COP|CNQ|FANG|CVE,CNQ,0.2540786867477656
XOM,4,COP|CNQ|FANG|CVE,FANG,4.727696462248873e-18
XOM,4,COP|CNQ|FANG|CVE,CVE,4.315124649723482e-17
XOM,4,COP|CNQ|FANG|SU,COP,0.7570641595983382
XOM,4,COP|CNQ|FANG|SU,CNQ,0.06601611453800671
XOM,4,COP|CNQ|FANG|SU,FANG,0.0
XOM,4,COP|CNQ|FANG|SU,SU,0.17691972586365506
XOM,4,COP|CNQ|FANG|TRGP,COP,0.5975056746401773
XOM,4,COP|CNQ|FANG|TRGP,CNQ,0.16116447215837354
XOM,4,COP|CNQ|FANG|TRGP,FANG,0.0
XOM,4,COP|CNQ|FANG|TRGP,TRGP,0.24132985320144892
XOM,4,COP|CNQ|FANG|PSX,COP,0.5267515479236594
XOM,4,COP|CNQ|FANG|PSX,CNQ,0.23160099853042446
XOM,4,COP|CNQ|FANG|PSX,FANG,3.713074803407632e-18
XOM,4,COP|CNQ|FANG|PSX,PSX,0.24164745354591607
XOM,4,COP|CNQ|FANG|WMB,COP,0.601041047398622
XOM,4,COP|CNQ|FANG|WMB,CNQ,0.16861557873851782
XOM,4,COP|CNQ|FANG|WMB,FANG,4.486574702928419e-17
XOM,4,COP|CNQ|FANG|WMB,WMB,0.2303433738628603
XOM,4,COP|CNQ|FANG|KMI,COP,0.5816600235755675
XOM,4,COP|CNQ|FANG|KMI,CNQ,0.180882445720666
XOM,4,COP|CNQ|FANG|KMI,FANG,3.0068716715462e-17
XOM,4,COP|CNQ|FANG|KMI,KMI,0.23745753070376657
XOM,4,COP|CNQ|FANG|OKE,COP,0.592265501781644
XOM,4,COP|CNQ|FANG|OKE,CNQ,0.21126428209974352
XOM,4,COP|CNQ|FANG|OKE,FANG,0.0
XOM,4,COP|CNQ|FANG|OKE,OKE,0.19647021611861262
XOM,4,COP|CNQ|FANG|MPC,COP,0.5627106150582697
XOM,4,COP|CNQ|FANG|MPC,CNQ,0.2291682040902539
XOM,4,COP|CNQ|FANG|MPC,FANG,0.0
XOM,4,COP|CNQ|FANG|MPC,MPC,0.20812118085147652
XOM,4,COP|CNQ|FANG|SLB,COP,0.633131453752596
XOM,4,COP|CNQ|FANG|SLB,CNQ,0.24566294786281362
XOM,4,COP|CNQ|FANG|SLB,FANG,1.482159426929256e-17
XOM,4,COP|CNQ|FANG|SLB,SLB,0.12120559838459025
XOM,4,COP|CNQ|CVE|SU,COP,0.757064821039571
XOM,4,COP|CNQ|CVE|SU,CNQ,0.06601524080681048
XOM,4,COP|CNQ|CVE|SU,CVE,5.284469151330129e-17
XOM,4,COP|CNQ|CVE|SU,SU,0.17691993815361842
XOM,4,COP|CNQ|CVE|TRGP,COP,0.5975058741013549
XOM,4,COP|CNQ|CVE|TRGP,CNQ,0.16116485716768642
XOM,4,COP|CNQ|CVE|TRGP,CVE,1.2965533323621575e-17
XOM,4,COP|CNQ|CVE|TRGP,TRGP,0.24132926873095878
XOM,4,COP|CNQ|CVE|PSX,COP,0.5267501560972284
XOM,4,COP|CNQ|CVE|PSX,CNQ,0.2316021152077496
XOM,4,COP|CNQ|CVE|PSX,CVE,0.0
XOM,4,COP|CNQ|CVE|PSX,PSX,0.2416477286950221
XOM,4,COP|CNQ|CVE|WMB,COP,0.5912542634787143
XOM,4,COP|CNQ|CVE|WMB,CNQ,0.12608379638656678
XOM,4,COP|CNQ|CVE|WMB,CVE,0.04692052297758514
XOM,4,COP|CNQ|CVE|WMB,WMB,0.23574141715713384
XOM,4,COP|CNQ|CVE|KMI,COP,0.5505861585589062
XOM,4,COP|CNQ|CVE|KMI,CNQ,0.05714168585633354
XOM,4,COP|CNQ|CVE|KMI,CVE,0.13684036508993358
XOM,4,COP|CNQ|CVE|KMI,KMI,0.2554317904948267
XOM,4,COP|CNQ|CVE|OKE,COP,0.5922654534908508
XOM,4,COP|CNQ|CVE|OKE,CNQ,0.21126420207635618
XOM,4,COP|CNQ|CVE|OKE,CVE,0.0
XOM,4,COP|CNQ|CVE|OKE,OKE,0.19647034443279315
XOM,4,COP|CNQ|CVE|MPC,COP,0.5627085940530602
XOM,4,COP|CNQ|CVE|MPC,CNQ,0.22916944161239383
XOM,4,COP|CNQ|CVE|MPC,CVE,1.3640671522142456e-18
XOM,4,COP|CNQ|CVE|MPC,MPC,0.208121964334546
XOM,4,COP|CNQ|CVE|SLB,COP,0.6331298134623959
XOM,4,COP|CNQ|CVE|SLB,CNQ,0.24566392530612566
XOM,4,COP|CNQ|CVE|SLB,CVE,5.665946320993864e-17
XOM,4,COP|CNQ|CVE|SLB,SLB,0.12120626123147829
XOM,4,COP|CNQ|SU|TRGP,COP,0.6017723815630224
XOM,4,COP|CNQ|SU|TRGP,CNQ,1.5042563989407527e-17
XOM,4,COP|CNQ|SU|TRGP,SU,0.15673979667557872
XOM,4,COP|CNQ|SU|TRGP,TRGP,0.24148782176139902
XOM,4,COP|CNQ|SU|PSX,COP,0.5267509055679869
XOM,4,COP|CNQ|SU|PSX,CNQ,0.23160188472760132
XOM,4,COP|CNQ|SU|PSX,SU,0.0
XOM,4,COP|CNQ|SU|PSX,PSX,0.24164720970441192
XOM,4,COP|CNQ|SU|WMB,COP,0.5765224771387241
XOM,4,COP|CNQ|SU|WMB,CNQ,3.907511216449857e-17
XOM,4,COP|CNQ|SU|WMB,SU,0.18552565691098905
XOM,4,COP|CNQ|SU|WMB,WMB,0.23795186595028686
XOM,4,COP|CNQ|SU|KMI,COP,0.5643075729561229
XOM,4,COP|CNQ|SU|KMI,CNQ,9.99710635996888e-18
XOM,4,COP|CNQ|SU|KMI,SU,0.19162794733943742
XOM,4,COP|CNQ|SU|KMI,KMI,0.24406447970443973
XOM,4,COP|CNQ|SU|OKE,COP,0.5849789718000565
XOM,4,COP|CNQ|SU|OKE,CNQ,0.0
XOM,4,COP|CNQ|SU|OKE,SU,0.2103684685649611
XOM,4,COP|CNQ|SU|OKE,OKE,0.20465255963498244
XOM,4,COP|CNQ|SU|MPC,COP,0.5627088006739415
XOM,4,COP|CNQ|SU|MPC,CNQ,0.22916888945288932
XOM,4,COP|CNQ|SU|MPC,SU,1.0391400196915757e-17
XOM,4,COP|CNQ|SU|MPC,MPC,0.2081223098731692
XOM,4,COP|CNQ|SU|SLB,COP,0.6423416932057487
XOM,4,COP|CNQ|SU|SLB,CNQ,0.0
XOM,4,COP|CNQ|SU|SLB,SU,0.23075071269937322
XOM,4,COP|CNQ|SU|SLB,SLB,0.12690759409487795
XOM,4,COP|CNQ|TRGP|PSX,COP,0.4384874996633972
XOM,4,COP|CNQ|TRGP|PSX,CNQ,0.15935799730239775
XOM,4,COP|CNQ|TRGP|PSX,TRGP,0.19629011666169552
XOM,4,COP|CNQ|TRGP|PSX,PSX,0.20586438637250962
XOM,4,COP|CNQ|TRGP|WMB,COP,0.5851328002176273
XOM,4,COP|CNQ|TRGP|WMB,CNQ,0.1568839190265119
XOM,4,COP|CNQ|TRGP|WMB,TRGP,0.10559919327385679
XOM,4,COP|CNQ|TRGP|WMB,WMB,0.15238408748200405
XOM,4,COP|CNQ|TRGP|KMI,COP,0.571896929044195
XOM,4,COP|CNQ|TRGP|KMI,CNQ,0.16879117669106425
XOM,4,COP|CNQ|TRGP|KMI,TRGP,0.06976237846200235
XOM,4,COP|CNQ|TRGP|KMI,KMI,0.18954951580273843
XOM,4,COP|CNQ|TRGP|OKE,COP,0.5883830211246539
XOM,4,COP|CNQ|TRGP|OKE,CNQ,0.16661791499853235
XOM,4,COP|CNQ|TRGP|OKE,TRGP,0.203909502509796
XOM,4,COP|CNQ|TRGP|OKE,OKE,0.041089561367017795
XOM,4,COP|CNQ|TRGP|MPC,COP,0.50262073363691
XOM,4,COP|CNQ|TRGP|MPC,CNQ,0.1675054860157293
XOM,4,COP|CNQ|TRGP|MPC,TRGP,0.17748914515019076
XOM,4,COP|CNQ|TRGP|MPC,MPC,0.15238463519717002
XOM,4,COP|CNQ|TRGP|SLB,COP,0.45860511829967193
XOM,4,COP|CNQ|TRGP|SLB,CNQ,0.14656953445753987
XOM,4,COP|CNQ|TRGP|SLB,TRGP,0.2538074111034649
XOM,4,COP|CNQ|TRGP|SLB,SLB,0.14101793613932345
XOM,4,COP|CNQ|PSX|WMB,COP,0.4615314405705723
XOM,4,COP|CNQ|PSX|WMB,CNQ,0.1709507812898774
XOM,4,COP|CNQ|PSX|WMB,PSX,0.19146366926962102
XOM,4,COP|CNQ|PSX|WMB,WMB,0.17605410886992925
XOM,4,COP|CNQ|PSX|KMI,COP,0.46745287275111375
XOM,4,COP|CNQ|PSX|KMI,CNQ,0.18377691470491417
XOM,4,COP|CNQ|PSX|KMI,PSX,0.17286190262648585
XOM,4,COP|CNQ|PSX|KMI,KMI,0.17590830991748632
XOM,4,COP|CNQ|PSX|OKE,COP,0.45959919838713426
XOM,4,COP|CNQ|PSX|OKE,CNQ,0.20624331236421364
XOM,4,COP|CNQ|PSX|OKE,PSX,0.20002083354070044
XOM,4,COP|CNQ|PSX|OKE,OKE,0.13413665570795166
XOM,4,COP|CNQ|PSX|MPC,COP,0.5267507306409395
XOM,4,COP|CNQ|PSX|MPC,CNQ,0.2316022729758011
XOM,4,COP|CNQ|PSX|MPC,PSX,0.24164699638325934
XOM,4,COP|CNQ|PSX|MPC,MPC,0.0
XOM,4,COP|CNQ|PSX|SLB,COP,0.4628481270454857
XOM,4,COP|CNQ|PSX|SLB,CNQ,0.2271728877208306
XOM,4,COP|CNQ|PSX|SLB,PSX,0.2282915872714335
XOM,4,COP|CNQ|PSX|SLB,SLB,0.08168739796225025
XOM,4,COP|CNQ|WMB|KMI,COP,0.581660141789801
XOM,4,COP|CNQ|WMB|KMI,CNQ,0.1808835682137585
XOM,4,COP|CNQ|WMB|KMI,WMB,2.6285973452142702e-17
XOM,4,COP|CNQ|WMB|KMI,KMI,0.23745628999644058
XOM,4,COP|CNQ|WMB|OKE,COP,0.6010406590176584
XOM,4,COP|CNQ|WMB|OKE,CNQ,0.16861655144997095
XOM,4,COP|CNQ|WMB|OKE,WMB,0.23034278953237083
XOM,4,COP|CNQ|WMB|OKE,OKE,0.0
XOM,4,COP|CNQ|WMB|MPC,COP,0.4848487685058227
XOM,4,COP|CNQ|WMB|MPC,CNQ,0.16523276569931641
XOM,4,COP|CNQ|WMB|MPC,WMB,0.18686122298081204
XOM,4,COP|CNQ|WMB|MPC,MPC,0.16305724281404887
XOM,4,COP|CNQ|WMB|SLB,COP,0.5192509291740746
XOM,4,COP|CNQ|WMB|SLB,CNQ,0.16595677679325602
XOM,4,COP|CNQ|WMB|SLB,WMB,0.21971932870003813
XOM,4,COP|CNQ|WMB|SLB,SLB,0.09507296533263125
XOM,4,COP|CNQ|KMI|OKE,COP,0.5816597278552935
XOM,4,COP|CNQ|KMI|OKE,CNQ,0.18088300448463254
XOM,4,COP|CNQ|KMI|OKE,KMI,0.23745726766007394
XOM,4,COP|CNQ|KMI|OKE,OKE,3.369640000987456e-17
XOM,4,COP|CNQ|KMI|MPC,COP,0.48519620753042275
XOM,4,COP|CNQ|KMI|MPC,CNQ,0.17802310865884347
XOM,4,COP|CNQ|KMI|MPC,KMI,0.1895788552769342
XOM,4,COP|CNQ|KMI|MPC,MPC,0.14720182853379965
XOM,4,COP|CNQ|KMI|SLB,COP,0.48586032146574115
XOM,4,COP|CNQ|KMI|SLB,CNQ,0.17517264882838082
XOM,4,COP|CNQ|KMI|SLB,KMI,0.2318569979459112
XOM,4,COP|CNQ|KMI|SLB,SLB,0.1071100317599669
XOM,4,COP|CNQ|OKE|MPC,COP,0.4871658187719876
XOM,4,COP|CNQ|OKE|MPC,CNQ,0.20295952431917627
XOM,4,COP|CNQ|OKE|MPC,OKE,0.14283823437240672
XOM,4,COP|CNQ|OKE|MPC,MPC,0.16703642253642942
XOM,4,COP|CNQ|OKE|SLB,COP,0.4889100678231638
XOM,4,COP|CNQ|OKE|SLB,CNQ,0.20417128108610905
XOM,4,COP|CNQ|OKE|SLB,OKE,0.19259528016188585
XOM,4,COP|CNQ|OKE|SLB,SLB,0.11432337092884134
XOM,4,COP|CNQ|MPC|SLB,COP,0.46356684324204805
XOM,4,COP|CNQ|MPC|SLB,CNQ,0.22202728971951294
XOM,4,COP|CNQ|MPC|SLB,MPC,0.2033940849452264
XOM,4,COP|CNQ|MPC|SLB,SLB,0.1110117820932125
XOM,4,COP|FANG|CVE|SU,COP,0.7664106706063899
XOM,4,COP|FANG|CVE|SU,FANG,6.071532165918825e-17
XOM,4,COP|FANG|CVE|SU,CVE,1.4094628242311558e-17
XOM,4,COP|FANG|CVE|SU,SU,0.23358932939361016
XOM,4,COP|FANG|CVE|TRGP,COP,0.6586982578596886
XOM,4,COP|FANG|CVE|TRGP,FANG,0.0
XOM,4,COP|FANG|CVE|TRGP,CVE,0.08255006701819886
XOM,4,COP|FANG|CVE|TRGP,TRGP,0.2587516751221126
XOM,4,COP|FANG|CVE|PSX,COP,0.5382343623984261
XOM,4,COP|FANG|CVE|PSX,FANG,1.3925221652860698e-18
XOM,4,COP|FANG|CVE|PSX,CVE,0.2022114947428711
XOM,4,COP|FANG|CVE|PSX,PSX,0.25955414285870276
XOM,4,COP|FANG|CVE|WMB,COP,0.5879732682145531
XOM,4,COP|FANG|CVE|WMB,FANG,8.93450352763836e-18
XOM,4,COP|FANG|CVE|WMB,CVE,0.15911720835023369
XOM,4,COP|FANG|CVE|WMB,WMB,0.25290952343521333
XOM,4,COP|FANG|CVE|KMI,COP,0.5477647428860387
XOM,4,COP|FANG|CVE|KMI,FANG,6.550238130015513e-17
XOM,4,COP|FANG|CVE|KMI,CVE,0.18859755054229252
XOM,4,COP|FANG|CVE|KMI,KMI,0.26363770657166874
XOM,4,COP|FANG|CVE|OKE,COP,0.5968738559950698
XOM,4,COP|FANG|CVE|OKE,FANG,7.982078505921943e-17
XOM,4,COP|FANG|CVE|OKE,CVE,0.1837016453087926
XOM,4,COP|FANG|CVE|OKE,OKE,0.21942449869613762
XOM,4,COP|FANG|CVE|MPC,COP,0.6334897425501369
XOM,4,COP|FANG|CVE|MPC,FANG,0.0
XOM,4,COP|FANG|CVE|MPC,CVE,0.15500115876167586
XOM,4,COP|FANG|CVE|MPC,MPC,0.21150909868818724
XOM,4,COP|FANG|CVE|SLB,COP,0.6871767330438763
XOM,4,COP|FANG|CVE|SLB,FANG,1.530969700514785e-17
XOM,4,COP|FANG|CVE|SLB,CVE,0.18289581493119603
XOM,4,COP|FANG|CVE|SLB,SLB,0.12992745202492761
XOM,4,COP|FANG|SU|TRGP,COP,0.6017727138253869
XOM,4,COP|FANG|SU|TRGP,FANG,0.0
XOM,4,COP|FANG|SU|TRGP,SU,0.15673966998117342
XOM,4,COP|FANG|SU|TRGP,TRGP,0.24148761619343978
XOM,4,COP|FANG|SU|PSX,COP,0.5797352089641138
XOM,4,COP|FANG|SU|PSX,FANG,3.6411828820094236e-18
XOM,4,COP|FANG|SU|PSX,SU,0.19016059956701467
XOM,4,COP|FANG|SU|PSX,PSX,0.2301041914688716
XOM,4,COP|FANG|SU|WMB,COP,0.5765224759368989
XOM,4,COP|FANG|SU|WMB,FANG,8.57885556890996e-18
XOM,4,COP|FANG|SU|WMB,SU,0.1855256854125109
XOM,4,COP|FANG|SU|WMB,WMB,0.23795183865059022
XOM,4,COP|FANG|SU|KMI,COP,0.5643083319592033
XOM,4,COP|FANG|SU|KMI,FANG,0.0
XOM,4,COP|FANG|SU|KMI,SU,0.1916277802105561
XOM,4,COP|FANG|SU|KMI,KMI,0.2440638878302407
XOM,4,COP|FANG|SU|OKE,COP,0.5849806157231761
XOM,4,COP|FANG|SU|OKE,FANG,1.578996468624104e-17
XOM,4,COP|FANG|SU|OKE,SU,0.2103679189576398
XOM,4,COP|FANG|SU|OKE,OKE,0.20465146531918413
XOM,4,COP|FANG|SU|MPC,COP,0.6271335383840209
XOM,4,COP|FANG|SU|MPC,FANG,0.0
XOM,4,COP|FANG|SU|MPC,SU,0.18029201284661384
XOM,4,COP|FANG|SU|MPC,MPC,0.19257444876936544
XOM,4,COP|FANG|SU|SLB,COP,0.6423428945365564
XOM,4,COP|FANG|SU|SLB,FANG,0.0
XOM,4,COP|FANG|SU|SLB,SU,0.23074992555162482
XOM,4,COP|FANG|SU|SLB,SLB,0.126907179911819
XOM,4,COP|FANG|TRGP|PSX,COP,0.5631214295853382
XOM,4,COP|FANG|TRGP|PSX,FANG,5.1445393084437185e-17
XOM,4,COP|FANG|TRGP|PSX,TRGP,0.23033795082878825
XOM,4,COP|FANG|TRGP|PSX,PSX,0.20654061958587366
XOM,4,COP|FANG|TRGP|WMB,COP,0.7077355262475794
XOM,4,COP|FANG|TRGP|WMB,FANG,1.557968875708516e-17
XOM,4,COP|FANG|TRGP|WMB,TRGP,0.1339407223529092
XOM,4,COP|FANG|TRGP|WMB,WMB,0.15832375139951127
XOM,4,COP|FANG|TRGP|KMI,COP,0.7052496814569806
XOM,4,COP|FANG|TRGP|KMI,FANG,0.0
XOM,4,COP|FANG|TRGP|KMI,TRGP,0.11277656982284204
XOM,4,COP|FANG|TRGP|KMI,KMI,0.1819737487201774
XOM,4,COP|FANG|TRGP|OKE,COP,0.7231103202393652
XOM,4,COP|FANG|TRGP|OKE,FANG,0.0
XOM,4,COP|FANG|TRGP|OKE,TRGP,0.26861321976356217
XOM,4,COP|FANG|TRGP|OKE,OKE,0.008276459997072643
XOM,4,COP|FANG|TRGP|MPC,COP,0.6361563905934087
XOM,4,COP|FANG|TRGP|MPC,FANG,0.0
XOM,4,COP|FANG|TRGP|MPC,TRGP,0.21480896085947693
XOM,4,COP|FANG|TRGP|MPC,MPC,0.1490346485471145
XOM,4,COP|FANG|TRGP|SLB,COP,0.5657546194767107
XOM,4,COP|FANG|TRGP|SLB,FANG,2.0588273983538643e-17
XOM,4,COP|FANG|TRGP|SLB,TRGP,0.28575608801264646
XOM,4,COP|FANG|TRGP|SLB,SLB,0.14848929251064275
XOM,4,COP|FANG|PSX|WMB,COP,0.603383809897964
XOM,4,COP|FANG|PSX|WMB,FANG,0.0
XOM,4,COP|FANG|PSX|WMB,PSX,0.1903899648302425
XOM,4,COP|FANG|PSX|WMB,WMB,0.20622622527179343
XOM,4,COP|FANG|PSX|KMI,COP,0.6273317261213224
XOM,4,COP|FANG|PSX|KMI,FANG,0.0
XOM,4,COP|FANG|PSX|KMI,PSX,0.17112876924250597
XOM,4,COP|FANG|PSX|KMI,KMI,0.2015395046361718
XOM,4,COP|FANG|PSX|OKE,COP,0.6415900478777137
XOM,4,COP|FANG|PSX|OKE,FANG,0.0
XOM,4,COP|FANG|PSX|OKE,PSX,0.2028530598415114
XOM,4,COP|FANG|PSX|OKE,OKE,0.15555689228077504
XOM,4,COP|FANG|PSX|MPC,COP,0.7474947423327294
XOM,4,COP|FANG|PSX|MPC,FANG,0.0
XOM,4,COP|FANG|PSX|MPC,PSX,0.2525052576672705
XOM,4,COP|FANG|PSX|MPC,MPC,2.916650677980955e-17
XOM,4,COP|FANG|PSX|SLB,COP,0.6737375196128198
XOM,4,COP|FANG|PSX|SLB,FANG,2.891389317099917e-17
XOM,4,COP|FANG|PSX|SLB,PSX,0.23782057832442874
XOM,4,COP|FANG|PSX|SLB,SLB,0.0884419020627515
XOM,4,COP|FANG|WMB|KMI,COP,0.7379185759248821
XOM,4,COP|FANG|WMB|KMI,FANG,0.0
XOM,4,COP|FANG|WMB|KMI,WMB,1.6469031000054812e-16
XOM,4,COP|FANG|WMB|KMI,KMI,0.26208142407511775
XOM,4,COP|FANG|WMB|OKE,COP,0.7401944563639477
XOM,4,COP|FANG|WMB|OKE,FANG,3.1017465619606234e-17
XOM,4,COP|FANG|WMB|OKE,WMB,0.25980554363605235
XOM,4,COP|FANG|WMB|OKE,OKE,0.0
XOM,4,COP|FANG|WMB|MPC,COP,0.6200717198938898
XOM,4,COP|FANG|WMB|MPC,FANG,2.1084344123054044e-17
XOM,4,COP|FANG|WMB|MPC,WMB,0.21531077740496948
XOM,4,COP|FANG|WMB|MPC,MPC,0.1646175027011407
XOM,4,COP|FANG|WMB|SLB,COP,0.6541276368209838
XOM,4,COP|FANG|WMB|SLB,FANG,0.0
XOM,4,COP|FANG|WMB|SLB,WMB,0.24844203225540795
XOM,4,COP|FANG|WMB|SLB,SLB,0.09743033092360835
XOM,4,COP|FANG|KMI|OKE,COP,0.7379185749821131
XOM,4,COP|FANG|KMI|OKE,FANG,0.0
XOM,4,COP|FANG|KMI|OKE,KMI,0.26208142501788695
XOM,4,COP|FANG|KMI|OKE,OKE,5.645751688501448e-17
XOM,4,COP|FANG|KMI|MPC,COP,0.6378520553697733
XOM,4,COP|FANG|KMI|MPC,FANG,3.79462290040454e-17
XOM,4,COP|FANG|KMI|MPC,KMI,0.2132611841973301
XOM,4,COP|FANG|KMI|MPC,MPC,0.14888676043289645
XOM,4,COP|FANG|KMI|SLB,COP,0.6326682884126518
XOM,4,COP|FANG|KMI|SLB,FANG,0.0
XOM,4,COP|FANG|KMI|SLB,KMI,0.2554176389526894
XOM,4,COP|FANG|KMI|SLB,SLB,0.1119140726346589
XOM,4,COP|FANG|OKE|MPC,COP,0.6648435104536072
XOM,4,COP|FANG|OKE|MPC,FANG,0.0
XOM,4,COP|FANG|OKE|MPC,OKE,0.16318178534680924
XOM,4,COP|FANG|OKE|MPC,MPC,0.17197470419958352
XOM,4,COP|FANG|OKE|SLB,COP,0.6646392414923342
XOM,4,COP|FANG|OKE|SLB,FANG,5.716540657724548e-17
XOM,4,COP|FANG|OKE|SLB,OKE,0.21441260156432304
XOM,4,COP|FANG|OKE|SLB,SLB,0.12094815694334267
XOM,4,COP|FANG|MPC|SLB,COP,0.6663135487121018
XOM,4,COP|FANG|MPC|SLB,FANG,1.467603165730691e-16
XOM,4,COP|FANG|MPC|SLB,MPC,0.21506755000688005
XOM,4,COP|FANG|MPC|SLB,SLB,0.11861890128101805
XOM,4,COP|CVE|SU|TRGP,COP,0.601772203460277
XOM,4,COP|CVE|SU|TRGP,CVE,2.7633655810783498e-18
XOM,4,COP|CVE|SU|TRGP,SU,0.15673989876488517
XOM,4,COP|CVE|SU|TRGP,TRGP,0.2414878977748378
XOM,4,COP|CVE|SU|PSX,COP,0.5789068654455513
XOM,4,COP|CVE|SU|PSX,CVE,0.002792182606474134
XOM,4,COP|CVE|SU|PSX,SU,0.1878240290091669
XOM,4,COP|CVE|SU|PSX,PSX,0.23047692293880787
XOM,4,COP|CVE|SU|WMB,COP,0.5765224608681213
XOM,4,COP|CVE|SU|WMB,CVE,0.0
XOM,4,COP|CVE|SU|WMB,SU,0.1855257026784206
XOM,4,COP|CVE|SU|WMB,WMB,0.2379518364534582
XOM,4,COP|CVE|SU|KMI,COP,0.5643077541429019
XOM,4,COP|CVE|SU|KMI,CVE,0.0
XOM,4,COP|CVE|SU|KMI,SU,0.19162783535537065
XOM,4,COP|CVE|SU|KMI,KMI,0.24406441050172753
XOM,4,COP|CVE|SU|OKE,COP,0.5849797786236124
XOM,4,COP|CVE|SU|OKE,CVE,0.0
XOM,4,COP|CVE|SU|OKE,SU,0.21036873058559816
XOM,4,COP|CVE|SU|OKE,OKE,0.2046514907907895
XOM,4,COP|CVE|SU|MPC,COP,0.6271325773618309
XOM,4,COP|CVE|SU|MPC,CVE,0.0
XOM,4,COP|CVE|SU|MPC,SU,0.18029205706481377
XOM,4,COP|CVE|SU|MPC,MPC,0.1925753655733553
XOM,4,COP|CVE|SU|SLB,COP,0.6423427676864976
XOM,4,COP|CVE|SU|SLB,CVE,0.0
XOM,4,COP|CVE|SU|SLB,SU,0.23074991192198224
XOM,4,COP|CVE|SU|SLB,SLB,0.12690732039152025
XOM,4,COP|CVE|TRGP|PSX,COP,0.4607837683056736
XOM,4,COP|CVE|TRGP|PSX,CVE,0.11978715923384178
XOM,4,COP|CVE|TRGP|PSX,TRGP,0.20332113207925967
XOM,4,COP|CVE|TRGP|PSX,PSX,0.21610794038122483
XOM,4,COP|CVE|TRGP|WMB,COP,0.5917154712568089
XOM,4,COP|CVE|TRGP|WMB,CVE,0.1399756195449556
XOM,4,COP|CVE|TRGP|WMB,TRGP,0.060123115634937135
XOM,4,COP|CVE|TRGP|WMB,WMB,0.20818579356329836
XOM,4,COP|CVE|TRGP|KMI,COP,0.5479132206908033
XOM,4,COP|CVE|TRGP|KMI,CVE,0.1880845492284491
XOM,4,COP|CVE|TRGP|KMI,TRGP,0.0012721154093029952
XOM,4,COP|CVE|TRGP|KMI,KMI,0.26273011467144464
XOM,4,COP|CVE|TRGP|OKE,COP,0.6314890587775269
XOM,4,COP|CVE|TRGP|OKE,CVE,0.107158876501938
XOM,4,COP|CVE|TRGP|OKE,TRGP,0.19583530475556427
XOM,4,COP|CVE|TRGP|OKE,OKE,0.06551675996497071
XOM,4,COP|CVE|TRGP|MPC,COP,0.566834317254493
XOM,4,COP|CVE|TRGP|MPC,CVE,0.08669721469202046
XOM,4,COP|CVE|TRGP|MPC,TRGP,0.19633080789828664
XOM,4,COP|CVE|TRGP|MPC,MPC,0.15013766015519997
XOM,4,COP|CVE|TRGP|SLB,COP,0.5054706865800519
XOM,4,COP|CVE|TRGP|SLB,CVE,0.07772552208634954
XOM,4,COP|CVE|TRGP|SLB,TRGP,0.2695158125807088
XOM,4,COP|CVE|TRGP|SLB,SLB,0.14728797875288988
XOM,4,COP|CVE|PSX|WMB,COP,0.42535757360433424
XOM,4,COP|CVE|PSX|WMB,CVE,0.17905082195275696
XOM,4,COP|CVE|PSX|WMB,PSX,0.1997629753640012
XOM,4,COP|CVE|PSX|WMB,WMB,0.1958286290789077
XOM,4,COP|CVE|PSX|KMI,COP,0.42064766597437336
XOM,4,COP|CVE|PSX|KMI,CVE,0.2002708082507834
XOM,4,COP|CVE|PSX|KMI,PSX,0.17849555786096277
XOM,4,COP|CVE|PSX|KMI,KMI,0.20058596791388053
XOM,4,COP|CVE|PSX|OKE,COP,0.43737984477610686
XOM,4,COP|CVE|PSX|OKE,CVE,0.19884505970610342
XOM,4,COP|CVE|PSX|OKE,PSX,0.21051841399443535
XOM,4,COP|CVE|PSX|OKE,OKE,0.15325668152335442
XOM,4,COP|CVE|PSX|MPC,COP,0.5382332228664918
XOM,4,COP|CVE|PSX|MPC,CVE,0.20221230347679797
XOM,4,COP|CVE|PSX|MPC,PSX,0.25955447365671025
XOM,4,COP|CVE|PSX|MPC,MPC,1.8181562212813557e-18
XOM,4,COP|CVE|PSX|SLB,COP,0.4673730760604935
XOM,4,COP|CVE|PSX|SLB,CVE,0.20079891779896572
XOM,4,COP|CVE|PSX|SLB,PSX,0.24510558081493275
XOM,4,COP|CVE|PSX|SLB,SLB,0.08672242532560805
XOM,4,COP|CVE|WMB|KMI,COP,0.547764774013557
XOM,4,COP|CVE|WMB|KMI,CVE,0.1885976023074369
XOM,4,COP|CVE|WMB|KMI,WMB,0.0
XOM,4,COP|CVE|WMB|KMI,KMI,0.26363762367900606
XOM,4,COP|CVE|WMB|OKE,COP,0.5879715763515075
XOM,4,COP|CVE|WMB|OKE,CVE,0.15911878673115806
XOM,4,COP|CVE|WMB|OKE,WMB,0.2529096369173344
XOM,4,COP|CVE|WMB|OKE,OKE,0.0
XOM,4,COP|CVE|WMB|MPC,COP,0.48949158879664056
XOM,4,COP|CVE|WMB|MPC,CVE,0.1419647829803173
XOM,4,COP|CVE|WMB|MPC,WMB,0.21109616710845455
XOM,4,COP|CVE|WMB|MPC,MPC,0.1574474611145877
XOM,4,COP|CVE|WMB|SLB,COP,0.500737975969029
XOM,4,COP|CVE|WMB|SLB,CVE,0.15980410123115113
XOM,4,COP|CVE|WMB|SLB,WMB,0.24144907428079182
XOM,4,COP|CVE|WMB|SLB,SLB,0.09800884851902797
XOM,4,COP|CVE|KMI|OKE,COP,0.5477647459799079
XOM,4,COP|CVE|KMI|OKE,CVE,0.1885975572756156
XOM,4,COP|CVE|KMI|OKE,KMI,0.26363769674447646
XOM,4,COP|CVE|KMI|OKE,OKE,3.035623187508594e-17
XOM,4,COP|CVE|KMI|MPC,COP,0.475000718868248
XOM,4,COP|CVE|KMI|MPC,CVE,0.16925111149822133
XOM,4,COP|CVE|KMI|MPC,KMI,0.21846143803322085
XOM,4,COP|CVE|KMI|MPC,MPC,0.1372867316003097
XOM,4,COP|CVE|KMI|SLB,COP,0.4436132446138231
XOM,4,COP|CVE|KMI|SLB,CVE,0.18799491494023304
XOM,4,COP|CVE|KMI|SLB,KMI,0.25700031913432075
XOM,4,COP|CVE|KMI|SLB,SLB,0.11139152131162301
XOM,4,COP|CVE|OKE|MPC,COP,0.509886546647609
XOM,4,COP|CVE|OKE|MPC,CVE,0.16192022545062146
XOM,4,COP|CVE|OKE|MPC,OKE,0.166688371949195
XOM,4,COP|CVE|OKE|MPC,MPC,0.16150485595257463
XOM,4,COP|CVE|OKE|SLB,COP,0.4817409506172514
XOM,4,COP|CVE|OKE|SLB,CVE,0.18318445527724497
XOM,4,COP|CVE|OKE|SLB,OKE,0.21452985387781418
XOM,4,COP|CVE|OKE|SLB,SLB,0.12054474022768953
XOM,4,COP|CVE|MPC|SLB,COP,0.5199690593519102
XOM,4,COP|CVE|MPC|SLB,CVE,0.15523440560334958
XOM,4,COP|CVE|MPC|SLB,MPC,0.20602373488022888
XOM,4,COP|CVE|MPC|SLB,SLB,0.11877280016451136
XOM,4,COP|SU|TRGP|PSX,COP,0.46827512627012435
XOM,4,COP|SU|TRGP|PSX,SU,0.1317217812085174
XOM,4,COP|SU|TRGP|PSX,TRGP,0.20365458139379303
XOM,4,COP|SU|TRGP|PSX,PSX,0.19634851112756527
XOM,4,COP|SU|TRGP|WMB,COP,0.569794693102211
XOM,4,COP|SU|TRGP|WMB,SU,0.17329044561888243
XOM,4,COP|SU|TRGP|WMB,TRGP,0.07230477023363274
XOM,4,COP|SU|TRGP|WMB,WMB,0.18461009104527387
XOM,4,COP|SU|TRGP|KMI,COP,0.559434127849287
XOM,4,COP|SU|TRGP|KMI,SU,0.1827221134738603
XOM,4,COP|SU|TRGP|KMI,TRGP,0.044679110675181634
XOM,4,COP|SU|TRGP|KMI,KMI,0.2131646480016711
XOM,4,COP|SU|TRGP|OKE,COP,0.5850706171895611
XOM,4,COP|SU|TRGP|OKE,SU,0.16837702726125992
XOM,4,COP|SU|TRGP|OKE,TRGP,0.18185191109676704
XOM,4,COP|SU|TRGP|OKE,OKE,0.06470044445241192
XOM,4,COP|SU|TRGP|MPC,COP,0.5381366291720256
XOM,4,COP|SU|TRGP|MPC,SU,0.13532052395767177
XOM,4,COP|SU|TRGP|MPC,TRGP,0.1903524209523152
XOM,4,COP|SU|TRGP|MPC,MPC,0.1361904259179874
XOM,4,COP|SU|TRGP|SLB,COP,0.45332062257055594
XOM,4,COP|SU|TRGP|SLB,SU,0.1500043246145501
XOM,4,COP|SU|TRGP|SLB,TRGP,0.25252042542990155
XOM,4,COP|SU|TRGP|SLB,SLB,0.14415462738499238
XOM,4,COP|SU|PSX|WMB,COP,0.47112570601015136
XOM,4,COP|SU|PSX|WMB,SU,0.16176882361250877
XOM,4,COP|SU|PSX|WMB,PSX,0.17583980237170987
XOM,4,COP|SU|PSX|WMB,WMB,0.19126566800562994
XOM,4,COP|SU|PSX|KMI,COP,0.482317000982307
XOM,4,COP|SU|PSX|KMI,SU,0.17145544749216518
XOM,4,COP|SU|PSX|KMI,PSX,0.15515912622479416
XOM,4,COP|SU|PSX|KMI,KMI,0.19106842530073362
XOM,4,COP|SU|PSX|OKE,COP,0.485487648058371
XOM,4,COP|SU|PSX|OKE,SU,0.18205475588090464
XOM,4,COP|SU|PSX|OKE,PSX,0.1835204566328078
XOM,4,COP|SU|PSX|OKE,OKE,0.1489371394279166
XOM,4,COP|SU|PSX|MPC,COP,0.5797346796053355
XOM,4,COP|SU|PSX|MPC,SU,0.19016113810210067
XOM,4,COP|SU|PSX|MPC,PSX,0.23010418229256369
XOM,4,COP|SU|PSX|MPC,MPC,0.0
XOM,4,COP|SU|PSX|SLB,COP,0.5042796075516937
XOM,4,COP|SU|PSX|SLB,SU,0.19098209897935176
XOM,4,COP|SU|PSX|SLB,PSX,0.21512901981330423
XOM,4,COP|SU|PSX|SLB,SLB,0.08960927365565027
XOM,4,COP|SU|WMB|KMI,COP,0.5643080971678275
XOM,4,COP|SU|WMB|KMI,SU,0.19162800054296736
XOM,4,COP|SU|WMB|KMI,WMB,3.479664286879869e-18
XOM,4,COP|SU|WMB|KMI,KMI,0.24406390228920524
XOM,4,COP|SU|WMB|OKE,COP,0.5765224441215855
XOM,4,COP|SU|WMB|OKE,SU,0.18552578516425297
XOM,4,COP|SU|WMB|OKE,WMB,0.2379517707141616
XOM,4,COP|SU|WMB|OKE,OKE,0.0
XOM,4,COP|SU|WMB|MPC,COP,0.5002641733171229
XOM,4,COP|SU|WMB|MPC,SU,0.152715046212416
XOM,4,COP|SU|WMB|MPC,WMB,0.20284836127884112
XOM,4,COP|SU|WMB|MPC,MPC,0.14417241919162002
XOM,4,COP|SU|WMB|SLB,COP,0.490220514605169
XOM,4,COP|SU|WMB|SLB,SU,0.1856441561566938
XOM,4,COP|SU|WMB|SLB,WMB,0.22655724089428003
XOM,4,COP|SU|WMB|SLB,SLB,0.09757808834385727
XOM,4,COP|SU|KMI|OKE,COP,0.5643073544304283
XOM,4,COP|SU|KMI|OKE,SU,0.1916283752706475
XOM,4,COP|SU|KMI|OKE,KMI,0.24406427029892425
XOM,4,COP|SU|KMI|OKE,OKE,2.5441254956242325e-18
XOM,4,COP|SU|KMI|MPC,COP,0.5050919169075982
XOM,4,COP|SU|KMI|MPC,SU,0.16335458282896273
XOM,4,COP|SU|KMI|MPC,KMI,0.20533514035458592
XOM,4,COP|SU|KMI|MPC,MPC,0.12621835990885316
XOM,4,COP|SU|KMI|SLB,COP,0.46173517927888824
XOM,4,COP|SU|KMI|SLB,SU,0.1902664124437846
XOM,4,COP|SU|KMI|SLB,KMI,0.23761967817617916
XOM,4,COP|SU|KMI|SLB,SLB,0.11037873010114806
XOM,4,COP|SU|OKE|MPC,COP,0.5194934659895306
XOM,4,COP|SU|OKE|MPC,SU,0.1751094367174096
XOM,4,COP|SU|OKE|MPC,OKE,0.1594729391814802
XOM,4,COP|SU|OKE|MPC,MPC,0.14592415811157958
XOM,4,COP|SU|OKE|SLB,COP,0.47327107661204715
XOM,4,COP|SU|OKE|SLB,SU,0.20824680544594176
XOM,4,COP|SU|OKE|SLB,OKE,0.19998784341089512
XOM,4,COP|SU|OKE|SLB,SLB,0.1184942745311159
XOM,4,COP|SU|MPC|SLB,COP,0.5160691600619454
XOM,4,COP|SU|MPC|SLB,SU,0.17911105575555386
XOM,4,COP|SU|MPC|SLB,MPC,0.1873457352367837
XOM,4,COP|SU|MPC|SLB,SLB,0.11747404894571714
XOM,4,COP|TRGP|PSX|WMB,COP,0.5628026034646326
XOM,4,COP|TRGP|PSX|WMB,TRGP,0.15323360950524417
XOM,4,COP|TRGP|PSX|WMB,PSX,0.19518769237177394
XOM,4,COP|TRGP|PSX|WMB,WMB,0.08877609465834925
XOM,4,COP|TRGP|PSX|KMI,COP,0.569519845812402
XOM,4,COP|TRGP|PSX|KMI,TRGP,0.1626385791653089
XOM,4,COP|TRGP|PSX|KMI,PSX,0.18768517217129757
XOM,4,COP|TRGP|PSX|KMI,KMI,0.08015640285099149
XOM,4,COP|TRGP|PSX|OKE,COP,0.5631214049982519
XOM,4,COP|TRGP|PSX|OKE,TRGP,0.2303379714012783
XOM,4,COP|TRGP|PSX|OKE,PSX,0.2065406236004698
XOM,4,COP|TRGP|PSX|OKE,OKE,1.6588610876383438e-18
XOM,4,COP|TRGP|PSX|MPC,COP,0.5631215243084633
XOM,4,COP|TRGP|PSX|MPC,TRGP,0.2303376426498973
XOM,4,COP|TRGP|PSX|MPC,PSX,0.2065408330416394
XOM,4,COP|TRGP|PSX|MPC,MPC,6.592880944953847e-18
XOM,4,COP|TRGP|PSX|SLB,COP,0.4590532894835428
XOM,4,COP|TRGP|PSX|SLB,TRGP,0.24251348245323398
XOM,4,COP|TRGP|PSX|SLB,PSX,0.18533200621531493
XOM,4,COP|TRGP|PSX|SLB,SLB,0.11310122184790838
XOM,4,COP|TRGP|WMB|KMI,COP,0.7052496336489882
XOM,4,COP|TRGP|WMB|KMI,TRGP,0.1127767547323805
XOM,4,COP|TRGP|WMB|KMI,WMB,0.0
XOM,4,COP|TRGP|WMB|KMI,KMI,0.18197361161863138
XOM,4,COP|TRGP|WMB|OKE,COP,0.7077361376974313
XOM,4,COP|TRGP|WMB|OKE,TRGP,0.13394051577277435
XOM,4,COP|TRGP|WMB|OKE,WMB,0.1583233465297944
XOM,4,COP|TRGP|WMB|OKE,OKE,0.0
XOM,4,COP|TRGP|WMB|MPC,COP,0.6130475585015989
XOM,4,COP|TRGP|WMB|MPC,TRGP,0.05182363725135948
XOM,4,COP|TRGP|WMB|MPC,WMB,0.17809579606684492
XOM,4,COP|TRGP|WMB|MPC,MPC,0.15703300818019675
XOM,4,COP|TRGP|WMB|SLB,COP,0.574709029758829
XOM,4,COP|TRGP|WMB|SLB,TRGP,0.20396467115360564
XOM,4,COP|TRGP|WMB|SLB,WMB,0.08994522968651322
XOM,4,COP|TRGP|WMB|SLB,SLB,0.13138106940105215
XOM,4,COP|TRGP|KMI|OKE,COP,0.705249757112043
XOM,4,COP|TRGP|KMI|OKE,TRGP,0.1127765784992945
XOM,4,COP|TRGP|KMI|OKE,KMI,0.18197366438866255
XOM,4,COP|TRGP|KMI|OKE,OKE,0.0
XOM,4,COP|TRGP|KMI|MPC,COP,0.6231049428110258
XOM,4,COP|TRGP|KMI|MPC,TRGP,0.06748577198145707
XOM,4,COP|TRGP|KMI|MPC,KMI,0.16766732930482026
XOM,4,COP|TRGP|KMI|MPC,MPC,0.1417419559026969
XOM,4,COP|TRGP|KMI|SLB,COP,0.5707466536589024
XOM,4,COP|TRGP|KMI|SLB,TRGP,0.1555520733017851
XOM,4,COP|TRGP|KMI|SLB,KMI,0.1438579677370326
XOM,4,COP|TRGP|KMI|SLB,SLB,0.1298433053022798
XOM,4,COP|TRGP|OKE|MPC,COP,0.6354447108472708
XOM,4,COP|TRGP|OKE|MPC,TRGP,0.20936738666089383
XOM,4,COP|TRGP|OKE|MPC,OKE,0.00618125579421236
XOM,4,COP|TRGP|OKE|MPC,MPC,0.14900664669762298
XOM,4,COP|TRGP|OKE|SLB,COP,0.565754445798718
XOM,4,COP|TRGP|OKE|SLB,TRGP,0.2857561413177424
XOM,4,COP|TRGP|OKE|SLB,OKE,0.0
XOM,4,COP|TRGP|OKE|SLB,SLB,0.14848941288353953
XOM,4,COP|TRGP|MPC|SLB,COP,0.4961307515893536
XOM,4,COP|TRGP|MPC|SLB,TRGP,0.22835109933877507
XOM,4,COP|TRGP|MPC|SLB,MPC,0.13820089834754162
XOM,4,COP|TRGP|MPC|SLB,SLB,0.1373172507243297
XOM,4,COP|PSX|WMB|KMI,COP,0.605097673409174
XOM,4,COP|PSX|WMB|KMI,PSX,0.1880498796444868
XOM,4,COP|PSX|WMB|KMI,WMB,0.1858778597206847
XOM,4,COP|PSX|WMB|KMI,KMI,0.02097458722565457
XOM,4,COP|PSX|WMB|OKE,COP,0.6033837628807175
XOM,4,COP|PSX|WMB|OKE,PSX,0.19039000350587224
XOM,4,COP|PSX|WMB|OKE,WMB,0.20622623361341022
XOM,4,COP|PSX|WMB|OKE,OKE,1.5593532451816847e-17
XOM,4,COP|PSX|WMB|MPC,COP,0.6033837833872994
XOM,4,COP|PSX|WMB|MPC,PSX,0.19038994314286636
XOM,4,COP|PSX|WMB|MPC,WMB,0.2062262734698342
XOM,4,COP|PSX|WMB|MPC,MPC,6.687854514164735e-19
XOM,4,COP|PSX|WMB|SLB,COP,0.5471552207353917
XOM,4,COP|PSX|WMB|SLB,PSX,0.1800872314181205
XOM,4,COP|PSX|WMB|SLB,WMB,0.20072441430238147
XOM,4,COP|PSX|WMB|SLB,SLB,0.07203313354410622
XOM,4,COP|PSX|KMI|OKE,COP,0.6273316935734461
XOM,4,COP|PSX|KMI|OKE,PSX,0.17112875925126758
XOM,4,COP|PSX|KMI|OKE,KMI,0.2015395471752863
XOM,4,COP|PSX|KMI|OKE,OKE,0.0
XOM,4,COP|PSX|KMI|MPC,COP,0.6267184994255882
XOM,4,COP|PSX|KMI|MPC,PSX,0.15344574746404013
XOM,4,COP|PSX|KMI|MPC,KMI,0.20192122662010203
XOM,4,COP|PSX|KMI|MPC,MPC,0.017914526490269454
XOM,4,COP|PSX|KMI|SLB,COP,0.5537920919922161
XOM,4,COP|PSX|KMI|SLB,PSX,0.15651095880001356
XOM,4,COP|PSX|KMI|SLB,KMI,0.20145686144578376
XOM,4,COP|PSX|KMI|SLB,SLB,0.08824008776198657
XOM,4,COP|PSX|OKE|MPC,COP,0.6415901231429162
XOM,4,COP|PSX|OKE|MPC,PSX,0.20285304783821909
XOM,4,COP|PSX|OKE|MPC,OKE,0.15555682901886486
XOM,4,COP|PSX|OKE|MPC,MPC,0.0
XOM,4,COP|PSX|OKE|SLB,COP,0.5653594003908583
XOM,4,COP|PSX|OKE|SLB,PSX,0.18746207554569802
XOM,4,COP|PSX|OKE|SLB,OKE,0.15672181762363974
XOM,4,COP|PSX|OKE|SLB,SLB,0.09045670643980394
XOM,4,COP|PSX|MPC|SLB,COP,0.6665052503340695
XOM,4,COP|PSX|MPC|SLB,PSX,0.17900560713325384
XOM,4,COP|PSX|MPC|SLB,MPC,0.05889485937781428
XOM,4,COP|PSX|MPC|SLB,SLB,0.09559428315486225
XOM,4,COP|WMB|KMI|OKE,COP,0.7379177325345336
XOM,4,COP|WMB|KMI|OKE,WMB,1.0065716851454823e-17
XOM,4,COP|WMB|KMI|OKE,KMI,0.26208226746546637
XOM,4,COP|WMB|KMI|OKE,OKE,4.889327787780988e-18
XOM,4,COP|WMB|KMI|MPC,COP,0.6268100749620296
XOM,4,COP|WMB|KMI|MPC,WMB,0.10724577463169235
XOM,4,COP|WMB|KMI|MPC,KMI,0.11032782917222929
XOM,4,COP|WMB|KMI|MPC,MPC,0.15561632123404873
XOM,4,COP|WMB|KMI|SLB,COP,0.6326682962641642
XOM,4,COP|WMB|KMI|SLB,WMB,0.0
XOM,4,COP|WMB|KMI|SLB,KMI,0.2554176052703127
XOM,4,COP|WMB|KMI|SLB,SLB,0.11191409846552326
XOM,4,COP|WMB|OKE|MPC,COP,0.6200710142264549
XOM,4,COP|WMB|OKE|MPC,WMB,0.21531120691141303
XOM,4,COP|WMB|OKE|MPC,OKE,6.5371885286718764e-18
XOM,4,COP|WMB|OKE|MPC,MPC,0.16461777886213205
XOM,4,COP|WMB|OKE|SLB,COP,0.6541275955117726
XOM,4,COP|WMB|OKE|SLB,WMB,0.2484420416752992
XOM,4,COP|WMB|OKE|SLB,OKE,0.0
XOM,4,COP|WMB|OKE|SLB,SLB,0.09743036281292831
XOM,4,COP|WMB|MPC|SLB,COP,0.5379004870287131
XOM,4,COP|WMB|MPC|SLB,WMB,0.2047401193060823
XOM,4,COP|WMB|MPC|SLB,MPC,0.1630162610273317
XOM,4,COP|WMB|MPC|SLB,SLB,0.094343132637873
XOM,4,COP|KMI|OKE|MPC,COP,0.6378520364511798
XOM,4,COP|KMI|OKE|MPC,KMI,0.21326117896407604
XOM,4,COP|KMI|OKE|MPC,OKE,0.0
XOM,4,COP|KMI|OKE|MPC,MPC,0.1488867845847442
XOM,4,COP|KMI|OKE|SLB,COP,0.6326680765922211
XOM,4,COP|KMI|OKE|SLB,KMI,0.25541766582796094
XOM,4,COP|KMI|OKE|SLB,OKE,1.0194041520205505e-18
XOM,4,COP|KMI|OKE|SLB,SLB,0.11191425757981793
XOM,4,COP|KMI|MPC|SLB,COP,0.5389549023562049
XOM,4,COP|KMI|MPC|SLB,KMI,0.207897110126773
XOM,4,COP|KMI|MPC|SLB,MPC,0.14574073879652535
XOM,4,COP|KMI|MPC|SLB,SLB,0.10740724872049666
XOM,4,COP|OKE|MPC|SLB,COP,0.5581744965766207
XOM,4,COP|OKE|MPC|SLB,OKE,0.15994732656293842
XOM,4,COP|OKE|MPC|SLB,MPC,0.16767557793924628
XOM,4,COP|OKE|MPC|SLB,SLB,0.11420259892119464
XOM,4,EOG|DVN|HAL|CNQ,EOG,0.4730749384196571
XOM,4,EOG|DVN|HAL|CNQ,DVN,0.042233311255813005
XOM,4,EOG|DVN|HAL|CNQ,HAL,0.23824787967729297
XOM,4,EOG|DVN|HAL|CNQ,CNQ,0.2464438706472369
XOM,4,EOG|DVN|HAL|FANG,EOG,0.7002012885826566
XOM,4,EOG|DVN|HAL|FANG,DVN,0.0
XOM,4,EOG|DVN|HAL|FANG,HAL,0.2997987114173437
XOM,4,EOG|DVN|HAL|FANG,FANG,0.0
XOM,4,EOG|DVN|HAL|CVE,EOG,0.5390165800726648
XOM,4,EOG|DVN|HAL|CVE,DVN,1.1522242121059451e-17
XOM,4,EOG|DVN|HAL|CVE,HAL,0.2440464290405513
XOM,4,EOG|DVN|HAL|CVE,CVE,0.2169369908867839
XOM,4,EOG|DVN|HAL|SU,EOG,0.4712353701470232
XOM,4,EOG|DVN|HAL|SU,DVN,0.04982632039994292
XOM,4,EOG|DVN|HAL|SU,HAL,0.23389753691866458
XOM,4,EOG|DVN|HAL|SU,SU,0.2450407725343693
XOM,4,EOG|DVN|HAL|TRGP,EOG,0.52907350740525
XOM,4,EOG|DVN|HAL|TRGP,DVN,0.0
XOM,4,EOG|DVN|HAL|TRGP,HAL,0.24870544051371582
XOM,4,EOG|DVN|HAL|TRGP,TRGP,0.22222105208103424
XOM,4,EOG|DVN|HAL|PSX,EOG,0.523035394791499
XOM,4,EOG|DVN|HAL|PSX,DVN,0.00870186953183057
XOM,4,EOG|DVN|HAL|PSX,HAL,0.21626251389471404
XOM,4,EOG|DVN|HAL|PSX,PSX,0.25200022178195647
XOM,4,EOG|DVN|HAL|WMB,EOG,0.5685805713963772
XOM,4,EOG|DVN|HAL|WMB,DVN,0.02042040454048835
XOM,4,EOG|DVN|HAL|WMB,HAL,0.24688176077464272
XOM,4,EOG|DVN|HAL|WMB,WMB,0.1641172632884918
XOM,4,EOG|DVN|HAL|KMI,EOG,0.5382045556240567
XOM,4,EOG|DVN|HAL|KMI,DVN,0.030684742681855434
XOM,4,EOG|DVN|HAL|KMI,HAL,0.26225581654709207
XOM,4,EOG|DVN|HAL|KMI,KMI,0.16885488514699595
XOM,4,EOG|DVN|HAL|OKE,EOG,0.5934798228150016
XOM,4,EOG|DVN|HAL|OKE,DVN,2.6222022464625003e-18
XOM,4,EOG|DVN|HAL|OKE,HAL,0.2694537243432432
XOM,4,EOG|DVN|HAL|OKE,OKE,0.13706645284175525
XOM,4,EOG|DVN|HAL|MPC,EOG,0.5233012375894119
XOM,4,EOG|DVN|HAL|MPC,DVN,5.092997353603294e-18
XOM,4,EOG|DVN|HAL|MPC,HAL,0.23274688103101643
XOM,4,EOG|DVN|HAL|MPC,MPC,0.2439518813795717
XOM,4,EOG|DVN|HAL|SLB,EOG,0.7002012882891948
XOM,4,EOG|DVN|HAL|SLB,DVN,1.7929689306569367e-17
XOM,4,EOG|DVN|HAL|SLB,HAL,0.29979871171080524
XOM,4,EOG|DVN|HAL|SLB,SLB,0.0
XOM,4,EOG|DVN|CNQ|FANG,EOG,0.6971632530146935
XOM,4,EOG|DVN|CNQ|FANG,DVN,0.001342818548910093
XOM,4,EOG|DVN|CNQ|FANG,CNQ,0.30149392843639655
XOM,4,EOG|DVN|CNQ|FANG,FANG,0.0
XOM,4,EOG|DVN|CNQ|CVE,EOG,0.6961672627550245
XOM,4,EOG|DVN|CNQ|CVE,DVN,6.793204236979489e-18
XOM,4,EOG|DVN|CNQ|CVE,CNQ,0.25964183869405116
XOM,4,EOG|DVN|CNQ|CVE,CVE,0.04419089855092442
XOM,4,EOG|DVN|CNQ|SU,EOG,0.7007269543828094
XOM,4,EOG|DVN|CNQ|SU,DVN,0.00850823470153949
XOM,4,EOG|DVN|CNQ|SU,CNQ,2.1847944325003796e-17
XOM,4,EOG|DVN|CNQ|SU,SU,0.29076481091565126
XOM,4,EOG|DVN|CNQ|TRGP,EOG,0.5681845454513805
XOM,4,EOG|DVN|CNQ|TRGP,DVN,2.252737062782015e-17
XOM,4,EOG|DVN|CNQ|TRGP,CNQ,0.22962911100088232
XOM,4,EOG|DVN|CNQ|TRGP,TRGP,0.20218634354773724
XOM,4,EOG|DVN|CNQ|PSX,EOG,0.4820779121038213
XOM,4,EOG|DVN|CNQ|PSX,DVN,0.03442054322215288
XOM,4,EOG|DVN|CNQ|PSX,CNQ,0.23034710960987095
XOM,4,EOG|DVN|CNQ|PSX,PSX,0.25315443506415486
XOM,4,EOG|DVN|CNQ|WMB,EOG,0.5101162178081813
XOM,4,EOG|DVN|CNQ|WMB,DVN,0.05311773412193667
XOM,4,EOG|DVN|CNQ|WMB,CNQ,0.26269500060795403
XOM,4,EOG|DVN|CNQ|WMB,WMB,0.17407104746192806
XOM,4,EOG|DVN|CNQ|KMI,EOG,0.47311611501335943
XOM,4,EOG|DVN|CNQ|KMI,DVN,0.06647163240877099
XOM,4,EOG|DVN|CNQ|KMI,CNQ,0.27926832919016775
XOM,4,EOG|DVN|CNQ|KMI,KMI,0.18114392338770186
XOM,4,EOG|DVN|CNQ|OKE,EOG,0.5486290764296141
XOM,4,EOG|DVN|CNQ|OKE,DVN,0.023249964783863257
XOM,4,EOG|DVN|CNQ|OKE,CNQ,0.2810150602611823
XOM,4,EOG|DVN|CNQ|OKE,OKE,0.1471058985253405
XOM,4,EOG|DVN|CNQ|MPC,EOG,0.5537698379798276
XOM,4,EOG|DVN|CNQ|MPC,DVN,0.0
XOM,4,EOG|DVN|CNQ|MPC,CNQ,0.2115986515270012
XOM,4,EOG|DVN|CNQ|MPC,MPC,0.2346315104931713
XOM,4,EOG|DVN|CNQ|SLB,EOG,0.5504629288172032
XOM,4,EOG|DVN|CNQ|SLB,DVN,0.04238743984954089
XOM,4,EOG|DVN|CNQ|SLB,CNQ,0.27821453058577245
XOM,4,EOG|DVN|CNQ|SLB,SLB,0.12893510074748357
XOM,4,EOG|DVN|FANG|CVE,EOG,0.728015388558479
XOM,4,EOG|DVN|FANG|CVE,DVN,0.0
XOM,4,EOG|DVN|FANG|CVE,FANG,6.613633252161577e-17
XOM,4,EOG|DVN|FANG|CVE,CVE,0.27198461144152103
XOM,4,EOG|DVN|FANG|SU,EOG,0.7007269995176446
XOM,4,EOG|DVN|FANG|SU,DVN,0.008508011908769248
XOM,4,EOG|DVN|FANG|SU,FANG,1.088657565788062e-16
XOM,4,EOG|DVN|FANG|SU,SU,0.2907649885735859
XOM,4,EOG|DVN|FANG|TRGP,EOG,0.7383831434909552
XOM,4,EOG|DVN|FANG|TRGP,DVN,4.85722573273506e-17
XOM,4,EOG|DVN|FANG|TRGP,FANG,2.5370330836160804e-17
XOM,4,EOG|DVN|FANG|TRGP,TRGP,0.26161685650904476
XOM,4,EOG|DVN|FANG|PSX,EOG,0.7120998697507525
XOM,4,EOG|DVN|FANG|PSX,DVN,0.0
XOM,4,EOG|DVN|FANG|PSX,FANG,5.377642775528102e-17
XOM,4,EOG|DVN|FANG|PSX,PSX,0.2879001302492475
XOM,4,EOG|DVN|FANG|WMB,EOG,0.7843999550034244
XOM,4,EOG|DVN|FANG|WMB,DVN,0.0
XOM,4,EOG|DVN|FANG|WMB,FANG,1.0570971181733668e-17
XOM,4,EOG|DVN|FANG|WMB,WMB,0.21560004499657562
XOM,4,EOG|DVN|FANG|KMI,EOG,0.7942932207932828
XOM,4,EOG|DVN|FANG|KMI,DVN,0.0
XOM,4,EOG|DVN|FANG|KMI,FANG,5.095750210681871e-17
XOM,4,EOG|DVN|FANG|KMI,KMI,0.20570677920671726
XOM,4,EOG|DVN|FANG|OKE,EOG,0.8234018845161734
XOM,4,EOG|DVN|FANG|OKE,DVN,0.0
XOM,4,EOG|DVN|FANG|OKE,FANG,0.0
XOM,4,EOG|DVN|FANG|OKE,OKE,0.17659811548382665
XOM,4,EOG|DVN|FANG|MPC,EOG,0.7286280561326742
XOM,4,EOG|DVN|FANG|MPC,DVN,4.553649124439119e-18
XOM,4,EOG|DVN|FANG|MPC,FANG,2.8189256484623115e-18
XOM,4,EOG|DVN|FANG|MPC,MPC,0.2713719438673258
XOM,4,EOG|DVN|FANG|SLB,EOG,0.8383851712755143
XOM,4,EOG|DVN|FANG|SLB,DVN,5.7462715141731735e-18
XOM,4,EOG|DVN|FANG|SLB,FANG,0.0
XOM,4,EOG|DVN|FANG|SLB,SLB,0.16161482872448574
XOM,4,EOG|DVN|CVE|SU,EOG,0.7007274408316561
XOM,4,EOG|DVN|CVE|SU,DVN,0.00850816478537974
XOM,4,EOG|DVN|CVE|SU,CVE,1.3007461454510663e-17
XOM,4,EOG|DVN|CVE|SU,SU,0.2907643943829643
XOM,4,EOG|DVN|CVE|TRGP,EOG,0.5997680562775386
XOM,4,EOG|DVN|CVE|TRGP,DVN,1.8566962203814263e-18
XOM,4,EOG|DVN|CVE|TRGP,CVE,0.1958772950197472
XOM,4,EOG|DVN|CVE|TRGP,TRGP,0.20435464870271422
XOM,4,EOG|DVN|CVE|PSX,EOG,0.5183070568072006
XOM,4,EOG|DVN|CVE|PSX,DVN,0.0
XOM,4,EOG|DVN|CVE|PSX,CVE,0.21900534046291625
XOM,4,EOG|DVN|CVE|PSX,PSX,0.2626876027298832
XOM,4,EOG|DVN|CVE|WMB,EOG,0.5414406052635669
XOM,4,EOG|DVN|CVE|WMB,DVN,1.5656239359693267e-17
XOM,4,EOG|DVN|CVE|WMB,CVE,0.25701838188863735
XOM,4,EOG|DVN|CVE|WMB,WMB,0.20154101284779577
XOM,4,EOG|DVN|CVE|KMI,EOG,0.5015037253964774
XOM,4,EOG|DVN|CVE|KMI,DVN,0.0
XOM,4,EOG|DVN|CVE|KMI,CVE,0.2826818406370844
XOM,4,EOG|DVN|CVE|KMI,KMI,0.2158144339664384
XOM,4,EOG|DVN|CVE|OKE,EOG,0.561932605545778
XOM,4,EOG|DVN|CVE|OKE,DVN,0.0
XOM,4,EOG|DVN|CVE|OKE,CVE,0.267161708624819
XOM,4,EOG|DVN|CVE|OKE,OKE,0.17090568582940316
XOM,4,EOG|DVN|CVE|MPC,EOG,0.5896944649859839
XOM,4,EOG|DVN|CVE|MPC,DVN,2.2243085194897927e-17
XOM,4,EOG|DVN|CVE|MPC,CVE,0.17416713934867215
XOM,4,EOG|DVN|CVE|MPC,MPC,0.23613839566534392
XOM,4,EOG|DVN|CVE|SLB,EOG,0.6240803153761093
XOM,4,EOG|DVN|CVE|SLB,DVN,8.846412101123913e-18
XOM,4,EOG|DVN|CVE|SLB,CVE,0.2460262886483108
XOM,4,EOG|DVN|CVE|SLB,SLB,0.12989339597558008
XOM,4,EOG|DVN|SU|TRGP,EOG,0.5766835367223793
XOM,4,EOG|DVN|SU|TRGP,DVN,8.944667923005412e-19
XOM,4,EOG|DVN|SU|TRGP,SU,0.22868309902489192
XOM,4,EOG|DVN|SU|TRGP,TRGP,0.19463336425272887
XOM,4,EOG|DVN|SU|PSX,EOG,0.52073774562865
XOM,4,EOG|DVN|SU|PSX,DVN,0.03147438052603981
XOM,4,EOG|DVN|SU|PSX,SU,0.20843113700568836
XOM,4,EOG|DVN|SU|PSX,PSX,0.23935673683962186
XOM,4,EOG|DVN|SU|WMB,EOG,0.47739091864179917
XOM,4,EOG|DVN|SU|WMB,DVN,0.06923061820897237
XOM,4,EOG|DVN|SU|WMB,SU,0.2680258111144045
XOM,4,EOG|DVN|SU|WMB,WMB,0.185352652034824
XOM,4,EOG|DVN|SU|KMI,EOG,0.45097510497360765
XOM,4,EOG|DVN|SU|KMI,DVN,0.08027994135077814
XOM,4,EOG|DVN|SU|KMI,SU,0.27921441558444887
XOM,4,EOG|DVN|SU|KMI,KMI,0.18953053809116532
XOM,4,EOG|DVN|SU|OKE,EOG,0.5365212772372916
XOM,4,EOG|DVN|SU|OKE,DVN,0.03346574263324794
XOM,4,EOG|DVN|SU|OKE,SU,0.2773837618596169
XOM,4,EOG|DVN|SU|OKE,OKE,0.15262921826984369
XOM,4,EOG|DVN|SU|MPC,EOG,0.5941725712857945
XOM,4,EOG|DVN|SU|MPC,DVN,3.550465653358488e-17
XOM,4,EOG|DVN|SU|MPC,SU,0.18534136489046094
XOM,4,EOG|DVN|SU|MPC,MPC,0.2204860638237446
XOM,4,EOG|DVN|SU|SLB,EOG,0.5474918235756302
XOM,4,EOG|DVN|SU|SLB,DVN,0.05073601208618593
XOM,4,EOG|DVN|SU|SLB,SU,0.2723580802417463
XOM,4,EOG|DVN|SU|SLB,SLB,0.12941408409643765
XOM,4,EOG|DVN|TRGP|PSX,EOG,0.5634952313254059
XOM,4,EOG|DVN|TRGP|PSX,DVN,0.0
XOM,4,EOG|DVN|TRGP|PSX,TRGP,0.1889399824899646
XOM,4,EOG|DVN|TRGP|PSX,PSX,0.2475647861846296
XOM,4,EOG|DVN|TRGP|WMB,EOG,0.7318412452941652
XOM,4,EOG|DVN|TRGP|WMB,DVN,8.90485737448446e-18
XOM,4,EOG|DVN|TRGP|WMB,TRGP,0.23113977025451865
XOM,4,EOG|DVN|TRGP|WMB,WMB,0.03701898445131603
XOM,4,EOG|DVN|TRGP|KMI,EOG,0.730889058524673
XOM,4,EOG|DVN|TRGP|KMI,DVN,6.734748375707101e-17
XOM,4,EOG|DVN|TRGP|KMI,TRGP,0.233062897634194
XOM,4,EOG|DVN|TRGP|KMI,KMI,0.03604804384113292
XOM,4,EOG|DVN|TRGP|OKE,EOG,0.7383831454965643
XOM,4,EOG|DVN|TRGP|OKE,DVN,0.0
XOM,4,EOG|DVN|TRGP|OKE,TRGP,0.2616168545034359
XOM,4,EOG|DVN|TRGP|OKE,OKE,0.0
XOM,4,EOG|DVN|TRGP|MPC,EOG,0.6365151310811531
XOM,4,EOG|DVN|TRGP|MPC,DVN,8.624002424998615e-17
XOM,4,EOG|DVN|TRGP|MPC,TRGP,0.13941784876753896
XOM,4,EOG|DVN|TRGP|MPC,MPC,0.22406702015130794
XOM,4,EOG|DVN|TRGP|SLB,EOG,0.5528647077220238
XOM,4,EOG|DVN|TRGP|SLB,DVN,0.0
XOM,4,EOG|DVN|TRGP|SLB,TRGP,0.2721105614936932
XOM,4,EOG|DVN|TRGP|SLB,SLB,0.1750247307842829
XOM,4,EOG|DVN|PSX|WMB,EOG,0.608303799513244
XOM,4,EOG|DVN|PSX|WMB,DVN,0.004544501215632838
XOM,4,EOG|DVN|PSX|WMB,PSX,0.2544224519309009
XOM,4,EOG|DVN|PSX|WMB,WMB,0.13272924734022226
XOM,4,EOG|DVN|PSX|KMI,EOG,0.6422271346335444
XOM,4,EOG|DVN|PSX|KMI,DVN,6.911259454003057e-19
XOM,4,EOG|DVN|PSX|KMI,PSX,0.25508388110735347
XOM,4,EOG|DVN|PSX|KMI,KMI,0.10268898425910213
XOM,4,EOG|DVN|PSX|OKE,EOG,0.6569874647910293
XOM,4,EOG|DVN|PSX|OKE,DVN,0.0
XOM,4,EOG|DVN|PSX|OKE,PSX,0.2661203704232978
XOM,4,EOG|DVN|PSX|OKE,OKE,0.07689216478567294
XOM,4,EOG|DVN|PSX|MPC,EOG,0.7151062664532765
XOM,4,EOG|DVN|PSX|MPC,DVN,0.0
XOM,4,EOG|DVN|PSX|MPC,PSX,0.10381320183589458
XOM,4,EOG|DVN|PSX|MPC,MPC,0.18108053171082894
XOM,4,EOG|DVN|PSX|SLB,EOG,0.6462919937940661
XOM,4,EOG|DVN|PSX|SLB,DVN,0.0
XOM,4,EOG|DVN|PSX|SLB,PSX,0.26635292275086075
XOM,4,EOG|DVN|PSX|SLB,SLB,0.08735508345507301
XOM,4,EOG|DVN|WMB|KMI,EOG,0.7842839278990063
XOM,4,EOG|DVN|WMB|KMI,DVN,8.797284190183163e-18
XOM,4,EOG|DVN|WMB|KMI,WMB,0.21146127568905113
XOM,4,EOG|DVN|WMB|KMI,KMI,0.0042547964119425885
XOM,4,EOG|DVN|WMB|OKE,EOG,0.7843994381815541
XOM,4,EOG|DVN|WMB|OKE,DVN,0.0
XOM,4,EOG|DVN|WMB|OKE,WMB,0.21560056181844586
XOM,4,EOG|DVN|WMB|OKE,OKE,0.0
XOM,4,EOG|DVN|WMB|MPC,EOG,0.6302192852612861
XOM,4,EOG|DVN|WMB|MPC,DVN,0.0
XOM,4,EOG|DVN|WMB|MPC,WMB,0.129169463060913
XOM,4,EOG|DVN|WMB|MPC,MPC,0.24061125167780098
XOM,4,EOG|DVN|WMB|SLB,EOG,0.617491416099008
XOM,4,EOG|DVN|WMB|SLB,DVN,0.02983826154846453
XOM,4,EOG|DVN|WMB|SLB,WMB,0.204839658260577
XOM,4,EOG|DVN|WMB|SLB,SLB,0.14783066409195036
XOM,4,EOG|DVN|KMI|OKE,EOG,0.794293221168261
XOM,4,EOG|DVN|KMI|OKE,DVN,0.0
XOM,4,EOG|DVN|KMI|OKE,KMI,0.205706778831739
XOM,4,EOG|DVN|KMI|OKE,OKE,6.371001476047708e-18
XOM,4,EOG|DVN|KMI|MPC,EOG,0.6531268800980375
XOM,4,EOG|DVN|KMI|MPC,DVN,0.0
XOM,4,EOG|DVN|KMI|MPC,KMI,0.10510968087447656
XOM,4,EOG|DVN|KMI|MPC,MPC,0.24176343902748604
XOM,4,EOG|DVN|KMI|SLB,EOG,0.5805297847712593
XOM,4,EOG|DVN|KMI|SLB,DVN,0.04416914330177168
XOM,4,EOG|DVN|KMI|SLB,KMI,0.20991372066697236
XOM,4,EOG|DVN|KMI|SLB,SLB,0.1653873512599967
XOM,4,EOG|DVN|OKE|MPC,EOG,0.6807463970245549
XOM,4,EOG|DVN|OKE|MPC,DVN,0.0
XOM,4,EOG|DVN|OKE|MPC,OKE,0.06664438317570263
XOM,4,EOG|DVN|OKE|MPC,MPC,0.25260921979974255
XOM,4,EOG|DVN|OKE|SLB,EOG,0.6659547693028477
XOM,4,EOG|DVN|OKE|SLB,DVN,0.0
XOM,4,EOG|DVN|OKE|SLB,OKE,0.17444315002215763
XOM,4,EOG|DVN|OKE|SLB,SLB,0.15960208067499468
XOM,4,EOG|DVN|MPC|SLB,EOG,0.6366062052404134
XOM,4,EOG|DVN|MPC|SLB,DVN,4.829273645475668e-17
XOM,4,EOG|DVN|MPC|SLB,MPC,0.2543159693135757
XOM,4,EOG|DVN|MPC|SLB,SLB,0.10907782544601086
XOM,4,EOG|HAL|CNQ|FANG,EOG,0.52134066289132
XOM,4,EOG|HAL|CNQ|FANG,HAL,0.23592829102006396
XOM,4,EOG|HAL|CNQ|FANG,CNQ,0.24273104608861618
XOM,4,EOG|HAL|CNQ|FANG,FANG,0.0
XOM,4,EOG|HAL|CNQ|CVE,EOG,0.5196782546309799
XOM,4,EOG|HAL|CNQ|CVE,HAL,0.23561774161720797
XOM,4,EOG|HAL|CNQ|CVE,CNQ,0.21087269964181915
XOM,4,EOG|HAL|CNQ|CVE,CVE,0.03383130410999289
XOM,4,EOG|HAL|CNQ|SU,EOG,0.5276726911451146
XOM,4,EOG|HAL|CNQ|SU,HAL,0.2310936327764606
XOM,4,EOG|HAL|CNQ|SU,CNQ,0.0
XOM,4,EOG|HAL|CNQ|SU,SU,0.24123367607842489
XOM,4,EOG|HAL|CNQ|TRGP,EOG,0.4247084244397726
XOM,4,EOG|HAL|CNQ|TRGP,HAL,0.20955681439367976
XOM,4,EOG|HAL|CNQ|TRGP,CNQ,0.1852589990004266
XOM,4,EOG|HAL|CNQ|TRGP,TRGP,0.1804757621661211
XOM,4,EOG|HAL|CNQ|PSX,EOG,0.40694911519873583
XOM,4,EOG|HAL|CNQ|PSX,HAL,0.17298654771700017
XOM,4,EOG|HAL|CNQ|PSX,CNQ,0.19093903033284385
XOM,4,EOG|HAL|CNQ|PSX,PSX,0.22912530675141998
XOM,4,EOG|HAL|CNQ|WMB,EOG,0.4491070662994175
XOM,4,EOG|HAL|CNQ|WMB,HAL,0.19745221343317063
XOM,4,EOG|HAL|CNQ|WMB,CNQ,0.21801910164391608
XOM,4,EOG|HAL|CNQ|WMB,WMB,0.13542161862349583
XOM,4,EOG|HAL|CNQ|KMI,EOG,0.41807364723773977
XOM,4,EOG|HAL|CNQ|KMI,HAL,0.2045046021059038
XOM,4,EOG|HAL|CNQ|KMI,CNQ,0.22651652934814806
XOM,4,EOG|HAL|CNQ|KMI,KMI,0.15090522130820844
XOM,4,EOG|HAL|CNQ|OKE,EOG,0.4369481693671003
XOM,4,EOG|HAL|CNQ|OKE,HAL,0.2126209372664856
XOM,4,EOG|HAL|CNQ|OKE,CNQ,0.22992664003989172
XOM,4,EOG|HAL|CNQ|OKE,OKE,0.12050425332652247
XOM,4,EOG|HAL|CNQ|MPC,EOG,0.41677979906701446
XOM,4,EOG|HAL|CNQ|MPC,HAL,0.19510620647304913
XOM,4,EOG|HAL|CNQ|MPC,CNQ,0.16908651905270056
XOM,4,EOG|HAL|CNQ|MPC,MPC,0.2190274754072359
XOM,4,EOG|HAL|CNQ|SLB,EOG,0.5213391818399293
XOM,4,EOG|HAL|CNQ|SLB,HAL,0.2359289378436373
XOM,4,EOG|HAL|CNQ|SLB,CNQ,0.24273188031643317
XOM,4,EOG|HAL|CNQ|SLB,SLB,1.5369624586166093e-17
XOM,4,EOG|HAL|FANG|CVE,EOG,0.5390166082202078
XOM,4,EOG|HAL|FANG|CVE,HAL,0.24404648742381302
XOM,4,EOG|HAL|FANG|CVE,FANG,7.036472099430924e-17
XOM,4,EOG|HAL|FANG|CVE,CVE,0.2169369043559792
XOM,4,EOG|HAL|FANG|SU,EOG,0.5276726966785825
XOM,4,EOG|HAL|FANG|SU,HAL,0.2310934447321899
XOM,4,EOG|HAL|FANG|SU,FANG,0.0
XOM,4,EOG|HAL|FANG|SU,SU,0.2412338585892275
XOM,4,EOG|HAL|FANG|TRGP,EOG,0.5290727681860636
XOM,4,EOG|HAL|FANG|TRGP,HAL,0.24870552401793206
XOM,4,EOG|HAL|FANG|TRGP,FANG,0.0
XOM,4,EOG|HAL|FANG|TRGP,TRGP,0.2222217077960043
XOM,4,EOG|HAL|FANG|PSX,EOG,0.5325541588469442
XOM,4,EOG|HAL|FANG|PSX,HAL,0.21565140237351482
XOM,4,EOG|HAL|FANG|PSX,FANG,0.0
XOM,4,EOG|HAL|FANG|PSX,PSX,0.25179443877954094
XOM,4,EOG|HAL|FANG|WMB,EOG,0.591451444740374
XOM,4,EOG|HAL|FANG|WMB,HAL,0.24571381206027426
XOM,4,EOG|HAL|FANG|WMB,FANG,1.0641444322945226e-16
XOM,4,EOG|HAL|FANG|WMB,WMB,0.16283474319935165
XOM,4,EOG|HAL|FANG|KMI,EOG,0.5729166795524595
XOM,4,EOG|HAL|FANG|KMI,HAL,0.26036666940074105
XOM,4,EOG|HAL|FANG|KMI,FANG,2.1223045768166936e-17
XOM,4,EOG|HAL|FANG|KMI,KMI,0.16671665104679945
XOM,4,EOG|HAL|FANG|OKE,EOG,0.5934789021549977
XOM,4,EOG|HAL|FANG|OKE,HAL,0.269454216095041
XOM,4,EOG|HAL|FANG|OKE,FANG,1.7052636700713025e-16
XOM,4,EOG|HAL|FANG|OKE,OKE,0.137066881749961
XOM,4,EOG|HAL|FANG|MPC,EOG,0.5233019753570592
XOM,4,EOG|HAL|FANG|MPC,HAL,0.2327461025448788
XOM,4,EOG|HAL|FANG|MPC,FANG,5.573455617109615e-17
XOM,4,EOG|HAL|FANG|MPC,MPC,0.24395192209806194
XOM,4,EOG|HAL|FANG|SLB,EOG,0.7002012881085251
XOM,4,EOG|HAL|FANG|SLB,HAL,0.2997987118914748
XOM,4,EOG|HAL|FANG|SLB,FANG,6.02039570351511e-17
XOM,4,EOG|HAL|FANG|SLB,SLB,0.0
XOM,4,EOG|HAL|CVE|SU,EOG,0.527672664975151
XOM,4,EOG|HAL|CVE|SU,HAL,0.23109367204124037
XOM,4,EOG|HAL|CVE|SU,CVE,1.7468069303649817e-17
XOM,4,EOG|HAL|CVE|SU,SU,0.24123366298360854
XOM,4,EOG|HAL|CVE|TRGP,EOG,0.4450236636052942
XOM,4,EOG|HAL|CVE|TRGP,HAL,0.21815791680145138
XOM,4,EOG|HAL|CVE|TRGP,CVE,0.1550994805602084
XOM,4,EOG|HAL|CVE|TRGP,TRGP,0.18171893903304606
XOM,4,EOG|HAL|CVE|PSX,EOG,0.4044534098731173
XOM,4,EOG|HAL|CVE|PSX,HAL,0.17281216797324603
XOM,4,EOG|HAL|CVE|PSX,CVE,0.18507381600045206
XOM,4,EOG|HAL|CVE|PSX,PSX,0.23766060615318466
XOM,4,EOG|HAL|CVE|WMB,EOG,0.4301053489948775
XOM,4,EOG|HAL|CVE|WMB,HAL,0.18989491471029302
XOM,4,EOG|HAL|CVE|WMB,CVE,0.2170513351205091
XOM,4,EOG|HAL|CVE|WMB,WMB,0.16294840117432027
XOM,4,EOG|HAL|CVE|KMI,EOG,0.38278159356171654
XOM,4,EOG|HAL|CVE|KMI,HAL,0.1951044264967895
XOM,4,EOG|HAL|CVE|KMI,CVE,0.23714483875116532
XOM,4,EOG|HAL|CVE|KMI,KMI,0.1849691411903287
XOM,4,EOG|HAL|CVE|OKE,EOG,0.4269760472531283
XOM,4,EOG|HAL|CVE|OKE,HAL,0.2120410726877248
XOM,4,EOG|HAL|CVE|OKE,CVE,0.22018378263424898
XOM,4,EOG|HAL|CVE|OKE,OKE,0.14079909742489796
XOM,4,EOG|HAL|CVE|MPC,EOG,0.4406000243481142
XOM,4,EOG|HAL|CVE|MPC,HAL,0.2047171698668505
XOM,4,EOG|HAL|CVE|MPC,CVE,0.13467252719665965
XOM,4,EOG|HAL|CVE|MPC,MPC,0.22001027858837552
XOM,4,EOG|HAL|CVE|SLB,EOG,0.5390163795604903
XOM,4,EOG|HAL|CVE|SLB,HAL,0.24404663796308257
XOM,4,EOG|HAL|CVE|SLB,CVE,0.2169369824764272
XOM,4,EOG|HAL|CVE|SLB,SLB,0.0
XOM,4,EOG|HAL|SU|TRGP,EOG,0.4296614665361471
XOM,4,EOG|HAL|SU|TRGP,HAL,0.20532378354717273
XOM,4,EOG|HAL|SU|TRGP,SU,0.19222675484675072
XOM,4,EOG|HAL|SU|TRGP,TRGP,0.1727879950699293
XOM,4,EOG|HAL|SU|PSX,EOG,0.43010669150674613
XOM,4,EOG|HAL|SU|PSX,HAL,0.17731395975543152
XOM,4,EOG|HAL|SU|PSX,SU,0.17639120663126165
XOM,4,EOG|HAL|SU|PSX,PSX,0.21618814210656068
XOM,4,EOG|HAL|SU|WMB,EOG,0.43962328881634366
XOM,4,EOG|HAL|SU|WMB,HAL,0.186410665269291
XOM,4,EOG|HAL|SU|WMB,SU,0.22863305374485512
XOM,4,EOG|HAL|SU|WMB,WMB,0.14533299216951018
XOM,4,EOG|HAL|SU|KMI,EOG,0.41274135546334706
XOM,4,EOG|HAL|SU|KMI,HAL,0.19595955423286215
XOM,4,EOG|HAL|SU|KMI,SU,0.23378516100890753
XOM,4,EOG|HAL|SU|KMI,KMI,0.15751392929488314
XOM,4,EOG|HAL|SU|OKE,EOG,0.4355397524090924
XOM,4,EOG|HAL|SU|OKE,HAL,0.2054972918795555
XOM,4,EOG|HAL|SU|OKE,SU,0.23386383383728918
XOM,4,EOG|HAL|SU|OKE,OKE,0.12509912187406302
XOM,4,EOG|HAL|SU|MPC,EOG,0.44333161546320415
XOM,4,EOG|HAL|SU|MPC,HAL,0.20038292915790076
XOM,4,EOG|HAL|SU|MPC,SU,0.14959160622131698
XOM,4,EOG|HAL|SU|MPC,MPC,0.20669384915757802
XOM,4,EOG|HAL|SU|SLB,EOG,0.5276724353812433
XOM,4,EOG|HAL|SU|SLB,HAL,0.2310938338407924
XOM,4,EOG|HAL|SU|SLB,SU,0.2412337307779643
XOM,4,EOG|HAL|SU|SLB,SLB,0.0
XOM,4,EOG|HAL|TRGP|PSX,EOG,0.4245114827892723
XOM,4,EOG|HAL|TRGP|PSX,HAL,0.18758774805312325
XOM,4,EOG|HAL|TRGP|PSX,TRGP,0.16707575607404904
XOM,4,EOG|HAL|TRGP|PSX,PSX,0.22082501308355537
XOM,4,EOG|HAL|TRGP|WMB,EOG,0.5290718661140469
XOM,4,EOG|HAL|TRGP|WMB,HAL,0.24870588120019527
XOM,4,EOG|HAL|TRGP|WMB,TRGP,0.22222225268575782
XOM,4,EOG|HAL|TRGP|WMB,WMB,0.0
XOM,4,EOG|HAL|TRGP|KMI,EOG,0.5265245326876151
XOM,4,EOG|HAL|TRGP|KMI,HAL,0.24780862851981386
XOM,4,EOG|HAL|TRGP|KMI,TRGP,0.20977817220340195
XOM,4,EOG|HAL|TRGP|KMI,KMI,0.01588866658916907
XOM,4,EOG|HAL|TRGP|OKE,EOG,0.529074394245238
XOM,4,EOG|HAL|TRGP|OKE,HAL,0.24870447610342308
XOM,4,EOG|HAL|TRGP|OKE,TRGP,0.2222211296513389
XOM,4,EOG|HAL|TRGP|OKE,OKE,1.3815107783307945e-17
XOM,4,EOG|HAL|TRGP|MPC,EOG,0.46197327130797955
XOM,4,EOG|HAL|TRGP|MPC,HAL,0.2165907080006349
XOM,4,EOG|HAL|TRGP|MPC,TRGP,0.11439545160299291
XOM,4,EOG|HAL|TRGP|MPC,MPC,0.20704056908839275
XOM,4,EOG|HAL|TRGP|SLB,EOG,0.5291678190394583
XOM,4,EOG|HAL|TRGP|SLB,HAL,0.24236736718865667
XOM,4,EOG|HAL|TRGP|SLB,TRGP,0.22352207740694874
XOM,4,EOG|HAL|TRGP|SLB,SLB,0.004942736364936351
XOM,4,EOG|HAL|PSX|WMB,EOG,0.48007041385834914
XOM,4,EOG|HAL|PSX|WMB,HAL,0.18961453473271517
XOM,4,EOG|HAL|PSX|WMB,PSX,0.2309777324195981
XOM,4,EOG|HAL|PSX|WMB,WMB,0.09933731898933758
XOM,4,EOG|HAL|PSX|KMI,EOG,0.4853280467972129
XOM,4,EOG|HAL|PSX|KMI,HAL,0.20418758129806194
XOM,4,EOG|HAL|PSX|KMI,PSX,0.22705039918535166
XOM,4,EOG|HAL|PSX|KMI,KMI,0.08343397271937346
XOM,4,EOG|HAL|PSX|OKE,EOG,0.49785418812135107
XOM,4,EOG|HAL|PSX|OKE,HAL,0.20795322506448188
XOM,4,EOG|HAL|PSX|OKE,PSX,0.23683693834378017
XOM,4,EOG|HAL|PSX|OKE,OKE,0.05735564847038692
XOM,4,EOG|HAL|PSX|MPC,EOG,0.5229369791179488
XOM,4,EOG|HAL|PSX|MPC,HAL,0.23192451335141653
XOM,4,EOG|HAL|PSX|MPC,PSX,0.008367400734783322
XOM,4,EOG|HAL|PSX|MPC,MPC,0.2367711067958514
XOM,4,EOG|HAL|PSX|SLB,EOG,0.5325536882614847
XOM,4,EOG|HAL|PSX|SLB,HAL,0.21565227151379862
XOM,4,EOG|HAL|PSX|SLB,PSX,0.25179404022471674
XOM,4,EOG|HAL|PSX|SLB,SLB,0.0
XOM,4,EOG|HAL|WMB|KMI,EOG,0.5729165034197968
XOM,4,EOG|HAL|WMB|KMI,HAL,0.2603668422159612
XOM,4,EOG|HAL|WMB|KMI,WMB,1.4794806852335644e-17
XOM,4,EOG|HAL|WMB|KMI,KMI,0.16671665436424213
XOM,4,EOG|HAL|WMB|OKE,EOG,0.5914511174948234
XOM,4,EOG|HAL|WMB|OKE,HAL,0.24571435524819762
XOM,4,EOG|HAL|WMB|OKE,WMB,0.16283452725697903
XOM,4,EOG|HAL|WMB|OKE,OKE,1.5820457872342195e-18
XOM,4,EOG|HAL|WMB|MPC,EOG,0.47663765911189376
XOM,4,EOG|HAL|WMB|MPC,HAL,0.2079532448266155
XOM,4,EOG|HAL|WMB|MPC,WMB,0.08995932362536524
XOM,4,EOG|HAL|WMB|MPC,MPC,0.2254497724361256
XOM,4,EOG|HAL|WMB|SLB,EOG,0.5914504464627084
XOM,4,EOG|HAL|WMB|SLB,HAL,0.24571464132520165
XOM,4,EOG|HAL|WMB|SLB,WMB,0.16283491221208998
XOM,4,EOG|HAL|WMB|SLB,SLB,0.0
XOM,4,EOG|HAL|KMI|OKE,EOG,0.5729148997606985
XOM,4,EOG|HAL|KMI|OKE,HAL,0.26036761464316016
XOM,4,EOG|HAL|KMI|OKE,KMI,0.16671748559614138
XOM,4,EOG|HAL|KMI|OKE,OKE,0.0
XOM,4,EOG|HAL|KMI|MPC,EOG,0.4774095570373402
XOM,4,EOG|HAL|KMI|MPC,HAL,0.21958495410856757
XOM,4,EOG|HAL|KMI|MPC,KMI,0.08005352321597184
XOM,4,EOG|HAL|KMI|MPC,MPC,0.2229519656381204
XOM,4,EOG|HAL|KMI|SLB,EOG,0.5729157370801362
XOM,4,EOG|HAL|KMI|SLB,HAL,0.2603669703014435
XOM,4,EOG|HAL|KMI|SLB,KMI,0.16671729261842036
XOM,4,EOG|HAL|KMI|SLB,SLB,1.7639461192282918e-18
XOM,4,EOG|HAL|OKE|MPC,EOG,0.4986326163227342
XOM,4,EOG|HAL|OKE|MPC,HAL,0.2264949730054228
XOM,4,EOG|HAL|OKE|MPC,OKE,0.042011719382187125
XOM,4,EOG|HAL|OKE|MPC,MPC,0.232860691289656
XOM,4,EOG|HAL|OKE|SLB,EOG,0.5934788196550294
XOM,4,EOG|HAL|OKE|SLB,HAL,0.2694542381854805
XOM,4,EOG|HAL|OKE|SLB,OKE,0.1370669421594901
XOM,4,EOG|HAL|OKE|SLB,SLB,5.659609430948134e-18
XOM,4,EOG|HAL|MPC|SLB,EOG,0.52330139469034
XOM,4,EOG|HAL|MPC|SLB,HAL,0.23274709822429385
XOM,4,EOG|HAL|MPC|SLB,MPC,0.24395150708536623
XOM,4,EOG|HAL|MPC|SLB,SLB,0.0
XOM,4,EOG|CNQ|FANG|CVE,EOG,0.6961664727951529
XOM,4,EOG|CNQ|FANG|CVE,CNQ,0.25964232300864437
XOM,4,EOG|CNQ|FANG|CVE,FANG,6.158268339717665e-17
XOM,4,EOG|CNQ|FANG|CVE,CVE,0.04419120419620277
XOM,4,EOG|CNQ|FANG|SU,EOG,0.7099863014503588
XOM,4,EOG|CNQ|FANG|SU,CNQ,0.0
XOM,4,EOG|CNQ|FANG|SU,FANG,2.7193145738652058e-17
XOM,4,EOG|CNQ|FANG|SU,SU,0.2900136985496413
XOM,4,EOG|CNQ|FANG|TRGP,EOG,0.5681844671029403
XOM,4,EOG|CNQ|FANG|TRGP,CNQ,0.22962906918298884
XOM,4,EOG|CNQ|FANG|TRGP,FANG,5.317821073628267e-17
XOM,4,EOG|CNQ|FANG|TRGP,TRGP,0.2021864637140707
XOM,4,EOG|CNQ|FANG|PSX,EOG,0.5204917248536108
XOM,4,EOG|CNQ|FANG|PSX,CNQ,0.22705998669056202
XOM,4,EOG|CNQ|FANG|PSX,FANG,6.385484927818631e-17
XOM,4,EOG|CNQ|FANG|PSX,PSX,0.2524482884558272
XOM,4,EOG|CNQ|FANG|WMB,EOG,0.5710136912561425
XOM,4,EOG|CNQ|FANG|WMB,CNQ,0.25810974648821333
XOM,4,EOG|CNQ|FANG|WMB,FANG,5.183963398182486e-17
XOM,4,EOG|CNQ|FANG|WMB,WMB,0.17087656225564404
XOM,4,EOG|CNQ|FANG|KMI,EOG,0.550207641921643
XOM,4,EOG|CNQ|FANG|KMI,CNQ,0.2732515391704571
XOM,4,EOG|CNQ|FANG|KMI,FANG,0.0
XOM,4,EOG|CNQ|FANG|KMI,KMI,0.17654081890790008
XOM,4,EOG|CNQ|FANG|OKE,EOG,0.5748298871410815
XOM,4,EOG|CNQ|FANG|OKE,CNQ,0.27876191984029053
XOM,4,EOG|CNQ|FANG|OKE,FANG,4.3702678148475427e-17
XOM,4,EOG|CNQ|FANG|OKE,OKE,0.14640819301862795
XOM,4,EOG|CNQ|FANG|MPC,EOG,0.5537696858399812
XOM,4,EOG|CNQ|FANG|MPC,CNQ,0.21159874524023126
XOM,4,EOG|CNQ|FANG|MPC,FANG,8.600094920062362e-17
XOM,4,EOG|CNQ|FANG|MPC,MPC,0.23463156891978743
XOM,4,EOG|CNQ|FANG|SLB,EOG,0.5990028944981018
XOM,4,EOG|CNQ|FANG|SLB,CNQ,0.2744105424989233
XOM,4,EOG|CNQ|FANG|SLB,FANG,0.0
XOM,4,EOG|CNQ|FANG|SLB,SLB,0.1265865630029748
XOM,4,EOG|CNQ|CVE|SU,EOG,0.7099863017393707
XOM,4,EOG|CNQ|CVE|SU,CNQ,1.431146867680866e-17
XOM,4,EOG|CNQ|CVE|SU,CVE,5.854691731421724e-17
XOM,4,EOG|CNQ|CVE|SU,SU,0.29001369826062934
XOM,4,EOG|CNQ|CVE|TRGP,EOG,0.5681845319658891
XOM,4,EOG|CNQ|CVE|TRGP,CNQ,0.2296291106710979
XOM,4,EOG|CNQ|CVE|TRGP,CVE,0.0
XOM,4,EOG|CNQ|CVE|TRGP,TRGP,0.20218635736301313
XOM,4,EOG|CNQ|CVE|PSX,EOG,0.5102128636399507
XOM,4,EOG|CNQ|CVE|PSX,CNQ,0.10430083980590046
XOM,4,EOG|CNQ|CVE|PSX,CVE,0.1286857132492644
XOM,4,EOG|CNQ|CVE|PSX,PSX,0.25680058330488464
XOM,4,EOG|CNQ|CVE|WMB,EOG,0.5411181339603776
XOM,4,EOG|CNQ|CVE|WMB,CNQ,0.05193162659330933
XOM,4,EOG|CNQ|CVE|WMB,CVE,0.21194182547867546
XOM,4,EOG|CNQ|CVE|WMB,WMB,0.19500841396763768
XOM,4,EOG|CNQ|CVE|KMI,EOG,0.5015275067615662
XOM,4,EOG|CNQ|CVE|KMI,CNQ,0.001051673378080579
XOM,4,EOG|CNQ|CVE|KMI,CVE,0.28175183382117663
XOM,4,EOG|CNQ|CVE|KMI,KMI,0.21566898603917664
XOM,4,EOG|CNQ|CVE|OKE,EOG,0.556884831961873
XOM,4,EOG|CNQ|CVE|OKE,CNQ,0.14208395738505158
XOM,4,EOG|CNQ|CVE|OKE,CVE,0.14286480291451287
XOM,4,EOG|CNQ|CVE|OKE,OKE,0.15816640773856258
XOM,4,EOG|CNQ|CVE|MPC,EOG,0.5537696348780115
XOM,4,EOG|CNQ|CVE|MPC,CNQ,0.21159873688228642
XOM,4,EOG|CNQ|CVE|MPC,CVE,0.0
XOM,4,EOG|CNQ|CVE|MPC,MPC,0.23463162823970224
XOM,4,EOG|CNQ|CVE|SLB,EOG,0.5973020841053195
XOM,4,EOG|CNQ|CVE|SLB,CNQ,0.24183145915159898
XOM,4,EOG|CNQ|CVE|SLB,CVE,0.03457972113576238
XOM,4,EOG|CNQ|CVE|SLB,SLB,0.12628673560731912
XOM,4,EOG|CNQ|SU|TRGP,EOG,0.5766834701034464
XOM,4,EOG|CNQ|SU|TRGP,CNQ,0.0
XOM,4,EOG|CNQ|SU|TRGP,SU,0.2286836299068835
XOM,4,EOG|CNQ|SU|TRGP,TRGP,0.19463289998967015
XOM,4,EOG|CNQ|SU|PSX,EOG,0.5364255167665575
XOM,4,EOG|CNQ|SU|PSX,CNQ,0.10633349585334707
XOM,4,EOG|CNQ|SU|PSX,SU,0.11282309230033999
XOM,4,EOG|CNQ|SU|PSX,PSX,0.24441789507975545
XOM,4,EOG|CNQ|SU|WMB,EOG,0.5565344736614684
XOM,4,EOG|CNQ|SU|WMB,CNQ,5.259439327738764e-18
XOM,4,EOG|CNQ|SU|WMB,SU,0.26259301574381294
XOM,4,EOG|CNQ|SU|WMB,WMB,0.18087251059471884
XOM,4,EOG|CNQ|SU|KMI,EOG,0.5436012574050197
XOM,4,EOG|CNQ|SU|KMI,CNQ,2.1869120148685153e-17
XOM,4,EOG|CNQ|SU|KMI,SU,0.27267497352380987
XOM,4,EOG|CNQ|SU|KMI,KMI,0.18372376907117033
XOM,4,EOG|CNQ|SU|OKE,EOG,0.5739253508317881
XOM,4,EOG|CNQ|SU|OKE,CNQ,5.639587714466494e-17
XOM,4,EOG|CNQ|SU|OKE,SU,0.2745412499597917
XOM,4,EOG|CNQ|SU|OKE,OKE,0.15153339920842027
XOM,4,EOG|CNQ|SU|MPC,EOG,0.5537696847354111
XOM,4,EOG|CNQ|SU|MPC,CNQ,0.21159874345854385
XOM,4,EOG|CNQ|SU|MPC,SU,4.49345684562486e-18
XOM,4,EOG|CNQ|SU|MPC,MPC,0.23463157180604502
XOM,4,EOG|CNQ|SU|SLB,EOG,0.6050869011166773
XOM,4,EOG|CNQ|SU|SLB,CNQ,0.0
XOM,4,EOG|CNQ|SU|SLB,SU,0.26836999201489614
XOM,4,EOG|CNQ|SU|SLB,SLB,0.1265431068684266
XOM,4,EOG|CNQ|TRGP|PSX,EOG,0.44250865450967775
XOM,4,EOG|CNQ|TRGP|PSX,CNQ,0.1818916736246628
XOM,4,EOG|CNQ|TRGP|PSX,TRGP,0.14761145405439044
XOM,4,EOG|CNQ|TRGP|PSX,PSX,0.227988217811269
XOM,4,EOG|CNQ|TRGP|WMB,EOG,0.5569179891291582
XOM,4,EOG|CNQ|TRGP|WMB,CNQ,0.23194801047207067
XOM,4,EOG|CNQ|TRGP|WMB,TRGP,0.15710645053092612
XOM,4,EOG|CNQ|TRGP|WMB,WMB,0.054027549867845
XOM,4,EOG|CNQ|TRGP|KMI,EOG,0.5428395208868266
XOM,4,EOG|CNQ|TRGP|KMI,CNQ,0.24069118528738556
XOM,4,EOG|CNQ|TRGP|KMI,TRGP,0.1339940671388156
XOM,4,EOG|CNQ|TRGP|KMI,KMI,0.08247522668697231
XOM,4,EOG|CNQ|TRGP|OKE,EOG,0.5681839799379476
XOM,4,EOG|CNQ|TRGP|OKE,CNQ,0.22962971193051757
XOM,4,EOG|CNQ|TRGP|OKE,TRGP,0.202186308131535
XOM,4,EOG|CNQ|TRGP|OKE,OKE,0.0
XOM,4,EOG|CNQ|TRGP|MPC,EOG,0.5068083932046081
XOM,4,EOG|CNQ|TRGP|MPC,CNQ,0.1870818974061835
XOM,4,EOG|CNQ|TRGP|MPC,TRGP,0.1017428177946499
XOM,4,EOG|CNQ|TRGP|MPC,MPC,0.20436689159455845
XOM,4,EOG|CNQ|TRGP|SLB,EOG,0.43953605895553666
XOM,4,EOG|CNQ|TRGP|SLB,CNQ,0.19145504012205808
XOM,4,EOG|CNQ|TRGP|SLB,TRGP,0.22094417225276936
XOM,4,EOG|CNQ|TRGP|SLB,SLB,0.14806472866963596
XOM,4,EOG|CNQ|PSX|WMB,EOG,0.45881533239776967
XOM,4,EOG|CNQ|PSX|WMB,CNQ,0.20745803323874928
XOM,4,EOG|CNQ|PSX|WMB,PSX,0.22895629154916747
XOM,4,EOG|CNQ|PSX|WMB,WMB,0.10477034281431359
XOM,4,EOG|CNQ|PSX|KMI,EOG,0.46343307873636547
XOM,4,EOG|CNQ|PSX|KMI,CNQ,0.2208039974985638
XOM,4,EOG|CNQ|PSX|KMI,PSX,0.22414755545975598
XOM,4,EOG|CNQ|PSX|KMI,KMI,0.09161536830531479
XOM,4,EOG|CNQ|PSX|OKE,EOG,0.47830385815307863
XOM,4,EOG|CNQ|PSX|OKE,CNQ,0.22226151697907848
XOM,4,EOG|CNQ|PSX|OKE,PSX,0.23492481511994717
XOM,4,EOG|CNQ|PSX|OKE,OKE,0.06450980974789577
XOM,4,EOG|CNQ|PSX|MPC,EOG,0.5304326243464731
XOM,4,EOG|CNQ|PSX|MPC,CNQ,0.21744515787986474
XOM,4,EOG|CNQ|PSX|MPC,PSX,0.14207835165741545
XOM,4,EOG|CNQ|PSX|MPC,MPC,0.11004386611624675
XOM,4,EOG|CNQ|PSX|SLB,EOG,0.47786265916678883
XOM,4,EOG|CNQ|PSX|SLB,CNQ,0.21709930572639724
XOM,4,EOG|CNQ|PSX|SLB,PSX,0.23729398268330057
XOM,4,EOG|CNQ|PSX|SLB,SLB,0.06774405242351339
XOM,4,EOG|CNQ|WMB|KMI,EOG,0.5502067341750663
XOM,4,EOG|CNQ|WMB|KMI,CNQ,0.2732521781228015
XOM,4,EOG|CNQ|WMB|KMI,WMB,0.0
XOM,4,EOG|CNQ|WMB|KMI,KMI,0.1765410877021322
XOM,4,EOG|CNQ|WMB|OKE,EOG,0.5710129594986604
XOM,4,EOG|CNQ|WMB|OKE,CNQ,0.25811041980807853
XOM,4,EOG|CNQ|WMB|OKE,WMB,0.17087662069326112
XOM,4,EOG|CNQ|WMB|OKE,OKE,0.0
XOM,4,EOG|CNQ|WMB|MPC,EOG,0.488377263973255
XOM,4,EOG|CNQ|WMB|MPC,CNQ,0.19325275641128256
XOM,4,EOG|CNQ|WMB|MPC,WMB,0.10573230037988084
XOM,4,EOG|CNQ|WMB|MPC,MPC,0.21263767923558163
XOM,4,EOG|CNQ|WMB|SLB,EOG,0.4820735689113972
XOM,4,EOG|CNQ|WMB|SLB,CNQ,0.23438204225383283
XOM,4,EOG|CNQ|WMB|SLB,WMB,0.16452110144192816
XOM,4,EOG|CNQ|WMB|SLB,SLB,0.11902328739284165
XOM,4,EOG|CNQ|KMI|OKE,EOG,0.5502066367735513
XOM,4,EOG|CNQ|KMI|OKE,CNQ,0.27325213796083875
XOM,4,EOG|CNQ|KMI|OKE,KMI,0.17654122526561006
XOM,4,EOG|CNQ|KMI|OKE,OKE,0.0
XOM,4,EOG|CNQ|KMI|MPC,EOG,0.48847497718016125
XOM,4,EOG|CNQ|KMI|MPC,CNQ,0.20625165233648093
XOM,4,EOG|CNQ|KMI|MPC,KMI,0.09705240202709053
XOM,4,EOG|CNQ|KMI|MPC,MPC,0.20822096845626722
XOM,4,EOG|CNQ|KMI|SLB,EOG,0.4439992787946378
XOM,4,EOG|CNQ|KMI|SLB,CNQ,0.24477516178233588
XOM,4,EOG|CNQ|KMI|SLB,KMI,0.18015278993276426
XOM,4,EOG|CNQ|KMI|SLB,SLB,0.131072769490262
XOM,4,EOG|CNQ|OKE|MPC,EOG,0.5139077141633508
XOM,4,EOG|CNQ|OKE|MPC,CNQ,0.20865886295231362
XOM,4,EOG|CNQ|OKE|MPC,OKE,0.058863630689114654
XOM,4,EOG|CNQ|OKE|MPC,MPC,0.21856979219522102
XOM,4,EOG|CNQ|OKE|SLB,EOG,0.47316438234028185
XOM,4,EOG|CNQ|OKE|SLB,CNQ,0.2513596637305654
XOM,4,EOG|CNQ|OKE|SLB,OKE,0.1476503367468878
XOM,4,EOG|CNQ|OKE|SLB,SLB,0.12782561718226498
XOM,4,EOG|CNQ|MPC|SLB,EOG,0.48974185822464084
XOM,4,EOG|CNQ|MPC|SLB,CNQ,0.19677573880797047
XOM,4,EOG|CNQ|MPC|SLB,MPC,0.22306772403386915
XOM,4,EOG|CNQ|MPC|SLB,SLB,0.0904146789335196
XOM,4,EOG|FANG|CVE|SU,EOG,0.7099863015199679
XOM,4,EOG|FANG|CVE|SU,FANG,2.0491421059976034e-17
XOM,4,EOG|FANG|CVE|SU,CVE,0.0
XOM,4,EOG|FANG|CVE|SU,SU,0.290013698480032
XOM,4,EOG|FANG|CVE|TRGP,EOG,0.599768067214748
XOM,4,EOG|FANG|CVE|TRGP,FANG,1.1123702531464462e-16
XOM,4,EOG|FANG|CVE|TRGP,CVE,0.19587744535928428
XOM,4,EOG|FANG|CVE|TRGP,TRGP,0.2043544874259677
XOM,4,EOG|FANG|CVE|PSX,EOG,0.5183066355945414
XOM,4,EOG|FANG|CVE|PSX,FANG,5.525410320154575e-17
XOM,4,EOG|FANG|CVE|PSX,CVE,0.21900572390169265
XOM,4,EOG|FANG|CVE|PSX,PSX,0.262687640503766
XOM,4,EOG|FANG|CVE|WMB,EOG,0.5414406571860605
XOM,4,EOG|FANG|CVE|WMB,FANG,4.0162914227009905e-17
XOM,4,EOG|FANG|CVE|WMB,CVE,0.25701824692417746
XOM,4,EOG|FANG|CVE|WMB,WMB,0.20154109588976207
XOM,4,EOG|FANG|CVE|KMI,EOG,0.5015037347561678
XOM,4,EOG|FANG|CVE|KMI,FANG,0.0
XOM,4,EOG|FANG|CVE|KMI,CVE,0.28268179498932566
XOM,4,EOG|FANG|CVE|KMI,KMI,0.21581447025450665
XOM,4,EOG|FANG|CVE|OKE,EOG,0.561933004063565
XOM,4,EOG|FANG|CVE|OKE,FANG,0.0
XOM,4,EOG|FANG|CVE|OKE,CVE,0.26716168521117706
XOM,4,EOG|FANG|CVE|OKE,OKE,0.17090531072525814
XOM,4,EOG|FANG|CVE|MPC,EOG,0.5896945799496957
XOM,4,EOG|FANG|CVE|MPC,FANG,0.0
XOM,4,EOG|FANG|CVE|MPC,CVE,0.17416663921130207
XOM,4,EOG|FANG|CVE|MPC,MPC,0.23613878083900222
XOM,4,EOG|FANG|CVE|SLB,EOG,0.6240804506316715
XOM,4,EOG|FANG|CVE|SLB,FANG,0.0
XOM,4,EOG|FANG|CVE|SLB,CVE,0.2460265194179252
XOM,4,EOG|FANG|CVE|SLB,SLB,0.12989302995040355
XOM,4,EOG|FANG|SU|TRGP,EOG,0.5766836050304143
XOM,4,EOG|FANG|SU|TRGP,FANG,4.907348907388833e-17
XOM,4,EOG|FANG|SU|TRGP,SU,0.2286835460459479
XOM,4,EOG|FANG|SU|TRGP,TRGP,0.19463284892363772
XOM,4,EOG|FANG|SU|PSX,EOG,0.5553110056340623
XOM,4,EOG|FANG|SU|PSX,FANG,1.452099286422385e-16
XOM,4,EOG|FANG|SU|PSX,SU,0.20582666206799258
XOM,4,EOG|FANG|SU|PSX,PSX,0.23886233229794493
XOM,4,EOG|FANG|SU|WMB,EOG,0.5565344492163222
XOM,4,EOG|FANG|SU|WMB,FANG,7.026985330421676e-18
XOM,4,EOG|FANG|SU|WMB,SU,0.2625931116109473
XOM,4,EOG|FANG|SU|WMB,WMB,0.18087243917273044
XOM,4,EOG|FANG|SU|KMI,EOG,0.5436017366313892
XOM,4,EOG|FANG|SU|KMI,FANG,2.5875268351842774e-18
XOM,4,EOG|FANG|SU|KMI,SU,0.2726749229649691
XOM,4,EOG|FANG|SU|KMI,KMI,0.18372334040364177
XOM,4,EOG|FANG|SU|OKE,EOG,0.5739256100722099
XOM,4,EOG|FANG|SU|OKE,FANG,0.0
XOM,4,EOG|FANG|SU|OKE,SU,0.27454101887952403
XOM,4,EOG|FANG|SU|OKE,OKE,0.15153337104826628
XOM,4,EOG|FANG|SU|MPC,EOG,0.5941728109223823
XOM,4,EOG|FANG|SU|MPC,FANG,9.728681618983992e-17
XOM,4,EOG|FANG|SU|MPC,SU,0.1853412168862715
XOM,4,EOG|FANG|SU|MPC,MPC,0.22048597219134614
XOM,4,EOG|FANG|SU|SLB,EOG,0.6050869977064602
XOM,4,EOG|FANG|SU|SLB,FANG,0.0
XOM,4,EOG|FANG|SU|SLB,SU,0.26836986695078413
XOM,4,EOG|FANG|SU|SLB,SLB,0.12654313534275563
XOM,4,EOG|FANG|TRGP|PSX,EOG,0.563496153000804
XOM,4,EOG|FANG|TRGP|PSX,FANG,0.0
XOM,4,EOG|FANG|TRGP|PSX,TRGP,0.18893929695321404
XOM,4,EOG|FANG|TRGP|PSX,PSX,0.24756455004598213
XOM,4,EOG|FANG|TRGP|WMB,EOG,0.7318410301045382
XOM,4,EOG|FANG|TRGP|WMB,FANG,0.0
XOM,4,EOG|FANG|TRGP|WMB,TRGP,0.2311397276334241
XOM,4,EOG|FANG|TRGP|WMB,WMB,0.03701924226203775
XOM,4,EOG|FANG|TRGP|KMI,EOG,0.730889071973808
XOM,4,EOG|FANG|TRGP|KMI,FANG,0.0
XOM,4,EOG|FANG|TRGP|KMI,TRGP,0.23306231533116856
XOM,4,EOG|FANG|TRGP|KMI,KMI,0.03604861269502353
XOM,4,EOG|FANG|TRGP|OKE,EOG,0.7383831441960437
XOM,4,EOG|FANG|TRGP|OKE,FANG,0.0
XOM,4,EOG|FANG|TRGP|OKE,TRGP,0.2616168558039564
XOM,4,EOG|FANG|TRGP|OKE,OKE,5.1792314639578945e-18
XOM,4,EOG|FANG|TRGP|MPC,EOG,0.6365150778773191
XOM,4,EOG|FANG|TRGP|MPC,FANG,0.0
XOM,4,EOG|FANG|TRGP|MPC,TRGP,0.1394176878827434
XOM,4,EOG|FANG|TRGP|MPC,MPC,0.2240672342399375
XOM,4,EOG|FANG|TRGP|SLB,EOG,0.5528647170568372
XOM,4,EOG|FANG|TRGP|SLB,FANG,0.0
XOM,4,EOG|FANG|TRGP|SLB,TRGP,0.27211055000242707
XOM,4,EOG|FANG|TRGP|SLB,SLB,0.17502473294073587
XOM,4,EOG|FANG|PSX|WMB,EOG,0.6132441780081913
XOM,4,EOG|FANG|PSX|WMB,FANG,1.9104679894554975e-16
XOM,4,EOG|FANG|PSX|WMB,PSX,0.25434104772505123
XOM,4,EOG|FANG|PSX|WMB,WMB,0.1324147742667573
XOM,4,EOG|FANG|PSX|KMI,EOG,0.642227087101202
XOM,4,EOG|FANG|PSX|KMI,FANG,0.0
XOM,4,EOG|FANG|PSX|KMI,PSX,0.25508388018902156
XOM,4,EOG|FANG|PSX|KMI,KMI,0.10268903270977654
XOM,4,EOG|FANG|PSX|OKE,EOG,0.6569873154341187
XOM,4,EOG|FANG|PSX|OKE,FANG,0.0
XOM,4,EOG|FANG|PSX|OKE,PSX,0.2661201778012197
XOM,4,EOG|FANG|PSX|OKE,OKE,0.0768925067646617
XOM,4,EOG|FANG|PSX|MPC,EOG,0.715106235437583
XOM,4,EOG|FANG|PSX|MPC,FANG,0.0
XOM,4,EOG|FANG|PSX|MPC,PSX,0.10381313546298378
XOM,4,EOG|FANG|PSX|MPC,MPC,0.18108062909943326
XOM,4,EOG|FANG|PSX|SLB,EOG,0.6462924204754532
XOM,4,EOG|FANG|PSX|SLB,FANG,8.447671341203951e-17
XOM,4,EOG|FANG|PSX|SLB,PSX,0.26635317411181514
XOM,4,EOG|FANG|PSX|SLB,SLB,0.08735440541273165
XOM,4,EOG|FANG|WMB|KMI,EOG,0.7842838120397128
XOM,4,EOG|FANG|WMB|KMI,FANG,1.5222198501696482e-16
XOM,4,EOG|FANG|WMB|KMI,WMB,0.21146116225115916
XOM,4,EOG|FANG|WMB|KMI,KMI,0.004255025709127832
XOM,4,EOG|FANG|WMB|OKE,EOG,0.7843994362139584
XOM,4,EOG|FANG|WMB|OKE,FANG,3.3779252804906095e-17
XOM,4,EOG|FANG|WMB|OKE,WMB,0.2156005637860417
XOM,4,EOG|FANG|WMB|OKE,OKE,3.6818419207792815e-17
XOM,4,EOG|FANG|WMB|MPC,EOG,0.630218242163883
XOM,4,EOG|FANG|WMB|MPC,FANG,3.7377869896437765e-17
XOM,4,EOG|FANG|WMB|MPC,WMB,0.12916988567869944
XOM,4,EOG|FANG|WMB|MPC,MPC,0.2406118721574175
XOM,4,EOG|FANG|WMB|SLB,EOG,0.6512436238450143
XOM,4,EOG|FANG|WMB|SLB,FANG,1.4902909432228974e-16
XOM,4,EOG|FANG|WMB|SLB,WMB,0.2027601567520321
XOM,4,EOG|FANG|WMB|SLB,SLB,0.1459962194029535
XOM,4,EOG|FANG|KMI|OKE,EOG,0.7942932194979102
XOM,4,EOG|FANG|KMI|OKE,FANG,3.9177431781393577e-17
XOM,4,EOG|FANG|KMI|OKE,KMI,0.20570678050208968
XOM,4,EOG|FANG|KMI|OKE,OKE,1.6470313328275643e-18
XOM,4,EOG|FANG|KMI|MPC,EOG,0.6531277656278326
XOM,4,EOG|FANG|KMI|MPC,FANG,3.245896428327483e-16
XOM,4,EOG|FANG|KMI|MPC,KMI,0.10510874224447127
XOM,4,EOG|FANG|KMI|MPC,MPC,0.2417634921276957
XOM,4,EOG|FANG|KMI|SLB,EOG,0.6311637737391732
XOM,4,EOG|FANG|KMI|SLB,FANG,0.0
XOM,4,EOG|FANG|KMI|SLB,KMI,0.2064156349522382
XOM,4,EOG|FANG|KMI|SLB,SLB,0.16242059130858882
XOM,4,EOG|FANG|OKE|MPC,EOG,0.6807465274676946
XOM,4,EOG|FANG|OKE|MPC,FANG,0.0
XOM,4,EOG|FANG|OKE|MPC,OKE,0.06664437624896026
XOM,4,EOG|FANG|OKE|MPC,MPC,0.2526090962833453
XOM,4,EOG|FANG|OKE|SLB,EOG,0.6659542892464538
XOM,4,EOG|FANG|OKE|SLB,FANG,0.0
XOM,4,EOG|FANG|OKE|SLB,OKE,0.1744433379412776
XOM,4,EOG|FANG|OKE|SLB,SLB,0.15960237281226855
XOM,4,EOG|FANG|MPC|SLB,EOG,0.6366065218642317
XOM,4,EOG|FANG|MPC|SLB,FANG,0.0
XOM,4,EOG|FANG|MPC|SLB,MPC,0.25431604246127293
XOM,4,EOG|FANG|MPC|SLB,SLB,0.10907743567449538
XOM,4,EOG|CVE|SU|TRGP,EOG,0.576683353850057
XOM,4,EOG|CVE|SU|TRGP,CVE,0.0
XOM,4,EOG|CVE|SU|TRGP,SU,0.2286835732005939
XOM,4,EOG|CVE|SU|TRGP,TRGP,0.19463307294934923
XOM,4,EOG|CVE|SU|PSX,EOG,0.5288762921599424
XOM,4,EOG|CVE|SU|PSX,CVE,0.13134334244068016
XOM,4,EOG|CVE|SU|PSX,SU,0.08795630947225756
XOM,4,EOG|CVE|SU|PSX,PSX,0.2518240559271197
XOM,4,EOG|CVE|SU|WMB,EOG,0.5565344038573247
XOM,4,EOG|CVE|SU|WMB,CVE,0.0
XOM,4,EOG|CVE|SU|WMB,SU,0.2625930438859822
XOM,4,EOG|CVE|SU|WMB,WMB,0.18087255225669316
XOM,4,EOG|CVE|SU|KMI,EOG,0.5378662452008662
XOM,4,EOG|CVE|SU|KMI,CVE,0.02456674648300278
XOM,4,EOG|CVE|SU|KMI,SU,0.25123678276304406
XOM,4,EOG|CVE|SU|KMI,KMI,0.18633022555308695
XOM,4,EOG|CVE|SU|OKE,EOG,0.5739246056165026
XOM,4,EOG|CVE|SU|OKE,CVE,1.4653669987499396e-17
XOM,4,EOG|CVE|SU|OKE,SU,0.2745410108390844
XOM,4,EOG|CVE|SU|OKE,OKE,0.151534383544413
XOM,4,EOG|CVE|SU|MPC,EOG,0.5941714603155686
XOM,4,EOG|CVE|SU|MPC,CVE,0.0
XOM,4,EOG|CVE|SU|MPC,SU,0.1853419758410062
XOM,4,EOG|CVE|SU|MPC,MPC,0.22048656384342533
XOM,4,EOG|CVE|SU|SLB,EOG,0.6050863141409506
XOM,4,EOG|CVE|SU|SLB,CVE,8.303463981933906e-17
XOM,4,EOG|CVE|SU|SLB,SU,0.2683698356482233
XOM,4,EOG|CVE|SU|SLB,SLB,0.126543850210826
XOM,4,EOG|CVE|TRGP|PSX,EOG,0.44913116867939296
XOM,4,EOG|CVE|TRGP|PSX,CVE,0.17121991409644602
XOM,4,EOG|CVE|TRGP|PSX,TRGP,0.14171313118717666
XOM,4,EOG|CVE|TRGP|PSX,PSX,0.23793578603698445
XOM,4,EOG|CVE|TRGP|WMB,EOG,0.5465964057017589
XOM,4,EOG|CVE|TRGP|WMB,CVE,0.234256653502308
XOM,4,EOG|CVE|TRGP|WMB,TRGP,0.0719534204005359
XOM,4,EOG|CVE|TRGP|WMB,WMB,0.1471935203953971
XOM,4,EOG|CVE|TRGP|KMI,EOG,0.5056759358808389
XOM,4,EOG|CVE|TRGP|KMI,CVE,0.27143489226636436
XOM,4,EOG|CVE|TRGP|KMI,TRGP,0.027483735824635442
XOM,4,EOG|CVE|TRGP|KMI,KMI,0.1954054360281611
XOM,4,EOG|CVE|TRGP|OKE,EOG,0.5857002207301776
XOM,4,EOG|CVE|TRGP|OKE,CVE,0.20706471091088727
XOM,4,EOG|CVE|TRGP|OKE,TRGP,0.1716177699006121
XOM,4,EOG|CVE|TRGP|OKE,OKE,0.035617298458323184
XOM,4,EOG|CVE|TRGP|MPC,EOG,0.5408115214082392
XOM,4,EOG|CVE|TRGP|MPC,CVE,0.14720328811115402
XOM,4,EOG|CVE|TRGP|MPC,TRGP,0.10654199069023347
XOM,4,EOG|CVE|TRGP|MPC,MPC,0.20544319979037343
XOM,4,EOG|CVE|TRGP|SLB,EOG,0.4651856704105736
XOM,4,EOG|CVE|TRGP|SLB,CVE,0.1579020477165921
XOM,4,EOG|CVE|TRGP|SLB,TRGP,0.2245886993193312
XOM,4,EOG|CVE|TRGP|SLB,SLB,0.15232358255350298
XOM,4,EOG|CVE|PSX|WMB,EOG,0.42513981544300805
XOM,4,EOG|CVE|PSX|WMB,CVE,0.21596355514159343
XOM,4,EOG|CVE|PSX|WMB,PSX,0.23049629995010606
XOM,4,EOG|CVE|PSX|WMB,WMB,0.12840032946529253
XOM,4,EOG|CVE|PSX|KMI,EOG,0.42054003217317076
XOM,4,EOG|CVE|PSX|KMI,CVE,0.23356726222464505
XOM,4,EOG|CVE|PSX|KMI,PSX,0.22114598531153645
XOM,4,EOG|CVE|PSX|KMI,KMI,0.1247467202906478
XOM,4,EOG|CVE|PSX|OKE,EOG,0.45716368853932055
XOM,4,EOG|CVE|PSX|OKE,CVE,0.22144132088035756
XOM,4,EOG|CVE|PSX|OKE,PSX,0.23909594228209044
XOM,4,EOG|CVE|PSX|OKE,OKE,0.08229904829823145
XOM,4,EOG|CVE|PSX|MPC,EOG,0.5183060041250602
XOM,4,EOG|CVE|PSX|MPC,CVE,0.2190068837210778
XOM,4,EOG|CVE|PSX|MPC,PSX,0.2626871121538619
XOM,4,EOG|CVE|PSX|MPC,MPC,0.0
XOM,4,EOG|CVE|PSX|SLB,EOG,0.47778916588524234
XOM,4,EOG|CVE|PSX|SLB,CVE,0.20892149447336647
XOM,4,EOG|CVE|PSX|SLB,PSX,0.2476605666984597
XOM,4,EOG|CVE|PSX|SLB,SLB,0.0656287729429315
XOM,4,EOG|CVE|WMB|KMI,EOG,0.5015037017087443
XOM,4,EOG|CVE|WMB|KMI,CVE,0.28268272875491335
XOM,4,EOG|CVE|WMB|KMI,WMB,3.382694896287013e-17
XOM,4,EOG|CVE|WMB|KMI,KMI,0.21581356953634234
XOM,4,EOG|CVE|WMB|OKE,EOG,0.5414402243345493
XOM,4,EOG|CVE|WMB|OKE,CVE,0.2570188818564454
XOM,4,EOG|CVE|WMB|OKE,WMB,0.20154089380900542
XOM,4,EOG|CVE|WMB|OKE,OKE,6.550952814064759e-18
XOM,4,EOG|CVE|WMB|MPC,EOG,0.4858081009843674
XOM,4,EOG|CVE|WMB|MPC,CVE,0.17769889549652995
XOM,4,EOG|CVE|WMB|MPC,WMB,0.13266102463162807
XOM,4,EOG|CVE|WMB|MPC,MPC,0.20383197888747445
XOM,4,EOG|CVE|WMB|SLB,EOG,0.4565161568608585
XOM,4,EOG|CVE|WMB|SLB,CVE,0.23439425662935853
XOM,4,EOG|CVE|WMB|SLB,WMB,0.19252709047013314
XOM,4,EOG|CVE|WMB|SLB,SLB,0.11656249603964988
XOM,4,EOG|CVE|KMI|OKE,EOG,0.501503416101269
XOM,4,EOG|CVE|KMI|OKE,CVE,0.2826820410979729
XOM,4,EOG|CVE|KMI|OKE,KMI,0.2158145428007581
XOM,4,EOG|CVE|KMI|OKE,OKE,1.8699311101822748e-18
XOM,4,EOG|CVE|KMI|MPC,EOG,0.4757484976381696
XOM,4,EOG|CVE|KMI|MPC,CVE,0.19812494202261233
XOM,4,EOG|CVE|KMI|MPC,KMI,0.1320252896370508
XOM,4,EOG|CVE|KMI|MPC,MPC,0.19410127070216734
XOM,4,EOG|CVE|KMI|SLB,EOG,0.39838619274415976
XOM,4,EOG|CVE|KMI|SLB,CVE,0.25681645660675545
XOM,4,EOG|CVE|KMI|SLB,KMI,0.21545414492332093
XOM,4,EOG|CVE|KMI|SLB,SLB,0.12934320572576394
XOM,4,EOG|CVE|OKE|MPC,EOG,0.5256746847192465
XOM,4,EOG|CVE|OKE|MPC,CVE,0.1819331437863736
XOM,4,EOG|CVE|OKE|MPC,OKE,0.08048368479396809
XOM,4,EOG|CVE|OKE|MPC,MPC,0.21190848670041185
XOM,4,EOG|CVE|OKE|SLB,EOG,0.46025171680413585
XOM,4,EOG|CVE|OKE|SLB,CVE,0.2415129631872336
XOM,4,EOG|CVE|OKE|SLB,OKE,0.16971770941806577
XOM,4,EOG|CVE|OKE|SLB,SLB,0.12851761059056488
XOM,4,EOG|CVE|MPC|SLB,EOG,0.5209747234819543
XOM,4,EOG|CVE|MPC|SLB,CVE,0.16021434611375476
XOM,4,EOG|CVE|MPC|SLB,MPC,0.22416126634276706
XOM,4,EOG|CVE|MPC|SLB,SLB,0.09464966406152392
XOM,4,EOG|SU|TRGP|PSX,EOG,0.467677983176098
XOM,4,EOG|SU|TRGP|PSX,SU,0.16673841452361432
XOM,4,EOG|SU|TRGP|PSX,TRGP,0.14927660715582905
XOM,4,EOG|SU|TRGP|PSX,PSX,0.21630699514445864
XOM,4,EOG|SU|TRGP|WMB,EOG,0.5508297446508619
XOM,4,EOG|SU|TRGP|WMB,SU,0.2404628425909643
XOM,4,EOG|SU|TRGP|WMB,TRGP,0.10954117695231244
XOM,4,EOG|SU|TRGP|WMB,WMB,0.09916623580586148
XOM,4,EOG|SU|TRGP|KMI,EOG,0.5392763008162107
XOM,4,EOG|SU|TRGP|KMI,SU,0.24813847806891343
XOM,4,EOG|SU|TRGP|KMI,TRGP,0.0988199617009368
XOM,4,EOG|SU|TRGP|KMI,KMI,0.11376525941393897
XOM,4,EOG|SU|TRGP|OKE,EOG,0.5759011971286038
XOM,4,EOG|SU|TRGP|OKE,SU,0.22914508902331185
XOM,4,EOG|SU|TRGP|OKE,TRGP,0.19231317748383772
XOM,4,EOG|SU|TRGP|OKE,OKE,0.002640536364246686
XOM,4,EOG|SU|TRGP|MPC,EOG,0.5354765878170687
XOM,4,EOG|SU|TRGP|MPC,SU,0.16580822589342284
XOM,4,EOG|SU|TRGP|MPC,TRGP,0.11028710028327776
XOM,4,EOG|SU|TRGP|MPC,MPC,0.18842808600623065
XOM,4,EOG|SU|TRGP|SLB,EOG,0.44335566262441894
XOM,4,EOG|SU|TRGP|SLB,SU,0.198094192371246
XOM,4,EOG|SU|TRGP|SLB,TRGP,0.21235788510009262
XOM,4,EOG|SU|TRGP|SLB,SLB,0.14619225990424245
XOM,4,EOG|SU|PSX|WMB,EOG,0.47144622286747995
XOM,4,EOG|SU|PSX|WMB,SU,0.1976204439723122
XOM,4,EOG|SU|PSX|WMB,PSX,0.2102253107439349
XOM,4,EOG|SU|PSX|WMB,WMB,0.120708022416273
XOM,4,EOG|SU|PSX|KMI,EOG,0.4812877218525603
XOM,4,EOG|SU|PSX|KMI,SU,0.20794803172798068
XOM,4,EOG|SU|PSX|KMI,PSX,0.20435080438292988
XOM,4,EOG|SU|PSX|KMI,KMI,0.1064134420365292
XOM,4,EOG|SU|PSX|OKE,EOG,0.500678113021684
XOM,4,EOG|SU|PSX|OKE,SU,0.20563709308429023
XOM,4,EOG|SU|PSX|OKE,PSX,0.2172607675996387
XOM,4,EOG|SU|PSX|OKE,OKE,0.07642402629438716
XOM,4,EOG|SU|PSX|MPC,EOG,0.5628319246754188
XOM,4,EOG|SU|PSX|MPC,SU,0.1973989534455908
XOM,4,EOG|SU|PSX|MPC,PSX,0.17346380044763576
XOM,4,EOG|SU|PSX|MPC,MPC,0.0663053214313547
XOM,4,EOG|SU|PSX|SLB,EOG,0.5050002606094773
XOM,4,EOG|SU|PSX|SLB,SU,0.19906778178056067
XOM,4,EOG|SU|PSX|SLB,PSX,0.22231415378068473
XOM,4,EOG|SU|PSX|SLB,SLB,0.0736178038292773
XOM,4,EOG|SU|WMB|KMI,EOG,0.5437153444268846
XOM,4,EOG|SU|WMB|KMI,SU,0.271956747296993
XOM,4,EOG|SU|WMB|KMI,WMB,0.011556852033698278
XOM,4,EOG|SU|WMB|KMI,KMI,0.17277105624242411
XOM,4,EOG|SU|WMB|OKE,EOG,0.5565343278164965
XOM,4,EOG|SU|WMB|OKE,SU,0.26259333823907505
XOM,4,EOG|SU|WMB|OKE,WMB,0.18087233394442845
XOM,4,EOG|SU|WMB|OKE,OKE,9.864863341078802e-18
XOM,4,EOG|SU|WMB|MPC,EOG,0.5047448656134632
XOM,4,EOG|SU|WMB|MPC,SU,0.17990929580660925
XOM,4,EOG|SU|WMB|MPC,WMB,0.12255379191273275
XOM,4,EOG|SU|WMB|MPC,MPC,0.1927920466671948
XOM,4,EOG|SU|WMB|SLB,EOG,0.4666171806994749
XOM,4,EOG|SU|WMB|SLB,SU,0.24385876028060677
XOM,4,EOG|SU|WMB|SLB,WMB,0.17311250644176412
XOM,4,EOG|SU|WMB|SLB,SLB,0.1164115525781543
XOM,4,EOG|SU|KMI|OKE,EOG,0.5436014298813772
XOM,4,EOG|SU|KMI|OKE,SU,0.2726751360295829
XOM,4,EOG|SU|KMI|OKE,KMI,0.18372343408904
XOM,4,EOG|SU|KMI|OKE,OKE,0.0
XOM,4,EOG|SU|KMI|MPC,EOG,0.5097738686300527
XOM,4,EOG|SU|KMI|MPC,SU,0.19042649012043655
XOM,4,EOG|SU|KMI|MPC,KMI,0.11236125873744318
XOM,4,EOG|SU|KMI|MPC,MPC,0.18743838251206751
XOM,4,EOG|SU|KMI|SLB,EOG,0.43399140611092574
XOM,4,EOG|SU|KMI|SLB,SU,0.2502789955498401
XOM,4,EOG|SU|KMI|SLB,KMI,0.18609542367204937
XOM,4,EOG|SU|KMI|SLB,SLB,0.12963417466718477
XOM,4,EOG|SU|OKE|MPC,EOG,0.5400360230241745
XOM,4,EOG|SU|OKE|MPC,SU,0.18797847072564822
XOM,4,EOG|SU|OKE|MPC,OKE,0.07268765703192406
XOM,4,EOG|SU|OKE|MPC,MPC,0.19929784921825316
XOM,4,EOG|SU|OKE|SLB,EOG,0.4685501183980948
XOM,4,EOG|SU|OKE|SLB,SU,0.2528220641563477
XOM,4,EOG|SU|OKE|SLB,OKE,0.15180423008068133
XOM,4,EOG|SU|OKE|SLB,SLB,0.12682358736487614
XOM,4,EOG|SU|MPC|SLB,EOG,0.5211453495521506
XOM,4,EOG|SU|MPC|SLB,SU,0.17468587125785354
XOM,4,EOG|SU|MPC|SLB,MPC,0.20844342314685488
XOM,4,EOG|SU|MPC|SLB,SLB,0.09572535604314095
XOM,4,EOG|TRGP|PSX|WMB,EOG,0.5634946352563325
XOM,4,EOG|TRGP|PSX|WMB,TRGP,0.18894044151846498
XOM,4,EOG|TRGP|PSX|WMB,PSX,0.24756492322520263
XOM,4,EOG|TRGP|PSX|WMB,WMB,3.793013951395063e-18
XOM,4,EOG|TRGP|PSX|KMI,EOG,0.5634959590291927
XOM,4,EOG|TRGP|PSX|KMI,TRGP,0.18894016932654692
XOM,4,EOG|TRGP|PSX|KMI,PSX,0.24756387164426055
XOM,4,EOG|TRGP|PSX|KMI,KMI,6.7898161051904715e-18
XOM,4,EOG|TRGP|PSX|OKE,EOG,0.5634955854763484
XOM,4,EOG|TRGP|PSX|OKE,TRGP,0.18893989699729927
XOM,4,EOG|TRGP|PSX|OKE,PSX,0.24756451752635256
XOM,4,EOG|TRGP|PSX|OKE,OKE,1.191267137018448e-17
XOM,4,EOG|TRGP|PSX|MPC,EOG,0.563494910550301
XOM,4,EOG|TRGP|PSX|MPC,TRGP,0.18894083452447763
XOM,4,EOG|TRGP|PSX|MPC,PSX,0.24756425492522144
XOM,4,EOG|TRGP|PSX|MPC,MPC,1.8041801776516597e-18
XOM,4,EOG|TRGP|PSX|SLB,EOG,0.4673169370739381
XOM,4,EOG|TRGP|PSX|SLB,TRGP,0.20465248877824915
XOM,4,EOG|TRGP|PSX|SLB,PSX,0.21676550418981513
XOM,4,EOG|TRGP|PSX|SLB,SLB,0.11126506995799747
XOM,4,EOG|TRGP|WMB|KMI,EOG,0.7308651232456737
XOM,4,EOG|TRGP|WMB|KMI,TRGP,0.23186277054163698
XOM,4,EOG|TRGP|WMB|KMI,WMB,0.0073995467052583395
XOM,4,EOG|TRGP|WMB|KMI,KMI,0.02987255950743107
XOM,4,EOG|TRGP|WMB|OKE,EOG,0.7318410682782877
XOM,4,EOG|TRGP|WMB|OKE,TRGP,0.2311397206344151
XOM,4,EOG|TRGP|WMB|OKE,WMB,0.037019211087297194
XOM,4,EOG|TRGP|WMB|OKE,OKE,0.0
XOM,4,EOG|TRGP|WMB|MPC,EOG,0.6213500740093504
XOM,4,EOG|TRGP|WMB|MPC,TRGP,0.07480698106185167
XOM,4,EOG|TRGP|WMB|MPC,WMB,0.07593691867702577
XOM,4,EOG|TRGP|WMB|MPC,MPC,0.22790602625177214
XOM,4,EOG|TRGP|WMB|SLB,EOG,0.5528645930573707
XOM,4,EOG|TRGP|WMB|SLB,TRGP,0.2721105837024454
XOM,4,EOG|TRGP|WMB|SLB,WMB,3.551715026955688e-19
XOM,4,EOG|TRGP|WMB|SLB,SLB,0.17502482324018404
XOM,4,EOG|TRGP|KMI|OKE,EOG,0.7308891614202011
XOM,4,EOG|TRGP|KMI|OKE,TRGP,0.23306311731076126
XOM,4,EOG|TRGP|KMI|OKE,KMI,0.03604772126903763
XOM,4,EOG|TRGP|KMI|OKE,OKE,7.132864448828463e-18
XOM,4,EOG|TRGP|KMI|MPC,EOG,0.6313056759781236
XOM,4,EOG|TRGP|KMI|MPC,TRGP,0.11908006184180682
XOM,4,EOG|TRGP|KMI|MPC,KMI,0.025958900526176377
XOM,4,EOG|TRGP|KMI|MPC,MPC,0.22365536165389313
XOM,4,EOG|TRGP|KMI|SLB,EOG,0.5494750779060982
XOM,4,EOG|TRGP|KMI|SLB,TRGP,0.2563260580222647
XOM,4,EOG|TRGP|KMI|SLB,KMI,0.01987420386384477
XOM,4,EOG|TRGP|KMI|SLB,SLB,0.17432466020779241
XOM,4,EOG|TRGP|OKE|MPC,EOG,0.636515048051646
XOM,4,EOG|TRGP|OKE|MPC,TRGP,0.13941776844753498
XOM,4,EOG|TRGP|OKE|MPC,OKE,3.4728350837426314e-20
XOM,4,EOG|TRGP|OKE|MPC,MPC,0.224067183500819
XOM,4,EOG|TRGP|OKE|SLB,EOG,0.5528645084500737
XOM,4,EOG|TRGP|OKE|SLB,TRGP,0.27211074864708584
XOM,4,EOG|TRGP|OKE|SLB,OKE,0.0
XOM,4,EOG|TRGP|OKE|SLB,SLB,0.17502474290284048
XOM,4,EOG|TRGP|MPC|SLB,EOG,0.5123873154840708
XOM,4,EOG|TRGP|MPC|SLB,TRGP,0.16242713500106393
XOM,4,EOG|TRGP|MPC|SLB,MPC,0.19607111327421184
XOM,4,EOG|TRGP|MPC|SLB,SLB,0.12911443624065347
XOM,4,EOG|PSX|WMB|KMI,EOG,0.6132436226854635
XOM,4,EOG|PSX|WMB|KMI,PSX,0.25434126474105645
XOM,4,EOG|PSX|WMB|KMI,WMB,0.1324151125734799
XOM,4,EOG|PSX|WMB|KMI,KMI,0.0
XOM,4,EOG|PSX|WMB|OKE,EOG,0.6132442744432405
XOM,4,EOG|PSX|WMB|OKE,PSX,0.25434100880161703
XOM,4,EOG|PSX|WMB|OKE,WMB,0.13241471675514246
XOM,4,EOG|PSX|WMB|OKE,OKE,0.0
XOM,4,EOG|PSX|WMB|MPC,EOG,0.6194401640280546
XOM,4,EOG|PSX|WMB|MPC,PSX,0.09130547949910561
XOM,4,EOG|PSX|WMB|MPC,WMB,0.1277078892409071
XOM,4,EOG|PSX|WMB|MPC,MPC,0.1615464672319326
XOM,4,EOG|PSX|WMB|SLB,EOG,0.548627865240722
XOM,4,EOG|PSX|WMB|SLB,PSX,0.23319027171452877
XOM,4,EOG|PSX|WMB|SLB,WMB,0.13172888631227708
XOM,4,EOG|PSX|WMB|SLB,SLB,0.08645297673247221
XOM,4,EOG|PSX|KMI|OKE,EOG,0.6422263587046007
XOM,4,EOG|PSX|KMI|OKE,PSX,0.25508442565326994
XOM,4,EOG|PSX|KMI|OKE,KMI,0.1026892156421294
XOM,4,EOG|PSX|KMI|OKE,OKE,2.3645718815991845e-17
XOM,4,EOG|PSX|KMI|MPC,EOG,0.6459486991251474
XOM,4,EOG|PSX|KMI|MPC,PSX,0.07469790370526326
XOM,4,EOG|PSX|KMI|MPC,KMI,0.10155894678667127
XOM,4,EOG|PSX|KMI|MPC,MPC,0.1777944503829179
XOM,4,EOG|PSX|KMI|SLB,EOG,0.5597811602006132
XOM,4,EOG|PSX|KMI|SLB,PSX,0.22694812549933274
XOM,4,EOG|PSX|KMI|SLB,KMI,0.11448279954814046
XOM,4,EOG|PSX|KMI|SLB,SLB,0.09878791475191369
XOM,4,EOG|PSX|OKE|MPC,EOG,0.6666633506057149
XOM,4,EOG|PSX|OKE|MPC,PSX,0.10552757457024564
XOM,4,EOG|PSX|OKE|MPC,OKE,0.06711475452468577
XOM,4,EOG|PSX|OKE|MPC,MPC,0.16069432029935368
XOM,4,EOG|PSX|OKE|SLB,EOG,0.580617552746503
XOM,4,EOG|PSX|OKE|SLB,PSX,0.2407139194954512
XOM,4,EOG|PSX|OKE|SLB,OKE,0.08514828862269427
XOM,4,EOG|PSX|OKE|SLB,SLB,0.09352023913535157
XOM,4,EOG|PSX|MPC|SLB,EOG,0.6355986442465835
XOM,4,EOG|PSX|MPC|SLB,PSX,0.02299540172335896
XOM,4,EOG|PSX|MPC|SLB,MPC,0.23468405577111767
XOM,4,EOG|PSX|MPC|SLB,SLB,0.10672189825893992
XOM,4,EOG|WMB|KMI|OKE,EOG,0.7842843748685907
XOM,4,EOG|WMB|KMI|OKE,WMB,0.21146182235329797
XOM,4,EOG|WMB|KMI|OKE,KMI,0.004253802778111345
XOM,4,EOG|WMB|KMI|OKE,OKE,3.7862372742267225e-18
XOM,4,EOG|WMB|KMI|MPC,EOG,0.6302193308805051
XOM,4,EOG|WMB|KMI|MPC,WMB,0.12916938450627843
XOM,4,EOG|WMB|KMI|MPC,KMI,1.1192587485899918e-17
XOM,4,EOG|WMB|KMI|MPC,MPC,0.2406112846132165
XOM,4,EOG|WMB|KMI|SLB,EOG,0.6314249485049082
XOM,4,EOG|WMB|KMI|SLB,WMB,0.007733197372152346
XOM,4,EOG|WMB|KMI|SLB,KMI,0.1990457329792002
XOM,4,EOG|WMB|KMI|SLB,SLB,0.16179612114373926
XOM,4,EOG|WMB|OKE|MPC,EOG,0.6302193426281474
XOM,4,EOG|WMB|OKE|MPC,WMB,0.12916940612435324
XOM,4,EOG|WMB|OKE|MPC,OKE,0.0
XOM,4,EOG|WMB|OKE|MPC,MPC,0.24061125124749935
XOM,4,EOG|WMB|OKE|SLB,EOG,0.6512436335449262
XOM,4,EOG|WMB|OKE|SLB,WMB,0.20276026799902433
XOM,4,EOG|WMB|OKE|SLB,OKE,0.0
XOM,4,EOG|WMB|OKE|SLB,SLB,0.14599609845604955
XOM,4,EOG|WMB|MPC|SLB,EOG,0.5440357721931005
XOM,4,EOG|WMB|MPC|SLB,WMB,0.125504025977578
XOM,4,EOG|WMB|MPC|SLB,MPC,0.22499271721895683
XOM,4,EOG|WMB|MPC|SLB,SLB,0.1054674846103647
XOM,4,EOG|KMI|OKE|MPC,EOG,0.6531273939792352
XOM,4,EOG|KMI|OKE|MPC,KMI,0.10510920525686121
XOM,4,EOG|KMI|OKE|MPC,OKE,0.0
XOM,4,EOG|KMI|OKE|MPC,MPC,0.24176340076390368
XOM,4,EOG|KMI|OKE|SLB,EOG,0.6311634018073252
XOM,4,EOG|KMI|OKE|SLB,KMI,0.20641551289756938
XOM,4,EOG|KMI|OKE|SLB,OKE,0.0
XOM,4,EOG|KMI|OKE|SLB,SLB,0.16242108529510538
XOM,4,EOG|KMI|MPC|SLB,EOG,0.5483436751754628
XOM,4,EOG|KMI|MPC|SLB,KMI,0.1142641735913983
XOM,4,EOG|KMI|MPC|SLB,MPC,0.2209823338087768
XOM,4,EOG|KMI|MPC|SLB,SLB,0.11640981742436216
XOM,4,EOG|OKE|MPC|SLB,EOG,0.5807002555066747
XOM,4,EOG|OKE|MPC|SLB,OKE,0.07364702533683648
XOM,4,EOG|OKE|MPC|SLB,MPC,0.233027104030338
XOM,4,EOG|OKE|MPC|SLB,SLB,0.1126256151261508
XOM,4,DVN|HAL|CNQ|FANG,DVN,0.32906828677718697
XOM,4,DVN|HAL|CNQ|FANG,HAL,0.3178781406509556
XOM,4,DVN|HAL|CNQ|FANG,CNQ,0.33180374882668623
XOM,4,DVN|HAL|CNQ|FANG,FANG,0.02124982374517124
XOM,4,DVN|HAL|CNQ|CVE,DVN,0.3485942945921442
XOM,4,DVN|HAL|CNQ|CVE,HAL,0.31891655467394237
XOM,4,DVN|HAL|CNQ|CVE,CNQ,0.33248915073391355
XOM,4,DVN|HAL|CNQ|CVE,CVE,4.094218453848386e-17
XOM,4,DVN|HAL|CNQ|SU,DVN,0.3639944219734399
XOM,4,DVN|HAL|CNQ|SU,HAL,0.32059141947201064
XOM,4,DVN|HAL|CNQ|SU,CNQ,1.1612609948619644e-17
XOM,4,DVN|HAL|CNQ|SU,SU,0.31541415855454946
XOM,4,DVN|HAL|CNQ|TRGP,DVN,0.26273498582197646
XOM,4,DVN|HAL|CNQ|TRGP,HAL,0.2860077574711947
XOM,4,DVN|HAL|CNQ|TRGP,CNQ,0.2646610266762503
XOM,4,DVN|HAL|CNQ|TRGP,TRGP,0.18659623003057865
XOM,4,DVN|HAL|CNQ|PSX,DVN,0.27392933018870524
XOM,4,DVN|HAL|CNQ|PSX,HAL,0.22685034129245182
XOM,4,DVN|HAL|CNQ|PSX,CNQ,0.25148902705925485
XOM,4,DVN|HAL|CNQ|PSX,PSX,0.24773130145958808
XOM,4,DVN|HAL|CNQ|WMB,DVN,0.3002704852726864
XOM,4,DVN|HAL|CNQ|WMB,HAL,0.2481618457324512
XOM,4,DVN|HAL|CNQ|WMB,CNQ,0.27908414021249545
XOM,4,DVN|HAL|CNQ|WMB,WMB,0.17248352878236697
XOM,4,DVN|HAL|CNQ|KMI,DVN,0.2806913508331035
XOM,4,DVN|HAL|CNQ|KMI,HAL,0.2486434184233087
XOM,4,DVN|HAL|CNQ|KMI,CNQ,0.2810867341856496
XOM,4,DVN|HAL|CNQ|KMI,KMI,0.18957849655793838
XOM,4,DVN|HAL|CNQ|OKE,DVN,0.2829440487744744
XOM,4,DVN|HAL|CNQ|OKE,HAL,0.26784432466659175
XOM,4,DVN|HAL|CNQ|OKE,CNQ,0.29406480578826394
XOM,4,DVN|HAL|CNQ|OKE,OKE,0.15514682077066982
XOM,4,DVN|HAL|CNQ|MPC,DVN,0.25570649424591463
XOM,4,DVN|HAL|CNQ|MPC,HAL,0.27259362588497804
XOM,4,DVN|HAL|CNQ|MPC,CNQ,0.2498468108845564
XOM,4,DVN|HAL|CNQ|MPC,MPC,0.221853068984551
XOM,4,DVN|HAL|CNQ|SLB,DVN,0.3485933489882938
XOM,4,DVN|HAL|CNQ|SLB,HAL,0.3189174392452362
XOM,4,DVN|HAL|CNQ|SLB,CNQ,0.33248921176647
XOM,4,DVN|HAL|CNQ|SLB,SLB,1.8041801776516597e-19
XOM,4,DVN|HAL|FANG|CVE,DVN,0.2857067372972382
XOM,4,DVN|HAL|FANG|CVE,HAL,0.36575306368240496
XOM,4,DVN|HAL|FANG|CVE,FANG,0.06487816926729839
XOM,4,DVN|HAL|FANG|CVE,CVE,0.28366202975305843
XOM,4,DVN|HAL|FANG|SU,DVN,0.34735955966001963
XOM,4,DVN|HAL|FANG|SU,HAL,0.3196894120177508
XOM,4,DVN|HAL|FANG|SU,FANG,0.018060061525483454
XOM,4,DVN|HAL|FANG|SU,SU,0.3148909667967462
XOM,4,DVN|HAL|FANG|TRGP,DVN,8.080694316806025e-19
XOM,4,DVN|HAL|FANG|TRGP,HAL,0.35205398613110905
XOM,4,DVN|HAL|FANG|TRGP,FANG,0.33684312784257797
XOM,4,DVN|HAL|FANG|TRGP,TRGP,0.311102886026313
XOM,4,DVN|HAL|FANG|PSX,DVN,0.37299893670527845
XOM,4,DVN|HAL|FANG|PSX,HAL,0.33074050609303884
XOM,4,DVN|HAL|FANG|PSX,FANG,0.0
XOM,4,DVN|HAL|FANG|PSX,PSX,0.2962605572016827
XOM,4,DVN|HAL|FANG|WMB,DVN,0.211850178047527
XOM,4,DVN|HAL|FANG|WMB,HAL,0.3354674968930875
XOM,4,DVN|HAL|FANG|WMB,FANG,0.20346593466942692
XOM,4,DVN|HAL|FANG|WMB,WMB,0.2492163903899585
XOM,4,DVN|HAL|FANG|KMI,DVN,0.22488888392883133
XOM,4,DVN|HAL|FANG|KMI,HAL,0.3523760534237136
XOM,4,DVN|HAL|FANG|KMI,FANG,0.1738111030823711
XOM,4,DVN|HAL|FANG|KMI,KMI,0.24892395956508412
XOM,4,DVN|HAL|FANG|OKE,DVN,0.2709609414132723
XOM,4,DVN|HAL|FANG|OKE,HAL,0.38531376614269036
XOM,4,DVN|HAL|FANG|OKE,FANG,0.13156961499932632
XOM,4,DVN|HAL|FANG|OKE,OKE,0.21215567744471112
XOM,4,DVN|HAL|FANG|MPC,DVN,0.3468852522614895
XOM,4,DVN|HAL|FANG|MPC,HAL,0.38216498342515004
XOM,4,DVN|HAL|FANG|MPC,FANG,0.0
XOM,4,DVN|HAL|FANG|MPC,MPC,0.2709497643133605
XOM,4,DVN|HAL|FANG|SLB,DVN,0.43231086200208346
XOM,4,DVN|HAL|FANG|SLB,HAL,0.48558499191110643
XOM,4,DVN|HAL|FANG|SLB,FANG,0.0821041460868102
XOM,4,DVN|HAL|FANG|SLB,SLB,0.0
XOM,4,DVN|HAL|CVE|SU,DVN,0.3639946118781449
XOM,4,DVN|HAL|CVE|SU,HAL,0.3205912483556528
XOM,4,DVN|HAL|CVE|SU,CVE,1.8530613902465213e-16
XOM,4,DVN|HAL|CVE|SU,SU,0.31541413976620214
XOM,4,DVN|HAL|CVE|TRGP,DVN,0.255927950596016
XOM,4,DVN|HAL|CVE|TRGP,HAL,0.3252313164970713
XOM,4,DVN|HAL|CVE|TRGP,CVE,0.21116055176500603
XOM,4,DVN|HAL|CVE|TRGP,TRGP,0.20768018114190678
XOM,4,DVN|HAL|CVE|PSX,DVN,0.25678645253309784
XOM,4,DVN|HAL|CVE|PSX,HAL,0.2499589761761654
XOM,4,DVN|HAL|CVE|PSX,CVE,0.2251605571027688
XOM,4,DVN|HAL|CVE|PSX,PSX,0.26809401418796797
XOM,4,DVN|HAL|CVE|WMB,DVN,0.26813183253560746
XOM,4,DVN|HAL|CVE|WMB,HAL,0.2579494708834225
XOM,4,DVN|HAL|CVE|WMB,CVE,0.2591576131430184
XOM,4,DVN|HAL|CVE|WMB,WMB,0.21476108343795167
XOM,4,DVN|HAL|CVE|KMI,DVN,0.2354934251661399
XOM,4,DVN|HAL|CVE|KMI,HAL,0.2529328487764123
XOM,4,DVN|HAL|CVE|KMI,CVE,0.2763952905866426
XOM,4,DVN|HAL|CVE|KMI,KMI,0.23517843547080514
XOM,4,DVN|HAL|CVE|OKE,DVN,0.250998009837073
XOM,4,DVN|HAL|CVE|OKE,HAL,0.28876795835128205
XOM,4,DVN|HAL|CVE|OKE,CVE,0.2679891224668385
XOM,4,DVN|HAL|CVE|OKE,OKE,0.19224490934480645
XOM,4,DVN|HAL|CVE|MPC,DVN,0.25749745091453746
XOM,4,DVN|HAL|CVE|MPC,HAL,0.3140708491895281
XOM,4,DVN|HAL|CVE|MPC,CVE,0.19525842021493162
XOM,4,DVN|HAL|CVE|MPC,MPC,0.2331732796810029
XOM,4,DVN|HAL|CVE|SLB,DVN,0.345916989066819
XOM,4,DVN|HAL|CVE|SLB,HAL,0.3696994760752163
XOM,4,DVN|HAL|CVE|SLB,CVE,0.28438353485796464
XOM,4,DVN|HAL|CVE|SLB,SLB,3.830579449015485e-17
XOM,4,DVN|HAL|SU|TRGP,DVN,0.27664228729158474
XOM,4,DVN|HAL|SU|TRGP,HAL,0.28683634175081774
XOM,4,DVN|HAL|SU|TRGP,SU,0.2563092252033777
XOM,4,DVN|HAL|SU|TRGP,TRGP,0.18021214575421982
XOM,4,DVN|HAL|SU|PSX,DVN,0.2964752593551814
XOM,4,DVN|HAL|SU|PSX,HAL,0.24093690114576694
XOM,4,DVN|HAL|SU|PSX,SU,0.22815734099815133
XOM,4,DVN|HAL|SU|PSX,PSX,0.2344304985009003
XOM,4,DVN|HAL|SU|WMB,DVN,0.3017867109987608
XOM,4,DVN|HAL|SU|WMB,HAL,0.23534181703031865
XOM,4,DVN|HAL|SU|WMB,SU,0.2779066197039999
XOM,4,DVN|HAL|SU|WMB,WMB,0.18496485226692075
XOM,4,DVN|HAL|SU|KMI,DVN,0.28449569991292034
XOM,4,DVN|HAL|SU|KMI,HAL,0.23973661141630406
XOM,4,DVN|HAL|SU|KMI,SU,0.2782782835159986
XOM,4,DVN|HAL|SU|KMI,KMI,0.19748940515477692
XOM,4,DVN|HAL|SU|OKE,DVN,0.28969467234227564
XOM,4,DVN|HAL|SU|OKE,HAL,0.26243487658651504
XOM,4,DVN|HAL|SU|OKE,SU,0.2861739532939324
XOM,4,DVN|HAL|SU|OKE,OKE,0.1616964977772769
XOM,4,DVN|HAL|SU|MPC,DVN,0.2849121052362409
XOM,4,DVN|HAL|SU|MPC,HAL,0.2893729702891519
XOM,4,DVN|HAL|SU|MPC,SU,0.22108924812254419
XOM,4,DVN|HAL|SU|MPC,MPC,0.20462567635206302
XOM,4,DVN|HAL|SU|SLB,DVN,0.36399456599138147
XOM,4,DVN|HAL|SU|SLB,HAL,0.3205912194024261
XOM,4,DVN|HAL|SU|SLB,SU,0.31541421460619257
XOM,4,DVN|HAL|SU|SLB,SLB,0.0
XOM,4,DVN|HAL|TRGP|PSX,DVN,0.27144325146165804
XOM,4,DVN|HAL|TRGP|PSX,HAL,0.28379506747682076
XOM,4,DVN|HAL|TRGP|PSX,TRGP,0.18919915184501232
XOM,4,DVN|HAL|TRGP|PSX,PSX,0.25556252921650896
XOM,4,DVN|HAL|TRGP|WMB,DVN,0.35077246499763115
XOM,4,DVN|HAL|TRGP|WMB,HAL,0.3694116649852378
XOM,4,DVN|HAL|TRGP|WMB,TRGP,0.1847829050238858
XOM,4,DVN|HAL|TRGP|WMB,WMB,0.09503296499324522
XOM,4,DVN|HAL|TRGP|KMI,DVN,0.3478859138623725
XOM,4,DVN|HAL|TRGP|KMI,HAL,0.36661847926700286
XOM,4,DVN|HAL|TRGP|KMI,TRGP,0.14697198587085952
XOM,4,DVN|HAL|TRGP|KMI,KMI,0.13852362099976515
XOM,4,DVN|HAL|TRGP|OKE,DVN,0.33866573453758836
XOM,4,DVN|HAL|TRGP|OKE,HAL,0.39150638638293817
XOM,4,DVN|HAL|TRGP|OKE,TRGP,0.25777376756710524
XOM,4,DVN|HAL|TRGP|OKE,OKE,0.012054111512368286
XOM,4,DVN|HAL|TRGP|MPC,DVN,0.2791915112665722
XOM,4,DVN|HAL|TRGP|MPC,HAL,0.34622837741887974
XOM,4,DVN|HAL|TRGP|MPC,TRGP,0.15305607793660742
XOM,4,DVN|HAL|TRGP|MPC,MPC,0.2215240333779406
XOM,4,DVN|HAL|TRGP|SLB,DVN,0.338397915875601
XOM,4,DVN|HAL|TRGP|SLB,HAL,0.3931141556703688
XOM,4,DVN|HAL|TRGP|SLB,TRGP,0.2684879284540303
XOM,4,DVN|HAL|TRGP|SLB,SLB,2.205673794650198e-18
XOM,4,DVN|HAL|PSX|WMB,DVN,0.32762699881123164
XOM,4,DVN|HAL|PSX|WMB,HAL,0.26768974231548726
XOM,4,DVN|HAL|PSX|WMB,PSX,0.25561598786585854
XOM,4,DVN|HAL|PSX|WMB,WMB,0.1490672710074225
XOM,4,DVN|HAL|PSX|KMI,DVN,0.32869112008646284
XOM,4,DVN|HAL|PSX|KMI,HAL,0.28752071834442966
XOM,4,DVN|HAL|PSX|KMI,PSX,0.24581906894203256
XOM,4,DVN|HAL|PSX|KMI,KMI,0.13796909262707505
XOM,4,DVN|HAL|PSX|OKE,DVN,0.3315837255444913
XOM,4,DVN|HAL|PSX|OKE,HAL,0.3009718477470219
XOM,4,DVN|HAL|PSX|OKE,PSX,0.2628709096798311
XOM,4,DVN|HAL|PSX|OKE,OKE,0.10457351702865572
XOM,4,DVN|HAL|PSX|MPC,DVN,0.3647925431843886
XOM,4,DVN|HAL|PSX|MPC,HAL,0.33890974435087606
XOM,4,DVN|HAL|PSX|MPC,PSX,0.2374971959760723
XOM,4,DVN|HAL|PSX|MPC,MPC,0.05880051648866308
XOM,4,DVN|HAL|PSX|SLB,DVN,0.37299871920697814
XOM,4,DVN|HAL|PSX|SLB,HAL,0.3307407182498689
XOM,4,DVN|HAL|PSX|SLB,PSX,0.2962605625431529
XOM,4,DVN|HAL|PSX|SLB,SLB,0.0
XOM,4,DVN|HAL|WMB|KMI,DVN,0.39103819465398937
XOM,4,DVN|HAL|WMB|KMI,HAL,0.3676729207346449
XOM,4,DVN|HAL|WMB|KMI,WMB,7.385280267110245e-17
XOM,4,DVN|HAL|WMB|KMI,KMI,0.2412888846113656
XOM,4,DVN|HAL|WMB|OKE,DVN,0.4075046908845343
XOM,4,DVN|HAL|WMB|OKE,HAL,0.3561479737296898
XOM,4,DVN|HAL|WMB|OKE,WMB,0.236347335385776
XOM,4,DVN|HAL|WMB|OKE,OKE,1.676489960853074e-18
XOM,4,DVN|HAL|WMB|MPC,DVN,0.30404156209889993
XOM,4,DVN|HAL|WMB|MPC,HAL,0.3099381859732409
XOM,4,DVN|HAL|WMB|MPC,WMB,0.1540781086682873
XOM,4,DVN|HAL|WMB|MPC,MPC,0.23194214325957185
XOM,4,DVN|HAL|WMB|SLB,DVN,0.4075047364243896
XOM,4,DVN|HAL|WMB|SLB,HAL,0.3561478979022986
XOM,4,DVN|HAL|WMB|SLB,WMB,0.23634736567331183
XOM,4,DVN|HAL|WMB|SLB,SLB,2.6468552065667857e-17
XOM,4,DVN|HAL|KMI|OKE,DVN,0.39103818355159176
XOM,4,DVN|HAL|KMI|OKE,HAL,0.36767270753752657
XOM,4,DVN|HAL|KMI|OKE,KMI,0.24128910891088176
XOM,4,DVN|HAL|KMI|OKE,OKE,0.0
XOM,4,DVN|HAL|KMI|MPC,DVN,0.30198722089752367
XOM,4,DVN|HAL|KMI|MPC,HAL,0.32458713331590366
XOM,4,DVN|HAL|KMI|MPC,KMI,0.15012798621887927
XOM,4,DVN|HAL|KMI|MPC,MPC,0.22329765956769346
XOM,4,DVN|HAL|KMI|SLB,DVN,0.3910379686377205
XOM,4,DVN|HAL|KMI|SLB,HAL,0.367672899700902
XOM,4,DVN|HAL|KMI|SLB,KMI,0.24128913166137755
XOM,4,DVN|HAL|KMI|SLB,SLB,0.0
XOM,4,DVN|HAL|OKE|MPC,DVN,0.30767510865365605
XOM,4,DVN|HAL|OKE|MPC,HAL,0.3457374328977412
XOM,4,DVN|HAL|OKE|MPC,OKE,0.10853519388722867
XOM,4,DVN|HAL|OKE|MPC,MPC,0.2380522645613741
XOM,4,DVN|HAL|OKE|SLB,DVN,0.39603658873424796
XOM,4,DVN|HAL|OKE|SLB,HAL,0.3957365430480859
XOM,4,DVN|HAL|OKE|SLB,OKE,0.20822686821766612
XOM,4,DVN|HAL|OKE|SLB,SLB,0.0
XOM,4,DVN|HAL|MPC|SLB,DVN,0.3468849649934106
XOM,4,DVN|HAL|MPC|SLB,HAL,0.3821651053042344
XOM,4,DVN|HAL|MPC|SLB,MPC,0.270949929702355
XOM,4,DVN|HAL|MPC|SLB,SLB,2.7298812685231726e-17
XOM,4,DVN|CNQ|FANG|CVE,DVN,0.41791932369553075
XOM,4,DVN|CNQ|FANG|CVE,CNQ,0.47952902791892077
XOM,4,DVN|CNQ|FANG|CVE,FANG,0.10255164838554859
XOM,4,DVN|CNQ|FANG|CVE,CVE,0.0
XOM,4,DVN|CNQ|FANG|SU,DVN,0.44216805704687684
XOM,4,DVN|CNQ|FANG|SU,CNQ,0.10832232421156568
XOM,4,DVN|CNQ|FANG|SU,FANG,0.10196116148567134
XOM,4,DVN|CNQ|FANG|SU,SU,0.34754845725588596
XOM,4,DVN|CNQ|FANG|TRGP,DVN,0.01794918198717239
XOM,4,DVN|CNQ|FANG|TRGP,CNQ,0.33795171898495
XOM,4,DVN|CNQ|FANG|TRGP,FANG,0.3600412045032346
XOM,4,DVN|CNQ|FANG|TRGP,TRGP,0.28405789452464286
XOM,4,DVN|CNQ|FANG|PSX,DVN,0.3696090251530228
XOM,4,DVN|CNQ|FANG|PSX,CNQ,0.3371686787006842
XOM,4,DVN|CNQ|FANG|PSX,FANG,0.0
XOM,4,DVN|CNQ|FANG|PSX,PSX,0.2932222961462931
XOM,4,DVN|CNQ|FANG|WMB,DVN,0.1910485809380934
XOM,4,DVN|CNQ|FANG|WMB,CNQ,0.34657699492589666
XOM,4,DVN|CNQ|FANG|WMB,FANG,0.21166915549196866
XOM,4,DVN|CNQ|FANG|WMB,WMB,0.25070526864404136
XOM,4,DVN|CNQ|FANG|KMI,DVN,0.20249697818378787
XOM,4,DVN|CNQ|FANG|KMI,CNQ,0.361858009559252
XOM,4,DVN|CNQ|FANG|KMI,FANG,0.18340871742093093
XOM,4,DVN|CNQ|FANG|KMI,KMI,0.2522362948360293
XOM,4,DVN|CNQ|FANG|OKE,DVN,0.24983463858559335
XOM,4,DVN|CNQ|FANG|OKE,CNQ,0.3894704330534113
XOM,4,DVN|CNQ|FANG|OKE,FANG,0.14422882488641567
XOM,4,DVN|CNQ|FANG|OKE,OKE,0.21646610347457967
XOM,4,DVN|CNQ|FANG|MPC,DVN,0.3707007613956565
XOM,4,DVN|CNQ|FANG|MPC,CNQ,0.36606844204312305
XOM,4,DVN|CNQ|FANG|MPC,FANG,0.012506531162924023
XOM,4,DVN|CNQ|FANG|MPC,MPC,0.2507242653982964
XOM,4,DVN|CNQ|FANG|SLB,DVN,0.41435091596013107
XOM,4,DVN|CNQ|FANG|SLB,CNQ,0.3923889754768005
XOM,4,DVN|CNQ|FANG|SLB,FANG,1.432443886881349e-17
XOM,4,DVN|CNQ|FANG|SLB,SLB,0.19326010856306852
XOM,4,DVN|CNQ|CVE|SU,DVN,0.538483105214689
XOM,4,DVN|CNQ|CVE|SU,CNQ,0.11356452132945434
XOM,4,DVN|CNQ|CVE|SU,CVE,0.0
XOM,4,DVN|CNQ|CVE|SU,SU,0.34795237345585656
XOM,4,DVN|CNQ|CVE|TRGP,DVN,0.3877032955954096
XOM,4,DVN|CNQ|CVE|TRGP,CNQ,0.38212543385566156
XOM,4,DVN|CNQ|CVE|TRGP,CVE,7.83103135560282e-17
XOM,4,DVN|CNQ|CVE|TRGP,TRGP,0.23017127054892872
XOM,4,DVN|CNQ|CVE|PSX,DVN,0.3696089593359745
XOM,4,DVN|CNQ|CVE|PSX,CNQ,0.3371687242899382
XOM,4,DVN|CNQ|CVE|PSX,CVE,0.0
XOM,4,DVN|CNQ|CVE|PSX,PSX,0.2932223163740874
XOM,4,DVN|CNQ|CVE|WMB,DVN,0.3896710538239219
XOM,4,DVN|CNQ|CVE|WMB,CNQ,0.32779964638708337
XOM,4,DVN|CNQ|CVE|WMB,CVE,0.03842213071495717
XOM,4,DVN|CNQ|CVE|WMB,WMB,0.24410716907403754
XOM,4,DVN|CNQ|CVE|KMI,DVN,0.3505387849301969
XOM,4,DVN|CNQ|CVE|KMI,CNQ,0.2374705097838163
XOM,4,DVN|CNQ|CVE|KMI,CVE,0.1451368900214394
XOM,4,DVN|CNQ|CVE|KMI,KMI,0.26685381526454743
XOM,4,DVN|CNQ|CVE|OKE,DVN,0.3881078993489388
XOM,4,DVN|CNQ|CVE|OKE,CNQ,0.3989070728221509
XOM,4,DVN|CNQ|CVE|OKE,CVE,1.1845332250877763e-17
XOM,4,DVN|CNQ|CVE|OKE,OKE,0.21298502782891035
XOM,4,DVN|CNQ|CVE|MPC,DVN,0.38227763638344925
XOM,4,DVN|CNQ|CVE|MPC,CNQ,0.36655597695796566
XOM,4,DVN|CNQ|CVE|MPC,CVE,1.5313508653410496e-17
XOM,4,DVN|CNQ|CVE|MPC,MPC,0.2511663866585852
XOM,4,DVN|CNQ|CVE|SLB,DVN,0.4143507943363902
XOM,4,DVN|CNQ|CVE|SLB,CNQ,0.39238903461527774
XOM,4,DVN|CNQ|CVE|SLB,CVE,0.0
XOM,4,DVN|CNQ|CVE|SLB,SLB,0.19326017104833212
XOM,4,DVN|CNQ|SU|TRGP,DVN,0.41097860667990327
XOM,4,DVN|CNQ|SU|TRGP,CNQ,0.046078928167955106
XOM,4,DVN|CNQ|SU|TRGP,SU,0.31592309494271215
XOM,4,DVN|CNQ|SU|TRGP,TRGP,0.2270193702094295
XOM,4,DVN|CNQ|SU|PSX,DVN,0.36960901772098076
XOM,4,DVN|CNQ|SU|PSX,CNQ,0.33716868763002256
XOM,4,DVN|CNQ|SU|PSX,SU,0.0
XOM,4,DVN|CNQ|SU|PSX,PSX,0.29322229464899674
XOM,4,DVN|CNQ|SU|WMB,DVN,0.3973518535478969
XOM,4,DVN|CNQ|SU|WMB,CNQ,1.2586899008287062e-16
XOM,4,DVN|CNQ|SU|WMB,SU,0.34897767716844763
XOM,4,DVN|CNQ|SU|WMB,WMB,0.2536704692836552
XOM,4,DVN|CNQ|SU|KMI,DVN,0.38645833238212407
XOM,4,DVN|CNQ|SU|KMI,CNQ,0.0
XOM,4,DVN|CNQ|SU|KMI,SU,0.35721396691421675
XOM,4,DVN|CNQ|SU|KMI,KMI,0.25632770070365923
XOM,4,DVN|CNQ|SU|OKE,DVN,0.40123350701833743
XOM,4,DVN|CNQ|SU|OKE,CNQ,0.0
XOM,4,DVN|CNQ|SU|OKE,SU,0.3752375024453199
XOM,4,DVN|CNQ|SU|OKE,OKE,0.22352899053634284
XOM,4,DVN|CNQ|SU|MPC,DVN,0.38227802046901904
XOM,4,DVN|CNQ|SU|MPC,CNQ,0.36655589267291383
XOM,4,DVN|CNQ|SU|MPC,SU,0.0
XOM,4,DVN|CNQ|SU|MPC,MPC,0.2511660868580672
XOM,4,DVN|CNQ|SU|SLB,DVN,0.43356929569540276
XOM,4,DVN|CNQ|SU|SLB,CNQ,9.616100352382055e-18
XOM,4,DVN|CNQ|SU|SLB,SU,0.36776457553114034
XOM,4,DVN|CNQ|SU|SLB,SLB,0.198666128773457
XOM,4,DVN|CNQ|TRGP|PSX,DVN,0.29810684810920496
XOM,4,DVN|CNQ|TRGP|PSX,CNQ,0.2819879423840859
XOM,4,DVN|CNQ|TRGP|PSX,TRGP,0.15422075299401997
XOM,4,DVN|CNQ|TRGP|PSX,PSX,0.2656844565126891
XOM,4,DVN|CNQ|TRGP|WMB,DVN,0.3911731381806529
XOM,4,DVN|CNQ|TRGP|WMB,CNQ,0.36171168672323717
XOM,4,DVN|CNQ|TRGP|WMB,TRGP,0.026489525452642965
XOM,4,DVN|CNQ|TRGP|WMB,WMB,0.22062564964346704
XOM,4,DVN|CNQ|TRGP|KMI,DVN,0.3780759140033261
XOM,4,DVN|CNQ|TRGP|KMI,CNQ,0.3740077123914323
XOM,4,DVN|CNQ|TRGP|KMI,TRGP,0.007105433317829309
XOM,4,DVN|CNQ|TRGP|KMI,KMI,0.2408109402874123
XOM,4,DVN|CNQ|TRGP|OKE,DVN,0.37654064393768444
XOM,4,DVN|CNQ|TRGP|OKE,CNQ,0.38450492049634805
XOM,4,DVN|CNQ|TRGP|OKE,TRGP,0.09089835035231464
XOM,4,DVN|CNQ|TRGP|OKE,OKE,0.14805608521365293
XOM,4,DVN|CNQ|TRGP|MPC,DVN,0.3309169897545176
XOM,4,DVN|CNQ|TRGP|MPC,CNQ,0.32649041421332076
XOM,4,DVN|CNQ|TRGP|MPC,TRGP,0.1277322560478752
XOM,4,DVN|CNQ|TRGP|MPC,MPC,0.21486033998428644
XOM,4,DVN|CNQ|TRGP|SLB,DVN,0.2745092537852537
XOM,4,DVN|CNQ|TRGP|SLB,CNQ,0.27829388291785345
XOM,4,DVN|CNQ|TRGP|SLB,TRGP,0.24349347614043765
XOM,4,DVN|CNQ|TRGP|SLB,SLB,0.20370338715645517
XOM,4,DVN|CNQ|PSX|WMB,DVN,0.31701204306386005
XOM,4,DVN|CNQ|PSX|WMB,CNQ,0.28317265149253573
XOM,4,DVN|CNQ|PSX|WMB,PSX,0.2491376689464791
XOM,4,DVN|CNQ|PSX|WMB,WMB,0.15067763649712515
XOM,4,DVN|CNQ|PSX|KMI,DVN,0.3180647070448857
XOM,4,DVN|CNQ|PSX|KMI,CNQ,0.3008111206721606
XOM,4,DVN|CNQ|PSX|KMI,PSX,0.2384746298981067
XOM,4,DVN|CNQ|PSX|KMI,KMI,0.1426495423848471
XOM,4,DVN|CNQ|PSX|OKE,DVN,0.3229962436496769
XOM,4,DVN|CNQ|PSX|OKE,CNQ,0.31147715098287704
XOM,4,DVN|CNQ|PSX|OKE,PSX,0.256928552816569
XOM,4,DVN|CNQ|PSX|OKE,OKE,0.10859805255087708
XOM,4,DVN|CNQ|PSX|MPC,DVN,0.3696090407666918
XOM,4,DVN|CNQ|PSX|MPC,CNQ,0.3371686924775344
XOM,4,DVN|CNQ|PSX|MPC,PSX,0.29322226675577373
XOM,4,DVN|CNQ|PSX|MPC,MPC,0.0
XOM,4,DVN|CNQ|PSX|SLB,DVN,0.32779252492356814
XOM,4,DVN|CNQ|PSX|SLB,CNQ,0.3000775162705109
XOM,4,DVN|CNQ|PSX|SLB,PSX,0.25989416640379326
XOM,4,DVN|CNQ|PSX|SLB,SLB,0.11223579240212767
XOM,4,DVN|CNQ|WMB|KMI,DVN,0.37945369274185275
XOM,4,DVN|CNQ|WMB|KMI,CNQ,0.3751188526251285
XOM,4,DVN|CNQ|WMB|KMI,WMB,2.1277467635028025e-18
XOM,4,DVN|CNQ|WMB|KMI,KMI,0.24542745463301874
XOM,4,DVN|CNQ|WMB|OKE,DVN,0.3966368687848881
XOM,4,DVN|CNQ|WMB|OKE,CNQ,0.36419266924520927
XOM,4,DVN|CNQ|WMB|OKE,WMB,0.23917046196990274
XOM,4,DVN|CNQ|WMB|OKE,OKE,2.0976770938752748e-18
XOM,4,DVN|CNQ|WMB|MPC,DVN,0.3190973333494804
XOM,4,DVN|CNQ|WMB|MPC,CNQ,0.2988986753734069
XOM,4,DVN|CNQ|WMB|MPC,WMB,0.17374822632952538
XOM,4,DVN|CNQ|WMB|MPC,MPC,0.20825576494758719
XOM,4,DVN|CNQ|WMB|SLB,DVN,0.32679960206702907
XOM,4,DVN|CNQ|WMB|SLB,CNQ,0.30101548147650337
XOM,4,DVN|CNQ|WMB|SLB,WMB,0.21089637194705402
XOM,4,DVN|CNQ|WMB|SLB,SLB,0.16128854450941368
XOM,4,DVN|CNQ|KMI|OKE,DVN,0.3794541870409544
XOM,4,DVN|CNQ|KMI|OKE,CNQ,0.3751185551022114
XOM,4,DVN|CNQ|KMI|OKE,KMI,0.24542725785683409
XOM,4,DVN|CNQ|KMI|OKE,OKE,1.1102007900102911e-17
XOM,4,DVN|CNQ|KMI|MPC,DVN,0.3164114755385544
XOM,4,DVN|CNQ|KMI|MPC,CNQ,0.3153184648770352
XOM,4,DVN|CNQ|KMI|MPC,KMI,0.17182031882309262
XOM,4,DVN|CNQ|KMI|MPC,MPC,0.19644974076131788
XOM,4,DVN|CNQ|KMI|SLB,DVN,0.301880373814561
XOM,4,DVN|CNQ|KMI|SLB,CNQ,0.30222786183018835
XOM,4,DVN|CNQ|KMI|SLB,KMI,0.22639676716480095
XOM,4,DVN|CNQ|KMI|SLB,SLB,0.1694949971904497
XOM,4,DVN|CNQ|OKE|MPC,DVN,0.3252684487307575
XOM,4,DVN|CNQ|OKE|MPC,CNQ,0.3322021123971908
XOM,4,DVN|CNQ|OKE|MPC,OKE,0.1312266376525909
XOM,4,DVN|CNQ|OKE|MPC,MPC,0.2113028012194607
XOM,4,DVN|CNQ|OKE|SLB,DVN,0.3103475977026129
XOM,4,DVN|CNQ|OKE|SLB,CNQ,0.32400838690078954
XOM,4,DVN|CNQ|OKE|SLB,OKE,0.1922429680167874
XOM,4,DVN|CNQ|OKE|SLB,SLB,0.17340104737981024
XOM,4,DVN|CNQ|MPC|SLB,DVN,0.3169185983949404
XOM,4,DVN|CNQ|MPC|SLB,CNQ,0.3057348728783939
XOM,4,DVN|CNQ|MPC|SLB,MPC,0.22573619329374453
XOM,4,DVN|CNQ|MPC|SLB,SLB,0.1516103354329212
XOM,4,DVN|FANG|CVE|SU,DVN,0.4520146809245321
XOM,4,DVN|FANG|CVE|SU,FANG,0.10395058013845865
XOM,4,DVN|FANG|CVE|SU,CVE,0.0
XOM,4,DVN|FANG|CVE|SU,SU,0.4440347389370091
XOM,4,DVN|FANG|CVE|TRGP,DVN,0.0
XOM,4,DVN|FANG|CVE|TRGP,FANG,0.39873053668237307
XOM,4,DVN|FANG|CVE|TRGP,CVE,0.2820212858000805
XOM,4,DVN|FANG|CVE|TRGP,TRGP,0.31924817751754647
XOM,4,DVN|FANG|CVE|PSX,DVN,0.3608445562158331
XOM,4,DVN|FANG|CVE|PSX,FANG,0.0
XOM,4,DVN|FANG|CVE|PSX,CVE,0.3107343780254753
XOM,4,DVN|FANG|CVE|PSX,PSX,0.3284210657586917
XOM,4,DVN|FANG|CVE|WMB,DVN,0.07843720610531357
XOM,4,DVN|FANG|CVE|WMB,FANG,0.28348636884860645
XOM,4,DVN|FANG|CVE|WMB,CVE,0.33039523399808396
XOM,4,DVN|FANG|CVE|WMB,WMB,0.30768119104799596
XOM,4,DVN|FANG|CVE|KMI,DVN,0.07784175502231434
XOM,4,DVN|FANG|CVE|KMI,FANG,0.24975871190953983
XOM,4,DVN|FANG|CVE|KMI,CVE,0.3592283924806369
XOM,4,DVN|FANG|CVE|KMI,KMI,0.31317114058750894
XOM,4,DVN|FANG|CVE|OKE,DVN,0.14735582483294782
XOM,4,DVN|FANG|CVE|OKE,FANG,0.21356248128414992
XOM,4,DVN|FANG|CVE|OKE,CVE,0.36590210550157387
XOM,4,DVN|FANG|CVE|OKE,OKE,0.2731795883813284
XOM,4,DVN|FANG|CVE|MPC,DVN,0.3426026569238951
XOM,4,DVN|FANG|CVE|MPC,FANG,0.07291559393067322
XOM,4,DVN|FANG|CVE|MPC,CVE,0.3131294233522098
XOM,4,DVN|FANG|CVE|MPC,MPC,0.2713523257932219
XOM,4,DVN|FANG|CVE|SLB,DVN,0.4268982951805145
XOM,4,DVN|FANG|CVE|SLB,FANG,0.0
XOM,4,DVN|FANG|CVE|SLB,CVE,0.34580455797624426
XOM,4,DVN|FANG|CVE|SLB,SLB,0.2272971468432413
XOM,4,DVN|FANG|SU|TRGP,DVN,0.04516363643398953
XOM,4,DVN|FANG|SU|TRGP,FANG,0.35669333246814455
XOM,4,DVN|FANG|SU|TRGP,SU,0.31744236071571535
XOM,4,DVN|FANG|SU|TRGP,TRGP,0.2807006703821506
XOM,4,DVN|FANG|SU|PSX,DVN,0.41364356892858056
XOM,4,DVN|FANG|SU|PSX,FANG,0.0
XOM,4,DVN|FANG|SU|PSX,SU,0.304158243797105
XOM,4,DVN|FANG|SU|PSX,PSX,0.2821981872743145
XOM,4,DVN|FANG|SU|WMB,DVN,0.19234057212256697
XOM,4,DVN|FANG|SU|WMB,FANG,0.20947384347351553
XOM,4,DVN|FANG|SU|WMB,SU,0.3346457401230197
XOM,4,DVN|FANG|SU|WMB,WMB,0.2635398442808978
XOM,4,DVN|FANG|SU|KMI,DVN,0.21073546246455271
XOM,4,DVN|FANG|SU|KMI,FANG,0.18094152247663658
XOM,4,DVN|FANG|SU|KMI,SU,0.3460791832827317
XOM,4,DVN|FANG|SU|KMI,KMI,0.2622438317760791
XOM,4,DVN|FANG|SU|OKE,DVN,0.26360965992566265
XOM,4,DVN|FANG|SU|OKE,FANG,0.1427424643089134
XOM,4,DVN|FANG|SU|OKE,SU,0.3671439423915374
XOM,4,DVN|FANG|SU|OKE,OKE,0.2265039333738866
XOM,4,DVN|FANG|SU|MPC,DVN,0.4130470747103162
XOM,4,DVN|FANG|SU|MPC,FANG,0.030398217894111224
XOM,4,DVN|FANG|SU|MPC,SU,0.32755832492329995
XOM,4,DVN|FANG|SU|MPC,MPC,0.22899638247227264
XOM,4,DVN|FANG|SU|SLB,DVN,0.4335697420604908
XOM,4,DVN|FANG|SU|SLB,FANG,5.1756730632112344e-17
XOM,4,DVN|FANG|SU|SLB,SU,0.36776432884913707
XOM,4,DVN|FANG|SU|SLB,SLB,0.19866592909037215
XOM,4,DVN|FANG|TRGP|PSX,DVN,0.19617793913997225
XOM,4,DVN|FANG|TRGP|PSX,FANG,0.2180693125946735
XOM,4,DVN|FANG|TRGP|PSX,TRGP,0.2841609938868062
XOM,4,DVN|FANG|TRGP|PSX,PSX,0.3015917543785482
XOM,4,DVN|FANG|TRGP|WMB,DVN,0.02290079192132158
XOM,4,DVN|FANG|TRGP|WMB,FANG,0.5200964270548782
XOM,4,DVN|FANG|TRGP|WMB,TRGP,0.251335259377528
XOM,4,DVN|FANG|TRGP|WMB,WMB,0.2056675216462722
XOM,4,DVN|FANG|TRGP|KMI,DVN,0.02168678672244396
XOM,4,DVN|FANG|TRGP|KMI,FANG,0.518195620723077
XOM,4,DVN|FANG|TRGP|KMI,TRGP,0.27911974175529747
XOM,4,DVN|FANG|TRGP|KMI,KMI,0.18099785079918163
XOM,4,DVN|FANG|TRGP|OKE,DVN,2.884173499648677e-17
XOM,4,DVN|FANG|TRGP|OKE,FANG,0.554709698313509
XOM,4,DVN|FANG|TRGP|OKE,TRGP,0.445290301686491
XOM,4,DVN|FANG|TRGP|OKE,OKE,6.5052130349130266e-18
XOM,4,DVN|FANG|TRGP|MPC,DVN,0.08395888504899834
XOM,4,DVN|FANG|TRGP|MPC,FANG,0.38571594510548585
XOM,4,DVN|FANG|TRGP|MPC,TRGP,0.30134275624602275
XOM,4,DVN|FANG|TRGP|MPC,MPC,0.2289824135994931
XOM,4,DVN|FANG|TRGP|SLB,DVN,0.07998008609556635
XOM,4,DVN|FANG|TRGP|SLB,FANG,0.2841415214173313
XOM,4,DVN|FANG|TRGP|SLB,TRGP,0.3870778000391423
XOM,4,DVN|FANG|TRGP|SLB,SLB,0.24880059244796013
XOM,4,DVN|FANG|PSX|WMB,DVN,0.3924212795161095
XOM,4,DVN|FANG|PSX|WMB,FANG,0.07058504030310653
XOM,4,DVN|FANG|PSX|WMB,PSX,0.30091142862695125
XOM,4,DVN|FANG|PSX|WMB,WMB,0.23608225155383275
XOM,4,DVN|FANG|PSX|KMI,DVN,0.4435675573807247
XOM,4,DVN|FANG|PSX|KMI,FANG,0.0452050139375086
XOM,4,DVN|FANG|PSX|KMI,PSX,0.3019657413883369
XOM,4,DVN|FANG|PSX|KMI,KMI,0.2092616872934298
XOM,4,DVN|FANG|PSX|OKE,DVN,0.49512150628144086
XOM,4,DVN|FANG|PSX|OKE,FANG,2.0438905017246267e-18
XOM,4,DVN|FANG|PSX|OKE,PSX,0.3324524360344639
XOM,4,DVN|FANG|PSX|OKE,OKE,0.17242605768409527
XOM,4,DVN|FANG|PSX|MPC,DVN,0.5965915003117797
XOM,4,DVN|FANG|PSX|MPC,FANG,0.0
XOM,4,DVN|FANG|PSX|MPC,PSX,0.40340849968822046
XOM,4,DVN|FANG|PSX|MPC,MPC,0.0
XOM,4,DVN|FANG|PSX|SLB,DVN,0.4889598612232407
XOM,4,DVN|FANG|PSX|SLB,FANG,1.3948938575383818e-17
XOM,4,DVN|FANG|PSX|SLB,PSX,0.3301632458653574
XOM,4,DVN|FANG|PSX|SLB,SLB,0.18087689291140197
XOM,4,DVN|FANG|WMB|KMI,DVN,0.23269901051497036
XOM,4,DVN|FANG|WMB|KMI,FANG,0.379044167649538
XOM,4,DVN|FANG|WMB|KMI,WMB,0.3395326821670137
XOM,4,DVN|FANG|WMB|KMI,KMI,0.048724139668477925
XOM,4,DVN|FANG|WMB|OKE,DVN,0.2292201159518596
XOM,4,DVN|FANG|WMB|OKE,FANG,0.38321191359060847
XOM,4,DVN|FANG|WMB|OKE,WMB,0.38756797045753183
XOM,4,DVN|FANG|WMB|OKE,OKE,1.1949940819863669e-17
XOM,4,DVN|FANG|WMB|MPC,DVN,0.2520586032580961
XOM,4,DVN|FANG|WMB|MPC,FANG,0.2222692858519614
XOM,4,DVN|FANG|WMB|MPC,WMB,0.27505614029570125
XOM,4,DVN|FANG|WMB|MPC,MPC,0.25061597059424123
XOM,4,DVN|FANG|WMB|SLB,DVN,0.3565255092967809
XOM,4,DVN|FANG|WMB|SLB,FANG,0.114380983568679
XOM,4,DVN|FANG|WMB|SLB,WMB,0.3102431910355201
XOM,4,DVN|FANG|WMB|SLB,SLB,0.21885031609901998
XOM,4,DVN|FANG|KMI|OKE,DVN,0.278186442726175
XOM,4,DVN|FANG|KMI|OKE,FANG,0.3471891042570824
XOM,4,DVN|FANG|KMI|OKE,KMI,0.37462445301674263
XOM,4,DVN|FANG|KMI|OKE,OKE,8.416437001273949e-18
XOM,4,DVN|FANG|KMI|MPC,DVN,0.30068282638788757
XOM,4,DVN|FANG|KMI|MPC,FANG,0.1966667345874756
XOM,4,DVN|FANG|KMI|MPC,KMI,0.2546405253579156
XOM,4,DVN|FANG|KMI|MPC,MPC,0.24800991366672126
XOM,4,DVN|FANG|KMI|SLB,DVN,0.3893512172330046
XOM,4,DVN|FANG|KMI|SLB,FANG,0.058647045371903864
XOM,4,DVN|FANG|KMI|SLB,KMI,0.30877953658820834
XOM,4,DVN|FANG|KMI|SLB,SLB,0.24322220080688317
XOM,4,DVN|FANG|OKE|MPC,DVN,0.36109844867807356
XOM,4,DVN|FANG|OKE|MPC,FANG,0.1546571876952574
XOM,4,DVN|FANG|OKE|MPC,OKE,0.21108903172368065
XOM,4,DVN|FANG|OKE|MPC,MPC,0.27315533190298846
XOM,4,DVN|FANG|OKE|SLB,DVN,0.45830621134572624
XOM,4,DVN|FANG|OKE|SLB,FANG,0.0042493697217753645
XOM,4,DVN|FANG|OKE|SLB,OKE,0.2764084391396534
XOM,4,DVN|FANG|OKE|SLB,SLB,0.26103597979284504
XOM,4,DVN|FANG|MPC|SLB,DVN,0.47454557229235245
XOM,4,DVN|FANG|MPC|SLB,FANG,0.0
XOM,4,DVN|FANG|MPC|SLB,MPC,0.2946373309692317
XOM,4,DVN|FANG|MPC|SLB,SLB,0.23081709673841597
XOM,4,DVN|CVE|SU|TRGP,DVN,0.4154930775130079
XOM,4,DVN|CVE|SU|TRGP,CVE,0.0
XOM,4,DVN|CVE|SU|TRGP,SU,0.3566823254881135
XOM,4,DVN|CVE|SU|TRGP,TRGP,0.22782459699887853
XOM,4,DVN|CVE|SU|PSX,DVN,0.41364355218903165
XOM,4,DVN|CVE|SU|PSX,CVE,0.0
XOM,4,DVN|CVE|SU|PSX,SU,0.30415823437733464
XOM,4,DVN|CVE|SU|PSX,PSX,0.2821982134336338
XOM,4,DVN|CVE|SU|WMB,DVN,0.3973512659340142
XOM,4,DVN|CVE|SU|WMB,CVE,0.0
XOM,4,DVN|CVE|SU|WMB,SU,0.34897756657798673
XOM,4,DVN|CVE|SU|WMB,WMB,0.25367116748799917
XOM,4,DVN|CVE|SU|KMI,DVN,0.38645714278600196
XOM,4,DVN|CVE|SU|KMI,CVE,0.0
XOM,4,DVN|CVE|SU|KMI,SU,0.35721439788946363
XOM,4,DVN|CVE|SU|KMI,KMI,0.2563284593245345
XOM,4,DVN|CVE|SU|OKE,DVN,0.4012330050021512
XOM,4,DVN|CVE|SU|OKE,CVE,0.0
XOM,4,DVN|CVE|SU|OKE,SU,0.37523732225035916
XOM,4,DVN|CVE|SU|OKE,OKE,0.22352967274748978
XOM,4,DVN|CVE|SU|MPC,DVN,0.44143497912819624
XOM,4,DVN|CVE|SU|MPC,CVE,0.0
XOM,4,DVN|CVE|SU|MPC,SU,0.32852438955323554
XOM,4,DVN|CVE|SU|MPC,MPC,0.23004063131856833
XOM,4,DVN|CVE|SU|SLB,DVN,0.43356918677867157
XOM,4,DVN|CVE|SU|SLB,CVE,0.0
XOM,4,DVN|CVE|SU|SLB,SU,0.3677645018955544
XOM,4,DVN|CVE|SU|SLB,SLB,0.19866631132577425
XOM,4,DVN|CVE|TRGP|PSX,DVN,0.28831145873209796
XOM,4,DVN|CVE|TRGP|PSX,CVE,0.2501655978972502
XOM,4,DVN|CVE|TRGP|PSX,TRGP,0.168181275762528
XOM,4,DVN|CVE|TRGP|PSX,PSX,0.29334166760812397
XOM,4,DVN|CVE|TRGP|WMB,DVN,0.35746552748686106
XOM,4,DVN|CVE|TRGP|WMB,CVE,0.3445827851951928
XOM,4,DVN|CVE|TRGP|WMB,TRGP,4.754364169202866e-17
XOM,4,DVN|CVE|TRGP|WMB,WMB,0.2979516873179462
XOM,4,DVN|CVE|TRGP|KMI,DVN,0.32187678869082775
XOM,4,DVN|CVE|TRGP|KMI,CVE,0.37003480456160326
XOM,4,DVN|CVE|TRGP|KMI,TRGP,5.2062033070038316e-17
XOM,4,DVN|CVE|TRGP|KMI,KMI,0.3080884067475689
XOM,4,DVN|CVE|TRGP|OKE,DVN,0.3544301652693513
XOM,4,DVN|CVE|TRGP|OKE,CVE,0.3746533424619825
XOM,4,DVN|CVE|TRGP|OKE,TRGP,0.0
XOM,4,DVN|CVE|TRGP|OKE,OKE,0.27091649226866626
XOM,4,DVN|CVE|TRGP|MPC,DVN,0.34661834350075177
XOM,4,DVN|CVE|TRGP|MPC,CVE,0.26558915431613983
XOM,4,DVN|CVE|TRGP|MPC,TRGP,0.16069811733249525
XOM,4,DVN|CVE|TRGP|MPC,MPC,0.22709438485061315
XOM,4,DVN|CVE|TRGP|SLB,DVN,0.27262718221394383
XOM,4,DVN|CVE|TRGP|SLB,CVE,0.2208139647160745
XOM,4,DVN|CVE|TRGP|SLB,TRGP,0.27556376956575873
XOM,4,DVN|CVE|TRGP|SLB,SLB,0.23099508350422307
XOM,4,DVN|CVE|PSX|WMB,DVN,0.2769561638683521
XOM,4,DVN|CVE|PSX|WMB,CVE,0.27339363214410406
XOM,4,DVN|CVE|PSX|WMB,PSX,0.2595515948108403
XOM,4,DVN|CVE|PSX|WMB,WMB,0.19009860917670343
XOM,4,DVN|CVE|PSX|KMI,DVN,0.2687137196903391
XOM,4,DVN|CVE|PSX|KMI,CVE,0.29834499709028567
XOM,4,DVN|CVE|PSX|KMI,PSX,0.2424232653740223
XOM,4,DVN|CVE|PSX|KMI,KMI,0.190518017845353
XOM,4,DVN|CVE|PSX|OKE,DVN,0.28752551026171397
XOM,4,DVN|CVE|PSX|OKE,CVE,0.29463705163359105
XOM,4,DVN|CVE|PSX|OKE,PSX,0.2724947223503999
XOM,4,DVN|CVE|PSX|OKE,OKE,0.14534271575429514
XOM,4,DVN|CVE|PSX|MPC,DVN,0.36084362021310334
XOM,4,DVN|CVE|PSX|MPC,CVE,0.3107350133089227
XOM,4,DVN|CVE|PSX|MPC,PSX,0.32842136647797404
XOM,4,DVN|CVE|PSX|MPC,MPC,0.0
XOM,4,DVN|CVE|PSX|SLB,DVN,0.3163502553379409
XOM,4,DVN|CVE|PSX|SLB,CVE,0.2717732484765995
XOM,4,DVN|CVE|PSX|SLB,PSX,0.2874277505994257
XOM,4,DVN|CVE|PSX|SLB,SLB,0.12444874558603373
XOM,4,DVN|CVE|WMB|KMI,DVN,0.3218768581526632
XOM,4,DVN|CVE|WMB|KMI,CVE,0.3700347704716844
XOM,4,DVN|CVE|WMB|KMI,WMB,0.0
XOM,4,DVN|CVE|WMB|KMI,KMI,0.30808837137565237
XOM,4,DVN|CVE|WMB|OKE,DVN,0.35746454944944606
XOM,4,DVN|CVE|WMB|OKE,CVE,0.34458314447713534
XOM,4,DVN|CVE|WMB|OKE,WMB,0.2979523060734186
XOM,4,DVN|CVE|WMB|OKE,OKE,4.8183469204560875e-18
XOM,4,DVN|CVE|WMB|MPC,DVN,0.29925830566581024
XOM,4,DVN|CVE|WMB|MPC,CVE,0.2696721318441662
XOM,4,DVN|CVE|WMB|MPC,WMB,0.22681566214432927
XOM,4,DVN|CVE|WMB|MPC,MPC,0.20425390034569432
XOM,4,DVN|CVE|WMB|SLB,DVN,0.2910618116419005
XOM,4,DVN|CVE|WMB|SLB,CVE,0.28244150459211886
XOM,4,DVN|CVE|WMB|SLB,WMB,0.25753966546250723
XOM,4,DVN|CVE|WMB|SLB,SLB,0.16895701830347332
XOM,4,DVN|CVE|KMI|OKE,DVN,0.32187619258883166
XOM,4,DVN|CVE|KMI|OKE,CVE,0.37003518098570565
XOM,4,DVN|CVE|KMI|OKE,KMI,0.30808862642546275
XOM,4,DVN|CVE|KMI|OKE,OKE,0.0
XOM,4,DVN|CVE|KMI|MPC,DVN,0.2842273231089378
XOM,4,DVN|CVE|KMI|MPC,CVE,0.2996105230893365
XOM,4,DVN|CVE|KMI|MPC,KMI,0.23248649337366065
XOM,4,DVN|CVE|KMI|MPC,MPC,0.18367566042806516
XOM,4,DVN|CVE|KMI|SLB,DVN,0.2502644591142514
XOM,4,DVN|CVE|KMI|SLB,CVE,0.2994032981323429
XOM,4,DVN|CVE|KMI|SLB,KMI,0.2752414378143166
XOM,4,DVN|CVE|KMI|SLB,SLB,0.17509080493908924
XOM,4,DVN|CVE|OKE|MPC,DVN,0.31088302708324234
XOM,4,DVN|CVE|OKE|MPC,CVE,0.2962892929953452
XOM,4,DVN|CVE|OKE|MPC,OKE,0.18358980401720848
XOM,4,DVN|CVE|OKE|MPC,MPC,0.20923787590420412
XOM,4,DVN|CVE|OKE|SLB,DVN,0.2763100731510948
XOM,4,DVN|CVE|OKE|SLB,CVE,0.29921861769578634
XOM,4,DVN|CVE|OKE|SLB,OKE,0.23647205737247146
XOM,4,DVN|CVE|OKE|SLB,SLB,0.18799925178064747
XOM,4,DVN|CVE|MPC|SLB,DVN,0.3303414888468968
XOM,4,DVN|CVE|MPC|SLB,CVE,0.2502642820061478
XOM,4,DVN|CVE|MPC|SLB,MPC,0.24061503051770228
XOM,4,DVN|CVE|MPC|SLB,SLB,0.17877919862925315
XOM,4,DVN|SU|TRGP|PSX,DVN,0.33027415049774894
XOM,4,DVN|SU|TRGP|PSX,SU,0.2521104085504398
XOM,4,DVN|SU|TRGP|PSX,TRGP,0.16277394702158016
XOM,4,DVN|SU|TRGP|PSX,PSX,0.2548414939302312
XOM,4,DVN|SU|TRGP|WMB,DVN,0.3973512897285709
XOM,4,DVN|SU|TRGP|WMB,SU,0.34897816719554087
XOM,4,DVN|SU|TRGP|WMB,TRGP,2.1921212674941293e-18
XOM,4,DVN|SU|TRGP|WMB,WMB,0.2536705430758882
XOM,4,DVN|SU|TRGP|KMI,DVN,0.38645743386442655
XOM,4,DVN|SU|TRGP|KMI,SU,0.3572146338599034
XOM,4,DVN|SU|TRGP|KMI,TRGP,1.7169357840844668e-17
XOM,4,DVN|SU|TRGP|KMI,KMI,0.25632793227567
XOM,4,DVN|SU|TRGP|OKE,DVN,0.3964952196823813
XOM,4,DVN|SU|TRGP|OKE,SU,0.36837430008464206
XOM,4,DVN|SU|TRGP|OKE,TRGP,0.040210977642171776
XOM,4,DVN|SU|TRGP|OKE,OKE,0.19491950259080487
XOM,4,DVN|SU|TRGP|MPC,DVN,0.37278539156869
XOM,4,DVN|SU|TRGP|MPC,SU,0.28965199673043474
XOM,4,DVN|SU|TRGP|MPC,TRGP,0.14800608375557103
XOM,4,DVN|SU|TRGP|MPC,MPC,0.18955652794530423
XOM,4,DVN|SU|TRGP|SLB,DVN,0.2885831065332315
XOM,4,DVN|SU|TRGP|SLB,SU,0.2685620724903227
XOM,4,DVN|SU|TRGP|SLB,TRGP,0.23722019458943397
XOM,4,DVN|SU|TRGP|SLB,SLB,0.20563462638701183
XOM,4,DVN|SU|PSX|WMB,DVN,0.334457542457428
XOM,4,DVN|SU|PSX|WMB,SU,0.2633816464092138
XOM,4,DVN|SU|PSX|WMB,PSX,0.22647132591314126
XOM,4,DVN|SU|PSX|WMB,WMB,0.175689485220217
XOM,4,DVN|SU|PSX|KMI,DVN,0.33983317124459883
XOM,4,DVN|SU|PSX|KMI,SU,0.2792631346246888
XOM,4,DVN|SU|PSX|KMI,PSX,0.21430292900881512
XOM,4,DVN|SU|PSX|KMI,KMI,0.16660076512189734
XOM,4,DVN|SU|PSX|OKE,DVN,0.3487895843040038
XOM,4,DVN|SU|PSX|OKE,SU,0.28460706360862464
XOM,4,DVN|SU|PSX|OKE,PSX,0.236415058473146
XOM,4,DVN|SU|PSX|OKE,OKE,0.13018829361422551
XOM,4,DVN|SU|PSX|MPC,DVN,0.41364355856425117
XOM,4,DVN|SU|PSX|MPC,SU,0.30415827477834856
XOM,4,DVN|SU|PSX|MPC,PSX,0.28219816665740016
XOM,4,DVN|SU|PSX|MPC,MPC,3.1356153855729334e-17
XOM,4,DVN|SU|PSX|SLB,DVN,0.357750836259736
XOM,4,DVN|SU|PSX|SLB,SU,0.27209026155351457
XOM,4,DVN|SU|PSX|SLB,PSX,0.2438155783276012
XOM,4,DVN|SU|PSX|SLB,SLB,0.12634332385914818
XOM,4,DVN|SU|WMB|KMI,DVN,0.3864581261151266
XOM,4,DVN|SU|WMB|KMI,SU,0.35721414605940777
XOM,4,DVN|SU|WMB|KMI,WMB,0.0
XOM,4,DVN|SU|WMB|KMI,KMI,0.25632772782546576
XOM,4,DVN|SU|WMB|OKE,DVN,0.3973518034832457
XOM,4,DVN|SU|WMB|OKE,SU,0.3489777752516557
XOM,4,DVN|SU|WMB|OKE,WMB,0.25367042126509853
XOM,4,DVN|SU|WMB|OKE,OKE,4.880497962960872e-18
XOM,4,DVN|SU|WMB|MPC,DVN,0.34387323735808445
XOM,4,DVN|SU|WMB|MPC,SU,0.2761128463890254
XOM,4,DVN|SU|WMB|MPC,WMB,0.20285522039796197
XOM,4,DVN|SU|WMB|MPC,MPC,0.1771586958549282
XOM,4,DVN|SU|WMB|SLB,DVN,0.3243091755218255
XOM,4,DVN|SU|WMB|SLB,SU,0.2974027687530813
XOM,4,DVN|SU|WMB|SLB,WMB,0.22095069397168984
XOM,4,DVN|SU|WMB|SLB,SLB,0.15733736175340335
XOM,4,DVN|SU|KMI|OKE,DVN,0.38645830013029175
XOM,4,DVN|SU|KMI|OKE,SU,0.3572140229863183
XOM,4,DVN|SU|KMI|OKE,KMI,0.25632767688339
XOM,4,DVN|SU|KMI|OKE,OKE,0.0
XOM,4,DVN|SU|KMI|MPC,DVN,0.34533222625303744
XOM,4,DVN|SU|KMI|MPC,SU,0.2919798774795355
XOM,4,DVN|SU|KMI|MPC,KMI,0.19940437960632504
XOM,4,DVN|SU|KMI|MPC,MPC,0.1632835166611021
XOM,4,DVN|SU|KMI|SLB,DVN,0.3027186576770714
XOM,4,DVN|SU|KMI|SLB,SU,0.2969887457776763
XOM,4,DVN|SU|KMI|SLB,KMI,0.23275283591010945
XOM,4,DVN|SU|KMI|SLB,SLB,0.16753976063514298
XOM,4,DVN|SU|OKE|MPC,DVN,0.35909419594279957
XOM,4,DVN|SU|OKE|MPC,SU,0.3023451571192082
XOM,4,DVN|SU|OKE|MPC,OKE,0.15877483206477117
XOM,4,DVN|SU|OKE|MPC,MPC,0.17978581487322115
XOM,4,DVN|SU|OKE|SLB,DVN,0.31569961053316425
XOM,4,DVN|SU|OKE|SLB,SU,0.3124248024058521
XOM,4,DVN|SU|OKE|SLB,OKE,0.19828637696882426
XOM,4,DVN|SU|OKE|SLB,SLB,0.17358921009215944
XOM,4,DVN|SU|MPC|SLB,DVN,0.35544314718465336
XOM,4,DVN|SU|MPC|SLB,SU,0.27388138521796523
XOM,4,DVN|SU|MPC|SLB,MPC,0.20375962998954852
XOM,4,DVN|SU|MPC|SLB,SLB,0.1669158376078329
XOM,4,DVN|TRGP|PSX|WMB,DVN,0.4256476486302605
XOM,4,DVN|TRGP|PSX|WMB,TRGP,0.12986203782749572
XOM,4,DVN|TRGP|PSX|WMB,PSX,0.3098929847946549
XOM,4,DVN|TRGP|PSX|WMB,WMB,0.1345973287475889
XOM,4,DVN|TRGP|PSX|KMI,DVN,0.42358299780443215
XOM,4,DVN|TRGP|PSX|KMI,TRGP,0.19891979716739175
XOM,4,DVN|TRGP|PSX|KMI,PSX,0.31582233596065495
XOM,4,DVN|TRGP|PSX|KMI,KMI,0.06167486906752118
XOM,4,DVN|TRGP|PSX|OKE,DVN,0.4198500140446659
XOM,4,DVN|TRGP|PSX|OKE,TRGP,0.2508716309592599
XOM,4,DVN|TRGP|PSX|OKE,PSX,0.3292783549960743
XOM,4,DVN|TRGP|PSX|OKE,OKE,9.106662974167797e-19
XOM,4,DVN|TRGP|PSX|MPC,DVN,0.41984978203778006
XOM,4,DVN|TRGP|PSX|MPC,TRGP,0.2508719590896566
XOM,4,DVN|TRGP|PSX|MPC,PSX,0.3292782588725634
XOM,4,DVN|TRGP|PSX|MPC,MPC,0.0
XOM,4,DVN|TRGP|PSX|SLB,DVN,0.30603639740792177
XOM,4,DVN|TRGP|PSX|SLB,TRGP,0.2556386169456313
XOM,4,DVN|TRGP|PSX|SLB,PSX,0.25270442595988374
XOM,4,DVN|TRGP|PSX|SLB,SLB,0.1856205596865633
XOM,4,DVN|TRGP|WMB|KMI,DVN,0.5866278992678072
XOM,4,DVN|TRGP|WMB|KMI,TRGP,0.12311592377957166
XOM,4,DVN|TRGP|WMB|KMI,WMB,0.16890645048601458
XOM,4,DVN|TRGP|WMB|KMI,KMI,0.12134972646660645
XOM,4,DVN|TRGP|WMB|OKE,DVN,0.5894136255671809
XOM,4,DVN|TRGP|WMB|OKE,TRGP,0.11994746718293921
XOM,4,DVN|TRGP|WMB|OKE,WMB,0.2906389072498799
XOM,4,DVN|TRGP|WMB|OKE,OKE,0.0
XOM,4,DVN|TRGP|WMB|MPC,DVN,0.47109480583218966
XOM,4,DVN|TRGP|WMB|MPC,TRGP,0.0
XOM,4,DVN|TRGP|WMB|MPC,WMB,0.2637068590445455
XOM,4,DVN|TRGP|WMB|MPC,MPC,0.2651983351232649
XOM,4,DVN|TRGP|WMB|SLB,DVN,0.37527480711707273
XOM,4,DVN|TRGP|WMB|SLB,TRGP,0.2583939094022167
XOM,4,DVN|TRGP|WMB|SLB,WMB,0.10299400755990097
XOM,4,DVN|TRGP|WMB|SLB,SLB,0.2633372759208095
XOM,4,DVN|TRGP|KMI|OKE,DVN,0.5843422602946163
XOM,4,DVN|TRGP|KMI|OKE,TRGP,0.15282084250855196
XOM,4,DVN|TRGP|KMI|OKE,KMI,0.2628368971968318
XOM,4,DVN|TRGP|KMI|OKE,OKE,0.0
XOM,4,DVN|TRGP|KMI|MPC,DVN,0.48267444591250896
XOM,4,DVN|TRGP|KMI|MPC,TRGP,0.044263082965533065
XOM,4,DVN|TRGP|KMI|MPC,KMI,0.21732840184973273
XOM,4,DVN|TRGP|KMI|MPC,MPC,0.25573406927222525
XOM,4,DVN|TRGP|KMI|SLB,DVN,0.37068658523463305
XOM,4,DVN|TRGP|KMI|SLB,TRGP,0.21371889516518236
XOM,4,DVN|TRGP|KMI|SLB,KMI,0.1531277699477175
XOM,4,DVN|TRGP|KMI|SLB,SLB,0.2624667496524671
XOM,4,DVN|TRGP|OKE|MPC,DVN,0.4844587086250788
XOM,4,DVN|TRGP|OKE|MPC,TRGP,0.15025203375878135
XOM,4,DVN|TRGP|OKE|MPC,OKE,0.09876028494522551
XOM,4,DVN|TRGP|OKE|MPC,MPC,0.26652897267091447
XOM,4,DVN|TRGP|OKE|SLB,DVN,0.3625123728370896
XOM,4,DVN|TRGP|OKE|SLB,TRGP,0.35455568872382215
XOM,4,DVN|TRGP|OKE|SLB,OKE,8.254336070993157e-19
XOM,4,DVN|TRGP|OKE|SLB,SLB,0.2829319384390883
XOM,4,DVN|TRGP|MPC|SLB,DVN,0.32230127442102763
XOM,4,DVN|TRGP|MPC|SLB,TRGP,0.2429779525200989
XOM,4,DVN|TRGP|MPC|SLB,MPC,0.2022297180005278
XOM,4,DVN|TRGP|MPC|SLB,SLB,0.23249105505834575
XOM,4,DVN|PSX|WMB|KMI,DVN,0.4604361883445897
XOM,4,DVN|PSX|WMB|KMI,PSX,0.308915922440593
XOM,4,DVN|PSX|WMB|KMI,WMB,0.23064788921481746
XOM,4,DVN|PSX|WMB|KMI,KMI,0.0
XOM,4,DVN|PSX|WMB|OKE,DVN,0.46043655128489175
XOM,4,DVN|PSX|WMB|OKE,PSX,0.3089153938150211
XOM,4,DVN|PSX|WMB|OKE,WMB,0.2306480549000871
XOM,4,DVN|PSX|WMB|OKE,OKE,0.0
XOM,4,DVN|PSX|WMB|MPC,DVN,0.4604365844966914
XOM,4,DVN|PSX|WMB|MPC,PSX,0.30891535012953786
XOM,4,DVN|PSX|WMB|MPC,WMB,0.23064806537377083
XOM,4,DVN|PSX|WMB|MPC,MPC,0.0
XOM,4,DVN|PSX|WMB|SLB,DVN,0.3849805196134462
XOM,4,DVN|PSX|WMB|SLB,PSX,0.2577635109055499
XOM,4,DVN|PSX|WMB|SLB,WMB,0.205925833524296
XOM,4,DVN|PSX|WMB|SLB,SLB,0.1513301359567079
XOM,4,DVN|PSX|KMI|OKE,DVN,0.48689736891090435
XOM,4,DVN|PSX|KMI|OKE,PSX,0.30726586288811125
XOM,4,DVN|PSX|KMI|OKE,KMI,0.20583676820098443
XOM,4,DVN|PSX|KMI|OKE,OKE,3.906415367574347e-17
XOM,4,DVN|PSX|KMI|MPC,DVN,0.48689770110353364
XOM,4,DVN|PSX|KMI|MPC,PSX,0.30726548579747875
XOM,4,DVN|PSX|KMI|MPC,KMI,0.2058368130989877
XOM,4,DVN|PSX|KMI|MPC,MPC,1.3862845617229299e-17
XOM,4,DVN|PSX|KMI|SLB,DVN,0.38908622673829685
XOM,4,DVN|PSX|KMI|SLB,PSX,0.24163222396546416
XOM,4,DVN|PSX|KMI|SLB,KMI,0.1969415388990143
XOM,4,DVN|PSX|KMI|SLB,SLB,0.17234001039722457
XOM,4,DVN|PSX|OKE|MPC,DVN,0.49512160106429387
XOM,4,DVN|PSX|OKE|MPC,PSX,0.33245243471508706
XOM,4,DVN|PSX|OKE|MPC,OKE,0.17242596422061915
XOM,4,DVN|PSX|OKE|MPC,MPC,0.0
XOM,4,DVN|PSX|OKE|SLB,DVN,0.39933782575598464
XOM,4,DVN|PSX|OKE|SLB,PSX,0.26739668829451474
XOM,4,DVN|PSX|OKE|SLB,OKE,0.16095229776425835
XOM,4,DVN|PSX|OKE|SLB,SLB,0.17231318818524216
XOM,4,DVN|PSX|MPC|SLB,DVN,0.48895950727211607
XOM,4,DVN|PSX|MPC|SLB,PSX,0.33016336119065715
XOM,4,DVN|PSX|MPC|SLB,MPC,3.85717628355927e-19
XOM,4,DVN|PSX|MPC|SLB,SLB,0.18087713153722676
XOM,4,DVN|WMB|KMI|OKE,DVN,0.6193330828852734
XOM,4,DVN|WMB|KMI|OKE,WMB,0.2721058913485413
XOM,4,DVN|WMB|KMI|OKE,KMI,0.10856102576618526
XOM,4,DVN|WMB|KMI|OKE,OKE,2.4943426230744636e-17
XOM,4,DVN|WMB|KMI|MPC,DVN,0.47109485185335337
XOM,4,DVN|WMB|KMI|MPC,WMB,0.26370678690698524
XOM,4,DVN|WMB|KMI|MPC,KMI,4.496326169733684e-17
XOM,4,DVN|WMB|KMI|MPC,MPC,0.2651983612396615
XOM,4,DVN|WMB|KMI|SLB,DVN,0.4436319243119571
XOM,4,DVN|WMB|KMI|SLB,WMB,4.446922973085077e-20
XOM,4,DVN|WMB|KMI|SLB,KMI,0.30625204834028474
XOM,4,DVN|WMB|KMI|SLB,SLB,0.2501160273477583
XOM,4,DVN|WMB|OKE|MPC,DVN,0.471094901378364
XOM,4,DVN|WMB|OKE|MPC,WMB,0.26370680301610605
XOM,4,DVN|WMB|OKE|MPC,OKE,2.4628118216129223e-17
XOM,4,DVN|WMB|OKE|MPC,MPC,0.2651982956055298
XOM,4,DVN|WMB|OKE|SLB,DVN,0.4637596522080167
XOM,4,DVN|WMB|OKE|SLB,WMB,0.3029672560872401
XOM,4,DVN|WMB|OKE|SLB,OKE,4.752913625280693e-18
XOM,4,DVN|WMB|OKE|SLB,SLB,0.2332730917047432
XOM,4,DVN|WMB|MPC|SLB,DVN,0.36616413969695466
XOM,4,DVN|WMB|MPC|SLB,WMB,0.2191312608405318
XOM,4,DVN|WMB|MPC|SLB,MPC,0.2274781011120047
XOM,4,DVN|WMB|MPC|SLB,SLB,0.18722649835050884
XOM,4,DVN|KMI|OKE|MPC,DVN,0.4932258576241974
XOM,4,DVN|KMI|OKE|MPC,KMI,0.24598237978812204
XOM,4,DVN|KMI|OKE|MPC,OKE,0.0
XOM,4,DVN|KMI|OKE|MPC,MPC,0.26079176258768055
XOM,4,DVN|KMI|OKE|SLB,DVN,0.44363192779769206
XOM,4,DVN|KMI|OKE|SLB,KMI,0.3062520254615183
XOM,4,DVN|KMI|OKE|SLB,OKE,0.0
XOM,4,DVN|KMI|OKE|SLB,SLB,0.2501160467407896
XOM,4,DVN|KMI|MPC|SLB,DVN,0.36512861639669647
XOM,4,DVN|KMI|MPC|SLB,KMI,0.2159547266168449
XOM,4,DVN|KMI|MPC|SLB,MPC,0.214011762505094
XOM,4,DVN|KMI|MPC|SLB,SLB,0.20490489448136454
XOM,4,DVN|OKE|MPC|SLB,DVN,0.38047929041797574
XOM,4,DVN|OKE|MPC|SLB,OKE,0.17474697534419215
XOM,4,DVN|OKE|MPC|SLB,MPC,0.23344396399695924
XOM,4,DVN|OKE|MPC|SLB,SLB,0.21132977024087288
XOM,4,HAL|CNQ|FANG|CVE,HAL,0.3349959563438258
XOM,4,HAL|CNQ|FANG|CVE,CNQ,0.34932430815781723
XOM,4,HAL|CNQ|FANG|CVE,FANG,0.3156797354983569
XOM,4,HAL|CNQ|FANG|CVE,CVE,0.0
XOM,4,HAL|CNQ|FANG|SU,HAL,0.34039272628785955
XOM,4,HAL|CNQ|FANG|SU,CNQ,0.0
XOM,4,HAL|CNQ|FANG|SU,FANG,0.3316331631167002
XOM,4,HAL|CNQ|FANG|SU,SU,0.32797411059544024
XOM,4,HAL|CNQ|FANG|TRGP,HAL,0.2674698465764021
XOM,4,HAL|CNQ|FANG|TRGP,CNQ,0.2420535424801383
XOM,4,HAL|CNQ|FANG|TRGP,FANG,0.2603803507900515
XOM,4,HAL|CNQ|FANG|TRGP,TRGP,0.23009626015340806
XOM,4,HAL|CNQ|FANG|PSX,HAL,0.2556137600686439
XOM,4,HAL|CNQ|FANG|PSX,CNQ,0.27830861962227904
XOM,4,HAL|CNQ|FANG|PSX,FANG,0.22124769890034993
XOM,4,HAL|CNQ|FANG|PSX,PSX,0.24482992140872728
XOM,4,HAL|CNQ|FANG|WMB,HAL,0.239146728738361
XOM,4,HAL|CNQ|FANG|WMB,CNQ,0.275295909144911
XOM,4,HAL|CNQ|FANG|WMB,FANG,0.2848988978401273
XOM,4,HAL|CNQ|FANG|WMB,WMB,0.20065846427660075
XOM,4,HAL|CNQ|FANG|KMI,HAL,0.24430843935312926
XOM,4,HAL|CNQ|FANG|KMI,CNQ,0.2809180043388162
XOM,4,HAL|CNQ|FANG|KMI,FANG,0.263864390724964
XOM,4,HAL|CNQ|FANG|KMI,KMI,0.21090916558309064
XOM,4,HAL|CNQ|FANG|OKE,HAL,0.2683190834075342
XOM,4,HAL|CNQ|FANG|OKE,CNQ,0.29769310617235845
XOM,4,HAL|CNQ|FANG|OKE,FANG,0.2577315212055112
XOM,4,HAL|CNQ|FANG|OKE,OKE,0.17625628921459627
XOM,4,HAL|CNQ|FANG|MPC,HAL,0.28939990642476154
XOM,4,HAL|CNQ|FANG|MPC,CNQ,0.2653171212990277
XOM,4,HAL|CNQ|FANG|MPC,FANG,0.2180383067693436
XOM,4,HAL|CNQ|FANG|MPC,MPC,0.2272446655068672
XOM,4,HAL|CNQ|FANG|SLB,HAL,0.33499605319186193
XOM,4,HAL|CNQ|FANG|SLB,CNQ,0.349324316362447
XOM,4,HAL|CNQ|FANG|SLB,FANG,0.3156796304456911
XOM,4,HAL|CNQ|FANG|SLB,SLB,0.0
XOM,4,HAL|CNQ|CVE|SU,HAL,0.5073381837344042
XOM,4,HAL|CNQ|CVE|SU,CNQ,0.3249708786261901
XOM,4,HAL|CNQ|CVE|SU,CVE,0.08932272399106775
XOM,4,HAL|CNQ|CVE|SU,SU,0.07836821364833801
XOM,4,HAL|CNQ|CVE|TRGP,HAL,0.3880900018930823
XOM,4,HAL|CNQ|CVE|TRGP,CNQ,0.33244649556581296
XOM,4,HAL|CNQ|CVE|TRGP,CVE,0.0
XOM,4,HAL|CNQ|CVE|TRGP,TRGP,0.2794635025411048
XOM,4,HAL|CNQ|CVE|PSX,HAL,0.3397505442381075
XOM,4,HAL|CNQ|CVE|PSX,CNQ,0.16556149409327853
XOM,4,HAL|CNQ|CVE|PSX,CVE,0.19481758939465435
XOM,4,HAL|CNQ|CVE|PSX,PSX,0.2998703722739596
XOM,4,HAL|CNQ|CVE|WMB,HAL,0.3471190422834522
XOM,4,HAL|CNQ|CVE|WMB,CNQ,0.0650103185765282
XOM,4,HAL|CNQ|CVE|WMB,CVE,0.32360473325315214
XOM,4,HAL|CNQ|CVE|WMB,WMB,0.26426590588686755
XOM,4,HAL|CNQ|CVE|KMI,HAL,0.3250003806572468
XOM,4,HAL|CNQ|CVE|KMI,CNQ,3.137198278393115e-18
XOM,4,HAL|CNQ|CVE|KMI,CVE,0.3822981221381814
XOM,4,HAL|CNQ|CVE|KMI,KMI,0.29270149720457184
XOM,4,HAL|CNQ|CVE|OKE,HAL,0.36084362603856424
XOM,4,HAL|CNQ|CVE|OKE,CNQ,0.14835725031047498
XOM,4,HAL|CNQ|CVE|OKE,CVE,0.2443187078492519
XOM,4,HAL|CNQ|CVE|OKE,OKE,0.24648041580170896
XOM,4,HAL|CNQ|CVE|MPC,HAL,0.38717341054615084
XOM,4,HAL|CNQ|CVE|MPC,CNQ,0.33776381328234234
XOM,4,HAL|CNQ|CVE|MPC,CVE,3.0505891595363627e-18
XOM,4,HAL|CNQ|CVE|MPC,MPC,0.2750627761715069
XOM,4,HAL|CNQ|CVE|SLB,HAL,0.5025476387128361
XOM,4,HAL|CNQ|CVE|SLB,CNQ,0.38009541014324894
XOM,4,HAL|CNQ|CVE|SLB,CVE,0.11735695114391495
XOM,4,HAL|CNQ|CVE|SLB,SLB,0.0
XOM,4,HAL|CNQ|SU|TRGP,HAL,0.3965635770048236
XOM,4,HAL|CNQ|SU|TRGP,CNQ,0.1311220325132039
XOM,4,HAL|CNQ|SU|TRGP,SU,0.19089643808835338
XOM,4,HAL|CNQ|SU|TRGP,TRGP,0.2814179523936192
XOM,4,HAL|CNQ|SU|PSX,HAL,0.34916641109712987
XOM,4,HAL|CNQ|SU|PSX,CNQ,0.3559388523131609
XOM,4,HAL|CNQ|SU|PSX,SU,0.0
XOM,4,HAL|CNQ|SU|PSX,PSX,0.29489473658970927
XOM,4,HAL|CNQ|SU|WMB,HAL,0.37406656455594756
XOM,4,HAL|CNQ|SU|WMB,CNQ,0.0
XOM,4,HAL|CNQ|SU|WMB,SU,0.3681900843769944
XOM,4,HAL|CNQ|SU|WMB,WMB,0.2577433510670579
XOM,4,HAL|CNQ|SU|KMI,HAL,0.36834600901190073
XOM,4,HAL|CNQ|SU|KMI,CNQ,0.0
XOM,4,HAL|CNQ|SU|KMI,SU,0.36119361375087283
XOM,4,HAL|CNQ|SU|KMI,KMI,0.2704603772372265
XOM,4,HAL|CNQ|SU|OKE,HAL,0.38551782726323996
XOM,4,HAL|CNQ|SU|OKE,CNQ,0.007502040357584677
XOM,4,HAL|CNQ|SU|OKE,SU,0.35824062240662946
XOM,4,HAL|CNQ|SU|OKE,OKE,0.2487395099725459
XOM,4,HAL|CNQ|SU|MPC,HAL,0.3871732205721471
XOM,4,HAL|CNQ|SU|MPC,CNQ,0.3377636530788952
XOM,4,HAL|CNQ|SU|MPC,SU,6.762541644288883e-17
XOM,4,HAL|CNQ|SU|MPC,MPC,0.2750631263489577
XOM,4,HAL|CNQ|SU|SLB,HAL,0.5137044189043992
XOM,4,HAL|CNQ|SU|SLB,CNQ,0.34087862539651653
XOM,4,HAL|CNQ|SU|SLB,SU,0.14541695569908406
XOM,4,HAL|CNQ|SU|SLB,SLB,4.336808689942018e-17
XOM,4,HAL|CNQ|TRGP|PSX,HAL,0.2872923232932896
XOM,4,HAL|CNQ|TRGP|PSX,CNQ,0.26000273994678014
XOM,4,HAL|CNQ|TRGP|PSX,TRGP,0.2038685358432632
XOM,4,HAL|CNQ|TRGP|PSX,PSX,0.2488364009166672
XOM,4,HAL|CNQ|TRGP|WMB,HAL,0.37993682328817713
XOM,4,HAL|CNQ|TRGP|WMB,CNQ,0.33422018965735556
XOM,4,HAL|CNQ|TRGP|WMB,TRGP,0.24606038848479875
XOM,4,HAL|CNQ|TRGP|WMB,WMB,0.039782598569668634
XOM,4,HAL|CNQ|TRGP|KMI,HAL,0.3609324101630742
XOM,4,HAL|CNQ|TRGP|KMI,CNQ,0.3419715592872886
XOM,4,HAL|CNQ|TRGP|KMI,TRGP,0.1559400206883688
XOM,4,HAL|CNQ|TRGP|KMI,KMI,0.14115600986126856
XOM,4,HAL|CNQ|TRGP|OKE,HAL,0.3781690948859195
XOM,4,HAL|CNQ|TRGP|OKE,CNQ,0.33741535390650246
XOM,4,HAL|CNQ|TRGP|OKE,TRGP,0.2255680875761992
XOM,4,HAL|CNQ|TRGP|OKE,OKE,0.05884746363137895
XOM,4,HAL|CNQ|TRGP|MPC,HAL,0.3422978872932723
XOM,4,HAL|CNQ|TRGP|MPC,CNQ,0.275494109986987
XOM,4,HAL|CNQ|TRGP|MPC,TRGP,0.16319815185163056
XOM,4,HAL|CNQ|TRGP|MPC,MPC,0.21900985086811015
XOM,4,HAL|CNQ|TRGP|SLB,HAL,0.38344801828369546
XOM,4,HAL|CNQ|TRGP|SLB,CNQ,0.33251053830375826
XOM,4,HAL|CNQ|TRGP|SLB,TRGP,0.2804155866635041
XOM,4,HAL|CNQ|TRGP|SLB,SLB,0.0036258567490422815
XOM,4,HAL|CNQ|PSX|WMB,HAL,0.28692737367484156
XOM,4,HAL|CNQ|PSX|WMB,CNQ,0.3091373274402516
XOM,4,HAL|CNQ|PSX|WMB,PSX,0.2558431802912489
XOM,4,HAL|CNQ|PSX|WMB,WMB,0.14809211859365798
XOM,4,HAL|CNQ|PSX|KMI,HAL,0.29342034664079925
XOM,4,HAL|CNQ|PSX|KMI,CNQ,0.315835551725715
XOM,4,HAL|CNQ|PSX|KMI,PSX,0.23647340173652798
XOM,4,HAL|CNQ|PSX|KMI,KMI,0.15427069989695763
XOM,4,HAL|CNQ|PSX|OKE,HAL,0.2990067848152312
XOM,4,HAL|CNQ|PSX|OKE,CNQ,0.3179983063581966
XOM,4,HAL|CNQ|PSX|OKE,PSX,0.2479532178147217
XOM,4,HAL|CNQ|PSX|OKE,OKE,0.13504169101185048
XOM,4,HAL|CNQ|PSX|MPC,HAL,0.3640883812634508
XOM,4,HAL|CNQ|PSX|MPC,CNQ,0.3425265332162709
XOM,4,HAL|CNQ|PSX|MPC,PSX,0.15177520017183246
XOM,4,HAL|CNQ|PSX|MPC,MPC,0.14160988534844587
XOM,4,HAL|CNQ|PSX|SLB,HAL,0.34916652586278446
XOM,4,HAL|CNQ|PSX|SLB,CNQ,0.35593881161056135
XOM,4,HAL|CNQ|PSX|SLB,PSX,0.2948946625266542
XOM,4,HAL|CNQ|PSX|SLB,SLB,4.475724740269683e-17
XOM,4,HAL|CNQ|WMB|KMI,HAL,0.36419903710962526
XOM,4,HAL|CNQ|WMB|KMI,CNQ,0.38308136037337487
XOM,4,HAL|CNQ|WMB|KMI,WMB,7.046467088208525e-18
XOM,4,HAL|CNQ|WMB|KMI,KMI,0.25271960251699976
XOM,4,HAL|CNQ|WMB|OKE,HAL,0.3708505652922285
XOM,4,HAL|CNQ|WMB|OKE,CNQ,0.38592214936337116
XOM,4,HAL|CNQ|WMB|OKE,WMB,0.06985733339104047
XOM,4,HAL|CNQ|WMB|OKE,OKE,0.17336995195335989
XOM,4,HAL|CNQ|WMB|MPC,HAL,0.3202731546710532
XOM,4,HAL|CNQ|WMB|MPC,CNQ,0.29368802020620305
XOM,4,HAL|CNQ|WMB|MPC,WMB,0.14752259054064967
XOM,4,HAL|CNQ|WMB|MPC,MPC,0.2385162345820941
XOM,4,HAL|CNQ|WMB|SLB,HAL,0.3759552592267743
XOM,4,HAL|CNQ|WMB|SLB,CNQ,0.3911622862183528
XOM,4,HAL|CNQ|WMB|SLB,WMB,0.23288245455487294
XOM,4,HAL|CNQ|WMB|SLB,SLB,0.0
XOM,4,HAL|CNQ|KMI|OKE,HAL,0.36419916152231446
XOM,4,HAL|CNQ|KMI|OKE,CNQ,0.3830815774432891
XOM,4,HAL|CNQ|KMI|OKE,KMI,0.25271926103439657
XOM,4,HAL|CNQ|KMI|OKE,OKE,2.1700984108655175e-18
XOM,4,HAL|CNQ|KMI|MPC,HAL,0.3207301410877173
XOM,4,HAL|CNQ|KMI|MPC,CNQ,0.2985057290879067
XOM,4,HAL|CNQ|KMI|MPC,KMI,0.15887667308135672
XOM,4,HAL|CNQ|KMI|MPC,MPC,0.2218874567430193
XOM,4,HAL|CNQ|KMI|SLB,HAL,0.364199240740275
XOM,4,HAL|CNQ|KMI|SLB,CNQ,0.3830813684153485
XOM,4,HAL|CNQ|KMI|SLB,KMI,0.2527193908443766
XOM,4,HAL|CNQ|KMI|SLB,SLB,0.0
XOM,4,HAL|CNQ|OKE|MPC,HAL,0.3334878965445153
XOM,4,HAL|CNQ|OKE|MPC,CNQ,0.30484786210196124
XOM,4,HAL|CNQ|OKE|MPC,OKE,0.1309509861964066
XOM,4,HAL|CNQ|OKE|MPC,MPC,0.23071325515711688
XOM,4,HAL|CNQ|OKE|SLB,HAL,0.3771514369839356
XOM,4,HAL|CNQ|OKE|SLB,CNQ,0.39042670328471835
XOM,4,HAL|CNQ|OKE|SLB,OKE,0.23242185973134624
XOM,4,HAL|CNQ|OKE|SLB,SLB,0.0
XOM,4,HAL|CNQ|MPC|SLB,HAL,0.3871734869936058
XOM,4,HAL|CNQ|MPC|SLB,CNQ,0.337763626027376
XOM,4,HAL|CNQ|MPC|SLB,MPC,0.27506288697901826
XOM,4,HAL|CNQ|MPC|SLB,SLB,0.0
XOM,4,HAL|FANG|CVE|SU,HAL,0.3403932952291888
XOM,4,HAL|FANG|CVE|SU,FANG,0.33163324505785097
XOM,4,HAL|FANG|CVE|SU,CVE,0.0
XOM,4,HAL|FANG|CVE|SU,SU,0.32797345971296027
XOM,4,HAL|FANG|CVE|TRGP,HAL,0.2983299229186443
XOM,4,HAL|FANG|CVE|TRGP,FANG,0.2639525734464854
XOM,4,HAL|FANG|CVE|TRGP,CVE,0.1919044647967183
XOM,4,HAL|FANG|CVE|TRGP,TRGP,0.2458130388381519
XOM,4,HAL|FANG|CVE|PSX,HAL,0.27282465526433974
XOM,4,HAL|FANG|CVE|PSX,FANG,0.20187923137302077
XOM,4,HAL|FANG|CVE|PSX,CVE,0.2598902613467016
XOM,4,HAL|FANG|CVE|PSX,PSX,0.2654058520159378
XOM,4,HAL|FANG|CVE|WMB,HAL,0.2395372096746425
XOM,4,HAL|FANG|CVE|WMB,FANG,0.26177587357819543
XOM,4,HAL|FANG|CVE|WMB,CVE,0.2628534469369694
XOM,4,HAL|FANG|CVE|WMB,WMB,0.23583346981019274
XOM,4,HAL|FANG|CVE|KMI,HAL,0.23938469477615565
XOM,4,HAL|FANG|CVE|KMI,FANG,0.22945148575915514
XOM,4,HAL|FANG|CVE|KMI,CVE,0.2814976491407562
XOM,4,HAL|FANG|CVE|KMI,KMI,0.24966617032393298
XOM,4,HAL|FANG|CVE|OKE,HAL,0.2806902846215094
XOM,4,HAL|FANG|CVE|OKE,FANG,0.23407808001047234
XOM,4,HAL|FANG|CVE|OKE,CVE,0.27761305071762343
XOM,4,HAL|FANG|CVE|OKE,OKE,0.20761858465039484
XOM,4,HAL|FANG|CVE|MPC,HAL,0.32537566509704824
XOM,4,HAL|FANG|CVE|MPC,FANG,0.2204410940803879
XOM,4,HAL|FANG|CVE|MPC,CVE,0.21904456049158424
XOM,4,HAL|FANG|CVE|MPC,MPC,0.23513868033097968
XOM,4,HAL|FANG|CVE|SLB,HAL,0.37689484972827914
XOM,4,HAL|FANG|CVE|SLB,FANG,0.31403147380561747
XOM,4,HAL|FANG|CVE|SLB,CVE,0.3090736764661035
XOM,4,HAL|FANG|CVE|SLB,SLB,0.0
XOM,4,HAL|FANG|SU|TRGP,HAL,0.26851441010581056
XOM,4,HAL|FANG|SU|TRGP,FANG,0.2692649555440246
XOM,4,HAL|FANG|SU|TRGP,SU,0.23561278267044522
XOM,4,HAL|FANG|SU|TRGP,TRGP,0.22660785167971967
XOM,4,HAL|FANG|SU|PSX,HAL,0.2736880335592321
XOM,4,HAL|FANG|SU|PSX,FANG,0.24721993230123496
XOM,4,HAL|FANG|SU|PSX,SU,0.2492458329419301
XOM,4,HAL|FANG|SU|PSX,PSX,0.229846201197603
XOM,4,HAL|FANG|SU|WMB,HAL,0.226124019057382
XOM,4,HAL|FANG|SU|WMB,FANG,0.28604499124125865
XOM,4,HAL|FANG|SU|WMB,SU,0.27489274789155377
XOM,4,HAL|FANG|SU|WMB,WMB,0.2129382418098056
XOM,4,HAL|FANG|SU|KMI,HAL,0.2359288870392853
XOM,4,HAL|FANG|SU|KMI,FANG,0.2670449513227058
XOM,4,HAL|FANG|SU|KMI,SU,0.2776921488234971
XOM,4,HAL|FANG|SU|KMI,KMI,0.21933401281451195
XOM,4,HAL|FANG|SU|OKE,HAL,0.26397952559446203
XOM,4,HAL|FANG|SU|OKE,FANG,0.26376173072457987
XOM,4,HAL|FANG|SU|OKE,SU,0.28835573576059537
XOM,4,HAL|FANG|SU|OKE,OKE,0.18390300792036268
XOM,4,HAL|FANG|SU|MPC,HAL,0.30975558087868643
XOM,4,HAL|FANG|SU|MPC,FANG,0.24828250950496217
XOM,4,HAL|FANG|SU|MPC,SU,0.231869747398106
XOM,4,HAL|FANG|SU|MPC,MPC,0.2100921622182455
XOM,4,HAL|FANG|SU|SLB,HAL,0.34039345260783854
XOM,4,HAL|FANG|SU|SLB,FANG,0.3316330180807642
XOM,4,HAL|FANG|SU|SLB,SU,0.3279735293113974
XOM,4,HAL|FANG|SU|SLB,SLB,0.0
XOM,4,HAL|FANG|TRGP|PSX,HAL,0.2788994543913446
XOM,4,HAL|FANG|TRGP|PSX,FANG,0.24782720554742027
XOM,4,HAL|FANG|TRGP|PSX,TRGP,0.24125511738088165
XOM,4,HAL|FANG|TRGP|PSX,PSX,0.23201822268035355
XOM,4,HAL|FANG|TRGP|WMB,HAL,0.3400157822554124
XOM,4,HAL|FANG|TRGP|WMB,FANG,0.3400983804838741
XOM,4,HAL|FANG|TRGP|WMB,TRGP,0.26491436250040873
XOM,4,HAL|FANG|TRGP|WMB,WMB,0.054971474760304916
XOM,4,HAL|FANG|TRGP|KMI,HAL,0.33801022986374574
XOM,4,HAL|FANG|TRGP|KMI,FANG,0.3357292388181092
XOM,4,HAL|FANG|TRGP|KMI,TRGP,0.23082803971596227
XOM,4,HAL|FANG|TRGP|KMI,KMI,0.09543249160218285
XOM,4,HAL|FANG|TRGP|OKE,HAL,0.3520533285719322
XOM,4,HAL|FANG|TRGP|OKE,FANG,0.3368436596588724
XOM,4,HAL|FANG|TRGP|OKE,TRGP,0.3111030117691952
XOM,4,HAL|FANG|TRGP|OKE,OKE,4.3927128644608016e-18
XOM,4,HAL|FANG|TRGP|MPC,HAL,0.329174498478527
XOM,4,HAL|FANG|TRGP|MPC,FANG,0.26439381457850664
XOM,4,HAL|FANG|TRGP|MPC,TRGP,0.20737045790382105
XOM,4,HAL|FANG|TRGP|MPC,MPC,0.1990612290391453
XOM,4,HAL|FANG|TRGP|SLB,HAL,0.35205443864852093
XOM,4,HAL|FANG|TRGP|SLB,FANG,0.33684262467191706
XOM,4,HAL|FANG|TRGP|SLB,TRGP,0.311102936679562
XOM,4,HAL|FANG|TRGP|SLB,SLB,2.401846625234294e-17
XOM,4,HAL|FANG|PSX|WMB,HAL,0.2782508753773648
XOM,4,HAL|FANG|PSX|WMB,FANG,0.2935210103569553
XOM,4,HAL|FANG|PSX|WMB,PSX,0.23720498101598794
XOM,4,HAL|FANG|PSX|WMB,WMB,0.19102313324969192
XOM,4,HAL|FANG|PSX|KMI,HAL,0.3052864790325964
XOM,4,HAL|FANG|PSX|KMI,FANG,0.2912536388861023
XOM,4,HAL|FANG|PSX|KMI,PSX,0.225077299771183
XOM,4,HAL|FANG|PSX|KMI,KMI,0.17838258231011841
XOM,4,HAL|FANG|PSX|OKE,HAL,0.3250493308215729
XOM,4,HAL|FANG|PSX|OKE,FANG,0.28343482501745637
XOM,4,HAL|FANG|PSX|OKE,PSX,0.2466052474124818
XOM,4,HAL|FANG|PSX|OKE,OKE,0.1449105967484889
XOM,4,HAL|FANG|PSX|MPC,HAL,0.39641696121780595
XOM,4,HAL|FANG|PSX|MPC,FANG,0.3111526903419285
XOM,4,HAL|FANG|PSX|MPC,PSX,0.09647488055591048
XOM,4,HAL|FANG|PSX|MPC,MPC,0.19595546788435514
XOM,4,HAL|FANG|PSX|SLB,HAL,0.37905072756302516
XOM,4,HAL|FANG|PSX|SLB,FANG,0.3255386340599734
XOM,4,HAL|FANG|PSX|SLB,PSX,0.2954106383770013
XOM,4,HAL|FANG|PSX|SLB,SLB,0.0
XOM,4,HAL|FANG|WMB|KMI,HAL,0.3579971412906149
XOM,4,HAL|FANG|WMB|KMI,FANG,0.3724338592150492
XOM,4,HAL|FANG|WMB|KMI,WMB,0.0
XOM,4,HAL|FANG|WMB|KMI,KMI,0.26956899949433594
XOM,4,HAL|FANG|WMB|OKE,HAL,0.33738280352306227
XOM,4,HAL|FANG|WMB|OKE,FANG,0.39099468606215576
XOM,4,HAL|FANG|WMB|OKE,WMB,0.27162251041478214
XOM,4,HAL|FANG|WMB|OKE,OKE,0.0
XOM,4,HAL|FANG|WMB|MPC,HAL,0.3056197395655938
XOM,4,HAL|FANG|WMB|MPC,FANG,0.2828981369123266
XOM,4,HAL|FANG|WMB|MPC,WMB,0.18586586058758242
XOM,4,HAL|FANG|WMB|MPC,MPC,0.22561626293449719
XOM,4,HAL|FANG|WMB|SLB,HAL,0.3373833952823227
XOM,4,HAL|FANG|WMB|SLB,FANG,0.39099355910565015
XOM,4,HAL|FANG|WMB|SLB,WMB,0.27162304561202727
XOM,4,HAL|FANG|WMB|SLB,SLB,0.0
XOM,4,HAL|FANG|KMI|OKE,HAL,0.3579965455367532
XOM,4,HAL|FANG|KMI|OKE,FANG,0.37243506181909575
XOM,4,HAL|FANG|KMI|OKE,KMI,0.269568392644151
XOM,4,HAL|FANG|KMI|OKE,OKE,0.0
XOM,4,HAL|FANG|KMI|MPC,HAL,0.32690870759406865
XOM,4,HAL|FANG|KMI|MPC,FANG,0.27776487233663916
XOM,4,HAL|FANG|KMI|MPC,KMI,0.17797549068496896
XOM,4,HAL|FANG|KMI|MPC,MPC,0.2173509293843233
XOM,4,HAL|FANG|KMI|SLB,HAL,0.357997462284186
XOM,4,HAL|FANG|KMI|SLB,FANG,0.3724343700078764
XOM,4,HAL|FANG|KMI|SLB,KMI,0.26956816770793757
XOM,4,HAL|FANG|KMI|SLB,SLB,3.8754616073081224e-17
XOM,4,HAL|FANG|OKE|MPC,HAL,0.3542463199505092
XOM,4,HAL|FANG|OKE|MPC,FANG,0.27439732059142263
XOM,4,HAL|FANG|OKE|MPC,OKE,0.1366166965647091
XOM,4,HAL|FANG|OKE|MPC,MPC,0.2347396628933591
XOM,4,HAL|FANG|OKE|SLB,HAL,0.39405495964619414
XOM,4,HAL|FANG|OKE|SLB,FANG,0.36941783415330237
XOM,4,HAL|FANG|OKE|SLB,OKE,0.2365272062005036
XOM,4,HAL|FANG|OKE|SLB,SLB,1.1270408637928907e-17
XOM,4,HAL|FANG|MPC|SLB,HAL,0.4092211941797877
XOM,4,HAL|FANG|MPC|SLB,FANG,0.31083596599904456
XOM,4,HAL|FANG|MPC|SLB,MPC,0.279942839821168
XOM,4,HAL|FANG|MPC|SLB,SLB,0.0
XOM,4,HAL|CVE|SU|TRGP,HAL,0.40672673025448397
XOM,4,HAL|CVE|SU|TRGP,CVE,0.0
XOM,4,HAL|CVE|SU|TRGP,SU,0.30667068248311563
XOM,4,HAL|CVE|SU|TRGP,TRGP,0.2866025872624004
XOM,4,HAL|CVE|SU|PSX,HAL,0.3481713377736698
XOM,4,HAL|CVE|SU|PSX,CVE,0.34135163072541785
XOM,4,HAL|CVE|SU|PSX,SU,0.0
XOM,4,HAL|CVE|SU|PSX,PSX,0.31047703150091244
XOM,4,HAL|CVE|SU|WMB,HAL,0.3539210040169631
XOM,4,HAL|CVE|SU|WMB,CVE,0.19290852145943307
XOM,4,HAL|CVE|SU|WMB,SU,0.19084336915214872
XOM,4,HAL|CVE|SU|WMB,WMB,0.26232710537145504
XOM,4,HAL|CVE|SU|KMI,HAL,0.32842108167433004
XOM,4,HAL|CVE|SU|KMI,CVE,0.321861344123682
XOM,4,HAL|CVE|SU|KMI,SU,0.06191754102112713
XOM,4,HAL|CVE|SU|KMI,KMI,0.28780003318086095
XOM,4,HAL|CVE|SU|OKE,HAL,0.37069689990812366
XOM,4,HAL|CVE|SU|OKE,CVE,0.15867624053391624
XOM,4,HAL|CVE|SU|OKE,SU,0.2195589285133452
XOM,4,HAL|CVE|SU|OKE,OKE,0.2510679310446149
XOM,4,HAL|CVE|SU|MPC,HAL,0.42193525772265256
XOM,4,HAL|CVE|SU|MPC,CVE,0.20465098599516746
XOM,4,HAL|CVE|SU|MPC,SU,0.10177163962094093
XOM,4,HAL|CVE|SU|MPC,MPC,0.2716421166612391
XOM,4,HAL|CVE|SU|SLB,HAL,0.5359784493506073
XOM,4,HAL|CVE|SU|SLB,CVE,0.12122861310765184
XOM,4,HAL|CVE|SU|SLB,SU,0.3427929375417408
XOM,4,HAL|CVE|SU|SLB,SLB,6.695541338161068e-17
XOM,4,HAL|CVE|TRGP|PSX,HAL,0.29329049253490846
XOM,4,HAL|CVE|TRGP|PSX,CVE,0.2462547704562294
XOM,4,HAL|CVE|TRGP|PSX,TRGP,0.19675170188324728
XOM,4,HAL|CVE|TRGP|PSX,PSX,0.26370303512561494
XOM,4,HAL|CVE|TRGP|WMB,HAL,0.36131844915148426
XOM,4,HAL|CVE|TRGP|WMB,CVE,0.3393964432737139
XOM,4,HAL|CVE|TRGP|WMB,TRGP,0.1202939796292363
XOM,4,HAL|CVE|TRGP|WMB,WMB,0.1789911279455656
XOM,4,HAL|CVE|TRGP|KMI,HAL,0.32500033808595385
XOM,4,HAL|CVE|TRGP|KMI,CVE,0.3822983074413376
XOM,4,HAL|CVE|TRGP|KMI,TRGP,0.0
XOM,4,HAL|CVE|TRGP|KMI,KMI,0.2927013544727086
XOM,4,HAL|CVE|TRGP|OKE,HAL,0.374526435477285
XOM,4,HAL|CVE|TRGP|OKE,CVE,0.3365689953174134
XOM,4,HAL|CVE|TRGP|OKE,TRGP,0.12005474285637673
XOM,4,HAL|CVE|TRGP|OKE,OKE,0.168849826348925
XOM,4,HAL|CVE|TRGP|MPC,HAL,0.3703412338801754
XOM,4,HAL|CVE|TRGP|MPC,CVE,0.2358406761832257
XOM,4,HAL|CVE|TRGP|MPC,TRGP,0.17332127849549347
XOM,4,HAL|CVE|TRGP|MPC,MPC,0.2204968114411054
XOM,4,HAL|CVE|TRGP|SLB,HAL,0.41540931359410077
XOM,4,HAL|CVE|TRGP|SLB,CVE,0.29811583557584015
XOM,4,HAL|CVE|TRGP|SLB,TRGP,0.286474850830059
XOM,4,HAL|CVE|TRGP|SLB,SLB,5.922454367202068e-18
XOM,4,HAL|CVE|PSX|WMB,HAL,0.25825269726418965
XOM,4,HAL|CVE|PSX|WMB,CVE,0.30890311360071365
XOM,4,HAL|CVE|PSX|WMB,PSX,0.25536701536459117
XOM,4,HAL|CVE|PSX|WMB,WMB,0.17747717377050565
XOM,4,HAL|CVE|PSX|KMI,HAL,0.2603362872472157
XOM,4,HAL|CVE|PSX|KMI,CVE,0.32077734979287853
XOM,4,HAL|CVE|PSX|KMI,PSX,0.2291200821508138
XOM,4,HAL|CVE|PSX|KMI,KMI,0.18976628080909203
XOM,4,HAL|CVE|PSX|OKE,HAL,0.2822649690527461
XOM,4,HAL|CVE|PSX|OKE,CVE,0.31194600092994557
XOM,4,HAL|CVE|PSX|OKE,PSX,0.2516939076910871
XOM,4,HAL|CVE|PSX|OKE,OKE,0.15409512232622125
XOM,4,HAL|CVE|PSX|MPC,HAL,0.34817136620352734
XOM,4,HAL|CVE|PSX|MPC,CVE,0.34135166376122583
XOM,4,HAL|CVE|PSX|MPC,PSX,0.3104769700352469
XOM,4,HAL|CVE|PSX|MPC,MPC,0.0
XOM,4,HAL|CVE|PSX|SLB,HAL,0.3481714050499125
XOM,4,HAL|CVE|PSX|SLB,CVE,0.34135152993516543
XOM,4,HAL|CVE|PSX|SLB,PSX,0.31047706501492217
XOM,4,HAL|CVE|PSX|SLB,SLB,1.2084195542003476e-17
XOM,4,HAL|CVE|WMB|KMI,HAL,0.3250001020709612
XOM,4,HAL|CVE|WMB|KMI,CVE,0.3822978478717429
XOM,4,HAL|CVE|WMB|KMI,WMB,0.0
XOM,4,HAL|CVE|WMB|KMI,KMI,0.2927020500572961
XOM,4,HAL|CVE|WMB|OKE,HAL,0.34609946230484834
XOM,4,HAL|CVE|WMB|OKE,CVE,0.373059081631404
XOM,4,HAL|CVE|WMB|OKE,WMB,0.1507112439031486
XOM,4,HAL|CVE|WMB|OKE,OKE,0.13013021216059914
XOM,4,HAL|CVE|WMB|MPC,HAL,0.31246840259655473
XOM,4,HAL|CVE|WMB|MPC,CVE,0.27738093978885087
XOM,4,HAL|CVE|WMB|MPC,WMB,0.18743130395462385
XOM,4,HAL|CVE|WMB|MPC,MPC,0.22271935365997053
XOM,4,HAL|CVE|WMB|SLB,HAL,0.3471663988826505
XOM,4,HAL|CVE|WMB|SLB,CVE,0.3802420064596612
XOM,4,HAL|CVE|WMB|SLB,WMB,0.27259159465768823
XOM,4,HAL|CVE|WMB|SLB,SLB,0.0
XOM,4,HAL|CVE|KMI|OKE,HAL,0.32500039916579415
XOM,4,HAL|CVE|KMI|OKE,CVE,0.38229816953221385
XOM,4,HAL|CVE|KMI|OKE,KMI,0.2927014313019919
XOM,4,HAL|CVE|KMI|OKE,OKE,6.974045771218282e-17
XOM,4,HAL|CVE|KMI|MPC,HAL,0.3055771449602696
XOM,4,HAL|CVE|KMI|MPC,CVE,0.2926173901701134
XOM,4,HAL|CVE|KMI|MPC,KMI,0.20456900370050418
XOM,4,HAL|CVE|KMI|MPC,MPC,0.19723646116911284
XOM,4,HAL|CVE|KMI|SLB,HAL,0.32500043859391387
XOM,4,HAL|CVE|KMI|SLB,CVE,0.3822981059815175
XOM,4,HAL|CVE|KMI|SLB,KMI,0.2927014554245687
XOM,4,HAL|CVE|KMI|SLB,SLB,3.948867600099548e-18
XOM,4,HAL|CVE|OKE|MPC,HAL,0.33760792620802443
XOM,4,HAL|CVE|OKE|MPC,CVE,0.28228011465577063
XOM,4,HAL|CVE|OKE|MPC,OKE,0.16323332535555657
XOM,4,HAL|CVE|OKE|MPC,MPC,0.21687863378064842
XOM,4,HAL|CVE|OKE|SLB,HAL,0.3650514925984766
XOM,4,HAL|CVE|OKE|SLB,CVE,0.3746531467610435
XOM,4,HAL|CVE|OKE|SLB,OKE,0.2602953606404801
XOM,4,HAL|CVE|OKE|SLB,SLB,9.70509175140296e-18
XOM,4,HAL|CVE|MPC|SLB,HAL,0.41940564682684106
XOM,4,HAL|CVE|MPC|SLB,CVE,0.30247006013136646
XOM,4,HAL|CVE|MPC|SLB,MPC,0.2781242930417924
XOM,4,HAL|CVE|MPC|SLB,SLB,5.726535646502148e-17
XOM,4,HAL|SU|TRGP|PSX,HAL,0.3149051753582586
XOM,4,HAL|SU|TRGP|PSX,SU,0.2253545000913926
XOM,4,HAL|SU|TRGP|PSX,TRGP,0.22002192136448298
XOM,4,HAL|SU|TRGP|PSX,PSX,0.23971840318586582
XOM,4,HAL|SU|TRGP|WMB,HAL,0.3820125958915926
XOM,4,HAL|SU|TRGP|WMB,SU,0.3185018179185678
XOM,4,HAL|SU|TRGP|WMB,TRGP,0.19793363817001275
XOM,4,HAL|SU|TRGP|WMB,WMB,0.10155194801982685
XOM,4,HAL|SU|TRGP|KMI,HAL,0.36689202746495947
XOM,4,HAL|SU|TRGP|KMI,SU,0.32838819457144125
XOM,4,HAL|SU|TRGP|KMI,TRGP,0.12357873080947462
XOM,4,HAL|SU|TRGP|KMI,KMI,0.18114104715412468
XOM,4,HAL|SU|TRGP|OKE,HAL,0.3881201196092075
XOM,4,HAL|SU|TRGP|OKE,SU,0.31884318706440595
XOM,4,HAL|SU|TRGP|OKE,TRGP,0.19434612779649676
XOM,4,HAL|SU|TRGP|OKE,OKE,0.09869056552988985
XOM,4,HAL|SU|TRGP|MPC,HAL,0.37487539812371096
XOM,4,HAL|SU|TRGP|MPC,SU,0.2337143462930783
XOM,4,HAL|SU|TRGP|MPC,TRGP,0.18949117688830466
XOM,4,HAL|SU|TRGP|MPC,MPC,0.20191907869490613
XOM,4,HAL|SU|TRGP|SLB,HAL,0.3863135777913749
XOM,4,HAL|SU|TRGP|SLB,SU,0.3070158364160195
XOM,4,HAL|SU|TRGP|SLB,TRGP,0.2907508052646289
XOM,4,HAL|SU|TRGP|SLB,SLB,0.015919780527976934
XOM,4,HAL|SU|PSX|WMB,HAL,0.3037438291074785
XOM,4,HAL|SU|PSX|WMB,SU,0.2802524648668989
XOM,4,HAL|SU|PSX|WMB,PSX,0.23611642109096045
XOM,4,HAL|SU|PSX|WMB,WMB,0.17988728493466213
XOM,4,HAL|SU|PSX|KMI,HAL,0.3148672104770113
XOM,4,HAL|SU|PSX|KMI,SU,0.2878286302160939
XOM,4,HAL|SU|PSX|KMI,PSX,0.2143151058982939
XOM,4,HAL|SU|PSX|KMI,KMI,0.18298905340860078
XOM,4,HAL|SU|PSX|OKE,HAL,0.3238101392800589
XOM,4,HAL|SU|PSX|OKE,SU,0.28581528852998633
XOM,4,HAL|SU|PSX|OKE,PSX,0.2288976215807877
XOM,4,HAL|SU|PSX|OKE,OKE,0.16147695060916706
XOM,4,HAL|SU|PSX|MPC,HAL,0.40746588001948675
XOM,4,HAL|SU|PSX|MPC,SU,0.3034446878080494
XOM,4,HAL|SU|PSX|MPC,PSX,0.20415263809623294
XOM,4,HAL|SU|PSX|MPC,MPC,0.08493679407623089
XOM,4,HAL|SU|PSX|SLB,HAL,0.3971165568073792
XOM,4,HAL|SU|PSX|SLB,SU,0.3144806630862865
XOM,4,HAL|SU|PSX|SLB,PSX,0.28840278010633436
XOM,4,HAL|SU|PSX|SLB,SLB,0.0
XOM,4,HAL|SU|WMB|KMI,HAL,0.3683455647955645
XOM,4,HAL|SU|WMB|KMI,SU,0.36119409529515456
XOM,4,HAL|SU|WMB|KMI,WMB,4.670539671160212e-17
XOM,4,HAL|SU|WMB|KMI,KMI,0.27046033990928087
XOM,4,HAL|SU|WMB|OKE,HAL,0.37156700181300073
XOM,4,HAL|SU|WMB|OKE,SU,0.3617009992936811
XOM,4,HAL|SU|WMB|OKE,WMB,0.1242394011965162
XOM,4,HAL|SU|WMB|OKE,OKE,0.14249259769680203
XOM,4,HAL|SU|WMB|MPC,HAL,0.3398456551853827
XOM,4,HAL|SU|WMB|MPC,SU,0.26163795657777345
XOM,4,HAL|SU|WMB|MPC,WMB,0.18178887180252004
XOM,4,HAL|SU|WMB|MPC,MPC,0.2167275164343238
XOM,4,HAL|SU|WMB|SLB,HAL,0.374066820744675
XOM,4,HAL|SU|WMB|SLB,SU,0.36819010455409074
XOM,4,HAL|SU|WMB|SLB,WMB,0.2577430747012343
XOM,4,HAL|SU|WMB|SLB,SLB,2.8253842746851256e-17
XOM,4,HAL|SU|KMI|OKE,HAL,0.36834593687455364
XOM,4,HAL|SU|KMI|OKE,SU,0.36119392458870797
XOM,4,HAL|SU|KMI|OKE,KMI,0.27046013853673845
XOM,4,HAL|SU|KMI|OKE,OKE,2.439031371618758e-18
XOM,4,HAL|SU|KMI|MPC,HAL,0.34404759737107615
XOM,4,HAL|SU|KMI|MPC,SU,0.2685155680321168
XOM,4,HAL|SU|KMI|MPC,KMI,0.18939206129997932
XOM,4,HAL|SU|KMI|MPC,MPC,0.1980447732968279
XOM,4,HAL|SU|KMI|SLB,HAL,0.368346564677062
XOM,4,HAL|SU|KMI|SLB,SU,0.3611928189515255
XOM,4,HAL|SU|KMI|SLB,KMI,0.2704606163714125
XOM,4,HAL|SU|KMI|SLB,SLB,0.0
XOM,4,HAL|SU|OKE|MPC,HAL,0.3608416444939635
XOM,4,HAL|SU|OKE|MPC,SU,0.2694913483997115
XOM,4,HAL|SU|OKE|MPC,OKE,0.16128639976942688
XOM,4,HAL|SU|OKE|MPC,MPC,0.20838060733689823
XOM,4,HAL|SU|OKE|SLB,HAL,0.385959187060171
XOM,4,HAL|SU|OKE|SLB,SU,0.3648595322518138
XOM,4,HAL|SU|OKE|SLB,OKE,0.2491812806880153
XOM,4,HAL|SU|OKE|SLB,SLB,6.031139282246635e-19
XOM,4,HAL|SU|MPC|SLB,HAL,0.44175370432149264
XOM,4,HAL|SU|MPC|SLB,SU,0.2909429863573896
XOM,4,HAL|SU|MPC|SLB,MPC,0.2673033093211179
XOM,4,HAL|SU|MPC|SLB,SLB,0.0
XOM,4,HAL|TRGP|PSX|WMB,HAL,0.40699880420779844
XOM,4,HAL|TRGP|PSX|WMB,TRGP,0.2999566378593967
XOM,4,HAL|TRGP|PSX|WMB,PSX,0.293044557932805
XOM,4,HAL|TRGP|PSX|WMB,WMB,0.0
XOM,4,HAL|TRGP|PSX|KMI,HAL,0.40699893465176845
XOM,4,HAL|TRGP|PSX|KMI,TRGP,0.2999566181885151
XOM,4,HAL|TRGP|PSX|KMI,PSX,0.29304444715971656
XOM,4,HAL|TRGP|PSX|KMI,KMI,5.0376225746765445e-18
XOM,4,HAL|TRGP|PSX|OKE,HAL,0.40699794702868614
XOM,4,HAL|TRGP|PSX|OKE,TRGP,0.29995709341853993
XOM,4,HAL|TRGP|PSX|OKE,PSX,0.293044959552774
XOM,4,HAL|TRGP|PSX|OKE,OKE,0.0
XOM,4,HAL|TRGP|PSX|MPC,HAL,0.40699891459016513
XOM,4,HAL|TRGP|PSX|MPC,TRGP,0.2999568183975567
XOM,4,HAL|TRGP|PSX|MPC,PSX,0.29304426701227826
XOM,4,HAL|TRGP|PSX|MPC,MPC,0.0
XOM,4,HAL|TRGP|PSX|SLB,HAL,0.4069989664032818
XOM,4,HAL|TRGP|PSX|SLB,TRGP,0.29995662902171166
XOM,4,HAL|TRGP|PSX|SLB,PSX,0.2930444045750066
XOM,4,HAL|TRGP|PSX|SLB,SLB,2.5185465895422553e-17
XOM,4,HAL|TRGP|WMB|KMI,HAL,0.5573229358989419
XOM,4,HAL|TRGP|WMB|KMI,TRGP,0.3400531182501083
XOM,4,HAL|TRGP|WMB|KMI,WMB,2.213985305445131e-17
XOM,4,HAL|TRGP|WMB|KMI,KMI,0.10262394585094978
XOM,4,HAL|TRGP|WMB|OKE,HAL,0.5716836098568834
XOM,4,HAL|TRGP|WMB|OKE,TRGP,0.4198363627690955
XOM,4,HAL|TRGP|WMB|OKE,WMB,0.00848002737402114
XOM,4,HAL|TRGP|WMB|OKE,OKE,2.473340325477313e-19
XOM,4,HAL|TRGP|WMB|MPC,HAL,0.46887012159855923
XOM,4,HAL|TRGP|WMB|MPC,TRGP,0.20672319310851078
XOM,4,HAL|TRGP|WMB|MPC,WMB,0.0602159950566142
XOM,4,HAL|TRGP|WMB|MPC,MPC,0.26419069023631586
XOM,4,HAL|TRGP|WMB|SLB,HAL,0.5716841209583486
XOM,4,HAL|TRGP|WMB|SLB,TRGP,0.4198358112651702
XOM,4,HAL|TRGP|WMB|SLB,WMB,0.008480067776481158
XOM,4,HAL|TRGP|WMB|SLB,SLB,3.1414334431293864e-18
XOM,4,HAL|TRGP|KMI|OKE,HAL,0.5573229522436921
XOM,4,HAL|TRGP|KMI|OKE,TRGP,0.3400531014396894
XOM,4,HAL|TRGP|KMI|OKE,KMI,0.10262394631661853
XOM,4,HAL|TRGP|KMI|OKE,OKE,2.697609395950845e-17
XOM,4,HAL|TRGP|KMI|MPC,HAL,0.46924944792208045
XOM,4,HAL|TRGP|KMI|MPC,TRGP,0.1916404587384782
XOM,4,HAL|TRGP|KMI|MPC,KMI,0.08060822958865124
XOM,4,HAL|TRGP|KMI|MPC,MPC,0.2585018637507901
XOM,4,HAL|TRGP|KMI|SLB,HAL,0.5573227802639107
XOM,4,HAL|TRGP|KMI|SLB,TRGP,0.34005303788837227
XOM,4,HAL|TRGP|KMI|SLB,KMI,0.10262418184771709
XOM,4,HAL|TRGP|KMI|SLB,SLB,0.0
XOM,4,HAL|TRGP|OKE|MPC,HAL,0.480878287842087
XOM,4,HAL|TRGP|OKE|MPC,TRGP,0.2582150370957836
XOM,4,HAL|TRGP|OKE|MPC,OKE,0.0
XOM,4,HAL|TRGP|OKE|MPC,MPC,0.26090667506212945
XOM,4,HAL|TRGP|OKE|SLB,HAL,0.5732115483466989
XOM,4,HAL|TRGP|OKE|SLB,TRGP,0.4267884516533012
XOM,4,HAL|TRGP|OKE|SLB,OKE,0.0
XOM,4,HAL|TRGP|OKE|SLB,SLB,4.0708403445041674e-18
XOM,4,HAL|TRGP|MPC|SLB,HAL,0.4808785414233785
XOM,4,HAL|TRGP|MPC|SLB,TRGP,0.25821492218155134
XOM,4,HAL|TRGP|MPC|SLB,MPC,0.26090653639507017
XOM,4,HAL|TRGP|MPC|SLB,SLB,0.0
XOM,4,HAL|PSX|WMB|KMI,HAL,0.45072840302858963
XOM,4,HAL|PSX|WMB|KMI,PSX,0.319637498691829
XOM,4,HAL|PSX|WMB|KMI,WMB,0.21258788905506945
XOM,4,HAL|PSX|WMB|KMI,KMI,0.017046209224511964
XOM,4,HAL|PSX|WMB|OKE,HAL,0.44958791103036366
XOM,4,HAL|PSX|WMB|OKE,PSX,0.31819016728810123
XOM,4,HAL|PSX|WMB|OKE,WMB,0.2024084412538745
XOM,4,HAL|PSX|WMB|OKE,OKE,0.029813480427660712
XOM,4,HAL|PSX|WMB|MPC,HAL,0.46610413445415966
XOM,4,HAL|PSX|WMB|MPC,PSX,0.0766444016796178
XOM,4,HAL|PSX|WMB|MPC,WMB,0.21785296396403153
XOM,4,HAL|PSX|WMB|MPC,MPC,0.23939849990219103
XOM,4,HAL|PSX|WMB|SLB,HAL,0.4492593585427824
XOM,4,HAL|PSX|WMB|SLB,PSX,0.32141486103570815
XOM,4,HAL|PSX|WMB|SLB,WMB,0.22932578042150922
XOM,4,HAL|PSX|WMB|SLB,SLB,1.4338573731120796e-16
XOM,4,HAL|PSX|KMI|OKE,HAL,0.47372294845720764
XOM,4,HAL|PSX|KMI|OKE,PSX,0.30234471312391736
XOM,4,HAL|PSX|KMI|OKE,KMI,0.1881301040767779
XOM,4,HAL|PSX|KMI|OKE,OKE,0.035802234342097165
XOM,4,HAL|PSX|KMI|MPC,HAL,0.490326206089967
XOM,4,HAL|PSX|KMI|MPC,PSX,0.02284768206488465
XOM,4,HAL|PSX|KMI|MPC,KMI,0.21485387734560338
XOM,4,HAL|PSX|KMI|MPC,MPC,0.2719722344995449
XOM,4,HAL|PSX|KMI|SLB,HAL,0.47621817351647383
XOM,4,HAL|PSX|KMI|SLB,PSX,0.30282763305460164
XOM,4,HAL|PSX|KMI|SLB,KMI,0.22095419342892447
XOM,4,HAL|PSX|KMI|SLB,SLB,9.23198149871407e-17
XOM,4,HAL|PSX|OKE|MPC,HAL,0.4959382340129256
XOM,4,HAL|PSX|OKE|MPC,PSX,0.09044151040730222
XOM,4,HAL|PSX|OKE|MPC,OKE,0.19205374583918303
XOM,4,HAL|PSX|OKE|MPC,MPC,0.2215665097405892
XOM,4,HAL|PSX|OKE|SLB,HAL,0.47860907701886
XOM,4,HAL|PSX|OKE|SLB,PSX,0.3142763663707467
XOM,4,HAL|PSX|OKE|SLB,OKE,0.2071145566103934
XOM,4,HAL|PSX|OKE|SLB,SLB,0.0
XOM,4,HAL|PSX|MPC|SLB,HAL,0.6078355294149438
XOM,4,HAL|PSX|MPC|SLB,PSX,0.09101037184424411
XOM,4,HAL|PSX|MPC|SLB,MPC,0.30115409874081217
XOM,4,HAL|PSX|MPC|SLB,SLB,0.0
XOM,4,HAL|WMB|KMI|OKE,HAL,0.620823224151578
XOM,4,HAL|WMB|KMI|OKE,WMB,2.757176946607473e-17
XOM,4,HAL|WMB|KMI|OKE,KMI,0.31628958219399955
XOM,4,HAL|WMB|KMI|OKE,OKE,0.06288719365442241
XOM,4,HAL|WMB|KMI|MPC,HAL,0.4851558165690114
XOM,4,HAL|WMB|KMI|MPC,WMB,0.07351567849112302
XOM,4,HAL|WMB|KMI|MPC,KMI,0.1463396040624494
XOM,4,HAL|WMB|KMI|MPC,MPC,0.29498890087741625
XOM,4,HAL|WMB|KMI|SLB,HAL,0.6256243338085259
XOM,4,HAL|WMB|KMI|SLB,WMB,0.0
XOM,4,HAL|WMB|KMI|SLB,KMI,0.3743756661914743
XOM,4,HAL|WMB|KMI|SLB,SLB,5.815283582001822e-17
XOM,4,HAL|WMB|OKE|MPC,HAL,0.4756281188978665
XOM,4,HAL|WMB|OKE|MPC,WMB,0.21857731672969574
XOM,4,HAL|WMB|OKE|MPC,OKE,0.0
XOM,4,HAL|WMB|OKE|MPC,MPC,0.3057945643724377
XOM,4,HAL|WMB|OKE|SLB,HAL,0.6168243162991667
XOM,4,HAL|WMB|OKE|SLB,WMB,0.16831662479427986
XOM,4,HAL|WMB|OKE|SLB,OKE,0.21485905890655338
XOM,4,HAL|WMB|OKE|SLB,SLB,1.0271640326085839e-16
XOM,4,HAL|WMB|MPC|SLB,HAL,0.47562867009698884
XOM,4,HAL|WMB|MPC|SLB,WMB,0.21857691245148533
XOM,4,HAL|WMB|MPC|SLB,MPC,0.3057944174515257
XOM,4,HAL|WMB|MPC|SLB,SLB,3.0174860531664805e-17
XOM,4,HAL|KMI|OKE|MPC,HAL,0.4927250552613872
XOM,4,HAL|KMI|OKE|MPC,KMI,0.2158441898206142
XOM,4,HAL|KMI|OKE|MPC,OKE,0.0
XOM,4,HAL|KMI|OKE|MPC,MPC,0.29143075491799864
XOM,4,HAL|KMI|OKE|SLB,HAL,0.6208231595088329
XOM,4,HAL|KMI|OKE|SLB,KMI,0.31628942543455585
XOM,4,HAL|KMI|OKE|SLB,OKE,0.06288741505661129
XOM,4,HAL|KMI|OKE|SLB,SLB,0.0
XOM,4,HAL|KMI|MPC|SLB,HAL,0.4927252204153753
XOM,4,HAL|KMI|MPC|SLB,KMI,0.21584410074882346
XOM,4,HAL|KMI|MPC|SLB,MPC,0.29143067883580115
XOM,4,HAL|KMI|MPC|SLB,SLB,8.574302766818469e-17
XOM,4,HAL|OKE|MPC|SLB,HAL,0.5077184361988143
XOM,4,HAL|OKE|MPC|SLB,OKE,0.19209156350079531
XOM,4,HAL|OKE|MPC|SLB,MPC,0.3001900003003902
XOM,4,HAL|OKE|MPC|SLB,SLB,0.0
XOM,4,CNQ|FANG|CVE|SU,CNQ,0.21691421056722426
XOM,4,CNQ|FANG|CVE|SU,FANG,0.5050424719207054
XOM,4,CNQ|FANG|CVE|SU,CVE,7.313960092951433e-17
XOM,4,CNQ|FANG|CVE|SU,SU,0.27804331751207045
XOM,4,CNQ|FANG|CVE|TRGP,CNQ,0.3372674935702078
XOM,4,CNQ|FANG|CVE|TRGP,FANG,0.3752354748396052
XOM,4,CNQ|FANG|CVE|TRGP,CVE,0.0
XOM,4,CNQ|FANG|CVE|TRGP,TRGP,0.2874970315901871
XOM,4,CNQ|FANG|CVE|PSX,CNQ,0.34511102665337007
XOM,4,CNQ|FANG|CVE|PSX,FANG,0.321494174894703
XOM,4,CNQ|FANG|CVE|PSX,CVE,0.03912896675880701
XOM,4,CNQ|FANG|CVE|PSX,PSX,0.29426583169312004
XOM,4,CNQ|FANG|CVE|WMB,CNQ,0.1993087980680176
XOM,4,CNQ|FANG|CVE|WMB,FANG,0.3589832598608538
XOM,4,CNQ|FANG|CVE|WMB,CVE,0.15551993970383907
XOM,4,CNQ|FANG|CVE|WMB,WMB,0.2861880023672897
XOM,4,CNQ|FANG|CVE|KMI,CNQ,0.11969684051941007
XOM,4,CNQ|FANG|CVE|KMI,FANG,0.32301172479822965
XOM,4,CNQ|FANG|CVE|KMI,CVE,0.255723761421916
XOM,4,CNQ|FANG|CVE|KMI,KMI,0.3015676732604443
XOM,4,CNQ|FANG|CVE|OKE,CNQ,0.33227575012353966
XOM,4,CNQ|FANG|CVE|OKE,FANG,0.3531803033969477
XOM,4,CNQ|FANG|CVE|OKE,CVE,0.0699786293999978
XOM,4,CNQ|FANG|CVE|OKE,OKE,0.2445653170795149
XOM,4,CNQ|FANG|CVE|MPC,CNQ,0.3920281846934072
XOM,4,CNQ|FANG|CVE|MPC,FANG,0.35047989510687894
XOM,4,CNQ|FANG|CVE|MPC,CVE,0.0
XOM,4,CNQ|FANG|CVE|MPC,MPC,0.25749192019971384
XOM,4,CNQ|FANG|CVE|SLB,CNQ,0.4413164559180093
XOM,4,CNQ|FANG|CVE|SLB,FANG,0.3785432165227705
XOM,4,CNQ|FANG|CVE|SLB,CVE,3.949375819867901e-17
XOM,4,CNQ|FANG|CVE|SLB,SLB,0.18014032755922027
XOM,4,CNQ|FANG|SU|TRGP,CNQ,0.016937691383270094
XOM,4,CNQ|FANG|SU|TRGP,FANG,0.393497444358778
XOM,4,CNQ|FANG|SU|TRGP,SU,0.3006468500641342
XOM,4,CNQ|FANG|SU|TRGP,TRGP,0.28891801419381774
XOM,4,CNQ|FANG|SU|PSX,CNQ,0.381535289745938
XOM,4,CNQ|FANG|SU|PSX,FANG,0.3263522061631665
XOM,4,CNQ|FANG|SU|PSX,SU,1.891773972309595e-17
XOM,4,CNQ|FANG|SU|PSX,PSX,0.2921125040908956
XOM,4,CNQ|FANG|SU|WMB,CNQ,6.490813474809703e-17
XOM,4,CNQ|FANG|SU|WMB,FANG,0.37918866887697755
XOM,4,CNQ|FANG|SU|WMB,SU,0.33716439498047285
XOM,4,CNQ|FANG|SU|WMB,WMB,0.28364693614254965
XOM,4,CNQ|FANG|SU|KMI,CNQ,0.0
XOM,4,CNQ|FANG|SU|KMI,FANG,0.36723262026437525
XOM,4,CNQ|FANG|SU|KMI,SU,0.3508686366601452
XOM,4,CNQ|FANG|SU|KMI,KMI,0.28189874307547974
XOM,4,CNQ|FANG|SU|OKE,CNQ,0.0
XOM,4,CNQ|FANG|SU|OKE,FANG,0.3749273024210235
XOM,4,CNQ|FANG|SU|OKE,SU,0.374190855369125
XOM,4,CNQ|FANG|SU|OKE,OKE,0.25088184220985155
XOM,4,CNQ|FANG|SU|MPC,CNQ,0.3920282053062014
XOM,4,CNQ|FANG|SU|MPC,FANG,0.3504798099687839
XOM,4,CNQ|FANG|SU|MPC,SU,1.6008075670159022e-17
XOM,4,CNQ|FANG|SU|MPC,MPC,0.2574919847250146
XOM,4,CNQ|FANG|SU|SLB,CNQ,0.0799344531692305
XOM,4,CNQ|FANG|SU|SLB,FANG,0.39630867407219267
XOM,4,CNQ|FANG|SU|SLB,SU,0.33801604536402935
XOM,4,CNQ|FANG|SU|SLB,SLB,0.18574082739454745
XOM,4,CNQ|FANG|TRGP|PSX,CNQ,0.27244222034883286
XOM,4,CNQ|FANG|TRGP|PSX,FANG,0.26950564403123956
XOM,4,CNQ|FANG|TRGP|PSX,TRGP,0.21577291302286677
XOM,4,CNQ|FANG|TRGP|PSX,PSX,0.24227922259706072
XOM,4,CNQ|FANG|TRGP|WMB,CNQ,0.3281407185028865
XOM,4,CNQ|FANG|TRGP|WMB,FANG,0.36727325075768186
XOM,4,CNQ|FANG|TRGP|WMB,TRGP,0.136575741891367
XOM,4,CNQ|FANG|TRGP|WMB,WMB,0.16801028884806474
XOM,4,CNQ|FANG|TRGP|KMI,CNQ,0.3406526248077644
XOM,4,CNQ|FANG|TRGP|KMI,FANG,0.3540781570200865
XOM,4,CNQ|FANG|TRGP|KMI,TRGP,0.11687679326762827
XOM,4,CNQ|FANG|TRGP|KMI,KMI,0.18839242490452088
XOM,4,CNQ|FANG|TRGP|OKE,CNQ,0.3419775510081318
XOM,4,CNQ|FANG|TRGP|OKE,FANG,0.36592008607917104
XOM,4,CNQ|FANG|TRGP|OKE,TRGP,0.23516292201994388
XOM,4,CNQ|FANG|TRGP|OKE,OKE,0.05693944089275321
XOM,4,CNQ|FANG|TRGP|MPC,CNQ,0.3045000990877745
XOM,4,CNQ|FANG|TRGP|MPC,FANG,0.3099767301196807
XOM,4,CNQ|FANG|TRGP|MPC,TRGP,0.1954526579193617
XOM,4,CNQ|FANG|TRGP|MPC,MPC,0.19007051287318313
XOM,4,CNQ|FANG|TRGP|SLB,CNQ,0.26435913015238477
XOM,4,CNQ|FANG|TRGP|SLB,FANG,0.26416764855316816
XOM,4,CNQ|FANG|TRGP|SLB,TRGP,0.28913059245039285
XOM,4,CNQ|FANG|TRGP|SLB,SLB,0.1823426288440543
XOM,4,CNQ|FANG|PSX|WMB,CNQ,0.29463019967272147
XOM,4,CNQ|FANG|PSX|WMB,FANG,0.2845202300966957
XOM,4,CNQ|FANG|PSX|WMB,PSX,0.23035615289440098
XOM,4,CNQ|FANG|PSX|WMB,WMB,0.19049341733618183
XOM,4,CNQ|FANG|PSX|KMI,CNQ,0.3182313703757334
XOM,4,CNQ|FANG|PSX|KMI,FANG,0.2830402302375223
XOM,4,CNQ|FANG|PSX|KMI,PSX,0.21731628749302584
XOM,4,CNQ|FANG|PSX|KMI,KMI,0.1814121118937185
XOM,4,CNQ|FANG|PSX|OKE,CNQ,0.33431743133160263
XOM,4,CNQ|FANG|PSX|OKE,FANG,0.2777637098293887
XOM,4,CNQ|FANG|PSX|OKE,PSX,0.24021546529172041
XOM,4,CNQ|FANG|PSX|OKE,OKE,0.1477033935472883
XOM,4,CNQ|FANG|PSX|MPC,CNQ,0.3815347300660577
XOM,4,CNQ|FANG|PSX|MPC,FANG,0.32635296595276714
XOM,4,CNQ|FANG|PSX|MPC,PSX,0.2921123039811751
XOM,4,CNQ|FANG|PSX|MPC,MPC,0.0
XOM,4,CNQ|FANG|PSX|SLB,CNQ,0.3502003037004123
XOM,4,CNQ|FANG|PSX|SLB,FANG,0.2746106532641998
XOM,4,CNQ|FANG|PSX|SLB,PSX,0.26538647249938774
XOM,4,CNQ|FANG|PSX|SLB,SLB,0.1098025705360003
XOM,4,CNQ|FANG|WMB|KMI,CNQ,0.36802435930776733
XOM,4,CNQ|FANG|WMB|KMI,FANG,0.3614836775836246
XOM,4,CNQ|FANG|WMB|KMI,WMB,0.0
XOM,4,CNQ|FANG|WMB|KMI,KMI,0.2704919631086082
XOM,4,CNQ|FANG|WMB|OKE,CNQ,0.3497843022102296
XOM,4,CNQ|FANG|WMB|OKE,FANG,0.3798872453246921
XOM,4,CNQ|FANG|WMB|OKE,WMB,0.2703284524650783
XOM,4,CNQ|FANG|WMB|OKE,OKE,2.103076928914021e-18
XOM,4,CNQ|FANG|WMB|MPC,CNQ,0.29594728705923107
XOM,4,CNQ|FANG|WMB|MPC,FANG,0.29962313048062206
XOM,4,CNQ|FANG|WMB|MPC,WMB,0.2044587280767322
XOM,4,CNQ|FANG|WMB|MPC,MPC,0.19997085438341444
XOM,4,CNQ|FANG|WMB|SLB,CNQ,0.30979180225100467
XOM,4,CNQ|FANG|WMB|SLB,FANG,0.3061695072333983
XOM,4,CNQ|FANG|WMB|SLB,WMB,0.24688410646811976
XOM,4,CNQ|FANG|WMB|SLB,SLB,0.13715458404747735
XOM,4,CNQ|FANG|KMI|OKE,CNQ,0.36802480290943246
XOM,4,CNQ|FANG|KMI|OKE,FANG,0.36148340825635955
XOM,4,CNQ|FANG|KMI|OKE,KMI,0.2704917888342081
XOM,4,CNQ|FANG|KMI|OKE,OKE,0.0
XOM,4,CNQ|FANG|KMI|MPC,CNQ,0.3182040598298432
XOM,4,CNQ|FANG|KMI|MPC,FANG,0.29457258284259263
XOM,4,CNQ|FANG|KMI|MPC,KMI,0.19911815881108882
XOM,4,CNQ|FANG|KMI|MPC,MPC,0.1881051985164754
XOM,4,CNQ|FANG|KMI|SLB,CNQ,0.3165424197806436
XOM,4,CNQ|FANG|KMI|SLB,FANG,0.27694865776138256
XOM,4,CNQ|FANG|KMI|SLB,KMI,0.2549707894345689
XOM,4,CNQ|FANG|KMI|SLB,SLB,0.1515381330234049
XOM,4,CNQ|FANG|OKE|MPC,CNQ,0.3404414049626312
XOM,4,CNQ|FANG|OKE|MPC,FANG,0.29499067137527785
XOM,4,CNQ|FANG|OKE|MPC,OKE,0.15926080804685117
XOM,4,CNQ|FANG|OKE|MPC,MPC,0.2053071156152398
XOM,4,CNQ|FANG|OKE|SLB,CNQ,0.34358544168971694
XOM,4,CNQ|FANG|OKE|SLB,FANG,0.27524073271574
XOM,4,CNQ|FANG|OKE|SLB,OKE,0.22315821873403377
XOM,4,CNQ|FANG|OKE|SLB,SLB,0.15801560686050925
XOM,4,CNQ|FANG|MPC|SLB,CNQ,0.34382620512712114
XOM,4,CNQ|FANG|MPC|SLB,FANG,0.27308009061739397
XOM,4,CNQ|FANG|MPC|SLB,MPC,0.23920666853135025
XOM,4,CNQ|FANG|MPC|SLB,SLB,0.1438870357241345
XOM,4,CNQ|CVE|SU|TRGP,CNQ,0.5555341171538835
XOM,4,CNQ|CVE|SU|TRGP,CVE,0.023001678238235693
XOM,4,CNQ|CVE|SU|TRGP,SU,1.3118846287074604e-17
XOM,4,CNQ|CVE|SU|TRGP,TRGP,0.4214642046078809
XOM,4,CNQ|CVE|SU|PSX,CNQ,0.2861907283654502
XOM,4,CNQ|CVE|SU|PSX,CVE,0.29863875862492795
XOM,4,CNQ|CVE|SU|PSX,SU,0.0
XOM,4,CNQ|CVE|SU|PSX,PSX,0.415170513009622
XOM,4,CNQ|CVE|SU|WMB,CNQ,4.841640326505581e-18
XOM,4,CNQ|CVE|SU|WMB,CVE,0.47368382744583004
XOM,4,CNQ|CVE|SU|WMB,SU,0.10172345338742064
XOM,4,CNQ|CVE|SU|WMB,WMB,0.4245927191667493
XOM,4,CNQ|CVE|SU|KMI,CNQ,8.063753657860939e-18
XOM,4,CNQ|CVE|SU|KMI,CVE,0.5724017184829224
XOM,4,CNQ|CVE|SU|KMI,SU,0.0
XOM,4,CNQ|CVE|SU|KMI,KMI,0.42759828151707757
XOM,4,CNQ|CVE|SU|OKE,CNQ,0.21918709422676028
XOM,4,CNQ|CVE|SU|OKE,CVE,0.3921221216135021
XOM,4,CNQ|CVE|SU|OKE,SU,9.235941377742484e-18
XOM,4,CNQ|CVE|SU|OKE,OKE,0.38869078415973757
XOM,4,CNQ|CVE|SU|MPC,CNQ,0.6114057937912303
XOM,4,CNQ|CVE|SU|MPC,CVE,0.014427380655877873
XOM,4,CNQ|CVE|SU|MPC,SU,1.0575534571737001e-16
XOM,4,CNQ|CVE|SU|MPC,MPC,0.37416682555289166
XOM,4,CNQ|CVE|SU|SLB,CNQ,0.5183786348861822
XOM,4,CNQ|CVE|SU|SLB,CVE,0.14858040067421383
XOM,4,CNQ|CVE|SU|SLB,SU,0.0
XOM,4,CNQ|CVE|SU|SLB,SLB,0.33304096443960407
XOM,4,CNQ|CVE|TRGP|PSX,CNQ,0.2632162332724722
XOM,4,CNQ|CVE|TRGP|PSX,CVE,0.14433559386819106
XOM,4,CNQ|CVE|TRGP|PSX,TRGP,0.2659584790657465
XOM,4,CNQ|CVE|TRGP|PSX,PSX,0.32648969379359033
XOM,4,CNQ|CVE|TRGP|WMB,CNQ,0.10582380202340622
XOM,4,CNQ|CVE|TRGP|WMB,CVE,0.467527389647714
XOM,4,CNQ|CVE|TRGP|WMB,TRGP,0.04291339739075582
XOM,4,CNQ|CVE|TRGP|WMB,WMB,0.38373541093812397
XOM,4,CNQ|CVE|TRGP|KMI,CNQ,0.0
XOM,4,CNQ|CVE|TRGP|KMI,CVE,0.5724017180600655
XOM,4,CNQ|CVE|TRGP|KMI,TRGP,0.0
XOM,4,CNQ|CVE|TRGP|KMI,KMI,0.4275982819399346
XOM,4,CNQ|CVE|TRGP|OKE,CNQ,0.28669577912147787
XOM,4,CNQ|CVE|TRGP|OKE,CVE,0.30237295794293945
XOM,4,CNQ|CVE|TRGP|OKE,TRGP,0.10818428347212165
XOM,4,CNQ|CVE|TRGP|OKE,OKE,0.30274697946346096
XOM,4,CNQ|CVE|TRGP|MPC,CNQ,0.4725332528119329
XOM,4,CNQ|CVE|TRGP|MPC,CVE,0.0
XOM,4,CNQ|CVE|TRGP|MPC,TRGP,0.2605586881078278
XOM,4,CNQ|CVE|TRGP|MPC,MPC,0.26690805908023935
XOM,4,CNQ|CVE|TRGP|SLB,CNQ,0.3560964634434744
XOM,4,CNQ|CVE|TRGP|SLB,CVE,0.0
XOM,4,CNQ|CVE|TRGP|SLB,TRGP,0.3638392271605605
XOM,4,CNQ|CVE|TRGP|SLB,SLB,0.28006430939596516
XOM,4,CNQ|CVE|PSX|WMB,CNQ,2.6352783175857385e-18
XOM,4,CNQ|CVE|PSX|WMB,CVE,0.4271930990126737
XOM,4,CNQ|CVE|PSX|WMB,PSX,0.3063475851274472
XOM,4,CNQ|CVE|PSX|WMB,WMB,0.26645931585987903
XOM,4,CNQ|CVE|PSX|KMI,CNQ,0.0
XOM,4,CNQ|CVE|PSX|KMI,CVE,0.45255241626771314
XOM,4,CNQ|CVE|PSX|KMI,PSX,0.27640932249772254
XOM,4,CNQ|CVE|PSX|KMI,KMI,0.2710382612345643
XOM,4,CNQ|CVE|PSX|OKE,CNQ,0.09279792501588235
XOM,4,CNQ|CVE|PSX|OKE,CVE,0.36974060073284
XOM,4,CNQ|CVE|PSX|OKE,PSX,0.30683205673821506
XOM,4,CNQ|CVE|PSX|OKE,OKE,0.23062941751306265
XOM,4,CNQ|CVE|PSX|MPC,CNQ,0.2861900039658986
XOM,4,CNQ|CVE|PSX|MPC,CVE,0.2986397949141818
XOM,4,CNQ|CVE|PSX|MPC,PSX,0.4151702011199194
XOM,4,CNQ|CVE|PSX|MPC,MPC,4.446584159906175e-17
XOM,4,CNQ|CVE|PSX|SLB,CNQ,0.2445319828365176
XOM,4,CNQ|CVE|PSX|SLB,CVE,0.23184067758805624
XOM,4,CNQ|CVE|PSX|SLB,PSX,0.3365056863423503
XOM,4,CNQ|CVE|PSX|SLB,SLB,0.18712165323307586
XOM,4,CNQ|CVE|WMB|KMI,CNQ,0.0
XOM,4,CNQ|CVE|WMB|KMI,CVE,0.5724017183357302
XOM,4,CNQ|CVE|WMB|KMI,WMB,0.0
XOM,4,CNQ|CVE|WMB|KMI,KMI,0.42759828166427005
XOM,4,CNQ|CVE|WMB|OKE,CNQ,0.097610698363791
XOM,4,CNQ|CVE|WMB|OKE,CVE,0.4776426380039678
XOM,4,CNQ|CVE|WMB|OKE,WMB,0.27684520006503516
XOM,4,CNQ|CVE|WMB|OKE,OKE,0.14790146356720613
XOM,4,CNQ|CVE|WMB|MPC,CNQ,0.1861011109398765
XOM,4,CNQ|CVE|WMB|MPC,CVE,0.2688495714678589
XOM,4,CNQ|CVE|WMB|MPC,WMB,0.2885248724458358
XOM,4,CNQ|CVE|WMB|MPC,MPC,0.2565244451464289
XOM,4,CNQ|CVE|WMB|SLB,CNQ,0.04682182694678694
XOM,4,CNQ|CVE|WMB|SLB,CVE,0.39018280373645287
XOM,4,CNQ|CVE|WMB|SLB,WMB,0.3353080128657344
XOM,4,CNQ|CVE|WMB|SLB,SLB,0.22768735645102575
XOM,4,CNQ|CVE|KMI|OKE,CNQ,7.75425274246967e-17
XOM,4,CNQ|CVE|KMI|OKE,CVE,0.5724017189927338
XOM,4,CNQ|CVE|KMI|OKE,KMI,0.427598281007266
XOM,4,CNQ|CVE|KMI|OKE,OKE,9.550127073702785e-17
XOM,4,CNQ|CVE|KMI|MPC,CNQ,0.10705821595073452
XOM,4,CNQ|CVE|KMI|MPC,CVE,0.3655346168156749
XOM,4,CNQ|CVE|KMI|MPC,KMI,0.30565450354888946
XOM,4,CNQ|CVE|KMI|MPC,MPC,0.2217526636847012
XOM,4,CNQ|CVE|KMI|SLB,CNQ,1.1953328951652686e-17
XOM,4,CNQ|CVE|KMI|SLB,CVE,0.4242948206909896
XOM,4,CNQ|CVE|KMI|SLB,KMI,0.3514849170074937
XOM,4,CNQ|CVE|KMI|SLB,SLB,0.22422026230151673
XOM,4,CNQ|CVE|OKE|MPC,CNQ,0.31245316582918214
XOM,4,CNQ|CVE|OKE|MPC,CVE,0.1816036304951784
XOM,4,CNQ|CVE|OKE|MPC,OKE,0.25186562098261883
XOM,4,CNQ|CVE|OKE|MPC,MPC,0.25407758269302066
XOM,4,CNQ|CVE|OKE|SLB,CNQ,0.15891172291440905
XOM,4,CNQ|CVE|OKE|SLB,CVE,0.29053911411367694
XOM,4,CNQ|CVE|OKE|SLB,OKE,0.31190525159120697
XOM,4,CNQ|CVE|OKE|SLB,SLB,0.23864391138070704
XOM,4,CNQ|CVE|MPC|SLB,CNQ,0.4617390265078256
XOM,4,CNQ|CVE|MPC|SLB,CVE,5.450657015581423e-19
XOM,4,CNQ|CVE|MPC|SLB,MPC,0.3024096802745472
XOM,4,CNQ|CVE|MPC|SLB,SLB,0.2358512932176271
XOM,4,CNQ|SU|TRGP|PSX,CNQ,0.401417784771688
XOM,4,CNQ|SU|TRGP|PSX,SU,3.196535583326239e-17
XOM,4,CNQ|SU|TRGP|PSX,TRGP,0.27707940191489544
XOM,4,CNQ|SU|TRGP|PSX,PSX,0.32150281331341657
XOM,4,CNQ|SU|TRGP|WMB,CNQ,0.2745158108113735
XOM,4,CNQ|SU|TRGP|WMB,SU,0.2731313974185274
XOM,4,CNQ|SU|TRGP|WMB,TRGP,0.1899856019639298
XOM,4,CNQ|SU|TRGP|WMB,WMB,0.26236718980616935
XOM,4,CNQ|SU|TRGP|KMI,CNQ,0.3138170639251704
XOM,4,CNQ|SU|TRGP|KMI,SU,0.24097519715237634
XOM,4,CNQ|SU|TRGP|KMI,TRGP,0.14954162287894568
XOM,4,CNQ|SU|TRGP|KMI,KMI,0.2956661160435077
XOM,4,CNQ|SU|TRGP|OKE,CNQ,0.43630033326150974
XOM,4,CNQ|SU|TRGP|OKE,SU,0.1323893164290463
XOM,4,CNQ|SU|TRGP|OKE,TRGP,0.20671405179828647
XOM,4,CNQ|SU|TRGP|OKE,OKE,0.22459629851115748
XOM,4,CNQ|SU|TRGP|MPC,CNQ,0.47253241492761755
XOM,4,CNQ|SU|TRGP|MPC,SU,2.133088894422017e-16
XOM,4,CNQ|SU|TRGP|MPC,TRGP,0.2605587489276482
XOM,4,CNQ|SU|TRGP|MPC,MPC,0.266908836144734
XOM,4,CNQ|SU|TRGP|SLB,CNQ,0.14894806874134273
XOM,4,CNQ|SU|TRGP|SLB,SU,0.19643719400152349
XOM,4,CNQ|SU|TRGP|SLB,TRGP,0.36760931025997257
XOM,4,CNQ|SU|TRGP|SLB,SLB,0.28700542699716125
XOM,4,CNQ|SU|PSX|WMB,CNQ,0.4455143884298424
XOM,4,CNQ|SU|PSX|WMB,SU,0.0
XOM,4,CNQ|SU|PSX|WMB,PSX,0.31563479379034737
XOM,4,CNQ|SU|PSX|WMB,WMB,0.23885081777981013
XOM,4,CNQ|SU|PSX|KMI,CNQ,0.47115447798075466
XOM,4,CNQ|SU|PSX|KMI,SU,0.0
XOM,4,CNQ|SU|PSX|KMI,PSX,0.29581427342596195
XOM,4,CNQ|SU|PSX|KMI,KMI,0.23303124859328345
XOM,4,CNQ|SU|PSX|OKE,CNQ,0.473008103100718
XOM,4,CNQ|SU|PSX|OKE,SU,6.630139806721195e-17
XOM,4,CNQ|SU|PSX|OKE,PSX,0.309712350914046
XOM,4,CNQ|SU|PSX|OKE,OKE,0.21727954598523602
XOM,4,CNQ|SU|PSX|MPC,CNQ,0.5875990654202891
XOM,4,CNQ|SU|PSX|MPC,SU,1.1919236013798966e-16
XOM,4,CNQ|SU|PSX|MPC,PSX,0.41240093457971083
XOM,4,CNQ|SU|PSX|MPC,MPC,0.0
XOM,4,CNQ|SU|PSX|SLB,CNQ,0.4736053968761514
XOM,4,CNQ|SU|PSX|SLB,SU,8.704957598932445e-18
XOM,4,CNQ|SU|PSX|SLB,PSX,0.3308368885979825
XOM,4,CNQ|SU|PSX|SLB,SLB,0.1955577145258661
XOM,4,CNQ|SU|WMB|KMI,CNQ,0.2618355835555835
XOM,4,CNQ|SU|WMB|KMI,SU,0.3290687725539992
XOM,4,CNQ|SU|WMB|KMI,WMB,1.8103688121225365e-17
XOM,4,CNQ|SU|WMB|KMI,KMI,0.40909564389041736
XOM,4,CNQ|SU|WMB|OKE,CNQ,0.18986696314008547
XOM,4,CNQ|SU|WMB|OKE,SU,0.38307092730909803
XOM,4,CNQ|SU|WMB|OKE,WMB,0.2502199675683331
XOM,4,CNQ|SU|WMB|OKE,OKE,0.17684214198248355
XOM,4,CNQ|SU|WMB|MPC,CNQ,0.4586415541459368
XOM,4,CNQ|SU|WMB|MPC,SU,7.328986986831316e-17
XOM,4,CNQ|SU|WMB|MPC,WMB,0.2620351286117787
XOM,4,CNQ|SU|WMB|MPC,MPC,0.27932331724228443
XOM,4,CNQ|SU|WMB|SLB,CNQ,0.0
XOM,4,CNQ|SU|WMB|SLB,SU,0.4182120059901579
XOM,4,CNQ|SU|WMB|SLB,WMB,0.33128350402143575
XOM,4,CNQ|SU|WMB|SLB,SLB,0.2505044899884065
XOM,4,CNQ|SU|KMI|OKE,CNQ,0.2613859346458015
XOM,4,CNQ|SU|KMI|OKE,SU,0.3264971102030465
XOM,4,CNQ|SU|KMI|OKE,KMI,0.3693373259934593
XOM,4,CNQ|SU|KMI|OKE,OKE,0.042779629157692754
XOM,4,CNQ|SU|KMI|MPC,CNQ,0.47987435564600645
XOM,4,CNQ|SU|KMI|MPC,SU,0.0
XOM,4,CNQ|SU|KMI|MPC,KMI,0.26054683968298464
XOM,4,CNQ|SU|KMI|MPC,MPC,0.2595788046710091
XOM,4,CNQ|SU|KMI|SLB,CNQ,3.946665314436687e-17
XOM,4,CNQ|SU|KMI|SLB,SU,0.4059143479779082
XOM,4,CNQ|SU|KMI|SLB,KMI,0.33779219613590783
XOM,4,CNQ|SU|KMI|SLB,SLB,0.256293455886184
XOM,4,CNQ|SU|OKE|MPC,CNQ,0.4926435283807396
XOM,4,CNQ|SU|OKE|MPC,SU,1.0105076590964201e-16
XOM,4,CNQ|SU|OKE|MPC,OKE,0.23843513683025008
XOM,4,CNQ|SU|OKE|MPC,MPC,0.2689213347890102
XOM,4,CNQ|SU|OKE|SLB,CNQ,0.03188065508335701
XOM,4,CNQ|SU|OKE|SLB,SU,0.3911267516118279
XOM,4,CNQ|SU|OKE|SLB,OKE,0.3174246053489799
XOM,4,CNQ|SU|OKE|SLB,SLB,0.25956798795583524
XOM,4,CNQ|SU|MPC|SLB,CNQ,0.46173904355757267
XOM,4,CNQ|SU|MPC|SLB,SU,0.0
XOM,4,CNQ|SU|MPC|SLB,MPC,0.3024096947316619
XOM,4,CNQ|SU|MPC|SLB,SLB,0.23585126171076562
XOM,4,CNQ|TRGP|PSX|WMB,CNQ,0.4001172490908839
XOM,4,CNQ|TRGP|PSX|WMB,TRGP,0.21251647388462758
XOM,4,CNQ|TRGP|PSX|WMB,PSX,0.31225234750495434
XOM,4,CNQ|TRGP|PSX|WMB,WMB,0.07511392951953422
XOM,4,CNQ|TRGP|PSX|KMI,CNQ,0.4062054559520563
XOM,4,CNQ|TRGP|PSX|KMI,TRGP,0.2176737928480837
XOM,4,CNQ|TRGP|PSX|KMI,PSX,0.3058194712615765
XOM,4,CNQ|TRGP|PSX|KMI,KMI,0.07030127993828351
XOM,4,CNQ|TRGP|PSX|OKE,CNQ,0.4014176577148921
XOM,4,CNQ|TRGP|PSX|OKE,TRGP,0.2770794119383889
XOM,4,CNQ|TRGP|PSX|OKE,PSX,0.32150293034671895
XOM,4,CNQ|TRGP|PSX|OKE,OKE,8.383508595449438e-19
XOM,4,CNQ|TRGP|PSX|MPC,CNQ,0.4014177511092721
XOM,4,CNQ|TRGP|PSX|MPC,TRGP,0.2770794440492735
XOM,4,CNQ|TRGP|PSX|MPC,PSX,0.32150280484145427
XOM,4,CNQ|TRGP|PSX|MPC,MPC,8.498609785069456e-17
XOM,4,CNQ|TRGP|PSX|SLB,CNQ,0.2937743909572647
XOM,4,CNQ|TRGP|PSX|SLB,TRGP,0.27223927425715394
XOM,4,CNQ|TRGP|PSX|SLB,PSX,0.24374418025723327
XOM,4,CNQ|TRGP|PSX|SLB,SLB,0.19024215452834817
XOM,4,CNQ|TRGP|WMB|KMI,CNQ,0.562877539886404
XOM,4,CNQ|TRGP|WMB|KMI,TRGP,0.17239782980024043
XOM,4,CNQ|TRGP|WMB|KMI,WMB,6.647091053578122e-17
XOM,4,CNQ|TRGP|WMB|KMI,KMI,0.2647246303133557
XOM,4,CNQ|TRGP|WMB|OKE,CNQ,0.5632662829154531
XOM,4,CNQ|TRGP|WMB|OKE,TRGP,0.1910319293036203
XOM,4,CNQ|TRGP|WMB|OKE,WMB,0.13525011112400961
XOM,4,CNQ|TRGP|WMB|OKE,OKE,0.11045167665691684
XOM,4,CNQ|TRGP|WMB|MPC,CNQ,0.45167492087518885
XOM,4,CNQ|TRGP|WMB|MPC,TRGP,0.05100206909771417
XOM,4,CNQ|TRGP|WMB|MPC,WMB,0.22598743694258797
XOM,4,CNQ|TRGP|WMB|MPC,MPC,0.2713355730845089
XOM,4,CNQ|TRGP|WMB|SLB,CNQ,0.35779236021670385
XOM,4,CNQ|TRGP|WMB|SLB,TRGP,0.32628187484165416
XOM,4,CNQ|TRGP|WMB|SLB,WMB,0.04257595218484262
XOM,4,CNQ|TRGP|WMB|SLB,SLB,0.2733498127567994
XOM,4,CNQ|TRGP|KMI|OKE,CNQ,0.562876980124042
XOM,4,CNQ|TRGP|KMI|OKE,TRGP,0.17239916311035827
XOM,4,CNQ|TRGP|KMI|OKE,KMI,0.2647238567655998
XOM,4,CNQ|TRGP|KMI|OKE,OKE,0.0
XOM,4,CNQ|TRGP|KMI|MPC,CNQ,0.46652008090717884
XOM,4,CNQ|TRGP|KMI|MPC,TRGP,0.061862483130479984
XOM,4,CNQ|TRGP|KMI|MPC,KMI,0.2195146301852722
XOM,4,CNQ|TRGP|KMI|MPC,MPC,0.25210280577706906
XOM,4,CNQ|TRGP|KMI|SLB,CNQ,0.3641238191918787
XOM,4,CNQ|TRGP|KMI|SLB,TRGP,0.2215019883123475
XOM,4,CNQ|TRGP|KMI|SLB,KMI,0.1550556450913553
XOM,4,CNQ|TRGP|KMI|SLB,SLB,0.25931854740441856
XOM,4,CNQ|TRGP|OKE|MPC,CNQ,0.4723103058631395
XOM,4,CNQ|TRGP|OKE|MPC,TRGP,0.1093279812514726
XOM,4,CNQ|TRGP|OKE|MPC,OKE,0.1597973052375235
XOM,4,CNQ|TRGP|OKE|MPC,MPC,0.25856440764786454
XOM,4,CNQ|TRGP|OKE|SLB,CNQ,0.36026286724798634
XOM,4,CNQ|TRGP|OKE|SLB,TRGP,0.3203426730297763
XOM,4,CNQ|TRGP|OKE|SLB,OKE,0.045879742919406476
XOM,4,CNQ|TRGP|OKE|SLB,SLB,0.2735147168028309
XOM,4,CNQ|TRGP|MPC|SLB,CNQ,0.31694178904947523
XOM,4,CNQ|TRGP|MPC|SLB,TRGP,0.25316663264877637
XOM,4,CNQ|TRGP|MPC|SLB,MPC,0.1990480606018551
XOM,4,CNQ|TRGP|MPC|SLB,SLB,0.2308435176998934
XOM,4,CNQ|PSX|WMB|KMI,CNQ,0.4491014827302478
XOM,4,CNQ|PSX|WMB|KMI,PSX,0.3110981872598323
XOM,4,CNQ|PSX|WMB|KMI,WMB,0.19617278544553998
XOM,4,CNQ|PSX|WMB|KMI,KMI,0.04362754456437997
XOM,4,CNQ|PSX|WMB|OKE,CNQ,0.4457547751599236
XOM,4,CNQ|PSX|WMB|OKE,PSX,0.31271534929474687
XOM,4,CNQ|PSX|WMB|OKE,WMB,0.2143483504484465
XOM,4,CNQ|PSX|WMB|OKE,OKE,0.027181525096882916
XOM,4,CNQ|PSX|WMB|MPC,CNQ,0.44551412986806505
XOM,4,CNQ|PSX|WMB|MPC,PSX,0.3156346906169077
XOM,4,CNQ|PSX|WMB|MPC,WMB,0.23885117951502724
XOM,4,CNQ|PSX|WMB|MPC,MPC,0.0
XOM,4,CNQ|PSX|WMB|SLB,CNQ,0.3667788707495092
XOM,4,CNQ|PSX|WMB|SLB,PSX,0.2587130510700811
XOM,4,CNQ|PSX|WMB|SLB,WMB,0.21027652692446813
XOM,4,CNQ|PSX|WMB|SLB,SLB,0.1642315512559417
XOM,4,CNQ|PSX|KMI|OKE,CNQ,0.4695127838075384
XOM,4,CNQ|PSX|KMI|OKE,PSX,0.29550610080342354
XOM,4,CNQ|PSX|KMI|OKE,KMI,0.21090910143216962
XOM,4,CNQ|PSX|KMI|OKE,OKE,0.02407201395686851
XOM,4,CNQ|PSX|KMI|MPC,CNQ,0.47113512513951417
XOM,4,CNQ|PSX|KMI|MPC,PSX,0.29532817945291423
XOM,4,CNQ|PSX|KMI|MPC,KMI,0.23304430143444693
XOM,4,CNQ|PSX|KMI|MPC,MPC,0.000492393973124596
XOM,4,CNQ|PSX|KMI|SLB,CNQ,0.3748821675475417
XOM,4,CNQ|PSX|KMI|SLB,PSX,0.22920323958067013
XOM,4,CNQ|PSX|KMI|SLB,KMI,0.2171197641289942
XOM,4,CNQ|PSX|KMI|SLB,SLB,0.17879482874279404
XOM,4,CNQ|PSX|OKE|MPC,CNQ,0.47300797842072384
XOM,4,CNQ|PSX|OKE|MPC,PSX,0.309712504160591
XOM,4,CNQ|PSX|OKE|MPC,OKE,0.2172795174186852
XOM,4,CNQ|PSX|OKE|MPC,MPC,0.0
XOM,4,CNQ|PSX|OKE|SLB,CNQ,0.3827891186114618
XOM,4,CNQ|PSX|OKE|SLB,PSX,0.2472256600510139
XOM,4,CNQ|PSX|OKE|SLB,OKE,0.19559481868374934
XOM,4,CNQ|PSX|OKE|SLB,SLB,0.1743904026537751
XOM,4,CNQ|PSX|MPC|SLB,CNQ,0.46419635481773985
XOM,4,CNQ|PSX|MPC|SLB,PSX,0.21596903613762555
XOM,4,CNQ|PSX|MPC|SLB,MPC,0.11294103280290402
XOM,4,CNQ|PSX|MPC|SLB,SLB,0.20689357624173058
XOM,4,CNQ|WMB|KMI|OKE,CNQ,0.6069226302037755
XOM,4,CNQ|WMB|KMI|OKE,WMB,0.0
XOM,4,CNQ|WMB|KMI|OKE,KMI,0.3437721331127292
XOM,4,CNQ|WMB|KMI|OKE,OKE,0.0493052366834954
XOM,4,CNQ|WMB|KMI|MPC,CNQ,0.4726610368436038
XOM,4,CNQ|WMB|KMI|MPC,WMB,0.06913891688125756
XOM,4,CNQ|WMB|KMI|MPC,KMI,0.19469013126100876
XOM,4,CNQ|WMB|KMI|MPC,MPC,0.2635099150141299
XOM,4,CNQ|WMB|KMI|SLB,CNQ,0.43302344216629723
XOM,4,CNQ|WMB|KMI|SLB,WMB,8.15438618321715e-18
XOM,4,CNQ|WMB|KMI|SLB,KMI,0.3183120777201135
XOM,4,CNQ|WMB|KMI|SLB,SLB,0.24866448011358921
XOM,4,CNQ|WMB|OKE|MPC,CNQ,0.45892014691875027
XOM,4,CNQ|WMB|OKE|MPC,WMB,0.2463236782229075
XOM,4,CNQ|WMB|OKE|MPC,OKE,0.017463986362236186
XOM,4,CNQ|WMB|OKE|MPC,MPC,0.2772921884961061
XOM,4,CNQ|WMB|OKE|SLB,CNQ,0.44002368369261646
XOM,4,CNQ|WMB|OKE|SLB,WMB,0.12161218619111427
XOM,4,CNQ|WMB|OKE|SLB,OKE,0.19375913348571877
XOM,4,CNQ|WMB|OKE|SLB,SLB,0.24460499663055046
XOM,4,CNQ|WMB|MPC|SLB,CNQ,0.35362335288389696
XOM,4,CNQ|WMB|MPC|SLB,WMB,0.21567665686090953
XOM,4,CNQ|WMB|MPC|SLB,MPC,0.2365896497012544
XOM,4,CNQ|WMB|MPC|SLB,SLB,0.19411034055393916
XOM,4,CNQ|KMI|OKE|MPC,CNQ,0.47987374818848066
XOM,4,CNQ|KMI|OKE|MPC,KMI,0.2605476550780793
XOM,4,CNQ|KMI|OKE|MPC,OKE,1.213636747759842e-17
XOM,4,CNQ|KMI|OKE|MPC,MPC,0.2595785967334401
XOM,4,CNQ|KMI|OKE|SLB,CNQ,0.4330232529634766
XOM,4,CNQ|KMI|OKE|SLB,KMI,0.3183121347601916
XOM,4,CNQ|KMI|OKE|SLB,OKE,5.01025282256839e-18
XOM,4,CNQ|KMI|OKE|SLB,SLB,0.24866461227633174
XOM,4,CNQ|KMI|MPC|SLB,CNQ,0.358408088310407
XOM,4,CNQ|KMI|MPC|SLB,KMI,0.2257850264634848
XOM,4,CNQ|KMI|MPC|SLB,MPC,0.21249664439035335
XOM,4,CNQ|KMI|MPC|SLB,SLB,0.20331024083575494
XOM,4,CNQ|OKE|MPC|SLB,CNQ,0.3732421910052503
XOM,4,CNQ|OKE|MPC|SLB,OKE,0.19854231818094606
XOM,4,CNQ|OKE|MPC|SLB,MPC,0.22386378053198142
XOM,4,CNQ|OKE|MPC|SLB,SLB,0.20435171028182234
XOM,4,FANG|CVE|SU|TRGP,FANG,0.394984112023439
XOM,4,FANG|CVE|SU|TRGP,CVE,2.3500526780920617e-16
XOM,4,FANG|CVE|SU|TRGP,SU,0.31551445788928273
XOM,4,FANG|CVE|SU|TRGP,TRGP,0.28950143008727813
XOM,4,FANG|CVE|SU|PSX,FANG,0.3486536564954455
XOM,4,FANG|CVE|SU|PSX,CVE,0.14267294423228324
XOM,4,FANG|CVE|SU|PSX,SU,0.21325481885356506
XOM,4,FANG|CVE|SU|PSX,PSX,0.2954185804187062
XOM,4,FANG|CVE|SU|WMB,FANG,0.3791894308088886
XOM,4,FANG|CVE|SU|WMB,CVE,0.0
XOM,4,FANG|CVE|SU|WMB,SU,0.33716408400450926
XOM,4,FANG|CVE|SU|WMB,WMB,0.2836464851866023
XOM,4,FANG|CVE|SU|KMI,FANG,0.36723274986728965
XOM,4,FANG|CVE|SU|KMI,CVE,0.0
XOM,4,FANG|CVE|SU|KMI,SU,0.3508686208387809
XOM,4,FANG|CVE|SU|KMI,KMI,0.28189862929392945
XOM,4,FANG|CVE|SU|OKE,FANG,0.37492650831317326
XOM,4,FANG|CVE|SU|OKE,CVE,0.0
XOM,4,FANG|CVE|SU|OKE,SU,0.37419074376877953
XOM,4,FANG|CVE|SU|OKE,OKE,0.25088274791804727
XOM,4,FANG|CVE|SU|MPC,FANG,0.41384457826564686
XOM,4,FANG|CVE|SU|MPC,CVE,3.270166569244279e-17
XOM,4,FANG|CVE|SU|MPC,SU,0.3496865744873578
XOM,4,FANG|CVE|SU|MPC,MPC,0.23646884724699524
XOM,4,FANG|CVE|SU|SLB,FANG,0.4029267444779419
XOM,4,FANG|CVE|SU|SLB,CVE,1.5105244427504345e-17
XOM,4,FANG|CVE|SU|SLB,SU,0.4088259951606866
XOM,4,FANG|CVE|SU|SLB,SLB,0.18824726036137163
XOM,4,FANG|CVE|TRGP|PSX,FANG,0.2649529403219547
XOM,4,FANG|CVE|TRGP|PSX,CVE,0.24437651144142422
XOM,4,FANG|CVE|TRGP|PSX,TRGP,0.22355920102669646
XOM,4,FANG|CVE|TRGP|PSX,PSX,0.26711134720992463
XOM,4,FANG|CVE|TRGP|WMB,FANG,0.35008946653816775
XOM,4,FANG|CVE|TRGP|WMB,CVE,0.3288768479228038
XOM,4,FANG|CVE|TRGP|WMB,TRGP,0.023170310006026696
XOM,4,FANG|CVE|TRGP|WMB,WMB,0.2978633755330018
XOM,4,FANG|CVE|TRGP|KMI,FANG,0.31513235103881326
XOM,4,FANG|CVE|TRGP|KMI,CVE,0.36518151497149887
XOM,4,FANG|CVE|TRGP|KMI,TRGP,3.6151167665466526e-18
XOM,4,FANG|CVE|TRGP|KMI,KMI,0.31968613398968787
XOM,4,FANG|CVE|TRGP|OKE,FANG,0.35485278574491985
XOM,4,FANG|CVE|TRGP|OKE,CVE,0.32508166773279285
XOM,4,FANG|CVE|TRGP|OKE,TRGP,0.15229277503863853
XOM,4,FANG|CVE|TRGP|OKE,OKE,0.1677727714836489
XOM,4,FANG|CVE|TRGP|MPC,FANG,0.33292046881285725
XOM,4,FANG|CVE|TRGP|MPC,CVE,0.24629364052208005
XOM,4,FANG|CVE|TRGP|MPC,TRGP,0.22410817990302523
XOM,4,FANG|CVE|TRGP|MPC,MPC,0.19667771076203752
XOM,4,FANG|CVE|TRGP|SLB,FANG,0.27044139362834524
XOM,4,FANG|CVE|TRGP|SLB,CVE,0.21108998165618642
XOM,4,FANG|CVE|TRGP|SLB,TRGP,0.31464632212524746
XOM,4,FANG|CVE|TRGP|SLB,SLB,0.20382230259022097
XOM,4,FANG|CVE|PSX|WMB,FANG,0.24780309920830007
XOM,4,FANG|CVE|PSX|WMB,CVE,0.29149484183947716
XOM,4,FANG|CVE|PSX|WMB,PSX,0.23935400984524227
XOM,4,FANG|CVE|PSX|WMB,WMB,0.2213480491069805
XOM,4,FANG|CVE|PSX|KMI,FANG,0.2377371693186668
XOM,4,FANG|CVE|PSX|KMI,CVE,0.320513709460048
XOM,4,FANG|CVE|PSX|KMI,PSX,0.22039104857448744
XOM,4,FANG|CVE|PSX|KMI,KMI,0.22135807264679774
XOM,4,FANG|CVE|PSX|OKE,FANG,0.24363321361781445
XOM,4,FANG|CVE|PSX|OKE,CVE,0.32334373346730266
XOM,4,FANG|CVE|PSX|OKE,PSX,0.2549089029211189
XOM,4,FANG|CVE|PSX|OKE,OKE,0.17811414999376396
XOM,4,FANG|CVE|PSX|MPC,FANG,0.3117200011680862
XOM,4,FANG|CVE|PSX|MPC,CVE,0.3619032851003014
XOM,4,FANG|CVE|PSX|MPC,PSX,0.3263767137316125
XOM,4,FANG|CVE|PSX|MPC,MPC,0.0
XOM,4,FANG|CVE|PSX|SLB,FANG,0.25573618017909694
XOM,4,FANG|CVE|PSX|SLB,CVE,0.3302203839839786
XOM,4,FANG|CVE|PSX|SLB,PSX,0.2938242274541201
XOM,4,FANG|CVE|PSX|SLB,SLB,0.12021920838280423
XOM,4,FANG|CVE|WMB|KMI,FANG,0.3151320294891543
XOM,4,FANG|CVE|WMB|KMI,CVE,0.3651812919556251
XOM,4,FANG|CVE|WMB|KMI,WMB,0.0
XOM,4,FANG|CVE|WMB|KMI,KMI,0.31968667855522065
XOM,4,FANG|CVE|WMB|OKE,FANG,0.3497247014212203
XOM,4,FANG|CVE|WMB|OKE,CVE,0.33548800628015363
XOM,4,FANG|CVE|WMB|OKE,WMB,0.3147872922986261
XOM,4,FANG|CVE|WMB|OKE,OKE,0.0
XOM,4,FANG|CVE|WMB|MPC,FANG,0.28647562790794034
XOM,4,FANG|CVE|WMB|MPC,CVE,0.2737606314169201
XOM,4,FANG|CVE|WMB|MPC,WMB,0.24910845178593344
XOM,4,FANG|CVE|WMB|MPC,MPC,0.1906552888892061
XOM,4,FANG|CVE|WMB|SLB,FANG,0.2758492828348614
XOM,4,FANG|CVE|WMB|SLB,CVE,0.2982202369742879
XOM,4,FANG|CVE|WMB|SLB,WMB,0.2847862165105399
XOM,4,FANG|CVE|WMB|SLB,SLB,0.14114426368031083
XOM,4,FANG|CVE|KMI|OKE,FANG,0.3151324135793968
XOM,4,FANG|CVE|KMI|OKE,CVE,0.36518141721990943
XOM,4,FANG|CVE|KMI|OKE,KMI,0.31968616920069376
XOM,4,FANG|CVE|KMI|OKE,OKE,3.2894365687943143e-17
XOM,4,FANG|CVE|KMI|MPC,FANG,0.27030241885000456
XOM,4,FANG|CVE|KMI|MPC,CVE,0.3074872691561451
XOM,4,FANG|CVE|KMI|MPC,KMI,0.252046601718523
XOM,4,FANG|CVE|KMI|MPC,MPC,0.17016371027532723
XOM,4,FANG|CVE|KMI|SLB,FANG,0.23189865062952908
XOM,4,FANG|CVE|KMI|SLB,CVE,0.3179113408824038
XOM,4,FANG|CVE|KMI|SLB,KMI,0.29576856846996946
XOM,4,FANG|CVE|KMI|SLB,SLB,0.15442144001809774
XOM,4,FANG|CVE|OKE|MPC,FANG,0.2858358312796418
XOM,4,FANG|CVE|OKE|MPC,CVE,0.3105793694685515
XOM,4,FANG|CVE|OKE|MPC,OKE,0.20568076972415406
XOM,4,FANG|CVE|OKE|MPC,MPC,0.19790402952765265
XOM,4,FANG|CVE|OKE|SLB,FANG,0.2448617759778663
XOM,4,FANG|CVE|OKE|SLB,CVE,0.32469041565177037
XOM,4,FANG|CVE|OKE|SLB,OKE,0.2609549890904918
XOM,4,FANG|CVE|OKE|SLB,SLB,0.16949281927987156
XOM,4,FANG|CVE|MPC|SLB,FANG,0.2824060542759882
XOM,4,FANG|CVE|MPC|SLB,CVE,0.2988166288779057
XOM,4,FANG|CVE|MPC|SLB,MPC,0.2505463314389568
XOM,4,FANG|CVE|MPC|SLB,SLB,0.1682309854071493
XOM,4,FANG|SU|TRGP|PSX,FANG,0.30014011561256065
XOM,4,FANG|SU|TRGP|PSX,SU,0.24138633600305417
XOM,4,FANG|SU|TRGP|PSX,TRGP,0.22976640972203508
XOM,4,FANG|SU|TRGP|PSX,PSX,0.2287071386623501
XOM,4,FANG|SU|TRGP|WMB,FANG,0.3738888973798289
XOM,4,FANG|SU|TRGP|WMB,SU,0.32289635564501035
XOM,4,FANG|SU|TRGP|WMB,TRGP,0.07571259313308112
XOM,4,FANG|SU|TRGP|WMB,WMB,0.2275021538420797
XOM,4,FANG|SU|TRGP|KMI,FANG,0.3628646543265445
XOM,4,FANG|SU|TRGP|KMI,SU,0.33267056000392603
XOM,4,FANG|SU|TRGP|KMI,TRGP,0.07637649466174538
XOM,4,FANG|SU|TRGP|KMI,KMI,0.22808829100778416
XOM,4,FANG|SU|TRGP|OKE,FANG,0.3777190044325987
XOM,4,FANG|SU|TRGP|OKE,SU,0.3268017928584638
XOM,4,FANG|SU|TRGP|OKE,TRGP,0.1988831987573685
XOM,4,FANG|SU|TRGP|OKE,OKE,0.09659600395156902
XOM,4,FANG|SU|TRGP|MPC,FANG,0.3481039235832448
XOM,4,FANG|SU|TRGP|MPC,SU,0.2681282143821353
XOM,4,FANG|SU|TRGP|MPC,TRGP,0.22088046207487397
XOM,4,FANG|SU|TRGP|MPC,MPC,0.1628873999597459
XOM,4,FANG|SU|TRGP|SLB,FANG,0.27414655275536837
XOM,4,FANG|SU|TRGP|SLB,SU,0.2546160605054648
XOM,4,FANG|SU|TRGP|SLB,TRGP,0.28670349022897995
XOM,4,FANG|SU|TRGP|SLB,SLB,0.1845338965101869
XOM,4,FANG|SU|PSX|WMB,FANG,0.3049077180673472
XOM,4,FANG|SU|PSX|WMB,SU,0.27381971079758405
XOM,4,FANG|SU|PSX|WMB,PSX,0.2039330409875872
XOM,4,FANG|SU|PSX|WMB,WMB,0.2173395301474817
XOM,4,FANG|SU|PSX|KMI,FANG,0.30822799074470586
XOM,4,FANG|SU|PSX|KMI,SU,0.29471025204770496
XOM,4,FANG|SU|PSX|KMI,PSX,0.18871535240159634
XOM,4,FANG|SU|PSX|KMI,KMI,0.20834640480599287
XOM,4,FANG|SU|PSX|OKE,FANG,0.30710859298635174
XOM,4,FANG|SU|PSX|OKE,SU,0.3042892589282867
XOM,4,FANG|SU|PSX|OKE,PSX,0.2156499150865971
XOM,4,FANG|SU|PSX|OKE,OKE,0.17295223299876453
XOM,4,FANG|SU|PSX|MPC,FANG,0.37842631704695034
XOM,4,FANG|SU|PSX|MPC,SU,0.3425391008869532
XOM,4,FANG|SU|PSX|MPC,PSX,0.27903458206609644
XOM,4,FANG|SU|PSX|MPC,MPC,9.461791463471513e-18
XOM,4,FANG|SU|PSX|SLB,FANG,0.3116765049983299
XOM,4,FANG|SU|PSX|SLB,SU,0.3144062722341644
XOM,4,FANG|SU|PSX|SLB,PSX,0.2479737977380772
XOM,4,FANG|SU|PSX|SLB,SLB,0.12594342502942854
XOM,4,FANG|SU|WMB|KMI,FANG,0.3682748807308521
XOM,4,FANG|SU|WMB|KMI,SU,0.346846366114516
XOM,4,FANG|SU|WMB|KMI,WMB,0.059937475551882786
XOM,4,FANG|SU|WMB|KMI,KMI,0.2249412776027491
XOM,4,FANG|SU|WMB|OKE,FANG,0.37918948133226643
XOM,4,FANG|SU|WMB|OKE,SU,0.33716414048045157
XOM,4,FANG|SU|WMB|OKE,WMB,0.28364637818728217
XOM,4,FANG|SU|WMB|OKE,OKE,0.0
XOM,4,FANG|SU|WMB|MPC,FANG,0.3244416579198071
XOM,4,FANG|SU|WMB|MPC,SU,0.2736829556685888
XOM,4,FANG|SU|WMB|MPC,WMB,0.2344444528891935
XOM,4,FANG|SU|WMB|MPC,MPC,0.1674309335224106
XOM,4,FANG|SU|WMB|SLB,FANG,0.30444914460512484
XOM,4,FANG|SU|WMB|SLB,SU,0.30445869230277633
XOM,4,FANG|SU|WMB|SLB,WMB,0.25746403882870816
XOM,4,FANG|SU|WMB|SLB,SLB,0.1336281242633905
XOM,4,FANG|SU|KMI|OKE,FANG,0.36723267555101685
XOM,4,FANG|SU|KMI|OKE,SU,0.35086868177345576
XOM,4,FANG|SU|KMI|OKE,KMI,0.28189864267552733
XOM,4,FANG|SU|KMI|OKE,OKE,0.0
XOM,4,FANG|SU|KMI|MPC,FANG,0.323864551944042
XOM,4,FANG|SU|KMI|MPC,SU,0.2942796514738562
XOM,4,FANG|SU|KMI|MPC,KMI,0.22869887929011673
XOM,4,FANG|SU|KMI|MPC,MPC,0.15315691729198513
XOM,4,FANG|SU|KMI|SLB,FANG,0.2785126016577013
XOM,4,FANG|SU|KMI|SLB,SU,0.308212190862422
XOM,4,FANG|SU|KMI|SLB,KMI,0.26280914799587035
XOM,4,FANG|SU|KMI|SLB,SLB,0.15046605948400635
XOM,4,FANG|SU|OKE|MPC,FANG,0.32946557053641395
XOM,4,FANG|SU|OKE|MPC,SU,0.3088469478276126
XOM,4,FANG|SU|OKE|MPC,OKE,0.18973653153293174
XOM,4,FANG|SU|OKE|MPC,MPC,0.1719509501030417
XOM,4,FANG|SU|OKE|SLB,FANG,0.28127537596941116
XOM,4,FANG|SU|OKE|SLB,SU,0.32788785705053114
XOM,4,FANG|SU|OKE|SLB,OKE,0.23158384855022213
XOM,4,FANG|SU|OKE|SLB,SLB,0.15925291842983552
XOM,4,FANG|SU|MPC|SLB,FANG,0.3167105592293563
XOM,4,FANG|SU|MPC|SLB,SU,0.3052217429855643
XOM,4,FANG|SU|MPC|SLB,MPC,0.21753817552350796
XOM,4,FANG|SU|MPC|SLB,SLB,0.16052952226157147
XOM,4,FANG|TRGP|PSX|WMB,FANG,0.38837467896500155
XOM,4,FANG|TRGP|PSX|WMB,TRGP,0.24573373868093523
XOM,4,FANG|TRGP|PSX|WMB,PSX,0.2754690691585979
XOM,4,FANG|TRGP|PSX|WMB,WMB,0.09042251319546538
XOM,4,FANG|TRGP|PSX|KMI,FANG,0.38892684417602186
XOM,4,FANG|TRGP|PSX|KMI,TRGP,0.30486141084028834
XOM,4,FANG|TRGP|PSX|KMI,PSX,0.28216715152124994
XOM,4,FANG|TRGP|PSX|KMI,KMI,0.02404459346243982
XOM,4,FANG|TRGP|PSX|OKE,FANG,0.3885373685156018
XOM,4,FANG|TRGP|PSX|OKE,TRGP,0.3243544685173706
XOM,4,FANG|TRGP|PSX|OKE,PSX,0.2871081629670276
XOM,4,FANG|TRGP|PSX|OKE,OKE,6.924918273867839e-18
XOM,4,FANG|TRGP|PSX|MPC,FANG,0.3885375185913029
XOM,4,FANG|TRGP|PSX|MPC,TRGP,0.32435445212315756
XOM,4,FANG|TRGP|PSX|MPC,PSX,0.2871080292855394
XOM,4,FANG|TRGP|PSX|MPC,MPC,5.927716559386885e-17
XOM,4,FANG|TRGP|PSX|SLB,FANG,0.2774951286403861
XOM,4,FANG|TRGP|PSX|SLB,TRGP,0.31664496277594206
XOM,4,FANG|TRGP|PSX|SLB,PSX,0.2318201455822253
XOM,4,FANG|TRGP|PSX|SLB,SLB,0.17403976300144655
XOM,4,FANG|TRGP|WMB|KMI,FANG,0.5378835139771001
XOM,4,FANG|TRGP|WMB|KMI,TRGP,0.25929556646944796
XOM,4,FANG|TRGP|WMB|KMI,WMB,0.15172041664374245
XOM,4,FANG|TRGP|WMB|KMI,KMI,0.05110050290970949
XOM,4,FANG|TRGP|WMB|OKE,FANG,0.5392409597269809
XOM,4,FANG|TRGP|WMB|OKE,TRGP,0.2580277069075993
XOM,4,FANG|TRGP|WMB|OKE,WMB,0.20273133336541987
XOM,4,FANG|TRGP|WMB|OKE,OKE,0.0
XOM,4,FANG|TRGP|WMB|MPC,FANG,0.4377062513807472
XOM,4,FANG|TRGP|WMB|MPC,TRGP,0.11038992479228117
XOM,4,FANG|TRGP|WMB|MPC,WMB,0.22189233071837416
XOM,4,FANG|TRGP|WMB|MPC,MPC,0.2300114931085974
XOM,4,FANG|TRGP|WMB|SLB,FANG,0.3581240957215162
XOM,4,FANG|TRGP|WMB|SLB,TRGP,0.34186053848354836
XOM,4,FANG|TRGP|WMB|SLB,WMB,0.06705382276874504
XOM,4,FANG|TRGP|WMB|SLB,SLB,0.2329615430261904
XOM,4,FANG|TRGP|KMI|OKE,FANG,0.5363826444757821
XOM,4,FANG|TRGP|KMI|OKE,TRGP,0.285243605808645
XOM,4,FANG|TRGP|KMI|OKE,KMI,0.1783737497155729
XOM,4,FANG|TRGP|KMI|OKE,OKE,0.0
XOM,4,FANG|TRGP|KMI|MPC,FANG,0.44401529800161643
XOM,4,FANG|TRGP|KMI|MPC,TRGP,0.18239565600548785
XOM,4,FANG|TRGP|KMI|MPC,KMI,0.1560062688505776
XOM,4,FANG|TRGP|KMI|MPC,MPC,0.2175827771423182
XOM,4,FANG|TRGP|KMI|SLB,FANG,0.3515402292924
XOM,4,FANG|TRGP|KMI|SLB,TRGP,0.3037469526579302
XOM,4,FANG|TRGP|KMI|SLB,KMI,0.11144750286810538
XOM,4,FANG|TRGP|KMI|SLB,SLB,0.2332653151815643
XOM,4,FANG|TRGP|OKE|MPC,FANG,0.4572970422242036
XOM,4,FANG|TRGP|OKE|MPC,TRGP,0.31880659737970546
XOM,4,FANG|TRGP|OKE|MPC,OKE,0.0
XOM,4,FANG|TRGP|OKE|MPC,MPC,0.22389636039609104
XOM,4,FANG|TRGP|OKE|SLB,FANG,0.3535023287773133
XOM,4,FANG|TRGP|OKE|SLB,TRGP,0.40168780453707753
XOM,4,FANG|TRGP|OKE|SLB,OKE,0.0
XOM,4,FANG|TRGP|OKE|SLB,SLB,0.2448098666856093
XOM,4,FANG|TRGP|MPC|SLB,FANG,0.30143513239005976
XOM,4,FANG|TRGP|MPC|SLB,TRGP,0.30473789524037387
XOM,4,FANG|TRGP|MPC|SLB,MPC,0.18202187603165365
XOM,4,FANG|TRGP|MPC|SLB,SLB,0.2118050963379126
XOM,4,FANG|PSX|WMB|KMI,FANG,0.43237556871481464
XOM,4,FANG|PSX|WMB|KMI,PSX,0.2786861050949807
XOM,4,FANG|PSX|WMB|KMI,WMB,0.2889383261902049
XOM,4,FANG|PSX|WMB|KMI,KMI,0.0
XOM,4,FANG|PSX|WMB|OKE,FANG,0.43237561565532
XOM,4,FANG|PSX|WMB|OKE,PSX,0.2786859119771211
XOM,4,FANG|PSX|WMB|OKE,WMB,0.28893847236755904
XOM,4,FANG|PSX|WMB|OKE,OKE,0.0
XOM,4,FANG|PSX|WMB|MPC,FANG,0.43200569751848983
XOM,4,FANG|PSX|WMB|MPC,PSX,0.24903352009076157
XOM,4,FANG|PSX|WMB|MPC,WMB,0.28891692010239334
XOM,4,FANG|PSX|WMB|MPC,MPC,0.030043862288355296
XOM,4,FANG|PSX|WMB|SLB,FANG,0.3537958386121226
XOM,4,FANG|PSX|WMB|SLB,PSX,0.24408412574974447
XOM,4,FANG|PSX|WMB|SLB,WMB,0.2644264438111649
XOM,4,FANG|PSX|WMB|SLB,SLB,0.13769359182696797
XOM,4,FANG|PSX|KMI|OKE,FANG,0.4579676896511215
XOM,4,FANG|PSX|KMI|OKE,PSX,0.2743161799567206
XOM,4,FANG|PSX|KMI|OKE,KMI,0.2677161303921579
XOM,4,FANG|PSX|KMI|OKE,OKE,2.0296339197901834e-17
XOM,4,FANG|PSX|KMI|MPC,FANG,0.4567928149717257
XOM,4,FANG|PSX|KMI|MPC,PSX,0.21577648069407543
XOM,4,FANG|PSX|KMI|MPC,KMI,0.2686189936170654
XOM,4,FANG|PSX|KMI|MPC,MPC,0.05881171071713343
XOM,4,FANG|PSX|KMI|SLB,FANG,0.3530475190078226
XOM,4,FANG|PSX|KMI|SLB,PSX,0.22526397586630573
XOM,4,FANG|PSX|KMI|SLB,KMI,0.25427491884127856
XOM,4,FANG|PSX|KMI|SLB,SLB,0.16741358628459307
XOM,4,FANG|PSX|OKE|MPC,FANG,0.4569599506288525
XOM,4,FANG|PSX|OKE|MPC,PSX,0.3079755571253673
XOM,4,FANG|PSX|OKE|MPC,OKE,0.2350644922457803
XOM,4,FANG|PSX|OKE|MPC,MPC,2.1370641259225998e-18
XOM,4,FANG|PSX|OKE|SLB,FANG,0.3509137233631033
XOM,4,FANG|PSX|OKE|SLB,PSX,0.2570020736632568
XOM,4,FANG|PSX|OKE|SLB,OKE,0.22124805305105347
XOM,4,FANG|PSX|OKE|SLB,SLB,0.17083614992258644
XOM,4,FANG|PSX|MPC|SLB,FANG,0.44690022795710227
XOM,4,FANG|PSX|MPC|SLB,PSX,0.18039069216049425
XOM,4,FANG|PSX|MPC|SLB,MPC,0.16778255112708398
XOM,4,FANG|PSX|MPC|SLB,SLB,0.20492652875531958
XOM,4,FANG|WMB|KMI|OKE,FANG,0.5868415495026611
XOM,4,FANG|WMB|KMI|OKE,WMB,0.3912793480295277
XOM,4,FANG|WMB|KMI|OKE,KMI,0.02187910246781127
XOM,4,FANG|WMB|KMI|OKE,OKE,0.0
XOM,4,FANG|WMB|KMI|MPC,FANG,0.4479118646860919
XOM,4,FANG|WMB|KMI|MPC,WMB,0.3036035166409052
XOM,4,FANG|WMB|KMI|MPC,KMI,0.0
XOM,4,FANG|WMB|KMI|MPC,MPC,0.24848461867300284
XOM,4,FANG|WMB|KMI|SLB,FANG,0.4254134728411264
XOM,4,FANG|WMB|KMI|SLB,WMB,0.07146185839962887
XOM,4,FANG|WMB|KMI|SLB,KMI,0.28398870811924404
XOM,4,FANG|WMB|KMI|SLB,SLB,0.21913596064000068
XOM,4,FANG|WMB|OKE|MPC,FANG,0.4479114688386317
XOM,4,FANG|WMB|OKE|MPC,WMB,0.30360409952088
XOM,4,FANG|WMB|OKE|MPC,OKE,3.1233069380581444e-17
XOM,4,FANG|WMB|OKE|MPC,MPC,0.24848443164048825
XOM,4,FANG|WMB|OKE|SLB,FANG,0.44689523703912243
XOM,4,FANG|WMB|OKE|SLB,WMB,0.35543260696449036
XOM,4,FANG|WMB|OKE|SLB,OKE,0.0
XOM,4,FANG|WMB|OKE|SLB,SLB,0.19767215599638724
XOM,4,FANG|WMB|MPC|SLB,FANG,0.3428451023821055
XOM,4,FANG|WMB|MPC|SLB,WMB,0.26531645601939746
XOM,4,FANG|WMB|MPC|SLB,MPC,0.22687063361995263
XOM,4,FANG|WMB|MPC|SLB,SLB,0.16496780797854435
XOM,4,FANG|KMI|OKE|MPC,FANG,0.46836742186020375
XOM,4,FANG|KMI|OKE|MPC,KMI,0.2863179290891463
XOM,4,FANG|KMI|OKE|MPC,OKE,0.0
XOM,4,FANG|KMI|OKE|MPC,MPC,0.24531464905065006
XOM,4,FANG|KMI|OKE|SLB,FANG,0.4224407633422574
XOM,4,FANG|KMI|OKE|SLB,KMI,0.35213813608174793
XOM,4,FANG|KMI|OKE|SLB,OKE,0.0
XOM,4,FANG|KMI|OKE|SLB,SLB,0.2254211005759948
XOM,4,FANG|KMI|MPC|SLB,FANG,0.3368781742307014
XOM,4,FANG|KMI|MPC|SLB,KMI,0.25815734253909667
XOM,4,FANG|KMI|MPC|SLB,MPC,0.21459306373817166
XOM,4,FANG|KMI|MPC|SLB,SLB,0.19037141949203013
XOM,4,FANG|OKE|MPC|SLB,FANG,0.3414932250953853
XOM,4,FANG|OKE|MPC|SLB,OKE,0.2207541695924928
XOM,4,FANG|OKE|MPC|SLB,MPC,0.23732701014314406
XOM,4,FANG|OKE|MPC|SLB,SLB,0.2004255951689779
XOM,4,CVE|SU|TRGP|PSX,CVE,0.3838602106894404
XOM,4,CVE|SU|TRGP|PSX,SU,0.0
XOM,4,CVE|SU|TRGP|PSX,TRGP,0.26882732250184926
XOM,4,CVE|SU|TRGP|PSX,PSX,0.3473124668087105
XOM,4,CVE|SU|TRGP|WMB,CVE,0.44527441536705004
XOM,4,CVE|SU|TRGP|WMB,SU,0.12163496023649614
XOM,4,CVE|SU|TRGP|WMB,TRGP,0.033680491725925535
XOM,4,CVE|SU|TRGP|WMB,WMB,0.3994101326705284
XOM,4,CVE|SU|TRGP|KMI,CVE,0.5724017200411374
XOM,4,CVE|SU|TRGP|KMI,SU,7.331917191433224e-18
XOM,4,CVE|SU|TRGP|KMI,TRGP,0.0
XOM,4,CVE|SU|TRGP|KMI,KMI,0.42759827995886257
XOM,4,CVE|SU|TRGP|OKE,CVE,0.39274874229447987
XOM,4,CVE|SU|TRGP|OKE,SU,0.18327172210670128
XOM,4,CVE|SU|TRGP|OKE,TRGP,0.06659076651883689
XOM,4,CVE|SU|TRGP|OKE,OKE,0.357388769079982
XOM,4,CVE|SU|TRGP|MPC,CVE,0.27717088382273386
XOM,4,CVE|SU|TRGP|MPC,SU,0.1643038307401958
XOM,4,CVE|SU|TRGP|MPC,TRGP,0.2980637067810011
XOM,4,CVE|SU|TRGP|MPC,MPC,0.2604615786560693
XOM,4,CVE|SU|TRGP|SLB,CVE,0.0
XOM,4,CVE|SU|TRGP|SLB,SU,0.3283671296768762
XOM,4,CVE|SU|TRGP|SLB,TRGP,0.37594407899870325
XOM,4,CVE|SU|TRGP|SLB,SLB,0.2956887913244205
XOM,4,CVE|SU|PSX|WMB,CVE,0.4271936092185557
XOM,4,CVE|SU|PSX|WMB,SU,1.0570971181733668e-17
XOM,4,CVE|SU|PSX|WMB,PSX,0.3063473941869582
XOM,4,CVE|SU|PSX|WMB,WMB,0.266458996594486
XOM,4,CVE|SU|PSX|KMI,CVE,0.45255287820167056
XOM,4,CVE|SU|PSX|KMI,SU,0.0
XOM,4,CVE|SU|PSX|KMI,PSX,0.2764091451380272
XOM,4,CVE|SU|PSX|KMI,KMI,0.27103797666030216
XOM,4,CVE|SU|PSX|OKE,CVE,0.45126555267919083
XOM,4,CVE|SU|PSX|OKE,SU,5.753577173343242e-17
XOM,4,CVE|SU|PSX|OKE,PSX,0.310319231654216
XOM,4,CVE|SU|PSX|OKE,OKE,0.2384152156665931
XOM,4,CVE|SU|PSX|MPC,CVE,0.561126549429451
XOM,4,CVE|SU|PSX|MPC,SU,1.0839400746024462e-16
XOM,4,CVE|SU|PSX|MPC,PSX,0.4388734505705491
XOM,4,CVE|SU|PSX|MPC,MPC,0.0
XOM,4,CVE|SU|PSX|SLB,CVE,0.4532662555857651
XOM,4,CVE|SU|PSX|SLB,SU,0.0
XOM,4,CVE|SU|PSX|SLB,PSX,0.3545267396496661
XOM,4,CVE|SU|PSX|SLB,SLB,0.1922070047645688
XOM,4,CVE|SU|WMB|KMI,CVE,0.5724017184941691
XOM,4,CVE|SU|WMB|KMI,SU,0.0
XOM,4,CVE|SU|WMB|KMI,WMB,0.0
XOM,4,CVE|SU|WMB|KMI,KMI,0.4275982815058313
XOM,4,CVE|SU|WMB|OKE,CVE,0.45774448901068315
XOM,4,CVE|SU|WMB|OKE,SU,0.1095015622371631
XOM,4,CVE|SU|WMB|OKE,WMB,0.2911469578862918
XOM,4,CVE|SU|WMB|OKE,OKE,0.14160699086586198
XOM,4,CVE|SU|WMB|MPC,CVE,0.4347656498989378
XOM,4,CVE|SU|WMB|MPC,SU,0.0
XOM,4,CVE|SU|WMB|MPC,WMB,0.3154833505639832
XOM,4,CVE|SU|WMB|MPC,MPC,0.24975099953707894
XOM,4,CVE|SU|WMB|SLB,CVE,0.2469273447063504
XOM,4,CVE|SU|WMB|SLB,SU,0.1877593031668403
XOM,4,CVE|SU|WMB|SLB,WMB,0.3320844303457488
XOM,4,CVE|SU|WMB|SLB,SLB,0.23322892178106056
XOM,4,CVE|SU|KMI|OKE,CVE,0.5724017184123631
XOM,4,CVE|SU|KMI|OKE,SU,2.2184358491830384e-17
XOM,4,CVE|SU|KMI|OKE,KMI,0.42759828158763696
XOM,4,CVE|SU|KMI|OKE,OKE,1.6995546131302836e-17
XOM,4,CVE|SU|KMI|MPC,CVE,0.4619061295972215
XOM,4,CVE|SU|KMI|MPC,SU,2.6804357615862334e-18
XOM,4,CVE|SU|KMI|MPC,KMI,0.3224030258708202
XOM,4,CVE|SU|KMI|MPC,MPC,0.21569084453195841
XOM,4,CVE|SU|KMI|SLB,CVE,0.38735840055446463
XOM,4,CVE|SU|KMI|SLB,SU,0.03818751134439911
XOM,4,CVE|SU|KMI|SLB,KMI,0.34887612938893636
XOM,4,CVE|SU|KMI|SLB,SLB,0.22557795871219993
XOM,4,CVE|SU|OKE|MPC,CVE,0.4664835559752596
XOM,4,CVE|SU|OKE|MPC,SU,2.60441455457016e-18
XOM,4,CVE|SU|OKE|MPC,OKE,0.28983580221513333
XOM,4,CVE|SU|OKE|MPC,MPC,0.2436806418096072
XOM,4,CVE|SU|OKE|SLB,CVE,0.20831766918623518
XOM,4,CVE|SU|OKE|SLB,SU,0.22603896764685513
XOM,4,CVE|SU|OKE|SLB,OKE,0.3185352496625069
XOM,4,CVE|SU|OKE|SLB,SLB,0.24710811350440282
XOM,4,CVE|SU|MPC|SLB,CVE,0.3153287510623881
XOM,4,CVE|SU|MPC|SLB,SU,0.1194266336403604
XOM,4,CVE|SU|MPC|SLB,MPC,0.3008676943934814
XOM,4,CVE|SU|MPC|SLB,SLB,0.26437692090377024
XOM,4,CVE|TRGP|PSX|WMB,CVE,0.4138833008563134
XOM,4,CVE|TRGP|PSX|WMB,TRGP,0.04628044978605022
XOM,4,CVE|TRGP|PSX|WMB,PSX,0.3076118138682854
XOM,4,CVE|TRGP|PSX|WMB,WMB,0.23222443548935096
XOM,4,CVE|TRGP|PSX|KMI,CVE,0.44194310144550764
XOM,4,CVE|TRGP|PSX|KMI,TRGP,0.029073082412933604
XOM,4,CVE|TRGP|PSX|KMI,PSX,0.27931865364598873
XOM,4,CVE|TRGP|PSX|KMI,KMI,0.24966516249557005
XOM,4,CVE|TRGP|PSX|OKE,CVE,0.4063259141219825
XOM,4,CVE|TRGP|PSX|OKE,TRGP,0.14773578933933937
XOM,4,CVE|TRGP|PSX|OKE,PSX,0.32141016684140017
XOM,4,CVE|TRGP|PSX|OKE,OKE,0.124528129697278
XOM,4,CVE|TRGP|PSX|MPC,CVE,0.3838581448457736
XOM,4,CVE|TRGP|PSX|MPC,TRGP,0.26882924762758015
XOM,4,CVE|TRGP|PSX|MPC,PSX,0.3473126075266463
XOM,4,CVE|TRGP|PSX|MPC,MPC,0.0
XOM,4,CVE|TRGP|PSX|SLB,CVE,0.2760631094893368
XOM,4,CVE|TRGP|PSX|SLB,TRGP,0.2687765821453956
XOM,4,CVE|TRGP|PSX|SLB,PSX,0.26300662662517355
XOM,4,CVE|TRGP|PSX|SLB,SLB,0.192153681740094
XOM,4,CVE|TRGP|WMB|KMI,CVE,0.5724017169234557
XOM,4,CVE|TRGP|WMB|KMI,TRGP,4.7271214720367993e-17
XOM,4,CVE|TRGP|WMB|KMI,WMB,1.691355389077387e-17
XOM,4,CVE|TRGP|WMB|KMI,KMI,0.4275982830765444
XOM,4,CVE|TRGP|WMB|OKE,CVE,0.5632537973355323
XOM,4,CVE|TRGP|WMB|OKE,TRGP,8.16031541384793e-18
XOM,4,CVE|TRGP|WMB|OKE,WMB,0.2977738749073491
XOM,4,CVE|TRGP|WMB|OKE,OKE,0.1389723277571187
XOM,4,CVE|TRGP|WMB|MPC,CVE,0.4347646062671097
XOM,4,CVE|TRGP|WMB|MPC,TRGP,0.0
XOM,4,CVE|TRGP|WMB|MPC,WMB,0.31548373869386687
XOM,4,CVE|TRGP|WMB|MPC,MPC,0.24975165503902344
XOM,4,CVE|TRGP|WMB|SLB,CVE,0.3623577218877778
XOM,4,CVE|TRGP|WMB|SLB,TRGP,0.18846066810331408
XOM,4,CVE|TRGP|WMB|SLB,WMB,0.19418165810714968
XOM,4,CVE|TRGP|WMB|SLB,SLB,0.2549999519017585
XOM,4,CVE|TRGP|KMI|OKE,CVE,0.5724017168081716
XOM,4,CVE|TRGP|KMI|OKE,TRGP,0.0
XOM,4,CVE|TRGP|KMI|OKE,KMI,0.4275982831918284
XOM,4,CVE|TRGP|KMI|OKE,OKE,3.70606440087243e-17
XOM,4,CVE|TRGP|KMI|MPC,CVE,0.4619062130337394
XOM,4,CVE|TRGP|KMI|MPC,TRGP,0.0
XOM,4,CVE|TRGP|KMI|MPC,KMI,0.3224036628299352
XOM,4,CVE|TRGP|KMI|MPC,MPC,0.21569012413632538
XOM,4,CVE|TRGP|KMI|SLB,CVE,0.40489822557083266
XOM,4,CVE|TRGP|KMI|SLB,TRGP,0.048506246591502496
XOM,4,CVE|TRGP|KMI|SLB,KMI,0.316622338407572
XOM,4,CVE|TRGP|KMI|SLB,SLB,0.22997318943009293
XOM,4,CVE|TRGP|OKE|MPC,CVE,0.46648335230321697
XOM,4,CVE|TRGP|OKE|MPC,TRGP,1.0616605081766994e-17
XOM,4,CVE|TRGP|OKE|MPC,OKE,0.2898359249185097
XOM,4,CVE|TRGP|OKE|MPC,MPC,0.24368072277827335
XOM,4,CVE|TRGP|OKE|SLB,CVE,0.3572345023325611
XOM,4,CVE|TRGP|OKE|SLB,TRGP,0.21047018345992288
XOM,4,CVE|TRGP|OKE|SLB,OKE,0.16525843256484732
XOM,4,CVE|TRGP|OKE|SLB,SLB,0.2670368816426688
XOM,4,CVE|TRGP|MPC|SLB,CVE,0.27452234989962865
XOM,4,CVE|TRGP|MPC|SLB,TRGP,0.27418770075929433
XOM,4,CVE|TRGP|MPC|SLB,MPC,0.19946288791421793
XOM,4,CVE|TRGP|MPC|SLB,SLB,0.2518270614268591
XOM,4,CVE|PSX|WMB|KMI,CVE,0.45064933429381904
XOM,4,CVE|PSX|WMB|KMI,PSX,0.27784393515722194
XOM,4,CVE|PSX|WMB|KMI,WMB,0.016805750497943917
XOM,4,CVE|PSX|WMB|KMI,KMI,0.2547009800510151
XOM,4,CVE|PSX|WMB|OKE,CVE,0.4271931207898245
XOM,4,CVE|PSX|WMB|OKE,PSX,0.3063476721811851
XOM,4,CVE|PSX|WMB|OKE,WMB,0.2664592070289904
XOM,4,CVE|PSX|WMB|OKE,OKE,2.4934532384798466e-19
XOM,4,CVE|PSX|WMB|MPC,CVE,0.4271928818969069
XOM,4,CVE|PSX|WMB|MPC,PSX,0.3063476189967294
XOM,4,CVE|PSX|WMB|MPC,WMB,0.26645949910636385
XOM,4,CVE|PSX|WMB|MPC,MPC,0.0
XOM,4,CVE|PSX|WMB|SLB,CVE,0.36033592356555366
XOM,4,CVE|PSX|WMB|SLB,PSX,0.25717371568755976
XOM,4,CVE|PSX|WMB|SLB,WMB,0.2366553480055611
XOM,4,CVE|PSX|WMB|SLB,SLB,0.14583501274132551
XOM,4,CVE|PSX|KMI|OKE,CVE,0.4525524255086746
XOM,4,CVE|PSX|KMI|OKE,PSX,0.2764093326232474
XOM,4,CVE|PSX|KMI|OKE,KMI,0.2710382418680781
XOM,4,CVE|PSX|KMI|OKE,OKE,8.229666236404375e-18
XOM,4,CVE|PSX|KMI|MPC,CVE,0.45255238676675175
XOM,4,CVE|PSX|KMI|MPC,PSX,0.2764093254630144
XOM,4,CVE|PSX|KMI|MPC,KMI,0.27103828777023387
XOM,4,CVE|PSX|KMI|MPC,MPC,0.0
XOM,4,CVE|PSX|KMI|SLB,CVE,0.3720640400412084
XOM,4,CVE|PSX|KMI|SLB,PSX,0.21973176205888392
XOM,4,CVE|PSX|KMI|SLB,KMI,0.2491472816202549
XOM,4,CVE|PSX|KMI|SLB,SLB,0.15905691627965277
XOM,4,CVE|PSX|OKE|MPC,CVE,0.4512648908570919
XOM,4,CVE|PSX|OKE|MPC,PSX,0.3103198524617833
XOM,4,CVE|PSX|OKE|MPC,OKE,0.23841525668112493
XOM,4,CVE|PSX|OKE|MPC,MPC,0.0
XOM,4,CVE|PSX|OKE|SLB,CVE,0.3710628264451846
XOM,4,CVE|PSX|OKE|SLB,PSX,0.2518984113784627
XOM,4,CVE|PSX|OKE|SLB,OKE,0.21439324483221764
XOM,4,CVE|PSX|OKE|SLB,SLB,0.16264551734413507
XOM,4,CVE|PSX|MPC|SLB,CVE,0.4532658186357799
XOM,4,CVE|PSX|MPC|SLB,PSX,0.3545268094461289
XOM,4,CVE|PSX|MPC|SLB,MPC,4.54352708071943e-17
XOM,4,CVE|PSX|MPC|SLB,SLB,0.19220737191809117
XOM,4,CVE|WMB|KMI|OKE,CVE,0.5724017206398847
XOM,4,CVE|WMB|KMI|OKE,WMB,2.495399519081113e-17
XOM,4,CVE|WMB|KMI|OKE,KMI,0.4275982793601152
XOM,4,CVE|WMB|KMI|OKE,OKE,5.497339902039661e-18
XOM,4,CVE|WMB|KMI|MPC,CVE,0.4619061699950011
XOM,4,CVE|WMB|KMI|MPC,WMB,0.0
XOM,4,CVE|WMB|KMI|MPC,KMI,0.3224036079880985
XOM,4,CVE|WMB|KMI|MPC,MPC,0.21569022201690047
XOM,4,CVE|WMB|KMI|SLB,CVE,0.4242948156604414
XOM,4,CVE|WMB|KMI|SLB,WMB,0.0
XOM,4,CVE|WMB|KMI|SLB,KMI,0.3514848753218772
XOM,4,CVE|WMB|KMI|SLB,SLB,0.22422030901768128
XOM,4,CVE|WMB|OKE|MPC,CVE,0.4347653292153253
XOM,4,CVE|WMB|OKE|MPC,WMB,0.31548333383432575
XOM,4,CVE|WMB|OKE|MPC,OKE,5.634463165135606e-18
XOM,4,CVE|WMB|OKE|MPC,MPC,0.24975133695034907
XOM,4,CVE|WMB|OKE|SLB,CVE,0.4220444779767153
XOM,4,CVE|WMB|OKE|SLB,WMB,0.2069742049084121
XOM,4,CVE|WMB|OKE|SLB,OKE,0.14259259823731318
XOM,4,CVE|WMB|OKE|SLB,SLB,0.22838871887755938
XOM,4,CVE|WMB|MPC|SLB,CVE,0.3365883538887375
XOM,4,CVE|WMB|MPC|SLB,WMB,0.2585520604816561
XOM,4,CVE|WMB|MPC|SLB,MPC,0.21495997512109205
XOM,4,CVE|WMB|MPC|SLB,SLB,0.1898996105085144
XOM,4,CVE|KMI|OKE|MPC,CVE,0.46190625465453033
XOM,4,CVE|KMI|OKE|MPC,KMI,0.3224036569004477
XOM,4,CVE|KMI|OKE|MPC,OKE,1.692308301143048e-17
XOM,4,CVE|KMI|OKE|MPC,MPC,0.215690088445022
XOM,4,CVE|KMI|OKE|SLB,CVE,0.42429452127688666
XOM,4,CVE|KMI|OKE|SLB,KMI,0.3514848367859567
XOM,4,CVE|KMI|OKE|SLB,OKE,0.0
XOM,4,CVE|KMI|OKE|SLB,SLB,0.22422064193715668
XOM,4,CVE|KMI|MPC|SLB,CVE,0.35076904943776327
XOM,4,CVE|KMI|MPC|SLB,KMI,0.2732394953104064
XOM,4,CVE|KMI|MPC|SLB,MPC,0.180268240022073
XOM,4,CVE|KMI|MPC|SLB,SLB,0.1957232152297572
XOM,4,CVE|OKE|MPC|SLB,CVE,0.3505575228384465
XOM,4,CVE|OKE|MPC|SLB,OKE,0.23701218358670273
XOM,4,CVE|OKE|MPC|SLB,MPC,0.20452088207099006
XOM,4,CVE|OKE|MPC|SLB,SLB,0.2079094115038606
XOM,4,SU|TRGP|PSX|WMB,SU,0.3645997732446984
XOM,4,SU|TRGP|PSX|WMB,TRGP,0.1778054995068165
XOM,4,SU|TRGP|PSX|WMB,PSX,0.2984490752825343
XOM,4,SU|TRGP|PSX|WMB,WMB,0.15914565196595082
XOM,4,SU|TRGP|PSX|KMI,SU,0.3719938437334297
XOM,4,SU|TRGP|PSX|KMI,TRGP,0.20605945349444918
XOM,4,SU|TRGP|PSX|KMI,PSX,0.2898718045177506
XOM,4,SU|TRGP|PSX|KMI,KMI,0.13207489825437058
XOM,4,SU|TRGP|PSX|OKE,SU,0.360389913459339
XOM,4,SU|TRGP|PSX|OKE,TRGP,0.27537473682637503
XOM,4,SU|TRGP|PSX|OKE,PSX,0.31313674743874276
XOM,4,SU|TRGP|PSX|OKE,OKE,0.051098602275543185
XOM,4,SU|TRGP|PSX|MPC,SU,0.3536527903713517
XOM,4,SU|TRGP|PSX|MPC,TRGP,0.32274047163814623
XOM,4,SU|TRGP|PSX|MPC,PSX,0.3236067379905022
XOM,4,SU|TRGP|PSX|MPC,MPC,0.0
XOM,4,SU|TRGP|PSX|SLB,SU,0.25672201812214157
XOM,4,SU|TRGP|PSX|SLB,TRGP,0.2975125187773998
XOM,4,SU|TRGP|PSX|SLB,PSX,0.23097113772464065
XOM,4,SU|TRGP|PSX|SLB,SLB,0.2147943253758179
XOM,4,SU|TRGP|WMB|KMI,SU,0.5314654229779872
XOM,4,SU|TRGP|WMB|KMI,TRGP,0.13381116838600052
XOM,4,SU|TRGP|WMB|KMI,WMB,0.0
XOM,4,SU|TRGP|WMB|KMI,KMI,0.3347234086360123
XOM,4,SU|TRGP|WMB|OKE,SU,0.5296111128685025
XOM,4,SU|TRGP|WMB|OKE,TRGP,0.11983435537016147
XOM,4,SU|TRGP|WMB|OKE,WMB,0.24516132811415572
XOM,4,SU|TRGP|WMB|OKE,OKE,0.10539320364718036
XOM,4,SU|TRGP|WMB|MPC,SU,0.4156800368448411
XOM,4,SU|TRGP|WMB|MPC,TRGP,0.024817422317973997
XOM,4,SU|TRGP|WMB|MPC,WMB,0.31281918611352794
XOM,4,SU|TRGP|WMB|MPC,MPC,0.24668335472365704
XOM,4,SU|TRGP|WMB|SLB,SU,0.34013094205761213
XOM,4,SU|TRGP|WMB|SLB,TRGP,0.2759545727439894
XOM,4,SU|TRGP|WMB|SLB,WMB,0.10818617877358024
XOM,4,SU|TRGP|WMB|SLB,SLB,0.27572830642481827
XOM,4,SU|TRGP|KMI|OKE,SU,0.5314655984919084
XOM,4,SU|TRGP|KMI|OKE,TRGP,0.13381161957437912
XOM,4,SU|TRGP|KMI|OKE,KMI,0.3347227819337124
XOM,4,SU|TRGP|KMI|OKE,OKE,3.0137432263308006e-18
XOM,4,SU|TRGP|KMI|MPC,SU,0.4322178858647771
XOM,4,SU|TRGP|KMI|MPC,TRGP,0.061794095468172335
XOM,4,SU|TRGP|KMI|MPC,KMI,0.2846033348349024
XOM,4,SU|TRGP|KMI|MPC,MPC,0.2213846838321483
XOM,4,SU|TRGP|KMI|SLB,SU,0.3488686383623905
XOM,4,SU|TRGP|KMI|SLB,TRGP,0.1886118508466264
XOM,4,SU|TRGP|KMI|SLB,KMI,0.1971566470443324
XOM,4,SU|TRGP|KMI|SLB,SLB,0.2653628637466506
XOM,4,SU|TRGP|OKE|MPC,SU,0.43279936435101257
XOM,4,SU|TRGP|OKE|MPC,TRGP,0.1098727819605798
XOM,4,SU|TRGP|OKE|MPC,OKE,0.22646126347589302
XOM,4,SU|TRGP|OKE|MPC,MPC,0.23086659021251466
XOM,4,SU|TRGP|OKE|SLB,SU,0.3393867825557284
XOM,4,SU|TRGP|OKE|SLB,TRGP,0.29106318533939096
XOM,4,SU|TRGP|OKE|SLB,OKE,0.08746331688409428
XOM,4,SU|TRGP|OKE|SLB,SLB,0.2820867152207863
XOM,4,SU|TRGP|MPC|SLB,SU,0.27489135753161115
XOM,4,SU|TRGP|MPC|SLB,TRGP,0.2909833776351874
XOM,4,SU|TRGP|MPC|SLB,MPC,0.17441694800453295
XOM,4,SU|TRGP|MPC|SLB,SLB,0.2597083168286685
XOM,4,SU|PSX|WMB|KMI,SU,0.40704628860449754
XOM,4,SU|PSX|WMB|KMI,PSX,0.2955535314076146
XOM,4,SU|PSX|WMB|KMI,WMB,0.2974001799878879
XOM,4,SU|PSX|WMB|KMI,KMI,0.0
XOM,4,SU|PSX|WMB|OKE,SU,0.40704606836395546
XOM,4,SU|PSX|WMB|OKE,PSX,0.2946667382293686
XOM,4,SU|PSX|WMB|OKE,WMB,0.2897284161008314
XOM,4,SU|PSX|WMB|OKE,OKE,0.008558777305844421
XOM,4,SU|PSX|WMB|MPC,SU,0.40704630831056304
XOM,4,SU|PSX|WMB|MPC,PSX,0.2955534986858733
XOM,4,SU|PSX|WMB|MPC,WMB,0.29740019300356374
XOM,4,SU|PSX|WMB|MPC,MPC,8.371332496832657e-18
XOM,4,SU|PSX|WMB|SLB,SU,0.3346734594957961
XOM,4,SU|PSX|WMB|SLB,PSX,0.2317822103047441
XOM,4,SU|PSX|WMB|SLB,WMB,0.25006619487528015
XOM,4,SU|PSX|WMB|SLB,SLB,0.18347813532417984
XOM,4,SU|PSX|KMI|OKE,SU,0.43397449713816877
XOM,4,SU|PSX|KMI|OKE,PSX,0.2732983069677263
XOM,4,SU|PSX|KMI|OKE,KMI,0.2629608715001423
XOM,4,SU|PSX|KMI|OKE,OKE,0.029766324393962817
XOM,4,SU|PSX|KMI|MPC,SU,0.43593324238278097
XOM,4,SU|PSX|KMI|MPC,PSX,0.273538816395747
XOM,4,SU|PSX|KMI|MPC,KMI,0.29052794122147213
XOM,4,SU|PSX|KMI|MPC,MPC,0.0
XOM,4,SU|PSX|KMI|SLB,SU,0.3445448625676169
XOM,4,SU|PSX|KMI|SLB,PSX,0.19812101649244443
XOM,4,SU|PSX|KMI|SLB,KMI,0.25514778574077496
XOM,4,SU|PSX|KMI|SLB,SLB,0.2021863351991638
XOM,4,SU|PSX|OKE|MPC,SU,0.4338378431570585
XOM,4,SU|PSX|OKE|MPC,PSX,0.29308864642261495
XOM,4,SU|PSX|OKE|MPC,OKE,0.2730735104203264
XOM,4,SU|PSX|OKE|MPC,MPC,6.601435977721115e-17
XOM,4,SU|PSX|OKE|SLB,SU,0.34755143974240954
XOM,4,SU|PSX|OKE|SLB,PSX,0.22066519334272355
XOM,4,SU|PSX|OKE|SLB,OKE,0.23220586621660463
XOM,4,SU|PSX|OKE|SLB,SLB,0.1995775006982623
XOM,4,SU|PSX|MPC|SLB,SU,0.4279469850642192
XOM,4,SU|PSX|MPC|SLB,PSX,0.29642684778238193
XOM,4,SU|PSX|MPC|SLB,MPC,0.030567296604947964
XOM,4,SU|PSX|MPC|SLB,SLB,0.24505887054845085
XOM,4,SU|WMB|KMI|OKE,SU,0.564833058955351
XOM,4,SU|WMB|KMI|OKE,WMB,8.646512325571898e-18
XOM,4,SU|WMB|KMI|OKE,KMI,0.3915989878409012
XOM,4,SU|WMB|KMI|OKE,OKE,0.04356795320374783
XOM,4,SU|WMB|KMI|MPC,SU,0.4269885316828166
XOM,4,SU|WMB|KMI|MPC,WMB,0.21301930554203055
XOM,4,SU|WMB|KMI|MPC,KMI,0.12010000690775778
XOM,4,SU|WMB|KMI|MPC,MPC,0.239892155867395
XOM,4,SU|WMB|KMI|SLB,SU,0.40591422754316603
XOM,4,SU|WMB|KMI|SLB,WMB,0.0
XOM,4,SU|WMB|KMI|SLB,KMI,0.33779221389481484
XOM,4,SU|WMB|KMI|SLB,SLB,0.25629355856201924
XOM,4,SU|WMB|OKE|MPC,SU,0.4195944418167109
XOM,4,SU|WMB|OKE|MPC,WMB,0.32316978475039637
XOM,4,SU|WMB|OKE|MPC,OKE,0.00820255602083352
XOM,4,SU|WMB|OKE|MPC,MPC,0.2490332174120592
XOM,4,SU|WMB|OKE|SLB,SU,0.409903300882499
XOM,4,SU|WMB|OKE|SLB,WMB,0.18177507065863388
XOM,4,SU|WMB|OKE|SLB,OKE,0.15842887519823473
XOM,4,SU|WMB|OKE|SLB,SLB,0.24989275326063243
XOM,4,SU|WMB|MPC|SLB,SU,0.3209631391180912
XOM,4,SU|WMB|MPC|SLB,WMB,0.2588122147619514
XOM,4,SU|WMB|MPC|SLB,MPC,0.20668552298223067
XOM,4,SU|WMB|MPC|SLB,SLB,0.21353912313772674
XOM,4,SU|KMI|OKE|MPC,SU,0.4458791537591239
XOM,4,SU|KMI|OKE|MPC,KMI,0.3268672331749307
XOM,4,SU|KMI|OKE|MPC,OKE,9.794612546015899e-19
XOM,4,SU|KMI|OKE|MPC,MPC,0.2272536130659454
XOM,4,SU|KMI|OKE|SLB,SU,0.4059140709058528
XOM,4,SU|KMI|OKE|SLB,KMI,0.3377922301189695
XOM,4,SU|KMI|OKE|SLB,OKE,0.0
XOM,4,SU|KMI|OKE|SLB,SLB,0.25629369897517773
XOM,4,SU|KMI|MPC|SLB,SU,0.32874587508212066
XOM,4,SU|KMI|MPC|SLB,KMI,0.265838975935715
XOM,4,SU|KMI|MPC|SLB,MPC,0.1794128322349554
XOM,4,SU|KMI|MPC|SLB,SLB,0.226002316747209
XOM,4,SU|OKE|MPC|SLB,SU,0.3375639467067652
XOM,4,SU|OKE|MPC|SLB,OKE,0.2402012615800585
XOM,4,SU|OKE|MPC|SLB,MPC,0.19235807095041377
XOM,4,SU|OKE|MPC|SLB,SLB,0.22987672076276267
XOM,4,TRGP|PSX|WMB|KMI,TRGP,0.4494383641844649
XOM,4,TRGP|PSX|WMB|KMI,PSX,0.4582374508773344
XOM,4,TRGP|PSX|WMB|KMI,WMB,0.09232418493820073
XOM,4,TRGP|PSX|WMB|KMI,KMI,9.930931910964638e-18
XOM,4,TRGP|PSX|WMB|OKE,TRGP,0.4494394466227674
XOM,4,TRGP|PSX|WMB|OKE,PSX,0.45823764109041215
XOM,4,TRGP|PSX|WMB|OKE,WMB,0.09232291228682048
XOM,4,TRGP|PSX|WMB|OKE,OKE,2.6589423005496556e-18
XOM,4,TRGP|PSX|WMB|MPC,TRGP,0.44943830592700423
XOM,4,TRGP|PSX|WMB|MPC,PSX,0.4582374170093148
XOM,4,TRGP|PSX|WMB|MPC,WMB,0.09232427706368102
XOM,4,TRGP|PSX|WMB|MPC,MPC,0.0
XOM,4,TRGP|PSX|WMB|SLB,TRGP,0.4200934567618426
XOM,4,TRGP|PSX|WMB|SLB,PSX,0.29246200136741585
XOM,4,TRGP|PSX|WMB|SLB,WMB,0.0
XOM,4,TRGP|PSX|WMB|SLB,SLB,0.28744454187074164
XOM,4,TRGP|PSX|KMI|OKE,TRGP,0.5228385335919873
XOM,4,TRGP|PSX|KMI|OKE,PSX,0.46848237827632255
XOM,4,TRGP|PSX|KMI|OKE,KMI,0.008679088131690217
XOM,4,TRGP|PSX|KMI|OKE,OKE,0.0
XOM,4,TRGP|PSX|KMI|MPC,TRGP,0.5228381631169136
XOM,4,TRGP|PSX|KMI|MPC,PSX,0.468482379954789
XOM,4,TRGP|PSX|KMI|MPC,KMI,0.008679456928297639
XOM,4,TRGP|PSX|KMI|MPC,MPC,0.0
XOM,4,TRGP|PSX|KMI|SLB,TRGP,0.4200926127311052
XOM,4,TRGP|PSX|KMI|SLB,PSX,0.2924627815957555
XOM,4,TRGP|PSX|KMI|SLB,KMI,0.0
XOM,4,TRGP|PSX|KMI|SLB,SLB,0.2874446056731393
XOM,4,TRGP|PSX|OKE|MPC,TRGP,0.52980033999886
XOM,4,TRGP|PSX|OKE|MPC,PSX,0.47019966000113994
XOM,4,TRGP|PSX|OKE|MPC,OKE,0.0
XOM,4,TRGP|PSX|OKE|MPC,MPC,1.9516316772455914e-16
XOM,4,TRGP|PSX|OKE|SLB,TRGP,0.4200925912156524
XOM,4,TRGP|PSX|OKE|SLB,PSX,0.2924627470787192
XOM,4,TRGP|PSX|OKE|SLB,OKE,0.0
XOM,4,TRGP|PSX|OKE|SLB,SLB,0.2874446617056283
XOM,4,TRGP|PSX|MPC|SLB,TRGP,0.42009249753712624
XOM,4,TRGP|PSX|MPC|SLB,PSX,0.29246279780650714
XOM,4,TRGP|PSX|MPC|SLB,MPC,1.1017034613625544e-16
XOM,4,TRGP|PSX|MPC|SLB,SLB,0.2874447046563666
XOM,4,TRGP|WMB|KMI|OKE,TRGP,0.6559396544004541
XOM,4,TRGP|WMB|KMI|OKE,WMB,0.039503795470823125
XOM,4,TRGP|WMB|KMI|OKE,KMI,0.30455655012872274
XOM,4,TRGP|WMB|KMI|OKE,OKE,0.0
XOM,4,TRGP|WMB|KMI|MPC,TRGP,0.2564215226141396
XOM,4,TRGP|WMB|KMI|MPC,WMB,0.33179130605890444
XOM,4,TRGP|WMB|KMI|MPC,KMI,0.0
XOM,4,TRGP|WMB|KMI|MPC,MPC,0.41178717132695597
XOM,4,TRGP|WMB|KMI|SLB,TRGP,0.4655091213231642
XOM,4,TRGP|WMB|KMI|SLB,WMB,0.0
XOM,4,TRGP|WMB|KMI|SLB,KMI,0.12244780991530041
XOM,4,TRGP|WMB|KMI|SLB,SLB,0.4120430687615355
XOM,4,TRGP|WMB|OKE|MPC,TRGP,0.2564215100101664
XOM,4,TRGP|WMB|OKE|MPC,WMB,0.3317913655285968
XOM,4,TRGP|WMB|OKE|MPC,OKE,5.333533534799834e-17
XOM,4,TRGP|WMB|OKE|MPC,MPC,0.4117871244612369
XOM,4,TRGP|WMB|OKE|SLB,TRGP,0.5645944844822076
XOM,4,TRGP|WMB|OKE|SLB,WMB,0.011151378189730436
XOM,4,TRGP|WMB|OKE|SLB,OKE,1.2807138162485021e-18
XOM,4,TRGP|WMB|OKE|SLB,SLB,0.4242541373280619
XOM,4,TRGP|WMB|MPC|SLB,TRGP,0.34677656431223786
XOM,4,TRGP|WMB|MPC|SLB,WMB,0.07310541322543276
XOM,4,TRGP|WMB|MPC|SLB,MPC,0.2449050091749759
XOM,4,TRGP|WMB|MPC|SLB,SLB,0.3352130132873535
XOM,4,TRGP|KMI|OKE|MPC,TRGP,0.3569466428053374
XOM,4,TRGP|KMI|OKE|MPC,KMI,0.24695012902119767
XOM,4,TRGP|KMI|OKE|MPC,OKE,0.0
XOM,4,TRGP|KMI|OKE|MPC,MPC,0.396103228173465
XOM,4,TRGP|KMI|OKE|SLB,TRGP,0.46550958931935993
XOM,4,TRGP|KMI|OKE|SLB,KMI,0.1224471466737262
XOM,4,TRGP|KMI|OKE|SLB,OKE,3.233198875052549e-17
XOM,4,TRGP|KMI|OKE|SLB,SLB,0.41204326400691377
XOM,4,TRGP|KMI|MPC|SLB,TRGP,0.3190890353792799
XOM,4,TRGP|KMI|MPC|SLB,KMI,0.10793164688231369
XOM,4,TRGP|KMI|MPC|SLB,MPC,0.23698667443802982
XOM,4,TRGP|KMI|MPC|SLB,SLB,0.33599264330037665
XOM,4,TRGP|OKE|MPC|SLB,TRGP,0.4132020830878348
XOM,4,TRGP|OKE|MPC|SLB,OKE,1.1940623457443872e-17
XOM,4,TRGP|OKE|MPC|SLB,MPC,0.23946414686110906
XOM,4,TRGP|OKE|MPC|SLB,SLB,0.34733377005105615
XOM,4,PSX|WMB|KMI|OKE,PSX,0.5056372695320975
XOM,4,PSX|WMB|KMI|OKE,WMB,0.4857613042596638
XOM,4,PSX|WMB|KMI|OKE,KMI,0.0
XOM,4,PSX|WMB|KMI|OKE,OKE,0.008601426208238765
XOM,4,PSX|WMB|KMI|MPC,PSX,0.4436014480224812
XOM,4,PSX|WMB|KMI|MPC,WMB,0.4930561460709496
XOM,4,PSX|WMB|KMI|MPC,KMI,4.881450875026533e-17
XOM,4,PSX|WMB|KMI|MPC,MPC,0.06334240590656909
XOM,4,PSX|WMB|KMI|SLB,PSX,0.34436066628956996
XOM,4,PSX|WMB|KMI|SLB,WMB,0.34040404476851016
XOM,4,PSX|WMB|KMI|SLB,KMI,0.02451491650663462
XOM,4,PSX|WMB|KMI|SLB,SLB,0.29072037243528515
XOM,4,PSX|WMB|OKE|MPC,PSX,0.4436302549234934
XOM,4,PSX|WMB|OKE|MPC,WMB,0.4925777368623547
XOM,4,PSX|WMB|OKE|MPC,OKE,0.0005349275954578278
XOM,4,PSX|WMB|OKE|MPC,MPC,0.06325708061869408
XOM,4,PSX|WMB|OKE|SLB,PSX,0.34043109939915966
XOM,4,PSX|WMB|OKE|SLB,WMB,0.3117959039595803
XOM,4,PSX|WMB|OKE|SLB,OKE,0.05771387221459556
XOM,4,PSX|WMB|OKE|SLB,SLB,0.2900591244266645
XOM,4,PSX|WMB|MPC|SLB,PSX,0.08418261406715183
XOM,4,PSX|WMB|MPC|SLB,WMB,0.35408029858489154
XOM,4,PSX|WMB|MPC|SLB,MPC,0.2543059455682292
XOM,4,PSX|WMB|MPC|SLB,SLB,0.30743114177972747
XOM,4,PSX|KMI|OKE|MPC,PSX,0.44666004932239795
XOM,4,PSX|KMI|OKE|MPC,KMI,0.27686520148302807
XOM,4,PSX|KMI|OKE|MPC,OKE,0.2151531824385779
XOM,4,PSX|KMI|OKE|MPC,MPC,0.06132156675599615
XOM,4,PSX|KMI|OKE|SLB,PSX,0.31319745196399285
XOM,4,PSX|KMI|OKE|SLB,KMI,0.2948419361759243
XOM,4,PSX|KMI|OKE|SLB,OKE,0.07005216835029322
XOM,4,PSX|KMI|OKE|SLB,SLB,0.3219084435097897
XOM,4,PSX|KMI|MPC|SLB,PSX,3.876022766635678e-18
XOM,4,PSX|KMI|MPC|SLB,KMI,0.3536925627375527
XOM,4,PSX|KMI|MPC|SLB,MPC,0.3022497318046333
XOM,4,PSX|KMI|MPC|SLB,SLB,0.344057705457814
XOM,4,PSX|OKE|MPC|SLB,PSX,0.1114392338016948
XOM,4,PSX|OKE|MPC|SLB,OKE,0.3318588678421843
XOM,4,PSX|OKE|MPC|SLB,MPC,0.22118440756945337
XOM,4,PSX|OKE|MPC|SLB,SLB,0.3355174907866675
XOM,4,WMB|KMI|OKE|MPC,WMB,0.5337793847777552
XOM,4,WMB|KMI|OKE|MPC,KMI,1.4582519219930035e-17
XOM,4,WMB|KMI|OKE|MPC,OKE,0.0
XOM,4,WMB|KMI|OKE|MPC,MPC,0.46622061522224484
XOM,4,WMB|KMI|OKE|SLB,WMB,1.1627644783433408e-17
XOM,4,WMB|KMI|OKE|SLB,KMI,0.4558959938665767
XOM,4,WMB|KMI|OKE|SLB,OKE,0.0890053897743787
XOM,4,WMB|KMI|OKE|SLB,SLB,0.4550986163590445
XOM,4,WMB|KMI|MPC|SLB,WMB,0.17087245716906357
XOM,4,WMB|KMI|MPC|SLB,KMI,0.1883548901555077
XOM,4,WMB|KMI|MPC|SLB,MPC,0.3112583267791396
XOM,4,WMB|KMI|MPC|SLB,SLB,0.32951432589628915
XOM,4,WMB|OKE|MPC|SLB,WMB,0.33232350984220194
XOM,4,WMB|OKE|MPC|SLB,OKE,0.02669510338898801
XOM,4,WMB|OKE|MPC|SLB,MPC,0.32332318069205895
XOM,4,WMB|OKE|MPC|SLB,SLB,0.3176582060767512
XOM,4,KMI|OKE|MPC|SLB,KMI,0.35369303759692133
XOM,4,KMI|OKE|MPC|SLB,OKE,1.0720048980450425e-17
XOM,4,KMI|OKE|MPC|SLB,MPC,0.30224935932332464
XOM,4,KMI|OKE|MPC|SLB,SLB,0.344057603079754
