basket_type,n_stocks,stocks,test_correlation,test_r_squared,test_tracking_error,test_rmse,annualized_xom_volatility,annualized_basket_volatility,volatility_reduction,xom_final_wealth,basket_final_wealth,xom_max_drawdown,basket_max_drawdown
unrestricted,2,COP|E,0.8151932002504466,0.6187169201860956,0.009680192746969,0.009664801027104462,0.24891549641880834,0.2561044592254941,-0.028881138017176955,151.76733944897228,160.36842817244704,-0.20133304516380612,-0.20644637184052628
unrestricted,2,COP|SU,0.8161940324828502,0.6100815206976389,0.009789220442757799,0.009773633737246944,0.24891549641880834,0.26203002588360036,-0.05268667340311506,151.76733944897228,160.42088162756792,-0.20133304516380612,-0.21181056529300413
unrestricted,2,COP|IMO,0.8127669855130037,0.6035482338565206,0.009871984261672203,0.009855174747966496,0.24891549641880834,0.26171957850253796,-0.05143947350785405,151.76733944897228,157.6891082355277,-0.20133304516380612,-0.1981462616535603
unrestricted,2,COP|OKE,0.803127213578017,0.5880803766416343,0.010060646056214175,0.01004558867914358,0.24891549641880834,0.2591728558046824,-0.041208199302367854,151.76733944897228,141.66936428393575,-0.20133304516380612,-0.1734947162638888
unrestricted,2,EOG|E,0.7849901581912846,0.5836585762035601,0.01011755780420003,0.010099362540139717,0.24891549641880834,0.24030423619727154,0.03459511499054313,151.76733944897228,150.96107209011004,-0.20133304516380612,-0.1537845387465645
unrestricted,2,COP|PSX,0.8027757649693829,0.5561159225352845,0.010441405217628381,0.01042806991746478,0.24891549641880834,0.2736082837744585,-0.09920148689378405,151.76733944897228,166.69369913721707,-0.20133304516380612,-0.17989377169449494
unrestricted,2,COP|EOG,0.8114778942328191,0.5561005073269787,0.01044561011354606,0.010428250988923018,0.24891549641880834,0.28159292027791355,-0.13127918642768788,151.76733944897228,144.6173362239054,-0.20133304516380612,-0.19399190977858716
unrestricted,2,EOG|SU,0.7754972479414239,0.5526942628170578,0.010487062738279615,0.010468184905155295,0.24891549641880834,0.24796507617016886,0.003818244594303466,151.76733944897228,151.9382589753262,-0.20133304516380612,-0.16606495141153155
unrestricted,2,EOG|IMO,0.7683112019922621,0.5376188507151448,0.010661828997949364,0.010643126180968718,0.24891549641880834,0.24835461229162076,0.0022533114059073434,151.76733944897228,147.51728673802666,-0.20133304516380612,-0.1451495630748263
unrestricted,2,COP|EQNR,0.8221783526214803,0.5308302159453189,0.010739230365027141,0.01072097215870456,0.24891549641880834,0.2994544511671859,-0.20303659464955182,151.76733944897228,158.30787013501174,-0.20133304516380612,-0.2295615090805817
unrestricted,2,COP|CVE,0.8129201686849233,0.5293079427814502,0.010754005814345316,0.010738350762339286,0.24891549641880834,0.2925117193921873,-0.1751446719895129,151.76733944897228,164.1452583761838,-0.20133304516380612,-0.1993426993198978
unrestricted,2,COP|SLB,0.7868896931334377,0.5239581754888625,0.010818577745033111,0.010799203037144144,0.24891549641880834,0.27268209267360605,-0.09548058114794777,151.76733944897228,153.74775353043157,-0.20133304516380612,-0.2054229680510259
unrestricted,2,EOG|OKE,0.7576644913220626,0.5194702876496,0.010853789704246502,0.01084998840652095,0.24891549641880834,0.24600290822288254,0.011701112376809486,151.76733944897228,129.0176468299066,-0.20133304516380612,-0.16928116289157014
unrestricted,2,HAL|EOG,0.7779069085173614,0.5183852684708109,0.010879196078133195,0.010862230945596494,0.24891549641880834,0.2668504840079252,-0.07205251519953859,151.76733944897228,142.02973846746235,-0.20133304516380612,-0.14851979770916157
unrestricted,2,COP|VLO,0.7936191279986526,0.5175245846242593,0.010881988671352712,0.010871932448686736,0.24891549641880834,0.280646454729202,-0.127476829554257,151.76733944897228,172.2405968472229,-0.20133304516380612,-0.16005334222792678
unrestricted,2,COP|FANG,0.8051189276980314,0.5128395346699361,0.010944289936406086,0.010924590563547405,0.24891549641880834,0.2919914971251711,-0.17305471666531358,151.76733944897228,152.069008935461,-0.20133304516380612,-0.21206446591143102
unrestricted,2,COP|HAL,0.7978891566008023,0.5103108573311806,0.010972434076317797,0.010952906705456613,0.24891549641880834,0.28706697985314744,-0.1532708247707808,151.76733944897228,154.75849144471502,-0.20133304516380612,-0.21371962672296507
unrestricted,2,EOG|PSX,0.7650046351257551,0.5061068558101105,0.011018569157214003,0.01099982180691418,0.24891549641880834,0.26039622429389164,-0.046122993707738535,151.76733944897228,158.43728654334194,-0.20133304516380612,-0.14962157822379818
unrestricted,2,COP|OXY,0.8060749271738209,0.5028131155717985,0.011056278234174387,0.011036439395071745,0.24891549641880834,0.2960600111400105,-0.1893996773984694,151.76733944897228,150.18408945800599,-0.20133304516380612,-0.22995084770782193
unrestricted,2,EOG|SLB,0.7527950786103786,0.5002624546409807,0.011081697985368741,0.0110647126701915,0.24891549641880834,0.2514123564929437,-0.01003095472181581,151.76733944897228,141.3385728516984,-0.20133304516380612,-0.14291296441309997
unrestricted,2,DVN|E,0.7580049704146907,0.4985998930173343,0.011096917687914813,0.011083102815330405,0.24891549641880834,0.257035519238312,-0.03262160426461147,151.76733944897228,168.18655271625587,-0.20133304516380612,-0.19528149771626846
unrestricted,2,PSX|E,0.7348959772974527,0.4949552616237445,0.011117108844171664,0.011123310909352094,0.24891549641880834,0.2343863922339229,0.05836962500896181,151.76733944897228,187.63975694266864,-0.20133304516380612,-0.12335242390486767
unrestricted,2,COP|DVN,0.8038751497470812,0.49528564447925527,0.011139724688495934,0.011119672070903803,0.24891549641880834,0.2967997807667403,-0.19237164835798382,151.76733944897228,151.957101000969,-0.20133304516380612,-0.22278187887839007
unrestricted,2,EOG|OXY,0.7828588433897153,0.49314442858638285,0.011155171439880353,0.011143234328505145,0.24891549641880834,0.28072636334710144,-0.1277978566459772,151.76733944897228,134.81892211634693,-0.20133304516380612,-0.18411199690211677
unrestricted,2,EOG|FANG,0.7757097940836736,0.4904173362153649,0.011187884691126278,0.011173171715788974,0.24891549641880834,0.2759467962058798,-0.10859629141606542,151.76733944897228,137.76461158835434,-0.20133304516380612,-0.14799027724019687
unrestricted,2,FANG|E,0.7448625167805415,0.4851344896261648,0.011245817641864869,0.011230938554253707,0.24891549641880834,0.2508843605832287,-0.007909769350429308,151.76733944897228,167.14247946196508,-0.20133304516380612,-0.18425833786476664
unrestricted,2,EOG|EQNR,0.7931189890862463,0.4823078062356879,0.01128139491216282,0.011261726063924673,0.24891549641880834,0.2927484291796875,-0.17609563643690884,151.76733944897228,146.78652847514107,-0.20133304516380612,-0.1832729811572864
unrestricted,2,OKE|E,0.7142196557441051,0.47585607562176047,0.011352005173647537,0.011331683318223896,0.24891549641880834,0.22384189027787366,0.1007313988147509,151.76733944897228,149.6395931848741,-0.20133304516380612,-0.14419346880788564
unrestricted,2,OXY|E,0.748063904765936,0.4734758597970876,0.011374948112560165,0.01135738360704677,0.24891549641880834,0.2591389515269683,-0.041071991319329815,151.76733944897228,163.01593164939027,-0.20133304516380612,-0.2139169331678994
unrestricted,2,EOG|DVN,0.7765245774289726,0.47257509681645504,0.011381421570109332,0.01136709440493293,0.24891549641880834,0.2829827918533709,-0.1368628949370161,151.76733944897228,136.77217228804074,-0.20133304516380612,-0.15348026080263577
unrestricted,2,EOG|CVE,0.7754910746047282,0.4702440278304484,0.01141223414317274,0.011392186382715979,0.24891549641880834,0.28315710705938324,-0.13756319366698766,151.76733944897228,156.32097612320663,-0.20133304516380612,-0.14421761145889322
unrestricted,2,SU|FANG,0.7396992582262752,0.46395804811382835,0.011473216072743814,0.01145957578150536,0.24891549641880834,0.25563590458237145,-0.026998753634268846,151.76733944897228,169.6589629626721,-0.20133304516380612,-0.2072911550814367
unrestricted,2,SU|DVN,0.7428702264367155,0.45545082322502817,0.011562825669497864,0.011550152114162722,0.24891549641880834,0.2618899780813222,-0.05212404148869809,151.76733944897228,171.20970041444744,-0.20133304516380612,-0.21966805614202178
unrestricted,2,SU|E,0.7131245603194608,0.45462316421361726,0.011566718924578749,0.01155892630595954,0.24891549641880834,0.2346470836086674,0.057322316269670326,151.76733944897228,176.77553822425853,-0.20133304516380612,-0.20556174624705248
unrestricted,2,SU|OXY,0.7424318669793569,0.4509112167146059,0.011614657174187791,0.011598195821262303,0.24891549641880834,0.2634667348521724,-0.05845854775100534,151.76733944897228,165.94038238302085,-0.20133304516380612,-0.21950837988241356
unrestricted,2,EOG|VLO,0.7477047272832008,0.45015943686542537,0.011623062058354344,0.011606132886931905,0.24891549641880834,0.26811567210788223,-0.07713531686580488,151.76733944897228,165.17283191779754,-0.20133304516380612,-0.12976139213590832
unrestricted,2,SU|OKE,0.7066658047800817,0.44869392402009234,0.011642527823437443,0.011621589747877518,0.24891549641880834,0.23193684828624533,0.068210490615642,151.76733944897228,150.84720477437537,-0.20133304516380612,-0.16837636178552795
unrestricted,2,SU|PSX,0.7199748766211345,0.44612482997427294,0.011642923594997055,0.011648636660358966,0.24891549641880834,0.24493103936236624,0.01600726798358154,151.76733944897228,188.92814737224032,-0.20133304516380612,-0.16017046213561792
unrestricted,2,IMO|FANG,0.725406817328087,0.4268393252064516,0.011867676948201848,0.011849699678093519,0.24891549641880834,0.2589034733200072,-0.04012597465765544,151.76733944897228,164.2028215285853,-0.20133304516380612,-0.18285880312156155
unrestricted,2,HAL|SU,0.716443520232007,0.4210080842409041,0.011921277151628159,0.011909825569982834,0.24891549641880834,0.25355024575892515,-0.018619770190276608,151.76733944897228,173.8267918405433,-0.20133304516380612,-0.2268978972384026
unrestricted,2,PSX|FANG,0.7358181169605607,0.4146606155631284,0.01197941416969845,0.01197493112517725,0.24891549641880834,0.2711962643336338,-0.08951137327881487,151.76733944897228,181.2902858266455,-0.20133304516380612,-0.14327823155642205
unrestricted,2,IMO|E,0.6926507635318863,0.41231415080429645,0.012011146390688838,0.011998909223078261,0.24891549641880834,0.23661624863968195,0.049411338209464084,151.76733944897228,173.16669925684116,-0.20133304516380612,-0.18787898702717187
unrestricted,2,IMO|DVN,0.7276680070059984,0.4068031514684344,0.012072916587861878,0.012055037578116271,0.24891549641880834,0.2681836332705317,-0.07740834592035228,151.76733944897228,165.1887715827114,-0.20133304516380612,-0.19019130863842615
unrestricted,2,OXY|OKE,0.7200188957228624,0.40544264542451325,0.01208024072299035,0.01206885386720788,0.24891549641880834,0.26251363428522884,-0.05462953517181268,151.76733944897228,132.0738900247169,-0.20133304516380612,-0.17378580008049893
unrestricted,2,OKE|FANG,0.7117672499616938,0.40563264058217385,0.012082813147372362,0.012066925367801518,0.24891549641880834,0.25604214102227635,-0.02863077914392753,151.76733944897228,136.69942030270005,-0.20133304516380612,-0.15846707778112767
unrestricted,2,SU|EQNR,0.7441991544966636,0.4036767910036275,0.012095933458343078,0.012086763020998377,0.24891549641880834,0.2812971607354322,-0.13009099386138923,151.76733944897228,176.9313995063404,-0.20133304516380612,-0.23066489876112262
unrestricted,2,EQNR|OKE,0.7355653892159575,0.4006239259841565,0.012138318957964517,0.012117662497755192,0.24891549641880834,0.276333771739412,-0.1101509376277301,151.76733944897228,144.75540202727458,-0.20133304516380612,-0.16603685399260026
unrestricted,2,VLO|E,0.6945304892797836,0.393703386435619,0.012166885903331032,0.01218741843610472,0.24891549641880834,0.24521685711801894,0.0148590158266656,151.76733944897228,201.308133561112,-0.20133304516380612,-0.12219258408866174
unrestricted,2,HAL|E,0.7033731115038954,0.3954217075384653,0.012183774946741428,0.012170135841349659,0.24891549641880834,0.25319722198791306,-0.01720152272842257,151.76733944897228,171.95528030352244,-0.20133304516380612,-0.20156224727100125
unrestricted,2,PSX|EQNR,0.7560497062365533,0.3930079681545642,0.01218945620242493,0.012194405877967869,0.24891549641880834,0.29259729853500493,-0.17548848000487904,151.76733944897228,190.06532174677668,-0.20133304516380612,-0.162895647030455
unrestricted,2,OXY|PSX,0.7386225235047684,0.3924826507208876,0.012208660922115092,0.01219968152268034,0.24891549641880834,0.2808315989731217,-0.12822063316063503,151.76733944897228,177.48149615531733,-0.20133304516380612,-0.1722603219485317
unrestricted,2,SU|SLB,0.6830113585076788,0.390872679079488,0.012230358482480035,0.012215835913873548,0.24891549641880834,0.2381279989533179,0.04333799068636579,151.76733944897228,170.93554706148277,-0.20133304516380612,-0.21907491634097154
unrestricted,2,OXY|IMO,0.72182150134244,0.39096016126919986,0.012235468116556156,0.012214958669977906,0.24891549641880834,0.2693909326455612,-0.08225858382196605,151.76733944897228,160.1095232685128,-0.20133304516380612,-0.19621949824300067
unrestricted,2,PSX|DVN,0.7388257007785777,0.3878087695868505,0.012249058619134999,0.01224652019478361,0.24891549641880834,0.2822521227652397,-0.133927484732977,151.76733944897228,183.91184682672687,-0.20133304516380612,-0.16235875293420698
unrestricted,2,PSX|OKE,0.6893630123180059,0.3893092903664751,0.01225283565466912,0.012231502475458763,0.24891549641880834,0.2445214537540941,0.017652748534872753,151.76733944897228,157.4879812390443,-0.20133304516380612,-0.1391960863073073
unrestricted,2,CVE|E,0.7177968362638526,0.38451425224692504,0.01226660060996995,0.012279428406737253,0.24891549641880834,0.26745491118290987,-0.07448075765001128,151.76733944897228,196.28630956194385,-0.20133304516380612,-0.1986686091003489
unrestricted,2,OKE|DVN,0.7146663630821473,0.3869018396658399,0.012270996293685013,0.012255588133501668,0.24891549641880834,0.2652526520510069,-0.06563334090180861,151.76733944897228,135.62016238708037,-0.20133304516380612,-0.15203762847024527
unrestricted,2,IMO|OKE,0.678335766559281,0.3873131509949249,0.012272766987445224,0.012251476468927321,0.24891549641880834,0.23598443437569366,0.051949606308792196,151.76733944897228,145.96423321836824,-0.20133304516380612,-0.14534284974208012
unrestricted,2,IMO|EQNR,0.7356841081900836,0.37826141684822134,0.012355232397293137,0.012341645298390148,0.24891549641880834,0.28334003134782476,-0.13829807876282652,151.76733944897228,172.57225535129334,-0.20133304516380612,-0.20958089220960352
unrestricted,2,OKE|CVE,0.7101267378432984,0.37739849861857944,0.012370830678064318,0.012350206885451263,0.24891549641880834,0.26536831463813854,-0.06609800697843182,151.76733944897228,160.51711954280708,-0.20133304516380612,-0.15045306677733672
unrestricted,2,IMO|PSX,0.6879736073788932,0.36637948835010414,0.012460382722752772,0.012459016611825078,0.24891549641880834,0.2518234506101426,-0.011682495598592801,151.76733944897228,185.6147718744371,-0.20133304516380612,-0.13676051689021895
unrestricted,2,SLB|EQNR,0.729964809176903,0.35889509385895224,0.012549859375651513,0.01253238422188121,0.24891549641880834,0.28536026707289325,-0.14641422964187578,151.76733944897228,167.65313000728554,-0.20133304516380612,-0.21846517920605002
unrestricted,2,EQNR|E,0.7205254776703448,0.3517687727392359,0.012613780520268014,0.01260184475669677,0.24891549641880834,0.28085149573496565,-0.1283005669619861,151.76733944897228,175.41689668671472,-0.20133304516380612,-0.21899789741676934
unrestricted,2,SU|VLO,0.6813598807598934,0.33811060824795836,0.012715577726421652,0.012733912498309415,0.24891549641880834,0.25649428405738,-0.030447231078856163,151.76733944897228,201.7383634325275,-0.20133304516380612,-0.1631672100463326
unrestricted,2,OXY|FANG,0.7546584598574402,0.33913715503396,0.012746935500848117,0.012724033937418971,0.24891549641880834,0.3073172059894689,-0.2346246433464223,151.76733944897228,150.3426016339873,-0.20133304516380612,-0.19675034036121675
unrestricted,2,SLB|E,0.6569789324867913,0.33668754227103925,0.012764627980484928,0.0127475941406972,0.24891549641880834,0.23997614821464894,0.03591318472642879,151.76733944897228,169.11261512341994,-0.20133304516380612,-0.19318634247127142
unrestricted,2,SU|IMO,0.6689187912161262,0.330353314111716,0.012821429595861642,0.012808315385004805,0.24891549641880834,0.25130274492940136,-0.009590598194723965,151.76733944897228,174.65115877120763,-0.20133304516380612,-0.21209500150887095
unrestricted,2,SU|CVE,0.6951803363745394,0.3237034430554352,0.012867588781580439,0.012871754239046197,0.24891549641880834,0.2715763204401005,-0.09103822119280425,151.76733944897228,191.59933605369045,-0.20133304516380612,-0.22561546159487378
unrestricted,2,EQNR|FANG,0.7684484136716351,0.3259745174860855,0.012869566606292309,0.01285012371723787,0.24891549641880834,0.3192096035620566,-0.28240149028317685,151.76733944897228,165.39789829350147,-0.20133304516380612,-0.21524572932763475
unrestricted,2,PSX|CVE,0.7172452302570514,0.31693171338521176,0.01289606005679361,0.012936035900910406,0.24891549641880834,0.2872761640084027,-0.15411120698187197,151.76733944897228,216.45276757425012,-0.20133304516380612,-0.13755828502495437
unrestricted,2,HAL|IMO,0.6793962697606708,0.31676703080361324,0.012955129695266233,0.012937595196988736,0.24891549641880834,0.2636350039326368,-0.059134556608972266,151.76733944897228,169.0024045604785,-0.20133304516380612,-0.2069717704561751
unrestricted,2,HAL|OKE,0.6696185753106245,0.30938180357783307,0.01302804810366114,0.013007330026045053,0.24891549641880834,0.2593863008854786,-0.042065699473578855,151.76733944897228,140.92136037441924,-0.20133304516380612,-0.15634083679545674
unrestricted,2,EQNR|DVN,0.7822383666092139,0.306322087256242,0.013055292773355615,0.013036112033571374,0.24891549641880834,0.33220523568420907,-0.33461050221342203,151.76733944897228,166.609402533509,-0.20133304516380612,-0.23801337087667118
unrestricted,2,HAL|EQNR,0.7486261131677913,0.3002824545257533,0.013109200125132458,0.013092739679479666,0.24891549641880834,0.3131195787915552,-0.2579352563277999,151.76733944897228,171.14738287245092,-0.20133304516380612,-0.23192582921761085
unrestricted,2,DVN|FANG,0.7469086063497056,0.30084255384211456,0.013110794310872838,0.013087498491318806,0.24891549641880834,0.31210457162484573,-0.25385753846244974,151.76733944897228,155.5905732539986,-0.20133304516380612,-0.19799816456008168
unrestricted,2,VLO|FANG,0.7048138652893277,0.29428574765738513,0.013140791258062353,0.013148723569759711,0.24891549641880834,0.2865039866409017,-0.15100904026822626,151.76733944897228,195.50213594076888,-0.20133304516380612,-0.11358559915008604
unrestricted,2,OXY|DVN,0.7638289027312242,0.2919398064362334,0.013194222588839453,0.013170559986058365,0.24891549641880834,0.3245167513206462,-0.3037225724775139,151.76733944897228,149.73374838921026,-0.20133304516380612,-0.24390142653171432
unrestricted,2,FANG|CVE,0.7404702251225754,0.28697361415410294,0.013217460532625569,0.013216667114776382,0.24891549641880834,0.3109542935598997,-0.24923637954910238,151.76733944897228,188.48511876191048,-0.20133304516380612,-0.1968839217184376
unrestricted,2,VLO|OKE,0.6519705244961224,0.2874249308099237,0.013232792473992198,0.013212483646740979,0.24891549641880834,0.2545059201376477,-0.022459122872098503,151.76733944897228,165.1806531580543,-0.20133304516380612,-0.11498697793120072
unrestricted,2,HAL|FANG,0.713767989712059,0.28601474597842136,0.013247679860147155,0.013225550926066837,0.24891549641880834,0.2952826259510974,-0.18627658863904095,151.76733944897228,161.03654676694143,-0.20133304516380612,-0.20163712667851963
unrestricted,2,DVN|CVE,0.7550599136104518,0.2659477547703383,0.013403683810569434,0.01341011915099759,0.24891549641880834,0.32447017528008476,-0.3035354566039281,151.76733944897228,195.17678260137893,-0.20133304516380612,-0.2077050612876652
unrestricted,2,OXY|CVE,0.7514616055895643,0.2649926988257051,0.013422135323582716,0.013418840090792819,0.24891549641880834,0.32279902538540334,-0.29682173279514745,151.76733944897228,186.85038904263254,-0.20133304516380612,-0.21633418367407298
unrestricted,2,SLB|OKE,0.6262604224410284,0.2651335740974098,0.013438190419215564,0.013417554067286978,0.24891549641880834,0.24447998290646678,0.017819354665161824,151.76733944897228,139.28071274073437,-0.20133304516380612,-0.1445175986188284
unrestricted,2,HAL|OXY,0.7198371714856978,0.260031368390342,0.013487935979247393,0.013464052791877252,0.24891549641880834,0.3056341884534879,-0.22786324214724063,151.76733944897228,156.196045655235,-0.20133304516380612,-0.21897927745295065
unrestricted,2,SLB|FANG,0.6686763143242391,0.2559028640347434,0.013525149588789946,0.013501560518902068,0.24891549641880834,0.275269094135107,-0.1058736723725624,151.76733944897228,157.92782084308206,-0.20133304516380612,-0.1957314296007987
unrestricted,2,VLO|DVN,0.7083452046104968,0.2474814094343858,0.013565073045451041,0.013577748739661347,0.24891549641880834,0.3008169797852408,-0.20851045480553987,151.76733944897228,200.57266066605362,-0.20133304516380612,-0.13456615685928563
unrestricted,2,HAL|DVN,0.7195993493424535,0.25116864506421144,0.01356678682347842,0.013544443358672442,0.24891549641880834,0.3076005063548856,-0.23576278207017642,151.76733944897228,162.11772247562624,-0.20133304516380612,-0.21955336060146324
unrestricted,2,OXY|EQNR,0.7671865750253598,0.2508640474970588,0.013570039892046677,0.01354719777394689,0.24891549641880834,0.3355791219652342,-0.3481648462762299,151.76733944897228,160.77130747782033,-0.20133304516380612,-0.26384093812768905
unrestricted,2,IMO|VLO,0.6472999023743987,0.2434995356916907,0.013603573509373615,0.013613623966394855,0.24891549641880834,0.26425447845774136,-0.061623250700007404,151.76733944897228,198.6943372591225,-0.20133304516380612,-0.1475569703030496
unrestricted,2,HAL|PSX,0.6739513057336187,0.2408303968331863,0.013641784247882736,0.01363761909889855,0.24891549641880834,0.28212574412721036,-0.1334197676970852,151.76733944897228,186.71854792463284,-0.20133304516380612,-0.13899955697925148
unrestricted,2,OXY|SLB,0.6749865823049946,0.241504249598965,0.013656120909815972,0.013631565255684593,0.24891549641880834,0.2831900390268959,-0.1376954954641294,151.76733944897228,152.93421233216452,-0.20133304516380612,-0.20400875387199224
unrestricted,2,IMO|CVE,0.6713539473551049,0.2290953589528827,0.013742479117060712,0.013742618202143276,0.24891549641880834,0.28355182981648375,-0.1391489637888943,151.76733944897228,190.97172637181475,-0.20133304516380612,-0.2026168788968693
unrestricted,2,SLB|IMO,0.6198911953983571,0.22133790392908126,0.013832701921753822,0.013811589696771338,0.24891549641880834,0.25464157027785783,-0.023004087497289438,151.76733944897228,166.04891768548177,-0.20133304516380612,-0.19944268014690614
unrestricted,2,OXY|VLO,0.6968193848617197,0.21247886533808624,0.013888444182711965,0.013889936485219412,0.24891549641880834,0.3028078656534385,-0.21650869475781653,151.76733944897228,192.62252678415422,-0.20133304516380612,-0.14721931374823372
unrestricted,2,HAL|CVE,0.7067659220862066,0.21057829659390104,0.013901034486072964,0.013906687064828994,0.24891549641880834,0.30891688986382115,-0.24105125758847312,151.76733944897228,196.17298835505878,-0.20133304516380612,-0.2292529204866408
unrestricted,2,EQNR|CVE,0.7549800801087823,0.20495069217720063,0.013944460764306946,0.013956167812208212,0.24891549641880834,0.33745296256077806,-0.3556928653128233,151.76733944897228,201.12999890684117,-0.20133304516380612,-0.23043410346905746
unrestricted,2,VLO|EQNR,0.7153275794551456,0.19801648767486513,0.013997695675670703,0.014016896640456319,0.24891549641880834,0.31633409817436614,-0.27084935540583555,151.76733944897228,206.9039374915957,-0.20133304516380612,-0.15638126621104353
unrestricted,2,SLB|DVN,0.6642429242474154,0.19413875850076223,0.01407522466421176,0.014050742838126455,0.24891549641880834,0.28904452291662935,-0.16121546097034734,151.76733944897228,158.4546052960548,-0.20133304516380612,-0.20635430635741536
unrestricted,2,SLB|CVE,0.6576214324010374,0.17799350423553117,0.014192366379021333,0.014190796614762998,0.24891549641880834,0.28857155915726723,-0.15931536328190798,151.76733944897228,190.8698048129652,-0.20133304516380612,-0.21253362862072833
unrestricted,2,SLB|PSX,0.6201588218941082,0.16440966190268558,0.0143175943821158,0.014307569221928735,0.24891549641880834,0.2706798836773817,-0.08743685134795354,151.76733944897228,182.89691743152895,-0.20133304516380612,-0.1361627558048485
unrestricted,2,VLO|CVE,0.6765906617981589,0.12319338181689632,0.01458405626816394,0.014656189126063928,0.24891549641880834,0.3098472105733091,-0.24478875373826137,151.76733944897228,243.1457067613639,-0.20133304516380612,-0.1500915071939274
unrestricted,2,HAL|VLO,0.6300125510495054,0.050037183928380746,0.015247286355455835,0.015255359767661347,0.24891549641880834,0.30248541937199025,-0.21521329014827106,151.76733944897228,202.67250923128012,-0.20133304516380612,-0.14469716574823444
unrestricted,2,SLB|VLO,0.5838948680682714,0.039843517584809196,0.015335745955134159,0.015336990908736666,0.24891549641880834,0.2811034260003411,-0.12931267857817708,151.76733944897228,197.10839491710337,-0.20133304516380612,-0.13656594450645454
unrestricted,2,VLO|PSX,0.5954216591941188,-0.05443203662452456,0.0160504089697289,0.016072315433125522,0.24891549641880834,0.3060904003827841,-0.22969604057023907,151.76733944897228,216.44048863380806,-0.20133304516380612,-0.15475302618960118
unrestricted,2,HAL|SLB,0.5353628596131216,-0.29206496950363103,0.01782157571210156,0.017791449284248653,0.24891549641880834,0.3225659238690073,-0.2958852643158856,151.76733944897228,163.31510390585095,-0.20133304516380612,-0.21563109797290292
unrestricted,3,COP|OKE|E,0.8231868512018058,0.6558900477114995,0.009198144550963678,0.009181587294461342,0.24891549641880834,0.24161074113925968,0.029346325900329484,151.76733944897228,151.58017713724774,-0.20133304516380612,-0.17696302939175246
unrestricted,3,COP|PSX|E,0.8239372839959245,0.6513513226492458,0.009250535928691619,0.009241940367307935,0.24891549641880834,0.24592632170270493,0.012008793181257138,151.76733944897228,168.95090056508465,-0.20133304516380612,-0.1736374797180752
unrestricted,3,COP|IMO|E,0.8195409283747865,0.6451660259950134,0.009337273537764748,0.009323559539900605,0.24891549641880834,0.2443221185936579,0.018453563121766936,151.76733944897228,162.24802543108058,-0.20133304516380612,-0.1969102447327431
unrestricted,3,COP|SU|E,0.8189492371770849,0.6447009491628543,0.009342068273719686,0.009329667680524944,0.24891549641880834,0.2437071839168088,0.02092401870085414,151.76733944897228,164.3745270929994,-0.20133304516380612,-0.20331562411623605
unrestricted,3,COP|EOG|E,0.8231073320750548,0.6448671448818517,0.009344057651627269,0.009327485389030664,0.24891549641880834,0.24984053795663225,-0.00371628745953001,151.76733944897228,154.668730174332,-0.20133304516380612,-0.1846118492842328
unrestricted,3,COP|SU|OKE,0.8133235136293173,0.6358872499059149,0.009461539735894763,0.0094446766601212,0.24891549641880834,0.24227128038217993,0.02669265727614356,151.76733944897228,149.39928106315568,-0.20133304516380612,-0.1747749812942445
unrestricted,3,COP|IMO|OKE,0.8115920558465349,0.631780906414348,0.009514457592945714,0.009497784321250093,0.24891549641880834,0.24281684357014338,0.024500896635233138,151.76733944897228,147.89740159515824,-0.20133304516380612,-0.1661640757943692
unrestricted,3,COP|EOG|SU,0.8213433962430041,0.6298796072246035,0.009539314763338691,0.009522273652670925,0.24891549641880834,0.25708066534545554,-0.03280297548413391,151.76733944897228,153.89257192216402,-0.20133304516380612,-0.19285013930940142
unrestricted,3,COP|SLB|E,0.8105139765478618,0.6284727057956396,0.009555287064270602,0.009540354517352993,0.24891549641880834,0.2436113643983226,0.021308966684666975,151.76733944897228,160.80389897598664,-0.20133304516380612,-0.19224197712156743
unrestricted,3,COP|VLO|E,0.813423881113453,0.6267785786846957,0.00956605077479637,0.009562081306271335,0.24891549641880834,0.2482675811470131,0.0026029527334251457,151.76733944897228,174.55624024277995,-0.20133304516380612,-0.1600131662614528
unrestricted,3,COP|EOG|IMO,0.8198172347812139,0.6277693198286411,0.009566601806991239,0.009549381281259659,0.24891549641880834,0.256474129890451,-0.03036626317119695,151.76733944897228,151.96028737313114,-0.20133304516380612,-0.1817765776436867
unrestricted,3,COP|FANG|E,0.8177928054139454,0.627560074162843,0.009567114104357904,0.009552064947622018,0.24891549641880834,0.25399697186989534,-0.020414460024366088,151.76733944897228,160.61214839318828,-0.20133304516380612,-0.1968308087441747
unrestricted,3,COP|SU|SLB,0.8126415765702277,0.6260324968921306,0.009586806540622493,0.009571633990805944,0.24891549641880834,0.24830549845431493,0.0024506226943261655,151.76733944897228,160.4354278662632,-0.20133304516380612,-0.20112935034628132
unrestricted,3,COP|SU|PSX,0.8154841643557955,0.6252550147594305,0.009589581320689027,0.00958157858556568,0.24891549641880834,0.25216582358188555,-0.013057954244875214,151.76733944897228,170.61835814566376,-0.20133304516380612,-0.18015406427630676
unrestricted,3,COP|DVN|E,0.818573418685222,0.6247523265983339,0.009603128504992484,0.009588002863602871,0.24891549641880834,0.2566411760143502,-0.03103735888963377,151.76733944897228,160.60478495987607,-0.20133304516380612,-0.20483573786045173
unrestricted,3,COP|CVE|E,0.8181755995995038,0.6222085408489075,0.009630833648982338,0.009620446276216714,0.24891549641880834,0.2574229837776211,-0.03417821502160967,151.76733944897228,168.00426148485332,-0.20133304516380612,-0.19443675412893913
unrestricted,3,COP|SU|IMO,0.814329668120348,0.6220820001001175,0.009636927966397786,0.009622057319191937,0.24891549641880834,0.253012364078443,-0.016458869449982316,151.76733944897228,161.2647339942293,-0.20133304516380612,-0.19895528767426784
unrestricted,3,COP|OXY|E,0.8178192483584792,0.621169087760763,0.00964962537242177,0.009633672003412507,0.24891549641880834,0.2578450166749636,-0.03587370165628845,151.76733944897228,158.90287124524974,-0.20133304516380612,-0.2100058234119474
unrestricted,3,EOG|PSX|E,0.7999655979780607,0.6203209416772,0.00965810295573469,0.009644450153701524,0.24891549641880834,0.23373124595281572,0.06100162779919749,151.76733944897228,163.5215654432431,-0.20133304516380612,-0.12781928778122786
unrestricted,3,COP|HAL|E,0.8124237377035468,0.6198392288327308,0.009664988734970351,0.009650566349416053,0.24891549641880834,0.25198221573041163,-0.012320322984003429,151.76733944897228,162.22346756799112,-0.20133304516380612,-0.19641711340970758
unrestricted,3,COP|PSX|OKE,0.8105359346083382,0.6184552132056702,0.009685454361770603,0.009668117345280818,0.24891549641880834,0.2505991959511787,-0.00676414107033918,151.76733944897228,153.62041962447418,-0.20133304516380612,-0.1520304722743373
unrestricted,3,COP|IMO|PSX,0.8115382854250611,0.6167794842653107,0.009699824878892968,0.009689325070903445,0.24891549641880834,0.2525682706069234,-0.014674756054436688,151.76733944897228,168.07981007904175,-0.20133304516380612,-0.16860288600235573
unrestricted,3,COP|HAL|SU,0.8165481069694883,0.6167408507844886,0.009704687208081458,0.009689813461927741,0.24891549641880834,0.25880180651833834,-0.039717535636656365,151.76733944897228,161.53223672214727,-0.20133304516380612,-0.20697630615782892
unrestricted,3,COP|SU|FANG,0.8183803198135317,0.6158913383645612,0.00971605271032854,0.009700546487484652,0.24891549641880834,0.2613882368364638,-0.05010833233407719,151.76733944897228,160.2754002243708,-0.20133304516380612,-0.20737101209918873
unrestricted,3,EOG|OKE|E,0.7940902095529087,0.6154293827824587,0.009721715426780186,0.009706378007962849,0.24891549641880834,0.22812526492961818,0.08352325101611957,151.76733944897228,143.36302288997754,-0.20133304516380612,-0.13211034711943415
unrestricted,3,COP|EOG|OKE,0.810943091334582,0.6134164953788424,0.009743775833123896,0.009731747011732449,0.24891549641880834,0.2539352476579136,-0.020166487467937255,151.76733944897228,138.560553676782,-0.20133304516380612,-0.1598872316191018
unrestricted,3,COP|EQNR|E,0.8231537318404734,0.613237237774841,0.009748769583391628,0.009734003041088908,0.24891549641880834,0.26792774137563047,-0.07638031874413076,151.76733944897228,161.91197478761882,-0.20133304516380612,-0.21414790457112376
unrestricted,3,COP|IMO|FANG,0.8158245453656277,0.6123468764743736,0.009761781348201826,0.009745200858286653,0.24891549641880834,0.2604537398070859,-0.046354058121251374,151.76733944897228,157.7501869173897,-0.20133304516380612,-0.19302947272054738
unrestricted,3,COP|IMO|EQNR,0.8278697535675148,0.6120616254172471,0.009763988336223854,0.009748785658057537,0.24891549641880834,0.27337709972826013,-0.09827272171232915,151.76733944897228,161.1214941660576,-0.20133304516380612,-0.20942268018120802
unrestricted,3,COP|EQNR|OKE,0.8234083986124953,0.6120483931854968,0.009766225470481433,0.009748951917829166,0.24891549641880834,0.2688720263684271,-0.08017391539191787,151.76733944897228,148.53573402772594,-0.20133304516380612,-0.18945814944166994
unrestricted,3,COP|SU|DVN,0.8172876419802666,0.6113607505072137,0.00977316726314749,0.009757588081859222,0.24891549641880834,0.26256957253331586,-0.054854263036858475,151.76733944897228,160.366802739624,-0.20133304516380612,-0.21197067345632292
unrestricted,3,COP|SU|OXY,0.818763973087476,0.6104326234002732,0.00978552895534528,0.009769232404358341,0.24891549641880834,0.2646915657905481,-0.06337921744010666,151.76733944897228,158.69413758393588,-0.20133304516380612,-0.21766795783131176
unrestricted,3,COP|SU|CVE,0.8172749526812859,0.6093877991412712,0.009796866868663108,0.009782324229895847,0.24891549641880834,0.2635358492982546,-0.05873621003831375,151.76733944897228,162.50932176679717,-0.20133304516380612,-0.2076490699755178
unrestricted,3,COP|OKE|CVE,0.8118832668015062,0.6069445809499265,0.00983048958463406,0.009812869993245505,0.24891549641880834,0.25896285123594476,-0.040364521139460985,151.76733944897228,150.13525289213615,-0.20133304516380612,-0.1597586734141203
unrestricted,3,COP|IMO|DVN,0.8147610494550196,0.6063818832097299,0.00983661503030092,0.00981989152851513,0.24891549641880834,0.26242946695659186,-0.0542913990177849,151.76733944897228,157.74787066990004,-0.20133304516380612,-0.19861706526700051
unrestricted,3,COP|OXY|IMO,0.8156941114520212,0.6051279745380669,0.009852695381969291,0.009835520199993035,0.24891549641880834,0.2641038311125614,-0.061018035888766864,151.76733944897228,156.2666772508514,-0.20133304516380612,-0.20498713888922016
unrestricted,3,COP|SLB|OKE,0.7998645564766239,0.6042609436453524,0.00986244602996301,0.009846312334302637,0.24891549641880834,0.24592663824269434,0.012007521504748486,151.76733944897228,144.41471551071845,-0.20133304516380612,-0.16796680535879083
unrestricted,3,COP|HAL|IMO,0.809877260572752,0.6039207674770659,0.009866684412148361,0.009850543356305672,0.24891549641880834,0.25827058495901617,-0.03758339145132039,151.76733944897228,159.49667023896794,-0.20133304516380612,-0.19375040691244594
unrestricted,3,COP|SU|EQNR,0.825992885986461,0.6035503454857215,0.009869303173891786,0.009855148502021509,0.24891549641880834,0.2753091515438654,-0.10603460011444565,151.76733944897228,163.45158289533114,-0.20133304516380612,-0.2192963288920864
unrestricted,3,COP|IMO|CVE,0.8143524561137236,0.6033021622753449,0.009873684608693692,0.0098582327520599,0.24891549641880834,0.26351417179859277,-0.05864912225160013,151.76733944897228,161.06936627183367,-0.20133304516380612,-0.19269463609492277
unrestricted,3,EOG|SLB|E,0.7867510411191632,0.6023717898454499,0.009887454859423748,0.00986978620122262,0.24891549641880834,0.22790010916397965,0.0844277980165189,151.76733944897228,153.92436488392937,-0.20133304516380612,-0.15847869816430848
unrestricted,3,COP|SLB|EQNR,0.8259805438627194,0.6021843137765102,0.009888443220778503,0.009872112659229285,0.24891549641880834,0.27597734540710134,-0.10871902062200478,151.76733944897228,159.1289931059652,-0.20133304516380612,-0.2146560948630224
unrestricted,3,COP|SLB|IMO,0.8004544495374217,0.600718313919985,0.009906889370192034,0.009890285908176467,0.24891549641880834,0.24897235767762102,-0.000228435993864462,151.76733944897228,158.49500321257858,-0.20133304516380612,-0.1883660173988504
unrestricted,3,HAL|EOG|E,0.7919386030106322,0.5999388670953534,0.00991727615698173,0.009899934727139601,0.24891549641880834,0.23816783296625443,0.04317796042103628,151.76733944897228,156.07306619901124,-0.20133304516380612,-0.16540168322756477
unrestricted,3,COP|SU|VLO,0.80620199197653,0.5984803688301126,0.009922086227774891,0.0099179643485086,0.24891549641880834,0.25654069118638584,-0.0306336683624866,151.76733944897228,175.4631631828179,-0.20133304516380612,-0.16448603096479875
unrestricted,3,EOG|SU|E,0.7867539653946761,0.5969643452906266,0.009953283374825504,0.00993667040942667,0.24891549641880834,0.23268115566403955,0.065220289569493,151.76733944897228,158.71541887529258,-0.20133304516380612,-0.16902032757206809
unrestricted,3,COP|OXY|OKE,0.8085637465290061,0.5963696430002091,0.009958662723017186,0.009943998771432616,0.24891549641880834,0.26076516173242864,-0.047605173177659,151.76733944897228,141.3912373939628,-0.20133304516380612,-0.18162975195358066
unrestricted,3,COP|PSX|EQNR,0.826653610979172,0.5958919594614488,0.009960422627105073,0.009949881232796304,0.24891549641880834,0.27912911208791913,-0.12138101525939304,151.76733944897228,168.83657262009478,-0.20133304516380612,-0.1933762097103493
unrestricted,3,EOG|IMO|E,0.7862929229575177,0.5964431104579533,0.009960645810281906,0.009943093743424385,0.24891549641880834,0.23245783514244492,0.06611746360970983,151.76733944897228,155.47422760332003,-0.20133304516380612,-0.15572992648296402
unrestricted,3,COP|VLO|OKE,0.8012447225281703,0.596344138067608,0.009961519075328266,0.009944312941325532,0.24891549641880834,0.2525902023602312,-0.014762865286780169,151.76733944897228,156.92418236434355,-0.20133304516380612,-0.13661819048640877
unrestricted,3,COP|OKE|FANG,0.8059746879481811,0.5956875179498458,0.00996756919800935,0.009952397777067811,0.24891549641880834,0.25829201931790313,-0.037669502437560176,151.76733944897228,142.17405135055637,-0.20133304516380612,-0.17043718176516331
unrestricted,3,COP|IMO|VLO,0.8044050117807938,0.5947222345385557,0.009971939098102824,0.009964271213708582,0.24891549641880834,0.2567217807013162,-0.031361182388474296,151.76733944897228,172.11547954418438,-0.20133304516380612,-0.15344199007697656
unrestricted,3,COP|HAL|OKE,0.8038863020409945,0.5953020184640245,0.00997351849312964,0.009957141298850185,0.24891549641880834,0.25620411333294385,-0.029281491184752095,151.76733944897228,144.47203003687227,-0.20133304516380612,-0.17252022545995283
unrestricted,3,COP|EOG|PSX,0.8114932329004487,0.5944499048512716,0.00998411369802299,0.009967618438004023,0.24891549641880834,0.26494037469092313,-0.06437878919821216,151.76733944897228,159.1847325245788,-0.20133304516380612,-0.1609482920002575
unrestricted,3,EOG|OXY|E,0.7951563605763156,0.5942936513162564,0.009987515873700928,0.00996953845435345,0.24891549641880834,0.24643642396349894,0.009959494249961343,151.76733944897228,152.02873388877828,-0.20133304516380612,-0.1779581176579309
unrestricted,3,EOG|DVN|E,0.7938907709184119,0.5934880051094404,0.009997359065921226,0.009979432232697814,0.24891549641880834,0.24534175970100186,0.01435722873514289,151.76733944897228,153.35517514165414,-0.20133304516380612,-0.16325841043297018
unrestricted,3,EOG|SU|SLB,0.78458741855165,0.5932388359102859,0.010000340870757905,0.009982490182098628,0.24891549641880834,0.23248881955624737,0.06599298596871028,151.76733944897228,154.1074288642707,-0.20133304516380612,-0.1749845902974254
unrestricted,3,EOG|FANG|E,0.7912174623369006,0.5929240657384494,0.01000423451707113,0.009986351886177377,0.24891549641880834,0.24222610911029926,0.026874129593177143,151.76733944897228,153.90556222011986,-0.20133304516380612,-0.152892150738841
unrestricted,3,COP|EOG|SLB,0.8078483738056969,0.5914832848472844,0.010021639151658056,0.010004008833075291,0.24891549641880834,0.2626150446150395,-0.055036943835675034,151.76733944897228,147.99168603801968,-0.20133304516380612,-0.18643982132073467
unrestricted,3,COP|OKE|DVN,0.8050847574490271,0.5909642926644452,0.0100255438123519,0.01001036151610603,0.24891549641880834,0.2598065577213091,-0.043754050909615705,151.76733944897228,141.99149035213048,-0.20133304516380612,-0.1743082630321109
unrestricted,3,EOG|SLB|EQNR,0.8073185879695772,0.5898023077257935,0.010042644749600826,0.010024570104592605,0.24891549641880834,0.26291390550056587,-0.05623759582330212,151.76733944897228,151.39290508555726,-0.20133304516380612,-0.17349069902841574
unrestricted,3,HAL|EOG|SU,0.7904296689078142,0.588555169250559,0.010057556592665915,0.010039797565814787,0.24891549641880834,0.2441066533431384,0.01931917917869963,151.76733944897228,155.32717740742513,-0.20133304516380612,-0.17974499139010702
unrestricted,3,EOG|VLO|E,0.784012988314141,0.5852414263781771,0.010089793736317111,0.010080146339792052,0.24891549641880834,0.23734722804767353,0.04647468131783494,151.76733944897228,170.29186044350578,-0.20133304516380612,-0.10791256545221317
unrestricted,3,PSX|DVN|E,0.7862553499515634,0.5841286410159441,0.010094068188298812,0.010093659653725022,0.24891549641880834,0.24065844129842623,0.03317212162030014,151.76733944897228,179.24365244281344,-0.20133304516380612,-0.14810546752408693
unrestricted,3,PSX|FANG|E,0.7812112749419424,0.5809598443167244,0.010134338211681483,0.010132041785028512,0.24891549641880834,0.2361169100093161,0.05141739503416942,151.76733944897228,177.7397824060332,-0.20133304516380612,-0.1402647669921805
unrestricted,3,OXY|PSX|E,0.7845145595007234,0.5786939452197423,0.010165022050659321,0.010159398628856432,0.24891549641880834,0.24232122165560607,0.02649202182296917,151.76733944897228,174.75552626681466,-0.20133304516380612,-0.16427228662963367
unrestricted,3,COP|PSX|CVE,0.8121031031554438,0.5785264773700493,0.010167687680918299,0.010161417592961332,0.24891549641880834,0.27254339672833944,-0.09492338022127966,151.76733944897228,174.1272637698679,-0.20133304516380612,-0.1665993782669195
unrestricted,3,EOG|EQNR|E,0.7954406495692089,0.5782674428675317,0.010182743639913146,0.010164539679293962,0.24891549641880834,0.25607960846836464,-0.028781301898144873,151.76733944897228,153.9248521827612,-0.20133304516380612,-0.17208181530860645
unrestricted,3,COP|HAL|EOG,0.814360407388231,0.5776077654935957,0.01019048583465314,0.01017248629931537,0.24891549641880834,0.2755105342040687,-0.10684364038353533,151.76733944897228,148.27250087457696,-0.20133304516380612,-0.1932165850699641
unrestricted,3,EOG|SU|PSX,0.7826320986698182,0.5757296121456953,0.010208485721073675,0.010195077029852556,0.24891549641880834,0.24227971062781845,0.026658789374145564,151.76733944897228,165.80658093328046,-0.20133304516380612,-0.13814962428136857
unrestricted,3,COP|SLB|PSX,0.7977472697250428,0.5748543654662791,0.010219202729077257,0.01020558755602912,0.24891549641880834,0.26012382400640655,-0.04502864525854933,151.76733944897228,165.5352930522887,-0.20133304516380612,-0.17166217872900602
unrestricted,3,EOG|SU|OKE,0.7745199164012528,0.5742096872282246,0.010229525211404732,0.010213322350164858,0.24891549641880834,0.23252848304656645,0.06583364076566045,151.76733944897228,143.05898551141948,-0.20133304516380612,-0.14581664028627728
unrestricted,3,COP|EOG|CVE,0.8187181497401137,0.5740935458657945,0.01023299831387284,0.010214715181636067,0.24891549641880834,0.2809933065156673,-0.12887028151468316,151.76733944897228,154.02517086323354,-0.20133304516380612,-0.18076604882690972
unrestricted,3,COP|OXY|PSX,0.810705171583764,0.5736373672664323,0.010234459284567624,0.01022018409077492,0.24891549641880834,0.27362092557206175,-0.09925227440113149,151.76733944897228,164.56335841213513,-0.20133304516380612,-0.18719798174452085
unrestricted,3,EOG|CVE|E,0.7861181587820939,0.5721415707204245,0.01025290512495911,0.01023809599291891,0.24891549641880834,0.24879309795929624,0.0004917269566301341,151.76733944897228,163.74675298330118,-0.20133304516380612,-0.16019634704324848
unrestricted,3,COP|PSX|FANG,0.8076656906174832,0.5717244425974582,0.010256226760438148,0.010243085443991301,0.24891549641880834,0.27151240170639873,-0.09078143230411961,151.76733944897228,166.35570226811456,-0.20133304516380612,-0.17510877403821434
unrestricted,3,COP|EOG|EQNR,0.8269782292112272,0.5719170680605813,0.010259234810038542,0.010240781669060462,0.24891549641880834,0.28914132343886967,-0.16160435006577534,151.76733944897228,152.51712548889077,-0.20133304516380612,-0.21026981610122875
unrestricted,3,COP|EOG|VLO,0.8044251059722194,0.5685038988343735,0.010296651482430473,0.010281526256391837,0.24891549641880834,0.26989003134782513,-0.0842636767528786,151.76733944897228,163.36127026240618,-0.20133304516380612,-0.14425848200648472
unrestricted,3,EOG|SU|OXY,0.7874197774307695,0.5679619422871687,0.01030653431414559,0.010287980998287436,0.24891549641880834,0.2527995179762508,-0.015603775631981787,151.76733944897228,151.8750148320812,-0.20133304516380612,-0.17839376639648652
unrestricted,3,COP|HAL|PSX,0.8029853789561385,0.5663867391405342,0.010319426382150141,0.010306718833104451,0.24891549641880834,0.26935150126644375,-0.0821001711088778,151.76733944897228,167.17344776588084,-0.20133304516380612,-0.17548954196506628
unrestricted,3,EOG|PSX|OKE,0.7757530724616455,0.5662329106400836,0.010326487143691146,0.01030854687511302,0.24891549641880834,0.23999972113386586,0.03581848222876971,151.76733944897228,146.96358049071767,-0.20133304516380612,-0.1377066554835058
unrestricted,3,EOG|SU|FANG,0.7830254446934617,0.5660072907887899,0.01032977714855106,0.010311227473193539,0.24891549641880834,0.248938288622046,-9.156602769055944e-05,151.76733944897228,153.06952610378016,-0.20133304516380612,-0.1686930088064239
unrestricted,3,OKE|DVN|E,0.77232734871358,0.5646179293310023,0.010346309356699526,0.010327719195753003,0.24891549641880834,0.2366801216048178,0.04915473319268204,151.76733944897228,152.9072098366465,-0.20133304516380612,-0.1570736456633508
unrestricted,3,PSX|OKE|E,0.7612515813840041,0.5638664577240191,0.010349715888871876,0.010336628200365612,0.24891549641880834,0.2201452062310385,0.11558255955010088,151.76733944897228,166.7421774153274,-0.20133304516380612,-0.11414277923988714
unrestricted,3,COP|PSX|DVN,0.8060804599762045,0.5633267900372255,0.010356255716620487,0.01034302144819944,0.24891549641880834,0.27363476750225235,-0.0993078833543295,151.76733944897228,166.55517790335384,-0.20133304516380612,-0.1799861322660834
unrestricted,3,COP|SLB|CVE,0.8032298331775757,0.5630626256189931,0.010362616236120259,0.010346149468293143,0.24891549641880834,0.2711848067092582,-0.08946534310174492,151.76733944897228,161.0146919847105,-0.20133304516380612,-0.1933435339447307
unrestricted,3,EOG|IMO|OKE,0.768831805036697,0.5628058056832901,0.010363760210795808,0.010349189614626745,0.24891549641880834,0.23298950295431115,0.0639815266370608,151.76733944897228,139.98138797641445,-0.20133304516380612,-0.13069529216603049
unrestricted,3,COP|EOG|FANG,0.8133825025223832,0.5627276262824132,0.010367584249455712,0.010350114898272669,0.24891549641880834,0.2806889699378125,-0.1276476313292454,151.76733944897228,145.2768559783064,-0.20133304516380612,-0.19190183577078812
unrestricted,3,HAL|EOG|IMO,0.7782917441198568,0.5624391356436595,0.01037217360357504,0.010353528581723703,0.24891549641880834,0.2455228259314885,0.01362980825272353,151.76733944897228,152.76401157900932,-0.20133304516380612,-0.16634590671562888
unrestricted,3,COP|HAL|EQNR,0.8243883322352942,0.5621499392449587,0.010373851145520257,0.01035694948707482,0.24891549641880834,0.2904602302478582,-0.16690296275949623,151.76733944897228,160.07213656490194,-0.20133304516380612,-0.2213450426269622
unrestricted,3,OXY|OKE|E,0.7717006285462251,0.5618612164060519,0.010378934330192593,0.010360363663903959,0.24891549641880834,0.2377498650179664,0.044857116416952114,151.76733944897228,149.73677896527323,-0.20133304516380612,-0.17125147488172454
unrestricted,3,EOG|EQNR|OKE,0.7919294134562118,0.5610190256757908,0.010384517334653162,0.010370316233269708,0.24891549641880834,0.26095122102149626,-0.048352652911723304,151.76733944897228,139.42050592177335,-0.20133304516380612,-0.15255971596558004
unrestricted,3,COP|EOG|OXY,0.8152803858115248,0.5609952587739602,0.01038794188172188,0.010370596959504251,0.24891549641880834,0.28304345511993395,-0.1371066052219756,151.76733944897228,144.8561085276114,-0.20133304516380612,-0.20323523248643938
unrestricted,3,EOG|IMO|EQNR,0.7959762696026119,0.5608832168399666,0.010390503829966969,0.010371920256843933,0.24891549641880834,0.2652387142573943,-0.06557734682424776,151.76733944897228,153.8978473692091,-0.20133304516380612,-0.17011319809621517
unrestricted,3,EOG|SU|DVN,0.7817947598473703,0.5602529398346099,0.010398062216307418,0.010379361146169958,0.24891549641880834,0.2507855513414081,-0.00751281036940088,151.76733944897228,152.56967086955115,-0.20133304516380612,-0.16824313546789038
unrestricted,3,EOG|PSX|EQNR,0.8008438448281563,0.5590464180052823,0.01040889423598705,0.01039359017575682,0.24891549641880834,0.2706266999484633,-0.087223189564402,151.76733944897228,163.46776523228078,-0.20133304516380612,-0.14933608359653083
unrestricted,3,OKE|FANG|E,0.7662327108333067,0.5593013564192392,0.010409242362580494,0.010390585201310499,0.24891549641880834,0.23223291897590734,0.06702104803805398,151.76733944897228,153.51218956820557,-0.20133304516380612,-0.15594812299033156
unrestricted,3,COP|SLB|VLO,0.7929382450238969,0.5583264850488663,0.010412981960626023,0.010402071381833423,0.24891549641880834,0.2631182382500827,-0.05705848786279577,151.76733944897228,169.79011634034035,-0.20133304516380612,-0.1565766957970346
unrestricted,3,EOG|IMO|PSX,0.7745509156941781,0.5584388357213844,0.010416401675268328,0.010400748284561424,0.24891549641880834,0.24333877319210018,0.022404082136072145,151.76733944897228,162.86404109275531,-0.20133304516380612,-0.12643615214116055
unrestricted,3,COP|EOG|DVN,0.8124559603968542,0.5572954768434062,0.010431662952288246,0.010414205196970847,0.24891549641880834,0.2819934581966603,-0.13288831854083205,151.76733944897228,144.92766651318763,-0.20133304516380612,-0.19484983188887806
unrestricted,3,EOG|IMO|FANG,0.7788016256183655,0.5571621372256388,0.010434451138290118,0.010415773423092585,0.24891549641880834,0.2491580753087137,-0.0009745431417302886,151.76733944897228,149.7958729439173,-0.20133304516380612,-0.15165109414396394
unrestricted,3,COP|VLO|EQNR,0.8167957685519877,0.5558359006070995,0.01043893546659425,0.01043135864532009,0.24891549641880834,0.2860058583542833,-0.1490078459119688,151.76733944897228,173.60539204515976,-0.20133304516380612,-0.17865517519406882
unrestricted,3,EOG|SLB|OKE,0.7642209202618261,0.5560856381792358,0.010439167682649315,0.010428425643218352,0.24891549641880834,0.23132604208511148,0.07066436034220236,151.76733944897228,135.4302529529842,-0.20133304516380612,-0.1366158962468106
unrestricted,3,EOG|OXY|IMO,0.7818232116780393,0.5552477164837548,0.010456715866006326,0.010438263221398241,0.24891549641880834,0.2534953297884476,-0.01839914925157382,151.76733944897228,148.09763635592864,-0.20133304516380612,-0.16120356904250388
unrestricted,3,HAL|EOG|OKE,0.772017522461609,0.5538263929122078,0.010465399564395624,0.010454929032687105,0.24891549641880834,0.24285712091630085,0.02433908531075968,151.76733944897228,135.10839867710246,-0.20133304516380612,-0.13688398282563208
unrestricted,3,EOG|SU|EQNR,0.7944301963886989,0.5542395613234191,0.010468040507479213,0.010450087142850095,0.24891549641880834,0.2667291633552967,-0.07156511825409329,151.76733944897228,157.63538328987914,-0.20133304516380612,-0.1850082253378661
unrestricted,3,COP|OXY|SLB,0.8000922546854254,0.554103694292809,0.010470514354790903,0.010451679605990782,0.24891549641880834,0.27216984161792424,-0.09342264958863677,151.76733944897228,152.49281897600613,-0.20133304516380612,-0.21257882296511355
unrestricted,3,EOG|SU|IMO,0.770606969955092,0.552642833730159,0.010487463460646227,0.01046878667892267,0.24891549641880834,0.24232498652831672,0.02647689671920983,151.76733944897228,154.53998064109487,-0.20133304516380612,-0.1671821727522882
unrestricted,3,SU|PSX|E,0.7584001957066656,0.5500444736861518,0.01049480080160784,0.0104991452993451,0.24891549641880834,0.22663962544089403,0.08949170018902497,151.76733944897228,184.2753973354852,-0.20133304516380612,-0.15956206098389725
unrestricted,3,EOG|IMO|DVN,0.7779962789126734,0.5492418172181415,0.010527279341267013,0.010508505615537614,0.24891549641880834,0.2525706274325298,-0.01468422443081474,151.76733944897228,149.21366090247707,-0.20133304516380612,-0.15122118675258456
unrestricted,3,COP|VLO|PSX,0.7989322789934021,0.5481014635400148,0.010531884102051416,0.010521789726597284,0.24891549641880834,0.27330449801596507,-0.09798104958528353,151.76733944897228,171.12521092222087,-0.20133304516380612,-0.16673064537547555
unrestricted,3,EOG|OXY|SLB,0.7789249698858067,0.5481169039618579,0.010538108048324354,0.010521609971357362,0.24891549641880834,0.25403699473609975,-0.0205752489940374,151.76733944897228,142.44296325714635,-0.20133304516380612,-0.16431637671555943
unrestricted,3,EOG|OXY|OKE,0.7751415645719383,0.5471220443386533,0.010538916195295081,0.010533185719672353,0.24891549641880834,0.25002431742263753,-0.004454608169366825,151.76733944897228,131.04845334331722,-0.20133304516380612,-0.16317954786813937
unrestricted,3,EOG|SU|CVE,0.7772615512877648,0.5479068237820869,0.010542501795144606,0.010524055432243216,0.24891549641880834,0.2524727608692753,-0.014291052592731113,151.76733944897228,156.29846104378882,-0.20133304516380612,-0.16900421174626812
unrestricted,3,COP|EQNR|CVE,0.8265820853952716,0.5471220337757525,0.010547387183949158,0.010533185842510078,0.24891549641880834,0.2974447965673894,-0.19496295267583097,151.76733944897228,165.77145726689696,-0.20133304516380612,-0.21411374018959006
unrestricted,3,HAL|EOG|EQNR,0.806986064954817,0.5472425105466576,0.010550764221808416,0.01053178470498499,0.24891549641880834,0.28113753982756645,-0.1294497284112175,151.76733944897228,152.48768324511306,-0.20133304516380612,-0.18144513353238523
unrestricted,3,HAL|EOG|OXY,0.7942379906660249,0.5462293805689908,0.010560202900264024,0.010543561544298006,0.24891549641880834,0.27000401324589185,-0.08472159078276675,151.76733944897228,142.62491263012112,-0.20133304516380612,-0.17120030986902324
unrestricted,3,COP|HAL|CVE,0.8108807143484512,0.5461062121136357,0.010561184374235748,0.010544992384046728,0.24891549641880834,0.28483779594087205,-0.14431523966520476,151.76733944897228,162.41282353312315,-0.20133304516380612,-0.1999956080049261
unrestricted,3,EOG|SLB|IMO,0.7613342291295421,0.5451995634685767,0.010574553268182862,0.010555518892417737,0.24891549641880834,0.23569502495334002,0.0531122877268535,151.76733944897228,151.51190327453097,-0.20133304516380612,-0.16137154398561826
unrestricted,3,COP|SLB|FANG,0.7941919486643021,0.5450118053445557,0.010576619967477193,0.010557697518205985,0.24891549641880834,0.2705636521001048,-0.0869698993945831,151.76733944897228,153.88247754363945,-0.20133304516380612,-0.20102596208448187
unrestricted,3,COP|VLO|CVE,0.8037002810018353,0.5433405458855758,0.01057787353625802,0.010577069975213411,0.24891549641880834,0.27916789823986604,-0.12153683581900054,151.76733944897228,180.35955575748292,-0.20133304516380612,-0.1465656386316574
unrestricted,3,COP|EQNR|FANG,0.8243068092518154,0.5437765822720506,0.010589975617627376,0.010572019068260191,0.24891549641880834,0.2968463788301882,-0.19255885270692286,151.76733944897228,158.36231933484964,-0.20133304516380612,-0.22274509551979105
unrestricted,3,EOG|SLB|CVE,0.7780227580747586,0.5435586052520154,0.010593368203388869,0.010574544346368774,0.24891549641880834,0.2555110655950242,-0.02649722203361171,151.76733944897228,154.84208897090645,-0.20133304516380612,-0.15759334010131898
unrestricted,3,EOG|SLB|PSX,0.7682184529725824,0.5422467591018134,0.010607475723182914,0.010589729452644399,0.24891549641880834,0.245640238290374,0.013158112594659821,151.76733944897228,159.0692143081511,-0.20133304516380612,-0.12396839114850422
unrestricted,3,EOG|OXY|PSX,0.7835373093000044,0.5413496704538439,0.010618226025612859,0.010600101062694198,0.24891549641880834,0.2620549991398755,-0.052787001653603616,151.76733944897228,158.00359622266262,-0.20133304516380612,-0.15463549701469692
unrestricted,3,HAL|EOG|FANG,0.7878865440366649,0.5409213629924743,0.010622489059722516,0.010605049323539966,0.24891549641880834,0.2663881678431125,-0.07019519345194092,151.76733944897228,144.0026700486734,-0.20133304516380612,-0.1521122335056081
unrestricted,3,COP|FANG|CVE,0.814903443995887,0.5403798666783166,0.01062753768644758,0.010611301959000155,0.24891549641880834,0.2902950523655364,-0.16623937256644572,151.76733944897228,162.59475531494556,-0.20133304516380612,-0.19687800197459804
unrestricted,3,HAL|EOG|PSX,0.7768329259220778,0.5401030805564686,0.010631489218253385,0.01061449657435535,0.24891549641880834,0.2559324226501161,-0.028189993520939982,151.76733944897228,161.04471352370405,-0.20133304516380612,-0.13951220175483947
unrestricted,3,EOG|OKE|FANG,0.7680936559294446,0.5391545352856896,0.010632597885780571,0.010625437226404476,0.24891549641880834,0.2467240849300819,0.008803837126473257,151.76733944897228,131.90996065309213,-0.20133304516380612,-0.16020551008527806
unrestricted,3,EOG|OKE|CVE,0.7726862232122262,0.5398702417590036,0.01063467500731553,0.01061718321322625,0.24891549641880834,0.25177724901577675,-0.011496884035509858,151.76733944897228,144.06638544041616,-0.20133304516380612,-0.12797937038480123
unrestricted,3,COP|VLO|FANG,0.7997671336928567,0.5388722577016478,0.010638725218306902,0.01062869088064732,0.24891549641880834,0.2777744272188868,-0.1159386667976765,151.76733944897228,171.52151786190282,-0.20133304516380612,-0.15505072238441253
unrestricted,3,SU|DVN|E,0.7613002693540916,0.5363644942604253,0.010666911603967683,0.010657552841835715,0.24891549641880834,0.24072860687302758,0.03289023650020584,151.76733944897228,172.3727997000247,-0.20133304516380612,-0.20347017626737507
unrestricted,3,COP|OXY|CVE,0.8161612848595378,0.5370025487832385,0.010667629182587974,0.010650216862503028,0.24891549641880834,0.29254356951425603,-0.17527262755084583,151.76733944897228,160.23637301068248,-0.20133304516380612,-0.21011449831814066
unrestricted,3,EOG|SU|VLO,0.766909546317828,0.535944710301858,0.010672593082512635,0.010662376520612254,0.24891549641880834,0.24734123618979914,0.006324476586063721,151.76733944897228,171.41460602740815,-0.20133304516380612,-0.13513958192311548
unrestricted,3,HAL|EOG|CVE,0.7908223267103319,0.5363963224690167,0.01067584237650822,0.010657187019295637,0.24891549641880834,0.27108763718267137,-0.08907497155804922,151.76733944897228,156.46060589160308,-0.20133304516380612,-0.16144226925590355
unrestricted,3,COP|OXY|EQNR,0.8239643019007656,0.5363363424948195,0.01067642130842808,0.010657876398133226,0.24891549641880834,0.29906832023765634,-0.20148534157336773,151.76733944897228,156.91184843864002,-0.20133304516380612,-0.23486316762297454
unrestricted,3,SU|FANG|E,0.7580467399002271,0.5355504201264649,0.010677238546553149,0.010666905267262857,0.24891549641880834,0.23741017220905675,0.04622180770293827,151.76733944897228,171.29305638326875,-0.20133304516380612,-0.1949340252841204
unrestricted,3,COP|EQNR|DVN,0.8241605339948029,0.5362209299463607,0.010677321713883225,0.010659202764909484,0.24891549641880834,0.29924947325060863,-0.2022131106980649,151.76733944897228,158.37426035152444,-0.20133304516380612,-0.22911537604326737
unrestricted,3,EOG|SLB|FANG,0.7700988593548395,0.5359877057263859,0.01067926536003621,0.010661882566514232,0.24891549641880834,0.25106736327114376,-0.00864496941048154,151.76733944897228,143.63244013026397,-0.20133304516380612,-0.1483609129252943
unrestricted,3,COP|OXY|VLO,0.8014064337904689,0.5352592000678342,0.010682193907783816,0.010670248934817633,0.24891549641880834,0.280660499452726,-0.1275332532150013,151.76733944897228,169.34571551456108,-0.20133304516380612,-0.1698383430274386
unrestricted,3,SU|SLB|EQNR,0.7711768061227504,0.5348809728122428,0.010684315401503799,0.010674590019332277,0.24891549641880834,0.25242150609100694,-0.014085140228873527,151.76733944897228,172.01360580715007,-0.20133304516380612,-0.22189516462948167
unrestricted,3,SU|OKE|E,0.7447164711626043,0.5347436699340427,0.01069393962689661,0.01067616546959194,0.24891549641880834,0.22033522919058735,0.11481915605661519,151.76733944897228,159.44742876172654,-0.20133304516380612,-0.17556863100021525
unrestricted,3,EOG|PSX|FANG,0.7770322419115849,0.5341566524223633,0.010700734661166106,0.010682898446790271,0.24891549641880834,0.25903564931846984,-0.04065698216970004,151.76733944897228,159.31601826805098,-0.20133304516380612,-0.1454950766979527
unrestricted,3,HAL|EOG|DVN,0.7878238195352802,0.5336594528827416,0.010705821973891836,0.010688597911759948,0.24891549641880834,0.26944855184640765,-0.08249006479312082,151.76733944897228,143.19083090035485,-0.20133304516380612,-0.1562584181306348
unrestricted,3,COP|SLB|DVN,0.7913118647263192,0.5335526724802122,0.010708987699943365,0.010689821553439631,0.24891549641880834,0.2727203058819994,-0.0956340999482761,151.76733944897228,153.8457883152781,-0.20133304516380612,-0.20592484653478227
unrestricted,3,COP|HAL|VLO,0.7939133794795904,0.532139858170259,0.01071573934271459,0.010705998421818583,0.24891549641880834,0.2752711351366044,-0.10588187194842957,151.76733944897228,172.09177686597613,-0.20133304516380612,-0.15857944841634697
unrestricted,3,SU|OXY|E,0.7613727941056131,0.5323996278800147,0.010715819660473047,0.010703025866563805,0.24891549641880834,0.24332091490692725,0.02247582650486335,151.76733944897228,168.34305470785858,-0.20133304516380612,-0.20548620881965163
unrestricted,3,COP|HAL|OXY,0.8070646097210612,0.5327344344626928,0.010718432894519268,0.010699193443191665,0.24891549641880834,0.2866183342658123,-0.1514684235792525,151.76733944897228,153.23059705050625,-0.20133304516380612,-0.2204924118327256
unrestricted,3,EOG|OKE|DVN,0.7674660044238837,0.5315636274748723,0.010719459002307145,0.010712589308723331,0.24891549641880834,0.25012435039426273,-0.004856483396358913,151.76733944897228,131.49148804224225,-0.20133304516380612,-0.15822643907315026
unrestricted,3,COP|DVN|CVE,0.8140669424296701,0.5319308605458064,0.010724360212224148,0.010708389391054876,0.24891549641880834,0.29254807554151946,-0.1752907301894049,151.76733944897228,163.47161252061372,-0.20133304516380612,-0.20077945750667914
unrestricted,3,PSX|EQNR|E,0.7708408541671575,0.5299556845464677,0.010725720533691757,0.010730959440531837,0.24891549641880834,0.2538996292490067,-0.020023393086834762,151.76733944897228,185.67799315454585,-0.20133304516380612,-0.15271842333971852
unrestricted,3,VLO|FANG|E,0.7591035988549786,0.5291292039191873,0.010734615773541076,0.010740389439633995,0.24891549641880834,0.2417033568481432,0.02897424898982781,151.76733944897228,186.11241616179382,-0.20133304516380612,-0.12880888428586623
unrestricted,3,EOG|VLO|OKE,0.7603867413545107,0.5311239945422359,0.01073693572038234,0.010717615074060093,0.24891549641880834,0.24327197579492274,0.022672435847024164,151.76733944897228,151.2232399762339,-0.20133304516380612,-0.12334370443899723
unrestricted,3,SU|OXY|PSX,0.7656928501395368,0.5289608251758839,0.010745652347788022,0.010742309596552974,0.24891549641880834,0.24945618564146207,-0.0021721798378675494,151.76733944897228,178.62485835399872,-0.20133304516380612,-0.1711231066146246
unrestricted,3,IMO|DVN|E,0.7595041407105324,0.5294553817994495,0.010748979450942366,0.0107366687965291,0.24891549641880834,0.2428862400343648,0.024222101360451775,151.76733944897228,169.08738786870936,-0.20133304516380612,-0.18650792043513464
unrestricted,3,VLO|DVN|E,0.7628534501935804,0.5274675313459591,0.010750685462952289,0.010759323819500509,0.24891549641880834,0.24665971678719226,0.009062431484059386,151.76733944897228,188.28668227274179,-0.20133304516380612,-0.12838459052071405
unrestricted,3,IMO|FANG|E,0.7553021054890299,0.5291892195813552,0.010752668497996578,0.010739704950247286,0.24891549641880834,0.2382427523915226,0.04287697704978766,151.76733944897228,168.23332990362337,-0.20133304516380612,-0.18198968993051035
unrestricted,3,EOG|IMO|CVE,0.7711448633683111,0.5296986364905771,0.010752906167290298,0.01073389320141791,0.24891549641880834,0.25537971005062887,-0.02596951063643016,151.76733944897228,155.4378695569,-0.20133304516380612,-0.15401309629446946
unrestricted,3,SU|PSX|FANG,0.7600933707714776,0.5276540175767697,0.010756679952732915,0.010757200511705116,0.24891549641880834,0.24392833034562034,0.020035578921116737,151.76733944897228,182.01613044946168,-0.20133304516380612,-0.15763726814736156
unrestricted,3,COP|HAL|FANG,0.8032153870424532,0.5289952101712434,0.010761064294942155,0.01074191750495367,0.24891549641880834,0.28476146704569877,-0.14400859385057507,151.76733944897228,154.72977170541583,-0.20133304516380612,-0.2091410553841866
unrestricted,3,OXY|FANG|E,0.7694719223889631,0.5283299263677068,0.010765766922675621,0.010749501187889277,0.24891549641880834,0.25425022620624815,-0.02143189099992382,151.76733944897228,163.08653137432088,-0.20133304516380612,-0.1893376346261344
unrestricted,3,COP|VLO|DVN,0.7978880949401639,0.5275707612884593,0.010768219568155228,0.01075814850868077,0.24891549641880834,0.2804983998521378,-0.12688202979612906,151.76733944897228,171.8754672121329,-0.20133304516380612,-0.16080853462362088
unrestricted,3,COP|HAL|SLB,0.7895219534759115,0.5273677664766027,0.010779670950392084,0.010760459557207488,0.24891549641880834,0.273631869502581,-0.09929624085029465,151.76733944897228,154.51792944597526,-0.20133304516380612,-0.2054597014144317
unrestricted,3,EOG|PSX|CVE,0.7785863817623838,0.5264239724812001,0.010782677825411821,0.010771197919431047,0.24891549641880834,0.2637982299999555,-0.0597903055264446,151.76733944897228,170.24457073378773,-0.20133304516380612,-0.1402028454870251
unrestricted,3,PSX|CVE|E,0.7612017905580465,0.5228617503386783,0.010789143013800684,0.01081163231041132,0.24891549641880834,0.24671157507412758,0.00885409456779096,151.76733944897228,197.69843804245633,-0.20133304516380612,-0.14972160161233306
unrestricted,3,SU|PSX|OKE,0.7446421244132105,0.5254291627347122,0.010797893065753995,0.010782505154938938,0.24891549641880834,0.22752652899413786,0.08592862932359524,151.76733944897228,164.7618431539751,-0.20133304516380612,-0.1394950529732103
unrestricted,3,EOG|SLB|DVN,0.7682964426927256,0.5250904997893393,0.010803747671532042,0.010786351771113553,0.24891549641880834,0.2547061303641581,-0.023263452973642407,151.76733944897228,143.1437580135976,-0.20133304516380612,-0.1501988772052547
unrestricted,3,PSX|EQNR|OKE,0.771248929319492,0.5249693439830737,0.010803896318156486,0.010787727555139896,0.24891549641880834,0.25762852956297966,-0.035003980344844976,151.76733944897228,163.4160575133389,-0.20133304516380612,-0.14168799764333706
unrestricted,3,EOG|PSX|DVN,0.7757595349338546,0.5245710821194152,0.010810336548296348,0.010792248779506521,0.24891549641880834,0.2622195079749453,-0.053447903997718704,151.76733944897228,159.2063679155537,-0.20133304516380612,-0.15021106719132993
unrestricted,3,EOG|SLB|VLO,0.7609407121894125,0.5239259807712615,0.010815248399160477,0.010799568206123045,0.24891549641880834,0.24766401518700248,0.005027735315041193,151.76733944897228,164.3293989194899,-0.20133304516380612,-0.1100202653214688
unrestricted,3,IMO|PSX|E,0.7442837691062111,0.5220014404329187,0.010820477269994263,0.010821374943103581,0.24891549641880834,0.22849090103196318,0.08205433442552779,151.76733944897228,182.52300900663565,-0.20133304516380612,-0.1420004504368424
unrestricted,3,EOG|IMO|VLO,0.7610001086721565,0.5232528736746646,0.010820656459714573,0.010807200105859786,0.24891549641880834,0.24797918071856323,0.003761580591470026,151.76733944897228,167.77738813296008,-0.20133304516380612,-0.12448094815574073
unrestricted,3,OXY|DVN|E,0.771668783287417,0.5228511386824128,0.0108279659252576,0.010811752536245169,0.24891549641880834,0.2590252621969982,-0.04061525266060517,151.76733944897228,163.42711873815742,-0.20133304516380612,-0.2067808862390147
unrestricted,3,SU|OXY|OKE,0.7527322202158014,0.5228797548662973,0.010830670933660002,0.010811428323234605,0.24891549641880834,0.23940349300185326,0.03821378561723143,151.76733944897228,148.66918145896548,-0.20133304516380612,-0.17452380994587202
unrestricted,3,SU|PSX|EQNR,0.773302855202567,0.5207313125337686,0.010831352027179185,0.010835742572082278,0.24891549641880834,0.26072582535888955,-0.04744714214260881,151.76733944897228,185.35352438657014,-0.20133304516380612,-0.1783576948215645
unrestricted,3,DVN|FANG|E,0.7652566330549102,0.5223825475165433,0.0108313699504329,0.01081706015498872,0.24891549641880834,0.25285089418217277,-0.015810175822653427,151.76733944897228,166.58047799685954,-0.20133304516380612,-0.18765850281889074
unrestricted,3,OXY|SLB|E,0.7530106996473426,0.5223154343418488,0.010834378360898109,0.010817820116484337,0.24891549641880834,0.23991505555838213,0.03615862005346049,151.76733944897228,162.80032646608126,-0.20133304516380612,-0.19561205928823255
unrestricted,3,HAL|PSX|E,0.7501584154589424,0.5176984691319201,0.010871135176342596,0.010869973145764274,0.24891549641880834,0.23858599258815508,0.04149803439024757,151.76733944897228,180.93508182403437,-0.20133304516380612,-0.1565266871213029
unrestricted,3,COP|OXY|FANG,0.8093652334957498,0.5192321577638419,0.010872216037858153,0.010852676467653408,0.24891549641880834,0.2932040400839962,-0.17792602028549864,151.76733944897228,150.65272773023176,-0.20133304516380612,-0.22334176156838015
unrestricted,3,OXY|IMO|E,0.7557353449803277,0.518325037301012,0.010878252325363607,0.010862910144528563,0.24891549641880834,0.24511255915809355,0.015278025335619172,151.76733944897228,165.128224097736,-0.20133304516380612,-0.1963237569991897
unrestricted,3,SU|OXY|SLB,0.7522577141417536,0.5177748035109135,0.01088496767621567,0.010869112910589068,0.24891549641880834,0.2416610099012616,0.02914437478549281,151.76733944897228,164.28627971764803,-0.20133304516380612,-0.21426315197194346
unrestricted,3,OXY|PSX|OKE,0.7577738455737283,0.5180373527736534,0.01088566142303546,0.010866153643703337,0.24891549641880834,0.24761830543772806,0.005211370926049952,151.76733944897228,153.627785617971,-0.20133304516380612,-0.14833458795602017
unrestricted,3,SLB|FANG|E,0.7462940584137518,0.5175656941919449,0.01088620501584054,0.010871469264502132,0.24891549641880834,0.23489440268660086,0.05632872976544834,151.76733944897228,166.12176944995952,-0.20133304516380612,-0.18476383183141132
unrestricted,3,OKE|CVE|E,0.7515902281298976,0.5168245351523111,0.010892089460145738,0.010879816924834085,0.24891549641880834,0.24128207596523008,0.03066671446093816,151.76733944897228,169.59187510250067,-0.20133304516380612,-0.1671246009712234
unrestricted,3,OXY|VLO|E,0.7586574210238007,0.5152042452877907,0.01089660574119406,0.010898043950210195,0.24891549641880834,0.24903874313163352,-0.0004951347529518202,151.76733944897228,183.2003188417567,-0.20133304516380612,-0.14321665803686856
unrestricted,3,SU|PSX|DVN,0.7575061729664201,0.5148004723611321,0.010900513770340447,0.010902581344783047,0.24891549641880834,0.24802783939767908,0.00356609786815254,151.76733944897228,183.7251447230326,-0.20133304516380612,-0.15876339096124426
unrestricted,3,SLB|EQNR|OKE,0.7575151140613573,0.5165249876301304,0.010902709116488735,0.01088318890611481,0.24891549641880834,0.24813843117488218,0.0031218034035884745,151.76733944897228,149.74813895821006,-0.20133304516380612,-0.17409736416203736
unrestricted,3,HAL|OXY|E,0.7616799761104043,0.5160867893805972,0.010903432940770293,0.010888119785787258,0.24891549641880834,0.252410535168833,-0.014041065342690118,151.76733944897228,165.26617424150447,-0.20133304516380612,-0.2006227686758577
unrestricted,3,SU|OKE|FANG,0.7446463381544504,0.5157896632490645,0.010911090153705642,0.010891461964087593,0.24891549641880834,0.23432606218815275,0.05861199660349148,151.76733944897228,151.0388355701192,-0.20133304516380612,-0.16760346149384153
unrestricted,3,COP|HAL|DVN,0.8001584237768612,0.5157491761401143,0.010911335352307363,0.010891917297809655,0.24891549641880834,0.28699505305050077,-0.15298186404442404,151.76733944897228,154.74556667191013,-0.20133304516380612,-0.2140077780560069
unrestricted,3,SU|EQNR|OKE,0.7593391828356569,0.5156224195882788,0.010912422756203083,0.010893342728057913,0.24891549641880834,0.25045026587007096,-0.00616582524327991,151.76733944897228,156.51832598852383,-0.20133304516380612,-0.1853831131731185
unrestricted,3,COP|DVN|FANG,0.8067476387432143,0.5150548447461353,0.010919375931233944,0.010899723057579856,0.24891549641880834,0.29253542538250427,-0.17523990909068998,151.76733944897228,152.16107390360682,-0.20133304516380612,-0.21380015494454407
unrestricted,3,HAL|FANG|E,0.7555257797815603,0.5143513103385106,0.010920932506284464,0.010907626581234784,0.24891549641880834,0.24691481240328855,0.008037603300332763,151.76733944897228,168.3143576489549,-0.20133304516380612,-0.1921221141902858
unrestricted,3,HAL|EOG|SLB,0.7611634291580152,0.514036839385661,0.0109288096055828,0.010911157504617018,0.24891549641880834,0.25300119539547994,-0.016414000074134627,151.76733944897228,143.15941370528006,-0.20133304516380612,-0.15027407776973678
unrestricted,3,HAL|SU|E,0.744575550406405,0.513163633623174,0.010929453841496834,0.010920955993732788,0.24891549641880834,0.23526434445440586,0.05484251547534824,151.76733944897228,174.10735499108253,-0.20133304516380612,-0.20900965438000219
unrestricted,3,EOG|OXY|FANG,0.7888429276625377,0.5133736220543251,0.010932935368897728,0.010918600457130976,0.24891549641880834,0.2783172852153653,-0.11811955952749331,151.76733944897228,138.01626708081614,-0.20133304516380612,-0.16249736467501386
unrestricted,3,HAL|DVN|E,0.7582387824803603,0.5125851821808274,0.010940111075593733,0.010927442123143,0.24891549641880834,0.25057390136920127,-0.00666252191708705,151.76733944897228,169.23049416960757,-0.20133304516380612,-0.1993070335879702
unrestricted,3,SLB|DVN|E,0.7477235657557226,0.5126960062133427,0.010940667999905417,0.010926199760372495,0.24891549641880834,0.23946484221402062,0.03796731959542887,151.76733944897228,166.71606233677187,-0.20133304516380612,-0.19641516841613627
unrestricted,3,PSX|OKE|FANG,0.7496448051089722,0.5117053038718249,0.010956439034256341,0.010937300752491386,0.24891549641880834,0.24237404013518613,0.02627982740221202,151.76733944897228,156.61713981653227,-0.20133304516380612,-0.13091239307005464
unrestricted,3,EQNR|OKE|E,0.754897737233592,0.5103284254078764,0.010972378200082988,0.010952710230576802,0.24891549641880834,0.24864042750655221,0.0011050694561551833,151.76733944897228,153.5912982469752,-0.20133304516380612,-0.16530864760027442
unrestricted,3,HAL|SU|OXY,0.7624339900334531,0.5091409829087772,0.010980523054384623,0.010965982226734769,0.24891549641880834,0.2564319170345053,-0.030196676076166495,151.76733944897228,166.7432948484193,-0.20133304516380612,-0.22227188733933212
unrestricted,3,HAL|OKE|E,0.7393207076288465,0.508656836623917,0.010990615977768198,0.010971388902462104,0.24891549641880834,0.23247957093008245,0.06603014165527044,151.76733944897228,156.50854057698706,-0.20133304516380612,-0.17305883371769648
unrestricted,3,VLO|OKE|E,0.734251068149401,0.5075405091880085,0.01099196381905384,0.010983845281831819,0.24891549641880834,0.22626499284470972,0.09099675954279851,151.76733944897228,174.698740528651,-0.20133304516380612,-0.10975648117410808
unrestricted,3,IMO|OKE|E,0.7300107164742362,0.5080820527683929,0.010997252247442697,0.010977804310761298,0.24891549641880834,0.22091205403586772,0.11250180396894183,151.76733944897228,155.50647567585145,-0.20133304516380612,-0.1585889500372455
unrestricted,3,SU|SLB|FANG,0.7422730237840073,0.5069057775093337,0.011004956033105657,0.010990921548653651,0.24891549641880834,0.2367057230760786,0.04905188113393477,151.76733944897228,167.56939927565693,-0.20133304516380612,-0.20752879625795928
unrestricted,3,PSX|EQNR|FANG,0.7893873397637194,0.5049585951185491,0.011015214659682384,0.011012601221200017,0.24891549641880834,0.2814971857868475,-0.13089458003538446,151.76733944897228,180.09212828517352,-0.20133304516380612,-0.15439575950198403
unrestricted,3,HAL|SU|FANG,0.7551751023670303,0.5055657397414401,0.011018118375174784,0.011005845934776881,0.24891549641880834,0.2509678535165229,-0.008245196169954117,151.76733944897228,169.9918587413395,-0.20133304516380612,-0.21550208235575807
unrestricted,3,SU|OKE|DVN,0.7426186457490229,0.5062301918233667,0.01101825619686342,0.010998448272079167,0.24891549641880834,0.23779861914019962,0.04466125025781531,151.76733944897228,150.74380839745396,-0.20133304516380612,-0.16870927778175815
unrestricted,3,COP|OXY|DVN,0.80725823768168,0.5060454471502757,0.01102029273833498,0.011000505622156499,0.24891549641880834,0.29592433764274295,-0.18885461893798983,151.76733944897228,150.35499058094132,-0.20133304516380612,-0.22954942651636112
unrestricted,3,SU|SLB|E,0.7297752982068031,0.5043303971481767,0.011029865829890947,0.011019586394891673,0.24891549641880834,0.22284053386287186,0.10475427577262808,151.76733944897228,172.43768579277685,-0.20133304516380612,-0.2045961876847595
unrestricted,3,HAL|SU|OKE,0.7371554025125228,0.5045265203261591,0.011037192345286684,0.011017406101692785,0.24891549641880834,0.23256057153127363,0.06570472759967105,151.76733944897228,153.5791972363359,-0.20133304516380612,-0.18042872649314778
unrestricted,3,EOG|EQNR|FANG,0.7992735112872617,0.5033942890556848,0.011049740954644166,0.011029987131723392,0.24891549641880834,0.2905549871129036,-0.16728364160998432,151.76733944897228,149.45956409225562,-0.20133304516380612,-0.1785840290438624
unrestricted,3,SU|OXY|FANG,0.7632137890803571,0.5027338616703703,0.011053183130243907,0.011037318989901231,0.24891549641880834,0.26011429607437486,-0.044990367480874704,151.76733944897228,164.89273746539232,-0.20133304516380612,-0.21054991357704278
unrestricted,3,SLB|EQNR|FANG,0.7802055087278708,0.5019460696970466,0.011062100814566366,0.011046058445057459,0.24891549641880834,0.27540875271079196,-0.1064347405972983,151.76733944897228,164.6205397596565,-0.20133304516380612,-0.207471079864603
unrestricted,3,EOG|VLO|EQNR,0.7845185641039051,0.5012746757841609,0.011066298710939648,0.01105350117193,0.24891549641880834,0.2791570965743844,-0.12149344090933423,151.76733944897228,169.4662584783796,-0.20133304516380612,-0.1379879125633987
unrestricted,3,EQNR|DVN|E,0.7779657647646817,0.5009882674397135,0.011069471851426291,0.01105667462275667,0.24891549641880834,0.2737657032665549,-0.09983390831535588,151.76733944897228,169.47684143703444,-0.20133304516380612,-0.20833096772889126
unrestricted,3,SU|SLB|OKE,0.7260757841426688,0.5015174300698808,0.01107073228417992,0.011050810701592178,0.24891549641880834,0.22061078754084762,0.11371212031868494,151.76733944897228,152.32033936464723,-0.20133304516380612,-0.1747397511032145
unrestricted,3,SLB|PSX|EQNR,0.766309163272199,0.4998702707656024,0.011071716489201506,0.011069053499593376,0.24891549641880834,0.2636577516966956,-0.059225944105476325,151.76733944897228,180.21785430062184,-0.20133304516380612,-0.16031773680386463
unrestricted,3,IMO|PSX|EQNR,0.7643484907207136,0.4990016225209163,0.011077862663350426,0.011078661949121596,0.24891549641880834,0.2621222960686569,-0.05305736219663748,151.76733944897228,183.22631984846987,-0.20133304516380612,-0.15897497853933995
unrestricted,3,IMO|PSX|FANG,0.7480872802892243,0.49909366011200806,0.011082796314991204,0.011077644280963205,0.24891549641880834,0.24677603889806754,0.008595115818506915,151.76733944897228,177.94591753031858,-0.20133304516380612,-0.137249150416359
unrestricted,3,PSX|OKE|DVN,0.7494646334676717,0.4999244680674968,0.011087821911326963,0.011068453726121986,0.24891549641880834,0.24839234999417548,0.0021017029158869605,151.76733944897228,156.67450422841668,-0.20133304516380612,-0.1412029975551986
unrestricted,3,EOG|OXY|CVE,0.7891921486866048,0.49969664132712066,0.011090850985470082,0.01107097474787474,0.24891549641880834,0.28378260388497045,-0.140076081914551,151.76733944897228,153.65515649127968,-0.20133304516380612,-0.15498938614414426
unrestricted,3,IMO|EQNR|OKE,0.7515351384672011,0.4992254158709849,0.011096138515707838,0.011076187282614457,0.24891549641880834,0.25081127866025993,-0.007616168011741031,151.76733944897228,152.7398228433817,-0.20133304516380612,-0.16920965688375444
unrestricted,3,HAL|SU|EQNR,0.7728726574858977,0.498176285494084,0.011096684720196839,0.011087783602658835,0.24891549641880834,0.2703640089306499,-0.08616784740373795,151.76733944897228,174.17902299897793,-0.20133304516380612,-0.22945800884091794
unrestricted,3,EOG|OXY|DVN,0.7877672846120333,0.4985604021520218,0.011097382919870193,0.011083539265878274,0.24891549641880834,0.28283803534993546,-0.13628134615633325,151.76733944897228,136.9827077219093,-0.20133304516380612,-0.17448212142856379
unrestricted,3,EOG|OXY|EQNR,0.8011892859212985,0.4973670551135072,0.01111621217956335,0.01109671996492497,0.24891549641880834,0.2940458559785064,-0.18130795474366446,151.76733944897228,147.3062074951301,-0.20133304516380612,-0.20117771874965906
unrestricted,3,HAL|SU|PSX,0.7438815020588269,0.49522676567943336,0.011118877715937042,0.011120320649496406,0.24891549641880834,0.2441658880738625,0.019081207933131172,151.76733944897228,183.88482871524258,-0.20133304516380612,-0.170034387880306
unrestricted,3,EQNR|FANG|E,0.7677547755557119,0.4957579026840899,0.011128148194423504,0.011114468548055843,0.24891549641880834,0.2670612725581538,-0.07289934295137113,151.76733944897228,168.47789603007737,-0.20133304516380612,-0.19606533411036153
unrestricted,3,SLB|PSX|E,0.7285065854167615,0.4947305347812836,0.011129483764841795,0.011125785371850461,0.24891549641880834,0.22757631588728783,0.08572861408201216,151.76733944897228,179.45060326260298,-0.20133304516380612,-0.14683450525153252
unrestricted,3,PSX|EQNR|DVN,0.7928599220329521,0.49443929163569,0.01113017247363772,0.011128991425400712,0.24891549641880834,0.2879534972401722,-0.15683234424136128,151.76733944897228,181.70208492213357,-0.20133304516380612,-0.17236640736252973
unrestricted,3,HAL|EOG|VLO,0.7621321625350602,0.4954863708241828,0.011132068686837795,0.011117460688296379,0.24891549641880834,0.2622200775338262,-0.05345019215932023,151.76733944897228,167.159618786946,-0.20133304516380612,-0.12010206383518796
unrestricted,3,IMO|OKE|FANG,0.7359885929941644,0.49566716156875723,0.011135145464135627,0.01111546855768296,0.24891549641880834,0.23657298434437646,0.04958514938605996,151.76733944897228,147.99689318553504,-0.20133304516380612,-0.1514511381407888
unrestricted,3,EOG|DVN|FANG,0.7813935629219694,0.49517706852846655,0.011136316939605878,0.01112086805832729,0.24891549641880834,0.27890550150816273,-0.12048267593149453,151.76733944897228,138.85781804715404,-0.20133304516380612,-0.14639398816089877
unrestricted,3,EOG|EQNR|DVN,0.8008278219348589,0.4951589151578034,0.011140914184965876,0.01112106800905506,0.24891549641880834,0.2944968878831991,-0.18311994279254762,151.76733944897228,148.91449357382243,-0.20133304516380612,-0.19000304384214717
unrestricted,3,EOG|FANG|CVE,0.782844521091395,0.4946358013741565,0.01114663753245599,0.011126828314507153,0.24891549641880834,0.28043492899472006,-0.1266270402180154,151.76733944897228,154.99026042683118,-0.20133304516380612,-0.14668204312244004
unrestricted,3,OXY|IMO|OKE,0.7406723478697922,0.4944902261953673,0.011147340064366247,0.011128430795839715,0.24891549641880834,0.2422076155878326,0.026948425981842106,151.76733944897228,145.14308732963477,-0.20133304516380612,-0.15900199824983574
unrestricted,3,EQNR|OKE|FANG,0.7711747499556115,0.4941913122057905,0.01115138424512647,0.0111317204968733,0.24891549641880834,0.27086075249225844,-0.08816347872744124,151.76733944897228,147.78578147086463,-0.20133304516380612,-0.16422181860205942
unrestricted,3,SU|VLO|E,0.731662115389027,0.4901596895389858,0.011162711531250223,0.011175995955092808,0.24891549641880834,0.23321271344062508,0.06308479465562411,151.76733944897228,192.9240762943597,-0.20133304516380612,-0.1551520735198234
unrestricted,3,DVN|CVE|E,0.7607564723776186,0.4909951465281822,0.011167190905030513,0.011166835349354864,0.24891549641880834,0.2623420101119226,-0.05394004747106518,151.76733944897228,182.52507644170575,-0.20133304516380612,-0.19236676208189296
unrestricted,3,FANG|CVE|E,0.754740858205825,0.490613227884073,0.011174514046290116,0.011171023937033987,0.24891549641880834,0.25716425270093307,-0.03313878163794959,151.76733944897228,179.7774511560494,-0.20133304516380612,-0.1881206456733142
unrestricted,3,HAL|SU|DVN,0.751399872891132,0.4910436847263585,0.011177883688926665,0.011166302907487479,0.24891549641880834,0.25418680389800635,-0.02117709646461252,151.76733944897228,171.35588659394742,-0.20133304516380612,-0.22080609737184576
unrestricted,3,OXY|IMO|PSX,0.7503294592829014,0.4904597828455699,0.011181031462809929,0.011172706361099422,0.24891549641880834,0.25330804526136713,-0.017646747212428204,151.76733944897228,175.05130263010656,-0.20133304516380612,-0.15172280931966098
unrestricted,3,SLB|EQNR|DVN,0.7823727070888837,0.490226924412819,0.01119121274181991,0.011175259017038513,0.24891549641880834,0.28150797429975577,-0.13093792210553867,151.76733944897228,165.24673588928053,-0.20133304516380612,-0.21450011233962007
unrestricted,3,OXY|SLB|EQNR,0.7803947623725006,0.4901800520175337,0.011193751117947386,0.011175772774181553,0.24891549641880834,0.27998838147998034,-0.12483306788136184,151.76733944897228,161.3547031777657,-0.20133304516380612,-0.21579440343752643
unrestricted,3,IMO|EQNR|FANG,0.7744210304678989,0.48943794595633083,0.011198368175288197,0.011183903676913153,0.24891549641880834,0.27523504171287183,-0.1057368692296281,151.76733944897228,167.5955252368543,-0.20133304516380612,-0.19969920313401657
unrestricted,3,SU|DVN|FANG,0.7544708406536821,0.4892198447114833,0.011199869420160387,0.011186292184690439,0.24891549641880834,0.2579412308791079,-0.03626023526118072,151.76733944897228,168.8538335695124,-0.20133304516380612,-0.2069364087993597
unrestricted,3,EOG|VLO|PSX,0.7582098461053701,0.48900043730927434,0.011204972182387163,0.011188694482205868,0.24891549641880834,0.26152516480312354,-0.05065843053459007,151.76733944897228,164.74470133629987,-0.20133304516380612,-0.14328805341117112
unrestricted,3,SU|SLB|DVN,0.736345933986246,0.48838983380383727,0.011209302986512501,0.011195377282847137,0.24891549641880834,0.2407244025899943,0.0329071269031489,151.76733944897228,168.40240028811868,-0.20133304516380612,-0.2134036410211414
unrestricted,3,OXY|CVE|E,0.7609518703360029,0.4875121333469279,0.011210792651309675,0.011204976365948657,0.24891549641880834,0.2641795703978647,-0.061322312988397076,151.76733944897228,177.6882236336068,-0.20133304516380612,-0.19807026587928633
unrestricted,3,EOG|VLO|FANG,0.7628926487501346,0.4883931392974066,0.011211134227353764,0.01119534111633811,0.24891549641880834,0.26589088860449495,-0.06819741008460545,151.76733944897228,165.58564718693097,-0.20133304516380612,-0.12647659642981401
unrestricted,3,EOG|OXY|VLO,0.7671412532205323,0.488044576635838,0.01121599574032777,0.01119915421361832,0.24891549641880834,0.26972829857389385,-0.08361392703356363,151.76733944897228,163.77375108644608,-0.20133304516380612,-0.13704080506284688
unrestricted,3,SU|SLB|PSX,0.7289206988320959,0.48655058262108,0.01121700439213505,0.01121548305778188,0.24891549641880834,0.23309586972226973,0.06355420584149396,151.76733944897228,181.66860081444148,-0.20133304516380612,-0.16442550348116425
unrestricted,3,PSX|OKE|CVE,0.7451178212297255,0.4866440625738828,0.01122426770339633,0.01121446205112045,0.24891549641880834,0.25019169643954436,-0.00512704126137975,151.76733944897228,173.5705024346021,-0.20133304516380612,-0.1271552579436419
unrestricted,3,EOG|EQNR|CVE,0.7972707676787587,0.48681658053190746,0.011230595840543221,0.011212577531508673,0.24891549641880834,0.2944140387320459,-0.1827871023212022,151.76733944897228,161.4308661051527,-0.20133304516380612,-0.17378415451939289
unrestricted,3,EQNR|OKE|DVN,0.7746315692356432,0.48682506998981,0.011232194595182286,0.011212484787769306,0.24891549641880834,0.27655938925017126,-0.11105733965574882,151.76733944897228,147.32097066811957,-0.20133304516380612,-0.1676734637111832
unrestricted,3,OXY|PSX|EQNR,0.7884796514763553,0.4855133692543031,0.011232803898837818,0.01122680547789625,0.24891549641880834,0.2876829175083092,-0.15574530974268241,151.76733944897228,177.57618282470534,-0.20133304516380612,-0.18784419359155335
unrestricted,3,SU|OXY|DVN,0.7597356488857321,0.48517113487809727,0.011246457102796715,0.01123053886939633,0.24891549641880834,0.26445799323667046,-0.06244085660183796,151.76733944897228,165.50668754323632,-0.20133304516380612,-0.21541687307229174
unrestricted,3,HAL|EQNR|OKE,0.7624948789740044,0.48553965653091713,0.011246756870651978,0.01122651866197791,0.24891549641880834,0.26686339720895086,-0.07210439305050187,151.76733944897228,151.20311236898166,-0.20133304516380612,-0.18145558502748715
unrestricted,3,SLB|OKE|E,0.7157825457968201,0.4853252737299354,0.011249048029348943,0.011228857541801095,0.24891549641880834,0.21908087941152818,0.11985841555273224,151.76733944897228,153.32193447508914,-0.20133304516380612,-0.16260222590434115
unrestricted,3,SU|EQNR|FANG,0.7739576650047608,0.48418484480971336,0.011252865923746629,0.011241291247278493,0.24891549641880834,0.27670433485395257,-0.11163964813339144,151.76733944897228,171.59741693652106,-0.20133304516380612,-0.21665778199371544
unrestricted,3,OXY|PSX|FANG,0.7673925997051199,0.48337485620955856,0.011259362934326056,0.011250113929139908,0.24891549641880834,0.271483377914195,-0.09066483131855918,151.76733944897228,174.29403499905686,-0.20133304516380612,-0.1561301355363479
unrestricted,3,EOG|DVN|CVE,0.7824370033367359,0.48390200901577274,0.011264379359618023,0.011244372781214174,0.24891549641880834,0.28391302021614967,-0.1406000200905808,151.76733944897228,155.09923336886874,-0.20133304516380612,-0.1465207805778327
unrestricted,3,OXY|EQNR|OKE,0.7721701787881512,0.48376656929954065,0.011264609637269328,0.011245848116114118,0.24891549641880834,0.2756348873898214,-0.10734322031142973,151.76733944897228,144.1713441538942,-0.20133304516380612,-0.1831769572065728
unrestricted,3,IMO|PSX|OKE,0.7243965566717671,0.4836078870187488,0.011265403058088978,0.011247576384383999,0.24891549641880834,0.23066419218802647,0.07332329442468077,151.76733944897228,162.0087174066768,-0.20133304516380612,-0.12779365033141765
unrestricted,3,IMO|PSX|DVN,0.7456626078911663,0.48200078811825864,0.011269253750708518,0.011265064960572023,0.24891549641880834,0.252644566058471,-0.014981267511719798,151.76733944897228,179.41659280813147,-0.20133304516380612,-0.13853879556794024
unrestricted,3,IMO|OKE|DVN,0.734295291478843,0.4830239322018286,0.011273775209825082,0.011253934169909803,0.24891549641880834,0.24174678787207324,0.02879976799304418,151.76733944897228,147.56266661243285,-0.20133304516380612,-0.15240867453191376
unrestricted,3,SU|EQNR|E,0.7458627164293523,0.4813072935722429,0.01127978838103623,0.011272603242414098,0.24891549641880834,0.25327625610928295,-0.017519036593597548,151.76733944897228,176.53218453378366,-0.20133304516380612,-0.21386969412065415
unrestricted,3,IMO|EQNR|DVN,0.7781207627387071,0.479186012749779,0.011309715684072682,0.011295630324006035,0.24891549641880834,0.2819399343995179,-0.13267329055779187,151.76733944897228,168.51036113192595,-0.20133304516380612,-0.20399782274302136
unrestricted,3,HAL|IMO|E,0.7293473767236756,0.4781361334008165,0.011318867998618249,0.011307009702076909,0.24891549641880834,0.2388643015055472,0.04037994844784465,151.76733944897228,171.45754525402478,-0.20133304516380612,-0.19852676067742658
unrestricted,3,SLB|IMO|EQNR,0.7460150751862695,0.47763024008753074,0.01132655818320337,0.011312488865674123,0.24891549641880834,0.25535757164224687,-0.025880571182276046,151.76733944897228,168.58860120588315,-0.20133304516380612,-0.2074874636169255
unrestricted,3,OXY|EQNR|E,0.7675011895624043,0.4769150766143617,0.01133664168793825,0.011320230040883644,0.24891549641880834,0.27426181062306976,-0.10182698373111898,151.76733944897228,165.00292521397162,-0.20133304516380612,-0.2234689246310706
unrestricted,3,EOG|VLO|DVN,0.7613247390403003,0.4755578630610786,0.011351049326978994,0.011334906449906984,0.24891549641880834,0.26964722879154684,-0.08328823504767535,151.76733944897228,165.5125426994468,-0.20133304516380612,-0.1317661973728811
unrestricted,3,SU|EQNR|DVN,0.7763118526018319,0.4749785702233028,0.011351994549864752,0.01134116492669198,0.24891549641880834,0.2818697195699129,-0.13239120755928369,151.76733944897228,172.7917462189118,-0.20133304516380612,-0.2261831682184281
unrestricted,3,OXY|IMO|FANG,0.7524433381495026,0.4749952672021436,0.011359756358569601,0.011340984586723312,0.24891549641880834,0.26239157560305687,-0.05413917324606654,151.76733944897228,160.22506183706687,-0.20133304516380612,-0.18944208630695825
unrestricted,3,EOG|VLO|CVE,0.7631113644686678,0.47348362715014103,0.011363385139158067,0.011357299833932822,0.24891549641880834,0.271571652935351,-0.09101946983012654,151.76733944897228,177.8838202010353,-0.20133304516380612,-0.12182674725219911
unrestricted,3,HAL|PSX|EQNR,0.7732102083885607,0.4724627084917199,0.011368982201147241,0.0113683054405136,0.24891549641880834,0.27995922914661175,-0.1247159504909705,151.76733944897228,182.8642895475522,-0.20133304516380612,-0.16743604760553765
unrestricted,3,SU|VLO|OKE,0.7209399525187794,0.4729635477930796,0.011376161455846629,0.011362907674067599,0.24891549641880834,0.23290961876706023,0.06430245558041792,151.76733944897228,169.86120813797802,-0.20133304516380612,-0.14246931731603296
unrestricted,3,OXY|OKE|FANG,0.7465830566540108,0.47255924599344745,0.011381153746729938,0.011367265212612589,0.24891549641880834,0.2580708155781679,-0.03678083241533292,151.76733944897228,136.27588374320547,-0.20133304516380612,-0.1571067935349627
unrestricted,3,SLB|EQNR|E,0.7373519532670383,0.47182074401649954,0.011388346401314253,0.011375220429690528,0.24891549641880834,0.24994909923240116,-0.004152424531471244,151.76733944897228,170.06898205129497,-0.20133304516380612,-0.2023891370171128
unrestricted,3,HAL|IMO|EQNR,0.761550705257296,0.4714844601439946,0.011391369197611825,0.011378841070267301,0.24891549641880834,0.27126299963419775,-0.08977947752111426,151.76733944897228,170.85010368243275,-0.20133304516380612,-0.21580304380096438
unrestricted,3,OXY|SLB|OKE,0.727552917152189,0.4700938549742617,0.011410554192780855,0.011393800971349302,0.24891549641880834,0.2415026930402432,0.029780401321791827,151.76733944897228,139.86536127317646,-0.20133304516380612,-0.1585571679086586
unrestricted,3,SU|OXY|EQNR,0.7733440365147561,0.4686971198143872,0.011422846601562927,0.011408807071668409,0.24891549641880834,0.28181478672000826,-0.13217051880870367,151.76733944897228,168.94790144157236,-0.20133304516380612,-0.22727818026997137
unrestricted,3,SU|IMO|FANG,0.7341780781340471,0.4685249132093168,0.011424635566839265,0.011410655840830732,0.24891549641880834,0.24854827140517316,0.0014752999267563238,151.76733944897228,169.03668384718634,-0.20133304516380612,-0.1990906054850219
unrestricted,3,OXY|OKE|CVE,0.7515971251302281,0.46901879480646536,0.011425903747363943,0.011405352842720158,0.24891549641880834,0.2641587103369694,-0.06123850920279339,151.76733944897228,152.61978381699225,-0.20133304516380612,-0.15914249291764215
unrestricted,3,SU|OKE|CVE,0.7251029917001081,0.4677716862292157,0.011438192844485712,0.01141873878863405,0.24891549641880834,0.24038275251151964,0.034279681378021065,151.76733944897228,158.7197390528439,-0.20133304516380612,-0.1716261325853673
unrestricted,3,HAL|CVE|E,0.7406436077310665,0.46593877738379064,0.011438403344696719,0.01143838404075997,0.24891549641880834,0.25506671255113994,-0.024712065824869178,151.76733944897228,183.63966312028379,-0.20133304516380612,-0.20440308412821562
unrestricted,3,IMO|EQNR|E,0.7390911798021566,0.4652277616625158,0.011456466935221322,0.011445995682867761,0.24891549641880834,0.2544102685843459,-0.022074849676263053,151.76733944897228,173.52814730468984,-0.20133304516380612,-0.19795164454750314
unrestricted,3,EQNR|OKE|CVE,0.7654259512470303,0.465636907048102,0.011458816057343326,0.011441616274158638,0.24891549641880834,0.2767244238008537,-0.11172035402430702,151.76733944897228,164.05577016426295,-0.20133304516380612,-0.17624662759514242
unrestricted,3,SU|VLO|FANG,0.735945805440332,0.4626249649936368,0.01146493254879702,0.011473816346959697,0.24891549641880834,0.25191308193374895,-0.012042582957137782,151.76733944897228,190.7608424255538,-0.20133304516380612,-0.15198729408553646
unrestricted,3,VLO|PSX|E,0.7215913672734868,0.46095604875471385,0.011474847992695644,0.011491619550185168,0.24891549641880834,0.23864154268917878,0.041274865877949596,151.76733944897228,196.3657485205941,-0.20133304516380612,-0.11658629678558241
unrestricted,3,SU|IMO|E,0.7155810318009611,0.46327318007463636,0.011475944380629618,0.011466894044512167,0.24891549641880834,0.23248139379650004,0.0660228184213063,151.76733944897228,175.1691718837605,-0.20133304516380612,-0.20097900421514525
unrestricted,3,SLB|CVE|E,0.7262294524665122,0.4621713882374764,0.0114794096366506,0.011478657620137252,0.24891549641880834,0.243431942707581,0.022029780347628813,151.76733944897228,183.13631057103765,-0.20133304516380612,-0.19788984014496058
unrestricted,3,IMO|VLO|E,0.7175376400481701,0.460681289677223,0.011484398231682496,0.01149454790559508,0.24891549641880834,0.23497908009869234,0.05598854438804213,151.76733944897228,191.75318321977295,-0.20133304516380612,-0.13956362485102403
unrestricted,3,HAL|OXY|OKE,0.7400251947685059,0.46294026028045,0.01148764157808184,0.011470449823784472,0.24891549641880834,0.25650520533560034,-0.030491106524047407,151.76733944897228,140.29041321748966,-0.20133304516380612,-0.16333085395500124
unrestricted,3,HAL|EQNR|E,0.7501327438663487,0.46219714796843736,0.011489850258994466,0.011478382727107902,0.24891549641880834,0.2652913306352867,-0.06578872931609481,151.76733944897228,172.4652527726942,-0.20133304516380612,-0.2103787571750797
unrestricted,3,SLB|VLO|E,0.7130265530042925,0.460520111016006,0.011490842216571586,0.01149626538489544,0.24891549641880834,0.23054333176169353,0.07380884244427688,151.76733944897228,188.22146239194842,-0.20133304516380612,-0.13797438628695646
unrestricted,3,SLB|EQNR|CVE,0.7724903663764922,0.46112867662749224,0.011491068921988395,0.01148977931741417,0.24891549641880834,0.28333307606120467,-0.1382701364019845,151.76733944897228,182.70441126819057,-0.20133304516380612,-0.22088278623190472
unrestricted,3,SU|CVE|E,0.7279757108882685,0.46076914974307737,0.011491789448968169,0.01149361158273905,0.24891549641880834,0.24566800428466298,0.013046564721231113,151.76733944897228,185.3458078104167,-0.20133304516380612,-0.20574014953954367
unrestricted,3,HAL|VLO|E,0.7269174548944084,0.4601026036614323,0.011493599218050361,0.01150071304565198,0.24891549641880834,0.24474258215005396,0.016764381200812473,151.76733944897228,189.52756035969932,-0.20133304516380612,-0.14853306561076374
unrestricted,3,IMO|DVN|FANG,0.7449697194851516,0.46175066767923645,0.011500622224381982,0.011483146376466634,0.24891549641880834,0.26131361362748967,-0.049808538990361306,151.76733944897228,163.69895156576982,-0.20133304516380612,-0.18403098285586006
unrestricted,3,SU|PSX|CVE,0.7336980916885072,0.45791003984478384,0.011509248794633421,0.011524042013570657,0.24891549641880834,0.2517301331597205,-0.011307599492224485,151.76733944897228,195.12912564251593,-0.20133304516380612,-0.163174888281861
unrestricted,3,SU|IMO|OKE,0.7112086779606149,0.46114049940993973,0.011510314443907425,0.011489653274423531,0.24891549641880834,0.2296408484184948,0.0774345039887887,151.76733944897228,153.33528124355743,-0.20133304516380612,-0.1683655270145269
unrestricted,3,SU|FANG|CVE,0.7430872283911538,0.45984168771452083,0.011512966514823744,0.011503491681929297,0.24891549641880834,0.26017008737432856,-0.0452145049924253,151.76733944897228,174.81895483233262,-0.20133304516380612,-0.2091116583672873
unrestricted,3,OXY|IMO|EQNR,0.7706216299102284,0.4601743008461465,0.01151692264565485,0.011499949385621187,0.24891549641880834,0.2827097946124949,-0.13576614827076328,151.76733944897228,164.69362268445195,-0.20133304516380612,-0.2135923270577984
unrestricted,3,PSX|DVN|FANG,0.7572989391879751,0.4579575772038187,0.011528573053395094,0.011523536715028404,0.24891549641880834,0.2725714984099641,-0.09503627669429537,151.76733944897228,179.3983276457315,-0.20133304516380612,-0.14855570397148166
unrestricted,3,SU|IMO|PSX,0.7203961176481959,0.4558610498327341,0.01154497994121061,0.011545800741857971,0.24891549641880834,0.24083318042663399,0.032470119813575615,151.76733944897228,184.6772660878726,-0.20133304516380612,-0.15939602178454237
unrestricted,3,OXY|PSX|DVN,0.7641395848612859,0.4561742464781915,0.011551227785671912,0.011542477485406976,0.24891549641880834,0.27877280127454,-0.11994956234261855,151.76733944897228,175.72094886877764,-0.20133304516380612,-0.16784801488904544
unrestricted,3,HAL|IMO|OKE,0.7165588250302805,0.4571411993050438,0.01155300072724543,0.011532211332312678,0.24891549641880834,0.23743197240376232,0.04613422699776237,151.76733944897228,151.19164511568775,-0.20133304516380612,-0.1676483693377654
unrestricted,3,HAL|IMO|FANG,0.7355130197092307,0.4562927074943438,0.011557595455568583,0.011541220273816391,0.24891549641880834,0.2553387139465604,-0.02580481175404503,151.76733944897228,165.8764333751373,-0.20133304516380612,-0.19735017358460105
unrestricted,3,VLO|CVE|E,0.7342785626816002,0.45139499655750515,0.011557815744060285,0.011593085345535842,0.24891549641880834,0.2542582901616991,-0.021464287357591205,151.76733944897228,208.2951629522492,-0.20133304516380612,-0.14739346569741718
unrestricted,3,SU|OXY|IMO,0.7355603195645314,0.45573855037362276,0.011563416093797584,0.01154710029480549,0.24891549641880834,0.25561450920079876,-0.026912799236569418,151.76733944897228,165.99603788728615,-0.20133304516380612,-0.20862901518463384
unrestricted,3,OKE|FANG|CVE,0.7399150902042909,0.45534345801048515,0.011571859444663058,0.011551290692177163,0.24891549641880834,0.25971966736479146,-0.04340497518806452,151.76733944897228,155.09001301279602,-0.20133304516380612,-0.14985825914705286
unrestricted,3,SU|OXY|VLO,0.7383960169147387,0.45276964659031105,0.01157483351192812,0.011578551727873813,0.24891549641880834,0.2585310974157272,-0.03862998140035567,151.76733944897228,187.14229260822228,-0.20133304516380612,-0.16038056106497367
unrestricted,3,VLO|OKE|FANG,0.7258949295039344,0.4533196535889118,0.011591157593787193,0.0115727316144625,0.24891549641880834,0.24811148616693296,0.003230053023788426,151.76733944897228,162.1323864578248,-0.20133304516380612,-0.11288160052218554
unrestricted,3,SU|IMO|DVN,0.7320375583735461,0.45201919642207167,0.011600031684346125,0.0115864881929269,0.24891549641880834,0.25399896174613185,-0.020422454208196106,151.76733944897228,170.19974274857495,-0.20133304516380612,-0.20518219718477004
unrestricted,3,OXY|OKE|DVN,0.743513473055756,0.4518798519683307,0.011601475087617719,0.011587961246575016,0.24891549641880834,0.2638785901280224,-0.06011314652759969,151.76733944897228,135.2961217386602,-0.20133304516380612,-0.15547413691966938
unrestricted,3,PSX|EQNR|CVE,0.7777317602321768,0.44835795118078003,0.011602532394750755,0.011625130379830904,0.24891549641880834,0.29075888667020355,-0.16810279333108435,151.76733944897228,200.66082625184478,-0.20133304516380612,-0.16585180819134493
unrestricted,3,OXY|PSX|CVE,0.763653611699546,0.44893361263051024,0.011607624694798781,0.01161906314273833,0.24891549641880834,0.28023607670665357,-0.125828165535935,151.76733944897228,193.09044831932286,-0.20133304516380612,-0.15078855697507176
unrestricted,3,HAL|OXY|IMO,0.7401357473966492,0.45123539304724547,0.011612864855716169,0.011594771588414527,0.24891549641880834,0.2614750689709225,-0.05045717415271844,151.76733944897228,162.9322659466526,-0.20133304516380612,-0.2055263512176877
unrestricted,3,VLO|EQNR|OKE,0.7446895680741632,0.45035367030876106,0.01161813250902827,0.011604082748741048,0.24891549641880834,0.2654671308974258,-0.06649499415162485,151.76733944897228,169.57529167067054,-0.20133304516380612,-0.13613044370696625
unrestricted,3,OXY|IMO|DVN,0.7487669163914652,0.45033273912021565,0.011623480155580198,0.011604303695301115,0.24891549641880834,0.2689932306513381,-0.08066084483044134,151.76733944897228,160.50723272220455,-0.20133304516380612,-0.19322501924070024
unrestricted,3,SU|OXY|CVE,0.7485601048293276,0.44946655338628927,0.011624976803544757,0.01161344333874717,0.24891549641880834,0.26887867412012606,-0.0802006222534617,151.76733944897228,172.8072385070028,-0.20133304516380612,-0.2200501500025649
unrestricted,3,OXY|VLO|OKE,0.7309152430371733,0.44970935657434474,0.011630695718863842,0.011610882102861588,0.24891549641880834,0.2542593504694753,-0.021468547067378108,151.76733944897228,158.738136809836,-0.20133304516380612,-0.13093074779189973
unrestricted,3,PSX|FANG|CVE,0.755272678264172,0.44597104943268784,0.011633349238837826,0.011650253639626091,0.24891549641880834,0.2745386633676018,-0.10293921960439811,151.76733944897228,196.99862130193526,-0.20133304516380612,-0.13312607696197498
unrestricted,3,HAL|OKE|FANG,0.7278462076598128,0.44819751678013475,0.01164567943176338,0.011626820728893029,0.24891549641880834,0.2521732408348704,-0.013087752522168428,151.76733944897228,142.71310838827105,-0.20133304516380612,-0.1539819784215074
unrestricted,3,SLB|OKE|CVE,0.7173553481778469,0.44809854249680503,0.011648267326336037,0.011627863406922935,0.24891549641880834,0.24272436067386777,0.02487243998069044,151.76733944897228,156.68178557524485,-0.20133304516380612,-0.16067644543642745
unrestricted,3,SU|DVN|CVE,0.7453337986677531,0.44655334397356417,0.011650686565778829,0.011644129715488413,0.24891549641880834,0.26717531184117804,-0.07335748752117466,151.76733944897228,178.28429099288573,-0.20133304516380612,-0.21648959155979475
unrestricted,3,SLB|OKE|FANG,0.7117767714646187,0.4468731053083843,0.011659392928087505,0.011640765452303829,0.24891549641880834,0.23790390831205788,0.04423825862662689,151.76733944897228,142.19037212853925,-0.20133304516380612,-0.14906980254121416
unrestricted,3,HAL|PSX|OKE,0.7195819814702581,0.44658515099206175,0.011663444534580928,0.011643795111993512,0.24891549641880834,0.24548040856287895,0.013800216962586154,151.76733944897228,159.42638006650392,-0.20133304516380612,-0.1266588339765744
unrestricted,3,SLB|VLO|EQNR,0.7489895610598695,0.44272189674204554,0.011678746685296969,0.011684365680449551,0.24891549641880834,0.27111209802427116,-0.08917324121964798,151.76733944897228,188.96867299145512,-0.20133304516380612,-0.165647208871742
unrestricted,3,SU|VLO|DVN,0.731857760140541,0.4421185938993878,0.011679059495505656,0.011690688649333356,0.24891549641880834,0.257004966762149,-0.03249886190183138,151.76733944897228,193.4635116537748,-0.20133304516380612,-0.15899683365508332
unrestricted,3,SU|SLB|VLO,0.709400383123837,0.44207787259574327,0.011684598612989566,0.011691115309363767,0.24891549641880834,0.23680829428582828,0.048639808718896727,151.76733944897228,189.681584471937,-0.20133304516380612,-0.1665291362210608
unrestricted,3,HAL|OKE|CVE,0.7312267890815543,0.4441459299488427,0.011689590827911524,0.011669427386850187,0.24891549641880834,0.2568801039604624,-0.031997234628788895,151.76733944897228,157.9355861141695,-0.20133304516380612,-0.16573551951993026
unrestricted,3,OKE|DVN|CVE,0.7401532462179482,0.4433818907261936,0.011698177185737237,0.011677444633656367,0.24891549641880834,0.26466799859086626,-0.063284537920266,151.76733944897228,155.49547001412367,-0.20133304516380612,-0.1511682765601816
unrestricted,3,IMO|VLO|FANG,0.7274659321095313,0.4411899466397351,0.01169905232492384,0.011700414741368704,0.24891549641880834,0.2540216621036604,-0.02051365125239446,151.76733944897228,185.6062024735112,-0.20133304516380612,-0.13856351570640024
unrestricted,3,OKE|DVN|FANG,0.7333980505986994,0.4427185494754199,0.01170042413914793,0.011684400771213325,0.24891549641880834,0.2591431124339306,-0.041088707462045626,151.76733944897228,137.95905765816988,-0.20133304516380612,-0.1473372445954475
unrestricted,3,SU|IMO|EQNR,0.7442629305331523,0.4419180420274168,0.01170266725007493,0.01169278979376327,0.24891549641880834,0.2681671165541934,-0.07734199120730345,151.76733944897228,174.95390141197132,-0.20133304516380612,-0.218451740362683
unrestricted,3,OXY|SLB|PSX,0.7319764171764978,0.44041259981708325,0.011721070247535699,0.01170854999172041,0.24891549641880834,0.25874211884122095,-0.03947774471171939,151.76733944897228,171.9037952346833,-0.20133304516380612,-0.15080715262687927
unrestricted,3,VLO|EQNR|E,0.7373478024063315,0.43757173665491766,0.011721773834629981,0.011738232825255473,0.24891549641880834,0.263235534221527,-0.05752971594273415,151.76733944897228,196.99749289657615,-0.20133304516380612,-0.14555838649482067
unrestricted,3,HAL|OXY|PSX,0.7486431040214173,0.43966213220333517,0.011725802849040024,0.011716398581145872,0.24891549641880834,0.27246262584032366,-0.09459888902174463,151.76733944897228,175.54610190508066,-0.20133304516380612,-0.15682102087131167
unrestricted,3,SLB|IMO|E,0.6984496285438769,0.4388494292188395,0.011739364052105641,0.011724892119179053,0.24891549641880834,0.2285852460990172,0.08167530994368,151.76733944897228,169.39016691631195,-0.20133304516380612,-0.1933353241729271
unrestricted,3,SU|VLO|EQNR,0.7466814876585617,0.43581179799840897,0.011743974649407293,0.011756583995706522,0.24891549641880834,0.2715420541589989,-0.09090055888734483,151.76733944897228,194.38147415013208,-0.20133304516380612,-0.1803086397615712
unrestricted,3,HAL|IMO|PSX,0.7197997806607893,0.43569425560266006,0.011762699707226905,0.0117578086092978,0.24891549641880834,0.24994868877323395,-0.004150775541460261,151.76733944897228,180.24522878570068,-0.20133304516380612,-0.1528461368120977
unrestricted,3,VLO|OKE|DVN,0.724949040792641,0.4368364035021909,0.011764596369006643,0.01174590375227938,0.24891549641880834,0.2544909086064368,-0.022398815131411842,151.76733944897228,162.31265076611467,-0.20133304516380612,-0.12292373912965093
unrestricted,3,IMO|CVE|E,0.7203906761074594,0.4342284279082764,0.011771563011344438,0.011773069612671536,0.24891549641880834,0.2508357096968025,-0.007714317933678938,151.76733944897228,185.95108818569815,-0.20133304516380612,-0.19443288589806051
unrestricted,3,HAL|SU|CVE,0.7275381267424685,0.43467826241371144,0.011774815997533933,0.011768388407127451,0.24891549641880834,0.257092397828191,-0.032850109884780876,151.76733944897228,178.78859318764273,-0.20133304516380612,-0.2267407852326777
unrestricted,3,HAL|PSX|FANG,0.739822024005996,0.43434773883230116,0.011777700309372273,0.011771828184199976,0.24891549641880834,0.2672762613471716,-0.07376304485868834,151.76733944897228,179.3443305959775,-0.20133304516380612,-0.1339416731774481
unrestricted,3,HAL|EQNR|FANG,0.7819119578851843,0.4353184122237803,0.011777851786804572,0.011761723471936238,0.24891549641880834,0.29893147741486764,-0.20093558543219747,151.76733944897228,167.06483466763652,-0.20133304516380612,-0.21653433004045963
unrestricted,3,IMO|OKE|CVE,0.7133883195936013,0.4337521776517017,0.011798257891565155,0.011778023686240247,0.24891549641880834,0.24577539350472224,0.012615136298315344,151.76733944897228,158.39904281841905,-0.20133304516380612,-0.15778467846096655
unrestricted,3,HAL|IMO|DVN,0.7303798566989097,0.43306100635508316,0.011801553113728118,0.011785209717647049,0.24891549641880834,0.2604862459935388,-0.04648464937378716,151.76733944897228,166.80589062417775,-0.20133304516380612,-0.2021062826504869
unrestricted,3,HAL|OKE|DVN,0.7263280610896183,0.43320592437659733,0.011802539084261784,0.011783703384118247,0.24891549641880834,0.2571568674508555,-0.03310911193002131,151.76733944897228,142.0365766395232,-0.20133304516380612,-0.1549927172646961
unrestricted,3,HAL|SU|IMO,0.7153173330478028,0.4323618477629838,0.011805069453724407,0.011792474336898952,0.24891549641880834,0.24778723829753574,0.004532695382589824,151.76733944897228,172.0759180730108,-0.20133304516380612,-0.21497224186243502
unrestricted,3,IMO|VLO|OKE,0.7010552376679501,0.43038157480987527,0.011829454081930054,0.011813026150148601,0.24891549641880834,0.23579314828633474,0.05271808433491354,151.76733944897228,166.76917861681042,-0.20133304516380612,-0.13066840418921577
unrestricted,3,SLB|PSX|FANG,0.7211173561554393,0.4289896365540904,0.011836926246513777,0.011827450692419013,0.24891549641880834,0.2541215584735095,-0.020914977691633085,151.76733944897228,175.8079132567517,-0.20133304516380612,-0.13907798022086237
unrestricted,3,SLB|OKE|DVN,0.7091009977658563,0.42970059104497094,0.011838852386626804,0.011820085328531894,0.24891549641880834,0.2437033032661671,0.02093960893407598,151.76733944897228,141.76391139148402,-0.20133304516380612,-0.15051303526290216
unrestricted,3,PSX|DVN|CVE,0.7553966018118,0.4255797142663146,0.011841278493806487,0.011862713323691371,0.24891549641880834,0.28146828138010244,-0.13077845867226756,151.76733944897228,200.7531236612556,-0.20133304516380612,-0.1434325757397018
unrestricted,3,OXY|SLB|IMO,0.7157039834426709,0.4294692558325768,0.01184205628420363,0.01182248242439841,0.24891549641880834,0.24968633536689094,-0.003096789710455239,151.76733944897228,160.58116204060846,-0.20133304516380612,-0.19789155027179595
unrestricted,3,SLB|IMO|FANG,0.7091143269563079,0.42832592449575824,0.011852549437571339,0.01183432249576899,0.24891549641880834,0.24432099592699097,0.018458073353886162,151.76733944897228,163.65583465932903,-0.20133304516380612,-0.19089808333727798
unrestricted,3,SLB|IMO|OKE,0.6909582292236048,0.42784353427868926,0.011860569687535464,0.011839314463970577,0.24891549641880834,0.2274098168251041,0.08639751201958201,151.76733944897228,149.76950977413682,-0.20133304516380612,-0.16113954570571354
unrestricted,3,HAL|SU|SLB,0.705820126682348,0.42604816402131174,0.011871263875453758,0.01185787521235957,0.24891549641880834,0.24218377736287758,0.027044194326111493,151.76733944897228,171.27667682850202,-0.20133304516380612,-0.22144356462004022
unrestricted,3,HAL|SU|VLO,0.7174180759604113,0.4237922228322325,0.011871416922814201,0.011881156289981496,0.24891549641880834,0.25236759811298726,-0.013868568826951089,151.76733944897228,192.71552707911283,-0.20133304516380612,-0.17391102381436163
unrestricted,3,SLB|PSX|OKE,0.6959161043938289,0.425215031010976,0.01188727872141551,0.011866478377435433,0.24891549641880834,0.2336990766020516,0.06113086583872063,151.76733944897228,156.88172003038713,-0.20133304516380612,-0.11337340578528343
unrestricted,3,IMO|FANG|CVE,0.7314873262055507,0.4231038696450936,0.011900790107282691,0.011888250944928664,0.24891549641880834,0.2650491641149758,-0.06481584283937902,151.76733944897228,172.4480635680269,-0.20133304516380612,-0.188702774388952
unrestricted,3,SU|SLB|CVE,0.7039246796154622,0.4212796385316717,0.011915796043181123,0.01190703231548965,0.24891549641880834,0.24246997785367022,0.025894404558458373,151.76733944897228,176.81666412359266,-0.20133304516380612,-0.2189242596861638
unrestricted,3,SU|VLO|PSX,0.7104008809322222,0.4190990232602547,0.011916409357899024,0.0119294440410234,0.24891549641880834,0.24820243089606472,0.0028646891535585306,151.76733944897228,195.26088701144903,-0.20133304516380612,-0.1509483179422395
unrestricted,3,HAL|EQNR|DVN,0.7861721276867215,0.4218946255273879,0.011916455764025762,0.011900704029029164,0.24891549641880834,0.30578266666346066,-0.22845974261470436,151.76733944897228,168.1292429355934,-0.20133304516380612,-0.22227414479703167
unrestricted,3,VLO|OKE|CVE,0.7204949903163506,0.4205789135297714,0.011919791266544438,0.011914238758958312,0.24891549641880834,0.25686191071681524,-0.031924144588558745,151.76733944897228,180.08632443404863,-0.20133304516380612,-0.13056878753152845
unrestricted,3,IMO|VLO|DVN,0.7241830885307472,0.4165453911429051,0.011952392383004166,0.01195563611753251,0.24891549641880834,0.2611029882279473,-0.04896236668460818,151.76733944897228,187.9440047559012,-0.20133304516380612,-0.1462342176372632
unrestricted,3,EQNR|CVE|E,0.7501101225120689,0.41341613089582385,0.011979132163571335,0.011987654261449009,0.24891549641880834,0.28192488907381,-0.1326128470501584,151.76733944897228,192.15655282592786,-0.20133304516380612,-0.208333350212205
unrestricted,3,HAL|OXY|EQNR,0.782364819661037,0.41578291654859345,0.011981738898050629,0.011963445544681829,0.24891549641880834,0.30494003429838296,-0.2250745280450983,151.76733944897228,164.05062670850324,-0.20133304516380612,-0.22793383502567177
unrestricted,3,OXY|IMO|VLO,0.7244106489448747,0.41374996720655277,0.011987138787071753,0.01198424257214277,0.24891549641880834,0.26257009877639487,-0.054856377180359406,151.76733944897228,182.7844412936434,-0.20133304516380612,-0.14517311026850854
unrestricted,3,IMO|VLO|EQNR,0.7379365324210846,0.4107221324266511,0.01200618572793485,0.012015150523205278,0.24891549641880834,0.2737185483641905,-0.09964446690635231,151.76733944897228,192.57778116784309,-0.20133304516380612,-0.16412896631366214
unrestricted,3,HAL|PSX|DVN,0.7368868407033229,0.40900460348710965,0.01203728795038828,0.012032647662401124,0.24891549641880834,0.27396965074244983,-0.1006532525459447,151.76733944897228,181.31773567205198,-0.20133304516380612,-0.1416210355447476
unrestricted,3,VLO|EQNR|FANG,0.7656474841668948,0.40762455797656183,0.012041815095608671,0.012046688312096467,0.24891549641880834,0.2950024559027376,-0.1851510257376121,151.76733944897228,189.53490203177918,-0.20133304516380612,-0.1465176626382556
unrestricted,3,IMO|PSX|CVE,0.7171599484114143,0.40687453590444767,0.01204251357683714,0.01205431221355018,0.24891549641880834,0.2588444568453938,-0.03988888024022286,151.76733944897228,194.79073253266702,-0.20133304516380612,-0.14680723621169323
unrestricted,3,SU|EQNR|CVE,0.7540363379835943,0.4043634285279609,0.012080704975336233,0.01207980235325239,0.24891549641880834,0.2879253346463033,-0.15671920305781084,151.76733944897228,184.85028955433978,-0.20133304516380612,-0.2290644762934162
unrestricted,3,OXY|SLB|CVE,0.7373360578976073,0.40451511440435783,0.012091718631101334,0.012078264123259698,0.24891549641880834,0.2761128517420251,-0.10926340751986108,151.76733944897228,171.89837941512428,-0.20133304516380612,-0.20947695484906814
unrestricted,3,OXY|SLB|FANG,0.7279228005441076,0.4024782914402285,0.01212059566892187,0.012098903005451215,0.24891549641880834,0.2700303206685949,-0.0848272789503639,151.76733944897228,154.12069068992324,-0.20133304516380612,-0.19641232069541037
unrestricted,3,SLB|PSX|DVN,0.7168945141995445,0.40108008007492923,0.012122133284477607,0.012113050557408751,0.24891549641880834,0.2615997860948962,-0.05095821617608798,151.76733944897228,177.105923553428,-0.20133304516380612,-0.13249177928263078
unrestricted,3,IMO|DVN|CVE,0.73264809698157,0.4007114568429049,0.01212748822554248,0.01211677765418418,0.24891549641880834,0.27381205154517096,-0.10002010917180248,151.76733944897228,175.32402957843902,-0.20133304516380612,-0.19513252907196899
unrestricted,3,HAL|SLB|E,0.6953674904556214,0.4006138392303048,0.012132629764732642,0.012117764459920468,0.24891549641880834,0.24446715606584607,0.017870885569445605,151.76733944897228,170.1425460836429,-0.20133304516380612,-0.19868438382489084
unrestricted,3,OXY|IMO|CVE,0.7343910550767396,0.39921351403550454,0.012145791162933817,0.012131911359395696,0.24891549641880834,0.27571254741171797,-0.10765521383137489,151.76733944897228,171.5189093674369,-0.20133304516380612,-0.2013627630391115
unrestricted,3,SLB|IMO|DVN,0.7017034466372096,0.39913510802494034,0.012151267409121286,0.012132702974852883,0.24891549641880834,0.25054319257157365,-0.006539151544131538,151.76733944897228,164.2074509943703,-0.20133304516380612,-0.19629662856012986
unrestricted,3,HAL|OXY|FANG,0.7552665445001723,0.3993850904085343,0.0121515755376325,0.01213017888202287,0.24891549641880834,0.2909279692410671,-0.16878207032788128,151.76733944897228,156.38132249758203,-0.20133304516380612,-0.2057904354659844
unrestricted,3,SU|SLB|IMO,0.6848827726767233,0.3979983521382606,0.012159347113368602,0.01214417427627043,0.24891549641880834,0.2365228600894631,0.0497865199541222,151.76733944897228,169.79875482655146,-0.20133304516380612,-0.20952145189709104
unrestricted,3,SLB|IMO|PSX,0.6899541412856574,0.39668915560838913,0.012165849006950388,0.012157372309996027,0.24891549641880834,0.24126570362704247,0.030732489145211095,151.76733944897228,177.88383270951647,-0.20133304516380612,-0.1470309732328796
unrestricted,3,HAL|PSX|CVE,0.7325522307531143,0.3927291022969488,0.01217912555533244,0.01219720674913755,0.24891549641880834,0.27545483627723477,-0.10661987799173889,151.76733944897228,199.68791265200042,-0.20133304516380612,-0.15131287448895803
unrestricted,3,SLB|VLO|OKE,0.6819026966453977,0.39449038548965876,0.012199155798308893,0.012179505971208844,0.24891549641880834,0.23572042679508334,0.05301023766525115,151.76733944897228,162.11447881924357,-0.20133304516380612,-0.11634357899526904
unrestricted,3,HAL|EQNR|CVE,0.7758480259786854,0.39027953268890003,0.012222281928020393,0.012221782138636214,0.24891549641880834,0.3070567746341989,-0.23357837921655955,151.76733944897228,185.639192158046,-0.20133304516380612,-0.2304861502717217
unrestricted,3,SLB|PSX|CVE,0.7129083861949048,0.3869487195620317,0.012241347759596906,0.012255119569314096,0.24891549641880834,0.26285492914546654,-0.05600066258311487,151.76733944897228,196.88121580341155,-0.20133304516380612,-0.14444272642244949
unrestricted,3,VLO|PSX|FANG,0.7260626979935204,0.38727130403716414,0.012248090595166315,0.012251894854163765,0.24891549641880834,0.27296567197228344,-0.09661984046589822,151.76733944897228,189.33146261201014,-0.20133304516380612,-0.13601521604824474
unrestricted,3,VLO|EQNR|DVN,0.7688726448659338,0.3864859502425416,0.012252401433479632,0.012259744160817794,0.24891549641880834,0.3031859707517026,-0.21802770463749055,151.76733944897228,192.14263865455854,-0.20133304516380612,-0.1577123824485933
unrestricted,3,HAL|OXY|CVE,0.7604380390264529,0.38775390952810507,0.012257243811225173,0.01224706890385781,0.24891549641880834,0.29759133164775137,-0.1955516467606515,151.76733944897228,176.32706718898467,-0.20133304516380612,-0.2205919085043062
unrestricted,3,HAL|SLB|EQNR,0.7461791609036476,0.38773288132441375,0.012263540604889376,0.012247279220960902,0.24891549641880834,0.28790291110704114,-0.15662911811097224,151.76733944897228,168.55418078711185,-0.20133304516380612,-0.22337893507995532
unrestricted,3,SLB|VLO|FANG,0.7061634341449219,0.385680258431363,0.012269664496750106,0.01226779151906471,0.24891549641880834,0.25869178706282475,-0.03927554043307735,151.76733944897228,184.57419058248493,-0.20133304516380612,-0.12853781331560865
unrestricted,3,IMO|EQNR|CVE,0.7506787936454904,0.38411111334620385,0.012284667353098638,0.012283449218711582,0.24891549641880834,0.2916705368734783,-0.1717652820728095,151.76733944897228,185.2023454898388,-0.20133304516380612,-0.21456041392252045
unrestricted,3,OXY|VLO|FANG,0.7409877669315572,0.3831428225603095,0.012294593034488422,0.012293101348954555,0.24891549641880834,0.28520041712612226,-0.1457720440444712,151.76733944897228,184.99078233469558,-0.20133304516380612,-0.13225601466093095
unrestricted,3,HAL|VLO|OKE,0.695300775853732,0.38328832552913994,0.01231008504100712,0.012291651428050701,0.24891549641880834,0.25169886312352274,-0.011181974383914328,151.76733944897228,165.08952709893046,-0.20133304516380612,-0.1255839211324391
unrestricted,3,SLB|FANG|CVE,0.7213698617028433,0.3820989291823682,0.012314569220077953,0.012303498620020241,0.24891549641880834,0.2717467388723142,-0.0917228649159374,151.76733944897228,175.49172130782014,-0.20133304516380612,-0.19847162595466594
unrestricted,3,HAL|FANG|CVE,0.7490643602570597,0.3806390018854149,0.012325097954288938,0.012318024906610476,0.24891549641880834,0.29174804773042884,-0.17207667633337453,151.76733944897228,179.8162471388749,-0.20133304516380612,-0.20920985489248323
unrestricted,3,OXY|SLB|VLO,0.7114719635112372,0.3793283203491815,0.012337897554893456,0.012331051619168195,0.24891549641880834,0.26521328480342327,-0.06547518583251799,151.76733944897228,180.08386996174838,-0.20133304516380612,-0.1352004650497679
unrestricted,3,OXY|EQNR|FANG,0.7841820425469762,0.379907185992267,0.012345689398828618,0.012325300037902087,0.24891549641880834,0.3158227201180863,-0.2687949310584683,151.76733944897228,161.01123817202588,-0.20133304516380612,-0.22308898896373408
unrestricted,3,OXY|FANG|CVE,0.7693661907496563,0.377448831654867,0.012360488033289492,0.012349707660847772,0.24891549641880834,0.30647259776899244,-0.2312314909206874,151.76733944897228,175.9654816280928,-0.20133304516380612,-0.20218223232583699
unrestricted,3,SU|IMO|VLO,0.6896959568947261,0.3751649356295498,0.01236280168370875,0.01237234003898347,0.24891549641880834,0.2493234368276258,-0.0016388710814978502,151.76733944897228,194.17680195356152,-0.20133304516380612,-0.16357907643569336
unrestricted,3,EQNR|DVN|FANG,0.7848699920645418,0.3749945417533701,0.012392816511302078,0.012374026905959058,0.24891549641880834,0.317479805558688,-0.27545215194042405,151.76733944897228,164.74371695425944,-0.20133304516380612,-0.21694762074291918
unrestricted,3,OXY|DVN|FANG,0.7689674296963516,0.37437113764673524,0.012402518753343103,0.01238019652934558,0.24891549641880834,0.30734464335472117,-0.2347348709764696,151.76733944897228,151.3196584714726,-0.20133304516380612,-0.2042123610102915
unrestricted,3,HAL|VLO|EQNR,0.7474040353343179,0.3699186029108852,0.012416987024278759,0.01242417270216137,0.24891549641880834,0.2933059031435666,-0.1783352477584199,151.76733944897228,192.55416588349144,-0.20133304516380612,-0.17488013195497132
unrestricted,3,HAL|IMO|VLO,0.6944613890276345,0.3623229616846564,0.012497493305094252,0.012498835161359415,0.24891549641880834,0.2581946437512011,-0.03727830314260672,151.76733944897228,188.07737833928806,-0.20133304516380612,-0.1597767959690597
unrestricted,3,VLO|DVN|FANG,0.7332120604782468,0.36173445146221206,0.012498717467360244,0.012504601399960898,0.24891549641880834,0.28603131588493885,-0.1491101196997473,151.76733944897228,191.7973522550192,-0.20133304516380612,-0.12236321527020555
unrestricted,3,VLO|PSX|OKE,0.6807302752137112,0.3637284142946856,0.012503421978056104,0.012485053725488731,0.24891549641880834,0.24785995524329082,0.0042405603134548775,151.76733944897228,165.95658655809015,-0.20133304516380612,-0.12995870664849307
unrestricted,3,OXY|VLO|EQNR,0.76016879391174,0.3614259134126355,0.012506850457156556,0.012507623401689318,0.24891549641880834,0.30438123491209074,-0.22282959193492524,151.76733944897228,187.62253421215794,-0.20133304516380612,-0.17093061785907093
unrestricted,3,SU|VLO|CVE,0.7006941910203065,0.35814734566001816,0.012510310410062746,0.012539690621164015,0.24891549641880834,0.26330220559930523,-0.05779756337986597,151.76733944897228,208.34382034700351,-0.20133304516380612,-0.16793210582485707
unrestricted,3,HAL|DVN|CVE,0.7524165434923498,0.3597492876386519,0.012526911731954455,0.012524032505394848,0.24891549641880834,0.2998165715654325,-0.20449138715325899,151.76733944897228,184.45654874880663,-0.20133304516380612,-0.21790304376352476
unrestricted,3,EQNR|FANG|CVE,0.7779617997059215,0.35884374825479093,0.012537981158676614,0.012532886066391987,0.24891549641880834,0.3167515131685643,-0.2725262899486969,151.76733944897228,182.41372214404018,-0.20133304516380612,-0.21377369466504914
unrestricted,3,HAL|IMO|CVE,0.7024562610041494,0.35885087970616336,0.012543712318398069,0.012532816365819132,0.24891549641880834,0.2657656896990236,-0.06769443253892171,151.76733944897228,176.4020622784425,-0.20133304516380612,-0.20864592987909203
unrestricted,3,HAL|OXY|DVN,0.7515657817982682,0.35977128723473273,0.012545919363389793,0.01252381733497961,0.24891549641880834,0.2997860280122389,-0.20436868063786306,151.76733944897228,156.47915581377669,-0.20133304516380612,-0.2174053130719089
unrestricted,3,OXY|VLO|PSX,0.72661044346766,0.35726905731710046,0.012550085345535682,0.01254826712154094,0.24891549641880834,0.28306170648666756,-0.13717992876750085,151.76733944897228,185.48914017007291,-0.20133304516380612,-0.1635350535627369
unrestricted,3,VLO|PSX|DVN,0.7274505952481274,0.35589294874333954,0.012555278848030624,0.012561693070086078,0.24891549641880834,0.2838005321539234,-0.1401481074381159,151.76733944897228,192.39853497199556,-0.20133304516380612,-0.1536847969800238
unrestricted,3,HAL|DVN|FANG,0.7410810972143015,0.35859978155454064,0.012556266825821562,0.012535270287120039,0.24891549641880834,0.2930910122058259,-0.17747193896152957,151.76733944897228,160.47646551769284,-0.20133304516380612,-0.20287081196935552
unrestricted,3,VLO|PSX|EQNR,0.7432687955836748,0.3540319018284298,0.01256599265253318,0.012579827507320394,0.24891549641880834,0.2948384484175761,-0.1844921375304851,151.76733944897228,198.02643910237902,-0.20133304516380612,-0.15019474375673658
unrestricted,3,OXY|SLB|DVN,0.7184406434381025,0.3555990296549769,0.012587101063819776,0.012564558820637083,0.24891549641880834,0.27856693118655046,-0.1191224941570237,151.76733944897228,154.07063573435153,-0.20133304516380612,-0.20529455269915042
unrestricted,3,SLB|DVN|CVE,0.7192790859178307,0.35166365516438836,0.012612394834995237,0.012602866476729325,0.24891549641880834,0.2799484048004665,-0.12467246446337876,151.76733944897228,178.13060758927855,-0.20133304516380612,-0.20472145192986857
unrestricted,3,SLB|VLO|DVN,0.7008883028808607,0.34988555013761835,0.012620893583323264,0.012620136738342695,0.24891549641880834,0.26729710241504306,-0.07384677234119286,151.76733944897228,186.6515081124395,-0.20133304516380612,-0.12911812183506632
unrestricted,3,OXY|EQNR|DVN,0.7885679548262129,0.3503183291056938,0.01263672870839557,0.012615935448075934,0.24891549641880834,0.32594278698833423,-0.3094515676112226,151.76733944897228,161.43334197756388,-0.20133304516380612,-0.25045077526392034
unrestricted,3,DVN|FANG|CVE,0.7611076811644659,0.3473099252453379,0.012649995129282889,0.012645111269837932,0.24891549641880834,0.3088608092953433,-0.24082595796155282,151.76733944897228,182.96003345070483,-0.20133304516380612,-0.1955079097252882
unrestricted,3,IMO|VLO|PSX,0.6816296536204303,0.34592680333656123,0.012653171082266493,0.012658502368655141,0.24891549641880834,0.2543691768482969,-0.02190976659931443,151.76733944897228,191.85431474222776,-0.20133304516380612,-0.13565614419258154
unrestricted,3,SLB|IMO|VLO,0.6689899658002306,0.3453169125386786,0.01266728916219908,0.012664402706176579,0.24891549641880834,0.24530404897653388,0.01450872884265142,151.76733944897228,184.88315439092526,-0.20133304516380612,-0.15076280650075646
unrestricted,3,VLO|FANG|CVE,0.7291909403536365,0.34054533948958254,0.012675830963312066,0.012710470350020089,0.24891549641880834,0.28863472458034417,-0.15956912579965277,151.76733944897228,212.28955790944525,-0.20133304516380612,-0.13445383134358957
unrestricted,3,SU|IMO|CVE,0.6861027852566092,0.34367672804208316,0.012686416983019035,0.0126802569138042,0.24891549641880834,0.2589043713300171,-0.04012958234790709,151.76733944897228,181.8326873875285,-0.20133304516380612,-0.21265898159166374
unrestricted,3,HAL|VLO|FANG,0.7144105509023202,0.3426820013805375,0.012687159765124637,0.012689862404387981,0.24891549641880834,0.27895528205390296,-0.12068266567281816,151.76733944897228,189.8176632973975,-0.20133304516380612,-0.1317198648161394
unrestricted,3,OXY|DVN|CVE,0.7714165779271497,0.3425002677360658,0.012699721187908141,0.01269161651394233,0.24891549641880834,0.31673765461022,-0.2724706141930944,151.76733944897228,179.90775078841492,-0.20133304516380612,-0.20931448955006815
unrestricted,3,EQNR|DVN|CVE,0.7842369857200615,0.3389693394216423,0.012727721245169589,0.01272564936793076,0.24891549641880834,0.32547860877376866,-0.30758676521344586,151.76733944897228,185.81132248217233,-0.20133304516380612,-0.21988862971158207
unrestricted,3,OXY|VLO|DVN,0.7366870405732961,0.33803644466615457,0.012734505654884728,0.012734625884956871,0.24891549641880834,0.2953233038595334,-0.18644000919349146,151.76733944897228,187.77264375967079,-0.20133304516380612,-0.14542329221755224
unrestricted,3,SLB|DVN|FANG,0.7051873540893693,0.34022844053289325,0.012735676813743197,0.012713523972389727,0.24891549641880834,0.2741542725335566,-0.10139495723594183,151.76733944897228,157.80184714672535,-0.20133304516380612,-0.19189156388631856
unrestricted,3,OXY|EQNR|CVE,0.7796573091097669,0.33104793619192807,0.012808505235858957,0.012801670651855042,0.24891549641880834,0.32463040607209603,-0.30417917221953483,151.76733944897228,181.53699661729493,-0.20133304516380612,-0.22432238456980447
unrestricted,3,HAL|OXY|VLO,0.718565230804351,0.3274838063500465,0.012838447398904907,0.01283572855084532,0.24891549641880834,0.28642029656694346,-0.150672821450345,151.76733944897228,185.56641913978314,-0.20133304516380612,-0.14401948859492153
unrestricted,3,OXY|VLO|CVE,0.7341045857264962,0.3232184886081061,0.012848413465452634,0.012876368409980682,0.24891549641880834,0.296887472494209,-0.1927239435293584,151.76733944897228,208.6989490357868,-0.20133304516380612,-0.14381976830893584
unrestricted,3,VLO|EQNR|CVE,0.7501179009706541,0.32221995227342637,0.012848554867045269,0.012885863928428685,0.24891549641880834,0.30715450276290185,-0.23397099490384687,151.76733944897228,214.6261449201093,-0.20133304516380612,-0.17471894763439988
unrestricted,3,SLB|VLO|CVE,0.6919145702156362,0.31758830083970113,0.012899287718732142,0.012929817136899616,0.24891549641880834,0.27038292191419433,-0.0862438289469385,151.76733944897228,210.55801890674428,-0.20133304516380612,-0.15277921876635758
unrestricted,3,HAL|SLB|OKE,0.6578615162431851,0.3201448946010441,0.012926646381041866,0.012905574213895401,0.24891549641880834,0.2472055771819439,0.006869476836377619,151.76733944897228,142.04351597743528,-0.20133304516380612,-0.1552070155880675
unrestricted,3,VLO|DVN|CVE,0.7286268120936756,0.3052333930101965,0.013003612088937593,0.01304633779953362,0.24891549641880834,0.29775617059169207,-0.19621387529327516,151.76733944897228,218.56318919800316,-0.20133304516380612,-0.14412089128422956
unrestricted,3,IMO|VLO|CVE,0.6865515699700421,0.30438509837229655,0.01302794015612688,0.013054300014589963,0.24891549641880834,0.2709776130852563,-0.0886329577059668,151.76733944897228,208.32098678999427,-0.20133304516380612,-0.15652868719635826
unrestricted,3,SLB|IMO|CVE,0.663712721317053,0.30845113926964896,0.013029774645378535,0.01301609129409123,0.24891549641880834,0.25530939062589675,-0.0256870074345652,151.76733944897228,174.60754675513598,-0.20133304516380612,-0.20235880135304452
unrestricted,3,HAL|VLO|DVN,0.7096556891345561,0.3016895740846953,0.013074252181971375,0.013079568420852752,0.24891549641880834,0.2876405745724398,-0.1555752000609687,151.76733944897228,193.20112935403458,-0.20133304516380612,-0.1399734590466266
unrestricted,3,HAL|SLB|IMO,0.6590229440967766,0.3007101281512563,0.013107828849063353,0.013088737868071543,0.24891549641880834,0.25485929016675374,-0.023878761400796034,151.76733944897228,166.9698529322805,-0.20133304516380612,-0.20409940913519753
unrestricted,3,VLO|PSX|CVE,0.7059583258552644,0.2817455846316348,0.013214688940237727,0.013265032036127864,0.24891549641880834,0.2894176134854327,-0.16271432534066999,151.76733944897228,224.00552826422745,-0.20133304516380612,-0.1359757068933779
unrestricted,3,HAL|SLB|FANG,0.6854564224720354,0.28686762984840053,0.013240233163979953,0.013217649341568606,0.24891549641880834,0.27705877704289006,-0.11306359398665067,151.76733944897228,159.63702761699182,-0.20133304516380612,-0.1957730550842448
unrestricted,3,HAL|OXY|SLB,0.6954680770360412,0.28630334807775903,0.01324646182770984,0.013222877686296862,0.24891549641880834,0.28368961487924266,-0.13970250531098216,151.76733944897228,155.3195207344185,-0.20133304516380612,-0.20987633769656266
unrestricted,3,HAL|VLO|CVE,0.7024642343415153,0.272562863897324,0.01331424072621652,0.013349557954597979,0.24891549641880834,0.29012291189536243,-0.1655478106803816,151.76733944897228,215.2321807588806,-0.20133304516380612,-0.16112167639650532
unrestricted,3,HAL|SLB|PSX,0.6585070495731248,0.24722306474229805,0.013588559567954496,0.013580079205881989,0.24891549641880834,0.2708703333246826,-0.08820196902861577,151.76733944897228,182.26291843753773,-0.20133304516380612,-0.1375275136763272
unrestricted,3,HAL|SLB|DVN,0.6793692703754062,0.23175924501084466,0.013742212029522726,0.013718853622495066,0.24891549641880834,0.28838484868963454,-0.1585652674850655,151.76733944897228,160.2033281233405,-0.20133304516380612,-0.20877829627676248
unrestricted,3,HAL|SLB|CVE,0.6789115867230019,0.22954379309302497,0.013742469341541967,0.013738620589914806,0.24891549641880834,0.2881168356704666,-0.15748854456895978,151.76733944897228,187.3334193932503,-0.20133304516380612,-0.21717834347893794
unrestricted,3,HAL|VLO|PSX,0.6673023893616274,0.2184789699329983,0.01383281992103524,0.013836921766575968,0.24891549641880834,0.2837893696350173,-0.14010326282592112,151.76733944897228,194.66463952610619,-0.20133304516380612,-0.13141331642921272
unrestricted,3,SLB|VLO|PSX,0.6251823258003211,0.17944403885817894,0.014180002388562396,0.014178270356871147,0.24891549641880834,0.26931965905574595,-0.08197224733090525,151.76733944897228,190.68210143043237,-0.20133304516380612,-0.12985342263690502
unrestricted,3,HAL|SLB|VLO,0.6255039400236607,0.1284514262550862,0.01461103624049278,0.014612177839676211,0.24891549641880834,0.2825060834254459,-0.1349477533135195,151.76733944897228,194.64917177783818,-0.20133304516380612,-0.1436727479364024
unrestricted,4,COP|PSX|OKE|E,0.8293880441804853,0.6731772042392763,0.008962017587057914,0.008947986523769009,0.24891549641880834,0.23647646271504724,0.04997291804939308,151.76733944897228,160.17494799242849,-0.20133304516380612,-0.15964417501624084
unrestricted,4,COP|EOG|OKE|E,0.8277770135884512,0.6679700547023639,0.00903486154463751,0.009018987352082238,0.24891549641880834,0.23870666796263737,0.041013229803074536,151.76733944897228,148.26869222399364,-0.20133304516380612,-0.1656513266492201
unrestricted,4,COP|SU|OKE|E,0.8241739684142492,0.6664634408479496,0.00905521775804149,0.00903942639988501,0.24891549641880834,0.23326905834534148,0.0628584330769878,151.76733944897228,155.87181356827716,-0.20133304516380612,-0.17733154403906315
unrestricted,4,COP|IMO|OKE|E,0.8241168629471749,0.6656609898161929,0.009066437702856653,0.009050293783369733,0.24891549641880834,0.23405094751544236,0.05971724989896121,151.76733944897228,154.17648429495944,-0.20133304516380612,-0.1710966757671344
unrestricted,4,COP|EOG|PSX|E,0.8284690880405494,0.6653726486196931,0.00906677659159707,0.009054195526904335,0.24891549641880834,0.24204181887193846,0.027614502294002197,151.76733944897228,163.15419633896494,-0.20133304516380612,-0.16093066077945073
unrestricted,4,COP|SU|PSX|E,0.8253612804134878,0.6639562493458124,0.009079312366184502,0.009073337437954729,0.24891549641880834,0.23741640624505006,0.046196762914313294,151.76733944897228,171.21278807854299,-0.20133304516380612,-0.17475364426374884
unrestricted,4,COP|IMO|PSX|E,0.8244398225050391,0.6613996123886001,0.009115592327705304,0.009107787231188647,0.24891549641880834,0.23829626035563134,0.04266201267481473,151.76733944897228,169.42042802378728,-0.20133304516380612,-0.1686156103086871
unrestricted,4,COP|EOG|IMO|E,0.824870466866462,0.6595212088443712,0.009148562009586048,0.00913301525661983,0.24891549641880834,0.2412405332595667,0.030833609275688678,151.76733944897228,157.3434781785566,-0.20133304516380612,-0.179940122893139
unrestricted,4,COP|SLB|OKE|E,0.8199419989295166,0.6592317421319176,0.009153330413458356,0.009136896764522038,0.24891549641880834,0.23255315422701406,0.06573452608295671,151.76733944897228,152.96852613765023,-0.20133304516380612,-0.17230611784350924
unrestricted,4,COP|OKE|FANG|E,0.8245174248881881,0.6589687047571111,0.00915689896354814,0.009140422447562604,0.24891549641880834,0.24118576201935607,0.03105364877101402,151.76733944897228,152.2642803453245,-0.20133304516380612,-0.1735106022851065
unrestricted,4,COP|PSX|FANG|E,0.8262423937954938,0.6572772461697838,0.009171739091632594,0.009163061898972896,0.24891549641880834,0.24487445704993369,0.016234583330543062,151.76733944897228,168.6217937563964,-0.20133304516380612,-0.1702553542750379
unrestricted,4,COP|EOG|SU|E,0.8235592115662139,0.6573206182550453,0.009177438448853556,0.009162482080924848,0.24891549641880834,0.24090621719936867,0.032176699862686675,151.76733944897228,159.08212286539813,-0.20133304516380612,-0.18539843596564742
unrestricted,4,COP|OKE|DVN|E,0.8245708727910585,0.6574208855538738,0.009177661075371083,0.009161141520929346,0.24891549641880834,0.24258255366994005,0.025442139360471572,151.76733944897228,152.01654877871275,-0.20133304516380612,-0.1779088341101589
unrestricted,4,COP|OKE|CVE|E,0.8248422585709116,0.6566453800838417,0.009186880222974545,0.009171504819414334,0.24891549641880834,0.24358132323761023,0.021429654874613346,151.76733944897228,158.055361606134,-0.20133304516380612,-0.16692197011280852
unrestricted,4,COP|EOG|SLB|E,0.8221071595183325,0.6562808162080058,0.009192356662776987,0.009176372545210391,0.24891549641880834,0.23942744669685445,0.03811755338040479,151.76733944897228,156.1202687732068,-0.20133304516380612,-0.17962040267464752
unrestricted,4,COP|PSX|DVN|E,0.8260244150428216,0.6548456694459397,0.009204104895383744,0.00919550985823259,0.24891549641880834,0.24641443898925583,0.010047817293562078,151.76733944897228,168.8119871002433,-0.20133304516380612,-0.17459143128802268
unrestricted,4,COP|OXY|OKE|E,0.8247163184000834,0.6554299526699243,0.009204284805088288,0.009187723402462558,0.24891549641880834,0.24442575672474137,0.018037204427452935,151.76733944897228,151.25727695354635,-0.20133304516380612,-0.18496043420919606
unrestricted,4,COP|OXY|PSX|E,0.8267891579594413,0.6546374859557753,0.00920848087881245,0.009198282624772208,0.24891549641880834,0.24779585642345264,0.004498072685164889,151.76733944897228,166.92811090485688,-0.20133304516380612,-0.18164638982767478
unrestricted,4,COP|VLO|OKE|E,0.8203043785331366,0.6547649541460834,0.009208557001662355,0.00919658499315407,0.24891549641880834,0.23738536289142498,0.04632147734178649,151.76733944897228,164.5552643873916,-0.20133304516380612,-0.14178327349823105
unrestricted,4,COP|SLB|PSX|E,0.8203027488482454,0.6539047210638038,0.009217409033946739,0.009208035575488296,0.24891549641880834,0.23799588332429747,0.04386875566854331,151.76733944897228,167.9550241007631,-0.20133304516380612,-0.17109758020554877
unrestricted,4,COP|SU|SLB|E,0.8180911152120894,0.6534507942115696,0.009226418437428574,0.009214072070701677,0.24891549641880834,0.23462697783912917,0.05740308974431341,151.76733944897228,164.06412918825873,-0.20133304516380612,-0.1914406624110171
unrestricted,4,COP|PSX|CVE|E,0.82542156571146,0.651717570280629,0.009240534900907477,0.009237084866082199,0.24891549641880834,0.24756275349996623,0.005434546817310482,151.76733944897228,174.07771521685527,-0.20133304516380612,-0.16532998597313953
unrestricted,4,COP|HAL|OKE|E,0.8206329290081674,0.6526594290835208,0.009241055577957343,0.009224586504433837,0.24891549641880834,0.24013838046210256,0.03526142840837032,151.76733944897228,154.12386118564552,-0.20133304516380612,-0.1759984793772117
unrestricted,4,COP|EQNR|OKE|E,0.828786051797006,0.6511247755716454,0.009261522258050802,0.009244942522067288,0.24891549641880834,0.25336480728209143,-0.01787478452445157,151.76733944897228,153.52402853929206,-0.20133304516380612,-0.1864327455635867
unrestricted,4,COP|PSX|EQNR|E,0.8306807018731822,0.6492733063130167,0.009277473718232804,0.009269441363293211,0.24891549641880834,0.25661547715425814,-0.030934115578301835,151.76733944897228,169.655330889787,-0.20133304516380612,-0.18321021337025478
unrestricted,4,COP|EOG|SU|SLB,0.8222274873394682,0.6498195122938885,0.009278583421198144,0.009262220645322231,0.24891549641880834,0.24496549145235336,0.015868859204366204,151.76733944897228,155.154703591597,-0.20133304516380612,-0.1873403827826864
unrestricted,4,COP|SU|PSX|OKE,0.8175303896730232,0.6489275133581628,0.009289434370630787,0.009274009760725324,0.24891549641880834,0.23810343233908468,0.043436685281867726,151.76733944897228,158.45699757866473,-0.20133304516380612,-0.15674369863678161
unrestricted,4,COP|SU|IMO|E,0.8185858792556104,0.6484541995662585,0.009292501071243183,0.00928025923684422,0.24891549641880834,0.2400772035513952,0.03550720222152193,151.76733944897228,164.44229549817592,-0.20133304516380612,-0.19768585310240716
unrestricted,4,COP|IMO|FANG|E,0.8207941681792317,0.6484326051224452,0.00929413420237647,0.009280544262236333,0.24891549641880834,0.24369096626716805,0.02098917193508054,151.76733944897228,162.30372519964428,-0.20133304516380612,-0.1905796634898349
unrestricted,4,COP|HAL|PSX|E,0.8209672014444221,0.6479046052177075,0.009295930506959107,0.009287510619369834,0.24891549641880834,0.2440629665907777,0.019494687545953737,151.76733944897228,169.28363014743485,-0.20133304516380612,-0.17306305877277983
unrestricted,4,COP|HAL|EOG|E,0.8224726213938959,0.6474718527971977,0.009309067989541675,0.009293216400451351,0.24891549641880834,0.24705689036152412,0.007466815381220959,151.76733944897228,157.34349299226886,-0.20133304516380612,-0.18350094023197483
unrestricted,4,COP|IMO|DVN|E,0.8210728213208983,0.6469150055969215,0.009314175662559288,0.009300553204110776,0.24891549641880834,0.24528391836388214,0.01458960212270577,151.76733944897228,162.3216425737326,-0.20133304516380612,-0.1962756314001004
unrestricted,4,COP|SU|FANG|E,0.8198661955835536,0.646799193436979,0.009314516563201529,0.009302078373493448,0.24891549641880834,0.24347583263200767,0.02185345575129749,151.76733944897228,164.2252857765733,-0.20133304516380612,-0.19759128303574702
unrestricted,4,COP|SU|SLB|OKE,0.8136457603125339,0.6466247907129979,0.009321100342923798,0.009304374670049693,0.24891549641880834,0.23340914093277612,0.06229566141572107,151.76733944897228,150.4357724839095,-0.20133304516380612,-0.17096004743852544
unrestricted,4,COP|SLB|EQNR|OKE,0.8274598904926449,0.64636420305841,0.009324522148788095,0.00930780467629049,0.24891549641880834,0.2546943303400361,-0.023216047230360637,151.76733944897228,150.26969435158603,-0.20133304516380612,-0.18355254839702406
unrestricted,4,COP|SU|DVN|E,0.8201220193514086,0.6459050573274556,0.00932625388761047,0.009313845145808217,0.24891549641880834,0.24455601403975297,0.01751390508737305,151.76733944897228,164.30898364436646,-0.20133304516380612,-0.20272401256746198
unrestricted,4,COP|EOG|FANG|E,0.8234944486176179,0.6461397052224174,0.009327168224061391,0.009310758634147376,0.24891549641880834,0.24949010160243523,-0.0023084347575537123,151.76733944897228,155.3630648299928,-0.20133304516380612,-0.18196910751562678
unrestricted,4,COP|SU|SLB|EQNR,0.8315707144546289,0.6455464714010228,0.009331692176693,0.009318559938752968,0.24891549641880834,0.26019387285641504,-0.045310061446035776,151.76733944897228,163.2058633259089,-0.20133304516380612,-0.21001063458974956
unrestricted,4,COP|EOG|VLO|E,0.8192209348821436,0.6448408199405151,0.009337385559459566,0.009327831091986507,0.24891549641880834,0.24384418148430298,0.020373640884023936,151.76733944897228,168.10693101353198,-0.20133304516380612,-0.1438458415278997
unrestricted,4,COP|EOG|DVN|E,0.8236727962669464,0.6450765142313908,0.009341233896095242,0.009324735463984251,0.24891549641880834,0.2504724163877058,-0.006254813345481169,151.76733944897228,155.04879865657512,-0.20133304516380612,-0.18541240856522767
unrestricted,4,COP|EOG|SU|OKE,0.8167991517380997,0.6445378221807545,0.009347624808621911,0.009331809180595032,0.24891549641880834,0.24068940100196756,0.03304774325098714,151.76733944897228,146.0789904805343,-0.20133304516380612,-0.16445806502344562
unrestricted,4,COP|HAL|SU|E,0.817583066145603,0.6441691438675055,0.009348473975779686,0.009336647310018256,0.24891549641880834,0.2419838481618325,0.027847395428178268,151.76733944897228,165.22400907639218,-0.20133304516380612,-0.19588334019785714
unrestricted,4,COP|IMO|EQNR|OKE,0.8262084598459264,0.6441979369927283,0.00935310470939995,0.009336269550910143,0.24891549641880834,0.2544475391768212,-0.022224581585330583,151.76733944897228,152.03348951260273,-0.20133304516380612,-0.1807249310069845
unrestricted,4,COP|SLB|IMO|E,0.8132519813765846,0.6436465863355505,0.009357163446103578,0.009343500489496143,0.24891549641880834,0.23534961300296972,0.05449995524992779,151.76733944897228,162.41079344294803,-0.20133304516380612,-0.1842531075994822
unrestricted,4,COP|EOG|IMO|OKE,0.8161096369896781,0.6428888098084689,0.00936880073969199,0.009353429572627006,0.24891549641880834,0.24091851526590505,0.032127293270034496,151.76733944897228,144.87475308792597,-0.20133304516380612,-0.15698648962046402
unrestricted,4,COP|IMO|PSX|OKE,0.8148646094111542,0.6429359955856647,0.009368887863740974,0.00935281160904034,0.24891549641880834,0.23891063371015225,0.04019381216757423,151.76733944897228,156.98189011747306,-0.20133304516380612,-0.14964337700916963
unrestricted,4,COP|SU|CVE|E,0.8189595409501129,0.6421818022447228,0.009373619555461885,0.009362683939054645,0.24891549641880834,0.24554722460771805,0.013531788336002437,151.76733944897228,166.50723130999953,-0.20133304516380612,-0.19967554164230938
unrestricted,4,COP|IMO|EQNR|E,0.8262035550505938,0.6423521742170003,0.009373627301212526,0.009360454694061575,0.24891549641880834,0.25542385806887086,-0.026146872105993646,151.76733944897228,163.2892987396511,-0.20133304516380612,-0.20456214818935614
unrestricted,4,COP|SLB|EQNR|E,0.8246641263000923,0.6423612885370403,0.009374175374187726,0.009360335422088984,0.24891549641880834,0.25345964279146665,-0.0182557793228455,151.76733944897228,162.16450827983456,-0.20133304516380612,-0.2006505477471926
unrestricted,4,COP|OXY|IMO|E,0.8201226646251965,0.6421599827663426,0.009377539737625215,0.009362969399334224,0.24891549641880834,0.2474443691114399,0.005910147534138321,151.76733944897228,160.80236858936365,-0.20133304516380612,-0.2009812688003647
unrestricted,4,COP|EOG|CVE|E,0.8232628473687884,0.642048706234424,0.009379078065723086,0.009364425074675279,0.24891549641880834,0.25185019731897174,-0.011789948566423014,151.76733944897228,160.64104758791987,-0.20133304516380612,-0.17734119487809175
unrestricted,4,COP|IMO|CVE|E,0.8193453580032538,0.641580504270412,0.009382209138239726,0.009370547429178968,0.24891549641880834,0.2465890136548141,0.00934647620363449,151.76733944897228,165.56344805077572,-0.20133304516380612,-0.19238759769372615
unrestricted,4,COP|EOG|OXY|E,0.8235271851527508,0.6418245273777827,0.009383969930696862,0.00936735700641542,0.24891549641880834,0.2524468122132677,-0.01418680574437925,151.76733944897228,154.85367292444354,-0.20133304516380612,-0.1948584213225889
unrestricted,4,COP|IMO|VLO|E,0.8152636014148292,0.6408208255663875,0.009384379876606225,0.009380472722571632,0.24891549641880834,0.24055019667931066,0.03360698654704408,151.76733944897228,174.08106549099114,-0.20133304516380612,-0.15878671251954535
unrestricted,4,COP|SU|OXY|E,0.8194772936909811,0.6414132506047894,0.009386315720431238,0.009372733520659074,0.24891549641880834,0.2470049659193346,0.0076754180714374565,151.76733944897228,162.65663635094174,-0.20133304516380612,-0.20661839858142184
unrestricted,4,COP|SU|VLO|E,0.814613652262424,0.6403514062129111,0.009388131663330355,0.009386600496640684,0.24891549641880834,0.2397464548687758,0.03683596112716636,151.76733944897228,176.1991435985411,-0.20133304516380612,-0.16339335555580192
unrestricted,4,COP|VLO|PSX|E,0.8185208494221267,0.6405450654505029,0.009388297160995391,0.009384072964627378,0.24891549641880834,0.2457354121678446,0.01277575842692058,151.76733944897228,173.799296237242,-0.20133304516380612,-0.15844070739466554
unrestricted,4,COP|SLB|VLO|E,0.8137652088481212,0.6399471603184984,0.009397229640941526,0.009391874296013576,0.24891549641880834,0.23895558952265492,0.04001320544300524,151.76733944897228,172.75247263802294,-0.20133304516380612,-0.15588812369866756
unrestricted,4,COP|HAL|IMO|E,0.8157604218904575,0.6401828840916515,0.00940182004880415,0.009388799399395003,0.24891549641880834,0.2423990098860001,0.02617951323466028,151.76733944897228,163.63096692558153,-0.20133304516380612,-0.18936060562877732
unrestricted,4,COP|PSX|EQNR|OKE,0.8288585165716472,0.6403949113530654,0.009401864806716526,0.009386032751169785,0.24891549641880834,0.26000754698910045,-0.04456151075314896,151.76733944897228,157.93262940592058,-0.20133304516380612,-0.1699053355052189
unrestricted,4,COP|SU|EQNR|OKE,0.8249431787112308,0.6404571911240138,0.009402048730587552,0.009385219935527857,0.24891549641880834,0.2551657019617347,-0.02510974862091442,151.76733944897228,153.57459019741623,-0.20133304516380612,-0.18775547818790939
unrestricted,4,COP|SLB|IMO|EQNR,0.8274104948816028,0.6401723616901203,0.009403228431969765,0.009388936680239287,0.24891549641880834,0.2583067644100292,-0.037728739778498,151.76733944897228,161.44939369100692,-0.20133304516380612,-0.20022553473100668
unrestricted,4,EOG|PSX|OKE|E,0.806142428852198,0.6397143181010823,0.009411471963175315,0.009394910616188253,0.24891549641880834,0.22570436382991246,0.09324904605313278,151.76733944897228,155.37949315568284,-0.20133304516380612,-0.11839496791760906
unrestricted,4,COP|SU|IMO|OKE,0.8124608152363496,0.6396983867131962,0.009412048941724717,0.009395118329564245,0.24891549641880834,0.23778041321466908,0.044734391246594396,151.76733944897228,151.11482910756988,-0.20133304516380612,-0.16916740355711835
unrestricted,4,COP|HAL|EOG|SU,0.8239360253782327,0.6393953805862516,0.009415549450112172,0.009399068048415784,0.24891549641880834,0.25452337089750504,-0.022529230037415138,151.76733944897228,155.77795925080449,-0.20133304516380612,-0.19240622989986123
unrestricted,4,COP|HAL|SU|OKE,0.8142318980280858,0.6388607233674312,0.00942296571467388,0.00940603332005281,0.24891549641880834,0.24132543581155252,0.03049251941504394,151.76733944897228,150.75754306725594,-0.20133304516380612,-0.17397536732306484
unrestricted,4,COP|OXY|SLB|E,0.8169283474916772,0.6385140080478573,0.009425812466929962,0.009410547414329402,0.24891549641880834,0.24553497800306948,0.013580988184243137,151.76733944897228,159.51197333189037,-0.20133304516380612,-0.1989566215043279
unrestricted,4,COP|SU|EQNR|E,0.8240752521284047,0.6377147787475527,0.009432961234070251,0.009420944819390008,0.24891549641880834,0.2555288048136195,-0.02656848806104084,151.76733944897228,165.23409257642453,-0.20133304516380612,-0.2102008356772097
unrestricted,4,COP|EOG|SU|IMO,0.8194821232471388,0.6375836018305683,0.00943918952926945,0.009422650241772839,0.24891549641880834,0.2498339697576701,-0.0036899001953514254,151.76733944897228,155.71592766236785,-0.20133304516380612,-0.18463775301014107
unrestricted,4,COP|SLB|FANG|E,0.8144995224695518,0.6373034932148882,0.009440934801189751,0.009426290882400124,0.24891549641880834,0.2428200749288203,0.024487914885509166,151.76733944897228,160.9152792837958,-0.20133304516380612,-0.1881699185288218
unrestricted,4,COP|EOG|SU|PSX,0.8188579650251949,0.6370311849877004,0.009442557171406489,0.009429828792058143,0.24891549641880834,0.24915950714739535,-0.0009802954500528482,151.76733944897228,164.22375267194556,-0.20133304516380612,-0.16577174336356792
unrestricted,4,COP|SLB|CVE|E,0.8157562602527231,0.6365012880284446,0.009448534881328574,0.009436709569427989,0.24891549641880834,0.24511869559151683,0.015253372658258546,151.76733944897228,165.55299998791298,-0.20133304516380612,-0.18506497494069873
unrestricted,4,COP|SU|OKE|FANG,0.8137993879919077,0.6367914631775351,0.009449790348479637,0.009432942231031527,0.24891549641880834,0.24228892896522927,0.02662175537046374,151.76733944897228,149.44406172582393,-0.20133304516380612,-0.17400096478313487
unrestricted,4,COP|SU|OXY|OKE,0.8154496726495921,0.6363344582381768,0.009455599360663909,0.009438874836637507,0.24891549641880834,0.24507408184507407,0.01543260515717737,151.76733944897228,148.63941240614272,-0.20133304516380612,-0.1808610858859594
unrestricted,4,COP|EOG|EQNR|E,0.827732571181609,0.636133027813821,0.009457798947059535,0.009441488520289405,0.24891549641880834,0.2611088527331367,-0.04898592690996084,151.76733944897228,156.7508727158827,-0.20133304516380612,-0.19622643747434698
unrestricted,4,COP|SU|SLB|PSX,0.8143338655415213,0.6355465206296774,0.009457982075268549,0.009449094694563873,0.24891549641880834,0.243575222705679,0.02145416332032679,151.76733944897228,169.24575273628022,-0.20133304516380612,-0.1737588655795742
unrestricted,4,COP|SU|OKE|DVN,0.813323528872814,0.6358873015771846,0.009461539068494158,0.009444675989973764,0.24891549641880834,0.24227126350656186,0.02669272507271836,151.76733944897228,149.39930852457022,-0.20133304516380612,-0.17477501811724705
unrestricted,4,COP|SU|OKE|CVE,0.8140595715755257,0.6356736216749707,0.00946446389531775,0.009447446892294768,0.24891549641880834,0.2435464847989443,0.021569615781696805,151.76733944897228,150.9342243716117,-0.20133304516380612,-0.1714804075587204
unrestricted,4,COP|IMO|PSX|EQNR,0.8286919004466384,0.6349758027335132,0.009465239108749392,0.00945649023088463,0.24891549641880834,0.2625504815623013,-0.054777566441872594,151.76733944897228,169.42404883267338,-0.20133304516380612,-0.18235900652712533
unrestricted,4,COP|VLO|FANG|E,0.8162341216575788,0.6342231674684813,0.0094705642261464,0.009466234274043162,0.24891549641880834,0.24702254177246882,0.0076048083529302035,151.76733944897228,173.94178963457813,-0.20133304516380612,-0.1560256459174414
unrestricted,4,COP|IMO|OKE|FANG,0.8126222966267164,0.6339351500119641,0.009486621871709889,0.009469960458943914,0.24891549641880834,0.2427088167697903,0.024934886490855845,151.76733944897228,148.06714625319285,-0.20133304516380612,-0.16476840370532286
unrestricted,4,COP|SLB|DVN|E,0.813606168504102,0.6337423617597717,0.009487197603846857,0.009472453810617053,0.24891549641880834,0.244194579980471,0.018965940273940385,151.76733944897228,160.9049504093181,-0.20133304516380612,-0.19274932533081135
unrestricted,4,COP|SU|PSX|EQNR,0.828639444405894,0.632976730728525,0.00948928907886315,0.009482349329020368,0.24891549641880834,0.26350194230816804,-0.05859999115851555,151.76733944897228,171.44140349370258,-0.20133304516380612,-0.19130346215144056
unrestricted,4,COP|SU|OXY|SLB,0.8181094008105276,0.6335972487864402,0.009489931170145993,0.009474330139828145,0.24891549641880834,0.2505995057065499,-0.006765385490134834,151.76733944897228,159.00602320108402,-0.20133304516380612,-0.20681381664303156
unrestricted,4,COP|EOG|PSX|OKE,0.8154887797934018,0.6335195776883069,0.009492314966337673,0.009475334284351027,0.24891549641880834,0.24716176051912644,0.007045507109493809,151.76733944897228,149.8774830165841,-0.20133304516380612,-0.14156751963427416
unrestricted,4,EOG|OXY|PSX|E,0.8091495960333497,0.632828548650382,0.009497877514682096,0.009484263339043982,0.24891549641880834,0.2380138541755347,0.04379655907373192,151.76733944897228,163.00901824447155,-0.20133304516380612,-0.14862300348642488
unrestricted,4,COP|OXY|IMO|OKE,0.8139049259973645,0.632698713733544,0.009502438478240095,0.009485940048520266,0.24891549641880834,0.24548758728265488,0.01377137697520403,151.76733944897228,147.3041562029983,-0.20133304516380612,-0.17296508033589542
unrestricted,4,COP|EOG|IMO|PSX,0.8164775169288855,0.6322600577337718,0.009505610290041842,0.009491602733428459,0.24891549641880834,0.24922266996462059,-0.0012340474989769312,151.76733944897228,162.36200743789965,-0.20133304516380612,-0.1561648094380047
unrestricted,4,COP|VLO|DVN|E,0.81593465051162,0.6312036645200079,0.009509357517373146,0.00950522604835209,0.24891549641880834,0.2486840323477265,0.0009298901611668464,151.76733944897228,174.2401274754686,-0.20133304516380612,-0.1605330995930705
unrestricted,4,COP|IMO|OKE|DVN,0.8119619460809905,0.632079054580912,0.00951061812665796,0.009493938349542012,0.24891549641880834,0.24313867787975227,0.02320795057828129,151.76733944897228,147.9549857027156,-0.20133304516380612,-0.16643819213060673
unrestricted,4,COP|IMO|OKE|CVE,0.8126740662337008,0.631769011983917,0.00951501496575141,0.009497937721527983,0.24891549641880834,0.24443123939727715,0.018015178187163916,151.76733944897228,150.4532987214313,-0.20133304516380612,-0.16188227959031065
unrestricted,4,COP|SLB|IMO|OKE,0.806177478804996,0.6316711216028059,0.00951618456063912,0.009499200101651135,0.24891549641880834,0.23428716497340193,0.05876826334987906,151.76733944897228,149.55846506468217,-0.20133304516380612,-0.16424188599464917
unrestricted,4,COP|SLB|PSX|EQNR,0.8293234028151354,0.630734401189065,0.009521596911349852,0.009511271439288246,0.24891549641880834,0.2656052692558635,-0.06704995501354438,151.76733944897228,167.74192305548397,-0.20133304516380612,-0.18699259279571356
unrestricted,4,COP|HAL|EOG|IMO,0.8193851105437613,0.6311865993001009,0.009522362370444064,0.009505445962273077,0.24891549641880834,0.2538575144425346,-0.01985419989847159,151.76733944897228,154.5555379511538,-0.20133304516380612,-0.18183760925756487
unrestricted,4,COP|HAL|IMO|OKE,0.810563103686514,0.6311498677681835,0.009522951963757206,0.00950591929227985,0.24891549641880834,0.24178537256219504,0.028644756791745274,151.76733944897228,149.84691323518265,-0.20133304516380612,-0.16590703319739997
unrestricted,4,EOG|SLB|PSX|E,0.8013453817442137,0.630707361075517,0.009524980790645069,0.009511619672582228,0.24891549641880834,0.22575488728985016,0.09304607170776424,151.76733944897228,163.52137245303015,-0.20133304516380612,-0.13294359800205746
unrestricted,4,COP|SU|IMO|PSX,0.8135945696929642,0.6302862408757448,0.009525300718389557,0.009517041380848835,0.24891549641880834,0.24631386485430448,0.010451866605068805,151.76733944897228,170.14744732007532,-0.20133304516380612,-0.17203494319895174
unrestricted,4,COP|EOG|SLB|IMO,0.8127334168001003,0.6309279472617493,0.009525788179603215,0.009508778503959611,0.24891549641880834,0.24512474809164786,0.015229057176827654,151.76733944897228,153.94796483460374,-0.20133304516380612,-0.17702162201646865
unrestricted,4,COP|EOG|SLB|OKE,0.8108837056842233,0.6306494521615278,0.009526182226868182,0.009512365403631364,0.24891549641880834,0.24245688847144797,0.025946990204633757,151.76733944897228,141.50869310053008,-0.20133304516380612,-0.15796035753337634
unrestricted,4,COP|OXY|VLO|E,0.8163133829987977,0.6298457002530542,0.009529266113529881,0.00952270981354432,0.24891549641880834,0.25022318590756254,-0.005253547921154622,151.76733944897228,171.9513478480283,-0.20133304516380612,-0.16731761127663836
unrestricted,4,EOG|PSX|FANG|E,0.8056571081056766,0.6302750248318565,0.00953012837357553,0.009517185739479829,0.24891549641880834,0.23437937506641177,0.05839781597180704,151.76733944897228,164.19709455246254,-0.20133304516380612,-0.13005800084900876
unrestricted,4,COP|EOG|SU|FANG,0.8214678203489431,0.6301491169833001,0.009535835790111863,0.00951880611470594,0.24891549641880834,0.2570730697141349,-0.032772460584781005,151.76733944897228,153.93389813914166,-0.20133304516380612,-0.1926564118747779
unrestricted,4,COP|SU|OXY|PSX,0.8190721106722791,0.6293828555729487,0.009538222247576502,0.009528661599913373,0.24891549641880834,0.25422257293057615,-0.021320795965384498,151.76733944897228,168.7124111494931,-0.20133304516380612,-0.1856200145882103
unrestricted,4,COP|EOG|SU|DVN,0.8213433615661516,0.629879636102696,0.009539314391313591,0.009522273281190307,0.24891549641880834,0.2570806061965892,-0.03280273785784216,151.76733944897228,153.89257086054613,-0.20133304516380612,-0.19285005662012655
unrestricted,4,COP|SU|SLB|FANG,0.8141602031782771,0.6292466528575331,0.009545525470940805,0.009530412342406954,0.24891549641880834,0.24818148540633572,0.0029488361433215315,151.76733944897228,160.38442312967948,-0.20133304516380612,-0.19979553387170879
unrestricted,4,COP|EOG|SU|CVE,0.8214989286334533,0.629359229203263,0.009545933967050536,0.009528965315077617,0.24891549641880834,0.2575702451808944,-0.03476982705618359,151.76733944897228,154.49708573823992,-0.20133304516380612,-0.191815708238251
unrestricted,4,COP|EOG|SLB|EQNR,0.832679621488171,0.629176261520769,0.009548280474824743,0.009531317022877869,0.24891549641880834,0.2703174900374518,-0.08598096111555042,151.76733944897228,154.55694970241768,-0.20133304516380612,-0.20105774728770254
unrestricted,4,COP|EOG|IMO|FANG,0.8203878821316736,0.629176645222493,0.009548495378563025,0.009531312091716053,0.24891549641880834,0.2563365956513775,-0.029813729315120385,151.76733944897228,152.20922908183994,-0.20133304516380612,-0.1809435568736324
unrestricted,4,COP|PSX|OKE|CVE,0.8162233706403772,0.6288715004338608,0.009550786113982385,0.009535232869758577,0.24891549641880834,0.25119356409920446,-0.00915197210768759,151.76733944897228,159.41472703031144,-0.20133304516380612,-0.14322986889663658
unrestricted,4,COP|DVN|FANG|E,0.8188418186143076,0.628775957176785,0.009551448667540315,0.00953646016512971,0.24891549641880834,0.25456349465124173,-0.022690424315449098,151.76733944897228,160.6723344955424,-0.20133304516380612,-0.19774201708452943
unrestricted,4,EOG|PSX|DVN|E,0.8058726354839816,0.6284881657430375,0.009553215578326894,0.009540156019267259,0.24891549641880834,0.23633790506201424,0.05052956339701686,151.76733944897228,164.09648281847606,-0.20133304516380612,-0.13543055752901245
unrestricted,4,HAL|EOG|PSX|E,0.8038218012807676,0.6283720441131297,0.009553826958292837,0.009541646862642314,0.24891549641880834,0.23288640585334947,0.06439571178199932,151.76733944897228,165.40041423124515,-0.20133304516380612,-0.1373792874787475
unrestricted,4,COP|HAL|SU|PSX,0.8157525074411296,0.6280143572549055,0.009554154955622387,0.009546237611006122,0.24891549641880834,0.25074839040430213,-0.007363518992846929,151.76733944897228,170.604714226091,-0.20133304516380612,-0.17706376994027428
unrestricted,4,COP|SU|PSX|FANG,0.8165844182443912,0.6278262931170098,0.009556716251439062,0.009548650443499134,0.24891549641880834,0.2519563161551845,-0.01221627331413666,151.76733944897228,170.45207826726602,-0.20133304516380612,-0.17869488558297475
unrestricted,4,COP|EOG|SU|OXY,0.8226736877570542,0.6284550661080455,0.009557676761204717,0.00954058099718147,0.24891549641880834,0.2594971065575053,-0.04251085324512327,151.76733944897228,153.7107695362264,-0.20133304516380612,-0.1997254676079826
unrestricted,4,COP|SU|VLO|OKE,0.8079249425512159,0.6282119297833293,0.009558290081625311,0.009543702130346504,0.24891549641880834,0.23992849946962286,0.036104610112600466,151.76733944897228,161.498740902947,-0.20133304516380612,-0.14053060434716869
unrestricted,4,COP|VLO|CVE|E,0.8148706798189863,0.6266011816485142,0.009562340606507815,0.009564353527622882,0.24891549641880834,0.2500054243428072,-0.0043787065878977405,151.76733944897228,179.6225761120261,-0.20133304516380612,-0.15379111345568952
unrestricted,4,EOG|SLB|OKE|E,0.7968673680392152,0.6280229586417855,0.00956259441771543,0.009546127242018488,0.24891549641880834,0.21905368648553036,0.11996766116575774,151.76733944897228,146.81078316686785,-0.20133304516380612,-0.14566446137915423
unrestricted,4,COP|EOG|IMO|EQNR,0.8306140081488047,0.6277661044214142,0.00956603219964847,0.009549422525956714,0.24891549641880834,0.2687850671303878,-0.07982456294383655,151.76733944897228,156.39380061620943,-0.20133304516380612,-0.19628710966995921
unrestricted,4,COP|EOG|IMO|DVN,0.8198172706732203,0.6277693544669105,0.00956660136221523,0.009549380836946408,0.24891549641880834,0.25647415315177496,-0.03036635662188325,151.76733944897228,151.96025753842474,-0.20133304516380612,-0.18177655597704356
unrestricted,4,EOG|SU|PSX|E,0.800912022641707,0.6272122316295372,0.00956719750207462,0.009556524511174834,0.24891549641880834,0.2285335635945293,0.08188294066668222,151.76733944897228,167.45125328951391,-0.20133304516380612,-0.142727127678844
unrestricted,4,COP|FANG|CVE|E,0.8191989094436043,0.6271996289994901,0.009568075045733336,0.009556686045880764,0.24891549641880834,0.25578621390569245,-0.02760261046714385,151.76733944897228,166.53015553472414,-0.20133304516380612,-0.19065703759777541
unrestricted,4,COP|HAL|FANG|E,0.8151435774881212,0.6269621005477427,0.0095739921857216,0.009559730065621334,0.24891549641880834,0.25095286224850044,-0.008184969835161038,151.76733944897228,162.16607579873096,-0.20133304516380612,-0.192261763994924
unrestricted,4,COP|HAL|OXY|E,0.8169600126095294,0.6266854322596814,0.009578295633141732,0.009563274456065475,0.24891549641880834,0.2534873507557152,-0.018367094064784872,151.76733944897228,160.7177060072808,-0.20133304516380612,-0.20208974235626687
unrestricted,4,COP|HAL|SLB|E,0.8107170761482138,0.6263236136122362,0.009582447106225075,0.009567907724265218,0.24891549641880834,0.24543263341636157,0.013992150157605021,151.76733944897228,161.68666146820178,-0.20133304516380612,-0.19224602441163807
unrestricted,4,COP|EOG|EQNR|OKE,0.8261264763163428,0.6263716351005187,0.009583341263781976,0.009567292914301402,0.24891549641880834,0.26455000653585997,-0.06281051337497323,151.76733944897228,145.4983606612916,-0.20133304516380612,-0.17818222541375783
unrestricted,4,COP|EOG|IMO|CVE,0.820118416341445,0.6263587074389781,0.009584591853727308,0.00956745842857498,0.24891549641880834,0.2576576462172594,-0.0351209543970783,151.76733944897228,153.80754913015284,-0.20133304516380612,-0.17929066425278772
unrestricted,4,COP|HAL|CVE|E,0.8161491198569586,0.6257566971950842,0.009586627859009274,0.009575162863223581,0.24891549641880834,0.25286677283130304,-0.015873967146852852,151.76733944897228,166.48853705373534,-0.20133304516380612,-0.19065865607289822
unrestricted,4,COP|SU|IMO|FANG,0.816004652953771,0.6260165504889994,0.009586668405532591,0.009571838061354714,0.24891549641880834,0.2526856381574946,-0.015146271698339264,151.76733944897228,161.1398536800894,-0.20133304516380612,-0.19570761257805036
unrestricted,4,COP|SU|SLB|CVE,0.8126415547423007,0.6260325166956149,0.009586806279985035,0.00957163373737255,0.24891549641880834,0.24830545546185578,0.0024507954134207477,151.76733944897228,160.43544213566915,-0.20133304516380612,-0.2011293291928803
unrestricted,4,COP|SU|SLB|DVN,0.8126415517761661,0.6260325163548925,0.009586806283809151,0.009571633741732916,0.24891549641880834,0.24830545167947013,0.0024508106088814152,151.76733944897228,160.4354432979703,-0.20133304516380612,-0.20112932700383257
unrestricted,4,COP|SLB|PSX|OKE,0.8079406886457596,0.6261740775073714,0.009586948422789893,0.009569821953523513,0.24891549641880834,0.24169346992576546,0.029013968985247884,151.76733944897228,153.9010954375814,-0.20133304516380612,-0.15116249451823616
unrestricted,4,COP|OXY|PSX|OKE,0.8154786528480045,0.6260139877373929,0.0095891079683814,0.00957187085719284,0.24891549641880834,0.2521355215985514,-0.01293621821891433,151.76733944897228,152.69359540938714,-0.20133304516380612,-0.1600760099898445
unrestricted,4,COP|HAL|VLO|E,0.8109650245883568,0.6249866893827192,0.009589280634077539,0.00958500827873061,0.24891549641880834,0.24615319249864254,0.011097356170698736,151.76733944897228,174.34376929934075,-0.20133304516380612,-0.15754742866718452
unrestricted,4,COP|SU|PSX|DVN,0.8154841707672603,0.6252550014415299,0.009589581496175472,0.009581578755823475,0.24891549641880834,0.2521658403879958,-0.013058021762207384,151.76733944897228,170.61835302693936,-0.20133304516380612,-0.18015406665285794
unrestricted,4,COP|EOG|OXY|IMO,0.8209733089365323,0.6259621736279621,0.009589796638137436,0.009572533904433626,0.24891549641880834,0.2589074822396429,-0.040142080202281605,151.76733944897228,151.91516501134487,-0.20133304516380612,-0.18933528568018376
unrestricted,4,HAL|EOG|OKE|E,0.7996580819719381,0.6258879242773858,0.00959040363958472,0.009573483967644653,0.24891549641880834,0.22800951995074292,0.08398824809561245,151.76733944897228,148.3776952900696,-0.20133304516380612,-0.1507362525339938
unrestricted,4,COP|OXY|FANG|E,0.818985912340057,0.6257760831549986,0.009590640443869158,0.009574914861287465,0.24891549641880834,0.2565681775156513,-0.030744092701914694,151.76733944897228,159.1865292435591,-0.20133304516380612,-0.2050605621674948
unrestricted,4,COP|SU|PSX|CVE,0.8158575865976783,0.6251152230508468,0.00959072608427024,0.009583365534564963,0.24891549641880834,0.2526968188371741,-0.015191189270127081,151.76733944897228,171.30451081195366,-0.20133304516380612,-0.17875804013451058
unrestricted,4,COP|HAL|SU|SLB,0.8133166014766458,0.6256594129721773,0.009591412764814452,0.009576407310008318,0.24891549641880834,0.24944387478058827,-0.002122721844890263,151.76733944897228,160.80527321680523,-0.20133304516380612,-0.20122254519847804
unrestricted,4,COP|IMO|VLO|OKE,0.8068690404966757,0.625387967280392,0.009595468920873857,0.009579878752230335,0.24891549641880834,0.24060487946439207,0.03338730241380139,151.76733944897228,159.53662362084475,-0.20133304516380612,-0.13550260457790697
unrestricted,4,COP|DVN|CVE|E,0.819465613044293,0.6247902652648091,0.009598459856214945,0.009587518163412488,0.24891549641880834,0.25750191217040247,-0.03449530412982882,151.76733944897228,167.20852704083075,-0.20133304516380612,-0.1950849789835618
unrestricted,4,EOG|OXY|OKE|E,0.8027102471362704,0.6251050960545237,0.009599384095204442,0.009583494974406328,0.24891549641880834,0.23423463711233142,0.05897929023179782,151.76733944897228,145.03126556284633,-0.20133304516380612,-0.15477458726064475
unrestricted,4,COP|SU|SLB|IMO,0.8078430189922354,0.6249015361527286,0.009600923629187404,0.009586096437555676,0.24891549641880834,0.2423750765001081,0.026275663881110023,151.76733944897228,161.2042347032031,-0.20133304516380612,-0.19162990853375583
unrestricted,4,COP|VLO|EQNR|E,0.8201121804911135,0.6228017627910576,0.00961679087056382,0.009612890120823133,0.24891549641880834,0.25908667972680977,-0.04086199314360117,151.76733944897228,174.76853708147323,-0.20133304516380612,-0.1707773150503643
unrestricted,4,COP|HAL|SU|IMO,0.8134207959238646,0.623501108996753,0.009618292758159546,0.009603974573848597,0.24891549641880834,0.25094282631761644,-0.008144651208846554,151.76733944897228,162.23375433784582,-0.20133304516380612,-0.19515568452551035
unrestricted,4,COP|HAL|EQNR|E,0.8224547292972679,0.6230918744353668,0.009622858297916302,0.009609192664784038,0.24891549641880834,0.262055055225971,-0.05278722697543481,151.76733944897228,163.37431439229897,-0.20133304516380612,-0.20443866233344443
unrestricted,4,COP|HAL|DVN|E,0.8140945954506287,0.6229818401594331,0.009624941114320707,0.009610595212682219,0.24891549641880834,0.25213323703600876,-0.012927040154167235,151.76733944897228,162.2090102647958,-0.20133304516380612,-0.19640069504018298
unrestricted,4,COP|OXY|CVE|E,0.8193722229724555,0.6228513634985962,0.00962528706888767,0.009612258063485363,0.24891549641880834,0.2585925330226462,-0.03887679450682291,151.76733944897228,164.39186436133195,-0.20133304516380612,-0.20112973336957507
unrestricted,4,COP|SU|IMO|EQNR,0.826090695269821,0.6227855853340897,0.009626587106408374,0.009613096259709191,0.24891549641880834,0.26626161394360137,-0.06968677231572462,151.76733944897228,163.6721685233944,-0.20133304516380612,-0.2091043395075829
unrestricted,4,COP|SU|IMO|DVN,0.8149215564490006,0.6227029044182766,0.009629021263085659,0.009614149740200223,0.24891549641880834,0.253371538443171,-0.017901826477147997,151.76733944897228,161.23083732821823,-0.20133304516380612,-0.1990909529932975
unrestricted,4,COP|SU|SLB|VLO,0.808955205155117,0.6219593648134045,0.009629229962972293,0.009623618382763193,0.24891549641880834,0.24555973797572694,0.01348151678525955,151.76733944897228,173.1849788181968,-0.20133304516380612,-0.16117959233686607
unrestricted,4,EOG|IMO|PSX|E,0.798400475529785,0.6223178172724921,0.009631498471381691,0.009619054815439461,0.24891549641880834,0.228955936191921,0.08018608931163018,151.76733944897228,165.2809028448286,-0.20133304516380612,-0.13133540079382156
unrestricted,4,COP|OXY|IMO|PSX,0.8154949810185734,0.6219118835583098,0.009635896339639382,0.009624222718765691,0.24891549641880834,0.25440988410508336,-0.02207330505863947,151.76733944897228,166.3672725243473,-0.20133304516380612,-0.1748807247927977
unrestricted,4,COP|SU|IMO|CVE,0.8143296106706549,0.6220819521310852,0.009636928570337855,0.009622057929854518,0.24891549641880834,0.2530123213175007,-0.01645869766098973,151.76733944897228,161.2647497304471,-0.20133304516380612,-0.19895524865635195
unrestricted,4,COP|OXY|DVN|E,0.818299415300031,0.6221172873333445,0.00963750417705216,0.009621608089852436,0.24891549641880834,0.2578701453749357,-0.03597465439058434,151.76733944897228,158.9890011472311,-0.20133304516380612,-0.20962754168730247
unrestricted,4,EOG|OKE|FANG|E,0.7988932636750244,0.6221335628512266,0.009637773530087362,0.009621400884897732,0.24891549641880834,0.23036231962117215,0.07453604562417382,151.76733944897228,146.09105882713902,-0.20133304516380612,-0.13932288620665678
unrestricted,4,COP|IMO|PSX|FANG,0.8134878183458034,0.6216073996995788,0.009638597310245595,0.009628097253028245,0.24891549641880834,0.25203373150147623,-0.01252728386753943,151.76733944897228,167.88938856036287,-0.20133304516380612,-0.16639163813091407
unrestricted,4,COP|HAL|EQNR|OKE,0.8248549905145315,0.6221127052188822,0.009638968970519959,0.009621666424322965,0.24891549641880834,0.26540492271186283,-0.06624507726634477,151.76733944897228,150.4727409946547,-0.20133304516380612,-0.1878252211701683
unrestricted,4,EOG|PSX|EQNR|E,0.8089308363336514,0.6216674822562596,0.009639902714055341,0.009627332830489834,0.24891549641880834,0.24610882970889364,0.011275580469254476,151.76733944897228,165.12610032742438,-0.20133304516380612,-0.14422078935712035
unrestricted,4,COP|PSX|OKE|FANG,0.8119795619508835,0.6218898463618693,0.009641755671052934,0.009624503192796787,0.24891549641880834,0.250260471054694,-0.005403338302500504,151.76733944897228,153.67083418073221,-0.20133304516380612,-0.1510051322127255
unrestricted,4,COP|SLB|OKE|CVE,0.8091168082513699,0.6217092314167687,0.009644020478377202,0.009626801625618792,0.24891549641880834,0.24658491951518446,0.009362924113421212,151.76733944897228,149.57618580978487,-0.20133304516380612,-0.16141408099435028
unrestricted,4,COP|HAL|IMO|EQNR,0.8277024484548572,0.6213378885824186,0.009645838452526019,0.009631525461398107,0.24891549641880834,0.26875939827197864,-0.07972144016209537,151.76733944897228,162.34787877154724,-0.20133304516380612,-0.20509929668203086
unrestricted,4,EOG|SLB|EQNR|E,0.8045466246337456,0.6215160455479438,0.009646026873952794,0.009629259423713343,0.24891549641880834,0.24019336826744192,0.03504051887830706,151.76733944897228,156.35994060910642,-0.20133304516380612,-0.17046225353901012
unrestricted,4,COP|EOG|OKE|CVE,0.8154289191813189,0.6213449137699212,0.009647527650476991,0.009631436115799355,0.24891549641880834,0.2548758656946112,-0.0239453523848685,151.76733944897228,145.29552471959687,-0.20133304516380612,-0.15106067832974857
unrestricted,4,EOG|SU|SLB|EQNR,0.8106576968648304,0.6212720993749641,0.009648317990345377,0.009632362121427158,0.24891549641880834,0.24887090962054623,0.0001791242365525303,151.76733944897228,158.8898696884749,-0.20133304516380612,-0.18977318221250405
unrestricted,4,EOG|OKE|DVN|E,0.7997283920059747,0.6212679706923999,0.009648603271519852,0.009632414624632088,0.24891549641880834,0.23264965983788383,0.06534682177262563,151.76733944897228,145.53616302597223,-0.20133304516380612,-0.14040720553622044
unrestricted,4,COP|SU|OXY|IMO,0.8162509616455575,0.6211869211715757,0.009649064061861595,0.009633445248880542,0.24891549641880834,0.2559458348175125,-0.028243875933201767,151.76733944897228,159.71828973779137,-0.20133304516380612,-0.20478576284066785
unrestricted,4,COP|HAL|EOG|OKE,0.8128583600498194,0.6209852698280391,0.009649840078740467,0.009636008965436047,0.24891549641880834,0.2517883536126025,-0.011541495949936698,151.76733944897228,141.1381919623534,-0.20133304516380612,-0.16148427863095804
unrestricted,4,EOG|SU|SLB|E,0.7945268131219424,0.6209995480174246,0.009651494201586706,0.009635827460542213,0.24891549641880834,0.22283396607604553,0.10478066138108089,151.76733944897228,159.6172729488073,-0.20133304516380612,-0.17495947774848064
unrestricted,4,COP|EQNR|FANG|E,0.8242473661029739,0.6203473337826204,0.009658654631550554,0.009644114947211888,0.24891549641880834,0.2655330127840768,-0.06675966986526616,151.76733944897228,161.9838795319237,-0.20133304516380612,-0.20633248316085417
unrestricted,4,COP|HAL|SU|OXY,0.820066135012599,0.6202715965624424,0.009660609218141346,0.009645076855421498,0.24891549641880834,0.2609380321545352,-0.04829966759280646,151.76733944897228,159.9695214748175,-0.20133304516380612,-0.21241973779180368
unrestricted,4,COP|HAL|PSX|OKE,0.8102484990364859,0.6200150937805952,0.009665471571133913,0.00964833388251562,0.24891549641880834,0.24921708280733298,-0.0012116014987562096,151.76733944897228,154.79662045053126,-0.20133304516380612,-0.15312575175224685
unrestricted,4,EOG|SU|OKE|E,0.7942007836824704,0.6197462590688836,0.009669133214088051,0.009651746318649023,0.24891549641880834,0.2238037897600062,0.10088446488904368,151.76733944897228,150.95517401834456,-0.20133304516380612,-0.1553908568068828
unrestricted,4,EOG|OXY|SLB|E,0.7992162372448123,0.6195649712201474,0.00967125478370424,0.009654046803349393,0.24891549641880834,0.23339722732040707,0.06234352349156791,151.76733944897228,154.42547959351944,-0.20133304516380612,-0.16896043407602968
unrestricted,4,COP|PSX|OKE|DVN,0.8112719052423714,0.6195624393542563,0.009671387585191895,0.009654078928034684,0.24891549641880834,0.25083699977975044,-0.007719500748595953,151.76733944897228,153.6475493136062,-0.20133304516380612,-0.15246723923375582
unrestricted,4,COP|HAL|SU|FANG,0.8175693844633669,0.6192212984332391,0.009673258742895513,0.009658406396908332,0.24891549641880834,0.258603499688317,-0.038920852292812835,151.76733944897228,161.44757593659057,-0.20133304516380612,-0.20572801937650853
unrestricted,4,COP|EOG|SU|EQNR,0.8283380855364695,0.619021446490475,0.009677174167991137,0.009660940674780924,0.24891549641880834,0.2706302639372757,-0.0872375076316323,151.76733944897228,158.29363542611517,-0.20133304516380612,-0.2049264482305816
unrestricted,4,COP|IMO|PSX|DVN,0.8121973322246393,0.6178174622190818,0.009686696084069383,0.009676194086451479,0.24891549641880834,0.2527537106382249,-0.015419747965223607,151.76733944897228,168.0363580775007,-0.20133304516380612,-0.1686876235060396
unrestricted,4,EOG|SLB|EQNR|OKE,0.8051513106388135,0.6177147074320297,0.009692970824534004,0.009677494784864595,0.24891549641880834,0.24381315264172093,0.02049829701443151,151.76733944897228,143.74270066261928,-0.20133304516380612,-0.15379437750270541
unrestricted,4,COP|HAL|SU|EQNR,0.8283012539507898,0.6174958623401288,0.009693588486204472,0.009680264403865548,0.24891549641880834,0.27121073265742396,-0.08956949872298492,151.76733944897228,164.17183388238686,-0.20133304516380612,-0.21510763487112539
unrestricted,4,COP|EQNR|OKE|CVE,0.8259416091735838,0.6177311346055585,0.009694582007569136,0.009677286856915105,0.24891549641880834,0.26877499769959023,-0.0797841097340426,151.76733944897228,154.1099200510829,-0.20133304516380612,-0.17922060892668967
unrestricted,4,COP|IMO|PSX|CVE,0.8124878973199929,0.6170038601362378,0.00969555040018997,0.00968648810239257,0.24891549641880834,0.253537612386713,-0.018569016531328364,151.76733944897228,169.76464424623632,-0.20133304516380612,-0.16591997168774208
unrestricted,4,COP|EQNR|DVN|E,0.8249514876834678,0.617394294140967,0.009696155565333401,0.009681549542594562,0.24891549641880834,0.26778356629509537,-0.07580110578788912,151.76733944897228,162.00651719832578,-0.20133304516380612,-0.2126668393833413
unrestricted,4,COP|SLB|IMO|PSX,0.8052037199341503,0.6170654307254024,0.00969703545115805,0.009685709469543925,0.24891549641880834,0.24411430805466466,0.01928842692889443,151.76733944897228,167.023551150057,-0.20133304516380612,-0.16467901083429015
unrestricted,4,COP|OXY|SLB|OKE,0.8075507773613443,0.6171831307436317,0.009699819826889632,0.009684220839520377,0.24891549641880834,0.24745175426127256,0.005880478228936781,151.76733944897228,143.96225988444306,-0.20133304516380612,-0.17512969970940695
unrestricted,4,EOG|IMO|OKE|E,0.7927336286214874,0.6171614454338055,0.00970155339189552,0.00968449512518051,0.24891549641880834,0.22370525051488122,0.10128033917787937,151.76733944897228,148.07036843667544,-0.20133304516380612,-0.14347868173248313
unrestricted,4,COP|HAL|IMO|PSX,0.8100991177506502,0.6165805900586726,0.009702104620892254,0.009691839159472984,0.24891549641880834,0.25087269558406866,-0.007862906060164487,151.76733944897228,168.37362055310876,-0.20133304516380612,-0.1668771148101157
unrestricted,4,COP|HAL|SU|DVN,0.8165480734683199,0.6167408820911402,0.009704686800238928,0.009689813066169907,0.24891549641880834,0.2588017497130758,-0.039717307425623405,151.76733944897228,161.53225852966827,-0.20133304516380612,-0.2069762752130041
unrestricted,4,COP|HAL|SU|CVE,0.8165480736603415,0.616740867138024,0.00970468699108032,0.009689813255197242,0.24891549641880834,0.25880175833747915,-0.03971734207353994,151.76733944897228,161.53225577601978,-0.20133304516380612,-0.20697627743785663
unrestricted,4,COP|VLO|EQNR|OKE,0.8195668748909273,0.6164558060313139,0.009708521588215164,0.009693416137983482,0.24891549641880834,0.26240337205000724,-0.05418656461831972,151.76733944897228,161.088781457953,-0.20133304516380612,-0.1538995098610323
unrestricted,4,COP|EOG|PSX|EQNR,0.8290837778439306,0.6158910279706802,0.009714582674475928,0.009700550406935012,0.24891549641880834,0.2727978560266194,-0.09594565204421102,151.76733944897228,163.09373269875636,-0.20133304516380612,-0.17849885201157223
unrestricted,4,COP|SU|DVN|FANG,0.8183803061940034,0.61589141004162,0.00971605179533701,0.009700545582393538,0.24891549641880834,0.2613881826338698,-0.050108114579076934,151.76733944897228,160.27541799402795,-0.20133304516380612,-0.20737095573405284
unrestricted,4,COP|EOG|OXY|OKE,0.8136128515102773,0.6155956850606051,0.009716522888493674,0.009704279086139899,0.24891549641880834,0.2558808968320218,-0.02798299227418921,151.76733944897228,138.88409891750592,-0.20133304516380612,-0.1679648239692989
unrestricted,4,EOG|PSX|CVE|E,0.8011049382872946,0.6152145064499045,0.009716869135718361,0.009709089317093045,0.24891549641880834,0.23937769332223335,0.03831743396372289,151.76733944897228,171.236754172751,-0.20133304516380612,-0.13226655740974957
unrestricted,4,COP|IMO|EQNR|FANG,0.828741322526109,0.6156834616707645,0.009718297722124267,0.00970317106351746,0.24891549641880834,0.27258465575070767,-0.09508913535891406,151.76733944897228,161.08629981167462,-0.20133304516380612,-0.20622840146644583
unrestricted,4,COP|EOG|SU|VLO,0.810905207409306,0.6152588948611745,0.009718978452048882,0.00970852928626199,0.24891549641880834,0.25270734906926806,-0.0152334937157943,151.76733944897228,168.201509768609,-0.20133304516380612,-0.14947168036114433
unrestricted,4,OXY|PSX|OKE|E,0.7956765909686007,0.6155517577804301,0.009719380824104,0.00970483354194623,0.24891549641880834,0.23081094245748335,0.07273373583323828,151.76733944897228,162.2045881779861,-0.20133304516380612,-0.14575779664407196
unrestricted,4,COP|SU|VLO|PSX,0.8108177621184623,0.6147745743123995,0.009719393425871529,0.009714638019305739,0.24891549641880834,0.252619143972503,-0.014879136120409253,151.76733944897228,174.27274029054632,-0.20133304516380612,-0.1693213986721237
unrestricted,4,COP|EQNR|CVE|E,0.824357341361819,0.6151323434297653,0.00972074389384008,0.009710125849829346,0.24891549641880834,0.26811109298521546,-0.07711692057175057,151.76733944897228,167.99857868773785,-0.20133304516380612,-0.2038405972977807
unrestricted,4,COP|SU|FANG|CVE,0.8187328143000534,0.6150639287627215,0.009726005003666882,0.009710988854937513,0.24891549641880834,0.26220399548864,-0.05338558370618007,151.76733944897228,161.33931734309118,-0.20133304516380612,-0.20567584996061716
unrestricted,4,COP|EOG|IMO|VLO,0.8104647336965523,0.6147325288738299,0.00972756211653454,0.009715168157043538,0.24891549641880834,0.2525762257581922,-0.014706715299173556,151.76733944897228,165.67017968180446,-0.20133304516380612,-0.1422826375310613
unrestricted,4,COP|SLB|VLO|OKE,0.8025688622594063,0.6149816852829793,0.009728840918879673,0.009712026199732791,0.24891549641880834,0.24221879964226764,0.02690349485221799,151.76733944897228,156.76381943023387,-0.20133304516380612,-0.13464529167626793
unrestricted,4,COP|OXY|EQNR|E,0.8235685583961333,0.6146877580095138,0.009731191098344028,0.009715732627018848,0.24891549641880834,0.2676812566346759,-0.07539008412836457,151.76733944897228,160.44612010998438,-0.20133304516380612,-0.2170917613296195
unrestricted,4,COP|EOG|VLO|OKE,0.8072473714475306,0.6147685766028042,0.009732197028451163,0.00971471364431254,0.24891549641880834,0.2487364910464761,0.0007191411338691722,151.76733944897228,152.8925411180491,-0.20133304516380612,-0.12885776864018295
unrestricted,4,EOG|SLB|FANG|E,0.7943103927885468,0.6143272684612111,0.009737412610477758,0.009720276475969115,0.24891549641880834,0.2297582213700982,0.07696296664663016,151.76733944897228,155.50020784644815,-0.20133304516380612,-0.1621187909926013
unrestricted,4,COP|EQNR|OKE|FANG,0.8240849493464893,0.6143291382018874,0.00973750625234448,0.009720252913999531,0.24891549641880834,0.26847392542551995,-0.07857457365291531,151.76733944897228,148.70842512602943,-0.20133304516380612,-0.18780692562235723
unrestricted,4,HAL|EOG|SU|E,0.7951827210041706,0.6140811487338684,0.009738460714520896,0.009723377512220993,0.24891549641880834,0.2313660265412393,0.07050372568223506,151.76733944897228,161.2568384443011,-0.20133304516380612,-0.17987217022870872
unrestricted,4,COP|EOG|OKE|FANG,0.811055011843486,0.6136752559390646,0.009740552290245392,0.009728489482881457,0.24891549641880834,0.2539191155980193,-0.020101678084325503,151.76733944897228,138.60826838551864,-0.20133304516380612,-0.1597913375650306
unrestricted,4,EOG|EQNR|OKE|E,0.8023780345735365,0.6139712358080873,0.009741414762193227,0.009724762063380802,0.24891549641880834,0.24267153939330055,0.025084645654210758,151.76733944897228,146.33596381380403,-0.20133304516380612,-0.1496787327161091
unrestricted,4,PSX|OKE|DVN|E,0.7936433300468251,0.6134932120724099,0.009743539879589553,0.009730781341330312,0.24891549641880834,0.22903253783660574,0.07987834774556934,151.76733944897228,165.19771873964842,-0.20133304516380612,-0.13149489206685805
unrestricted,4,COP|EOG|OKE|DVN,0.8109430464967637,0.6134164272891557,0.009743776692580298,0.00973174786876795,0.24891549641880834,0.25393523375995375,-0.02016643163388898,151.76733944897228,138.56055412072283,-0.20133304516380612,-0.15988722309634662
unrestricted,4,COP|EOG|SLB|PSX,0.8108125867327848,0.6132047534405742,0.009750316530114147,0.009734411813597809,0.24891549641880834,0.25408503086061685,-0.020768230649290675,151.76733944897228,159.51480533007654,-0.20133304516380612,-0.15779407112277855
unrestricted,4,EOG|SLB|DVN|E,0.7948038761320378,0.6133095704718974,0.009750323980120091,0.009733092767809409,0.24891549641880834,0.2315834553800847,0.0696302210512515,151.76733944897228,155.14012738323134,-0.20133304516380612,-0.16214149406365608
unrestricted,4,EOG|VLO|OKE|E,0.7927122491809226,0.6130174715217449,0.00975210538491601,0.009736768174895046,0.24891549641880834,0.2280056406273453,0.08400383299672731,151.76733944897228,160.79431706657954,-0.20133304516380612,-0.10670634795591438
unrestricted,4,COP|IMO|EQNR|DVN,0.8284210364143438,0.6127352497252159,0.009755503652388031,0.009740317982934446,0.24891549641880834,0.27362446040979016,-0.09926647535599065,151.76733944897228,161.1208254753556,-0.20133304516380612,-0.209532587447548
unrestricted,4,PSX|OKE|FANG|E,0.7911890517725161,0.6124712442787168,0.009756502423670474,0.009743637493536067,0.24891549641880834,0.22546716401818745,0.09420197913740291,151.76733944897228,165.0847671981794,-0.20133304516380612,-0.130603681670713
unrestricted,4,EOG|SLB|VLO|E,0.7920499402750151,0.6119497528938136,0.009759847156922644,0.009750191219748816,0.24891549641880834,0.22739822551461877,0.08644407927092679,151.76733944897228,169.27658567622876,-0.20133304516380612,-0.12377828922598721
unrestricted,4,COP|EQNR|OKE|DVN,0.8238083873486952,0.6125151612992565,0.009760362098974705,0.009743085374956913,0.24891549641880834,0.26906517110186035,-0.08094986038615093,151.76733944897228,148.60887795536414,-0.20133304516380612,-0.18963593180515081
unrestricted,4,COP|IMO|DVN|FANG,0.8160620614129657,0.6124225625460967,0.00976082537855585,0.009744249476843717,0.24891549641880834,0.2606808912268022,-0.04726662251753999,151.76733944897228,157.75869249812266,-0.20133304516380612,-0.1934579904575383
unrestricted,4,COP|OXY|EQNR|OKE,0.8244713450517094,0.6123356946170961,0.009762471380677764,0.009745341407469325,0.24891549641880834,0.2698372673021641,-0.08405170101645343,151.76733944897228,147.89174050191914,-0.20133304516380612,-0.19413159193348306
unrestricted,4,COP|SU|OXY|FANG,0.8192471717745496,0.6119853662220326,0.009765991647424602,0.009749743797372487,0.24891549641880834,0.2644228374042363,-0.062299620588251114,151.76733944897228,158.72326171146153,-0.20133304516380612,-0.21644898450815908
unrestricted,4,COP|OXY|SLB|IMO,0.8073990573975403,0.6118564257873957,0.009768099957451619,0.009751363622595035,0.24891549641880834,0.2507381322584344,-0.0073223076339103965,151.76733944897228,157.29129445859277,-0.20133304516380612,-0.19462764229067642
unrestricted,4,COP|SLB|VLO|EQNR,0.82352349074372,0.6107200368974387,0.009773250317669097,0.009765627986363648,0.24891549641880834,0.2692621318525821,-0.08174113595378518,151.76733944897228,171.5716071179989,-0.20133304516380612,-0.1753539112492314
unrestricted,4,COP|HAL|OKE|CVE,0.8116177598579686,0.6112832667466783,0.009776073498690458,0.009758560728007369,0.24891549641880834,0.25623599562483645,-0.029409575986025116,151.76733944897228,150.04924481210838,-0.20133304516380612,-0.16276457076373407
unrestricted,4,COP|IMO|FANG|CVE,0.8163108579112123,0.6109611478259418,0.009778467477059833,0.009762603216836063,0.24891549641880834,0.26170805775443734,-0.05139318973578533,151.76733944897228,159.7434419101741,-0.20133304516380612,-0.19053930036902766
unrestricted,4,EOG|SLB|PSX|EQNR,0.8105210263234524,0.6107546834055729,0.009779110437482993,0.00976519339883003,0.24891549641880834,0.2550771490174584,-0.024753993573316535,151.76733944897228,163.5212020124443,-0.20133304516380612,-0.147142953891375
unrestricted,4,COP|SU|OXY|DVN,0.8187639746327485,0.6104326300144791,0.00978552887188164,0.009769232321425686,0.24891549641880834,0.264691564082412,-0.0633792105777935,151.76733944897228,158.69413857586343,-0.20133304516380612,-0.2176679529186747
unrestricted,4,COP|SU|DVN|CVE,0.8177939092820105,0.6102738772287233,0.00978591032174979,0.009771222650950323,0.24891549641880834,0.26365258720191065,-0.059205196121284054,151.76733944897228,162.20352319886834,-0.20133304516380612,-0.20828722683391443
unrestricted,4,COP|SLB|EQNR|CVE,0.8299884133189063,0.6101821622407366,0.009786545785645962,0.009772372323499437,0.24891549641880834,0.2763039323108831,-0.1100310598822376,151.76733944897228,163.11724882919785,-0.20133304516380612,-0.20767175170573937
unrestricted,4,COP|SU|OXY|CVE,0.8189940829601914,0.6102840177981708,0.009787202040193146,0.009771095527823794,0.24891549641880834,0.26500780259966655,-0.06464967594376847,151.76733944897228,159.19616159427514,-0.20133304516380612,-0.21663236656888507
unrestricted,4,COP|IMO|EQNR|CVE,0.828048153726279,0.6098581336717429,0.009790580690540833,0.009776433027958713,0.24891549641880834,0.2745219279835654,-0.10287198640969075,151.76733944897228,163.17603798056646,-0.20133304516380612,-0.20603863099714204
unrestricted,4,EOG|SU|OXY|SLB,0.7964009961121127,0.6101112121744179,0.009790759048555074,0.009773261609277665,0.24891549641880834,0.2369051894508014,0.04825053940313617,151.76733944897228,153.8899870814911,-0.20133304516380612,-0.1816011016242266
unrestricted,4,COP|HAL|OXY|IMO,0.8142508376224383,0.6098292734558859,0.009793302731086728,0.009776794620464064,0.24891549641880834,0.2600305791682983,-0.04465404086689917,151.76733944897228,158.1457941376153,-0.20133304516380612,-0.199661568365619
unrestricted,4,COP|OXY|IMO|EQNR,0.827989387067551,0.6095122633388668,0.009796613081453184,0.009780765591765411,0.24891549641880834,0.2746806414127134,-0.10350960612976223,151.76733944897228,159.86669531642076,-0.20133304516380612,-0.2138860342323493
unrestricted,4,COP|SU|IMO|VLO,0.8055956777465774,0.6086304270719094,0.009796881976345189,0.009791803287744481,0.24891549641880834,0.24990269887715758,-0.003966014460940803,151.76733944897228,174.19332858154098,-0.20133304516380612,-0.1582873337830094
unrestricted,4,COP|VLO|PSX|OKE,0.805965933832065,0.609520871773461,0.009797314226667735,0.009780657781023846,0.24891549641880834,0.2503892629135244,-0.005920750278385345,151.76733944897228,157.72425595860665,-0.20133304516380612,-0.1387247221113619
unrestricted,4,COP|IMO|VLO|PSX,0.808018562163631,0.6088160046584457,0.009797479586211381,0.009789481499326092,0.24891549641880834,0.2529290961136496,-0.016124346425134828,151.76733944897228,171.24391873390036,-0.20133304516380612,-0.15930378308272775
unrestricted,4,HAL|EOG|OXY|E,0.8002606261818488,0.6094827534324943,0.009798259791808211,0.009781135160380379,0.24891549641880834,0.2429478590883138,0.023974551268812094,151.76733944897228,156.05758358990133,-0.20133304516380612,-0.17476294096145883
unrestricted,4,EOG|OKE|CVE|E,0.7953118624401523,0.6093141879693503,0.009800732125806245,0.009783245929764647,0.24891549641880834,0.23587441851788274,0.05239158705886093,151.76733944897228,154.1231423060271,-0.20133304516380612,-0.14647496438652596
unrestricted,4,COP|OXY|OKE|CVE,0.8142345360338541,0.6092233999235562,0.009801646293210977,0.009784382585048481,0.24891549641880834,0.26037034214852933,-0.046019014061092545,151.76733944897228,148.1675241973588,-0.20133304516380612,-0.16917830017644853
unrestricted,4,COP|OXY|IMO|FANG,0.8167718844711842,0.6087923269386989,0.009806835230681205,0.009789777765398796,0.24891549641880834,0.2633965879230369,-0.058176737537721124,151.76733944897228,156.3965485185834,-0.20133304516380612,-0.2025414187616036
unrestricted,4,COP|IMO|VLO|EQNR,0.8205434419485284,0.6076131460970577,0.009810634862743358,0.00980452087158681,0.24891549641880834,0.2675873664165596,-0.0750128869692197,151.76733944897228,173.2253621582466,-0.20133304516380612,-0.17058624162547864
unrestricted,4,COP|HAL|IMO|FANG,0.8116152146254346,0.6083505101636315,0.009811361826946256,0.00979530432816728,0.24891549641880834,0.25781646293273897,-0.035758989062514956,151.76733944897228,159.43526137270058,-0.20133304516380612,-0.19213351301836912
unrestricted,4,HAL|EOG|DVN|E,0.7976031472873459,0.6078732919009443,0.009818273988300036,0.009801270217505764,0.24891549641880834,0.24036825817042,0.03433791134484987,151.76733944897228,156.68369458129513,-0.20133304516380612,-0.16695769302156416
unrestricted,4,COP|HAL|PSX|EQNR,0.8275038020720108,0.607244261062012,0.009819101893900745,0.009809128430885952,0.24891549641880834,0.2750056609905926,-0.10481534877156351,151.76733944897228,169.08394911046076,-0.20133304516380612,-0.18966074863531845
unrestricted,4,COP|OKE|FANG|CVE,0.8121093927198063,0.6076438872246943,0.009821729050518363,0.009804136801723082,0.24891549641880834,0.2588374562610514,-0.039860755899058464,151.76733944897228,150.01847225134424,-0.20133304516380612,-0.15960510102897618
unrestricted,4,COP|OXY|SLB|EQNR,0.8289649551764666,0.6075146846843966,0.009822370361876588,0.009805750915883312,0.24891549641880834,0.27656249513750764,-0.11106981733343879,151.76733944897228,157.9816892376642,-0.20133304516380612,-0.2187215517164398
unrestricted,4,HAL|EOG|FANG|E,0.796527540964201,0.6074010375206249,0.009824054341581914,0.009807170478702547,0.24891549641880834,0.2391621752510867,0.03918326222370405,151.76733944897228,157.1496143121155,-0.20133304516380612,-0.16731560044943705
unrestricted,4,COP|SLB|OKE|FANG,0.8012300488023367,0.6072052747134367,0.00982572067324355,0.009809615263505614,0.24891549641880834,0.24576467207280941,0.012658208875423127,151.76733944897228,144.51215752386562,-0.20133304516380612,-0.16719257123277875
unrestricted,4,COP|VLO|OKE|CVE,0.8070530291795781,0.6067925701172758,0.009829199480214252,0.009814767331727583,0.24891549641880834,0.2532672310883063,-0.017482779224705425,151.76733944897228,162.827493817547,-0.20133304516380612,-0.12886133883414297
unrestricted,4,COP|OKE|DVN|CVE,0.8118832767759575,0.6069445840874823,0.009830489541372224,0.009812869954080003,0.24891549641880834,0.2589628606566611,-0.04036455898650737,151.76733944897228,150.13521057908315,-0.20133304516380612,-0.15975879260225445
unrestricted,4,COP|EOG|SLB|CVE,0.8156167011610713,0.6068188436929551,0.009832065440044275,0.009814439421672452,0.24891549641880834,0.26317580775406474,-0.057289769180392636,151.76733944897228,153.37820876683813,-0.20133304516380612,-0.17915855977991313
unrestricted,4,EOG|SLB|IMO|EQNR,0.8025527187080865,0.6067596016358836,0.00983226833311037,0.009815178782742033,0.24891549641880834,0.2478300082047322,0.004360870374457426,151.76733944897228,156.45636287257904,-0.20133304516380612,-0.17873220391548716
unrestricted,4,COP|SLB|IMO|FANG,0.8030818069983784,0.6066249114763455,0.009833321768944123,0.0098168595546307,0.24891549641880834,0.24855987132556112,0.0014286980857506348,151.76733944897228,158.4939111664038,-0.20133304516380612,-0.1866694545672326
unrestricted,4,HAL|EOG|IMO|E,0.791421364154573,0.6065418718781992,0.009834074094962007,0.00981789564598501,0.24891549641880834,0.231919548057201,0.0682799930343071,151.76733944897228,159.24567202795737,-0.20133304516380612,-0.17157711558182798
unrestricted,4,EOG|SLB|CVE|E,0.7927344897360143,0.6064233185392351,0.009834273930272057,0.009819374655520066,0.24891549641880834,0.2340588768778833,0.0596853942589749,151.76733944897228,161.9978234521523,-0.20133304516380612,-0.16649763710873544
unrestricted,4,COP|SLB|EQNR|FANG,0.82737885783192,0.6063972493379486,0.009835929576979936,0.009819699851381168,0.24891549641880834,0.27548362385463426,-0.10673553000141145,151.76733944897228,159.12504658674936,-0.20133304516380612,-0.21280311037890987
unrestricted,4,COP|SLB|IMO|VLO,0.8008345677917317,0.6055555513717871,0.009839269352501375,0.009830193689923385,0.24891549641880834,0.24596622596520462,0.011848480693389507,151.76733944897228,170.18386669699785,-0.20133304516380612,-0.15353908589378562
unrestricted,4,COP|SU|EQNR|FANG,0.8266164177306355,0.6057822885283439,0.009841528686055602,0.009827367955439151,0.24891549641880834,0.2749307051115336,-0.10451421894984736,151.76733944897228,163.34022500920463,-0.20133304516380612,-0.2170104290715239
unrestricted,4,COP|IMO|DVN|CVE,0.8153816705093185,0.605304679775847,0.009849011513565764,0.009833319256010584,0.24891549641880834,0.26361639085938776,-0.059059779933687606,151.76733944897228,160.4525711984868,-0.20133304516380612,-0.19405378391910477
unrestricted,4,COP|OXY|IMO|DVN,0.8156941329959924,0.6051280100157543,0.009852694939103788,0.00983551975815176,0.24891549641880834,0.2641038362989945,-0.06101805672488658,151.76733944897228,156.26667807113017,-0.20133304516380612,-0.20498713040327898
unrestricted,4,COP|OXY|IMO|CVE,0.8163443739075661,0.6049789817615437,0.009854077283433358,0.009837375590045811,0.24891549641880834,0.2648574113300947,-0.06404548989775871,151.76733944897228,157.91626663259248,-0.20133304516380612,-0.2021325928563571
unrestricted,4,EOG|IMO|FANG|E,0.7920494955776192,0.6049398114207016,0.009854772244315878,0.009837863315742811,0.24891549641880834,0.23435424327113052,0.058498781141283485,151.76733944897228,157.26073971493756,-0.20133304516380612,-0.16078079284863356
unrestricted,4,HAL|EOG|SLB|E,0.7898933047184006,0.6048818782147768,0.009855889754682524,0.009838584621109444,0.24891549641880834,0.2309403484043032,0.07221385680327985,151.76733944897228,155.73175577093332,-0.20133304516380612,-0.1651703823548758
unrestricted,4,COP|SLB|OKE|DVN,0.8001860355088682,0.6047674422937857,0.009856140211256498,0.00984000926594465,0.24891549641880834,0.2460123869793927,0.011663032158235165,151.76733944897228,144.43606334818037,-0.20133304516380612,-0.16807080816403874
unrestricted,4,EOG|SU|OXY|E,0.7945520371650158,0.604774853354163,0.009856410526622759,0.009839917009824525,0.24891549641880834,0.23824915871259011,0.042851240118340295,151.76733944897228,158.53040678693014,-0.20133304516380612,-0.17949877866372987
unrestricted,4,COP|HAL|OXY|OKE,0.8095273190870447,0.604449409533923,0.00985980765311263,0.0098439674621401,0.24891549641880834,0.25756884336957914,-0.03476419538063347,151.76733944897228,143.8042241024099,-0.20133304516380612,-0.17935772580910347
unrestricted,4,COP|HAL|SLB|OKE,0.800547180121567,0.6042797410004199,0.009862402185767066,0.009846078484719202,0.24891549641880834,0.2468115084307304,0.008452619536944761,151.76733944897228,144.8491434855098,-0.20133304516380612,-0.1684142692059507
unrestricted,4,EOG|SLB|IMO|E,0.7855624895913564,0.6042828673933939,0.009862922625706975,0.009846039590107799,0.24891549641880834,0.2236512193967413,0.10149740528632689,151.76733944897228,157.39795226012282,-0.20133304516380612,-0.16586938859064715
unrestricted,4,EOG|IMO|DVN|E,0.7930953476666132,0.6042558560287359,0.009863426480805808,0.009846375626136532,0.24891549641880834,0.23652411968693288,0.04978145961240821,151.76733944897228,156.8212497509411,-0.20133304516380612,-0.16051591593640402
unrestricted,4,OXY|PSX|FANG|E,0.7960517981270545,0.6033633063507187,0.00986387864416047,0.009857472985182395,0.24891549641880834,0.2408458648750444,0.03241916095969588,151.76733944897228,173.09173939717405,-0.20133304516380612,-0.1558310924738825
unrestricted,4,EOG|OXY|IMO|E,0.7944381350719415,0.6042307325474361,0.0098639925324531,0.009846688165578626,0.24891549641880834,0.23854644665767596,0.04165690730514471,151.76733944897228,155.80334614082798,-0.20133304516380612,-0.17074577829907522
unrestricted,4,COP|HAL|IMO|CVE,0.8100348935908196,0.6041003471613784,0.009864384538748399,0.009848310017777908,0.24891549641880834,0.2583484986118928,-0.03789640391537996,151.76733944897228,159.6468764975343,-0.20133304516380612,-0.1935145599703847
unrestricted,4,COP|HAL|SU|VLO,0.8068520215234298,0.6031069673441656,0.009865055113428493,0.009860657822515287,0.24891549641880834,0.25470292437390424,-0.023250573139722785,151.76733944897228,175.03855110481433,-0.20133304516380612,-0.16277508773560712
unrestricted,4,EOG|SU|FANG|E,0.7915513316453759,0.6040293956461746,0.009865252637652196,0.009849192465146657,0.24891549641880834,0.23427326509225513,0.05882410511685132,151.76733944897228,159.68534554755246,-0.20133304516380612,-0.17128133656820987
unrestricted,4,COP|HAL|IMO|DVN,0.8098773746044392,0.6039209731257829,0.009866681856853606,0.009850540799049826,0.24891549641880834,0.258270602201957,-0.03758346072358787,151.76733944897228,159.4966531752967,-0.20133304516380612,-0.19375045652623524
unrestricted,4,EOG|VLO|PSX|E,0.7919680857827684,0.6033063753646632,0.009867804079719234,0.009858180402738285,0.24891549641880834,0.23508945586670424,0.055545117724777326,151.76733944897228,169.6431900529862,-0.20133304516380612,-0.11087909901123105
unrestricted,4,COP|SU|EQNR|DVN,0.8260125150052988,0.6035694345190142,0.009869066459232625,0.009854911236683618,0.24891549641880834,0.2753200031231139,-0.1060781955490595,151.76733944897228,163.44979787169743,-0.20133304516380612,-0.2192986971526496
unrestricted,4,COP|HAL|EOG|PSX,0.8133471142714005,0.6035205519209113,0.009871187749254507,0.009855518806908924,0.24891549641880834,0.2623207935539575,-0.05385481148427296,151.76733944897228,160.60034243428188,-0.20133304516380612,-0.16068279184018464
unrestricted,4,COP|SU|VLO|FANG,0.8078660696864691,0.6025825219242277,0.009871482893782655,0.009867170496208291,0.24891549641880834,0.2561798933882765,-0.029184189309152453,151.76733944897228,175.13677329762638,-0.20133304516380612,-0.16264719484470136
unrestricted,4,EOG|SU|SLB|OKE,0.7844493660421468,0.603422125642155,0.009873349509097953,0.009856742050446713,0.24891549641880834,0.22235206449016662,0.10671666614097775,151.76733944897228,145.5028252584232,-0.20133304516380612,-0.1546470778408784
unrestricted,4,EOG|SU|DVN|E,0.7920324472789735,0.6033885460288848,0.00987339074093336,0.009857159343747013,0.24891549641880834,0.235552167610653,0.053686206766617284,151.76733944897228,159.30572533183502,-0.20133304516380612,-0.17101654561054658
unrestricted,4,COP|OXY|VLO|OKE,0.8060820070087555,0.6034057522930759,0.009874295944162002,0.009856945523992584,0.24891549641880834,0.2542228655342028,-0.021321971479287383,151.76733944897228,155.67926338955087,-0.20133304516380612,-0.14210673249039807
unrestricted,4,HAL|EOG|EQNR|E,0.80329851730964,0.603314483228348,0.00987472851014174,0.009858079658503523,0.24891549641880834,0.250895021686831,-0.00795259956291372,151.76733944897228,158.18980835703547,-0.20133304516380612,-0.1759883587778398
unrestricted,4,COP|EOG|PSX|CVE,0.8159409135032646,0.6026488362833704,0.009879717832201373,0.009866347227954504,0.24891549641880834,0.26545614326516154,-0.06645085213386248,151.76733944897228,164.7437471968235,-0.20133304516380612,-0.15346809361324543
unrestricted,4,COP|EOG|SLB|VLO,0.8075272493784105,0.6027083536868719,0.009880016556623194,0.009865608282893379,0.24891549641880834,0.2561732236735932,-0.029157394212907972,151.76733944897228,163.05852335466525,-0.20133304516380612,-0.141969450774465
unrestricted,4,COP|SU|EQNR|CVE,0.8262121099203409,0.6026352061555524,0.00988017705199671,0.009866516446561202,0.24891549641880834,0.2759107283515259,-0.10845139142039284,151.76733944897228,164.29440372840725,-0.20133304516380612,-0.2176071381433493
unrestricted,4,COP|SU|OXY|VLO,0.8097298244994166,0.6020271208050726,0.009880519436060478,0.009874062900898985,0.24891549641880834,0.25870871835883563,-0.03934356068996969,151.76733944897228,173.08990667853413,-0.20133304516380612,-0.17132017853017267
unrestricted,4,COP|SLB|EQNR|DVN,0.8262924138166489,0.6027372624324794,0.009881565217744154,0.009865249343118148,0.24891549641880834,0.27603835230694423,-0.10896411142880713,151.76733944897228,159.13227596962568,-0.20133304516380612,-0.21470396913628353
unrestricted,4,COP|SU|VLO|EQNR,0.8188135139374618,0.6015973566691206,0.00988308168096908,0.009879392878549645,0.24891549641880834,0.2685915879312923,-0.07904727425800084,151.76733944897228,175.74687884051815,-0.20133304516380612,-0.1785636637821444
unrestricted,4,EOG|PSX|EQNR|OKE,0.803908136331937,0.6025552474969096,0.009885257977793481,0.009867509078205996,0.24891549641880834,0.25214538703274636,-0.012975851887114365,151.76733944897228,153.0488858278184,-0.20133304516380612,-0.1397954793254087
unrestricted,4,COP|IMO|VLO|FANG,0.8070357627439527,0.6015882872574321,0.009887292161292607,0.009879505327315774,0.24891549641880834,0.2559336234897848,-0.02819481780743871,151.76733944897228,171.73731870913477,-0.20133304516380612,-0.15152289601254065
unrestricted,4,COP|PSX|EQNR|CVE,0.8290845718953105,0.6014256885499455,0.009887672675233593,0.00988152112012447,0.24891549641880834,0.2789497284479968,-0.12066035446284507,151.76733944897228,173.41571820733014,-0.20133304516380612,-0.1845544637564065
unrestricted,4,COP|HAL|SLB|IMO,0.8019225656991446,0.6019159445753071,0.00989182389390411,0.009875441995414295,0.24891549641880834,0.2500425880351066,-0.00452800903324202,151.76733944897228,159.0134107518861,-0.20133304516380612,-0.18858143890580825
unrestricted,4,COP|SU|OXY|EQNR,0.8264259422986281,0.6015391390775746,0.00989510426158816,0.00988011467778845,0.24891549641880834,0.27664589899948144,-0.1114048863153776,151.76733944897228,162.0666935332746,-0.20133304516380612,-0.22309191620328994
unrestricted,4,EOG|SU|SLB|FANG,0.789592233557764,0.6015640364715484,0.00989740067747957,0.009879805998850974,0.24891549641880834,0.2333559305701286,0.06250943019835242,151.76733944897228,154.59042069015382,-0.20133304516380612,-0.17588946861478816
unrestricted,4,EOG|SU|SLB|PSX,0.7891868754416478,0.6011726714045953,0.0098977092520933,0.00988465704426129,0.24891549641880834,0.23273370436693452,0.06500917895705227,151.76733944897228,165.28425192022874,-0.20133304516380612,-0.14144568033348015
unrestricted,4,COP|SLB|IMO|DVN,0.8007886014217865,0.601277942496723,0.009899941755092744,0.009883352422885402,0.24891549641880834,0.24904018567409483,-0.0005009300629346125,151.76733944897228,158.4971220107047,-0.20133304516380612,-0.1884394403067342
unrestricted,4,EOG|SU|PSX|OKE,0.7875284796470198,0.6013462393040785,0.00990008776934552,0.009882505930559045,0.24891549641880834,0.2301898194479704,0.07522905259113066,151.76733944897228,154.70191127418872,-0.20133304516380612,-0.1259388025651651
unrestricted,4,COP|SLB|IMO|CVE,0.8007607219762841,0.6011622275187067,0.009901309343792212,0.009884786465626112,0.24891549641880834,0.2490740414678017,-0.0006369432649810935,151.76733944897228,158.68740388609905,-0.20133304516380612,-0.1880823090675342
unrestricted,4,COP|PSX|EQNR|FANG,0.8278582550214256,0.6004420431701263,0.009904258070080189,0.009893706956916336,0.24891549641880834,0.27834642145678085,-0.11823661226962767,151.76733944897228,168.65076208975276,-0.20133304516380612,-0.1910445095197083
unrestricted,4,COP|EOG|OXY|PSX,0.8155441299960173,0.6006679734415103,0.00990736599844991,0.009890909360303474,0.24891549641880834,0.26613635575371775,-0.06918355659920339,151.76733944897228,158.89648991536848,-0.20133304516380612,-0.16841043050798965
unrestricted,4,COP|VLO|OKE|FANG,0.8029080578845038,0.6003850877439261,0.009911525118024907,0.009894412086431392,0.24891549641880834,0.2521980062381291,-0.013187245738199627,151.76733944897228,156.92217258473448,-0.20133304516380612,-0.13469023864690743
unrestricted,4,COP|HAL|SLB|EQNR,0.826061416488939,0.6001343923391278,0.00991370852600066,0.009897515192272768,0.24891549641880834,0.2769456168807517,-0.11260898122140928,151.76733944897228,159.59448704872338,-0.20133304516380612,-0.21457999252129312
unrestricted,4,COP|OXY|PSX|EQNR,0.8285984768154218,0.5996014050550029,0.009915790979958048,0.009904109274065745,0.24891549641880834,0.2794488470915051,-0.12266552750626425,151.76733944897228,167.25327907950796,-0.20133304516380612,-0.19743030588065869
unrestricted,4,EOG|OXY|SLB|EQNR,0.8145930951712438,0.5998557316729952,0.00991881577547772,0.009900963310565399,0.24891549641880834,0.26559119489918925,-0.06699341230376232,151.76733944897228,151.4316711325319,-0.20133304516380612,-0.18606044280257394
unrestricted,4,COP|EOG|OXY|SLB,0.8131394927497202,0.599812588614625,0.00991894983989797,0.00990149705096674,0.24891549641880834,0.26405706303736526,-0.060830148529928296,151.76733944897228,148.04411402318036,-0.20133304516380612,-0.1944420152839419
unrestricted,4,EOG|OXY|FANG|E,0.7976733993050047,0.5996110029297083,0.009921755110243222,0.00990399056864227,0.24891549641880834,0.24621526029504787,0.01084800328870339,151.76733944897228,153.62241853979668,-0.20133304516380612,-0.17223755355712755
unrestricted,4,COP|SU|VLO|DVN,0.8062019853227218,0.5984803440114023,0.00992208653181487,0.009917964655032942,0.24891549641880834,0.2565406971887496,-0.0306336924765489,151.76733944897228,175.46316638301215,-0.20133304516380612,-0.16448601766964033
unrestricted,4,OXY|PSX|DVN|E,0.7956661156409386,0.598608164633613,0.009922123398288152,0.0099163858763821,0.24891549641880834,0.24360957774806877,0.021316144422813266,151.76733944897228,173.9255866890016,-0.20133304516380612,-0.165506016473992
unrestricted,4,COP|OXY|IMO|VLO,0.8081291475070052,0.5989069459707952,0.009922193595376572,0.009912694492636837,0.24891549641880834,0.25872443686081903,-0.0394067086345915,151.76733944897228,169.95265236173043,-0.20133304516380612,-0.16194288301141413
unrestricted,4,PSX|DVN|FANG|E,0.791972007686856,0.5981771276393483,0.00992444542025515,0.009921708832528593,0.24891549641880834,0.23865006177521325,0.0412406410660876,151.76733944897228,176.72805110680082,-0.20133304516380612,-0.1435698498735546
unrestricted,4,EOG|VLO|FANG|E,0.7912543079398705,0.5986463878668039,0.009924948394609143,0.0099159137126254,0.24891549641880834,0.23764560232057427,0.04527598426122936,151.76733944897228,170.48888167670793,-0.20133304516380612,-0.11604718278353354
unrestricted,4,COP|SU|VLO|CVE,0.8067030244658701,0.5981434916201802,0.009925254112013695,0.009922124089881733,0.24891549641880834,0.25725227183898475,-0.0334923921576562,151.76733944897228,176.3783369265337,-0.20133304516380612,-0.16267545808060013
unrestricted,4,EOG|OXY|VLO|E,0.7938977741348263,0.5986510241443608,0.009926190541021533,0.009915856440111115,0.24891549641880834,0.2414486935368361,0.029997340420337304,151.76733944897228,168.98197093156318,-0.20133304516380612,-0.12876138412243632
unrestricted,4,COP|HAL|VLO|OKE,0.8013639494307305,0.5991117274811691,0.009927006769280692,0.009910163663822625,0.24891549641880834,0.2510817242788696,-0.008702663720126624,151.76733944897228,157.90863380242953,-0.20133304516380612,-0.1353761015685464
unrestricted,4,EOG|IMO|EQNR|E,0.7967105938913167,0.5990585936153459,0.009927832199644231,0.009910820390267206,0.24891549641880834,0.2452918152283419,0.01455787704100786,151.76733944897228,157.37731878959633,-0.20133304516380612,-0.16627652513223612
unrestricted,4,HAL|EOG|CVE|E,0.794680082750003,0.5981867812277754,0.009935879379771634,0.009921589649829667,0.24891549641880834,0.24305222295082549,0.023555277000985475,151.76733944897228,163.46675553294833,-0.20133304516380612,-0.17127139293424753
unrestricted,4,EOG|SLB|EQNR|FANG,0.8118755548193491,0.5983917857792107,0.00993693220850035,0.009919058336225285,0.24891549641880834,0.2634393681291279,-0.05834860392091734,151.76733944897228,152.48234862201025,-0.20133304516380612,-0.17557183293700507
unrestricted,4,HAL|EOG|VLO|E,0.7895652688573621,0.5973631573239089,0.009939954717780504,0.009931752923215765,0.24891549641880834,0.23609984277321097,0.05148596142055617,151.76733944897228,171.450722467074,-0.20133304516380612,-0.12815362338375225
unrestricted,4,COP|HAL|OKE|FANG,0.80496913872476,0.5979773458081318,0.009940514501568642,0.009924175007276033,0.24891549641880834,0.25595718643877796,-0.028289480250445198,151.76733944897228,144.53291778914945,-0.20133304516380612,-0.1716480689292027
unrestricted,4,HAL|EOG|SU|OXY,0.798593669022819,0.5980059009783425,0.009941459865749206,0.009923822550099918,0.24891549641880834,0.24839398616123862,0.002095129733073242,151.76733944897228,154.82337503679804,-0.20133304516380612,-0.18519220890207178
unrestricted,4,EOG|OXY|DVN|E,0.7980671421991036,0.5978197264026951,0.009943977756660423,0.009926120282319944,0.24891549641880834,0.24786352364447636,0.004226224519834565,151.76733944897228,153.0121356512108,-0.20133304516380612,-0.1789121131765461
unrestricted,4,COP|VLO|OKE|DVN,0.8020392424678139,0.5975891550002579,0.00994614422983739,0.00992896521491787,0.24891549641880834,0.2528048487684106,-0.015625191703847463,151.76733944897228,156.91812023587977,-0.20133304516380612,-0.13690199127991898
unrestricted,4,COP|PSX|EQNR|DVN,0.8272101421438615,0.5970258050376731,0.009946457840863102,0.00993591274875023,0.24891549641880834,0.27917880768331116,-0.12158066371883836,151.76733944897228,168.78882850270114,-0.20133304516380612,-0.19333804584807124
unrestricted,4,COP|OXY|OKE|FANG,0.8088799396776842,0.5973539656595448,0.00994655369376265,0.009931866286933069,0.24891549641880834,0.26059922624781945,-0.04693853937222481,151.76733944897228,141.4669819284146,-0.20133304516380612,-0.1810417639981473
unrestricted,4,HAL|EOG|SU|SLB,0.7877196125242745,0.597387276660696,0.00994909531162698,0.009931455445618353,0.24891549641880834,0.23390176205736093,0.06031659168453818,151.76733944897228,154.89057243424057,-0.20133304516380612,-0.17809747265474662
unrestricted,4,COP|IMO|VLO|DVN,0.8054825654316582,0.5965002216574211,0.009950107091622072,0.00994239014733032,0.24891549641880834,0.25697121805210155,-0.03236327890064028,151.76733944897228,171.99863000595278,-0.20133304516380612,-0.15393781789769745
unrestricted,4,EOG|SU|VLO|E,0.7863574632978428,0.596394771398277,0.009950303796178225,0.009943689229986608,0.24891549641880834,0.2318479057730226,0.0685678107283002,151.76733944897228,173.1373842886189,-0.20133304516380612,-0.1337861204060513
unrestricted,4,SU|OXY|PSX|E,0.7878114840706709,0.5959753020486069,0.009952369475808763,0.009948855156201915,0.24891549641880834,0.2342587535164265,0.058882404322956994,151.76733944897228,176.11062011947985,-0.20133304516380612,-0.16830619198218766
unrestricted,4,EOG|DVN|FANG|E,0.7948388421048943,0.5969376855697052,0.009954720066262466,0.009936999045958328,0.24891549641880834,0.24429225039777608,0.018573556438019057,151.76733944897228,154.4459068976175,-0.20133304516380612,-0.15742085873921574
unrestricted,4,EOG|SU|SLB|DVN,0.7873140053188254,0.5968455433461763,0.00995587920237825,0.009938134806896202,0.24891549641880834,0.23372731672389704,0.06101741319213283,151.76733944897228,154.29772478419446,-0.20133304516380612,-0.17559435467068163
unrestricted,4,EOG|VLO|DVN|E,0.791290496286597,0.5961115789643538,0.009956327637500468,0.009947177147840892,0.24891549641880834,0.23958428261702372,0.03748747641683403,151.76733944897228,170.4533517334114,-0.20133304516380612,-0.11491579206767055
unrestricted,4,COP|OXY|OKE|DVN,0.8085637729733393,0.5963696752012264,0.009958662333650923,0.00994399837477404,0.24891549641880834,0.2607651741576547,-0.04760522309510584,151.76733944897228,141.39124985427208,-0.20133304516380612,-0.18162976085923066
unrestricted,4,EOG|SU|IMO|E,0.7850842867918716,0.5963759607056411,0.009960256506463271,0.009943920948370256,0.24891549641880834,0.2304910596004027,0.07401884207082843,151.76733944897228,159.46989967932336,-0.20133304516380612,-0.16932188971787332
unrestricted,4,COP|HAL|IMO|VLO,0.8028403187035285,0.5953246437249945,0.009964611154815669,0.009956862960336696,0.24891549641880834,0.2546008413403035,-0.022840461937047696,151.76733944897228,172.00887037163295,-0.20133304516380612,-0.154713520147018
unrestricted,4,COP|OKE|DVN|FANG,0.8063691204394584,0.5957634926825981,0.009966666269475635,0.009951462650996301,0.24891549641880834,0.25869170203092745,-0.039275198823581325,151.76733944897228,142.23129909898844,-0.20133304516380612,-0.17125800648966083
unrestricted,4,EOG|SU|PSX|EQNR,0.8035439074146181,0.5952038992218115,0.009969462938657669,0.009958348282814567,0.24891549641880834,0.25563122145722794,-0.026979939517787876,151.76733944897228,168.15405282482175,-0.20133304516380612,-0.1585078234208921
unrestricted,4,SU|PSX|FANG|E,0.7837063002587153,0.5941436255385533,0.009971635282761793,0.009971381597205562,0.24891549641880834,0.22903568829570342,0.07986569100405261,151.76733944897228,179.00773544572615,-0.20133304516380612,-0.161449815806183
unrestricted,4,COP|HAL|OKE|DVN,0.8038862809448803,0.5953019969966262,0.009973518756120646,0.009957141562940846,0.24891549641880834,0.25620410113453523,-0.029281442178527906,151.76733944897228,144.47202639293383,-0.20133304516380612,-0.1725201999518442
unrestricted,4,COP|IMO|VLO|CVE,0.8054546895942021,0.594404113352849,0.009973732320562154,0.00996818115430713,0.24891549641880834,0.2579806942386933,-0.03641877645348557,151.76733944897228,174.25972637284679,-0.20133304516380612,-0.15026387112816864
unrestricted,4,COP|OXY|SLB|PSX,0.8076714767289171,0.5949791671984462,0.009975258747791965,0.009961112204239377,0.24891549641880834,0.2604927520352588,-0.046510786925741954,151.76733944897228,163.8480461571936,-0.20133304516380612,-0.17930447126056193
unrestricted,4,HAL|EOG|SU|OKE,0.7846593848447978,0.594790716211474,0.00998033797573304,0.009963429323468694,0.24891549641880834,0.23122471848749343,0.07107142056575533,151.76733944897228,145.7640185286504,-0.20133304516380612,-0.1563937653908416
unrestricted,4,EOG|SU|EQNR|E,0.7949250561995242,0.5946736227405722,0.009980854007074595,0.009964868787343805,0.24891549641880834,0.24579492698067942,0.012536661971733754,151.76733944897228,160.38860610512452,-0.20133304516380612,-0.17817487639634855
unrestricted,4,EOG|SLB|EQNR|DVN,0.811775333214308,0.5948316938752585,0.009980888005842474,0.009962925524079324,0.24891549641880834,0.2651069777638582,-0.0650481049914513,151.76733944897228,152.18600118140208,-0.20133304516380612,-0.17729641199559254
unrestricted,4,EOG|IMO|VLO|E,0.7851326964491491,0.5940245841694562,0.009981738130414817,0.009972843838486699,0.24891549641880834,0.23207411878637804,0.06765901631168092,151.76733944897228,170.8172709176039,-0.20133304516380612,-0.12206340716873831
unrestricted,4,COP|SLB|PSX|CVE,0.8071386981097856,0.5940123561745071,0.009982212619950961,0.009972994028573432,0.24891549641880834,0.26020575242461824,-0.045357786751909046,151.76733944897228,170.45473723747932,-0.20133304516380612,-0.16423071780979637
unrestricted,4,COP|EOG|PSX|FANG,0.8115322243442312,0.5945547608736814,0.009982820605399912,0.009966329777982657,0.24891549641880834,0.26492954065833785,-0.06433526425604841,151.76733944897228,159.1896475399573,-0.20133304516380612,-0.16091957806489443
unrestricted,4,COP|EOG|PSX|DVN,0.8114932337010247,0.5944498932059961,0.009984113839030606,0.009967618581112931,0.24891549641880834,0.26494038116573543,-0.0643788152103022,151.76733944897228,159.1847386305981,-0.20133304516380612,-0.16094831257343678
unrestricted,4,HAL|EOG|SU|PSX,0.7908081213959949,0.5940587316600848,0.009984582702651219,0.009972424410684435,0.24891549641880834,0.2405610821940249,0.03356325477915156,151.76733944897228,166.83679823246175,-0.20133304516380612,-0.14365825417334588
unrestricted,4,HAL|EOG|SU|FANG,0.7938579356262214,0.5942727197971738,0.009987357662465859,0.009969795629146976,0.24891549641880834,0.24476876662582134,0.01665918696363522,151.76733944897228,155.66382435960327,-0.20133304516380612,-0.18001304307510235
unrestricted,4,COP|HAL|EOG|EQNR,0.8302055697265651,0.5938762281446643,0.009992358192563461,0.009974665865471665,0.24891549641880834,0.28350950194732105,-0.13897891463658496,151.76733944897228,155.0428385049687,-0.20133304516380612,-0.2069902549900554
unrestricted,4,EOG|SU|SLB|CVE,0.7855899979372649,0.5937115523031363,0.009994363085957412,0.009976687933783288,0.24891549641880834,0.23363391735249867,0.0613926384100969,151.76733944897228,155.15758600687533,-0.20133304516380612,-0.17556697088625606
unrestricted,4,SU|PSX|DVN|E,0.7841352559190029,0.5920792937313031,0.009995512289179179,0.009996708453116754,0.24891549641880834,0.23144674130071785,0.07017945997503805,151.76733944897228,180.27125067100593,-0.20133304516380612,-0.16191561236970953
unrestricted,4,EOG|IMO|PSX|EQNR,0.8018528476434228,0.5927893519869472,0.01000102505835538,0.009988004142588977,0.24891549641880834,0.25512599749553017,-0.024950238800208968,151.76733944897228,165.6777414116763,-0.20133304516380612,-0.14479901895630098
unrestricted,4,COP|EOG|SLB|FANG,0.8083491651903908,0.5927056404919702,0.01000665162918687,0.009989030721580304,0.24891549641880834,0.26253216445832245,-0.054703978801720066,151.76733944897228,148.07510689473432,-0.20133304516380612,-0.18616081672552443
unrestricted,4,EOG|IMO|EQNR|OKE,0.7946260367103385,0.592469466445894,0.010008885298790588,0.009991926425696143,0.24891549641880834,0.24687257458722692,0.008207290670823264,151.76733944897228,145.7523555089112,-0.20133304516380612,-0.15092943268564396
unrestricted,4,EOG|SLB|EQNR|CVE,0.812296785340236,0.5923639094383942,0.010009590296563196,0.009993220377286775,0.24891549641880834,0.26678077429999225,-0.07177246149080663,151.76733944897228,159.6234868357628,-0.20133304516380612,-0.1804298019350733
unrestricted,4,COP|HAL|EOG|SLB,0.8088225182098964,0.5922633423171735,0.010012175545660884,0.00999445300542156,0.24891549641880834,0.2632608896100669,-0.05763157938195196,151.76733944897228,148.5287114514647,-0.20133304516380612,-0.18708184447754372
unrestricted,4,EOG|SU|CVE|E,0.7867817025199396,0.5915755857631162,0.010017913264239002,0.010002878608403494,0.24891549641880834,0.23689809830094385,0.04827902758470615,151.76733944897228,162.46172811407905,-0.20133304516380612,-0.17144379499947549
unrestricted,4,EOG|SU|EQNR|OKE,0.794852376454027,0.5917558281620079,0.010018425792395346,0.010000671172055284,0.24891549641880834,0.24764138037262848,0.005118669044357538,151.76733944897228,148.6405526722009,-0.20133304516380612,-0.16345088821464082
unrestricted,4,COP|EOG|SLB|DVN,0.8078483788191451,0.5914833260712755,0.010021638644346452,0.010004008328316041,0.24891549641880834,0.26261502911882006,-0.05503688158073472,151.76733944897228,147.99167868790923,-0.20133304516380612,-0.18643978763850777
unrestricted,4,EOG|SU|OXY|PSX,0.7928317406808311,0.5911440332605413,0.010021701624478272,0.010008161871896277,0.24891549641880834,0.2452735231077176,0.014631364312340689,151.76733944897228,164.97332566851145,-0.20133304516380612,-0.15089239768782847
unrestricted,4,OXY|SLB|PSX|E,0.7833475728323852,0.5905211855521304,0.010023840620482524,0.010015782145247338,0.24891549641880834,0.23215510809523926,0.06733364762220018,151.76733944897228,171.85577538038993,-0.20133304516380612,-0.1614126563360988
unrestricted,4,COP|HAL|EOG|CVE,0.8204768461347366,0.5908237618795544,0.010029960145107798,0.01001208097864602,0.24891549641880834,0.27565733290205924,-0.10743339353310843,151.76733944897228,154.29702282723133,-0.20133304516380612,-0.18409730635273647
unrestricted,4,HAL|EOG|EQNR|OKE,0.8021862770439564,0.5906427727735042,0.010030493717892467,0.01001429503347066,0.24891549641880834,0.2568232579684289,-0.03176885996810541,151.76733944897228,143.84303444897895,-0.20133304516380612,-0.15579249590597866
unrestricted,4,HAL|EOG|SLB|EQNR,0.8092764883007137,0.5903613487471904,0.010035784380676333,0.010017736745054873,0.24891549641880834,0.26469027657271793,-0.06337403810073772,151.76733944897228,152.58395229574353,-0.20133304516380612,-0.177963470203641
unrestricted,4,HAL|EOG|SU|DVN,0.7916660312657048,0.590097347101395,0.010038679269818575,0.010020964312823163,0.24891549641880834,0.2446838724806815,0.0170002430503845,151.76733944897228,155.37581440445757,-0.20133304516380612,-0.17985419298379046
unrestricted,4,HAL|EOG|SU|EQNR,0.8063935793368738,0.5898273073772833,0.010040504024598863,0.010024264624354445,0.24891549641880834,0.2618442030538311,-0.05194014362717625,151.76733944897228,160.07984788279305,-0.20133304516380612,-0.19405123692435777
unrestricted,4,HAL|EOG|IMO|EQNR,0.8046953296872875,0.5895986067510911,0.010044196495441715,0.010027058857321492,0.24891549641880834,0.26017487029827685,-0.04523372004338477,151.76733944897228,157.68392988640346,-0.20133304516380612,-0.18327753385524026
unrestricted,4,PSX|EQNR|DVN|E,0.7998730510496652,0.5879718902069848,0.010047090063714657,0.010046911435201,0.24891549641880834,0.25495861673841097,-0.02427779871701885,151.76733944897228,179.29583113205047,-0.20133304516380612,-0.16303142491731082
unrestricted,4,EOG|IMO|PSX|OKE,0.7813587035710794,0.5889721726571945,0.010052790345610622,0.010034708558966857,0.24891549641880834,0.2310311999300619,0.07184886737085872,151.76733944897228,152.5026276415601,-0.20133304516380612,-0.121979587487961
unrestricted,4,PSX|EQNR|FANG|E,0.7955892121705921,0.5871187955726803,0.010059058611430676,0.010057307005458642,0.24891549641880834,0.25054416595658596,-0.006543062048002479,151.76733944897228,177.9925664149987,-0.20133304516380612,-0.15373242331456294
unrestricted,4,SU|PSX|OKE|E,0.77356271169519,0.5873978327379015,0.010064111176609807,0.010053907920295452,0.24891549641880834,0.21787775659550285,0.1246918744306843,151.76733944897228,169.56308649873264,-0.20133304516380612,-0.14815473917414812
unrestricted,4,HAL|EOG|SU|CVE,0.7909038328127591,0.5876781673470779,0.010068032137316957,0.010050491872743187,0.24891549641880834,0.24526470841396622,0.014666776706820817,151.76733944897228,156.40817796035608,-0.20133304516380612,-0.18014834105023225
unrestricted,4,COP|OXY|PSX|CVE,0.8162388679566185,0.5870069525120628,0.010068047551992962,0.010058669096805892,0.24891549641880834,0.272924634610598,-0.09645497583402163,151.76733944897228,170.53356117198632,-0.20133304516380612,-0.1758919962900376
unrestricted,4,EOG|OXY|PSX|OKE,0.7890045804343262,0.587574019478748,0.010069296744330587,0.010051761113335302,0.24891549641880834,0.24290052819020874,0.024164699727971972,151.76733944897228,147.23775809684994,-0.20133304516380612,-0.14230871243615117
unrestricted,4,IMO|PSX|FANG|E,0.7798870253238952,0.5860589794990757,0.010073482892158788,0.010070206677626242,0.24891549641880834,0.23014930364407976,0.07539182190229676,151.76733944897228,176.68481709901607,-0.20133304516380612,-0.1500656202946321
unrestricted,4,EOG|EQNR|FANG|E,0.7995270132462964,0.5872166211837466,0.010073739957773378,0.010056115475694806,0.24891549641880834,0.25576791484632644,-0.027529095319918095,151.76733944897228,156.10139637908622,-0.20133304516380612,-0.16835393625478623
unrestricted,4,EOG|SU|OXY|OKE,0.7842408919681811,0.5870627935115604,0.010074064109309411,0.010057989054941811,0.24891549641880834,0.23671359438514522,0.04902025871918003,151.76733944897228,143.41738401515022,-0.20133304516380612,-0.15356564315371957
unrestricted,4,EOG|SLB|PSX|OKE,0.7798109782845821,0.5870228884908122,0.010076321267660662,0.010058475030241959,0.24891549641880834,0.23022828315263916,0.0750745274401371,151.76733944897228,148.56264874672408,-0.20133304516380612,-0.11883199837754843
unrestricted,4,EOG|IMO|CVE|E,0.7857252500788057,0.5866836828430873,0.010078029435435374,0.010062605030581864,0.24891549641880834,0.23901993360472223,0.03975470774803225,151.76733944897228,161.96200054323114,-0.20133304516380612,-0.16255224016903025
unrestricted,4,COP|VLO|PSX|EQNR,0.8223351718189073,0.586026163453811,0.010078054813361876,0.010070605838125548,0.24891549641880834,0.2790882630625191,-0.12121690725491874,151.76733944897228,172.66110080914456,-0.20133304516380612,-0.18210888757657973
unrestricted,4,PSX|EQNR|OKE|E,0.7857024959706392,0.5863506382245557,0.010078371927213815,0.010066658368763108,0.24891549641880834,0.2390087932929998,0.03979946314447291,151.76733944897228,167.72947946495805,-0.20133304516380612,-0.13470229430983593
unrestricted,4,HAL|OXY|PSX|E,0.7872149018325513,0.5858463618045366,0.01007909703641688,0.010072792588603142,0.24891549641880834,0.2410908690156838,0.03143487454858718,151.76733944897228,173.8302941155969,-0.20133304516380612,-0.16424203110507718
unrestricted,4,COP|EOG|VLO|PSX,0.8076432981357777,0.586479016014348,0.010079822096717294,0.01006509613301784,0.24891549641880834,0.2647532871725342,-0.06362717862723288,151.76733944897228,163.24960336432045,-0.20133304516380612,-0.14846467206627778
unrestricted,4,EOG|EQNR|DVN|E,0.8018339885523798,0.5867072196078689,0.010080053227114206,0.010062318513295036,0.24891549641880834,0.258596446987607,-0.03889251857791187,151.76733944897228,155.65437310701753,-0.20133304516380612,-0.17806009528941869
unrestricted,4,HAL|EOG|PSX|EQNR,0.8088306569725685,0.5859468818852221,0.010085089770409802,0.010071570120326417,0.24891549641880834,0.2661819811808983,-0.06936685345229998,151.76733944897228,165.2213599092373,-0.20133304516380612,-0.15048221827842867
unrestricted,4,EOG|OXY|EQNR|E,0.8015656681230143,0.5860876921908984,0.010087837599225677,0.010069857415604821,0.24891549641880834,0.2586389182438101,-0.03906314377728326,151.76733944897228,154.32725283363737,-0.20133304516380612,-0.18930336753162624
unrestricted,4,EOG|SLB|VLO|EQNR,0.8018510862304544,0.5853688609878192,0.010089869542397042,0.010078597657882785,0.24891549641880834,0.2590362719194147,-0.0406594834239562,151.76733944897228,168.33333586501192,-0.20133304516380612,-0.1358565290656909
unrestricted,4,OXY|OKE|FANG|E,0.7842324885677601,0.5859117735519838,0.010090160842323058,0.010071997104847666,0.24891549641880834,0.23767583535933803,0.045154525215092334,151.76733944897228,151.8846036235224,-0.20133304516380612,-0.1648121926036178
unrestricted,4,EOG|OXY|CVE|E,0.7947624715979786,0.5853333832586852,0.010094814618891487,0.010079028834024301,0.24891549641880834,0.2512833430357359,-0.0095126524904805,151.76733944897228,161.30912080518812,-0.20133304516380612,-0.16827845984671597
unrestricted,4,EOG|VLO|EQNR|E,0.7932267428360895,0.5844708635457784,0.010098234570890634,0.010089505738583587,0.24891549641880834,0.24963552504275308,-0.002892662908914545,151.76733944897228,171.3514773576665,-0.20133304516380612,-0.12362649038398554
unrestricted,4,OXY|IMO|PSX|E,0.7824133119541122,0.584017173915125,0.010101161283997866,0.010095012278247526,0.24891549641880834,0.23577843390424977,0.052777198300482775,151.76733944897228,174.0502189836192,-0.20133304516380612,-0.15814386013416837
unrestricted,4,IMO|PSX|DVN|E,0.7807224149623785,0.5832769122564052,0.010106079705885063,0.010103990568216118,0.24891549641880834,0.2336304810091635,0.06140644367085646,151.76733944897228,177.83794978889765,-0.20133304516380612,-0.150293163832118
unrestricted,4,COP|EOG|VLO|EQNR,0.8204548447762453,0.5840114399759163,0.010107356090400511,0.010095081853219876,0.24891549641880834,0.2783350999389137,-0.11819112889060923,151.76733944897228,167.07669226069223,-0.20133304516380612,-0.16312493259495797
unrestricted,4,COP|HAL|PSX|CVE,0.8106562463963846,0.5835133126801048,0.010109164768324163,0.01010112424454727,0.24891549641880834,0.2689519759194062,-0.08049510692932471,151.76733944897228,172.13025689369272,-0.20133304516380612,-0.16719306120006983
unrestricted,4,SLB|PSX|FANG|E,0.7764419387945996,0.5829559709905046,0.010113152369180199,0.0101078806375418,0.24891549641880834,0.22743385665520818,0.08630093374121073,151.76733944897228,174.94210066180048,-0.20133304516380612,-0.15219646322849711
unrestricted,4,EOG|FANG|CVE|E,0.7908496604002165,0.5835362528096559,0.01011600537919613,0.010100846055235665,0.24891549641880834,0.2476575014003272,0.005053903981793617,151.76733944897228,162.61162647901298,-0.20133304516380612,-0.16178500208730973
unrestricted,4,EOG|OXY|SLB|OKE,0.7811785870276269,0.5831223102249843,0.01011689192907981,0.010105864657578654,0.24891549641880834,0.23498715587118751,0.05595610055625444,151.76733944897228,136.51407896967683,-0.20133304516380612,-0.13861631367201177
unrestricted,4,OXY|SLB|OKE|E,0.7754001081027458,0.5836584711167059,0.01011756876165885,0.010099363814706828,0.24891549641880834,0.22601848370206717,0.09198709219058099,151.76733944897228,152.32160318035758,-0.20133304516380612,-0.17222212245936752
unrestricted,4,COP|PSX|FANG|CVE,0.8132264658831164,0.5825722525120354,0.010119305864395797,0.010112529653661722,0.24891549641880834,0.2718632102220322,-0.0921907801377444,151.76733944897228,173.47526290216757,-0.20133304516380612,-0.16573490077585507
unrestricted,4,EOG|SU|PSX|FANG,0.7863421922970514,0.5827768232100586,0.010123195987138595,0.010110051403494802,0.24891549641880834,0.2423923789544992,0.026206152522275206,151.76733944897228,165.90691187200517,-0.20133304516380612,-0.13769123947404505
unrestricted,4,COP|SLB|PSX|FANG,0.8008158221406282,0.5826600645674211,0.01012494072914072,0.010111465938174002,0.24891549641880834,0.25941324624956663,-0.04217395052454065,151.76733944897228,165.42496918312813,-0.20133304516380612,-0.17021681369136388
unrestricted,4,HAL|EOG|PSX|OKE,0.7834090237317317,0.5830155478805529,0.01012524579236355,0.010107158630319883,0.24891549641880834,0.2386180034200314,0.04136943318888864,151.76733944897228,149.53844667056129,-0.20133304516380612,-0.1308308358559489
unrestricted,4,COP|HAL|OXY|PSX,0.8106830862321233,0.5825357030561813,0.010126500755204415,0.010112972364248327,0.24891549641880834,0.26963342076643426,-0.08323276230567567,151.76733944897228,165.34967531977514,-0.20133304516380612,-0.1821796510661282
unrestricted,4,EOG|SU|SLB|VLO,0.7805129168103372,0.5822186028172035,0.010126871893969687,0.010116812473741172,0.24891549641880834,0.23465463008870294,0.057291998832049496,151.76733944897228,169.92565711035422,-0.20133304516380612,-0.1377518241296437
unrestricted,4,SU|OXY|OKE|E,0.7774200430676813,0.58259698819298,0.010129777226816485,0.010112230028140495,0.24891549641880834,0.2302031885753533,0.07517534308900953,151.76733944897228,156.8275100143891,-0.20133304516380612,-0.18071339414708154
unrestricted,4,SU|SLB|EQNR|OKE,0.780509687706124,0.5823859420143342,0.010132302463717798,0.010114786164233641,0.24891549641880834,0.23499190162426348,0.05593703483658552,151.76733944897228,156.9590150850756,-0.20133304516380612,-0.18816391057930748
unrestricted,4,EOG|VLO|CVE|E,0.7862554614912275,0.5810021355420087,0.010133936964268531,0.010131530488834278,0.24891549641880834,0.2428651723423203,0.024306739289176926,151.76733944897228,177.6414936370911,-0.20133304516380612,-0.12244146915407472
unrestricted,4,OXY|PSX|EQNR|E,0.7963694337122704,0.5811311121462046,0.010134829633555852,0.01012997101671752,0.24891549641880834,0.2549720873437786,-0.024331915899602485,151.76733944897228,175.40085841032936,-0.20133304516380612,-0.17712976895078325
unrestricted,4,OXY|OKE|DVN|E,0.7842780052421472,0.5822095723314846,0.010135160570857109,0.01011692181230614,0.24891549641880834,0.24035570345356788,0.03438834901157917,151.76733944897228,151.28910660111612,-0.20133304516380612,-0.17186711170402968
unrestricted,4,EOG|DVN|CVE|E,0.791729236826772,0.5819485534411325,0.010135213798433587,0.010120081644612963,0.24891549641880834,0.24965879009326145,-0.0029861285663086434,151.76733944897228,162.73543415683378,-0.20133304516380612,-0.16178016155073205
unrestricted,4,COP|HAL|EOG|OXY,0.817844479628347,0.5817425637173854,0.01014045602578212,0.01012257461062033,0.24891549641880834,0.277034262319072,-0.11296510785713787,151.76733944897228,148.14373973804447,-0.20133304516380612,-0.20084194346330186
unrestricted,4,HAL|PSX|FANG|E,0.7808560168708422,0.5799288675870601,0.010147892289080498,0.010144498207124085,0.24891549641880834,0.23644516963467122,0.05009863573602258,151.76733944897228,176.79839612486882,-0.20133304516380612,-0.15741619963220954
unrestricted,4,PSX|OKE|CVE|E,0.7780671508704055,0.5791868612584352,0.010155730165832315,0.010153453786557515,0.24891549641880834,0.23293219792391007,0.06421174545117858,151.76733944897228,177.82099340774224,-0.20133304516380612,-0.13854552891177818
unrestricted,4,SU|SLB|PSX|EQNR,0.7875620624179358,0.5788234266194878,0.010157421234322435,0.01015783734789892,0.24891549641880834,0.24574549938491552,0.012735233762060316,151.76733944897228,180.1202505563498,-0.20133304516380612,-0.17951177718543188
unrestricted,4,EOG|SU|OKE|FANG,0.7781929116430678,0.5802072948646564,0.010157523687632272,0.010141135713271248,0.24891549641880834,0.2332339372244455,0.06299952963948097,151.76733944897228,143.7125556781018,-0.20133304516380612,-0.1474394123198548
unrestricted,4,HAL|EOG|IMO|OKE,0.7774353393890621,0.5800384023212726,0.010159754676678111,0.01014317551761505,0.24891549641880834,0.2322584204597303,0.0669185976716048,151.76733944897228,144.10889695158957,-0.20133304516380612,-0.14674677768062083
unrestricted,4,SLB|PSX|DVN|E,0.7764056859102464,0.5788251015771497,0.0101622807805494,0.010157817149761742,0.24891549641880834,0.2308733070802066,0.07248319047298357,151.76733944897228,175.85456572935004,-0.20133304516380612,-0.1536963948763308
unrestricted,4,COP|HAL|EOG|VLO,0.806392373013148,0.5795696875676477,0.010162897145296492,0.010148834285268887,0.24891549641880834,0.2667440915103475,-0.07162509103708836,151.76733944897228,164.64969781068106,-0.20133304516380612,-0.14305352362167623
unrestricted,4,COP|PSX|DVN|CVE,0.8121030742743217,0.5785264456188952,0.010167688022562325,0.010161417975709847,0.24891549641880834,0.27254338133133954,-0.09492331836494627,151.76733944897228,174.12730568081315,-0.20133304516380612,-0.16659929085440162
unrestricted,4,EOG|SLB|OKE|CVE,0.7797189621705863,0.5793405690826512,0.010168434732959659,0.010151599272420717,0.24891549641880834,0.2361053950611882,0.051463655505267325,151.76733944897228,144.65194349596763,-0.20133304516380612,-0.1389579792340928
unrestricted,4,OXY|PSX|CVE|E,0.7886394583761785,0.5774649057546455,0.0101698643868438,0.010174206401819838,0.24891549641880834,0.24768504899928934,0.004943233495791399,151.76733944897228,183.2723735052135,-0.20133304516380612,-0.158465878014316
unrestricted,4,COP|SLB|VLO|CVE,0.8026607999470472,0.57803760617312,0.010172526047954707,0.01016730904811866,0.24891549641880834,0.26332450367747845,-0.05788714429585573,151.76733944897228,175.17046684656518,-0.20133304516380612,-0.1488809834084177
unrestricted,4,COP|HAL|EOG|FANG,0.8148070922966623,0.5789032420332958,0.010174862188373499,0.010156874817624497,0.24891549641880834,0.27538031223157333,-0.10632048302945796,151.76733944897228,148.35591734603534,-0.20133304516380612,-0.19281256847626582
unrestricted,4,SU|OKE|FANG|E,0.7721994589342754,0.5787547155767989,0.010175477533485378,0.01015866589247598,0.24891549641880834,0.22505831370498033,0.09584450569396263,151.76733944897228,159.329822311964,-0.20133304516380612,-0.17462017352772152
unrestricted,4,HAL|EOG|SU|IMO,0.7821919332006136,0.5787709951031655,0.010175909801211639,0.010158469593700417,0.24891549641880834,0.23990400269199763,0.036203024144581875,151.76733944897228,157.509128603012,-0.20133304516380612,-0.17952181045401727
unrestricted,4,EOG|SU|PSX|DVN,0.7844136903402402,0.5782918805704387,0.010177557693105119,0.010164245177962267,0.24891549641880834,0.2428713858786053,0.02428177685664712,151.76733944897228,165.8439437388752,-0.20133304516380612,-0.13917309545408507
unrestricted,4,EOG|PSX|OKE|CVE,0.785358393538661,0.578422326313661,0.010180484872575387,0.010162673018209887,0.24891549641880834,0.24421607241630305,0.01887959596777511,151.76733944897228,156.14531798032124,-0.20133304516380612,-0.13101631304179573
unrestricted,4,OKE|DVN|FANG|E,0.7788353725986599,0.5784255792754687,0.010180838443999364,0.01016263380971638,0.24891549641880834,0.23562623266118496,0.05338865578406482,151.76733944897228,153.8892178103039,-0.20133304516380612,-0.15853506197593892
unrestricted,4,EOG|OXY|IMO|OKE,0.779981091899789,0.5777582157802595,0.010185437630941173,0.010170674488324712,0.24891549641880834,0.2374890723897181,0.045904831934870494,151.76733944897228,140.81037260771134,-0.20133304516380612,-0.1411153736745958
unrestricted,4,COP|OXY|SLB|VLO,0.8024478421163516,0.5773937998277212,0.010187116095209529,0.010175062444256559,0.24891549641880834,0.26369255754787535,-0.05936577409469179,151.76733944897228,167.6293074628621,-0.20133304516380612,-0.16584654356990292
unrestricted,4,SU|OKE|DVN|E,0.7729832533896389,0.5777133914748966,0.01018812982546968,0.01017121432277208,0.24891549641880834,0.2273190979091961,0.08676196870152109,151.76733944897228,159.12317079697885,-0.20133304516380612,-0.17568939120890847
unrestricted,4,HAL|PSX|DVN|E,0.7809962208814899,0.5763959919459588,0.010189226279964856,0.010187067440505303,0.24891549641880834,0.23907824215638757,0.03952045735983134,151.76733944897228,178.02395003409396,-0.20133304516380612,-0.15778037539215317
unrestricted,4,COP|HAL|EOG|DVN,0.8143603809315554,0.5776077091489151,0.01019048651724882,0.010172486977790761,0.24891549641880834,0.27551053335986975,-0.10684363699202715,151.76733944897228,148.27251522670673,-0.20133304516380612,-0.19321659721868534
unrestricted,4,EOG|PSX|OKE|FANG,0.7816027176235579,0.57734006994223,0.010193599562337088,0.010175709249206353,0.24891549641880834,0.24012871801833333,0.03530024657721986,151.76733944897228,147.7394806982344,-0.20133304516380612,-0.13586099664638018
unrestricted,4,EOG|SU|OKE|DVN,0.7770301894334852,0.5771590746532209,0.01019418979939237,0.010177887783501123,0.24891549641880834,0.23389449632635326,0.06034578123324941,151.76733944897228,143.3904053666323,-0.20133304516380612,-0.146934092548489
unrestricted,4,PSX|FANG|CVE|E,0.7833367338035251,0.5750816039747819,0.01019441855837878,0.010202859770210989,0.24891549641880834,0.2424133870982204,0.026121753824631,151.76733944897228,186.3767851033081,-0.20133304516380612,-0.1508977180906541
unrestricted,4,HAL|OXY|OKE|E,0.7792295206437456,0.5772730978522093,0.01019468598104916,0.01017651540738864,0.24891549641880834,0.23701133799468413,0.0478240953070076,151.76733944897228,154.35497383764775,-0.20133304516380612,-0.17797737652833145
unrestricted,4,COP|SLB|PSX|DVN,0.7987706551768596,0.5768488336281132,0.010195194655456099,0.01018162088876024,0.24891549641880834,0.2601973413586173,-0.04532399590271741,151.76733944897228,165.51568100235747,-0.20133304516380612,-0.1719158921298376
unrestricted,4,COP|EOG|VLO|CVE,0.8089210222988872,0.5765891862679511,0.010195349701813638,0.010184744152719501,0.24891549641880834,0.2704780566348193,-0.08662602580488299,151.76733944897228,169.48560821344637,-0.20133304516380612,-0.13627286747974898
unrestricted,4,EOG|OXY|IMO|PSX,0.7864481831656466,0.5769870650252897,0.010195474173383103,0.01017995773058822,0.24891549641880834,0.24633122013465925,0.010382143021746448,151.76733944897228,162.25356554360508,-0.20133304516380612,-0.13638244673764266
unrestricted,4,COP|OXY|PSX|FANG,0.8116041547301487,0.5768010957918883,0.010196383668633567,0.010182195192793276,0.24891549641880834,0.27310525420512555,-0.09718060198878575,151.76733944897228,164.56765978217035,-0.20133304516380612,-0.18576840908222303
unrestricted,4,COP|EOG|EQNR|CVE,0.828957423422465,0.5766852443593107,0.01020080306972152,0.010183588794204225,0.24891549641880834,0.2890423658903704,-0.161206795273394,151.76733944897228,158.36071183737994,-0.20133304516380612,-0.2007828156633804
unrestricted,4,VLO|OKE|FANG|E,0.7733555494438012,0.5759256746941781,0.010201853225473609,0.01019272109856049,0.24891549641880834,0.2289007719953332,0.08040770748077375,151.76733944897228,171.21666655462028,-0.20133304516380612,-0.11829136281326891
unrestricted,4,EOG|SU|IMO|PSX,0.7798317127937706,0.5761355904881882,0.010203282111295377,0.010190198099812092,0.24891549641880834,0.23833409761937144,0.04251000420493445,151.76733944897228,166.26179097637217,-0.20133304516380612,-0.1378239672319006
unrestricted,4,EOG|SLB|IMO|OKE,0.7703143871496584,0.5764184352088613,0.010203328067115141,0.01018679757282603,0.24891549641880834,0.22401883732849792,0.10002052683944185,151.76733944897228,143.8202825664981,-0.20133304516380612,-0.14480770825675615
unrestricted,4,COP|OXY|SLB|CVE,0.8095580081598163,0.5763570152816153,0.010204902141040454,0.010187536096098284,0.24891549641880834,0.2714490824148142,-0.09052705163077657,151.76733944897228,157.92520839363667,-0.20133304516380612,-0.2028853570001009
unrestricted,4,HAL|EOG|OXY|IMO,0.7886059013909005,0.576284369069746,0.010206767976324062,0.010188409536952533,0.24891549641880834,0.24945796081125737,-0.0021793114541022174,151.76733944897228,152.5213274002329,-0.20133304516380612,-0.17320796559394336
unrestricted,4,EOG|SU|SLB|IMO,0.7741323249438725,0.5761793766588508,0.010207511002876845,0.010189671750740582,0.24891549641880834,0.23049008842670568,0.07402274369090023,151.76733944897228,156.2420884783578,-0.20133304516380612,-0.1750838415088637
unrestricted,4,COP|HAL|SLB|PSX,0.798955037326947,0.5753292087705567,0.01021319814088498,0.010199886675655391,0.24891549641880834,0.2611397464400209,-0.04911004014247822,151.76733944897228,165.96534912349375,-0.20133304516380612,-0.17212515731188505
unrestricted,4,EOG|SU|PSX|CVE,0.7836926953161566,0.5750208769749556,0.010215777758849236,0.010203588812462167,0.24891549641880834,0.24400079454099813,0.01974445925833823,151.76733944897228,167.54123024915668,-0.20133304516380612,-0.13610613719305742
unrestricted,4,PSX|DVN|CVE|E,0.7851899775344788,0.5728621628937486,0.010217904137459771,0.010229470942880774,0.24891549641880834,0.24594742404155928,0.011924016061479636,151.76733944897228,188.64025458431033,-0.20133304516380612,-0.15158600869764494
unrestricted,4,EOG|SU|IMO|OKE,0.7730612131312662,0.5751869215075021,0.010218948398213287,0.010201595284349548,0.24891549641880834,0.22963946599840787,0.07744005776148188,151.76733944897228,145.7362481284031,-0.20133304516380612,-0.14886271099705772
unrestricted,4,COP|EOG|OXY|CVE,0.82063661736712,0.5752434020759004,0.010219282822180653,0.01020091709071284,0.24891549641880834,0.28227091900267226,-0.13400299725711884,151.76733944897228,152.8292170441889,-0.20133304516380612,-0.19023722253870734
unrestricted,4,HAL|EOG|IMO|PSX,0.7816166728236037,0.5746903112150912,0.010221776295280649,0.010207556420817691,0.24891549641880834,0.24171003052633813,0.028947437970461953,151.76733944897228,164.60714290334616,-0.20133304516380612,-0.13205159038001346
unrestricted,4,VLO|OKE|DVN|E,0.7748152440669964,0.5742463437414373,0.010221817241074863,0.01021288270554104,0.24891549641880834,0.23245861474967675,0.06611433159405378,151.76733944897228,171.49691170394547,-0.20133304516380612,-0.11744007789336097
unrestricted,4,SU|OXY|SLB|E,0.7730984957365205,0.5742392608841599,0.01022562598207063,0.01021296765617938,0.24891549641880834,0.230155536368043,0.07536678238465755,151.76733944897228,166.93514771277393,-0.20133304516380612,-0.20219011157271405
unrestricted,4,OXY|VLO|OKE|E,0.776098068300913,0.5741454187424608,0.010225904879209626,0.010214093116872443,0.24891549641880834,0.23456042233206215,0.05767047167924533,151.76733944897228,168.0707031814489,-0.20133304516380612,-0.12599335516614973
unrestricted,4,SU|OXY|SLB|EQNR,0.7938372321373613,0.5740509863008172,0.010227742503010461,0.010215225531937646,0.24891549641880834,0.25631032510624246,-0.02970818930048491,151.76733944897228,167.13648039467358,-0.20133304516380612,-0.21955607561574475
unrestricted,4,SU|PSX|EQNR|OKE,0.7823111812607401,0.5740154273078069,0.010228078118374817,0.010215651915778055,0.24891549641880834,0.2429292536039272,0.02404929745639095,151.76733944897228,167.26130132340796,-0.20133304516380612,-0.15768567836032676
unrestricted,4,EOG|OXY|SLB|PSX,0.7861974191606779,0.5743849768903224,0.010228386012619606,0.01021121981980562,0.24891549641880834,0.24768221952346883,0.004954600710212365,151.76733944897228,158.65105182727535,-0.20133304516380612,-0.13443355166954385
unrestricted,4,COP|EOG|FANG|CVE,0.8188080719377206,0.5744626845900256,0.010228566572144663,0.010210287608086175,0.24891549641880834,0.2809267282668701,-0.1286028082164954,151.76733944897228,153.99309996864497,-0.20133304516380612,-0.1807200716352303
unrestricted,4,COP|EOG|DVN|CVE,0.8187181492861604,0.5740935515685038,0.010232998245623053,0.010214715113250684,0.24891549641880834,0.2809933038246904,-0.12887027070387824,151.76733944897228,154.0251687275231,-0.20133304516380612,-0.1807660413593979
unrestricted,4,COP|OXY|PSX|DVN,0.8107051668592644,0.5736373547643868,0.010234459434085262,0.01022018424061592,0.24891549641880834,0.273620926460903,-0.09925227797198688,151.76733944897228,164.56335946086517,-0.20133304516380612,-0.18719797262020932
unrestricted,4,SU|SLB|EQNR|FANG,0.7907756724306151,0.5733108665129719,0.010234642360040423,0.010224096557488196,0.24891549641880834,0.25324628281741474,-0.017398621061822883,151.76733944897228,169.67901953171307,-0.20133304516380612,-0.21540211744508397
unrestricted,4,HAL|EOG|IMO|FANG,0.7843824580921098,0.5739047085679096,0.010235325689362237,0.010216979417634876,0.24891549641880834,0.24585781789683653,0.01228400226568127,151.76733944897228,153.47387233161257,-0.20133304516380612,-0.16756310429111254
unrestricted,4,SU|OXY|PSX|OKE,0.775144916202256,0.5737129955557569,0.010235573681898018,0.01021927762142359,0.24891549641880834,0.23381548732787893,0.060663194169008894,151.76733944897228,160.8299473558034,-0.20133304516380612,-0.14647734937831403
unrestricted,4,EOG|SU|OKE|CVE,0.7765485209478654,0.573690230046479,0.01023710072211825,0.0102195504938676,0.24891549641880834,0.23587631438260537,0.05238397055948707,151.76733944897228,146.21814293646304,-0.20133304516380612,-0.14824841210116024
unrestricted,4,EOG|SU|OXY|FANG,0.7901246588097458,0.5736957810796661,0.010237900787106423,0.010219483958624199,0.24891549641880834,0.25266647774776646,-0.015069296138344734,151.76733944897228,152.46327456789137,-0.20133304516380612,-0.17593275895654403
unrestricted,4,EOG|IMO|OKE|FANG,0.7751071432473512,0.5733964539094027,0.010238351274043881,0.010223071106379204,0.24891549641880834,0.23393681124746074,0.06017578409881508,151.76733944897228,141.42854549908438,-0.20133304516380612,-0.13477396931372276
unrestricted,4,EOG|PSX|OKE|DVN,0.7810165700568013,0.5736141996180073,0.010238409083995878,0.010220461758653465,0.24891549641880834,0.2418530116940845,0.028373021472479887,151.76733944897228,147.62968801580857,-0.20133304516380612,-0.1383282912752839
unrestricted,4,SLB|PSX|EQNR|OKE,0.7811441773579185,0.5733951714978603,0.010238864842863843,0.010223086472138177,0.24891549641880834,0.2420394671095264,0.027623950329363156,151.76733944897228,161.9191071603233,-0.20133304516380612,-0.14538728211303287
unrestricted,4,COP|EOG|EQNR|FANG,0.8273587523240078,0.5736050484231459,0.010238977398713614,0.010220571435072346,0.24891549641880834,0.28884109736900854,-0.16039821354884265,151.76733944897228,152.74413802273784,-0.20133304516380612,-0.20914261367499576
unrestricted,4,COP|EOG|OXY|VLO,0.8080349159047077,0.573272991544915,0.010239875399845628,0.010224550317271675,0.24891549641880834,0.2712665339684423,-0.08979367645326364,151.76733944897228,162.7856240666091,-0.20133304516380612,-0.14940368578510943
unrestricted,4,COP|HAL|VLO|EQNR,0.8182859529136403,0.5725824626462945,0.010240015559824728,0.010232819647988764,0.24891549641880834,0.28083627433351993,-0.1282394160828133,151.76733944897228,173.40570614807214,-0.20133304516380612,-0.17730339188542088
unrestricted,4,HAL|EOG|OXY|OKE,0.7846135045997713,0.572818327857092,0.010240675123949643,0.010229995829335325,0.24891549641880834,0.24640750989143184,0.010075654442810333,151.76733944897228,135.8604451360622,-0.20133304516380612,-0.13866732120029612
unrestricted,4,HAL|SU|PSX|E,0.7715091888545019,0.5718333990406692,0.010241041209562558,0.010241782403075167,0.24891549641880834,0.2287850346938674,0.08087267371682949,151.76733944897228,180.63939928293874,-0.20133304516380612,-0.17279670091211086
unrestricted,4,COP|SLB|VLO|PSX,0.7964116234508193,0.5726448636207024,0.010243040312625126,0.010232072648662856,0.24891549641880834,0.2597181534560539,-0.04339889316922951,151.76733944897228,169.19198103618587,-0.20133304516380612,-0.16033355121142567
unrestricted,4,COP|HAL|PSX|FANG,0.8051293239394667,0.5725694631922593,0.010245615026054186,0.010232975257019314,0.24891549641880834,0.26865879002859344,-0.07931725382242316,151.76733944897228,167.02604065104808,-0.20133304516380612,-0.17390793713929953
unrestricted,4,COP|PSX|DVN|FANG,0.8082168530162912,0.5723854556222145,0.010248306335952428,0.010235177652662944,0.24891549641880834,0.27175066529125314,-0.09173863901998258,151.76733944897228,166.34747644463533,-0.20133304516380612,-0.1756657766304488
unrestricted,4,EOG|SU|VLO|OKE,0.7737301846027311,0.5721928517998545,0.010254799479496896,0.010237482429751215,0.24891549641880834,0.23301441753391922,0.06388143411583758,151.76733944897228,158.36212169557723,-0.20133304516380612,-0.1280012665328677
unrestricted,4,EOG|IMO|PSX|FANG,0.7813335700373829,0.5718671137793252,0.010256481029203771,0.01024137916539388,0.24891549641880834,0.2432213844152672,0.022875683054945695,151.76733944897228,163.2513699829929,-0.20133304516380612,-0.12469563896644553
unrestricted,4,OXY|SLB|EQNR|OKE,0.787872306796499,0.5719890930045533,0.010258045158754512,0.01023992012717399,0.24891549641880834,0.2510586687916031,-0.008610039967896554,151.76733944897228,148.28058882475537,-0.20133304516380612,-0.17862097295350265
unrestricted,4,SLB|OKE|FANG|E,0.7663154566649665,0.5719142424690609,0.010259029907755082,0.010240815466504766,0.24891549641880834,0.2215408916132092,0.10997549449288002,151.76733944897228,154.83918612828313,-0.20133304516380612,-0.1649357906026302
unrestricted,4,COP|EOG|EQNR|DVN,0.8269782292542381,0.5719170684813588,0.010259234804999146,0.010240781664027452,0.24891549641880834,0.2891413233196183,-0.16160434958669145,151.76733944897228,152.51712542292947,-0.20133304516380612,-0.21026981594460292
unrestricted,4,IMO|OKE|FANG|E,0.7688840333675833,0.5718120806116538,0.010259848228553515,0.010242037369241324,0.24891549641880834,0.22598147906338723,0.09213575564951526,151.76733944897228,156.7482518795527,-0.20133304516380612,-0.16306136259943904
unrestricted,4,OXY|IMO|OKE|E,0.7722965193691572,0.5717232899478348,0.010261448351661394,0.010243099227968032,0.24891549641880834,0.23136329227048755,0.0705147104171796,151.76733944897228,153.90309882046597,-0.20133304516380612,-0.1697124099849322
unrestricted,4,EOG|SLB|IMO|PSX,0.774142262003888,0.5710578010314202,0.010266369145381992,0.010251054392043905,0.24891549641880834,0.2343278044144486,0.058604997335382825,151.76733944897228,162.9065540972992,-0.20133304516380612,-0.1309603782989498
unrestricted,4,COP|HAL|EQNR|CVE,0.827855974668201,0.5709639081707011,0.010266661434638306,0.010252176277648689,0.24891549641880834,0.29012710808629333,-0.16556466857388874,151.76733944897228,164.33772111580888,-0.20133304516380612,-0.21337215174309032
unrestricted,4,EOG|OXY|PSX|EQNR,0.8079037822219425,0.5709630876239095,0.010267552728307029,0.010252186081469964,0.24891549641880834,0.2721539656664237,-0.09335886910196978,151.76733944897228,162.81620314601338,-0.20133304516380612,-0.16116413076858915
unrestricted,4,COP|EOG|OXY|EQNR,0.8277259297837111,0.570792216626401,0.010272709460024532,0.01025422742899237,0.24891549641880834,0.2902015232283098,-0.16586362602365412,151.76733944897228,152.39393101856564,-0.20133304516380612,-0.2164429788507214
unrestricted,4,EOG|IMO|EQNR|FANG,0.8006485291551063,0.5706275098639945,0.010274361593355428,0.01025619474956095,0.24891549641880834,0.265330606077305,-0.06594651556316822,151.76733944897228,155.27250495236572,-0.20133304516380612,-0.1720840782984272
unrestricted,4,EOG|PSX|EQNR|FANG,0.8054473865093914,0.5703238549524016,0.010274595397964372,0.010259820731144809,0.24891549641880834,0.2700556473752539,-0.0849290271622003,151.76733944897228,163.8848341795183,-0.20133304516380612,-0.14667669471668243
unrestricted,4,EOG|SLB|VLO|OKE,0.7715920885284886,0.5706224685542112,0.010274745777318179,0.010256254958941327,0.24891549641880834,0.2312062382316768,0.07114566365661357,151.76733944897228,152.2197500898055,-0.20133304516380612,-0.10912656881158134
unrestricted,4,HAL|PSX|OKE|E,0.7686338898790797,0.5700226507871686,0.010275933198597011,0.010263416182494363,0.24891549641880834,0.22676748955477352,0.08897801536136618,151.76733944897228,167.29293144954207,-0.20133304516380612,-0.1443814712005027
unrestricted,4,EOG|OXY|EQNR|OKE,0.7987814393811387,0.5701894920960491,0.010275933380237608,0.010261424766046507,0.24891549641880834,0.2635126887068444,-0.0586431640377898,151.76733944897228,140.16289735220724,-0.20133304516380612,-0.16187800900215332
unrestricted,4,COP|VLO|PSX|CVE,0.8077855917202995,0.5689366685076547,0.010278733732522407,0.010276369026728537,0.24891549641880834,0.2724479281579559,-0.09453984214608102,151.76733944897228,178.1088768916274,-0.20133304516380612,-0.15476887522590355
unrestricted,4,COP|EOG|VLO|FANG,0.8049237003557491,0.5699184364685357,0.010279724686277962,0.010264659887685164,0.24891549641880834,0.26974045258094015,-0.08366275487763586,151.76733944897228,163.40405172518103,-0.20133304516380612,-0.14370285227642754
unrestricted,4,IMO|OKE|DVN|E,0.7701445772485606,0.5701382299553204,0.01027997216998257,0.01026203667165076,0.24891549641880834,0.22939880947520244,0.07840687793406176,151.76733944897228,156.40132314547895,-0.20133304516380612,-0.163956104604575
unrestricted,4,PSX|EQNR|OKE|FANG,0.7919556139384327,0.5698766943091866,0.010281032544910773,0.010265158000960782,0.24891549641880834,0.25660799652367033,-0.030904062686073708,151.76733944897228,161.90047567948477,-0.20133304516380612,-0.13572068239487511
unrestricted,4,EOG|OXY|SLB|IMO,0.7772989191901215,0.5700910751142594,0.010281106848937849,0.010262599517048812,0.24891549641880834,0.23944862173242037,0.03803248420684757,151.76733944897228,151.62874152144255,-0.20133304516380612,-0.1697444031155998
unrestricted,4,EOG|EQNR|OKE|FANG,0.7961924575141561,0.5694373372771415,0.010285586025403382,0.010270399426103884,0.24891549641880834,0.26125709141475534,-0.049581465089589605,151.76733944897228,141.12627930383948,-0.20133304516380612,-0.14690894829207024
unrestricted,4,SU|PSX|EQNR|E,0.7787675726387572,0.5677279926475571,0.010286760201906445,0.010290766104438062,0.24891549641880834,0.24163697754093233,0.029240923054584256,151.76733944897228,183.3735917038024,-0.20133304516380612,-0.1707648416730022
unrestricted,4,EOG|IMO|OKE|DVN,0.7741535689775755,0.5691132530432919,0.01028941414880298,0.010274263960488677,0.24891549641880834,0.23575303937205586,0.05287921899649917,151.76733944897228,141.05786366507863,-0.20133304516380612,-0.13442531595165386
unrestricted,4,HAL|OKE|FANG|E,0.7717039995733933,0.5692864061195316,0.010290053612821507,0.010272199381819851,0.24891549641880834,0.23236765331437875,0.06647976258009791,151.76733944897228,156.79786938698658,-0.20133304516380612,-0.171309136179286
unrestricted,4,SU|SLB|PSX|E,0.7637283035808937,0.5678039846318248,0.010290590167513452,0.010289861523416653,0.24891549641880834,0.21953828177644125,0.11802083464076085,151.76733944897228,179.56116861516657,-0.20133304516380612,-0.16789424131626018
unrestricted,4,COP|SLB|VLO|FANG,0.7968793166729532,0.5686436998002482,0.010290651920459826,0.010279860559135358,0.24891549641880834,0.26216938826657094,-0.053246551695047994,151.76733944897228,169.55554830063497,-0.20133304516380612,-0.15496501886190017
unrestricted,4,EOG|SLB|OKE|FANG,0.7714182108744692,0.5686685401649227,0.010291094485852227,0.01027956456350327,0.24891549641880834,0.23202341224941986,0.06786272615573519,151.76733944897228,136.58339213331797,-0.20133304516380612,-0.13364288637604127
unrestricted,4,EOG|OXY|SLB|CVE,0.7920400568427459,0.569237692442597,0.01029128044235803,0.010272780257906998,0.24891549641880834,0.2571430763901731,-0.03305370734139257,151.76733944897228,152.74539558471275,-0.20133304516380612,-0.1655659169634066
unrestricted,4,COP|SLB|FANG|CVE,0.8050458426442111,0.5688812526967311,0.010293642760635224,0.01027702955034563,0.24891549641880834,0.27037602157017293,-0.08621610731401219,151.76733944897228,160.37777411637288,-0.20133304516380612,-0.19232739266420562
unrestricted,4,SLB|OKE|DVN|E,0.7665088635064231,0.5688654020197474,0.010295551781121104,0.010277218473211442,0.24891549641880834,0.22479236891447105,0.09691291965105042,151.76733944897228,154.5005352132199,-0.20133304516380612,-0.16609654725098133
unrestricted,4,COP|EOG|VLO|DVN,0.8044251060072909,0.5685038992279798,0.010296651477819012,0.010281526251702484,0.24891549641880834,0.2698900312098686,-0.08426367619864839,151.76733944897228,163.36127010773149,-0.20133304516380612,-0.14425848174026878
unrestricted,4,EOG|EQNR|CVE|E,0.7955152043696555,0.5684295726419859,0.010296754084787871,0.010282411726493551,0.24891549641880834,0.26101819620883515,-0.04862172088178718,151.76733944897228,164.67611514513663,-0.20133304516380612,-0.1708124556620111
unrestricted,4,EQNR|OKE|DVN|E,0.7875866804003716,0.5686613748824032,0.010297867131054558,0.010279649945263291,0.24891549641880834,0.2525877151918475,-0.014752873267723343,151.76733944897228,155.23297445261758,-0.20133304516380612,-0.1700177615597258
unrestricted,4,EOG|SU|OXY|DVN,0.7879463277944649,0.5685883091866457,0.010299059774790635,0.010280520558195956,0.24891549641880834,0.2530412468027317,-0.016574903705399047,151.76733944897228,151.95490836182256,-0.20133304516380612,-0.17861437746110598
unrestricted,4,HAL|OKE|DVN|E,0.7728970394778537,0.5684968801203445,0.010299561986565968,0.010281609875686347,0.24891549641880834,0.2346456552189883,0.05732805472187463,151.76733944897228,156.48220416903732,-0.20133304516380612,-0.17233220354189926
unrestricted,4,HAL|EOG|IMO|DVN,0.7825004503974086,0.5685062433469066,0.010299995460405522,0.010281498324273972,0.24891549641880834,0.24686883276574964,0.008222323167920043,151.76733944897228,153.05224913619713,-0.20133304516380612,-0.16713921502684081
unrestricted,4,EOG|SU|IMO|EQNR,0.7930681647367746,0.5682724730280146,0.010301541219190023,0.010284283050189283,0.24891549641880834,0.25867083813065966,-0.03919137961357633,151.76733944897228,158.78784912477968,-0.20133304516380612,-0.1827043624340896
unrestricted,4,SLB|EQNR|OKE|FANG,0.783394543648133,0.5677718750609599,0.010308757572838882,0.010290243753804617,0.24891549641880834,0.24834567756093848,0.0022892060400736547,151.76733944897228,150.50565017356007,-0.20133304516380612,-0.17354896820350973
unrestricted,4,HAL|EOG|OKE|CVE,0.7822321869660647,0.5672575656346952,0.010313622833990607,0.010296364128255804,0.24891549641880834,0.24723012491262916,0.006770858104163557,151.76733944897228,144.999501742109,-0.20133304516380612,-0.13924361913350902
unrestricted,4,SU|SLB|EQNR|DVN,0.7895598147423731,0.5665923287987199,0.010314452103516222,0.010304275173951797,0.24891549641880834,0.25549397134446805,-0.026428547118622303,151.76733944897228,170.3626698813547,-0.20133304516380612,-0.21869973889201955
unrestricted,4,EOG|SU|DVN|FANG,0.7844375514650853,0.5672917869953485,0.010314472665444276,0.010295957000910953,0.24891549641880834,0.24981949299569686,-0.0036317408513912852,151.76733944897228,153.1577067728901,-0.20133304516380612,-0.1691548277716053
unrestricted,4,OXY|PSX|EQNR|OKE,0.7938983704002348,0.5671373476899266,0.010314869672222773,0.010297794218859924,0.24891549641880834,0.26009672841836995,-0.044919790693741524,151.76733944897228,159.34927384597225,-0.20133304516380612,-0.15286757772405069
unrestricted,4,IMO|PSX|OKE|E,0.7621477693808916,0.5666447828774193,0.010316254567832982,0.010303651606752083,0.24891549641880834,0.2188691822895783,0.12070889342572766,151.76733944897228,167.30661237612864,-0.20133304516380612,-0.13255067187702496
unrestricted,4,OXY|OKE|CVE|E,0.7795206948748715,0.5667955871297341,0.01031782024602872,0.010301858655358655,0.24891549641880834,0.2442128662238892,0.018892476613857734,151.76733944897228,161.87764495228802,-0.20133304516380612,-0.1730703935090402
unrestricted,4,COP|HAL|PSX|DVN,0.802985454301558,0.5663868433216369,0.010319425166661478,0.01030671759494421,0.24891549641880834,0.2693515284804278,-0.08210028043909001,151.76733944897228,167.17341257517958,-0.20133304516380612,-0.175489630799596
unrestricted,4,EOG|VLO|EQNR|OKE,0.7896149123111804,0.566705932824396,0.010320757368888395,0.010302924616568267,0.24891549641880834,0.25583056893515566,-0.02778080358931323,151.76733944897228,157.09122928449918,-0.20133304516380612,-0.1280362340145963
unrestricted,4,EOG|IMO|PSX|DVN,0.7797965888314818,0.5663014080935026,0.01032302980306469,0.010307732916303249,0.24891549641880834,0.2448143301657296,0.016476138738177992,151.76733944897228,163.15552160373704,-0.20133304516380612,-0.12733561304849428
unrestricted,4,SU|SLB|FANG|E,0.7656283676539314,0.5658726985741165,0.01032354383056659,0.010312826236640423,0.24891549641880834,0.22547117019043345,0.09418588463021627,151.76733944897228,169.746846338225,-0.20133304516380612,-0.196518183099897
unrestricted,4,COP|HAL|EQNR|FANG,0.8254375466362587,0.566353382347029,0.010323944684039599,0.01030711526064855,0.24891549641880834,0.28981902991158787,-0.16432698679377533,151.76733944897228,160.00926863848844,-0.20133304516380612,-0.2195110010747353
unrestricted,4,EQNR|OKE|FANG|E,0.7826086192615219,0.5664096904419336,0.010324632211496475,0.01030644606038044,0.24891549641880834,0.24820892749040324,0.002838589555775428,151.76733944897228,155.64745462927795,-0.20133304516380612,-0.1685522513669091
unrestricted,4,SLB|PSX|EQNR|FANG,0.7941752530530861,0.5652651113265488,0.01032463996994919,0.010320040423388813,0.24891549641880834,0.2607872123910098,-0.04769376010333626,151.76733944897228,176.20818204370846,-0.20133304516380612,-0.16171836777230086
unrestricted,4,EOG|SU|OXY|IMO,0.7814166549089847,0.5662178886041387,0.010327139540571836,0.0103087253741564,0.24891549641880834,0.24694420162366415,0.007919534233527314,151.76733944897228,154.33436863820168,-0.20133304516380612,-0.1749959433247944
unrestricted,4,EOG|IMO|EQNR|DVN,0.8008560306228553,0.5661908599591463,0.01032737982816795,0.01030904653370973,0.24891549641880834,0.2675854770799329,-0.07500529669599887,151.76733944897228,154.8751075529758,-0.20133304516380612,-0.1748156322944665
unrestricted,4,COP|HAL|OXY|EQNR,0.8264846629789618,0.5660497284567612,0.010328026187752916,0.010310723322851448,0.24891549641880834,0.2908374302372116,-0.16841833642959791,151.76733944897228,158.8054019100352,-0.20133304516380612,-0.2252177669170613
unrestricted,4,EOG|PSX|EQNR|DVN,0.8051430804831885,0.5658101469725509,0.010328501722142735,0.010313569176050663,0.24891549641880834,0.2717506898434938,-0.09173873765683327,151.76733944897228,163.81421070422167,-0.20133304516380612,-0.15086497943464316
unrestricted,4,EOG|EQNR|OKE|DVN,0.7963736826872868,0.5657541016741412,0.010329295569393042,0.010314234793183764,0.24891549641880834,0.2632150187679922,-0.05744729659227188,151.76733944897228,140.7937983477335,-0.20133304516380612,-0.15150532633655978
unrestricted,4,COP|OXY|VLO|PSX,0.8068489335889429,0.5654503981743413,0.010329537140642662,0.010317840954704572,0.24891549641880834,0.27339676972705834,-0.09835174450954831,151.76733944897228,168.54844907163752,-0.20133304516380612,-0.1752751405281897
unrestricted,4,HAL|SU|OKE|E,0.764118188002324,0.5657433186680825,0.010330563168383275,0.010314362851694243,0.24891549641880834,0.22353277935402874,0.1019732295898218,151.76733944897228,161.44387885613398,-0.20133304516380612,-0.18579538159474618
unrestricted,4,EOG|OXY|IMO|EQNR,0.8014208695498952,0.5657927075915083,0.010332260546325458,0.010313776297953093,0.24891549641880834,0.26832053015946417,-0.07795831926834418,151.76733944897228,153.84252392198138,-0.20133304516380612,-0.18471113145193685
unrestricted,4,EOG|SLB|OKE|DVN,0.7705685213046424,0.5647998090213024,0.01033700548452725,0.010325561781942515,0.24891549641880834,0.23373395884950332,0.060990728933009386,151.76733944897228,136.37830232817575,-0.20133304516380612,-0.13319189825873357
unrestricted,4,SLB|PSX|EQNR|E,0.7749191884563895,0.5638693992266288,0.010338210089123952,0.010336593342613174,0.24891549641880834,0.239588412482623,0.037470884980548624,151.76733944897228,178.9412242768849,-0.20133304516380612,-0.1621046752821691
unrestricted,4,EOG|OXY|IMO|FANG,0.786200814611179,0.565217945294221,0.010339056275663668,0.010320600238314125,0.24891549641880834,0.2529376423914853,-0.016158680478091103,151.76733944897228,149.39091596962334,-0.20133304516380612,-0.15960968982334578
unrestricted,4,EOG|SU|IMO|FANG,0.7776936200920278,0.5651492519836541,0.010339674222858088,0.010321415506779204,0.24891549641880834,0.2431312095718091,0.02323795396517625,151.76733944897228,155.42019266487029,-0.20133304516380612,-0.1693324213738544
unrestricted,4,HAL|EOG|OXY|PSX,0.7907259438650528,0.5649463927567513,0.010340561885066327,0.010323822712293212,0.24891549641880834,0.25786817725604355,-0.03596674761531138,151.76733944897228,160.3014007855979,-0.20133304516380612,-0.14436474555742207
unrestricted,4,EOG|SU|OXY|CVE,0.7879086179365287,0.5650443420166027,0.010341121590171885,0.010322660478835281,0.24891549641880834,0.2548912941938466,-0.024007335264429663,151.76733944897228,154.17121840412767,-0.20133304516380612,-0.17620454753039738
unrestricted,4,PSX|EQNR|OKE|DVN,0.7930433853740069,0.5647308005902945,0.010342310289572535,0.010326380396672103,0.24891549641880834,0.2603525077248698,-0.04594736555420531,151.76733944897228,162.04065228947903,-0.20133304516380612,-0.14276978018661235
unrestricted,4,SU|OXY|SLB|OKE,0.7655428216181493,0.5649104894442183,0.010342810983667674,0.010324248696333159,0.24891549641880834,0.22674726045757282,0.08905928429597143,151.76733944897228,150.3311837717622,-0.20133304516380612,-0.1783289589646001
unrestricted,4,OXY|SLB|PSX|EQNR,0.7965369759091638,0.5638754208351395,0.010344011492130482,0.010336521984248065,0.24891549641880834,0.2639656512793392,-0.06046290840490087,151.76733944897228,173.41243678750754,-0.20133304516380612,-0.1751631975335015
unrestricted,4,HAL|SU|OXY|E,0.774957248294435,0.5638272340148631,0.010348737091790577,0.01033709300270647,0.24891549641880834,0.24022044409275167,0.03493174370882457,151.76733944897228,168.6757272690486,-0.20133304516380612,-0.20673779366062384
unrestricted,4,COP|VLO|EQNR|CVE,0.8195669964775707,0.5629070804714938,0.010350133795755057,0.010347990865072203,0.24891549641880834,0.28557398255980115,-0.14727281615007914,151.76733944897228,178.51712104165455,-0.20133304516380612,-0.16959924036002183
unrestricted,4,HAL|EOG|OKE|FANG,0.7773339215234119,0.5635358411753906,0.010351811495264342,0.01034054536402303,0.24891549641880834,0.24332973726104357,0.02244038333542142,151.76733944897228,136.16147050317932,-0.20133304516380612,-0.13425465548316318
unrestricted,4,EOG|EQNR|OKE|CVE,0.796432990362527,0.5640732871111234,0.01035271958546395,0.010334176919052994,0.24891549641880834,0.2642067823013812,-0.06143163484223102,151.76733944897228,149.9179521392459,-0.20133304516380612,-0.15244094431692323
unrestricted,4,COP|VLO|PSX|FANG,0.803734844183211,0.563298911583785,0.010353406589737343,0.010343351606809149,0.24891549641880834,0.2713259731732547,-0.09003246915869001,151.76733944897228,170.62460665584035,-0.20133304516380612,-0.16275224066005978
unrestricted,4,SU|PSX|OKE|FANG,0.7666068211491324,0.563673027619896,0.01035422656742586,0.010338920151377974,0.24891549641880834,0.22916599725539166,0.07934218418522043,151.76733944897228,163.2569694303809,-0.20133304516380612,-0.139557433863417
unrestricted,4,EOG|SLB|PSX|CVE,0.7820006731659165,0.5632840422195431,0.010356347985351157,0.010343527697225956,0.24891549641880834,0.2490442168027544,-0.0005171248307076493,151.76733944897228,167.13835955136736,-0.20133304516380612,-0.1210867424490426
unrestricted,4,COP|VLO|EQNR|FANG,0.818489112874883,0.5628037811343167,0.010356907373980288,0.010349213576995442,0.24891549641880834,0.2848505054258956,-0.14436629910186638,151.76733944897228,173.2378918688608,-0.20133304516380612,-0.1760188574751984
unrestricted,4,OXY|EQNR|OKE|E,0.7846037772081421,0.5633846059245615,0.010360981316328354,0.010342336713317553,0.24891549641880834,0.25218029963207417,-0.013116110729292307,151.76733944897228,152.27746256471985,-0.20133304516380612,-0.1841871437898821
unrestricted,4,SU|SLB|OKE|E,0.7569089601929603,0.5632296704248521,0.01036128250867901,0.010344171569576637,0.24891549641880834,0.21273314276038124,0.14535998834539865,151.76733944897228,159.49112110165342,-0.20133304516380612,-0.17974358177005223
unrestricted,4,COP|SLB|DVN|CVE,0.8032537208003588,0.5631081615714153,0.010362079848981286,0.010345610336059517,0.24891549641880834,0.27118777946095407,-0.08947728591663062,151.76733944897228,161.00636541465107,-0.20133304516380612,-0.19336427761232566
unrestricted,4,VLO|PSX|FANG|E,0.7721112553796039,0.5607962932631625,0.010367889901501618,0.010372946771691077,0.24891549641880834,0.2376494348240391,0.04526058745580752,151.76733944897228,184.42745136270656,-0.20133304516380612,-0.12716064480616152
unrestricted,4,COP|EOG|OXY|FANG,0.815689427559713,0.5626761493581517,0.010368094562905512,0.01035072410255039,0.24891549641880834,0.28275436189051106,-0.1359451940861398,151.76733944897228,145.0168822313515,-0.20133304516380612,-0.20242605649931011
unrestricted,4,COP|EOG|DVN|FANG,0.8134660296330825,0.5626789039138496,0.010368170667264925,0.01035069150463593,0.24891549641880834,0.28078312751660744,-0.12802590259057545,151.76733944897228,145.30000111238374,-0.20133304516380612,-0.19211298770460694
unrestricted,4,EOG|IMO|OKE|CVE,0.7724746533021026,0.5626747753200794,0.010368374451044852,0.010350740363129139,0.24891549641880834,0.2381484193721093,0.043255953131110414,151.76733944897228,145.7274928435338,-0.20133304516380612,-0.1377599257211144
unrestricted,4,VLO|PSX|DVN|E,0.7755662066219169,0.5605052421543083,0.010369000929770488,0.01037638316989623,0.24891549641880834,0.2420772592431916,0.027472123166294105,151.76733944897228,186.1618593270477,-0.20133304516380612,-0.12668807136703997
unrestricted,4,HAL|EOG|IMO|CVE,0.7804463735722461,0.5625585179998632,0.010370395806841879,0.010352116077707025,0.24891549641880834,0.2479439607625685,0.0039030742168225663,151.76733944897228,155.60066790476458,-0.20133304516380612,-0.16834858426533383
unrestricted,4,EOG|IMO|VLO|OKE,0.7688972760938744,0.5624462007393102,0.010371704362970397,0.010353444994535053,0.24891549641880834,0.2335755898551775,0.061626964911099535,151.76733944897228,155.71272134090853,-0.20133304516380612,-0.11972490112646617
unrestricted,4,COP|HAL|SLB|CVE,0.8036502599947227,0.5622379013771711,0.010372438647273264,0.01035590910224758,0.24891549641880834,0.27194040903835076,-0.09250092079764394,151.76733944897228,160.92051470895117,-0.20133304516380612,-0.19442246327535317
unrestricted,4,EOG|SLB|IMO|FANG,0.7707630021899781,0.5624175417364631,0.010372443345385677,0.010353784055184952,0.24891549641880834,0.23614290730443063,0.051312952781723986,151.76733944897228,152.46090213230622,-0.20133304516380612,-0.16361552801055745
unrestricted,4,OXY|SLB|FANG|E,0.7724577871211645,0.5621413006260275,0.010372603223506692,0.010357051655952514,0.24891549641880834,0.23836702073675758,0.042377737962535744,151.76733944897228,162.88231720354594,-0.20133304516380612,-0.1898606297207568
unrestricted,4,COP|HAL|EQNR|DVN,0.8243883095994058,0.5621498932774929,0.010373851684745016,0.010356950030734342,0.24891549641880834,0.29046022758616086,-0.16690295206631967,151.76733944897228,160.0721497864028,-0.20133304516380612,-0.22134502883033347
unrestricted,4,EOG|SU|FANG|CVE,0.7832319608189569,0.5622161905163938,0.010374496083869075,0.010356165900305052,0.24891549641880834,0.2512855033511129,-0.009521331401227462,151.76733944897228,155.38027603881852,-0.20133304516380612,-0.1700170477951769
unrestricted,4,SU|OXY|SLB|PSX,0.771500841695125,0.5611627831519965,0.010374670008743616,0.010368618058805451,0.24891549641880834,0.23724447575994434,0.04688748120055619,151.76733944897228,174.95806278516972,-0.20133304516380612,-0.16857873122445022
unrestricted,4,SLB|EQNR|OKE|DVN,0.7833036262664468,0.5619830449024406,0.010377547107647109,0.010358923166820185,0.24891549641880834,0.25150635385455644,-0.01040858232220665,151.76733944897228,150.31773576430496,-0.20133304516380612,-0.17479633480419576
unrestricted,4,COP|SLB|VLO|DVN,0.7944118518507031,0.5612452110803414,0.010378519039072795,0.010367644230913508,0.24891549641880834,0.2632134502622161,-0.05744099523378399,151.76733944897228,169.72665800481587,-0.20133304516380612,-0.15706237468519302
unrestricted,4,EOG|PSX|EQNR|CVE,0.804440538857896,0.5608755402067334,0.010381510315087014,0.010372010917327439,0.24891549641880834,0.27300933964330704,-0.09679527217526074,151.76733944897228,171.34808623541124,-0.20133304516380612,-0.14258860672610396
unrestricted,4,EOG|SU|EQNR|FANG,0.7981157089305518,0.561429564612774,0.010383060522580012,0.010365465892695309,0.24891549641880834,0.26704327523477916,-0.07282704000666262,151.76733944897228,158.2643212346601,-0.20133304516380612,-0.18565019173602804
unrestricted,4,SU|SLB|DVN|E,0.7642063556692293,0.5608018834329851,0.010383197801067903,0.010372880758224389,0.24891549641880834,0.22756060947756956,0.08579171344683367,151.76733944897228,170.4088846095653,-0.20133304516380612,-0.20066288638010144
unrestricted,4,OKE|FANG|CVE|E,0.7725296992490448,0.5610070994317243,0.010385163269292117,0.010370457102794427,0.24891549641880834,0.23916572752514692,0.03916899121964312,151.76733944897228,164.40031972747002,-0.20133304516380612,-0.1659166657405966
unrestricted,4,OXY|SLB|VLO|E,0.7692574350478519,0.5599040858185675,0.010386020077613712,0.010383477335128954,0.24891549641880834,0.2349403657391206,0.05614407652697573,151.76733944897228,178.2706250757267,-0.20133304516380612,-0.15120514142531838
unrestricted,4,EOG|SU|VLO|PSX,0.7762112450541214,0.5604681383876963,0.010387134481437185,0.010376821166899655,0.24891549641880834,0.24381233966342472,0.020501563095924658,151.76733944897228,170.4253771799753,-0.20133304516380612,-0.12968308988085953
unrestricted,4,COP|EOG|OXY|DVN,0.8152803687658129,0.560995177487329,0.010387942850328144,0.010370597919620136,0.24891549641880834,0.2830434717805773,-0.13710667215490502,151.76733944897228,144.8561250188671,-0.20133304516380612,-0.20323525053486724
unrestricted,4,HAL|EOG|SLB|OKE,0.7674564063427431,0.5603898989158471,0.0103892977819031,0.01037774469594484,0.24891549641880834,0.23267880250549117,0.06522974321373065,151.76733944897228,136.35705056580244,-0.20133304516380612,-0.13391693952374772
unrestricted,4,OKE|DVN|CVE|E,0.7748148386424801,0.5605831965149326,0.01038986572053968,0.010375462885668901,0.24891549641880834,0.24226585468142825,0.026714454636411422,151.76733944897228,164.90835304254546,-0.20133304516380612,-0.16713582420860473
unrestricted,4,HAL|EOG|SU|VLO,0.7770467253958201,0.5600379623240025,0.010390790263206539,0.010381897896024854,0.24891549641880834,0.24499456402303252,0.015752062254809296,151.76733944897228,172.05354726316136,-0.20133304516380612,-0.142051548333461
unrestricted,4,EOG|OXY|SLB|FANG,0.7845799801099417,0.5606353295905474,0.010391615314478282,0.01037484738709072,0.24891549641880834,0.2535457730125686,-0.018601801255353267,151.76733944897228,143.53674460214077,-0.20133304516380612,-0.16150058872940964
unrestricted,4,COP|OXY|VLO|EQNR,0.8188178423071399,0.5599267577096717,0.010392492103421408,0.01038320987513695,0.24891549641880834,0.28627372119182765,-0.15008396548426584,151.76733944897228,171.62592174851338,-0.20133304516380612,-0.18382724831373343
unrestricted,4,SU|PSX|EQNR|FANG,0.7905543101483793,0.5590830494825951,0.010392584559453634,0.010393158451777497,0.24891549641880834,0.2598794649918565,-0.04404695059483532,151.76733944897228,180.95850644576487,-0.20133304516380612,-0.1748835600545966
unrestricted,4,SLB|EQNR|OKE|E,0.7670125130832963,0.5603458612134948,0.010396532624938242,0.010378264475388284,0.24891549641880834,0.2325165771812589,0.06588147171824821,151.76733944897228,155.88851607339686,-0.20133304516380612,-0.1759890602718267
unrestricted,4,IMO|PSX|EQNR|OKE,0.7753918511604245,0.5598616437487735,0.01039828996009194,0.010383978005131881,0.24891549641880834,0.2434069824568075,0.022130056349455196,151.76733944897228,165.08189790174083,-0.20133304516380612,-0.14389574046344178
unrestricted,4,HAL|EOG|OKE|DVN,0.7764179653770468,0.5595011407645516,0.010399174049434134,0.01038822972369269,0.24891549641880834,0.24467691869099878,0.017028179397388765,151.76733944897228,135.72476599925156,-0.20133304516380612,-0.13448043882438487
unrestricted,4,EOG|SU|OXY|EQNR,0.799986775170114,0.5600594526132452,0.010399587512011017,0.010381644336974152,0.24891549641880834,0.2694685263226085,-0.08257031080627875,151.76733944897228,157.22541084841345,-0.20133304516380612,-0.19682137263447552
unrestricted,4,SLB|EQNR|FANG|E,0.7779655099683048,0.5592366652214438,0.010404125854914088,0.010391347802632704,0.24891549641880834,0.2467367146121255,0.008753098292510253,151.76733944897228,167.35268753804615,-0.20133304516380612,-0.1947299577691156
unrestricted,4,EOG|SU|IMO|DVN,0.7760868870969007,0.5596171711357438,0.01040531426765759,0.010386861468689989,0.24891549641880834,0.24459785913089457,0.017345795460838587,151.76733944897228,155.01157083842168,-0.20133304516380612,-0.1689014042613195
unrestricted,4,HAL|SU|PSX|EQNR,0.7875582790399155,0.5576741657901556,0.010408035756692868,0.01040975009439061,0.24891549641880834,0.2574311740811731,-0.03421111897363294,151.76733944897228,181.93658185703714,-0.20133304516380612,-0.18371670932847795
unrestricted,4,EOG|IMO|DVN|FANG,0.7815642436821341,0.5593947064461078,0.010408149847784074,0.01038948466152863,0.24891549641880834,0.25099949851149156,-0.008372327648001665,151.76733944897228,150.151208292818,-0.20133304516380612,-0.15325502292703175
unrestricted,4,SU|OXY|FANG|E,0.774094125748157,0.5588785045115647,0.010408214589312837,0.010395568907757016,0.24891549641880834,0.24235899901417482,0.026340254017781173,151.76733944897228,167.5470472684814,-0.20133304516380612,-0.19811784493232365
unrestricted,4,EOG|SLB|PSX|FANG,0.7765726263860114,0.559193373847005,0.010409044956452602,0.010391858104474518,0.24891549641880834,0.24535946394791244,0.014286103203927314,151.76733944897228,159.5352308947985,-0.20133304516380612,-0.12263913334668053
unrestricted,4,HAL|SU|FANG|E,0.768505470929676,0.5582318224985557,0.010412727208223366,0.010403186044380092,0.24891549641880834,0.235532370880431,0.0537657386981637,151.76733944897228,171.39566824549587,-0.20133304516380612,-0.20178674228082316
unrestricted,4,SLB|VLO|FANG|E,0.7643981935787477,0.5572916775672707,0.01041284051022522,0.010414249884063836,0.24891549641880834,0.22986381813514653,0.07653873928205235,151.76733944897228,181.70419893691806,-0.20133304516380612,-0.14281548265920674
unrestricted,4,COP|HAL|VLO|PSX,0.7992704246370705,0.5582191607425622,0.010413117018519946,0.010403335128974829,0.24891549641880834,0.2692900567133586,-0.08185332206183493,151.76733944897228,171.12253012515384,-0.20133304516380612,-0.16381926168919314
unrestricted,4,EOG|IMO|PSX|CVE,0.7774041742051494,0.5583040870824889,0.010415491533572139,0.010402335131281252,0.24891549641880834,0.2466490946282649,0.009105105239129552,151.76733944897228,166.86239753818103,-0.20133304516380612,-0.1250119001425789
unrestricted,4,COP|VLO|EQNR|DVN,0.8176564131760142,0.5577993576697382,0.01041590131132373,0.010408276849663346,0.24891549641880834,0.2860148703201103,-0.14904405083274153,151.76733944897228,173.48683551651234,-0.20133304516380612,-0.17875912182163356
unrestricted,4,HAL|SU|EQNR|OKE,0.7785514492729438,0.5585507869999348,0.010417142618674878,0.010399429723312693,0.24891549641880834,0.24804527648296065,0.0034960456394547146,151.76733944897228,158.1005737848652,-0.20133304516380612,-0.19291715315298397
unrestricted,4,SLB|PSX|OKE|E,0.7557156506994268,0.5581804814095634,0.010418398348793033,0.010403790541727777,0.24891549641880834,0.21602062706596784,0.1321527579684867,151.76733944897228,164.68013430277503,-0.20133304516380612,-0.13619001830377997
unrestricted,4,EOG|OXY|IMO|DVN,0.7844801938837741,0.5584054658456596,0.010419650274480137,0.01040114128234832,0.24891549641880834,0.2546879803821555,-0.02319053673393956,151.76733944897228,148.7653683208072,-0.20133304516380612,-0.16287267443345677
unrestricted,4,SLB|EQNR|DVN|E,0.7806912011613804,0.5575843480697567,0.010423208215519614,0.010410806931333151,0.24891549641880834,0.25073382728855964,-0.007305012728865634,151.76733944897228,167.9249631261631,-0.20133304516380612,-0.20284444064844065
unrestricted,4,OXY|SLB|EQNR|E,0.7801395147795581,0.5576745378546153,0.010424527760796267,0.01040974571628452,0.24891549641880834,0.25018352572476293,-0.005094216005825158,151.76733944897228,164.41692221943174,-0.20133304516380612,-0.2015017255253747
unrestricted,4,SLB|PSX|EQNR|DVN,0.793943994020188,0.5567431080116492,0.010424677405097114,0.010420700148809192,0.24891549641880834,0.26457662021039435,-0.06291743188714816,151.76733944897228,177.08571877152409,-0.20133304516380612,-0.16506463481985523
unrestricted,4,EOG|SU|EQNR|DVN,0.7975946290154721,0.557846449384487,0.010425500523164958,0.01040772262539551,0.24891549641880834,0.26815290179728657,-0.0772848844497438,151.76733944897228,157.94599823735675,-0.20133304516380612,-0.18714798707585
unrestricted,4,COP|OXY|SLB|FANG,0.8012263302414215,0.5576085167412038,0.010429280080654496,0.01041052256208945,0.24891549641880834,0.2717319253801275,-0.09166335278270421,151.76733944897228,152.56503079523145,-0.20133304516380612,-0.21138256469380257
unrestricted,4,HAL|PSX|EQNR|E,0.780067474610333,0.5556699728050982,0.010433504819591452,0.01043330690137505,0.24891549641880834,0.2505236028934954,-0.006460451429594283,151.76733944897228,180.43852997668694,-0.20133304516380612,-0.16847521389796272
unrestricted,4,SLB|EQNR|OKE|CVE,0.7815578144807976,0.5569967677120293,0.010434584095699894,0.0104177180294094,0.24891549641880834,0.25220904291644186,-0.01323158479491382,151.76733944897228,160.4401711309562,-0.20133304516380612,-0.18050604311239626
unrestricted,4,SU|OXY|PSX|EQNR,0.7922447290356884,0.5557168274958459,0.01043531693183681,0.01043275678971658,0.24891549641880834,0.26331894739630246,-0.05786482233817969,151.76733944897228,178.40212732445252,-0.20133304516380612,-0.18540287418550383
unrestricted,4,OXY|VLO|FANG|E,0.7758260099025213,0.5553857148996431,0.010437045439019419,0.01043664369565635,0.24891549641880834,0.24589169291492718,0.012147911831063785,151.76733944897228,180.2774079745499,-0.20133304516380612,-0.14066509344266365
unrestricted,4,OXY|VLO|PSX|E,0.7741775845804139,0.5552247040943208,0.010437759138589577,0.010438533266409833,0.24891549641880834,0.24399624269559889,0.019762745967943474,151.76733944897228,181.26010056515028,-0.20133304516380612,-0.14360857916190573
unrestricted,4,EOG|OXY|OKE|CVE,0.7827854568817328,0.5566928771408924,0.010437857303733668,0.010421290580704665,0.24891549641880834,0.2536837361600272,-0.019156058219839123,151.76733944897228,142.95184535929943,-0.20133304516380612,-0.1360257152155231
unrestricted,4,IMO|PSX|EQNR|FANG,0.7884264980753188,0.5554621557951289,0.01043873246683883,0.010435746490247338,0.24891549641880834,0.2596193390902048,-0.043001913602787045,151.76733944897228,178.03136959556412,-0.20133304516380612,-0.15903581957023338
unrestricted,4,SU|PSX|OKE|DVN,0.7643087460712595,0.5564331240895566,0.010439706154993341,0.01042434327879124,0.24891549641880834,0.23148333587270187,0.07003244392939001,151.76733944897228,163.47978676333457,-0.20133304516380612,-0.13956783706047837
unrestricted,4,COP|HAL|SLB|VLO,0.793268218897373,0.5558827121612593,0.0104414219813559,0.010430808937478405,0.24891549641880834,0.26456945312104696,-0.06288863862417116,151.76733944897228,170.2368479436344,-0.20133304516380612,-0.15727592139090185
unrestricted,4,EOG|SLB|FANG|CVE,0.7836260561409801,0.5564705933230185,0.010442552296617046,0.010423902983965203,0.24891549641880834,0.2547893908625925,-0.023597946002932524,151.76733944897228,154.13856518006844,-0.20133304516380612,-0.1584323282836423
unrestricted,4,IMO|PSX|EQNR|E,0.7727933242458411,0.5547112346287492,0.010443031489868882,0.010444556894653652,0.24891549641880834,0.2426183251195676,0.025298430149344853,151.76733944897228,181.8899514409875,-0.20133304516380612,-0.155633230558212
unrestricted,4,HAL|EOG|OXY|FANG,0.7978304649186232,0.5558581774635754,0.01044805220145859,0.010431097051920846,0.24891549641880834,0.26922363310153447,-0.08158647000649988,151.76733944897228,143.6943486553056,-0.20133304516380612,-0.167417924846879
unrestricted,4,EOG|SLB|IMO|DVN,0.7684907482470689,0.5558115622453283,0.010450453593724613,0.01043164443913255,0.24891549641880834,0.2377012607744886,0.04505238044903159,151.76733944897228,152.1313065931961,-0.20133304516380612,-0.16339991152710265
unrestricted,4,COP|VLO|PSX|DVN,0.8020459285496776,0.5549501020127607,0.010451849394968247,0.010441755118763536,0.24891549641880834,0.27330738849372394,-0.09799266187057909,151.76733944897228,170.8802763095307,-0.20133304516380612,-0.1671659315574442
unrestricted,4,EOG|OXY|OKE|FANG,0.7785358005352805,0.5544815236696671,0.01045441064170994,0.010447250562252547,0.24891549641880834,0.24980533177270842,-0.003574849162476079,151.76733944897228,132.31305280768856,-0.20133304516380612,-0.15919508006850658
unrestricted,4,EOG|SU|DVN|CVE,0.7817606780878238,0.555409642108389,0.01045479594491957,0.010436362864472465,0.24891549641880834,0.2533422607682337,-0.017784205536071518,151.76733944897228,155.60932939110265,-0.20133304516380612,-0.16987456703456505
unrestricted,4,OXY|IMO|FANG|E,0.7726869948246587,0.5550758752753133,0.010454868058914992,0.010440279569153365,0.24891549641880834,0.2431080575772098,0.02333096542863422,151.76733944897228,164.8410478466112,-0.20133304516380612,-0.18714870124731975
unrestricted,4,EOG|SLB|IMO|VLO,0.7668401284442746,0.5549643865989389,0.0104548749279377,0.010441587545028106,0.24891549641880834,0.2358266631400218,0.052583440834732764,151.76733944897228,166.8068916685417,-0.20133304516380612,-0.13042652597680737
unrestricted,4,SU|SLB|EQNR|E,0.7668281163296549,0.5544032044497293,0.010456683875375516,0.010448168800891023,0.24891549641880834,0.235916919151427,0.052220843838146624,151.76733944897228,172.6635990530943,-0.20133304516380612,-0.2095853054715202
unrestricted,4,COP|HAL|OXY|CVE,0.815221639143834,0.555100095444649,0.010457343320515403,0.010439995398475264,0.24891549641880834,0.28523684199883675,-0.1459183783355802,151.76733944897228,159.3607392919352,-0.20133304516380612,-0.20892638521641738
unrestricted,4,COP|HAL|OXY|SLB,0.8012007836804477,0.5549997355376192,0.010459958086580644,0.010441172851960447,0.24891549641880834,0.27281669556727295,-0.09602133853591055,151.76733944897228,153.06024122220282,-0.20133304516380612,-0.21225818649332662
unrestricted,4,SU|OXY|PSX|FANG,0.7767192534294198,0.5535916480303968,0.010461626596847408,0.01045767899179962,0.24891549641880834,0.2481165379868939,0.0032097577025504975,151.76733944897228,177.22302077493188,-0.20133304516380612,-0.16389426822091313
unrestricted,4,EOG|OXY|SLB|VLO,0.7784613998105857,0.5545150797433598,0.010462388135183819,0.010446857115819051,0.24891549641880834,0.25009722387754824,-0.004747504577825135,151.76733944897228,163.26519203860306,-0.20133304516380612,-0.11481290981617132
unrestricted,4,HAL|PSX|EQNR|OKE,0.7831293913741023,0.5542852763914734,0.010464704775072557,0.010449551273521613,0.24891549641880834,0.2552364225367343,-0.025393863414959084,151.76733944897228,163.93810724274593,-0.20133304516380612,-0.1489345304067664
unrestricted,4,HAL|EOG|EQNR|FANG,0.8099855873590153,0.5545408313176989,0.010465328419209191,0.01044655516743284,0.24891549641880834,0.2809318990833974,-0.12862358159783027,151.76733944897228,153.34504957530535,-0.20133304516380612,-0.1799185769527294
unrestricted,4,SU|VLO|FANG|E,0.7646779978715244,0.5522144571118651,0.010467393903444573,0.01047379778717043,0.24891549641880834,0.23371283468629817,0.06107559373053739,151.76733944897228,185.7491703439705,-0.20133304516380612,-0.15244247533778288
unrestricted,4,SU|PSX|CVE|E,0.7645737848694313,0.5516286237587591,0.010469435013607845,0.01048064693025059,0.24891549641880834,0.23369720846035894,0.06113837096282726,151.76733944897228,189.2101988305296,-0.20133304516380612,-0.1633173987824179
unrestricted,4,HAL|EOG|PSX|FANG,0.783095686464884,0.553961932712614,0.010469892022633471,0.010453340899046218,0.24891549641880834,0.2554274815549349,-0.02616142919912834,151.76733944897228,161.29918211482348,-0.20133304516380612,-0.13728028293206473
unrestricted,4,COP|OXY|SLB|DVN,0.8000922221826144,0.5541036503865476,0.010470514870224247,0.010451680120565764,0.24891549641880834,0.2721698300863682,-0.09342260326144447,151.76733944897228,152.4928207893836,-0.20133304516380612,-0.2125788087557965
unrestricted,4,HAL|EOG|PSX|CVE,0.7863217859880676,0.5534808439078546,0.010470524950618098,0.010458976774473298,0.24891549641880834,0.2587961835759136,-0.039694945872235765,151.76733944897228,169.18092712693482,-0.20133304516380612,-0.13426054652204789
unrestricted,4,EOG|IMO|VLO|EQNR,0.7886226342814118,0.5532495860384001,0.010472255776189727,0.010461684841486966,0.24891549641880834,0.2611948631827701,-0.049331467669258,151.76733944897228,170.38221834749368,-0.20133304516380612,-0.1416327868914643
unrestricted,4,HAL|SU|OXY|PSX,0.7753302146886696,0.5525885734914278,0.010473292288113714,0.010469421542610846,0.24891549641880834,0.24710932245878478,0.007256173223480711,151.76733944897228,177.3286570426101,-0.20133304516380612,-0.17221386482811685
unrestricted,4,HAL|EOG|OXY|SLB,0.7827078993531437,0.5536862880415989,0.01047355618258933,0.010456570402193478,0.24891549641880834,0.25517967536766717,-0.02516588576839407,151.76733944897228,143.65241761518303,-0.20133304516380612,-0.16586465543191498
unrestricted,4,HAL|SU|DVN|E,0.766942783307724,0.5528592036457753,0.01047509468304724,0.010466254692607157,0.24891549641880834,0.23712892290406254,0.04735170643982123,151.76733944897228,172.36555303998452,-0.20133304516380612,-0.20509603711841584
unrestricted,4,SU|PSX|EQNR|DVN,0.7899420134394712,0.5517695759490386,0.01047722591435967,0.010478999427379817,0.24891549641880834,0.26270886730854176,-0.055413869719567854,151.76733944897228,182.1946023247806,-0.20133304516380612,-0.1762039784327063
unrestricted,4,SLB|VLO|DVN|E,0.763884417244848,0.5516511844778805,0.010477674587660942,0.01048038324938403,0.24891549641880834,0.23327374483672256,0.06283960543689104,151.76733944897228,182.94429771560004,-0.20133304516380612,-0.14341176067373906
unrestricted,4,HAL|EOG|OXY|CVE,0.8006977601136283,0.5534260726276269,0.010478323688344785,0.010459618218377978,0.24891549641880834,0.2730108747688783,-0.09680143943119046,151.76733944897228,154.2078750492083,-0.20133304516380612,-0.16849490232500053
unrestricted,4,EOG|SLB|PSX|DVN,0.7750385719849388,0.5532874406451939,0.010478595930756996,0.010461241605909414,0.24891549641880834,0.24703661364305818,0.007548275630814394,151.76733944897228,159.45220113279356,-0.20133304516380612,-0.12502701194989851
unrestricted,4,EOG|SU|VLO|EQNR,0.788777497811104,0.5522569309921405,0.010481330739713735,0.010473301038905584,0.24891549641880834,0.2617174256254152,-0.05143082447975522,151.76733944897228,173.2568954626829,-0.20133304516380612,-0.1502799678867368
unrestricted,4,SU|EQNR|OKE|E,0.7667528821290743,0.5529976442130892,0.010481419149453455,0.010464634323340681,0.24891549641880834,0.23724743741141796,0.0468755829800106,151.76733944897228,160.8383463040616,-0.20133304516380612,-0.18498357544064548
unrestricted,4,HAL|EOG|OXY|EQNR,0.8120600535106869,0.5531122277408893,0.010482157961272841,0.010463292997557687,0.24891549641880834,0.28330097289928946,-0.13814116427137368,151.76733944897228,152.1917954724864,-0.20133304516380612,-0.1951194986195205
unrestricted,4,VLO|DVN|FANG|E,0.7719016789183863,0.5510886170244185,0.010482173759707999,0.010486956339340147,0.24891549641880834,0.24358672578554882,0.021407950529097164,151.76733944897228,184.57252699433823,-0.20133304516380612,-0.13280716303744755
unrestricted,4,HAL|SU|OXY|OKE,0.7668246236710119,0.5530456863364662,0.010482932858579725,0.01046407195856149,0.24891549641880834,0.23742468385541138,0.04616350821349946,151.76733944897228,151.14970377009877,-0.20133304516380612,-0.18199234595595293
unrestricted,4,HAL|EOG|SLB|IMO,0.7666533746601019,0.5529794784188902,0.010483695571971383,0.01046484695808377,0.24891549641880834,0.2372503897280149,0.04686372226165669,151.76733944897228,152.71472054731714,-0.20133304516380612,-0.16612841223855346
unrestricted,4,COP|HAL|VLO|CVE,0.8023148531479141,0.5516629648884295,0.01048393025934573,0.010480245561913777,0.24891549641880834,0.2746927619287732,-0.10355829942621875,151.76733944897228,177.53137778144165,-0.20133304516380612,-0.15018764178630717
unrestricted,4,EOG|SU|OXY|VLO,0.7776145073120244,0.5520363336072562,0.010486774505130402,0.010475880753116841,0.24891549641880834,0.25030288272026924,-0.005573724100835342,151.76733944897228,170.03949803894415,-0.20133304516380612,-0.13720298303493883
unrestricted,4,EOG|OXY|VLO|OKE,0.7738016619915258,0.5526751696378313,0.010487270750592475,0.010468408319233338,0.24891549641880834,0.24605125865246555,0.011506868023691164,151.76733944897228,150.98377560479196,-0.20133304516380612,-0.1289333836109644
unrestricted,4,COP|OXY|VLO|CVE,0.8076312395250886,0.5514489985831956,0.010487943275511596,0.010482746082463686,0.24891549641880834,0.2796076608379831,-0.1233035502439519,151.76733944897228,176.1256806771351,-0.20133304516380612,-0.15760721839929492
unrestricted,4,EOG|OXY|SLB|DVN,0.7819234442721854,0.5522917540099139,0.010489586430077592,0.010472893752824489,0.24891549641880834,0.2550559161893573,-0.024668692222429955,151.76733944897228,142.99424376184155,-0.20133304516380612,-0.16569520394741422
unrestricted,4,SU|DVN|FANG|E,0.7680810384381452,0.5516686390284395,0.010490520487609501,0.010480179242867886,0.24891549641880834,0.2394211413097801,0.038142884816836364,151.76733944897228,170.7101820912337,-0.20133304516380612,-0.1952489214120604
unrestricted,4,OXY|SLB|DVN|E,0.7693083663369231,0.5520816027529056,0.010491064144865754,0.010475351417605078,0.24891549641880834,0.24095275447058034,0.03198973974215902,151.76733944897228,163.04417638564752,-0.20133304516380612,-0.19653504405763322
unrestricted,4,COP|EQNR|FANG|CVE,0.8271481305417272,0.5515787700709385,0.010495825303997246,0.01048122957714194,0.24891549641880834,0.29640338159824875,-0.19077914337458735,151.76733944897228,164.97456966784932,-0.20133304516380612,-0.21245854905511996
unrestricted,4,SU|OXY|DVN|E,0.7720459135206387,0.5513579464397738,0.010496313369390473,0.010483809983852767,0.24891549641880834,0.24447609829657505,0.01783496080438418,151.76733944897228,168.02393780549255,-0.20133304516380612,-0.20331119912346174
unrestricted,4,EOG|VLO|PSX|OKE,0.7691327649982387,0.5516949818055271,0.010498756450087826,0.010479871344396827,0.24891549641880834,0.24115056576972493,0.031195047157765776,151.76733944897228,152.50621229193354,-0.20133304516380612,-0.13188676811819733
unrestricted,4,EOG|OXY|PSX|FANG,0.7875027483438352,0.5515581994457622,0.01049920781087163,0.010481469979422255,0.24891549641880834,0.261170435819041,-0.04923333250258288,151.76733944897228,158.49895671251676,-0.20133304516380612,-0.15196999281194035
unrestricted,4,COP|HAL|FANG|CVE,0.8122166807350393,0.5514253899361976,0.010499399788247177,0.010483021948747204,0.24891549641880834,0.28399599264254055,-0.14093335581127553,151.76733944897228,161.78738609287916,-0.20133304516380612,-0.1988732411233174
unrestricted,4,SU|OXY|VLO|E,0.7674715549443499,0.5497697392109978,0.010500102393599792,0.010502350101638951,0.24891549641880834,0.23919367637829084,0.03905670872399292,151.76733944897228,182.64550736476485,-0.20133304516380612,-0.1593112445788456
unrestricted,4,HAL|EOG|VLO|OKE,0.7694081385423792,0.551528916583417,0.010500635991647479,0.010481812189305282,0.24891549641880834,0.24158192613806012,0.029462088083134996,151.76733944897228,153.49680803421893,-0.20133304516380612,-0.11773279599140918
unrestricted,4,COP|VLO|FANG|CVE,0.8053845071521373,0.5499114056258614,0.01050245712818582,0.01050069767234643,0.24891549641880834,0.27810243050383254,-0.11725639626677253,151.76733944897228,179.30811650294945,-0.20133304516380612,-0.14561124662242475
unrestricted,4,EOG|SU|IMO|CVE,0.7711001872963303,0.551322149703114,0.010502731957574124,0.010484228222286469,0.24891549641880834,0.24369815780773374,0.020960280441102985,151.76733944897228,155.6961752013162,-0.20133304516380612,-0.16796792642653913
unrestricted,4,HAL|SU|PSX|OKE,0.7596539282646007,0.5509668532693858,0.010503196208041044,0.0104883784959767,0.24891549641880834,0.22903813257884462,0.07985587127335536,151.76733944897228,164.64120160512815,-0.20133304516380612,-0.14999195890511596
unrestricted,4,HAL|EOG|EQNR|DVN,0.8103013702346037,0.5512866012634342,0.010503516866481755,0.010484643543181453,0.24891549641880834,0.2824690599669946,-0.13479901424751528,151.76733944897228,152.91323201172048,-0.20133304516380612,-0.18446837517250758
unrestricted,4,OXY|IMO|PSX|OKE,0.7646975646936605,0.5507331728103302,0.01050890163502671,0.010491107259244705,0.24891549641880834,0.2361975572968877,0.051093400390477384,151.76733944897228,158.38547509272794,-0.20133304516380612,-0.13242511594150463
unrestricted,4,SLB|OKE|CVE|E,0.75779149805676,0.5504275410136319,0.010509107260603051,0.01049467515100645,0.24891549641880834,0.22673218479999743,0.08911984965968844,151.76733944897228,165.28087053808724,-0.20133304516380612,-0.1721569759793603
unrestricted,4,HAL|PSX|CVE|E,0.7695611183907984,0.5482054350226199,0.010510719203927852,0.010520579245791719,0.24891549641880834,0.2422943531127993,0.026599964249990893,151.76733944897228,188.39474475537295,-0.20133304516380612,-0.16374468928829222
unrestricted,4,EOG|SLB|IMO|CVE,0.7659628123252431,0.550605025172443,0.010511354612698738,0.010492603379898853,0.24891549641880834,0.23794042773830057,0.04409154447355845,151.76733944897228,154.31676298234234,-0.20133304516380612,-0.16390196823594205
unrestricted,4,SLB|IMO|EQNR|OKE,0.7645585335940305,0.5505870089774292,0.01051151489805157,0.010492813701447497,0.24891549641880834,0.23617025018245288,0.051203104747288064,151.76733944897228,154.670889599032,-0.20133304516380612,-0.17746756983297052
unrestricted,4,EOG|IMO|EQNR|CVE,0.796081264720882,0.550446931599472,0.010511804896868425,0.010494448824760663,0.24891549641880834,0.269939721142455,-0.08446330190818152,151.76733944897228,159.61502561234104,-0.20133304516380612,-0.1741875850426018
unrestricted,4,IMO|DVN|FANG|E,0.7680142936915602,0.5497986519232436,0.010514739172692595,0.01050201287830243,0.24891549641880834,0.2406514738128332,0.033200112989633435,151.76733944897228,167.7831265330937,-0.20133304516380612,-0.1828129435721345
unrestricted,4,SU|SLB|PSX|OKE,0.7531728183672198,0.5500535497036674,0.010514841358454506,0.010499039410094287,0.24891549641880834,0.21988112198552986,0.11664349890224268,151.76733944897228,162.97152752520643,-0.20133304516380612,-0.147376352431274
unrestricted,4,EOG|OXY|OKE|DVN,0.7772449728206287,0.5491557638105136,0.010516249715733606,0.010509508647314677,0.24891549641880834,0.25126214011252507,-0.009427471280327282,151.76733944897228,131.8506634893976,-0.20133304516380612,-0.15929782409641036
unrestricted,4,EOG|SLB|DVN|CVE,0.7820848563158176,0.5499772769097907,0.010518702255311206,0.01049992924613433,0.24891549641880834,0.2564850837509368,-0.03041026951328263,151.76733944897228,154.2526084575817,-0.20133304516380612,-0.15845198157901386
unrestricted,4,EOG|SU|EQNR|CVE,0.795095194012817,0.5498249584809571,0.010518775872425808,0.010501706042433294,0.24891549641880834,0.26927322828698724,-0.08178571507627774,151.76733944897228,160.3534175282284,-0.20133304516380612,-0.1859729477554598
unrestricted,4,SU|VLO|OKE|E,0.7542987311257114,0.5488547224949739,0.010519152500444018,0.010513016808329459,0.24891549641880834,0.2220798152156762,0.1078104079063853,151.76733944897228,175.30541088806996,-0.20133304516380612,-0.13916412517613763
unrestricted,4,SU|EQNR|OKE|FANG,0.7771292545141817,0.5496817475294966,0.010521830149446099,0.010503376325749424,0.24891549641880834,0.2513926549582678,-0.009951805231489308,151.76733944897228,156.0970000081042,-0.20133304516380612,-0.1831705030153905
unrestricted,4,EOG|IMO|FANG|CVE,0.7788663822646914,0.54970100061144,0.010521919913480704,0.010503151790628436,0.24891549641880834,0.25325638187846544,-0.017439193309015222,151.76733944897228,154.33400982243154,-0.20133304516380612,-0.15591597445029548
unrestricted,4,EOG|OXY|PSX|CVE,0.7899990406510966,0.5491736421626481,0.010522172450653913,0.010509300266521438,0.24891549641880834,0.2645400350840779,-0.0627704537887861,151.76733944897228,167.6082637021105,-0.20133304516380612,-0.14590788163494484
unrestricted,4,IMO|VLO|FANG|E,0.7627149947438064,0.5476953038751189,0.010523614781581448,0.01052651707845897,0.24891549641880834,0.23449246651125497,0.05794347927332799,151.76733944897228,183.23825280393024,-0.20133304516380612,-0.1412981572652049
unrestricted,4,OXY|PSX|OKE|FANG,0.7721048360408413,0.5495513509795931,0.010523695570154203,0.01050489692245475,0.24891549641880834,0.24591195827244713,0.01206649722324904,151.76733944897228,154.12145554606587,-0.20133304516380612,-0.14177565079667687
unrestricted,4,SU|OXY|EQNR|OKE,0.7800155081873741,0.5494926968246756,0.01052440703106905,0.010505580835922235,0.24891549641880834,0.25457893981578333,-0.022752474146672252,151.76733944897228,153.89758122432931,-0.20133304516380612,-0.18739001281659373
unrestricted,4,HAL|OXY|FANG|E,0.7753377528277013,0.5489400308740745,0.010526752974516072,0.010512022792799398,0.24891549641880834,0.24967122536734923,-0.0030360863803728932,151.76733944897228,164.86793092270418,-0.20133304516380612,-0.19553073193360848
unrestricted,4,HAL|EOG|SLB|CVE,0.7813606978929285,0.5492477282148498,0.010527099286465598,0.010508436713909074,0.24891549641880834,0.25609728204720694,-0.028852304222614755,151.76733944897228,155.08624024625018,-0.20133304516380612,-0.16086909011305606
unrestricted,4,COP|HAL|OXY|VLO,0.8015826093802483,0.5485394376516375,0.010527883764327641,0.010516689700544176,0.24891549641880834,0.27556967648961583,-0.10708124023729315,151.76733944897228,169.80094046176373,-0.20133304516380612,-0.16728078024065518
unrestricted,4,EOG|OXY|IMO|CVE,0.7826018269094426,0.5490834742736715,0.010529245306312223,0.010510351174511256,0.24891549641880834,0.25746565385604336,-0.03434963897486365,151.76733944897228,153.27843411069813,-0.20133304516380612,-0.16242870710124757
unrestricted,4,HAL|EOG|OXY|DVN,0.7960994034359146,0.548843896693632,0.010529888028274662,0.01051314294413802,0.24891549641880834,0.2706213956954862,-0.08720188011178309,151.76733944897228,142.9387769194652,-0.20133304516380612,-0.17210970109375956
unrestricted,4,SLB|PSX|CVE|E,0.7619917616590638,0.5464869232834713,0.01053089149288375,0.010540569060050384,0.24891549641880834,0.23397837055840476,0.06000882257355078,151.76733944897228,188.3299773076966,-0.20133304516380612,-0.15881938841398413
unrestricted,4,HAL|OKE|CVE|E,0.7645192644477724,0.5484654208271069,0.010531104382969982,0.010517551769281333,0.24891549641880834,0.23723977303621743,0.04690637405292808,151.76733944897228,166.6801927366029,-0.20133304516380612,-0.17818274419613633
unrestricted,4,SU|VLO|DVN|E,0.7637731663364439,0.5463526724203009,0.01053364198269948,0.010542129076572761,0.24891549641880834,0.2364409808544072,0.050115463857711595,151.76733944897228,187.48556577632593,-0.20133304516380612,-0.1526882534026771
unrestricted,4,COP|OXY|EQNR|CVE,0.8271382628286351,0.5483030768843155,0.010535229587847302,0.010519442330331042,0.24891549641880834,0.2975417670388932,-0.1953525245301304,151.76733944897228,163.07792680117302,-0.20133304516380612,-0.221618690325594
unrestricted,4,IMO|PSX|EQNR|DVN,0.7884784851631761,0.5469817593607973,0.010536865727668612,0.010534816990630039,0.24891549641880834,0.2636386246092261,-0.059149102415245514,151.76733944897228,179.15771523105408,-0.20133304516380612,-0.1605649568864358
unrestricted,4,IMO|EQNR|OKE|FANG,0.7762489240451442,0.5484262892054037,0.010536912494578877,0.010518007503968595,0.24891549641880834,0.2511330584064591,-0.008908894864141592,151.76733944897228,153.3155557363759,-0.20133304516380612,-0.170237120296037
unrestricted,4,SU|OXY|SLB|FANG,0.7671311398541237,0.5480790487750143,0.010537385635121953,0.010522050670703774,0.24891549641880834,0.2407955026681343,0.032621487482691336,151.76733944897228,163.89445833864144,-0.20133304516380612,-0.20998440297727983
unrestricted,4,PSX|EQNR|OKE|CVE,0.7861325563827454,0.5470777434665532,0.010541357115669388,0.010533700889263397,0.24891549641880834,0.2615156433766005,-0.05062017889232573,151.76733944897228,173.82925169434174,-0.20133304516380612,-0.14587178394950784
unrestricted,4,HAL|EQNR|OKE|E,0.7715686515931329,0.5477826732983037,0.010543348651299226,0.010525500352178313,0.24891549641880834,0.2462700098439183,0.010628050936768108,151.76733944897228,158.42087794055038,-0.20133304516380612,-0.18365295184048536
unrestricted,4,OXY|VLO|DVN|E,0.7741775685508224,0.5461688974700568,0.010543519664530234,0.010544264196695609,0.24891549641880834,0.24918484811189953,-0.0010821009417509853,151.76733944897228,181.55565224478408,-0.20133304516380612,-0.14567547610303033
unrestricted,4,HAL|EOG|SLB|PSX,0.7721487921878443,0.5476602321034257,0.010544199756515066,0.010526925184377946,0.24891549641880834,0.2469650822942444,0.007835647650005217,151.76733944897228,159.9797186661367,-0.20133304516380612,-0.12541847278535367
unrestricted,4,COP|EQNR|DVN|CVE,0.8266987285717792,0.5473915178558195,0.010544301914008103,0.010530051501143233,0.24891549641880834,0.29744956188188015,-0.1949820969820686,151.76733944897228,165.68559396981374,-0.20133304516380612,-0.21426375087750815
unrestricted,4,HAL|OXY|IMO|E,0.7677691251398805,0.54717134891568,0.010546355029196142,0.01053261233296205,0.24891549641880834,0.24202937119788037,0.027664509924050007,151.76733944897228,166.45460585698046,-0.20133304516380612,-0.1983840402634227
unrestricted,4,SU|IMO|PSX|E,0.7555298640287861,0.545812252062492,0.010546701555119456,0.010548406514021131,0.24891549641880834,0.22600378371559263,0.09204614832282687,151.76733944897228,182.35051404972097,-0.20133304516380612,-0.16009728604251494
unrestricted,4,HAL|EOG|PSX|DVN,0.7811879796446408,0.547380801238911,0.010546936553844926,0.010530176162814903,0.24891549641880834,0.2567694643273237,-0.03155274790646567,151.76733944897228,161.1825898903915,-0.20133304516380612,-0.13996674358181527
unrestricted,4,OXY|IMO|DVN|E,0.7713554623154413,0.5470902899732989,0.010548145853175027,0.010533554989980876,0.24891549641880834,0.24626411480256866,0.010651733838935584,151.76733944897228,165.16706273440974,-0.20133304516380612,-0.19396756151804928
unrestricted,4,SU|SLB|PSX|FANG,0.7604453264524126,0.5460836014900539,0.010548254377306478,0.010545255029064777,0.24891549641880834,0.23298389521506424,0.06400405532381426,151.76733944897228,178.34593141780636,-0.20133304516380612,-0.16201614632318517
unrestricted,4,SLB|IMO|EQNR|FANG,0.7779548801481253,0.5469480246834846,0.010548876361137152,0.010535209228738747,0.24891549641880834,0.25349255751778943,-0.01838801185475436,151.76733944897228,166.57354958810896,-0.20133304516380612,-0.20215566642576677
unrestricted,4,HAL|IMO|PSX|E,0.7591847399032284,0.5456799079983341,0.010552635473580154,0.010549943232387515,0.24891549641880834,0.2315645992706335,0.06970597410689683,151.76733944897228,178.63452254793822,-0.20133304516380612,-0.16355737509030788
unrestricted,4,HAL|EOG|FANG|CVE,0.7946803816927109,0.5468431418751656,0.010555045456990054,0.01053642862347408,0.24891549641880834,0.2702254430876587,-0.08561116915354972,151.76733944897228,155.611326000056,-0.20133304516380612,-0.16168052465362737
unrestricted,4,EOG|SU|VLO|FANG,0.7719805132246138,0.5460971245484891,0.010555058586404497,0.010545097945995549,0.24891549641880834,0.24730202396804482,0.006482008850299925,151.76733944897228,171.35054390270184,-0.20133304516380612,-0.13475384202823426
unrestricted,4,EOG|IMO|VLO|PSX,0.7694527861977476,0.5460327699146382,0.010559112582380159,0.010545845464794878,0.24891549641880834,0.2446421050913201,0.017168040515638028,151.76733944897228,167.18058640217814,-0.20133304516380612,-0.12278780459745486
unrestricted,4,EOG|OKE|FANG|CVE,0.7755335055916796,0.5462910789689754,0.01056010862263562,0.01054284472509066,0.24891549641880834,0.25142392672381264,-0.010077437287326685,151.76733944897228,143.8838909909737,-0.20133304516380612,-0.12909155317903043
unrestricted,4,COP|HAL|DVN|CVE,0.8108807164268167,0.5461062179408547,0.010561184305077988,0.010544992316356906,0.24891549641880834,0.2848377954986816,-0.14431523788873646,151.76733944897228,162.41282612004102,-0.20133304516380612,-0.19999560328784804
unrestricted,4,SU|SLB|OKE|FANG,0.7523058993910475,0.5460445475733966,0.010564721727281345,0.01054570866397912,0.24891549641880834,0.22239134636749663,0.10655885404050525,151.76733944897228,152.21631113499535,-0.20133304516380612,-0.173304377155595
unrestricted,4,HAL|EOG|EQNR|CVE,0.809521219085952,0.545849246160522,0.01056476854994569,0.010547976915542443,0.24891549641880834,0.28378904282007245,-0.1401019498705225,151.76733944897228,161.19265720892972,-0.20133304516380612,-0.18460487677033344
unrestricted,4,OXY|SLB|CVE|E,0.7684979844793945,0.5452058906607291,0.010565282083758539,0.01055544546787455,0.24891549641880834,0.2438542668255198,0.020333123755271743,151.76733944897228,171.52401983688023,-0.20133304516380612,-0.19738593492473455
unrestricted,4,OXY|IMO|PSX|EQNR,0.7877944747520562,0.5447955854284888,0.01056601544800545,0.010560205839691835,0.24891549641880834,0.26411986252770936,-0.06108244093939086,151.76733944897228,175.76538951328692,-0.20133304516380612,-0.17118141431331924
unrestricted,4,COP|SLB|DVN|FANG,0.7947088196935141,0.545770794976124,0.01056779288740282,0.01054888791870817,0.24891549641880834,0.27071871920084434,-0.0875928702540536,151.76733944897228,153.8959610233669,-0.20133304516380612,-0.20143738852395698
unrestricted,4,HAL|IMO|FANG|E,0.762569579114865,0.5448610076193307,0.010571378503016114,0.01055944695356887,0.24891549641880834,0.2370697513225749,0.04758942398790067,151.76733944897228,169.01217739432525,-0.20133304516380612,-0.19242380223296662
unrestricted,4,OXY|SLB|IMO|E,0.7590668608210284,0.5450553773780895,0.010572239406748745,0.01055719197611751,0.24891549641880834,0.23261648853886469,0.06548008506678127,151.76733944897228,164.5107262896245,-0.20133304516380612,-0.19314236659483663
unrestricted,4,EOG|VLO|OKE|CVE,0.7713065896470228,0.5451434838719603,0.010573344910625022,0.010556169651462173,0.24891549641880834,0.2474319798409734,0.00595992053198191,151.76733944897228,160.3591996305534,-0.20133304516380612,-0.11812426498387829
unrestricted,4,IMO|PSX|OKE|FANG,0.7580822220385773,0.5451081802602362,0.010573579941882095,0.010556579301176466,0.24891549641880834,0.23138232003977688,0.07043826773055273,151.76733944897228,160.76631376100156,-0.20133304516380612,-0.12622155117025213
unrestricted,4,HAL|EOG|IMO|VLO,0.7697677662076391,0.5445844742575177,0.010574528421970224,0.010562654320998517,0.24891549641880834,0.24576587732739377,0.012653366852320103,151.76733944897228,169.09563220836196,-0.20133304516380612,-0.13542049286399294
unrestricted,4,COP|VLO|DVN|CVE,0.803767267847779,0.5434917673643778,0.010576157770527141,0.0105753185468937,0.24891549641880834,0.27916893047203223,-0.12154098273705505,151.76733944897228,180.32392156872757,-0.20133304516380612,-0.14662720276837748
unrestricted,4,SLB|DVN|FANG|E,0.7621345462039604,0.5444477206777392,0.010578472331732688,0.010564240095183527,0.24891549641880834,0.2369266540722414,0.04816430683927897,151.76733944897228,165.83133497588176,-0.20133304516380612,-0.1879097374137355
unrestricted,4,EOG|OXY|PSX|DVN,0.7856152815668425,0.5446239176404402,0.010580157267344471,0.01056219689715493,0.24891549641880834,0.26256226845020714,-0.05482491941135592,151.76733944897228,158.2935351992985,-0.20133304516380612,-0.15444869466822142
unrestricted,4,SLB|IMO|PSX|EQNR,0.7707109939692267,0.543369201166429,0.01058076584293861,0.010576738115593676,0.24891549641880834,0.24712708499335562,0.007184813525806577,151.76733944897228,177.50369081853785,-0.20133304516380612,-0.16740309768809847
unrestricted,4,HAL|EOG|DVN|FANG,0.7906870877304383,0.5441969135545128,0.010584603443055432,0.010567147798866913,0.24891549641880834,0.26759178853789867,-0.07503065252179741,151.76733944897228,144.2074172841769,-0.20133304516380612,-0.15282330709323333
unrestricted,4,COP|HAL|SLB|FANG,0.795105152408445,0.5442583029533037,0.010585296699196636,0.010566436161853234,0.24891549641880834,0.2717194685577099,-0.09161330839978388,151.76733944897228,154.4994997003918,-0.20133304516380612,-0.20185318335380664
unrestricted,4,SU|EQNR|OKE|DVN,0.776784152492436,0.5442313177314304,0.010585339223929326,0.010566748985329057,0.24891549641880834,0.25387753967794696,-0.01993464983308968,151.76733944897228,156.00930496325282,-0.20133304516380612,-0.18435007842675022
unrestricted,4,COP|EQNR|DVN|FANG,0.8246832541790873,0.544153943287407,0.010585589587315127,0.010567645889463134,0.24891549641880834,0.2970221731708647,-0.19326509375340506,151.76733944897228,158.3759797961592,-0.20133304516380612,-0.22324221399014732
unrestricted,4,EOG|VLO|OKE|FANG,0.7670393999531581,0.5442471138875762,0.010585621837841808,0.010566565871098438,0.24891549641880834,0.24320162270293863,0.02295507430463839,151.76733944897228,151.8199747583848,-0.20133304516380612,-0.1220591660303244
unrestricted,4,EOG|SLB|VLO|FANG,0.7706799053171122,0.5438429869032468,0.010586261020634723,0.010571249646363523,0.24891549641880834,0.24735707937812754,0.006260827723070794,151.76733944897228,164.62127881111084,-0.20133304516380612,-0.11061331083069725
unrestricted,4,IMO|VLO|DVN|E,0.7627559581276985,0.5419198711544699,0.010588800682637239,0.010593509914289527,0.24891549641880834,0.23827139217505286,0.042761918791292985,151.76733944897228,184.84677231515022,-0.20133304516380612,-0.1412713719828973
unrestricted,4,SLB|VLO|EQNR|OKE,0.7683094074800724,0.5433690154000854,0.010590604318958943,0.010576740267005462,0.24891549641880834,0.24490914254610788,0.016095236858856055,151.76733944897228,166.42540873287106,-0.20133304516380612,-0.14032638462035418
unrestricted,4,OXY|PSX|OKE|CVE,0.7738137542718979,0.5431219727507264,0.010594179413235224,0.010579600949611032,0.24891549641880834,0.25113732182642434,-0.008926022845430648,151.76733944897228,165.34853201561555,-0.20133304516380612,-0.13615738165035896
unrestricted,4,EOG|SLB|VLO|CVE,0.7744853853326683,0.5425078647862145,0.010595298581921634,0.01058670879356309,0.24891549641880834,0.25190296692884206,-0.012001946656656548,151.76733944897228,173.00038928681113,-0.20133304516380612,-0.12166654384198672
unrestricted,4,EOG|SU|IMO|VLO,0.7660418378435515,0.5426438753374455,0.01059547087238665,0.01058513498384789,0.24891549641880834,0.24254823379562107,0.025580016972804875,151.76733944897228,171.0388868235988,-0.20133304516380612,-0.13952165904538583
unrestricted,4,IMO|EQNR|FANG|E,0.7738667119778814,0.5425724228815055,0.010597873193270256,0.010585961806002646,0.24891549641880834,0.25136204219364006,-0.009828820664163684,151.76733944897228,169.12185180987973,-0.20133304516380612,-0.19080287075430546
unrestricted,4,EOG|OKE|DVN|CVE,0.7748340695263725,0.5429944304830212,0.010598391524128573,0.010581077549554754,0.24891549641880834,0.25241103590418634,-0.014043077010748473,151.76733944897228,143.82863482386495,-0.20133304516380612,-0.12886361091834642
unrestricted,4,PSX|EQNR|CVE|E,0.7818477996585845,0.5396400742521563,0.010601541112894153,0.010619838361062258,0.24891549641880834,0.25971895919258225,-0.043402130157444097,151.76733944897228,194.385658543075,-0.20133304516380612,-0.16235604297887407
unrestricted,4,HAL|SU|PSX|FANG,0.7661125693605109,0.541222182331844,0.01060205189942588,0.01060157418175067,0.24891549641880834,0.24296788818573703,0.023894085818844557,151.76733944897228,180.70970660067337,-0.20133304516380612,-0.16639353541691804
unrestricted,4,SU|SLB|VLO|EQNR,0.7729567672121239,0.5405409719497505,0.010602778798798604,0.010609442068200496,0.24891549641880834,0.2506139405991334,-0.006823376626850841,151.76733944897228,186.36677284103186,-0.20133304516380612,-0.1805021938046032
unrestricted,4,COP|OXY|VLO|FANG,0.8031945779592136,0.5421064159531266,0.010603143652306916,0.010591352687551474,0.24891549641880834,0.279574478248572,-0.1231702415914635,151.76733944897228,169.29180113651014,-0.20133304516380612,-0.16730744807131448
unrestricted,4,EOG|OXY|IMO|VLO,0.7733563926676812,0.542235624022011,0.010603653027563284,0.01058985825213167,0.24891549641880834,0.2510812340160767,-0.008700694124822217,151.76733944897228,166.5712759267421,-0.20133304516380612,-0.12798317683538285
unrestricted,4,IMO|EQNR|DVN|E,0.7781344142269548,0.5418514104503596,0.010605576870495707,0.01059430149201479,0.24891549641880834,0.25615012275142174,-0.029064587929234165,151.76733944897228,169.94328572294648,-0.20133304516380612,-0.1948147452583987
unrestricted,4,SU|OXY|OKE|FANG,0.762622221269034,0.5423382954972114,0.01060758521287814,0.010588670591624633,0.24891549641880834,0.23913557284236467,0.0392901354762929,151.76733944897228,149.17785531286262,-0.20133304516380612,-0.1729681797540289
unrestricted,4,IMO|EQNR|OKE|E,0.7611288220866202,0.5422335018396218,0.01060815657999407,0.010589882799241297,0.24891549641880834,0.23734466411629773,0.04648498172665916,151.76733944897228,157.44046922765335,-0.20133304516380612,-0.1710746278185188
unrestricted,4,COP|HAL|VLO|FANG,0.7969414809103684,0.5414397952828258,0.010608767238311882,0.010599059551144709,0.24891549641880834,0.2742244969676612,-0.10167707881983246,151.76733944897228,171.80346877955967,-0.20133304516380612,-0.15704689835815577
unrestricted,4,COP|OXY|EQNR|FANG,0.8248837689590292,0.542135159938896,0.010609397708242263,0.010591020249535952,0.24891549641880834,0.2978732889561772,-0.19668438985010317,151.76733944897228,157.07332245251652,-0.20133304516380612,-0.23126242746585557
unrestricted,4,EOG|OKE|DVN|FANG,0.7710996518452697,0.5411914000169533,0.010609847136353828,0.01060192983922619,0.24891549641880834,0.24893754552656233,-8.85806953412338e-05,151.76733944897228,132.55736553211298,-0.20133304516380612,-0.15618920905655542
unrestricted,4,HAL|EOG|SLB|FANG,0.7742229626294246,0.5420099645350317,0.010610193170381544,0.010592468118333035,0.24891549641880834,0.2522960423239001,-0.01358109862072987,151.76733944897228,144.73425043769385,-0.20133304516380612,-0.15313618579689992
unrestricted,4,IMO|EQNR|OKE|DVN,0.7765597818765927,0.5419794285271455,0.010611878030455523,0.010592821233328645,0.24891549641880834,0.25480641178636726,-0.023666326332882237,151.76733944897228,153.0975149301882,-0.20133304516380612,-0.17135100794403813
unrestricted,4,EOG|VLO|PSX|EQNR,0.7938438586566869,0.5413633286327311,0.010612206444696296,0.010599943230959362,0.24891549641880834,0.2715379849735409,-0.09088421122913748,151.76733944897228,168.71295484361733,-0.20133304516380612,-0.143902290349342
unrestricted,4,OXY|SLB|IMO|EQNR,0.7788713518267184,0.541625673128799,0.010612282658150856,0.010596911163618383,0.24891549641880834,0.2571838947873853,-0.03321769229933813,151.76733944897228,164.10917145856868,-0.20133304516380612,-0.20736765527810674
unrestricted,4,EOG|IMO|VLO|FANG,0.769722703836263,0.5413098008170576,0.010613417805601159,0.010600561776410071,0.24891549641880834,0.2476005213784473,0.005282817097689074,151.76733944897228,167.92717018061424,-0.20133304516380612,-0.12492977251490056
unrestricted,4,SU|EQNR|FANG|E,0.7733517453544672,0.5409543263533028,0.01061429879774892,0.010604668577939196,0.24891549641880834,0.2515601513012037,-0.010624709672336419,151.76733944897228,171.90806674084337,-0.20133304516380612,-0.20244000449463295
unrestricted,4,OXY|IMO|EQNR|OKE,0.7767215790217009,0.5417443586353525,0.010614620143033084,0.010595539161393037,0.24891549641880834,0.2550920079278628,-0.02481368817095375,151.76733944897228,150.75664560959964,-0.20133304516380612,-0.1751343349122234
unrestricted,4,SU|OXY|PSX|DVN,0.7719893155632825,0.5403828536007442,0.010614731054379946,0.010611267479236321,0.24891549641880834,0.2501260848718888,-0.004863451534747432,151.76733944897228,178.1235490048479,-0.20133304516380612,-0.17094982868023734
unrestricted,4,HAL|IMO|EQNR|OKE,0.7707176798898296,0.5416887710392351,0.010614842669657584,0.010596181775076595,0.24891549641880834,0.2487566961021344,0.0006379687844212389,151.76733944897228,155.93333624027878,-0.20133304516380612,-0.18285204879321093
unrestricted,4,SU|OKE|CVE|E,0.7546124454375505,0.5412397887899704,0.010615362446644424,0.010601370752164966,0.24891549641880834,0.22930536918522165,0.0787822675394706,151.76733944897228,166.32015162898335,-0.20133304516380612,-0.1781371184551106
unrestricted,4,EOG|IMO|DVN|CVE,0.7777808849260691,0.5416463656154138,0.010615598252237003,0.010596671971647625,0.24891549641880834,0.2562181118016073,-0.029337729019940584,151.76733944897228,154.42301340097558,-0.20133304516380612,-0.15584494832043794
unrestricted,4,EOG|SLB|DVN|FANG,0.7743559610746927,0.5410269931901037,0.01062129766523089,0.010603829186279175,0.24891549641880834,0.25293178812642936,-0.016135161391733766,151.76733944897228,144.0728443132723,-0.20133304516380612,-0.15004610915965388
unrestricted,4,HAL|OXY|VLO|E,0.7678099139160773,0.5394903739893407,0.010622285391225322,0.01062156490510232,0.24891549641880834,0.24590802205612192,0.012082310687584696,151.76733944897228,180.56413112085494,-0.20133304516380612,-0.1554138291947137
unrestricted,4,SLB|IMO|FANG|E,0.7531273561347535,0.5404259187791844,0.010624158557290968,0.010610770340654805,0.24891549641880834,0.22781553142618113,0.08476758295966369,151.76733944897228,167.22464997045574,-0.20133304516380612,-0.1870705370610839
unrestricted,4,COP|OXY|FANG|CVE,0.816753956794853,0.5405371160735054,0.010626944939776723,0.01060948658643533,0.24891549641880834,0.29180087381093217,-0.17228890129029084,151.76733944897228,159.92594858500166,-0.20133304516380612,-0.20886388919307697
unrestricted,4,HAL|EOG|DVN|CVE,0.7934515053790768,0.5406398778415198,0.010626974474418219,0.01060830008083868,0.24891549641880834,0.27171339678259365,-0.09158891548249426,151.76733944897228,155.97492470075935,-0.20133304516380612,-0.16164900400111126
unrestricted,4,COP|DVN|FANG|CVE,0.8149034440940718,0.5403798667221742,0.010627537685734345,0.010611301958493883,0.24891549641880834,0.2902950524248209,-0.16623937280461698,151.76733944897228,162.59475571254384,-0.20133304516380612,-0.19687800151910417
unrestricted,4,COP|VLO|DVN|FANG,0.800472324909154,0.5398048803146684,0.010627977083287093,0.01061793727202689,0.24891549641880834,0.278028177944487,-0.11695809198112617,151.76733944897228,171.48233584797478,-0.20133304516380612,-0.15581435718436054
unrestricted,4,SU|PSX|DVN|FANG,0.7672602858790069,0.5389169853783911,0.010628047400417466,0.010628175396395573,0.24891549641880834,0.24557538311155003,0.013418663583879331,151.76733944897228,181.29870020008065,-0.20133304516380612,-0.1575805102918958
unrestricted,4,SU|IMO|FANG|E,0.7578905098996623,0.5398204645074965,0.010628436394514282,0.010617757485914729,0.24891549641880834,0.2344437246452276,0.058139296194044454,151.76733944897228,170.73563575121565,-0.20133304516380612,-0.19220580315257885
unrestricted,4,EOG|SU|VLO|DVN,0.7693961811872172,0.5397432582337267,0.010628780955318898,0.010618648141677744,0.24891549641880834,0.2479736279247165,0.003783888539053093,151.76733944897228,171.3774007678961,-0.20133304516380612,-0.13547526760901174
unrestricted,4,HAL|SU|SLB|EQNR,0.777189424412245,0.5396524655568316,0.010629099408225087,0.010619695435352506,0.24891549641880834,0.25619291619476525,-0.0292365074921348,151.76733944897228,172.20749790819525,-0.20133304516380612,-0.22429988561799463
unrestricted,4,SU|EQNR|DVN|E,0.7762612101558054,0.5394820170797657,0.010630434568049206,0.010621661279911604,0.24891549641880834,0.2553034105895385,-0.025662983071099266,151.76733944897228,172.90735286248983,-0.20133304516380612,-0.21061116679888214
unrestricted,4,OXY|SLB|PSX|OKE,0.7585681584500807,0.5402497135661024,0.010631804382852066,0.010612804282457478,0.24891549641880834,0.23549609481432626,0.0539114751694828,151.76733944897228,154.07708056998715,-0.20133304516380612,-0.12984428004790727
unrestricted,4,OXY|IMO|VLO|E,0.7628500485975029,0.5386087800878532,0.010632510764767974,0.01063172693979586,0.24891549641880834,0.24073926551689126,0.03284741616954334,151.76733944897228,180.54084102938552,-0.20133304516380612,-0.14809853285587726
unrestricted,4,SLB|PSX|EQNR|CVE,0.787402071387391,0.5376196272762892,0.010633059276038637,0.01064311724349178,0.24891549641880834,0.2663339453426067,-0.06997735847868314,151.76733944897228,188.92844829469558,-0.20133304516380612,-0.1690677603702192
unrestricted,4,HAL|IMO|OKE|E,0.7515128572670452,0.539928758640768,0.010634230456107148,0.010616508073010029,0.24891549641880834,0.22619889546506647,0.09126230098394694,151.76733944897228,159.27603354947837,-0.20133304516380612,-0.17652830031518696
unrestricted,4,OXY|DVN|FANG|E,0.7758716653433131,0.5397056838625762,0.010634983769800571,0.0106190815746374,0.24891549641880834,0.2551009828292839,-0.02484974418815722,151.76733944897228,163.2525598323018,-0.20133304516380612,-0.19085610488232818
unrestricted,4,EOG|VLO|OKE|DVN,0.766311914218583,0.5399558040664162,0.010635341372313712,0.010616196021121353,0.24891549641880834,0.2448699372610329,0.016252741255484815,151.76733944897228,151.68187632892293,-0.20133304516380612,-0.12446046235595443
unrestricted,4,SLB|VLO|OKE|E,0.7459378752479298,0.5391603574544392,0.010636078849014005,0.01062537010706763,0.24891549641880834,0.2176795793141521,0.1254880373221151,151.76733944897228,170.7237208017279,-0.20133304516380612,-0.12401566642751727
unrestricted,4,HAL|SU|EQNR|E,0.7692201318348247,0.5387974213478168,0.010637104000298958,0.010629553310001837,0.24891549641880834,0.24817564707687617,0.002972291209573208,151.76733944897228,174.2258471635573,-0.20133304516380612,-0.21455650115549152
unrestricted,4,SU|SLB|VLO|E,0.7488789387514582,0.5375835200962026,0.010637256140302602,0.010643532794704178,0.24891549641880834,0.22250419069393026,0.1061055101223598,151.76733944897228,186.18631719052578,-0.20133304516380612,-0.15935063344777212
unrestricted,4,HAL|VLO|FANG|E,0.7627561497336749,0.5377260388208902,0.01063867456454681,0.010641892477281483,0.24891549641880834,0.24095292468776863,0.031989055906918806,151.76733944897228,183.84062468067984,-0.20133304516380612,-0.147897504307259
unrestricted,4,HAL|EOG|VLO|EQNR,0.7946654187617676,0.5389103905343922,0.010639012624518388,0.010628251403216344,0.24891549641880834,0.2732448126752156,-0.09774126804653593,151.76733944897228,170.67019372837692,-0.20133304516380612,-0.14066763092797285
unrestricted,4,HAL|SU|OKE|FANG,0.7563310642956381,0.5395070281453997,0.010640478538579516,0.010621372840931587,0.24891549641880834,0.23315392912877225,0.06332095637596113,151.76733944897228,153.13600184534977,-0.20133304516380612,-0.17751855902124514
unrestricted,4,SU|SLB|EQNR|CVE,0.7760808746685212,0.5381442743962024,0.010643695340065462,0.010637077339987137,0.24891549641880834,0.2556899098208001,-0.027215715772848315,151.76733944897228,175.19675506928775,-0.20133304516380612,-0.22216468415592905
unrestricted,4,HAL|OXY|DVN|E,0.7725221842650729,0.5384726503414334,0.01064809822217755,0.010633295226634112,0.24891549641880834,0.25220799629352164,-0.013227380063045802,151.76733944897228,165.1815962726489,-0.20133304516380612,-0.19895217875834437
unrestricted,4,HAL|IMO|DVN|E,0.760907553131363,0.5376882170008879,0.010653856674297305,0.01064232781167533,0.24891549641880834,0.2395738584796667,0.03752935463457052,151.76733944897228,169.780582587982,-0.20133304516380612,-0.19538698909222807
unrestricted,4,HAL|IMO|PSX|EQNR,0.7782060869934327,0.5367795820881582,0.010654891880909338,0.010652780977950872,0.24891549641880834,0.2583018730024452,-0.037709088902379895,151.76733944897228,179.45642903286065,-0.20133304516380612,-0.17141123509687384
unrestricted,4,VLO|OKE|CVE|E,0.7586808356871462,0.5362439496657462,0.010655389416491476,0.010658938226342302,0.24891549641880834,0.23697046787079967,0.047988288073116836,151.76733944897228,184.15231339781445,-0.20133304516380612,-0.13098271345732326
unrestricted,4,VLO|PSX|OKE|E,0.7488138852522895,0.536837619857337,0.010659492190469834,0.010652113603428211,0.24891549641880834,0.22402467849902044,0.09999706035942535,151.76733944897228,174.47081661379818,-0.20133304516380612,-0.10756488367535166
unrestricted,4,OXY|PSX|OKE|DVN,0.7691157377110598,0.5378481260274368,0.010659538416540054,0.010640487115063326,0.24891549641880834,0.2491153401751076,-0.0008028578339815962,151.76733944897228,154.06940983543245,-0.20133304516380612,-0.14735553849331862
unrestricted,4,EOG|PSX|DVN|FANG,0.7800637726066203,0.537584569058283,0.010661201728086945,0.010643520722612113,0.24891549641880834,0.2603944090239484,-0.04611570099206053,151.76733944897228,159.52592077410557,-0.20133304516380612,-0.14688386098021977
unrestricted,4,EOG|PSX|FANG|CVE,0.7824706491003355,0.5368314536618297,0.0106640016977622,0.01065218451030585,0.24891549641880834,0.26284065890826613,-0.05594333293748921,151.76733944897228,169.45054786891632,-0.20133304516380612,-0.13936306149658562
unrestricted,4,SU|IMO|DVN|E,0.7587600594320493,0.5365449012267542,0.01066546037777644,0.010655479139728958,0.24891549641880834,0.23762558622141933,0.04535639749159437,151.76733944897228,171.6643041105241,-0.20133304516380612,-0.19632941269665594
unrestricted,4,COP|OXY|DVN|CVE,0.8161612736723545,0.5370025153863175,0.010667629576528526,0.010650217246613615,0.24891549641880834,0.29254357224808414,-0.1752726385338026,151.76733944897228,160.23635101836172,-0.20133304516380612,-0.21011453835478677
unrestricted,4,EOG|SLB|VLO|PSX,0.7659244786030077,0.5366371903191249,0.010669912329554162,0.010654418159428952,0.24891549641880834,0.24613136386009027,0.011185051146971103,151.76733944897228,164.11128198688564,-0.20133304516380612,-0.119582632860464
unrestricted,4,COP|HAL|OXY|FANG,0.8081294099695611,0.536831665461935,0.010671332357989652,0.010652182074762595,0.24891549641880834,0.286019785203306,-0.14906379602043152,151.76733944897228,153.28397133354704,-0.20133304516380612,-0.21899667682793178
unrestricted,4,EOG|SLB|VLO|DVN,0.7687015723071624,0.5364787620919147,0.010671480095171831,0.010656239428084788,0.24891549641880834,0.2492262516032456,-0.0012484364730527275,151.76733944897228,164.54841076881047,-0.20133304516380612,-0.11206056006001175
unrestricted,4,SU|SLB|OKE|DVN,0.7483727100961067,0.5366460868362324,0.010673527324797032,0.010654315877085154,0.24891549641880834,0.2243708246307915,0.09860644331568513,151.76733944897228,152.09582282682746,-0.20133304516380612,-0.1742259164956529
unrestricted,4,SLB|IMO|EQNR|DVN,0.7761269848350711,0.5361258890279046,0.010673895458670044,0.010660294888929972,0.24891549641880834,0.25702059005894423,-0.03256162736649726,151.76733944897228,167.08762029246006,-0.20133304516380612,-0.2048150210390549
unrestricted,4,COP|OXY|EQNR|DVN,0.82396430032654,0.5363363293138175,0.010676421460823007,0.010657876549623952,0.24891549641880834,0.2990683233537561,-0.20148535409207313,151.76733944897228,156.91184603391775,-0.20133304516380612,-0.2348631832869953
unrestricted,4,VLO|EQNR|FANG|E,0.7748062986242246,0.5342040576227503,0.010677037510112442,0.010682354875836011,0.24891549641880834,0.25582426212004533,-0.027755466415850583,151.76733944897228,185.58604358525176,-0.20133304516380612,-0.14340729899223414
unrestricted,4,IMO|PSX|OKE|DVN,0.7560716897040013,0.5361287587300161,0.010677413713588829,0.01066026191455466,0.24891549641880834,0.234988482620072,0.05595077043858976,151.76733944897228,160.89318912261956,-0.20133304516380612,-0.12997678429843007
unrestricted,4,SU|OXY|IMO|E,0.7603962527946588,0.5357340916535966,0.01067771406665211,0.010664795888117395,0.24891549641880834,0.24023812117134538,0.03486072732435663,151.76733944897228,168.0515270172075,-0.20133304516380612,-0.1996892101371749
unrestricted,4,HAL|DVN|FANG|E,0.7667725873706579,0.5353931001507517,0.010681729833006278,0.010668711679917672,0.24891549641880834,0.24762648764535508,0.005178499498819655,151.76733944897228,167.9282611316483,-0.20133304516380612,-0.19169871687966678
unrestricted,4,HAL|SU|OXY|FANG,0.7736157694281984,0.5355044430626427,0.010681753221660109,0.010667433226452406,0.24891549641880834,0.25481846364334537,-0.023714743796445337,151.76733944897228,166.0529764278131,-0.20133304516380612,-0.21698831335768365
unrestricted,4,COP|OXY|VLO|DVN,0.8014065135187979,0.5352593450360575,0.01068219227937524,0.010670247270613468,0.24891549641880834,0.28066051406686904,-0.12753331192626383,151.76733944897228,169.3456647526521,-0.20133304516380612,-0.16983848065843343
unrestricted,4,EOG|SU|VLO|CVE,0.7682938425093588,0.5348657417829491,0.010683211689092108,0.010674764795736572,0.24891549641880834,0.24933431592786323,-0.00168257707969377,151.76733944897228,173.4192071668621,-0.20133304516380612,-0.13668326807718012
unrestricted,4,HAL|OXY|PSX|OKE,0.765281128402632,0.5354967994947053,0.010686315007653194,0.01066752099576896,0.24891549641880834,0.24621616966939205,0.010844349943060938,151.76733944897228,155.92640150861587,-0.20133304516380612,-0.13535419909666646
unrestricted,4,HAL|EQNR|FANG|E,0.7777629818081583,0.5345048753416382,0.010690896278235057,0.010678904909527803,0.24891549641880834,0.2593496773620484,-0.04191856711759012,151.76733944897228,169.31405936318896,-0.20133304516380612,-0.2007716692870789
unrestricted,4,SU|OXY|EQNR|E,0.774100530689166,0.5345002174116185,0.010690971033687206,0.010678958338086651,0.24891549641880834,0.2557065041928951,-0.027282382462282095,151.76733944897228,169.28703913923033,-0.20133304516380612,-0.21245637718755528
unrestricted,4,SLB|FANG|CVE|E,0.7590087009437326,0.5340845920936446,0.010691211576714925,0.01068372467239793,0.24891549641880834,0.23932107417613788,0.03854489728726063,151.76733944897228,174.4540556132138,-0.20133304516380612,-0.190225047428917
unrestricted,4,SU|PSX|OKE|CVE,0.7538286228537969,0.5341676288117789,0.01069474511437762,0.010682772588661368,0.24891549641880834,0.23316822404533472,0.06326352758278386,151.76733944897228,169.35028898997174,-0.20133304516380612,-0.142559936057557
unrestricted,4,IMO|PSX|CVE|E,0.7574213465791328,0.5320038332243985,0.010696545280395656,0.01070755463156113,0.24891549641880834,0.2377168693188534,0.04498967425118794,151.76733944897228,189.80525779994952,-0.20133304516380612,-0.15308045242117096
unrestricted,4,EOG|IMO|VLO|DVN,0.767775229656989,0.5338933950060677,0.010699009255789052,0.010685916580505545,0.24891549641880834,0.24951222764908818,-0.002397324549355595,151.76733944897228,167.88244140955723,-0.20133304516380612,-0.12631333068469963
unrestricted,4,HAL|VLO|OKE|E,0.7512694230718885,0.5329594355171655,0.01070514760495218,0.010696617156971629,0.24891549641880834,0.23048012719151856,0.07406276223265618,151.76733944897228,173.39555901538915,-0.20133304516380612,-0.13278849782984203
unrestricted,4,SU|SLB|PSX|DVN,0.7552692975348373,0.5324142222712716,0.010705242227571592,0.010702858837862275,0.24891549641880834,0.2355815079171652,0.05356833420771956,151.76733944897228,179.3662433440627,-0.20133304516380612,-0.16303129213957457
unrestricted,4,HAL|SU|EQNR|FANG,0.7874060156138597,0.532944759389943,0.010706886380003435,0.010696785219119698,0.24891549641880834,0.26910534064315716,-0.08111123861239555,151.76733944897228,171.6531138384632,-0.20133304516380612,-0.22191713741854513
unrestricted,4,OXY|SLB|EQNR|FANG,0.7950900396956684,0.53344828430033,0.010708007477509855,0.010691017646250023,0.24891549641880834,0.2760397041361627,-0.1089695423048993,151.76733944897228,161.38851075475313,-0.20133304516380612,-0.20969520114363238
unrestricted,4,HAL|OXY|EQNR|OKE,0.7853219158210623,0.5331515523557545,0.010713509271372396,0.010694416907354863,0.24891549641880834,0.26743304068446666,-0.07439289450465525,151.76733944897228,149.07445064278906,-0.20133304516380612,-0.18322210917558812
unrestricted,4,VLO|EQNR|OKE|E,0.7618870324052274,0.5320872377786126,0.01071401990170005,0.010706600458560226,0.24891549641880834,0.2438084204527082,0.020517308241457588,151.76733944897228,174.59207372375437,-0.20133304516380612,-0.12904794163190592
unrestricted,4,COP|HAL|VLO|DVN,0.79391323250715,0.5321395843428351,0.010715742432258509,0.010706001554801368,0.24891549641880834,0.27527111288991885,-0.10588178257397973,151.76733944897228,172.09183549802592,-0.20133304516380612,-0.1585792709878482
unrestricted,4,HAL|EQNR|DVN|E,0.7806863816394228,0.5322804159785905,0.01071574823390625,0.010704390115641045,0.24891549641880834,0.2631706122835422,-0.0572688967534154,151.76733944897228,170.1854077743138,-0.20133304516380612,-0.2052513621753448
unrestricted,4,COP|HAL|SLB|DVN,0.7919451554138394,0.5329538585401388,0.0107157779648607,0.01069668102145643,0.24891549641880834,0.2735271995797108,-0.09887573700711849,151.76733944897228,154.5056297889497,-0.20133304516380612,-0.20574524800222083
unrestricted,4,SU|FANG|CVE|E,0.7591514004805465,0.5317869380063762,0.010717319741767243,0.010710035579632326,0.24891549641880834,0.24086477342630538,0.03234319722287338,151.76733944897228,174.74111279895564,-0.20133304516380612,-0.19624822042238788
unrestricted,4,VLO|EQNR|DVN|E,0.7780680536182881,0.5304216933322002,0.01071802512724958,0.01072563870663933,0.24891549641880834,0.2607489008176567,-0.047539846128897834,151.76733944897228,187.43364614764968,-0.20133304516380612,-0.1451754256558807
unrestricted,4,COP|HAL|OXY|DVN,0.8070646109689815,0.5327344358992607,0.010718432878066028,0.01069919342674479,0.24891549641880834,0.2866183347859531,-0.15146842566888052,151.76733944897228,153.23059674229648,-0.20133304516380612,-0.22049241271984032
unrestricted,4,HAL|PSX|EQNR|FANG,0.7935130352391419,0.5310172958601787,0.010721874703848411,0.010718834469315614,0.24891549641880834,0.2751313523676853,-0.10532030478636001,151.76733944897228,178.8279416940356,-0.20133304516380612,-0.16473033993535402
unrestricted,4,SU|OXY|OKE|DVN,0.7587043237476971,0.5324170455448953,0.010721905532090492,0.010702826525989131,0.24891549641880834,0.24058684829795363,0.0334597413205705,151.76733944897228,148.8842065369621,-0.20133304516380612,-0.17392894235127065
unrestricted,4,HAL|EOG|SLB|DVN,0.7722452735113524,0.5322908073932319,0.010721980628388644,0.010704271204248614,0.24891549641880834,0.25516195840062283,-0.025094709134961368,151.76733944897228,144.17479981850641,-0.20133304516380612,-0.15281242627527292
unrestricted,4,SU|IMO|OKE|E,0.7432187904181519,0.5322370232555487,0.010722532228868428,0.010704886654463293,0.24891549641880834,0.22019391290324097,0.11538688401802988,151.76733944897228,159.9253345664394,-0.20133304516380612,-0.17446374663647046
unrestricted,4,HAL|EQNR|OKE|FANG,0.7817232232122089,0.5322101259029413,0.010724495307621009,0.0107051944267606,0.24891549641880834,0.26449266897423274,-0.06258016386900755,151.76733944897228,151.32465153552886,-0.20133304516380612,-0.1782800940037279
unrestricted,4,HAL|OXY|CVE|E,0.7717484439107927,0.5312784572762038,0.010724748919065327,0.01071584956626006,0.24891549641880834,0.2547790306571313,-0.023556324626962555,151.76733944897228,173.05491571659525,-0.20133304516380612,-0.20249551375989328
unrestricted,4,SLB|IMO|DVN|E,0.7508184408873206,0.5315964535980279,0.010725475752614648,0.0107122139547186,0.24891549641880834,0.2311408349006149,0.07140841680779486,151.76733944897228,167.73550850986945,-0.20133304516380612,-0.19121417786121564
unrestricted,4,SU|IMO|PSX|EQNR,0.7709051565760183,0.5302805366550774,0.01072550285490385,0.010727250665430366,0.24891549641880834,0.2539556523797989,-0.020248461962007802,151.76733944897228,182.93025856598672,-0.20133304516380612,-0.17508808254602748
unrestricted,4,EOG|PSX|DVN|CVE,0.7810428859874314,0.5311074291681883,0.010729558779284725,0.010717804398884171,0.24891549641880834,0.26404742294490907,-0.06079142015586192,151.76733944897228,169.73626988640328,-0.20133304516380612,-0.14095395746682438
unrestricted,4,HAL|VLO|DVN|E,0.7613023397924414,0.529602469681715,0.01072994330051126,0.010734990573840393,0.24891549641880834,0.24394708753923508,0.019960223252688758,151.76733944897228,185.54458803055002,-0.20133304516380612,-0.14798918045370346
unrestricted,4,OXY|IMO|PSX|FANG,0.7672057198019397,0.530750480693019,0.010730314066631292,0.010721883132868064,0.24891549641880834,0.25034593531333893,-0.005746684779013744,151.76733944897228,173.57825451105126,-0.20133304516380612,-0.14591992964392686
unrestricted,4,HAL|OXY|EQNR|E,0.7800838229725044,0.5312396486771611,0.010730357526972267,0.010716293175592643,0.24891549641880834,0.2631706907027865,-0.05726921179705635,151.76733944897228,166.60236313323696,-0.20133304516380612,-0.20716540153488183
unrestricted,4,SU|SLB|IMO|EQNR,0.763887483842303,0.5309319872637266,0.010730508878714448,0.010719809310324502,0.24891549641880834,0.24681655913031342,0.008432328716744042,151.76733944897228,171.0261831710761,-0.20133304516380612,-0.2139173944690913
unrestricted,4,HAL|SU|OXY|EQNR,0.789896643342676,0.5308229002510698,0.01073324223982336,0.01072105574363617,0.24891549641880834,0.2723179121120862,-0.09401751208732523,151.76733944897228,169.19795102609748,-0.20133304516380612,-0.22595086967018052
unrestricted,4,SU|OXY|SLB|DVN,0.7598772725523831,0.5311102666936546,0.010733358476441805,0.01071777196918617,0.24891549641880834,0.2425179661885142,0.02570161489475964,151.76733944897228,164.18725347187802,-0.20133304516380612,-0.21292696383350485
unrestricted,4,EQNR|OKE|CVE|E,0.7724050299814423,0.5304797537647374,0.010737135447657226,0.010724975606934525,0.24891549641880834,0.25596956207609756,-0.028339198478107397,151.76733944897228,169.2446576417436,-0.20133304516380612,-0.17820277567592258
unrestricted,4,HAL|SU|VLO|E,0.7521268764991274,0.5286571075548694,0.010738411973763158,0.010745772262863513,0.24891549641880834,0.23358325660120133,0.061596164313570956,151.76733944897228,187.31134883975983,-0.20133304516380612,-0.16427008802841558
unrestricted,4,SU|OXY|CVE|E,0.7639175321312123,0.5298863240011764,0.010741065064643106,0.010731751150715443,0.24891549641880834,0.2473506102800437,0.0062868168566397875,151.76733944897228,172.64780504799896,-0.20133304516380612,-0.20384177032330453
unrestricted,4,SLB|DVN|CVE|E,0.7597471466188213,0.5294871083345922,0.010742363883704868,0.010736306829747645,0.24891549641880834,0.24282627607271756,0.02446300223850051,151.76733944897228,176.0488086884765,-0.20133304516380612,-0.19389774879245847
unrestricted,4,SU|OXY|PSX|CVE,0.7682624839088074,0.5288463704754933,0.010743490464289828,0.010743614618739728,0.24891549641880834,0.25203879275881175,-0.012547617102746988,151.76733944897228,181.64478167558852,-0.20133304516380612,-0.16724552125948788
unrestricted,4,SU|VLO|PSX|E,0.748751146207293,0.5278394906011845,0.010743537982016813,0.010755088324364148,0.24891549641880834,0.2295469351147308,0.0778117938928532,151.76733944897228,190.33707792680065,-0.20133304516380612,-0.14916542966026858
unrestricted,4,SU|OXY|VLO|OKE,0.7554770208651078,0.530097977973373,0.010744522759045798,0.01072933506116954,0.24891549641880834,0.23800928688876874,0.043814907817910864,151.76733944897228,164.9009244562764,-0.20133304516380612,-0.14142025012956405
unrestricted,4,HAL|OXY|SLB|E,0.7599967640656355,0.5299090745986802,0.010747115827114103,0.010731491472346826,0.24891549641880834,0.24334480886503002,0.022379834256704756,151.76733944897228,164.1728744464335,-0.20133304516380612,-0.1981879988125983
unrestricted,4,SU|DVN|CVE|E,0.7613076770909812,0.5289528837889259,0.01074752144219502,0.010742400150038045,0.24891549641880834,0.24481974606952855,0.016454380736458996,151.76733944897228,176.9719187267915,-0.20133304516380612,-0.20153948169281344
unrestricted,4,IMO|VLO|OKE|E,0.7435519757579786,0.529015887034413,0.01075060546308631,0.010741681720094473,0.24891549641880834,0.22278185030990844,0.10499003270141605,151.76733944897228,173.1064837673229,-0.20133304516380612,-0.1269119448904965
unrestricted,4,HAL|SU|OKE|DVN,0.7523473749342092,0.5298257753051052,0.010751749956353468,0.010732442231033435,0.24891549641880834,0.23462812960383703,0.0573984626129197,151.76733944897228,153.11876362599304,-0.20133304516380612,-0.17880975200401827
unrestricted,4,PSX|OKE|FANG|CVE,0.7634593312402064,0.5290013346431597,0.010754525752660418,0.010741847666188364,0.24891549641880834,0.24749431133750302,0.0057095082538136666,151.76733944897228,168.62250244775694,-0.20133304516380612,-0.12418293239368805
unrestricted,4,PSX|OKE|DVN|FANG,0.7613945483214394,0.529478753433259,0.010755201924747153,0.010736402151669353,0.24891549641880834,0.24528979949132657,0.01456597511864599,151.76733944897228,156.47167833522428,-0.20133304516380612,-0.13480752887673852
unrestricted,4,OXY|IMO|EQNR|E,0.7722560560132293,0.5286872754109807,0.010759725704430761,0.010745428370864767,0.24891549641880834,0.25677547686455043,-0.0315769028398194,151.76733944897228,166.35462168394216,-0.20133304516380612,-0.2046143231210763
unrestricted,4,COP|HAL|DVN|FANG,0.8032153916766214,0.5289952060131293,0.010761064342754346,0.010741917552369449,0.24891549641880834,0.28476147244638794,-0.14400861554745314,151.76733944897228,154.72976964992563,-0.20133304516380612,-0.20914106690306
unrestricted,4,SLB|VLO|EQNR|E,0.758767865688823,0.5265231676032276,0.010763871297303475,0.010770069794077242,0.24891549641880834,0.24280940051631386,0.02453079856555318,151.76733944897228,186.52489746192464,-0.20133304516380612,-0.15456342367172016
unrestricted,4,HAL|OXY|PSX|EQNR,0.7956827281326283,0.5275309724974792,0.010764609346544001,0.01075860153389047,0.24891549641880834,0.27848729355617835,-0.11880255573809073,151.76733944897228,176.16369331927632,-0.20133304516380612,-0.17897845419361025
unrestricted,4,HAL|SU|PSX|DVN,0.7607349278152249,0.5268062691523252,0.010766237141308598,0.010766849489366723,0.24891549641880834,0.24510444565856787,0.015310620733022806,151.76733944897228,182.12150388381977,-0.20133304516380612,-0.16794804155660759
unrestricted,4,SU|OXY|IMO|PSX,0.7606079966195004,0.5271611043163853,0.010768259407925907,0.010762811847869383,0.24891549641880834,0.24506396651007664,0.015473242783773378,151.76733944897228,176.72031561653228,-0.20133304516380612,-0.16478258091672615
unrestricted,4,VLO|FANG|CVE|E,0.7629820334659578,0.5250087672235156,0.01076985041496908,0.010787279904029433,0.24891549641880834,0.2477050814731602,0.004862754481189779,151.76733944897228,194.39706250551717,-0.20133304516380612,-0.1405324354610944
unrestricted,4,SU|VLO|EQNR|OKE,0.763165597885562,0.5273271001754319,0.010771068458859941,0.01076092247387472,0.24891549641880834,0.24795779774768312,0.0038474851301095736,151.76733944897228,171.79798642354282,-0.20133304516380612,-0.15544829713731467
unrestricted,4,SLB|VLO|EQNR|FANG,0.7819075735387666,0.5259056679141276,0.010775643416671737,0.010777090568207992,0.24891549641880834,0.2666173879968541,-0.0711160688375212,151.76733944897228,182.83828396207448,-0.20133304516380612,-0.15725804789955866
unrestricted,4,OXY|PSX|EQNR|FANG,0.7995346241779304,0.5262809894635972,0.01077951464760468,0.010772823827482115,0.24891549641880834,0.2822664577914003,-0.13398507466356335,151.76733944897228,175.52968080932047,-0.20133304516380612,-0.1734733908237973
unrestricted,4,SU|PSX|FANG|CVE,0.7614890471998775,0.5253000129115182,0.010779946990136353,0.010783972231922059,0.24891549641880834,0.24658282803084514,0.009371326500453803,151.76733944897228,184.90976906382727,-0.20133304516380612,-0.15902361671676668
unrestricted,4,SU|OXY|SLB|VLO,0.7561499491765045,0.525711054580865,0.010780107407599713,0.010779302311927643,0.24891549641880834,0.24067676431711438,0.03309851021823096,151.76733944897228,180.9675629686505,-0.20133304516380612,-0.1640986941035938
unrestricted,4,OXY|IMO|OKE|FANG,0.7561768452619592,0.5267847644717485,0.010785753919012356,0.010767094140778446,0.24891549641880834,0.24099900996251092,0.0318039116495088,151.76733944897228,146.47664823614414,-0.20133304516380612,-0.1588730752593076
unrestricted,4,HAL|IMO|EQNR|FANG,0.7828317390665245,0.5261339012304748,0.010787366668928943,0.010774496161298698,0.24891549641880834,0.267904422236607,-0.07628663579004002,151.76733944897228,168.47130417701646,-0.20133304516380612,-0.20865703123203827
unrestricted,4,SU|IMO|PSX|FANG,0.7551085974969517,0.5250390382706406,0.010789313100959446,0.010786936163515327,0.24891549641880834,0.23996313735818775,0.03596545490103975,151.76733944897228,179.62412193829576,-0.20133304516380612,-0.15742131428149186
unrestricted,4,SLB|IMO|PSX|E,0.7418512394420332,0.5252501879792462,0.010789473332269685,0.010784538164724126,0.24891549641880834,0.22307390849344305,0.10381671007692495,151.76733944897228,177.27471114222448,-0.20133304516380612,-0.15700566554932827
unrestricted,4,SU|IMO|EQNR|OKE,0.7593272245551582,0.5263217332429172,0.010790947506163545,0.010772360541245828,0.24891549641880834,0.24476890987455338,0.016658611472217033,151.76733944897228,157.54601024724278,-0.20133304516380612,-0.18287845005278625
unrestricted,4,SU|OKE|DVN|FANG,0.7519510382998689,0.5261586980590718,0.010793626947248223,0.010774214249561893,0.24891549641880834,0.23649906629794384,0.04988210979027774,151.76733944897228,150.94351873309765,-0.20133304516380612,-0.16794861158828756
unrestricted,4,SU|IMO|PSX|OKE,0.7438750856469681,0.52576009675306,0.010793958480837276,0.010778744999690573,0.24891549641880834,0.22622855907523626,0.09114312957599302,151.76733944897228,165.03640727579352,-0.20133304516380612,-0.14284699361434428
unrestricted,4,HAL|EQNR|OKE|DVN,0.7820887925146945,0.5260646744788097,0.010794703831124842,0.010775283151687557,0.24891549641880834,0.26749921265262133,-0.07465873559975278,151.76733944897228,151.09753861545238,-0.20133304516380612,-0.17960896583142671
unrestricted,4,OXY|EQNR|FANG|E,0.7819149965876889,0.5256020299675892,0.010795956856929871,0.01078054115772916,0.24891549641880834,0.26738709727771026,-0.07420832019161572,151.76733944897228,164.7082748895932,-0.20133304516380612,-0.20071072382266963
unrestricted,4,HAL|EOG|SLB|VLO,0.7636590129919253,0.5254304327607564,0.010797560465634766,0.010782490727091233,0.24891549641880834,0.2497018241267407,-0.0031590146826749876,151.76733944897228,165.28319078215654,-0.20133304516380612,-0.11448690077614421
unrestricted,4,OXY|FANG|CVE|E,0.7727042520892513,0.5248320174388978,0.010798449603888033,0.010789286753766293,0.24891549641880834,0.25881999549840323,-0.039790608548253115,151.76733944897228,172.9890247235058,-0.20133304516380612,-0.19199652517660704
unrestricted,4,HAL|SU|OXY|SLB,0.7583394348827273,0.5253577795659917,0.010798553711965586,0.010783316056476701,0.24891549641880834,0.24405928412602088,0.019509481581720056,151.76733944897228,165.01323933365651,-0.20133304516380612,-0.21668313962736396
unrestricted,4,SU|OXY|IMO|OKE,0.7514375399899778,0.5256801104910265,0.01079907992284014,0.010779653943841038,0.24891549641880834,0.23618682643827196,0.051136510838682314,151.76733944897228,151.0276966502693,-0.20133304516380612,-0.1736727569197033
unrestricted,4,SU|OXY|OKE|CVE,0.7573078969638442,0.5255852735575769,0.010800146850836743,0.010780731548059738,0.24891549641880834,0.24299918475495816,0.023768354116032175,151.76733944897228,152.78726187624667,-0.20133304516380612,-0.17561276244220492
unrestricted,4,HAL|FANG|CVE|E,0.7639015397283676,0.5243420294823575,0.010801232016534122,0.010794848216858381,0.24891549641880834,0.2501212379529032,-0.004843979388355013,151.76733944897228,175.90151781449123,-0.20133304516380612,-0.19600142064680237
unrestricted,4,IMO|OKE|CVE|E,0.7484174939224381,0.5246547079202285,0.010805832634038342,0.010791299583840053,0.24891549641880834,0.232887636257702,0.06439076872152205,151.76733944897228,166.15526950525114,-0.20133304516380612,-0.1683033933442677
unrestricted,4,HAL|SU|EQNR|DVN,0.785914853642713,0.524072466605556,0.010807338307750044,0.010797906589015367,0.24891549641880834,0.27141554060110246,-0.090392299820647,151.76733944897228,172.71801013539746,-0.20133304516380612,-0.2258232266928244
unrestricted,4,OXY|VLO|CVE|E,0.7669488302656946,0.5220863315911437,0.010807885031986483,0.010820413978028845,0.24891549641880834,0.2535327711505194,-0.018549567215141893,151.76733944897228,191.22811362514733,-0.20133304516380612,-0.1489205036585518
unrestricted,4,SU|SLB|VLO|OKE,0.740196865414592,0.5243565299871621,0.010808647993763468,0.010794683674318238,0.24891549641880834,0.22203812312687574,0.10797790285708264,151.76733944897228,167.0132350398622,-0.20133304516380612,-0.14294908848628496
unrestricted,4,HAL|OXY|IMO|OKE,0.7545042922140145,0.5246750594797824,0.01081035409681765,0.010791068570584457,0.24891549641880834,0.24036745031745518,0.03434115683569494,151.76733944897228,149.1959210928399,-0.20133304516380612,-0.17148366089648237
unrestricted,4,EOG|OXY|VLO|PSX,0.7764034633923239,0.5241586970291047,0.010813051789487974,0.010796928341096775,0.24891549641880834,0.26293256829507206,-0.056312572250140525,151.76733944897228,163.5345860487503,-0.20133304516380612,-0.14879880452233485
unrestricted,4,IMO|FANG|CVE|E,0.7570396271690765,0.5234219479660218,0.010813624967194553,0.010805283595377349,0.24891549641880834,0.24337324492810508,0.022265594430401547,151.76733944897228,173.92503225842998,-0.20133304516380612,-0.18602801134773006
unrestricted,4,OXY|SLB|OKE|CVE,0.7571815991321375,0.5243850877808469,0.010813814189833027,0.010794359611237345,0.24891549641880834,0.24353904881479174,0.02159948931010125,151.76733944897228,151.08277749852797,-0.20133304516380612,-0.16594012749921538
unrestricted,4,HAL|EOG|VLO|PSX,0.7700313809976537,0.5232186721869687,0.010821960147453432,0.010807587749195388,0.24891549641880834,0.2571895445779391,-0.033240389924174885,151.76733944897228,166.4544389354451,-0.20133304516380612,-0.13363122475324163
unrestricted,4,EQNR|DVN|FANG|E,0.7812060171610996,0.5231071083527823,0.010822219474511096,0.010808852129039846,0.24891549641880834,0.26772019308481315,-0.07554650850007882,151.76733944897228,167.90647753355057,-0.20133304516380612,-0.19795496820414116
unrestricted,4,HAL|SLB|EQNR|OKE,0.7647213749562125,0.5230803984789345,0.010828641674778868,0.010809154816540064,0.24891549641880834,0.2521892427983633,-0.013152039252898762,151.76733944897228,151.26185266219062,-0.20133304516380612,-0.1798227756241394
unrestricted,4,PSX|EQNR|DVN|FANG,0.7978633901443398,0.5215053579294557,0.010830182656957872,0.01082698887492377,0.24891549641880834,0.2825115778620497,-0.13496982681510072,151.76733944897228,179.0133173071435,-0.20133304516380612,-0.16166729718914252
unrestricted,4,HAL|SLB|FANG|E,0.7521293991518864,0.5223576237982157,0.010831223536330268,0.010817342386973695,0.24891549641880834,0.23873982345650777,0.040880030004960655,151.76733944897228,167.2094288598614,-0.20133304516380612,-0.19046986809712008
unrestricted,4,SU|PSX|EQNR|CVE,0.7777584226676186,0.5201399185282907,0.01083268968475932,0.010842425897886183,0.24891549641880834,0.264954519342629,-0.06443561431319833,151.76733944897228,189.34193072857087,-0.20133304516380612,-0.17960977915019438
unrestricted,4,EOG|IMO|VLO|CVE,0.7642482857541053,0.52176071782677,0.010833857590385246,0.010824099450994076,0.24891549641880834,0.2519391917361314,-0.01214747719939302,151.76733944897228,172.43242437124943,-0.20133304516380612,-0.129563482444235
unrestricted,4,SLB|EQNR|DVN|FANG,0.7908432490088348,0.5221858718620693,0.010835023953828123,0.010819287076771305,0.24891549641880834,0.2767059159842688,-0.11164600021005588,151.76733944897228,164.30489257891833,-0.20133304516380612,-0.20888676491899938
unrestricted,4,SU|SLB|DVN|FANG,0.751632266380075,0.5219960403509338,0.010835337317742135,0.010821436068964393,0.24891549641880834,0.2383840353003348,0.042309383184219285,151.76733944897228,167.194178994576,-0.20133304516380612,-0.2074668909618128
unrestricted,4,HAL|PSX|EQNR|DVN,0.793310091655498,0.5209279426009346,0.010835491670791793,0.01083351954831237,0.24891549641880834,0.2788376038842369,-0.12020990213917271,151.76733944897228,180.120919558997,-0.20133304516380612,-0.16823999476582752
unrestricted,4,SU|VLO|OKE|FANG,0.7472890689778484,0.521677827585024,0.010838608827603635,0.010825037447285822,0.24891549641880834,0.23339629533707312,0.06234726766719123,151.76733944897228,167.67530536145264,-0.20133304516380612,-0.13853173933854224
unrestricted,4,HAL|SU|SLB|E,0.7433434305416186,0.5213112434113423,0.010838710445031848,0.010829184785218144,0.24891549641880834,0.2284051699613069,0.08239875279999509,151.76733944897228,172.7085290286605,-0.20133304516380612,-0.206931553448913
unrestricted,4,OXY|SLB|IMO|OKE,0.7449151770013358,0.5218383843972887,0.01084243344918848,0.010823220492647414,0.24891549641880834,0.23066145299600058,0.07333429893048826,151.76733944897228,148.3754417047689,-0.20133304516380612,-0.16778756034916387
unrestricted,4,VLO|DVN|CVE|E,0.763574875499541,0.51803567661537,0.010844499641675602,0.010866172538712844,0.24891549641880834,0.2517260984626284,-0.011291390388532108,151.76733944897228,197.38147417098583,-0.20133304516380612,-0.14154600664352324
unrestricted,4,SLB|EQNR|CVE|E,0.7659691621404997,0.5200257110646216,0.010844542210550596,0.010843716078440771,0.24891549641880834,0.25413719025254555,-0.02097777723308769,151.76733944897228,181.14408819853273,-0.20133304516380612,-0.20587863505517612
unrestricted,4,HAL|EOG|OXY|VLO,0.7763770872834947,0.5212046415007789,0.010845267082935664,0.010830390524342565,0.24891549641880834,0.2641586817051926,-0.06123839417670118,151.76733944897228,165.7595267708736,-0.20133304516380612,-0.12728984691378487
unrestricted,4,PSX|OKE|DVN|CVE,0.7624113719251993,0.5207344089353693,0.010848099647187524,0.010835707568893342,0.24891549641880834,0.25069961943885666,-0.007167585167323187,151.76733944897228,169.29764313787817,-0.20133304516380612,-0.12931923304719473
unrestricted,4,SU|OXY|SLB|CVE,0.7551115877456527,0.5208979954464239,0.010848603454907613,0.010833858148747124,0.24891549641880834,0.24298702146314355,0.023817219260989453,151.76733944897228,165.97631973283939,-0.20133304516380612,-0.21450858595025457
unrestricted,4,HAL|DVN|CVE|E,0.7648713456389734,0.5195068686719743,0.010853678971945014,0.010849575413096753,0.24891549641880834,0.253435801770384,-0.018159999745335664,151.76733944897228,178.24839988195384,-0.20133304516380612,-0.19976525411277313
unrestricted,4,HAL|EQNR|OKE|CVE,0.7799875381530212,0.520589581835537,0.01085451399677221,0.010837344641941951,0.24891549641880834,0.2678153606029453,-0.07592883711963583,151.76733944897228,161.63860947769615,-0.20133304516380612,-0.18511948363687503
unrestricted,4,HAL|IMO|EQNR|E,0.7610689342573406,0.519921970505975,0.01085517360343574,0.010844887883276108,0.24891549641880834,0.24963868580357368,-0.002905361036857901,151.76733944897228,171.8944647453548,-0.20133304516380612,-0.2053229775907528
unrestricted,4,IMO|DVN|CVE|E,0.7594932152535122,0.5194362531432788,0.010856863924960113,0.010850372636102494,0.24891549641880834,0.248078903700744,0.003360950724645706,151.76733944897228,175.96093184014677,-0.20133304516380612,-0.18995908267851103
unrestricted,4,OXY|VLO|EQNR|E,0.7728161161930475,0.5186590543723484,0.010857655159678493,0.010859143053690208,0.24891549641880834,0.26131272829856317,-0.04980498224544472,151.76733944897228,183.1219835493104,-0.20133304516380612,-0.15631042377530224
unrestricted,4,SLB|EQNR|FANG|CVE,0.7908684187928161,0.5191168710133327,0.01086188085924755,0.010853977610010102,0.24891549641880834,0.2776416795271345,-0.11540536254919798,151.76733944897228,174.53321123728887,-0.20133304516380612,-0.21187923363361327
unrestricted,4,OXY|SLB|EQNR|CVE,0.7946068978655364,0.5190076243662158,0.01086535655843602,0.01085521043900005,0.24891549641880834,0.2809287296381657,-0.12861084858089367,151.76733944897228,172.08663044383846,-0.20133304516380612,-0.21787186925220436
unrestricted,4,SU|IMO|OKE|FANG,0.7442443404531738,0.5196381358993687,0.010867603196968768,0.010848093299333677,0.24891549641880834,0.23132466514422925,0.07066989210258712,151.76733944897228,153.2151396353947,-0.20133304516380612,-0.1677262969920521
unrestricted,4,OXY|SLB|EQNR|DVN,0.7933080947966009,0.5193040721422197,0.010869085278613097,0.010851864752932277,0.24891549641880834,0.2799572375773336,-0.12470794950546793,151.76733944897228,161.591690978794,-0.20133304516380612,-0.21532061839392835
unrestricted,4,OXY|SLB|VLO|EQNR,0.7822767983652349,0.5178563858826886,0.010870610739020665,0.010868193458926336,0.24891549641880834,0.27045824075380276,-0.08654641693640497,151.76733944897228,179.8323864721406,-0.20133304516380612,-0.16332684334833047
unrestricted,4,SLB|IMO|OKE|E,0.7332857505248587,0.519256442486836,0.010871300230584654,0.01085240236698893,0.24891549641880834,0.21628336293894493,0.1310972356054474,151.76733944897228,156.95101187375573,-0.20133304516380612,-0.16903075526960842
unrestricted,4,SU|EQNR|OKE|CVE,0.7664925840982084,0.5190318877073425,0.01087201576901858,0.010854936643604464,0.24891549641880834,0.25582419005377877,-0.027755176894837863,151.76733944897228,161.9055111177159,-0.20133304516380612,-0.1867226596637609
unrestricted,4,COP|OXY|DVN|FANG,0.8093652309625223,0.5192321340998147,0.010872216305306997,0.010852676734744927,0.24891549641880834,0.29320404605598605,-0.1779260442775359,151.76733944897228,150.65272558872007,-0.20133304516380612,-0.22334178206340216
unrestricted,4,HAL|SU|CVE|E,0.750002110460057,0.5178728684976104,0.010873008869212879,0.01086800768670676,0.24891549641880834,0.23850598444598192,0.041819461313537754,151.76733944897228,177.46157476752128,-0.20133304516380612,-0.20904298179347158
unrestricted,4,HAL|PSX|OKE|FANG,0.7534907578580745,0.5189658352585519,0.010874179663852276,0.010855681984629677,0.24891549641880834,0.24247904010731386,0.025857997610019945,151.76733944897228,158.36052898096906,-0.20133304516380612,-0.12261213541145888
unrestricted,4,OXY|EQNR|DVN|E,0.7842033004535901,0.5183964789969091,0.010877452113247555,0.010862104525011582,0.24891549641880834,0.2724054885266546,-0.09436934399746488,151.76733944897228,165.1164565562189,-0.20133304516380612,-0.2174576275564224
unrestricted,4,EOG|VLO|EQNR|FANG,0.7906682294115891,0.51811961936382,0.01087747794496232,0.01086522622789328,0.24891549641880834,0.2779982750850601,-0.11683795940658936,151.76733944897228,169.5722042620354,-0.20133304516380612,-0.13369771722490575
unrestricted,4,SLB|PSX|OKE|FANG,0.7440616078222562,0.5184640994387832,0.010880379003286925,0.010861341941205959,0.24891549641880834,0.23185262879501592,0.06854883632911146,151.76733944897228,156.44801112920354,-0.20133304516380612,-0.12059986508775056
unrestricted,4,HAL|OXY|IMO|EQNR,0.783472363244598,0.5177830354921308,0.010883727533437514,0.010869020137839082,0.24891549641880834,0.2719862565253278,-0.09268510975990907,151.76733944897228,166.15692120269733,-0.20133304516380612,-0.21386383117957797
unrestricted,4,HAL|SLB|PSX|E,0.7450490816870655,0.5166881731793718,0.01088461853849962,0.010881352069671427,0.24891549641880834,0.23330861364748157,0.06269952251212063,151.76733944897228,179.1104843244665,-0.20133304516380612,-0.15766677325985
unrestricted,4,HAL|SU|IMO|E,0.7449042139980334,0.5171871399790603,0.010885037992290828,0.010875733714020334,0.24891549641880834,0.23315672419999123,0.06330972737953788,151.76733944897228,173.09558653821762,-0.20133304516380612,-0.20476674343317514
unrestricted,4,VLO|EQNR|OKE|FANG,0.7724550322560333,0.5175396466515567,0.010886055862078237,0.010871762746131807,0.24891549641880834,0.26209516557495244,-0.052948367400834195,151.76733944897228,166.79135043287863,-0.20133304516380612,-0.13355645482566025
unrestricted,4,SLB|IMO|EQNR|E,0.7491534351521711,0.5172932821679388,0.010886447664632396,0.010874538180792656,0.24891549641880834,0.23824511593638337,0.04286748167929133,151.76733944897228,170.0353111755345,-0.20133304516380612,-0.19911372483978818
unrestricted,4,HAL|SU|OXY|DVN,0.7666216262245811,0.5173390002594116,0.010888441794506038,0.010874023194274666,0.24891549641880834,0.2566383866484356,-0.031026152813857788,151.76733944897228,166.6121933509644,-0.20133304516380612,-0.22122715706278806
unrestricted,4,SU|SLB|CVE|E,0.74067552445641,0.5164846680704929,0.010889102294677567,0.01088364270023521,0.24891549641880834,0.2280924754023932,0.0836549805697101,151.76733944897228,177.0699123165743,-0.20133304516380612,-0.2046226933784413
unrestricted,4,EOG|VLO|PSX|FANG,0.7700595181956734,0.5172687941936518,0.010890210311992873,0.010874814012912114,0.24891549641880834,0.2600066428787798,-0.04455787855533999,151.76733944897228,165.0822021393911,-0.20133304516380612,-0.14003596484068237
unrestricted,4,OXY|EQNR|OKE|FANG,0.7834307325716284,0.5175608001283654,0.010890285954446409,0.010871524407271007,0.24891549641880834,0.2721831350149767,-0.09347605484963384,151.76733944897228,146.1616701917972,-0.20133304516380612,-0.17112922537648434
unrestricted,4,IMO|PSX|DVN|FANG,0.7586180854890194,0.5162781536591337,0.010891372563805922,0.010885966710428987,0.24891549641880834,0.24875897317596465,0.00062882080503468,151.76733944897228,177.12857169551657,-0.20133304516380612,-0.1385797296468495
unrestricted,4,SU|SLB|VLO|FANG,0.7469871977095511,0.515438644210416,0.010891909874861851,0.010895409027580748,0.24891549641880834,0.23602881018893299,0.05177132968930587,151.76733944897228,184.84335305991678,-0.20133304516380612,-0.15851569124421683
unrestricted,4,OXY|IMO|CVE|E,0.7604656521885145,0.5163546874360755,0.010895031553503947,0.010885105495340565,0.24891549641880834,0.2508160653568141,-0.007635398218871936,151.76733944897228,172.42886977954103,-0.20133304516380612,-0.19474494842549517
unrestricted,4,HAL|SLB|DVN|E,0.7519983354386208,0.5163633465025202,0.01089860942377234,0.010885008052781754,0.24891549641880834,0.24206045746019833,0.02753962311400726,151.76733944897228,167.83130546880767,-0.20133304516380612,-0.19831291477755786
unrestricted,4,SU|SLB|OKE|CVE,0.737435627772178,0.5166170268451777,0.010901312086871303,0.010882152939606158,0.24891549641880834,0.2245758309328225,0.09778284532769133,151.76733944897228,156.07256267309225,-0.20133304516380612,-0.17582870001829265
unrestricted,4,SLB|VLO|EQNR|DVN,0.7815008883872236,0.5146843804124324,0.01090133737283361,0.01090388557751736,0.24891549641880834,0.2708792499208154,-0.08823779080854144,151.76733944897228,184.115323041222,-0.20133304516380612,-0.16124411297776953
unrestricted,4,HAL|SU|DVN|FANG,0.7609731507940736,0.5158346494319459,0.010903185549664341,0.010890956009708559,0.24891549641880834,0.2516906415652811,-0.011148944868436317,151.76733944897228,169.68221731974597,-0.20133304516380612,-0.21494771222685582
unrestricted,4,DVN|FANG|CVE|E,0.766659973360203,0.5151449089105202,0.01090401504465924,0.010898710860610747,0.24891549641880834,0.25732189074607303,-0.03377208108056351,151.76733944897228,177.26429658130584,-0.20133304516380612,-0.18759889547649788
unrestricted,4,HAL|OXY|IMO|PSX,0.7596026172117913,0.5151014133743128,0.010907616772882158,0.010899199702174536,0.24891549641880834,0.2505025388980614,-0.006375828351734336,151.76733944897228,174.12775910327656,-0.20133304516380612,-0.15894565649593306
unrestricted,4,OXY|DVN|CVE|E,0.772179223368405,0.5148424744777079,0.010909779766817637,0.010902109434386017,0.24891549641880834,0.2627667168570112,-0.05564627609563422,151.76733944897228,174.92011564524515,-0.20133304516380612,-0.19533401168736775
unrestricted,4,HAL|IMO|EQNR|DVN,0.7815844283285892,0.5152471081816418,0.010910107631775629,0.010897562167911155,0.24891549641880834,0.27126782278989303,-0.08979885420020683,151.76733944897228,169.29604381289013,-0.20133304516380612,-0.2120396855016704
unrestricted,4,SU|OKE|FANG|CVE,0.7479617669661335,0.5157308898867847,0.010911496536078008,0.010892122945863196,0.24891549641880834,0.23820915616575192,0.04301194745642778,151.76733944897228,155.03220597477588,-0.20133304516380612,-0.16941020092160253
unrestricted,4,SLB|PSX|OKE|CVE,0.7465517171339309,0.515019220146927,0.01091363364774364,0.01090012340299032,0.24891549641880834,0.23670357139966755,0.04906052533826111,151.76733944897228,168.008168621647,-0.20133304516380612,-0.13017919380674514
unrestricted,4,EOG|OXY|VLO|EQNR,0.7921501358427642,0.5149988043755722,0.010913709513085495,0.01090035282660304,0.24891549641880834,0.2804604740824133,-0.1267296657598591,151.76733944897228,168.22100681721145,-0.20133304516380612,-0.14701887707153882
unrestricted,4,OXY|IMO|PSX|DVN,0.7626135782762494,0.5145097396518117,0.01091403565336752,0.010905847281934817,0.24891549641880834,0.25379812750141256,-0.01961561715864013,151.76733944897228,174.3901068982245,-0.20133304516380612,-0.15263665870543874
unrestricted,4,HAL|IMO|PSX|OKE,0.7429824328954481,0.5148062511909293,0.0109193360335013,0.010902516418555844,0.24891549641880834,0.23279649296194593,0.06475693031880048,151.76733944897228,162.63200548448853,-0.20133304516380612,-0.13943870193637575
unrestricted,4,HAL|EOG|VLO|FANG,0.7701335088602949,0.5143308251012204,0.010921960467435569,0.010907856627117022,0.24891549641880834,0.2613411509117639,-0.049919168037851014,151.76733944897228,167.19093422815118,-0.20133304516380612,-0.11921416258806261
unrestricted,4,HAL|SU|IMO|EQNR,0.7697445186992223,0.5138019599604982,0.010923388067858784,0.010913794018056979,0.24891549641880834,0.26103397741132583,-0.04868512072116138,151.76733944897228,172.8897701040292,-0.20133304516380612,-0.22038510609060813
unrestricted,4,SLB|VLO|CVE|E,0.7466147596934631,0.5111290352349909,0.010924254083790908,0.010943752762873439,0.24891549641880834,0.23734711294258448,0.04647514374420336,151.76733944897228,196.27294375574954,-0.20133304516380612,-0.15068925515401654
unrestricted,4,OXY|IMO|OKE|DVN,0.7523228706521841,0.5142868882739385,0.010927140462032747,0.010908350014178343,0.24891549641880834,0.24382092768554636,0.020467061338319437,151.76733944897228,146.03137138181447,-0.20133304516380612,-0.15944224911434957
unrestricted,4,OXY|PSX|EQNR|DVN,0.7990914115259586,0.5130396258165109,0.010928499702736749,0.010922346807631024,0.24891549641880834,0.2866653190556781,-0.15165718157359898,151.76733944897228,176.51110511962167,-0.20133304516380612,-0.18542690252367922
unrestricted,4,EOG|OXY|DVN|FANG,0.7904510714077759,0.5134529021653913,0.010932463659617062,0.010917711003583465,0.24891549641880834,0.2796562962340151,-0.12349893942916434,151.76733944897228,138.54127452528024,-0.20133304516380612,-0.1651556605051715
unrestricted,4,SU|PSX|DVN|CVE,0.7588808880376754,0.5113021670290467,0.010934911072178064,0.0109418147470502,0.24891549641880834,0.25098946135218203,-0.008332004086576417,151.76733944897228,187.59328170225058,-0.20133304516380612,-0.16052774932444613
unrestricted,4,HAL|IMO|OKE|FANG,0.7451059940532117,0.5136144061191921,0.010935575673537644,0.010915898846190257,0.24891549641880834,0.23621772427326068,0.05101238102180361,151.76733944897228,151.17078294875122,-0.20133304516380612,-0.165988461009283
unrestricted,4,HAL|SU|SLB|OKE,0.7352650595685777,0.5135464012922631,0.0109362983046343,0.01091666193197579,0.24891549641880834,0.22396812644366063,0.10022425415078595,151.76733944897228,153.18106544383124,-0.20133304516380612,-0.17856341014297028
unrestricted,4,HAL|SU|SLB|FANG,0.7479363279418266,0.512931609669967,0.010936971549924781,0.01092355812220484,0.24891549641880834,0.23951159132636146,0.03777950841848954,151.76733944897228,168.2189443029694,-0.20133304516380612,-0.2109292866892658
unrestricted,4,HAL|PSX|OKE|CVE,0.7546294937781469,0.5126210101443867,0.010939248500472398,0.010927040498922017,0.24891549641880834,0.2468362626799174,0.008353171131589843,151.76733944897228,169.82407879254217,-0.20133304516380612,-0.13377422686286078
unrestricted,4,SU|IMO|PSX|DVN,0.7513557659590352,0.5115538249791798,0.01094036916625501,0.010938997106914922,0.24891549641880834,0.24342790459770658,0.022046003161927286,151.76733944897228,180.961961016214,-0.20133304516380612,-0.15834067273039287
unrestricted,4,HAL|SU|OKE|CVE,0.7444150837141218,0.513021484474008,0.010941577048366529,0.01092255025764407,0.24891549641880834,0.2357425932353939,0.052921185594851816,151.76733944897228,156.95851268887958,-0.20133304516380612,-0.1807003162741877
unrestricted,4,IMO|VLO|EQNR|OKE,0.7562819469851436,0.5124230218854176,0.010941745882167883,0.01092925972266912,0.24891549641880834,0.24865844166372958,0.0010326988828620598,151.76733944897228,169.47420237019088,-0.20133304516380612,-0.1465989405975745
unrestricted,4,EOG|VLO|EQNR|DVN,0.7901747342911073,0.5116823968543238,0.01095000482540437,0.01093755729634026,0.24891549641880834,0.2800066287496812,-0.12490637496735446,151.76733944897228,169.55056918982982,-0.20133304516380612,-0.14099904671803665
unrestricted,4,SU|VLO|EQNR|E,0.7548762469831486,0.5094883776855297,0.010950401300291642,0.01096210107239049,0.24891549641880834,0.24761035391020392,0.005243315612654675,151.76733944897228,191.11756918420724,-0.20133304516380612,-0.16657656357999095
unrestricted,4,SU|VLO|OKE|DVN,0.7440096012756969,0.5115541335962966,0.010952569939066495,0.010938993651096806,0.24891549641880834,0.23587165399911197,0.05240269331303371,151.76733944897228,168.04425154766207,-0.20133304516380612,-0.1417623463312797
unrestricted,4,OXY|SLB|VLO|OKE,0.7450296655134959,0.5112704739886298,0.010960938071695915,0.01094216954067876,0.24891549641880834,0.2374916383764233,0.04589452326890908,151.76733944897228,158.01791445432286,-0.20133304516380612,-0.12086714245342789
unrestricted,4,HAL|EOG|VLO|CVE,0.7726968048915512,0.5101501740640643,0.010961531343527169,0.010954703564249043,0.24891549641880834,0.26522925051333796,-0.0655393269171205,151.76733944897228,175.93717421922324,-0.20133304516380612,-0.12585013810672718
unrestricted,4,IMO|OKE|DVN|FANG,0.746609046442603,0.5111760511879597,0.010962626083573018,0.01094322650607582,0.24891549641880834,0.23935596426422606,0.03840472888235957,151.76733944897228,148.19658394478,-0.20133304516380612,-0.1531793454800584
unrestricted,4,SLB|EQNR|DVN|CVE,0.7920228361910289,0.5100188129551823,0.01096269879590561,0.010956172305759395,0.24891549641880834,0.28196109801407854,-0.13275831384828662,151.76733944897228,176.24286746273614,-0.20133304516380612,-0.21566901523836113
unrestricted,4,EOG|OXY|FANG|CVE,0.7920407167200214,0.5109210095030803,0.010965768569070077,0.010946080923277236,0.24891549641880834,0.28207582634913225,-0.1332192266347716,151.76733944897228,153.20759257309277,-0.20133304516380612,-0.15513750430976136
unrestricted,4,EOG|VLO|PSX|CVE,0.771840240214742,0.509817261310617,0.01096578282574743,0.010958425461150362,0.24891549641880834,0.26461379925463174,-0.06306679600779264,151.76733944897228,175.41139795918238,-0.20133304516380612,-0.13517173938314975
unrestricted,4,HAL|SU|OXY|CVE,0.7641196288581656,0.5101369968958187,0.010968316324823363,0.010954850906346084,0.24891549641880834,0.2575375157814969,-0.03463833906179059,151.76733944897228,168.24985904785242,-0.20133304516380612,-0.22232086867329792
unrestricted,4,HAL|SU|VLO|OKE,0.7408970533351869,0.5098555255529248,0.010970941838174484,0.010957997738999569,0.24891549641880834,0.23323884764477743,0.06297980238102352,151.76733944897228,168.9657268997163,-0.20133304516380612,-0.14836707598084775
unrestricted,4,OXY|SLB|OKE|FANG,0.7465621573787944,0.5098824986690065,0.010974379161768674,0.010957696220338285,0.24891549641880834,0.23990786124282348,0.036187522695771523,151.76733944897228,141.20467798474846,-0.20133304516380612,-0.157877139471721
unrestricted,4,EQNR|OKE|DVN|FANG,0.7804150775697595,0.510041098123725,0.010975333549325512,0.010955923150353904,0.24891549641880834,0.27256716397646263,-0.09501886342126165,151.76733944897228,148.13162192867307,-0.20133304516380612,-0.16585435588931152
unrestricted,4,SU|IMO|EQNR|FANG,0.7724513183046876,0.509195963974945,0.010976875568016506,0.010965368060286107,0.24891549641880834,0.2655876119483334,-0.06697901805789419,151.76733944897228,170.81757480816714,-0.20133304516380612,-0.20935351900467492
unrestricted,4,EOG|OXY|EQNR|FANG,0.8040151750704736,0.5098477389538412,0.010977644779957142,0.010958084779862749,0.24891549641880834,0.2921210542466609,-0.17357520302857243,151.76733944897228,148.98759286766472,-0.20133304516380612,-0.19417405106478836
unrestricted,4,VLO|EQNR|OKE|DVN,0.7729353163814067,0.509331965199515,0.010978183705236243,0.010963848709691453,0.24891549641880834,0.2660726060721696,-0.06892744686531627,151.76733944897228,167.04175653671126,-0.20133304516380612,-0.13802743570805032
unrestricted,4,OXY|VLO|EQNR|OKE,0.7729361723099509,0.5094936694348933,0.010978235998432197,0.01096204194142887,0.24891549641880834,0.26607533900324437,-0.06893842621820556,151.76733944897228,164.03893049594717,-0.20133304516380612,-0.13687522735632185
unrestricted,4,SU|OXY|VLO|PSX,0.7572467132831364,0.5076585628087598,0.0109808550699116,0.010982528665490975,0.24891549641880834,0.2513845992294919,-0.009919441923893935,151.76733944897228,183.65084940201507,-0.20133304516380612,-0.15655256083481572
unrestricted,4,SU|IMO|OKE|DVN,0.7413170701236018,0.5095588649384282,0.010981040597076051,0.010961313408942215,0.24891549641880834,0.2343012448808628,0.05871169834021339,151.76733944897228,153.03251691295466,-0.20133304516380612,-0.16863716747846458
unrestricted,4,SLB|IMO|VLO|EQNR,0.7574685903117735,0.5075586991331346,0.010982448533466029,0.010983642425158662,0.24891549641880834,0.2516750427801898,-0.011086277877768058,151.76733944897228,183.26179691616267,-0.20133304516380612,-0.16906992600447357
unrestricted,4,SU|SLB|FANG|CVE,0.7441010788563004,0.5084863918567477,0.01098633853431052,0.01097329170056682,0.24891549641880834,0.23778442156861498,0.04471828797458621,151.76733944897228,168.8781233058444,-0.20133304516380612,-0.20789756152682926
unrestricted,4,HAL|SLB|OKE|E,0.7338665241129579,0.5090102766947522,0.01098680355813486,0.01096744214349933,0.24891549641880834,0.22543243178417313,0.09434151337498164,151.76733944897228,155.85569669247,-0.20133304516380612,-0.1718701624518385
unrestricted,4,OXY|SLB|IMO|PSX,0.7476103325569379,0.5081778516406621,0.010987557337090406,0.01097673531898586,0.24891549641880834,0.24171813493348418,0.02891487910103585,151.76733944897228,171.67502071377635,-0.20133304516380612,-0.15665126270522978
unrestricted,4,SU|VLO|PSX|FANG,0.7515973439507573,0.5065537023826321,0.01098842409038699,0.01099484467270011,0.24891549641880834,0.24598617991152516,0.011768317157540453,151.76733944897228,187.39915942960045,-0.20133304516380612,-0.14748433590426813
unrestricted,4,HAL|SU|IMO|OKE,0.7377335471102725,0.5087857032213858,0.010989389502075812,0.010969950052409132,0.24891549641880834,0.23048918395688156,0.07402637733298822,151.76733944897228,155.47428999944066,-0.20133304516380612,-0.17901258331916914
unrestricted,4,OXY|IMO|VLO|OKE,0.7461337043015314,0.5085433267503828,0.010989960610137458,0.0109726561319081,0.24891549641880834,0.24023053927640828,0.03489118703878258,151.76733944897228,161.93458856703765,-0.20133304516380612,-0.13245858213017636
unrestricted,4,HAL|PSX|OKE|DVN,0.7512653902307381,0.5084131130808709,0.010992790810292856,0.01097410966308231,0.24891549641880834,0.24584646545627492,0.012329609874387581,151.76733944897228,158.4909652467174,-0.20133304516380612,-0.1291766242533463
unrestricted,4,SU|OXY|DVN|FANG,0.766423267451773,0.5079748723876056,0.010994753833131046,0.010979000182114815,0.24891549641880834,0.26076717447297476,-0.04761325921719872,151.76733944897228,164.86551882765616,-0.20133304516380612,-0.210190869227331
unrestricted,4,PSX|EQNR|FANG|CVE,0.793020526989779,0.5056412661150715,0.010994848989139508,0.011005005314046539,0.24891549641880834,0.28382049890706823,-0.14022832242445493,151.76733944897228,190.16703272133702,-0.20133304516380612,-0.16174804437220092
unrestricted,4,EOG|VLO|PSX|DVN,0.7686555626376244,0.5078634265012338,0.010995907202448897,0.010980243507973856,0.24891549641880834,0.2628681436668645,-0.056053750966875926,151.76733944897228,165.02096242374137,-0.20133304516380612,-0.14422972442207516
unrestricted,4,HAL|IMO|PSX|FANG,0.7515085908538812,0.5068846085716394,0.010997016430732117,0.010991157470740923,0.24891549641880834,0.24629708088477947,0.010519294988461825,151.76733944897228,177.0049845461935,-0.20133304516380612,-0.15284967611682998
unrestricted,4,SLB|PSX|OKE|DVN,0.7417733439461452,0.507733275995192,0.011000947444789962,0.010981695330348491,0.24891549641880834,0.2359208902545806,0.05220489021850172,151.76733944897228,156.48292665856493,-0.20133304516380612,-0.12094854846546765
unrestricted,4,IMO|VLO|OKE|FANG,0.7410524721244175,0.5074250273138283,0.01100105539094008,0.010985133063577474,0.24891549641880834,0.23509750752837724,0.05551277075647343,151.76733944897228,164.60105574505408,-0.20133304516380612,-0.12857618883981192
unrestricted,4,IMO|PSX|OKE|CVE,0.7432314065905476,0.5071174374842844,0.011001366974022824,0.010988562376946233,0.24891549641880834,0.23759768884275795,0.04546847319223468,151.76733944897228,169.24858910362474,-0.20133304516380612,-0.13582274579287912
unrestricted,4,IMO|EQNR|OKE|CVE,0.7633675780672465,0.5074589311324567,0.01100219575142751,0.010984755005019314,0.24891549641880834,0.2582091643763263,-0.037336638703606706,151.76733944897228,161.69568327103593,-0.20133304516380612,-0.17597676363237147
unrestricted,4,HAL|SLB|PSX|EQNR,0.7732768132196643,0.5061168455419609,0.011002407474292276,0.010999710562379608,0.24891549641880834,0.2672816414693395,-0.0737846591102933,151.76733944897228,179.97874493433363,-0.20133304516380612,-0.16737016249094272
unrestricted,4,HAL|OXY|OKE|CVE,0.7622866739332921,0.5074951887736207,0.011004155161341402,0.010984350684790601,0.24891549641880834,0.2572673197500182,-0.03355284605164832,151.76733944897228,152.2101645003975,-0.20133304516380612,-0.16916087753008413
unrestricted,4,EOG|VLO|EQNR|CVE,0.7893899061451223,0.5060905227719221,0.011005165296286028,0.011000003687373985,0.24891549641880834,0.2811706654432508,-0.1295828081758803,151.76733944897228,177.703984333752,-0.20133304516380612,-0.14061338528999867
unrestricted,4,OXY|IMO|EQNR|FANG,0.7846495287456433,0.5068729548346422,0.011007397939460057,0.010991287346327776,0.24891549641880834,0.2772910409705698,-0.1139966975138369,151.76733944897228,164.29711261573067,-0.20133304516380612,-0.20271038725172474
unrestricted,4,OXY|EQNR|OKE|DVN,0.7830200890087112,0.5070796753040097,0.011007808641462054,0.010988983313044823,0.24891549641880834,0.2759284625236168,-0.10852263717385546,151.76733944897228,145.6676675611424,-0.20133304516380612,-0.1826560731130612
unrestricted,4,OXY|EQNR|OKE|CVE,0.7828181325741475,0.507031709353239,0.011008480505647166,0.010989517967616677,0.24891549641880834,0.27578022373224637,-0.10792709855330695,151.76733944897228,157.6616395282603,-0.20133304516380612,-0.17884841492417747
unrestricted,4,HAL|PSX|EQNR|CVE,0.7879298758088992,0.5041441229840777,0.011010445722405483,0.011021656797655386,0.24891549641880834,0.2801350357599119,-0.1254222408418304,151.76733944897228,190.96923592995287,-0.20133304516380612,-0.17299481542734563
unrestricted,4,HAL|IMO|VLO|E,0.7413301633891402,0.5045760285724585,0.011013440036075682,0.011016855652371609,0.24891549641880834,0.2360884750177581,0.05153163055573029,151.76733944897228,185.15335015491655,-0.20133304516380612,-0.15564435160667034
unrestricted,4,SU|VLO|PSX|OKE,0.7363007214655106,0.5059373168311907,0.01101394009016558,0.01100170960244814,0.24891549641880834,0.23018873081245717,0.07523342610555184,151.76733944897228,170.03205173495766,-0.20133304516380612,-0.13818568604661574
unrestricted,4,IMO|EQNR|DVN|FANG,0.7836585571210818,0.5060513995941618,0.011014803153496377,0.01100043934066428,0.24891549641880834,0.2767070251545969,-0.1116504562216103,151.76733944897228,167.12322685746238,-0.20133304516380612,-0.19986252685112338
unrestricted,4,HAL|SU|FANG|CVE,0.7561317691099262,0.5057096641474144,0.011015661655411776,0.011004243977495094,0.24891549641880834,0.25180589320690633,-0.011611960001215893,151.76733944897228,171.04822504634743,-0.20133304516380612,-0.21576583208435407
unrestricted,4,SU|OKE|DVN|CVE,0.7459758572842525,0.5060827576056575,0.011019570059347719,0.011000090157188553,0.24891549641880834,0.2415470088860698,0.029602365617047877,151.76733944897228,155.5546152950184,-0.20133304516380612,-0.17063397517597567
unrestricted,4,EOG|EQNR|DVN|FANG,0.8021520531168648,0.506093273847976,0.011019724335874387,0.010999973052318097,0.24891549641880834,0.29191701241376194,-0.17275547972554572,151.76733944897228,149.94087674658903,-0.20133304516380612,-0.1833300876500228
unrestricted,4,EQNR|OKE|FANG|CVE,0.7788707123263835,0.50584687191928,0.011020959176003896,0.011002716562854804,0.24891549641880834,0.27284209958620453,-0.09612339734420927,151.76733944897228,159.8864031470741,-0.20133304516380612,-0.17377643212730975
unrestricted,4,HAL|EOG|VLO|DVN,0.767607038937774,0.5052666684184458,0.01102353515452042,0.011009174016563717,0.24891549641880834,0.2629801112021538,-0.05650357244002713,151.76733944897228,167.15671539244403,-0.20133304516380612,-0.12163029515857982
unrestricted,4,IMO|VLO|PSX|E,0.7363845047980752,0.5028308587163867,0.011028140303107937,0.011036242464206147,0.24891549641880834,0.23112286226395298,0.07148062057542082,151.76733944897228,188.7801759925912,-0.20133304516380612,-0.1340351772743117
unrestricted,4,IMO|PSX|EQNR|CVE,0.772914589613966,0.5026626867827655,0.011028685491092781,0.011038108860525373,0.24891549641880834,0.2679310607851403,-0.0763936542317063,151.76733944897228,189.74798524174793,-0.20133304516380612,-0.16565771662481088
unrestricted,4,HAL|SU|OXY|IMO,0.7541755605822953,0.5046647694389099,0.01103057622715875,0.011015868932758022,0.24891549641880834,0.2505262303023207,-0.006471006854479766,151.76733944897228,166.66367752524337,-0.20133304516380612,-0.21242336239522597
unrestricted,4,EOG|OXY|VLO|FANG,0.773037632397431,0.5045848491874089,0.011032966985330125,0.0110167575789236,0.24891549641880834,0.26819688279609566,-0.07746157493081807,151.76733944897228,164.21895215455064,-0.20133304516380612,-0.13407329062260953
unrestricted,4,SLB|IMO|OKE|FANG,0.7323835534843584,0.5044600325178001,0.011037959008908318,0.011018145292227492,0.24891549641880834,0.22677365878885286,0.08895323090974261,151.76733944897228,150.28441775261066,-0.20133304516380612,-0.16179453160238544
unrestricted,4,HAL|VLO|EQNR|OKE,0.7638983625887319,0.5027264868627508,0.011050681355293853,0.011037400835211132,0.24891549641880834,0.2606461754038055,-0.047127154210037325,151.76733944897228,168.77172777633112,-0.20133304516380612,-0.14707844096151834
unrestricted,4,OXY|IMO|OKE|CVE,0.7496952718900761,0.5033138879648646,0.011050767141967665,0.011030879979999242,0.24891549641880834,0.2469328887948682,0.007964982704830703,151.76733944897228,152.26255916063172,-0.20133304516380612,-0.1639433961704675
unrestricted,4,VLO|PSX|CVE|E,0.7510240650182525,0.4984926471513377,0.01105325556108563,0.011084288049827222,0.24891549641880834,0.248392110247612,0.0021026660803621366,151.76733944897228,203.85387254318204,-0.20133304516380612,-0.14102616963777492
unrestricted,4,SU|OXY|SLB|IMO,0.7422189875123331,0.5024257002251981,0.011056791812584933,0.011040738435867404,0.24891549641880834,0.23935048249711752,0.03842675148516017,151.76733944897228,164.58174467073522,-0.20133304516380612,-0.20620760237438307
unrestricted,4,HAL|SU|PSX|CVE,0.7486404695227727,0.5004722543774405,0.011057645816090493,0.01106238983341986,0.24891549641880834,0.24617428163336705,0.011012632097557762,151.76733944897228,186.3329616531129,-0.20133304516380612,-0.17049749750970333
unrestricted,4,HAL|SU|SLB|PSX,0.7398062105322927,0.5010104578340706,0.011057676842463693,0.01105642878214629,0.24891549641880834,0.23672882057285335,0.0489590886115443,151.76733944897228,181.42432514927947,-0.20133304516380612,-0.16844648082527236
unrestricted,4,OXY|PSX|EQNR|CVE,0.7951316621222532,0.500092625347635,0.011060092301212398,0.011066592609702212,0.24891549641880834,0.28758495682198415,-0.1553517597719718,151.76733944897228,187.68570973271267,-0.20133304516380612,-0.16861108025305782
unrestricted,4,SU|SLB|IMO|E,0.7281452835702652,0.5015176606254881,0.01106194825373844,0.011050808146009675,0.24891549641880834,0.2228138199602798,0.10486159694377417,151.76733944897228,171.527081623754,-0.20133304516380612,-0.2011439803768842
unrestricted,4,EOG|OXY|EQNR|DVN,0.8041128178395024,0.5022148365326626,0.011062693847756476,0.011043077628503241,0.24891549641880834,0.2947295079716647,-0.18405447716992596,151.76733944897228,148.37921874579405,-0.20133304516380612,-0.2017186258867032
unrestricted,4,SU|OXY|EQNR|FANG,0.783981593048402,0.5016326419574269,0.011063391236187846,0.011049533567333703,0.24891549641880834,0.2786147167822246,-0.11931446933077394,151.76733944897228,168.01548232969012,-0.20133304516380612,-0.21804933289837858
unrestricted,4,EOG|OXY|DVN|CVE,0.7904705391169367,0.5020601791530654,0.011064640990409729,0.011044792987796627,0.24891549641880834,0.2839792874657238,-0.14086624397188796,151.76733944897228,153.4398103211715,-0.20133304516380612,-0.15511456423653458
unrestricted,4,HAL|VLO|EQNR|E,0.7583023855595787,0.4993622675181969,0.011067693564795983,0.011074673729315523,0.24891549641880834,0.2561126952051677,-0.028914225469714783,151.76733944897228,188.07115239652128,-0.20133304516380612,-0.16169379803929385
unrestricted,4,HAL|IMO|OKE|DVN,0.7411248072795646,0.5016996249079746,0.011068701418500387,0.011048790987367834,0.24891549641880834,0.2387644184900497,0.040781221236941834,151.76733944897228,150.99504567045372,-0.20133304516380612,-0.1668825712335552
unrestricted,4,SU|OXY|IMO|FANG,0.7547765492879319,0.5011469480010133,0.011070641103710857,0.011054916528989024,0.24891549641880834,0.25286173795769007,-0.015853739906341868,151.76733944897228,165.1909786071987,-0.20133304516380612,-0.20258897882542026
unrestricted,4,HAL|VLO|PSX|E,0.7423940441806346,0.4988532796084384,0.011074164233969803,0.011080301993698851,0.24891549641880834,0.24041911608677988,0.03413359334500021,151.76733944897228,187.455368987732,-0.20133304516380612,-0.14276102835017457
unrestricted,4,VLO|PSX|EQNR|E,0.7578616570049757,0.4981257024655984,0.01107437532639554,0.011088342404011808,0.24891549641880834,0.25597240866027354,-0.0283506344241089,151.76733944897228,193.10170589145955,-0.20133304516380612,-0.1391248093879659
unrestricted,4,OXY|SLB|PSX|FANG,0.7562085679407748,0.5003930049996268,0.011074994214862587,0.011063267314951724,0.24891549641880834,0.25442537197031334,-0.022135526436789066,151.76733944897228,170.85496988542351,-0.20133304516380612,-0.1455245975474062
unrestricted,4,SLB|IMO|VLO|E,0.7292430592639112,0.4989302816444221,0.011078071959765137,0.0110794507074839,0.24891549641880834,0.22530249732541002,0.09486351566343898,151.76733944897228,183.70685459285383,-0.20133304516380612,-0.14885999856744547
unrestricted,4,SU|SLB|VLO|DVN,0.7407190429259645,0.4984351433236487,0.011080267918784973,0.01108492350483743,0.24891549641880834,0.23891431845940478,0.04017900895401161,151.76733944897228,186.33491215388926,-0.20133304516380612,-0.16224333034697158
unrestricted,4,IMO|VLO|EQNR|FANG,0.770787427200398,0.49863295125562923,0.011080403232601994,0.011082737444553483,0.24891549641880834,0.2679600722006609,-0.07651020549483789,151.76733944897228,184.49400987131568,-0.20133304516380612,-0.15623000922795705
unrestricted,4,HAL|SU|IMO|PSX,0.7421022359233878,0.4989655620566079,0.0110810094399567,0.011079060647523889,0.24891549641880834,0.24044865600492973,0.034014918860788335,151.76733944897228,180.8813938643279,-0.20133304516380612,-0.168080776039912
unrestricted,4,HAL|SU|IMO|FANG,0.7470857843560055,0.49990805844321096,0.011081531477928917,0.01106863532636584,0.24891549641880834,0.2456968124396706,0.012930830042506503,151.76733944897228,169.38540280070842,-0.20133304516380612,-0.2070238163439716
unrestricted,4,EOG|EQNR|FANG|CVE,0.8006842942389962,0.5002836531451141,0.011082626642042102,0.011064477989160505,0.24891549641880834,0.29265397821023365,-0.1757161864998309,151.76733944897228,160.4306516939382,-0.20133304516380612,-0.17457895849166738
unrestricted,4,HAL|SLB|EQNR|FANG,0.7826030279172408,0.5000004628839789,0.011083150109471338,0.01106761267610566,0.24891549641880834,0.27813046545639447,-0.11736902466060606,151.76733944897228,165.54434330601043,-0.20133304516380612,-0.21157959854922936
unrestricted,4,SU|IMO|EQNR|DVN,0.7726691996801812,0.49928770089292285,0.011086471979571428,0.011075498447715016,0.24891549641880834,0.26982085068279005,-0.08398574843571716,151.76733944897228,171.80154896183194,-0.20133304516380612,-0.2130269680085367
unrestricted,4,HAL|SU|VLO|EQNR,0.7676438762328275,0.49756854706921827,0.011086664924404976,0.01109449555449453,0.24891549641880834,0.26541831969101365,-0.06629889866092853,151.76733944897228,188.76609791625495,-0.20133304516380612,-0.1859644815602205
unrestricted,4,SU|SLB|PSX|CVE,0.7378408795351703,0.49790015999002935,0.011088030267918565,0.011090833676523384,0.24891549641880834,0.23613930529074809,0.051327423611119416,151.76733944897228,184.89568792797292,-0.20133304516380612,-0.16557220626940283
unrestricted,4,HAL|SU|EQNR|CVE,0.7757152863172426,0.4986986566844164,0.011088435848949115,0.011082011210273326,0.24891549641880834,0.27251134906791863,-0.0947946310639074,151.76733944897228,176.72154256027736,-0.20133304516380612,-0.22934484776702324
unrestricted,4,HAL|VLO|CVE|E,0.7487597187962983,0.49638558865431526,0.011088833980892651,0.011107548689086566,0.24891549641880834,0.24773162896155917,0.004756101867025797,151.76733944897228,196.33289551684715,-0.20133304516380612,-0.15627995202387535
unrestricted,4,SU|VLO|PSX|EQNR,0.7647218944037854,0.4971479782811331,0.011088920012441876,0.011099138001232951,0.24891549641880834,0.2628879714849962,-0.0561334077918505,151.76733944897228,190.51624401864422,-0.20133304516380612,-0.16972081637189163
unrestricted,4,SU|SLB|IMO|OKE,0.7251850754641136,0.499698200248897,0.011090765699144432,0.011070957499542539,0.24891549641880834,0.22078567371349297,0.11300952777156958,151.76733944897228,154.27696998946854,-0.20133304516380612,-0.1740128701704109
unrestricted,4,HAL|OXY|OKE|FANG,0.75494100905005,0.49927079863052926,0.011092715680301657,0.01107568538081158,0.24891549641880834,0.2539610056949464,-0.020269968518347392,151.76733944897228,141.37638879606834,-0.20133304516380612,-0.16118787820693903
unrestricted,4,SU|OXY|FANG|CVE,0.764301639703604,0.49891338570631916,0.011093613751699077,0.011079637503979951,0.24891549641880834,0.2626897263575678,-0.05533697233371071,151.76733944897228,167.94792204651574,-0.20133304516380612,-0.21153429916347133
unrestricted,4,EQNR|OKE|DVN|CVE,0.7797883199737475,0.4991324915824723,0.011095414666772323,0.01107721488975814,0.24891549641880834,0.2761970786273276,-0.10960178293848433,151.76733944897228,160.36603822545715,-0.20133304516380612,-0.17513558430564446
unrestricted,4,EOG|OXY|EQNR|CVE,0.8030523657087814,0.4990939017484186,0.011096253642389732,0.011077641609044014,0.24891549641880834,0.2948970385902635,-0.18472751931076936,151.76733944897228,159.2795396046852,-0.20133304516380612,-0.18246872157076077
unrestricted,4,IMO|PSX|FANG|CVE,0.7513589535733445,0.4971411809603371,0.011098725776697958,0.011099213017483598,0.24891549641880834,0.2507522426084594,-0.007378994944375439,151.76733944897228,183.02931134501307,-0.20133304516380612,-0.14204361608845306
unrestricted,4,SU|VLO|EQNR|FANG,0.7705551807751323,0.49655226347655446,0.011099033772959108,0.011105710475300175,0.24891549641880834,0.2684388174675485,-0.07843352997151909,151.76733944897228,187.94209220706708,-0.20133304516380612,-0.17103892363042072
unrestricted,4,OXY|SLB|PSX|CVE,0.7603544585545119,0.49716466746823906,0.011099129388084376,0.01109895381471307,0.24891549641880834,0.2593067788616444,-0.04174622549554874,151.76733944897228,182.4712360156434,-0.20133304516380612,-0.15083436724089905
unrestricted,4,SU|VLO|CVE|E,0.740734454734461,0.4952448326183585,0.011099439704804231,0.011120121637407285,0.24891549641880834,0.2399046082295206,0.03620059144138876,151.76733944897228,197.6460831914386,-0.20133304516380612,-0.15879844435808843
unrestricted,4,SLB|OKE|FANG|CVE,0.7412334445932006,0.49871667893152427,0.011101707428519493,0.011081812004204727,0.24891549641880834,0.24055317991800088,0.033595001601417374,151.76733944897228,153.65987908596603,-0.20133304516380612,-0.15904621718277645
unrestricted,4,EOG|OXY|VLO|CVE,0.7748229626421168,0.49765854443909263,0.01110212438393833,0.011093501866568727,0.24891549641880834,0.27223143194286814,-0.0936700842635767,151.76733944897228,174.49577216642624,-0.20133304516380612,-0.12873902493633937
unrestricted,4,VLO|PSX|EQNR|OKE,0.7604176187153912,0.4975819046496609,0.011106968650651824,0.01109434807507125,0.24891549641880834,0.25967723701521417,-0.04323451432810299,151.76733944897228,169.82705549961918,-0.20133304516380612,-0.13461971359653857
unrestricted,4,HAL|EQNR|CVE|E,0.7681424747553462,0.496488373796356,0.011107205289037128,0.011106415134125382,0.24891549641880834,0.26662629523908665,-0.07115185303882932,151.76733944897228,181.97029786529689,-0.20133304516380612,-0.21139399829218952
unrestricted,4,SU|IMO|VLO|E,0.7328157910718851,0.4955114979881402,0.01110774818742923,0.011117183833797633,0.24891549641880834,0.23146505028129902,0.0701059049700481,151.76733944897228,190.01190201775745,-0.20133304516380612,-0.15579857685920628
unrestricted,4,SLB|IMO|PSX|OKE,0.7269965075582459,0.497906874121434,0.011108828607148341,0.011090759522383413,0.24891549641880834,0.22439086752394738,0.09852592244235958,151.76733944897228,160.74972770759317,-0.20133304516380612,-0.13594523463665165
unrestricted,4,PSX|EQNR|DVN|CVE,0.7939541563147936,0.49492496447117884,0.011110690881628653,0.01112364454275925,0.24891549641880834,0.2882170038463911,-0.1578909629694436,151.76733944897228,192.5216816814008,-0.20133304516380612,-0.16329846981015805
unrestricted,4,EQNR|FANG|CVE|E,0.7726587236365028,0.496430993393007,0.011110998711536537,0.011107047962039924,0.24891549641880834,0.27069208114331184,-0.08748585378494744,151.76733944897228,179.16189358136577,-0.20133304516380612,-0.19745158764260395
unrestricted,4,SLB|IMO|EQNR|CVE,0.7594275933661606,0.49665148101222123,0.011113684853505428,0.011104616086112162,0.24891549641880834,0.25903464300573703,-0.04065293938109393,151.76733944897228,174.048347653873,-0.20133304516380612,-0.20978904468078263
unrestricted,4,EOG|DVN|FANG|CVE,0.7851164747055198,0.4975730805504337,0.01111425268395802,0.01109444550109883,0.24891549641880834,0.281228304994042,-0.12981437090146586,151.76733944897228,154.60765600422266,-0.20133304516380612,-0.14741342938028035
unrestricted,4,IMO|OKE|FANG|CVE,0.7416349813008671,0.4974562316703447,0.011115595818738593,0.011095735537636037,0.24891549641880834,0.2416667325084605,0.02912138462505187,151.76733944897228,154.2196099018738,-0.20133304516380612,-0.15680909028530188
unrestricted,4,SU|EQNR|DVN|FANG,0.7809833142865331,0.49656453395329203,0.011117249261406448,0.011105575135340828,0.24891549641880834,0.27793017598788017,-0.1165643762100439,151.76733944897228,171.05220454608462,-0.20133304516380612,-0.21677936566821965
unrestricted,4,SLB|IMO|PSX|FANG,0.7376438618266921,0.4959917189530524,0.011120458094720115,0.011111891368453588,0.24891549641880834,0.23762530846015667,0.04535751337737348,151.76733944897228,174.61098252764646,-0.20133304516380612,-0.1498407008219118
unrestricted,4,OXY|IMO|PSX|CVE,0.756843931713765,0.4953009024981596,0.011121769017247412,0.011119503990238857,0.24891549641880834,0.2569668604525792,-0.03234577255979354,151.76733944897228,180.7242921491053,-0.20133304516380612,-0.15142908290545642
unrestricted,4,IMO|VLO|EQNR|E,0.7484666208353553,0.494100509289516,0.01112319941129779,0.011132719636813247,0.24891549641880834,0.24899025698290528,-0.0003003451579854932,151.76733944897228,190.12320999233575,-0.20133304516380612,-0.15390603667301617
unrestricted,4,HAL|SU|OXY|VLO,0.7536696180384582,0.49447524031161005,0.011126706974801021,0.011128595746294675,0.24891549641880834,0.25418354776997387,-0.021164015205794362,151.76733944897228,184.27443107310745,-0.20133304516380612,-0.16913595232560186
unrestricted,4,SU|IMO|EQNR|E,0.7470112163379903,0.4950701587763112,0.011130070624992511,0.011122045566551985,0.24891549641880834,0.24785491454936145,0.00426081093666586,151.76733944897228,175.21353568399323,-0.20133304516380612,-0.20735051198212728
unrestricted,4,IMO|VLO|OKE|DVN,0.7383418997287338,0.4957123726722765,0.011131042129015611,0.011114970321375019,0.24891549641880834,0.2389275677707109,0.040125780804311284,151.76733944897228,164.82546920325706,-0.20133304516380612,-0.13256297108764292
unrestricted,4,HAL|OXY|IMO|FANG,0.7573076461595218,0.49568534248248375,0.011132573153675017,0.011115268202698302,0.24891549641880834,0.25783709340942296,-0.03584187051015797,151.76733944897228,162.5363757910003,-0.20133304516380612,-0.2004725376185058
unrestricted,4,HAL|SLB|IMO|EQNR,0.7577815155078772,0.49493510759215265,0.011136770537970348,0.01112353284743598,0.24891549641880834,0.2584440007031451,-0.03828007665824362,151.76733944897228,169.1089319358268,-0.20133304516380612,-0.2114041549202368
unrestricted,4,SU|OXY|IMO|EQNR,0.7712668999001914,0.4949502290167196,0.011137090041128044,0.01112336632930692,0.24891549641880834,0.27042942601129255,-0.08643065579286535,151.76733944897228,168.4461590618736,-0.20133304516380612,-0.2159205146739731
unrestricted,4,OXY|VLO|OKE|FANG,0.7500160080175994,0.49527494179788467,0.011138657320007107,0.01111978996895337,0.24891549641880834,0.2511888198458235,-0.00913291241293468,151.76733944897228,158.7710883936555,-0.20133304516380612,-0.12564780102763262
unrestricted,4,OXY|VLO|PSX|OKE,0.74806622666923,0.4951746117875617,0.011139399219332925,0.011120895118368062,0.24891549641880834,0.24931792692832633,-0.0016167354596552386,151.76733944897228,159.80349201734685,-0.20133304516380612,-0.14123699862816919
unrestricted,4,SU|OXY|VLO|FANG,0.7547191551979868,0.4932319851646131,0.01113996436553679,0.011142271819989853,0.24891549641880834,0.2557276341944688,-0.02736727071503342,151.76733944897228,184.65591102064053,-0.20133304516380612,-0.15569934581157563
unrestricted,4,OXY|PSX|DVN|FANG,0.7734995366594017,0.4942305207024471,0.011140362556812116,0.011131289042753477,0.24891549641880834,0.27245053742505704,-0.09455032468790225,151.76733944897228,174.1241494046714,-0.20133304516380612,-0.15732258695119028
unrestricted,4,OXY|SLB|OKE|DVN,0.7414291552387104,0.4948352691517497,0.011141403990114302,0.011124632212399987,0.24891549641880834,0.24270769065343353,0.02493941058185456,151.76733944897228,140.7801844513329,-0.20133304516380612,-0.15862844537613507
unrestricted,4,HAL|SU|SLB|DVN,0.7413879985346763,0.49447584316779913,0.011141814814726309,0.011128589110670316,0.24891549641880834,0.24268476911014564,0.025031496223840155,151.76733944897228,169.14136881908152,-0.20133304516380612,-0.2161737113433475
unrestricted,4,HAL|IMO|CVE|E,0.7410617849746663,0.4937303946886623,0.011143423140284974,0.011136791224965725,0.24891549641880834,0.24242329150764375,0.02608196357627024,151.76733944897228,176.6799745758841,-0.20133304516380612,-0.2001828438646156
unrestricted,4,EQNR|DVN|CVE|E,0.777619375357139,0.4931977903210786,0.01114407197064946,0.011142647733428851,0.24891549641880834,0.2760424233494488,-0.10898046654756488,151.76733944897228,181.5324990183703,-0.20133304516380612,-0.20162396217747347
unrestricted,4,SLB|VLO|PSX|E,0.7283480841467332,0.492667096666201,0.011144244377203726,0.011148480171728937,0.24891549641880834,0.22827219492610112,0.08293297038435166,151.76733944897228,186.20666261180335,-0.20133304516380612,-0.13303629452623078
unrestricted,4,EOG|OXY|VLO|DVN,0.7705787350557032,0.4942436620256878,0.01114768991403892,0.01113114443060942,0.24891549641880834,0.2702185110426978,-0.08558332016439207,151.76733944897228,164.05317386712127,-0.20133304516380612,-0.13711225037105013
unrestricted,4,EOG|EQNR|DVN|CVE,0.8007333919948604,0.4940868758209832,0.011151071425062524,0.011132869643448054,0.24891549641880834,0.29472362921006656,-0.1840308596704825,151.76733944897228,160.63030376334802,-0.20133304516380612,-0.17466773380660994
unrestricted,4,OXY|OKE|FANG|CVE,0.760324609080878,0.49414028970321344,0.011152350231245188,0.011132281928427348,0.24891549641880834,0.2613787414001701,-0.050070185105679066,151.76733944897228,151.20699928468215,-0.20133304516380612,-0.1573070871547808
unrestricted,4,SLB|VLO|OKE|FANG,0.7323374352512187,0.4938131612395602,0.01115399896670226,0.011135880848889447,0.24891549641880834,0.23350064333508974,0.061928057133825876,151.76733944897228,160.84571867328742,-0.20133304516380612,-0.11568730449114539
unrestricted,4,OXY|PSX|FANG|CVE,0.7756357154305455,0.49160699748122827,0.011154194115696266,0.011160121765704085,0.24891549641880834,0.2747321544189449,-0.10371655590578088,151.76733944897228,187.5476066552001,-0.20133304516380612,-0.14593271040397437
unrestricted,4,SU|VLO|PSX|DVN,0.7480795455654761,0.49121717165478884,0.011156087100111031,0.011164399627533609,0.24891549641880834,0.2500693898716495,-0.004635683472674179,151.76733944897228,189.3447638701668,-0.20133304516380612,-0.14906019845854124
unrestricted,4,EOG|VLO|DVN|FANG,0.7666455415077734,0.49314889155736685,0.011158811922500803,0.01114318526912437,0.24891549641880834,0.2672233886501241,-0.07355063262317807,151.76733944897228,165.67002151901596,-0.20133304516380612,-0.12833512257147484
unrestricted,4,HAL|OXY|PSX|FANG,0.7667766531423996,0.49225193285014435,0.01116222874187509,0.011153040785709977,0.24891549641880834,0.26746306584821167,-0.0745135184279424,151.76733944897228,174.06555912756212,-0.20133304516380612,-0.14839358906684608
unrestricted,4,OXY|IMO|EQNR|DVN,0.7839493432035711,0.4920491638924932,0.011171507496344539,0.011155267544278683,0.24891549641880834,0.2821419048440252,-0.1334846922078019,151.76733944897228,164.68546160732674,-0.20133304516380612,-0.21096710586576795
unrestricted,4,SLB|IMO|OKE|DVN,0.7284180558017419,0.4923779291974689,0.011171697281177536,0.011151656900985345,0.24891549641880834,0.2299700395398122,0.0761120024729991,151.76733944897228,150.10113222448288,-0.20133304516380612,-0.1626772988591878
unrestricted,4,VLO|EQNR|OKE|CVE,0.7662445055840712,0.4908635450787635,0.011172377599648979,0.011168278829442994,0.24891549641880834,0.26737351377564866,-0.07415374945473108,151.76733944897228,179.20894879053847,-0.20133304516380612,-0.14872566122842956
unrestricted,4,HAL|OXY|SLB|EQNR,0.7840101843083653,0.491986561760257,0.011173317676015091,0.011155954935625323,0.24891549641880834,0.2822495442772403,-0.13391712584397064,151.76733944897228,162.588453774004,-0.20133304516380612,-0.2189968847264815
unrestricted,4,SU|SLB|DVN|CVE,0.7394888624290582,0.4914175569893534,0.011174245003693333,0.011162200848257676,0.24891549641880834,0.24228186199599333,0.026650146408135678,151.76733944897228,170.77306239124326,-0.20133304516380612,-0.2137888756159254
unrestricted,4,SU|SLB|IMO|FANG,0.732538045121494,0.49154351139875596,0.0111753945844554,0.0111608185596112,0.24891549641880834,0.23488640409530592,0.05636086352734748,151.76733944897228,167.35411310424973,-0.20133304516380612,-0.20165142910688483
unrestricted,4,HAL|SU|DVN|CVE,0.7532129480181617,0.4907232115728407,0.011179197401792918,0.011169817882210888,0.24891549641880834,0.25593912461813273,-0.028216918192617957,151.76733944897228,173.90673331706213,-0.20133304516380612,-0.22126084789188827
unrestricted,4,VLO|PSX|OKE|FANG,0.7407677778048892,0.4911056444159454,0.01118278176196085,0.011165623201097109,0.24891549641880834,0.24400388725183553,0.019732034516279695,151.76733944897228,163.0355421792865,-0.20133304516380612,-0.1246223225275187
unrestricted,4,SLB|VLO|PSX|EQNR,0.7622465664837786,0.48868621151280356,0.011188517262428178,0.011192134050822216,0.24891549641880834,0.26447810721028375,-0.06252166303575901,151.76733944897228,185.85618712347394,-0.20133304516380612,-0.1555652306986406
unrestricted,4,HAL|IMO|PSX|DVN,0.746074211774428,0.48941384162248014,0.011189395980748829,0.011184167677502412,0.24891549641880834,0.2495852485393228,-0.0026906806934494654,151.76733944897228,178.19286595492682,-0.20133304516380612,-0.15322887206329916
unrestricted,4,EOG|VLO|FANG|CVE,0.7684259267655852,0.48897340837052283,0.011195848984348273,0.011188990387096013,0.24891549641880834,0.27010163843216933,-0.08511379290630683,151.76733944897228,176.6100344711824,-0.20133304516380612,-0.12122600465995081
unrestricted,4,SLB|VLO|EQNR|CVE,0.7724329196316189,0.48650123038973214,0.011195924016281819,0.011216022055194057,0.24891549641880834,0.2734918630607853,-0.09873377509862413,151.76733944897228,197.60647675529285,-0.20133304516380612,-0.1746858909473158
unrestricted,4,HAL|SLB|EQNR|E,0.7504632066718857,0.48920403559056036,0.011198566313771289,0.011186465296425141,0.24891549641880834,0.25417269581736435,-0.02112041827122968,151.76733944897228,170.77861523279205,-0.20133304516380612,-0.20726964625181576
unrestricted,4,HAL|SU|VLO|FANG,0.7457065929007121,0.4873756864026316,0.011200012844309324,0.011206467896904678,0.24891549641880834,0.24969633871122202,-0.003136977422650622,151.76733944897228,188.09406647548934,-0.20133304516380612,-0.16472792221093313
unrestricted,4,OXY|EQNR|CVE|E,0.7750559081842059,0.48839702756683323,0.011201310629596603,0.011195298573334256,0.24891549641880834,0.27586197369113424,-0.10825552309924324,151.76733944897228,177.46813315719845,-0.20133304516380612,-0.20514212456869463
unrestricted,4,HAL|SLB|EQNR|DVN,0.7837447898254976,0.48861405210742015,0.011208330209765808,0.011192923770622866,0.24891549641880834,0.28316363294535013,-0.1375894109417688,151.76733944897228,166.19926638327638,-0.20133304516380612,-0.21578774011271717
unrestricted,4,SU|OXY|VLO|EQNR,0.7705969664622714,0.48668300718171564,0.011211143140325125,0.011214036662926566,0.24891549641880834,0.2724814671619461,-0.09467458266835771,151.76733944897228,185.34889814117042,-0.20133304516380612,-0.1758208950085033
unrestricted,4,SU|OXY|EQNR|DVN,0.7822235261916737,0.48816951161523514,0.011211591584469934,0.011197787638122842,0.24891549641880834,0.2820485818336121,-0.13310977376457211,151.76733944897228,168.57976410309467,-0.20133304516380612,-0.2253215242606853
unrestricted,4,HAL|OKE|FANG|CVE,0.7496866165862489,0.48866557723293014,0.011212319231898197,0.011192359880148252,0.24891549641880834,0.2540201077376972,-0.020507406699582065,151.76733944897228,154.7903553476136,-0.20133304516380612,-0.162654926159169
unrestricted,4,OXY|VLO|OKE|CVE,0.7524595108196949,0.48780777005901754,0.011214033825256226,0.01120174401601705,0.24891549641880834,0.25666796218931437,-0.03114497040980635,151.76733944897228,170.59012687923024,-0.20133304516380612,-0.12920006352770763
unrestricted,4,SLB|OKE|DVN|CVE,0.7389635955866897,0.4883387364854844,0.011216012959687122,0.011195936340809697,0.24891549641880834,0.24374037885612868,0.02079066043350053,151.76733944897228,153.9163220167908,-0.20133304516380612,-0.16019582294475
unrestricted,4,SU|IMO|DVN|FANG,0.7454733952506479,0.4871431871522057,0.011222927017459703,0.011209008939101792,0.24891549641880834,0.25047502247713055,-0.006265283121217324,151.76733944897228,168.45805783965545,-0.20133304516380612,-0.19882837134155784
unrestricted,4,IMO|VLO|EQNR|DVN,0.7703324393284071,0.4850052288019311,0.011228484682679767,0.011232348271199516,0.24891549641880834,0.2728656439403271,-0.09621798508366819,151.76733944897228,186.17609426043848,-0.20133304516380612,-0.1616347851194061
unrestricted,4,HAL|OXY|PSX|CVE,0.7689154254752298,0.4843178499313089,0.011236305486669122,0.011239841846568508,0.24891549641880834,0.27195089308900255,-0.09254303971270805,151.76733944897228,185.94091114454508,-0.20133304516380612,-0.15399590089389192
unrestricted,4,SU|VLO|EQNR|DVN,0.7689077120319409,0.4836361297996147,0.011238741627241127,0.011247268801085694,0.24891549641880834,0.272030010456107,-0.09286088801159953,151.76733944897228,189.76845930507324,-0.20133304516380612,-0.17501574555638888
unrestricted,4,IMO|OKE|DVN|CVE,0.7399273470499542,0.48605010334181864,0.011240990627289586,0.011220947811974151,0.24891549641880834,0.24587061438088223,0.012232593316741536,151.76733944897228,154.56965780886222,-0.20133304516380612,-0.15796100641417077
unrestricted,4,SU|VLO|OKE|CVE,0.7324482808439373,0.4849850103144222,0.011241671012526041,0.011232568757772376,0.24891549641880834,0.23824063417974156,0.0428854868123838,151.76733944897228,174.40050979276322,-0.20133304516380612,-0.14541077282429726
unrestricted,4,SU|SLB|IMO|PSX,0.7263111684150733,0.48436725065228925,0.011243870997875754,0.011239303463002741,0.24891549641880834,0.23163443360735092,0.0694254197110391,151.76733944897228,178.98497313041008,-0.20133304516380612,-0.16337495600651175
unrestricted,4,IMO|VLO|PSX|FANG,0.7421282504955452,0.48377822088308575,0.01124608276386409,0.011245721203877873,0.24891549641880834,0.24826276534450453,0.0026222998716221024,151.76733944897228,182.7602035750776,-0.20133304516380612,-0.1317192827137902
unrestricted,4,SLB|VLO|OKE|CVE,0.7331310027891288,0.4846491814038989,0.011246641036514,0.01123623040516178,0.24891549641880834,0.23921096035293987,0.03898727160618509,151.76733944897228,172.9525004641261,-0.20133304516380612,-0.13148449631155634
unrestricted,4,OXY|IMO|DVN|FANG,0.7584393212763446,0.4851089421064416,0.0112497174788067,0.011231217189216889,0.24891549641880834,0.26344564509695495,-0.05837382118507861,151.76733944897228,160.37005055400707,-0.20133304516380612,-0.1893651612195446
unrestricted,4,SU|DVN|FANG|CVE,0.7551963023062402,0.48378836696275596,0.011256378084481272,0.011245610688835162,0.24891549641880834,0.26083267756053774,-0.04787641313290658,151.76733944897228,172.56920169662914,-0.20133304516380612,-0.20803036415767273
unrestricted,4,OXY|SLB|IMO|FANG,0.7396827412017356,0.4844534151767762,0.011256793684278208,0.011238364354984227,0.24891549641880834,0.2463517538824724,0.0102996501753444,151.76733944897228,160.58188491933328,-0.20133304516380612,-0.19403168436189921
unrestricted,4,SU|IMO|VLO|OKE,0.7243265990771143,0.48339975673034363,0.011263257419049927,0.01124984280695908,0.24891549641880834,0.23046312182860668,0.07413108004796509,151.76733944897228,169.28108489527182,-0.20133304516380612,-0.1455680357802258
unrestricted,4,HAL|OXY|OKE|DVN,0.750365725668399,0.483700425469191,0.011263608089182866,0.011246568545672212,0.24891549641880834,0.2567628224252546,-0.031526064545386534,151.76733944897228,140.7999856354931,-0.20133304516380612,-0.1623137802863912
unrestricted,4,HAL|OXY|VLO|OKE,0.7441900263682735,0.4833396799566897,0.011269037542485781,0.01125049692454874,0.24891549641880834,0.2512470710917973,-0.009366932579665477,151.76733944897228,160.36360739742003,-0.20133304516380612,-0.1264032586744469
unrestricted,4,VLO|PSX|EQNR|FANG,0.7804926699342871,0.4808064107484543,0.011274362694544906,0.011278044702102603,0.24891549641880834,0.2826880080023704,-0.13567862214065896,151.76733944897228,186.1751203187609,-0.20133304516380612,-0.14029526649008872
unrestricted,4,SU|OXY|IMO|DVN,0.7493225526158646,0.48234131492540455,0.011277240089947366,0.011261361588860595,0.24891549641880834,0.256363728471898,-0.02992273345873886,151.76733944897228,165.68346526074734,-0.20133304516380612,-0.20606623866601526
unrestricted,4,SU|EQNR|CVE|E,0.7536078494739559,0.48067494245981734,0.011279155848346887,0.011279472504195542,0.24891549641880834,0.2603058014303456,-0.0457597263947469,151.76733944897228,183.43711159976357,-0.20133304516380612,-0.21266173210256745
unrestricted,4,IMO|PSX|DVN|CVE,0.748913944069163,0.4803030865785416,0.011280842694062614,0.011283510040581465,0.24891549641880834,0.2561369802586382,-0.029011788915220604,151.76733944897228,185.38250681249636,-0.20133304516380612,-0.14351623408549496
unrestricted,4,HAL|SU|IMO|DVN,0.7406015283097092,0.4814539451145221,0.01128358674107977,0.01127100956132251,0.24891549641880834,0.24845207835352665,0.0018617485530189049,151.76733944897228,170.44538644803364,-0.20133304516380612,-0.21133458771912506
unrestricted,4,OXY|OKE|DVN|CVE,0.7576497062932738,0.48171603753621306,0.01128848194102707,0.011268160808035794,0.24891549641880834,0.26422053160434816,-0.06148687167225875,151.76733944897228,151.68165556390662,-0.20133304516380612,-0.15840770811953642
unrestricted,4,OXY|OKE|DVN|FANG,0.7525049212800622,0.4811298668313011,0.011288797739575605,0.01127453106038979,0.24891549641880834,0.259699881273331,-0.043325485996972946,151.76733944897228,136.9530425839691,-0.20133304516380612,-0.15167833108541962
unrestricted,4,EOG|VLO|DVN|CVE,0.7664220948160626,0.4804191304795362,0.011288872932751439,0.0112822502143348,0.24891549641880834,0.27170926883663593,-0.09157233175822976,151.76733944897228,177.12668911707564,-0.20133304516380612,-0.12296087218284091
unrestricted,4,SLB|VLO|OKE|DVN,0.729506995080957,0.48137918510908395,0.011290175094281325,0.011271822016030913,0.24891549641880834,0.23758875443476118,0.04550436653003531,151.76733944897228,160.926979323096,-0.20133304516380612,-0.11984826175785368
unrestricted,4,HAL|IMO|VLO|EQNR,0.7597501936178709,0.4790264204849576,0.011294187868597365,0.01129736084314719,0.24891549641880834,0.2662486426094317,-0.06963466091906056,151.76733944897228,185.83073959668033,-0.20133304516380612,-0.17562305278847024
unrestricted,4,SU|VLO|DVN|FANG,0.7450124876821029,0.47817858236734667,0.01129838384068765,0.011306549830577987,0.24891549641880834,0.2532659228838834,-0.01747752360807353,151.76733944897228,189.6924251848862,-0.20133304516380612,-0.1526577978833924
unrestricted,4,IMO|EQNR|FANG|CVE,0.7755280248251155,0.4797964262084039,0.011299221215810756,0.011289008932849218,0.24891549641880834,0.2795240413368604,-0.122967614947332,151.76733944897228,173.34076388336973,-0.20133304516380612,-0.20330189129876886
unrestricted,4,SU|EQNR|FANG|CVE,0.7750640085099708,0.47947316754663327,0.011301546575783687,0.011292515928339898,0.24891549641880834,0.27922718426135357,-0.12177501312150074,151.76733944897228,174.66026886579235,-0.20133304516380612,-0.21763253670109917
unrestricted,4,IMO|VLO|CVE|E,0.7351267906543348,0.476444410614405,0.011304087606014958,0.011325321804346169,0.24891549641880834,0.24402172174139405,0.01966038574464779,151.76733944897228,198.7213365058766,-0.20133304516380612,-0.1501679301985417
unrestricted,4,HAL|IMO|EQNR|CVE,0.7684996405316876,0.47882326643376105,0.01130779832692886,0.011299563335761506,0.24891549641880834,0.27409129023640255,-0.10114193041334452,151.76733944897228,175.5298645034941,-0.20133304516380612,-0.21695432929974423
unrestricted,4,HAL|IMO|OKE|CVE,0.7314409316443624,0.4798407892397051,0.011308367507497303,0.011288527558479913,0.24891549641880834,0.24050510430828967,0.033788141885581546,151.76733944897228,156.3954687378879,-0.20133304516380612,-0.17013552330486958
unrestricted,4,SU|SLB|VLO|PSX,0.7257264573657277,0.47761696716533353,0.01130851015486378,0.011312632584589645,0.24891549641880834,0.2344952669685421,0.05793222863876557,151.76733944897228,186.6302939786601,-0.20133304516380612,-0.15656089924499828
unrestricted,4,HAL|SLB|CVE|E,0.7369014982598312,0.4781900910905915,0.011309130984704457,0.01130642514743359,0.24891549641880834,0.24600536099746997,0.01169125853234132,151.76733944897228,180.89590018777554,-0.20133304516380612,-0.20166485230085585
unrestricted,4,IMO|VLO|PSX|EQNR,0.7566901267959264,0.4771172153852,0.011311647949125196,0.011318042558132124,0.24891549641880834,0.26425818892219344,-0.06163815722252397,151.76733944897228,188.4018030579216,-0.20133304516380612,-0.15423701820907232
unrestricted,4,OXY|VLO|OKE|DVN,0.7460954303167269,0.4794125974300185,0.011312353676567848,0.011293172925316227,0.24891549641880834,0.25484723866515324,-0.02383034536493689,151.76733944897228,158.8245474688665,-0.20133304516380612,-0.13112204648290604
unrestricted,4,SLB|IMO|PSX|DVN,0.7322359713388906,0.47828719960701416,0.011313709713558367,0.01130537303895492,0.24891549641880834,0.24157397875648895,0.029494016113673527,151.76733944897228,175.44041140363083,-0.20133304516380612,-0.15042009984576354
unrestricted,4,SU|OXY|DVN|CVE,0.7607420537976944,0.47857560040309066,0.011315052277403263,0.011302247823988506,0.24891549641880834,0.2678597351022218,-0.0761071084603715,151.76733944897228,170.2532617693229,-0.20133304516380612,-0.21658164355627463
unrestricted,4,HAL|OXY|SLB|OKE,0.7343668915165732,0.4789912125104119,0.011315183891250344,0.01129774258080976,0.24891549641880834,0.24378390899022975,0.020615781268774502,151.76733944897228,141.2945379186775,-0.20133304516380612,-0.16310996727340088
unrestricted,4,OXY|IMO|VLO|EQNR,0.7673786427158066,0.4767463394355739,0.011323136733647638,0.0113220557383716,0.24891549641880834,0.27369622799703236,-0.09955479644597798,151.76733944897228,182.37489288962396,-0.20133304516380612,-0.16233827124907219
unrestricted,4,OXY|IMO|VLO|FANG,0.7484050900342928,0.4769539773399739,0.011323586814423286,0.011319809102207569,0.24891549641880834,0.2574039807567266,-0.034101871759868674,151.76733944897228,179.96206674266483,-0.20133304516380612,-0.14094370387975996
unrestricted,4,VLO|PSX|OKE|DVN,0.7400076322141045,0.4781658463909848,0.011324040392389446,0.011306687807927976,0.24891549641880834,0.24966250924483777,-0.003001069988718408,151.76733944897228,163.22769724406712,-0.20133304516380612,-0.13399593185650294
unrestricted,4,OXY|SLB|PSX|DVN,0.7495264747148105,0.47741976575043943,0.011326604789434907,0.011314767662215975,0.24891549641880834,0.2585309235979345,-0.03862928309994773,151.76733944897228,171.50777454937938,-0.20133304516380612,-0.1534983448521673
unrestricted,4,HAL|OKE|DVN|CVE,0.7477457563943619,0.4780270156077693,0.011328255011477594,0.011308191745456424,0.24891549641880834,0.2569970717147613,-0.03246714412008922,151.76733944897228,155.45439831084343,-0.20133304516380612,-0.16400641780902214
unrestricted,4,HAL|SLB|VLO|E,0.7276014175623033,0.47569267080549116,0.011328883080548559,0.011333449538579897,0.24891549641880834,0.2375466488229091,0.04567352277967773,151.76733944897228,187.0432768627689,-0.20133304516380612,-0.14791157696725554
unrestricted,4,SLB|PSX|FANG|CVE,0.7467274146868992,0.47569314565422316,0.01132894283426165,0.011333444406403537,0.24891549641880834,0.25610315560983854,-0.02887590083558611,151.76733944897228,186.99257340228493,-0.20133304516380612,-0.14174988465139138
unrestricted,4,SLB|IMO|CVE|E,0.723544658665981,0.47649408206437593,0.011332405466999295,0.011324784556239113,0.24891549641880834,0.23339611389218948,0.06234799660888524,151.76733944897228,176.24444749611803,-0.20133304516380612,-0.19581205264863488
unrestricted,4,HAL|SU|VLO|PSX,0.7359231105022613,0.4743836020785668,0.011340511678612568,0.011347589160929624,0.24891549641880834,0.24647548269047884,0.009802578639877435,151.76733944897228,189.0116396386813,-0.20133304516380612,-0.16264535121457224
unrestricted,4,HAL|IMO|VLO|OKE,0.7260201358660839,0.4762719010701767,0.011342747319063857,0.011327187475568596,0.24891549641880834,0.2365902337255978,0.049515851244845366,151.76733944897228,166.4300336908029,-0.20133304516380612,-0.14162187978980056
unrestricted,4,VLO|OKE|FANG|CVE,0.7425192356075339,0.4755662132657823,0.011344361415592329,0.011334816211957704,0.24891549641880834,0.2528848909560528,-0.015946755402346913,151.76733944897228,174.22699025174649,-0.20133304516380612,-0.12523734413736465
unrestricted,4,HAL|SLB|IMO|E,0.7223470908364372,0.4756949394910045,0.011346431173324211,0.011333425018552076,0.24891549641880834,0.23284290663112706,0.06457046676048894,151.76733944897228,170.09138893179113,-0.20133304516380612,-0.1974986498992527
unrestricted,4,VLO|OKE|DVN|FANG,0.7397515743361396,0.4760785823349466,0.011347444994442752,0.011329277830780768,0.24891549641880834,0.2504354191844269,-0.006106179757732866,151.76733944897228,161.62179657781624,-0.20133304516380612,-0.1177633724643834
unrestricted,4,SU|IMO|VLO|FANG,0.7351705649759824,0.4738226415889232,0.011349889211272045,0.011353642864453428,0.24891549641880834,0.24616977605849152,0.011030732918681174,151.76733944897228,186.46748752408377,-0.20133304516380612,-0.15465470753115185
unrestricted,4,SLB|IMO|VLO|OKE,0.715903878003688,0.47551333276818863,0.011352257571871298,0.011335387662184289,0.24891549641880834,0.2258687164101421,0.09258877145153421,151.76733944897228,164.24985843231732,-0.20133304516380612,-0.135082449829933
unrestricted,4,VLO|EQNR|CVE|E,0.7574547268114614,0.47074720727970953,0.011357794783317802,0.011386774762835731,0.24891549641880834,0.2666262683218075,-0.07115174490060783,151.76733944897228,203.76584719481926,-0.20133304516380612,-0.16056477956746695
unrestricted,4,OXY|IMO|VLO|PSX,0.7439801895274145,0.47376036194363036,0.01135852108795996,0.01135431476710827,0.24891549641880834,0.25481417557315067,-0.02369751678464249,151.76733944897228,179.6692306100261,-0.20133304516380612,-0.13832517856571547
unrestricted,4,SU|OXY|VLO|DVN,0.7482387051434614,0.47282435001820233,0.011361089272147445,0.011364408127247606,0.24891549641880834,0.25874791189713275,-0.03950101789476812,151.76733944897228,186.15561135065695,-0.20133304516380612,-0.15843612438860877
unrestricted,4,HAL|IMO|DVN|FANG,0.7448070521217123,0.47397409918668376,0.011368157050976147,0.011352008701363069,0.24891549641880834,0.25595771810959794,-0.0282916161995026,151.76733944897228,165.5656796589482,-0.20133304516380612,-0.19696826443910154
unrestricted,4,OXY|PSX|DVN|CVE,0.7721742512158998,0.47141065944306115,0.011371125667713065,0.011379635500203369,0.24891549641880834,0.27920328933259136,-0.12167901697378802,151.76733944897228,190.181370428002,-0.20133304516380612,-0.15161841301100043
unrestricted,4,SLB|OKE|DVN|FANG,0.7278791175084683,0.4733628446814039,0.011376880840268312,0.01135860243734797,0.24891549641880834,0.24021115747802407,0.03496905201168721,151.76733944897228,142.6185909126454,-0.20133304516380612,-0.1508645569937288
unrestricted,4,OXY|SLB|IMO|VLO,0.7325170567639543,0.4716383192946023,0.011384559689475684,0.011377184670289099,0.24891549641880834,0.2451706506004219,0.015044647168473646,151.76733944897228,176.6544914670449,-0.20133304516380612,-0.15270148130792027
unrestricted,4,HAL|OXY|IMO|DVN,0.7498586296572324,0.4723857410185114,0.011386806897845218,0.011369134725803635,0.24891549641880834,0.26117656085583846,-0.04925793939482381,151.76733944897228,162.84795903718233,-0.20133304516380612,-0.2038720658637544
unrestricted,4,SU|SLB|IMO|DVN,0.7252367511874538,0.4714729756090955,0.011393591240358016,0.01137896469954366,0.24891549641880834,0.23833803364516287,0.04249419150605449,151.76733944897228,168.01698851055102,-0.20133304516380612,-0.20599947907970217
unrestricted,4,HAL|PSX|FANG|CVE,0.7580090185094353,0.469035501008629,0.011396450761177467,0.011405173418639574,0.24891549641880834,0.2684976130158747,-0.07866973683357514,151.76733944897228,190.42056665778742,-0.20133304516380612,-0.14471920986498
unrestricted,4,SU|IMO|OKE|CVE,0.7216883134136035,0.4712298674560603,0.011401234587779046,0.011381581406853825,0.24891549641880834,0.23503259235794155,0.055773562757653106,151.76733944897228,157.826269294336,-0.20133304516380612,-0.17031771461293788
unrestricted,4,PSX|DVN|FANG|CVE,0.7653303631838878,0.4677788699541424,0.011405087113114094,0.011418661726447446,0.24891549641880834,0.27483209836281475,-0.10411807347020652,151.76733944897228,193.933048814547,-0.20133304516380612,-0.13735239301790692
unrestricted,4,HAL|OKE|DVN|FANG,0.740079155384624,0.4703626336993887,0.01140935233057755,0.011390911025879363,0.24891549641880834,0.25335990884985593,-0.017855105427304174,151.76733944897228,142.81926178144113,-0.20133304516380612,-0.15432907393970285
unrestricted,4,HAL|VLO|OKE|FANG,0.7335302462818124,0.47027733892316326,0.011409360491187449,0.011391828206345656,0.24891549641880834,0.2472618357309609,0.006643462185516591,151.76733944897228,163.22091328297273,-0.20133304516380612,-0.12180109503460013
unrestricted,4,OKE|DVN|FANG|CVE,0.748364304223606,0.47033914553645184,0.011411605518491554,0.011391163603043424,0.24891549641880834,0.2608298045936046,-0.04786487119608673,151.76733944897228,153.80522199803275,-0.20133304516380612,-0.15038524654099117
unrestricted,4,VLO|PSX|EQNR|DVN,0.7829286990067602,0.46762446572233096,0.011414868914017775,0.011420317957041674,0.24891549641880834,0.2889888736351051,-0.1609918940075632,151.76733944897228,188.00162331195082,-0.20133304516380612,-0.1576907593536735
unrestricted,4,HAL|OXY|PSX|DVN,0.7606491321551198,0.4683555384177428,0.011421496130875557,0.011412473916171414,0.24891549641880834,0.2715763662933493,-0.09103840540491426,151.76733944897228,175.03399517712316,-0.20133304516380612,-0.15761665647114598
unrestricted,4,OXY|IMO|FANG|CVE,0.7545963175922974,0.4689807884010958,0.011421762663467123,0.011405761019791918,0.24891549641880834,0.26654877589011516,-0.07084042466218432,151.76733944897228,166.00152434972907,-0.20133304516380612,-0.19312641241869832
unrestricted,4,SU|IMO|CVE|E,0.7259055697939966,0.4676820701577816,0.011422340343491698,0.011419700086081458,0.24891549641880834,0.2404222793239951,0.03412088526832069,151.76733944897228,181.29760098597166,-0.20133304516380612,-0.20159890828559068
unrestricted,4,HAL|SU|VLO|DVN,0.7383953660302738,0.46633067461971167,0.011425899056725941,0.01143418649415528,0.24891549641880834,0.25251262646176587,-0.014451209726634495,151.76733944897228,190.19237775662862,-0.20133304516380612,-0.16936955294146405
unrestricted,4,SLB|IMO|VLO|FANG,0.7255881138436262,0.4673598717645825,0.01142728514633083,0.011423155589097385,0.24891549641880834,0.24034261453810013,0.034440932782602074,151.76733944897228,179.94837048233202,-0.20133304516380612,-0.14494526670145902
unrestricted,4,SU|OXY|IMO|VLO,0.737839419229744,0.4668730825515599,0.011428629372514631,0.011428374308741863,0.24891549641880834,0.25211817668070874,-0.012866536266234574,151.76733944897228,183.40853073627832,-0.20133304516380612,-0.16026841127399316
unrestricted,4,SU|IMO|FANG|CVE,0.734442238247845,0.46809263918778,0.011428972404237457,0.01141529531279609,0.24891549641880834,0.24898541879380923,-0.0002809080832928412,151.76733944897228,169.4652362015562,-0.20133304516380612,-0.19928405987640263
unrestricted,4,IMO|VLO|PSX|OKE,0.7182685540450743,0.46818055250444823,0.011429610089686007,0.011414351917370627,0.24891549641880834,0.23288582030380814,0.06439806418492222,151.76733944897228,167.20046708085266,-0.20133304516380612,-0.12685301866272558
unrestricted,4,IMO|EQNR|CVE|E,0.7510370050638014,0.4664072604026155,0.011432745922880948,0.011433366016471378,0.24891549641880834,0.2639366315905546,-0.060346323904529875,151.76733944897228,184.1634415419109,-0.20133304516380612,-0.20297401161439643
unrestricted,4,SU|EQNR|DVN|CVE,0.7767524832532161,0.4670617257621984,0.011433426984805404,0.011426352204908454,0.24891549641880834,0.2848110599916535,-0.1442078299233316,151.76733944897228,177.10760930069378,-0.20133304516380612,-0.22414472221131787
unrestricted,4,SLB|IMO|OKE|CVE,0.7157258498711548,0.4676208900211094,0.011440615373754227,0.011420356309270198,0.24891549641880834,0.23072964060010565,0.07306036016377382,151.76733944897228,155.50949269016266,-0.20133304516380612,-0.16528329174140732
unrestricted,4,HAL|SLB|EQNR|CVE,0.776699646691628,0.4658872610068804,0.011442089736092361,0.011438935709621971,0.24891549641880834,0.28504276634878206,-0.14513869345116404,151.76733944897228,180.89223143031822,-0.20133304516380612,-0.22364037634316036
unrestricted,4,IMO|EQNR|DVN|CVE,0.7777559183917088,0.4660729642347796,0.011445576840194718,0.011436946960988502,0.24891549641880834,0.28596759166924696,-0.14885411227309553,151.76733944897228,175.52868568430392,-0.20133304516380612,-0.20771500153542144
unrestricted,4,IMO|VLO|PSX|DVN,0.7391398335160503,0.4651142388793299,0.011446335083017524,0.011447210510640642,0.24891549641880834,0.2540378784920095,-0.020578799419472826,151.76733944897228,184.41947340463096,-0.20133304516380612,-0.13759117978922775
unrestricted,4,IMO|VLO|DVN|FANG,0.740719649172188,0.4646191786674466,0.011451827693796348,0.011452506732938404,0.24891549641880834,0.2556800637897779,-0.027176160055491172,151.76733944897228,184.2716180118692,-0.20133304516380612,-0.14066674756364383
unrestricted,4,SU|OXY|EQNR|CVE,0.7759206571850803,0.4654903487195794,0.011453931020272388,0.011443185197253592,0.24891549641880834,0.2848127867819016,-0.144214767178235,151.76733944897228,173.20390708906,-0.20133304516380612,-0.2246822319088405
unrestricted,4,SU|IMO|VLO|EQNR,0.7481771938501294,0.4625477595472419,0.011466164788657838,0.011474640547229511,0.24891549641880834,0.2627505256983208,-0.05558122928688447,151.76733944897228,190.46216790229172,-0.20133304516380612,-0.1772841794699217
unrestricted,4,VLO|PSX|OKE|CVE,0.7358381405058365,0.463711741568128,0.011467161786470462,0.011462208266103013,0.24891549641880834,0.2519085745421719,-0.012024474837547316,151.76733944897228,179.29195508974345,-0.20133304516380612,-0.12603168008690957
unrestricted,4,HAL|OXY|EQNR|FANG,0.7936130561117335,0.46475891706706496,0.011468507851841541,0.011451012040433094,0.24891549641880834,0.29858154605253184,-0.19952976149849166,151.76733944897228,163.53173175883978,-0.20133304516380612,-0.21778738067559378
unrestricted,4,VLO|OKE|DVN|CVE,0.7406587446437782,0.46386311812341674,0.01146963644124434,0.011460590449532883,0.24891549641880834,0.2563438050887462,-0.029842692708209384,151.76733944897228,175.1546826628623,-0.20133304516380612,-0.12914849956267405
unrestricted,4,SLB|PSX|DVN|FANG,0.7389626792843916,0.4626558920686422,0.011482722907450166,0.011473486170954667,0.24891549641880834,0.2553652027838949,-0.02591122874180063,151.76733944897228,174.98734131650835,-0.20133304516380612,-0.13334372021117702
unrestricted,4,SU|IMO|PSX|CVE,0.7271638764535653,0.4611945163716753,0.011483997904098306,0.011489077380600553,0.24891549641880834,0.24454167870481422,0.017571496258453223,151.76733944897228,187.93220153891917,-0.20133304516380612,-0.1609397379952997
unrestricted,4,HAL|PSX|DVN|FANG,0.7527734764291759,0.4615733342178888,0.011490827683507605,0.01148503785897676,0.24891549641880834,0.2675335059025653,-0.07479650625058532,151.76733944897228,178.55732170335307,-0.20133304516380612,-0.13422332644447577
unrestricted,4,OXY|SLB|VLO|FANG,0.7426563580175486,0.4613739560318305,0.011493625032543333,0.011487164104031864,0.24891549641880834,0.25904672542650947,-0.04070147963248938,151.76733944897228,177.90516964352972,-0.20133304516380612,-0.13375706377034324
unrestricted,4,SU|VLO|FANG|CVE,0.737853530726431,0.45946763721342054,0.011494170430505924,0.01150747397940477,0.24891549641880834,0.25484224034452496,-0.023810264973397555,151.76733944897228,194.04048788653776,-0.20133304516380612,-0.15480354405226493
unrestricted,4,OXY|SLB|FANG|CVE,0.7554073269254706,0.46132649163424755,0.011502702399450943,0.011487670224483292,0.24891549641880834,0.2701300648297721,-0.0852279939022742,151.76733944897228,167.7906341673313,-0.20133304516380612,-0.20235958784595576
unrestricted,4,HAL|VLO|OKE|CVE,0.7341409960441703,0.4601741924385665,0.011509016319145058,0.011499950540328737,0.24891549641880834,0.2521215076680925,-0.012879918267081125,151.76733944897228,175.25309790605726,-0.20133304516380612,-0.13682351590664343
unrestricted,4,IMO|VLO|OKE|CVE,0.7237751406780579,0.4600613850502243,0.011511220206205229,0.011501152049780784,0.24891549641880834,0.24253152156523233,0.025647157149407684,151.76733944897228,174.1538860104959,-0.20133304516380612,-0.1387289650089184
unrestricted,4,OXY|SLB|IMO|DVN,0.7312449454668166,0.4603962750758126,0.011516469695013564,0.01149758477526794,0.24891549641880834,0.24979892575741336,-0.003549113459447417,151.76733944897228,160.7155233239825,-0.20133304516380612,-0.19685934736359134
unrestricted,4,OXY|VLO|PSX|EQNR,0.7787598848068489,0.45858559799688026,0.011517167216742464,0.011516859084445132,0.24891549641880834,0.2889437286762886,-0.16081052740136137,151.76733944897228,183.63400192835752,-0.20133304516380612,-0.16966938716208047
unrestricted,4,HAL|OXY|IMO|VLO,0.7396332616285107,0.4586836724551774,0.011520128837670406,0.0115158159270525,0.24891549641880834,0.2574541878330954,-0.03430357505713699,151.76733944897228,180.05737819890274,-0.20133304516380612,-0.15714591211072215
unrestricted,4,HAL|IMO|VLO|FANG,0.7339718156758754,0.4582952097186572,0.011520747069847605,0.011519947211164613,0.24891549641880834,0.25245807199178416,-0.014232041090022518,151.76733944897228,183.2211838723588,-0.20133304516380612,-0.15120525827858766
unrestricted,4,HAL|IMO|FANG|CVE,0.738736623302092,0.45915370700969516,0.01152543966135353,0.011510815147786796,0.24891549641880834,0.2568805428435195,-0.031998997809721486,151.76733944897228,168.4624011837658,-0.20133304516380612,-0.19869184045165522
unrestricted,4,HAL|VLO|EQNR|FANG,0.7738663276584006,0.4574782966424876,0.011525576796693762,0.011528630215624353,0.24891549641880834,0.2854807994843526,-0.14689845988544636,151.76733944897228,186.45452305281418,-0.20133304516380612,-0.16406062024801116
unrestricted,4,SLB|PSX|DVN|CVE,0.7433223427385927,0.4570429007154758,0.011526843595833539,0.011533255387226105,0.24891549641880834,0.26090521025823016,-0.04816780799877862,151.76733944897228,189.09839681782864,-0.20133304516380612,-0.14273752636126547
unrestricted,4,HAL|OXY|IMO|CVE,0.7457163480170564,0.45885314159722823,0.011530010746897443,0.011514013165788872,0.24891549641880834,0.26306169447958944,-0.056831327355287176,151.76733944897228,166.39508253204022,-0.20133304516380612,-0.2065752638064119
unrestricted,4,OXY|VLO|PSX|FANG,0.7575308256428332,0.4570816407275712,0.011536177624072198,0.011532843930755746,0.24891549641880834,0.27302063468218474,-0.09684064917685453,151.76733944897228,181.01305526714327,-0.20133304516380612,-0.1496238261184636
unrestricted,4,HAL|SLB|OKE|CVE,0.724155460114759,0.45757831567704177,0.011547830456731278,0.011527567460340012,0.24891549641880834,0.24457464343869134,0.017439062824812557,151.76733944897228,156.48168547498577,-0.20133304516380612,-0.1647124814000156
unrestricted,4,SU|SLB|VLO|CVE,0.7196042782386838,0.454475428620581,0.011548557825390745,0.011560491782424766,0.24891549641880834,0.24022974251246518,0.0348943879802851,151.76733944897228,193.25089761456664,-0.20133304516380612,-0.16848992676141217
unrestricted,4,SU|IMO|VLO|DVN,0.7300243982829978,0.45430798965141683,0.01155676263892267,0.011562265788969206,0.24891549641880834,0.2504020971879693,-0.005972311047520051,151.76733944897228,188.49204930430403,-0.20133304516380612,-0.16046122753557313
unrestricted,4,OXY|IMO|EQNR|CVE,0.7744755396918083,0.45553443053862686,0.011560801736669606,0.011549265404293121,0.24891549641880834,0.287039999144726,-0.15316243172651633,151.76733944897228,172.6038743254413,-0.20133304516380612,-0.21172570630597254
unrestricted,4,SU|OXY|VLO|CVE,0.7424519791284212,0.45361137744603586,0.011561098261125143,0.011569643436486188,0.24891549641880834,0.26146982687071746,-0.050436114394364795,151.76733944897228,190.8200666199197,-0.20133304516380612,-0.1627016319662702
unrestricted,4,SU|OXY|IMO|CVE,0.7376810468696702,0.4554400097895298,0.01156524128548523,0.011550266792698818,0.24891549641880834,0.2575369589494079,-0.034636102029155014,151.76733944897228,168.08812471300038,-0.20133304516380612,-0.2091004466643056
unrestricted,4,HAL|VLO|OKE|DVN,0.7301382388359697,0.4555731667452443,0.011566564948307786,0.01154885455858173,0.24891549641880834,0.2509194504224629,-0.008050740241109189,151.76733944897228,163.50949615307184,-0.20133304516380612,-0.12565907141235533
unrestricted,4,HAL|IMO|PSX|CVE,0.7312209458437492,0.45372425904993974,0.0115680329900605,0.011568448254783741,0.24891549641880834,0.2519551384617902,-0.012211542016120847,151.76733944897228,184.40634051156542,-0.20133304516380612,-0.1556700429404534
unrestricted,4,HAL|EQNR|DVN|FANG,0.790414220755977,0.45526179811679157,0.011568089009214183,0.01155215659733362,0.24891549641880834,0.29908408968491157,-0.20154869418693377,151.76733944897228,166.63454233548794,-0.20133304516380612,-0.2172049349043207
unrestricted,4,HAL|SU|SLB|VLO,0.7198606701232954,0.4529837823397914,0.011570157158481947,0.011576286114832794,0.24891549641880834,0.24149838576670773,0.029797705481626857,151.76733944897228,189.0187799080245,-0.20133304516380612,-0.1712693912547747
unrestricted,4,OXY|IMO|VLO|DVN,0.7424856367420586,0.453317857654585,0.011575871111783253,0.011572750623604706,0.24891549641880834,0.2620579825608106,-0.05279898733138566,151.76733944897228,181.3281298049542,-0.20133304516380612,-0.14544485980654953
unrestricted,4,IMO|DVN|FANG|CVE,0.7462300606492487,0.45420289158848315,0.011577244780759098,0.011563379158059143,0.24891549641880834,0.2652447257392816,-0.0656014975178516,151.76733944897228,169.69284327677562,-0.20133304516380612,-0.18806626373488156
unrestricted,4,HAL|SLB|OKE|FANG,0.718376687169153,0.4544271833716498,0.011580062618336046,0.01156100296606548,0.24891549641880834,0.24052870416059638,0.03369333118618256,151.76733944897228,143.43020047630012,-0.20133304516380612,-0.1545947701650323
unrestricted,4,SLB|IMO|DVN|FANG,0.723501811845023,0.45374570844674655,0.011586025963756245,0.011568221136266245,0.24891549641880834,0.24567471196682478,0.01301961709338828,151.76733944897228,163.4027844015745,-0.20133304516380612,-0.19157751032003012
unrestricted,4,HAL|EQNR|FANG|CVE,0.7897940866687393,0.45201289832505553,0.011593795271247757,0.011586554776114274,0.24891549641880834,0.29936522992612247,-0.20267815476795725,151.76733944897228,177.42404640688093,-0.20133304516380612,-0.21986621239320014
unrestricted,4,HAL|SLB|IMO|OKE,0.707480932530685,0.4531311821697468,0.011595590581626455,0.011574726327834106,0.24891549641880834,0.2302940783365551,0.07481020004846184,151.76733944897228,151.1295243133051,-0.20133304516380612,-0.1669979224774495
unrestricted,4,HAL|PSX|DVN|CVE,0.754925853532124,0.44955749643402254,0.011600293948988916,0.011612484082266882,0.24891549641880834,0.27313664523722053,-0.09730671318936013,151.76733944897228,193.60504200422258,-0.20133304516380612,-0.14627636272367817
unrestricted,4,HAL|OXY|SLB|PSX,0.7399975106472734,0.45149213505481,0.011603671553702921,0.011592058937886823,0.24891549641880834,0.2610092368034353,-0.048585727118727995,151.76733944897228,172.64606404594753,-0.20133304516380612,-0.15270614379081582
unrestricted,4,SU|IMO|DVN|CVE,0.7327934718013828,0.4499762408795448,0.011620328285637095,0.011608066192718022,0.24891549641880834,0.25548058899659676,-0.02637478450414532,151.76733944897228,171.9068674749654,-0.20133304516380612,-0.20562073374008993
unrestricted,4,OXY|SLB|VLO|CVE,0.7443536649702439,0.44722526510982397,0.011627519402933032,0.011637059193946888,0.24891549641880834,0.26553317088722556,-0.06676030503322883,151.76733944897228,191.77247539518913,-0.20133304516380612,-0.1492733534154731
unrestricted,4,HAL|VLO|PSX|EQNR,0.7644580458940156,0.44750333127589836,0.011628685919969848,0.011634131889863071,0.24891549641880834,0.2815360231320852,-0.13105060626033405,151.76733944897228,188.67522931206497,-0.20133304516380612,-0.16323031818780454
unrestricted,4,SU|SLB|IMO|VLO,0.709548590143296,0.4470168689894283,0.01163825090189874,0.011639252573375645,0.24891549641880834,0.23465198303917145,0.05730263316205131,151.76733944897228,185.1166158629859,-0.20133304516380612,-0.16553188651205497
unrestricted,4,HAL|OXY|SLB|IMO,0.7269954463191832,0.44868082250813135,0.011640452744947174,0.011621727837678387,0.24891549641880834,0.2512013681243815,-0.00918332421428314,151.76733944897228,161.68302054716978,-0.20133304516380612,-0.20138505655456596
unrestricted,4,HAL|SLB|PSX|OKE,0.7117526101552409,0.44785678260851136,0.01165044775396874,0.011630409915119346,0.24891549641880834,0.23744607165605816,0.046077584271621674,151.76733944897228,158.1189643590902,-0.20133304516380612,-0.12242574185718713
unrestricted,4,HAL|OXY|EQNR|CVE,0.7927876188268526,0.4464705361611585,0.01165452457200154,0.011645000792071841,0.24891549641880834,0.3032222391108224,-0.21817341014655534,151.76733944897228,175.19744515368185,-0.20133304516380612,-0.22605455502155747
unrestricted,4,HAL|OXY|VLO|EQNR,0.7741776437613761,0.44521854552028883,0.011658913938908666,0.011658162871247664,0.24891549641880834,0.28981634383424776,-0.16431619567237554,151.76733944897228,183.68616215101747,-0.20133304516380612,-0.16996839838944777
unrestricted,4,SLB|IMO|VLO|DVN,0.719026824539034,0.4454079557019529,0.011659777479315752,0.011656172571069882,0.24891549641880834,0.24480485152448267,0.016514218493690613,151.76733944897228,181.13852756484516,-0.20133304516380612,-0.1480363300941654
unrestricted,4,HAL|OXY|EQNR|DVN,0.7927290916328235,0.44608774939428375,0.011666728648515286,0.01164902657761629,0.24891549641880834,0.30351874623487024,-0.21936460606771613,151.76733944897228,163.92821178863332,-0.20133304516380612,-0.2267771666326499
unrestricted,4,HAL|SU|IMO|VLO,0.7206345395247369,0.44376879885445997,0.011669393774543856,0.011673385402037582,0.24891549641880834,0.2467065806109803,0.008874159462179287,151.76733944897228,187.65710190280797,-0.20133304516380612,-0.17190013990528563
unrestricted,4,HAL|SLB|VLO|EQNR,0.7548684128103209,0.4431805236766003,0.01167506999418135,0.011679556710052578,0.24891549641880834,0.2756271804629895,-0.10731225829041158,151.76733944897228,188.0683318247248,-0.20133304516380612,-0.17224960873005501
unrestricted,4,OXY|SLB|IMO|CVE,0.7252111125446178,0.44508868606311625,0.011677103771881645,0.011659527223019033,0.24891549641880834,0.2511463208505429,-0.008962175773826075,151.76733944897228,164.20732865497894,-0.20133304516380612,-0.1993196685677161
unrestricted,4,HAL|OXY|FANG|CVE,0.7736043262797335,0.4432087238783301,0.011691992916628691,0.01167926094990082,0.24891549641880834,0.2903901166241127,-0.16662128634820705,151.76733944897228,171.5457471754966,-0.20133304516380612,-0.21150149775630034
unrestricted,4,OXY|IMO|DVN|CVE,0.7508991030861352,0.4433368063965015,0.01169321471515273,0.011677917542366023,0.24891549641880834,0.27312447061308437,-0.09725780251762095,151.76733944897228,168.04594643025976,-0.20133304516380612,-0.1974684953878859
unrestricted,4,HAL|SU|SLB|CVE,0.7171312506697722,0.44266845743171834,0.011694626204490837,0.011684925893987074,0.24891549641880834,0.2446090808138099,0.017300713161517156,151.76733944897228,175.1256215072441,-0.20133304516380612,-0.22110164209412064
unrestricted,4,HAL|SLB|IMO|FANG,0.7186008241371233,0.44225767975779484,0.011706679555656801,0.01168923125103468,0.24891549641880834,0.24648409637912191,0.009767973768879057,151.76733944897228,164.56099717108424,-0.20133304516380612,-0.19503225726589513
unrestricted,4,SU|VLO|EQNR|CVE,0.753407930537046,0.4385423123077149,0.011709254333561188,0.011728100188705813,0.24891549641880834,0.2756330945198255,-0.10733601758591971,151.76733944897228,198.5707684307777,-0.20133304516380612,-0.18253044548329422
unrestricted,4,HAL|VLO|EQNR|DVN,0.7726335236026182,0.4397715281174569,0.011710459372027512,0.011715254817024902,0.24891549641880834,0.29022969181242847,-0.1659767912725998,151.76733944897228,188.4238720542007,-0.20133304516380612,-0.16864258079834782
unrestricted,4,SU|IMO|EQNR|CVE,0.750027157197852,0.44002455773707794,0.01171799848185682,0.011712608895400971,0.24891549641880834,0.27328431510204765,-0.09789996618867791,151.76733944897228,179.6320260565575,-0.20133304516380612,-0.2192432482635296
unrestricted,4,SU|IMO|VLO|PSX,0.7141381843530058,0.4384807330542272,0.011722366328629408,0.011728743325195783,0.24891549641880834,0.24309007400415644,0.023403213132421552,151.76733944897228,189.69457171022913,-0.20133304516380612,-0.1534172233585932
unrestricted,4,SU|VLO|DVN|CVE,0.7338183658976346,0.43727783658463193,0.011723420394081687,0.01174129936467744,0.24891549641880834,0.2603750602586985,-0.046037968727383305,151.76733944897228,197.96944071867037,-0.20133304516380612,-0.1613706099317166
unrestricted,4,HAL|EQNR|DVN|CVE,0.7915516981769681,0.4386547444672808,0.011731749049542845,0.011726925851190551,0.24891549641880834,0.30447921622178126,-0.22322322475851464,151.76733944897228,180.216038176461,-0.20133304516380612,-0.22491989220374842
unrestricted,4,IMO|VLO|FANG|CVE,0.7313281627231776,0.43720012698698485,0.011733334193673737,0.011742110049071008,0.24891549641880834,0.25867027998129427,-0.039189137288878184,151.76733944897228,191.54937239032935,-0.20133304516380612,-0.14437716030457193
unrestricted,4,OXY|VLO|EQNR|FANG,0.7776437199184042,0.4370898072369729,0.011744404593923466,0.011743260833953254,0.24891549641880834,0.294899219622453,-0.18473628144981213,151.76733944897228,183.60596941924717,-0.20133304516380612,-0.15103337640285253
unrestricted,4,HAL|IMO|DVN|CVE,0.7347739687056349,0.43730994539069046,0.011754380755860527,0.01174096438188601,0.24891549641880834,0.2623318180379132,-0.05389910155103994,151.76733944897228,170.86511611820518,-0.20133304516380612,-0.20351217569279656
unrestricted,4,HAL|SLB|OKE|DVN,0.7147486659788771,0.4377491272927513,0.011755564008615825,0.011736381551985751,0.24891549641880834,0.2451315846863545,0.015201591652161728,151.76733944897228,142.93983044267887,-0.20133304516380612,-0.15551462048967946
unrestricted,4,SLB|VLO|FANG|CVE,0.7331509852098788,0.4338649512543805,0.011760973399195145,0.01177685077550127,0.24891549641880834,0.2612416391075531,-0.04951938656324417,151.76733944897228,196.7314704808121,-0.20133304516380612,-0.14054770767068836
unrestricted,4,SLB|IMO|FANG|CVE,0.7149503153267346,0.4364092281366737,0.011766858296769524,0.011750357706361734,0.24891549641880834,0.24580969770589928,0.012477321651696016,151.76733944897228,166.4264224755254,-0.20133304516380612,-0.19245435743832784
unrestricted,4,HAL|SLB|PSX|FANG,0.7278607695740545,0.435471766531239,0.011768812466036208,0.011760126259033728,0.24891549641880834,0.2571297696240887,-0.0330002483712768,151.76733944897228,176.4512597099951,-0.20133304516380612,-0.1403747290469508
unrestricted,4,SU|VLO|PSX|CVE,0.7243569920518228,0.4325221535137135,0.011768944399672913,0.011790809072743238,0.24891549641880834,0.2541584156099246,-0.0210630485708887,151.76733944897228,200.77785766036743,-0.20133304516380612,-0.15541809525464478
unrestricted,4,VLO|EQNR|DVN|FANG,0.776740680100336,0.4337666849140728,0.01177417342546441,0.011777872808861561,0.24891549641880834,0.2951149057130305,-0.18560278471570202,151.76733944897228,187.7522682197469,-0.20133304516380612,-0.14788025597361532
unrestricted,4,HAL|IMO|VLO|DVN,0.7269139559687361,0.4340578882354992,0.01177448086467258,0.011774843848300347,0.24891549641880834,0.25655290891222415,-0.030682752192196183,151.76733944897228,184.99779187412392,-0.20133304516380612,-0.1559255906980045
unrestricted,4,OXY|SLB|VLO|PSX,0.7295055362038578,0.4342596056067184,0.01178048149678041,0.011772745221796159,0.24891549641880834,0.2589594398482949,-0.04035081613636171,151.76733944897228,177.48191725981422,-0.20133304516380612,-0.13482669335813324
unrestricted,4,OXY|SLB|DVN|CVE,0.7497732444203342,0.43482956581741394,0.011781224743936938,0.01176681344878077,0.24891549641880834,0.27522367859821234,-0.10569121873850573,151.76733944897228,169.61284243571095,-0.20133304516380612,-0.20654749424120267
unrestricted,4,VLO|PSX|DVN|FANG,0.7475681786773352,0.43227767684468354,0.011790901616817926,0.011793348614462087,0.24891549641880834,0.273840739178035,-0.10013535966153397,151.76733944897228,186.7883455010175,-0.20133304516380612,-0.14160600276885227
unrestricted,4,SLB|IMO|PSX|CVE,0.7113230351679231,0.432561271981726,0.011792382959111591,0.01179040267244107,0.24891549641880834,0.24364968057692982,0.021155034208953483,151.76733944897228,183.01423370721352,-0.20133304516380612,-0.1518486735648017
unrestricted,4,HAL|SU|IMO|CVE,0.7161404062755675,0.4332674609642321,0.011795332163981983,0.01178306369096517,0.24891549641880834,0.24810022089822262,0.003275310425888467,151.76733944897228,172.4498749461402,-0.20133304516380612,-0.21498172884441835
unrestricted,4,HAL|SU|VLO|CVE,0.7233939312841882,0.4305588335177809,0.011797281285163259,0.01181118796814045,0.24891549641880834,0.25447107126520435,-0.022319120048068797,151.76733944897228,195.48002273343053,-0.20133304516380612,-0.17489706660576754
unrestricted,4,OXY|SLB|VLO|DVN,0.7346239664264139,0.4315358477226775,0.011807342254579831,0.011801051141775713,0.24891549641880834,0.2641658373693517,-0.0612671415398105,151.76733944897228,179.02233510621508,-0.20133304516380612,-0.13366187295703724
unrestricted,4,HAL|SU|SLB|IMO,0.7049976759490955,0.43045763607243737,0.011826385965705136,0.011812237425942533,0.24891549641880834,0.2393721304306287,0.03833978247831793,151.76733944897228,170.12207608880126,-0.20133304516380612,-0.21187596852575918
unrestricted,4,HAL|SLB|IMO|PSX,0.7094280310887584,0.4293417015525408,0.011831376202412286,0.011823803934213516,0.24891549641880834,0.24366665509155902,0.021086840324388567,151.76733944897228,177.80517638460543,-0.20133304516380612,-0.15481386225201332
unrestricted,4,HAL|VLO|PSX|OKE,0.712720100499884,0.42885673702149363,0.01184595059407618,0.011828826999505094,0.24891549641880834,0.2472399946026159,0.006731207338627754,151.76733944897228,165.66780540281084,-0.20133304516380612,-0.12138371863286224
unrestricted,4,OXY|VLO|PSX|DVN,0.7533887297787333,0.4271514129326369,0.01184891639363563,0.011846473140107592,0.24891549641880834,0.2802049576516606,-0.12570314698369245,151.76733944897228,182.77232596650833,-0.20133304516380612,-0.16047314302188553
unrestricted,4,SLB|VLO|DVN|FANG,0.7267611345380547,0.4262216764529706,0.011858143573596063,0.01185608268887787,0.24891549641880834,0.2596534382388865,-0.04313890446584012,151.76733944897228,183.1433357503456,-0.20133304516380612,-0.1242642000772618
unrestricted,4,SLB|VLO|PSX|FANG,0.719783745409074,0.425672683043139,0.011865287559878744,0.011861753306607603,0.24891549641880834,0.25412613690157615,-0.02093337119518157,151.76733944897228,181.8282028989365,-0.20133304516380612,-0.12538145081056717
unrestricted,4,SLB|VLO|PSX|OKE,0.6973049332722214,0.42708484352075116,0.011865774244574962,0.011847161445759622,0.24891549641880834,0.23397169732325548,0.060035631813012635,151.76733944897228,162.92316849548007,-0.20133304516380612,-0.11310575594973205
unrestricted,4,VLO|PSX|EQNR|CVE,0.7680494720053757,0.4207705217818404,0.011882288743896855,0.011912268641475847,0.24891549641880834,0.29202691735753034,-0.17319701488647232,151.76733944897228,206.34812913745333,-0.20133304516380612,-0.16213755804499475
unrestricted,4,IMO|VLO|EQNR|CVE,0.7503215380420745,0.4210948106959056,0.011889780793842425,0.011908933557844815,0.24891549641880834,0.2792183527038041,-0.12173953297793161,151.76733944897228,199.40637908541453,-0.20133304516380612,-0.17187245766872838
unrestricted,4,OXY|VLO|PSX|CVE,0.7535078890802905,0.4206472171834371,0.011894572420777594,0.011913536497648617,0.24891549641880834,0.28175599794751854,-0.1319343391680805,151.76733944897228,199.29615050587256,-0.20133304516380612,-0.14459376867591833
unrestricted,4,OXY|IMO|VLO|CVE,0.733574083928502,0.4214083233843883,0.011900119367880017,0.011905708411934722,0.24891549641880834,0.2666784280189296,-0.07136129271049718,151.76733944897228,189.6488224872888,-0.20133304516380612,-0.15092137566488717
unrestricted,4,HAL|IMO|VLO|PSX,0.7148339939272456,0.421549433587762,0.011904569081279208,0.011904256507726007,0.24891549641880834,0.2515161973061518,-0.010448127676903285,151.76733944897228,184.8201841931674,-0.20133304516380612,-0.1497802283841202
unrestricted,4,VLO|PSX|FANG|CVE,0.7455149063142634,0.4188772430451353,0.01190602841119126,0.011931721074713467,0.24891549641880834,0.2761200045434766,-0.1092921433822498,151.76733944897228,203.7443532737825,-0.20133304516380612,-0.12726676000470882
unrestricted,4,HAL|VLO|EQNR|CVE,0.7661876184289755,0.4180032879189849,0.011919829766587493,0.011940689808951679,0.24891549641880834,0.2918021103307118,-0.17229386891905407,151.76733944897228,200.6519546205889,-0.20133304516380612,-0.18071732020920495
unrestricted,4,OXY|SLB|DVN|FANG,0.737319299802872,0.4210255385553683,0.011930961553301898,0.011909646051580462,0.24891549641880834,0.2706856145404745,-0.08745987467585081,151.76733944897228,154.4142014100274,-0.20133304516380612,-0.19485941199157952
unrestricted,4,VLO|EQNR|FANG|CVE,0.7715344465613377,0.4156674370097889,0.011944749262165716,0.011964627866244774,0.24891549641880834,0.2963430564777806,-0.19053679156710213,151.76733944897228,200.0859875950129,-0.20133304516380612,-0.161819228165467
unrestricted,4,HAL|OXY|VLO|PSX,0.7399889744588221,0.4156162024962957,0.011969226090331325,0.011965152386432596,0.24891549641880834,0.2740328531428878,-0.10090716361756225,151.76733944897228,181.64375924448873,-0.20133304516380612,-0.14106257521752008
unrestricted,4,HAL|OXY|DVN|CVE,0.7700181321039772,0.4156322648904137,0.011976084023685368,0.011964987947997803,0.24891549641880834,0.29617663355529145,-0.18986819951524714,151.76733944897228,174.41264483480865,-0.20133304516380612,-0.21759955523717378
unrestricted,4,OXY|VLO|EQNR|DVN,0.776498473628154,0.41388118126321416,0.01198297203509445,0.011982901344855097,0.24891549641880834,0.30091284056145096,-0.20889556853927416,151.76733944897228,185.270482928509,-0.20133304516380612,-0.16796914281384978
unrestricted,4,IMO|VLO|DVN|CVE,0.7278852338767988,0.4122678587496017,0.01198694529282699,0.011999381791224093,0.24891549641880834,0.2653071174450324,-0.06585215168221037,151.76733944897228,195.06740056129158,-0.20133304516380612,-0.15175162337148262
unrestricted,4,SLB|DVN|FANG|CVE,0.736413773099598,0.41458068680802385,0.01198809123839126,0.011975748692464103,0.24891549641880834,0.27194867649299925,-0.09253413469861616,151.76733944897228,172.9655469776261,-0.20133304516380612,-0.19760151173012075
unrestricted,4,HAL|OXY|SLB|CVE,0.7433707303080035,0.414640595297054,0.011988814057086466,0.011975135911719725,0.24891549641880834,0.27723171568546784,-0.11375836247260618,151.76733944897228,171.27712065895065,-0.20133304516380612,-0.2126923458061335
unrestricted,4,HAL|OXY|DVN|FANG,0.7619578546504946,0.41531603498506553,0.011989306771358793,0.011968224929638826,0.24891549641880834,0.29083885585805597,-0.16842406375820906,151.76733944897228,156.45906572926745,-0.20133304516380612,-0.2050433057927975
unrestricted,4,HAL|SLB|IMO|DVN,0.7103965705881935,0.41432538768818894,0.011996090409773258,0.011978359696896673,0.24891549641880834,0.25148679394921614,-0.01033000181749033,151.76733944897228,165.162255363317,-0.20133304516380612,-0.1999299006834666
unrestricted,4,HAL|VLO|PSX|FANG,0.7316799162056957,0.4118313835337529,0.012003287732113897,0.012003836593305634,0.24891549641880834,0.26883871486473704,-0.0800400888356394,151.76733944897228,185.86333617336533,-0.20133304516380612,-0.12360102297706832
unrestricted,4,HAL|OXY|VLO|FANG,0.7439070111500633,0.4117429728196116,0.01200780928117362,0.012004738739270033,0.24891549641880834,0.2782519046107288,-0.11785689767808183,151.76733944897228,182.68857251962635,-0.20133304516380612,-0.13664900702735006
unrestricted,4,SLB|VLO|DVN|CVE,0.728920852109727,0.40953459118077806,0.01200801094191007,0.01202725118590167,0.24891549641880834,0.2668674733566184,-0.07212076867888251,151.76733944897228,199.87898452355282,-0.20133304516380612,-0.14562156184244401
unrestricted,4,SLB|IMO|DVN|CVE,0.7092295154998074,0.4111781830407578,0.01202666222894802,0.01201050027443817,0.24891549641880834,0.25174626156738356,-0.011372394203261527,151.76733944897228,167.88437221855824,-0.20133304516380612,-0.197876526763762
unrestricted,4,HAL|SLB|VLO|OKE,0.6958585434159,0.4110476456306028,0.012030685973904384,0.012011831519877355,0.24891549641880834,0.24041560744963492,0.03414768904091081,151.76733944897228,163.1196507843194,-0.20133304516380612,-0.12363238029451695
unrestricted,4,HAL|DVN|FANG|CVE,0.7606299720455287,0.4096007021125213,0.012034767400968859,0.012026577856839405,0.24891549641880834,0.291246678481655,-0.17006246164611238,151.76733944897228,177.78490334508876,-0.20133304516380612,-0.20783682945870952
unrestricted,4,HAL|OXY|SLB|FANG,0.7346485018175215,0.41080773902322554,0.01203561279715962,0.01201427774861182,0.24891549641880834,0.2722216200881134,-0.0936306658469015,151.76733944897228,155.5784466544772,-0.20133304516380612,-0.20045720197659267
unrestricted,4,HAL|SLB|PSX|DVN,0.7225790608373064,0.40862749005557353,0.012044723815526964,0.012036486058975083,0.24891549641880834,0.2632283484889596,-0.0575008477819694,151.76733944897228,177.76486817465923,-0.20133304516380612,-0.13750532201870902
unrestricted,4,HAL|SLB|PSX|CVE,0.7222911287612916,0.40268691740683216,0.012085712387246783,0.01209679064228153,0.24891549641880834,0.2644863473280304,-0.06255476711270558,151.76733944897228,194.40776652845736,-0.20133304516380612,-0.14975495541298078
unrestricted,4,SU|SLB|IMO|CVE,0.6898744729581568,0.40492736568745225,0.012088035507192474,0.012074082537728258,0.24891549641880834,0.23768543259842537,0.04511596900133541,151.76733944897228,171.23562240990512,-0.20133304516380612,-0.20968299099847287
unrestricted,4,OXY|VLO|DVN|FANG,0.7501182848749898,0.4029927015413687,0.012095170386441688,0.012093693874190459,0.24891549641880834,0.28555855423655246,-0.14721083397753199,151.76733944897228,184.38975571830173,-0.20133304516380612,-0.1344864990693102
unrestricted,4,OXY|VLO|EQNR|CVE,0.7719017854558337,0.3990636698670301,0.01211739039713414,0.012133424195381826,0.24891549641880834,0.30149853726636555,-0.21124856268122638,151.76733944897228,198.0584406106169,-0.20133304516380612,-0.16873721935250618
unrestricted,4,OXY|VLO|FANG|CVE,0.7520634769857776,0.39830492431367626,0.012122558709140682,0.012141081643503,0.24891549641880834,0.2877886770323905,-0.15617019097990115,151.76733944897228,199.79288990295962,-0.20133304516380612,-0.13604878596626802
unrestricted,4,VLO|EQNR|DVN|CVE,0.7717969773779862,0.39613826660354245,0.012138818263836447,0.012162921551018694,0.24891549641880834,0.30202406845483193,-0.21335984621329773,151.76733944897228,203.5685692994604,-0.20133304516380612,-0.1669598584639761
unrestricted,4,VLO|PSX|DVN|CVE,0.74450311046218,0.3951055745878219,0.0121425668781423,0.012173317297072972,0.24891549641880834,0.2829878916078383,-0.13688338283166623,151.76733944897228,207.812258277948,-0.20133304516380612,-0.13672954865591314
unrestricted,4,SLB|VLO|PSX|DVN,0.715262656415094,0.3978607213172256,0.01214842821742209,0.012145562409644206,0.24891549641880834,0.2612898743038187,-0.04971316797484593,151.76733944897228,183.30563178526592,-0.20133304516380612,-0.1213713621307494
unrestricted,4,OXY|EQNR|DVN|FANG,0.7908350285518578,0.3977798241891597,0.012166319605838688,0.012146378257533308,0.24891549641880834,0.3155620898114907,-0.2677478676560472,151.76733944897228,161.25889331788014,-0.20133304516380612,-0.2256847873649953
unrestricted,4,SLB|IMO|VLO|PSX,0.6902108120659692,0.3958759515210091,0.012169610680432883,0.012165563026030538,0.24891549641880834,0.24165259059396385,0.02917819874349814,151.76733944897228,182.279316706749,-0.20133304516380612,-0.1421894360820214
unrestricted,4,HAL|OXY|VLO|CVE,0.7446116531518219,0.3935121913648896,0.012174993749627187,0.012189339930140937,0.24891549641880834,0.28407766585078037,-0.14126147201703576,151.76733944897228,197.06649884205046,-0.20133304516380612,-0.15540786838160647
unrestricted,4,OXY|EQNR|FANG|CVE,0.7887453957721552,0.39512948903038403,0.012183796485588172,0.012173076659233995,0.24891549641880834,0.31463155294634443,-0.26400950311653837,151.76733944897228,175.48757339961588,-0.20133304516380612,-0.21525697422088164
unrestricted,4,OXY|DVN|FANG|CVE,0.7753598673472755,0.39307625082891706,0.012205239410625415,0.012193719962815344,0.24891549641880834,0.3062670250611761,-0.2304056174384257,151.76733944897228,174.63094190067977,-0.20133304516380612,-0.20116540452138243
unrestricted,4,HAL|SLB|FANG|CVE,0.7279668508984386,0.3916914935311737,0.012218874334204974,0.01220762263370281,0.24891549641880834,0.2733930544642511,-0.0983368187099869,151.76733944897228,174.98559759856315,-0.20133304516380612,-0.20310188522860861
unrestricted,4,IMO|VLO|PSX|CVE,0.7105560534352473,0.3875221823203048,0.012230900247401895,0.012249386362998198,0.24891549641880834,0.26066239308933487,-0.047192307588443505,151.76733944897228,200.1459621163996,-0.20133304516380612,-0.14540702839388042
unrestricted,4,HAL|VLO|FANG|CVE,0.7355242005612218,0.3865152796327296,0.012238377636000592,0.012259451115273268,0.24891549641880834,0.2795438511435021,-0.12304719941244868,151.76733944897228,201.92464687561605,-0.20133304516380612,-0.1472330637357795
unrestricted,4,SLB|IMO|VLO|CVE,0.693842112771803,0.3871309124630252,0.012247791303803613,0.012253298382593194,0.24891549641880834,0.24801583757351006,0.0036143143285244372,151.76733944897228,190.69382233737144,-0.20133304516380612,-0.15641940792099363
unrestricted,4,HAL|IMO|VLO|CVE,0.7084992464247098,0.38538164171668265,0.012262480912748197,0.01227077280248725,0.24891549641880834,0.26023442777850314,-0.045472987911730156,151.76733944897228,192.90357823375456,-0.20133304516380612,-0.16319932358364386
unrestricted,4,EQNR|DVN|FANG|CVE,0.7868950516061449,0.38519407033315034,0.01227974048887103,0.012272645078364845,0.24891549641880834,0.31589482448446266,-0.2690846051342639,151.76733944897228,179.6552100623701,-0.20133304516380612,-0.21255539583918837
unrestricted,4,SU|IMO|VLO|CVE,0.6990338740525055,0.3828992760244331,0.012280380734330137,0.01229552788049272,0.24891549641880834,0.2535035428470149,-0.01843214462022491,151.76733944897228,197.99305086320012,-0.20133304516380612,-0.16531303126722052
unrestricted,4,HAL|OXY|SLB|VLO,0.718574426986541,0.38450042513446536,0.012285709609098711,0.012279566336887999,0.24891549641880834,0.26869782054414165,-0.07947405609512126,151.76733944897228,180.6229460477547,-0.20133304516380612,-0.14321548503600767
unrestricted,4,HAL|VLO|PSX|DVN,0.7275888979874215,0.38310566261405155,0.012291234471196283,0.01229347161627309,0.24891549641880834,0.2755115328268287,-0.10684765227823223,151.76733944897228,188.18116589153587,-0.20133304516380612,-0.13340146733982672
unrestricted,4,HAL|SLB|VLO|FANG,0.7106464590018152,0.38269230987766134,0.012299048348240426,0.012297589573662594,0.24891549641880834,0.2632080789403565,-0.05741941633678138,151.76733944897228,185.0337450295281,-0.20133304516380612,-0.13233354120176333
unrestricted,4,SLB|VLO|PSX|CVE,0.7100177151934052,0.37864903359039515,0.01231566635189863,0.012337797560519798,0.24891549641880834,0.2633276493149646,-0.05789978166689691,151.76733944897228,202.907422904994,-0.20133304516380612,-0.1410858664229072
unrestricted,4,HAL|VLO|DVN|FANG,0.7300571536306217,0.37939535049955597,0.012327856646723754,0.012330385748153996,0.24891549641880834,0.2784805939202355,-0.1187756404353506,151.76733944897228,188.53857778516908,-0.20133304516380612,-0.1328929237905211
unrestricted,4,HAL|SLB|IMO|VLO,0.68939421077066,0.3775136946996719,0.012351494827728814,0.012349064291637294,0.24891549641880834,0.24862635415163423,0.0011616081414538293,151.76733944897228,184.32457312390397,-0.20133304516380612,-0.1581185445675647
unrestricted,4,VLO|DVN|FANG|CVE,0.7422255701060616,0.3734712162556294,0.012359343319775387,0.012389097333624392,0.24891549641880834,0.28803755899300537,-0.15717005625223468,151.76733944897228,208.01001369065247,-0.20133304516380612,-0.13512331182568804
unrestricted,4,HAL|OXY|VLO|DVN,0.7357430281643053,0.3747881202122093,0.012378466052950645,0.012376070131986182,0.24891549641880834,0.2841012145607428,-0.14135607725576604,151.76733944897228,184.4389520244824,-0.20133304516380612,-0.14106567486117638
unrestricted,4,OXY|EQNR|DVN|CVE,0.7895752523945405,0.3709192641028636,0.012423474911694996,0.012414303082491758,0.24891549641880834,0.32128701883750843,-0.29074735586945,151.76733944897228,177.93400973983626,-0.20133304516380612,-0.22013801287473644
unrestricted,4,HAL|VLO|PSX|CVE,0.7233230439383744,0.365544991500357,0.012441061745361099,0.012467218357888237,0.24891549641880834,0.27732074798449446,-0.11411604329323621,151.76733944897228,206.01132082939014,-0.20133304516380612,-0.14747252286203805
unrestricted,4,OXY|VLO|DVN|CVE,0.7472412091910006,0.36473254181449943,0.012452194155748615,0.012475198235826915,0.24891549641880834,0.29421934035798925,-0.1820049156881569,151.76733944897228,203.98010488127701,-0.20133304516380612,-0.1421764516851025
unrestricted,4,HAL|OXY|SLB|DVN,0.7252449986209369,0.3678172818656311,0.012466993765892817,0.012444872761754332,0.24891549641880834,0.2795074699694587,-0.12290104067758945,151.76733944897228,155.59091353703926,-0.20133304516380612,-0.20720239927030737
unrestricted,4,HAL|SLB|DVN|CVE,0.7250852427088453,0.3628815856872116,0.01250286189848054,0.012493359286646877,0.24891549641880834,0.280529573055548,-0.1270072658857202,151.76733944897228,177.82128382879202,-0.20133304516380612,-0.2085319584992248
unrestricted,4,HAL|VLO|DVN|CVE,0.7308466513215897,0.35539190942136545,0.012539858003462039,0.012566577878181119,0.24891549641880834,0.28565971787058375,-0.14761725155894712,151.76733944897228,206.74307579636525,-0.20133304516380612,-0.15343337627940257
unrestricted,4,HAL|SLB|DVN|FANG,0.7124414651129661,0.35233954028129166,0.012617846154646496,0.012596295573280234,0.24891549641880834,0.2753717629835513,-0.10628613704399292,151.76733944897228,159.1663219853828,-0.20133304516380612,-0.195133228260301
unrestricted,4,HAL|SLB|VLO|DVN,0.7040940441833836,0.347420837763311,0.012644294374854368,0.012644036823655483,0.24891549641880834,0.27037256809642957,-0.08620223323307696,151.76733944897228,187.16190040879053,-0.20133304516380612,-0.13699478057285663
unrestricted,4,HAL|SLB|IMO|CVE,0.6826205111165865,0.3467569463930349,0.0126647096612005,0.012650466796874841,0.24891549641880834,0.25553976305473824,-0.02661251200200243,151.76733944897228,172.71982822429482,-0.20133304516380612,-0.20540025749694502
unrestricted,4,HAL|SLB|VLO|CVE,0.7002253622714504,0.3277192165867937,0.012807985077915246,0.012833481819539494,0.24891549641880834,0.27308818624512576,-0.09711203269420432,151.76733944897228,206.93362244347412,-0.20133304516380612,-0.15831360580259535
unrestricted,4,HAL|SLB|VLO|PSX,0.658423357046739,0.24604530607262365,0.01359187456003219,0.013590698424057178,0.24891549641880834,0.2709236961168468,-0.08841635018580352,151.76733944897228,189.32250901891848,-0.20133304516380612,-0.13210595840319062
